timestamp,open,high,low,close,volume,turnover
2025-06-12 03:00:00,0.6937,0.6945,0.6884,0.6903,16065277.0,11110746.7471
2025-06-12 04:00:00,0.6903,0.6909,0.6867,0.6903,12764201.0,8792355.7233
2025-06-12 05:00:00,0.6903,0.6942,0.6875,0.6925,12840251.0,8882418.9569
2025-06-12 06:00:00,0.6925,0.6938,0.6887,0.6922,15336965.0,10605794.7191
2025-06-12 07:00:00,0.6922,0.693,0.6853,0.6868,35934393.0,24742054.3927
2025-06-12 08:00:00,0.6868,0.6886,0.682,0.6854,44947969.0,30822430.9674
2025-06-12 09:00:00,0.6854,0.6871,0.6834,0.6857,22962719.0,15744207.0289
2025-06-12 10:00:00,0.6857,0.6857,0.679,0.6817,31527757.0,21499943.0169
2025-06-12 11:00:00,0.6817,0.6825,0.6752,0.6768,48966480.0,33211752.5592
2025-06-12 12:00:00,0.6768,0.6845,0.6757,0.6824,45034834.0,30664368.1992
2025-06-12 13:00:00,0.6824,0.6856,0.681,0.6833,34783027.0,23774386.2277
2025-06-12 14:00:00,0.6833,0.6894,0.6833,0.6886,41075793.0,28227904.2086
2025-06-12 15:00:00,0.6886,0.6897,0.6759,0.6769,52375489.0,35713217.632
2025-06-12 16:00:00,0.6769,0.6846,0.6758,0.6825,48694943.0,33158779.2836
2025-06-12 17:00:00,0.6825,0.688,0.6815,0.6862,36967844.0,25353641.3014
2025-06-12 18:00:00,0.6862,0.6872,0.6756,0.6789,29288311.0,19907621.4173
2025-06-12 19:00:00,0.6789,0.6812,0.6659,0.6681,37693160.0,25406153.6838
2025-06-12 20:00:00,0.6681,0.6707,0.6566,0.661,64078707.0,42643282.8697
2025-06-12 21:00:00,0.661,0.6651,0.6581,0.6583,27858415.0,18434620.0556
2025-06-12 22:00:00,0.6583,0.6616,0.6564,0.66,32581392.0,21472953.6089
2025-06-12 23:00:00,0.66,0.6655,0.659,0.661,17336668.0,11481843.3509
2025-06-13 00:00:00,0.661,0.6612,0.6227,0.633,114531641.0,73161776.0029
2025-06-13 01:00:00,0.633,0.6332,0.6177,0.6258,49912643.0,31192475.1371
2025-06-13 02:00:00,0.6258,0.6259,0.6168,0.623,22473927.0,13971006.1958
2025-06-13 03:00:00,0.623,0.6363,0.6222,0.6339,16575645.0,10421296.5485
2025-06-13 04:00:00,0.6339,0.634,0.6269,0.6311,15487269.0,9762209.0004
2025-06-13 05:00:00,0.6311,0.6334,0.6285,0.6312,13296693.0,8394858.8817
2025-06-13 06:00:00,0.6312,0.6348,0.6245,0.6348,21049975.0,13225124.7306
2025-06-13 07:00:00,0.6348,0.6365,0.6299,0.6351,18670497.0,11831386.9586
2025-06-13 08:00:00,0.6351,0.6418,0.6329,0.6349,26766466.0,17063585.8323
2025-06-13 09:00:00,0.6349,0.6356,0.6297,0.6329,25291902.0,15983903.6941
2025-06-13 10:00:00,0.6329,0.6379,0.63,0.6379,31457964.0,19929232.1809
2025-06-13 11:00:00,0.6379,0.6412,0.6347,0.6411,34131768.0,21773117.7592
2025-06-13 12:00:00,0.6411,0.6432,0.6367,0.6376,43143576.0,27623734.4489
2025-06-13 13:00:00,0.6376,0.6421,0.635,0.6359,50841063.0,32494729.0875
2025-06-13 14:00:00,0.6359,0.6388,0.6276,0.6337,49269162.0,31127216.2802
2025-06-13 15:00:00,0.6337,0.6408,0.6311,0.638,51763131.0,32987703.2673
2025-06-13 16:00:00,0.638,0.6447,0.6359,0.6409,35153780.0,22493401.6921
2025-06-13 17:00:00,0.6409,0.6409,0.6318,0.6373,31324025.0,19918778.3272
2025-06-13 18:00:00,0.6373,0.6382,0.6278,0.632,36207164.0,22881690.9058
2025-06-13 19:00:00,0.632,0.6343,0.629,0.632,17816272.0,11254699.2206
2025-06-13 20:00:00,0.632,0.6388,0.6305,0.6375,22687893.0,14388737.9134
2025-06-13 21:00:00,0.6375,0.6389,0.6342,0.6383,17881196.0,11387355.9548
2025-06-13 22:00:00,0.6383,0.6413,0.6363,0.6388,20836187.0,13299850.9696
2025-06-13 23:00:00,0.6388,0.6424,0.6382,0.6418,14569759.0,9333181.7197
2025-06-14 00:00:00,0.6418,0.6426,0.6365,0.6371,18540822.0,11858215.7759
2025-06-14 01:00:00,0.6371,0.6384,0.6345,0.6361,9847386.0,6266700.4594
2025-06-14 02:00:00,0.6361,0.6385,0.6332,0.6348,5381613.0,3422897.6075
2025-06-14 03:00:00,0.6348,0.6378,0.6339,0.636,4244236.0,2699151.3874
2025-06-14 04:00:00,0.636,0.6386,0.6355,0.6381,3738290.0,2383371.0496
2025-06-14 05:00:00,0.6381,0.6386,0.6357,0.638,5885221.0,3751430.2636
2025-06-14 06:00:00,0.638,0.6384,0.6342,0.6356,23391252.0,14869356.073
2025-06-14 07:00:00,0.6356,0.6375,0.632,0.6361,12541945.0,7962497.875
2025-06-14 08:00:00,0.6361,0.6366,0.6332,0.6363,12073889.0,7666582.3985
2025-06-14 09:00:00,0.6363,0.6365,0.6317,0.6322,25141500.0,15948143.306
2025-06-14 10:00:00,0.6322,0.6362,0.6312,0.6356,17575721.0,11146012.5414
2025-06-14 11:00:00,0.6356,0.6375,0.634,0.6357,12424144.0,7900748.3927
2025-06-14 12:00:00,0.6357,0.6363,0.632,0.6352,19799108.0,12552576.6339
2025-06-14 13:00:00,0.6352,0.637,0.6326,0.6337,22376456.0,14212014.4941
2025-06-14 14:00:00,0.6337,0.6347,0.6305,0.6311,17379438.0,10997372.9703
2025-06-14 15:00:00,0.6311,0.6324,0.6258,0.6281,16916563.0,10642957.5655
2025-06-14 16:00:00,0.6281,0.6298,0.614,0.6178,32019998.0,19926746.9236
2025-06-14 17:00:00,0.6178,0.6242,0.6164,0.6215,31040199.0,19279010.721
2025-06-14 18:00:00,0.6215,0.6249,0.615,0.6203,31293984.0,19379260.4479
2025-06-14 19:00:00,0.6203,0.6235,0.6184,0.6185,39186114.0,24342365.7964
2025-06-14 20:00:00,0.6185,0.6189,0.6127,0.6183,37588189.0,23156392.6223
2025-06-14 21:00:00,0.6183,0.6264,0.6172,0.6247,22329187.0,13887183.0807
2025-06-14 22:00:00,0.6247,0.6269,0.6205,0.6218,17819395.0,11106392.9731
2025-06-14 23:00:00,0.6218,0.6256,0.6216,0.6241,11520590.0,7181468.4089
2025-06-15 00:00:00,0.6241,0.6266,0.6233,0.6258,17754240.0,11100330.8214
2025-06-15 01:00:00,0.6258,0.6267,0.6232,0.6241,12596388.0,7867388.2705
2025-06-15 02:00:00,0.6241,0.6278,0.624,0.6264,14935825.0,9360912.5703
2025-06-15 03:00:00,0.6264,0.6296,0.6257,0.6274,14163382.0,8890678.1025
2025-06-15 04:00:00,0.6274,0.6313,0.6269,0.6312,12140856.0,7646777.7625
2025-06-15 05:00:00,0.6312,0.6339,0.6287,0.6337,10350603.0,6542338.9892
2025-06-15 06:00:00,0.6337,0.6346,0.6291,0.6296,11504254.0,7270613.7605
2025-06-15 07:00:00,0.6296,0.6299,0.6269,0.6274,8882282.0,5580734.778
2025-06-15 08:00:00,0.6274,0.6279,0.625,0.6262,17204149.0,10766775.7351
2025-06-15 09:00:00,0.6262,0.6263,0.621,0.6217,24519855.0,15280672.6379
2025-06-15 10:00:00,0.6217,0.6271,0.6216,0.6269,15794722.0,9870969.3366
2025-06-15 11:00:00,0.6269,0.6284,0.6233,0.6257,15938867.0,9974411.3189
2025-06-15 12:00:00,0.6257,0.6293,0.6252,0.629,24744283.0,15524224.8801
2025-06-15 13:00:00,0.629,0.6323,0.628,0.6314,19867467.0,12511118.77
2025-06-15 14:00:00,0.6314,0.6356,0.6279,0.6344,19284987.0,12184342.3618
2025-06-15 15:00:00,0.6344,0.6352,0.6291,0.6301,27024029.0,17102320.6875
2025-06-15 16:00:00,0.6301,0.6319,0.6286,0.6302,15909726.0,10025826.4245
2025-06-15 17:00:00,0.6302,0.6318,0.6276,0.6298,18080393.0,11380367.4134
2025-06-15 18:00:00,0.6298,0.6308,0.6268,0.6301,11079219.0,6962913.5129
2025-06-15 19:00:00,0.6301,0.6323,0.6271,0.6293,11346954.0,7145464.5632
2025-06-15 20:00:00,0.6293,0.6294,0.6202,0.6228,18579469.0,11607967.3033
2025-06-15 21:00:00,0.6228,0.6265,0.6205,0.6264,14708510.0,9178395.1086
2025-06-15 22:00:00,0.6264,0.6336,0.626,0.6323,18216706.0,11496795.1042
2025-06-15 23:00:00,0.6323,0.6346,0.6313,0.633,9123301.0,5776160.094
2025-06-16 00:00:00,0.633,0.6342,0.63,0.6316,16320209.0,10311437.3125
2025-06-16 01:00:00,0.6316,0.6377,0.6243,0.637,33224577.0,20897694.403
2025-06-16 02:00:00,0.637,0.6407,0.636,0.6376,11871276.0,7581526.0648
2025-06-16 03:00:00,0.6376,0.6402,0.6359,0.6366,9570120.0,6107887.4159
2025-06-16 04:00:00,0.6366,0.6418,0.6361,0.6409,8333616.0,5323118.562
2025-06-16 05:00:00,0.6409,0.6456,0.6395,0.6439,21330836.0,13720124.4259
2025-06-16 06:00:00,0.6439,0.6452,0.6423,0.6425,9547917.0,6149072.7534
2025-06-16 07:00:00,0.6425,0.6502,0.6425,0.6487,32234964.0,20830717.8121
2025-06-16 08:00:00,0.6487,0.6494,0.6454,0.6466,11556306.0,7479379.6117
2025-06-16 09:00:00,0.6466,0.6473,0.6439,0.6443,28154923.0,18172125.4104
2025-06-16 10:00:00,0.6443,0.6462,0.6417,0.6426,10710156.0,6896731.3397
2025-06-16 11:00:00,0.6426,0.6474,0.6388,0.6456,27126985.0,17427931.5887
2025-06-16 12:00:00,0.6456,0.6491,0.6429,0.6438,18534853.0,11960908.6429
2025-06-16 13:00:00,0.6438,0.6491,0.6426,0.6489,17340510.0,11187693.3627
2025-06-16 14:00:00,0.6489,0.6535,0.646,0.65,46205994.0,30028841.0024
2025-06-16 15:00:00,0.65,0.6537,0.6472,0.6488,24254821.0,15784624.6445
2025-06-16 16:00:00,0.6488,0.6559,0.648,0.6548,22772646.0,14875388.8887
2025-06-16 17:00:00,0.6548,0.657,0.6508,0.6513,15192511.0,9935001.3632
2025-06-16 18:00:00,0.6513,0.6557,0.6509,0.6554,14038090.0,9171109.3401
2025-06-16 19:00:00,0.6554,0.6572,0.6529,0.6548,14474392.0,9484503.8734
2025-06-16 20:00:00,0.6548,0.6561,0.6512,0.6557,10732191.0,7018372.7094
2025-06-16 21:00:00,0.6557,0.6561,0.6518,0.6534,21242878.0,13889099.8274
2025-06-16 22:00:00,0.6534,0.6563,0.6343,0.64,40670506.0,26237629.2091
2025-06-16 23:00:00,0.64,0.6444,0.6279,0.6299,24109715.0,15361362.3826
2025-06-17 00:00:00,0.6299,0.6359,0.6185,0.6352,47214685.0,29595399.9086
2025-06-17 01:00:00,0.6352,0.6374,0.6309,0.6346,14667245.0,9299993.1289
2025-06-17 02:00:00,0.6346,0.6395,0.6294,0.639,9966818.0,6312765.5485
2025-06-17 03:00:00,0.639,0.6422,0.6362,0.6363,10586470.0,6763875.6496
2025-06-17 04:00:00,0.6363,0.6374,0.6326,0.634,10632195.0,6753459.9001
2025-06-17 05:00:00,0.634,0.6352,0.6314,0.6328,6086829.0,3855436.1896
2025-06-17 06:00:00,0.6328,0.6352,0.6303,0.6314,7035857.0,4452078.0515
2025-06-17 07:00:00,0.6314,0.6332,0.6297,0.6322,21647829.0,13670433.4446
2025-06-17 08:00:00,0.6322,0.6326,0.6236,0.6246,17268755.0,10849917.2745
2025-06-17 09:00:00,0.6246,0.6271,0.6228,0.6256,20594614.0,12863259.5761
2025-06-17 10:00:00,0.6256,0.6258,0.6203,0.6247,16398506.0,10219406.6818
2025-06-17 11:00:00,0.6247,0.6249,0.6202,0.6216,18333089.0,11396797.9967
2025-06-17 12:00:00,0.6216,0.6246,0.6207,0.6218,29337018.0,18268765.6711
2025-06-17 13:00:00,0.6218,0.6261,0.6209,0.6233,24892755.0,15513086.5563
2025-06-17 14:00:00,0.6233,0.6275,0.6189,0.62,33114442.0,20683576.4122
2025-06-17 15:00:00,0.62,0.62,0.6063,0.6114,48045408.0,29425326.2941
2025-06-17 16:00:00,0.6114,0.6123,0.6008,0.6015,34087849.0,20700482.8416
2025-06-17 17:00:00,0.6015,0.6083,0.5994,0.6039,33993913.0,20520498.1389
2025-06-17 18:00:00,0.6039,0.6139,0.6033,0.6137,26727832.0,16234813.0032
2025-06-17 19:00:00,0.6137,0.6219,0.6133,0.6173,41299207.0,25536272.8719
2025-06-17 20:00:00,0.6173,0.6192,0.6137,0.6142,20255505.0,12483732.8594
2025-06-17 21:00:00,0.6142,0.6151,0.6089,0.6101,25343645.0,15517914.6319
2025-06-17 22:00:00,0.6101,0.611,0.6049,0.6056,16256068.0,9889165.6845
2025-06-17 23:00:00,0.6056,0.6125,0.6056,0.6086,18326097.0,11177491.6205
2025-06-18 00:00:00,0.6086,0.6141,0.6082,0.6139,17360660.0,10613400.2372
2025-06-18 01:00:00,0.6139,0.6174,0.6107,0.6108,10876899.0,6675150.3681
2025-06-18 02:00:00,0.6108,0.6133,0.609,0.6092,10944841.0,6689662.4144
2025-06-18 03:00:00,0.6092,0.6143,0.6079,0.6133,15434340.0,9436098.6595
2025-06-18 04:00:00,0.6133,0.6204,0.6127,0.619,16883443.0,10410972.8198
2025-06-18 05:00:00,0.619,0.6214,0.6176,0.6179,16211020.0,10031348.4888
2025-06-18 06:00:00,0.6179,0.6185,0.6129,0.6136,14449276.0,8900793.0175
2025-06-18 07:00:00,0.6136,0.6153,0.6119,0.6152,10528729.0,6460332.0402
2025-06-18 08:00:00,0.6152,0.6174,0.6095,0.6117,20970645.0,12871736.9708
2025-06-18 09:00:00,0.6117,0.6141,0.6084,0.6097,21028462.0,12859056.7051
2025-06-18 10:00:00,0.6097,0.6102,0.5991,0.6008,25255467.0,15279274.7023
2025-06-18 11:00:00,0.6008,0.6072,0.5991,0.6066,26078752.0,15743520.9996
2025-06-18 12:00:00,0.6066,0.6075,0.6001,0.601,30238200.0,18267084.6903
2025-06-18 13:00:00,0.601,0.6012,0.5917,0.5994,57017996.0,33995376.8123
2025-06-18 14:00:00,0.5994,0.6062,0.5946,0.5956,62931772.0,37832538.3913
2025-06-18 15:00:00,0.5956,0.5993,0.5895,0.5945,67969893.0,40421689.3244
2025-06-18 16:00:00,0.5945,0.596,0.5895,0.5914,31580124.0,18719835.7176
2025-06-18 17:00:00,0.5914,0.5976,0.5879,0.5954,25904411.0,15313460.7342
2025-06-18 18:00:00,0.5954,0.6007,0.5888,0.589,43654142.0,25910260.4472
2025-06-18 19:00:00,0.589,0.5984,0.5878,0.5905,38449055.0,22787615.5975
2025-06-18 20:00:00,0.5905,0.6075,0.5892,0.6052,36452629.0,21829345.4664
2025-06-18 21:00:00,0.6052,0.6093,0.6017,0.6073,18998738.0,11494183.7964
2025-06-18 22:00:00,0.6073,0.6087,0.6041,0.605,16968228.0,10281511.6283
2025-06-18 23:00:00,0.605,0.6073,0.6013,0.6037,16783021.0,10125728.8895
2025-06-19 00:00:00,0.6037,0.6113,0.6025,0.6067,29620353.0,17954527.9237
2025-06-19 01:00:00,0.6067,0.6072,0.6009,0.6018,35838856.0,21601973.4306
2025-06-19 02:00:00,0.6018,0.6038,0.5983,0.5998,7415371.0,4455428.7653
2025-06-19 03:00:00,0.5998,0.603,0.5997,0.603,8656136.0,5207776.2805
2025-06-19 04:00:00,0.603,0.6053,0.5996,0.604,5135751.0,3091232.5467
2025-06-19 05:00:00,0.604,0.6074,0.6011,0.6014,6899666.0,4165257.1301
2025-06-19 06:00:00,0.6014,0.6029,0.5964,0.5976,13413802.0,8027680.6108
2025-06-19 07:00:00,0.5976,0.5994,0.597,0.5982,10834741.0,6482008.6512
2025-06-19 08:00:00,0.5982,0.601,0.5977,0.598,10801033.0,6475679.8996
2025-06-19 09:00:00,0.598,0.6036,0.5969,0.6015,16714420.0,10028500.5836
2025-06-19 10:00:00,0.6015,0.6024,0.5983,0.5994,10646693.0,6389131.4097
2025-06-19 11:00:00,0.5994,0.5994,0.5971,0.5983,11193821.0,6694924.9141
2025-06-19 12:00:00,0.5983,0.6008,0.5965,0.5985,40633295.0,24310942.2879
2025-06-19 13:00:00,0.5985,0.5998,0.594,0.5946,41558800.0,24815970.4344
2025-06-19 14:00:00,0.5946,0.5976,0.5914,0.5916,46137338.0,27413535.2882
2025-06-19 15:00:00,0.5916,0.5947,0.5904,0.5907,38629893.0,22873723.9259
2025-06-19 16:00:00,0.5907,0.5943,0.5894,0.5901,30623127.0,18129999.1336
2025-06-19 17:00:00,0.5901,0.6005,0.5899,0.5976,23083383.0,13750958.5581
2025-06-19 18:00:00,0.5976,0.6017,0.5963,0.6001,25470736.0,15260887.6132
2025-06-19 19:00:00,0.6001,0.6007,0.5978,0.5993,10560171.0,6326776.8198
2025-06-19 20:00:00,0.5993,0.6031,0.5978,0.5992,18404441.0,11048660.4433
2025-06-19 21:00:00,0.5992,0.6009,0.5973,0.5984,16338228.0,9782905.7982
2025-06-19 22:00:00,0.5984,0.6035,0.5984,0.6025,21509736.0,12937751.7055
2025-06-19 23:00:00,0.6025,0.603,0.6006,0.6018,4159736.0,2502528.6782
2025-06-20 00:00:00,0.6018,0.6039,0.6011,0.6025,15460080.0,9316375.5422
2025-06-20 01:00:00,0.6025,0.6029,0.5991,0.6026,11854458.0,7125087.3713
2025-06-20 02:00:00,0.6026,0.6033,0.599,0.6,11521224.0,6929876.486
2025-06-20 03:00:00,0.6,0.6003,0.5975,0.5979,13226395.0,7924737.6856
2025-06-20 04:00:00,0.5979,0.5979,0.59,0.5903,22748694.0,13495297.3859
2025-06-20 05:00:00,0.5903,0.5925,0.5863,0.5915,19590054.0,11547239.1322
2025-06-20 06:00:00,0.5915,0.5936,0.5905,0.5915,11428925.0,6765896.2068
2025-06-20 07:00:00,0.5915,0.6032,0.5896,0.6025,40786261.0,24425018.7144
2025-06-20 08:00:00,0.6025,0.6068,0.5998,0.6021,42211363.0,25463421.4488
2025-06-20 09:00:00,0.6021,0.6033,0.5997,0.6018,34880769.0,20975675.0217
2025-06-20 10:00:00,0.6018,0.6034,0.5991,0.6016,42324011.0,25453890.4503
2025-06-20 11:00:00,0.6016,0.6028,0.5987,0.6021,46850911.0,28147963.8352
2025-06-20 12:00:00,0.6021,0.6046,0.6001,0.6026,40072533.0,24132881.8924
2025-06-20 13:00:00,0.6026,0.6052,0.5982,0.5999,47738089.0,28736315.877
2025-06-20 14:00:00,0.5999,0.6014,0.5817,0.5828,63678905.0,37773305.9267
2025-06-20 15:00:00,0.5828,0.5876,0.5807,0.5829,46949022.0,27444098.8336
2025-06-20 16:00:00,0.5829,0.5841,0.5758,0.5773,47146083.0,27325870.2377
2025-06-20 17:00:00,0.5773,0.579,0.561,0.5754,68884693.0,39233703.1084
2025-06-20 18:00:00,0.5754,0.5802,0.574,0.5767,16199550.0,9347420.4825
2025-06-20 19:00:00,0.5767,0.5792,0.5731,0.5778,12314372.0,7096970.3355
2025-06-20 20:00:00,0.5778,0.5839,0.5775,0.5813,15694402.0,9125819.3024
2025-06-20 21:00:00,0.5813,0.5816,0.5767,0.5771,15138087.0,8768021.2744
2025-06-20 22:00:00,0.5771,0.5778,0.5708,0.5729,14408246.0,8264002.3958
2025-06-20 23:00:00,0.5729,0.5772,0.5726,0.5772,13390960.0,7702179.916
2025-06-21 00:00:00,0.5772,0.5817,0.5768,0.5796,12922442.0,7492185.2074
2025-06-21 01:00:00,0.5796,0.586,0.5794,0.5858,21572711.0,12569240.1835
2025-06-21 02:00:00,0.5858,0.5867,0.5832,0.5841,8917009.0,5209311.7281
2025-06-21 03:00:00,0.5841,0.5867,0.5837,0.5844,8504393.0,4974725.5681
2025-06-21 04:00:00,0.5844,0.5855,0.5835,0.584,5103815.0,2983196.604
2025-06-21 05:00:00,0.584,0.5861,0.5826,0.5854,13296435.0,7770234.9858
2025-06-21 06:00:00,0.5854,0.5879,0.5828,0.5831,22722718.0,13324470.0675
2025-06-21 07:00:00,0.5831,0.5834,0.581,0.5822,8188484.0,4767997.821
2025-06-21 08:00:00,0.5822,0.5853,0.5812,0.5851,8010550.0,4667975.5795
2025-06-21 09:00:00,0.5851,0.5862,0.5834,0.5844,18291267.0,10700331.1443
2025-06-21 10:00:00,0.5844,0.586,0.5827,0.5832,5996785.0,3504729.4053
2025-06-21 11:00:00,0.5832,0.5851,0.5826,0.5838,5690238.0,3322476.2664
2025-06-21 12:00:00,0.5838,0.5852,0.5803,0.5805,11934600.0,6944956.1357
2025-06-21 13:00:00,0.5805,0.5823,0.5755,0.576,24941334.0,14448099.6926
2025-06-21 14:00:00,0.576,0.5794,0.5748,0.576,35233909.0,20314996.1593
2025-06-21 15:00:00,0.576,0.577,0.5717,0.5755,22045012.0,12663347.6753
2025-06-21 16:00:00,0.5755,0.5783,0.5723,0.5745,17551524.0,10092784.3922
2025-06-21 17:00:00,0.5745,0.5768,0.5673,0.569,19643304.0,11221789.9966
2025-06-21 18:00:00,0.569,0.5741,0.5667,0.5675,18795204.0,10715095.0528
2025-06-21 19:00:00,0.5675,0.5688,0.5635,0.5642,25753974.0,14586262.6853
2025-06-21 20:00:00,0.5642,0.5695,0.5629,0.5683,14887065.0,8436016.764
2025-06-21 21:00:00,0.5683,0.569,0.5447,0.5512,66851935.0,37083538.78
2025-06-21 22:00:00,0.5512,0.5579,0.5493,0.5546,43891741.0,24339454.4655
2025-06-21 23:00:00,0.5546,0.557,0.544,0.5559,31775270.0,17482135.9059
2025-06-22 00:00:00,0.5559,0.5637,0.5501,0.5607,30238710.0,16853322.2221
2025-06-22 01:00:00,0.5607,0.5626,0.5525,0.5527,14853884.0,8312304.6865
2025-06-22 02:00:00,0.5527,0.5569,0.5447,0.5495,36475721.0,20016814.4006
2025-06-22 03:00:00,0.5495,0.5523,0.5448,0.5474,32530049.0,17802358.641
2025-06-22 04:00:00,0.5474,0.5547,0.5458,0.5521,17190769.0,9477213.6839
2025-06-22 05:00:00,0.5521,0.5558,0.5519,0.5555,8226084.0,4554585.0802
2025-06-22 06:00:00,0.5555,0.5578,0.553,0.5559,10675529.0,5933106.5032
2025-06-22 07:00:00,0.5559,0.5568,0.5484,0.5485,27182156.0,14972142.2151
2025-06-22 08:00:00,0.5485,0.5498,0.5455,0.548,20170786.0,11039276.2723
2025-06-22 09:00:00,0.548,0.5503,0.5388,0.539,24509391.0,13313827.6556
2025-06-22 10:00:00,0.539,0.547,0.5384,0.5441,24626159.0,13368453.0015
2025-06-22 11:00:00,0.5441,0.5486,0.5424,0.5461,17725080.0,9667195.5066
2025-06-22 12:00:00,0.5461,0.5485,0.5404,0.5479,41947552.0,22855852.3432
2025-06-22 13:00:00,0.5479,0.5509,0.5253,0.5305,96490255.0,51546991.2394
2025-06-22 14:00:00,0.5305,0.5337,0.52,0.5308,77628504.0,40924311.9152
2025-06-22 15:00:00,0.5308,0.5327,0.5219,0.5229,35431425.0,18733685.4338
2025-06-22 16:00:00,0.5229,0.5292,0.5202,0.5288,24858135.0,13027177.7296
2025-06-22 17:00:00,0.5288,0.5355,0.5262,0.5324,29334794.0,15579872.3052
2025-06-22 18:00:00,0.5324,0.5352,0.5273,0.5281,22431018.0,11922748.1741
2025-06-22 19:00:00,0.5281,0.5293,0.5228,0.5242,32303131.0,16970898.3053
2025-06-22 20:00:00,0.5242,0.5302,0.5094,0.5278,45777029.0,23752052.1127
2025-06-22 21:00:00,0.5278,0.5312,0.5222,0.525,22174144.0,11690833.8491
2025-06-22 22:00:00,0.525,0.5396,0.5248,0.5392,35597644.0,18992160.4529
2025-06-22 23:00:00,0.5392,0.5417,0.5375,0.5415,20053753.0,10822013.4451
2025-06-23 00:00:00,0.5415,0.5465,0.5394,0.5419,17619901.0,9558522.3231
2025-06-23 01:00:00,0.5419,0.5451,0.5389,0.5448,12359855.0,6692017.0213
2025-06-23 02:00:00,0.5448,0.5459,0.5429,0.5449,13826327.0,7529268.0795
2025-06-23 03:00:00,0.5449,0.5476,0.5439,0.5451,17176494.0,9374662.8107
2025-06-23 04:00:00,0.5451,0.5476,0.5435,0.546,11818592.0,6446198.4891
2025-06-23 05:00:00,0.546,0.5496,0.5458,0.5481,8046253.0,4405015.7236
2025-06-23 06:00:00,0.5481,0.5506,0.546,0.5485,10466385.0,5738295.3889
2025-06-23 07:00:00,0.5485,0.552,0.5467,0.5481,8773679.0,4816828.2276
2025-06-23 08:00:00,0.5481,0.55,0.5458,0.5473,4468233.0,2446012.3401
2025-06-23 09:00:00,0.5473,0.5475,0.5434,0.5447,7958702.0,4336274.9386
2025-06-23 10:00:00,0.5447,0.545,0.5399,0.5423,19505690.0,10582429.3971
2025-06-23 11:00:00,0.5423,0.5438,0.5398,0.5429,18168928.0,9843037.5982
2025-06-23 12:00:00,0.5429,0.5471,0.5389,0.547,28514346.0,15474204.9284
2025-06-23 13:00:00,0.547,0.5549,0.5376,0.5527,48979135.0,26770775.5192
2025-06-23 14:00:00,0.5527,0.5565,0.546,0.5474,36157518.0,19935749.1943
2025-06-23 15:00:00,0.5474,0.5509,0.5413,0.5421,20396502.0,11145069.8173
2025-06-23 16:00:00,0.5421,0.5429,0.5284,0.5343,67233952.0,35907209.992
2025-06-23 17:00:00,0.5343,0.5527,0.5326,0.5484,60858247.0,33004004.9705
2025-06-23 18:00:00,0.5484,0.5545,0.5482,0.5521,36637172.0,20225798.0919
2025-06-23 19:00:00,0.5521,0.5559,0.5506,0.5546,22637376.0,12534100.3129
2025-06-23 20:00:00,0.5546,0.5662,0.5531,0.5595,36365443.0,20390547.6132
2025-06-23 21:00:00,0.5595,0.5659,0.5595,0.5641,33201120.0,18699114.4078
2025-06-23 22:00:00,0.5641,0.5858,0.5641,0.5832,50135783.0,29027159.0664
2025-06-23 23:00:00,0.5832,0.5846,0.5798,0.5817,17316720.0,10077019.4074
2025-06-24 00:00:00,0.5817,0.5841,0.5772,0.579,17999341.0,10446441.6949
2025-06-24 01:00:00,0.579,0.5815,0.5776,0.5811,5008601.0,2902248.7026
2025-06-24 02:00:00,0.5811,0.5811,0.5758,0.5769,3770027.0,2179239.5997
2025-06-24 03:00:00,0.5769,0.5814,0.5765,0.5796,8087547.0,4687856.7701
2025-06-24 04:00:00,0.5796,0.5823,0.5786,0.5811,11023895.0,6394892.3099
2025-06-24 05:00:00,0.5811,0.5928,0.5807,0.5924,30180227.0,17726548.6426
2025-06-24 06:00:00,0.5924,0.5931,0.5875,0.5912,35368371.0,20857890.0812
2025-06-24 07:00:00,0.5912,0.5929,0.5814,0.5818,28838813.0,16969284.0965
2025-06-24 08:00:00,0.5818,0.5827,0.577,0.5796,26050367.0,15101567.092
2025-06-24 09:00:00,0.5796,0.5872,0.579,0.5822,33186958.0,19335842.0458
2025-06-24 10:00:00,0.5822,0.5838,0.5802,0.5821,29729684.0,17291326.3095
2025-06-24 11:00:00,0.5821,0.5846,0.5786,0.5845,29998509.0,17459798.8596
2025-06-24 12:00:00,0.5845,0.5873,0.5811,0.5832,31175713.0,18207321.1108
2025-06-24 13:00:00,0.5832,0.5851,0.579,0.5812,32335172.0,18825841.7003
2025-06-24 14:00:00,0.5812,0.5883,0.5809,0.5852,36999804.0,21653242.2482
2025-06-24 15:00:00,0.5852,0.588,0.5804,0.5832,50707280.0,29597031.4918
2025-06-24 16:00:00,0.5832,0.592,0.5822,0.5917,29219618.0,17149468.6259
2025-06-24 17:00:00,0.5917,0.5922,0.5833,0.5857,29056915.0,17067445.0939
2025-06-24 18:00:00,0.5857,0.5866,0.5811,0.5817,23712756.0,13827750.3675
2025-06-24 19:00:00,0.5817,0.5835,0.5786,0.5823,29272272.0,17018813.8366
2025-06-24 20:00:00,0.5823,0.5872,0.5806,0.5868,28735705.0,16783454.1126
2025-06-24 21:00:00,0.5868,0.5875,0.5833,0.587,23537380.0,13782271.076
2025-06-24 22:00:00,0.587,0.587,0.5832,0.5861,16045768.0,9393252.4661
2025-06-24 23:00:00,0.5861,0.5874,0.5836,0.5871,5965934.0,3491095.823
2025-06-25 00:00:00,0.5871,0.5899,0.5836,0.5892,9847003.0,5776865.1197
2025-06-25 01:00:00,0.5892,0.59,0.5848,0.5873,16569180.0,9731220.3998
2025-06-25 02:00:00,0.5873,0.5903,0.585,0.5855,14442519.0,8486944.9173
2025-06-25 03:00:00,0.5855,0.588,0.5835,0.5837,13690865.0,8026584.5926
2025-06-25 04:00:00,0.5837,0.584,0.5808,0.5819,7545704.0,4394599.6357
2025-06-25 05:00:00,0.5819,0.583,0.5798,0.5808,10780202.0,6268475.3525
2025-06-25 06:00:00,0.5808,0.583,0.5789,0.5828,5786610.0,3363843.2455
2025-06-25 07:00:00,0.5828,0.586,0.5807,0.5849,15106046.0,8822853.5474
2025-06-25 08:00:00,0.5849,0.585,0.5771,0.5798,20082199.0,11654432.0605
2025-06-25 09:00:00,0.5798,0.5819,0.574,0.5762,24736707.0,14292621.3608
2025-06-25 10:00:00,0.5762,0.5789,0.5746,0.578,16405308.0,9465132.1911
2025-06-25 11:00:00,0.578,0.581,0.5757,0.5801,17079098.0,9883626.1933
2025-06-25 12:00:00,0.5801,0.5802,0.5747,0.5767,28642419.0,16537843.5593
2025-06-25 13:00:00,0.5767,0.5851,0.5752,0.5826,53294962.0,31019765.2776
2025-06-25 14:00:00,0.5826,0.5832,0.5707,0.576,44672819.0,25733708.0815
2025-06-25 15:00:00,0.576,0.5761,0.5658,0.5671,44230566.0,25215234.3062
2025-06-25 16:00:00,0.5671,0.5706,0.5633,0.565,35006609.0,19852913.0951
2025-06-25 17:00:00,0.565,0.5719,0.5641,0.5694,31928330.0,18141914.9963
2025-06-25 18:00:00,0.5694,0.5695,0.5657,0.5672,22746335.0,12911426.8093
2025-06-25 19:00:00,0.5672,0.5724,0.5669,0.5713,21944564.0,12512596.6003
2025-06-25 20:00:00,0.5713,0.5727,0.5696,0.5725,12171715.0,6951479.6481
2025-06-25 21:00:00,0.5725,0.5744,0.5671,0.568,19133167.0,10897713.2843
2025-06-25 22:00:00,0.568,0.568,0.5642,0.5653,23487163.0,13294849.9077
2025-06-25 23:00:00,0.5653,0.5672,0.5628,0.5667,9203302.0,5203415.8175
2025-06-26 00:00:00,0.5667,0.57,0.5658,0.569,14976923.0,8508099.9699
2025-06-26 01:00:00,0.569,0.576,0.5658,0.5716,33329064.0,19041958.1113
2025-06-26 02:00:00,0.5716,0.5786,0.5711,0.5774,14804353.0,8493090.2888
2025-06-26 03:00:00,0.5774,0.5814,0.5721,0.5734,10167823.0,5864754.6537
2025-06-26 04:00:00,0.5734,0.5744,0.5686,0.5713,7898895.0,4513266.6722
2025-06-26 05:00:00,0.5713,0.5715,0.5672,0.5696,11867334.0,6757605.3396
2025-06-26 06:00:00,0.5696,0.5716,0.5686,0.5708,16761970.0,9559570.4799
2025-06-26 07:00:00,0.5708,0.5747,0.5701,0.5719,21536800.0,12330041.07
2025-06-26 08:00:00,0.5719,0.5745,0.5691,0.5697,20884195.0,11947415.6799
2025-06-26 09:00:00,0.5697,0.5705,0.5634,0.5638,23719374.0,13429638.6253
2025-06-26 10:00:00,0.5638,0.5659,0.5623,0.5648,16409820.0,9260015.916
2025-06-26 11:00:00,0.5648,0.5654,0.5628,0.5632,12357907.0,6970893.0115
2025-06-26 12:00:00,0.5632,0.5637,0.5563,0.557,35279835.0,19747692.3817
2025-06-26 13:00:00,0.557,0.5578,0.5511,0.5523,48637150.0,26965472.3229
2025-06-26 14:00:00,0.5523,0.5597,0.5506,0.5551,43716839.0,24287113.4342
2025-06-26 15:00:00,0.5551,0.5576,0.5495,0.5543,42863246.0,23755187.9133
2025-06-26 16:00:00,0.5543,0.555,0.5501,0.5519,22889396.0,12642937.4944
2025-06-26 17:00:00,0.5519,0.5559,0.5518,0.5532,15511637.0,8592565.7492
2025-06-26 18:00:00,0.5532,0.558,0.5525,0.554,12441502.0,6903102.179
2025-06-26 19:00:00,0.554,0.5571,0.5528,0.5556,11871331.0,6592163.8055
2025-06-26 20:00:00,0.5556,0.5638,0.5543,0.5598,31758525.0,17775843.1799
2025-06-26 21:00:00,0.5598,0.5598,0.5507,0.5556,25125794.0,13945050.1689
2025-06-26 22:00:00,0.5556,0.558,0.5511,0.5515,14921896.0,8260442.9478
2025-06-26 23:00:00,0.5515,0.5546,0.5511,0.554,11559353.0,6392269.6859
2025-06-27 00:00:00,0.554,0.5563,0.5503,0.5505,11937786.0,6608502.1004
2025-06-27 01:00:00,0.5505,0.5576,0.5486,0.5561,15866364.0,8788724.8412
2025-06-27 02:00:00,0.5561,0.5602,0.5551,0.5585,10325155.0,5762091.4168
2025-06-27 03:00:00,0.5585,0.5609,0.5569,0.5597,7625722.0,4265624.2838
2025-06-27 04:00:00,0.5597,0.5597,0.5573,0.5582,10470693.0,5848844.7028
2025-06-27 05:00:00,0.5582,0.5604,0.5543,0.5545,14627763.0,8138859.7367
2025-06-27 06:00:00,0.5545,0.5574,0.5538,0.5566,12073214.0,6711939.5391
2025-06-27 07:00:00,0.5566,0.56,0.5526,0.5535,18856489.0,10480905.1864
2025-06-27 08:00:00,0.5535,0.5591,0.553,0.5578,31365337.0,17434895.3899
2025-06-27 09:00:00,0.5578,0.5583,0.5557,0.5572,23429813.0,13048968.2199
2025-06-27 10:00:00,0.5572,0.5576,0.5529,0.5531,23264841.0,12893084.0637
2025-06-27 11:00:00,0.5531,0.5547,0.552,0.5539,14951480.0,8269580.3049
2025-06-27 12:00:00,0.5539,0.556,0.5487,0.5494,34688470.0,19163521.0081
2025-06-27 13:00:00,0.5494,0.5524,0.5468,0.5517,31329690.0,17235611.1585
2025-06-27 14:00:00,0.5517,0.555,0.5486,0.5492,33526209.0,18488577.6805
2025-06-27 15:00:00,0.5492,0.5559,0.547,0.5553,25116892.0,13856174.3063
2025-06-27 16:00:00,0.5553,0.5629,0.5531,0.5564,38672208.0,21539091.2655
2025-06-27 17:00:00,0.5564,0.557,0.5475,0.5498,33160805.0,18303198.0544
2025-06-27 18:00:00,0.5498,0.5504,0.5446,0.5465,29527183.0,16153176.0788
2025-06-27 19:00:00,0.5465,0.552,0.5456,0.5506,22441614.0,12325786.507
2025-06-27 20:00:00,0.5506,0.5558,0.55,0.5558,27714817.0,15341474.5539
2025-06-27 21:00:00,0.5558,0.5599,0.5542,0.5572,26510297.0,14767596.7394
2025-06-27 22:00:00,0.5572,0.561,0.5572,0.5595,17415967.0,9745433.2661
2025-06-27 23:00:00,0.5595,0.5599,0.5562,0.5584,13845335.0,7719583.3511
2025-06-28 00:00:00,0.5584,0.5598,0.5572,0.5578,22693948.0,12678812.1504
2025-06-28 01:00:00,0.5578,0.5613,0.5559,0.5608,18331346.0,10230591.9616
2025-06-28 02:00:00,0.5608,0.5629,0.5588,0.5589,19789239.0,11100283.1232
2025-06-28 03:00:00,0.5589,0.5606,0.5586,0.5595,7402528.0,4141786.7481
2025-06-28 04:00:00,0.5595,0.5602,0.5582,0.5584,11990451.0,6706490.5701
2025-06-28 05:00:00,0.5584,0.5602,0.558,0.5583,11938628.0,6671746.0703
2025-06-28 06:00:00,0.5583,0.5622,0.5582,0.5618,30140549.0,16875543.0066
2025-06-28 07:00:00,0.5618,0.5641,0.5609,0.5621,24646898.0,13859106.8574
2025-06-28 08:00:00,0.5621,0.5624,0.5594,0.5596,12252768.0,6865332.4644
2025-06-28 09:00:00,0.5596,0.5622,0.5583,0.5611,21367555.0,11963291.4604
2025-06-28 10:00:00,0.5611,0.5615,0.5593,0.56,19969988.0,11190029.4166
2025-06-28 11:00:00,0.56,0.5605,0.5582,0.5588,9309258.0,5205499.9286
2025-06-28 12:00:00,0.5588,0.5593,0.5574,0.5575,11042631.0,6164731.7241
2025-06-28 13:00:00,0.5575,0.558,0.555,0.5562,23053647.0,12827103.8501
2025-06-28 14:00:00,0.5562,0.5597,0.5561,0.5594,19334724.0,10798198.2937
2025-06-28 15:00:00,0.5594,0.5643,0.5591,0.564,17933525.0,10063619.4488
2025-06-28 16:00:00,0.564,0.5654,0.5617,0.5624,18765830.0,10579951.4188
2025-06-28 17:00:00,0.5624,0.5679,0.5618,0.5677,16390196.0,9246678.0563
2025-06-28 18:00:00,0.5677,0.5683,0.5641,0.566,10966423.0,6203935.716
2025-06-28 19:00:00,0.566,0.5668,0.5633,0.5636,7841536.0,4429576.0413
2025-06-28 20:00:00,0.5636,0.5639,0.5621,0.5624,8721976.0,4910450.4723
2025-06-28 21:00:00,0.5624,0.566,0.5624,0.5657,8866882.0,5001153.7687
2025-06-28 22:00:00,0.5657,0.5673,0.5647,0.5662,4928077.0,2791490.0216
2025-06-28 23:00:00,0.5662,0.5666,0.5644,0.5652,6063036.0,3431402.7048
2025-06-29 00:00:00,0.5652,0.5681,0.5648,0.5667,7076401.0,4010653.5356
2025-06-29 01:00:00,0.5667,0.5668,0.5637,0.5641,4040650.0,2282643.2358
2025-06-29 02:00:00,0.5641,0.5648,0.5624,0.5647,2732217.0,1539023.5426
2025-06-29 03:00:00,0.5647,0.5669,0.563,0.563,2962121.0,1674506.1184
2025-06-29 04:00:00,0.563,0.5637,0.5602,0.5611,10596664.0,5948024.7778
2025-06-29 05:00:00,0.5611,0.5618,0.5602,0.5616,4720399.0,2648045.4169
2025-06-29 06:00:00,0.5616,0.5621,0.5599,0.5611,6519173.0,3658203.4651
2025-06-29 07:00:00,0.5611,0.5617,0.5586,0.5608,4295755.0,2406059.0981
2025-06-29 08:00:00,0.5608,0.5635,0.5601,0.5635,11707281.0,6577201.8331
2025-06-29 09:00:00,0.5635,0.5657,0.5621,0.5635,9187826.0,5181552.8567
2025-06-29 10:00:00,0.5635,0.5663,0.5615,0.5632,21331201.0,12029676.4936
2025-06-29 11:00:00,0.5632,0.5652,0.5617,0.5648,14602063.0,8229123.1974
2025-06-29 12:00:00,0.5648,0.5654,0.5627,0.5646,10495349.0,5919083.9015
2025-06-29 13:00:00,0.5646,0.5664,0.5626,0.563,15439254.0,8713559.4349
2025-06-29 14:00:00,0.563,0.5642,0.5588,0.5596,28484741.0,15979141.2125
2025-06-29 15:00:00,0.5596,0.5598,0.5551,0.5558,22506454.0,12545767.1937
2025-06-29 16:00:00,0.5558,0.5581,0.5547,0.5576,14208248.0,7904382.0812
2025-06-29 17:00:00,0.5576,0.5582,0.5547,0.557,7306887.0,4065596.6927
2025-06-29 18:00:00,0.557,0.5611,0.5561,0.5602,12289966.0,6875006.2287
2025-06-29 19:00:00,0.5602,0.5609,0.5567,0.5587,8272600.0,4623339.5893
2025-06-29 20:00:00,0.5587,0.5591,0.5574,0.5575,7631949.0,4259292.9029
2025-06-29 21:00:00,0.5575,0.5626,0.555,0.5611,10960444.0,6134012.1184
2025-06-29 22:00:00,0.5611,0.5856,0.5608,0.5792,53238600.0,30624286.8106
2025-06-29 23:00:00,0.5792,0.5831,0.5762,0.577,30897118.0,17896920.6909
2025-06-30 00:00:00,0.577,0.5795,0.5745,0.5772,18441459.0,10643635.4699
2025-06-30 01:00:00,0.5772,0.5778,0.5712,0.5724,12788180.0,7332417.7831
2025-06-30 02:00:00,0.5724,0.5731,0.5677,0.568,14299566.0,8159499.8041
2025-06-30 03:00:00,0.568,0.5695,0.5657,0.5681,16528362.0,9382458.1418
2025-06-30 04:00:00,0.5681,0.5688,0.5646,0.5658,12894803.0,7307032.5298
2025-06-30 05:00:00,0.5658,0.5697,0.5656,0.5691,9575714.0,5440419.8319
2025-06-30 06:00:00,0.5691,0.5696,0.5583,0.5616,18032292.0,10153617.3143
2025-06-30 07:00:00,0.5616,0.5667,0.561,0.5661,15441861.0,8714617.8362
2025-06-30 08:00:00,0.5661,0.5678,0.5646,0.5672,16261286.0,9210324.2575
2025-06-30 09:00:00,0.5672,0.5681,0.5624,0.5624,25290054.0,14296918.0062
2025-06-30 10:00:00,0.5624,0.5646,0.5619,0.564,25535703.0,14388590.1924
2025-06-30 11:00:00,0.564,0.5663,0.563,0.5638,9941763.0,5612590.8521
2025-06-30 12:00:00,0.5638,0.5651,0.5597,0.5606,19328038.0,10864218.4021
2025-06-30 13:00:00,0.5606,0.566,0.5592,0.5605,28200199.0,15840488.7809
2025-06-30 14:00:00,0.5605,0.5634,0.5574,0.5589,25307297.0,14179485.489
2025-06-30 15:00:00,0.5589,0.5712,0.5557,0.5669,44030276.0,24823325.4622
2025-06-30 16:00:00,0.5669,0.5709,0.5649,0.5706,16017075.0,9091900.6778
2025-06-30 17:00:00,0.5706,0.572,0.5687,0.5696,14854375.0,8476334.6703
2025-06-30 18:00:00,0.5696,0.5747,0.5694,0.5733,18630097.0,10660573.1376
2025-06-30 19:00:00,0.5733,0.5903,0.5729,0.5895,51097015.0,29653569.2984
2025-06-30 20:00:00,0.5895,0.5903,0.5826,0.5844,27744820.0,16254147.8741
2025-06-30 21:00:00,0.5844,0.5851,0.5749,0.5769,24221824.0,14056020.7949
2025-06-30 22:00:00,0.5769,0.5785,0.5735,0.5735,14989367.0,8627329.7247
2025-06-30 23:00:00,0.5735,0.5749,0.5709,0.5719,34753034.0,19891906.54
2025-07-01 00:00:00,0.5719,0.5761,0.5694,0.5726,42889824.0,24562092.0465
2025-07-01 01:00:00,0.5726,0.5763,0.5713,0.5718,53029001.0,30434307.5172
2025-07-01 02:00:00,0.5718,0.5735,0.5645,0.5658,25469177.0,14525261.4403
2025-07-01 03:00:00,0.5658,0.5691,0.5652,0.5687,32563839.0,18484851.3622
2025-07-01 04:00:00,0.5687,0.5688,0.5642,0.5647,9755496.0,5523040.5914
2025-07-01 05:00:00,0.5647,0.5656,0.5604,0.5628,34376904.0,19349518.9306
2025-07-01 06:00:00,0.5628,0.563,0.5608,0.5624,23599321.0,13259270.3073
2025-07-01 07:00:00,0.5624,0.5675,0.5582,0.5667,38452076.0,21655397.5736
2025-07-01 08:00:00,0.5667,0.5667,0.5612,0.5617,33837008.0,19057014.6585
2025-07-01 09:00:00,0.5617,0.5636,0.5608,0.5615,34365458.0,19319421.7377
2025-07-01 10:00:00,0.5615,0.5635,0.5605,0.5625,26222092.0,14731796.7898
2025-07-01 11:00:00,0.5625,0.5629,0.5579,0.5599,26923356.0,15081085.2846
2025-07-01 12:00:00,0.5599,0.5604,0.5506,0.5525,44616976.0,24768645.6923
2025-07-01 13:00:00,0.5525,0.5536,0.547,0.5499,37560082.0,20675729.1717
2025-07-01 14:00:00,0.5499,0.554,0.5428,0.5468,43542060.0,23853185.508
2025-07-01 15:00:00,0.5468,0.5489,0.5445,0.5464,26618521.0,14542239.8101
2025-07-01 16:00:00,0.5464,0.5543,0.5437,0.5503,34066764.0,18615074.7742
2025-07-01 17:00:00,0.5503,0.5521,0.5426,0.5454,32507480.0,17747821.2309
2025-07-01 18:00:00,0.5454,0.5455,0.539,0.5402,38639303.0,20932942.2264
2025-07-01 19:00:00,0.5402,0.5431,0.5379,0.5388,27979316.0,15121829.6862
2025-07-01 20:00:00,0.5388,0.5426,0.5361,0.5413,24172004.0,13031983.7132
2025-07-01 21:00:00,0.5413,0.5446,0.5394,0.5419,13839708.0,7501708.9118
2025-07-01 22:00:00,0.5419,0.5424,0.5392,0.5402,12876730.0,6967867.8366
2025-07-01 23:00:00,0.5402,0.5419,0.538,0.5415,12385063.0,6693838.6683
2025-07-02 00:00:00,0.5415,0.5448,0.5409,0.5412,21829081.0,11843648.2397
2025-07-02 01:00:00,0.5412,0.5448,0.5384,0.5448,15375166.0,8328617.1375
2025-07-02 02:00:00,0.5448,0.5457,0.5422,0.545,8669069.0,4716548.7622
2025-07-02 03:00:00,0.545,0.5488,0.5447,0.5481,5766083.0,3153722.5041
2025-07-02 04:00:00,0.5481,0.5536,0.548,0.5532,8291366.0,4565941.0175
2025-07-02 05:00:00,0.5532,0.5547,0.5524,0.554,13745614.0,7609997.2471
2025-07-02 06:00:00,0.554,0.5573,0.5535,0.5572,9379207.0,5207132.0213
2025-07-02 07:00:00,0.5572,0.558,0.5543,0.5563,12202748.0,6790414.357
2025-07-02 08:00:00,0.5563,0.5603,0.5563,0.558,18829177.0,10515198.0603
2025-07-02 09:00:00,0.558,0.5589,0.5563,0.557,17511358.0,9765020.6934
2025-07-02 10:00:00,0.557,0.56,0.5562,0.5596,11240156.0,6271411.7152
2025-07-02 11:00:00,0.5596,0.5646,0.5593,0.5608,24088289.0,13534013.0063
2025-07-02 12:00:00,0.5608,0.561,0.5566,0.5589,14918109.0,8329564.7544
2025-07-02 13:00:00,0.5589,0.5632,0.5585,0.561,18207914.0,10212544.3727
2025-07-02 14:00:00,0.561,0.569,0.5605,0.569,39481833.0,22294344.4544
2025-07-02 15:00:00,0.569,0.5785,0.5688,0.5776,63675280.0,36607395.333
2025-07-02 16:00:00,0.5776,0.5996,0.5775,0.5948,134342189.0,78999792.0743
2025-07-02 17:00:00,0.5948,0.5984,0.589,0.5936,50679548.0,30125082.4234
2025-07-02 18:00:00,0.5936,0.5969,0.5934,0.5947,22051441.0,13124914.3086
2025-07-02 19:00:00,0.5947,0.5973,0.5921,0.5954,17276220.0,10269350.1211
2025-07-02 20:00:00,0.5954,0.599,0.5936,0.596,21783102.0,12997960.724
2025-07-02 21:00:00,0.596,0.5981,0.5927,0.5952,12811462.0,7630952.9021
2025-07-02 22:00:00,0.5952,0.597,0.5921,0.5922,10280491.0,6101018.754
2025-07-02 23:00:00,0.5922,0.5927,0.5831,0.5839,37229201.0,21830300.6942
2025-07-03 00:00:00,0.5839,0.5882,0.5832,0.5868,25657894.0,15028896.527
2025-07-03 01:00:00,0.5868,0.5894,0.5848,0.5891,16876650.0,9911897.3124
2025-07-03 02:00:00,0.5891,0.5893,0.5825,0.5862,23173558.0,13555917.3464
2025-07-03 03:00:00,0.5862,0.5884,0.585,0.5866,15276934.0,8966921.256
2025-07-03 04:00:00,0.5866,0.5918,0.5862,0.5899,19258224.0,11346195.3497
2025-07-03 05:00:00,0.5899,0.602,0.5899,0.6013,15671350.0,9336303.1986
2025-07-03 06:00:00,0.6013,0.6075,0.5991,0.605,19199223.0,11589375.4926
2025-07-03 07:00:00,0.605,0.6089,0.6015,0.6081,21147186.0,12800015.0754
2025-07-03 08:00:00,0.6081,0.6105,0.6048,0.6049,17361858.0,10556327.6309
2025-07-03 09:00:00,0.6049,0.6085,0.6039,0.6066,18922653.0,11465661.5084
2025-07-03 10:00:00,0.6066,0.6071,0.6009,0.6032,38942591.0,23515624.4375
2025-07-03 11:00:00,0.6032,0.6048,0.6004,0.6036,13548019.0,8161373.3852
2025-07-03 12:00:00,0.6036,0.6109,0.5937,0.5989,44140214.0,26440960.0252
2025-07-03 13:00:00,0.5989,0.6068,0.5961,0.6044,31281002.0,18787236.8637
2025-07-03 14:00:00,0.6044,0.607,0.5963,0.5977,37051678.0,22286314.7703
2025-07-03 15:00:00,0.5977,0.5988,0.5864,0.5874,68492695.0,40562322.8297
2025-07-03 16:00:00,0.5874,0.5932,0.5872,0.5916,25443380.0,15006204.9019
2025-07-03 17:00:00,0.5916,0.5943,0.5914,0.5932,22609065.0,13402575.5434
2025-07-03 18:00:00,0.5932,0.5969,0.5932,0.5963,21971711.0,13071046.1506
2025-07-03 19:00:00,0.5963,0.5974,0.5944,0.5954,33368331.0,19875014.7962
2025-07-03 20:00:00,0.5954,0.5994,0.5953,0.599,21981289.0,13142331.551
2025-07-03 21:00:00,0.599,0.6021,0.5972,0.6012,18498580.0,11093305.9929
2025-07-03 22:00:00,0.6012,0.6024,0.5992,0.6021,23258257.0,13965822.4786
2025-07-03 23:00:00,0.6021,0.6027,0.5977,0.599,12705777.0,7621484.4578
2025-07-04 00:00:00,0.599,0.6032,0.5985,0.6001,23051081.0,13842260.7907
2025-07-04 01:00:00,0.6001,0.6032,0.5996,0.5996,30140636.0,18125371.5439
2025-07-04 02:00:00,0.5996,0.6005,0.5905,0.5918,26202073.0,15560556.4691
2025-07-04 03:00:00,0.5918,0.5953,0.5909,0.5933,15038590.0,8929498.3076
2025-07-04 04:00:00,0.5933,0.594,0.5882,0.5885,25780992.0,15237459.6372
2025-07-04 05:00:00,0.5885,0.5922,0.5883,0.5909,34227907.0,20208924.6381
2025-07-04 06:00:00,0.5909,0.5909,0.5847,0.5863,29282400.0,17199110.7731
2025-07-04 07:00:00,0.5863,0.5875,0.579,0.5795,23213409.0,13503977.3773
2025-07-04 08:00:00,0.5795,0.5816,0.5739,0.5803,30728449.0,17777052.8733
2025-07-04 09:00:00,0.5803,0.5836,0.5801,0.5829,18581303.0,10814050.0883
2025-07-04 10:00:00,0.5829,0.5839,0.5797,0.5802,24540321.0,14266823.8252
2025-07-04 11:00:00,0.5802,0.5837,0.5798,0.5811,25113596.0,14607571.9579
2025-07-04 12:00:00,0.5811,0.5829,0.5787,0.5806,21095863.0,12254166.7282
2025-07-04 13:00:00,0.5806,0.5826,0.5752,0.5755,47695573.0,27572004.4649
2025-07-04 14:00:00,0.5755,0.5766,0.5697,0.5743,36577960.0,21001753.923
2025-07-04 15:00:00,0.5743,0.575,0.5696,0.5709,26573858.0,15190063.4738
2025-07-04 16:00:00,0.5709,0.5716,0.5626,0.5668,45326938.0,25643327.8565
2025-07-04 17:00:00,0.5668,0.572,0.5663,0.5716,16134239.0,9170257.6313
2025-07-04 18:00:00,0.5716,0.5724,0.567,0.5671,22836688.0,13015100.0691
2025-07-04 19:00:00,0.5671,0.5686,0.5651,0.5663,12276751.0,6958123.6219
2025-07-04 20:00:00,0.5663,0.5702,0.5654,0.5697,7824348.0,4447432.1116
2025-07-04 21:00:00,0.5697,0.5716,0.5686,0.5711,8756085.0,4991168.4193
2025-07-04 22:00:00,0.5711,0.5759,0.5706,0.5759,17560444.0,10075191.4229
2025-07-04 23:00:00,0.5759,0.5759,0.5712,0.5721,17778253.0,10191396.5711
2025-07-05 00:00:00,0.5721,0.5755,0.571,0.575,10399824.0,5958731.3244
2025-07-05 01:00:00,0.575,0.575,0.5708,0.5727,11687440.0,6694841.3457
2025-07-05 02:00:00,0.5727,0.573,0.5682,0.5727,19431556.0,11103147.8633
2025-07-05 03:00:00,0.5727,0.5787,0.5726,0.5778,11060956.0,6368677.1245
2025-07-05 04:00:00,0.5778,0.5792,0.5749,0.5754,10847116.0,6260830.8174
2025-07-05 05:00:00,0.5754,0.5777,0.575,0.5775,7421222.0,4277032.3805
2025-07-05 06:00:00,0.5775,0.5821,0.5763,0.5817,32141573.0,18629561.2224
2025-07-05 07:00:00,0.5817,0.5832,0.5778,0.5788,18548990.0,10759843.9302
2025-07-05 08:00:00,0.5788,0.5788,0.5713,0.5732,25054818.0,14420442.8294
2025-07-05 09:00:00,0.5732,0.5753,0.5704,0.575,24579921.0,14069131.5843
2025-07-05 10:00:00,0.575,0.5754,0.5728,0.5732,21582277.0,12396821.461
2025-07-05 11:00:00,0.5732,0.5766,0.573,0.5746,22276045.0,12812012.4294
2025-07-05 12:00:00,0.5746,0.5749,0.571,0.5741,34857039.0,19974594.6948
2025-07-05 13:00:00,0.5741,0.5759,0.5721,0.5723,25923991.0,14866904.0407
2025-07-05 14:00:00,0.5723,0.5756,0.5713,0.5753,11576481.0,6638097.1014
2025-07-05 15:00:00,0.5753,0.5761,0.5739,0.5753,9015440.0,5183636.5827
2025-07-05 16:00:00,0.5753,0.5767,0.5721,0.5756,13845275.0,7951411.0238
2025-07-05 17:00:00,0.5756,0.577,0.5725,0.5749,9114631.0,5240755.8373
2025-07-05 18:00:00,0.5749,0.575,0.57,0.5713,13946804.0,7974564.6684
2025-07-05 19:00:00,0.5713,0.5738,0.5694,0.5735,9987875.0,5710893.5556
2025-07-05 20:00:00,0.5735,0.575,0.5711,0.5748,10939237.0,6266302.5078
2025-07-05 21:00:00,0.5748,0.5756,0.5728,0.5747,7790098.0,4474046.4735
2025-07-05 22:00:00,0.5747,0.5758,0.5731,0.5756,5143961.0,2955176.0169
2025-07-05 23:00:00,0.5756,0.5765,0.5748,0.575,13498935.0,7770319.0132
2025-07-06 00:00:00,0.575,0.5754,0.5727,0.5744,11800597.0,6769065.8121
2025-07-06 01:00:00,0.5744,0.5744,0.5713,0.5728,6840748.0,3918147.1579
2025-07-06 02:00:00,0.5728,0.5741,0.5712,0.5712,4011881.0,2297564.4573
2025-07-06 03:00:00,0.5712,0.5746,0.5702,0.5745,6137648.0,3509279.7913
2025-07-06 04:00:00,0.5745,0.5761,0.5726,0.5729,9309507.0,5341649.0016
2025-07-06 05:00:00,0.5729,0.574,0.5721,0.5728,7815749.0,4478041.5235
2025-07-06 06:00:00,0.5728,0.5767,0.5722,0.5751,8823989.0,5070586.0625
2025-07-06 07:00:00,0.5751,0.5755,0.5728,0.5733,13193952.0,7575656.1023
2025-07-06 08:00:00,0.5733,0.5756,0.5714,0.5748,17017272.0,9759217.1386
2025-07-06 09:00:00,0.5748,0.576,0.5732,0.5733,40373686.0,23209255.8991
2025-07-06 10:00:00,0.5733,0.5793,0.5729,0.5787,49855675.0,28674297.0194
2025-07-06 11:00:00,0.5787,0.579,0.5763,0.5777,25480728.0,14711202.0883
2025-07-06 12:00:00,0.5777,0.5811,0.5764,0.5806,28618762.0,16552755.3135
2025-07-06 13:00:00,0.5806,0.5903,0.579,0.5869,70363690.0,41073317.9467
2025-07-06 14:00:00,0.5869,0.5875,0.5804,0.5839,76172288.0,44479326.8971
2025-07-06 15:00:00,0.5839,0.5856,0.5823,0.5853,39807601.0,23240124.7856
2025-07-06 16:00:00,0.5853,0.5873,0.5838,0.5868,29057210.0,17015983.2005
2025-07-06 17:00:00,0.5868,0.5868,0.5835,0.5848,21887610.0,12805302.4177
2025-07-06 18:00:00,0.5848,0.585,0.5781,0.5806,15260918.0,8873401.6553
2025-07-06 19:00:00,0.5806,0.5831,0.5802,0.5831,11322069.0,6585889.5033
2025-07-06 20:00:00,0.5831,0.5853,0.5825,0.5836,14240637.0,8319997.498
2025-07-06 21:00:00,0.5836,0.5928,0.5835,0.5883,14902980.0,8779340.5814
2025-07-06 22:00:00,0.5883,0.5921,0.5883,0.5891,40805714.0,24096305.3253
2025-07-06 23:00:00,0.5891,0.5895,0.583,0.5854,31278455.0,18318587.3736
2025-07-07 00:00:00,0.5854,0.5864,0.5826,0.5839,25038838.0,14634618.8979
2025-07-07 01:00:00,0.5839,0.5856,0.5816,0.5847,18177325.0,10611275.7063
2025-07-07 02:00:00,0.5847,0.5913,0.5847,0.5896,13504333.0,7944676.8879
2025-07-07 03:00:00,0.5896,0.5945,0.5871,0.5872,13759383.0,8132425.1453
2025-07-07 04:00:00,0.5872,0.5885,0.5849,0.5857,16434583.0,9647327.8158
2025-07-07 05:00:00,0.5857,0.5874,0.5848,0.5862,8803776.0,5158026.4656
2025-07-07 06:00:00,0.5862,0.5868,0.5829,0.583,9536743.0,5580330.1695
2025-07-07 07:00:00,0.583,0.5899,0.5813,0.5897,15945391.0,9322212.5385
2025-07-07 08:00:00,0.5897,0.5905,0.5865,0.5885,17322036.0,10193335.5826
2025-07-07 09:00:00,0.5885,0.5885,0.5855,0.586,19432469.0,11400284.9068
2025-07-07 10:00:00,0.586,0.5884,0.5836,0.5861,23967783.0,14053509.6447
2025-07-07 11:00:00,0.5861,0.588,0.5845,0.5871,8804191.0,5164449.1041
2025-07-07 12:00:00,0.5871,0.5874,0.5805,0.5814,26880353.0,15642562.6884
2025-07-07 13:00:00,0.5814,0.5909,0.5796,0.5894,48216459.0,28104444.6896
2025-07-07 14:00:00,0.5894,0.5904,0.5802,0.5814,55347229.0,32337050.0442
2025-07-07 15:00:00,0.5814,0.5872,0.5809,0.5834,38478423.0,22472680.5411
2025-07-07 16:00:00,0.5834,0.5881,0.5791,0.5797,20665974.0,12045999.13
2025-07-07 17:00:00,0.5797,0.584,0.578,0.5801,22013741.0,12778713.4702
2025-07-07 18:00:00,0.5801,0.5815,0.5747,0.5796,22576114.0,13039080.4018
2025-07-07 19:00:00,0.5796,0.5849,0.5789,0.5798,16860445.0,9807333.1874
2025-07-07 20:00:00,0.5798,0.5798,0.574,0.5763,17919778.0,10338537.071
2025-07-07 21:00:00,0.5763,0.5796,0.5731,0.5776,15893319.0,9162005.4734
2025-07-07 22:00:00,0.5776,0.5785,0.574,0.5769,11152857.0,6418088.2483
2025-07-07 23:00:00,0.5769,0.5804,0.5765,0.5801,8526694.0,4930275.3961
2025-07-08 00:00:00,0.5801,0.5837,0.5787,0.5788,18954392.0,11010194.7676
2025-07-08 01:00:00,0.5788,0.5788,0.5745,0.5749,18441048.0,10623111.6015
2025-07-08 02:00:00,0.5749,0.5768,0.5722,0.5738,12827696.0,7363891.6896
2025-07-08 03:00:00,0.5738,0.5768,0.5736,0.5759,4106208.0,2362566.1687
2025-07-08 04:00:00,0.5759,0.5773,0.5742,0.577,13873253.0,7984446.106
2025-07-08 05:00:00,0.577,0.5786,0.5744,0.5746,11884204.0,6851200.8731
2025-07-08 06:00:00,0.5746,0.5806,0.5718,0.5768,30120205.0,17375851.6738
2025-07-08 07:00:00,0.5768,0.5783,0.5723,0.5781,17694677.0,10178049.1702
2025-07-08 08:00:00,0.5781,0.5796,0.5763,0.5772,15407675.0,8896426.8156
2025-07-08 09:00:00,0.5772,0.581,0.5765,0.5804,15549012.0,9007806.289
2025-07-08 10:00:00,0.5804,0.5848,0.5798,0.5847,16820160.0,9799735.6813
2025-07-08 11:00:00,0.5847,0.5873,0.5839,0.5843,18052028.0,10571906.1632
2025-07-08 12:00:00,0.5843,0.588,0.5836,0.5869,40045715.0,23437468.6033
2025-07-08 13:00:00,0.5869,0.5876,0.583,0.5852,35449497.0,20768819.3628
2025-07-08 14:00:00,0.5852,0.5858,0.5787,0.5793,37588028.0,21885038.6082
2025-07-08 15:00:00,0.5793,0.582,0.5787,0.5807,30536991.0,17726625.1671
2025-07-08 16:00:00,0.5807,0.583,0.5793,0.5816,29056658.0,16890241.238
2025-07-08 17:00:00,0.5816,0.5904,0.5815,0.5902,47648628.0,28010977.682
2025-07-08 18:00:00,0.5902,0.5918,0.5886,0.5914,42089551.0,24839734.0169
2025-07-08 19:00:00,0.5914,0.5915,0.5876,0.589,51956549.0,30618773.4276
2025-07-08 20:00:00,0.589,0.5894,0.585,0.585,19326760.0,11358162.9555
2025-07-08 21:00:00,0.585,0.5896,0.585,0.5885,13088511.0,7688233.9013
2025-07-08 22:00:00,0.5885,0.5894,0.5867,0.5883,5566271.0,3273115.5645
2025-07-08 23:00:00,0.5883,0.5887,0.5868,0.5882,5646441.0,3318756.0386
2025-07-09 00:00:00,0.5882,0.5882,0.5844,0.586,8741204.0,5119804.1272
2025-07-09 01:00:00,0.586,0.5886,0.5849,0.5862,5101176.0,2989684.0828
2025-07-09 02:00:00,0.5862,0.5886,0.5857,0.5871,9918474.0,5825278.7016
2025-07-09 03:00:00,0.5871,0.5888,0.5837,0.585,6301473.0,3688379.866
2025-07-09 04:00:00,0.585,0.589,0.584,0.5888,9596848.0,5620326.0655
2025-07-09 05:00:00,0.5888,0.5998,0.588,0.5948,17876410.0,10604103.6183
2025-07-09 06:00:00,0.5948,0.5971,0.5933,0.5964,9918194.0,5904460.657
2025-07-09 07:00:00,0.5964,0.597,0.5936,0.5957,11102828.0,6602839.7357
2025-07-09 08:00:00,0.5957,0.5979,0.5952,0.5958,17752481.0,10588549.9262
2025-07-09 09:00:00,0.5958,0.5985,0.5921,0.5961,13759865.0,8180647.4255
2025-07-09 10:00:00,0.5961,0.601,0.5954,0.6003,14376239.0,8598742.9041
2025-07-09 11:00:00,0.6003,0.6107,0.5989,0.6092,22868567.0,13862725.7347
2025-07-09 12:00:00,0.6092,0.6209,0.6077,0.6139,55118583.0,33896495.8315
2025-07-09 13:00:00,0.6139,0.6187,0.61,0.6112,50180632.0,30847112.7923
2025-07-09 14:00:00,0.6112,0.613,0.6008,0.606,55203789.0,33481808.9028
2025-07-09 15:00:00,0.606,0.611,0.6049,0.6105,27151430.0,16522931.7093
2025-07-09 16:00:00,0.6105,0.6134,0.6087,0.6117,34105056.0,20832703.928
2025-07-09 17:00:00,0.6117,0.6117,0.6054,0.6072,36610976.0,22244319.4814
2025-07-09 18:00:00,0.6072,0.6136,0.6071,0.6098,34877868.0,21338497.0218
2025-07-09 19:00:00,0.6098,0.6245,0.6093,0.6218,40589871.0,25082216.9322
2025-07-09 20:00:00,0.6218,0.6239,0.6146,0.6201,63389829.0,39210918.4419
2025-07-09 21:00:00,0.6201,0.6242,0.6194,0.622,49744359.0,30941419.5371
2025-07-09 22:00:00,0.622,0.6267,0.6207,0.6238,50852549.0,31706716.1629
2025-07-09 23:00:00,0.6238,0.6274,0.622,0.6223,23923076.0,14946520.8941
2025-07-10 00:00:00,0.6223,0.6252,0.6172,0.6178,26387177.0,16382679.9573
2025-07-10 01:00:00,0.6178,0.6242,0.6173,0.6229,40580682.0,25219168.9585
2025-07-10 02:00:00,0.6229,0.6264,0.6218,0.624,34552753.0,21568964.8468
2025-07-10 03:00:00,0.624,0.6249,0.6206,0.6213,8938009.0,5563258.7845
2025-07-10 04:00:00,0.6213,0.623,0.6181,0.6226,17138322.0,10632611.1639
2025-07-10 05:00:00,0.6226,0.6228,0.6193,0.6202,30121265.0,18711798.1304
2025-07-10 06:00:00,0.6202,0.6234,0.6181,0.6234,23894892.0,14826246.2777
2025-07-10 07:00:00,0.6234,0.6404,0.6227,0.6276,64886663.0,40834703.5311
2025-07-10 08:00:00,0.6276,0.6327,0.6249,0.6311,51712422.0,32555136.6245
2025-07-10 09:00:00,0.6311,0.634,0.6277,0.6285,48600319.0,30670578.5665
2025-07-10 10:00:00,0.6285,0.6303,0.6248,0.6298,49714491.0,31201150.8364
2025-07-10 11:00:00,0.6298,0.6319,0.6281,0.6314,50201681.0,31615990.017
2025-07-10 12:00:00,0.6314,0.6314,0.6236,0.626,36227494.0,22703993.6007
2025-07-10 13:00:00,0.626,0.6292,0.6236,0.625,43353375.0,27141120.1713
2025-07-10 14:00:00,0.625,0.6272,0.6209,0.6266,44513377.0,27771131.6867
2025-07-10 15:00:00,0.6266,0.6297,0.623,0.6286,37426542.0,23441626.2697
2025-07-10 16:00:00,0.6286,0.6405,0.6273,0.639,55995412.0,35646622.8057
2025-07-10 17:00:00,0.639,0.6596,0.6381,0.6575,102371261.0,66525377.9189
2025-07-10 18:00:00,0.6575,0.6579,0.6479,0.6523,58151453.0,37983719.2952
2025-07-10 19:00:00,0.6523,0.6551,0.6501,0.6519,28533146.0,18626324.4789
2025-07-10 20:00:00,0.6519,0.6573,0.6512,0.6565,31939426.0,20892955.418
2025-07-10 21:00:00,0.6565,0.6764,0.6558,0.6712,84625002.0,56441546.2419
2025-07-10 22:00:00,0.6712,0.6797,0.6702,0.6782,74980102.0,50637632.5104
2025-07-10 23:00:00,0.6782,0.6802,0.6723,0.6769,61825264.0,41815642.3373
2025-07-11 00:00:00,0.6769,0.6784,0.6681,0.6732,45920553.0,30928313.4277
2025-07-11 01:00:00,0.6732,0.6845,0.6722,0.6842,53393155.0,36294330.6985
2025-07-11 02:00:00,0.6842,0.6905,0.6817,0.6901,45871472.0,31494309.7605
2025-07-11 03:00:00,0.6901,0.6907,0.6841,0.6874,35658512.0,24490988.1168
2025-07-11 04:00:00,0.6874,0.695,0.6827,0.695,49210612.0,33784622.5908
2025-07-11 05:00:00,0.695,0.701,0.6937,0.6953,63153843.0,44001200.371
2025-07-11 06:00:00,0.6953,0.7022,0.6874,0.6893,41951756.0,29204624.8742
2025-07-11 07:00:00,0.6893,0.7016,0.6852,0.6989,50388508.0,35000010.7152
2025-07-11 08:00:00,0.6989,0.7164,0.6979,0.7121,73866845.0,52346358.6921
2025-07-11 09:00:00,0.7121,0.7223,0.7095,0.7201,58730041.0,42148529.148
2025-07-11 10:00:00,0.7201,0.7341,0.7194,0.7332,63974247.0,46453324.9399
2025-07-11 11:00:00,0.7332,0.7374,0.7208,0.7276,69906993.0,50825876.376
2025-07-11 12:00:00,0.7276,0.7485,0.7274,0.7479,70202368.0,51536570.0462
2025-07-11 13:00:00,0.7479,0.7621,0.7393,0.7547,101827621.0,76328078.2821
2025-07-11 14:00:00,0.7547,0.7565,0.7428,0.7523,79352204.0,59507363.725
2025-07-11 15:00:00,0.7523,0.7771,0.7321,0.7375,128536373.0,97620651.2423
2025-07-11 16:00:00,0.7375,0.7433,0.7232,0.7294,100258288.0,73431066.5716
2025-07-11 17:00:00,0.7294,0.7359,0.7266,0.7341,33847565.0,24787219.8401
2025-07-11 18:00:00,0.7341,0.7458,0.7335,0.744,28514382.0,21088992.802
2025-07-11 19:00:00,0.744,0.7442,0.7341,0.7432,61437414.0,45456179.0377
2025-07-11 20:00:00,0.7432,0.7433,0.7211,0.7219,35469211.0,25907114.7926
2025-07-11 21:00:00,0.7219,0.7248,0.7085,0.7143,54771520.0,39282176.1831
2025-07-11 22:00:00,0.7143,0.7175,0.6935,0.7068,50163673.0,35327098.1606
2025-07-11 23:00:00,0.7068,0.7128,0.7062,0.7093,24182079.0,17172760.6483
2025-07-12 00:00:00,0.7093,0.7146,0.6992,0.7063,22927065.0,16191723.0435
2025-07-12 01:00:00,0.7063,0.7304,0.7063,0.7295,24575887.0,17801083.7568
2025-07-12 02:00:00,0.7295,0.7371,0.728,0.7291,30285816.0,22177205.69
2025-07-12 03:00:00,0.7291,0.7348,0.7254,0.7287,23122909.0,16878616.2018
2025-07-12 04:00:00,0.7287,0.7328,0.7187,0.7209,63396422.0,46015623.7503
2025-07-12 05:00:00,0.7209,0.7244,0.7129,0.7174,22608195.0,16260127.9065
2025-07-12 06:00:00,0.7174,0.7199,0.7112,0.718,47611969.0,34096474.5906
2025-07-12 07:00:00,0.718,0.7203,0.7116,0.7148,28553705.0,20439640.5179
2025-07-12 08:00:00,0.7148,0.7178,0.7109,0.7175,20641856.0,14760172.2522
2025-07-12 09:00:00,0.7175,0.7301,0.7161,0.7296,18107155.0,13105744.3367
2025-07-12 10:00:00,0.7296,0.7337,0.7225,0.7304,24731100.0,17988027.629
2025-07-12 11:00:00,0.7304,0.7349,0.7222,0.7229,26019095.0,18933160.6138
2025-07-12 12:00:00,0.7229,0.7246,0.7064,0.7134,40453782.0,28893860.7803
2025-07-12 13:00:00,0.7134,0.7139,0.7025,0.7114,31081812.0,22064407.5198
2025-07-12 14:00:00,0.7114,0.7187,0.7044,0.7057,31328686.0,22343968.0326
2025-07-12 15:00:00,0.7057,0.7073,0.6882,0.6933,57414595.0,39970631.8025
2025-07-12 16:00:00,0.6933,0.7039,0.6895,0.6969,50083488.0,35029513.7898
2025-07-12 17:00:00,0.6969,0.7085,0.6963,0.7072,30169298.0,21231144.5592
2025-07-12 18:00:00,0.7072,0.709,0.7036,0.7053,25025736.0,17667550.457
2025-07-12 19:00:00,0.7053,0.7091,0.7036,0.707,11164354.0,7888611.135
2025-07-12 20:00:00,0.707,0.7074,0.6959,0.696,9082830.0,6364676.9074
2025-07-12 21:00:00,0.696,0.7081,0.6952,0.708,17064669.0,11993315.3206
2025-07-12 22:00:00,0.708,0.7091,0.7015,0.7069,10625506.0,7495056.9313
2025-07-12 23:00:00,0.7069,0.7102,0.703,0.7087,7957295.0,5625655.8809
2025-07-13 00:00:00,0.7087,0.7127,0.7048,0.7077,37935626.0,26906879.7579
2025-07-13 01:00:00,0.7077,0.7184,0.706,0.7165,27169574.0,19302203.0365
2025-07-13 02:00:00,0.7165,0.7211,0.7111,0.7186,15153659.0,10837140.1652
2025-07-13 03:00:00,0.7186,0.7224,0.7152,0.7183,10161892.0,7309888.293
2025-07-13 04:00:00,0.7183,0.728,0.7155,0.7272,19005393.0,13689252.0014
2025-07-13 05:00:00,0.7272,0.7285,0.7209,0.7215,10683031.0,7743951.0507
2025-07-13 06:00:00,0.7215,0.7469,0.7212,0.7374,29387181.0,21676475.4459
2025-07-13 07:00:00,0.7374,0.748,0.7359,0.74,31244888.0,23114996.6769
2025-07-13 08:00:00,0.74,0.7435,0.7344,0.7372,21731185.0,16059302.8832
2025-07-13 09:00:00,0.7372,0.7401,0.7288,0.7303,15508365.0,11378346.1919
2025-07-13 10:00:00,0.7303,0.7358,0.7232,0.7253,16941086.0,12359378.4237
2025-07-13 11:00:00,0.7253,0.7305,0.7253,0.7289,41329014.0,30086462.4247
2025-07-13 12:00:00,0.7289,0.7393,0.7271,0.7391,35201329.0,25827052.2868
2025-07-13 13:00:00,0.7391,0.7454,0.7311,0.7441,52653178.0,38838623.5854
2025-07-13 14:00:00,0.7441,0.7539,0.7397,0.7445,70919422.0,52992973.0833
2025-07-13 15:00:00,0.7445,0.7559,0.7361,0.7415,67913074.0,50619303.3486
2025-07-13 16:00:00,0.7415,0.7441,0.7332,0.7341,23518564.0,17415288.2085
2025-07-13 17:00:00,0.7341,0.7427,0.7316,0.7407,13251035.0,9784669.3167
2025-07-13 18:00:00,0.7407,0.7504,0.7392,0.7457,22392099.0,16678034.5643
2025-07-13 19:00:00,0.7457,0.7527,0.7429,0.7445,31825968.0,23802111.821
2025-07-13 20:00:00,0.7445,0.7499,0.7405,0.7447,78841046.0,58713973.2689
2025-07-13 21:00:00,0.7447,0.7449,0.7275,0.7334,37878726.0,27906078.4496
2025-07-13 22:00:00,0.7334,0.7358,0.7263,0.7324,45865023.0,33526208.1555
2025-07-13 23:00:00,0.7324,0.7387,0.7316,0.7363,31636161.0,23273496.0907
2025-07-14 00:00:00,0.7363,0.7487,0.7339,0.7414,37625260.0,27892407.8587
2025-07-14 01:00:00,0.7414,0.7552,0.7392,0.752,27752128.0,20792494.7982
2025-07-14 02:00:00,0.752,0.7629,0.7482,0.7537,23346923.0,17628164.5906
2025-07-14 03:00:00,0.7537,0.7679,0.7516,0.7599,23368439.0,17784696.8176
2025-07-14 04:00:00,0.7599,0.7671,0.7591,0.7641,17819645.0,13604009.0564
2025-07-14 05:00:00,0.7641,0.7667,0.7451,0.7548,40454481.0,30661414.682
2025-07-14 06:00:00,0.7548,0.7551,0.7484,0.7516,47043368.0,35349535.0998
2025-07-14 07:00:00,0.7516,0.7655,0.7515,0.762,63673945.0,48317998.9284
2025-07-14 08:00:00,0.762,0.7629,0.7483,0.7547,42693791.0,32205012.2951
2025-07-14 09:00:00,0.7547,0.7648,0.751,0.7573,41177979.0,31147768.6688
2025-07-14 10:00:00,0.7573,0.7579,0.7479,0.7539,49382571.0,37141243.0375
2025-07-14 11:00:00,0.7539,0.757,0.7424,0.7468,60525949.0,45362993.23
2025-07-14 12:00:00,0.7468,0.7532,0.7438,0.7487,38127360.0,28496659.1241
2025-07-14 13:00:00,0.7487,0.761,0.7461,0.7571,48788538.0,36731896.62
2025-07-14 14:00:00,0.7571,0.7607,0.7386,0.7475,63232764.0,47393382.2184
2025-07-14 15:00:00,0.7475,0.7476,0.7277,0.7342,44776275.0,32998696.6465
2025-07-14 16:00:00,0.7342,0.7456,0.7292,0.7439,24213776.0,17874099.0942
2025-07-14 17:00:00,0.7439,0.7444,0.7351,0.7389,17446503.0,12895629.3525
2025-07-14 18:00:00,0.7389,0.7399,0.7302,0.7303,20837543.0,15329846.1791
2025-07-14 19:00:00,0.7303,0.7356,0.728,0.7315,15011665.0,10976105.881
2025-07-14 20:00:00,0.7315,0.7359,0.7211,0.7327,33700291.0,24550934.4555
2025-07-14 21:00:00,0.7327,0.7374,0.7301,0.7358,14559413.0,10685130.5671
2025-07-14 22:00:00,0.7358,0.7366,0.7319,0.7348,12197991.0,8952462.0155
2025-07-14 23:00:00,0.7348,0.7359,0.7303,0.7349,13711389.0,10051191.0877
2025-07-15 00:00:00,0.7349,0.7394,0.7254,0.728,24363225.0,17838208.3614
2025-07-15 01:00:00,0.728,0.7347,0.7202,0.7271,45969672.0,33374229.3955
2025-07-15 02:00:00,0.7271,0.731,0.717,0.7226,34204676.0,24748482.7696
2025-07-15 03:00:00,0.7226,0.7235,0.7104,0.7185,28412193.0,20339760.3443
2025-07-15 04:00:00,0.7185,0.7297,0.7118,0.7274,22995678.0,16646403.6465
2025-07-15 05:00:00,0.7274,0.7312,0.7227,0.7255,16557874.0,12040718.5596
2025-07-15 06:00:00,0.7255,0.7275,0.721,0.7233,33136309.0,23995371.6518
2025-07-15 07:00:00,0.7233,0.7267,0.7191,0.7195,34593783.0,25003540.141
2025-07-15 08:00:00,0.7195,0.7265,0.7136,0.7243,20508581.0,14790462.0707
2025-07-15 09:00:00,0.7243,0.7339,0.7239,0.7294,33149962.0,24221319.9603
2025-07-15 10:00:00,0.7294,0.737,0.7287,0.7317,21041170.0,15424442.4819
2025-07-15 11:00:00,0.7317,0.7351,0.7239,0.727,32830257.0,23865484.3785
2025-07-15 12:00:00,0.727,0.7378,0.7179,0.7319,144511112.0,105096484.3084
2025-07-15 13:00:00,0.7319,0.74,0.7289,0.7338,69789560.0,51273545.4454
2025-07-15 14:00:00,0.7338,0.7368,0.7121,0.7151,102281463.0,74325065.7457
2025-07-15 15:00:00,0.7151,0.7263,0.7109,0.7241,35337924.0,25464695.5997
2025-07-15 16:00:00,0.7241,0.7353,0.7229,0.7316,38810086.0,28311592.01
2025-07-15 17:00:00,0.7316,0.7462,0.7293,0.746,31743842.0,23450091.4
2025-07-15 18:00:00,0.746,0.7466,0.7285,0.7342,47999034.0,35399681.7794
2025-07-15 19:00:00,0.7342,0.7385,0.7204,0.7215,45365407.0,33115643.8327
2025-07-15 20:00:00,0.7215,0.7276,0.7188,0.7258,24516121.0,17750824.7724
2025-07-15 21:00:00,0.7258,0.7388,0.7245,0.7358,15737300.0,11533673.6619
2025-07-15 22:00:00,0.7358,0.7421,0.7324,0.7404,18071195.0,13317843.9734
2025-07-15 23:00:00,0.7404,0.7496,0.7404,0.7468,22089656.0,16478538.2619
2025-07-16 00:00:00,0.7468,0.7511,0.7419,0.7496,16465939.0,12298704.0644
2025-07-16 01:00:00,0.7496,0.7508,0.7456,0.7468,5341957.0,3999381.7848
2025-07-16 02:00:00,0.7468,0.7473,0.7326,0.7375,26456053.0,19541174.6206
2025-07-16 03:00:00,0.7375,0.7417,0.7366,0.7379,17706165.0,13090869.3719
2025-07-16 04:00:00,0.7379,0.7412,0.7329,0.7409,14113432.0,10413214.1535
2025-07-16 05:00:00,0.7409,0.7454,0.7403,0.7411,23605569.0,17540302.9436
2025-07-16 06:00:00,0.7411,0.7465,0.7387,0.7462,35118046.0,26085835.0012
2025-07-16 07:00:00,0.7462,0.7494,0.7433,0.7465,20488209.0,15281920.9038
2025-07-16 08:00:00,0.7465,0.7529,0.7442,0.7527,27545895.0,20645581.5457
2025-07-16 09:00:00,0.7527,0.755,0.7477,0.7503,33239065.0,24992953.3414
2025-07-16 10:00:00,0.7503,0.7506,0.7421,0.7422,17381247.0,12968214.4602
2025-07-16 11:00:00,0.7422,0.7469,0.7422,0.7444,15525045.0,11568221.0454
2025-07-16 12:00:00,0.7444,0.7524,0.7426,0.748,22452592.0,16785804.0251
2025-07-16 13:00:00,0.748,0.7543,0.7456,0.7502,22746549.0,17058111.9964
2025-07-16 14:00:00,0.7502,0.76,0.7441,0.7573,32310159.0,24280088.0168
2025-07-16 15:00:00,0.7573,0.7609,0.7425,0.7504,31890349.0,23942401.7151
2025-07-16 16:00:00,0.7504,0.7615,0.7476,0.7611,30593730.0,23130057.7866
2025-07-16 17:00:00,0.7611,0.7692,0.7596,0.7641,28801223.0,21998165.0048
2025-07-16 18:00:00,0.7641,0.771,0.7617,0.7628,32587447.0,24969507.7638
2025-07-16 19:00:00,0.7628,0.7659,0.7587,0.7641,25994034.0,19796698.7605
2025-07-16 20:00:00,0.7641,0.7818,0.7636,0.7749,55421563.0,42923765.3607
2025-07-16 21:00:00,0.7749,0.7848,0.7714,0.7772,47217244.0,36690280.322
2025-07-16 22:00:00,0.7772,0.783,0.7646,0.7671,33857425.0,26278269.8166
2025-07-16 23:00:00,0.7671,0.7684,0.7587,0.7645,24883108.0,18984090.9067
2025-07-17 00:00:00,0.7645,0.7727,0.7617,0.7635,26546575.0,20400655.9405
2025-07-17 01:00:00,0.7635,0.7672,0.7422,0.7491,37087920.0,27973968.962
2025-07-17 02:00:00,0.7491,0.7547,0.7477,0.754,16478015.0,12390442.367
2025-07-17 03:00:00,0.754,0.7544,0.7401,0.745,16094148.0,11989723.4998
2025-07-17 04:00:00,0.745,0.7539,0.742,0.7537,10444119.0,7825262.3654
2025-07-17 05:00:00,0.7537,0.7696,0.7497,0.7694,18328174.0,13946317.9404
2025-07-17 06:00:00,0.7694,0.7792,0.7669,0.7741,21848395.0,16881941.0859
2025-07-17 07:00:00,0.7741,0.7747,0.7649,0.7732,22030382.0,16944636.3964
2025-07-17 08:00:00,0.7732,0.7862,0.7677,0.7856,25958832.0,20119997.3064
2025-07-17 09:00:00,0.7856,0.8178,0.7831,0.8091,74533848.0,60088979.2301
2025-07-17 10:00:00,0.8091,0.8256,0.8082,0.8204,59076710.0,48265336.0571
2025-07-17 11:00:00,0.8204,0.821,0.8126,0.8156,34203761.0,27927596.2795
2025-07-17 12:00:00,0.8156,0.8192,0.7976,0.8101,57286992.0,46183265.8909
2025-07-17 13:00:00,0.8101,0.8123,0.7873,0.7977,64129342.0,51207694.4252
2025-07-17 14:00:00,0.7977,0.8072,0.7938,0.803,26702282.0,21382969.4239
2025-07-17 15:00:00,0.803,0.8047,0.7905,0.8027,30493359.0,24365740.9597
2025-07-17 16:00:00,0.8027,0.806,0.7852,0.7936,32802317.0,26019195.4435
2025-07-17 17:00:00,0.7936,0.8028,0.7859,0.8022,22955834.0,18225362.2602
2025-07-17 18:00:00,0.8022,0.8149,0.8002,0.8139,43281849.0,34944179.0941
2025-07-17 19:00:00,0.8139,0.8166,0.7972,0.7991,40929320.0,33144111.1819
2025-07-17 20:00:00,0.7991,0.8023,0.7877,0.7995,37886707.0,30136494.7667
2025-07-17 21:00:00,0.7995,0.8216,0.7994,0.8189,74053800.0,60132958.2802
2025-07-17 22:00:00,0.8189,0.8363,0.8154,0.8254,55408470.0,45662716.7191
2025-07-17 23:00:00,0.8254,0.8387,0.8207,0.8217,35706641.0,29680884.8268
2025-07-18 00:00:00,0.8217,0.8561,0.819,0.8561,57280192.0,47999731.7861
2025-07-18 01:00:00,0.8561,0.8644,0.845,0.8564,51432900.0,44010418.9913
2025-07-18 02:00:00,0.8564,0.8564,0.8422,0.8519,32208083.0,27385110.3779
2025-07-18 03:00:00,0.8519,0.8631,0.8494,0.86,21474318.0,18431088.173
2025-07-18 04:00:00,0.86,0.8682,0.8523,0.8615,30102571.0,25854607.6693
2025-07-18 05:00:00,0.8615,0.8797,0.8573,0.8782,31075759.0,27063573.2513
2025-07-18 06:00:00,0.8782,0.8795,0.8608,0.8784,24124627.0,20963375.8805
2025-07-18 07:00:00,0.8784,0.8956,0.8527,0.8542,64081984.0,56078637.5784
2025-07-18 08:00:00,0.8542,0.8675,0.8447,0.852,34306899.0,29363374.4988
2025-07-18 09:00:00,0.852,0.8576,0.8451,0.8565,30971897.0,26368131.9154
2025-07-18 10:00:00,0.8565,0.8597,0.8432,0.8573,23747092.0,20201600.8158
2025-07-18 11:00:00,0.8573,0.8583,0.8413,0.8514,22715714.0,19272824.8576
2025-07-18 12:00:00,0.8514,0.8606,0.847,0.8581,36618722.0,31271153.928
2025-07-18 13:00:00,0.8581,0.8612,0.8472,0.8571,37256464.0,31872468.2369
2025-07-18 14:00:00,0.8571,0.8629,0.8288,0.8382,54790339.0,46254125.4181
2025-07-18 15:00:00,0.8382,0.8382,0.809,0.8227,48289671.0,39769582.6421
2025-07-18 16:00:00,0.8227,0.8324,0.819,0.8295,32877195.0,27173485.8864
2025-07-18 17:00:00,0.8295,0.8353,0.8241,0.8309,24086958.0,19994185.4578
2025-07-18 18:00:00,0.8309,0.8311,0.8194,0.8213,25240640.0,20825010.5586
2025-07-18 19:00:00,0.8213,0.8259,0.8106,0.8175,41982037.0,34350438.8555
2025-07-18 20:00:00,0.8175,0.819,0.7962,0.8098,69886463.0,56417453.5568
2025-07-18 21:00:00,0.8098,0.8226,0.8089,0.8136,41834927.0,34189272.9131
2025-07-18 22:00:00,0.8136,0.8208,0.8075,0.8097,28742754.0,23362800.0664
2025-07-18 23:00:00,0.8097,0.8167,0.8027,0.8159,24378569.0,19751992.8933
2025-07-19 00:00:00,0.8159,0.8222,0.8076,0.8077,25649332.0,20939025.3885
2025-07-19 01:00:00,0.8077,0.8209,0.8017,0.8185,36308628.0,29555108.4334
2025-07-19 02:00:00,0.8185,0.8243,0.8129,0.8226,24426659.0,19973175.4636
2025-07-19 03:00:00,0.8226,0.8312,0.8222,0.827,24294490.0,20076357.6096
2025-07-19 04:00:00,0.827,0.837,0.8264,0.8308,36473272.0,30348452.981
2025-07-19 05:00:00,0.8308,0.8332,0.8246,0.8283,20406224.0,16890405.8954
2025-07-19 06:00:00,0.8283,0.8314,0.8196,0.8238,23143039.0,19078313.0394
2025-07-19 07:00:00,0.8238,0.8296,0.8221,0.8252,11843080.0,9780297.8509
2025-07-19 08:00:00,0.8252,0.8285,0.8184,0.8247,15034547.0,12363985.4834
2025-07-19 09:00:00,0.8247,0.8355,0.8228,0.8322,26857773.0,22302327.7968
2025-07-19 10:00:00,0.8322,0.8351,0.8262,0.8273,26967473.0,22380662.6534
2025-07-19 11:00:00,0.8273,0.831,0.8174,0.8189,28766751.0,23658272.1913
2025-07-19 12:00:00,0.8189,0.829,0.8139,0.8283,25440130.0,20873764.9756
2025-07-19 13:00:00,0.8283,0.8296,0.8216,0.8247,27387071.0,22624402.123
2025-07-19 14:00:00,0.8247,0.8261,0.8103,0.8118,37592896.0,30751736.2928
2025-07-19 15:00:00,0.8118,0.8257,0.8109,0.8216,26402397.0,21677621.8858
2025-07-19 16:00:00,0.8216,0.8294,0.8167,0.8261,22160397.0,18250527.1397
2025-07-19 17:00:00,0.8261,0.8278,0.8182,0.8208,24564397.0,20236157.0563
2025-07-19 18:00:00,0.8208,0.829,0.8189,0.8232,16928539.0,13954148.464
2025-07-19 19:00:00,0.8232,0.8348,0.8199,0.8291,28695841.0,23785935.0105
2025-07-19 20:00:00,0.8291,0.835,0.8281,0.8287,21841487.0,18162570.2991
2025-07-19 21:00:00,0.8287,0.831,0.8161,0.8242,36215659.0,29785737.3118
2025-07-19 22:00:00,0.8242,0.828,0.8203,0.8248,16701773.0,13777153.8703
2025-07-19 23:00:00,0.8248,0.8315,0.8237,0.8296,15721449.0,13019590.5967
2025-07-20 00:00:00,0.8296,0.8306,0.8228,0.8285,17474933.0,14428045.7368
2025-07-20 01:00:00,0.8285,0.8393,0.8272,0.8318,26572031.0,22193613.6434
2025-07-20 02:00:00,0.8318,0.835,0.8279,0.8319,20107403.0,16708709.6494
2025-07-20 03:00:00,0.8319,0.8455,0.8312,0.8401,22493169.0,18879202.0222
2025-07-20 04:00:00,0.8401,0.8468,0.835,0.8369,23358779.0,19628513.6031
2025-07-20 05:00:00,0.8369,0.8419,0.8308,0.8407,17984475.0,14997502.878
2025-07-20 06:00:00,0.8407,0.8407,0.8347,0.8349,20875488.0,17487109.0059
2025-07-20 07:00:00,0.8349,0.8494,0.8349,0.8448,21510563.0,18175189.5454
2025-07-20 08:00:00,0.8448,0.8565,0.8439,0.8565,24297930.0,20648823.6144
2025-07-20 09:00:00,0.8565,0.8619,0.848,0.8507,40536174.0,34619881.2251
2025-07-20 10:00:00,0.8507,0.8551,0.8478,0.8484,30252315.0,25754604.5044
2025-07-20 11:00:00,0.8484,0.8567,0.8481,0.8506,20291140.0,17282959.8507
2025-07-20 12:00:00,0.8506,0.8558,0.8463,0.8533,23797888.0,20232102.9347
2025-07-20 13:00:00,0.8533,0.8672,0.8524,0.8663,44485982.0,38227799.8666
2025-07-20 14:00:00,0.8663,0.871,0.8538,0.8644,55858653.0,48276737.4585
2025-07-20 15:00:00,0.8644,0.8734,0.8591,0.8709,42884326.0,37094881.2154
2025-07-20 16:00:00,0.8709,0.8762,0.8653,0.8716,60644815.0,52895034.5636
2025-07-20 17:00:00,0.8716,0.8733,0.8572,0.8588,50098224.0,43329684.6812
2025-07-20 18:00:00,0.8588,0.8706,0.8563,0.8705,36488531.0,31449836.5101
2025-07-20 19:00:00,0.8705,0.8787,0.8694,0.871,34597491.0,30210944.8869
2025-07-20 20:00:00,0.871,0.8785,0.8608,0.8712,36065388.0,31341964.9436
2025-07-20 21:00:00,0.8712,0.8737,0.8595,0.8737,36816153.0,31932310.2321
2025-07-20 22:00:00,0.8737,0.8743,0.8372,0.8576,50250855.0,43052066.9663
2025-07-20 23:00:00,0.8576,0.8633,0.8511,0.8579,31709632.0,27155881.0968
2025-07-21 00:00:00,0.8579,0.8602,0.8416,0.8531,42341818.0,35963199.7937
2025-07-21 01:00:00,0.8531,0.8604,0.8417,0.8567,26527295.0,22550126.4914
2025-07-21 02:00:00,0.8567,0.8696,0.8567,0.8692,15097506.0,13043692.0464
2025-07-21 03:00:00,0.8692,0.8708,0.8652,0.8662,10005065.0,8681273.3192
2025-07-21 04:00:00,0.8662,0.8711,0.8624,0.8679,10181201.0,8817281.503
2025-07-21 05:00:00,0.8679,0.8812,0.8664,0.8811,11484818.0,10028194.2335
2025-07-21 06:00:00,0.8811,0.8879,0.8785,0.8842,15572671.0,13751636.87
2025-07-21 07:00:00,0.8842,0.898,0.8842,0.8942,24834182.0,22168036.8825
2025-07-21 08:00:00,0.8942,0.905,0.8906,0.8943,33970175.0,30467072.535
2025-07-21 09:00:00,0.8943,0.896,0.881,0.8871,31171197.0,27677642.2102
2025-07-21 10:00:00,0.8871,0.8939,0.8806,0.8929,29673666.0,26306789.7012
2025-07-21 11:00:00,0.8929,0.9117,0.8917,0.9085,38031918.0,34316551.594
2025-07-21 12:00:00,0.9085,0.925,0.8998,0.9218,57662972.0,52689257.8056
2025-07-21 13:00:00,0.9218,0.9263,0.9143,0.9195,43537328.0,40059397.7436
2025-07-21 14:00:00,0.9195,0.934,0.9174,0.927,58348225.0,53928059.2088
2025-07-21 15:00:00,0.927,0.9272,0.9101,0.9123,39914972.0,36648611.675
2025-07-21 16:00:00,0.9123,0.9135,0.8883,0.8977,43345339.0,38948868.1283
2025-07-21 17:00:00,0.8977,0.9062,0.894,0.8998,37028907.0,33328534.5054
2025-07-21 18:00:00,0.8998,0.9038,0.8835,0.8847,34077196.0,30432290.3652
2025-07-21 19:00:00,0.8847,0.8925,0.8756,0.8767,40405822.0,35670006.9073
2025-07-21 20:00:00,0.8767,0.8888,0.8733,0.8799,29168437.0,25707030.4775
2025-07-21 21:00:00,0.8799,0.8856,0.8774,0.8848,22675724.0,20021251.2287
2025-07-21 22:00:00,0.8848,0.8916,0.8829,0.8891,16424231.0,14588358.7647
2025-07-21 23:00:00,0.8891,0.8918,0.8835,0.889,20564132.0,18246072.667
2025-07-22 00:00:00,0.889,0.8977,0.8857,0.8868,27644939.0,24631395.5198
2025-07-22 01:00:00,0.8868,0.9036,0.8652,0.9016,52261553.0,46181431.6303
2025-07-22 02:00:00,0.9016,0.9099,0.8878,0.8924,36161232.0,32555457.8402
2025-07-22 03:00:00,0.8924,0.8941,0.875,0.8865,38756844.0,34336233.0166
2025-07-22 04:00:00,0.8865,0.8865,0.8553,0.8558,34176886.0,29823520.3632
2025-07-22 05:00:00,0.8558,0.8754,0.8558,0.8713,27020989.0,23473729.8919
2025-07-22 06:00:00,0.8713,0.8795,0.8673,0.8763,20180937.0,17667144.9086
2025-07-22 07:00:00,0.8763,0.8839,0.8688,0.8713,16256261.0,14272030.0412
2025-07-22 08:00:00,0.8713,0.8714,0.8529,0.8652,38492691.0,33147910.7051
2025-07-22 09:00:00,0.8652,0.8712,0.8549,0.8694,26102186.0,22538693.3074
2025-07-22 10:00:00,0.8694,0.8784,0.8684,0.8784,20377617.0,17799343.3421
2025-07-22 11:00:00,0.8784,0.8835,0.8714,0.8782,30187560.0,26465777.719
2025-07-22 12:00:00,0.8782,0.8813,0.8734,0.8762,23364302.0,20503378.3657
2025-07-22 13:00:00,0.8762,0.8816,0.8632,0.865,32126007.0,28048847.9526
2025-07-22 14:00:00,0.865,0.8805,0.8563,0.8802,44947454.0,38975473.3061
2025-07-22 15:00:00,0.8802,0.8916,0.8788,0.881,52554533.0,46472206.8694
2025-07-22 16:00:00,0.881,0.8914,0.8767,0.8827,32565623.0,28801347.2027
2025-07-22 17:00:00,0.8827,0.8878,0.8735,0.8838,26865584.0,23669627.5173
2025-07-22 18:00:00,0.8838,0.894,0.8801,0.8893,21859491.0,19396728.8033
2025-07-22 19:00:00,0.8893,0.895,0.8755,0.8779,32826377.0,29068772.9832
2025-07-22 20:00:00,0.8779,0.8941,0.8763,0.8919,26860966.0,23815216.191
2025-07-22 21:00:00,0.8919,0.8938,0.887,0.8898,12996463.0,11569533.5028
2025-07-22 22:00:00,0.8898,0.8972,0.8898,0.8937,18103543.0,16195125.3006
2025-07-22 23:00:00,0.8937,0.9046,0.8931,0.9037,16411573.0,14788326.5569
2025-07-23 00:00:00,0.9037,0.904,0.8893,0.8904,21960137.0,19704606.3903
2025-07-23 01:00:00,0.8904,0.8908,0.8838,0.8884,16467880.0,14610588.9917
2025-07-23 02:00:00,0.8884,0.8908,0.8823,0.8866,15561670.0,13807769.5767
2025-07-23 03:00:00,0.8866,0.8876,0.8794,0.8814,11454927.0,10114820.1545
2025-07-23 04:00:00,0.8814,0.889,0.879,0.8889,9900044.0,8748163.7077
2025-07-23 05:00:00,0.8889,0.8892,0.8815,0.8833,15203115.0,13439532.2592
2025-07-23 06:00:00,0.8833,0.8838,0.871,0.8751,19595275.0,17182769.3591
2025-07-23 07:00:00,0.8751,0.8785,0.8663,0.868,17936997.0,15639735.0479
2025-07-23 08:00:00,0.868,0.8739,0.8661,0.8734,11915334.0,10366183.2336
2025-07-23 09:00:00,0.8734,0.8742,0.8615,0.8618,20213306.0,17479895.5902
2025-07-23 10:00:00,0.8618,0.8637,0.8552,0.8628,16600470.0,14265959.3765
2025-07-23 11:00:00,0.8628,0.8646,0.8578,0.8625,19144991.0,16497399.5751
2025-07-23 12:00:00,0.8625,0.8631,0.8291,0.8345,37515712.0,31808077.2172
2025-07-23 13:00:00,0.8345,0.8399,0.8085,0.8182,74017963.0,61225701.0982
2025-07-23 14:00:00,0.8182,0.8312,0.8148,0.8268,31283116.0,25812083.2255
2025-07-23 15:00:00,0.8268,0.8352,0.8169,0.8341,25711307.0,21259361.4606
2025-07-23 16:00:00,0.8341,0.8341,0.8117,0.8133,22902706.0,18825579.6969
2025-07-23 17:00:00,0.8133,0.8182,0.7995,0.8127,65190611.0,52751694.4647
2025-07-23 18:00:00,0.8127,0.8212,0.8112,0.8205,45365114.0,37002748.4003
2025-07-23 19:00:00,0.8205,0.8211,0.8128,0.8136,17090775.0,13979003.7548
2025-07-23 20:00:00,0.8136,0.8197,0.7922,0.8064,44028663.0,35400091.9331
2025-07-23 21:00:00,0.8064,0.811,0.7855,0.8069,34481812.0,27580386.1146
2025-07-23 22:00:00,0.8069,0.818,0.7998,0.8135,35773226.0,29001000.651
2025-07-23 23:00:00,0.8135,0.8206,0.8126,0.8157,17156154.0,14029851.4878
2025-07-24 00:00:00,0.8157,0.8245,0.8099,0.8245,21781782.0,17864764.6862
2025-07-24 01:00:00,0.8245,0.8245,0.8144,0.8236,8095081.0,6647086.5018
2025-07-24 02:00:00,0.8236,0.8242,0.8158,0.8186,15924647.0,13064774.2435
2025-07-24 03:00:00,0.8186,0.8248,0.8146,0.8158,25813299.0,21163234.1704
2025-07-24 04:00:00,0.8158,0.8177,0.798,0.8007,19100721.0,15432071.1419
2025-07-24 05:00:00,0.8007,0.8007,0.7774,0.7788,47151124.0,37308595.9929
2025-07-24 06:00:00,0.7788,0.7918,0.7615,0.7718,44681884.0,34733484.6255
2025-07-24 07:00:00,0.7718,0.7897,0.7611,0.7888,36715681.0,28608265.7103
2025-07-24 08:00:00,0.7888,0.8042,0.7851,0.8018,26781330.0,21393036.1813
2025-07-24 09:00:00,0.8018,0.8043,0.7934,0.8005,27084217.0,21655728.5391
2025-07-24 10:00:00,0.8005,0.8059,0.7867,0.7985,39049407.0,31025797.36
2025-07-24 11:00:00,0.7985,0.8167,0.7979,0.8151,50836770.0,41042040.5656
2025-07-24 12:00:00,0.8151,0.8183,0.8032,0.8102,37441738.0,30340284.4067
2025-07-24 13:00:00,0.8102,0.8159,0.8014,0.8025,54298313.0,43984856.78
2025-07-24 14:00:00,0.8025,0.8329,0.7967,0.8315,71813941.0,58476959.5975
2025-07-24 15:00:00,0.8315,0.8379,0.8171,0.823,76465275.0,63189118.6047
2025-07-24 16:00:00,0.823,0.8239,0.8046,0.8125,55633262.0,45332931.152
2025-07-24 17:00:00,0.8125,0.8278,0.8115,0.8231,49267741.0,40480773.2597
2025-07-24 18:00:00,0.8231,0.8275,0.814,0.8239,48521260.0,39926746.118
2025-07-24 19:00:00,0.8239,0.8266,0.8156,0.8165,18285951.0,15008216.8645
2025-07-24 20:00:00,0.8165,0.8253,0.8154,0.8247,17663960.0,14479558.0917
2025-07-24 21:00:00,0.8247,0.8256,0.8114,0.8139,23530206.0,19216997.6896
2025-07-24 22:00:00,0.8139,0.818,0.8083,0.8127,21964320.0,17857916.5962
2025-07-24 23:00:00,0.8127,0.8127,0.8007,0.8056,35574044.0,28658343.2707
2025-07-25 00:00:00,0.8056,0.8071,0.795,0.8012,68914377.0,55188659.1385
2025-07-25 01:00:00,0.8012,0.8115,0.7955,0.8086,47337152.0,38025324.2126
2025-07-25 02:00:00,0.8086,0.8118,0.7932,0.797,48797475.0,39226567.7065
2025-07-25 03:00:00,0.797,0.8014,0.7822,0.795,52247645.0,41437863.581
2025-07-25 04:00:00,0.795,0.8099,0.7896,0.8087,42833962.0,34222249.3074
2025-07-25 05:00:00,0.8087,0.8087,0.795,0.7962,43519765.0,34908320.971
2025-07-25 06:00:00,0.7962,0.8014,0.7904,0.7968,49037232.0,39015343.5107
2025-07-25 07:00:00,0.7968,0.8041,0.7853,0.7946,54903143.0,43691621.4712
2025-07-25 08:00:00,0.7946,0.8072,0.7878,0.7904,75803755.0,60385474.5461
2025-07-25 09:00:00,0.7904,0.8062,0.7868,0.8058,54546800.0,43530124.7285
2025-07-25 10:00:00,0.8058,0.8123,0.8024,0.8104,31428817.0,25390515.5267
2025-07-25 11:00:00,0.8104,0.817,0.8081,0.8101,31854801.0,25873837.6541
2025-07-25 12:00:00,0.8101,0.8185,0.8037,0.8082,52497749.0,42515886.3337
2025-07-25 13:00:00,0.8082,0.8095,0.798,0.8049,61961000.0,49853091.8719
2025-07-25 14:00:00,0.8049,0.8056,0.7766,0.7776,76565185.0,60486886.1634
2025-07-25 15:00:00,0.7776,0.7871,0.7743,0.7836,54668601.0,42663466.7373
2025-07-25 16:00:00,0.7836,0.7916,0.7792,0.7902,22719786.0,17832399.9402
2025-07-25 17:00:00,0.7902,0.7965,0.7887,0.795,26824786.0,21250392.3608
2025-07-25 18:00:00,0.795,0.797,0.7894,0.7912,18460317.0,14634285.345
2025-07-25 19:00:00,0.7912,0.7998,0.7891,0.7933,12907250.0,10250948.4985
2025-07-25 20:00:00,0.7933,0.8091,0.7931,0.8076,19096529.0,15313970.8898
2025-07-25 21:00:00,0.8076,0.8168,0.8076,0.8136,13573534.0,11025788.1752
2025-07-25 22:00:00,0.8136,0.8173,0.8113,0.8164,10250514.0,8342172.8541
2025-07-25 23:00:00,0.8164,0.8176,0.8133,0.8156,5578924.0,4547094.1946
2025-07-26 00:00:00,0.8156,0.8196,0.8118,0.8182,12148814.0,9919971.5633
2025-07-26 01:00:00,0.8182,0.8208,0.8135,0.814,11248636.0,9189247.2553
2025-07-26 02:00:00,0.814,0.8275,0.814,0.8262,23721460.0,19507450.6463
2025-07-26 03:00:00,0.8262,0.8266,0.8203,0.8248,5423987.0,4465943.8092
2025-07-26 04:00:00,0.8248,0.8272,0.823,0.8243,5004847.0,4130497.8011
2025-07-26 05:00:00,0.8243,0.8265,0.8214,0.8252,4630813.0,3815475.4096
2025-07-26 06:00:00,0.8252,0.8259,0.8178,0.8187,8611634.0,7070410.1933
2025-07-26 07:00:00,0.8187,0.82,0.8172,0.8186,11245746.0,9204573.9272
2025-07-26 08:00:00,0.8186,0.8254,0.8184,0.8233,11037856.0,9069568.6059
2025-07-26 09:00:00,0.8233,0.8277,0.8224,0.8267,8859660.0,7309135.277
2025-07-26 10:00:00,0.8267,0.8293,0.8243,0.8246,16255740.0,13443095.5397
2025-07-26 11:00:00,0.8246,0.8262,0.8208,0.8234,14863422.0,12239781.9476
2025-07-26 12:00:00,0.8234,0.8279,0.8207,0.8272,12372287.0,10202580.1864
2025-07-26 13:00:00,0.8272,0.8322,0.825,0.8292,13142410.0,10886304.2878
2025-07-26 14:00:00,0.8292,0.8341,0.8254,0.8275,17116560.0,14197121.6654
2025-07-26 15:00:00,0.8275,0.8327,0.8255,0.8326,15391520.0,12759073.4626
2025-07-26 16:00:00,0.8326,0.8385,0.8304,0.8343,20372128.0,17006314.7734
2025-07-26 17:00:00,0.8343,0.8346,0.8252,0.8266,15351144.0,12722936.1245
2025-07-26 18:00:00,0.8266,0.8297,0.8215,0.8279,20409252.0,16855266.0655
2025-07-26 19:00:00,0.8279,0.8304,0.8247,0.8289,11605747.0,9598904.9825
2025-07-26 20:00:00,0.8289,0.8292,0.8231,0.8251,14564229.0,12026942.7618
2025-07-26 21:00:00,0.8251,0.8297,0.8233,0.8289,6931199.0,5724292.9834
2025-07-26 22:00:00,0.8289,0.8325,0.8233,0.8238,20331592.0,16828325.8376
2025-07-26 23:00:00,0.8238,0.8247,0.8185,0.8195,14800053.0,12160101.7021
2025-07-27 00:00:00,0.8195,0.824,0.8176,0.8232,12993973.0,10667398.1718
2025-07-27 01:00:00,0.8232,0.829,0.8207,0.8255,11165531.0,9228924.5885
2025-07-27 02:00:00,0.8255,0.8319,0.8234,0.83,9760768.0,8075875.9475
2025-07-27 03:00:00,0.83,0.8317,0.826,0.8285,6162096.0,5105550.201
2025-07-27 04:00:00,0.8285,0.8338,0.8259,0.8331,8981574.0,7458227.4641
2025-07-27 05:00:00,0.8331,0.8394,0.832,0.8343,12268241.0,10254400.6735
2025-07-27 06:00:00,0.8343,0.8343,0.8271,0.828,10089598.0,8374764.1366
2025-07-27 07:00:00,0.828,0.8287,0.822,0.8236,13236853.0,10929797.1949
2025-07-27 08:00:00,0.8236,0.8243,0.8171,0.8198,12871646.0,10556431.2951
2025-07-27 09:00:00,0.8198,0.8206,0.814,0.8156,11790089.0,9635148.7339
2025-07-27 10:00:00,0.8156,0.8316,0.8153,0.8293,20659879.0,17023385.6505
2025-07-27 11:00:00,0.8293,0.831,0.822,0.8232,15887708.0,13133690.7915
2025-07-27 12:00:00,0.8232,0.8276,0.8174,0.8271,18303328.0,15063565.7697
2025-07-27 13:00:00,0.8271,0.8301,0.818,0.8186,19326016.0,15909403.6658
2025-07-27 14:00:00,0.8186,0.8237,0.8147,0.8186,20870022.0,17095914.9773
2025-07-27 15:00:00,0.8186,0.822,0.8144,0.8216,20709124.0,16947700.0289
2025-07-27 16:00:00,0.8216,0.8335,0.8212,0.8246,37711105.0,31214659.9346
2025-07-27 17:00:00,0.8246,0.8271,0.8191,0.8266,32614683.0,26842487.1811
2025-07-27 18:00:00,0.8266,0.8297,0.8254,0.8278,23117392.0,19130255.4798
2025-07-27 19:00:00,0.8278,0.8292,0.8229,0.8245,17413284.0,14377066.6066
2025-07-27 20:00:00,0.8245,0.8307,0.8245,0.8269,11366039.0,9415281.8085
2025-07-27 21:00:00,0.8269,0.8317,0.8253,0.8315,12939842.0,10713627.7787
2025-07-27 22:00:00,0.8315,0.8389,0.8311,0.8336,21846100.0,18256878.5009
2025-07-27 23:00:00,0.8336,0.8336,0.8264,0.8317,17254313.0,14314536.0587
2025-07-28 00:00:00,0.8317,0.8415,0.8283,0.8317,22217030.0,18567139.8773
2025-07-28 01:00:00,0.8317,0.8341,0.8238,0.8275,15097857.0,12489947.9533
2025-07-28 02:00:00,0.8275,0.8447,0.8247,0.8412,27420925.0,22926883.6938
2025-07-28 03:00:00,0.8412,0.8444,0.8365,0.842,13352320.0,11207629.0721
2025-07-28 04:00:00,0.842,0.8443,0.8347,0.8428,13396235.0,11253001.3848
2025-07-28 05:00:00,0.8428,0.8559,0.8407,0.8525,14958899.0,12704965.6352
2025-07-28 06:00:00,0.8525,0.8544,0.8448,0.8469,11014781.0,9353061.9051
2025-07-28 07:00:00,0.8469,0.8475,0.8343,0.838,16445896.0,13799099.3983
2025-07-28 08:00:00,0.838,0.8405,0.8308,0.835,14307479.0,11952174.6601
2025-07-28 09:00:00,0.835,0.8369,0.8287,0.8357,11685159.0,9730870.8224
2025-07-28 10:00:00,0.8357,0.8384,0.8266,0.8292,17632156.0,14659499.5825
2025-07-28 11:00:00,0.8292,0.8311,0.8236,0.8297,13724951.0,11353133.1318
2025-07-28 12:00:00,0.8297,0.8341,0.8256,0.8292,16148984.0,13408537.5261
2025-07-28 13:00:00,0.8292,0.8296,0.8143,0.8186,38442262.0,31539613.0251
2025-07-28 14:00:00,0.8186,0.821,0.8015,0.8043,44549680.0,36048106.151
2025-07-28 15:00:00,0.8043,0.8118,0.8012,0.8054,22135824.0,17859952.6055
2025-07-28 16:00:00,0.8054,0.8094,0.8008,0.8044,32838476.0,26417521.4699
2025-07-28 17:00:00,0.8044,0.8069,0.7979,0.8001,38505918.0,30880095.0622
2025-07-28 18:00:00,0.8001,0.8006,0.791,0.796,35390610.0,28145000.3469
2025-07-28 19:00:00,0.796,0.8024,0.7917,0.7975,18600775.0,14819634.6003
2025-07-28 20:00:00,0.7975,0.7989,0.7884,0.792,32744378.0,25956091.657
2025-07-28 21:00:00,0.792,0.7985,0.7885,0.7931,19078073.0,15118939.0475
2025-07-28 22:00:00,0.7931,0.7952,0.7855,0.7916,28093300.0,22202659.8527
2025-07-28 23:00:00,0.7916,0.795,0.7884,0.7928,18487394.0,14637814.6951
2025-07-29 00:00:00,0.7928,0.7997,0.7831,0.7938,35428771.0,28055166.028
2025-07-29 01:00:00,0.7938,0.7973,0.787,0.7872,20061903.0,15881192.044
2025-07-29 02:00:00,0.7872,0.7893,0.7794,0.7823,31909949.0,25025496.6932
2025-07-29 03:00:00,0.7823,0.7941,0.7816,0.793,10824702.0,8532112.5851
2025-07-29 04:00:00,0.793,0.7955,0.7876,0.7882,5342277.0,4234571.2467
2025-07-29 05:00:00,0.7882,0.796,0.7881,0.796,6818795.0,5402250.0458
2025-07-29 06:00:00,0.796,0.8029,0.7941,0.8008,14872363.0,11884920.241
2025-07-29 07:00:00,0.8008,0.8092,0.8008,0.8079,13657299.0,10994905.1143
2025-07-29 08:00:00,0.8079,0.8095,0.8012,0.8029,13348973.0,10745824.5281
2025-07-29 09:00:00,0.8029,0.8041,0.7986,0.8013,15039874.0,12048643.0276
2025-07-29 10:00:00,0.8013,0.8023,0.7892,0.7906,26081049.0,20733528.7318
2025-07-29 11:00:00,0.7906,0.7968,0.7898,0.7959,16215869.0,12869108.1228
2025-07-29 12:00:00,0.7959,0.8049,0.7949,0.801,24173798.0,19349482.989
2025-07-29 13:00:00,0.801,0.8038,0.7903,0.792,22920718.0,18289480.3956
2025-07-29 14:00:00,0.792,0.7923,0.7746,0.7802,46611240.0,36530852.2277
2025-07-29 15:00:00,0.7802,0.7842,0.7753,0.7808,34710060.0,27047277.5317
2025-07-29 16:00:00,0.7808,0.782,0.769,0.7802,41177209.0,31954059.0688
2025-07-29 17:00:00,0.7802,0.7866,0.7794,0.7819,25435026.0,19912533.8042
2025-07-29 18:00:00,0.7819,0.7834,0.7773,0.7816,21726512.0,16953935.9588
2025-07-29 19:00:00,0.7816,0.7855,0.775,0.7765,17628717.0,13726599.32
2025-07-29 20:00:00,0.7765,0.7806,0.7695,0.7746,28503535.0,22043586.0658
2025-07-29 21:00:00,0.7746,0.7845,0.771,0.7819,10993885.0,8530981.6444
2025-07-29 22:00:00,0.7819,0.7835,0.7762,0.7824,11573494.0,9026424.4198
2025-07-29 23:00:00,0.7824,0.7849,0.7801,0.7824,11620705.0,9092648.9235
2025-07-30 00:00:00,0.7824,0.7827,0.7744,0.78,19629826.0,15285979.5003
2025-07-30 01:00:00,0.78,0.7875,0.7731,0.7847,18535099.0,14452273.0171
2025-07-30 02:00:00,0.7847,0.7894,0.7829,0.7859,16130409.0,12688959.6054
2025-07-30 03:00:00,0.7859,0.7883,0.7833,0.7849,8752663.0,6870532.0665
2025-07-30 04:00:00,0.7849,0.7875,0.7777,0.7793,9720854.0,7601106.5366
2025-07-30 05:00:00,0.7793,0.7851,0.7744,0.7832,17229663.0,13449092.6472
2025-07-30 06:00:00,0.7832,0.7861,0.7807,0.785,11769989.0,9225798.1942
2025-07-30 07:00:00,0.785,0.7863,0.7766,0.7787,20215956.0,15772159.564
2025-07-30 08:00:00,0.7787,0.7841,0.7755,0.7794,18672681.0,14552704.8737
2025-07-30 09:00:00,0.7794,0.781,0.7685,0.7687,19283463.0,14916318.1376
2025-07-30 10:00:00,0.7687,0.7754,0.765,0.7667,19267572.0,14850270.9781
2025-07-30 11:00:00,0.7667,0.7706,0.7516,0.7563,44584323.0,33889253.1112
2025-07-30 12:00:00,0.7563,0.7632,0.7518,0.7604,39027475.0,29576402.9915
2025-07-30 13:00:00,0.7604,0.764,0.7557,0.7617,32325019.0,24567468.4308
2025-07-30 14:00:00,0.7617,0.777,0.7583,0.7764,47673420.0,36541448.027
2025-07-30 15:00:00,0.7764,0.7772,0.7684,0.7732,21259892.0,16421972.3419
2025-07-30 16:00:00,0.7732,0.7788,0.7706,0.7733,18246851.0,14117584.5326
2025-07-30 17:00:00,0.7733,0.7768,0.7714,0.7746,15448257.0,11957554.5914
2025-07-30 18:00:00,0.7746,0.7785,0.7553,0.7557,57662515.0,44171492.8883
2025-07-30 19:00:00,0.7557,0.7625,0.7294,0.7599,103491603.0,77370243.0703
2025-07-30 20:00:00,0.7599,0.7672,0.7577,0.759,71105727.0,54262824.4102
2025-07-30 21:00:00,0.759,0.762,0.7518,0.7581,21075907.0,15974793.4757
2025-07-30 22:00:00,0.7581,0.7605,0.7523,0.7556,80783030.0,61041003.4779
2025-07-30 23:00:00,0.7556,0.7646,0.7552,0.7628,35375820.0,26912695.236
2025-07-31 00:00:00,0.7628,0.773,0.7617,0.772,27941285.0,21429643.689
2025-07-31 01:00:00,0.772,0.7755,0.7684,0.7729,23734727.0,18315328.6913
2025-07-31 02:00:00,0.7729,0.7769,0.7712,0.7757,12230334.0,9463787.9676
2025-07-31 03:00:00,0.7757,0.7815,0.7748,0.779,7890218.0,6135187.5131
2025-07-31 04:00:00,0.779,0.7822,0.7774,0.7812,7308340.0,5699215.5579
2025-07-31 05:00:00,0.7812,0.7837,0.7801,0.7813,9668698.0,7559556.926
2025-07-31 06:00:00,0.7813,0.7839,0.7784,0.7827,11852641.0,9250172.317
2025-07-31 07:00:00,0.7827,0.7831,0.7796,0.7817,7199948.0,5625857.2185
2025-07-31 08:00:00,0.7817,0.7881,0.7811,0.7862,11593256.0,9101948.4133
2025-07-31 09:00:00,0.7862,0.7885,0.7842,0.787,14145701.0,11113498.2444
2025-07-31 10:00:00,0.787,0.7875,0.7833,0.7839,16032978.0,12582982.1599
2025-07-31 11:00:00,0.7839,0.785,0.7752,0.7782,30805481.0,24011119.8696
2025-07-31 12:00:00,0.7782,0.7792,0.7698,0.7735,38204221.0,29589845.1282
2025-07-31 13:00:00,0.7735,0.7735,0.7597,0.7658,54035441.0,41351318.3223
2025-07-31 14:00:00,0.7658,0.7687,0.755,0.755,45745101.0,34764660.3464
2025-07-31 15:00:00,0.755,0.7627,0.7521,0.7613,27968673.0,21212485.3316
2025-07-31 16:00:00,0.7613,0.7753,0.76,0.7688,30680246.0,23565198.1163
2025-07-31 17:00:00,0.7688,0.7691,0.7554,0.757,29482861.0,22427026.8537
2025-07-31 18:00:00,0.757,0.7612,0.7507,0.7575,34166811.0,25831321.897
2025-07-31 19:00:00,0.7575,0.7592,0.7492,0.7515,25433657.0,19144120.0617
2025-07-31 20:00:00,0.7515,0.7536,0.7458,0.7493,20709601.0,15514050.7766
2025-07-31 21:00:00,0.7493,0.7545,0.7417,0.7493,22580994.0,16907132.7379
2025-07-31 22:00:00,0.7493,0.7493,0.7389,0.7413,26829176.0,19943173.4861
2025-07-31 23:00:00,0.7413,0.7469,0.7352,0.7388,21865501.0,16195449.3937
2025-08-01 00:00:00,0.7388,0.7408,0.7168,0.7325,42677763.0,31201759.5789
2025-08-01 01:00:00,0.7325,0.7348,0.7211,0.7301,36288327.0,26407551.9813
2025-08-01 02:00:00,0.7301,0.739,0.7279,0.7376,21667714.0,15909703.0179
2025-08-01 03:00:00,0.7376,0.7399,0.7336,0.7344,7031408.0,5180655.3739
2025-08-01 04:00:00,0.7344,0.7344,0.7279,0.7285,18430768.0,13449999.3452
2025-08-01 05:00:00,0.7285,0.7317,0.7219,0.725,15180077.0,11024315.5515
2025-08-01 06:00:00,0.725,0.7263,0.7177,0.7258,24370751.0,17600507.9396
2025-08-01 07:00:00,0.7258,0.7282,0.7208,0.7243,19590523.0,14187145.2193
2025-08-01 08:00:00,0.7243,0.7243,0.7094,0.7176,44573266.0,31956141.1066
2025-08-01 09:00:00,0.7176,0.7259,0.7168,0.7183,18202236.0,13141977.6868
2025-08-01 10:00:00,0.7183,0.7238,0.7174,0.7224,19109513.0,13773753.5752
2025-08-01 11:00:00,0.7224,0.7274,0.7189,0.7266,14510723.0,10489492.9143
2025-08-01 12:00:00,0.7266,0.7338,0.7233,0.7274,28895944.0,21028597.1
2025-08-01 13:00:00,0.7274,0.7314,0.7083,0.7138,43334906.0,31245515.3338
2025-08-01 14:00:00,0.7138,0.7378,0.7087,0.7352,42824556.0,31146545.0168
2025-08-01 15:00:00,0.7352,0.7364,0.7248,0.7327,33774482.0,24667010.6104
2025-08-01 16:00:00,0.7327,0.7378,0.7224,0.7247,23699629.0,17339319.3823
2025-08-01 17:00:00,0.7247,0.7292,0.7177,0.7225,34695136.0,25078100.4632
2025-08-01 18:00:00,0.7225,0.7299,0.7159,0.7252,26880695.0,19445476.9495
2025-08-01 19:00:00,0.7252,0.7337,0.7233,0.7311,20946261.0,15253054.038
2025-08-01 20:00:00,0.7311,0.7332,0.712,0.7243,30796307.0,22215881.2628
2025-08-01 21:00:00,0.7243,0.7296,0.7221,0.7229,17171777.0,12472554.5232
2025-08-01 22:00:00,0.7229,0.7237,0.6956,0.7045,75106426.0,53163798.0946
2025-08-01 23:00:00,0.7045,0.7166,0.7016,0.7139,19335890.0,13765958.632
2025-08-02 00:00:00,0.7139,0.7198,0.711,0.7197,15910274.0,11393578.2546
2025-08-02 01:00:00,0.7197,0.7222,0.7155,0.7216,16952865.0,12179717.0978
2025-08-02 02:00:00,0.7216,0.7232,0.7202,0.7219,5172114.0,3734302.6858
2025-08-02 03:00:00,0.7219,0.7238,0.7196,0.7211,4244507.0,3064260.7505
2025-08-02 04:00:00,0.7211,0.7274,0.7194,0.7268,7957556.0,5751382.9234
2025-08-02 05:00:00,0.7268,0.7273,0.7237,0.7242,5361149.0,3890682.0972
2025-08-02 06:00:00,0.7242,0.7247,0.7058,0.711,31713055.0,22622546.3869
2025-08-02 07:00:00,0.711,0.7228,0.7052,0.7225,19572646.0,13971659.4105
2025-08-02 08:00:00,0.7225,0.7239,0.7129,0.7136,15774465.0,11318680.7623
2025-08-02 09:00:00,0.7136,0.7176,0.7115,0.7147,15674360.0,11193616.7565
2025-08-02 10:00:00,0.7147,0.7154,0.706,0.7107,21207632.0,15046632.3734
2025-08-02 11:00:00,0.7107,0.7186,0.7068,0.7144,16203958.0,11557802.2701
2025-08-02 12:00:00,0.7144,0.715,0.7086,0.7141,49230389.0,35033031.0701
2025-08-02 13:00:00,0.7141,0.717,0.7082,0.7148,23173197.0,16519083.2995
2025-08-02 14:00:00,0.7148,0.716,0.6997,0.7031,29936868.0,21110265.6078
2025-08-02 15:00:00,0.7031,0.7084,0.6961,0.6988,29335059.0,20589600.1145
2025-08-02 16:00:00,0.6988,0.705,0.6912,0.7011,39324306.0,27433420.3668
2025-08-02 17:00:00,0.7011,0.7059,0.6899,0.6929,26013337.0,18181217.2846
2025-08-02 18:00:00,0.6929,0.6966,0.6839,0.6877,43315080.0,29885695.9482
2025-08-02 19:00:00,0.6877,0.7007,0.6856,0.6939,27965191.0,19428767.7927
2025-08-02 20:00:00,0.6939,0.7012,0.6937,0.7003,16545807.0,11538312.9029
2025-08-02 21:00:00,0.7003,0.7043,0.6968,0.7007,11714516.0,8204887.0475
2025-08-02 22:00:00,0.7007,0.7049,0.6958,0.7022,11545630.0,8098340.5512
2025-08-02 23:00:00,0.7022,0.7031,0.6916,0.6971,23898121.0,16647483.4385
2025-08-03 00:00:00,0.6971,0.7043,0.6863,0.7029,27210847.0,18954865.7729
2025-08-03 01:00:00,0.7029,0.7068,0.6999,0.7039,16390270.0,11535810.1554
2025-08-03 02:00:00,0.7039,0.7134,0.7039,0.7126,12411976.0,8801666.5902
2025-08-03 03:00:00,0.7126,0.7174,0.7111,0.7156,5292659.0,3777664.0184
2025-08-03 04:00:00,0.7156,0.7161,0.7116,0.7142,6792008.0,4850645.2444
2025-08-03 05:00:00,0.7142,0.7155,0.7122,0.7135,3568488.0,2548253.569
2025-08-03 06:00:00,0.7135,0.7181,0.7119,0.7179,5256054.0,3760134.3147
2025-08-03 07:00:00,0.7179,0.725,0.7179,0.7215,20403961.0,14700384.8462
2025-08-03 08:00:00,0.7215,0.7252,0.7207,0.7236,11608865.0,8392534.1873
2025-08-03 09:00:00,0.7236,0.7242,0.7204,0.7227,8731287.0,6308409.0099
2025-08-03 10:00:00,0.7227,0.7256,0.7224,0.7231,13753045.0,9959138.0123
2025-08-03 11:00:00,0.7231,0.7289,0.7217,0.7236,17727002.0,12847423.7671
2025-08-03 12:00:00,0.7236,0.7263,0.7211,0.7243,14665574.0,10611471.9872
2025-08-03 13:00:00,0.7243,0.7257,0.7211,0.7225,16644575.0,12039903.5945
2025-08-03 14:00:00,0.7225,0.7248,0.7173,0.7236,30821396.0,22195677.6014
2025-08-03 15:00:00,0.7236,0.727,0.7211,0.7256,12678475.0,9187709.2031
2025-08-03 16:00:00,0.7256,0.7283,0.722,0.7268,13022481.0,9440623.5937
2025-08-03 17:00:00,0.7268,0.7288,0.7247,0.7271,10772588.0,7822777.342
2025-08-03 18:00:00,0.7271,0.7275,0.7221,0.7246,12294389.0,8912589.6764
2025-08-03 19:00:00,0.7246,0.7275,0.7227,0.7241,9325924.0,6755920.5806
2025-08-03 20:00:00,0.7241,0.7258,0.7218,0.7251,7007447.0,5068791.7786
2025-08-03 21:00:00,0.7251,0.7268,0.724,0.7259,3233013.0,2344987.7085
2025-08-03 22:00:00,0.7259,0.7282,0.7217,0.7259,9812681.0,7110591.9098
2025-08-03 23:00:00,0.7259,0.7307,0.7248,0.7267,8242660.0,5994248.7088
2025-08-04 00:00:00,0.7267,0.742,0.7247,0.7409,14811174.0,10859567.3864
2025-08-04 01:00:00,0.7409,0.7429,0.732,0.7327,10696164.0,7893281.7594
2025-08-04 02:00:00,0.7327,0.7395,0.7294,0.7395,7995856.0,5868971.0414
2025-08-04 03:00:00,0.7395,0.7401,0.7349,0.7363,5993425.0,4416331.6919
2025-08-04 04:00:00,0.7363,0.739,0.7334,0.7339,7650988.0,5625263.8387
2025-08-04 05:00:00,0.7339,0.7352,0.7304,0.7347,14804237.0,10840016.8516
2025-08-04 06:00:00,0.7347,0.7373,0.7292,0.7357,17660443.0,12940327.4854
2025-08-04 07:00:00,0.7357,0.742,0.7344,0.741,14794369.0,10915451.1015
2025-08-04 08:00:00,0.741,0.7427,0.7368,0.7387,19995441.0,14794134.3026
2025-08-04 09:00:00,0.7387,0.7415,0.7346,0.7357,16087059.0,11875225.9351
2025-08-04 10:00:00,0.7357,0.7411,0.7344,0.739,8239780.0,6078261.1889
2025-08-04 11:00:00,0.739,0.7395,0.7354,0.7379,5035372.0,3713558.3494
2025-08-04 12:00:00,0.7379,0.7413,0.737,0.7407,10716406.0,7923606.2711
2025-08-04 13:00:00,0.7407,0.7491,0.7358,0.7478,37590559.0,27909757.0704
2025-08-04 14:00:00,0.7478,0.7542,0.7427,0.7449,33326834.0,24981647.4137
2025-08-04 15:00:00,0.7449,0.7499,0.7416,0.7442,16646200.0,12413826.1554
2025-08-04 16:00:00,0.7442,0.7535,0.7442,0.7517,16794091.0,12589066.4373
2025-08-04 17:00:00,0.7517,0.7586,0.7491,0.7504,19289074.0,14542475.0803
2025-08-04 18:00:00,0.7504,0.7519,0.7444,0.7457,11047674.0,8260396.4072
2025-08-04 19:00:00,0.7457,0.747,0.7411,0.7435,19663377.0,14617624.8776
2025-08-04 20:00:00,0.7435,0.7504,0.7426,0.7491,15695263.0,11716872.461
2025-08-04 21:00:00,0.7491,0.7547,0.7488,0.7526,16714297.0,12573137.4185
2025-08-04 22:00:00,0.7526,0.7572,0.7526,0.7572,10902008.0,8225662.4015
2025-08-04 23:00:00,0.7572,0.7576,0.7532,0.7544,6661943.0,5030359.0405
2025-08-05 00:00:00,0.7544,0.7584,0.7511,0.7576,9709971.0,7326977.4523
2025-08-05 01:00:00,0.7576,0.7599,0.7514,0.7525,12247529.0,9259752.7043
2025-08-05 02:00:00,0.7525,0.7575,0.7512,0.7542,11593741.0,8733845.3265
2025-08-05 03:00:00,0.7542,0.7542,0.7454,0.7467,17826358.0,13337904.058
2025-08-05 04:00:00,0.7467,0.7495,0.7443,0.7461,10726601.0,8007078.347
2025-08-05 05:00:00,0.7461,0.7497,0.7458,0.7493,9556506.0,7148385.87
2025-08-05 06:00:00,0.7493,0.7513,0.7405,0.7429,11225764.0,8388686.8752
2025-08-05 07:00:00,0.7429,0.7445,0.7335,0.7353,24888814.0,18369163.1103
2025-08-05 08:00:00,0.7353,0.7395,0.7327,0.737,20562619.0,15136398.71
2025-08-05 09:00:00,0.737,0.749,0.7368,0.7476,26525006.0,19722167.2007
2025-08-05 10:00:00,0.7476,0.7583,0.7455,0.7543,36051122.0,27100622.0788
2025-08-05 11:00:00,0.7543,0.7555,0.75,0.7512,26494998.0,19930556.0353
2025-08-05 12:00:00,0.7512,0.7519,0.7365,0.7396,40719427.0,30307255.5606
2025-08-05 13:00:00,0.7396,0.7447,0.7378,0.7427,34613199.0,25653556.9777
2025-08-05 14:00:00,0.7427,0.7433,0.7218,0.7258,51114156.0,37253777.7666
2025-08-05 15:00:00,0.7258,0.7308,0.7189,0.7227,22889064.0,16591066.4652
2025-08-05 16:00:00,0.7227,0.7298,0.7204,0.7241,28416468.0,20597957.6028
2025-08-05 17:00:00,0.7241,0.7292,0.7227,0.7285,15408366.0,11190720.5547
2025-08-05 18:00:00,0.7285,0.7291,0.7191,0.7247,16809386.0,12172630.4106
2025-08-05 19:00:00,0.7247,0.7274,0.7181,0.72,17951684.0,12953993.8986
2025-08-05 20:00:00,0.72,0.7261,0.72,0.7211,15677411.0,11334324.5749
2025-08-05 21:00:00,0.7211,0.7238,0.716,0.7178,14274178.0,10285367.5084
2025-08-05 22:00:00,0.7178,0.7234,0.7131,0.723,27020189.0,19425331.9493
2025-08-05 23:00:00,0.723,0.7282,0.7225,0.7255,28601690.0,20763846.6288
2025-08-06 00:00:00,0.7255,0.7255,0.7167,0.7182,12627838.0,9106455.0412
2025-08-06 01:00:00,0.7182,0.7198,0.715,0.7193,16094024.0,11547686.4482
2025-08-06 02:00:00,0.7193,0.7193,0.7141,0.7168,7544799.0,5411983.007
2025-08-06 03:00:00,0.7168,0.7172,0.7123,0.7129,13895754.0,9924450.3822
2025-08-06 04:00:00,0.7129,0.714,0.7102,0.7137,12682065.0,9030800.5907
2025-08-06 05:00:00,0.7137,0.73,0.7124,0.7249,24520593.0,17761441.993
2025-08-06 06:00:00,0.7249,0.7272,0.7194,0.7247,12127315.0,8765424.746
2025-08-06 07:00:00,0.7247,0.7282,0.7225,0.7267,10987103.0,7971789.7674
2025-08-06 08:00:00,0.7267,0.7278,0.7201,0.7234,17555622.0,12709983.1266
2025-08-06 09:00:00,0.7234,0.7295,0.7211,0.7261,9574058.0,6944951.7227
2025-08-06 10:00:00,0.7261,0.7275,0.7218,0.7237,21120423.0,15314327.2535
2025-08-06 11:00:00,0.7237,0.7289,0.7225,0.7258,9927041.0,7206327.7028
2025-08-06 12:00:00,0.7258,0.7282,0.7191,0.7222,19802689.0,14327561.8497
2025-08-06 13:00:00,0.7222,0.7286,0.7212,0.7261,31668627.0,22970582.872
2025-08-06 14:00:00,0.7261,0.7352,0.7225,0.7351,31331410.0,22862843.1345
2025-08-06 15:00:00,0.7351,0.7426,0.7314,0.7415,18878106.0,13882421.7222
2025-08-06 16:00:00,0.7415,0.7442,0.735,0.7368,21359874.0,15788244.6935
2025-08-06 17:00:00,0.7368,0.7435,0.7344,0.7432,13785818.0,10190037.0594
2025-08-06 18:00:00,0.7432,0.7477,0.7421,0.7423,23557363.0,17545880.0478
2025-08-06 19:00:00,0.7423,0.7442,0.7402,0.7425,11964042.0,8874499.3738
2025-08-06 20:00:00,0.7425,0.7433,0.7384,0.7395,13501994.0,9997306.2689
2025-08-06 21:00:00,0.7395,0.7428,0.7375,0.74,9812318.0,7263801.3111
2025-08-06 22:00:00,0.74,0.7428,0.7389,0.7424,11435414.0,8476566.391
2025-08-06 23:00:00,0.7424,0.7429,0.7407,0.7411,8710114.0,6459779.5914
2025-08-07 00:00:00,0.7411,0.7431,0.7385,0.7401,8646990.0,6405832.1096
2025-08-07 01:00:00,0.7401,0.7459,0.7373,0.7384,17170674.0,12749775.3885
2025-08-07 02:00:00,0.7384,0.7399,0.7349,0.7359,12980830.0,9568397.3309
2025-08-07 03:00:00,0.7359,0.7372,0.7341,0.7341,7368378.0,5416963.8661
2025-08-07 04:00:00,0.7341,0.7384,0.7337,0.7359,9074533.0,6676003.0682
2025-08-07 05:00:00,0.7359,0.7398,0.7341,0.7396,7452866.0,5490986.7213
2025-08-07 06:00:00,0.7396,0.7439,0.7389,0.7396,10977640.0,8138994.2012
2025-08-07 07:00:00,0.7396,0.7432,0.7396,0.7411,15113066.0,11195539.3491
2025-08-07 08:00:00,0.7411,0.7446,0.7408,0.7412,15303552.0,11363519.7966
2025-08-07 09:00:00,0.7412,0.743,0.7395,0.7428,11891146.0,8812801.2333
2025-08-07 10:00:00,0.7428,0.764,0.7423,0.7634,33006656.0,24929416.9493
2025-08-07 11:00:00,0.7634,0.7699,0.7618,0.7671,30949873.0,23690197.521
2025-08-07 12:00:00,0.7671,0.7737,0.7638,0.7678,25212105.0,19375606.7128
2025-08-07 13:00:00,0.7678,0.7711,0.7653,0.767,27928881.0,21438124.1961
2025-08-07 14:00:00,0.767,0.7675,0.7583,0.7591,44471082.0,33883712.3745
2025-08-07 15:00:00,0.7591,0.7638,0.7573,0.7625,36624163.0,27883707.9098
2025-08-07 16:00:00,0.7625,0.7634,0.7386,0.7524,53414487.0,40295842.0237
2025-08-07 17:00:00,0.7524,0.7547,0.7501,0.7535,56316690.0,42374783.4736
2025-08-07 18:00:00,0.7535,0.7551,0.7499,0.7548,22736570.0,17111706.0254
2025-08-07 19:00:00,0.7548,0.7659,0.7541,0.7655,21165580.0,16088808.6962
2025-08-07 20:00:00,0.7655,0.7693,0.7635,0.7692,19082421.0,14630744.7067
2025-08-07 21:00:00,0.7692,0.7809,0.767,0.7759,42726739.0,33097855.2301
2025-08-07 22:00:00,0.7759,0.7882,0.7759,0.7872,59196010.0,46192729.0833
2025-08-07 23:00:00,0.7872,0.788,0.7811,0.787,18919022.0,14841892.3761
2025-08-08 00:00:00,0.787,0.8009,0.7777,0.7887,99865517.0,78695986.105
2025-08-08 01:00:00,0.7887,0.7942,0.7799,0.789,59210702.0,46563486.3638
2025-08-08 02:00:00,0.789,0.7925,0.7848,0.7888,14931257.0,11774928.4903
2025-08-08 03:00:00,0.7888,0.7982,0.7876,0.7955,13916378.0,11059747.5308
2025-08-08 04:00:00,0.7955,0.7985,0.7893,0.7897,20160703.0,15994206.4396
2025-08-08 05:00:00,0.7897,0.7927,0.7866,0.7893,22070113.0,17408992.9618
2025-08-08 06:00:00,0.7893,0.799,0.7883,0.7964,14980963.0,11906133.1609
2025-08-08 07:00:00,0.7964,0.7999,0.7904,0.799,27616886.0,22011674.4318
2025-08-08 08:00:00,0.799,0.8033,0.7927,0.7953,34397483.0,27469428.3415
2025-08-08 09:00:00,0.7953,0.8003,0.7934,0.7995,20406577.0,16255814.7851
2025-08-08 10:00:00,0.7995,0.803,0.7972,0.8001,23302158.0,18646741.316
2025-08-08 11:00:00,0.8001,0.805,0.799,0.7993,25616798.0,20538812.6659
2025-08-08 12:00:00,0.7993,0.7993,0.7854,0.7871,24315046.0,19255770.673
2025-08-08 13:00:00,0.7871,0.8011,0.7868,0.8011,35547685.0,28164539.5498
2025-08-08 14:00:00,0.8011,0.8067,0.7851,0.7894,52734529.0,41925350.3761
2025-08-08 15:00:00,0.7894,0.7899,0.7756,0.7814,47593312.0,37197273.6851
2025-08-08 16:00:00,0.7814,0.7852,0.7796,0.7847,40235776.0,31480414.3113
2025-08-08 17:00:00,0.7847,0.8001,0.7843,0.7989,31697964.0,25156697.3586
2025-08-08 18:00:00,0.7989,0.8007,0.7898,0.7936,29755622.0,23694904.5692
2025-08-08 19:00:00,0.7936,0.7992,0.7924,0.7991,20541633.0,16332804.3434
2025-08-08 20:00:00,0.7991,0.8003,0.7922,0.7963,22898750.0,18212901.3622
2025-08-08 21:00:00,0.7963,0.7982,0.7936,0.7952,20822593.0,16577131.8935
2025-08-08 22:00:00,0.7952,0.7973,0.7931,0.7943,15907330.0,12646162.3317
2025-08-08 23:00:00,0.7943,0.7954,0.79,0.7909,17228080.0,13649051.9279
2025-08-09 00:00:00,0.7909,0.7935,0.7894,0.7923,15088378.0,11935416.4674
2025-08-09 01:00:00,0.7923,0.8002,0.7907,0.7979,26212422.0,20846641.1521
2025-08-09 02:00:00,0.7979,0.7999,0.796,0.7987,19081949.0,15223785.403
2025-08-09 03:00:00,0.7987,0.8001,0.7947,0.7954,15177563.0,12111843.5853
2025-08-09 04:00:00,0.7954,0.8024,0.7935,0.8018,14208217.0,11350868.452
2025-08-09 05:00:00,0.8018,0.817,0.8005,0.8107,42867446.0,34784690.5287
2025-08-09 06:00:00,0.8107,0.8111,0.8003,0.8028,40481644.0,32563603.4134
2025-08-09 07:00:00,0.8028,0.8069,0.8017,0.8067,21898979.0,17621525.4342
2025-08-09 08:00:00,0.8067,0.8112,0.8045,0.8091,35728619.0,28862195.1379
2025-08-09 09:00:00,0.8091,0.8158,0.8074,0.8143,35632037.0,28893819.5856
2025-08-09 10:00:00,0.8143,0.8173,0.8117,0.8119,21778438.0,17738967.9908
2025-08-09 11:00:00,0.8119,0.8122,0.8051,0.8064,29821928.0,24116936.8281
2025-08-09 12:00:00,0.8064,0.8202,0.8047,0.8186,49805550.0,40487365.3038
2025-08-09 13:00:00,0.8186,0.8198,0.8025,0.8027,44431483.0,35952596.0746
2025-08-09 14:00:00,0.8027,0.8094,0.7961,0.809,29387984.0,23630034.1839
2025-08-09 15:00:00,0.809,0.8104,0.8002,0.8047,24213704.0,19492525.9041
2025-08-09 16:00:00,0.8047,0.814,0.8047,0.8088,20617937.0,16699287.0115
2025-08-09 17:00:00,0.8088,0.82,0.8075,0.8179,23121037.0,18854025.0792
2025-08-09 18:00:00,0.8179,0.819,0.8141,0.8157,9918126.0,8097525.0951
2025-08-09 19:00:00,0.8157,0.821,0.8145,0.8156,16907986.0,13824534.4674
2025-08-09 20:00:00,0.8156,0.8196,0.8108,0.8168,17227972.0,14031541.9437
2025-08-09 21:00:00,0.8168,0.8175,0.8056,0.8081,18663029.0,15134705.7306
2025-08-09 22:00:00,0.8081,0.8144,0.8019,0.8047,17573600.0,14202997.4617
2025-08-09 23:00:00,0.8047,0.806,0.8012,0.8024,16478107.0,13239578.4245
2025-08-10 00:00:00,0.8024,0.8115,0.8007,0.8108,19727197.0,15878109.3635
2025-08-10 01:00:00,0.8108,0.8141,0.8065,0.8136,18190287.0,14745878.0504
2025-08-10 02:00:00,0.8136,0.8163,0.8077,0.8109,18518137.0,15030362.8661
2025-08-10 03:00:00,0.8109,0.8245,0.8088,0.8234,42079295.0,34376042.3355
2025-08-10 04:00:00,0.8234,0.8342,0.8194,0.8336,36582302.0,30293204.9388
2025-08-10 05:00:00,0.8336,0.8337,0.8108,0.8118,40547011.0,33320732.837
2025-08-10 06:00:00,0.8118,0.8128,0.8035,0.81,33850360.0,27367792.3974
2025-08-10 07:00:00,0.81,0.8119,0.7894,0.7942,40825261.0,32600939.8425
2025-08-10 08:00:00,0.7942,0.8012,0.784,0.8003,38836617.0,30768991.4253
2025-08-10 09:00:00,0.8003,0.802,0.7964,0.7972,12550816.0,10030520.6488
2025-08-10 10:00:00,0.7972,0.7992,0.788,0.7898,20957015.0,16619908.1001
2025-08-10 11:00:00,0.7898,0.7954,0.787,0.79,22331631.0,17655043.0724
2025-08-10 12:00:00,0.79,0.7948,0.7883,0.7938,16600327.0,13145761.3813
2025-08-10 13:00:00,0.7938,0.7986,0.7879,0.7888,30061268.0,23858233.8552
2025-08-10 14:00:00,0.7888,0.8043,0.7868,0.8014,22476760.0,17903874.5469
2025-08-10 15:00:00,0.8014,0.8054,0.7987,0.8007,21311729.0,17099871.6007
2025-08-10 16:00:00,0.8007,0.8053,0.7997,0.8034,16249751.0,13055830.778
2025-08-10 17:00:00,0.8034,0.805,0.7989,0.8031,25426238.0,20389578.385
2025-08-10 18:00:00,0.8031,0.8076,0.8027,0.807,19389183.0,15603934.4782
2025-08-10 19:00:00,0.807,0.8083,0.8041,0.8054,11888196.0,9584740.0548
2025-08-10 20:00:00,0.8054,0.8059,0.7971,0.799,25265134.0,20218363.6574
2025-08-10 21:00:00,0.799,0.7991,0.7908,0.7988,38404142.0,30537208.0902
2025-08-10 22:00:00,0.7988,0.8019,0.796,0.8002,25985096.0,20758378.4111
2025-08-10 23:00:00,0.8002,0.8029,0.7962,0.8011,33407102.0,26709364.4199
2025-08-11 00:00:00,0.8011,0.8053,0.7965,0.7995,40024192.0,32058962.1793
2025-08-11 01:00:00,0.7995,0.8122,0.7985,0.811,41703860.0,33655315.5566
2025-08-11 02:00:00,0.811,0.8299,0.81,0.8269,55110570.0,45369851.6232
2025-08-11 03:00:00,0.8269,0.8287,0.8202,0.8254,43503776.0,35882411.232
2025-08-11 04:00:00,0.8254,0.8337,0.8245,0.8245,30430341.0,25245642.8796
2025-08-11 05:00:00,0.8245,0.8284,0.8187,0.8218,26989091.0,22212785.0683
2025-08-11 06:00:00,0.8218,0.8252,0.8187,0.8246,39652160.0,32606170.9722
2025-08-11 07:00:00,0.8246,0.8252,0.8073,0.8089,35254255.0,28770481.132
2025-08-11 08:00:00,0.8089,0.8203,0.8038,0.816,48286721.0,39337163.5064
2025-08-11 09:00:00,0.816,0.8197,0.8106,0.8131,41360492.0,33728697.3605
2025-08-11 10:00:00,0.8131,0.8144,0.8054,0.8069,56195841.0,45539666.1953
2025-08-11 11:00:00,0.8069,0.8082,0.7857,0.7901,66238780.0,52613825.8384
2025-08-11 12:00:00,0.7901,0.7936,0.783,0.7883,81728680.0,64447304.4951
2025-08-11 13:00:00,0.7883,0.7972,0.7823,0.7941,72675198.0,57461857.1018
2025-08-11 14:00:00,0.7941,0.7996,0.7877,0.7899,88449968.0,70214834.425
2025-08-11 15:00:00,0.7899,0.7964,0.7865,0.7959,55737125.0,44106114.4207
2025-08-11 16:00:00,0.7959,0.8045,0.7911,0.7934,64549905.0,51541193.7166
2025-08-11 17:00:00,0.7934,0.7972,0.7883,0.7903,31452709.0,24919074.3339
2025-08-11 18:00:00,0.7903,0.7943,0.7831,0.793,29185011.0,23060362.1271
2025-08-11 19:00:00,0.793,0.7935,0.7793,0.7846,21695341.0,17079756.7305
2025-08-11 20:00:00,0.7846,0.7856,0.7805,0.7815,27901601.0,21848138.1886
2025-08-11 21:00:00,0.7815,0.7837,0.7683,0.774,40960993.0,31768780.6458
2025-08-11 22:00:00,0.774,0.7747,0.7657,0.7725,25502755.0,19642709.4548
2025-08-11 23:00:00,0.7725,0.7751,0.7712,0.7722,14394849.0,11134160.6738
2025-08-12 00:00:00,0.7722,0.7812,0.771,0.7794,27607554.0,21448530.0603
2025-08-12 01:00:00,0.7794,0.7834,0.7779,0.7825,33219118.0,25944443.0586
2025-08-12 02:00:00,0.7825,0.7879,0.7806,0.7839,18516829.0,14515331.6321
2025-08-12 03:00:00,0.7839,0.784,0.7778,0.7814,18060185.0,14103936.8112
2025-08-12 04:00:00,0.7814,0.7884,0.7801,0.7854,12838203.0,10081501.9364
2025-08-12 05:00:00,0.7854,0.7854,0.7731,0.7767,17741715.0,13832310.751
2025-08-12 06:00:00,0.7767,0.7832,0.7709,0.7799,41454754.0,32260480.0176
2025-08-12 07:00:00,0.7799,0.785,0.7799,0.7818,26401735.0,20663804.8652
2025-08-12 08:00:00,0.7818,0.7842,0.7768,0.7794,23003270.0,17938223.9968
2025-08-12 09:00:00,0.7794,0.7802,0.7723,0.7731,31245509.0,24228654.893
2025-08-12 10:00:00,0.7731,0.7745,0.769,0.7691,29775627.0,22986788.313
2025-08-12 11:00:00,0.7691,0.7758,0.7651,0.7747,27309967.0,21030506.5308
2025-08-12 12:00:00,0.7747,0.7953,0.7727,0.7918,48704819.0,38374170.6177
2025-08-12 13:00:00,0.7918,0.7968,0.7835,0.7908,46818422.0,36982985.2676
2025-08-12 14:00:00,0.7908,0.8064,0.789,0.8064,34388374.0,27446777.0105
2025-08-12 15:00:00,0.8064,0.8149,0.8043,0.8137,25377097.0,20571378.0387
2025-08-12 16:00:00,0.8137,0.8239,0.8122,0.8232,27236450.0,22279165.2447
2025-08-12 17:00:00,0.8232,0.8349,0.8232,0.8264,39511923.0,32744167.2457
2025-08-12 18:00:00,0.8264,0.8409,0.8264,0.8396,45350717.0,37937247.941
2025-08-12 19:00:00,0.8396,0.8492,0.8396,0.8483,55519318.0,46889538.6299
2025-08-12 20:00:00,0.8483,0.8556,0.8465,0.8511,34492744.0,29347074.5022
2025-08-12 21:00:00,0.8511,0.8581,0.8439,0.8498,47682916.0,40554283.6373
2025-08-12 22:00:00,0.8498,0.8512,0.8402,0.8431,29889666.0,25250134.0367
2025-08-12 23:00:00,0.8431,0.8443,0.8384,0.8411,25918966.0,21801142.014
2025-08-13 00:00:00,0.8411,0.8486,0.8399,0.8436,19264424.0,16274379.2579
2025-08-13 01:00:00,0.8436,0.8439,0.8333,0.8377,37769545.0,31597173.8475
2025-08-13 02:00:00,0.8377,0.8508,0.8351,0.8506,31331946.0,26384837.2967
2025-08-13 03:00:00,0.8506,0.8591,0.8451,0.8556,34492311.0,29404215.2313
2025-08-13 04:00:00,0.8556,0.8618,0.8496,0.8529,37349382.0,31988119.5021
2025-08-13 05:00:00,0.8529,0.8535,0.8389,0.8408,28004234.0,23676118.5538
2025-08-13 06:00:00,0.8408,0.8487,0.8379,0.8455,23125336.0,19506326.7503
2025-08-13 07:00:00,0.8455,0.8593,0.8452,0.8589,32095262.0,27342496.3143
2025-08-13 08:00:00,0.8589,0.876,0.8583,0.876,69941982.0,60661060.0409
2025-08-13 09:00:00,0.876,0.8875,0.8693,0.8758,81318007.0,71297926.0846
2025-08-13 10:00:00,0.8758,0.8808,0.87,0.8801,50419091.0,44109009.1446
2025-08-13 11:00:00,0.8801,0.8818,0.8717,0.8796,45757072.0,40120202.4056
2025-08-13 12:00:00,0.8796,0.8842,0.8752,0.8785,60073236.0,52878708.0293
2025-08-13 13:00:00,0.8785,0.8893,0.8702,0.8803,95486436.0,84066109.3005
2025-08-13 14:00:00,0.8803,0.8822,0.865,0.866,117482700.0,102571274.2546
2025-08-13 15:00:00,0.866,0.8753,0.8619,0.8725,64080254.0,55667797.0116
2025-08-13 16:00:00,0.8725,0.8763,0.8666,0.8697,64343556.0,56050417.674
2025-08-13 17:00:00,0.8697,0.8752,0.8689,0.8725,19917198.0,17379608.4831
2025-08-13 18:00:00,0.8725,0.8781,0.8664,0.8757,28776344.0,25109529.1064
2025-08-13 19:00:00,0.8757,0.8852,0.8729,0.8835,30719290.0,27020185.6346
2025-08-13 20:00:00,0.8835,0.8861,0.8775,0.8847,40689576.0,35869120.6701
2025-08-13 21:00:00,0.8847,0.8885,0.8809,0.8851,43491369.0,38508045.5071
2025-08-13 22:00:00,0.8851,0.9047,0.8832,0.9026,74848920.0,66949556.9262
2025-08-13 23:00:00,0.9026,0.9222,0.9023,0.9046,112816188.0,102895407.6656
2025-08-14 00:00:00,0.9046,0.9381,0.9042,0.938,147532330.0,136634833.9898
2025-08-14 01:00:00,0.938,0.9591,0.9183,0.953,117184590.0,110240935.8303
2025-08-14 02:00:00,0.953,0.9787,0.9507,0.9779,110233955.0,106177344.7333
2025-08-14 03:00:00,0.9779,0.9887,0.9727,0.982,77660998.0,76172603.8267
2025-08-14 04:00:00,0.982,0.9994,0.9807,0.9839,76755507.0,76090559.4601
2025-08-14 05:00:00,0.9839,1.0091,0.9805,0.9956,107224862.0,106395275.1818
2025-08-14 06:00:00,0.9956,1.0188,0.9755,1.0171,157655337.0,157456308.071
2025-08-14 07:00:00,1.0171,1.0198,0.9902,0.998,103746528.0,103995793.012
2025-08-14 08:00:00,0.998,1.0033,0.981,0.9865,74074315.0,73491995.7725
2025-08-14 09:00:00,0.9865,0.9972,0.9773,0.9923,66043000.0,65288177.4744
2025-08-14 10:00:00,0.9923,0.9942,0.9629,0.9684,83839629.0,82067904.8065
2025-08-14 11:00:00,0.9684,0.974,0.9608,0.9637,63599338.0,61512621.7245
2025-08-14 12:00:00,0.9637,0.9759,0.8818,0.9229,128322719.0,120064674.929
2025-08-14 13:00:00,0.9229,0.9418,0.895,0.9331,162334935.0,150165723.6861
2025-08-14 14:00:00,0.9331,0.9437,0.9237,0.9261,105116604.0,98255927.8575
2025-08-14 15:00:00,0.9261,0.9324,0.9087,0.925,111909879.0,102809201.3177
2025-08-14 16:00:00,0.925,0.9251,0.8977,0.9082,136331306.0,123626730.6779
2025-08-14 17:00:00,0.9082,0.9135,0.898,0.9067,154146650.0,139513049.5979
2025-08-14 18:00:00,0.9067,0.9067,0.8883,0.8984,130118695.0,117107656.2646
2025-08-14 19:00:00,0.8984,0.9107,0.8984,0.8998,86367888.0,78157586.893
2025-08-14 20:00:00,0.8998,0.9089,0.8938,0.901,71427380.0,64352814.6572
2025-08-14 21:00:00,0.901,0.9029,0.8779,0.8937,106362142.0,94567233.2078
2025-08-14 22:00:00,0.8937,0.9194,0.8836,0.9186,127542176.0,115145522.6303
2025-08-14 23:00:00,0.9186,0.935,0.9172,0.9251,161081904.0,148908369.9657
2025-08-15 00:00:00,0.9251,0.9445,0.9208,0.9247,137172823.0,127792921.7369
2025-08-15 01:00:00,0.9247,0.9259,0.9104,0.9161,119355938.0,109721364.4325
2025-08-15 02:00:00,0.9161,0.9315,0.9154,0.9222,104590398.0,96534505.5941
2025-08-15 03:00:00,0.9222,0.9381,0.9187,0.9293,67706449.0,62954901.2329
2025-08-15 04:00:00,0.9293,0.9303,0.9197,0.9206,88927854.0,82310758.995
2025-08-15 05:00:00,0.9206,0.9386,0.9179,0.9382,64353197.0,59484529.0205
2025-08-15 06:00:00,0.9382,0.9623,0.9376,0.9567,127577881.0,121619455.8708
2025-08-15 07:00:00,0.9567,0.9567,0.9416,0.9506,92357222.0,87674321.5574
2025-08-15 08:00:00,0.9506,0.9557,0.9444,0.9445,62148218.0,59064163.1232
2025-08-15 09:00:00,0.9445,0.9486,0.9372,0.944,54800667.0,51751411.3963
2025-08-15 10:00:00,0.944,0.9641,0.9432,0.945,97946975.0,93252461.0282
2025-08-15 11:00:00,0.945,0.9482,0.9408,0.942,97977901.0,92515339.0537
2025-08-15 12:00:00,0.942,0.951,0.9279,0.9441,215503032.0,202701101.7756
2025-08-15 13:00:00,0.9441,0.9529,0.93,0.9395,125423062.0,118075546.1945
2025-08-15 14:00:00,0.9395,0.959,0.9329,0.9387,172852361.0,163750248.5212
2025-08-15 15:00:00,0.9387,0.9411,0.9162,0.9241,118653772.0,110316818.3934
2025-08-15 16:00:00,0.9241,0.9342,0.9106,0.9299,95068795.0,87867754.7993
2025-08-15 17:00:00,0.9299,0.9498,0.9165,0.9414,130717950.0,122459562.4665
2025-08-15 18:00:00,0.9414,0.9451,0.9277,0.9325,67141952.0,63076895.3244
2025-08-15 19:00:00,0.9325,0.9402,0.9243,0.9295,108973261.0,101359845.7881
2025-08-15 20:00:00,0.9295,0.9386,0.9258,0.9383,72047487.0,67039172.6007
2025-08-15 21:00:00,0.9383,0.9456,0.9279,0.9317,56714769.0,53036478.0711
2025-08-15 22:00:00,0.9317,0.9597,0.9301,0.9587,88039855.0,83417220.7524
2025-08-15 23:00:00,0.9587,0.962,0.9348,0.9446,78868038.0,74650198.2628
2025-08-16 00:00:00,0.9446,0.9729,0.9428,0.9688,125995997.0,121180055.3624
2025-08-16 01:00:00,0.9688,0.9703,0.9572,0.9577,55621826.0,53648038.3222
2025-08-16 02:00:00,0.9577,0.9693,0.954,0.9602,40926496.0,39360167.8877
2025-08-16 03:00:00,0.9602,0.9772,0.9557,0.9572,71530755.0,68935528.2551
2025-08-16 04:00:00,0.9572,0.9599,0.9514,0.9584,55238767.0,52779717.6264
2025-08-16 05:00:00,0.9584,0.9606,0.9415,0.945,43583924.0,41407870.8588
2025-08-16 06:00:00,0.945,0.9697,0.945,0.9533,65045490.0,62124538.0431
2025-08-16 07:00:00,0.9533,0.9653,0.9484,0.963,126379068.0,121081387.4022
2025-08-16 08:00:00,0.963,0.9639,0.9551,0.9589,79713274.0,76556731.9356
2025-08-16 09:00:00,0.9589,0.9604,0.9201,0.9203,81675993.0,77238989.9301
2025-08-16 10:00:00,0.9203,0.9273,0.9025,0.9076,126368053.0,115320519.2478
2025-08-16 11:00:00,0.9076,0.9133,0.9006,0.9024,106283725.0,96542519.9757
2025-08-16 12:00:00,0.9024,0.9129,0.9021,0.9112,106081709.0,96314180.7493
2025-08-16 13:00:00,0.9112,0.9183,0.9043,0.9049,108016901.0,98487416.9031
2025-08-16 14:00:00,0.9049,0.9155,0.9035,0.9134,96738547.0,87902904.104
2025-08-16 15:00:00,0.9134,0.9157,0.9053,0.9096,81117646.0,73798400.4384
2025-08-16 16:00:00,0.9096,0.9234,0.908,0.913,87790968.0,80258017.0604
2025-08-16 17:00:00,0.913,0.9136,0.9077,0.9101,67180640.0,61183346.681
2025-08-16 18:00:00,0.9101,0.9166,0.908,0.9164,51907946.0,47354081.7052
2025-08-16 19:00:00,0.9164,0.9215,0.9145,0.9165,67052551.0,61601760.1698
2025-08-16 20:00:00,0.9165,0.9227,0.9136,0.9215,50730875.0,46650312.5155
2025-08-16 21:00:00,0.9215,0.9221,0.9162,0.9175,43086998.0,39605854.045
2025-08-16 22:00:00,0.9175,0.9216,0.9154,0.9202,51448330.0,47262260.0686
2025-08-16 23:00:00,0.9202,0.9211,0.9169,0.9203,42588073.0,39142536.2467
2025-08-17 00:00:00,0.9203,0.9206,0.9101,0.9123,49327465.0,45102894.6858
2025-08-17 01:00:00,0.9123,0.9151,0.9042,0.9104,45267548.0,41160500.3874
2025-08-17 02:00:00,0.9104,0.921,0.9092,0.9208,34663086.0,31726424.0413
2025-08-17 03:00:00,0.9208,0.9436,0.9199,0.9373,69107516.0,64320456.8566
2025-08-17 04:00:00,0.9373,0.9602,0.9367,0.9529,87675556.0,83265821.3016
2025-08-17 05:00:00,0.9529,0.9559,0.9464,0.9531,72453628.0,68917010.1808
2025-08-17 06:00:00,0.9531,0.9552,0.9374,0.9381,63490651.0,60055169.456
2025-08-17 07:00:00,0.9381,0.9597,0.9381,0.9589,66491239.0,63017729.5516
2025-08-17 08:00:00,0.9589,0.9612,0.9513,0.9562,124767577.0,119188055.0374
2025-08-17 09:00:00,0.9562,0.9792,0.9495,0.978,90478395.0,87251699.0259
2025-08-17 10:00:00,0.978,0.9872,0.9659,0.9682,104079538.0,101405149.4304
2025-08-17 11:00:00,0.9682,0.9724,0.9614,0.9717,50050286.0,48354583.2823
2025-08-17 12:00:00,0.9717,0.9722,0.961,0.9641,72320982.0,69746679.7207
2025-08-17 13:00:00,0.9641,0.9745,0.9617,0.9728,120618688.0,116823862.5757
2025-08-17 14:00:00,0.9728,0.9761,0.9641,0.9664,87370585.0,84740950.8162
2025-08-17 15:00:00,0.9664,0.9792,0.9644,0.9751,59956171.0,58239919.6503
2025-08-17 16:00:00,0.9751,0.9761,0.9631,0.9677,67762480.0,65645400.2188
2025-08-17 17:00:00,0.9677,0.974,0.9566,0.9591,62265020.0,60080939.6285
2025-08-17 18:00:00,0.9591,0.9607,0.9433,0.9538,71970475.0,68780052.2596
2025-08-17 19:00:00,0.9538,0.9581,0.95,0.9511,37322384.0,35619938.0813
2025-08-17 20:00:00,0.9511,0.9578,0.9496,0.9512,29477869.0,28108937.8882
2025-08-17 21:00:00,0.9512,0.9557,0.9498,0.9539,29026023.0,27650625.115
2025-08-17 22:00:00,0.9539,0.9674,0.9526,0.9674,62086975.0,59628311.138
2025-08-17 23:00:00,0.9674,0.9681,0.9597,0.9607,47520458.0,45795611.5228
2025-08-18 00:00:00,0.9607,0.968,0.9531,0.9547,72613377.0,69730577.1622
2025-08-18 01:00:00,0.9547,0.9558,0.9358,0.9391,89653831.0,84830540.9621
2025-08-18 02:00:00,0.9391,0.9417,0.9173,0.9205,110291639.0,102311492.6192
2025-08-18 03:00:00,0.9205,0.9226,0.9129,0.9211,61816054.0,56807868.0715
2025-08-18 04:00:00,0.9211,0.926,0.9135,0.9254,79384522.0,72959867.1349
2025-08-18 05:00:00,0.9254,0.9276,0.9104,0.9192,56793963.0,52161208.7875
2025-08-18 06:00:00,0.9192,0.9195,0.9061,0.9134,77174222.0,70338374.4345
2025-08-18 07:00:00,0.9134,0.92,0.9133,0.9163,112045031.0,102692861.7816
2025-08-18 08:00:00,0.9163,0.9238,0.9151,0.916,68629243.0,63091183.2581
2025-08-18 09:00:00,0.916,0.9177,0.9074,0.9133,115930298.0,105769014.1302
2025-08-18 10:00:00,0.9133,0.9135,0.9068,0.9094,100817093.0,91780654.6974
2025-08-18 11:00:00,0.9094,0.9119,0.8914,0.8971,99321128.0,89763735.2164
2025-08-18 12:00:00,0.8971,0.9127,0.8914,0.9127,89838079.0,81054510.6927
2025-08-18 13:00:00,0.9127,0.9144,0.8977,0.898,136134683.0,123665321.071
2025-08-18 14:00:00,0.898,0.9094,0.8973,0.9088,159607124.0,144161242.2116
2025-08-18 15:00:00,0.9088,0.9175,0.9017,0.9169,90887729.0,82688481.0029
2025-08-18 16:00:00,0.9169,0.9185,0.903,0.9064,82772119.0,75323980.7277
2025-08-18 17:00:00,0.9064,0.9346,0.9063,0.9239,108463619.0,100357343.5382
2025-08-18 18:00:00,0.9239,0.9252,0.9147,0.9224,100760513.0,92570977.3135
2025-08-18 19:00:00,0.9224,0.9264,0.9162,0.9191,98069332.0,90216220.4017
2025-08-18 20:00:00,0.9191,0.9223,0.9089,0.9171,92927423.0,85132688.5557
2025-08-18 21:00:00,0.9171,0.929,0.9154,0.9239,59091016.0,54341041.2317
2025-08-18 22:00:00,0.9239,0.9326,0.9237,0.9271,86913846.0,80801400.6224
2025-08-18 23:00:00,0.9271,0.9309,0.9199,0.9229,53531422.0,49517182.0587
2025-08-19 00:00:00,0.9229,0.9319,0.9052,0.9318,77230329.0,70911278.1949
2025-08-19 01:00:00,0.9318,0.9412,0.9203,0.9279,81262992.0,75614896.0921
2025-08-19 02:00:00,0.9279,0.9287,0.9125,0.921,76001503.0,69941572.3122
2025-08-19 03:00:00,0.921,0.9258,0.8992,0.9022,79255159.0,72150729.2827
2025-08-19 04:00:00,0.9022,0.9079,0.8948,0.9078,111520274.0,100475744.678
2025-08-19 05:00:00,0.9078,0.9276,0.9043,0.9214,52985526.0,48420465.5657
2025-08-19 06:00:00,0.9214,0.9321,0.9183,0.9282,68715216.0,63586266.4293
2025-08-19 07:00:00,0.9282,0.9295,0.9166,0.9284,67176668.0,62005534.2346
2025-08-19 08:00:00,0.9284,0.9327,0.9162,0.9255,151446497.0,140132572.1973
2025-08-19 09:00:00,0.9255,0.9328,0.923,0.9273,118562045.0,109989581.4551
2025-08-19 10:00:00,0.9273,0.9533,0.9269,0.9403,165160701.0,154973471.7236
2025-08-19 11:00:00,0.9403,0.9423,0.9294,0.931,132850986.0,124224433.9639
2025-08-19 12:00:00,0.931,0.9345,0.9226,0.9275,98988892.0,91919228.0774
2025-08-19 13:00:00,0.9275,0.9318,0.9131,0.9215,242382916.0,223302293.5627
2025-08-19 14:00:00,0.9215,0.9256,0.8951,0.8961,241053450.0,219130096.9177
2025-08-19 15:00:00,0.8961,0.903,0.8647,0.8705,186273576.0,165525588.7197
2025-08-19 16:00:00,0.8705,0.8718,0.8622,0.8699,187979633.0,163038938.9968
2025-08-19 17:00:00,0.8699,0.8739,0.861,0.8653,102892384.0,89234529.0725
2025-08-19 18:00:00,0.8653,0.8653,0.8503,0.8545,129880123.0,111201023.6531
2025-08-19 19:00:00,0.8545,0.8606,0.8505,0.8537,112362339.0,96090472.7768
2025-08-19 20:00:00,0.8537,0.8595,0.8525,0.8585,34545237.0,29549776.8209
2025-08-19 21:00:00,0.8585,0.8633,0.8573,0.8599,39611473.0,34066233.3441
2025-08-19 22:00:00,0.8599,0.8599,0.8521,0.8569,64586119.0,55247044.4186
2025-08-19 23:00:00,0.8569,0.857,0.8433,0.846,70779701.0,60105638.8338
2025-08-20 00:00:00,0.846,0.8528,0.8446,0.8489,49790392.0,42269676.2681
2025-08-20 01:00:00,0.8489,0.8556,0.8423,0.8508,62216658.0,52846492.3183
2025-08-20 02:00:00,0.8508,0.8561,0.847,0.8482,29868192.0,25422782.6079
2025-08-20 03:00:00,0.8482,0.855,0.8452,0.8479,29372944.0,24949536.739
2025-08-20 04:00:00,0.8479,0.8551,0.8468,0.8532,27399018.0,23311014.2683
2025-08-20 05:00:00,0.8532,0.8537,0.8456,0.8517,26057938.0,22126475.1446
2025-08-20 06:00:00,0.8517,0.8526,0.8456,0.8491,60663919.0,51558189.9616
2025-08-20 07:00:00,0.8491,0.855,0.8461,0.8472,37551396.0,31947880.3584
2025-08-20 08:00:00,0.8472,0.8633,0.8461,0.8623,53605046.0,45883183.8074
2025-08-20 09:00:00,0.8623,0.8631,0.8491,0.8506,72816524.0,62298002.1041
2025-08-20 10:00:00,0.8506,0.8593,0.8501,0.8556,49759496.0,42512111.5307
2025-08-20 11:00:00,0.8556,0.8587,0.8364,0.8487,96463007.0,81495756.7012
2025-08-20 12:00:00,0.8487,0.863,0.8487,0.8598,121889936.0,104517672.0794
2025-08-20 13:00:00,0.8598,0.8615,0.8428,0.8456,131530745.0,112037989.553
2025-08-20 14:00:00,0.8456,0.8648,0.8383,0.8589,170217219.0,144925319.7169
2025-08-20 15:00:00,0.8589,0.884,0.858,0.8708,133864583.0,117169046.0713
2025-08-20 16:00:00,0.8708,0.8832,0.8708,0.8753,144090912.0,126359369.4112
2025-08-20 17:00:00,0.8753,0.887,0.8742,0.8847,58842571.0,51756890.653
2025-08-20 18:00:00,0.8847,0.8859,0.8679,0.871,82310206.0,71977651.3053
2025-08-20 19:00:00,0.871,0.8922,0.8701,0.8905,101784599.0,89987713.6264
2025-08-20 20:00:00,0.8905,0.891,0.8806,0.8831,96661138.0,85680941.0183
2025-08-20 21:00:00,0.8831,0.8872,0.8774,0.8842,66917629.0,59032207.0161
2025-08-20 22:00:00,0.8842,0.8882,0.88,0.8858,30537662.0,26969417.9942
2025-08-20 23:00:00,0.8858,0.8874,0.8794,0.8805,24744840.0,21863308.5232
2025-08-21 00:00:00,0.8805,0.8833,0.8735,0.8811,53847030.0,47286621.7615
2025-08-21 01:00:00,0.8811,0.8908,0.8781,0.8898,52455557.0,46378152.7099
2025-08-21 02:00:00,0.8898,0.8917,0.8692,0.8755,57329607.0,50211744.0662
2025-08-21 03:00:00,0.8755,0.8922,0.875,0.885,47956130.0,42497541.5491
2025-08-21 04:00:00,0.885,0.8859,0.8749,0.8751,48321912.0,42503557.9239
2025-08-21 05:00:00,0.8751,0.8796,0.8712,0.8786,45739074.0,40019082.8209
2025-08-21 06:00:00,0.8786,0.8788,0.8711,0.8761,33609033.0,29376041.8235
2025-08-21 07:00:00,0.8761,0.8786,0.8678,0.8752,57685491.0,50376531.8939
2025-08-21 08:00:00,0.8752,0.8784,0.8702,0.8706,57118477.0,49932572.2134
2025-08-21 09:00:00,0.8706,0.879,0.8652,0.8733,76212002.0,66395254.8756
2025-08-21 10:00:00,0.8733,0.8774,0.8681,0.8693,69411029.0,60577063.3178
2025-08-21 11:00:00,0.8693,0.8739,0.8643,0.867,58284849.0,50651712.4085
2025-08-21 12:00:00,0.867,0.8747,0.8603,0.8668,101587354.0,88134826.5057
2025-08-21 13:00:00,0.8668,0.8788,0.8657,0.8675,104456700.0,91073766.7109
2025-08-21 14:00:00,0.8675,0.8792,0.8582,0.8653,94036636.0,81681419.7535
2025-08-21 15:00:00,0.8653,0.8677,0.8571,0.8586,93856711.0,80943687.8534
2025-08-21 16:00:00,0.8586,0.8685,0.858,0.8601,85472456.0,73659361.7121
2025-08-21 17:00:00,0.8601,0.8606,0.8512,0.8529,90747285.0,77683407.2109
2025-08-21 18:00:00,0.8529,0.8647,0.8525,0.8642,76936340.0,65991431.1242
2025-08-21 19:00:00,0.8642,0.8668,0.8499,0.8524,80392836.0,68867681.1659
2025-08-21 20:00:00,0.8524,0.8603,0.846,0.8568,68325688.0,58256938.3036
2025-08-21 21:00:00,0.8568,0.8618,0.8503,0.8579,103801543.0,88909527.6885
2025-08-21 22:00:00,0.8579,0.864,0.8559,0.8568,50622728.0,43511239.6268
2025-08-21 23:00:00,0.8568,0.8568,0.8471,0.8514,81577518.0,69380125.5244
2025-08-22 00:00:00,0.8514,0.8594,0.8511,0.853,62875238.0,53796644.0365
2025-08-22 01:00:00,0.853,0.8556,0.8435,0.8523,57513550.0,48887333.752
2025-08-22 02:00:00,0.8523,0.8666,0.8507,0.8593,70743096.0,60842900.6891
2025-08-22 03:00:00,0.8593,0.8616,0.8469,0.8503,71362873.0,61038608.502
2025-08-22 04:00:00,0.8503,0.8625,0.8503,0.8539,64874885.0,55523301.1723
2025-08-22 05:00:00,0.8539,0.8594,0.8512,0.8568,62363948.0,53348483.0989
2025-08-22 06:00:00,0.8568,0.8607,0.847,0.8506,74882602.0,63900137.3789
2025-08-22 07:00:00,0.8506,0.8598,0.849,0.8563,59537288.0,51010353.521
2025-08-22 08:00:00,0.8563,0.8636,0.8514,0.8528,45944972.0,39415046.8563
2025-08-22 09:00:00,0.8528,0.854,0.8469,0.8514,73662762.0,62665490.073
2025-08-22 10:00:00,0.8514,0.8515,0.8405,0.8413,90112090.0,76003291.5873
2025-08-22 11:00:00,0.8413,0.8421,0.8332,0.8335,102830907.0,86175800.3663
2025-08-22 12:00:00,0.8335,0.8364,0.8213,0.8304,153034862.0,126892423.6207
2025-08-22 13:00:00,0.8304,0.8465,0.8288,0.8365,95062996.0,79481502.2175
2025-08-22 14:00:00,0.8365,0.9133,0.8365,0.9032,311548402.0,278253908.2577
2025-08-22 15:00:00,0.9032,0.9167,0.8901,0.9043,141788980.0,129076851.476
2025-08-22 16:00:00,0.9043,0.9324,0.9043,0.9192,119693008.0,110480918.773
2025-08-22 17:00:00,0.9192,0.9397,0.9192,0.9288,99745208.0,92744755.7168
2025-08-22 18:00:00,0.9288,0.9315,0.9204,0.9248,61295665.0,56719375.2505
2025-08-22 19:00:00,0.9248,0.9357,0.9234,0.9317,46418842.0,43157820.3077
2025-08-22 20:00:00,0.9317,0.9397,0.9317,0.9368,48922538.0,45758080.2268
2025-08-22 21:00:00,0.9368,0.9419,0.9329,0.9381,50026455.0,46889839.0695
2025-08-22 22:00:00,0.9381,0.9386,0.9271,0.9281,49024278.0,45656802.8984
2025-08-22 23:00:00,0.9281,0.9336,0.9273,0.9314,42781813.0,39786166.764
2025-08-23 00:00:00,0.9314,0.9329,0.9222,0.9222,86031987.0,79757526.0392
2025-08-23 01:00:00,0.9222,0.9247,0.9058,0.9122,107321823.0,97987474.178
2025-08-23 02:00:00,0.9122,0.9134,0.8911,0.901,75491838.0,67963694.6657
2025-08-23 03:00:00,0.901,0.9044,0.8966,0.9007,44666227.0,40227845.654
2025-08-23 04:00:00,0.9007,0.9136,0.9002,0.9128,52287462.0,47455006.105
2025-08-23 05:00:00,0.9128,0.9386,0.9099,0.9298,63452148.0,58554343.2948
2025-08-23 06:00:00,0.9298,0.9357,0.9266,0.9339,73392099.0,68331236.2702
2025-08-23 07:00:00,0.9339,0.9374,0.9245,0.9261,56413810.0,52430536.7067
2025-08-23 08:00:00,0.9261,0.9296,0.9181,0.9205,54745700.0,50622398.1317
2025-08-23 09:00:00,0.9205,0.9219,0.9149,0.9205,41373373.0,37987375.3935
2025-08-23 10:00:00,0.9205,0.9207,0.9108,0.911,36021843.0,32949994.5027
2025-08-23 11:00:00,0.911,0.9176,0.9104,0.9155,46023654.0,42110728.6677
2025-08-23 12:00:00,0.9155,0.9175,0.9089,0.9118,42380860.0,38712935.1449
2025-08-23 13:00:00,0.9118,0.917,0.908,0.9135,66977708.0,61163995.1932
2025-08-23 14:00:00,0.9135,0.9216,0.9096,0.9115,83548569.0,76381956.2375
2025-08-23 15:00:00,0.9115,0.9172,0.9109,0.9148,38084210.0,34809825.881
2025-08-23 16:00:00,0.9148,0.9159,0.908,0.9118,35921334.0,32715911.9429
2025-08-23 17:00:00,0.9118,0.9132,0.9092,0.9095,24692463.0,22487455.3158
2025-08-23 18:00:00,0.9095,0.914,0.9092,0.9132,49811453.0,45434441.1575
2025-08-23 19:00:00,0.9132,0.9142,0.9118,0.9131,21182009.0,19343192.599
2025-08-23 20:00:00,0.9131,0.9141,0.9091,0.9124,19695395.0,17950997.6648
2025-08-23 21:00:00,0.9124,0.9124,0.9066,0.9089,9986453.0,9079169.0591
2025-08-23 22:00:00,0.9089,0.9149,0.9089,0.9146,15015812.0,13686090.2146
2025-08-23 23:00:00,0.9146,0.9175,0.9118,0.9141,20110523.0,18400493.3354
2025-08-24 00:00:00,0.9141,0.9203,0.9131,0.9161,21327593.0,19551268.4339
2025-08-24 01:00:00,0.9161,0.9206,0.9113,0.9171,35296038.0,32299125.0034
2025-08-24 02:00:00,0.9171,0.9217,0.9129,0.9142,24271677.0,22259570.7967
2025-08-24 03:00:00,0.9142,0.9167,0.9096,0.9149,19753838.0,18017303.5657
2025-08-24 04:00:00,0.9149,0.919,0.9129,0.9189,16421439.0,15052105.4407
2025-08-24 05:00:00,0.9189,0.9194,0.9122,0.9148,11848341.0,10858621.7184
2025-08-24 06:00:00,0.9148,0.9148,0.9022,0.903,31520186.0,28577841.3373
2025-08-24 07:00:00,0.903,0.9112,0.902,0.9038,28007538.0,25382241.7199
2025-08-24 08:00:00,0.9038,0.9097,0.9007,0.9063,31548175.0,28566012.1461
2025-08-24 09:00:00,0.9063,0.9081,0.8993,0.8997,25906926.0,23376205.9912
2025-08-24 10:00:00,0.8997,0.9001,0.8884,0.892,45151409.0,40386573.6721
2025-08-24 11:00:00,0.892,0.8946,0.8877,0.892,54214686.0,48361466.3026
2025-08-24 12:00:00,0.892,0.8974,0.8913,0.8972,30922976.0,27644519.5284
2025-08-24 13:00:00,0.8972,0.9002,0.8944,0.8956,31599813.0,28357716.7505
2025-08-24 14:00:00,0.8956,0.9019,0.891,0.9001,38697738.0,34629281.4803
2025-08-24 15:00:00,0.9001,0.9076,0.8961,0.8986,46564504.0,42037226.5247
2025-08-24 16:00:00,0.8986,0.9055,0.8957,0.9036,45073397.0,40582485.1512
2025-08-24 17:00:00,0.9036,0.9261,0.9031,0.9219,82641589.0,75675342.329
2025-08-24 18:00:00,0.9219,0.9494,0.9186,0.9483,101775727.0,95108708.3135
2025-08-24 19:00:00,0.9483,0.9639,0.9064,0.9228,264457709.0,247486264.656
2025-08-24 20:00:00,0.9228,0.9238,0.8974,0.9134,160021728.0,146012775.5227
2025-08-24 21:00:00,0.9134,0.9293,0.9054,0.9211,68543639.0,62965732.9192
2025-08-24 22:00:00,0.9211,0.9247,0.9013,0.9131,88199748.0,80352859.4312
2025-08-24 23:00:00,0.9131,0.9185,0.9075,0.9082,50498842.0,46138904.399
2025-08-25 00:00:00,0.9082,0.9166,0.887,0.8958,60651626.0,54656463.4209
2025-08-25 01:00:00,0.8958,0.9114,0.8945,0.9097,41562221.0,37581790.9166
2025-08-25 02:00:00,0.9097,0.9248,0.9092,0.922,39322612.0,36122361.8157
2025-08-25 03:00:00,0.922,0.9279,0.9155,0.9186,50631427.0,46664346.1152
2025-08-25 04:00:00,0.9186,0.9221,0.9117,0.9129,31497070.0,28875418.8633
2025-08-25 05:00:00,0.9129,0.9158,0.8971,0.8977,33970780.0,30769340.8163
2025-08-25 06:00:00,0.8977,0.8981,0.8816,0.882,46119130.0,41086179.7484
2025-08-25 07:00:00,0.882,0.889,0.8695,0.8716,60751304.0,53316685.3454
2025-08-25 08:00:00,0.8716,0.8749,0.8645,0.8724,49046346.0,42710533.0231
2025-08-25 09:00:00,0.8724,0.8732,0.8662,0.871,48355877.0,42034197.8865
2025-08-25 10:00:00,0.871,0.8713,0.8548,0.8563,70694802.0,60940418.0277
2025-08-25 11:00:00,0.8563,0.8656,0.8545,0.8654,42962465.0,36972550.0025
2025-08-25 12:00:00,0.8654,0.8701,0.8615,0.8701,88744619.0,76853284.7304
2025-08-25 13:00:00,0.8701,0.8701,0.8544,0.8624,115663825.0,99762752.6182
2025-08-25 14:00:00,0.8624,0.8731,0.8604,0.8722,84162441.0,73144539.4838
2025-08-25 15:00:00,0.8722,0.8766,0.863,0.8649,51769802.0,45016442.4764
2025-08-25 16:00:00,0.8649,0.8791,0.8603,0.8679,70366144.0,61380905.34
2025-08-25 17:00:00,0.8679,0.8722,0.8613,0.8705,69611097.0,60338379.1159
2025-08-25 18:00:00,0.8705,0.8732,0.8663,0.8692,56246565.0,48925319.1278
2025-08-25 19:00:00,0.8692,0.8702,0.8487,0.8496,99606125.0,85633469.339
2025-08-25 20:00:00,0.8496,0.8548,0.8294,0.8305,114957910.0,96876729.6847
2025-08-25 21:00:00,0.8305,0.8411,0.8289,0.8323,75950108.0,63476168.3133
2025-08-25 22:00:00,0.8323,0.8423,0.8304,0.837,62953991.0,52667105.4088
2025-08-25 23:00:00,0.837,0.8388,0.8313,0.8366,50972267.0,42579896.8527
2025-08-26 00:00:00,0.8366,0.8397,0.8263,0.8319,82566698.0,68918891.4213
2025-08-26 01:00:00,0.8319,0.8436,0.8284,0.8416,51836096.0,43395655.0924
2025-08-26 02:00:00,0.8416,0.8451,0.834,0.8362,47351572.0,39795112.208
2025-08-26 03:00:00,0.8362,0.8402,0.8311,0.8355,18162733.0,15190743.8224
2025-08-26 04:00:00,0.8355,0.8466,0.8355,0.8443,28754441.0,24211535.9157
2025-08-26 05:00:00,0.8443,0.8464,0.8388,0.8396,23596249.0,19889001.4055
2025-08-26 06:00:00,0.8396,0.8418,0.8338,0.8376,21352804.0,17894101.8036
2025-08-26 07:00:00,0.8376,0.8493,0.835,0.8399,37877109.0,31851585.4984
2025-08-26 08:00:00,0.8399,0.8434,0.835,0.8381,38730773.0,32456510.864
2025-08-26 09:00:00,0.8381,0.842,0.8361,0.84,51273795.0,43027454.121
2025-08-26 10:00:00,0.84,0.8468,0.8391,0.8422,38238022.0,32212843.5142
2025-08-26 11:00:00,0.8422,0.8452,0.8345,0.8381,44464428.0,37274333.0709
2025-08-26 12:00:00,0.8381,0.8568,0.8312,0.8495,114462590.0,96473196.3098
2025-08-26 13:00:00,0.8495,0.8528,0.8334,0.8459,81304228.0,68628581.7889
2025-08-26 14:00:00,0.8459,0.8575,0.8407,0.8547,61868339.0,52537428.7242
2025-08-26 15:00:00,0.8547,0.8587,0.8449,0.8485,44454254.0,37836940.553
2025-08-26 16:00:00,0.8485,0.8599,0.8476,0.8595,47271425.0,40319081.3121
2025-08-26 17:00:00,0.8595,0.8606,0.8523,0.8583,49031764.0,42003984.7043
2025-08-26 18:00:00,0.8583,0.8659,0.8579,0.8632,45102494.0,38871151.9884
2025-08-26 19:00:00,0.8632,0.8743,0.8604,0.8729,44271975.0,38348252.6746
2025-08-26 20:00:00,0.8729,0.8729,0.8635,0.8671,46867286.0,40694265.4968
2025-08-26 21:00:00,0.8671,0.87,0.8622,0.8699,38410950.0,33263382.1848
2025-08-26 22:00:00,0.8699,0.8711,0.8648,0.8684,44514040.0,38643564.7394
2025-08-26 23:00:00,0.8684,0.8731,0.8648,0.866,31878163.0,27694500.9436
2025-08-27 00:00:00,0.866,0.866,0.8583,0.8596,32874586.0,28342363.82
2025-08-27 01:00:00,0.8596,0.8624,0.8566,0.862,27391426.0,23531522.3672
2025-08-27 02:00:00,0.862,0.8669,0.8574,0.863,31349730.0,27052308.0637
2025-08-27 03:00:00,0.863,0.8736,0.8582,0.8687,24307115.0,21003305.8976
2025-08-27 04:00:00,0.8687,0.8762,0.8677,0.8728,39114043.0,34133569.4032
2025-08-27 05:00:00,0.8728,0.8732,0.8652,0.8661,28227458.0,24533111.4143
2025-08-27 06:00:00,0.8661,0.8662,0.859,0.8591,19973571.0,17242785.5302
2025-08-27 07:00:00,0.8591,0.8606,0.8526,0.8557,38767478.0,33177153.2612
2025-08-27 08:00:00,0.8557,0.8611,0.8529,0.8609,32866496.0,28140269.5732
2025-08-27 09:00:00,0.8609,0.8667,0.8593,0.8598,42668238.0,36840447.121
2025-08-27 10:00:00,0.8598,0.8637,0.8569,0.8584,24223293.0,20838569.1821
2025-08-27 11:00:00,0.8584,0.8653,0.8583,0.8637,29735791.0,25645901.4822
2025-08-27 12:00:00,0.8637,0.8659,0.8588,0.8646,36897737.0,31795623.6831
2025-08-27 13:00:00,0.8646,0.8705,0.8548,0.8613,63781398.0,54932401.724
2025-08-27 14:00:00,0.8613,0.8779,0.859,0.8687,80617366.0,70028517.4396
2025-08-27 15:00:00,0.8687,0.8765,0.8663,0.8719,51477147.0,44814597.6999
2025-08-27 16:00:00,0.8719,0.8723,0.8609,0.8681,51487627.0,44652097.2075
2025-08-27 17:00:00,0.8681,0.8724,0.864,0.871,32327297.0,28066137.4055
2025-08-27 18:00:00,0.871,0.8752,0.867,0.8671,32995365.0,28750950.4053
2025-08-27 19:00:00,0.8671,0.8694,0.857,0.8626,43460033.0,37520204.2377
2025-08-27 20:00:00,0.8626,0.8721,0.8502,0.8665,70099237.0,60453133.8961
2025-08-27 21:00:00,0.8665,0.8703,0.8528,0.8553,47203301.0,40663286.7038
2025-08-27 22:00:00,0.8553,0.8594,0.8461,0.8548,45180568.0,38551317.1428
2025-08-27 23:00:00,0.8548,0.8579,0.8484,0.8505,25038967.0,21335420.2807
2025-08-28 00:00:00,0.8505,0.8555,0.8436,0.8502,44635452.0,37898857.1554
2025-08-28 01:00:00,0.8502,0.8609,0.8501,0.8578,29798560.0,25506967.0161
2025-08-28 02:00:00,0.8578,0.8596,0.852,0.8532,24160287.0,20675354.1299
2025-08-28 03:00:00,0.8532,0.8596,0.8519,0.8585,30773499.0,26382749.8282
2025-08-28 04:00:00,0.8585,0.8719,0.8563,0.8707,54323449.0,46868733.3136
2025-08-28 05:00:00,0.8707,0.8735,0.8669,0.8692,34510476.0,30034783.0165
2025-08-28 06:00:00,0.8692,0.8711,0.8655,0.8705,16700233.0,14510463.5371
2025-08-28 07:00:00,0.8705,0.8726,0.8648,0.8724,25157105.0,21855056.1375
2025-08-28 08:00:00,0.8724,0.8796,0.8684,0.8706,51849849.0,45290688.1195
2025-08-28 09:00:00,0.8706,0.8706,0.865,0.8653,32515589.0,28183711.7762
2025-08-28 10:00:00,0.8653,0.8696,0.8625,0.8688,37790483.0,32748987.4925
2025-08-28 11:00:00,0.8688,0.869,0.8635,0.8674,31956667.0,27669905.6518
2025-08-28 12:00:00,0.8674,0.8718,0.8647,0.8694,53991437.0,46884298.3753
2025-08-28 13:00:00,0.8694,0.8723,0.8641,0.8687,51786162.0,44989066.3605
2025-08-28 14:00:00,0.8687,0.8736,0.8642,0.8702,42230499.0,36734435.1018
2025-08-28 15:00:00,0.8702,0.8722,0.8541,0.8586,76692837.0,66085436.1241
2025-08-28 16:00:00,0.8586,0.8648,0.8469,0.8472,78644932.0,67554113.7731
2025-08-28 17:00:00,0.8472,0.8541,0.846,0.8517,32059642.0,27274302.9781
2025-08-28 18:00:00,0.8517,0.8572,0.8489,0.8532,25021503.0,21350080.5851
2025-08-28 19:00:00,0.8532,0.8565,0.8425,0.8426,31704878.0,26921010.4216
2025-08-28 20:00:00,0.8426,0.8484,0.841,0.8451,31795440.0,26871140.9525
2025-08-28 21:00:00,0.8451,0.852,0.8445,0.8495,26567562.0,22517958.4962
2025-08-28 22:00:00,0.8495,0.8611,0.8495,0.86,49514749.0,42455079.393
2025-08-28 23:00:00,0.86,0.8626,0.8556,0.8572,39354668.0,33799059.5942
2025-08-29 00:00:00,0.8572,0.8661,0.8533,0.8547,40865375.0,35068982.0047
2025-08-29 01:00:00,0.8547,0.8557,0.839,0.8418,63127606.0,53286267.7219
2025-08-29 02:00:00,0.8418,0.8532,0.8405,0.8492,44415392.0,37670701.1702
2025-08-29 03:00:00,0.8492,0.855,0.8455,0.8522,30775938.0,26195582.2279
2025-08-29 04:00:00,0.8522,0.8544,0.8458,0.8474,29597776.0,25177113.7466
2025-08-29 05:00:00,0.8474,0.8481,0.8429,0.8443,21073866.0,17804868.8178
2025-08-29 06:00:00,0.8443,0.8459,0.8365,0.8392,33140313.0,27839135.0444
2025-08-29 07:00:00,0.8392,0.8393,0.8252,0.8271,44881951.0,37274294.9313
2025-08-29 08:00:00,0.8271,0.8296,0.8173,0.8194,50123485.0,41267355.2518
2025-08-29 09:00:00,0.8194,0.8232,0.815,0.8225,38114888.0,31209396.3372
2025-08-29 10:00:00,0.8225,0.8273,0.8218,0.8253,25791447.0,21266698.8885
2025-08-29 11:00:00,0.8253,0.8266,0.8212,0.8232,26539729.0,21849487.8654
2025-08-29 12:00:00,0.8232,0.8479,0.8226,0.8387,73818952.0,61700525.299
2025-08-29 13:00:00,0.8387,0.8392,0.8203,0.8265,79062334.0,65730296.4613
2025-08-29 14:00:00,0.8265,0.8331,0.8153,0.8256,83202708.0,68726384.3851
2025-08-29 15:00:00,0.8256,0.8328,0.8228,0.8252,54237165.0,44962331.371
2025-08-29 16:00:00,0.8252,0.826,0.8164,0.8203,78281862.0,64362420.3306
2025-08-29 17:00:00,0.8203,0.8206,0.8115,0.8178,49730530.0,40590356.1287
2025-08-29 18:00:00,0.8178,0.8204,0.8119,0.8134,40210914.0,32763001.9349
2025-08-29 19:00:00,0.8134,0.8237,0.8119,0.8204,50829050.0,41666543.4884
2025-08-29 20:00:00,0.8204,0.8213,0.8121,0.813,43670947.0,35675658.3783
2025-08-29 21:00:00,0.813,0.8269,0.8096,0.8234,62046940.0,50817301.0107
2025-08-29 22:00:00,0.8234,0.8249,0.8191,0.8249,36154547.0,29705830.2648
2025-08-29 23:00:00,0.8249,0.8294,0.8241,0.8264,35581347.0,29424203.8496
2025-08-30 00:00:00,0.8264,0.8285,0.8228,0.826,25013487.0,20648272.5795
2025-08-30 01:00:00,0.826,0.8294,0.8124,0.8138,36272456.0,29859535.4538
2025-08-30 02:00:00,0.8138,0.8235,0.8126,0.8223,45268663.0,37179829.292
2025-08-30 03:00:00,0.8223,0.8355,0.8223,0.8334,30370636.0,25182747.1189
2025-08-30 04:00:00,0.8334,0.844,0.8314,0.8315,26547401.0,22190143.3641
2025-08-30 05:00:00,0.8315,0.8367,0.8312,0.8339,13964089.0,11641990.9653
2025-08-30 06:00:00,0.8339,0.8383,0.8334,0.8357,11578327.0,9677314.2425
2025-08-30 07:00:00,0.8357,0.8381,0.8334,0.8369,20726719.0,17313353.1724
2025-08-30 08:00:00,0.8369,0.8381,0.8343,0.8348,14140187.0,11821109.3654
2025-08-30 09:00:00,0.8348,0.835,0.8299,0.8313,20599819.0,17147349.91
2025-08-30 10:00:00,0.8313,0.8332,0.8282,0.8295,14533674.0,12066835.3666
2025-08-30 11:00:00,0.8295,0.8299,0.8247,0.8271,22900472.0,18947402.4138
2025-08-30 12:00:00,0.8271,0.8271,0.8047,0.8127,63592685.0,51791717.9833
2025-08-30 13:00:00,0.8127,0.8142,0.8055,0.8126,46370667.0,37584833.1731
2025-08-30 14:00:00,0.8126,0.8161,0.8077,0.8152,51178265.0,41513030.0812
2025-08-30 15:00:00,0.8152,0.824,0.8133,0.823,39399445.0,32300568.0804
2025-08-30 16:00:00,0.823,0.8235,0.8187,0.8192,36424321.0,29911178.8721
2025-08-30 17:00:00,0.8192,0.8215,0.8159,0.8182,36500755.0,29872861.9761
2025-08-30 18:00:00,0.8182,0.8197,0.8145,0.8164,29966283.0,24468478.0784
2025-08-30 19:00:00,0.8164,0.8198,0.815,0.8194,14126113.0,11545620.9116
2025-08-30 20:00:00,0.8194,0.82,0.8157,0.819,19025333.0,15562054.4544
2025-08-30 21:00:00,0.819,0.8217,0.8172,0.819,14058475.0,11518299.4302
2025-08-30 22:00:00,0.819,0.8205,0.8166,0.82,7654784.0,6267340.8647
2025-08-30 23:00:00,0.82,0.8236,0.8198,0.8218,22087508.0,18157940.0441
2025-08-31 00:00:00,0.8218,0.8346,0.8215,0.8338,31922385.0,26407912.6854
2025-08-31 01:00:00,0.8338,0.837,0.8306,0.8357,38183870.0,31814155.0083
2025-08-31 02:00:00,0.8357,0.8365,0.8325,0.8331,16187019.0,13503476.6322
2025-08-31 03:00:00,0.8331,0.8377,0.8327,0.8364,13788574.0,11513506.108
2025-08-31 04:00:00,0.8364,0.8372,0.8311,0.8327,21323465.0,17778082.7624
2025-08-31 05:00:00,0.8327,0.8331,0.8288,0.8302,11512128.0,9561278.201
2025-08-31 06:00:00,0.8302,0.8312,0.8256,0.8258,11673354.0,9668997.8905
2025-08-31 07:00:00,0.8258,0.8289,0.825,0.8263,10706235.0,8854150.5652
2025-08-31 08:00:00,0.8263,0.8314,0.825,0.8313,20469594.0,16938767.5355
2025-08-31 09:00:00,0.8313,0.8319,0.8245,0.8247,28313922.0,23463466.5074
2025-08-31 10:00:00,0.8247,0.8255,0.8171,0.8204,33632489.0,27597195.6798
2025-08-31 11:00:00,0.8204,0.8243,0.8188,0.8239,37714852.0,30983871.1171
2025-08-31 12:00:00,0.8239,0.8245,0.8192,0.8232,29589359.0,24310086.7808
2025-08-31 13:00:00,0.8232,0.8262,0.819,0.8207,43532440.0,35796366.8613
2025-08-31 14:00:00,0.8207,0.8239,0.8162,0.8202,46779749.0,38355757.7491
2025-08-31 15:00:00,0.8202,0.8272,0.8202,0.8263,38220895.0,31516061.1599
2025-08-31 16:00:00,0.8263,0.8263,0.8202,0.823,28066112.0,23084335.5007
2025-08-31 17:00:00,0.823,0.8238,0.8204,0.8212,22773144.0,18724848.0212
2025-08-31 18:00:00,0.8212,0.8271,0.8204,0.8269,25347535.0,20877848.7084
2025-08-31 19:00:00,0.8269,0.8279,0.8208,0.8213,26650809.0,21957338.4917
2025-08-31 20:00:00,0.8213,0.8283,0.8194,0.8278,30102222.0,24799774.384
2025-08-31 21:00:00,0.8278,0.8286,0.8255,0.8259,18685119.0,15453195.8918
2025-08-31 22:00:00,0.8259,0.8267,0.8179,0.8201,39913798.0,32826688.899
2025-08-31 23:00:00,0.8201,0.8204,0.8087,0.8106,50585554.0,41157534.0183
2025-09-01 00:00:00,0.8106,0.8112,0.8009,0.8056,49494280.0,39913102.4819
2025-09-01 01:00:00,0.8056,0.814,0.8016,0.8099,50009119.0,40427449.3361
2025-09-01 02:00:00,0.8099,0.8104,0.8,0.803,36656605.0,29471067.9445
2025-09-01 03:00:00,0.803,0.8099,0.801,0.8087,30989197.0,24988654.0562
2025-09-01 04:00:00,0.8087,0.8089,0.7986,0.8006,38367734.0,30815859.5548
2025-09-01 05:00:00,0.8006,0.8061,0.7941,0.8032,61098457.0,48925884.7085
2025-09-01 06:00:00,0.8032,0.8051,0.7967,0.8023,53015196.0,42502416.1593
2025-09-01 07:00:00,0.8023,0.8398,0.799,0.8379,146982513.0,121456878.4497
2025-09-01 08:00:00,0.8379,0.8448,0.8335,0.8414,83256133.0,69765435.0426
2025-09-01 09:00:00,0.8414,0.8436,0.8346,0.8347,49395985.0,41438160.1815
2025-09-01 10:00:00,0.8347,0.8369,0.821,0.8278,83051667.0,68838202.9506
2025-09-01 11:00:00,0.8278,0.8296,0.8177,0.8199,58156234.0,47909397.2082
2025-09-01 12:00:00,0.8199,0.8229,0.815,0.8184,67702311.0,55455076.9966
2025-09-01 13:00:00,0.8184,0.826,0.8122,0.8142,134820973.0,110369481.4006
2025-09-01 14:00:00,0.8142,0.8183,0.8081,0.8136,73082856.0,59476103.0004
2025-09-01 15:00:00,0.8136,0.8173,0.8069,0.8098,58100898.0,47157578.9664
2025-09-01 16:00:00,0.8098,0.8106,0.8055,0.8061,66119422.0,53449757.3762
2025-09-01 17:00:00,0.8061,0.8079,0.8009,0.8028,55674895.0,44743837.1538
2025-09-01 18:00:00,0.8028,0.81,0.8022,0.8086,35408817.0,28550701.3861
2025-09-01 19:00:00,0.8086,0.8116,0.8071,0.8109,42265523.0,34234995.792
2025-09-01 20:00:00,0.8109,0.811,0.7877,0.7941,81231772.0,64871873.0376
2025-09-01 21:00:00,0.7941,0.7948,0.781,0.7885,81427125.0,64239913.039
2025-09-01 22:00:00,0.7885,0.7946,0.7855,0.7913,61804924.0,48783839.375
2025-09-01 23:00:00,0.7913,0.8028,0.7911,0.8009,57972465.0,46188414.4462
2025-09-02 00:00:00,0.8009,0.8043,0.7975,0.8007,52026911.0,41663444.356
2025-09-02 01:00:00,0.8007,0.8095,0.7995,0.8048,53180672.0,42735637.3302
2025-09-02 02:00:00,0.8048,0.8174,0.8032,0.8164,49228141.0,39805241.5413
2025-09-02 03:00:00,0.8164,0.8209,0.8133,0.817,59151756.0,48342882.2891
2025-09-02 04:00:00,0.817,0.8179,0.8141,0.8169,44680689.0,36455670.9632
2025-09-02 05:00:00,0.8169,0.8221,0.8145,0.8202,51315404.0,41986928.3254
2025-09-02 06:00:00,0.8202,0.8224,0.819,0.8211,51725605.0,42445956.5094
2025-09-02 07:00:00,0.8211,0.8221,0.8154,0.8173,57525426.0,47105238.8513
2025-09-02 08:00:00,0.8173,0.8258,0.8167,0.8216,58277760.0,47887640.8284
2025-09-02 09:00:00,0.8216,0.8249,0.82,0.8217,43266184.0,35571889.2774
2025-09-02 10:00:00,0.8217,0.8223,0.8178,0.821,30820430.0,25263619.3452
2025-09-02 11:00:00,0.821,0.8213,0.8144,0.8163,61912768.0,50614643.9185
2025-09-02 12:00:00,0.8163,0.8175,0.8,0.8015,118368596.0,95745066.3172
2025-09-02 13:00:00,0.8015,0.8262,0.8009,0.8236,157405510.0,128088479.3925
2025-09-02 14:00:00,0.8236,0.828,0.8159,0.8224,230511750.0,189702117.8634
2025-09-02 15:00:00,0.8224,0.8231,0.8082,0.8097,90852276.0,74141661.7226
2025-09-02 16:00:00,0.8097,0.8159,0.8074,0.8119,64478304.0,52330495.7876
2025-09-02 17:00:00,0.8119,0.8197,0.8119,0.8181,89338804.0,72998005.118
2025-09-02 18:00:00,0.8181,0.8205,0.8095,0.818,69135989.0,56348006.7037
2025-09-02 19:00:00,0.818,0.8233,0.8152,0.8204,66670620.0,54612722.169
2025-09-02 20:00:00,0.8204,0.8321,0.8185,0.8286,51482550.0,42562864.567
2025-09-02 21:00:00,0.8286,0.8319,0.8268,0.8311,35506360.0,29443739.1306
2025-09-02 22:00:00,0.8311,0.834,0.8276,0.8339,47944504.0,39818014.8423
2025-09-02 23:00:00,0.8339,0.8355,0.8316,0.8348,56532337.0,47122789.3718
2025-09-03 00:00:00,0.8348,0.8394,0.8305,0.8313,59378922.0,49629952.488
2025-09-03 01:00:00,0.8313,0.8372,0.8264,0.8371,41566314.0,34488853.8243
2025-09-03 02:00:00,0.8371,0.8404,0.8328,0.8393,44009932.0,36844315.6201
2025-09-03 03:00:00,0.8393,0.8401,0.8309,0.8339,36142563.0,30185038.518
2025-09-03 04:00:00,0.8339,0.8358,0.8309,0.8352,27241422.0,22705685.1143
2025-09-03 05:00:00,0.8352,0.8358,0.829,0.8301,27276679.0,22686125.8413
2025-09-03 06:00:00,0.8301,0.8329,0.8278,0.8289,25154013.0,20875680.1754
2025-09-03 07:00:00,0.8289,0.8308,0.8257,0.8302,43129446.0,35731138.2221
2025-09-03 08:00:00,0.8302,0.8366,0.8288,0.8302,57999172.0,48275431.0733
2025-09-03 09:00:00,0.8302,0.8342,0.8265,0.8342,44478338.0,36904008.6479
2025-09-03 10:00:00,0.8342,0.8367,0.8315,0.8326,40770004.0,34003502.5594
2025-09-03 11:00:00,0.8326,0.836,0.8318,0.8321,30178742.0,25172593.1536
2025-09-03 12:00:00,0.8321,0.8357,0.8283,0.8301,68864813.0,57279985.128
2025-09-03 13:00:00,0.8301,0.8399,0.8292,0.8336,85036186.0,70963498.9186
2025-09-03 14:00:00,0.8336,0.8421,0.8331,0.8393,93003794.0,77847203.2549
2025-09-03 15:00:00,0.8393,0.842,0.8355,0.8401,58159715.0,48779206.2271
2025-09-03 16:00:00,0.8401,0.8419,0.8341,0.8357,48559167.0,40683079.2328
2025-09-03 17:00:00,0.8357,0.8414,0.8357,0.8397,43085514.0,36167454.7188
2025-09-03 18:00:00,0.8397,0.8417,0.8356,0.8377,26952717.0,22608116.2637
2025-09-03 19:00:00,0.8377,0.8413,0.8352,0.8412,41023252.0,34387395.7019
2025-09-03 20:00:00,0.8412,0.8433,0.8391,0.8404,51857861.0,43615142.897
2025-09-03 21:00:00,0.8404,0.8418,0.8372,0.8399,21797317.0,18296347.698
2025-09-03 22:00:00,0.8399,0.8424,0.8372,0.8388,19659094.0,16503289.8224
2025-09-03 23:00:00,0.8388,0.8394,0.8349,0.8364,22455012.0,18797411.3963
2025-09-04 00:00:00,0.8364,0.8416,0.8364,0.8395,19956697.0,16748575.2078
2025-09-04 01:00:00,0.8395,0.8395,0.8325,0.8355,35904100.0,29975310.8424
2025-09-04 02:00:00,0.8355,0.8363,0.8275,0.8285,28909713.0,24018291.9902
2025-09-04 03:00:00,0.8285,0.829,0.8233,0.8237,47454468.0,39172349.9185
2025-09-04 04:00:00,0.8237,0.8269,0.8225,0.8234,47389186.0,39075001.4758
2025-09-04 05:00:00,0.8234,0.8234,0.8169,0.8192,68590486.0,56192796.7315
2025-09-04 06:00:00,0.8192,0.8194,0.8134,0.8144,50281175.0,41049834.1081
2025-09-04 07:00:00,0.8144,0.8188,0.8141,0.8172,62454776.0,51014530.919
2025-09-04 08:00:00,0.8172,0.8214,0.8153,0.8157,43081593.0,35263610.6963
2025-09-04 09:00:00,0.8157,0.8196,0.8157,0.8195,38883455.0,31797010.5127
2025-09-04 10:00:00,0.8195,0.8236,0.8189,0.8195,42785938.0,35148490.3811
2025-09-04 11:00:00,0.8195,0.8221,0.817,0.8171,41243759.0,33780875.0432
2025-09-04 12:00:00,0.8171,0.8214,0.8125,0.8189,73781849.0,60291005.9266
2025-09-04 13:00:00,0.8189,0.8194,0.8116,0.8147,61105580.0,49855974.7528
2025-09-04 14:00:00,0.8147,0.8158,0.8059,0.81,87089197.0,70672953.0801
2025-09-04 15:00:00,0.81,0.8105,0.8043,0.8077,72858106.0,58840728.1104
2025-09-04 16:00:00,0.8077,0.8104,0.806,0.8087,43648901.0,35278341.5145
2025-09-04 17:00:00,0.8087,0.8119,0.8072,0.8072,51270068.0,41530806.3054
2025-09-04 18:00:00,0.8072,0.8106,0.8034,0.8046,53750829.0,43365795.9489
2025-09-04 19:00:00,0.8046,0.8071,0.8022,0.8035,44809015.0,36056517.7295
2025-09-04 20:00:00,0.8035,0.8103,0.8028,0.8088,33926325.0,27416852.4969
2025-09-04 21:00:00,0.8088,0.8114,0.808,0.8109,25604134.0,20740746.7338
2025-09-04 22:00:00,0.8109,0.8175,0.8105,0.8167,47924284.0,38963968.9643
2025-09-04 23:00:00,0.8167,0.8183,0.8083,0.8089,45327109.0,36839980.6979
2025-09-05 00:00:00,0.8089,0.8121,0.8042,0.8058,39637129.0,32042456.6646
2025-09-05 01:00:00,0.8058,0.8155,0.8046,0.8142,36335377.0,29491680.0107
2025-09-05 02:00:00,0.8142,0.818,0.8122,0.8168,49159096.0,40081581.4978
2025-09-05 03:00:00,0.8168,0.8176,0.8127,0.8175,28406305.0,23163846.5868
2025-09-05 04:00:00,0.8175,0.8196,0.8156,0.8189,28687081.0,23448404.7374
2025-09-05 05:00:00,0.8189,0.8189,0.8161,0.8164,24038787.0,19645308.372
2025-09-05 06:00:00,0.8164,0.8196,0.8142,0.8195,30077154.0,24566329.197
2025-09-05 07:00:00,0.8195,0.8305,0.8193,0.8299,102518230.0,84614091.1455
2025-09-05 08:00:00,0.8299,0.8302,0.8255,0.8262,44052351.0,36462713.2013
2025-09-05 09:00:00,0.8262,0.828,0.8214,0.828,46877546.0,38656170.5254
2025-09-05 10:00:00,0.828,0.8308,0.827,0.827,45336350.0,37561682.4184
2025-09-05 11:00:00,0.827,0.8319,0.8266,0.8316,47461169.0,39377680.7768
2025-09-05 12:00:00,0.8316,0.8492,0.829,0.8448,180139258.0,151419037.1985
2025-09-05 13:00:00,0.8448,0.8474,0.8402,0.8435,95140823.0,80263804.2433
2025-09-05 14:00:00,0.8435,0.8438,0.818,0.8217,119734689.0,99156789.8248
2025-09-05 15:00:00,0.8217,0.828,0.8185,0.8246,85283737.0,70310898.5583
2025-09-05 16:00:00,0.8246,0.8276,0.8204,0.8272,48062017.0,39590710.5472
2025-09-05 17:00:00,0.8272,0.8276,0.8201,0.822,47828115.0,39384499.2839
2025-09-05 18:00:00,0.822,0.8329,0.8202,0.8315,48235354.0,39920044.5126
2025-09-05 19:00:00,0.8315,0.8359,0.8305,0.8359,38688513.0,32253605.6561
2025-09-05 20:00:00,0.8359,0.8385,0.8325,0.8385,39007304.0,32586957.4161
2025-09-05 21:00:00,0.8385,0.8388,0.8276,0.8305,80456566.0,66981678.4369
2025-09-05 22:00:00,0.8305,0.8352,0.8298,0.8336,49675951.0,41331524.4236
2025-09-05 23:00:00,0.8336,0.8345,0.8301,0.8302,33794927.0,28114485.3126
2025-09-06 00:00:00,0.8302,0.8354,0.8299,0.8343,35564957.0,29620130.9831
2025-09-06 01:00:00,0.8343,0.8358,0.831,0.8312,35299234.0,29404034.1143
2025-09-06 02:00:00,0.8312,0.8334,0.8277,0.8333,38218850.0,31722266.8378
2025-09-06 03:00:00,0.8333,0.835,0.832,0.8335,27854562.0,23213753.4506
2025-09-06 04:00:00,0.8335,0.8336,0.8265,0.8282,43212932.0,35810138.8456
2025-09-06 05:00:00,0.8282,0.8282,0.823,0.824,28969698.0,23898595.0219
2025-09-06 06:00:00,0.824,0.8255,0.8233,0.824,14987567.0,12357136.441
2025-09-06 07:00:00,0.824,0.8251,0.8234,0.825,15203150.0,12531121.8837
2025-09-06 08:00:00,0.825,0.826,0.8232,0.8239,24508756.0,20204458.5656
2025-09-06 09:00:00,0.8239,0.8239,0.82,0.8205,38303517.0,31459005.1147
2025-09-06 10:00:00,0.8205,0.8224,0.8184,0.8223,22507750.0,18461625.559
2025-09-06 11:00:00,0.8223,0.823,0.8204,0.8228,16788651.0,13796295.754
2025-09-06 12:00:00,0.8228,0.8247,0.8212,0.8237,29083935.0,23934269.3966
2025-09-06 13:00:00,0.8237,0.8262,0.8207,0.8237,42480581.0,34980174.9687
2025-09-06 14:00:00,0.8237,0.826,0.823,0.8253,27577955.0,22737003.8546
2025-09-06 15:00:00,0.8253,0.8276,0.8209,0.8219,69406480.0,57226226.3966
2025-09-06 16:00:00,0.8219,0.8249,0.8196,0.8225,79083705.0,65052297.1554
2025-09-06 17:00:00,0.8225,0.8228,0.8177,0.819,49705635.0,40749028.3982
2025-09-06 18:00:00,0.819,0.8217,0.8179,0.8202,33714939.0,27655407.9206
2025-09-06 19:00:00,0.8202,0.8206,0.8138,0.8152,40958252.0,33442555.5948
2025-09-06 20:00:00,0.8152,0.8202,0.8149,0.8201,44985614.0,36767324.214
2025-09-06 21:00:00,0.8201,0.8202,0.8175,0.8193,20585356.0,16853479.0643
2025-09-06 22:00:00,0.8193,0.8201,0.8165,0.8175,27241921.0,22277771.5098
2025-09-06 23:00:00,0.8175,0.8206,0.8158,0.8176,49504882.0,40509524.8683
2025-09-07 00:00:00,0.8176,0.8219,0.8176,0.8209,19485965.0,15970838.239
2025-09-07 01:00:00,0.8209,0.8247,0.8204,0.8236,24241765.0,19946243.8965
2025-09-07 02:00:00,0.8236,0.8258,0.8226,0.8252,22705324.0,18705291.9471
2025-09-07 03:00:00,0.8252,0.8291,0.8241,0.828,20578956.0,17016160.1044
2025-09-07 04:00:00,0.828,0.8283,0.8256,0.8263,11189572.0,9250450.7171
2025-09-07 05:00:00,0.8263,0.8278,0.825,0.8271,15551111.0,12850041.931
2025-09-07 06:00:00,0.8271,0.8287,0.8249,0.8251,20002091.0,16540783.567
2025-09-07 07:00:00,0.8251,0.8286,0.8235,0.8261,30866131.0,25498331.9648
2025-09-07 08:00:00,0.8261,0.8307,0.826,0.8278,55042125.0,45612393.0536
2025-09-07 09:00:00,0.8278,0.8295,0.8255,0.8272,27965164.0,23140557.6167
2025-09-07 10:00:00,0.8272,0.8293,0.827,0.8284,28929400.0,23956181.8822
2025-09-07 11:00:00,0.8284,0.833,0.8282,0.8326,24345079.0,20222207.7415
2025-09-07 12:00:00,0.8326,0.8358,0.8288,0.8294,44651287.0,37128152.8225
2025-09-07 13:00:00,0.8294,0.8307,0.8265,0.8306,33069232.0,27396688.0549
2025-09-07 14:00:00,0.8306,0.8383,0.8293,0.8331,57988160.0,48361379.2729
2025-09-07 15:00:00,0.8331,0.8372,0.831,0.8339,27450538.0,22883758.9105
2025-09-07 16:00:00,0.8339,0.8345,0.829,0.8297,44319672.0,36829519.369
2025-09-07 17:00:00,0.8297,0.8305,0.8261,0.827,62535633.0,51807966.4505
2025-09-07 18:00:00,0.827,0.8284,0.8225,0.8251,43690644.0,36056282.4895
2025-09-07 19:00:00,0.8251,0.8304,0.8249,0.8283,42280727.0,34974063.0173
2025-09-07 20:00:00,0.8283,0.8323,0.8267,0.8321,28177456.0,23352032.7407
2025-09-07 21:00:00,0.8321,0.8323,0.8285,0.8289,17993091.0,14935198.7849
2025-09-07 22:00:00,0.8289,0.835,0.8283,0.8347,38337147.0,31882797.8178
2025-09-07 23:00:00,0.8347,0.8415,0.8338,0.8348,49305061.0,41263743.1881
2025-09-08 00:00:00,0.8348,0.8384,0.8311,0.8322,71171488.0,59356147.8787
2025-09-08 01:00:00,0.8322,0.835,0.8312,0.8329,36308901.0,30242631.6098
2025-09-08 02:00:00,0.8329,0.8414,0.8296,0.8412,55862159.0,46631668.4318
2025-09-08 03:00:00,0.8412,0.8482,0.8393,0.8414,55287181.0,46611946.7237
2025-09-08 04:00:00,0.8414,0.843,0.8363,0.8379,32792761.0,27526683.5529
2025-09-08 05:00:00,0.8379,0.8404,0.8334,0.8377,39287206.0,32882961.4727
2025-09-08 06:00:00,0.8377,0.8441,0.8341,0.84,35090882.0,29423401.981
2025-09-08 07:00:00,0.84,0.8458,0.8393,0.8419,29461972.0,24819470.9576
2025-09-08 08:00:00,0.8419,0.8494,0.8411,0.8457,62948963.0,53239460.3417
2025-09-08 09:00:00,0.8457,0.849,0.8439,0.8481,80309299.0,68046254.1541
2025-09-08 10:00:00,0.8481,0.8564,0.8472,0.8544,110479940.0,94162270.3263
2025-09-08 11:00:00,0.8544,0.855,0.8478,0.8524,69294700.0,58995269.4632
2025-09-08 12:00:00,0.8524,0.8598,0.8503,0.856,37483204.0,32004886.4689
2025-09-08 13:00:00,0.856,0.863,0.8544,0.8558,78099282.0,67107471.6197
2025-09-08 14:00:00,0.8558,0.8657,0.855,0.8637,63190589.0,54425675.9382
2025-09-08 15:00:00,0.8637,0.8681,0.8623,0.8652,56728927.0,49070497.5708
2025-09-08 16:00:00,0.8652,0.8685,0.8594,0.8608,64409780.0,55668926.669
2025-09-08 17:00:00,0.8608,0.8669,0.8583,0.8611,44524884.0,38399787.0205
2025-09-08 18:00:00,0.8611,0.8683,0.861,0.8682,39443615.0,34092593.2627
2025-09-08 19:00:00,0.8682,0.8692,0.8601,0.8614,49862882.0,43058931.8351
2025-09-08 20:00:00,0.8614,0.8639,0.8578,0.8609,47065711.0,40519674.5306
2025-09-08 21:00:00,0.8609,0.8666,0.8592,0.8661,56953189.0,49154774.0873
2025-09-08 22:00:00,0.8661,0.8681,0.8643,0.8661,41191893.0,35664979.265
2025-09-08 23:00:00,0.8661,0.8687,0.8625,0.865,35269150.0,30540796.4538
2025-09-09 00:00:00,0.865,0.8722,0.8623,0.8697,43014466.0,37298850.6438
2025-09-09 01:00:00,0.8697,0.875,0.864,0.865,27687677.0,24057571.375
2025-09-09 02:00:00,0.865,0.8656,0.8552,0.8575,35471265.0,30532476.4105
2025-09-09 03:00:00,0.8575,0.868,0.8558,0.8671,30750665.0,26472949.4604
2025-09-09 04:00:00,0.8671,0.8691,0.8632,0.8666,24198254.0,20955342.748
2025-09-09 05:00:00,0.8666,0.8689,0.8627,0.8688,38169160.0,33029971.0661
2025-09-09 06:00:00,0.8688,0.8844,0.8676,0.8822,60314290.0,52998624.9417
2025-09-09 07:00:00,0.8822,0.8922,0.8814,0.8885,105275253.0,93395959.5714
2025-09-09 08:00:00,0.8885,0.8905,0.8842,0.8905,72978219.0,64787990.7964
2025-09-09 09:00:00,0.8905,0.8947,0.8873,0.8875,59488431.0,52983551.5943
2025-09-09 10:00:00,0.8875,0.8897,0.8819,0.8834,58667934.0,51977938.9928
2025-09-09 11:00:00,0.8834,0.8869,0.8825,0.8842,34267839.0,30328275.5655
2025-09-09 12:00:00,0.8842,0.8924,0.8809,0.8823,49574754.0,43951534.4091
2025-09-09 13:00:00,0.8823,0.8863,0.8785,0.8836,56887127.0,50188494.2355
2025-09-09 14:00:00,0.8836,0.8865,0.863,0.8676,123304741.0,107730462.3402
2025-09-09 15:00:00,0.8676,0.8699,0.8523,0.8573,79970653.0,68746034.9645
2025-09-09 16:00:00,0.8573,0.8617,0.8563,0.86,62043467.0,53297406.4766
2025-09-09 17:00:00,0.86,0.8658,0.858,0.8612,66099674.0,56925596.6906
2025-09-09 18:00:00,0.8612,0.865,0.8589,0.8629,46647337.0,40198322.9724
2025-09-09 19:00:00,0.8629,0.8659,0.8595,0.862,42599733.0,36748317.4593
2025-09-09 20:00:00,0.862,0.864,0.859,0.8636,41512143.0,35751667.4933
2025-09-09 21:00:00,0.8636,0.8675,0.8613,0.862,41465606.0,35841719.1325
2025-09-09 22:00:00,0.862,0.8671,0.861,0.867,32492312.0,28079328.0618
2025-09-09 23:00:00,0.867,0.8673,0.863,0.8647,19764462.0,17093346.8998
2025-09-10 00:00:00,0.8647,0.8663,0.8599,0.8604,37891576.0,32695778.4187
2025-09-10 01:00:00,0.8604,0.8671,0.8591,0.867,35337444.0,30509229.6237
2025-09-10 02:00:00,0.867,0.8792,0.8666,0.8766,43986073.0,38531790.325
2025-09-10 03:00:00,0.8766,0.8796,0.8735,0.8771,39981465.0,35030377.4652
2025-09-10 04:00:00,0.8771,0.8771,0.8712,0.8746,21588987.0,18863426.7974
2025-09-10 05:00:00,0.8746,0.8756,0.8693,0.8728,37113310.0,32373154.5878
2025-09-10 06:00:00,0.8728,0.8781,0.8696,0.8758,36832370.0,32199709.4574
2025-09-10 07:00:00,0.8758,0.8826,0.8746,0.8798,97987807.0,86231248.388
2025-09-10 08:00:00,0.8798,0.8825,0.8767,0.8771,41263896.0,36277572.7268
2025-09-10 09:00:00,0.8771,0.8795,0.8743,0.8759,20659346.0,18118798.9535
2025-09-10 10:00:00,0.8759,0.8764,0.8714,0.8728,33662875.0,29419064.329
2025-09-10 11:00:00,0.8728,0.8766,0.872,0.8748,24436868.0,21366500.966
2025-09-10 12:00:00,0.8748,0.8883,0.8748,0.8869,91070631.0,80236878.8024
2025-09-10 13:00:00,0.8869,0.8964,0.8834,0.8913,85374838.0,75957398.9443
2025-09-10 14:00:00,0.8913,0.896,0.8858,0.8872,66393217.0,59173523.5015
2025-09-10 15:00:00,0.8872,0.8912,0.8861,0.8877,79084251.0,70294340.0446
2025-09-10 16:00:00,0.8877,0.8908,0.882,0.8907,66083090.0,58516577.9048
2025-09-10 17:00:00,0.8907,0.8936,0.8839,0.8879,69523109.0,61723100.3392
2025-09-10 18:00:00,0.8879,0.8895,0.8806,0.8828,84115482.0,74382788.1565
2025-09-10 19:00:00,0.8828,0.8833,0.8723,0.8764,94156901.0,82522236.3121
2025-09-10 20:00:00,0.8764,0.8805,0.8764,0.8785,90372004.0,79427280.8069
2025-09-10 21:00:00,0.8785,0.8861,0.8783,0.8856,72238622.0,63820488.383
2025-09-10 22:00:00,0.8856,0.8874,0.8836,0.8864,34413837.0,30469874.3242
2025-09-10 23:00:00,0.8864,0.8875,0.8822,0.8852,55226434.0,48840930.3337
2025-09-11 00:00:00,0.8852,0.8861,0.8826,0.8852,23390119.0,20686364.2363
2025-09-11 01:00:00,0.8852,0.8899,0.8838,0.8884,21038739.0,18662075.7573
2025-09-11 02:00:00,0.8884,0.8898,0.8854,0.8877,34472630.0,30609451.419
2025-09-11 03:00:00,0.8877,0.8946,0.8872,0.8944,28128265.0,25066201.0802
2025-09-11 04:00:00,0.8944,0.8947,0.8877,0.8903,32075901.0,28562742.7848
2025-09-11 05:00:00,0.8903,0.8907,0.8832,0.8866,42780476.0,37912176.0623
2025-09-11 06:00:00,0.8866,0.889,0.8835,0.8882,34472384.0,30565707.5287
2025-09-11 07:00:00,0.8882,0.8885,0.8846,0.887,43583095.0,38636508.8328
2025-09-11 08:00:00,0.887,0.8874,0.8848,0.8859,23282278.0,20635490.7091
2025-09-11 09:00:00,0.8859,0.8863,0.8828,0.8847,25917225.0,22918546.1638
2025-09-11 10:00:00,0.8847,0.8913,0.8833,0.8895,32727759.0,29031993.3432
2025-09-11 11:00:00,0.8895,0.8895,0.8819,0.8833,42206380.0,37375884.1673
2025-09-11 12:00:00,0.8833,0.8976,0.8659,0.8815,243405488.0,214608614.4411
2025-09-11 13:00:00,0.8815,0.8832,0.8724,0.8825,75569526.0,66338655.8256
2025-09-11 14:00:00,0.8825,0.8831,0.8724,0.8758,61194426.0,53723612.7196
2025-09-11 15:00:00,0.8758,0.8798,0.8741,0.8763,45847088.0,40191984.554
2025-09-11 16:00:00,0.8763,0.8807,0.876,0.8787,39809074.0,34967339.2032
2025-09-11 17:00:00,0.8787,0.8825,0.8778,0.8818,31467226.0,27712184.628
2025-09-11 18:00:00,0.8818,0.8826,0.8783,0.8806,20436239.0,17992174.5918
2025-09-11 19:00:00,0.8806,0.883,0.879,0.8818,25251423.0,22247497.9308
2025-09-11 20:00:00,0.8818,0.8828,0.8795,0.8816,21915045.0,19314671.5437
2025-09-11 21:00:00,0.8816,0.8847,0.881,0.884,31049543.0,27420727.5312
2025-09-11 22:00:00,0.884,0.8927,0.883,0.8901,65819224.0,58471553.9932
2025-09-11 23:00:00,0.8901,0.8966,0.8899,0.8937,36644407.0,32746064.7813
2025-09-12 00:00:00,0.8937,0.9095,0.8909,0.9027,60421549.0,54387672.557
2025-09-12 01:00:00,0.9027,0.9079,0.897,0.8982,57434048.0,51885477.2939
2025-09-12 02:00:00,0.8982,0.9059,0.8977,0.9022,45736909.0,41287021.2046
2025-09-12 03:00:00,0.9022,0.9031,0.8966,0.9005,42287714.0,38006681.2336
2025-09-12 04:00:00,0.9005,0.9041,0.8968,0.9036,54346835.0,48956841.0795
2025-09-12 05:00:00,0.9036,0.9058,0.9018,0.9057,33378151.0,30172416.6272
2025-09-12 06:00:00,0.9057,0.9058,0.8997,0.9002,34089821.0,30746229.9851
2025-09-12 07:00:00,0.9002,0.9036,0.8981,0.8993,44173194.0,39755544.277
2025-09-12 08:00:00,0.8993,0.9004,0.8943,0.8956,52066936.0,46731024.0272
2025-09-12 09:00:00,0.8956,0.8964,0.8907,0.8929,29594742.0,26439913.1738
2025-09-12 10:00:00,0.8929,0.893,0.8874,0.8912,38349111.0,34137073.0382
2025-09-12 11:00:00,0.8912,0.8939,0.8872,0.8877,30521594.0,27205452.2828
2025-09-12 12:00:00,0.8877,0.8908,0.8821,0.8899,53592786.0,47484136.4998
2025-09-12 13:00:00,0.8899,0.89,0.8842,0.8878,45578521.0,40450858.7445
2025-09-12 14:00:00,0.8878,0.8957,0.8859,0.891,72341855.0,64447121.9002
2025-09-12 15:00:00,0.891,0.894,0.8862,0.8929,57968421.0,51552408.702
2025-09-12 16:00:00,0.8929,0.8994,0.8913,0.8993,79677924.0,71410921.7555
2025-09-12 17:00:00,0.8993,0.9048,0.8962,0.9024,45077429.0,40656121.6067
2025-09-12 18:00:00,0.9024,0.9068,0.9003,0.9041,47679076.0,43118177.2506
2025-09-12 19:00:00,0.9041,0.9075,0.9011,0.9073,30612224.0,27680500.7649
2025-09-12 20:00:00,0.9073,0.9088,0.9008,0.9066,44308023.0,40101559.2771
2025-09-12 21:00:00,0.9066,0.9071,0.9026,0.9041,27551211.0,24918853.5427
2025-09-12 22:00:00,0.9041,0.918,0.904,0.915,63312151.0,57789022.8621
2025-09-12 23:00:00,0.915,0.9174,0.912,0.9167,31112169.0,28451741.7026
2025-09-13 00:00:00,0.9167,0.93,0.9162,0.9265,59939154.0,55297868.3693
2025-09-13 01:00:00,0.9265,0.9371,0.9239,0.9246,79497495.0,74010790.5769
2025-09-13 02:00:00,0.9246,0.9295,0.9222,0.9266,40944567.0,37922692.5553
2025-09-13 03:00:00,0.9266,0.9305,0.9248,0.929,28460408.0,26414533.9995
2025-09-13 04:00:00,0.929,0.9296,0.9253,0.9259,14688046.0,13621589.7977
2025-09-13 05:00:00,0.9259,0.9272,0.9232,0.9253,16906526.0,15645580.9043
2025-09-13 06:00:00,0.9253,0.9296,0.925,0.9296,13538464.0,12559671.825
2025-09-13 07:00:00,0.9296,0.93,0.9237,0.9259,22598584.0,20938477.4653
2025-09-13 08:00:00,0.9259,0.9373,0.9253,0.9372,28138212.0,26187369.1998
2025-09-13 09:00:00,0.9372,0.9542,0.9359,0.9534,72096647.0,68082273.2393
2025-09-13 10:00:00,0.9534,0.9534,0.9433,0.9437,48866387.0,46343375.2099
2025-09-13 11:00:00,0.9437,0.9499,0.9369,0.9499,45620863.0,42973145.3923
2025-09-13 12:00:00,0.9499,0.9501,0.9446,0.947,46888488.0,44406592.3655
2025-09-13 13:00:00,0.947,0.952,0.9275,0.9376,76488207.0,72200161.0701
2025-09-13 14:00:00,0.9376,0.9454,0.9289,0.9416,76531630.0,71899322.0158
2025-09-13 15:00:00,0.9416,0.9494,0.934,0.9378,53834356.0,50718171.8156
2025-09-13 16:00:00,0.9378,0.9428,0.9248,0.9256,66593098.0,62130260.5341
2025-09-13 17:00:00,0.9256,0.9268,0.9142,0.9249,64487672.0,59485720.489
2025-09-13 18:00:00,0.9249,0.9257,0.92,0.925,101210360.0,93411392.9297
2025-09-13 19:00:00,0.925,0.927,0.9229,0.9261,101252340.0,93656019.6402
2025-09-13 20:00:00,0.9261,0.9315,0.9256,0.9297,64911142.0,60344592.0373
2025-09-13 21:00:00,0.9297,0.9354,0.9284,0.9293,34682207.0,32303249.759
2025-09-13 22:00:00,0.9293,0.9309,0.9261,0.9279,23942360.0,22225599.2935
2025-09-13 23:00:00,0.9279,0.9308,0.9267,0.9292,25995194.0,24143021.8042
2025-09-14 00:00:00,0.9292,0.9311,0.9202,0.9222,28088382.0,26003556.1608
2025-09-14 01:00:00,0.9222,0.9246,0.9129,0.9236,32723094.0,30076251.6837
2025-09-14 02:00:00,0.9236,0.9292,0.9218,0.927,22937096.0,21245116.0374
2025-09-14 03:00:00,0.927,0.9274,0.9156,0.9168,15170202.0,13986846.9687
2025-09-14 04:00:00,0.9168,0.9201,0.9102,0.9181,30628807.0,28049299.4378
2025-09-14 05:00:00,0.9181,0.9235,0.9175,0.9222,27515105.0,25349537.1599
2025-09-14 06:00:00,0.9222,0.9231,0.9137,0.9172,26720415.0,24524031.1495
2025-09-14 07:00:00,0.9172,0.9182,0.9123,0.9154,26412862.0,24181528.392
2025-09-14 08:00:00,0.9154,0.9171,0.9123,0.9134,23880634.0,21841933.7696
2025-09-14 09:00:00,0.9134,0.9194,0.9115,0.918,33461699.0,30654499.295
2025-09-14 10:00:00,0.918,0.9192,0.9136,0.9154,26218585.0,24030767.6848
2025-09-14 11:00:00,0.9154,0.9169,0.9008,0.902,46659666.0,42278780.4237
2025-09-14 12:00:00,0.902,0.9052,0.8913,0.8955,66847684.0,60096565.0543
2025-09-14 13:00:00,0.8955,0.8966,0.8845,0.8876,59915913.0,53387072.4836
2025-09-14 14:00:00,0.8876,0.8935,0.8786,0.8854,95200760.0,84321719.3025
2025-09-14 15:00:00,0.8854,0.8881,0.8796,0.8859,47757786.0,42228634.2861
2025-09-14 16:00:00,0.8859,0.8917,0.8844,0.8888,27468303.0,24421878.4585
2025-09-14 17:00:00,0.8888,0.8965,0.8872,0.8942,27693926.0,24725345.7872
2025-09-14 18:00:00,0.8942,0.8943,0.8883,0.8893,17549016.0,15626219.8259
2025-09-14 19:00:00,0.8893,0.892,0.8859,0.8886,30165277.0,26834881.3598
2025-09-14 20:00:00,0.8886,0.8924,0.8881,0.89,17356135.0,15450195.7229
2025-09-14 21:00:00,0.89,0.8952,0.8852,0.8931,28026333.0,24971318.9981
2025-09-14 22:00:00,0.8931,0.8973,0.8887,0.8946,34363584.0,30675385.7563
2025-09-14 23:00:00,0.8946,0.8946,0.8857,0.8873,43167746.0,38347745.5077
2025-09-15 00:00:00,0.8873,0.893,0.8864,0.8875,24318082.0,21614281.7473
2025-09-15 01:00:00,0.8875,0.8924,0.879,0.8896,43809640.0,38820180.4546
2025-09-15 02:00:00,0.8896,0.8954,0.888,0.8893,40048137.0,35714612.6169
2025-09-15 03:00:00,0.8893,0.8952,0.8888,0.8939,18347625.0,16381331.705
2025-09-15 04:00:00,0.8939,0.9012,0.8926,0.8978,54104125.0,48521397.649
2025-09-15 05:00:00,0.8978,0.9021,0.8971,0.9013,30931439.0,27840209.8879
2025-09-15 06:00:00,0.9013,0.9017,0.8837,0.888,59143986.0,52803717.7414
2025-09-15 07:00:00,0.888,0.8928,0.8735,0.8773,53612794.0,47290096.437
2025-09-15 08:00:00,0.8773,0.8774,0.8519,0.8558,89766435.0,77371151.1573
2025-09-15 09:00:00,0.8558,0.8642,0.8542,0.8613,40275560.0,34684163.6766
2025-09-15 10:00:00,0.8613,0.8624,0.8551,0.8612,61732491.0,53016799.9042
2025-09-15 11:00:00,0.8612,0.864,0.8589,0.8637,68173180.0,58729952.3161
2025-09-15 12:00:00,0.8637,0.8644,0.8569,0.8586,56322127.0,48503073.9143
2025-09-15 13:00:00,0.8586,0.8695,0.8573,0.8637,111694818.0,96521200.7113
2025-09-15 14:00:00,0.8637,0.868,0.8581,0.8605,76913371.0,66366085.5571
2025-09-15 15:00:00,0.8605,0.8628,0.8535,0.859,92679093.0,79506764.1452
2025-09-15 16:00:00,0.859,0.8613,0.853,0.8551,53247584.0,45638274.4578
2025-09-15 17:00:00,0.8551,0.8614,0.8525,0.8611,39532356.0,33850606.9292
2025-09-15 18:00:00,0.8611,0.8621,0.8564,0.8604,34757839.0,29849315.53
2025-09-15 19:00:00,0.8604,0.864,0.8553,0.8593,50660826.0,43548131.8212
2025-09-15 20:00:00,0.8593,0.862,0.8582,0.8616,28956283.0,24905348.6985
2025-09-15 21:00:00,0.8616,0.8649,0.8597,0.8646,29342284.0,25308776.1094
2025-09-15 22:00:00,0.8646,0.8658,0.8587,0.8609,28773030.0,24803175.3487
2025-09-15 23:00:00,0.8609,0.8635,0.8592,0.8626,16713359.0,14401430.0849
2025-09-16 00:00:00,0.8626,0.863,0.8587,0.8613,19345063.0,16650401.6844
2025-09-16 01:00:00,0.8613,0.8655,0.8595,0.8597,22719517.0,19602322.0379
2025-09-16 02:00:00,0.8597,0.8636,0.8585,0.8587,15144256.0,13033289.4409
2025-09-16 03:00:00,0.8587,0.8621,0.8577,0.8591,22043174.0,18952116.8141
2025-09-16 04:00:00,0.8591,0.8605,0.8525,0.8587,33398629.0,28612469.2544
2025-09-16 05:00:00,0.8587,0.8633,0.8578,0.8631,24500504.0,21084441.2118
2025-09-16 06:00:00,0.8631,0.8647,0.8585,0.8623,38849058.0,33481189.59
2025-09-16 07:00:00,0.8623,0.8663,0.8612,0.8653,33907182.0,29271703.5576
2025-09-16 08:00:00,0.8653,0.8723,0.8653,0.8706,66779510.0,58012614.361
2025-09-16 09:00:00,0.8706,0.8719,0.8666,0.8692,40752709.0,35431307.5653
2025-09-16 10:00:00,0.8692,0.8742,0.868,0.8681,49090029.0,42740331.7055
2025-09-16 11:00:00,0.8681,0.871,0.8668,0.8696,27389745.0,23796570.4364
2025-09-16 12:00:00,0.8696,0.8714,0.8683,0.8702,37019396.0,32196069.2457
2025-09-16 13:00:00,0.8702,0.8749,0.8584,0.8664,80923708.0,70189262.0676
2025-09-16 14:00:00,0.8664,0.8664,0.856,0.8645,61533019.0,52991933.4682
2025-09-16 15:00:00,0.8645,0.8702,0.8606,0.87,44734933.0,38744825.6636
2025-09-16 16:00:00,0.87,0.8714,0.8662,0.8692,56637612.0,49222289.0642
2025-09-16 17:00:00,0.8692,0.8802,0.8688,0.8762,106351660.0,93170847.9532
2025-09-16 18:00:00,0.8762,0.8799,0.8725,0.8748,57247551.0,50169520.8926
2025-09-16 19:00:00,0.8748,0.8775,0.8729,0.8767,52599875.0,46026295.8344
2025-09-16 20:00:00,0.8767,0.8781,0.8753,0.8766,23695979.0,20773494.7925
2025-09-16 21:00:00,0.8766,0.882,0.8763,0.8818,27799661.0,24440226.9857
2025-09-16 22:00:00,0.8818,0.8838,0.8803,0.8822,33476272.0,29538853.3426
2025-09-16 23:00:00,0.8822,0.8824,0.8785,0.8801,18567808.0,16348263.0695
2025-09-17 00:00:00,0.8801,0.8814,0.8768,0.8784,26184873.0,23029039.8036
2025-09-17 01:00:00,0.8784,0.8813,0.8754,0.8773,15878870.0,13951985.9295
2025-09-17 02:00:00,0.8773,0.8835,0.8749,0.8786,24919201.0,21895388.4667
2025-09-17 03:00:00,0.8786,0.881,0.873,0.8735,31375226.0,27507554.7321
2025-09-17 04:00:00,0.8735,0.8758,0.8662,0.8691,44862288.0,39039986.067
2025-09-17 05:00:00,0.8691,0.8783,0.8688,0.878,59764942.0,52125124.5033
2025-09-17 06:00:00,0.878,0.882,0.8765,0.8809,49386867.0,43422097.1724
2025-09-17 07:00:00,0.8809,0.8868,0.8797,0.882,61458168.0,54258321.1208
2025-09-17 08:00:00,0.882,0.8822,0.8728,0.8762,77285498.0,67707017.4517
2025-09-17 09:00:00,0.8762,0.8767,0.8713,0.8716,52266973.0,45661671.7723
2025-09-17 10:00:00,0.8716,0.8738,0.8686,0.8711,38904068.0,33870751.1012
2025-09-17 11:00:00,0.8711,0.8748,0.8704,0.8714,38921250.0,33967611.4897
2025-09-17 12:00:00,0.8714,0.8728,0.8681,0.8711,39470114.0,34347060.7501
2025-09-17 13:00:00,0.8711,0.8738,0.8675,0.8701,60628742.0,52779778.4966
2025-09-17 14:00:00,0.8701,0.8719,0.8628,0.8645,49303407.0,42728624.7295
2025-09-17 15:00:00,0.8645,0.8695,0.8637,0.8678,49829601.0,43167927.5221
2025-09-17 16:00:00,0.8678,0.8712,0.8608,0.8709,84109384.0,72803647.1344
2025-09-17 17:00:00,0.8709,0.8841,0.8664,0.8664,68558035.0,59977321.4134
2025-09-17 18:00:00,0.8664,0.8832,0.8613,0.8666,146217866.0,127375587.5917
2025-09-17 19:00:00,0.8666,0.8841,0.8662,0.8826,83518760.0,73252991.7417
2025-09-17 20:00:00,0.8826,0.8948,0.8784,0.8804,80181403.0,71214106.973
2025-09-17 21:00:00,0.8804,0.8928,0.875,0.8903,59810544.0,52919254.4023
2025-09-17 22:00:00,0.8903,0.9119,0.8903,0.9095,79096643.0,71445903.3502
2025-09-17 23:00:00,0.9095,0.9193,0.9071,0.9134,80293534.0,73259026.7035
2025-09-18 00:00:00,0.9134,0.918,0.9069,0.9085,43113340.0,39369823.2553
2025-09-18 01:00:00,0.9085,0.9182,0.9069,0.9152,33219825.0,30396013.9931
2025-09-18 02:00:00,0.9152,0.9164,0.9073,0.9161,21671656.0,19760212.6987
2025-09-18 03:00:00,0.9161,0.9254,0.9151,0.9173,31641886.0,29109942.062
2025-09-18 04:00:00,0.9173,0.9184,0.912,0.9141,24016040.0,21970189.308
2025-09-18 05:00:00,0.9141,0.9145,0.9072,0.909,35887967.0,32657918.19
2025-09-18 06:00:00,0.909,0.9101,0.8994,0.9033,63725249.0,57625956.7893
2025-09-18 07:00:00,0.9033,0.9138,0.9015,0.9078,54037123.0,48976570.9487
2025-09-18 08:00:00,0.9078,0.9205,0.9072,0.9196,55993690.0,51208785.5877
2025-09-18 09:00:00,0.9196,0.9202,0.9153,0.9178,36751241.0,33719550.1484
2025-09-18 10:00:00,0.9178,0.9194,0.9105,0.913,55126506.0,50353049.5028
2025-09-18 11:00:00,0.913,0.9161,0.9116,0.9133,37269664.0,34056031.5102
2025-09-18 12:00:00,0.9133,0.917,0.911,0.9135,37665735.0,34427389.0422
2025-09-18 13:00:00,0.9135,0.9192,0.9076,0.9146,67756470.0,61925270.077
2025-09-18 14:00:00,0.9146,0.9231,0.9138,0.9227,86991542.0,79882690.933
2025-09-18 15:00:00,0.9227,0.9281,0.918,0.9267,69571183.0,64271570.6799
2025-09-18 16:00:00,0.9267,0.929,0.922,0.9248,41192329.0,38119527.6175
2025-09-18 17:00:00,0.9248,0.9332,0.9236,0.9314,53183476.0,49443244.0242
2025-09-18 18:00:00,0.9314,0.9383,0.9292,0.9374,35403256.0,33051046.9459
2025-09-18 19:00:00,0.9374,0.9379,0.9253,0.9298,40793905.0,37945936.4358
2025-09-18 20:00:00,0.9298,0.9336,0.9281,0.9301,29760511.0,27699745.8391
2025-09-18 21:00:00,0.9301,0.9318,0.9258,0.9284,44727670.0,41570931.7337
2025-09-18 22:00:00,0.9284,0.9292,0.9221,0.9226,37555398.0,34748980.0375
2025-09-18 23:00:00,0.9226,0.9256,0.9157,0.9241,46018623.0,42392529.2036
2025-09-19 00:00:00,0.9241,0.9348,0.9241,0.9346,51498663.0,47909825.3704
2025-09-19 01:00:00,0.9346,0.9377,0.9276,0.9326,42084429.0,39238464.9343
2025-09-19 02:00:00,0.9326,0.9336,0.9239,0.9253,39739872.0,36883395.7301
2025-09-19 03:00:00,0.9253,0.9323,0.9184,0.9193,59144619.0,54712488.8544
2025-09-19 04:00:00,0.9193,0.9225,0.9091,0.922,63195717.0,57822727.585
2025-09-19 05:00:00,0.922,0.923,0.9127,0.9154,64321411.0,59051016.0894
2025-09-19 06:00:00,0.9154,0.9154,0.9038,0.9042,52031025.0,47327336.8365
2025-09-19 07:00:00,0.9042,0.9094,0.9021,0.9039,57247638.0,51889044.4169
2025-09-19 08:00:00,0.9039,0.9114,0.9035,0.9077,43927241.0,39895791.2852
2025-09-19 09:00:00,0.9077,0.9114,0.8999,0.902,46385581.0,42039887.0613
2025-09-19 10:00:00,0.902,0.9049,0.9,0.9029,36281277.0,32755009.4614
2025-09-19 11:00:00,0.9029,0.9031,0.8932,0.896,58582330.0,52538313.7778
2025-09-19 12:00:00,0.896,0.9032,0.8957,0.8988,45969416.0,41349671.3519
2025-09-19 13:00:00,0.8988,0.9084,0.8984,0.9073,93657834.0,84690173.4908
2025-09-19 14:00:00,0.9073,0.9087,0.8953,0.899,84479518.0,76220386.4033
2025-09-19 15:00:00,0.899,0.8996,0.8908,0.8966,82932390.0,74154352.256
2025-09-19 16:00:00,0.8966,0.9046,0.8954,0.904,42917613.0,38671968.3154
2025-09-19 17:00:00,0.904,0.9043,0.8964,0.8971,46935491.0,42195114.6708
2025-09-19 18:00:00,0.8971,0.8988,0.8908,0.896,66300294.0,59325539.0405
2025-09-19 19:00:00,0.896,0.8985,0.8941,0.8941,50168766.0,44947795.7324
2025-09-19 20:00:00,0.8941,0.8983,0.8921,0.8924,27481610.0,24618641.6074
2025-09-19 21:00:00,0.8924,0.8965,0.8893,0.8964,30468200.0,27225451.4885
2025-09-19 22:00:00,0.8964,0.8973,0.8949,0.8952,31737480.0,28439441.5097
2025-09-19 23:00:00,0.8952,0.8954,0.885,0.8898,45253711.0,40239969.5545
2025-09-20 00:00:00,0.8898,0.8972,0.8881,0.8969,28411321.0,25337327.5332
2025-09-20 01:00:00,0.8969,0.8969,0.8908,0.8938,30884274.0,27614600.064
2025-09-20 02:00:00,0.8938,0.896,0.888,0.8959,32297640.0,28801809.9961
2025-09-20 03:00:00,0.8959,0.8962,0.8906,0.8933,33153343.0,29614297.6793
2025-09-20 04:00:00,0.8933,0.8958,0.8908,0.8946,28982059.0,25888991.2055
2025-09-20 05:00:00,0.8946,0.8993,0.8925,0.8986,23357163.0,20942349.7404
2025-09-20 06:00:00,0.8986,0.903,0.8966,0.9019,33802775.0,30431489.2048
2025-09-20 07:00:00,0.9019,0.9058,0.8997,0.9056,47491218.0,42857516.4957
2025-09-20 08:00:00,0.9056,0.9059,0.8933,0.8937,62715056.0,56482924.9276
2025-09-20 09:00:00,0.8937,0.8959,0.8889,0.8906,43846735.0,39128312.2274
2025-09-20 10:00:00,0.8906,0.8934,0.8878,0.8887,33670038.0,29986137.3605
2025-09-20 11:00:00,0.8887,0.8952,0.8866,0.8948,29867501.0,26597239.0876
2025-09-20 12:00:00,0.8948,0.8952,0.8909,0.8944,42309213.0,37762912.4056
2025-09-20 13:00:00,0.8944,0.8986,0.8927,0.8952,36278222.0,32494808.3296
2025-09-20 14:00:00,0.8952,0.8985,0.8919,0.8975,43971584.0,39332581.0741
2025-09-20 15:00:00,0.8975,0.9044,0.8974,0.8999,50995851.0,45929538.8065
2025-09-20 16:00:00,0.8999,0.9028,0.8915,0.8981,51915768.0,46581671.517
2025-09-20 17:00:00,0.8981,0.8986,0.8921,0.8933,38050852.0,34032079.434
2025-09-20 18:00:00,0.8933,0.8934,0.8894,0.8907,26945823.0,24014740.7724
2025-09-20 19:00:00,0.8907,0.8937,0.8893,0.891,27249855.0,24297544.0074
2025-09-20 20:00:00,0.891,0.8948,0.8901,0.8939,29953464.0,26739829.9665
2025-09-20 21:00:00,0.8939,0.8975,0.8929,0.8956,30082866.0,26929871.7019
2025-09-20 22:00:00,0.8956,0.896,0.8927,0.8951,26525952.0,23731241.8944
2025-09-20 23:00:00,0.8951,0.8953,0.8911,0.8926,15661153.0,13983884.4376
2025-09-21 00:00:00,0.8926,0.8971,0.8895,0.8958,28909006.0,25839882.3805
2025-09-21 01:00:00,0.8958,0.8972,0.8906,0.8918,39304174.0,35119077.4315
2025-09-21 02:00:00,0.8918,0.8965,0.8893,0.896,40089989.0,35838260.4362
2025-09-21 03:00:00,0.896,0.8982,0.8945,0.8981,35652279.0,31952165.7349
2025-09-21 04:00:00,0.8981,0.8985,0.8953,0.898,29442647.0,26400451.3483
2025-09-21 05:00:00,0.898,0.9004,0.8963,0.899,20398861.0,18323929.1279
2025-09-21 06:00:00,0.899,0.9023,0.8988,0.8994,34100039.0,30697284.3796
2025-09-21 07:00:00,0.8994,0.901,0.898,0.8992,34995186.0,31477837.7723
2025-09-21 08:00:00,0.8992,0.8999,0.891,0.8916,33530286.0,30010706.5876
2025-09-21 09:00:00,0.8916,0.8923,0.8765,0.8849,80151344.0,70819746.4906
2025-09-21 10:00:00,0.8849,0.8857,0.8808,0.8808,47596403.0,42057857.5684
2025-09-21 11:00:00,0.8808,0.8847,0.8799,0.8816,35806991.0,31593357.8984
2025-09-21 12:00:00,0.8816,0.8875,0.8811,0.885,34760634.0,30778439.926
2025-09-21 13:00:00,0.885,0.8887,0.8845,0.8875,40218045.0,35658490.2784
2025-09-21 14:00:00,0.8875,0.8893,0.8844,0.8845,50392003.0,44693493.7152
2025-09-21 15:00:00,0.8845,0.8875,0.8833,0.8852,38597928.0,34177147.0124
2025-09-21 16:00:00,0.8852,0.8867,0.8763,0.8794,66703586.0,58757947.636
2025-09-21 17:00:00,0.8794,0.8865,0.8745,0.8863,47502879.0,41723579.1231
2025-09-21 18:00:00,0.8863,0.889,0.8844,0.8889,36685116.0,32527576.9604
2025-09-21 19:00:00,0.8889,0.889,0.8819,0.8881,31952753.0,28283004.5665
2025-09-21 20:00:00,0.8881,0.8887,0.8846,0.8862,34919735.0,30953289.2833
2025-09-21 21:00:00,0.8862,0.887,0.8824,0.8843,36511074.0,32312630.5641
2025-09-21 22:00:00,0.8843,0.8879,0.879,0.8874,45891001.0,40530477.2483
2025-09-21 23:00:00,0.8874,0.8879,0.8813,0.8837,48239211.0,42640625.3278
2025-09-22 00:00:00,0.8837,0.8873,0.8611,0.864,79190276.0,69166346.2577
2025-09-22 01:00:00,0.864,0.8718,0.862,0.8634,69939253.0,60660698.3267
2025-09-22 02:00:00,0.8634,0.8654,0.846,0.8518,80636184.0,69036575.736
2025-09-22 03:00:00,0.8518,0.8567,0.851,0.8553,71258012.0,60830434.4763
2025-09-22 04:00:00,0.8553,0.8559,0.8506,0.8529,34422291.0,29376484.4131
2025-09-22 05:00:00,0.8529,0.853,0.8331,0.8331,55155481.0,46753613.1927
2025-09-22 06:00:00,0.8331,0.8344,0.7822,0.8236,118406709.0,96530848.9538
2025-09-22 07:00:00,0.8236,0.8236,0.8163,0.8167,47773891.0,39200536.2503
2025-09-22 08:00:00,0.8167,0.8225,0.8124,0.8198,40695199.0,33266991.112
2025-09-22 09:00:00,0.8198,0.8211,0.8128,0.8144,32045463.0,26197269.9266
2025-09-22 10:00:00,0.8144,0.8276,0.812,0.8248,47610546.0,39065868.5739
2025-09-22 11:00:00,0.8248,0.8263,0.8204,0.8219,40417697.0,33260183.7913
2025-09-22 12:00:00,0.8219,0.8279,0.8186,0.8269,67222164.0,55356658.7749
2025-09-22 13:00:00,0.8269,0.8317,0.8226,0.8304,65146296.0,53931273.3252
2025-09-22 14:00:00,0.8304,0.8325,0.8229,0.8243,82910148.0,68672141.965
2025-09-22 15:00:00,0.8243,0.8263,0.8186,0.82,59082837.0,48553650.3731
2025-09-22 16:00:00,0.82,0.8267,0.8186,0.8202,61533306.0,50628954.0136
2025-09-22 17:00:00,0.8202,0.8234,0.8173,0.8218,34558600.0,28356976.5232
2025-09-22 18:00:00,0.8218,0.8225,0.8176,0.8179,27470022.0,22525305.3726
2025-09-22 19:00:00,0.8179,0.819,0.8133,0.8147,57441568.0,46854309.6769
2025-09-22 20:00:00,0.8147,0.8231,0.8128,0.8221,69674479.0,57113484.5586
2025-09-22 21:00:00,0.8221,0.8271,0.8198,0.8262,58096839.0,47831532.7104
2025-09-22 22:00:00,0.8262,0.8262,0.8229,0.8238,46248512.0,38123831.0196
2025-09-22 23:00:00,0.8238,0.8255,0.8232,0.8251,42116245.0,34722885.8039
2025-09-23 00:00:00,0.8251,0.8289,0.8215,0.8216,59056656.0,48745314.6439
2025-09-23 01:00:00,0.8216,0.8224,0.8147,0.8149,54766419.0,44862292.3
2025-09-23 02:00:00,0.8149,0.8199,0.8078,0.809,49990755.0,40681185.7191
2025-09-23 03:00:00,0.809,0.8268,0.8026,0.822,78464436.0,63969582.3631
2025-09-23 04:00:00,0.822,0.8239,0.814,0.8178,36754524.0,30075086.369
2025-09-23 05:00:00,0.8178,0.8219,0.8147,0.8179,36922666.0,30245420.9203
2025-09-23 06:00:00,0.8179,0.827,0.8166,0.826,46586348.0,38370879.0369
2025-09-23 07:00:00,0.826,0.8282,0.8218,0.8234,37043734.0,30542886.1079
2025-09-23 08:00:00,0.8234,0.8259,0.8216,0.8251,49309859.0,40632037.5344
2025-09-23 09:00:00,0.8251,0.8278,0.8194,0.8217,45604215.0,37553591.3276
2025-09-23 10:00:00,0.8217,0.8241,0.8204,0.8223,28591451.0,23516260.1228
2025-09-23 11:00:00,0.8223,0.8235,0.8183,0.8216,36489167.0,29960163.001
2025-09-23 12:00:00,0.8216,0.8256,0.8191,0.8226,69749728.0,57315149.0018
2025-09-23 13:00:00,0.8226,0.8246,0.8187,0.8207,60113212.0,49376981.6895
2025-09-23 14:00:00,0.8207,0.8261,0.8165,0.8176,62972883.0,51660977.4783
2025-09-23 15:00:00,0.8176,0.8235,0.8151,0.8218,54521089.0,44721508.9454
2025-09-23 16:00:00,0.8218,0.829,0.817,0.8258,56162296.0,46196068.2067
2025-09-23 17:00:00,0.8258,0.826,0.8126,0.8138,50553386.0,41352458.5296
2025-09-23 18:00:00,0.8138,0.8161,0.8078,0.8106,53189694.0,43171658.1376
2025-09-23 19:00:00,0.8106,0.8159,0.8061,0.8081,54871761.0,44494230.3703
2025-09-23 20:00:00,0.8081,0.8125,0.8045,0.8125,72906016.0,58956942.8957
2025-09-23 21:00:00,0.8125,0.8159,0.8098,0.8132,40430162.0,32846838.3285
2025-09-23 22:00:00,0.8132,0.8141,0.8085,0.8104,30702827.0,24914975.4196
2025-09-23 23:00:00,0.8104,0.8127,0.805,0.8056,29721802.0,24000857.2185
2025-09-24 00:00:00,0.8056,0.8143,0.8046,0.81,37992457.0,30786066.1581
2025-09-24 01:00:00,0.81,0.8153,0.808,0.8149,21023151.0,17086488.171
2025-09-24 02:00:00,0.8149,0.8157,0.8075,0.8103,35851311.0,29058700.6961
2025-09-24 03:00:00,0.8103,0.8123,0.7975,0.8,56722279.0,45581130.3544
2025-09-24 04:00:00,0.8,0.8112,0.79,0.8055,54783859.0,43897673.6202
2025-09-24 05:00:00,0.8055,0.8152,0.8048,0.8134,23901075.0,19374641.3044
2025-09-24 06:00:00,0.8134,0.8169,0.8112,0.8151,22570447.0,18362096.8926
2025-09-24 07:00:00,0.8151,0.8166,0.8114,0.8144,45669019.0,37167848.9211
2025-09-24 08:00:00,0.8144,0.8172,0.8126,0.8165,35604753.0,29010406.9927
2025-09-24 09:00:00,0.8165,0.8188,0.8142,0.8177,32769516.0,26767128.7992
2025-09-24 10:00:00,0.8177,0.8181,0.8146,0.8168,39101765.0,31932374.9432
2025-09-24 11:00:00,0.8168,0.8226,0.8162,0.8191,40293249.0,33035457.4062
2025-09-24 12:00:00,0.8191,0.823,0.8191,0.8206,27442646.0,22532135.4462
2025-09-24 13:00:00,0.8206,0.8238,0.8164,0.8167,38342896.0,31451945.8562
2025-09-24 14:00:00,0.8167,0.8299,0.8165,0.8263,75812959.0,62494065.2859
2025-09-24 15:00:00,0.8263,0.828,0.8193,0.8204,61092954.0,50384296.9909
2025-09-24 16:00:00,0.8204,0.8226,0.8182,0.8208,48868093.0,40101927.88
2025-09-24 17:00:00,0.8208,0.8265,0.8199,0.8235,37385658.0,30772584.5615
2025-09-24 18:00:00,0.8235,0.8246,0.8209,0.8221,34227440.0,28162788.2659
2025-09-24 19:00:00,0.8221,0.8247,0.8193,0.8216,40436370.0,33231054.4701
2025-09-24 20:00:00,0.8216,0.823,0.8154,0.8201,36808390.0,30158111.3312
2025-09-24 21:00:00,0.8201,0.821,0.8125,0.8142,31003589.0,25381908.4477
2025-09-24 22:00:00,0.8142,0.8183,0.8128,0.8139,29606308.0,24142840.3147
2025-09-24 23:00:00,0.8139,0.8165,0.8112,0.8124,18703160.0,15212547.9005
2025-09-25 00:00:00,0.8124,0.8141,0.8067,0.8077,29943028.0,24257546.4917
2025-09-25 01:00:00,0.8077,0.8097,0.8008,0.8029,36842415.0,29660185.5809
2025-09-25 02:00:00,0.8029,0.812,0.7987,0.8068,44775417.0,36022612.5711
2025-09-25 03:00:00,0.8068,0.8069,0.7925,0.8001,43555102.0,34729564.4607
2025-09-25 04:00:00,0.8001,0.8029,0.7858,0.7895,65792330.0,52184536.8527
2025-09-25 05:00:00,0.7895,0.7991,0.7864,0.7967,50777259.0,40325348.1161
2025-09-25 06:00:00,0.7967,0.7976,0.7886,0.7895,37721878.0,29875720.9022
2025-09-25 07:00:00,0.7895,0.795,0.7884,0.7903,40754105.0,32278070.4314
2025-09-25 08:00:00,0.7903,0.794,0.7848,0.7865,32861328.0,25972957.7111
2025-09-25 09:00:00,0.7865,0.7934,0.7846,0.7855,41349875.0,32654211.9759
2025-09-25 10:00:00,0.7855,0.7913,0.7849,0.7853,40421697.0,31821301.9844
2025-09-25 11:00:00,0.7853,0.7876,0.7797,0.781,53062644.0,41563285.4555
2025-09-25 12:00:00,0.781,0.7888,0.7681,0.7843,84829121.0,66303701.6484
2025-09-25 13:00:00,0.7843,0.7938,0.7792,0.7891,86322955.0,67986295.8573
2025-09-25 14:00:00,0.7891,0.7997,0.7891,0.7937,71163579.0,56559813.5464
2025-09-25 15:00:00,0.7937,0.7943,0.7885,0.7906,51848788.0,40997814.0554
2025-09-25 16:00:00,0.7906,0.7922,0.7758,0.7767,52349284.0,41073778.6067
2025-09-25 17:00:00,0.7767,0.7776,0.7537,0.758,98973469.0,75930265.917
2025-09-25 18:00:00,0.758,0.777,0.7552,0.7768,74960987.0,57477556.2635
2025-09-25 19:00:00,0.7768,0.782,0.7699,0.7713,42755613.0,33203346.8777
2025-09-25 20:00:00,0.7713,0.7733,0.7642,0.7647,29691017.0,22809712.049
2025-09-25 21:00:00,0.7647,0.772,0.7613,0.7689,31052489.0,23811223.7542
2025-09-25 22:00:00,0.7689,0.774,0.764,0.7672,26306861.0,20239685.2147
2025-09-25 23:00:00,0.7672,0.7719,0.7571,0.7633,56978045.0,43577988.0066
2025-09-26 00:00:00,0.7633,0.7803,0.7633,0.7783,68062269.0,52515157.8338
2025-09-26 01:00:00,0.7783,0.7811,0.7743,0.7776,40180889.0,31251802.1784
2025-09-26 02:00:00,0.7776,0.7809,0.7733,0.7754,50022144.0,38864771.6035
2025-09-26 03:00:00,0.7754,0.7779,0.7723,0.7765,24843744.0,19249612.6999
2025-09-26 04:00:00,0.7765,0.778,0.7716,0.7736,33689567.0,26097246.798
2025-09-26 05:00:00,0.7736,0.7792,0.77,0.7716,19532427.0,15127973.4845
2025-09-26 06:00:00,0.7716,0.7772,0.7679,0.773,63995233.0,49538657.7877
2025-09-26 07:00:00,0.773,0.7775,0.769,0.7741,48798868.0,37746193.745
2025-09-26 08:00:00,0.7741,0.7777,0.7734,0.7749,29962285.0,23246136.984
2025-09-26 09:00:00,0.7749,0.7772,0.7688,0.7718,31028527.0,23981968.692
2025-09-26 10:00:00,0.7718,0.7724,0.7601,0.762,45653188.0,34869820.6387
2025-09-26 11:00:00,0.762,0.7666,0.7572,0.7634,45975739.0,35033597.3897
2025-09-26 12:00:00,0.7634,0.7791,0.7572,0.7724,89918523.0,69149612.4111
2025-09-26 13:00:00,0.7724,0.7792,0.7668,0.7769,90766967.0,70146615.801
2025-09-26 14:00:00,0.7769,0.7779,0.7646,0.7666,88953554.0,68484269.1104
2025-09-26 15:00:00,0.7666,0.7775,0.7662,0.7747,57422812.0,44383316.0171
2025-09-26 16:00:00,0.7747,0.7848,0.774,0.7831,76966449.0,60111006.2382
2025-09-26 17:00:00,0.7831,0.7903,0.7814,0.789,64804588.0,51009717.2761
2025-09-26 18:00:00,0.789,0.7959,0.789,0.7925,65341654.0,51828521.6929
2025-09-26 19:00:00,0.7925,0.7929,0.7847,0.7888,56376363.0,44425456.6647
2025-09-26 20:00:00,0.7888,0.7912,0.7863,0.7875,38481980.0,30332791.8582
2025-09-26 21:00:00,0.7875,0.7915,0.7868,0.7905,45626317.0,36018193.3311
2025-09-26 22:00:00,0.7905,0.7936,0.7892,0.7905,36312070.0,28744139.0269
2025-09-26 23:00:00,0.7905,0.7919,0.7882,0.7914,34707702.0,27417566.4862
2025-09-27 00:00:00,0.7914,0.7924,0.7894,0.792,24450383.0,19333929.8724
2025-09-27 01:00:00,0.792,0.7924,0.7879,0.79,19419857.0,15344305.3085
2025-09-27 02:00:00,0.79,0.7914,0.7883,0.789,15814132.0,12488994.578
2025-09-27 03:00:00,0.789,0.7938,0.7888,0.792,22556648.0,17864483.4043
2025-09-27 04:00:00,0.792,0.7931,0.7904,0.7914,17585374.0,13920228.8883
2025-09-27 05:00:00,0.7914,0.792,0.7885,0.791,16665566.0,13160242.2395
2025-09-27 06:00:00,0.791,0.7911,0.7885,0.7898,10793419.0,8521111.2968
2025-09-27 07:00:00,0.7898,0.7911,0.7812,0.7836,22676637.0,17821250.8081
2025-09-27 08:00:00,0.7836,0.7836,0.7788,0.7793,29724716.0,23210642.2457
2025-09-27 09:00:00,0.7793,0.784,0.7762,0.7823,43502537.0,33923847.2577
2025-09-27 10:00:00,0.7823,0.786,0.7802,0.784,32969638.0,25814151.426
2025-09-27 11:00:00,0.784,0.785,0.782,0.7828,12629125.0,9895986.4543
2025-09-27 12:00:00,0.7828,0.7864,0.7807,0.7853,43265954.0,33871823.3138
2025-09-27 13:00:00,0.7853,0.7862,0.7835,0.7853,29684737.0,23296302.0222
2025-09-27 14:00:00,0.7853,0.7865,0.7837,0.7838,29710120.0,23330063.2826
2025-09-27 15:00:00,0.7838,0.7855,0.78,0.7852,59067262.0,46235376.4551
2025-09-27 16:00:00,0.7852,0.7855,0.7821,0.7828,29256041.0,22935980.0374
2025-09-27 17:00:00,0.7828,0.783,0.7769,0.7804,31215653.0,24326018.81
2025-09-27 18:00:00,0.7804,0.7812,0.7777,0.7804,26139922.0,20375052.7993
2025-09-27 19:00:00,0.7804,0.7821,0.7796,0.7811,23671236.0,18482128.8879
2025-09-27 20:00:00,0.7811,0.782,0.7782,0.7794,21963188.0,17127336.6067
2025-09-27 21:00:00,0.7794,0.7836,0.7786,0.783,35747244.0,27933283.5383
2025-09-27 22:00:00,0.783,0.7878,0.7827,0.7843,57106534.0,44850032.1193
2025-09-27 23:00:00,0.7843,0.7858,0.7801,0.7806,42223380.0,33012323.3246
2025-09-28 00:00:00,0.7806,0.782,0.7767,0.7779,38172120.0,29736669.16
2025-09-28 01:00:00,0.7779,0.7785,0.7715,0.7728,23771473.0,18423264.8097
2025-09-28 02:00:00,0.7728,0.7763,0.7725,0.7745,17922626.0,13874482.6489
2025-09-28 03:00:00,0.7745,0.7758,0.7725,0.7745,15385538.0,11915534.0984
2025-09-28 04:00:00,0.7745,0.7752,0.7726,0.7747,13340101.0,10323332.1202
2025-09-28 05:00:00,0.7747,0.7762,0.7722,0.7736,14861118.0,11500286.6332
2025-09-28 06:00:00,0.7736,0.7745,0.7685,0.7721,28135132.0,21706515.8969
2025-09-28 07:00:00,0.7721,0.7738,0.7694,0.7725,21733818.0,16781069.4589
2025-09-28 08:00:00,0.7725,0.7732,0.769,0.7699,25736828.0,19834357.9172
2025-09-28 09:00:00,0.7699,0.7711,0.7667,0.7678,35076875.0,26967169.1808
2025-09-28 10:00:00,0.7678,0.7688,0.7649,0.7682,25293081.0,19392589.0303
2025-09-28 11:00:00,0.7682,0.7688,0.7652,0.7682,27010663.0,20718999.1306
2025-09-28 12:00:00,0.7682,0.7684,0.7642,0.7659,37869447.0,29015487.9582
2025-09-28 13:00:00,0.7659,0.7771,0.7655,0.7761,67170226.0,51850213.9092
2025-09-28 14:00:00,0.7761,0.7794,0.7738,0.7789,41680492.0,32399677.2823
2025-09-28 15:00:00,0.7789,0.7813,0.7775,0.7811,62649130.0,48805800.5736
2025-09-28 16:00:00,0.7811,0.7888,0.781,0.7868,95020543.0,74672180.5316
2025-09-28 17:00:00,0.7868,0.7916,0.7847,0.7905,41893610.0,33005882.3338
2025-09-28 18:00:00,0.7905,0.7915,0.7871,0.7908,27892739.0,22001353.0047
2025-09-28 19:00:00,0.7908,0.7915,0.7882,0.7898,29031460.0,22919135.3
2025-09-28 20:00:00,0.7898,0.7971,0.7891,0.7932,39691141.0,31516597.1792
2025-09-28 21:00:00,0.7932,0.7977,0.7928,0.7942,25123441.0,19970183.6441
2025-09-28 22:00:00,0.7942,0.8098,0.7942,0.8086,97977691.0,78885099.9664
2025-09-28 23:00:00,0.8086,0.8117,0.8061,0.8083,41324046.0,33406847.6854
2025-09-29 00:00:00,0.8083,0.8083,0.8037,0.8047,30754238.0,24783292.4052
2025-09-29 01:00:00,0.8047,0.8051,0.7989,0.7993,26711275.0,21440036.3444
2025-09-29 02:00:00,0.7993,0.8043,0.7978,0.801,34564573.0,27675351.8988
2025-09-29 03:00:00,0.801,0.8042,0.799,0.8041,19020580.0,15247545.6091
2025-09-29 04:00:00,0.8041,0.8055,0.799,0.8015,30674095.0,24589795.9486
2025-09-29 05:00:00,0.8015,0.8016,0.7956,0.799,26604742.0,21216652.0067
2025-09-29 06:00:00,0.799,0.7992,0.7947,0.7949,35600718.0,28363978.7234
2025-09-29 07:00:00,0.7949,0.7996,0.7923,0.7978,33702848.0,26829730.0846
2025-09-29 08:00:00,0.7978,0.8038,0.7971,0.801,37033919.0,29656618.1978
2025-09-29 09:00:00,0.801,0.8014,0.7968,0.7983,27659471.0,22086520.2003
2025-09-29 10:00:00,0.7983,0.7992,0.793,0.7933,33355527.0,26562465.5674
2025-09-29 11:00:00,0.7933,0.7949,0.789,0.7942,30731676.0,24345374.9414
2025-09-29 12:00:00,0.7942,0.7993,0.79,0.7904,55742329.0,44266076.8536
2025-09-29 13:00:00,0.7904,0.8083,0.7874,0.806,73736486.0,58692814.7017
2025-09-29 14:00:00,0.806,0.8157,0.8053,0.8122,88835589.0,72015532.5318
2025-09-29 15:00:00,0.8122,0.8142,0.8,0.8017,83190494.0,66929792.9705
2025-09-29 16:00:00,0.8017,0.8051,0.7972,0.798,50157446.0,40239174.3725
2025-09-29 17:00:00,0.798,0.8012,0.7945,0.8001,28475528.0,22712160.782
2025-09-29 18:00:00,0.8001,0.8003,0.7951,0.7987,24915416.0,19869038.4349
2025-09-29 19:00:00,0.7987,0.8054,0.7976,0.8041,55214436.0,44244494.1565
2025-09-29 20:00:00,0.8041,0.8134,0.803,0.8131,47550634.0,38461447.1435
2025-09-29 21:00:00,0.8131,0.8145,0.8098,0.8108,30530563.0,24810044.6218
2025-09-29 22:00:00,0.8108,0.8116,0.8066,0.8083,32737993.0,26473123.5604
2025-09-29 23:00:00,0.8083,0.8097,0.8051,0.8056,27189160.0,21953132.0884
2025-09-30 00:00:00,0.8056,0.8082,0.7998,0.8005,65629512.0,52699153.55
2025-09-30 01:00:00,0.8005,0.8056,0.7959,0.7996,94900665.0,75921733.882
2025-09-30 02:00:00,0.7996,0.8029,0.7976,0.7979,44637136.0,35740238.1645
2025-09-30 03:00:00,0.7979,0.8009,0.7963,0.7974,34578437.0,27618993.7939
2025-09-30 04:00:00,0.7974,0.7992,0.7956,0.7967,34771179.0,27718020.2309
2025-09-30 05:00:00,0.7967,0.8012,0.7952,0.8,33292862.0,26580656.2262
2025-09-30 06:00:00,0.8,0.805,0.7976,0.8002,89231303.0,71603698.0873
2025-09-30 07:00:00,0.8002,0.8018,0.7921,0.7938,68885376.0,54816912.3889
2025-09-30 08:00:00,0.7938,0.7949,0.7914,0.7917,70942297.0,56231127.2649
2025-09-30 09:00:00,0.7917,0.7926,0.7851,0.7863,67604998.0,53378592.9529
2025-09-30 10:00:00,0.7863,0.7898,0.7841,0.7881,44383190.0,34952158.0655
2025-09-30 11:00:00,0.7881,0.7912,0.7849,0.7906,45489573.0,35862826.8001
2025-09-30 12:00:00,0.7906,0.7923,0.7877,0.7891,43352981.0,34248160.0374
2025-09-30 13:00:00,0.7891,0.7956,0.7865,0.7906,107987633.0,85365597.9755
2025-09-30 14:00:00,0.7906,0.7924,0.7862,0.7912,170846268.0,134770214.6437
2025-09-30 15:00:00,0.7912,0.7913,0.7775,0.7829,103275632.0,80764325.1551
2025-09-30 16:00:00,0.7829,0.7848,0.7795,0.783,36620245.0,28632686.9776
2025-09-30 17:00:00,0.783,0.7891,0.7824,0.7837,59571877.0,46759201.1019
2025-09-30 18:00:00,0.7837,0.7903,0.7815,0.7898,77288109.0,60836263.2291
2025-09-30 19:00:00,0.7898,0.8015,0.789,0.8008,110019560.0,87531521.223
2025-09-30 20:00:00,0.8008,0.8086,0.7992,0.8086,65894235.0,52918966.6101
2025-09-30 21:00:00,0.8086,0.813,0.8039,0.8045,70614665.0,57193882.7275
2025-09-30 22:00:00,0.8045,0.8103,0.8007,0.8016,42751642.0,34451614.5165
2025-09-30 23:00:00,0.8016,0.8076,0.7986,0.807,21577754.0,17338504.5231
2025-10-01 00:00:00,0.807,0.8097,0.8012,0.8069,29546386.0,23816009.7472
2025-10-01 01:00:00,0.8069,0.8111,0.8034,0.8109,24810717.0,20020550.987
2025-10-01 02:00:00,0.8109,0.811,0.8045,0.8051,23107662.0,18643951.557
2025-10-01 03:00:00,0.8051,0.8054,0.7967,0.7978,44717673.0,35803508.2837
2025-10-01 04:00:00,0.7978,0.8068,0.7967,0.8005,50771405.0,40752674.9149
2025-10-01 05:00:00,0.8005,0.8056,0.8002,0.8032,37049916.0,29780545.5593
2025-10-01 06:00:00,0.8032,0.8049,0.7984,0.7987,32660178.0,26192499.2614
2025-10-01 07:00:00,0.7987,0.806,0.7983,0.8043,61780552.0,49615103.5816
2025-10-01 08:00:00,0.8043,0.8291,0.8026,0.8289,156969592.0,128261344.1534
2025-10-01 09:00:00,0.8289,0.8343,0.827,0.8334,82730904.0,68779007.9784
2025-10-01 10:00:00,0.8334,0.8354,0.8291,0.8307,56738205.0,47213142.6989
2025-10-01 11:00:00,0.8307,0.8373,0.8307,0.8361,33118572.0,27656600.2927
2025-10-01 12:00:00,0.8361,0.8371,0.832,0.8322,33942599.0,28324560.6949
2025-10-01 13:00:00,0.8322,0.8395,0.8322,0.8372,55809793.0,46706450.3057
2025-10-01 14:00:00,0.8372,0.8423,0.8356,0.8388,70715552.0,59356282.4127
2025-10-01 15:00:00,0.8388,0.8423,0.8365,0.8404,88180736.0,74028549.326
2025-10-01 16:00:00,0.8404,0.8434,0.8339,0.835,71864520.0,60368264.0215
2025-10-01 17:00:00,0.835,0.8389,0.8326,0.8351,57110893.0,47758187.0871
2025-10-01 18:00:00,0.8351,0.8439,0.8351,0.8427,45391120.0,38125704.1929
2025-10-01 19:00:00,0.8427,0.8478,0.8416,0.8453,41061710.0,34724348.8407
2025-10-01 20:00:00,0.8453,0.8463,0.8418,0.8433,17203873.0,14511684.7863
2025-10-01 21:00:00,0.8433,0.8443,0.8384,0.8406,19284838.0,16211018.0426
2025-10-01 22:00:00,0.8406,0.845,0.8406,0.8444,15634877.0,13175332.7827
2025-10-01 23:00:00,0.8444,0.8508,0.8433,0.8504,28605715.0,24239459.7536
2025-10-02 00:00:00,0.8504,0.8552,0.8483,0.8485,51091388.0,43538583.162
2025-10-02 01:00:00,0.8485,0.8589,0.8476,0.858,40118914.0,34189873.3767
2025-10-02 02:00:00,0.858,0.8605,0.8537,0.8576,29023267.0,24869731.4027
2025-10-02 03:00:00,0.8576,0.8589,0.8539,0.8547,17040925.0,14595968.2777
2025-10-02 04:00:00,0.8547,0.8573,0.85,0.8542,40219412.0,34329237.0295
2025-10-02 05:00:00,0.8542,0.8567,0.8518,0.8536,31042038.0,26520301.0592
2025-10-02 06:00:00,0.8536,0.8639,0.8527,0.8602,47188410.0,40504591.0648
2025-10-02 07:00:00,0.8602,0.8633,0.8526,0.8539,34318390.0,29424911.8936
2025-10-02 08:00:00,0.8539,0.8571,0.8538,0.8558,29410772.0,25162462.4142
2025-10-02 09:00:00,0.8558,0.8572,0.8527,0.8548,28489989.0,24353102.3226
2025-10-02 10:00:00,0.8548,0.8555,0.8485,0.8519,39897478.0,33969273.9176
2025-10-02 11:00:00,0.8519,0.8557,0.8492,0.8498,31779280.0,27095433.7032
2025-10-02 12:00:00,0.8498,0.8554,0.8483,0.8548,34952635.0,29765988.651
2025-10-02 13:00:00,0.8548,0.8562,0.8455,0.8529,66011797.0,56179713.9841
2025-10-02 14:00:00,0.8529,0.8536,0.8374,0.8409,74584341.0,63168979.7882
2025-10-02 15:00:00,0.8409,0.8538,0.8359,0.8535,76455256.0,64671371.5544
2025-10-02 16:00:00,0.8535,0.8612,0.8523,0.8583,79092665.0,67795957.2627
2025-10-02 17:00:00,0.8583,0.8642,0.8557,0.8607,38832367.0,33388137.0196
2025-10-02 18:00:00,0.8607,0.8729,0.8607,0.8708,46349337.0,40187396.197
2025-10-02 19:00:00,0.8708,0.8774,0.87,0.8739,71944794.0,62945688.8435
2025-10-02 20:00:00,0.8739,0.8748,0.8658,0.8706,47114292.0,41012983.2984
2025-10-02 21:00:00,0.8706,0.8747,0.8673,0.8685,41935172.0,36498778.0651
2025-10-02 22:00:00,0.8685,0.871,0.8643,0.8653,32162133.0,27897743.0609
2025-10-02 23:00:00,0.8653,0.8713,0.8652,0.8704,33449921.0,29043814.094
2025-10-03 00:00:00,0.8704,0.8709,0.8613,0.8622,31464434.0,27216471.9129
2025-10-03 01:00:00,0.8622,0.865,0.8545,0.8562,33904337.0,29179695.7503
2025-10-03 02:00:00,0.8562,0.8628,0.8553,0.8622,26035507.0,22385107.2418
2025-10-03 03:00:00,0.8622,0.8684,0.8606,0.8615,16519808.0,14284421.2237
2025-10-03 04:00:00,0.8615,0.867,0.8604,0.8638,11603977.0,10024863.4297
2025-10-03 05:00:00,0.8638,0.8643,0.8573,0.8602,16039077.0,13790890.7993
2025-10-03 06:00:00,0.8602,0.8632,0.8544,0.8574,46244814.0,39757955.2827
2025-10-03 07:00:00,0.8574,0.8584,0.8535,0.8568,41134487.0,35206110.3313
2025-10-03 08:00:00,0.8568,0.8599,0.851,0.8593,49039043.0,41970942.3364
2025-10-03 09:00:00,0.8593,0.8602,0.8547,0.8582,53210669.0,45648146.8527
2025-10-03 10:00:00,0.8582,0.8592,0.8564,0.8577,22271278.0,19101778.8963
2025-10-03 11:00:00,0.8577,0.8581,0.8517,0.8539,37907728.0,32385717.4043
2025-10-03 12:00:00,0.8539,0.8567,0.8519,0.8537,35032144.0,29924168.5226
2025-10-03 13:00:00,0.8537,0.8597,0.8479,0.8552,64173858.0,54835660.3497
2025-10-03 14:00:00,0.8552,0.8618,0.8482,0.8592,63765364.0,54481595.4138
2025-10-03 15:00:00,0.8592,0.8737,0.856,0.873,69412688.0,60028898.454
2025-10-03 16:00:00,0.873,0.8921,0.8729,0.8771,133572806.0,117863850.9476
2025-10-03 17:00:00,0.8771,0.8774,0.8576,0.8617,84612788.0,73369366.8872
2025-10-03 18:00:00,0.8617,0.8728,0.8562,0.872,54678625.0,47373353.1733
2025-10-03 19:00:00,0.872,0.8762,0.8688,0.87,57755746.0,50386330.9509
2025-10-03 20:00:00,0.87,0.8727,0.8656,0.8715,45152882.0,39244199.3258
2025-10-03 21:00:00,0.8715,0.873,0.8668,0.8688,21259523.0,18501103.7793
2025-10-03 22:00:00,0.8688,0.8737,0.8688,0.8702,15425238.0,13443690.5445
2025-10-03 23:00:00,0.8702,0.8704,0.8645,0.8653,23377010.0,20279297.6082
2025-10-04 00:00:00,0.8653,0.8686,0.8609,0.8626,26589298.0,22984083.0704
2025-10-04 01:00:00,0.8626,0.8628,0.855,0.8565,40197895.0,34498401.8139
2025-10-04 02:00:00,0.8565,0.8592,0.8523,0.8539,20590254.0,17606992.9209
2025-10-04 03:00:00,0.8539,0.8548,0.8494,0.8544,20638028.0,17593596.4498
2025-10-04 04:00:00,0.8544,0.8561,0.8525,0.8549,19670022.0,16806121.411
2025-10-04 05:00:00,0.8549,0.8572,0.8532,0.856,12823736.0,10969379.3823
2025-10-04 06:00:00,0.856,0.8584,0.855,0.8561,11363859.0,9733092.0016
2025-10-04 07:00:00,0.8561,0.8564,0.8515,0.8523,15799315.0,13490529.3782
2025-10-04 08:00:00,0.8523,0.8533,0.8455,0.8466,24783541.0,21028896.4696
2025-10-04 09:00:00,0.8466,0.8492,0.844,0.8446,20139326.0,17047350.0083
2025-10-04 10:00:00,0.8446,0.8481,0.842,0.8426,22195423.0,18749348.9418
2025-10-04 11:00:00,0.8426,0.8447,0.8405,0.8428,18033980.0,15196614.6505
2025-10-04 12:00:00,0.8428,0.8449,0.841,0.8419,15407638.0,12995590.1756
2025-10-04 13:00:00,0.8419,0.8495,0.8415,0.8454,31420599.0,26601396.0709
2025-10-04 14:00:00,0.8454,0.8491,0.8378,0.838,23388555.0,19735934.3145
2025-10-04 15:00:00,0.838,0.841,0.8322,0.8349,56224836.0,46994665.2285
2025-10-04 16:00:00,0.8349,0.8422,0.8343,0.8374,26124665.0,21857174.0906
2025-10-04 17:00:00,0.8374,0.839,0.8342,0.8368,18022405.0,15086386.1555
2025-10-04 18:00:00,0.8368,0.8378,0.835,0.8356,15600449.0,13048146.2528
2025-10-04 19:00:00,0.8356,0.8387,0.8356,0.8378,14350868.0,12014313.1213
2025-10-04 20:00:00,0.8378,0.8411,0.8375,0.838,15256901.0,12803595.5304
2025-10-04 21:00:00,0.838,0.8437,0.8375,0.8403,14999287.0,12616026.6106
2025-10-04 22:00:00,0.8403,0.8433,0.839,0.8414,19747419.0,16615251.7729
2025-10-04 23:00:00,0.8414,0.8416,0.8388,0.8391,11163737.0,9374982.0847
2025-10-05 00:00:00,0.8391,0.8428,0.8347,0.8352,18510053.0,15536106.5697
2025-10-05 01:00:00,0.8352,0.8413,0.8351,0.8405,18144814.0,15207115.2138
2025-10-05 02:00:00,0.8405,0.8599,0.839,0.8592,36772839.0,31282507.624
2025-10-05 03:00:00,0.8592,0.8632,0.8537,0.8546,28807558.0,24729330.5315
2025-10-05 04:00:00,0.8546,0.8713,0.8545,0.8674,24999904.0,21592084.0973
2025-10-05 05:00:00,0.8674,0.8744,0.867,0.8724,25990908.0,22621985.8875
2025-10-05 06:00:00,0.8724,0.8751,0.8664,0.8671,21997726.0,19161699.0563
2025-10-05 07:00:00,0.8671,0.8781,0.8669,0.8781,27143432.0,23698805.614
2025-10-05 08:00:00,0.8781,0.8825,0.8755,0.8774,35711583.0,31393371.3097
2025-10-05 09:00:00,0.8774,0.879,0.8637,0.8663,49531796.0,43169913.7166
2025-10-05 10:00:00,0.8663,0.8677,0.8595,0.8626,29801633.0,25725133.9157
2025-10-05 11:00:00,0.8626,0.8641,0.8575,0.8629,34035916.0,29291866.4164
2025-10-05 12:00:00,0.8629,0.8629,0.8553,0.8561,31502254.0,27032482.2858
2025-10-05 13:00:00,0.8561,0.86,0.8557,0.8576,21344435.0,18309700.0306
2025-10-05 14:00:00,0.8576,0.861,0.8507,0.8542,30496047.0,26112066.1362
2025-10-05 15:00:00,0.8542,0.8575,0.8514,0.8537,24869957.0,21258654.8949
2025-10-05 16:00:00,0.8537,0.8559,0.8457,0.8528,29581440.0,25189893.3565
2025-10-05 17:00:00,0.8528,0.8549,0.8423,0.8439,24940619.0,21171088.9649
2025-10-05 18:00:00,0.8439,0.8457,0.8393,0.8428,25736015.0,21680820.5413
2025-10-05 19:00:00,0.8428,0.8428,0.8265,0.83,39810934.0,33163912.5911
2025-10-05 20:00:00,0.83,0.8373,0.8272,0.834,22036092.0,18352362.5761
2025-10-05 21:00:00,0.834,0.8368,0.8321,0.8362,16467418.0,13743918.7751
2025-10-05 22:00:00,0.8362,0.8397,0.8324,0.8363,11553117.0,9658163.0543
2025-10-05 23:00:00,0.8363,0.8399,0.8356,0.8365,7738002.0,6480083.0239
2025-10-06 00:00:00,0.8365,0.8444,0.8312,0.8349,39011083.0,32635771.2368
2025-10-06 01:00:00,0.8349,0.8451,0.8319,0.8395,36521165.0,30669004.4183
2025-10-06 02:00:00,0.8395,0.8445,0.8343,0.84,33279437.0,27908035.4881
2025-10-06 03:00:00,0.84,0.8418,0.838,0.8395,17130816.0,14386900.3153
2025-10-06 04:00:00,0.8395,0.8426,0.8376,0.8382,19218455.0,16141497.1746
2025-10-06 05:00:00,0.8382,0.8425,0.8359,0.842,33135830.0,27784290.427
2025-10-06 06:00:00,0.842,0.8498,0.842,0.8455,36087904.0,30510994.1965
2025-10-06 07:00:00,0.8455,0.8491,0.8389,0.8425,26840436.0,22666145.337
2025-10-06 08:00:00,0.8425,0.852,0.8425,0.8513,21051227.0,17841187.9833
2025-10-06 09:00:00,0.8513,0.853,0.8481,0.8502,21295240.0,18111408.0658
2025-10-06 10:00:00,0.8502,0.8525,0.848,0.851,26968634.0,22929292.0506
2025-10-06 11:00:00,0.851,0.8545,0.8481,0.8506,24477633.0,20830357.2763
2025-10-06 12:00:00,0.8506,0.8558,0.8506,0.8542,26954446.0,23014508.4183
2025-10-06 13:00:00,0.8542,0.8649,0.8537,0.8645,61871219.0,53074719.8312
2025-10-06 14:00:00,0.8645,0.87,0.8607,0.8621,83066697.0,71894744.335
2025-10-06 15:00:00,0.8621,0.881,0.8621,0.873,87898364.0,76709380.9345
2025-10-06 16:00:00,0.873,0.8776,0.8695,0.8732,48861341.0,42643915.7474
2025-10-06 17:00:00,0.8732,0.8803,0.8713,0.8759,72010450.0,63089088.059
2025-10-06 18:00:00,0.8759,0.8807,0.8755,0.8794,47751400.0,41926956.7345
2025-10-06 19:00:00,0.8794,0.8808,0.8749,0.8775,47305502.0,41526186.4428
2025-10-06 20:00:00,0.8775,0.881,0.873,0.8731,50769842.0,44470075.6877
2025-10-06 21:00:00,0.8731,0.8772,0.8684,0.8764,51490822.0,44972624.886
2025-10-06 22:00:00,0.8764,0.8798,0.8747,0.8773,22695738.0,19900663.0995
2025-10-06 23:00:00,0.8773,0.8787,0.8665,0.8712,37590688.0,32790576.6729
2025-10-07 00:00:00,0.8712,0.8767,0.8709,0.8761,21648078.0,18911602.9068
2025-10-07 01:00:00,0.8761,0.878,0.8693,0.8724,29938245.0,26130393.6351
2025-10-07 02:00:00,0.8724,0.8737,0.8678,0.8705,25411954.0,22131772.9868
2025-10-07 03:00:00,0.8705,0.8728,0.8669,0.8683,12984443.0,11292863.8736
2025-10-07 04:00:00,0.8683,0.8748,0.8619,0.8716,41619531.0,36123928.1075
2025-10-07 05:00:00,0.8716,0.8748,0.8685,0.8721,21296560.0,18560751.3808
2025-10-07 06:00:00,0.8721,0.8736,0.857,0.8575,43518664.0,37563086.5167
2025-10-07 07:00:00,0.8575,0.8604,0.8539,0.857,25264898.0,21649783.1253
2025-10-07 08:00:00,0.857,0.8575,0.8477,0.8555,41510576.0,35386665.6849
2025-10-07 09:00:00,0.8555,0.8579,0.8538,0.8552,26299954.0,22499978.4259
2025-10-07 10:00:00,0.8552,0.8597,0.8531,0.8579,32357622.0,27726000.5822
2025-10-07 11:00:00,0.8579,0.8606,0.8552,0.8594,30843443.0,26439928.0431
2025-10-07 12:00:00,0.8594,0.8718,0.8563,0.8697,58396779.0,50395520.5244
2025-10-07 13:00:00,0.8697,0.871,0.8494,0.8568,99752260.0,85868288.6772
2025-10-07 14:00:00,0.8568,0.8578,0.8384,0.8389,91019718.0,76950402.6994
2025-10-07 15:00:00,0.8389,0.8416,0.8276,0.8326,80950455.0,67529077.6192
2025-10-07 16:00:00,0.8326,0.8402,0.826,0.835,59336704.0,49377051.2516
2025-10-07 17:00:00,0.835,0.8366,0.828,0.8283,40373328.0,33582764.4195
2025-10-07 18:00:00,0.8283,0.8302,0.8238,0.8239,51013017.0,42217882.7987
2025-10-07 19:00:00,0.8239,0.8292,0.8226,0.8249,58136719.0,48013113.2128
2025-10-07 20:00:00,0.8249,0.8347,0.8243,0.8286,37414860.0,31093221.6236
2025-10-07 21:00:00,0.8286,0.831,0.8233,0.825,31469441.0,26039617.3205
2025-10-07 22:00:00,0.825,0.8274,0.8216,0.8235,34754552.0,28636850.247
2025-10-07 23:00:00,0.8235,0.8241,0.8166,0.8195,32074567.0,26315084.8496
2025-10-08 00:00:00,0.8195,0.8275,0.8181,0.825,40330419.0,33168580.4963
2025-10-08 01:00:00,0.825,0.8281,0.823,0.8271,34597709.0,28561819.5087
2025-10-08 02:00:00,0.8271,0.8294,0.8235,0.8243,24757801.0,20453511.0238
2025-10-08 03:00:00,0.8243,0.8243,0.809,0.8124,31658445.0,25835343.1331
2025-10-08 04:00:00,0.8124,0.8179,0.8073,0.8174,43789443.0,35699281.8009
2025-10-08 05:00:00,0.8174,0.8177,0.81,0.8137,28805302.0,23426549.4858
2025-10-08 06:00:00,0.8137,0.8158,0.8105,0.8149,25395837.0,20655539.4527
2025-10-08 07:00:00,0.8149,0.817,0.8121,0.8168,27912990.0,22734174.8886
2025-10-08 08:00:00,0.8168,0.8235,0.8157,0.8195,22621519.0,18541545.7347
2025-10-08 09:00:00,0.8195,0.8218,0.8162,0.8188,30793189.0,25204179.011
2025-10-08 10:00:00,0.8188,0.8247,0.8181,0.8243,25203878.0,20693838.2528
2025-10-08 11:00:00,0.8243,0.8268,0.8199,0.8213,26274397.0,21629293.9093
2025-10-08 12:00:00,0.8213,0.824,0.8191,0.8228,29539054.0,24273016.6068
2025-10-08 13:00:00,0.8228,0.8239,0.8122,0.8205,57411507.0,46969789.6287
2025-10-08 14:00:00,0.8205,0.8297,0.815,0.8168,92325038.0,75969555.5837
2025-10-08 15:00:00,0.8168,0.8228,0.8158,0.8178,50287322.0,41208917.501
2025-10-08 16:00:00,0.8178,0.8276,0.8163,0.8271,46108795.0,37886139.7994
2025-10-08 17:00:00,0.8271,0.8514,0.8268,0.8428,67691254.0,56937553.6998
2025-10-08 18:00:00,0.8428,0.8446,0.8364,0.8404,62327979.0,52374179.9156
2025-10-08 19:00:00,0.8404,0.841,0.8353,0.8391,33694897.0,28244553.1553
2025-10-08 20:00:00,0.8391,0.8424,0.8341,0.8347,38656332.0,32434080.8887
2025-10-08 21:00:00,0.8347,0.8404,0.8345,0.8379,23398212.0,19594146.5654
2025-10-08 22:00:00,0.8379,0.8414,0.8375,0.8378,21110259.0,17721530.5166
2025-10-08 23:00:00,0.8378,0.8406,0.8356,0.8385,27513147.0,23051802.4053
2025-10-09 00:00:00,0.8385,0.8393,0.8334,0.8348,16043820.0,13416089.4802
2025-10-09 01:00:00,0.8348,0.8351,0.8246,0.8264,47406137.0,39280589.4415
2025-10-09 02:00:00,0.8264,0.8274,0.8123,0.8143,49103036.0,40187646.624
2025-10-09 03:00:00,0.8143,0.8227,0.8143,0.821,27069761.0,22178233.198
2025-10-09 04:00:00,0.821,0.8252,0.819,0.8249,23470285.0,19306053.4741
2025-10-09 05:00:00,0.8249,0.8257,0.8193,0.8209,22467659.0,18458888.5099
2025-10-09 06:00:00,0.8209,0.821,0.8158,0.8167,19772592.0,16182347.5411
2025-10-09 07:00:00,0.8167,0.8186,0.8132,0.8143,16339424.0,13329394.4405
2025-10-09 08:00:00,0.8143,0.8147,0.8016,0.8024,53038058.0,42827913.6624
2025-10-09 09:00:00,0.8024,0.8086,0.802,0.8071,26212578.0,21120135.442
2025-10-09 10:00:00,0.8071,0.8109,0.8042,0.8079,17613145.0,14233468.6771
2025-10-09 11:00:00,0.8079,0.8147,0.8077,0.8122,23580465.0,19151983.5841
2025-10-09 12:00:00,0.8122,0.821,0.8115,0.819,32000434.0,26136160.7206
2025-10-09 13:00:00,0.819,0.8195,0.8062,0.8074,35543758.0,28884844.0965
2025-10-09 14:00:00,0.8074,0.8122,0.7974,0.8055,72446587.0,58259606.5587
2025-10-09 15:00:00,0.8055,0.8098,0.7995,0.8037,60231740.0,48423894.1006
2025-10-09 16:00:00,0.8037,0.8059,0.7939,0.7957,54034455.0,43273338.4685
2025-10-09 17:00:00,0.7957,0.809,0.7951,0.8083,42525264.0,34105443.7791
2025-10-09 18:00:00,0.8083,0.8091,0.8035,0.8042,47013496.0,37908502.4612
2025-10-09 19:00:00,0.8042,0.8099,0.8038,0.8087,24356888.0,19667258.6304
2025-10-09 20:00:00,0.8087,0.8117,0.8064,0.8085,23617947.0,19100210.3558
2025-10-09 21:00:00,0.8085,0.8122,0.807,0.8117,20548449.0,16649782.3457
2025-10-09 22:00:00,0.8117,0.8187,0.8107,0.8174,22182328.0,18078857.3609
2025-10-09 23:00:00,0.8174,0.8176,0.8126,0.8149,15775823.0,12848046.6312
2025-10-10 00:00:00,0.8149,0.8173,0.8131,0.8152,14999310.0,12232169.9399
2025-10-10 01:00:00,0.8152,0.817,0.8137,0.815,17144888.0,13981642.7932
2025-10-10 02:00:00,0.815,0.8171,0.8119,0.8128,16961544.0,13809595.8023
2025-10-10 03:00:00,0.8128,0.8216,0.8086,0.8153,39684990.0,32406145.9091
2025-10-10 04:00:00,0.8153,0.8198,0.8144,0.8159,37723351.0,30828057.4414
2025-10-10 05:00:00,0.8159,0.8217,0.8121,0.8212,23028775.0,18802115.2947
2025-10-10 06:00:00,0.8212,0.822,0.8134,0.8152,31134030.0,25463265.6944
2025-10-10 07:00:00,0.8152,0.8155,0.8096,0.8101,21850599.0,17752098.4776
2025-10-10 08:00:00,0.8101,0.8176,0.8081,0.8169,28111243.0,22839486.4294
2025-10-10 09:00:00,0.8169,0.8191,0.8116,0.8119,42358426.0,34547906.5996
2025-10-10 10:00:00,0.8119,0.8173,0.8115,0.8168,17775455.0,14475162.2409
2025-10-10 11:00:00,0.8168,0.8184,0.8144,0.817,26838472.0,21916581.0187
2025-10-10 12:00:00,0.817,0.8194,0.8148,0.8183,21224264.0,17347267.0456
2025-10-10 13:00:00,0.8183,0.8238,0.8145,0.8182,59818432.0,49000524.4538
2025-10-10 14:00:00,0.8182,0.8221,0.8034,0.8058,44341146.0,36187004.1794
2025-10-10 15:00:00,0.8058,0.807,0.7764,0.7827,116416411.0,91877797.0124
2025-10-10 16:00:00,0.7827,0.7891,0.7793,0.7801,62629041.0,49082686.0045
2025-10-10 17:00:00,0.7801,0.7835,0.7749,0.7776,56496713.0,44015376.7824
2025-10-10 18:00:00,0.7776,0.7806,0.7736,0.7739,45961317.0,35685612.2796
2025-10-10 19:00:00,0.7739,0.7756,0.7586,0.7669,90015944.0,69178316.9212
2025-10-10 20:00:00,0.7669,0.7745,0.7022,0.7167,62449361.0,46780720.1089
2025-10-10 21:00:00,0.7167,0.7274,0.2754,0.618,228368536.0,127040538.7981
2025-10-10 22:00:00,0.618,0.6215,0.5501,0.6183,111986228.0,66286402.5799
2025-10-10 23:00:00,0.6183,0.6576,0.6033,0.635,114512341.0,72690235.2894
2025-10-11 00:00:00,0.635,0.657,0.6181,0.644,75054909.0,48101005.4287
2025-10-11 01:00:00,0.644,0.65,0.6267,0.6315,51388323.0,32740611.1138
2025-10-11 02:00:00,0.6315,0.6733,0.6308,0.6652,61882982.0,40818279.8234
2025-10-11 03:00:00,0.6652,0.6672,0.6361,0.647,39018704.0,25283308.2743
2025-10-11 04:00:00,0.647,0.6581,0.6448,0.6575,34308733.0,22286044.0701
2025-10-11 05:00:00,0.6575,0.659,0.6393,0.6464,28190275.0,18230529.8987
2025-10-11 06:00:00,0.6464,0.6587,0.6449,0.6475,25493543.0,16643710.9093
2025-10-11 07:00:00,0.6475,0.6548,0.6457,0.652,20720926.0,13472926.9684
2025-10-11 08:00:00,0.652,0.6731,0.648,0.6718,32947834.0,21870019.2159
2025-10-11 09:00:00,0.6718,0.6823,0.6645,0.6664,42656167.0,28736052.8308
2025-10-11 10:00:00,0.6664,0.6744,0.6635,0.6676,32719370.0,21882548.8555
2025-10-11 11:00:00,0.6676,0.6681,0.6582,0.6658,37642032.0,24980376.1949
2025-10-11 12:00:00,0.6658,0.6663,0.6482,0.6528,39199825.0,25791860.1431
2025-10-11 13:00:00,0.6528,0.6545,0.6405,0.6525,35807788.0,23232784.3182
2025-10-11 14:00:00,0.6525,0.6553,0.6458,0.6515,40404883.0,26256537.7085
2025-10-11 15:00:00,0.6515,0.6587,0.6502,0.6543,33964333.0,22225174.9022
2025-10-11 16:00:00,0.6543,0.6577,0.6464,0.6509,32045078.0,20888513.664
2025-10-11 17:00:00,0.6509,0.658,0.6506,0.6562,27938524.0,18314029.2436
2025-10-11 18:00:00,0.6562,0.6562,0.6504,0.6506,18635168.0,12170865.9527
2025-10-11 19:00:00,0.6506,0.6507,0.6236,0.6311,50664484.0,32302994.6092
2025-10-11 20:00:00,0.6311,0.6331,0.6168,0.6208,53517124.0,33383730.8337
2025-10-11 21:00:00,0.6208,0.6325,0.609,0.6301,46567880.0,28928262.1041
2025-10-11 22:00:00,0.6301,0.6344,0.6267,0.6315,23989695.0,15127932.6448
2025-10-11 23:00:00,0.6315,0.6332,0.6287,0.6309,17800009.0,11239898.7769
2025-10-12 00:00:00,0.6309,0.6337,0.6214,0.6221,18320392.0,11513782.2675
2025-10-12 01:00:00,0.6221,0.6308,0.6203,0.6214,27415425.0,17116590.9237
2025-10-12 02:00:00,0.6214,0.6292,0.6172,0.6227,24948943.0,15510590.3118
2025-10-12 03:00:00,0.6227,0.6374,0.6218,0.633,35369260.0,22353631.6821
2025-10-12 04:00:00,0.633,0.6459,0.6317,0.6426,37946239.0,24318021.8695
2025-10-12 05:00:00,0.6426,0.6483,0.6399,0.6465,29660023.0,19119630.6142
2025-10-12 06:00:00,0.6465,0.6506,0.6454,0.6495,29160214.0,18898173.1456
2025-10-12 07:00:00,0.6495,0.6503,0.6457,0.6465,19868892.0,12871336.6149
2025-10-12 08:00:00,0.6465,0.65,0.643,0.6432,17224347.0,11137503.4629
2025-10-12 09:00:00,0.6432,0.6473,0.6376,0.6466,25131864.0,16137731.8021
2025-10-12 10:00:00,0.6466,0.6507,0.6416,0.6427,29238059.0,18849380.6065
2025-10-12 11:00:00,0.6427,0.6481,0.642,0.6435,26050847.0,16792818.5436
2025-10-12 12:00:00,0.6435,0.6503,0.6431,0.6476,30968728.0,20050911.5772
2025-10-12 13:00:00,0.6476,0.6496,0.6366,0.6391,37074294.0,23840029.5334
2025-10-12 14:00:00,0.6391,0.6723,0.6386,0.6603,65393875.0,42712289.2344
2025-10-12 15:00:00,0.6603,0.6835,0.6599,0.6796,73220234.0,49379989.9093
2025-10-12 16:00:00,0.6796,0.6959,0.6779,0.6872,48802458.0,33488304.917
2025-10-12 17:00:00,0.6872,0.6943,0.6848,0.6908,34906189.0,24074342.1864
2025-10-12 18:00:00,0.6908,0.6952,0.6837,0.6878,22571462.0,15560503.0575
2025-10-12 19:00:00,0.6878,0.6992,0.6873,0.6983,28774742.0,20008969.4527
2025-10-12 20:00:00,0.6983,0.7087,0.6966,0.6999,42133150.0,29554806.1236
2025-10-12 21:00:00,0.6999,0.7054,0.6859,0.6955,34531776.0,24032484.9161
2025-10-12 22:00:00,0.6955,0.7021,0.6933,0.6991,21752257.0,15183313.162
2025-10-12 23:00:00,0.6991,0.701,0.6918,0.6993,16404827.0,11435208.4992
2025-10-13 00:00:00,0.6993,0.7075,0.6945,0.6993,24373593.0,17077217.4507
2025-10-13 01:00:00,0.6993,0.7069,0.6953,0.7065,17568469.0,12309301.7128
2025-10-13 02:00:00,0.7065,0.7108,0.7011,0.7102,23578632.0,16663480.5328
2025-10-13 03:00:00,0.7102,0.7158,0.7018,0.7031,25136301.0,17819206.4754
2025-10-13 04:00:00,0.7031,0.7085,0.699,0.7068,14567198.0,10245423.0075
2025-10-13 05:00:00,0.7068,0.7079,0.7,0.7006,11313828.0,7952230.1314
2025-10-13 06:00:00,0.7006,0.7146,0.6963,0.7131,25120208.0,17732302.2198
2025-10-13 07:00:00,0.7131,0.725,0.712,0.7168,46248476.0,33245797.5673
2025-10-13 08:00:00,0.7168,0.7294,0.7143,0.7257,37890665.0,27394609.3573
2025-10-13 09:00:00,0.7257,0.7263,0.7164,0.7228,28173574.0,20328849.8473
2025-10-13 10:00:00,0.7228,0.7236,0.7133,0.7169,24255248.0,17421104.8896
2025-10-13 11:00:00,0.7169,0.7169,0.692,0.706,33457281.0,23635830.114
2025-10-13 12:00:00,0.706,0.7177,0.7011,0.7087,23461874.0,16651550.761
2025-10-13 13:00:00,0.7087,0.7269,0.7037,0.7231,51546454.0,36814806.539
2025-10-13 14:00:00,0.7231,0.725,0.7022,0.7052,35723734.0,25474342.7432
2025-10-13 15:00:00,0.7052,0.7191,0.7048,0.7154,35971892.0,25654677.8338
2025-10-13 16:00:00,0.7154,0.7196,0.7078,0.7157,32174129.0,22971759.1028
2025-10-13 17:00:00,0.7157,0.7266,0.713,0.7258,27306693.0,19607931.6162
2025-10-13 18:00:00,0.7258,0.7271,0.7179,0.7213,22750641.0,16442629.2707
2025-10-13 19:00:00,0.7213,0.728,0.7198,0.7241,23131155.0,16759280.9515
2025-10-13 20:00:00,0.7241,0.7349,0.7226,0.7331,21934012.0,15964907.6543
2025-10-13 21:00:00,0.7331,0.7356,0.7283,0.7305,13607699.0,9963190.2558
2025-10-13 22:00:00,0.7305,0.734,0.7299,0.7315,11890373.0,8703394.5978
2025-10-13 23:00:00,0.7315,0.7334,0.7267,0.728,11291043.0,8244822.5898
2025-10-14 00:00:00,0.728,0.7329,0.7234,0.7271,18716653.0,13636173.3067
2025-10-14 01:00:00,0.7271,0.7273,0.7202,0.7217,16087525.0,11645450.6998
2025-10-14 02:00:00,0.7217,0.7217,0.7137,0.7164,14319736.0,10263667.5546
2025-10-14 03:00:00,0.7164,0.7172,0.7101,0.7154,20911855.0,14913027.6657
2025-10-14 04:00:00,0.7154,0.7179,0.7003,0.7035,24071291.0,17085776.0511
2025-10-14 05:00:00,0.7035,0.7103,0.6915,0.6964,56227204.0,39315354.1902
2025-10-14 06:00:00,0.6964,0.6999,0.6686,0.6816,54095112.0,37303109.8389
2025-10-14 07:00:00,0.6816,0.6875,0.6743,0.6776,31372843.0,21340133.7935
2025-10-14 08:00:00,0.6776,0.6862,0.6734,0.6809,32176638.0,21884485.6238
2025-10-14 09:00:00,0.6809,0.6859,0.6754,0.6785,25681638.0,17503438.3973
2025-10-14 10:00:00,0.6785,0.6786,0.6621,0.6721,54569560.0,36570018.2288
2025-10-14 11:00:00,0.6721,0.6807,0.6715,0.6765,36635940.0,24797795.9918
2025-10-14 12:00:00,0.6765,0.6769,0.6666,0.6684,25177568.0,16898302.2823
2025-10-14 13:00:00,0.6684,0.6788,0.6617,0.6746,56317107.0,37737205.4263
2025-10-14 14:00:00,0.6746,0.686,0.6709,0.679,41353601.0,28084232.5895
2025-10-14 15:00:00,0.679,0.6968,0.6746,0.6953,51726074.0,35492960.5456
2025-10-14 16:00:00,0.6953,0.7085,0.691,0.6957,54824750.0,38285729.9254
2025-10-14 17:00:00,0.6957,0.7036,0.6853,0.6981,50870492.0,35493967.8384
2025-10-14 18:00:00,0.6981,0.7055,0.6974,0.7014,27099993.0,19019290.6468
2025-10-14 19:00:00,0.7014,0.7062,0.6875,0.694,36376450.0,25386792.4844
2025-10-14 20:00:00,0.694,0.698,0.6899,0.6946,21337429.0,14810592.8502
2025-10-14 21:00:00,0.6946,0.6963,0.6897,0.6956,11421242.0,7922440.0517
2025-10-14 22:00:00,0.6956,0.7002,0.6934,0.6955,15555992.0,10859346.3934
2025-10-14 23:00:00,0.6955,0.7011,0.6952,0.6983,8173932.0,5712102.4092
2025-10-15 00:00:00,0.6983,0.6991,0.6911,0.6974,16008391.0,11123274.8213
2025-10-15 01:00:00,0.6974,0.6986,0.6902,0.696,11345955.0,7872298.826
2025-10-15 02:00:00,0.696,0.7037,0.6947,0.6975,12147645.0,8492689.7625
2025-10-15 03:00:00,0.6975,0.6986,0.6869,0.6906,16629957.0,11513011.1288
2025-10-15 04:00:00,0.6906,0.697,0.6878,0.6958,10340069.0,7159781.5396
2025-10-15 05:00:00,0.6958,0.7004,0.6952,0.6985,13085679.0,9134326.147
2025-10-15 06:00:00,0.6985,0.7035,0.6927,0.7026,21376436.0,14926805.9302
2025-10-15 07:00:00,0.7026,0.7033,0.6981,0.702,16966073.0,11887173.2102
2025-10-15 08:00:00,0.702,0.7157,0.7012,0.7048,31604088.0,22359160.8834
2025-10-15 09:00:00,0.7048,0.7048,0.6955,0.6995,31339401.0,21936566.8775
2025-10-15 10:00:00,0.6995,0.7,0.6916,0.6936,21928533.0,15253798.7177
2025-10-15 11:00:00,0.6936,0.6956,0.6859,0.6902,24376139.0,16852904.3241
2025-10-15 12:00:00,0.6902,0.6934,0.6842,0.6895,28006976.0,19275381.6197
2025-10-15 13:00:00,0.6895,0.6926,0.6741,0.6865,50593930.0,34642976.8035
2025-10-15 14:00:00,0.6865,0.6935,0.6755,0.6795,28863213.0,19815921.7536
2025-10-15 15:00:00,0.6795,0.6829,0.6685,0.6724,25099683.0,16970208.6848
2025-10-15 16:00:00,0.6724,0.6754,0.6686,0.6712,23737621.0,15962462.7856
2025-10-15 17:00:00,0.6712,0.6733,0.6635,0.6732,26314236.0,17588505.1131
2025-10-15 18:00:00,0.6732,0.6762,0.6698,0.6756,24998516.0,16820352.0104
2025-10-15 19:00:00,0.6756,0.6756,0.6661,0.6689,14537234.0,9763888.0097
2025-10-15 20:00:00,0.6689,0.6725,0.6569,0.6644,30893925.0,20553441.756
2025-10-15 21:00:00,0.6644,0.6685,0.6574,0.6623,19458316.0,12900244.0162
2025-10-15 22:00:00,0.6623,0.668,0.6613,0.6638,8915850.0,5925771.7434
2025-10-15 23:00:00,0.6638,0.6696,0.6633,0.6681,9356439.0,6243081.1306
2025-10-16 00:00:00,0.6681,0.6704,0.6654,0.6663,11059016.0,7382912.3658
2025-10-16 01:00:00,0.6663,0.6727,0.6659,0.672,12408311.0,8308161.7018
2025-10-16 02:00:00,0.672,0.6755,0.6687,0.673,8642749.0,5808017.582
2025-10-16 03:00:00,0.673,0.6745,0.6692,0.6694,8187974.0,5501687.5548
2025-10-16 04:00:00,0.6694,0.674,0.6663,0.6682,11249000.0,7545587.617
2025-10-16 05:00:00,0.6682,0.6728,0.6642,0.6676,18239396.0,12193340.63
2025-10-16 06:00:00,0.6676,0.6761,0.6668,0.6754,12647190.0,8490567.895
2025-10-16 07:00:00,0.6754,0.6759,0.6678,0.6704,11071842.0,7427485.8922
2025-10-16 08:00:00,0.6704,0.672,0.6657,0.6683,13553250.0,9066706.2501
2025-10-16 09:00:00,0.6683,0.6776,0.6504,0.6727,37493827.0,24983100.7447
2025-10-16 10:00:00,0.6727,0.6811,0.6722,0.678,25783351.0,17465050.4574
2025-10-16 11:00:00,0.678,0.6811,0.6734,0.6797,16394329.0,11098556.2462
2025-10-16 12:00:00,0.6797,0.6844,0.6772,0.6793,24116648.0,16410890.7407
2025-10-16 13:00:00,0.6793,0.6803,0.6706,0.6727,24741897.0,16718201.268
2025-10-16 14:00:00,0.6727,0.6769,0.6619,0.6685,34407170.0,23023275.9911
2025-10-16 15:00:00,0.6685,0.6707,0.648,0.6518,37510001.0,24749271.0406
2025-10-16 16:00:00,0.6518,0.6643,0.6457,0.6638,45500388.0,29693344.1828
2025-10-16 17:00:00,0.6638,0.664,0.6527,0.6545,24268910.0,15954133.4606
2025-10-16 18:00:00,0.6545,0.6551,0.6463,0.6524,25926074.0,16842679.295
2025-10-16 19:00:00,0.6524,0.6534,0.6382,0.6431,32356249.0,20860642.5062
2025-10-16 20:00:00,0.6431,0.6458,0.6327,0.6373,23350867.0,14899127.7671
2025-10-16 21:00:00,0.6373,0.645,0.6354,0.6446,14948305.0,9581433.892
2025-10-16 22:00:00,0.6446,0.6454,0.6379,0.6379,11381007.0,7306173.1438
2025-10-16 23:00:00,0.6379,0.6457,0.6373,0.6448,6266116.0,4032006.7497
2025-10-17 00:00:00,0.6448,0.6496,0.643,0.6495,9467041.0,6121091.0335
2025-10-17 01:00:00,0.6495,0.6554,0.6455,0.648,13923503.0,9046744.0146
2025-10-17 02:00:00,0.648,0.651,0.6438,0.649,11240625.0,7271999.4065
2025-10-17 03:00:00,0.649,0.652,0.6488,0.6514,8247369.0,5363592.4665
2025-10-17 04:00:00,0.6514,0.6519,0.6455,0.6465,18601726.0,12067214.6975
2025-10-17 05:00:00,0.6465,0.6478,0.6407,0.642,18756149.0,12074589.9565
2025-10-17 06:00:00,0.642,0.6439,0.6211,0.6234,58907075.0,37351210.376
2025-10-17 07:00:00,0.6234,0.6242,0.6069,0.609,43580753.0,26762236.6348
2025-10-17 08:00:00,0.609,0.6116,0.5971,0.5975,59731305.0,36048658.1002
2025-10-17 09:00:00,0.5975,0.6141,0.5955,0.6028,36056805.0,21782648.1267
2025-10-17 10:00:00,0.6028,0.6064,0.5917,0.6037,31505175.0,18887331.822
2025-10-17 11:00:00,0.6037,0.6215,0.6031,0.6167,34278618.0,21045793.0805
2025-10-17 12:00:00,0.6167,0.6215,0.6156,0.6166,16141717.0,9978988.7287
2025-10-17 13:00:00,0.6166,0.6252,0.6104,0.6215,30310339.0,18735948.5843
2025-10-17 14:00:00,0.6215,0.6232,0.6067,0.6138,31670328.0,19489334.9956
2025-10-17 15:00:00,0.6138,0.6255,0.6125,0.6255,37515440.0,23167945.8596
2025-10-17 16:00:00,0.6255,0.6338,0.6226,0.6248,24853632.0,15603811.6964
2025-10-17 17:00:00,0.6248,0.628,0.6214,0.6256,15127971.0,9456896.8802
2025-10-17 18:00:00,0.6256,0.6298,0.6245,0.6258,16486908.0,10334649.9749
2025-10-17 19:00:00,0.6258,0.6281,0.6201,0.6235,12253595.0,7649466.8204
2025-10-17 20:00:00,0.6235,0.6301,0.6223,0.6287,11205406.0,7032937.2656
2025-10-17 21:00:00,0.6287,0.6348,0.6285,0.6321,12638585.0,7986888.3967
2025-10-17 22:00:00,0.6321,0.6336,0.6266,0.6287,11665925.0,7345308.9309
2025-10-17 23:00:00,0.6287,0.6287,0.6235,0.6242,7958903.0,4978242.7685
2025-10-18 00:00:00,0.6242,0.6288,0.6227,0.6273,6966783.0,4363084.1345
2025-10-18 01:00:00,0.6273,0.635,0.6273,0.6345,12805236.0,8082565.1529
2025-10-18 02:00:00,0.6345,0.6364,0.6279,0.629,14595522.0,9221506.6835
2025-10-18 03:00:00,0.629,0.6333,0.629,0.6317,8559311.0,5406910.9787
2025-10-18 04:00:00,0.6317,0.6319,0.6248,0.6249,9506424.0,5965564.9115
2025-10-18 05:00:00,0.6249,0.6296,0.6245,0.629,8811887.0,5521975.6832
2025-10-18 06:00:00,0.629,0.6318,0.6262,0.6291,6910709.0,4347711.6574
2025-10-18 07:00:00,0.6291,0.6388,0.6291,0.6314,16583651.0,10518542.5024
2025-10-18 08:00:00,0.6314,0.634,0.6303,0.6306,10467979.0,6618047.8322
2025-10-18 09:00:00,0.6306,0.6363,0.6296,0.6354,12933665.0,8189918.5567
2025-10-18 10:00:00,0.6354,0.6374,0.6327,0.6344,12333550.0,7835644.0817
2025-10-18 11:00:00,0.6344,0.6379,0.634,0.6379,13268952.0,8435875.2525
2025-10-18 12:00:00,0.6379,0.6405,0.635,0.6357,17271160.0,11013721.7978
2025-10-18 13:00:00,0.6357,0.6358,0.629,0.6306,15186585.0,9597333.6949
2025-10-18 14:00:00,0.6306,0.6341,0.6265,0.6322,13563227.0,8540624.2161
2025-10-18 15:00:00,0.6322,0.6337,0.6286,0.6318,7947477.0,5018034.0577
2025-10-18 16:00:00,0.6318,0.6328,0.6256,0.6295,16150292.0,10150083.414
2025-10-18 17:00:00,0.6295,0.6371,0.6275,0.6362,7679881.0,4858621.8953
2025-10-18 18:00:00,0.6362,0.6372,0.634,0.6349,5508385.0,3500489.673
2025-10-18 19:00:00,0.6349,0.6365,0.6337,0.6362,5155716.0,3275771.956
2025-10-18 20:00:00,0.6362,0.6389,0.6341,0.6342,8788117.0,5595600.4365
2025-10-18 21:00:00,0.6342,0.6354,0.6313,0.6346,11430357.0,7241779.3641
2025-10-18 22:00:00,0.6346,0.6358,0.6323,0.6332,4333346.0,2748973.5062
2025-10-18 23:00:00,0.6332,0.6342,0.6319,0.6341,3920394.0,2482856.7203
2025-10-19 00:00:00,0.6341,0.6346,0.6282,0.6301,12118673.0,7644913.2544
2025-10-19 01:00:00,0.6301,0.6313,0.6273,0.6307,3620192.0,2276738.8983
2025-10-19 02:00:00,0.6307,0.6315,0.628,0.6291,3292548.0,2073457.0331
2025-10-19 03:00:00,0.6291,0.6361,0.628,0.6346,12787676.0,8067553.9669
2025-10-19 04:00:00,0.6346,0.6352,0.6315,0.6327,4935545.0,3123618.6885
2025-10-19 05:00:00,0.6327,0.6355,0.6307,0.6314,4624626.0,2926881.7034
2025-10-19 06:00:00,0.6314,0.6323,0.6262,0.6286,7509554.0,4723203.791
2025-10-19 07:00:00,0.6286,0.6304,0.6277,0.6299,4337749.0,2728686.1751
2025-10-19 08:00:00,0.6299,0.6369,0.625,0.6261,15643984.0,9855123.5441
2025-10-19 09:00:00,0.6261,0.6403,0.6222,0.6353,23222945.0,14647443.3501
2025-10-19 10:00:00,0.6353,0.646,0.6328,0.6442,28680402.0,18365340.3125
2025-10-19 11:00:00,0.6442,0.6496,0.6406,0.6423,25789912.0,16649612.9133
2025-10-19 12:00:00,0.6423,0.6433,0.6377,0.6407,14152830.0,9059986.2663
2025-10-19 13:00:00,0.6407,0.6551,0.6398,0.6536,42318392.0,27472135.8867
2025-10-19 14:00:00,0.6536,0.6576,0.6485,0.6573,30705724.0,20077910.2208
2025-10-19 15:00:00,0.6573,0.6611,0.6541,0.6598,15181605.0,9985498.5775
2025-10-19 16:00:00,0.6598,0.6618,0.6546,0.6582,11837639.0,7791014.2343
2025-10-19 17:00:00,0.6582,0.6647,0.6562,0.6569,16946018.0,11190961.3448
2025-10-19 18:00:00,0.6569,0.6612,0.6569,0.6607,9938065.0,6552222.9862
2025-10-19 19:00:00,0.6607,0.6607,0.6564,0.6589,6606631.0,4349918.3601
2025-10-19 20:00:00,0.6589,0.6617,0.6573,0.6612,8921952.0,5881745.2306
2025-10-19 21:00:00,0.6612,0.6617,0.6556,0.657,16090203.0,10574861.2275
2025-10-19 22:00:00,0.657,0.6605,0.6568,0.6581,16324088.0,10749920.9995
2025-10-19 23:00:00,0.6581,0.6582,0.6508,0.6526,12438078.0,8129588.241
2025-10-20 00:00:00,0.6526,0.6526,0.6389,0.6461,23788001.0,15322136.0479
2025-10-20 01:00:00,0.6461,0.6488,0.6441,0.6454,12445765.0,8045772.8652
2025-10-20 02:00:00,0.6454,0.6504,0.641,0.6484,11880482.0,7677257.2927
2025-10-20 03:00:00,0.6484,0.6647,0.6462,0.6623,17997117.0,11774286.3317
2025-10-20 04:00:00,0.6623,0.6658,0.6602,0.6647,17736080.0,11748313.08
2025-10-20 05:00:00,0.6647,0.6689,0.6617,0.6673,19721383.0,13118980.4502
2025-10-20 06:00:00,0.6673,0.6755,0.6667,0.6728,26594671.0,17868530.0204
2025-10-20 07:00:00,0.6728,0.6732,0.667,0.6695,19321115.0,12946396.1575
2025-10-20 08:00:00,0.6695,0.6732,0.6653,0.6693,58941624.0,39432517.7806
2025-10-20 09:00:00,0.6693,0.6723,0.6676,0.6712,27364336.0,18319101.7134
2025-10-20 10:00:00,0.6712,0.6739,0.6674,0.6693,29022920.0,19467851.316
2025-10-20 11:00:00,0.6693,0.6696,0.6622,0.666,37375198.0,24852169.8557
2025-10-20 12:00:00,0.666,0.6691,0.6647,0.6658,29813203.0,19879106.5327
2025-10-20 13:00:00,0.6658,0.6689,0.6633,0.6675,33871790.0,22565660.6922
2025-10-20 14:00:00,0.6675,0.6695,0.6624,0.6683,14653381.0,9767523.3675
2025-10-20 15:00:00,0.6683,0.671,0.6637,0.6639,27150669.0,18130682.5406
2025-10-20 16:00:00,0.6639,0.6646,0.6533,0.6595,37055106.0,24450969.8761
2025-10-20 17:00:00,0.6595,0.6636,0.6554,0.6592,17841365.0,11762573.5459
2025-10-20 18:00:00,0.6592,0.6643,0.658,0.6639,12638841.0,8353472.8269
2025-10-20 19:00:00,0.6639,0.6702,0.6612,0.6671,11910124.0,7929515.7263
2025-10-20 20:00:00,0.6671,0.6684,0.6637,0.6678,15473785.0,10304446.5418
2025-10-20 21:00:00,0.6678,0.67,0.6627,0.6642,13613271.0,9069584.5388
2025-10-20 22:00:00,0.6642,0.6668,0.6623,0.6659,4988634.0,3319085.929
2025-10-20 23:00:00,0.6659,0.666,0.6618,0.6622,5173195.0,3433281.0188
2025-10-21 00:00:00,0.6622,0.6631,0.66,0.6615,11558861.0,7647502.2837
2025-10-21 01:00:00,0.6615,0.6626,0.6561,0.659,11988122.0,7908214.5261
2025-10-21 02:00:00,0.659,0.6592,0.6523,0.6526,15875994.0,10408126.4686
2025-10-21 03:00:00,0.6526,0.6544,0.6487,0.6506,19040097.0,12417714.2755
2025-10-21 04:00:00,0.6506,0.6508,0.638,0.6397,28227448.0,18155424.5235
2025-10-21 05:00:00,0.6397,0.6426,0.638,0.6406,23313514.0,14938007.5833
2025-10-21 06:00:00,0.6406,0.6445,0.6394,0.6431,21178789.0,13601070.8616
2025-10-21 07:00:00,0.6431,0.6441,0.6394,0.6433,24026322.0,15428310.0631
2025-10-21 08:00:00,0.6433,0.6433,0.6366,0.6401,24032718.0,15379474.6989
2025-10-21 09:00:00,0.6401,0.6419,0.6384,0.6409,34955330.0,22370389.6798
2025-10-21 10:00:00,0.6409,0.6486,0.6398,0.6456,23080860.0,14866361.9146
2025-10-21 11:00:00,0.6456,0.6459,0.6424,0.6452,19797523.0,12757167.9368
2025-10-21 12:00:00,0.6452,0.6532,0.6438,0.6479,20294111.0,13179768.8252
2025-10-21 13:00:00,0.6479,0.6509,0.6435,0.6458,22396313.0,14482701.0871
2025-10-21 14:00:00,0.6458,0.675,0.6458,0.674,47388468.0,31260824.816
2025-10-21 15:00:00,0.674,0.6853,0.6701,0.6801,45471882.0,30846657.691
2025-10-21 16:00:00,0.6801,0.6838,0.6678,0.67,28506252.0,19315802.8116
2025-10-21 17:00:00,0.67,0.6745,0.6643,0.6691,23075551.0,15480861.4147
2025-10-21 18:00:00,0.6691,0.6718,0.6642,0.6686,15498880.0,10340852.8596
2025-10-21 19:00:00,0.6686,0.6712,0.667,0.6684,9574090.0,6405480.6637
2025-10-21 20:00:00,0.6684,0.6695,0.6587,0.6603,15332907.0,10164854.1032
2025-10-21 21:00:00,0.6603,0.664,0.6527,0.6604,16311568.0,10741462.6189
2025-10-21 22:00:00,0.6604,0.6608,0.6465,0.649,18815693.0,12271184.5299
2025-10-21 23:00:00,0.649,0.6508,0.6397,0.6423,20531688.0,13256269.0066
2025-10-22 00:00:00,0.6423,0.6461,0.6371,0.6406,18076452.0,11590411.2604
2025-10-22 01:00:00,0.6406,0.6449,0.6388,0.6423,14702945.0,9429270.1134
2025-10-22 02:00:00,0.6423,0.6442,0.641,0.6417,9610008.0,6175480.2549
2025-10-22 03:00:00,0.6417,0.6417,0.6372,0.6412,13850592.0,8853700.9047
2025-10-22 04:00:00,0.6412,0.6443,0.6407,0.6433,13181130.0,8472473.1423
2025-10-22 05:00:00,0.6433,0.6434,0.6319,0.6359,28706833.0,18264021.061
2025-10-22 06:00:00,0.6359,0.6374,0.6343,0.6347,11264420.0,7157446.3647
2025-10-22 07:00:00,0.6347,0.6382,0.632,0.6371,13907348.0,8829305.2977
2025-10-22 08:00:00,0.6371,0.6371,0.6338,0.6351,17242690.0,10951651.6954
2025-10-22 09:00:00,0.6351,0.6358,0.6285,0.6307,33880662.0,21410374.2623
2025-10-22 10:00:00,0.6307,0.6333,0.6291,0.6296,39060303.0,24653841.5428
2025-10-22 11:00:00,0.6296,0.6383,0.6222,0.6353,42396708.0,26838477.7219
2025-10-22 12:00:00,0.6353,0.6404,0.6334,0.6367,27231518.0,17356237.367
2025-10-22 13:00:00,0.6367,0.6427,0.6342,0.642,23606982.0,15057263.224
2025-10-22 14:00:00,0.642,0.642,0.6274,0.6395,39758076.0,25157798.7719
2025-10-22 15:00:00,0.6395,0.6416,0.6295,0.6353,22513686.0,14297974.0714
2025-10-22 16:00:00,0.6353,0.6376,0.6286,0.6327,13294392.0,8422728.0579
2025-10-22 17:00:00,0.6327,0.6347,0.6262,0.6282,8814107.0,5558357.9303
2025-10-22 18:00:00,0.6282,0.6306,0.6245,0.6271,10379825.0,6509186.8214
2025-10-22 19:00:00,0.6271,0.6327,0.622,0.6275,19503523.0,12242210.5559
2025-10-22 20:00:00,0.6275,0.6288,0.6208,0.6222,9399984.0,5868410.8561
2025-10-22 21:00:00,0.6222,0.6224,0.6059,0.6156,27412954.0,16873160.0975
2025-10-22 22:00:00,0.6156,0.62,0.6137,0.6154,20723967.0,12776006.5489
2025-10-22 23:00:00,0.6154,0.6244,0.6151,0.6234,10318070.0,6412922.6906
2025-10-23 00:00:00,0.6234,0.6272,0.6222,0.6257,6908538.0,4315923.0046
2025-10-23 01:00:00,0.6257,0.6287,0.6247,0.6263,7747148.0,4853404.3558
2025-10-23 02:00:00,0.6263,0.628,0.6256,0.6266,6008376.0,3765718.7354
2025-10-23 03:00:00,0.6266,0.6294,0.6255,0.6268,7784791.0,4884850.0219
2025-10-23 04:00:00,0.6268,0.6313,0.6257,0.629,8695227.0,5464655.6723
2025-10-23 05:00:00,0.629,0.6324,0.6286,0.6321,14172896.0,8937705.7487
2025-10-23 06:00:00,0.6321,0.6424,0.6313,0.6421,33352281.0,21280218.5291
2025-10-23 07:00:00,0.6421,0.6425,0.6363,0.6389,25337577.0,16185390.9625
2025-10-23 08:00:00,0.6389,0.6429,0.6389,0.64,11895402.0,7625203.1579
2025-10-23 09:00:00,0.64,0.6406,0.6382,0.6403,5935855.0,3795135.4732
2025-10-23 10:00:00,0.6403,0.6421,0.6389,0.6395,10215820.0,6542064.2174
2025-10-23 11:00:00,0.6395,0.6399,0.6345,0.6358,22008666.0,14011780.666
2025-10-23 12:00:00,0.6358,0.6397,0.6307,0.6392,41560914.0,26391736.2036
2025-10-23 13:00:00,0.6392,0.6441,0.6358,0.6401,30075860.0,19244342.1422
2025-10-23 14:00:00,0.6401,0.6416,0.6342,0.6393,36550492.0,23313925.6007
2025-10-23 15:00:00,0.6393,0.6457,0.638,0.6423,21868598.0,14044948.4569
2025-10-23 16:00:00,0.6423,0.6496,0.641,0.6476,16805633.0,10829990.6557
2025-10-23 17:00:00,0.6476,0.6538,0.6423,0.652,14507106.0,9409052.5869
2025-10-23 18:00:00,0.652,0.6529,0.6442,0.6454,9869185.0,6397569.3687
2025-10-23 19:00:00,0.6454,0.6469,0.6423,0.6451,13089816.0,8440351.6983
2025-10-23 20:00:00,0.6451,0.6451,0.6362,0.6388,16738625.0,10750708.6446
2025-10-23 21:00:00,0.6388,0.6409,0.6377,0.6387,9597158.0,6136240.1327
2025-10-23 22:00:00,0.6387,0.6415,0.6384,0.6406,5849541.0,3745133.6332
2025-10-23 23:00:00,0.6406,0.6427,0.6398,0.6424,5711619.0,3663113.5802
2025-10-24 00:00:00,0.6424,0.6467,0.6407,0.6444,13562854.0,8729951.7794
2025-10-24 01:00:00,0.6444,0.6451,0.6411,0.6437,5080261.0,3267256.7996
2025-10-24 02:00:00,0.6437,0.6439,0.6398,0.6418,5566918.0,3572215.0459
2025-10-24 03:00:00,0.6418,0.6423,0.6388,0.6404,6333796.0,4056899.9855
2025-10-24 04:00:00,0.6404,0.6526,0.6384,0.6509,27429434.0,17718493.0303
2025-10-24 05:00:00,0.6509,0.6532,0.6496,0.6522,21292003.0,13868659.456
2025-10-24 06:00:00,0.6522,0.6547,0.6506,0.6539,16129688.0,10522170.019
2025-10-24 07:00:00,0.6539,0.6544,0.6466,0.6493,16071680.0,10442590.101
2025-10-24 08:00:00,0.6493,0.653,0.6463,0.6513,10818701.0,7030515.4249
2025-10-24 09:00:00,0.6513,0.6526,0.6493,0.65,17556645.0,11420895.5575
2025-10-24 10:00:00,0.65,0.6501,0.6467,0.6473,16500868.0,10699216.5333
2025-10-24 11:00:00,0.6473,0.6507,0.643,0.6503,21583533.0,13971071.292
2025-10-24 12:00:00,0.6503,0.6631,0.6501,0.654,36770155.0,24072692.8268
2025-10-24 13:00:00,0.654,0.6554,0.6469,0.6534,18846191.0,12277986.128
2025-10-24 14:00:00,0.6534,0.6534,0.6428,0.6459,42004624.0,27145129.5863
2025-10-24 15:00:00,0.6459,0.6499,0.6431,0.6446,18583142.0,12009517.3788
2025-10-24 16:00:00,0.6446,0.6475,0.642,0.6461,16761016.0,10803356.7921
2025-10-24 17:00:00,0.6461,0.6505,0.646,0.6475,13937024.0,9037852.2818
2025-10-24 18:00:00,0.6475,0.6506,0.6471,0.6506,6026768.0,3911888.3018
2025-10-24 19:00:00,0.6506,0.6554,0.6506,0.6544,8819349.0,5768713.6394
2025-10-24 20:00:00,0.6544,0.657,0.6538,0.6557,6989259.0,4582004.435
2025-10-24 21:00:00,0.6557,0.6583,0.655,0.6578,7778055.0,5110406.2191
2025-10-24 22:00:00,0.6578,0.6586,0.6561,0.6571,9169441.0,6028141.0605
2025-10-24 23:00:00,0.6571,0.6575,0.6548,0.6557,7931817.0,5206062.0784
2025-10-25 00:00:00,0.6557,0.6571,0.6525,0.6547,8988828.0,5886270.2447
2025-10-25 01:00:00,0.6547,0.6593,0.6543,0.6572,10308637.0,6768476.5364
2025-10-25 02:00:00,0.6572,0.658,0.6551,0.6564,3910443.0,2567097.3572
2025-10-25 03:00:00,0.6564,0.6566,0.6528,0.6529,5342301.0,3492721.0659
2025-10-25 04:00:00,0.6529,0.6577,0.6529,0.6562,5423759.0,3558733.3479
2025-10-25 05:00:00,0.6562,0.6563,0.6533,0.6549,7193762.0,4710071.7074
2025-10-25 06:00:00,0.6549,0.6557,0.6507,0.6513,5158409.0,3363977.9743
2025-10-25 07:00:00,0.6513,0.6558,0.6509,0.6514,10202056.0,6660307.7896
2025-10-25 08:00:00,0.6514,0.654,0.651,0.6538,4663840.0,3042714.2596
2025-10-25 09:00:00,0.6538,0.6542,0.6492,0.65,12553583.0,8183367.7813
2025-10-25 10:00:00,0.65,0.6511,0.6475,0.6503,6061489.0,3937785.3269
2025-10-25 11:00:00,0.6503,0.6544,0.6493,0.6534,7213903.0,4704239.2522
2025-10-25 12:00:00,0.6534,0.6567,0.6527,0.6553,10387506.0,6801700.3968
2025-10-25 13:00:00,0.6553,0.6554,0.6508,0.6524,7738082.0,5051656.5205
2025-10-25 14:00:00,0.6524,0.6546,0.6513,0.6543,8489428.0,5542640.2629
2025-10-25 15:00:00,0.6543,0.6544,0.6514,0.6524,6083953.0,3969819.1565
2025-10-25 16:00:00,0.6524,0.6534,0.6512,0.653,11224332.0,7323140.7263
2025-10-25 17:00:00,0.653,0.6556,0.6525,0.6542,4358665.0,2851869.8292
2025-10-25 18:00:00,0.6542,0.6589,0.6533,0.6578,7351970.0,4827714.7734
2025-10-25 19:00:00,0.6578,0.6578,0.6562,0.6574,8267894.0,5431459.8982
2025-10-25 20:00:00,0.6574,0.6588,0.6552,0.6556,11945071.0,7845920.7632
2025-10-25 21:00:00,0.6556,0.6563,0.6535,0.6552,5149179.0,3375601.336
2025-10-25 22:00:00,0.6552,0.6568,0.6533,0.6558,3475736.0,2275650.4284
2025-10-25 23:00:00,0.6558,0.656,0.6536,0.6538,2676918.0,1752872.8924
2025-10-26 00:00:00,0.6538,0.6559,0.6514,0.6534,16491956.0,10785920.161
2025-10-26 01:00:00,0.6534,0.6539,0.6493,0.6508,9672808.0,6308604.6421
2025-10-26 02:00:00,0.6508,0.6512,0.648,0.6488,11731851.0,7620972.1432
2025-10-26 03:00:00,0.6488,0.6496,0.6462,0.6475,7393784.0,4789443.3121
2025-10-26 04:00:00,0.6475,0.6506,0.6471,0.6501,4382146.0,2846367.4699
2025-10-26 05:00:00,0.6501,0.6538,0.6489,0.6528,7811960.0,5088031.4703
2025-10-26 06:00:00,0.6528,0.6542,0.6514,0.6538,4891815.0,3193589.0034
2025-10-26 07:00:00,0.6538,0.656,0.6529,0.6552,6696900.0,4387035.2765
2025-10-26 08:00:00,0.6552,0.6582,0.6551,0.6569,10412353.0,6840277.8564
2025-10-26 09:00:00,0.6569,0.6651,0.6555,0.6633,17135169.0,11331980.4649
2025-10-26 10:00:00,0.6633,0.664,0.6596,0.6618,11184119.0,7398792.6049
2025-10-26 11:00:00,0.6618,0.673,0.6597,0.6729,32515257.0,21669289.2064
2025-10-26 12:00:00,0.6729,0.6772,0.6724,0.6756,23236936.0,15677693.6326
2025-10-26 13:00:00,0.6756,0.6798,0.6733,0.6769,17029382.0,11534623.929
2025-10-26 14:00:00,0.6769,0.6774,0.673,0.6747,10860996.0,7331485.895
2025-10-26 15:00:00,0.6747,0.6788,0.6727,0.6774,8685607.0,5868727.5437
2025-10-26 16:00:00,0.6774,0.6782,0.6731,0.6735,13567000.0,9155099.3224
2025-10-26 17:00:00,0.6735,0.6755,0.672,0.6738,13908751.0,9376553.176
2025-10-26 18:00:00,0.6738,0.6764,0.6736,0.6753,3860820.0,2606767.0261
2025-10-26 19:00:00,0.6753,0.6753,0.6717,0.6727,3908699.0,2629442.4646
2025-10-26 20:00:00,0.6727,0.6727,0.6677,0.6698,10381996.0,6959895.1071
2025-10-26 21:00:00,0.6698,0.6739,0.6685,0.6732,5487387.0,3683419.2131
2025-10-26 22:00:00,0.6732,0.6876,0.6732,0.683,24916690.0,16977399.0385
2025-10-26 23:00:00,0.683,0.6852,0.6803,0.6809,6871432.0,4694210.6518
2025-10-27 00:00:00,0.6809,0.6877,0.6792,0.6848,12607575.0,8637517.386
2025-10-27 01:00:00,0.6848,0.6912,0.6839,0.6906,14502668.0,9978583.527
2025-10-27 02:00:00,0.6906,0.6932,0.6866,0.6879,10543083.0,7269941.9681
2025-10-27 03:00:00,0.6879,0.6889,0.6827,0.6841,6511059.0,4467150.0266
2025-10-27 04:00:00,0.6841,0.6846,0.6817,0.6843,10572856.0,7222856.7189
2025-10-27 05:00:00,0.6843,0.6907,0.6836,0.6847,24019200.0,16513350.3199
2025-10-27 06:00:00,0.6847,0.6876,0.6807,0.6856,9925024.0,6792829.3988
2025-10-27 07:00:00,0.6856,0.6881,0.6771,0.6798,18209753.0,12391887.486
2025-10-27 08:00:00,0.6798,0.6829,0.6753,0.6821,17604168.0,11971217.7577
2025-10-27 09:00:00,0.6821,0.6821,0.6734,0.6757,18526919.0,12549877.5184
2025-10-27 10:00:00,0.6757,0.678,0.6734,0.6756,7258500.0,4905691.9347
2025-10-27 11:00:00,0.6756,0.6784,0.6712,0.6771,14443278.0,9755192.6826
2025-10-27 12:00:00,0.6771,0.6774,0.6718,0.6726,13299940.0,8965178.1205
2025-10-27 13:00:00,0.6726,0.6764,0.6655,0.6734,22582065.0,15161520.6389
2025-10-27 14:00:00,0.6734,0.6745,0.6665,0.6697,29400139.0,19717484.1666
2025-10-27 15:00:00,0.6697,0.6755,0.6697,0.6739,12475825.0,8397513.9745
2025-10-27 16:00:00,0.6739,0.6838,0.6739,0.6829,25465330.0,17291637.5691
2025-10-27 17:00:00,0.6829,0.6847,0.6804,0.6822,26293338.0,17943066.6622
2025-10-27 18:00:00,0.6822,0.6838,0.6793,0.6804,14747452.0,10052734.1213
2025-10-27 19:00:00,0.6804,0.6806,0.6736,0.6741,19299674.0,13049887.3049
2025-10-27 20:00:00,0.6741,0.6745,0.6684,0.6687,14485584.0,9729267.8661
2025-10-27 21:00:00,0.6687,0.6723,0.6652,0.6685,9820133.0,6570950.514
2025-10-27 22:00:00,0.6685,0.6714,0.6654,0.6661,10646697.0,7112446.3653
2025-10-27 23:00:00,0.6661,0.6683,0.6629,0.6665,10274304.0,6839641.5483
2025-10-28 00:00:00,0.6665,0.669,0.6642,0.6658,10585372.0,7052412.1484
2025-10-28 01:00:00,0.6658,0.6704,0.6658,0.6695,7292306.0,4876044.3453
2025-10-28 02:00:00,0.6695,0.6717,0.6609,0.665,13134157.0,8763999.8668
2025-10-28 03:00:00,0.665,0.6671,0.6611,0.6647,7232074.0,4803811.994
2025-10-28 04:00:00,0.6647,0.6677,0.6627,0.6661,8179442.0,5441612.4528
2025-10-28 05:00:00,0.6661,0.6673,0.6574,0.6581,10270974.0,6800709.1692
2025-10-28 06:00:00,0.6581,0.6675,0.6561,0.6672,12565435.0,8316810.2301
2025-10-28 07:00:00,0.6672,0.6711,0.6618,0.6629,12651967.0,8425794.9314
2025-10-28 08:00:00,0.6629,0.667,0.6614,0.6648,8441617.0,5606423.2022
2025-10-28 09:00:00,0.6648,0.6665,0.6618,0.6652,8448947.0,5608267.7692
2025-10-28 10:00:00,0.6652,0.6655,0.6624,0.6644,5257817.0,3490897.7619
2025-10-28 11:00:00,0.6644,0.6661,0.6613,0.662,8184794.0,5430591.3824
2025-10-28 12:00:00,0.662,0.6678,0.66,0.6667,13919820.0,9228103.5984
2025-10-28 13:00:00,0.6667,0.6725,0.6667,0.6716,14252371.0,9547554.9967
2025-10-28 14:00:00,0.6716,0.675,0.6514,0.6648,38915531.0,25888249.4839
2025-10-28 15:00:00,0.6648,0.6682,0.6602,0.6638,28560086.0,18959923.7484
2025-10-28 16:00:00,0.6638,0.6703,0.6612,0.6693,16365183.0,10890778.8435
2025-10-28 17:00:00,0.6693,0.6712,0.6664,0.6694,21915337.0,14664724.3788
2025-10-28 18:00:00,0.6694,0.6702,0.6633,0.6652,19521911.0,13012255.5944
2025-10-28 19:00:00,0.6652,0.6662,0.6517,0.6543,22195882.0,14631200.2545
2025-10-28 20:00:00,0.6543,0.6543,0.6392,0.6428,26248718.0,16956689.8285
2025-10-28 21:00:00,0.6428,0.6466,0.6351,0.644,13398727.0,8592480.1825
2025-10-28 22:00:00,0.644,0.648,0.6413,0.6478,6352383.0,4088550.8607
2025-10-28 23:00:00,0.6478,0.6479,0.6432,0.6453,2673376.0,1726190.5203
2025-10-29 00:00:00,0.6453,0.6456,0.6413,0.6428,5527990.0,3556581.3437
2025-10-29 01:00:00,0.6428,0.6471,0.6412,0.6437,5659958.0,3639319.6882
2025-10-29 02:00:00,0.6437,0.6446,0.6427,0.644,2064308.0,1328771.0935
2025-10-29 03:00:00,0.644,0.6442,0.6405,0.6417,4825160.0,3096547.3289
2025-10-29 04:00:00,0.6417,0.6444,0.6409,0.6424,3223141.0,2070440.4975
2025-10-29 05:00:00,0.6424,0.6463,0.6418,0.6447,4605774.0,2967241.525
2025-10-29 06:00:00,0.6447,0.6459,0.6426,0.645,14718879.0,9479867.1549
2025-10-29 07:00:00,0.645,0.6463,0.6427,0.6456,5634534.0,3632622.8885
2025-10-29 08:00:00,0.6456,0.646,0.6404,0.6411,9841409.0,6324072.0754
2025-10-29 09:00:00,0.6411,0.6429,0.6393,0.6422,10872355.0,6974831.786
2025-10-29 10:00:00,0.6422,0.6498,0.6419,0.6454,15352721.0,9921106.9315
2025-10-29 11:00:00,0.6454,0.6505,0.6443,0.6494,17826374.0,11570256.7391
2025-10-29 12:00:00,0.6494,0.653,0.6493,0.6508,16858573.0,10975131.5728
2025-10-29 13:00:00,0.6508,0.6547,0.6457,0.6471,22965179.0,14931413.2119
2025-10-29 14:00:00,0.6471,0.6479,0.6421,0.6454,20060122.0,12944337.2124
2025-10-29 15:00:00,0.6454,0.6465,0.636,0.6388,25833317.0,16578517.1797
2025-10-29 16:00:00,0.6388,0.6453,0.6365,0.6409,26407771.0,16907058.9159
2025-10-29 17:00:00,0.6409,0.6559,0.6405,0.6558,20516528.0,13305993.3321
2025-10-29 18:00:00,0.6558,0.6598,0.6248,0.6465,40684480.0,26293397.5197
2025-10-29 19:00:00,0.6465,0.6564,0.6449,0.6498,19949791.0,12972996.5129
2025-10-29 20:00:00,0.6498,0.6568,0.6459,0.6532,15063766.0,9826501.0169
2025-10-29 21:00:00,0.6532,0.6554,0.6518,0.6528,11450901.0,7476380.0958
2025-10-29 22:00:00,0.6528,0.653,0.6478,0.6484,16393750.0,10659409.7344
2025-10-29 23:00:00,0.6484,0.6486,0.6368,0.6396,15657841.0,10051494.3667
2025-10-30 00:00:00,0.6396,0.6439,0.6352,0.6433,12683101.0,8117372.92
2025-10-30 01:00:00,0.6433,0.6448,0.6397,0.6422,8346124.0,5357223.808
2025-10-30 02:00:00,0.6422,0.6477,0.6414,0.6474,8037249.0,5187282.4699
2025-10-30 03:00:00,0.6474,0.6482,0.6419,0.6446,8632796.0,5570041.4514
2025-10-30 04:00:00,0.6446,0.6446,0.6197,0.6284,32109893.0,20281938.9898
2025-10-30 05:00:00,0.6284,0.6407,0.6258,0.6397,16333617.0,10324753.9011
2025-10-30 06:00:00,0.6397,0.6431,0.6351,0.6412,12374472.0,7907321.2443
2025-10-30 07:00:00,0.6412,0.6479,0.6401,0.645,12809050.0,8260602.0088
2025-10-30 08:00:00,0.645,0.645,0.6388,0.6391,14052379.0,9025628.9131
2025-10-30 09:00:00,0.6391,0.6395,0.6327,0.633,11462172.0,7279398.5967
2025-10-30 10:00:00,0.633,0.6355,0.6304,0.6313,11443782.0,7243589.9957
2025-10-30 11:00:00,0.6313,0.6332,0.6283,0.6285,10746707.0,6774606.9864
2025-10-30 12:00:00,0.6285,0.6293,0.6139,0.6186,30633238.0,19028553.8426
2025-10-30 13:00:00,0.6186,0.6215,0.608,0.6099,23466926.0,14415606.3333
2025-10-30 14:00:00,0.6099,0.6153,0.6081,0.6108,14755920.0,9021243.2496
2025-10-30 15:00:00,0.6108,0.6123,0.6008,0.6028,19639734.0,11881938.4654
2025-10-30 16:00:00,0.6028,0.6075,0.5992,0.6059,17385101.0,10504824.7125
2025-10-30 17:00:00,0.6059,0.606,0.5932,0.6013,28304568.0,16948829.1494
2025-10-30 18:00:00,0.6013,0.6022,0.5929,0.5943,16934227.0,10106950.599
2025-10-30 19:00:00,0.5943,0.5962,0.5858,0.5877,18931559.0,11192513.4923
2025-10-30 20:00:00,0.5877,0.5967,0.5862,0.5953,18001443.0,10658280.1546
2025-10-30 21:00:00,0.5953,0.6002,0.5934,0.5988,11118482.0,6630215.811
2025-10-30 22:00:00,0.5988,0.5991,0.5962,0.599,6130636.0,3664720.1511
2025-10-30 23:00:00,0.599,0.6013,0.5959,0.6009,8548162.0,5119573.5475
2025-10-31 00:00:00,0.6009,0.6085,0.5998,0.607,9718240.0,5873281.3767
2025-10-31 01:00:00,0.607,0.6113,0.6061,0.611,10660041.0,6492554.9212
2025-10-31 02:00:00,0.611,0.6112,0.6046,0.607,14129361.0,8578554.8242
2025-10-31 03:00:00,0.607,0.6104,0.6051,0.6096,8489558.0,5165430.7068
2025-10-31 04:00:00,0.6096,0.6152,0.6093,0.6148,11290694.0,6922520.2611
2025-10-31 05:00:00,0.6148,0.615,0.6109,0.6119,10385239.0,6362278.4952
2025-10-31 06:00:00,0.6119,0.6131,0.6097,0.6117,11296173.0,6904429.0336
2025-10-31 07:00:00,0.6117,0.614,0.6097,0.6107,12276118.0,7514104.4999
2025-10-31 08:00:00,0.6107,0.6141,0.608,0.6138,18534943.0,11321582.6876
2025-10-31 09:00:00,0.6138,0.6161,0.6105,0.6107,10096354.0,6191106.2552
2025-10-31 10:00:00,0.6107,0.6127,0.6078,0.6098,18516737.0,11305950.2216
2025-10-31 11:00:00,0.6098,0.6167,0.6081,0.6163,22084016.0,13485231.765
2025-10-31 12:00:00,0.6163,0.6194,0.6112,0.6114,15708487.0,9671370.7729
2025-10-31 13:00:00,0.6114,0.6158,0.6087,0.6144,10750150.0,6581377.0317
2025-10-31 14:00:00,0.6144,0.618,0.6101,0.6171,16094405.0,9878530.1643
2025-10-31 15:00:00,0.6171,0.6196,0.6108,0.6123,18883776.0,11603390.6177
2025-10-31 16:00:00,0.6123,0.6125,0.6008,0.6016,15744338.0,9569727.7118
2025-10-31 17:00:00,0.6016,0.6041,0.5974,0.6018,13988756.0,8415452.3817
2025-10-31 18:00:00,0.6018,0.6068,0.5996,0.6045,12994899.0,7847272.049
2025-10-31 19:00:00,0.6045,0.6132,0.6011,0.6108,15365020.0,9335583.7501
2025-10-31 20:00:00,0.6108,0.6109,0.6061,0.6066,10471049.0,6373451.9641
2025-10-31 21:00:00,0.6066,0.6093,0.6052,0.6077,9752037.0,5923271.6528
2025-10-31 22:00:00,0.6077,0.6101,0.6071,0.6089,3909073.0,2380178.068
2025-10-31 23:00:00,0.6089,0.61,0.6072,0.6085,3009545.0,1832018.809
2025-11-01 00:00:00,0.6085,0.609,0.6053,0.608,4541601.0,2754966.73
2025-11-01 01:00:00,0.608,0.6104,0.6058,0.6059,2868230.0,1745469.9443
2025-11-01 02:00:00,0.6059,0.6085,0.603,0.6079,4153176.0,2512849.399
2025-11-01 03:00:00,0.6079,0.6124,0.6078,0.6121,5680656.0,3472256.2565
2025-11-01 04:00:00,0.6121,0.6131,0.609,0.6116,6276705.0,3834675.2532
2025-11-01 05:00:00,0.6116,0.6121,0.6081,0.6086,2048232.0,1248351.6532
2025-11-01 06:00:00,0.6086,0.6105,0.6067,0.61,3224293.0,1961391.3986
2025-11-01 07:00:00,0.61,0.6141,0.6093,0.6135,4974407.0,3044714.218
2025-11-01 08:00:00,0.6135,0.6162,0.6126,0.616,4018501.0,2467112.0869
2025-11-01 09:00:00,0.616,0.6173,0.6127,0.6132,9689200.0,5964542.0955
2025-11-01 10:00:00,0.6132,0.6148,0.6122,0.6131,4015158.0,2463059.7005
2025-11-01 11:00:00,0.6131,0.615,0.6107,0.6122,5933905.0,3632392.2323
2025-11-01 12:00:00,0.6122,0.6145,0.6116,0.6128,6101274.0,3740788.032
2025-11-01 13:00:00,0.6128,0.6137,0.6076,0.6106,8376307.0,5113773.4698
2025-11-01 14:00:00,0.6106,0.6115,0.6047,0.6071,11386004.0,6919281.9128
2025-11-01 15:00:00,0.6071,0.6123,0.6066,0.6119,7212592.0,4400226.4349
2025-11-01 16:00:00,0.6119,0.6144,0.6107,0.6125,21340585.0,13063624.2318
2025-11-01 17:00:00,0.6125,0.6133,0.6097,0.6108,4544268.0,2776737.4614
2025-11-01 18:00:00,0.6108,0.6122,0.6095,0.6122,3046919.0,1861779.3934
2025-11-01 19:00:00,0.6122,0.6134,0.6102,0.6133,4983140.0,3048352.0215
2025-11-01 20:00:00,0.6133,0.6153,0.6126,0.6137,11263784.0,6914327.5694
2025-11-01 21:00:00,0.6137,0.6141,0.6076,0.6078,8889046.0,5432887.9638
2025-11-01 22:00:00,0.6078,0.6109,0.6076,0.6106,4468234.0,2722254.6655
2025-11-01 23:00:00,0.6106,0.613,0.6096,0.6124,4435114.0,2709046.5752
2025-11-02 00:00:00,0.6124,0.6125,0.6093,0.6096,2765753.0,1689293.2377
2025-11-02 01:00:00,0.6096,0.6111,0.6077,0.6087,4556175.0,2776198.2782
2025-11-02 02:00:00,0.6087,0.6119,0.6078,0.6095,6382913.0,3892544.0369
2025-11-02 03:00:00,0.6095,0.6099,0.6076,0.6084,2929822.0,1783829.3726
2025-11-02 04:00:00,0.6084,0.6162,0.6077,0.6159,5951908.0,3646725.6748
2025-11-02 05:00:00,0.6159,0.6159,0.6112,0.6157,9567456.0,5873065.2707
2025-11-02 06:00:00,0.6157,0.6165,0.6137,0.6156,6398684.0,3934886.3622
2025-11-02 07:00:00,0.6156,0.6185,0.6142,0.6173,15082983.0,9290490.8475
2025-11-02 08:00:00,0.6173,0.6181,0.6126,0.6133,12405888.0,7634891.3115
2025-11-02 09:00:00,0.6133,0.6159,0.6092,0.61,11718979.0,7171362.1429
2025-11-02 10:00:00,0.61,0.6114,0.6046,0.6077,15859518.0,9641999.2715
2025-11-02 11:00:00,0.6077,0.6147,0.6076,0.6138,11201954.0,6836449.3623
2025-11-02 12:00:00,0.6138,0.6139,0.6103,0.6107,11554124.0,7072940.9945
2025-11-02 13:00:00,0.6107,0.6111,0.6043,0.6067,19457642.0,11816469.3943
2025-11-02 14:00:00,0.6067,0.6077,0.5964,0.5998,34746572.0,20880771.4483
2025-11-02 15:00:00,0.5998,0.6038,0.5971,0.5991,23056959.0,13855130.4212
2025-11-02 16:00:00,0.5991,0.601,0.5918,0.6007,22122910.0,13212781.1917
2025-11-02 17:00:00,0.6007,0.6008,0.5969,0.5992,19284388.0,11546016.7814
2025-11-02 18:00:00,0.5992,0.5999,0.5972,0.5977,11531940.0,6904841.9203
2025-11-02 19:00:00,0.5977,0.5983,0.5939,0.5964,10112828.0,6026444.5502
2025-11-02 20:00:00,0.5964,0.5993,0.5949,0.5992,8058638.0,4812481.5334
2025-11-02 21:00:00,0.5992,0.6033,0.5992,0.6012,10223513.0,6144997.2921
2025-11-02 22:00:00,0.6012,0.6022,0.5967,0.6002,5329102.0,3195308.3116
2025-11-02 23:00:00,0.6002,0.6115,0.6002,0.6102,9833852.0,5962999.7283
2025-11-03 00:00:00,0.6102,0.6118,0.6021,0.6024,12149276.0,7365657.1276
2025-11-03 01:00:00,0.6024,0.6033,0.5956,0.597,16832160.0,10095417.5671
2025-11-03 02:00:00,0.597,0.5977,0.5874,0.5907,22044254.0,13048527.2079
2025-11-03 03:00:00,0.5907,0.5921,0.5737,0.575,27440694.0,15948889.6794
2025-11-03 04:00:00,0.575,0.5773,0.5686,0.577,19841191.0,11367252.0417
2025-11-03 05:00:00,0.577,0.5803,0.572,0.5724,11285371.0,6506852.2075
2025-11-03 06:00:00,0.5724,0.5756,0.5663,0.573,18086894.0,10338141.2407
2025-11-03 07:00:00,0.573,0.5796,0.5699,0.5767,11179636.0,6435113.4232
2025-11-03 08:00:00,0.5767,0.5795,0.5727,0.5791,13008001.0,7506599.3423
2025-11-03 09:00:00,0.5791,0.5851,0.5742,0.5749,15894601.0,9212636.7895
2025-11-03 10:00:00,0.5749,0.5763,0.5704,0.572,10922874.0,6264970.3738
2025-11-03 11:00:00,0.572,0.5788,0.572,0.5754,18878884.0,10874700.7765
2025-11-03 12:00:00,0.5754,0.58,0.5745,0.5749,17845833.0,10300961.9371
2025-11-03 13:00:00,0.5749,0.5779,0.5723,0.5743,15366111.0,8827023.3532
2025-11-03 14:00:00,0.5743,0.58,0.5723,0.5777,23432996.0,13485551.0127
2025-11-03 15:00:00,0.5777,0.5791,0.5254,0.5499,72645928.0,40448587.1447
2025-11-03 16:00:00,0.5499,0.561,0.5462,0.5592,35864716.0,19928931.4512
2025-11-03 17:00:00,0.5592,0.569,0.5574,0.5662,28560261.0,16104048.9944
2025-11-03 18:00:00,0.5662,0.5671,0.559,0.5593,23310289.0,13122089.9677
2025-11-03 19:00:00,0.5593,0.5617,0.5543,0.555,31941477.0,17823726.9142
2025-11-03 20:00:00,0.555,0.5561,0.5438,0.5463,18252484.0,10063981.5211
2025-11-03 21:00:00,0.5463,0.5531,0.5418,0.5524,18972969.0,10399520.9326
2025-11-03 22:00:00,0.5524,0.5528,0.5431,0.5485,20674560.0,11347162.6607
2025-11-03 23:00:00,0.5485,0.553,0.5448,0.5524,12180837.0,6680594.7477
2025-11-04 00:00:00,0.5524,0.5578,0.546,0.5552,11876940.0,6561378.7774
2025-11-04 01:00:00,0.5552,0.5601,0.5525,0.5585,4588582.0,2553247.3289
2025-11-04 02:00:00,0.5585,0.5597,0.5563,0.5572,5434900.0,3032593.2826
2025-11-04 03:00:00,0.5572,0.5622,0.5552,0.5609,12892657.0,7211755.7074
2025-11-04 04:00:00,0.5609,0.563,0.5572,0.5575,4797207.0,2689069.1674
2025-11-04 05:00:00,0.5575,0.5596,0.5315,0.5345,17439974.0,9463008.0642
2025-11-04 06:00:00,0.5345,0.5497,0.5332,0.5393,19019354.0,10277553.8896
2025-11-04 07:00:00,0.5393,0.5397,0.5302,0.5339,19070155.0,10191282.302
2025-11-04 08:00:00,0.5339,0.5456,0.532,0.5394,31019668.0,16654016.5731
2025-11-04 09:00:00,0.5394,0.5426,0.537,0.5416,26742192.0,14433760.7512
2025-11-04 10:00:00,0.5416,0.5441,0.5385,0.5407,9012129.0,4878261.1242
2025-11-04 11:00:00,0.5407,0.5482,0.5402,0.5461,12052912.0,6570312.1303
2025-11-04 12:00:00,0.5461,0.5461,0.5379,0.5394,8870579.0,4799159.8724
2025-11-04 13:00:00,0.5394,0.5408,0.5339,0.5372,19498774.0,10478651.1772
2025-11-04 14:00:00,0.5372,0.5523,0.532,0.5489,27507537.0,14819740.4143
2025-11-04 15:00:00,0.5489,0.5535,0.5403,0.5422,19717146.0,10790628.2133
2025-11-04 16:00:00,0.5422,0.5462,0.5286,0.5294,49027107.0,26282902.9577
2025-11-04 17:00:00,0.5294,0.532,0.5158,0.5245,35400997.0,18548699.076
2025-11-04 18:00:00,0.5245,0.5246,0.5076,0.5241,49078327.0,25297422.79
2025-11-04 19:00:00,0.5241,0.5285,0.5132,0.5144,16239169.0,8472660.0867
2025-11-04 20:00:00,0.5144,0.5161,0.4956,0.5101,41296421.0,20903875.417
2025-11-04 21:00:00,0.5101,0.5138,0.4897,0.5102,32962292.0,16578369.2894
2025-11-04 22:00:00,0.5102,0.5244,0.5075,0.523,17543446.0,9096147.941
2025-11-04 23:00:00,0.523,0.5259,0.5186,0.5205,12122634.0,6322895.2628
2025-11-05 00:00:00,0.5205,0.5241,0.5116,0.5147,11637870.0,6011250.1477
2025-11-05 01:00:00,0.5147,0.5151,0.4944,0.5112,26712775.0,13488604.467
2025-11-05 02:00:00,0.5112,0.5298,0.5112,0.5286,21590207.0,11268971.1936
2025-11-05 03:00:00,0.5286,0.5339,0.5258,0.5324,13403580.0,7114107.7365
2025-11-05 04:00:00,0.5324,0.5353,0.5281,0.5325,11919338.0,6336354.3046
2025-11-05 05:00:00,0.5325,0.5373,0.5322,0.5334,9363696.0,5000966.3745
2025-11-05 06:00:00,0.5334,0.5354,0.5302,0.5351,5559841.0,2960788.1779
2025-11-05 07:00:00,0.5351,0.5355,0.5298,0.534,7534572.0,4014049.1757
2025-11-05 08:00:00,0.534,0.534,0.5227,0.5273,21424670.0,11326064.9069
2025-11-05 09:00:00,0.5273,0.5325,0.5266,0.5314,11450954.0,6076395.5744
2025-11-05 10:00:00,0.5314,0.5317,0.524,0.525,23177215.0,12252527.8184
2025-11-05 11:00:00,0.525,0.5359,0.5248,0.5349,11752632.0,6246298.4408
2025-11-05 12:00:00,0.5349,0.5397,0.5336,0.5381,16164302.0,8674951.4282
2025-11-05 13:00:00,0.5381,0.5436,0.5353,0.5416,22767818.0,12271832.7378
2025-11-05 14:00:00,0.5416,0.5449,0.5363,0.5412,19515473.0,10562305.7693
2025-11-05 15:00:00,0.5412,0.5484,0.5391,0.5482,15644260.0,8521439.7301
2025-11-05 16:00:00,0.5482,0.5489,0.5421,0.5486,14585965.0,7963418.737
2025-11-05 17:00:00,0.5486,0.5486,0.5435,0.5464,6214262.0,3390353.5723
2025-11-05 18:00:00,0.5464,0.55,0.544,0.5473,9204745.0,5040850.8978
2025-11-05 19:00:00,0.5473,0.5482,0.5417,0.5431,11775724.0,6412782.9727
2025-11-05 20:00:00,0.5431,0.5463,0.541,0.5439,10700760.0,5816282.4336
2025-11-05 21:00:00,0.5439,0.5439,0.5387,0.5421,9185997.0,4972281.7108
2025-11-05 22:00:00,0.5421,0.548,0.5412,0.5475,8491021.0,4630257.1071
2025-11-05 23:00:00,0.5475,0.5484,0.5446,0.5449,6974200.0,3813450.4842
2025-11-06 00:00:00,0.5449,0.5449,0.54,0.5423,8146339.0,4416327.4755
2025-11-06 01:00:00,0.5423,0.5423,0.5344,0.5406,6509747.0,3503397.3103
2025-11-06 02:00:00,0.5406,0.5454,0.5365,0.542,7060979.0,3811715.1604
2025-11-06 03:00:00,0.542,0.5446,0.5416,0.5427,8166543.0,4434443.7239
2025-11-06 04:00:00,0.5427,0.5446,0.5405,0.5425,6207247.0,3366585.1278
2025-11-06 05:00:00,0.5425,0.5425,0.5334,0.5344,13194980.0,7097952.6156
2025-11-06 06:00:00,0.5344,0.5404,0.534,0.5341,13163648.0,7070892.7187
2025-11-06 07:00:00,0.5341,0.5383,0.5325,0.5339,7167818.0,3835044.7375
2025-11-06 08:00:00,0.5339,0.5372,0.5328,0.5361,5031648.0,2692984.2196
2025-11-06 09:00:00,0.5361,0.5385,0.5337,0.5358,6830464.0,3660900.6914
2025-11-06 10:00:00,0.5358,0.5385,0.5319,0.5356,13945465.0,7463185.2214
2025-11-06 11:00:00,0.5356,0.5363,0.5313,0.5349,8492339.0,4536594.7824
2025-11-06 12:00:00,0.5349,0.5356,0.5286,0.5291,15697889.0,8350472.5094
2025-11-06 13:00:00,0.5291,0.5393,0.5291,0.5369,13795709.0,7391784.4236
2025-11-06 14:00:00,0.5369,0.5382,0.5257,0.5267,25588661.0,13564969.8529
2025-11-06 15:00:00,0.5267,0.5323,0.5211,0.5233,25183786.0,13248071.2418
2025-11-06 16:00:00,0.5233,0.5275,0.5165,0.5215,15381669.0,8034831.1648
2025-11-06 17:00:00,0.5215,0.5286,0.52,0.5279,12688056.0,6650734.3544
2025-11-06 18:00:00,0.5279,0.5319,0.5209,0.5275,15136531.0,7970472.8212
2025-11-06 19:00:00,0.5275,0.5301,0.5245,0.5282,8166904.0,4303881.0112
2025-11-06 20:00:00,0.5282,0.5305,0.5225,0.5251,7446083.0,3912861.6712
2025-11-06 21:00:00,0.5251,0.5308,0.5236,0.5291,7049999.0,3718739.7353
2025-11-06 22:00:00,0.5291,0.5343,0.5283,0.5335,6662826.0,3539441.4849
2025-11-06 23:00:00,0.5335,0.5335,0.5268,0.5315,7817424.0,4139369.2674
2025-11-07 00:00:00,0.5315,0.5389,0.5308,0.5375,19897457.0,10634205.2419
2025-11-07 01:00:00,0.5375,0.5383,0.5285,0.5349,15189461.0,8101238.9784
2025-11-07 02:00:00,0.5349,0.5381,0.5307,0.538,3044366.0,1627475.9639
2025-11-07 03:00:00,0.538,0.5409,0.5369,0.5404,5280470.0,2849203.434
2025-11-07 04:00:00,0.5404,0.5424,0.5356,0.5387,8085638.0,4346650.9951
2025-11-07 05:00:00,0.5387,0.5458,0.5387,0.545,10838609.0,5889361.1433
2025-11-07 06:00:00,0.545,0.5455,0.5417,0.542,17957020.0,9753736.4645
2025-11-07 07:00:00,0.542,0.5479,0.5406,0.5476,9006889.0,4894780.0959
2025-11-07 08:00:00,0.5476,0.5496,0.5449,0.5467,9383141.0,5130982.2968
2025-11-07 09:00:00,0.5467,0.5473,0.5367,0.5406,21201128.0,11472421.5429
2025-11-07 10:00:00,0.5406,0.5428,0.533,0.5348,18994166.0,10205548.0072
2025-11-07 11:00:00,0.5348,0.5348,0.5255,0.5307,35874496.0,18970864.8132
2025-11-07 12:00:00,0.5307,0.5323,0.5192,0.5234,30011611.0,15752115.6988
2025-11-07 13:00:00,0.5234,0.5291,0.5204,0.527,26605408.0,13977768.2348
2025-11-07 14:00:00,0.527,0.5387,0.5192,0.5367,34457828.0,18207856.4934
2025-11-07 15:00:00,0.5367,0.5471,0.5319,0.5441,34597436.0,18679761.2243
2025-11-07 16:00:00,0.5441,0.5701,0.5417,0.5667,37018617.0,20646981.4386
2025-11-07 17:00:00,0.5667,0.5788,0.5624,0.5777,30230683.0,17324196.6668
2025-11-07 18:00:00,0.5777,0.5851,0.5767,0.5794,35158500.0,20442526.9459
2025-11-07 19:00:00,0.5794,0.5802,0.5738,0.5799,14340001.0,8283522.5258
2025-11-07 20:00:00,0.5799,0.5823,0.5773,0.5814,13369949.0,7754096.0243
2025-11-07 21:00:00,0.5814,0.586,0.5806,0.5851,11933119.0,6970620.0774
2025-11-07 22:00:00,0.5851,0.5857,0.5803,0.583,17744535.0,10347741.8295
2025-11-07 23:00:00,0.583,0.583,0.5753,0.5762,14894319.0,8615382.2533
2025-11-08 00:00:00,0.5762,0.5837,0.5737,0.574,23169255.0,13409329.8
2025-11-08 01:00:00,0.574,0.5853,0.5737,0.5834,12250196.0,7113271.4951
2025-11-08 02:00:00,0.5834,0.5928,0.5819,0.5846,22585487.0,13267684.6051
2025-11-08 03:00:00,0.5846,0.5913,0.5819,0.5821,10941118.0,6412525.6783
2025-11-08 04:00:00,0.5821,0.5904,0.5821,0.586,8295421.0,4860430.8748
2025-11-08 05:00:00,0.586,0.5889,0.5777,0.5781,5104564.0,2976635.6697
2025-11-08 06:00:00,0.5781,0.5811,0.5745,0.5773,8235614.0,4757969.7718
2025-11-08 07:00:00,0.5773,0.5825,0.5737,0.582,7381864.0,4267421.8364
2025-11-08 08:00:00,0.582,0.5856,0.5784,0.5835,5943482.0,3462683.1449
2025-11-08 09:00:00,0.5835,0.5837,0.5741,0.5759,11057126.0,6392376.1404
2025-11-08 10:00:00,0.5759,0.5795,0.5714,0.5782,7402572.0,4262820.1568
2025-11-08 11:00:00,0.5782,0.5793,0.5729,0.5747,6579093.0,3789698.5694
2025-11-08 12:00:00,0.5747,0.5779,0.5728,0.5767,9078754.0,5224323.3272
2025-11-08 13:00:00,0.5767,0.5772,0.566,0.5665,12976331.0,7409348.1125
2025-11-08 14:00:00,0.5665,0.5682,0.5618,0.5647,17177701.0,9690887.2358
2025-11-08 15:00:00,0.5647,0.5655,0.5551,0.5572,17381234.0,9713766.4005
2025-11-08 16:00:00,0.5572,0.5599,0.5537,0.5578,14370477.0,8005133.4974
2025-11-08 17:00:00,0.5578,0.5623,0.5559,0.5602,7010038.0,3923480.1096
2025-11-08 18:00:00,0.5602,0.5637,0.5576,0.5626,6565992.0,3682720.548
2025-11-08 19:00:00,0.5626,0.5626,0.5552,0.5603,7332067.0,4097781.5148
2025-11-08 20:00:00,0.5603,0.5634,0.558,0.5625,6918512.0,3879805.409
2025-11-08 21:00:00,0.5625,0.5653,0.5612,0.5636,6017087.0,3390593.2299
2025-11-08 22:00:00,0.5636,0.5675,0.5627,0.5669,4295296.0,2427236.1442
2025-11-08 23:00:00,0.5669,0.5689,0.5657,0.5683,4094786.0,2323947.6051
2025-11-09 00:00:00,0.5683,0.5685,0.5592,0.5604,13169024.0,7414630.967
2025-11-09 01:00:00,0.5604,0.5636,0.5579,0.5632,6841573.0,3840017.241
2025-11-09 02:00:00,0.5632,0.5633,0.5506,0.5524,17209272.0,9557719.2172
2025-11-09 03:00:00,0.5524,0.5543,0.5475,0.5499,11133720.0,6126183.0944
2025-11-09 04:00:00,0.5499,0.5557,0.5499,0.5541,7154528.0,3953380.269
2025-11-09 05:00:00,0.5541,0.556,0.5516,0.5555,5276304.0,2922240.6546
2025-11-09 06:00:00,0.5555,0.5603,0.5542,0.5562,10516582.0,5858269.9021
2025-11-09 07:00:00,0.5562,0.563,0.5557,0.5623,6591406.0,3693046.7487
2025-11-09 08:00:00,0.5623,0.5624,0.5569,0.5587,4547986.0,2544449.8967
2025-11-09 09:00:00,0.5587,0.5617,0.5524,0.5531,10412735.0,5794839.0418
2025-11-09 10:00:00,0.5531,0.5586,0.5497,0.5585,14692579.0,8118975.7442
2025-11-09 11:00:00,0.5585,0.5634,0.5585,0.5621,14556517.0,8169930.9186
2025-11-09 12:00:00,0.5621,0.5654,0.5603,0.5628,10026555.0,5639299.215
2025-11-09 13:00:00,0.5628,0.568,0.5614,0.5642,7380994.0,4169128.2537
2025-11-09 14:00:00,0.5642,0.5768,0.5614,0.5704,23853883.0,13592759.4362
2025-11-09 15:00:00,0.5704,0.5783,0.5704,0.5751,10813796.0,6214296.7248
2025-11-09 16:00:00,0.5751,0.579,0.5701,0.5772,7981837.0,4580548.9639
2025-11-09 17:00:00,0.5772,0.5775,0.5702,0.5712,9652669.0,5528848.7924
2025-11-09 18:00:00,0.5712,0.5776,0.5691,0.5768,13346024.0,7646348.1774
2025-11-09 19:00:00,0.5768,0.5826,0.5753,0.5823,24292411.0,14064220.6651
2025-11-09 20:00:00,0.5823,0.584,0.5788,0.5799,14740013.0,8563335.2644
2025-11-09 21:00:00,0.5799,0.5809,0.5775,0.5795,8060250.0,4671539.973
2025-11-09 22:00:00,0.5795,0.5796,0.5732,0.5771,8702945.0,5013069.8129
2025-11-09 23:00:00,0.5771,0.5827,0.5753,0.5784,19392629.0,11197139.2929
2025-11-10 00:00:00,0.5784,0.5907,0.5734,0.5869,17525489.0,10199607.0352
2025-11-10 01:00:00,0.5869,0.5896,0.5825,0.5836,11790913.0,6895210.7749
2025-11-10 02:00:00,0.5836,0.585,0.5805,0.5848,4744490.0,2765212.943
2025-11-10 03:00:00,0.5848,0.5894,0.5843,0.5878,8269055.0,4854676.2689
2025-11-10 04:00:00,0.5878,0.5907,0.586,0.5892,6576957.0,3868365.5704
2025-11-10 05:00:00,0.5892,0.5914,0.5851,0.5893,6643935.0,3909747.9914
2025-11-10 06:00:00,0.5893,0.5904,0.5848,0.5866,5767022.0,3387918.7121
2025-11-10 07:00:00,0.5866,0.5896,0.5858,0.5889,5544368.0,3259214.0085
2025-11-10 08:00:00,0.5889,0.5906,0.5833,0.587,5383941.0,3159075.2685
2025-11-10 09:00:00,0.587,0.6027,0.5863,0.5997,13796858.0,8211204.0318
2025-11-10 10:00:00,0.5997,0.6022,0.5939,0.5944,10520415.0,6291034.5022
2025-11-10 11:00:00,0.5944,0.5996,0.5939,0.5954,5682793.0,3389245.9678
2025-11-10 12:00:00,0.5954,0.5963,0.5908,0.5931,10396407.0,6165807.8817
2025-11-10 13:00:00,0.5931,0.6005,0.5922,0.5968,18283958.0,10921997.8717
2025-11-10 14:00:00,0.5968,0.5968,0.5807,0.5845,35386501.0,20865791.2677
2025-11-10 15:00:00,0.5845,0.5901,0.5819,0.5848,14018933.0,8213714.1487
2025-11-10 16:00:00,0.5848,0.5881,0.5778,0.5809,18347964.0,10677409.4557
2025-11-10 17:00:00,0.5809,0.5886,0.5799,0.5866,11833891.0,6923018.4342
2025-11-10 18:00:00,0.5866,0.5879,0.5833,0.5835,12779976.0,7481595.8098
2025-11-10 19:00:00,0.5835,0.5922,0.5835,0.5878,15800314.0,9291193.5202
2025-11-10 20:00:00,0.5878,0.594,0.5876,0.5912,12864606.0,7600233.9392
2025-11-10 21:00:00,0.5912,0.5912,0.5836,0.5876,8452510.0,4959459.4201
2025-11-10 22:00:00,0.5876,0.5981,0.5845,0.5972,20532786.0,12149072.045
2025-11-10 23:00:00,0.5972,0.5975,0.5918,0.5924,5455574.0,3241758.2215
2025-11-11 00:00:00,0.5924,0.5976,0.586,0.5927,12530919.0,7418569.6674
2025-11-11 01:00:00,0.5927,0.6066,0.5916,0.5932,26221964.0,15676578.8725
2025-11-11 02:00:00,0.5932,0.6048,0.5897,0.6016,9707975.0,5799691.121
2025-11-11 03:00:00,0.6016,0.6036,0.597,0.5984,9285250.0,5581166.859
2025-11-11 04:00:00,0.5984,0.6,0.5879,0.5891,17449659.0,10345859.7744
2025-11-11 05:00:00,0.5891,0.5892,0.5816,0.5822,15194027.0,8882028.625
2025-11-11 06:00:00,0.5822,0.5839,0.5792,0.583,10409436.0,6056846.3481
2025-11-11 07:00:00,0.583,0.5837,0.5751,0.5754,15602430.0,9022743.3549
2025-11-11 08:00:00,0.5754,0.5788,0.5749,0.5773,9174779.0,5290774.6399
2025-11-11 09:00:00,0.5773,0.5808,0.5752,0.5753,6309354.0,3648028.3925
2025-11-11 10:00:00,0.5753,0.5801,0.5743,0.579,5424197.0,3129912.7618
2025-11-11 11:00:00,0.579,0.5835,0.5779,0.5799,9043390.0,5254764.1929
2025-11-11 12:00:00,0.5799,0.5839,0.5767,0.5785,15432682.0,8946977.0419
2025-11-11 13:00:00,0.5785,0.5824,0.5743,0.5755,11526699.0,6664925.6849
2025-11-11 14:00:00,0.5755,0.5821,0.5724,0.5816,18851508.0,10861595.4888
2025-11-11 15:00:00,0.5816,0.5816,0.5703,0.572,21686247.0,12465277.5224
2025-11-11 16:00:00,0.572,0.5743,0.5698,0.5714,11298130.0,6463474.762
2025-11-11 17:00:00,0.5714,0.5752,0.5662,0.5702,19293937.0,11015223.7482
2025-11-11 18:00:00,0.5702,0.572,0.5672,0.5684,10855752.0,6181977.6264
2025-11-11 19:00:00,0.5684,0.5684,0.5607,0.5618,12903391.0,7280234.7025
2025-11-11 20:00:00,0.5618,0.564,0.5577,0.5593,12506421.0,7009785.8718
2025-11-11 21:00:00,0.5593,0.5621,0.5548,0.556,13005648.0,7262484.1994
2025-11-11 22:00:00,0.556,0.5618,0.5531,0.5606,7781314.0,4340353.5019
2025-11-11 23:00:00,0.5606,0.5608,0.5545,0.556,6213174.0,3461777.1959
2025-11-12 00:00:00,0.556,0.5589,0.5531,0.5536,15898725.0,8844915.8925
2025-11-12 01:00:00,0.5536,0.5598,0.5522,0.5591,9345326.0,5196793.0723
2025-11-12 02:00:00,0.5591,0.5612,0.5542,0.5578,6964077.0,3883748.4943
2025-11-12 03:00:00,0.5578,0.5615,0.557,0.5602,4979266.0,2782892.4822
2025-11-12 04:00:00,0.5602,0.5618,0.5587,0.5609,7979909.0,4468103.1431
2025-11-12 05:00:00,0.5609,0.5627,0.5581,0.5608,9018076.0,5058662.2366
2025-11-12 06:00:00,0.5608,0.5649,0.5604,0.5609,13910773.0,7831502.7499
2025-11-12 07:00:00,0.5609,0.5624,0.5557,0.5565,18255123.0,10219702.4657
2025-11-12 08:00:00,0.5565,0.5674,0.5565,0.5645,14762189.0,8318363.6534
2025-11-12 09:00:00,0.5645,0.5703,0.5642,0.5667,22244840.0,12635811.2756
2025-11-12 10:00:00,0.5667,0.5726,0.5665,0.5717,11979321.0,6826725.4963
2025-11-12 11:00:00,0.5717,0.5742,0.571,0.5732,9788869.0,5605040.8236
2025-11-12 12:00:00,0.5732,0.5774,0.5713,0.5752,8804392.0,5059868.7196
2025-11-12 13:00:00,0.5752,0.5806,0.5727,0.5794,11336948.0,6549355.177
2025-11-12 14:00:00,0.5794,0.5802,0.5629,0.57,34253282.0,19654500.2086
2025-11-12 15:00:00,0.57,0.5737,0.5557,0.5577,28289420.0,15952030.7742
2025-11-12 16:00:00,0.5577,0.5594,0.5452,0.548,33165079.0,18261593.4957
2025-11-12 17:00:00,0.548,0.553,0.5418,0.5485,21147973.0,11553093.4984
2025-11-12 18:00:00,0.5485,0.5521,0.5462,0.5462,10175109.0,5588479.8571
2025-11-12 19:00:00,0.5462,0.5463,0.5389,0.5433,22335813.0,12110433.0589
2025-11-12 20:00:00,0.5433,0.5493,0.5417,0.5473,7679644.0,4195740.8657
2025-11-12 21:00:00,0.5473,0.5506,0.5473,0.5494,5757821.0,3159336.2417
2025-11-12 22:00:00,0.5494,0.5503,0.5454,0.5495,6607183.0,3620954.2717
2025-11-12 23:00:00,0.5495,0.5495,0.5439,0.5453,14005941.0,7650717.6946
2025-11-13 00:00:00,0.5453,0.5507,0.5447,0.5475,6706026.0,3672106.4855
2025-11-13 01:00:00,0.5475,0.5543,0.5474,0.5493,17472203.0,9626566.1882
2025-11-13 02:00:00,0.5493,0.553,0.5488,0.5513,10163085.0,5601474.9042
2025-11-13 03:00:00,0.5513,0.5636,0.5429,0.5584,13664893.0,7565961.3876
2025-11-13 04:00:00,0.5584,0.5618,0.5547,0.5597,7678544.0,4289716.1038
2025-11-13 05:00:00,0.5597,0.5679,0.5575,0.5665,6997134.0,3936830.4169
2025-11-13 06:00:00,0.5665,0.5707,0.5652,0.5674,11993095.0,6815400.5398
2025-11-13 07:00:00,0.5674,0.5702,0.5628,0.5645,13911131.0,7890747.0076
2025-11-13 08:00:00,0.5645,0.5693,0.5639,0.5676,14594592.0,8275842.5736
2025-11-13 09:00:00,0.5676,0.5684,0.5618,0.5644,8520014.0,4813606.7805
2025-11-13 10:00:00,0.5644,0.5714,0.564,0.5661,11859209.0,6740419.8131
2025-11-13 11:00:00,0.5661,0.5689,0.5636,0.5649,8313442.0,4704290.5692
2025-11-13 12:00:00,0.5649,0.5666,0.5617,0.5659,14350036.0,8092696.6373
2025-11-13 13:00:00,0.5659,0.5668,0.5577,0.5597,16924144.0,9512575.8424
2025-11-13 14:00:00,0.5597,0.5685,0.5529,0.5636,25890442.0,14477413.1163
2025-11-13 15:00:00,0.5636,0.5656,0.5514,0.5536,22287906.0,12425832.9857
2025-11-13 16:00:00,0.5536,0.5545,0.5411,0.5417,20451014.0,11210692.8123
2025-11-13 17:00:00,0.5417,0.5422,0.528,0.5292,35411057.0,18986919.8877
2025-11-13 18:00:00,0.5292,0.5308,0.5199,0.5224,27803879.0,14595048.158
2025-11-13 19:00:00,0.5224,0.5275,0.5184,0.5211,18545073.0,9690179.0143
2025-11-13 20:00:00,0.5211,0.5226,0.5139,0.5186,15857309.0,8221876.4616
2025-11-13 21:00:00,0.5186,0.5212,0.5157,0.5192,5472082.0,2835516.8952
2025-11-13 22:00:00,0.5192,0.5296,0.5178,0.5286,12894077.0,6784746.2862
2025-11-13 23:00:00,0.5286,0.5343,0.5268,0.5295,10147232.0,5390497.0516
2025-11-14 00:00:00,0.5295,0.5332,0.5239,0.5254,19017478.0,10049352.2623
2025-11-14 01:00:00,0.5254,0.5285,0.5236,0.5253,5807522.0,3057036.688
2025-11-14 02:00:00,0.5253,0.5311,0.5251,0.5287,8588550.0,4542814.0234
2025-11-14 03:00:00,0.5287,0.5291,0.5233,0.5255,7470503.0,3934055.9579
2025-11-14 04:00:00,0.5255,0.5255,0.5064,0.5167,21516741.0,11115009.9031
2025-11-14 05:00:00,0.5167,0.5234,0.5148,0.5215,9076036.0,4707867.7252
2025-11-14 06:00:00,0.5215,0.5267,0.5121,0.5262,9674671.0,5010058.4581
2025-11-14 07:00:00,0.5262,0.5278,0.5206,0.5236,9245467.0,4837019.127
2025-11-14 08:00:00,0.5236,0.5236,0.5178,0.5195,5106558.0,2655752.5382
2025-11-14 09:00:00,0.5195,0.5222,0.514,0.5146,6487727.0,3362338.7611
2025-11-14 10:00:00,0.5146,0.5207,0.5143,0.5182,6354534.0,3288663.5946
2025-11-14 11:00:00,0.5182,0.5184,0.5099,0.5128,12801459.0,6571217.8041
2025-11-14 12:00:00,0.5128,0.5129,0.4996,0.5106,20371954.0,10305945.5547
2025-11-14 13:00:00,0.5106,0.5136,0.5017,0.5067,16101621.0,8137673.413
2025-11-14 14:00:00,0.5067,0.5176,0.5023,0.5147,22154743.0,11297777.1686
2025-11-14 15:00:00,0.5147,0.5189,0.5082,0.5138,11735111.0,6017757.3992
2025-11-14 16:00:00,0.5138,0.5204,0.5113,0.5182,12262535.0,6315768.0353
2025-11-14 17:00:00,0.5182,0.5198,0.5068,0.5096,16755946.0,8577736.0417
2025-11-14 18:00:00,0.5096,0.5158,0.5076,0.5086,25595494.0,13074624.9661
2025-11-14 19:00:00,0.5086,0.5173,0.5068,0.5154,18252115.0,9356471.7451
2025-11-14 20:00:00,0.5154,0.5159,0.4986,0.5017,25834693.0,13091793.3668
2025-11-14 21:00:00,0.5017,0.5087,0.4993,0.5064,7818287.0,3949459.7346
2025-11-14 22:00:00,0.5064,0.509,0.5008,0.5031,7858919.0,3964754.1384
2025-11-14 23:00:00,0.5031,0.5031,0.4895,0.4981,21696584.0,10764419.7744
2025-11-15 00:00:00,0.4981,0.5044,0.4977,0.5042,9290522.0,4663699.4802
2025-11-15 01:00:00,0.5042,0.5101,0.5022,0.5094,9039252.0,4581218.2998
2025-11-15 02:00:00,0.5094,0.5137,0.5077,0.5134,11573741.0,5909473.9915
2025-11-15 03:00:00,0.5134,0.5143,0.5105,0.5112,10168216.0,5209214.7242
2025-11-15 04:00:00,0.5112,0.5123,0.506,0.5068,8449893.0,4295489.8314
2025-11-15 05:00:00,0.5068,0.5095,0.5064,0.5086,3468231.0,1760783.4885
2025-11-15 06:00:00,0.5086,0.515,0.5086,0.5139,22223494.0,11365480.5732
2025-11-15 07:00:00,0.5139,0.5139,0.5083,0.5096,3763472.0,1925652.0947
2025-11-15 08:00:00,0.5096,0.5102,0.4998,0.5014,26309966.0,13317767.9492
2025-11-15 09:00:00,0.5014,0.5055,0.4998,0.5014,15603766.0,7831961.6386
2025-11-15 10:00:00,0.5014,0.5051,0.5004,0.5044,5733266.0,2878278.8438
2025-11-15 11:00:00,0.5044,0.5059,0.5005,0.5017,5821755.0,2931000.7345
2025-11-15 12:00:00,0.5017,0.506,0.5005,0.5058,7952255.0,4008465.2242
2025-11-15 13:00:00,0.5058,0.5101,0.5052,0.5087,15307285.0,7773638.2589
2025-11-15 14:00:00,0.5087,0.5098,0.5059,0.5082,7899522.0,4011694.0284
2025-11-15 15:00:00,0.5082,0.5091,0.506,0.5066,5405580.0,2744118.4592
2025-11-15 16:00:00,0.5066,0.5071,0.5022,0.5068,7246355.0,3651886.9872
2025-11-15 17:00:00,0.5068,0.5111,0.5058,0.5097,7953193.0,4042587.4957
2025-11-15 18:00:00,0.5097,0.5104,0.5074,0.5089,8286515.0,4220441.7706
2025-11-15 19:00:00,0.5089,0.5095,0.5061,0.5076,6558654.0,3331491.7224
2025-11-15 20:00:00,0.5076,0.5077,0.5016,0.5025,13744810.0,6935681.1558
2025-11-15 21:00:00,0.5025,0.5062,0.4985,0.4999,9609734.0,4835830.0782
2025-11-15 22:00:00,0.4999,0.5043,0.4993,0.504,6574411.0,3302209.8949
2025-11-15 23:00:00,0.504,0.5049,0.5029,0.5033,2794418.0,1408030.3575
2025-11-16 00:00:00,0.5033,0.5041,0.4973,0.5004,8270610.0,4138769.971
2025-11-16 01:00:00,0.5004,0.5013,0.4923,0.4988,15702929.0,7807964.2347
2025-11-16 02:00:00,0.4988,0.5049,0.4972,0.5048,6363386.0,3191609.6441
2025-11-16 03:00:00,0.5048,0.506,0.5024,0.5041,3004997.0,1514897.3843
2025-11-16 04:00:00,0.5041,0.5047,0.4996,0.5019,3728970.0,1871212.8754
2025-11-16 05:00:00,0.5019,0.5057,0.5014,0.5017,7296071.0,3676234.4554
2025-11-16 06:00:00,0.5017,0.5037,0.5007,0.5009,7541242.0,3791940.6416
2025-11-16 07:00:00,0.5009,0.5051,0.5006,0.5051,4378485.0,2198766.5221
2025-11-16 08:00:00,0.5051,0.5059,0.5019,0.504,2862215.0,1440129.0008
2025-11-16 09:00:00,0.504,0.509,0.5021,0.5087,6970530.0,3519831.9543
2025-11-16 10:00:00,0.5087,0.5088,0.5062,0.5064,3472351.0,1762365.927
2025-11-16 11:00:00,0.5064,0.5067,0.4953,0.4969,11365019.0,5683661.2275
2025-11-16 12:00:00,0.4969,0.4996,0.4937,0.4977,11806209.0,5864232.4031
2025-11-16 13:00:00,0.4977,0.4982,0.4888,0.491,16758793.0,8262935.5367
2025-11-16 14:00:00,0.491,0.496,0.4902,0.4947,9564373.0,4712107.091
2025-11-16 15:00:00,0.4947,0.4952,0.4824,0.4835,23608191.0,11530019.525
2025-11-16 16:00:00,0.4835,0.4876,0.4771,0.4789,26871024.0,12937074.7064
2025-11-16 17:00:00,0.4789,0.482,0.4751,0.4808,17786714.0,8506076.6665
2025-11-16 18:00:00,0.4808,0.4902,0.4783,0.4804,20024222.0,9701798.3342
2025-11-16 19:00:00,0.4804,0.4884,0.4803,0.4812,11488686.0,5564782.2211
2025-11-16 20:00:00,0.4812,0.4865,0.4805,0.4817,6968860.0,3367553.4441
2025-11-16 21:00:00,0.4817,0.4823,0.4767,0.4795,18137981.0,8679933.3849
2025-11-16 22:00:00,0.4795,0.4858,0.4742,0.4831,17718666.0,8489461.0369
2025-11-16 23:00:00,0.4831,0.4876,0.4731,0.4844,23730589.0,11410112.3296
2025-11-17 00:00:00,0.4844,0.492,0.4787,0.4914,11219103.0,5448974.7064
2025-11-17 01:00:00,0.4914,0.4925,0.4867,0.4869,11914406.0,5832164.0905
2025-11-17 02:00:00,0.4869,0.4908,0.4856,0.4899,4829609.0,2361638.0275
2025-11-17 03:00:00,0.4899,0.4955,0.4899,0.493,5750603.0,2836061.9223
2025-11-17 04:00:00,0.493,0.4953,0.4915,0.492,6701475.0,3305334.4492
2025-11-17 05:00:00,0.492,0.4926,0.4899,0.4915,6084492.0,2990267.7986
2025-11-17 06:00:00,0.4915,0.495,0.49,0.4946,4270928.0,2103956.6341
2025-11-17 07:00:00,0.4946,0.4977,0.4937,0.4959,10915984.0,5414277.067
2025-11-17 08:00:00,0.4959,0.4971,0.4928,0.4931,12387363.0,6133402.8429
2025-11-17 09:00:00,0.4931,0.4952,0.491,0.4936,5669886.0,2797569.6537
2025-11-17 10:00:00,0.4936,0.4964,0.4933,0.4945,6648794.0,3290350.1526
2025-11-17 11:00:00,0.4945,0.4986,0.4941,0.4952,7019922.0,3482554.5579
2025-11-17 12:00:00,0.4952,0.4953,0.4923,0.4929,5190229.0,2563236.9014
2025-11-17 13:00:00,0.4929,0.4936,0.4724,0.4774,37710453.0,18225733.9603
2025-11-17 14:00:00,0.4774,0.4996,0.4734,0.4868,33021285.0,16045180.665
2025-11-17 15:00:00,0.4868,0.4899,0.4741,0.475,23021557.0,11045837.0305
2025-11-17 16:00:00,0.475,0.4838,0.4686,0.483,28998170.0,13758785.1547
2025-11-17 17:00:00,0.483,0.4836,0.4685,0.4703,19507287.0,9254845.5181
2025-11-17 18:00:00,0.4703,0.4738,0.4645,0.4665,23965601.0,11215684.2284
2025-11-17 19:00:00,0.4665,0.4686,0.4585,0.4606,14612079.0,6772399.6378
2025-11-17 20:00:00,0.4606,0.4639,0.4574,0.4619,23670160.0,10901204.0627
2025-11-17 21:00:00,0.4619,0.4646,0.4573,0.4615,9922723.0,4563231.819
2025-11-17 22:00:00,0.4615,0.4659,0.459,0.4639,11378399.0,5265411.6395
2025-11-17 23:00:00,0.4639,0.4663,0.4614,0.4659,26238693.0,12174835.5436
2025-11-18 00:00:00,0.4659,0.4668,0.4557,0.4653,22183221.0,10280729.9121
2025-11-18 01:00:00,0.4653,0.468,0.4623,0.4639,8557706.0,3981323.4523
2025-11-18 02:00:00,0.4639,0.4695,0.4566,0.4622,14569215.0,6752416.36
2025-11-18 03:00:00,0.4622,0.4702,0.4561,0.4682,13871397.0,6421087.0586
2025-11-18 04:00:00,0.4682,0.4687,0.4594,0.467,8486826.0,3943483.2091
2025-11-18 05:00:00,0.467,0.4716,0.463,0.4661,10154399.0,4743840.9289
2025-11-18 06:00:00,0.4661,0.4667,0.4594,0.4599,17407061.0,8082452.4158
2025-11-18 07:00:00,0.4599,0.4659,0.4578,0.4647,12473169.0,5766412.3941
2025-11-18 08:00:00,0.4647,0.471,0.4637,0.4691,30700499.0,14307797.2651
2025-11-18 09:00:00,0.4691,0.4705,0.4645,0.469,17806421.0,8311990.77
2025-11-18 10:00:00,0.469,0.4702,0.466,0.4698,13712702.0,6420614.3191
2025-11-18 11:00:00,0.4698,0.4702,0.4669,0.4687,4701516.0,2203609.3502
2025-11-18 12:00:00,0.4687,0.4706,0.4657,0.469,9509443.0,4450141.1995
2025-11-18 13:00:00,0.469,0.469,0.4604,0.4647,21645814.0,10031690.7509
2025-11-18 14:00:00,0.4647,0.4699,0.4614,0.4623,17682420.0,8237741.014
2025-11-18 15:00:00,0.4623,0.4774,0.4596,0.4738,36214817.0,17068842.2529
2025-11-18 16:00:00,0.4738,0.482,0.472,0.48,23731621.0,11342086.9705
2025-11-18 17:00:00,0.48,0.481,0.4739,0.4762,11941781.0,5698803.8962
2025-11-18 18:00:00,0.4762,0.4811,0.476,0.4791,16187738.0,7758359.855
2025-11-18 19:00:00,0.4791,0.481,0.4767,0.478,7439563.0,3563043.001
2025-11-18 20:00:00,0.478,0.4809,0.4773,0.4776,12443593.0,5961895.3474
2025-11-18 21:00:00,0.4776,0.4781,0.4712,0.4716,15055346.0,7139405.4485
2025-11-18 22:00:00,0.4716,0.4802,0.4716,0.4782,15003714.0,7159124.3298
2025-11-18 23:00:00,0.4782,0.4784,0.4737,0.4752,6652773.0,3163973.0943
2025-11-19 00:00:00,0.4752,0.4752,0.4681,0.4729,9792400.0,4616315.0247
2025-11-19 01:00:00,0.4729,0.4754,0.4698,0.4732,20821464.0,9822205.6035
2025-11-19 02:00:00,0.4732,0.4771,0.472,0.4746,3578910.0,1700966.5978
2025-11-19 03:00:00,0.4746,0.4749,0.4676,0.4685,9062177.0,4257079.9844
2025-11-19 04:00:00,0.4685,0.4698,0.4651,0.4654,8798648.0,4107785.9744
2025-11-19 05:00:00,0.4654,0.4659,0.4528,0.4567,19795601.0,9070483.3955
2025-11-19 06:00:00,0.4567,0.4622,0.4555,0.4619,11559979.0,5302253.0651
2025-11-19 07:00:00,0.4619,0.4688,0.4613,0.468,6065834.0,2819521.421
2025-11-19 08:00:00,0.468,0.4703,0.4655,0.4659,12975073.0,6065994.3732
2025-11-19 09:00:00,0.4659,0.4674,0.4631,0.4669,9895379.0,4600332.2658
2025-11-19 10:00:00,0.4669,0.4706,0.4658,0.4663,9885312.0,4625133.7708
2025-11-19 11:00:00,0.4663,0.468,0.465,0.4655,5248039.0,2446818.0686
2025-11-19 12:00:00,0.4655,0.4701,0.465,0.4697,9023773.0,4218689.6348
2025-11-19 13:00:00,0.4697,0.4697,0.4643,0.4646,10781825.0,5028487.1993
2025-11-19 14:00:00,0.4646,0.4666,0.4601,0.4655,15895028.0,7365449.5692
2025-11-19 15:00:00,0.4655,0.4731,0.4558,0.4562,34209467.0,15871699.7638
2025-11-19 16:00:00,0.4562,0.4597,0.4488,0.4499,29131418.0,13238709.799
2025-11-19 17:00:00,0.4499,0.4517,0.4401,0.446,24927688.0,11085856.1283
2025-11-19 18:00:00,0.446,0.4487,0.4379,0.4415,23709325.0,10462447.3516
2025-11-19 19:00:00,0.4415,0.4431,0.4384,0.4412,18777110.0,8269703.8436
2025-11-19 20:00:00,0.4412,0.4506,0.4403,0.45,19514512.0,8660730.607
2025-11-19 21:00:00,0.45,0.4605,0.4484,0.4597,17565586.0,8001160.1718
2025-11-19 22:00:00,0.4597,0.4597,0.4544,0.4574,8427412.0,3850272.728
2025-11-19 23:00:00,0.4574,0.4641,0.4572,0.4637,11084715.0,5124676.6371
2025-11-20 00:00:00,0.4637,0.466,0.4609,0.4627,16871761.0,7833432.0453
2025-11-20 01:00:00,0.4627,0.467,0.4622,0.466,11023686.0,5132158.7054
2025-11-20 02:00:00,0.466,0.4696,0.4657,0.4679,17117220.0,8003360.5035
2025-11-20 03:00:00,0.4679,0.4684,0.4659,0.4665,20520809.0,9587706.477
2025-11-20 04:00:00,0.4665,0.4694,0.4639,0.4692,18962205.0,8821332.0181
2025-11-20 05:00:00,0.4692,0.4702,0.4658,0.467,7659236.0,3583095.9522
2025-11-20 06:00:00,0.467,0.4686,0.4632,0.4655,12724126.0,5925750.7724
2025-11-20 07:00:00,0.4655,0.4707,0.4649,0.4702,8871441.0,4154890.3879
2025-11-20 08:00:00,0.4702,0.4709,0.4677,0.469,9998436.0,4690715.5883
2025-11-20 09:00:00,0.469,0.4691,0.4652,0.4664,8270904.0,3861942.8596
2025-11-20 10:00:00,0.4664,0.4673,0.4639,0.4659,12471604.0,5806806.0543
2025-11-20 11:00:00,0.4659,0.4667,0.464,0.466,7678630.0,3574493.2643
2025-11-20 12:00:00,0.466,0.4705,0.4638,0.4693,13355734.0,6242637.6322
2025-11-20 13:00:00,0.4693,0.472,0.4646,0.4651,20071572.0,9387376.464
2025-11-20 14:00:00,0.4651,0.4685,0.4584,0.465,26247186.0,12162223.0355
2025-11-20 15:00:00,0.465,0.465,0.4549,0.4555,37295841.0,17151842.2663
2025-11-20 16:00:00,0.4555,0.4563,0.4365,0.439,58967139.0,26131223.2158
2025-11-20 17:00:00,0.439,0.4407,0.4301,0.4337,44211500.0,19151335.5725
2025-11-20 18:00:00,0.4337,0.4371,0.4294,0.4312,47872946.0,20702853.9557
2025-11-20 19:00:00,0.4312,0.4363,0.4285,0.4356,20183756.0,8712266.5569
2025-11-20 20:00:00,0.4356,0.4364,0.4307,0.434,19096458.0,8274527.7765
2025-11-20 21:00:00,0.434,0.4412,0.434,0.4381,17819887.0,7814496.9139
2025-11-20 22:00:00,0.4381,0.4449,0.4371,0.4422,28725396.0,12662910.9327
2025-11-20 23:00:00,0.4422,0.4427,0.4313,0.4322,57865933.0,25354812.9505
2025-11-21 00:00:00,0.4322,0.4369,0.4312,0.436,9230158.0,4011821.1193
2025-11-21 01:00:00,0.436,0.4393,0.4345,0.4349,5501142.0,2401921.8523
2025-11-21 02:00:00,0.4349,0.4356,0.4243,0.4261,20076679.0,8654788.2289
2025-11-21 03:00:00,0.4261,0.4339,0.426,0.4299,20801694.0,8964859.328
2025-11-21 04:00:00,0.4299,0.431,0.422,0.4277,17334825.0,7398337.9129
2025-11-21 05:00:00,0.4277,0.4297,0.4213,0.424,10653663.0,4528121.7724
2025-11-21 06:00:00,0.424,0.4249,0.4188,0.4212,32180569.0,13585645.3601
2025-11-21 07:00:00,0.4212,0.4226,0.3897,0.4086,51916864.0,21146201.2984
2025-11-21 08:00:00,0.4086,0.4175,0.4079,0.4117,19126435.0,7902806.1212
2025-11-21 09:00:00,0.4117,0.4143,0.4022,0.4025,22539067.0,9169214.5081
2025-11-21 10:00:00,0.4025,0.4068,0.3998,0.4023,31011952.0,12511474.3297
2025-11-21 11:00:00,0.4023,0.4073,0.3981,0.3986,24289161.0,9775382.4237
2025-11-21 12:00:00,0.3986,0.4081,0.3875,0.4045,55595079.0,22068398.5909
2025-11-21 13:00:00,0.4045,0.409,0.4017,0.4053,26359467.0,10676086.1378
2025-11-21 14:00:00,0.4053,0.4137,0.4032,0.4108,29225878.0,11936318.716
2025-11-21 15:00:00,0.4108,0.4117,0.3993,0.4007,42171240.0,17015473.7404
2025-11-21 16:00:00,0.4007,0.4119,0.3957,0.4116,35708039.0,14345652.0771
2025-11-21 17:00:00,0.4116,0.4174,0.4105,0.413,19816971.0,8210607.5715
2025-11-21 18:00:00,0.413,0.4169,0.4041,0.413,26038985.0,10685656.8201
2025-11-21 19:00:00,0.413,0.4145,0.4079,0.4097,10866137.0,4469935.5447
2025-11-21 20:00:00,0.4097,0.41,0.4016,0.4057,13430407.0,5440410.4897
2025-11-21 21:00:00,0.4057,0.4141,0.4037,0.4121,18100067.0,7426798.3182
2025-11-21 22:00:00,0.4121,0.4133,0.3991,0.3993,18237726.0,7415194.6644
2025-11-21 23:00:00,0.3993,0.4108,0.3974,0.409,29587510.0,12023200.1996
2025-11-22 00:00:00,0.409,0.4111,0.4054,0.4085,12512185.0,5117516.4686
2025-11-22 01:00:00,0.4085,0.413,0.4079,0.4113,6407849.0,2629445.9526
2025-11-22 02:00:00,0.4113,0.4118,0.4047,0.4068,7660055.0,3123927.3362
2025-11-22 03:00:00,0.4068,0.4086,0.4055,0.407,7853125.0,3195959.0636
2025-11-22 04:00:00,0.407,0.4073,0.3983,0.4037,11979997.0,4806776.8045
2025-11-22 05:00:00,0.4037,0.4048,0.3978,0.4011,12775356.0,5117816.799
2025-11-22 06:00:00,0.4011,0.4067,0.3982,0.4053,9126203.0,3684499.5577
2025-11-22 07:00:00,0.4053,0.4064,0.4034,0.4056,7499055.0,3036487.6977
2025-11-22 08:00:00,0.4056,0.4056,0.3968,0.3979,13059040.0,5230098.334
2025-11-22 09:00:00,0.3979,0.4027,0.3958,0.3998,13784730.0,5499702.2268
2025-11-22 10:00:00,0.3998,0.402,0.3966,0.3984,11672809.0,4656367.6304
2025-11-22 11:00:00,0.3984,0.4041,0.397,0.4016,13638417.0,5473017.8062
2025-11-22 12:00:00,0.4016,0.4016,0.3955,0.3964,15781811.0,6278423.6581
2025-11-22 13:00:00,0.3964,0.3973,0.3905,0.3932,20831552.0,8198531.1852
2025-11-22 14:00:00,0.3932,0.4002,0.3931,0.3985,14323497.0,5690540.3477
2025-11-22 15:00:00,0.3985,0.4012,0.3953,0.398,15607797.0,6215601.6317
2025-11-22 16:00:00,0.398,0.4036,0.3976,0.4019,10949706.0,4391942.3635
2025-11-22 17:00:00,0.4019,0.4024,0.3995,0.4,12106619.0,4846984.4677
2025-11-22 18:00:00,0.4,0.4029,0.3993,0.4022,4202088.0,1684956.5563
2025-11-22 19:00:00,0.4022,0.4046,0.3996,0.401,7211133.0,2899139.2352
2025-11-22 20:00:00,0.401,0.4036,0.3989,0.4004,7023703.0,2820078.4311
2025-11-22 21:00:00,0.4004,0.4019,0.3999,0.4011,5034762.0,2019007.7076
2025-11-22 22:00:00,0.4011,0.4104,0.4,0.4082,11654092.0,4719728.1996
2025-11-22 23:00:00,0.4082,0.4085,0.4038,0.4042,4670347.0,1895073.4811
2025-11-23 00:00:00,0.4042,0.4057,0.4013,0.4033,3489065.0,1408312.1804
2025-11-23 01:00:00,0.4033,0.409,0.4031,0.4074,8024369.0,3268342.7774
2025-11-23 02:00:00,0.4074,0.4111,0.4063,0.4094,5508272.0,2253135.1001
2025-11-23 03:00:00,0.4094,0.4106,0.4076,0.4103,3292326.0,1346668.5397
2025-11-23 04:00:00,0.4103,0.4154,0.4101,0.413,7639576.0,3156812.317
2025-11-23 05:00:00,0.413,0.413,0.4099,0.4125,3543649.0,1456962.9114
2025-11-23 06:00:00,0.4125,0.4132,0.4096,0.4103,9459326.0,3883379.5939
2025-11-23 07:00:00,0.4103,0.4107,0.4058,0.4085,8798751.0,3591122.8897
2025-11-23 08:00:00,0.4085,0.4122,0.4083,0.4118,5746166.0,2354995.6909
2025-11-23 09:00:00,0.4118,0.413,0.4105,0.4117,6184761.0,2545099.0491
2025-11-23 10:00:00,0.4117,0.4128,0.4079,0.4089,13362314.0,5470133.1164
2025-11-23 11:00:00,0.4089,0.4097,0.4058,0.4092,9222539.0,3765007.6616
2025-11-23 12:00:00,0.4092,0.4149,0.4085,0.413,20477734.0,8442257.7044
2025-11-23 13:00:00,0.413,0.4156,0.4112,0.4155,14659927.0,6062065.759
2025-11-23 14:00:00,0.4155,0.4182,0.4107,0.4112,30371326.0,12565638.1604
2025-11-23 15:00:00,0.4112,0.4176,0.4106,0.4165,22405368.0,9296616.7009
2025-11-23 16:00:00,0.4165,0.418,0.4111,0.4114,33832667.0,14079262.8433
2025-11-23 17:00:00,0.4114,0.4119,0.4081,0.4087,15452271.0,6329948.5243
2025-11-23 18:00:00,0.4087,0.4131,0.4086,0.4101,6204650.0,2549276.7032
2025-11-23 19:00:00,0.4101,0.4145,0.4097,0.4128,7647360.0,3152029.8831
2025-11-23 20:00:00,0.4128,0.415,0.4122,0.4136,9190636.0,3801436.8553
2025-11-23 21:00:00,0.4136,0.4166,0.4111,0.4158,9436204.0,3907673.5493
2025-11-23 22:00:00,0.4158,0.4166,0.4128,0.4149,14317487.0,5932996.6583
2025-11-23 23:00:00,0.4149,0.4156,0.4076,0.4083,15212948.0,6245955.8646
2025-11-24 00:00:00,0.4083,0.4111,0.4039,0.4079,14676473.0,5978347.2256
2025-11-24 01:00:00,0.4079,0.4109,0.4053,0.4105,15437801.0,6294278.0615
2025-11-24 02:00:00,0.4105,0.4199,0.4101,0.4158,17166685.0,7140210.3568
2025-11-24 03:00:00,0.4158,0.4199,0.4143,0.4163,6572820.0,2738088.1854
2025-11-24 04:00:00,0.4163,0.418,0.4082,0.4105,15788816.0,6517773.7458
2025-11-24 05:00:00,0.4105,0.4216,0.41,0.418,16232646.0,6776773.1655
2025-11-24 06:00:00,0.418,0.4184,0.4114,0.414,14622262.0,6046695.4487
2025-11-24 07:00:00,0.414,0.4152,0.4111,0.413,13450829.0,5552428.6928
2025-11-24 08:00:00,0.413,0.4138,0.4103,0.4129,10213873.0,4207005.3117
2025-11-24 09:00:00,0.4129,0.4129,0.4051,0.4053,16841815.0,6867894.6103
2025-11-24 10:00:00,0.4053,0.4083,0.4049,0.4076,12310266.0,5003465.4604
2025-11-24 11:00:00,0.4076,0.4091,0.4057,0.4081,13252956.0,5401304.6569
2025-11-24 12:00:00,0.4081,0.4087,0.4044,0.4058,10238693.0,4165663.0788
2025-11-24 13:00:00,0.4058,0.4113,0.4053,0.4077,15941445.0,6527049.2129
2025-11-24 14:00:00,0.4077,0.4128,0.4017,0.4085,42434961.0,17292990.749
2025-11-24 15:00:00,0.4085,0.4152,0.4067,0.4126,31997122.0,13137933.1184
2025-11-24 16:00:00,0.4126,0.4178,0.4125,0.4147,24495651.0,10168110.2028
2025-11-24 17:00:00,0.4147,0.4288,0.4147,0.4281,33409265.0,14108055.0656
2025-11-24 18:00:00,0.4281,0.43,0.4258,0.4287,16798399.0,7194772.7195
2025-11-24 19:00:00,0.4287,0.4301,0.4262,0.427,17193377.0,7361656.6641
2025-11-24 20:00:00,0.427,0.4338,0.4268,0.4321,26450459.0,11414547.3964
2025-11-24 21:00:00,0.4321,0.4321,0.4271,0.4283,22887047.0,9836777.2075
2025-11-24 22:00:00,0.4283,0.4316,0.4276,0.4294,3436703.0,1475114.3788
2025-11-24 23:00:00,0.4294,0.4298,0.4271,0.4275,4444253.0,1901907.6682
2025-11-25 00:00:00,0.4275,0.4288,0.4248,0.4277,11268269.0,4812032.8288
2025-11-25 01:00:00,0.4277,0.4285,0.4241,0.4241,5691011.0,2427168.8753
2025-11-25 02:00:00,0.4241,0.4263,0.4218,0.4261,6398266.0,2712157.1706
2025-11-25 03:00:00,0.4261,0.4275,0.423,0.4242,5792987.0,2460119.0218
2025-11-25 04:00:00,0.4242,0.4273,0.4238,0.4259,4990789.0,2125375.6156
2025-11-25 05:00:00,0.4259,0.4259,0.423,0.4234,5240326.0,2223756.4405
2025-11-25 06:00:00,0.4234,0.4235,0.4202,0.4215,7902983.0,3330870.9225
2025-11-25 07:00:00,0.4215,0.4222,0.418,0.4181,10707172.0,4497442.2495
2025-11-25 08:00:00,0.4181,0.4195,0.4144,0.4148,7971653.0,3327010.2535
2025-11-25 09:00:00,0.4148,0.4166,0.4129,0.4165,13980192.0,5799143.2376
2025-11-25 10:00:00,0.4165,0.4175,0.4137,0.417,9700825.0,4032327.7135
2025-11-25 11:00:00,0.417,0.417,0.414,0.4146,7147161.0,2967853.5206
2025-11-25 12:00:00,0.4146,0.4171,0.413,0.416,11066866.0,4597429.7078
2025-11-25 13:00:00,0.416,0.4171,0.4107,0.4114,13397599.0,5542071.3521
2025-11-25 14:00:00,0.4114,0.4137,0.4046,0.4081,30397501.0,12471942.1139
2025-11-25 15:00:00,0.4081,0.4131,0.4044,0.4107,17238833.0,7049559.0253
2025-11-25 16:00:00,0.4107,0.4176,0.4105,0.4152,38911763.0,16126371.4723
2025-11-25 17:00:00,0.4152,0.4205,0.414,0.4176,21956210.0,9166978.6006
2025-11-25 18:00:00,0.4176,0.4212,0.4166,0.4167,32129199.0,13461641.8067
2025-11-25 19:00:00,0.4167,0.4176,0.4104,0.4169,22583530.0,9343270.6083
2025-11-25 20:00:00,0.4169,0.4219,0.4163,0.4198,23882731.0,10004970.472
2025-11-25 21:00:00,0.4198,0.4204,0.4177,0.4183,24319722.0,10197600.1376
2025-11-25 22:00:00,0.4183,0.4225,0.4134,0.4215,37965783.0,15847602.0597
2025-11-25 23:00:00,0.4215,0.4262,0.4201,0.4218,30384218.0,12842421.6095
2025-11-26 00:00:00,0.4218,0.4241,0.4213,0.4222,10496822.0,4435399.9837
2025-11-26 01:00:00,0.4222,0.4278,0.4207,0.4259,15019920.0,6360251.246
2025-11-26 02:00:00,0.4259,0.4285,0.4238,0.4242,9820935.0,4180847.388
2025-11-26 03:00:00,0.4242,0.4255,0.4205,0.4207,10686909.0,4517991.0043
2025-11-26 04:00:00,0.4207,0.4219,0.4185,0.4195,14506265.0,6095776.8458
2025-11-26 05:00:00,0.4195,0.4238,0.4191,0.4223,10347237.0,4364858.3854
2025-11-26 06:00:00,0.4223,0.4247,0.4199,0.4231,10866520.0,4580285.9447
2025-11-26 07:00:00,0.4231,0.425,0.4224,0.4247,10032143.0,4249113.1097
2025-11-26 08:00:00,0.4247,0.4248,0.4199,0.42,6374812.0,2692185.3273
2025-11-26 09:00:00,0.42,0.4205,0.4164,0.4174,7690079.0,3215465.144
2025-11-26 10:00:00,0.4174,0.4184,0.4152,0.4174,17768190.0,7406840.6793
2025-11-26 11:00:00,0.4174,0.4174,0.4135,0.415,20929283.0,8691224.9873
2025-11-26 12:00:00,0.415,0.4158,0.4109,0.4134,14564687.0,6013554.95
2025-11-26 13:00:00,0.4134,0.4174,0.4125,0.4164,11752148.0,4874000.0062
2025-11-26 14:00:00,0.4164,0.4179,0.4113,0.4116,17205131.0,7138810.5015
2025-11-26 15:00:00,0.4116,0.4153,0.4102,0.4127,13462311.0,5557246.6313
2025-11-26 16:00:00,0.4127,0.4205,0.4125,0.4188,30682188.0,12808242.63
2025-11-26 17:00:00,0.4188,0.4313,0.4181,0.4305,22766274.0,9675787.1734
2025-11-26 18:00:00,0.4305,0.4357,0.4294,0.4348,36390524.0,15783230.8455
2025-11-26 19:00:00,0.4348,0.4353,0.4326,0.4338,33050047.0,14336944.0112
2025-11-26 20:00:00,0.4338,0.4354,0.4311,0.4343,12326524.0,5346800.6709
2025-11-26 21:00:00,0.4343,0.4371,0.4318,0.4344,22609742.0,9815521.572
2025-11-26 22:00:00,0.4344,0.4368,0.4337,0.4351,16518766.0,7177704.0732
2025-11-26 23:00:00,0.4351,0.4363,0.4343,0.4354,8192160.0,3564562.5649
2025-11-27 00:00:00,0.4354,0.4374,0.4327,0.4356,18106201.0,7858482.4821
2025-11-27 01:00:00,0.4356,0.4383,0.4342,0.4373,8199173.0,3575579.4712
2025-11-27 02:00:00,0.4373,0.4387,0.4346,0.4346,12121478.0,5299888.3459
2025-11-27 03:00:00,0.4346,0.4363,0.4322,0.4326,16849791.0,7311434.2666
2025-11-27 04:00:00,0.4326,0.4349,0.4323,0.4333,10651890.0,4621453.6888
2025-11-27 05:00:00,0.4333,0.4352,0.43,0.4305,16499700.0,7141666.3114
2025-11-27 06:00:00,0.4305,0.4354,0.4302,0.4341,13526845.0,5859011.7832
2025-11-27 07:00:00,0.4341,0.4352,0.4322,0.4336,5544318.0,2405315.4184
2025-11-27 08:00:00,0.4336,0.4345,0.4312,0.4343,19086264.0,8244397.8083
2025-11-27 09:00:00,0.4343,0.437,0.4325,0.4328,14521436.0,6309035.9032
2025-11-27 10:00:00,0.4328,0.4338,0.4302,0.4311,9930826.0,4288283.5362
2025-11-27 11:00:00,0.4311,0.4312,0.4284,0.4301,8329594.0,3577784.2677
2025-11-27 12:00:00,0.4301,0.4303,0.4265,0.427,11548129.0,4945440.6738
2025-11-27 13:00:00,0.427,0.4291,0.426,0.4278,15751509.0,6732679.7248
2025-11-27 14:00:00,0.4278,0.43,0.427,0.4292,17077192.0,7313378.5072
2025-11-27 15:00:00,0.4292,0.4334,0.4282,0.4329,16963589.0,7309793.796
2025-11-27 16:00:00,0.4329,0.4365,0.431,0.4338,11366655.0,4927775.5128
2025-11-27 17:00:00,0.4338,0.4338,0.4302,0.4319,7485817.0,3231089.7809
2025-11-27 18:00:00,0.4319,0.4374,0.4312,0.4365,7363065.0,3195225.2322
2025-11-27 19:00:00,0.4365,0.4366,0.434,0.4358,7058792.0,3072278.562
2025-11-27 20:00:00,0.4358,0.4375,0.4353,0.4366,12116002.0,5290259.4429
2025-11-27 21:00:00,0.4366,0.4389,0.435,0.4355,9361692.0,4092967.1571
2025-11-27 22:00:00,0.4355,0.4362,0.4312,0.4325,9826855.0,4267377.845
2025-11-27 23:00:00,0.4325,0.4346,0.4316,0.4328,8333165.0,3609138.4647
2025-11-28 00:00:00,0.4328,0.4332,0.43,0.4303,6887228.0,2970158.3169
2025-11-28 01:00:00,0.4303,0.4303,0.4222,0.4228,17267960.0,7347403.4265
2025-11-28 02:00:00,0.4228,0.4255,0.4214,0.4245,6392117.0,2704292.299
2025-11-28 03:00:00,0.4245,0.4264,0.4232,0.4259,5726115.0,2431573.8812
2025-11-28 04:00:00,0.4259,0.4267,0.4245,0.4246,5917209.0,2517956.2933
2025-11-28 05:00:00,0.4246,0.4277,0.4232,0.4264,11057369.0,4710699.7379
2025-11-28 06:00:00,0.4264,0.4264,0.4222,0.4243,9771906.0,4142980.1768
2025-11-28 07:00:00,0.4243,0.4278,0.4237,0.4241,11215817.0,4771007.7179
2025-11-28 08:00:00,0.4241,0.4365,0.4239,0.4357,15343275.0,6608506.0878
2025-11-28 09:00:00,0.4357,0.4369,0.4317,0.4325,14801940.0,6420658.2367
2025-11-28 10:00:00,0.4325,0.4329,0.4308,0.4319,7072181.0,3053046.6876
2025-11-28 11:00:00,0.4319,0.432,0.4239,0.4257,15407309.0,6573657.2402
2025-11-28 12:00:00,0.4257,0.4266,0.4236,0.4242,9575745.0,4070921.3274
2025-11-28 13:00:00,0.4242,0.4319,0.4226,0.4298,15443034.0,6593705.9963
2025-11-28 14:00:00,0.4298,0.4337,0.4269,0.4284,22959265.0,9873835.5083
2025-11-28 15:00:00,0.4284,0.4346,0.4264,0.4322,22886669.0,9850729.4132
2025-11-28 16:00:00,0.4322,0.4326,0.4229,0.4232,23035784.0,9834632.4245
2025-11-28 17:00:00,0.4232,0.4234,0.4175,0.4182,19813032.0,8330065.7571
2025-11-28 18:00:00,0.4182,0.4196,0.4144,0.4185,23372495.0,9758496.3105
2025-11-28 19:00:00,0.4185,0.4221,0.4184,0.4211,11716743.0,4929149.4936
2025-11-28 20:00:00,0.4211,0.4216,0.4179,0.4211,19967932.0,8384821.8318
2025-11-28 21:00:00,0.4211,0.4216,0.4185,0.4186,14420567.0,6057500.4105
2025-11-28 22:00:00,0.4186,0.4214,0.417,0.4211,10247388.0,4288940.7079
2025-11-28 23:00:00,0.4211,0.4226,0.4189,0.4196,5927283.0,2491650.395
2025-11-29 00:00:00,0.4196,0.4207,0.4185,0.4195,4621534.0,1938631.0144
2025-11-29 01:00:00,0.4195,0.4217,0.4181,0.4195,6844604.0,2871445.8075
2025-11-29 02:00:00,0.4195,0.4199,0.4166,0.4176,4685712.0,1957925.0306
2025-11-29 03:00:00,0.4176,0.4184,0.4158,0.4159,7041270.0,2937631.1764
2025-11-29 04:00:00,0.4159,0.4185,0.4145,0.4178,7960203.0,3308787.8223
2025-11-29 05:00:00,0.4178,0.4181,0.416,0.4161,11780364.0,4914889.7926
2025-11-29 06:00:00,0.4161,0.418,0.4132,0.4155,6515306.0,2707924.3427
2025-11-29 07:00:00,0.4155,0.4171,0.4147,0.4151,3161799.0,1314525.731
2025-11-29 08:00:00,0.4151,0.4164,0.4141,0.4148,6063790.0,2518101.5891
2025-11-29 09:00:00,0.4148,0.4158,0.4138,0.4148,4636731.0,1922499.0489
2025-11-29 10:00:00,0.4148,0.4173,0.4135,0.4163,6332047.0,2631770.1363
2025-11-29 11:00:00,0.4163,0.4189,0.4159,0.4182,8535348.0,3562310.9651
2025-11-29 12:00:00,0.4182,0.4193,0.4168,0.4172,15313607.0,6396923.6471
2025-11-29 13:00:00,0.4172,0.4185,0.4166,0.4168,4552011.0,1899647.4508
2025-11-29 14:00:00,0.4168,0.4184,0.4151,0.4156,8874648.0,3696960.3037
2025-11-29 15:00:00,0.4156,0.4208,0.4155,0.42,17698139.0,7412707.7873
2025-11-29 16:00:00,0.42,0.4213,0.4174,0.419,6369691.0,2670946.4855
2025-11-29 17:00:00,0.419,0.4194,0.4137,0.4142,8582044.0,3571630.9016
2025-11-29 18:00:00,0.4142,0.4162,0.4113,0.4151,15788164.0,6530327.3986
2025-11-29 19:00:00,0.4151,0.4169,0.4135,0.4147,20361391.0,8452134.5411
2025-11-29 20:00:00,0.4147,0.4175,0.4131,0.4172,13635774.0,5654615.8379
2025-11-29 21:00:00,0.4172,0.4182,0.415,0.4166,10519285.0,4381537.5603
2025-11-29 22:00:00,0.4166,0.4166,0.4141,0.4152,5994270.0,2488832.0191
2025-11-29 23:00:00,0.4152,0.4164,0.4133,0.4144,8034526.0,3331981.1686
2025-11-30 00:00:00,0.4144,0.4165,0.4139,0.4142,4378055.0,1817635.1417
2025-11-30 01:00:00,0.4142,0.4167,0.4136,0.4156,3675579.0,1527094.0044
2025-11-30 02:00:00,0.4156,0.4174,0.4139,0.4142,4840969.0,2013301.3114
2025-11-30 03:00:00,0.4142,0.4198,0.4131,0.4198,8151724.0,3399694.501
2025-11-30 04:00:00,0.4198,0.4201,0.4162,0.4175,5851575.0,2444908.4348
2025-11-30 05:00:00,0.4175,0.4181,0.4146,0.4164,4493791.0,1871283.8918
2025-11-30 06:00:00,0.4164,0.4186,0.4152,0.4165,3656945.0,1525634.4215
2025-11-30 07:00:00,0.4165,0.4195,0.4161,0.4182,3654983.0,1527148.9322
2025-11-30 08:00:00,0.4182,0.4214,0.4164,0.4181,12511125.0,5239054.4091
2025-11-30 09:00:00,0.4181,0.4206,0.4178,0.42,7349466.0,3080807.2126
2025-11-30 10:00:00,0.42,0.421,0.4182,0.4192,9864529.0,4140072.0926
2025-11-30 11:00:00,0.4192,0.4201,0.4168,0.4173,7270261.0,3039270.2704
2025-11-30 12:00:00,0.4173,0.4231,0.4168,0.4218,10157021.0,4265913.573
2025-11-30 13:00:00,0.4218,0.4258,0.4209,0.4257,30492700.0,12938065.0613
2025-11-30 14:00:00,0.4257,0.4261,0.4225,0.4244,10730148.0,4549120.9645
2025-11-30 15:00:00,0.4244,0.4244,0.4205,0.4228,16106711.0,6794804.4321
2025-11-30 16:00:00,0.4228,0.4273,0.4225,0.4253,14263474.0,6066688.2233
2025-11-30 17:00:00,0.4253,0.4264,0.4225,0.4247,9695244.0,4114194.7785
2025-11-30 18:00:00,0.4247,0.4255,0.4233,0.4251,5646560.0,2396347.5504
2025-11-30 19:00:00,0.4251,0.4261,0.4236,0.4249,5638775.0,2395121.97
2025-11-30 20:00:00,0.4249,0.4266,0.4222,0.4243,9701264.0,4113661.3294
2025-11-30 21:00:00,0.4243,0.4246,0.4212,0.4233,7056898.0,2983831.1869
2025-11-30 22:00:00,0.4233,0.426,0.4219,0.4242,15132079.0,6412560.5083
2025-11-30 23:00:00,0.4242,0.4243,0.4139,0.414,39644687.0,16604203.1857
2025-12-01 00:00:00,0.414,0.4154,0.3874,0.3877,58199978.0,23378510.717
2025-12-01 01:00:00,0.3877,0.3956,0.3873,0.3897,11635887.0,4557502.8846
2025-12-01 02:00:00,0.3897,0.3923,0.3886,0.3896,10151416.0,3962818.3889
2025-12-01 03:00:00,0.3896,0.39,0.3837,0.386,16434060.0,6352263.0668
2025-12-01 04:00:00,0.386,0.3869,0.383,0.384,15208696.0,5853198.6597
2025-12-01 05:00:00,0.384,0.3855,0.3824,0.3843,8646594.0,3322976.68
2025-12-01 06:00:00,0.3843,0.3858,0.3812,0.3834,5292098.0,2030091.3323
2025-12-01 07:00:00,0.3834,0.3888,0.3809,0.3883,8379046.0,3217503.286
2025-12-01 08:00:00,0.3883,0.3884,0.3865,0.3874,9473249.0,3671165.5488
2025-12-01 09:00:00,0.3874,0.3883,0.3848,0.3849,10607763.0,4092694.6371
2025-12-01 10:00:00,0.3849,0.3867,0.3849,0.3857,3352458.0,1293549.1521
2025-12-01 11:00:00,0.3857,0.386,0.3819,0.3824,17564483.0,6741478.3087
2025-12-01 12:00:00,0.3824,0.3829,0.3736,0.3792,36229181.0,13695081.435
2025-12-01 13:00:00,0.3792,0.3824,0.3769,0.3776,20170734.0,7641241.9973
2025-12-01 14:00:00,0.3776,0.3842,0.3776,0.3802,19300083.0,7348230.8014
2025-12-01 15:00:00,0.3802,0.3807,0.3707,0.3759,35455964.0,13320596.7573
2025-12-01 16:00:00,0.3759,0.3761,0.3713,0.3717,14857684.0,5550732.0996
2025-12-01 17:00:00,0.3717,0.3762,0.3717,0.3743,13347082.0,4995756.0161
2025-12-01 18:00:00,0.3743,0.3788,0.3743,0.378,14916542.0,5610167.0025
2025-12-01 19:00:00,0.378,0.3783,0.3744,0.3761,10737973.0,4036230.1187
2025-12-01 20:00:00,0.3761,0.3803,0.3761,0.3772,12247145.0,4628802.6211
2025-12-01 21:00:00,0.3772,0.3823,0.3772,0.3816,9965010.0,3790033.7269
2025-12-01 22:00:00,0.3816,0.3851,0.381,0.3834,12508375.0,4789170.1523
2025-12-01 23:00:00,0.3834,0.3874,0.3834,0.3854,12683199.0,4890309.1724
2025-12-02 00:00:00,0.3854,0.3874,0.3846,0.3867,7825510.0,3019720.5599
2025-12-02 01:00:00,0.3867,0.3913,0.3858,0.3862,27848333.0,10799271.1961
2025-12-02 02:00:00,0.3862,0.3904,0.385,0.3881,15027927.0,5840223.351
2025-12-02 03:00:00,0.3881,0.3918,0.3856,0.391,13824756.0,5372613.5681
2025-12-02 04:00:00,0.391,0.3934,0.3903,0.3911,14192727.0,5561076.9732
2025-12-02 05:00:00,0.3911,0.3919,0.3896,0.3907,6315600.0,2466125.1453
2025-12-02 06:00:00,0.3907,0.3919,0.3889,0.3912,6845854.0,2671779.2194
2025-12-02 07:00:00,0.3912,0.3914,0.3884,0.3892,10238918.0,3987650.9664
2025-12-02 08:00:00,0.3892,0.3893,0.3851,0.3858,10296582.0,3986915.4899
2025-12-02 09:00:00,0.3858,0.3892,0.3857,0.387,5461857.0,2116013.5175
2025-12-02 10:00:00,0.387,0.3936,0.3868,0.3918,16238741.0,6336743.0386
2025-12-02 11:00:00,0.3918,0.3946,0.3904,0.3935,19969282.0,7843761.4595
2025-12-02 12:00:00,0.3935,0.3954,0.3929,0.3949,13147903.0,5182516.3989
2025-12-02 13:00:00,0.3949,0.3989,0.3935,0.3981,21267071.0,8435277.4673
2025-12-02 14:00:00,0.3981,0.4073,0.3971,0.4072,35905825.0,14421713.1684
2025-12-02 15:00:00,0.4072,0.4309,0.4072,0.4281,86807112.0,36274714.4691
2025-12-02 16:00:00,0.4281,0.4325,0.4259,0.4294,33149291.0,14233537.5792
2025-12-02 17:00:00,0.4294,0.434,0.4278,0.4287,19528554.0,8415018.8718
2025-12-02 18:00:00,0.4287,0.4325,0.4282,0.4305,15028192.0,6462581.5906
2025-12-02 19:00:00,0.4305,0.4378,0.4297,0.4346,21222465.0,9211201.558
2025-12-02 20:00:00,0.4346,0.4372,0.4321,0.4359,19263344.0,8377052.2273
2025-12-02 21:00:00,0.4359,0.4376,0.4347,0.4368,11038311.0,4817764.306
2025-12-02 22:00:00,0.4368,0.4389,0.4346,0.4362,14699844.0,6417583.6118
2025-12-02 23:00:00,0.4362,0.4384,0.4331,0.4333,12482556.0,5438653.9247
2025-12-03 00:00:00,0.4333,0.4348,0.4297,0.4345,15606312.0,6742060.238
2025-12-03 01:00:00,0.4345,0.4367,0.4326,0.4355,10713084.0,4654109.3174
2025-12-03 02:00:00,0.4355,0.4386,0.4348,0.4377,13619198.0,5952257.6185
2025-12-03 03:00:00,0.4377,0.4386,0.4354,0.4378,7701273.0,3367221.4216
2025-12-03 04:00:00,0.4378,0.4412,0.4354,0.4401,10423681.0,4565769.4688
2025-12-03 05:00:00,0.4401,0.4443,0.4395,0.4399,14167612.0,6269202.9248
2025-12-03 06:00:00,0.4399,0.4468,0.4399,0.4447,9226816.0,4098039.3256
2025-12-03 07:00:00,0.4447,0.4464,0.442,0.4426,7167664.0,3184086.3197
2025-12-03 08:00:00,0.4426,0.4467,0.4412,0.4445,11323866.0,5026270.4776
2025-12-03 09:00:00,0.4445,0.4449,0.4396,0.4414,8439571.0,3726194.659
2025-12-03 10:00:00,0.4414,0.4418,0.4367,0.4371,12833551.0,5636242.8497
2025-12-03 11:00:00,0.4371,0.4378,0.4353,0.4368,9288394.0,4055689.4034
2025-12-03 12:00:00,0.4368,0.4373,0.4336,0.4347,11812250.0,5139086.6298
2025-12-03 13:00:00,0.4347,0.4369,0.434,0.4356,4853855.0,2115196.6091
2025-12-03 14:00:00,0.4356,0.4411,0.4262,0.4313,43566618.0,18861692.725
2025-12-03 15:00:00,0.4313,0.4359,0.4309,0.4339,13202140.0,5729933.1388
2025-12-03 16:00:00,0.4339,0.4395,0.4314,0.4368,15386604.0,6706178.1264
2025-12-03 17:00:00,0.4368,0.4438,0.4367,0.4423,16510914.0,7259636.5233
2025-12-03 18:00:00,0.4423,0.4434,0.4397,0.4414,8758239.0,3868743.3805
2025-12-03 19:00:00,0.4414,0.445,0.4405,0.4447,7820437.0,3464186.4863
2025-12-03 20:00:00,0.4447,0.4492,0.4434,0.4467,19578653.0,8720030.4048
2025-12-03 21:00:00,0.4467,0.454,0.4464,0.4532,14767109.0,6639363.068
2025-12-03 22:00:00,0.4532,0.4535,0.4484,0.4497,18875237.0,8494283.2791
2025-12-03 23:00:00,0.4497,0.4526,0.4494,0.4497,12440179.0,5613232.9835
2025-12-04 00:00:00,0.4497,0.4526,0.4467,0.45,16072853.0,7231383.4665
2025-12-04 01:00:00,0.45,0.4557,0.448,0.4483,17799007.0,8037359.8725
2025-12-04 02:00:00,0.4483,0.4527,0.4479,0.4501,10272993.0,4630348.9186
2025-12-04 03:00:00,0.4501,0.4509,0.4474,0.4491,8627201.0,3875438.3249
2025-12-04 04:00:00,0.4491,0.4511,0.4453,0.4472,9050189.0,4055411.8912
2025-12-04 05:00:00,0.4472,0.4482,0.445,0.4473,5811642.0,2595830.8463
2025-12-04 06:00:00,0.4473,0.4537,0.4473,0.4512,7580370.0,3417906.548
2025-12-04 07:00:00,0.4512,0.4522,0.4487,0.4514,4601823.0,2074214.4584
2025-12-04 08:00:00,0.4514,0.4524,0.4474,0.448,10490293.0,4707484.7648
2025-12-04 09:00:00,0.448,0.4507,0.4479,0.4485,9152267.0,4113004.9883
2025-12-04 10:00:00,0.4485,0.449,0.4451,0.4453,25188512.0,11236142.5129
2025-12-04 11:00:00,0.4453,0.4473,0.444,0.4462,7750551.0,3451382.0527
2025-12-04 12:00:00,0.4462,0.4479,0.4441,0.4469,12473515.0,5566484.0106
2025-12-04 13:00:00,0.4469,0.4483,0.4436,0.4437,11341010.0,5058827.7201
2025-12-04 14:00:00,0.4437,0.4467,0.4396,0.4408,18243972.0,8094123.5269
2025-12-04 15:00:00,0.4408,0.454,0.4408,0.4504,19659753.0,8769665.3082
2025-12-04 16:00:00,0.4504,0.4518,0.4458,0.4466,17652345.0,7915174.2916
2025-12-04 17:00:00,0.4466,0.447,0.442,0.4447,15440368.0,6865590.4149
2025-12-04 18:00:00,0.4447,0.4467,0.4414,0.4426,7927794.0,3521697.0296
2025-12-04 19:00:00,0.4426,0.443,0.4343,0.4413,25611201.0,11231909.9005
2025-12-04 20:00:00,0.4413,0.4436,0.4388,0.4424,11688036.0,5155362.0943
2025-12-04 21:00:00,0.4424,0.4433,0.4373,0.438,17098186.0,7527434.638
2025-12-04 22:00:00,0.438,0.4415,0.438,0.4407,11721151.0,5156105.0782
2025-12-04 23:00:00,0.4407,0.4408,0.4383,0.439,6229757.0,2737760.5491
2025-12-05 00:00:00,0.439,0.4424,0.4389,0.4408,4713387.0,2076776.0042
2025-12-05 01:00:00,0.4408,0.4422,0.4391,0.4395,5746449.0,2531018.7102
2025-12-05 02:00:00,0.4395,0.4424,0.4378,0.4403,5318687.0,2341005.3946
2025-12-05 03:00:00,0.4403,0.4426,0.4383,0.4393,5850926.0,2573732.0531
2025-12-05 04:00:00,0.4393,0.4421,0.4377,0.4387,9278020.0,4081305.7537
2025-12-05 05:00:00,0.4387,0.4394,0.4358,0.4366,6780957.0,2965087.8567
2025-12-05 06:00:00,0.4366,0.4403,0.4365,0.4391,8521215.0,3738464.8248
2025-12-05 07:00:00,0.4391,0.4421,0.4386,0.4413,6807915.0,3001445.2962
2025-12-05 08:00:00,0.4413,0.4414,0.4357,0.4375,13179859.0,5774139.2477
2025-12-05 09:00:00,0.4375,0.4375,0.4295,0.4305,24555033.0,10617254.5473
2025-12-05 10:00:00,0.4305,0.4335,0.4297,0.4315,10474738.0,4521864.0289
2025-12-05 11:00:00,0.4315,0.4318,0.4277,0.4302,11572446.0,4974040.9632
2025-12-05 12:00:00,0.4302,0.4312,0.4294,0.4305,11396812.0,4904329.6178
2025-12-05 13:00:00,0.4305,0.4316,0.4254,0.4259,18809894.0,8052675.8782
2025-12-05 14:00:00,0.4259,0.4278,0.4228,0.4247,19031805.0,8089281.6332
2025-12-05 15:00:00,0.4247,0.4324,0.4244,0.4258,40304618.0,17253955.7268
2025-12-05 16:00:00,0.4258,0.426,0.4091,0.4135,46388172.0,19337584.6247
2025-12-05 17:00:00,0.4135,0.4161,0.4109,0.4146,11727303.0,4848967.2829
2025-12-05 18:00:00,0.4146,0.4178,0.4105,0.4106,13009633.0,5381380.0429
2025-12-05 19:00:00,0.4106,0.4175,0.4089,0.4158,12372221.0,5120821.8195
2025-12-05 20:00:00,0.4158,0.4166,0.4131,0.4138,8104487.0,3360849.3611
2025-12-05 21:00:00,0.4138,0.4166,0.413,0.4139,8689583.0,3600157.3861
2025-12-05 22:00:00,0.4139,0.4167,0.4126,0.4159,5862622.0,2432136.5646
2025-12-05 23:00:00,0.4159,0.4163,0.4134,0.4154,3626629.0,1505512.0819
2025-12-06 00:00:00,0.4154,0.4155,0.4118,0.4153,12071919.0,4995347.268
2025-12-06 01:00:00,0.4153,0.4169,0.4147,0.4161,3056140.0,1270519.7093
2025-12-06 02:00:00,0.4161,0.4161,0.4137,0.4145,2449611.0,1015353.2962
2025-12-06 03:00:00,0.4145,0.4174,0.4143,0.4162,3068171.0,1275866.2591
2025-12-06 04:00:00,0.4162,0.4167,0.4135,0.4143,4403971.0,1825255.4198
2025-12-06 05:00:00,0.4143,0.4148,0.4134,0.4139,3136993.0,1299306.9727
2025-12-06 06:00:00,0.4139,0.4147,0.412,0.4124,3884744.0,1605869.4526
2025-12-06 07:00:00,0.4124,0.413,0.4102,0.4114,7733194.0,3183672.4365
2025-12-06 08:00:00,0.4114,0.4121,0.4095,0.4099,8903449.0,3653828.5703
2025-12-06 09:00:00,0.4099,0.4132,0.4098,0.4125,6639147.0,2734903.8417
2025-12-06 10:00:00,0.4125,0.4125,0.4107,0.4114,4307241.0,1772504.2648
2025-12-06 11:00:00,0.4114,0.4149,0.4111,0.4145,7455473.0,3081044.4007
2025-12-06 12:00:00,0.4145,0.4157,0.4126,0.4141,6015439.0,2489562.5819
2025-12-06 13:00:00,0.4141,0.4144,0.4119,0.4121,12535998.0,5179811.2373
2025-12-06 14:00:00,0.4121,0.4166,0.4112,0.4153,33126012.0,13698133.8939
2025-12-06 15:00:00,0.4153,0.4162,0.4131,0.4146,12039680.0,4993567.3543
2025-12-06 16:00:00,0.4146,0.4186,0.4142,0.4165,9053439.0,3771349.2711
2025-12-06 17:00:00,0.4165,0.4191,0.4153,0.4189,7020558.0,2926434.4091
2025-12-06 18:00:00,0.4189,0.4211,0.417,0.4175,11002945.0,4610029.7598
2025-12-06 19:00:00,0.4175,0.4178,0.4119,0.4128,11687752.0,4838807.469
2025-12-06 20:00:00,0.4128,0.4147,0.4128,0.4144,4526009.0,1873266.0993
2025-12-06 21:00:00,0.4144,0.4168,0.4134,0.4141,14438386.0,5987258.7114
2025-12-06 22:00:00,0.4141,0.4153,0.4124,0.4135,11503562.0,4759449.8455
2025-12-06 23:00:00,0.4135,0.4139,0.4108,0.4135,11891206.0,4900014.5239
2025-12-07 00:00:00,0.4135,0.4166,0.4132,0.4156,7864547.0,3265738.5007
2025-12-07 01:00:00,0.4156,0.4162,0.4143,0.4143,12172479.0,5054501.8457
2025-12-07 02:00:00,0.4143,0.4184,0.4143,0.4178,6922612.0,2884023.0216
2025-12-07 03:00:00,0.4178,0.4194,0.4168,0.4191,4554243.0,1904591.0047
2025-12-07 04:00:00,0.4191,0.4198,0.4168,0.4172,4798503.0,2007396.5822
2025-12-07 05:00:00,0.4172,0.4177,0.4143,0.4156,4480342.0,1861546.5247
2025-12-07 06:00:00,0.4156,0.42,0.4152,0.4194,6648904.0,2781058.8318
2025-12-07 07:00:00,0.4194,0.4206,0.4167,0.4172,13076444.0,5472616.8104
2025-12-07 08:00:00,0.4172,0.4195,0.4159,0.4178,8208193.0,3428572.2216
2025-12-07 09:00:00,0.4178,0.4189,0.4143,0.415,6996495.0,2910718.0668
2025-12-07 10:00:00,0.415,0.4165,0.4144,0.4154,5189441.0,2156500.8601
2025-12-07 11:00:00,0.4154,0.4158,0.414,0.4146,4136275.0,1716435.9436
2025-12-07 12:00:00,0.4146,0.4186,0.4144,0.4179,8471838.0,3527635.9123
2025-12-07 13:00:00,0.4179,0.4191,0.4135,0.416,13300982.0,5540834.6459
2025-12-07 14:00:00,0.416,0.4165,0.4055,0.4072,41035756.0,16805515.3156
2025-12-07 15:00:00,0.4072,0.42,0.4066,0.4198,27008154.0,11136840.5027
2025-12-07 16:00:00,0.4198,0.4253,0.4179,0.4253,17205369.0,7245825.2735
2025-12-07 17:00:00,0.4253,0.4317,0.4219,0.4299,20804018.0,8878099.2291
2025-12-07 18:00:00,0.4299,0.4349,0.4299,0.4321,9880720.0,4277695.6556
2025-12-07 19:00:00,0.4321,0.4331,0.4298,0.4315,7367039.0,3174360.3839
2025-12-07 20:00:00,0.4315,0.4328,0.4306,0.4313,7480385.0,3228244.0755
2025-12-07 21:00:00,0.4313,0.4313,0.4185,0.4207,19211275.0,8168507.9417
2025-12-07 22:00:00,0.4207,0.4207,0.4107,0.4144,33206794.0,13796337.0401
2025-12-07 23:00:00,0.4144,0.4175,0.4131,0.417,17243332.0,7166956.4134
2025-12-08 00:00:00,0.417,0.4185,0.4141,0.4156,13407641.0,5575172.5848
2025-12-08 01:00:00,0.4156,0.4267,0.4154,0.4206,16126503.0,6805004.0008
2025-12-08 02:00:00,0.4206,0.4247,0.42,0.4242,6261471.0,2644126.815
2025-12-08 03:00:00,0.4242,0.4257,0.422,0.4225,12370971.0,5240295.0563
2025-12-08 04:00:00,0.4225,0.4274,0.4223,0.4259,9775464.0,4151678.4747
2025-12-08 05:00:00,0.4259,0.4265,0.4235,0.4257,4763116.0,2024405.7424
2025-12-08 06:00:00,0.4257,0.4289,0.4247,0.4276,6435740.0,2750129.5226
2025-12-08 07:00:00,0.4276,0.43,0.4263,0.4288,10053915.0,4307188.5493
2025-12-08 08:00:00,0.4288,0.4329,0.428,0.4315,12190429.0,5253602.325
2025-12-08 09:00:00,0.4315,0.439,0.4314,0.4344,13133092.0,5714982.7078
2025-12-08 10:00:00,0.4344,0.4355,0.4326,0.4337,10083568.0,4377899.1024
2025-12-08 11:00:00,0.4337,0.4339,0.4296,0.4314,11719352.0,5055721.5103
2025-12-08 12:00:00,0.4314,0.4333,0.4298,0.433,11903492.0,5129421.704
2025-12-08 13:00:00,0.433,0.4357,0.4322,0.434,18003660.0,7809215.157
2025-12-08 14:00:00,0.434,0.4399,0.4318,0.4348,25283962.0,11025565.8257
2025-12-08 15:00:00,0.4348,0.438,0.4299,0.435,30856475.0,13385874.6469
2025-12-08 16:00:00,0.435,0.4396,0.4328,0.4355,26315376.0,11486094.3767
2025-12-08 17:00:00,0.4355,0.4412,0.4341,0.4376,18710332.0,8182400.0823
2025-12-08 18:00:00,0.4376,0.4383,0.4299,0.4321,19752801.0,8577459.0892
2025-12-08 19:00:00,0.4321,0.4355,0.4313,0.434,16991679.0,7359192.8476
2025-12-08 20:00:00,0.434,0.4372,0.4335,0.4352,13157209.0,5724802.2012
2025-12-08 21:00:00,0.4352,0.4368,0.4335,0.4362,11622152.0,5058405.2856
2025-12-08 22:00:00,0.4362,0.4368,0.4327,0.4334,9136548.0,3975464.9035
2025-12-08 23:00:00,0.4334,0.4342,0.4292,0.4324,10728558.0,4627829.5778
2025-12-09 00:00:00,0.4324,0.4345,0.4303,0.4321,6383272.0,2759895.6135
2025-12-09 01:00:00,0.4321,0.4321,0.4274,0.4282,7147106.0,3068023.9257
2025-12-09 02:00:00,0.4282,0.4312,0.4279,0.4293,6712759.0,2886002.2402
2025-12-09 03:00:00,0.4293,0.4326,0.4266,0.4317,7658897.0,3290694.5426
2025-12-09 04:00:00,0.4317,0.4324,0.4252,0.4259,8843182.0,3788751.3636
2025-12-09 05:00:00,0.4259,0.429,0.4239,0.4267,12470032.0,5317612.7367
2025-12-09 06:00:00,0.4267,0.4289,0.4247,0.4262,6135681.0,2616079.4981
2025-12-09 07:00:00,0.4262,0.4286,0.4251,0.4274,7380742.0,3152816.0488
2025-12-09 08:00:00,0.4274,0.4286,0.4255,0.4264,10606578.0,4528396.5457
2025-12-09 09:00:00,0.4264,0.4264,0.4237,0.4249,11721198.0,4983566.8493
2025-12-09 10:00:00,0.4249,0.4283,0.4242,0.4279,10148356.0,4327632.2632
2025-12-09 11:00:00,0.4279,0.4437,0.4273,0.4377,19003529.0,8243303.6242
2025-12-09 12:00:00,0.4377,0.4478,0.4365,0.4475,21053574.0,9320347.9237
2025-12-09 13:00:00,0.4475,0.455,0.4467,0.4501,27652265.0,12459329.8146
2025-12-09 14:00:00,0.4501,0.4535,0.4482,0.4514,27891985.0,12587101.0428
2025-12-09 15:00:00,0.4514,0.4694,0.451,0.4668,49024983.0,22681931.9143
2025-12-09 16:00:00,0.4668,0.479,0.4666,0.4752,27782549.0,13181955.8252
2025-12-09 17:00:00,0.4752,0.4801,0.475,0.478,24266526.0,11599077.1056
2025-12-09 18:00:00,0.478,0.4837,0.4772,0.4793,24446372.0,11752610.786
2025-12-09 19:00:00,0.4793,0.4794,0.4753,0.4765,15687256.0,7480322.2305
2025-12-09 20:00:00,0.4765,0.4815,0.4704,0.4734,20764631.0,9853010.3157
2025-12-09 21:00:00,0.4734,0.4781,0.4646,0.4701,22111358.0,10425995.3202
2025-12-09 22:00:00,0.4701,0.475,0.4685,0.4697,9591502.0,4520324.1288
2025-12-09 23:00:00,0.4697,0.4706,0.4674,0.4695,5512737.0,2584504.8448
2025-12-10 00:00:00,0.4695,0.4717,0.4637,0.4639,6925950.0,3235810.3781
2025-12-10 01:00:00,0.4639,0.4663,0.4626,0.4644,4811381.0,2233091.4075
2025-12-10 02:00:00,0.4644,0.4653,0.4619,0.4628,6253074.0,2896486.8346
2025-12-10 03:00:00,0.4628,0.4648,0.4617,0.4622,4053627.0,1877845.9306
2025-12-10 04:00:00,0.4622,0.4653,0.4611,0.4641,5211861.0,2413738.3213
2025-12-10 05:00:00,0.4641,0.4652,0.4625,0.4636,5666220.0,2628108.1528
2025-12-10 06:00:00,0.4636,0.464,0.4619,0.4631,7471219.0,3459843.1239
2025-12-10 07:00:00,0.4631,0.4631,0.4579,0.4611,7588412.0,3494216.36
2025-12-10 08:00:00,0.4611,0.4626,0.4593,0.4618,19046025.0,8788558.5189
2025-12-10 09:00:00,0.4618,0.4743,0.4608,0.473,32858410.0,15387795.4368
2025-12-10 10:00:00,0.473,0.4757,0.4614,0.4631,34878161.0,16263970.8264
2025-12-10 11:00:00,0.4631,0.4657,0.4604,0.4654,11781266.0,5459684.2143
2025-12-10 12:00:00,0.4654,0.4661,0.4613,0.4635,10701572.0,4961309.0347
2025-12-10 13:00:00,0.4635,0.466,0.4627,0.4634,13187230.0,6121304.7344
2025-12-10 14:00:00,0.4634,0.4639,0.461,0.4631,12324265.0,5697778.0754
2025-12-10 15:00:00,0.4631,0.4659,0.4606,0.4615,17030648.0,7885558.2781
2025-12-10 16:00:00,0.4615,0.4649,0.4598,0.462,19945830.0,9232968.0175
2025-12-10 17:00:00,0.462,0.4654,0.4615,0.4623,10175529.0,4710959.3535
2025-12-10 18:00:00,0.4623,0.4684,0.4611,0.4635,15058128.0,6992322.9511
2025-12-10 19:00:00,0.4635,0.4704,0.4572,0.4643,31179909.0,14471447.3799
2025-12-10 20:00:00,0.4643,0.4745,0.4594,0.4612,25188202.0,11741817.6803
2025-12-10 21:00:00,0.4612,0.4635,0.4557,0.4566,17381285.0,7993647.9122
2025-12-10 22:00:00,0.4566,0.4592,0.4523,0.4569,16291370.0,7430161.0571
2025-12-10 23:00:00,0.4569,0.458,0.4521,0.4534,6961864.0,3167620.4149
2025-12-11 00:00:00,0.4534,0.4547,0.443,0.4447,17221391.0,7714733.402
2025-12-11 01:00:00,0.4447,0.4447,0.4382,0.4383,14556518.0,6429755.4774
2025-12-11 02:00:00,0.4383,0.439,0.4347,0.4366,11201314.0,4894536.9135
2025-12-11 03:00:00,0.4366,0.4368,0.4289,0.4295,9563823.0,4127379.7045
2025-12-11 04:00:00,0.4295,0.4341,0.4275,0.4319,6889089.0,2966060.4325
2025-12-11 05:00:00,0.4319,0.4319,0.4292,0.4308,24848814.0,10683905.2931
2025-12-11 06:00:00,0.4308,0.4322,0.4264,0.4286,31616719.0,13556606.7504
2025-12-11 07:00:00,0.4286,0.4292,0.4247,0.4263,73050706.0,31114479.4999
2025-12-11 08:00:00,0.4263,0.4263,0.4212,0.4229,35258508.0,14924891.4687
2025-12-11 09:00:00,0.4229,0.4259,0.4216,0.4243,15181363.0,6426591.0974
2025-12-11 10:00:00,0.4243,0.4245,0.4215,0.4234,7346447.0,3108651.8352
2025-12-11 11:00:00,0.4234,0.4244,0.4196,0.4206,13600519.0,5736451.8349
2025-12-11 12:00:00,0.4206,0.4206,0.4143,0.4165,28649865.0,11951083.2094
2025-12-11 13:00:00,0.4165,0.4173,0.4143,0.4155,17401882.0,7229328.4324
2025-12-11 14:00:00,0.4155,0.4177,0.4116,0.4128,23975832.0,9942551.4941
2025-12-11 15:00:00,0.4128,0.4213,0.412,0.4172,24514216.0,10216283.6987
2025-12-11 16:00:00,0.4172,0.4179,0.4111,0.4127,30382427.0,12546427.1364
2025-12-11 17:00:00,0.4127,0.4142,0.4104,0.4106,22164020.0,9133075.7705
2025-12-11 18:00:00,0.4106,0.4176,0.4092,0.4139,23848151.0,9858048.2817
2025-12-11 19:00:00,0.4139,0.4219,0.4127,0.4172,18652859.0,7791453.0264
2025-12-11 20:00:00,0.4172,0.4229,0.4169,0.4223,11377963.0,4773105.4129
2025-12-11 21:00:00,0.4223,0.4277,0.4211,0.4255,18644260.0,7921879.8449
2025-12-11 22:00:00,0.4255,0.4272,0.4205,0.4227,15322095.0,6485749.0283
2025-12-11 23:00:00,0.4227,0.4258,0.4208,0.4249,10481754.0,4441209.6723
2025-12-12 00:00:00,0.4249,0.4269,0.4176,0.4178,13858613.0,5871012.4482
2025-12-12 01:00:00,0.4178,0.424,0.4178,0.421,10363283.0,4364226.114
2025-12-12 02:00:00,0.421,0.4248,0.4199,0.4232,10313373.0,4361674.7071
2025-12-12 03:00:00,0.4232,0.4241,0.4201,0.4222,6984368.0,2946149.0894
2025-12-12 04:00:00,0.4222,0.4228,0.4195,0.4204,4516861.0,1900458.4115
2025-12-12 05:00:00,0.4204,0.4249,0.419,0.4249,7029116.0,2962796.142
2025-12-12 06:00:00,0.4249,0.429,0.4242,0.4249,15274343.0,6519438.102
2025-12-12 07:00:00,0.4249,0.4281,0.4243,0.426,4662333.0,1987224.3678
2025-12-12 08:00:00,0.426,0.4265,0.4226,0.4232,6867388.0,2913707.8803
2025-12-12 09:00:00,0.4232,0.4266,0.4211,0.4263,9367984.0,3963962.4592
2025-12-12 10:00:00,0.4263,0.4273,0.4257,0.4264,6349206.0,2708101.7263
2025-12-12 11:00:00,0.4264,0.4265,0.4238,0.4242,7949947.0,3380987.3319
2025-12-12 12:00:00,0.4242,0.4269,0.4232,0.4264,9150697.0,3888696.8261
2025-12-12 13:00:00,0.4264,0.4264,0.4242,0.4251,7889585.0,3354470.8595
2025-12-12 14:00:00,0.4251,0.4265,0.4224,0.4242,13046896.0,5539304.604
2025-12-12 15:00:00,0.4242,0.4242,0.4063,0.4082,54505660.0,22572335.5914
2025-12-12 16:00:00,0.4082,0.4108,0.4034,0.4047,33355545.0,13543173.0599
2025-12-12 17:00:00,0.4047,0.4098,0.4046,0.4082,9561561.0,3893423.1973
2025-12-12 18:00:00,0.4082,0.4156,0.4077,0.4122,16057708.0,6625588.8871
2025-12-12 19:00:00,0.4122,0.4125,0.4081,0.4094,11837214.0,4853869.126
2025-12-12 20:00:00,0.4094,0.411,0.4086,0.4099,5377729.0,2204001.26
2025-12-12 21:00:00,0.4099,0.4112,0.4088,0.4096,2931859.0,1202075.3514
2025-12-12 22:00:00,0.4096,0.4111,0.4093,0.4103,3093274.0,1269297.7122
2025-12-12 23:00:00,0.4103,0.4108,0.4078,0.4089,3174599.0,1298569.7986
2025-12-13 00:00:00,0.4089,0.4106,0.4089,0.41,2290218.0,938597.6626
2025-12-13 01:00:00,0.41,0.4111,0.4094,0.4099,2525916.0,1035882.5771
2025-12-13 02:00:00,0.4099,0.4117,0.4098,0.41,3144403.0,1291818.5661
2025-12-13 03:00:00,0.41,0.4107,0.4088,0.4089,1689617.0,692090.8821
2025-12-13 04:00:00,0.4089,0.411,0.4085,0.4104,2554833.0,1046651.9482
2025-12-13 05:00:00,0.4104,0.4118,0.4094,0.4099,2488301.0,1021137.2349
2025-12-13 06:00:00,0.4099,0.4107,0.4079,0.4097,5855101.0,2397626.6742
2025-12-13 07:00:00,0.4097,0.4106,0.4093,0.4101,4999849.0,2049585.5867
2025-12-13 08:00:00,0.4101,0.4138,0.4098,0.4119,6607759.0,2720728.6151
2025-12-13 09:00:00,0.4119,0.4122,0.4108,0.4115,2371231.0,975749.0998
2025-12-13 10:00:00,0.4115,0.4154,0.411,0.4147,9076927.0,3758576.5331
2025-12-13 11:00:00,0.4147,0.4152,0.4113,0.4121,7346566.0,3030803.1724
2025-12-13 12:00:00,0.4121,0.4133,0.4109,0.412,4793789.0,1975447.6248
2025-12-13 13:00:00,0.412,0.4132,0.4105,0.4128,6774588.0,2790383.2493
2025-12-13 14:00:00,0.4128,0.4135,0.4102,0.4117,6528270.0,2686950.1002
2025-12-13 15:00:00,0.4117,0.4145,0.4117,0.413,6272636.0,2590854.2621
2025-12-13 16:00:00,0.413,0.4142,0.4115,0.4118,4608066.0,1900125.5319
2025-12-13 17:00:00,0.4118,0.4118,0.4086,0.4107,8659613.0,3550990.7039
2025-12-13 18:00:00,0.4107,0.4117,0.4096,0.4098,4614269.0,1894986.9953
2025-12-13 19:00:00,0.4098,0.4112,0.4094,0.4099,3384105.0,1388139.9097
2025-12-13 20:00:00,0.4099,0.4111,0.4097,0.4101,2879441.0,1181108.3585
2025-12-13 21:00:00,0.4101,0.4102,0.4057,0.4092,15436558.0,6298040.0812
2025-12-13 22:00:00,0.4092,0.4107,0.4076,0.4087,8820196.0,3609171.748
2025-12-13 23:00:00,0.4087,0.4108,0.408,0.4104,4463629.0,1829853.7906
2025-12-14 00:00:00,0.4104,0.4113,0.4089,0.4096,6481818.0,2658278.8294
2025-12-14 01:00:00,0.4096,0.4102,0.4086,0.4093,4301251.0,1760422.6728
2025-12-14 02:00:00,0.4093,0.4109,0.4093,0.4101,5021747.0,2059277.2842
2025-12-14 03:00:00,0.4101,0.4105,0.4085,0.4095,4920230.0,2014616.274
2025-12-14 04:00:00,0.4095,0.41,0.4074,0.4075,3866337.0,1579944.4794
2025-12-14 05:00:00,0.4075,0.4078,0.4062,0.4076,5503053.0,2240095.9001
2025-12-14 06:00:00,0.4076,0.4084,0.406,0.4072,3917271.0,1594562.9718
2025-12-14 07:00:00,0.4072,0.4088,0.4069,0.4076,3129541.0,1276357.7931
2025-12-14 08:00:00,0.4076,0.4094,0.4066,0.4068,3479676.0,1419335.8917
2025-12-14 09:00:00,0.4068,0.4075,0.4054,0.4069,6655034.0,2705557.5649
2025-12-14 10:00:00,0.4069,0.4076,0.4043,0.4065,9266839.0,3764313.6181
2025-12-14 11:00:00,0.4065,0.4065,0.3972,0.4032,31232751.0,12541015.403
2025-12-14 12:00:00,0.4032,0.4049,0.401,0.4033,9843381.0,3968150.7569
2025-12-14 13:00:00,0.4033,0.4035,0.3995,0.4021,8891018.0,3566102.2387
2025-12-14 14:00:00,0.4021,0.4031,0.3963,0.3993,10113083.0,4048657.3425
2025-12-14 15:00:00,0.3993,0.4002,0.3982,0.3992,6060544.0,2418559.1087
2025-12-14 16:00:00,0.3992,0.4024,0.3981,0.3995,17899557.0,7156888.2537
2025-12-14 17:00:00,0.3995,0.4003,0.3954,0.3967,19459814.0,7728070.6305
2025-12-14 18:00:00,0.3967,0.3999,0.3965,0.3998,5366373.0,2136885.6026
2025-12-14 19:00:00,0.3998,0.3998,0.3961,0.3985,11643685.0,4632269.5448
2025-12-14 20:00:00,0.3985,0.4001,0.3967,0.3974,8404504.0,3349184.1494
2025-12-14 21:00:00,0.3974,0.3979,0.3942,0.3951,14343955.0,5679386.4112
2025-12-14 22:00:00,0.3951,0.3975,0.3933,0.3968,10354098.0,4096842.9181
2025-12-14 23:00:00,0.3968,0.3986,0.3914,0.396,11261451.0,4451381.9087
2025-12-15 00:00:00,0.396,0.3995,0.3953,0.3978,11038521.0,4385744.5943
2025-12-15 01:00:00,0.3978,0.4031,0.3971,0.4017,4924350.0,1969928.2342
2025-12-15 02:00:00,0.4017,0.4074,0.4013,0.4022,12708909.0,5132765.0902
2025-12-15 03:00:00,0.4022,0.4029,0.4002,0.4012,3060292.0,1228587.8805
2025-12-15 04:00:00,0.4012,0.404,0.4011,0.4034,6037857.0,2431036.2075
2025-12-15 05:00:00,0.4034,0.4051,0.4029,0.4041,3477289.0,1404507.5857
2025-12-15 06:00:00,0.4041,0.4064,0.4029,0.4048,4098166.0,1658379.6951
2025-12-15 07:00:00,0.4048,0.4055,0.401,0.402,9070364.0,3648678.1493
2025-12-15 08:00:00,0.402,0.4031,0.4001,0.4005,11050460.0,4437089.6008
2025-12-15 09:00:00,0.4005,0.4044,0.4002,0.4034,8106390.0,3258863.6977
2025-12-15 10:00:00,0.4034,0.4057,0.4023,0.4042,6254838.0,2525386.8274
2025-12-15 11:00:00,0.4042,0.4049,0.4022,0.4029,3837068.0,1549622.7749
2025-12-15 12:00:00,0.4029,0.4039,0.4012,0.4023,6322140.0,2544517.0848
2025-12-15 13:00:00,0.4023,0.4028,0.3998,0.4006,8588904.0,3447063.3464
2025-12-15 14:00:00,0.4006,0.4051,0.3892,0.3923,36257973.0,14448464.9905
2025-12-15 15:00:00,0.3923,0.3945,0.382,0.3852,40304310.0,15612727.1071
2025-12-15 16:00:00,0.3852,0.3902,0.3805,0.3823,30124426.0,11583591.0371
2025-12-15 17:00:00,0.3823,0.3833,0.3788,0.3809,24788357.0,9453749.4085
2025-12-15 18:00:00,0.3809,0.3828,0.377,0.3826,27124452.0,10322470.843
2025-12-15 19:00:00,0.3826,0.3878,0.3822,0.3844,23357165.0,8995550.1307
2025-12-15 20:00:00,0.3844,0.3844,0.3794,0.3808,13386812.0,5108585.9062
2025-12-15 21:00:00,0.3808,0.3841,0.3801,0.3836,5713854.0,2183802.469
2025-12-15 22:00:00,0.3836,0.3849,0.3818,0.3847,3988873.0,1527658.5153
2025-12-15 23:00:00,0.3847,0.3881,0.3843,0.3878,11856165.0,4588722.3676
2025-12-16 00:00:00,0.3878,0.3897,0.3837,0.3838,12750139.0,4933959.9847
2025-12-16 01:00:00,0.3838,0.3861,0.3825,0.3839,9665214.0,3713480.9198
2025-12-16 02:00:00,0.3839,0.3858,0.3812,0.382,3932312.0,1505894.2884
2025-12-16 03:00:00,0.382,0.3828,0.3798,0.3826,4220132.0,1610058.4315
2025-12-16 04:00:00,0.3826,0.383,0.3774,0.3824,5276060.0,2008833.3877
2025-12-16 05:00:00,0.3824,0.3825,0.3803,0.3811,6475653.0,2470138.2675
2025-12-16 06:00:00,0.3811,0.3844,0.381,0.384,6021372.0,2308038.4921
2025-12-16 07:00:00,0.384,0.3851,0.3794,0.38,10362618.0,3963406.5888
2025-12-16 08:00:00,0.38,0.3827,0.3797,0.381,9674284.0,3691108.0164
2025-12-16 09:00:00,0.381,0.3816,0.3801,0.3809,7157552.0,2725785.9431
2025-12-16 10:00:00,0.3809,0.3905,0.3801,0.3876,14018502.0,5410627.2699
2025-12-16 11:00:00,0.3876,0.3885,0.3853,0.3878,9519986.0,3682411.9338
2025-12-16 12:00:00,0.3878,0.3888,0.3859,0.3868,4925318.0,1909119.107
2025-12-16 13:00:00,0.3868,0.3906,0.3809,0.3809,19649011.0,7571121.9193
2025-12-16 14:00:00,0.3809,0.3885,0.3781,0.3864,19336945.0,7410421.1506
2025-12-16 15:00:00,0.3864,0.3914,0.3832,0.3899,17731270.0,6871454.5513
2025-12-16 16:00:00,0.3899,0.3904,0.3858,0.3874,14147439.0,5490968.6246
2025-12-16 17:00:00,0.3874,0.3889,0.3842,0.3845,13059435.0,5055141.0718
2025-12-16 18:00:00,0.3845,0.3894,0.3837,0.3881,28853789.0,11140237.4889
2025-12-16 19:00:00,0.3881,0.3881,0.384,0.3869,18309152.0,7071080.8147
2025-12-16 20:00:00,0.3869,0.3882,0.3858,0.3862,4544597.0,1758777.0292
2025-12-16 21:00:00,0.3862,0.3876,0.385,0.3866,4685855.0,1811021.7886
2025-12-16 22:00:00,0.3866,0.3873,0.3853,0.3856,1915474.0,739639.6503
2025-12-16 23:00:00,0.3856,0.386,0.3843,0.3858,7975098.0,3069352.9903
2025-12-17 00:00:00,0.3858,0.3858,0.3822,0.3834,4366892.0,1673684.8091
2025-12-17 01:00:00,0.3834,0.3876,0.3834,0.3844,3724437.0,1434986.6707
2025-12-17 02:00:00,0.3844,0.3856,0.3819,0.3848,5000337.0,1919936.9105
2025-12-17 03:00:00,0.3848,0.3859,0.3824,0.3833,2672974.0,1025193.2721
2025-12-17 04:00:00,0.3833,0.3834,0.379,0.3797,4283632.0,1629235.2932
2025-12-17 05:00:00,0.3797,0.3806,0.3758,0.38,7314924.0,2768268.5539
2025-12-17 06:00:00,0.38,0.3816,0.3797,0.3801,3736320.0,1421861.9199
2025-12-17 07:00:00,0.3801,0.3817,0.379,0.3807,6492309.0,2468762.8899
2025-12-17 08:00:00,0.3807,0.3807,0.3776,0.3784,10119095.0,3830938.0519
2025-12-17 09:00:00,0.3784,0.3788,0.3765,0.3778,10878917.0,4108979.6269
2025-12-17 10:00:00,0.3778,0.3789,0.3765,0.3774,8250978.0,3117950.867
2025-12-17 11:00:00,0.3774,0.3809,0.3772,0.3803,6763682.0,2565522.9821
2025-12-17 12:00:00,0.3803,0.3818,0.38,0.3802,6975476.0,2656302.6432
2025-12-17 13:00:00,0.3802,0.3859,0.3787,0.3844,18432421.0,7029201.1906
2025-12-17 14:00:00,0.3844,0.3952,0.3781,0.3952,37768577.0,14570616.5959
2025-12-17 15:00:00,0.3952,0.3999,0.3802,0.3818,60513726.0,23682711.2436
2025-12-17 16:00:00,0.3818,0.3846,0.3696,0.3753,45064213.0,16901240.7902
2025-12-17 17:00:00,0.3753,0.3756,0.3678,0.3692,27540399.0,10245863.4246
2025-12-17 18:00:00,0.3692,0.3728,0.3659,0.3667,21502100.0,7936265.918
2025-12-17 19:00:00,0.3667,0.3689,0.3639,0.3684,24237178.0,8872113.8415
2025-12-17 20:00:00,0.3684,0.3719,0.3662,0.368,34387965.0,12691657.1642
2025-12-17 21:00:00,0.368,0.3693,0.3652,0.366,20230403.0,7418513.6375
2025-12-17 22:00:00,0.366,0.3685,0.3643,0.3678,14635452.0,5370775.9444
2025-12-17 23:00:00,0.3678,0.368,0.3654,0.3672,6509663.0,2384657.0562
2025-12-18 00:00:00,0.3672,0.3674,0.3653,0.3664,8454367.0,3096573.2762
2025-12-18 01:00:00,0.3664,0.3666,0.3627,0.3644,10282570.0,3745273.2147
2025-12-18 02:00:00,0.3644,0.3687,0.3635,0.3673,10874888.0,3991453.358
2025-12-18 03:00:00,0.3673,0.3673,0.3632,0.3648,10468675.0,3822244.66
2025-12-18 04:00:00,0.3648,0.3666,0.3645,0.3649,12219928.0,4467653.9607
2025-12-18 05:00:00,0.3649,0.365,0.3604,0.361,11197336.0,4052761.664
2025-12-18 06:00:00,0.361,0.3623,0.3604,0.3616,11444757.0,4137309.2168
2025-12-18 07:00:00,0.3616,0.3629,0.3608,0.362,12336115.0,4462165.7124
2025-12-18 08:00:00,0.362,0.3648,0.3616,0.3624,16227862.0,5890908.887
2025-12-18 09:00:00,0.3624,0.3646,0.3615,0.3639,14336097.0,5208039.9983
2025-12-18 10:00:00,0.3639,0.3657,0.3634,0.3645,13244149.0,4831421.4072
2025-12-18 11:00:00,0.3645,0.3647,0.3623,0.3644,8084841.0,2937687.9177
2025-12-18 12:00:00,0.3644,0.3663,0.3634,0.3655,8610882.0,3142917.0173
2025-12-18 13:00:00,0.3655,0.3763,0.3654,0.3757,35739424.0,13273631.1969
2025-12-18 14:00:00,0.3757,0.3793,0.3679,0.3704,41033767.0,15313505.3893
2025-12-18 15:00:00,0.3704,0.3766,0.3681,0.3731,33361304.0,12407773.5649
2025-12-18 16:00:00,0.3731,0.3733,0.37,0.3714,23393089.0,8698163.9956
2025-12-18 17:00:00,0.3714,0.3715,0.3504,0.3584,43981005.0,15757770.8523
2025-12-18 18:00:00,0.3584,0.3622,0.3538,0.3548,18942103.0,6783661.7802
2025-12-18 19:00:00,0.3548,0.3557,0.3465,0.3475,27387499.0,9619669.1994
2025-12-18 20:00:00,0.3475,0.3516,0.3467,0.3476,12048612.0,4216100.0456
2025-12-18 21:00:00,0.3476,0.3544,0.3476,0.3544,16270004.0,5727226.1326
2025-12-18 22:00:00,0.3544,0.3553,0.3527,0.354,8236964.0,2916217.5086
2025-12-18 23:00:00,0.354,0.3541,0.3508,0.3513,5505858.0,1940233.9989
2025-12-19 00:00:00,0.3513,0.3525,0.3479,0.3499,6622754.0,2319717.0875
2025-12-19 01:00:00,0.3499,0.3499,0.3463,0.3479,6806970.0,2368643.9357
2025-12-19 02:00:00,0.3479,0.3515,0.3466,0.3503,7196942.0,2508177.1451
2025-12-19 03:00:00,0.3503,0.3628,0.35,0.3594,18800180.0,6728161.7079
2025-12-19 04:00:00,0.3594,0.3622,0.3594,0.3612,5440949.0,1963490.516
2025-12-19 05:00:00,0.3612,0.3613,0.3592,0.3603,2969856.0,1069467.8915
2025-12-19 06:00:00,0.3603,0.3637,0.3597,0.3636,4730873.0,1709596.9867
2025-12-19 07:00:00,0.3636,0.3695,0.3635,0.3662,17700910.0,6479845.4725
2025-12-19 08:00:00,0.3662,0.3674,0.3645,0.3667,9721437.0,3558337.9751
2025-12-19 09:00:00,0.3667,0.3669,0.3654,0.3658,4870165.0,1782139.9281
2025-12-19 10:00:00,0.3658,0.3667,0.3649,0.3656,9977554.0,3648214.8319
2025-12-19 11:00:00,0.3656,0.367,0.3651,0.366,5311362.0,1945372.722
2025-12-19 12:00:00,0.366,0.3675,0.3647,0.3666,6286663.0,2304446.6999
2025-12-19 13:00:00,0.3666,0.3676,0.3656,0.3665,10081407.0,3696134.7643
2025-12-19 14:00:00,0.3665,0.3732,0.3653,0.3708,30830777.0,11348590.0876
2025-12-19 15:00:00,0.3708,0.3787,0.3694,0.3709,27538332.0,10257533.6035
2025-12-19 16:00:00,0.3709,0.3798,0.3707,0.3739,18794228.0,7061677.7883
2025-12-19 17:00:00,0.3739,0.3774,0.3689,0.3691,17796992.0,6647807.5414
2025-12-19 18:00:00,0.3691,0.3742,0.369,0.373,12742740.0,4736579.71
2025-12-19 19:00:00,0.373,0.3805,0.373,0.3778,19320650.0,7286896.0503
2025-12-19 20:00:00,0.3778,0.3807,0.3772,0.3792,12789467.0,4844977.0095
2025-12-19 21:00:00,0.3792,0.3792,0.3749,0.3754,7486111.0,2821538.8241
2025-12-19 22:00:00,0.3754,0.3781,0.3754,0.3775,9110904.0,3435471.7386
2025-12-19 23:00:00,0.3775,0.3777,0.3762,0.3765,5241122.0,1975805.6322
2025-12-20 00:00:00,0.3765,0.377,0.3752,0.3757,5288821.0,1988572.0672
2025-12-20 01:00:00,0.3757,0.3767,0.3737,0.3741,4782012.0,1792998.8126
2025-12-20 02:00:00,0.3741,0.3752,0.3734,0.3742,6092506.0,2280223.1421
2025-12-20 03:00:00,0.3742,0.3758,0.3736,0.3741,4746848.0,1778884.9936
2025-12-20 04:00:00,0.3741,0.3743,0.3719,0.3721,5844184.0,2180042.375
2025-12-20 05:00:00,0.3721,0.375,0.3721,0.373,4315502.0,1613511.318
2025-12-20 06:00:00,0.373,0.3736,0.3728,0.3735,2799886.0,1044949.9719
2025-12-20 07:00:00,0.3735,0.3745,0.3723,0.3742,4207721.0,1570576.9986
2025-12-20 08:00:00,0.3742,0.3781,0.3742,0.3763,13381214.0,5030362.3351
2025-12-20 09:00:00,0.3763,0.3802,0.3762,0.379,3940147.0,1492127.4979
2025-12-20 10:00:00,0.379,0.3797,0.3767,0.3781,5549792.0,2098152.8227
2025-12-20 11:00:00,0.3781,0.3789,0.377,0.3783,2984903.0,1128754.8708
2025-12-20 12:00:00,0.3783,0.3785,0.3763,0.3768,5238060.0,1974510.8188
2025-12-20 13:00:00,0.3768,0.3777,0.3742,0.3771,13713655.0,5155046.7118
2025-12-20 14:00:00,0.3771,0.3793,0.3748,0.3788,14306054.0,5399583.2374
2025-12-20 15:00:00,0.3788,0.3791,0.3762,0.3773,7338631.0,2770139.0463
2025-12-20 16:00:00,0.3773,0.3777,0.3754,0.3761,19806353.0,7454227.9623
2025-12-20 17:00:00,0.3761,0.3768,0.3749,0.376,19500130.0,7330456.4952
2025-12-20 18:00:00,0.376,0.3772,0.3756,0.3764,5977237.0,2248046.5185
2025-12-20 19:00:00,0.3764,0.377,0.3751,0.3751,3407188.0,1280372.2176
2025-12-20 20:00:00,0.3751,0.3759,0.3745,0.3755,7738578.0,2904288.1016
2025-12-20 21:00:00,0.3755,0.3763,0.3743,0.3745,10125029.0,3799895.5035
2025-12-20 22:00:00,0.3745,0.3757,0.373,0.375,14578089.0,5453282.8456
2025-12-20 23:00:00,0.375,0.3753,0.3725,0.3729,9916919.0,3704367.6223
2025-12-21 00:00:00,0.3729,0.3737,0.3715,0.3726,7020782.0,2614676.6482
2025-12-21 01:00:00,0.3726,0.3726,0.3693,0.3696,10630515.0,3940629.0041
2025-12-21 02:00:00,0.3696,0.3708,0.3673,0.3682,9278448.0,3417174.111
2025-12-21 03:00:00,0.3682,0.3703,0.3681,0.3693,10656358.0,3937339.6519
2025-12-21 04:00:00,0.3693,0.3695,0.3677,0.368,6574695.0,2422589.2385
2025-12-21 05:00:00,0.368,0.3693,0.3676,0.3678,6179938.0,2276037.4068
2025-12-21 06:00:00,0.3678,0.369,0.3675,0.3682,5482305.0,2018418.5868
2025-12-21 07:00:00,0.3682,0.3685,0.3669,0.3673,7206890.0,2651089.748
2025-12-21 08:00:00,0.3673,0.3719,0.3664,0.3705,16484629.0,6088476.9261
2025-12-21 09:00:00,0.3705,0.3743,0.3697,0.3729,26807069.0,9983947.173
2025-12-21 10:00:00,0.3729,0.3739,0.3698,0.3704,11486626.0,4267019.1138
2025-12-21 11:00:00,0.3704,0.3708,0.3693,0.3697,7470118.0,2763007.9041
2025-12-21 12:00:00,0.3697,0.3722,0.3667,0.3674,39014005.0,14380025.9054
2025-12-21 13:00:00,0.3674,0.3677,0.3573,0.3583,48197648.0,17438492.8328
2025-12-21 14:00:00,0.3583,0.3618,0.3576,0.3607,21889712.0,7883896.2942
2025-12-21 15:00:00,0.3607,0.362,0.3586,0.3608,12197880.0,4392327.2536
2025-12-21 16:00:00,0.3608,0.3636,0.3598,0.3629,10539593.0,3813255.8676
2025-12-21 17:00:00,0.3629,0.3655,0.3625,0.3628,16360261.0,5959405.8908
2025-12-21 18:00:00,0.3628,0.3635,0.3606,0.3632,11964602.0,4334465.1851
2025-12-21 19:00:00,0.3632,0.3656,0.3628,0.3649,11341607.0,4131996.8566
2025-12-21 20:00:00,0.3649,0.365,0.3618,0.362,11580772.0,4201183.3096
2025-12-21 21:00:00,0.362,0.3633,0.3597,0.3602,10999722.0,3978688.2885
2025-12-21 22:00:00,0.3602,0.3647,0.359,0.3645,17102342.0,6184350.1591
2025-12-21 23:00:00,0.3645,0.3681,0.3638,0.3658,14203497.0,5197791.7905
2025-12-22 00:00:00,0.3658,0.3752,0.3657,0.3672,24455236.0,9061680.7688
2025-12-22 01:00:00,0.3672,0.3724,0.3666,0.3671,11018248.0,4068864.2752
2025-12-22 02:00:00,0.3671,0.3671,0.3614,0.3649,14653048.0,5330798.328
2025-12-22 03:00:00,0.3649,0.3684,0.3636,0.367,7998632.0,2933088.9858
2025-12-22 04:00:00,0.367,0.368,0.3653,0.3667,9461137.0,3469867.1182
2025-12-22 05:00:00,0.3667,0.3675,0.3653,0.3657,13784568.0,5050903.355
2025-12-22 06:00:00,0.3657,0.3674,0.3646,0.3661,15398918.0,5637886.4877
2025-12-22 07:00:00,0.3661,0.3691,0.3655,0.3681,15564748.0,5730253.1927
2025-12-22 08:00:00,0.3681,0.3713,0.3665,0.3679,16780585.0,6189575.069
2025-12-22 09:00:00,0.3679,0.3701,0.3674,0.369,8638050.0,3185910.2739
2025-12-22 10:00:00,0.369,0.3701,0.3677,0.369,11071117.0,4083972.0128
2025-12-22 11:00:00,0.369,0.3718,0.3682,0.3706,11378992.0,4210642.6729
2025-12-22 12:00:00,0.3706,0.3767,0.3706,0.3733,25029824.0,9345691.3898
2025-12-22 13:00:00,0.3733,0.3747,0.3722,0.3736,9746865.0,3640451.4805
2025-12-22 14:00:00,0.3736,0.3779,0.3722,0.3774,39586739.0,14860777.4685
2025-12-22 15:00:00,0.3774,0.3822,0.3738,0.379,43781433.0,16540759.9468
2025-12-22 16:00:00,0.379,0.3813,0.3774,0.3787,19709052.0,7475602.2684
2025-12-22 17:00:00,0.3787,0.3797,0.3763,0.3779,24916617.0,9405372.9458
2025-12-22 18:00:00,0.3779,0.3801,0.3763,0.3768,23905519.0,9039186.7481
2025-12-22 19:00:00,0.3768,0.3768,0.3675,0.3683,59241945.0,22017371.4811
2025-12-22 20:00:00,0.3683,0.3702,0.3656,0.3681,32509949.0,11957606.48
2025-12-22 21:00:00,0.3681,0.3724,0.3678,0.371,24714690.0,9160974.7327
2025-12-22 22:00:00,0.371,0.3733,0.3684,0.3725,13920995.0,5155680.2514
2025-12-22 23:00:00,0.3725,0.3726,0.37,0.3707,7843432.0,2911999.6684
2025-12-23 00:00:00,0.3707,0.3742,0.3702,0.3723,8036225.0,2987002.9707
2025-12-23 01:00:00,0.3723,0.3724,0.3687,0.3703,10145898.0,3758843.719
2025-12-23 02:00:00,0.3703,0.3719,0.3672,0.3679,19733388.0,7287439.192
2025-12-23 03:00:00,0.3679,0.3688,0.3654,0.3682,13588629.0,4994996.4949
2025-12-23 04:00:00,0.3682,0.3692,0.3664,0.3665,9393216.0,3455293.6809
2025-12-23 05:00:00,0.3665,0.3669,0.3633,0.3657,13669097.0,4993410.5373
2025-12-23 06:00:00,0.3657,0.3663,0.363,0.3647,10641538.0,3880356.0533
2025-12-23 07:00:00,0.3647,0.3655,0.3638,0.364,4665641.0,1701484.7723
2025-12-23 08:00:00,0.364,0.3656,0.3631,0.3638,14620964.0,5327735.9625
2025-12-23 09:00:00,0.3638,0.3645,0.362,0.3641,17192864.0,6241839.7702
2025-12-23 10:00:00,0.3641,0.3668,0.3633,0.3662,13163341.0,4807003.7562
2025-12-23 11:00:00,0.3662,0.3687,0.3657,0.3672,10528099.0,3866616.2034
2025-12-23 12:00:00,0.3672,0.3672,0.3639,0.3644,16066753.0,5864824.7581
2025-12-23 13:00:00,0.3644,0.3653,0.3604,0.3613,33040347.0,11986783.8575
2025-12-23 14:00:00,0.3613,0.3631,0.3549,0.3578,61255292.0,22022306.7992
2025-12-23 15:00:00,0.3578,0.3625,0.3573,0.3607,31477746.0,11360437.7061
2025-12-23 16:00:00,0.3607,0.365,0.3594,0.3638,28586875.0,10382318.432
2025-12-23 17:00:00,0.3638,0.365,0.3591,0.3592,18562882.0,6726107.1128
2025-12-23 18:00:00,0.3592,0.3643,0.3592,0.3637,25139866.0,9106195.272
2025-12-23 19:00:00,0.3637,0.3642,0.3603,0.3612,20324810.0,7343536.3343
2025-12-23 20:00:00,0.3612,0.366,0.3603,0.3629,23786287.0,8629307.1086
2025-12-23 21:00:00,0.3629,0.364,0.3615,0.3634,27461434.0,9963239.6844
2025-12-23 22:00:00,0.3634,0.3644,0.3608,0.3617,14016434.0,5077415.4368
2025-12-23 23:00:00,0.3617,0.3636,0.3605,0.3626,8299014.0,3006132.3261
2025-12-24 00:00:00,0.3626,0.3635,0.3618,0.3631,4860809.0,1763045.0599
2025-12-24 01:00:00,0.3631,0.365,0.3615,0.3617,7178417.0,2608987.9443
2025-12-24 02:00:00,0.3617,0.3618,0.357,0.3586,16788094.0,6031763.1588
2025-12-24 03:00:00,0.3586,0.36,0.3565,0.3599,9084609.0,3256712.3862
2025-12-24 04:00:00,0.3599,0.3618,0.3574,0.3578,7381732.0,2656879.0103
2025-12-24 05:00:00,0.3578,0.3583,0.355,0.355,12936790.0,4614173.3131
2025-12-24 06:00:00,0.355,0.3572,0.3538,0.3565,19721083.0,7000694.1807
2025-12-24 07:00:00,0.3565,0.3579,0.3556,0.3556,9607510.0,3429814.5512
2025-12-24 08:00:00,0.3556,0.3566,0.3542,0.3554,14121930.0,5021374.3953
2025-12-24 09:00:00,0.3554,0.3569,0.3553,0.3556,10777931.0,3839866.0807
2025-12-24 10:00:00,0.3556,0.3575,0.3554,0.3561,6188668.0,2206350.4799
2025-12-24 11:00:00,0.3561,0.3594,0.3561,0.3585,12345316.0,4426976.5255
2025-12-24 12:00:00,0.3585,0.3593,0.3577,0.3587,8910517.0,3193013.3428
2025-12-24 13:00:00,0.3587,0.3587,0.356,0.3567,12322921.0,4400381.9877
2025-12-24 14:00:00,0.3567,0.3582,0.3519,0.3535,32123326.0,11401991.2871
2025-12-24 15:00:00,0.3535,0.3567,0.352,0.3553,36478111.0,12889696.0747
2025-12-24 16:00:00,0.3553,0.3582,0.3537,0.3559,12722179.0,4527262.8294
2025-12-24 17:00:00,0.3559,0.3573,0.3545,0.3549,20067510.0,7142365.0861
2025-12-24 18:00:00,0.3549,0.3564,0.3541,0.3553,12155963.0,4319820.1485
2025-12-24 19:00:00,0.3553,0.3563,0.3545,0.3559,6192644.0,2202132.7882
2025-12-24 20:00:00,0.3559,0.3572,0.3547,0.3549,3666766.0,1305084.3258
2025-12-24 21:00:00,0.3549,0.3568,0.3549,0.3562,8023215.0,2853727.8928
2025-12-24 22:00:00,0.3562,0.3586,0.3556,0.3582,8486540.0,3030598.8754
2025-12-24 23:00:00,0.3582,0.3584,0.3556,0.3565,5270476.0,1879470.7361
2025-12-25 00:00:00,0.3565,0.3567,0.3545,0.3547,5542662.0,1970634.7365
2025-12-25 01:00:00,0.3547,0.3578,0.3546,0.3571,4757712.0,1696043.3447
2025-12-25 02:00:00,0.3571,0.3603,0.3561,0.3601,8248479.0,2961057.8389
2025-12-25 03:00:00,0.3601,0.3607,0.3586,0.3603,7395327.0,2660400.6921
2025-12-25 04:00:00,0.3603,0.3612,0.3595,0.3602,6695793.0,2413425.57
2025-12-25 05:00:00,0.3602,0.3603,0.3593,0.3595,8576499.0,3085222.1694
2025-12-25 06:00:00,0.3595,0.3609,0.3588,0.3603,5922203.0,2130819.4275
2025-12-25 07:00:00,0.3603,0.3605,0.3586,0.359,10660988.0,3828084.6544
2025-12-25 08:00:00,0.359,0.3608,0.3569,0.3576,22125019.0,7928167.7839
2025-12-25 09:00:00,0.3576,0.3578,0.3562,0.3562,8332305.0,2972367.1341
2025-12-25 10:00:00,0.3562,0.3563,0.3493,0.3503,44482878.0,15646144.9263
2025-12-25 11:00:00,0.3503,0.3514,0.3494,0.3507,10712980.0,3754384.3121
2025-12-25 12:00:00,0.3507,0.3514,0.3498,0.3512,6488309.0,2274409.7686
2025-12-25 13:00:00,0.3512,0.3525,0.3492,0.3511,14032786.0,4924100.4978
2025-12-25 14:00:00,0.3511,0.3517,0.3502,0.3509,7197147.0,2525886.5958
2025-12-25 15:00:00,0.3509,0.3592,0.3501,0.3571,47700548.0,16992957.0859
2025-12-25 16:00:00,0.3571,0.3586,0.3532,0.354,19471426.0,6933901.5233
2025-12-25 17:00:00,0.354,0.355,0.353,0.3547,8389646.0,2968299.9609
2025-12-25 18:00:00,0.3547,0.3586,0.3546,0.3578,9901627.0,3533829.2669
2025-12-25 19:00:00,0.3578,0.3598,0.3568,0.3594,12531407.0,4491391.3304
2025-12-25 20:00:00,0.3594,0.3597,0.3565,0.3572,21933679.0,7857689.4536
2025-12-25 21:00:00,0.3572,0.3588,0.3566,0.358,7866984.0,2815210.9781
2025-12-25 22:00:00,0.358,0.3582,0.339,0.3466,51147577.0,17839869.0735
2025-12-25 23:00:00,0.3466,0.3471,0.3414,0.3433,47335045.0,16266297.1939
2025-12-26 00:00:00,0.3433,0.3443,0.3415,0.343,39801609.0,13631827.0398
2025-12-26 01:00:00,0.343,0.3464,0.3427,0.3456,8299026.0,2858558.7347
2025-12-26 02:00:00,0.3456,0.3584,0.3449,0.3549,22855301.0,8059264.3396
2025-12-26 03:00:00,0.3549,0.3556,0.3512,0.3532,11501979.0,4055651.9175
2025-12-26 04:00:00,0.3532,0.3549,0.3509,0.3536,9940490.0,3509070.0738
2025-12-26 05:00:00,0.3536,0.3541,0.3522,0.3538,8070259.0,2849485.0993
2025-12-26 06:00:00,0.3538,0.3572,0.3535,0.3553,33229785.0,11816668.3049
2025-12-26 07:00:00,0.3553,0.3564,0.351,0.3518,12264947.0,4344520.2351
2025-12-26 08:00:00,0.3518,0.3538,0.3516,0.3536,7273740.0,2565728.3055
2025-12-26 09:00:00,0.3536,0.3554,0.3529,0.355,14039270.0,4966036.9627
2025-12-26 10:00:00,0.355,0.3561,0.3543,0.3554,7314964.0,2599634.4977
2025-12-26 11:00:00,0.3554,0.3559,0.3543,0.355,11028252.0,3915348.3145
2025-12-26 12:00:00,0.355,0.3566,0.3549,0.3563,8828348.0,3141077.5496
2025-12-26 13:00:00,0.3563,0.3578,0.3557,0.357,7597419.0,2710579.5971
2025-12-26 14:00:00,0.357,0.3572,0.3485,0.3492,30968062.0,10924029.5858
2025-12-26 15:00:00,0.3492,0.3493,0.3451,0.3465,36656879.0,12725468.2141
2025-12-26 16:00:00,0.3465,0.3478,0.3441,0.3441,19646811.0,6800700.6014
2025-12-26 17:00:00,0.3441,0.3491,0.3441,0.3481,17360468.0,6022206.8696
2025-12-26 18:00:00,0.3481,0.3501,0.3479,0.349,9239203.0,3226464.6513
2025-12-26 19:00:00,0.349,0.3508,0.3487,0.3499,31197291.0,10914856.3913
2025-12-26 20:00:00,0.3499,0.3509,0.3487,0.3495,23532426.0,8234925.0616
2025-12-26 21:00:00,0.3495,0.3507,0.3491,0.3499,16452371.0,5755044.8964
2025-12-26 22:00:00,0.3499,0.3503,0.3487,0.3502,5808878.0,2029502.7507
2025-12-26 23:00:00,0.3502,0.3507,0.3493,0.3494,10333529.0,3619522.8887
2025-12-27 00:00:00,0.3494,0.3509,0.3485,0.3508,6344699.0,2218611.2773
2025-12-27 01:00:00,0.3508,0.3522,0.3504,0.352,13945316.0,4899814.0052
2025-12-27 02:00:00,0.352,0.3532,0.3505,0.3527,18409025.0,6474174.0265
2025-12-27 03:00:00,0.3527,0.3558,0.3515,0.3545,13541629.0,4790628.871
2025-12-27 04:00:00,0.3545,0.3549,0.3526,0.3532,6528420.0,2308840.856
2025-12-27 05:00:00,0.3532,0.3539,0.3521,0.3536,6285446.0,2218608.2391
2025-12-27 06:00:00,0.3536,0.3541,0.3525,0.3529,4849953.0,1714142.3733
2025-12-27 07:00:00,0.3529,0.3541,0.3519,0.3521,7596767.0,2679802.8828
2025-12-27 08:00:00,0.3521,0.3539,0.3518,0.3532,4769358.0,1683766.1241
2025-12-27 09:00:00,0.3532,0.3544,0.3531,0.3541,5787956.0,2048046.0684
2025-12-27 10:00:00,0.3541,0.355,0.3523,0.3542,18487844.0,6539185.4578
2025-12-27 11:00:00,0.3542,0.3554,0.3538,0.3552,20339679.0,7211141.3398
2025-12-27 12:00:00,0.3552,0.3588,0.3552,0.3571,33217927.0,11882124.75
2025-12-27 13:00:00,0.3571,0.3577,0.3553,0.3559,17218869.0,6134485.327
2025-12-27 14:00:00,0.3559,0.3569,0.3554,0.3567,6484900.0,2308423.1351
2025-12-27 15:00:00,0.3567,0.3574,0.3555,0.3571,11151383.0,3975320.8527
2025-12-27 16:00:00,0.3571,0.3577,0.3558,0.356,8586918.0,3063069.9323
2025-12-27 17:00:00,0.356,0.3579,0.3556,0.3576,8912881.0,3179552.6814
2025-12-27 18:00:00,0.3576,0.358,0.3561,0.3565,6609193.0,2361008.615
2025-12-27 19:00:00,0.3565,0.3581,0.3563,0.3576,9145004.0,3268603.8126
2025-12-27 20:00:00,0.3576,0.3702,0.3576,0.3618,37838608.0,13689374.2084
2025-12-27 21:00:00,0.3618,0.3652,0.3618,0.3638,18842682.0,6852522.7146
2025-12-27 22:00:00,0.3638,0.3669,0.363,0.3649,13571598.0,4949730.0953
2025-12-27 23:00:00,0.3649,0.371,0.3647,0.3699,22400571.0,8232496.3122
2025-12-28 00:00:00,0.3699,0.371,0.3677,0.369,23539007.0,8692034.1879
2025-12-28 01:00:00,0.369,0.3704,0.3676,0.3692,25040563.0,9243727.935
2025-12-28 02:00:00,0.3692,0.3709,0.3686,0.3691,14415035.0,5326673.638
2025-12-28 03:00:00,0.3691,0.37,0.3686,0.3699,10858501.0,4009305.5858
2025-12-28 04:00:00,0.3699,0.3708,0.3689,0.37,8138481.0,3008666.6786
2025-12-28 05:00:00,0.37,0.3727,0.3693,0.3706,15003422.0,5562859.3938
2025-12-28 06:00:00,0.3706,0.3772,0.37,0.3742,38799142.0,14478533.7609
2025-12-28 07:00:00,0.3742,0.3754,0.3734,0.3739,12304762.0,4605912.6449
2025-12-28 08:00:00,0.3739,0.3751,0.3731,0.3737,10152638.0,3796479.173
2025-12-28 09:00:00,0.3737,0.3737,0.3697,0.3704,17208494.0,6387566.2761
2025-12-28 10:00:00,0.3704,0.3717,0.3701,0.3703,11094016.0,4114083.4041
2025-12-28 11:00:00,0.3703,0.3721,0.3699,0.3715,17030272.0,6315773.0283
2025-12-28 12:00:00,0.3715,0.3716,0.3692,0.3692,15703054.0,5816958.3343
2025-12-28 13:00:00,0.3692,0.3704,0.3684,0.3691,23837179.0,8807578.0914
2025-12-28 14:00:00,0.3691,0.3719,0.3691,0.3708,16065177.0,5953370.388
2025-12-28 15:00:00,0.3708,0.3722,0.3692,0.3695,22266515.0,8250561.563
2025-12-28 16:00:00,0.3695,0.3714,0.3694,0.3698,20798567.0,7698530.787
2025-12-28 17:00:00,0.3698,0.3713,0.3694,0.3695,10603056.0,3926316.8943
2025-12-28 18:00:00,0.3695,0.3697,0.3611,0.3635,34463050.0,12617658.6053
2025-12-28 19:00:00,0.3635,0.365,0.3624,0.3626,18656146.0,6783947.4116
2025-12-28 20:00:00,0.3626,0.364,0.3612,0.3628,24109390.0,8748296.546
2025-12-28 21:00:00,0.3628,0.364,0.3619,0.3634,14193772.0,5152060.268
2025-12-28 22:00:00,0.3634,0.3662,0.3627,0.3655,9288219.0,3388076.3638
2025-12-28 23:00:00,0.3655,0.3687,0.3637,0.3683,26975507.0,9865795.0574
2025-12-29 00:00:00,0.3683,0.3739,0.3667,0.3714,29621371.0,10991893.0028
2025-12-29 01:00:00,0.3714,0.3746,0.3674,0.3736,24890733.0,9236327.7931
2025-12-29 02:00:00,0.3736,0.3799,0.3736,0.3766,16776888.0,6316593.7854
2025-12-29 03:00:00,0.3766,0.3829,0.3757,0.3809,23571157.0,8945369.7803
2025-12-29 04:00:00,0.3809,0.3846,0.3803,0.3813,17378068.0,6635400.3777
2025-12-29 05:00:00,0.3813,0.3837,0.3789,0.3798,11572637.0,4410932.0743
2025-12-29 06:00:00,0.3798,0.3798,0.3762,0.3769,14435806.0,5454568.4099
2025-12-29 07:00:00,0.3769,0.3773,0.3734,0.3758,15567083.0,5848194.6369
2025-12-29 08:00:00,0.3758,0.3775,0.374,0.3752,16410013.0,6169798.3389
2025-12-29 09:00:00,0.3752,0.3761,0.3672,0.3698,30650386.0,11365258.6458
2025-12-29 10:00:00,0.3698,0.3722,0.3692,0.3701,11492847.0,4259633.1916
2025-12-29 11:00:00,0.3701,0.371,0.3691,0.3691,10169514.0,3762604.702
2025-12-29 12:00:00,0.3691,0.3694,0.3617,0.3654,38532285.0,14080331.5825
2025-12-29 13:00:00,0.3654,0.3664,0.363,0.364,15351940.0,5594442.9958
2025-12-29 14:00:00,0.364,0.3693,0.3631,0.3648,23185779.0,8481234.5806
2025-12-29 15:00:00,0.3648,0.3675,0.364,0.3653,12469390.0,4560552.8259
2025-12-29 16:00:00,0.3653,0.3655,0.3587,0.3597,28582003.0,10339998.3276
2025-12-29 17:00:00,0.3597,0.361,0.3578,0.3595,24313953.0,8738777.777
2025-12-29 18:00:00,0.3595,0.3598,0.3542,0.3553,26598581.0,9478495.8844
2025-12-29 19:00:00,0.3553,0.3574,0.3525,0.3527,21045023.0,7469584.0375
2025-12-29 20:00:00,0.3527,0.354,0.3502,0.3519,34952384.0,12294719.685
2025-12-29 21:00:00,0.3519,0.3533,0.3514,0.3525,16775546.0,5912260.2715
2025-12-29 22:00:00,0.3525,0.3553,0.3517,0.354,18990867.0,6715238.5087
2025-12-29 23:00:00,0.354,0.3541,0.3524,0.3529,25792913.0,9109301.7547
2025-12-30 00:00:00,0.3529,0.354,0.3518,0.354,9065264.0,3199033.8289
2025-12-30 01:00:00,0.354,0.3551,0.3519,0.3524,16093749.0,5699112.5651
2025-12-30 02:00:00,0.3524,0.3526,0.3481,0.3506,18825712.0,6596437.4603
2025-12-30 03:00:00,0.3506,0.3529,0.3497,0.3523,8632076.0,3033136.1661
2025-12-30 04:00:00,0.3523,0.3533,0.3516,0.3522,5700555.0,2009265.6069
2025-12-30 05:00:00,0.3522,0.3522,0.3506,0.3508,5207795.0,1830057.2387
2025-12-30 06:00:00,0.3508,0.3526,0.3505,0.3511,5950425.0,2091820.2296
2025-12-30 07:00:00,0.3511,0.3532,0.3508,0.352,11771961.0,4144195.5091
2025-12-30 08:00:00,0.352,0.3567,0.3519,0.3549,26128672.0,9278418.244
2025-12-30 09:00:00,0.3549,0.3562,0.3541,0.3556,8567973.0,3041526.0033
2025-12-30 10:00:00,0.3556,0.356,0.3534,0.3539,13032375.0,4620715.048
2025-12-30 11:00:00,0.3539,0.3542,0.3517,0.3521,12365996.0,4367937.6166
2025-12-30 12:00:00,0.3521,0.3537,0.3519,0.3529,11143131.0,3934170.1197
2025-12-30 13:00:00,0.3529,0.3538,0.352,0.3532,7536688.0,2659786.7268
2025-12-30 14:00:00,0.3532,0.3567,0.35,0.3552,36442977.0,12862534.3843
2025-12-30 15:00:00,0.3552,0.3558,0.3511,0.354,20438278.0,7210343.9913
2025-12-30 16:00:00,0.354,0.3555,0.3517,0.3536,17653609.0,6235744.1099
2025-12-30 17:00:00,0.3536,0.3543,0.3515,0.3526,22464346.0,7933648.9164
2025-12-30 18:00:00,0.3526,0.353,0.351,0.3516,12976201.0,4569147.5147
2025-12-30 19:00:00,0.3516,0.3521,0.3493,0.3511,19377963.0,6799382.3361
2025-12-30 20:00:00,0.3511,0.3511,0.3487,0.3489,28765243.0,10059320.3271
2025-12-30 21:00:00,0.3489,0.3503,0.3485,0.3502,18669598.0,6527446.6023
2025-12-30 22:00:00,0.3502,0.351,0.3492,0.3506,16574615.0,5804792.1823
2025-12-30 23:00:00,0.3506,0.3517,0.3501,0.3511,9856197.0,3459225.7858
2025-12-31 00:00:00,0.3511,0.3511,0.349,0.3506,27654746.0,9672291.2935
2025-12-31 01:00:00,0.3506,0.3535,0.3506,0.3514,10002789.0,3524162.7182
2025-12-31 02:00:00,0.3514,0.3531,0.3506,0.3529,5615053.0,1977608.1115
2025-12-31 03:00:00,0.3529,0.353,0.3507,0.3515,9445825.0,3317695.0042
2025-12-31 04:00:00,0.3515,0.3526,0.3511,0.3521,7367894.0,2591928.586
2025-12-31 05:00:00,0.3521,0.3533,0.3521,0.353,10635605.0,3752058.0872
2025-12-31 06:00:00,0.353,0.3534,0.3509,0.3518,19032806.0,6694214.2942
2025-12-31 07:00:00,0.3518,0.3523,0.3502,0.351,7793748.0,2736322.1531
2025-12-31 08:00:00,0.351,0.3514,0.3486,0.349,21610403.0,7548636.8739
2025-12-31 09:00:00,0.349,0.3499,0.3487,0.3496,12554727.0,4383710.2879
2025-12-31 10:00:00,0.3496,0.3505,0.3491,0.3502,7397019.0,2587034.266
2025-12-31 11:00:00,0.3502,0.3523,0.35,0.3519,12659067.0,4448386.226
2025-12-31 12:00:00,0.3519,0.352,0.3491,0.3499,9176672.0,3215273.7918
2025-12-31 13:00:00,0.3499,0.3505,0.3461,0.3484,17022195.0,5930820.3582
2025-12-31 14:00:00,0.3484,0.3512,0.347,0.3481,22833412.0,7965057.8603
2025-12-31 15:00:00,0.3481,0.3481,0.3401,0.3421,43381131.0,14915714.0305
2025-12-31 16:00:00,0.3421,0.3424,0.3287,0.3331,63666649.0,21421372.7387
2025-12-31 17:00:00,0.3331,0.3354,0.3322,0.3336,20887480.0,6965219.1182
2025-12-31 18:00:00,0.3336,0.3355,0.3328,0.3329,22596975.0,7549743.139
2025-12-31 19:00:00,0.3329,0.334,0.3314,0.332,34027175.0,11308888.2006
2025-12-31 20:00:00,0.332,0.3343,0.3301,0.3332,36757358.0,12171570.6237
2025-12-31 21:00:00,0.3332,0.3346,0.3323,0.3338,12307487.0,4101827.6969
2025-12-31 22:00:00,0.3338,0.3338,0.3322,0.3327,10886428.0,3624326.2353
2025-12-31 23:00:00,0.3327,0.3337,0.3317,0.3332,22738406.0,7564091.4249
2026-01-01 00:00:00,0.3332,0.3348,0.333,0.3337,11677434.0,3898026.3271
2026-01-01 01:00:00,0.3337,0.3351,0.3325,0.3328,11492634.0,3834901.9131
2026-01-01 02:00:00,0.3328,0.3337,0.3324,0.3324,10729581.0,3572401.8964
2026-01-01 03:00:00,0.3324,0.3336,0.3319,0.3324,10176975.0,3386449.1655
2026-01-01 04:00:00,0.3324,0.3331,0.3318,0.3323,11289219.0,3754829.3164
2026-01-01 05:00:00,0.3323,0.3384,0.3322,0.3365,22064865.0,7410929.6373
2026-01-01 06:00:00,0.3365,0.337,0.3357,0.3362,9629796.0,3242206.8584
2026-01-01 07:00:00,0.3362,0.338,0.3356,0.3362,7912009.0,2663817.6116
2026-01-01 08:00:00,0.3362,0.338,0.3361,0.338,3092734.0,1042398.0236
2026-01-01 09:00:00,0.338,0.3408,0.3379,0.3386,13336011.0,4528712.4623
2026-01-01 10:00:00,0.3386,0.3392,0.3383,0.3386,10066308.0,3409908.3534
2026-01-01 11:00:00,0.3386,0.3407,0.3384,0.3406,6336687.0,2153176.5329
2026-01-01 12:00:00,0.3406,0.3409,0.3391,0.3396,8286592.0,2818152.5393
2026-01-01 13:00:00,0.3396,0.3427,0.3392,0.3424,11411963.0,3892472.802
2026-01-01 14:00:00,0.3424,0.3445,0.3421,0.3433,21895763.0,7516500.2196
2026-01-01 15:00:00,0.3433,0.3491,0.3429,0.3469,63980777.0,22184832.6996
2026-01-01 16:00:00,0.3469,0.3489,0.3456,0.3484,21840829.0,7588521.6972
2026-01-01 17:00:00,0.3484,0.3534,0.3481,0.3515,34376734.0,12084257.4963
2026-01-01 18:00:00,0.3515,0.3526,0.3497,0.3516,18331317.0,6433241.4288
2026-01-01 19:00:00,0.3516,0.3583,0.3515,0.3578,37693072.0,13348570.7631
2026-01-01 20:00:00,0.3578,0.3607,0.3557,0.3569,21394366.0,7658426.4513
2026-01-01 21:00:00,0.3569,0.3575,0.3558,0.3561,6586274.0,2347775.6609
2026-01-01 22:00:00,0.3561,0.358,0.3552,0.3576,10712256.0,3820822.6862
2026-01-01 23:00:00,0.3576,0.3586,0.3562,0.3563,22522615.0,8045261.9626
2026-01-02 00:00:00,0.3563,0.3575,0.3545,0.3561,11599866.0,4130925.3866
2026-01-02 01:00:00,0.3561,0.3574,0.3552,0.3563,5637357.0,2009128.3791
2026-01-02 02:00:00,0.3563,0.3587,0.3554,0.3581,6491018.0,2316014.635
2026-01-02 03:00:00,0.3581,0.3634,0.3579,0.3622,15170931.0,5469977.3933
2026-01-02 04:00:00,0.3622,0.3639,0.3584,0.3598,13345627.0,4818786.269
2026-01-02 05:00:00,0.3598,0.3599,0.3572,0.358,7548571.0,2703817.3958
2026-01-02 06:00:00,0.358,0.359,0.3571,0.3578,6484172.0,2321572.3748
2026-01-02 07:00:00,0.3578,0.3583,0.3551,0.3555,8157225.0,2905961.8221
2026-01-02 08:00:00,0.3555,0.3579,0.3555,0.3576,9702325.0,3462943.7188
2026-01-02 09:00:00,0.3576,0.3677,0.357,0.365,31900042.0,11562746.2699
2026-01-02 10:00:00,0.365,0.3671,0.3636,0.3646,16145244.0,5896093.2232
2026-01-02 11:00:00,0.3646,0.3646,0.3594,0.3605,19440090.0,7028177.9399
2026-01-02 12:00:00,0.3605,0.3648,0.3582,0.3642,27078095.0,9819481.6881
2026-01-02 13:00:00,0.3642,0.3659,0.3632,0.3645,22669608.0,8264157.7756
2026-01-02 14:00:00,0.3645,0.3707,0.3608,0.3681,40074099.0,14635177.5851
2026-01-02 15:00:00,0.3681,0.3745,0.3649,0.3714,44785933.0,16596598.2802
2026-01-02 16:00:00,0.3714,0.3892,0.3714,0.3889,83452100.0,31874499.5053
2026-01-02 17:00:00,0.3889,0.3936,0.3867,0.3886,40532778.0,15772274.8133
2026-01-02 18:00:00,0.3886,0.3895,0.3805,0.3818,30825707.0,11877140.7824
2026-01-02 19:00:00,0.3818,0.389,0.3815,0.3882,21458174.0,8290973.2121
2026-01-02 20:00:00,0.3882,0.3892,0.3847,0.386,16331767.0,6325516.8295
2026-01-02 21:00:00,0.386,0.3914,0.3858,0.3903,18396732.0,7154639.5967
2026-01-02 22:00:00,0.3903,0.3962,0.3896,0.3944,40253990.0,15808349.4212
2026-01-02 23:00:00,0.3944,0.3961,0.3926,0.3948,28354881.0,11186355.2778
2026-01-03 00:00:00,0.3948,0.3991,0.3946,0.3946,24282554.0,9631794.0622
2026-01-03 01:00:00,0.3946,0.3961,0.3925,0.3937,23965465.0,9442794.8128
2026-01-03 02:00:00,0.3937,0.3969,0.3915,0.3964,7121802.0,2805238.8267
2026-01-03 03:00:00,0.3964,0.3988,0.3938,0.3982,9428239.0,3739074.5014
2026-01-03 04:00:00,0.3982,0.3986,0.3959,0.3972,9799413.0,3890831.8774
2026-01-03 05:00:00,0.3972,0.3984,0.3922,0.3929,12287420.0,4860258.7083
2026-01-03 06:00:00,0.3929,0.3951,0.3893,0.3907,20579633.0,8072284.5454
2026-01-03 07:00:00,0.3907,0.3918,0.383,0.3843,17816074.0,6867753.7002
2026-01-03 08:00:00,0.3843,0.3876,0.3826,0.3865,14194990.0,5473521.3354
2026-01-03 09:00:00,0.3865,0.3889,0.3856,0.3873,9160240.0,3547977.312
2026-01-03 10:00:00,0.3873,0.3873,0.3847,0.3852,5769966.0,2225082.4206
2026-01-03 11:00:00,0.3852,0.3854,0.3834,0.3844,8926057.0,3430477.0805
2026-01-03 12:00:00,0.3844,0.3869,0.3834,0.3867,9707469.0,3739977.1546
2026-01-03 13:00:00,0.3867,0.3874,0.3853,0.387,8536714.0,3297753.621
2026-01-03 14:00:00,0.387,0.3909,0.3863,0.3868,20483277.0,7961843.4415
2026-01-03 15:00:00,0.3868,0.3877,0.3857,0.3862,11700166.0,4521282.1561
2026-01-03 16:00:00,0.3862,0.3885,0.3854,0.3874,12595063.0,4872328.0103
2026-01-03 17:00:00,0.3874,0.3886,0.3864,0.388,6632256.0,2571042.0108
2026-01-03 18:00:00,0.388,0.3896,0.3867,0.3891,17694454.0,6878532.4823
2026-01-03 19:00:00,0.3891,0.3892,0.3876,0.3884,3881900.0,1506993.8212
2026-01-03 20:00:00,0.3884,0.3886,0.3858,0.3881,14897565.0,5761703.869
2026-01-03 21:00:00,0.3881,0.3903,0.3871,0.3887,9852872.0,3830097.5361
2026-01-03 22:00:00,0.3887,0.3908,0.3879,0.3896,18284317.0,7125411.5056
2026-01-03 23:00:00,0.3896,0.39,0.3886,0.3893,4280712.0,1667186.9306
2026-01-04 00:00:00,0.3893,0.3959,0.3886,0.3949,46595807.0,18301297.5434
2026-01-04 01:00:00,0.3949,0.3949,0.3913,0.3941,17400078.0,6843749.8675
2026-01-04 02:00:00,0.3941,0.3955,0.3927,0.3936,12661573.0,4984982.0294
2026-01-04 03:00:00,0.3936,0.4002,0.3935,0.3994,10838788.0,4308903.3682
2026-01-04 04:00:00,0.3994,0.4019,0.3967,0.3976,14091722.0,5627873.0046
2026-01-04 05:00:00,0.3976,0.399,0.3958,0.3984,13067168.0,5195712.4782
2026-01-04 06:00:00,0.3984,0.3993,0.3937,0.3943,11091813.0,4401224.4071
2026-01-04 07:00:00,0.3943,0.3973,0.394,0.3959,16375825.0,6479300.28
2026-01-04 08:00:00,0.3959,0.3988,0.3928,0.3981,16963395.0,6722843.5933
2026-01-04 09:00:00,0.3981,0.4035,0.3963,0.4029,37251017.0,14907605.6046
2026-01-04 10:00:00,0.4029,0.4053,0.4021,0.4032,24986054.0,10079805.3214
2026-01-04 11:00:00,0.4032,0.4032,0.3989,0.4011,16682020.0,6679131.7398
2026-01-04 12:00:00,0.4011,0.4043,0.4003,0.4011,18818036.0,7569470.2658
2026-01-04 13:00:00,0.4011,0.4011,0.3972,0.3997,35104814.0,13998164.868
2026-01-04 14:00:00,0.3997,0.4007,0.3957,0.3985,27289871.0,10872828.2639
2026-01-04 15:00:00,0.3985,0.3993,0.3961,0.3987,13520151.0,5382339.8473
2026-01-04 16:00:00,0.3987,0.4027,0.3981,0.4023,25850548.0,10357703.9193
2026-01-04 17:00:00,0.4023,0.4041,0.4007,0.4029,26167141.0,10528293.6391
2026-01-04 18:00:00,0.4029,0.4035,0.3983,0.4006,16768506.0,6712888.7403
2026-01-04 19:00:00,0.4006,0.4006,0.3952,0.3985,17319478.0,6880206.0209
2026-01-04 20:00:00,0.3985,0.4016,0.3979,0.3991,9892875.0,3958299.7575
2026-01-04 21:00:00,0.3991,0.4016,0.3966,0.3987,15204025.0,6066980.9939
2026-01-04 22:00:00,0.3987,0.4014,0.3976,0.3984,18078352.0,7216294.1558
2026-01-04 23:00:00,0.3984,0.4025,0.398,0.4005,16800710.0,6725385.0677
2026-01-05 00:00:00,0.4005,0.4032,0.3977,0.4013,28177641.0,11276820.9669
2026-01-05 01:00:00,0.4013,0.4078,0.4007,0.406,23561671.0,9530455.5155
2026-01-05 02:00:00,0.406,0.4071,0.4009,0.4042,27439494.0,11066598.2739
2026-01-05 03:00:00,0.4042,0.4053,0.4019,0.4031,10120833.0,4083054.9975
2026-01-05 04:00:00,0.4031,0.4034,0.3936,0.3972,18724530.0,7440690.7495
2026-01-05 05:00:00,0.3972,0.4007,0.3962,0.3979,26937226.0,10749981.9654
2026-01-05 06:00:00,0.3979,0.3998,0.3953,0.3994,15074774.0,6004433.4341
2026-01-05 07:00:00,0.3994,0.4025,0.3987,0.4009,19937882.0,7994626.1113
2026-01-05 08:00:00,0.4009,0.404,0.3983,0.3983,20041389.0,8033660.3846
2026-01-05 09:00:00,0.3983,0.3991,0.3955,0.3962,19498051.0,7743199.7391
2026-01-05 10:00:00,0.3962,0.4001,0.3959,0.3977,16717130.0,6664322.669
2026-01-05 11:00:00,0.3977,0.3997,0.3963,0.3997,7501983.0,2984713.1555
2026-01-05 12:00:00,0.3997,0.4018,0.3981,0.4005,13810545.0,5515861.3234
2026-01-05 13:00:00,0.4005,0.4018,0.3967,0.3983,12791954.0,5102608.6784
2026-01-05 14:00:00,0.3983,0.4083,0.3971,0.4034,39672493.0,15991066.004
2026-01-05 15:00:00,0.4034,0.4141,0.4009,0.4126,39321199.0,16028462.5135
2026-01-05 16:00:00,0.4126,0.4164,0.4112,0.4127,33350165.0,13790688.8205
2026-01-05 17:00:00,0.4127,0.4145,0.4066,0.4136,30405723.0,12476601.4738
2026-01-05 18:00:00,0.4136,0.4194,0.4121,0.4185,28470487.0,11832228.9643
2026-01-05 19:00:00,0.4185,0.4195,0.415,0.4172,28231228.0,11776276.9561
2026-01-05 20:00:00,0.4172,0.4237,0.4167,0.4186,32304706.0,13574481.5391
2026-01-05 21:00:00,0.4186,0.4221,0.4179,0.4211,18898119.0,7941603.5226
2026-01-05 22:00:00,0.4211,0.4248,0.4189,0.423,23212206.0,9807823.012
2026-01-05 23:00:00,0.423,0.4247,0.4208,0.4208,7226355.0,3053885.3796
2026-01-06 00:00:00,0.4208,0.4243,0.4175,0.4241,17201375.0,7229571.4385
2026-01-06 01:00:00,0.4241,0.4307,0.4229,0.4238,26737429.0,11419490.3456
2026-01-06 02:00:00,0.4238,0.4296,0.4236,0.4247,10554105.0,4497090.8652
2026-01-06 03:00:00,0.4247,0.4276,0.424,0.4255,11431701.0,4865000.6373
2026-01-06 04:00:00,0.4255,0.4268,0.4232,0.4244,5722531.0,2431848.8947
2026-01-06 05:00:00,0.4244,0.4255,0.4215,0.4227,8833809.0,3739574.4309
2026-01-06 06:00:00,0.4227,0.4256,0.4202,0.423,7795842.0,3297690.051
2026-01-06 07:00:00,0.423,0.4232,0.4139,0.4147,16063269.0,6695774.7028
2026-01-06 08:00:00,0.4147,0.4181,0.4147,0.4157,18917924.0,7876111.6904
2026-01-06 09:00:00,0.4157,0.4183,0.4153,0.4175,17506282.0,7303621.0617
2026-01-06 10:00:00,0.4175,0.4199,0.4163,0.4188,16686442.0,6983706.8557
2026-01-06 11:00:00,0.4188,0.4223,0.418,0.4219,15806291.0,6639799.4341
2026-01-06 12:00:00,0.4219,0.4239,0.421,0.4224,9580121.0,4046575.1941
2026-01-06 13:00:00,0.4224,0.4249,0.4205,0.4218,23263019.0,9827921.2659
2026-01-06 14:00:00,0.4218,0.4372,0.4218,0.4272,78967968.0,34027411.1215
2026-01-06 15:00:00,0.4272,0.4301,0.4172,0.4198,52693249.0,22344428.1407
2026-01-06 16:00:00,0.4198,0.4208,0.4058,0.4099,65456994.0,27042447.936
2026-01-06 17:00:00,0.4099,0.4114,0.4014,0.4023,33842759.0,13765783.375
2026-01-06 18:00:00,0.4023,0.4092,0.401,0.4077,14804328.0,6015606.7686
2026-01-06 19:00:00,0.4077,0.4091,0.4065,0.4073,10369205.0,4227919.1895
2026-01-06 20:00:00,0.4073,0.413,0.4073,0.412,10437976.0,4287705.2466
2026-01-06 21:00:00,0.412,0.4219,0.41,0.4175,26312407.0,10982563.4691
2026-01-06 22:00:00,0.4175,0.419,0.4145,0.4172,16079586.0,6689881.9851
2026-01-06 23:00:00,0.4172,0.4209,0.4169,0.4194,11370982.0,4768213.2164
2026-01-07 00:00:00,0.4194,0.4194,0.4123,0.4126,11469731.0,4776923.0141
2026-01-07 01:00:00,0.4126,0.4146,0.4095,0.4101,10704751.0,4403289.441
2026-01-07 02:00:00,0.4101,0.4144,0.4088,0.4138,11352390.0,4673710.5002
2026-01-07 03:00:00,0.4138,0.4155,0.4114,0.4119,6690714.0,2766068.2306
2026-01-07 04:00:00,0.4119,0.413,0.4104,0.4117,4081399.0,1680528.8018
2026-01-07 05:00:00,0.4117,0.4124,0.4095,0.4099,4103320.0,1685515.284
2026-01-07 06:00:00,0.4099,0.4125,0.4098,0.411,8730813.0,3590270.4587
2026-01-07 07:00:00,0.411,0.4186,0.4109,0.4185,11569972.0,4790595.1336
2026-01-07 08:00:00,0.4185,0.4226,0.4174,0.421,16138254.0,6771485.99
2026-01-07 09:00:00,0.421,0.421,0.4091,0.4101,18489596.0,7649795.4971
2026-01-07 10:00:00,0.4101,0.4136,0.409,0.4128,14572386.0,5991563.7517
2026-01-07 11:00:00,0.4128,0.4163,0.4127,0.4148,9910797.0,4112302.3256
2026-01-07 12:00:00,0.4148,0.4155,0.411,0.4113,8906072.0,3681666.374
2026-01-07 13:00:00,0.4113,0.4129,0.4092,0.4097,11651301.0,4786228.1113
2026-01-07 14:00:00,0.4097,0.41,0.4004,0.4073,44382931.0,17951346.9816
2026-01-07 15:00:00,0.4073,0.4075,0.3999,0.4027,26806690.0,10783833.9238
2026-01-07 16:00:00,0.4027,0.4058,0.4012,0.4037,19531714.0,7889636.2361
2026-01-07 17:00:00,0.4037,0.4076,0.4025,0.4036,14932777.0,6048237.6834
2026-01-07 18:00:00,0.4036,0.4058,0.4017,0.4033,14218151.0,5737716.3143
2026-01-07 19:00:00,0.4033,0.4043,0.4003,0.4027,15338965.0,6165464.41
2026-01-07 20:00:00,0.4027,0.4038,0.3987,0.4007,22788182.0,9128252.087
2026-01-07 21:00:00,0.4007,0.4026,0.4004,0.4009,9608430.0,3856662.2426
2026-01-07 22:00:00,0.4009,0.4035,0.3982,0.4001,16829381.0,6740850.1154
2026-01-07 23:00:00,0.4001,0.4042,0.3973,0.4019,19641071.0,7885202.3311
2026-01-08 00:00:00,0.4019,0.4033,0.3994,0.4029,17221258.0,6914422.274
2026-01-08 01:00:00,0.4029,0.4046,0.4017,0.4037,8625074.0,3477357.8004
2026-01-08 02:00:00,0.4037,0.4044,0.3991,0.4001,31536734.0,12661273.4411
2026-01-08 03:00:00,0.4001,0.4022,0.395,0.3976,30302639.0,12075274.6381
2026-01-08 04:00:00,0.3976,0.4016,0.3965,0.4004,12066927.0,4816401.9964
2026-01-08 05:00:00,0.4004,0.4018,0.3979,0.3984,8865454.0,3546581.2731
2026-01-08 06:00:00,0.3984,0.3991,0.391,0.3913,35479150.0,14016422.4349
2026-01-08 07:00:00,0.3913,0.3954,0.389,0.3952,24124269.0,9461617.491
2026-01-08 08:00:00,0.3952,0.397,0.3918,0.3924,14986583.0,5906782.7617
2026-01-08 09:00:00,0.3924,0.3942,0.3894,0.3897,15447381.0,6048121.3712
2026-01-08 10:00:00,0.3897,0.3927,0.3867,0.3919,17366388.0,6765814.8503
2026-01-08 11:00:00,0.3919,0.3925,0.3872,0.3903,17503923.0,6814418.1372
2026-01-08 12:00:00,0.3903,0.3905,0.3868,0.3884,9076788.0,3524807.2782
2026-01-08 13:00:00,0.3884,0.3903,0.3876,0.389,14645393.0,5697554.8616
2026-01-08 14:00:00,0.389,0.39,0.3845,0.3885,38594695.0,14964010.7806
2026-01-08 15:00:00,0.3885,0.3952,0.3864,0.3949,38508076.0,15088667.9772
2026-01-08 16:00:00,0.3949,0.3958,0.3902,0.3949,25272998.0,9946378.3446
2026-01-08 17:00:00,0.3949,0.3977,0.3922,0.3969,14442747.0,5700250.303
2026-01-08 18:00:00,0.3969,0.3973,0.3933,0.3943,14602149.0,5763797.0566
2026-01-08 19:00:00,0.3943,0.3963,0.3921,0.3931,15118071.0,5959254.0066
2026-01-08 20:00:00,0.3931,0.3934,0.3893,0.3928,17885440.0,6996356.6196
2026-01-08 21:00:00,0.3928,0.3977,0.3925,0.3975,10502127.0,4149072.7692
2026-01-08 22:00:00,0.3975,0.3989,0.3944,0.3966,10511220.0,4168232.0717
2026-01-08 23:00:00,0.3966,0.3976,0.3954,0.3954,9084177.0,3602208.4427
2026-01-09 00:00:00,0.3954,0.398,0.3953,0.3974,6678074.0,2647688.4023
2026-01-09 01:00:00,0.3974,0.4004,0.3944,0.3954,14435080.0,5730533.226
2026-01-09 02:00:00,0.3954,0.3995,0.3946,0.3952,9582790.0,3812481.0747
2026-01-09 03:00:00,0.3952,0.3983,0.3943,0.3983,10730247.0,4252403.9491
2026-01-09 04:00:00,0.3983,0.3987,0.3958,0.396,5128331.0,2035092.397
2026-01-09 05:00:00,0.396,0.397,0.3939,0.3967,5146851.0,2034095.7255
2026-01-09 06:00:00,0.3967,0.3996,0.3956,0.3993,12294247.0,4889152.1226
2026-01-09 07:00:00,0.3993,0.3994,0.3968,0.397,6522187.0,2597926.2757
2026-01-09 08:00:00,0.397,0.3975,0.3894,0.3916,22343249.0,8795873.8528
2026-01-09 09:00:00,0.3916,0.3945,0.3914,0.3915,10124930.0,3982941.7916
2026-01-09 10:00:00,0.3915,0.3925,0.3906,0.3914,6115634.0,2393461.8054
2026-01-09 11:00:00,0.3914,0.3938,0.391,0.3915,7201606.0,2823675.3733
2026-01-09 12:00:00,0.3915,0.3924,0.3895,0.3913,6411703.0,2505128.0867
2026-01-09 13:00:00,0.3913,0.3978,0.3911,0.3954,14654532.0,5788691.0627
2026-01-09 14:00:00,0.3954,0.3956,0.3874,0.3904,31852668.0,12431331.7563
2026-01-09 15:00:00,0.3904,0.4052,0.388,0.3969,42301561.0,16840084.0326
2026-01-09 16:00:00,0.3969,0.4043,0.3968,0.4016,18867451.0,7565269.4917
2026-01-09 17:00:00,0.4016,0.4018,0.3925,0.3961,23058424.0,9126607.9326
2026-01-09 18:00:00,0.3961,0.3971,0.3894,0.3928,15591992.0,6121672.0705
2026-01-09 19:00:00,0.3928,0.3928,0.3887,0.3899,13938998.0,5440074.9787
2026-01-09 20:00:00,0.3899,0.3928,0.3896,0.3908,10504866.0,4106614.8892
2026-01-09 21:00:00,0.3908,0.3934,0.3892,0.3925,10207922.0,3995607.8351
2026-01-09 22:00:00,0.3925,0.3937,0.3906,0.3931,10066141.0,3948989.325
2026-01-09 23:00:00,0.3931,0.3933,0.3906,0.3913,11597224.0,4545727.9663
2026-01-10 00:00:00,0.3913,0.3913,0.3884,0.3894,14749057.0,5745586.7685
2026-01-10 01:00:00,0.3894,0.3905,0.3888,0.39,7806898.0,3044161.5148
2026-01-10 02:00:00,0.39,0.3911,0.3888,0.3893,6448375.0,2516343.7581
2026-01-10 03:00:00,0.3893,0.3893,0.3864,0.3889,9767892.0,3790144.165
2026-01-10 04:00:00,0.3889,0.3891,0.3871,0.3877,4319531.0,1674704.398
2026-01-10 05:00:00,0.3877,0.3884,0.387,0.3872,7277640.0,2821056.3288
2026-01-10 06:00:00,0.3872,0.3878,0.3842,0.3858,9010597.0,3478598.8912
2026-01-10 07:00:00,0.3858,0.3884,0.3858,0.3878,17644562.0,6833514.6739
2026-01-10 08:00:00,0.3878,0.3884,0.3867,0.3879,13101613.0,5077529.9628
2026-01-10 09:00:00,0.3879,0.3903,0.3877,0.3902,24291361.0,9438050.7698
2026-01-10 10:00:00,0.3902,0.3913,0.3892,0.3907,11405583.0,4452523.4428
2026-01-10 11:00:00,0.3907,0.391,0.3897,0.391,6902175.0,2693447.535
2026-01-10 12:00:00,0.391,0.3923,0.3906,0.3922,9404857.0,3681745.9133
2026-01-10 13:00:00,0.3922,0.3923,0.3903,0.3904,5835178.0,2282146.5133
2026-01-10 14:00:00,0.3904,0.3904,0.3886,0.3892,14204327.0,5529012.214
2026-01-10 15:00:00,0.3892,0.3905,0.3892,0.3895,7502253.0,2924934.3649
2026-01-10 16:00:00,0.3895,0.3907,0.3883,0.3901,9073810.0,3533593.1379
2026-01-10 17:00:00,0.3901,0.3917,0.3888,0.3891,5610953.0,2191484.1917
2026-01-10 18:00:00,0.3891,0.3908,0.3884,0.3894,4519561.0,1761103.6612
2026-01-10 19:00:00,0.3894,0.3912,0.3889,0.391,3381105.0,1319453.9858
2026-01-10 20:00:00,0.391,0.3914,0.39,0.3901,1644267.0,642343.2492
2026-01-10 21:00:00,0.3901,0.3905,0.3887,0.3887,2986881.0,1163257.3652
2026-01-10 22:00:00,0.3887,0.3888,0.3852,0.3856,8225580.0,3182090.9406
2026-01-10 23:00:00,0.3856,0.3888,0.3853,0.3883,4597632.0,1781504.8734
2026-01-11 00:00:00,0.3883,0.3892,0.3874,0.3889,4423539.0,1718228.9902
2026-01-11 01:00:00,0.3889,0.3901,0.3882,0.3899,4125550.0,1605728.6481
2026-01-11 02:00:00,0.3899,0.3919,0.3897,0.3901,12563135.0,4908111.017
2026-01-11 03:00:00,0.3901,0.3908,0.3895,0.3903,3262966.0,1272904.0284
2026-01-11 04:00:00,0.3903,0.3911,0.3893,0.3909,7853844.0,3064251.8295
2026-01-11 05:00:00,0.3909,0.3918,0.39,0.3914,6610368.0,2583561.1322
2026-01-11 06:00:00,0.3914,0.3916,0.3887,0.3903,7912180.0,3083320.1643
2026-01-11 07:00:00,0.3903,0.3914,0.39,0.3913,4591169.0,1793865.4889
2026-01-11 08:00:00,0.3913,0.3921,0.3904,0.3914,5171414.0,2022289.5484
2026-01-11 09:00:00,0.3914,0.3931,0.3906,0.3911,9712121.0,3804816.1155
2026-01-11 10:00:00,0.3911,0.3914,0.3895,0.3909,5146228.0,2009940.4665
2026-01-11 11:00:00,0.3909,0.3919,0.3906,0.3914,3924896.0,1535385.8052
2026-01-11 12:00:00,0.3914,0.3966,0.3914,0.3957,9816894.0,3862904.2048
2026-01-11 13:00:00,0.3957,0.3971,0.3933,0.3934,11667988.0,4607933.0705
2026-01-11 14:00:00,0.3934,0.3961,0.3929,0.3953,9262841.0,3651540.2712
2026-01-11 15:00:00,0.3953,0.3957,0.3884,0.3901,20142588.0,7874209.3634
2026-01-11 16:00:00,0.3901,0.3958,0.39,0.3934,16424844.0,6452060.7894
2026-01-11 17:00:00,0.3934,0.3952,0.3917,0.3946,14435857.0,5681385.3499
2026-01-11 18:00:00,0.3946,0.3948,0.392,0.3942,13140043.0,5163523.5603
2026-01-11 19:00:00,0.3942,0.3946,0.392,0.3922,12489887.0,4915706.2695
2026-01-11 20:00:00,0.3922,0.3922,0.3863,0.3892,22621570.0,8796216.8946
2026-01-11 21:00:00,0.3892,0.3927,0.3871,0.3915,11029418.0,4301824.3869
2026-01-11 22:00:00,0.3915,0.3917,0.3874,0.3877,11296695.0,4395924.946
2026-01-11 23:00:00,0.3877,0.3924,0.3837,0.3908,17777488.0,6909450.2543
2026-01-12 00:00:00,0.3908,0.3916,0.3856,0.3912,26942704.0,10485102.6091
2026-01-12 01:00:00,0.3912,0.3956,0.3905,0.3943,22111941.0,8700034.2459
2026-01-12 02:00:00,0.3943,0.4031,0.3943,0.4017,24039534.0,9600772.9612
2026-01-12 03:00:00,0.4017,0.4034,0.397,0.3974,13509233.0,5412379.8453
2026-01-12 04:00:00,0.3974,0.4007,0.3967,0.4003,6434902.0,2567118.0157
2026-01-12 05:00:00,0.4003,0.4011,0.3977,0.3983,8612440.0,3438289.3496
2026-01-12 06:00:00,0.3983,0.3993,0.3942,0.3946,12554425.0,4980433.5635
2026-01-12 07:00:00,0.3946,0.3966,0.3896,0.3901,37998426.0,14915523.7412
2026-01-12 08:00:00,0.3901,0.3926,0.3849,0.3877,30083087.0,11696414.9701
2026-01-12 09:00:00,0.3877,0.3885,0.3861,0.3864,15894544.0,6156526.8396
2026-01-12 10:00:00,0.3864,0.3881,0.3845,0.385,15140193.0,5844637.8669
2026-01-12 11:00:00,0.385,0.388,0.3847,0.3873,15796437.0,6108792.2153
2026-01-12 12:00:00,0.3873,0.3881,0.3854,0.3861,10673147.0,4126970.8193
2026-01-12 13:00:00,0.3861,0.3867,0.3814,0.3823,19875619.0,7619409.8068
2026-01-12 14:00:00,0.3823,0.3899,0.3813,0.389,25478964.0,9831399.3282
2026-01-12 15:00:00,0.389,0.3949,0.388,0.3942,18766662.0,7367760.6466
2026-01-12 16:00:00,0.3942,0.3993,0.3941,0.3974,19188131.0,7611736.4114
2026-01-12 17:00:00,0.3974,0.3988,0.3906,0.3932,24585365.0,9690044.9254
2026-01-12 18:00:00,0.3932,0.3969,0.3922,0.3933,27108353.0,10692809.4817
2026-01-12 19:00:00,0.3933,0.3938,0.3913,0.3931,11775591.0,4624001.7137
2026-01-12 20:00:00,0.3931,0.3951,0.3887,0.3891,19311787.0,7564108.9264
2026-01-12 21:00:00,0.3891,0.3891,0.3834,0.3851,21554839.0,8337311.0043
2026-01-12 22:00:00,0.3851,0.3877,0.3848,0.3868,33021059.0,12756881.3175
2026-01-12 23:00:00,0.3868,0.3893,0.3853,0.3859,18980148.0,7345456.5907
2026-01-13 00:00:00,0.3859,0.3871,0.3849,0.3866,12505623.0,4831453.6046
2026-01-13 01:00:00,0.3866,0.388,0.3848,0.3859,5054011.0,1952978.8244
2026-01-13 02:00:00,0.3859,0.3888,0.3856,0.3858,7368679.0,2850688.2935
2026-01-13 03:00:00,0.3858,0.3882,0.3853,0.3866,7380315.0,2851172.3164
2026-01-13 04:00:00,0.3866,0.389,0.3862,0.3889,3707087.0,1436066.0093
2026-01-13 05:00:00,0.3889,0.3957,0.3889,0.3917,14835757.0,5820855.1821
2026-01-13 06:00:00,0.3917,0.3933,0.3904,0.3921,5072649.0,1986888.4961
2026-01-13 07:00:00,0.3921,0.3922,0.3896,0.39,12074146.0,4716869.8149
2026-01-13 08:00:00,0.39,0.3938,0.3895,0.393,9177672.0,3594590.3243
2026-01-13 09:00:00,0.393,0.3953,0.3917,0.3929,20459983.0,8050641.2602
2026-01-13 10:00:00,0.3929,0.3942,0.3907,0.3913,18883534.0,7409545.4422
2026-01-13 11:00:00,0.3913,0.3935,0.3903,0.3922,16997723.0,6660449.597
2026-01-13 12:00:00,0.3922,0.3936,0.3907,0.3931,17528498.0,6874994.3
2026-01-13 13:00:00,0.3931,0.3976,0.3923,0.3938,29271437.0,11561701.1577
2026-01-13 14:00:00,0.3938,0.4026,0.3919,0.3981,55336504.0,22067027.5289
2026-01-13 15:00:00,0.3981,0.4062,0.3955,0.406,51374720.0,20546292.9627
2026-01-13 16:00:00,0.406,0.4111,0.406,0.4092,38909849.0,15887086.7592
2026-01-13 17:00:00,0.4092,0.4103,0.4048,0.4062,24128651.0,9820193.0621
2026-01-13 18:00:00,0.4062,0.4089,0.4052,0.4061,13480736.0,5488681.2326
2026-01-13 19:00:00,0.4061,0.4103,0.4049,0.4101,12340142.0,5037031.057
2026-01-13 20:00:00,0.4101,0.4116,0.4064,0.4088,26430894.0,10818528.9492
2026-01-13 21:00:00,0.4088,0.4107,0.408,0.41,8713396.0,3568263.0652
2026-01-13 22:00:00,0.41,0.425,0.4097,0.4222,33080517.0,13888298.408
2026-01-13 23:00:00,0.4222,0.4266,0.4193,0.4219,22891817.0,9683552.4386
2026-01-14 00:00:00,0.4219,0.424,0.4197,0.4225,17954288.0,7576482.8349
2026-01-14 01:00:00,0.4225,0.4242,0.4204,0.4211,11707763.0,4944291.1817
2026-01-14 02:00:00,0.4211,0.4241,0.42,0.4215,11441486.0,4830140.4652
2026-01-14 03:00:00,0.4215,0.426,0.4212,0.426,9958398.0,4216634.7828
2026-01-14 04:00:00,0.426,0.4269,0.4226,0.4238,11927636.0,5066526.5454
2026-01-14 05:00:00,0.4238,0.424,0.4212,0.4219,6811332.0,2877780.8513
2026-01-14 06:00:00,0.4219,0.4259,0.4182,0.4253,15091752.0,6359388.5895
2026-01-14 07:00:00,0.4253,0.427,0.4227,0.4238,9412739.0,3998788.3008
2026-01-14 08:00:00,0.4238,0.4253,0.4205,0.4207,7279751.0,3080105.176
2026-01-14 09:00:00,0.4207,0.4219,0.4195,0.4203,13747702.0,5783782.0896
2026-01-14 10:00:00,0.4203,0.4209,0.4176,0.4182,26083335.0,10924081.7879
2026-01-14 11:00:00,0.4182,0.4184,0.4133,0.414,26440763.0,10999019.7734
2026-01-14 12:00:00,0.414,0.4164,0.4133,0.4151,16587887.0,6894051.685
2026-01-14 13:00:00,0.4151,0.4158,0.4111,0.412,21925235.0,9067495.4898
2026-01-14 14:00:00,0.412,0.4224,0.4116,0.4192,27630415.0,11516721.5724
2026-01-14 15:00:00,0.4192,0.423,0.4168,0.4198,22330867.0,9360226.4861
2026-01-14 16:00:00,0.4198,0.4238,0.4194,0.4209,29867007.0,12594003.5198
2026-01-14 17:00:00,0.4209,0.4223,0.4153,0.4161,19529476.0,8184651.9981
2026-01-14 18:00:00,0.4161,0.4174,0.4094,0.4133,22376526.0,9254287.4467
2026-01-14 19:00:00,0.4133,0.4202,0.4124,0.4148,13731848.0,5711010.3293
2026-01-14 20:00:00,0.4148,0.4176,0.4114,0.4126,10930793.0,4519487.6235
2026-01-14 21:00:00,0.4126,0.415,0.4117,0.4139,8700255.0,3599183.2339
2026-01-14 22:00:00,0.4139,0.4145,0.4103,0.4121,10926675.0,4507396.4235
2026-01-14 23:00:00,0.4121,0.416,0.4121,0.414,6410247.0,2652362.8844
2026-01-15 00:00:00,0.414,0.4141,0.4106,0.4117,11365170.0,4685289.4562
2026-01-15 01:00:00,0.4117,0.414,0.4074,0.4081,14046521.0,5765276.6938
2026-01-15 02:00:00,0.4081,0.4092,0.4045,0.4053,17251146.0,7019369.4459
2026-01-15 03:00:00,0.4053,0.4061,0.3988,0.4001,26974417.0,10816359.819
2026-01-15 04:00:00,0.4001,0.4031,0.3994,0.4023,6021219.0,2417517.1552
2026-01-15 05:00:00,0.4023,0.4039,0.4015,0.4022,5846312.0,2353066.7993
2026-01-15 06:00:00,0.4022,0.4032,0.4002,0.4009,8179743.0,3284398.0067
2026-01-15 07:00:00,0.4009,0.4052,0.4006,0.4043,8403102.0,3389632.3737
2026-01-15 08:00:00,0.4043,0.4051,0.402,0.4033,11389695.0,4589416.7466
2026-01-15 09:00:00,0.4033,0.4063,0.4008,0.4047,21702974.0,8749857.7722
2026-01-15 10:00:00,0.4047,0.4052,0.4032,0.405,12082304.0,4885574.7242
2026-01-15 11:00:00,0.405,0.4059,0.4037,0.4047,17986107.0,7285739.9324
2026-01-15 12:00:00,0.4047,0.4077,0.4041,0.4074,28425727.0,11540234.6712
2026-01-15 13:00:00,0.4074,0.4104,0.4051,0.4082,35319378.0,14402834.9844
2026-01-15 14:00:00,0.4082,0.4098,0.4001,0.4028,49533934.0,20085948.7432
2026-01-15 15:00:00,0.4028,0.4045,0.3931,0.3996,71647974.0,28512286.8211
2026-01-15 16:00:00,0.3996,0.3998,0.3953,0.3991,23860593.0,9492017.6093
2026-01-15 17:00:00,0.3991,0.4009,0.3953,0.3957,21966028.0,8746566.5795
2026-01-15 18:00:00,0.3957,0.3967,0.3904,0.3917,31356081.0,12322874.1418
2026-01-15 19:00:00,0.3917,0.3929,0.3892,0.3923,24114968.0,9430370.279
2026-01-15 20:00:00,0.3923,0.3937,0.3888,0.39,14179701.0,5540709.959
2026-01-15 21:00:00,0.39,0.3932,0.39,0.3927,9772053.0,3831339.5013
2026-01-15 22:00:00,0.3927,0.3943,0.3918,0.3936,15133634.0,5950402.3498
2026-01-15 23:00:00,0.3936,0.3943,0.3923,0.3934,4759729.0,1871347.8199
2026-01-16 00:00:00,0.3934,0.394,0.3926,0.3927,3733165.0,1468602.9363
2026-01-16 01:00:00,0.3927,0.3936,0.3913,0.3919,8519533.0,3340535.9036
2026-01-16 02:00:00,0.3919,0.3929,0.3894,0.3926,10754868.0,4203375.9011
2026-01-16 03:00:00,0.3926,0.3932,0.3906,0.3912,6169063.0,2418254.4929
2026-01-16 04:00:00,0.3912,0.3922,0.3883,0.3895,13064970.0,5100645.1761
2026-01-16 05:00:00,0.3895,0.3938,0.3892,0.3928,15770670.0,6186789.3541
2026-01-16 06:00:00,0.3928,0.3943,0.3918,0.3939,4555750.0,1790596.5793
2026-01-16 07:00:00,0.3939,0.3941,0.392,0.3922,5874189.0,2308134.663
2026-01-16 08:00:00,0.3922,0.3936,0.3918,0.3926,26300745.0,10331352.5399
2026-01-16 09:00:00,0.3926,0.3931,0.3914,0.3916,5130538.0,2011471.5685
2026-01-16 10:00:00,0.3916,0.3916,0.3904,0.391,4493778.0,1756779.6421
2026-01-16 11:00:00,0.391,0.3925,0.3901,0.3925,10759992.0,4211531.5117
2026-01-16 12:00:00,0.3925,0.3926,0.3903,0.3911,7240467.0,2833198.9932
2026-01-16 13:00:00,0.3911,0.3914,0.3884,0.3898,26014863.0,10137614.7806
2026-01-16 14:00:00,0.3898,0.3919,0.3887,0.389,22034193.0,8592116.8108
2026-01-16 15:00:00,0.389,0.3909,0.3788,0.3814,65124184.0,25033632.5232
2026-01-16 16:00:00,0.3814,0.3849,0.3801,0.3838,22321938.0,8549739.6524
2026-01-16 17:00:00,0.3838,0.3869,0.3814,0.3867,14826539.0,5696453.5602
2026-01-16 18:00:00,0.3867,0.3879,0.3857,0.3864,9630995.0,3724205.1516
2026-01-16 19:00:00,0.3864,0.3873,0.3841,0.3866,9181777.0,3540744.5037
2026-01-16 20:00:00,0.3866,0.3949,0.3846,0.3944,19021436.0,7435547.9056
2026-01-16 21:00:00,0.3944,0.3979,0.3933,0.3962,15016788.0,5945819.5448
2026-01-16 22:00:00,0.3962,0.3985,0.3946,0.3963,15869082.0,6287844.54
2026-01-16 23:00:00,0.3963,0.3971,0.3949,0.3953,6444862.0,2551185.0759
2026-01-17 00:00:00,0.3953,0.3972,0.3948,0.3955,8352926.0,3308440.1651
2026-01-17 01:00:00,0.3955,0.3968,0.3949,0.3958,3199494.0,1265871.7185
2026-01-17 02:00:00,0.3958,0.396,0.3933,0.3945,12183117.0,4803299.5455
2026-01-17 03:00:00,0.3945,0.3957,0.3935,0.3944,9297486.0,3671064.5615
2026-01-17 04:00:00,0.3944,0.3962,0.3936,0.3958,7217445.0,2851369.3342
2026-01-17 05:00:00,0.3958,0.3967,0.3954,0.3959,16553838.0,6556890.7033
2026-01-17 06:00:00,0.3959,0.3961,0.3948,0.3949,11957760.0,4727613.3981
2026-01-17 07:00:00,0.3949,0.3958,0.3935,0.3954,10040681.0,3963043.7237
2026-01-17 08:00:00,0.3954,0.3969,0.3951,0.3957,11987909.0,4747655.0392
2026-01-17 09:00:00,0.3957,0.3967,0.395,0.3951,7127607.0,2821682.5622
2026-01-17 10:00:00,0.3951,0.3966,0.3945,0.3959,10030806.0,3970517.7254
2026-01-17 11:00:00,0.3959,0.3967,0.3943,0.3945,18763216.0,7422216.9397
2026-01-17 12:00:00,0.3945,0.3964,0.3942,0.3958,13275077.0,5253654.3773
2026-01-17 13:00:00,0.3958,0.3981,0.395,0.3975,16118385.0,6395411.0509
2026-01-17 14:00:00,0.3975,0.4016,0.396,0.4008,22374064.0,8914897.4554
2026-01-17 15:00:00,0.4008,0.4024,0.3997,0.4024,11853671.0,4752396.7715
2026-01-17 16:00:00,0.4024,0.4041,0.3987,0.4003,21544993.0,8651793.3818
2026-01-17 17:00:00,0.4003,0.4019,0.3991,0.4003,10709840.0,4289605.7946
2026-01-17 18:00:00,0.4003,0.4004,0.3985,0.3999,5036095.0,2012292.1578
2026-01-17 19:00:00,0.3999,0.4011,0.399,0.4001,3939067.0,1576418.1524
2026-01-17 20:00:00,0.4001,0.402,0.3984,0.3988,10347528.0,4138985.4982
2026-01-17 21:00:00,0.3988,0.399,0.3975,0.3986,19126646.0,7616556.8652
2026-01-17 22:00:00,0.3986,0.3987,0.3948,0.3962,16369568.0,6493011.6178
2026-01-17 23:00:00,0.3962,0.3973,0.3955,0.3971,7249672.0,2873248.7306
2026-01-18 00:00:00,0.3971,0.3987,0.3956,0.3964,11371418.0,4515231.1582
2026-01-18 01:00:00,0.3964,0.3966,0.3928,0.394,18454572.0,7280735.7188
2026-01-18 02:00:00,0.394,0.3958,0.3933,0.394,8665215.0,3417694.3925
2026-01-18 03:00:00,0.394,0.3965,0.3937,0.3952,11336919.0,4486857.7742
2026-01-18 04:00:00,0.3952,0.3953,0.3935,0.3951,4909113.0,1936503.4314
2026-01-18 05:00:00,0.3951,0.3959,0.3941,0.3951,7367856.0,2909241.1793
2026-01-18 06:00:00,0.3951,0.3959,0.3939,0.3949,3381919.0,1335387.915
2026-01-18 07:00:00,0.3949,0.3951,0.393,0.394,7296512.0,2874911.7522
2026-01-18 08:00:00,0.394,0.3941,0.3918,0.3935,9265758.0,3641863.5173
2026-01-18 09:00:00,0.3935,0.3946,0.3927,0.3941,4376600.0,1723317.2884
2026-01-18 10:00:00,0.3941,0.3946,0.3922,0.3935,10894948.0,4285563.9541
2026-01-18 11:00:00,0.3935,0.3936,0.3924,0.3927,9893372.0,3887687.9054
2026-01-18 12:00:00,0.3927,0.3938,0.3918,0.3922,5300767.0,2081191.6804
2026-01-18 13:00:00,0.3922,0.3939,0.3907,0.3925,11719639.0,4596255.7948
2026-01-18 14:00:00,0.3925,0.3952,0.39,0.3902,12509102.0,4908388.0261
2026-01-18 15:00:00,0.3902,0.3924,0.3891,0.3921,9534903.0,3727362.7349
2026-01-18 16:00:00,0.3921,0.3937,0.391,0.3917,8717621.0,3422586.3153
2026-01-18 17:00:00,0.3917,0.3923,0.3898,0.3919,5226872.0,2043459.5051
2026-01-18 18:00:00,0.3919,0.396,0.3908,0.3944,9273856.0,3652538.1805
2026-01-18 19:00:00,0.3944,0.3955,0.3917,0.3924,8070623.0,3174951.7782
2026-01-18 20:00:00,0.3924,0.3951,0.3911,0.3935,6533459.0,2571046.1067
2026-01-18 21:00:00,0.3935,0.3945,0.3925,0.3942,3243615.0,1276157.1602
2026-01-18 22:00:00,0.3942,0.3969,0.3939,0.3958,6383958.0,2523779.4909
2026-01-18 23:00:00,0.3958,0.3958,0.3744,0.3754,41626451.0,15986382.5557
2026-01-19 00:00:00,0.3754,0.3754,0.3421,0.363,98220449.0,35072326.8257
2026-01-19 01:00:00,0.363,0.3663,0.3607,0.3633,22728271.0,8266166.7301
2026-01-19 02:00:00,0.3633,0.366,0.3623,0.3649,17607546.0,6418729.2247
2026-01-19 03:00:00,0.3649,0.3659,0.3636,0.3655,9157637.0,3341636.0814
2026-01-19 04:00:00,0.3655,0.3658,0.3626,0.3627,28767622.0,10474042.2393
2026-01-19 05:00:00,0.3627,0.3667,0.3626,0.3639,36338266.0,13248595.6329
2026-01-19 06:00:00,0.3639,0.3641,0.3608,0.3623,30083894.0,10885473.4718
2026-01-19 07:00:00,0.3623,0.3651,0.3622,0.3639,27037139.0,9829879.241
2026-01-19 08:00:00,0.3639,0.3693,0.3631,0.3691,23685172.0,8674971.3464
2026-01-19 09:00:00,0.3691,0.3705,0.3678,0.3697,12171314.0,4494060.3828
2026-01-19 10:00:00,0.3697,0.3711,0.3684,0.3707,14293139.0,5283571.3412
2026-01-19 11:00:00,0.3707,0.3728,0.3684,0.3689,21863466.0,8105264.9899
2026-01-19 12:00:00,0.3689,0.369,0.366,0.3667,25814760.0,9479646.4028
2026-01-19 13:00:00,0.3667,0.3673,0.3651,0.3657,15759426.0,5770261.8473
2026-01-19 14:00:00,0.3657,0.3705,0.3656,0.3678,34091020.0,12563661.9877
2026-01-19 15:00:00,0.3678,0.3688,0.3655,0.3666,13404751.0,4918349.3188
2026-01-19 16:00:00,0.3666,0.3718,0.3663,0.3707,11805234.0,4349617.0698
2026-01-19 17:00:00,0.3707,0.3708,0.3683,0.3685,8641687.0,3192016.2964
2026-01-19 18:00:00,0.3685,0.3701,0.3681,0.3689,7777165.0,2869515.7311
2026-01-19 19:00:00,0.3689,0.3729,0.3689,0.3707,10850196.0,4025346.7691
2026-01-19 20:00:00,0.3707,0.3723,0.3705,0.3711,4376574.0,1624942.4438
2026-01-19 21:00:00,0.3711,0.372,0.3693,0.3697,5703382.0,2112192.1037
2026-01-19 22:00:00,0.3697,0.3707,0.3667,0.3669,13168917.0,4851117.4841
2026-01-19 23:00:00,0.3669,0.3711,0.3669,0.37,13011199.0,4805770.5672
2026-01-20 00:00:00,0.37,0.3703,0.3677,0.3682,14158906.0,5227107.7083
2026-01-20 01:00:00,0.3682,0.3704,0.367,0.3685,12681307.0,4675469.5843
2026-01-20 02:00:00,0.3685,0.3689,0.3656,0.3676,11200218.0,4110887.5259
2026-01-20 03:00:00,0.3676,0.368,0.3653,0.3663,6951879.0,2548041.5041
2026-01-20 04:00:00,0.3663,0.3672,0.365,0.3655,16881296.0,6185265.1937
2026-01-20 05:00:00,0.3655,0.3685,0.3636,0.3675,42941062.0,15730775.8451
2026-01-20 06:00:00,0.3675,0.3676,0.3634,0.3663,26991855.0,9885242.844
2026-01-20 07:00:00,0.3663,0.3679,0.3656,0.3656,21728937.0,7972261.1023
2026-01-20 08:00:00,0.3656,0.3664,0.3574,0.3606,53246724.0,19188338.7549
2026-01-20 09:00:00,0.3606,0.3606,0.3578,0.3587,13647686.0,4902052.6643
2026-01-20 10:00:00,0.3587,0.3613,0.3585,0.3599,20923080.0,7535541.39
2026-01-20 11:00:00,0.3599,0.3609,0.3574,0.3574,16069308.0,5770535.1278
2026-01-20 12:00:00,0.3574,0.3599,0.3573,0.3589,31197447.0,11188177.0661
2026-01-20 13:00:00,0.3589,0.3598,0.3558,0.357,52202434.0,18662072.9419
2026-01-20 14:00:00,0.357,0.3639,0.3568,0.3604,67232967.0,24192549.9446
2026-01-20 15:00:00,0.3604,0.3611,0.3566,0.3591,32195586.0,11561696.5457
2026-01-20 16:00:00,0.3591,0.3602,0.3524,0.3542,22178731.0,7893285.2864
2026-01-20 17:00:00,0.3542,0.3564,0.3497,0.3517,20602079.0,7263871.4876
2026-01-20 18:00:00,0.3517,0.3531,0.3502,0.3513,11318163.0,3982921.7301
2026-01-20 19:00:00,0.3513,0.3531,0.3499,0.3522,8936289.0,3139792.8498
2026-01-20 20:00:00,0.3522,0.3541,0.3508,0.3532,5685177.0,2004214.4079
2026-01-20 21:00:00,0.3532,0.3537,0.3508,0.3518,5271472.0,1856357.4355
2026-01-20 22:00:00,0.3518,0.3526,0.3465,0.3507,19152456.0,6699674.8362
2026-01-20 23:00:00,0.3507,0.3521,0.3491,0.3505,10667354.0,3741014.7732
2026-01-21 00:00:00,0.3505,0.3569,0.3502,0.3567,22131795.0,7838643.6924
2026-01-21 01:00:00,0.3567,0.3595,0.3567,0.3577,18992983.0,6797428.8676
2026-01-21 02:00:00,0.3577,0.3607,0.3575,0.3579,18971020.0,6813348.3973
2026-01-21 03:00:00,0.3579,0.3601,0.3577,0.358,7483102.0,2683714.8588
2026-01-21 04:00:00,0.358,0.3592,0.3574,0.3588,8254123.0,2957185.0414
2026-01-21 05:00:00,0.3588,0.3622,0.3586,0.3611,17641417.0,6352077.382
2026-01-21 06:00:00,0.3611,0.3613,0.3584,0.3588,7896495.0,2842555.5792
2026-01-21 07:00:00,0.3588,0.3629,0.3581,0.3595,17707765.0,6373964.1684
2026-01-21 08:00:00,0.3595,0.3596,0.3563,0.3582,20566079.0,7370588.2214
2026-01-21 09:00:00,0.3582,0.3589,0.3572,0.3579,7356765.0,2635060.9567
2026-01-21 10:00:00,0.3579,0.3594,0.3568,0.3569,11722831.0,4197791.0321
2026-01-21 11:00:00,0.3569,0.3577,0.3541,0.3546,6878659.0,2449590.6285
2026-01-21 12:00:00,0.3546,0.355,0.3499,0.3547,22947938.0,8078620.3454
2026-01-21 13:00:00,0.3547,0.3569,0.352,0.3526,29260377.0,10369854.3516
2026-01-21 14:00:00,0.3526,0.3623,0.3519,0.3615,41205565.0,14782586.7495
2026-01-21 15:00:00,0.3615,0.3635,0.3583,0.3622,22156554.0,8000190.2164
2026-01-21 16:00:00,0.3622,0.3625,0.347,0.3474,42134704.0,14916253.1762
2026-01-21 17:00:00,0.3474,0.3516,0.3463,0.3506,32113595.0,11216281.2096
2026-01-21 18:00:00,0.3506,0.3548,0.349,0.3536,17934329.0,6309772.0387
2026-01-21 19:00:00,0.3536,0.3674,0.3519,0.3671,36242028.0,13068831.1757
2026-01-21 20:00:00,0.3671,0.368,0.3622,0.3666,26445017.0,9640360.0056
2026-01-21 21:00:00,0.3666,0.3698,0.3657,0.369,19915520.0,7329369.346
2026-01-21 22:00:00,0.369,0.3739,0.3677,0.3683,17198748.0,6365014.5432
2026-01-21 23:00:00,0.3683,0.3695,0.3646,0.3658,18180648.0,6673005.0504
2026-01-22 00:00:00,0.3658,0.3684,0.3657,0.3669,14809586.0,5434624.3043
2026-01-22 01:00:00,0.3669,0.3688,0.3661,0.3675,7955526.0,2923235.6471
2026-01-22 02:00:00,0.3675,0.3683,0.3648,0.365,4272615.0,1567921.6276
2026-01-22 03:00:00,0.365,0.3668,0.3631,0.3638,4467439.0,1630864.58
2026-01-22 04:00:00,0.3638,0.3661,0.3636,0.3657,13241713.0,4828415.8609
2026-01-22 05:00:00,0.3657,0.3672,0.3647,0.3653,9877913.0,3618085.2025
2026-01-22 06:00:00,0.3653,0.3661,0.3639,0.3654,7088177.0,2588736.643
2026-01-22 07:00:00,0.3654,0.3655,0.3631,0.3633,5604194.0,2041606.9669
2026-01-22 08:00:00,0.3633,0.365,0.3625,0.3645,12188918.0,4434089.1245
2026-01-22 09:00:00,0.3645,0.3662,0.3637,0.3654,10682122.0,3903534.2055
2026-01-22 10:00:00,0.3654,0.3658,0.3645,0.3653,4705100.0,1718417.547
2026-01-22 11:00:00,0.3653,0.3653,0.363,0.3635,12872582.0,4683162.0142
2026-01-22 12:00:00,0.3635,0.364,0.3628,0.3631,10809090.0,3929191.1752
2026-01-22 13:00:00,0.3631,0.3661,0.3608,0.3619,33603166.0,12203813.7504
2026-01-22 14:00:00,0.3619,0.3629,0.3568,0.3579,23604751.0,8499118.8461
2026-01-22 15:00:00,0.3579,0.3602,0.3552,0.3582,36993255.0,13254713.5276
2026-01-22 16:00:00,0.3582,0.3628,0.3581,0.3616,26813854.0,9663159.5465
2026-01-22 17:00:00,0.3616,0.3631,0.3596,0.3621,22324531.0,8063068.8348
2026-01-22 18:00:00,0.3621,0.3625,0.3592,0.3594,26223489.0,9472482.8686
2026-01-22 19:00:00,0.3594,0.362,0.3583,0.3613,17472376.0,6294798.9417
2026-01-22 20:00:00,0.3613,0.3617,0.3588,0.3599,13757492.0,4953137.0672
2026-01-22 21:00:00,0.3599,0.3608,0.3589,0.359,7377686.0,2655308.9296
2026-01-22 22:00:00,0.359,0.3604,0.3585,0.3596,7903281.0,2839869.0592
2026-01-22 23:00:00,0.3596,0.3597,0.3574,0.3593,5271450.0,1890896.1972
2026-01-23 00:00:00,0.3593,0.3601,0.3583,0.3592,7775306.0,2793389.4586
2026-01-23 01:00:00,0.3592,0.3612,0.3589,0.361,6345174.0,2284064.7733
2026-01-23 02:00:00,0.361,0.3612,0.359,0.3592,4400483.0,1584547.8709
2026-01-23 03:00:00,0.3592,0.363,0.3592,0.3617,4057413.0,1466593.3911
2026-01-23 04:00:00,0.3617,0.3649,0.3612,0.3643,6950267.0,2525945.8024
2026-01-23 05:00:00,0.3643,0.3643,0.3598,0.3604,8209845.0,2969418.0829
2026-01-23 06:00:00,0.3604,0.3625,0.3588,0.36,14342859.0,5169875.2695
2026-01-23 07:00:00,0.36,0.3614,0.3592,0.361,7781309.0,2803804.1696
2026-01-23 08:00:00,0.361,0.3614,0.3579,0.3591,16967171.0,6100839.1753
2026-01-23 09:00:00,0.3591,0.3605,0.3574,0.3585,20105416.0,7218044.7469
2026-01-23 10:00:00,0.3585,0.3597,0.3577,0.3589,7747954.0,2780725.3995
2026-01-23 11:00:00,0.3589,0.3607,0.3585,0.3599,13270327.0,4772862.1662
2026-01-23 12:00:00,0.3599,0.3606,0.3581,0.3598,17311847.0,6215956.5597
2026-01-23 13:00:00,0.3598,0.3603,0.3586,0.3588,9411022.0,3385304.7549
2026-01-23 14:00:00,0.3588,0.3591,0.3522,0.3547,60470006.0,21515712.7724
2026-01-23 15:00:00,0.3547,0.361,0.353,0.3601,20561854.0,7333833.6612
2026-01-23 16:00:00,0.3601,0.3663,0.3597,0.3632,43510665.0,15776075.1007
2026-01-23 17:00:00,0.3632,0.3704,0.3613,0.3658,30199190.0,11030797.2278
2026-01-23 18:00:00,0.3658,0.3683,0.3645,0.3657,22356757.0,8192322.5386
2026-01-23 19:00:00,0.3657,0.3657,0.3595,0.3614,23181391.0,8388599.8751
2026-01-23 20:00:00,0.3614,0.3626,0.3569,0.3586,22317582.0,8018694.3081
2026-01-23 21:00:00,0.3586,0.3609,0.3586,0.3596,17880106.0,6437023.9027
2026-01-23 22:00:00,0.3596,0.3626,0.3595,0.3623,13910056.0,5027011.1273
2026-01-23 23:00:00,0.3623,0.3623,0.3599,0.3601,8994727.0,3246665.2232
2026-01-24 00:00:00,0.3601,0.3612,0.3589,0.3589,11061665.0,3979389.0943
2026-01-24 01:00:00,0.3589,0.3596,0.3582,0.3594,12417286.0,4456383.4711
2026-01-24 02:00:00,0.3594,0.3603,0.3592,0.3598,4882276.0,1756289.3013
2026-01-24 03:00:00,0.3598,0.3622,0.3593,0.3615,9130072.0,3294594.0189
2026-01-24 04:00:00,0.3615,0.3624,0.3606,0.3611,2536886.0,916613.4394
2026-01-24 05:00:00,0.3611,0.3612,0.36,0.3603,2906776.0,1048007.6294
2026-01-24 06:00:00,0.3603,0.3605,0.3596,0.3597,5140692.0,1850371.2262
2026-01-24 07:00:00,0.3597,0.3604,0.3592,0.3593,2585210.0,930133.4455
2026-01-24 08:00:00,0.3593,0.36,0.3584,0.3596,4899010.0,1758989.4037
2026-01-24 09:00:00,0.3596,0.3606,0.3589,0.3594,3367984.0,1211528.6151
2026-01-24 10:00:00,0.3594,0.3595,0.3587,0.359,6545548.0,2349590.1833
2026-01-24 11:00:00,0.359,0.36,0.3589,0.3598,3501024.0,1259104.2784
2026-01-24 12:00:00,0.3598,0.3603,0.3592,0.3599,7516064.0,2704596.2135
2026-01-24 13:00:00,0.3599,0.3601,0.358,0.358,7871543.0,2827637.0855
2026-01-24 14:00:00,0.358,0.3601,0.3574,0.3592,8749975.0,3142549.3545
2026-01-24 15:00:00,0.3592,0.3599,0.3573,0.3576,12312117.0,4418410.427
2026-01-24 16:00:00,0.3576,0.3587,0.3561,0.3584,8877337.0,3175025.0311
2026-01-24 17:00:00,0.3584,0.3589,0.3578,0.3585,4450834.0,1595775.7148
2026-01-24 18:00:00,0.3585,0.3597,0.3579,0.3585,4836710.0,1735509.4418
2026-01-24 19:00:00,0.3585,0.3588,0.3575,0.3581,5124628.0,1835573.7166
2026-01-24 20:00:00,0.3581,0.3593,0.358,0.3588,3970981.0,1425601.2006
2026-01-24 21:00:00,0.3588,0.3591,0.358,0.3587,3109433.0,1115300.5696
2026-01-24 22:00:00,0.3587,0.3598,0.3584,0.3596,3561803.0,1279930.5167
2026-01-24 23:00:00,0.3596,0.3601,0.3577,0.3581,7682222.0,2757344.4802
2026-01-25 00:00:00,0.3581,0.3589,0.3571,0.3588,7607806.0,2723307.668
2026-01-25 01:00:00,0.3588,0.3593,0.3569,0.3575,5968020.0,2135008.7031
2026-01-25 02:00:00,0.3575,0.3583,0.3562,0.3566,11158228.0,3986770.9222
2026-01-25 03:00:00,0.3566,0.3571,0.3541,0.3557,15571718.0,5533721.8046
2026-01-25 04:00:00,0.3557,0.3575,0.3553,0.3569,5548541.0,1979748.2343
2026-01-25 05:00:00,0.3569,0.3572,0.3554,0.3568,3485354.0,1240870.3969
2026-01-25 06:00:00,0.3568,0.3568,0.3554,0.3557,3042686.0,1083299.373
2026-01-25 07:00:00,0.3557,0.3561,0.3538,0.3556,9542320.0,3387022.2624
2026-01-25 08:00:00,0.3556,0.3567,0.3535,0.3545,21627138.0,7672750.0061
2026-01-25 09:00:00,0.3545,0.3576,0.3536,0.3566,13268631.0,4720854.6415
2026-01-25 10:00:00,0.3566,0.3601,0.3564,0.3584,21766829.0,7807989.9322
2026-01-25 11:00:00,0.3584,0.3586,0.356,0.3563,12690637.0,4534491.9233
2026-01-25 12:00:00,0.3563,0.3563,0.3543,0.356,17794672.0,6322247.1921
2026-01-25 13:00:00,0.356,0.357,0.3549,0.3567,16035129.0,5706420.9701
2026-01-25 14:00:00,0.3567,0.3569,0.3501,0.3525,50542386.0,17806656.2819
2026-01-25 15:00:00,0.3525,0.3538,0.3514,0.3521,23742186.0,8368961.9519
2026-01-25 16:00:00,0.3521,0.3521,0.3417,0.3443,81069912.0,27964548.1372
2026-01-25 17:00:00,0.3443,0.3455,0.3414,0.3416,19360284.0,6645774.4853
2026-01-25 18:00:00,0.3416,0.3423,0.3379,0.34,23728865.0,8066734.261
2026-01-25 19:00:00,0.34,0.3404,0.3325,0.3343,29152269.0,9805243.0696
2026-01-25 20:00:00,0.3343,0.3371,0.3329,0.3356,16974220.0,5683866.9926
2026-01-25 21:00:00,0.3356,0.3392,0.3356,0.3389,13809413.0,4664656.6823
2026-01-25 22:00:00,0.3389,0.3391,0.3362,0.3382,9146920.0,3087966.4888
2026-01-25 23:00:00,0.3382,0.3396,0.3367,0.3388,6885793.0,2332124.3422
2026-01-26 00:00:00,0.3388,0.3447,0.3385,0.3436,10864026.0,3708313.2554
2026-01-26 01:00:00,0.3436,0.3494,0.3434,0.3483,14304184.0,4961997.1205
2026-01-26 02:00:00,0.3483,0.3485,0.3454,0.3461,6033203.0,2091811.9872
2026-01-26 03:00:00,0.3461,0.3477,0.3438,0.3448,6746164.0,2329307.1025
2026-01-26 04:00:00,0.3448,0.3496,0.3448,0.3474,14650940.0,5085261.5194
2026-01-26 05:00:00,0.3474,0.348,0.3465,0.3476,3754325.0,1304002.3084
2026-01-26 06:00:00,0.3476,0.3488,0.3461,0.3481,8739538.0,3037336.6215
2026-01-26 07:00:00,0.3481,0.3495,0.347,0.3481,13475762.0,4689263.542
2026-01-26 08:00:00,0.3481,0.3517,0.3473,0.3485,19127860.0,6679767.9821
2026-01-26 09:00:00,0.3485,0.3487,0.3447,0.3453,15645947.0,5414206.0125
2026-01-26 10:00:00,0.3453,0.3478,0.3453,0.347,9842235.0,3413218.2845
2026-01-26 11:00:00,0.347,0.3484,0.3464,0.347,6916309.0,2403467.6953
2026-01-26 12:00:00,0.347,0.3483,0.3466,0.3477,8389001.0,2914342.8619
2026-01-26 13:00:00,0.3477,0.3496,0.3474,0.3495,12145653.0,4233569.817
2026-01-26 14:00:00,0.3495,0.3546,0.3477,0.3539,47699345.0,16727716.0354
2026-01-26 15:00:00,0.3539,0.3584,0.3506,0.3522,36641822.0,12991746.5368
2026-01-26 16:00:00,0.3522,0.3546,0.3504,0.353,16127402.0,5692197.9161
2026-01-26 17:00:00,0.353,0.3541,0.3493,0.3528,10489537.0,3690980.1306
2026-01-26 18:00:00,0.3528,0.3558,0.3519,0.3538,10071681.0,3561905.5146
2026-01-26 19:00:00,0.3538,0.3551,0.3516,0.3519,13885800.0,4901938.5285
2026-01-26 20:00:00,0.3519,0.3526,0.3493,0.35,14339850.0,5027563.5251
2026-01-26 21:00:00,0.35,0.3543,0.3488,0.3532,8128351.0,2855005.7104
2026-01-26 22:00:00,0.3532,0.3539,0.3513,0.3522,7710608.0,2718577.7081
2026-01-26 23:00:00,0.3522,0.3539,0.3511,0.3519,6550211.0,2306283.6794
2026-01-27 00:00:00,0.3519,0.3526,0.3509,0.3522,13908864.0,4892458.7835
2026-01-27 01:00:00,0.3522,0.3549,0.351,0.3537,8871565.0,3132934.5932
2026-01-27 02:00:00,0.3537,0.3551,0.3533,0.3544,7178778.0,2541454.3839
2026-01-27 03:00:00,0.3544,0.3546,0.3523,0.3524,3442625.0,1215725.8151
2026-01-27 04:00:00,0.3524,0.3548,0.3521,0.3529,5570962.0,1966923.8229
2026-01-27 05:00:00,0.3529,0.353,0.3514,0.3524,4347285.0,1530404.5696
2026-01-27 06:00:00,0.3524,0.3526,0.3507,0.3509,9628722.0,3383994.4261
2026-01-27 07:00:00,0.3509,0.3524,0.3507,0.3518,4699881.0,1651308.1389
2026-01-27 08:00:00,0.3518,0.3528,0.3506,0.3513,4648093.0,1634148.5523
2026-01-27 09:00:00,0.3513,0.3513,0.3488,0.3491,13132910.0,4593014.5358
2026-01-27 10:00:00,0.3491,0.3501,0.3491,0.3495,4585292.0,1603640.726
2026-01-27 11:00:00,0.3495,0.3513,0.349,0.3503,10182678.0,3564190.009
2026-01-27 12:00:00,0.3503,0.3507,0.349,0.3497,14403470.0,5037934.0439
2026-01-27 13:00:00,0.3497,0.3502,0.3474,0.3481,23080173.0,8054906.5232
2026-01-27 14:00:00,0.3481,0.3524,0.348,0.3491,26943560.0,9441712.038
2026-01-27 15:00:00,0.3491,0.3518,0.3484,0.3514,16016365.0,5609344.8788
2026-01-27 16:00:00,0.3514,0.3576,0.3514,0.3572,27399187.0,9741922.6405
2026-01-27 17:00:00,0.3572,0.3576,0.349,0.35,26937296.0,9484218.2477
2026-01-27 18:00:00,0.35,0.3568,0.3496,0.3556,12927451.0,4570761.6322
2026-01-27 19:00:00,0.3556,0.3561,0.3539,0.3553,10534478.0,3741398.7718
2026-01-27 20:00:00,0.3553,0.3625,0.3553,0.3616,36499060.0,13140748.7148
2026-01-27 21:00:00,0.3616,0.3633,0.3593,0.3596,17509673.0,6325573.6613
2026-01-27 22:00:00,0.3596,0.3626,0.3596,0.3608,11817531.0,4273386.3333
2026-01-27 23:00:00,0.3608,0.3623,0.3602,0.3606,21212533.0,7671667.0001
2026-01-28 00:00:00,0.3606,0.3613,0.3577,0.3593,11922126.0,4281330.149
2026-01-28 01:00:00,0.3593,0.3594,0.3559,0.3573,17285433.0,6177352.8753
2026-01-28 02:00:00,0.3573,0.3586,0.3566,0.3578,15945046.0,5699960.2393
2026-01-28 03:00:00,0.3578,0.3581,0.356,0.3567,3059719.0,1091947.3892
2026-01-28 04:00:00,0.3567,0.3569,0.3548,0.3555,6431552.0,2287034.5421
2026-01-28 05:00:00,0.3555,0.3575,0.3549,0.3569,5602273.0,1995560.3533
2026-01-28 06:00:00,0.3569,0.3591,0.3567,0.3583,9855112.0,3526839.8312
2026-01-28 07:00:00,0.3583,0.359,0.3567,0.3575,6243638.0,2232334.3637
2026-01-28 08:00:00,0.3575,0.3586,0.3565,0.3567,9255417.0,3308433.9207
2026-01-28 09:00:00,0.3567,0.3614,0.3563,0.361,13313722.0,4783657.9955
2026-01-28 10:00:00,0.361,0.3624,0.3597,0.3597,20149611.0,7272037.446
2026-01-28 11:00:00,0.3597,0.3645,0.3591,0.3642,25573964.0,9265791.1395
2026-01-28 12:00:00,0.3642,0.3648,0.3594,0.3608,24565389.0,8908069.9199
2026-01-28 13:00:00,0.3608,0.3633,0.3606,0.3614,19818075.0,7176087.7318
2026-01-28 14:00:00,0.3614,0.3616,0.3578,0.3583,45409450.0,16324216.6867
2026-01-28 15:00:00,0.3583,0.3596,0.3543,0.357,40465274.0,14452827.4909
2026-01-28 16:00:00,0.357,0.359,0.3557,0.3566,39887713.0,14241024.3912
2026-01-28 17:00:00,0.3566,0.3613,0.3549,0.3598,23009484.0,8239995.4105
2026-01-28 18:00:00,0.3598,0.3598,0.3553,0.3572,19685509.0,7025991.4511
2026-01-28 19:00:00,0.3572,0.3593,0.3555,0.3583,31275712.0,11177427.7761
2026-01-28 20:00:00,0.3583,0.3614,0.3566,0.3572,18219700.0,6532956.2231
2026-01-28 21:00:00,0.3572,0.3592,0.3549,0.3581,8682902.0,3101099.618
2026-01-28 22:00:00,0.3581,0.3605,0.3566,0.3601,4489094.0,1611074.5304
2026-01-28 23:00:00,0.3601,0.3609,0.3577,0.3582,5895043.0,2118283.087
2026-01-29 00:00:00,0.3582,0.3589,0.3547,0.3565,17970127.0,6399462.5994
2026-01-29 01:00:00,0.3565,0.3574,0.3528,0.3542,12733721.0,4516286.6207
2026-01-29 02:00:00,0.3542,0.3556,0.3493,0.3505,20021005.0,7049026.4366
2026-01-29 03:00:00,0.3505,0.353,0.3497,0.3509,7258139.0,2548964.6575
2026-01-29 04:00:00,0.3509,0.351,0.3473,0.3499,12580281.0,4391010.3704
2026-01-29 05:00:00,0.3499,0.3509,0.3494,0.3503,5543021.0,1941787.7554
2026-01-29 06:00:00,0.3503,0.3517,0.3498,0.3515,4349799.0,1525949.8455
2026-01-29 07:00:00,0.3515,0.3523,0.3507,0.3511,10918869.0,3839184.2058
2026-01-29 08:00:00,0.3511,0.3515,0.3489,0.3497,20004145.0,6998724.9608
2026-01-29 09:00:00,0.3497,0.3501,0.3486,0.3487,8890930.0,3106148.6673
2026-01-29 10:00:00,0.3487,0.3488,0.347,0.348,17384099.0,6054145.0848
2026-01-29 11:00:00,0.348,0.3483,0.3457,0.3464,20435657.0,7084977.4915
2026-01-29 12:00:00,0.3464,0.3467,0.344,0.3451,29131076.0,10066450.181
2026-01-29 13:00:00,0.3451,0.3466,0.3449,0.3462,10221814.0,3535920.1505
2026-01-29 14:00:00,0.3462,0.347,0.3384,0.3389,47222537.0,16199355.0615
2026-01-29 15:00:00,0.3389,0.3389,0.3294,0.333,101003849.0,33638245.2034
2026-01-29 16:00:00,0.333,0.3364,0.33,0.336,37286511.0,12403218.8344
2026-01-29 17:00:00,0.336,0.3406,0.3332,0.3339,31202767.0,10520419.2061
2026-01-29 18:00:00,0.3339,0.3351,0.3279,0.328,49336291.0,16345224.7149
2026-01-29 19:00:00,0.328,0.3319,0.3269,0.3305,22052884.0,7250314.2229
2026-01-29 20:00:00,0.3305,0.334,0.3297,0.3333,13755618.0,4563256.2971
2026-01-29 21:00:00,0.3333,0.3357,0.3333,0.3349,23156490.0,7746191.8501
2026-01-29 22:00:00,0.3349,0.3363,0.3344,0.3349,15485931.0,5192213.4963
2026-01-29 23:00:00,0.3349,0.3349,0.3329,0.3345,15586176.0,5203711.1419
2026-01-30 00:00:00,0.3345,0.3357,0.333,0.334,27217756.0,9090386.6957
2026-01-30 01:00:00,0.334,0.3347,0.318,0.3266,51554964.0,16865274.1211
2026-01-30 02:00:00,0.3266,0.3268,0.3204,0.3246,26053709.0,8452603.9876
2026-01-30 03:00:00,0.3246,0.3265,0.3242,0.3248,4444514.0,1445877.4116
2026-01-30 04:00:00,0.3248,0.3297,0.3248,0.3281,9532615.0,3126188.0497
2026-01-30 05:00:00,0.3281,0.3287,0.3264,0.3267,17396409.0,5694306.5973
2026-01-30 06:00:00,0.3267,0.3267,0.3196,0.3216,61481812.0,19844739.9617
2026-01-30 07:00:00,0.3216,0.3265,0.3216,0.3251,13712654.0,4449645.0263
2026-01-30 08:00:00,0.3251,0.3255,0.3214,0.3226,29248508.0,9447806.3032
2026-01-30 09:00:00,0.3226,0.3236,0.3202,0.3221,20842338.0,6706529.6606
2026-01-30 10:00:00,0.3221,0.3237,0.3212,0.3235,9132864.0,2946385.2133
2026-01-30 11:00:00,0.3235,0.329,0.3231,0.3276,11056918.0,3593330.9804
2026-01-30 12:00:00,0.3276,0.3281,0.3244,0.3252,8701014.0,2837021.472
2026-01-30 13:00:00,0.3252,0.326,0.3214,0.3233,21167156.0,6852687.4606
2026-01-30 14:00:00,0.3233,0.3281,0.3233,0.3254,53066063.0,17276353.3653
2026-01-30 15:00:00,0.3254,0.3278,0.3206,0.3255,85894711.0,27958824.1599
2026-01-30 16:00:00,0.3255,0.3283,0.3232,0.3255,19666588.0,6407121.9426
2026-01-30 17:00:00,0.3255,0.328,0.3235,0.3251,14829041.0,4826723.9582
2026-01-30 18:00:00,0.3251,0.3307,0.3158,0.3288,33040162.0,10673242.1565
2026-01-30 19:00:00,0.3288,0.3317,0.3281,0.3289,15854408.0,5232443.2246
2026-01-30 20:00:00,0.3289,0.3289,0.3229,0.3234,15076608.0,4913616.2326
2026-01-30 21:00:00,0.3234,0.3271,0.323,0.3248,14809732.0,4807491.0303
2026-01-30 22:00:00,0.3248,0.3249,0.3217,0.3232,4589766.0,1484001.0828
2026-01-30 23:00:00,0.3232,0.3234,0.3199,0.3205,5165613.0,1658167.9892
2026-01-31 00:00:00,0.3205,0.3211,0.3192,0.3199,7602675.0,2432710.8257
2026-01-31 01:00:00,0.3199,0.322,0.3199,0.3208,8840320.0,2839690.9818
2026-01-31 02:00:00,0.3208,0.3211,0.3178,0.3196,10793645.0,3447402.0036
2026-01-31 03:00:00,0.3196,0.3203,0.3181,0.3184,13301755.0,4247297.5764
2026-01-31 04:00:00,0.3184,0.319,0.3145,0.3156,21716676.0,6875824.2341
2026-01-31 05:00:00,0.3156,0.3163,0.3124,0.3156,12022041.0,3779418.4875
2026-01-31 06:00:00,0.3156,0.3163,0.311,0.3113,19352005.0,6057045.8097
2026-01-31 07:00:00,0.3113,0.3129,0.3101,0.3122,16051824.0,5001572.8449
2026-01-31 08:00:00,0.3122,0.3126,0.3067,0.3101,23397921.0,7241663.794
2026-01-31 09:00:00,0.3101,0.3123,0.3096,0.3108,12051090.0,3747984.9
2026-01-31 10:00:00,0.3108,0.3129,0.3101,0.311,7922266.0,2467119.8765
2026-01-31 11:00:00,0.311,0.3113,0.3091,0.3102,14679745.0,4551976.8709
2026-01-31 12:00:00,0.3102,0.3108,0.309,0.3097,19079176.0,5908303.2926
2026-01-31 13:00:00,0.3097,0.3099,0.3069,0.3078,20471410.0,6306732.5358
2026-01-31 14:00:00,0.3078,0.3088,0.2937,0.2983,62336699.0,18654697.2336
2026-01-31 15:00:00,0.2983,0.3004,0.2958,0.296,26132654.0,7786427.4975
2026-01-31 16:00:00,0.296,0.3002,0.2905,0.2925,36071159.0,10651656.3809
2026-01-31 17:00:00,0.2925,0.2933,0.2771,0.2842,46678306.0,13328544.2836
2026-01-31 18:00:00,0.2842,0.287,0.2689,0.2839,37955980.0,10691022.6337
2026-01-31 19:00:00,0.2839,0.2868,0.2827,0.285,13909585.0,3959815.1792
2026-01-31 20:00:00,0.285,0.2873,0.2817,0.2853,15940966.0,4526265.7464
2026-01-31 21:00:00,0.2853,0.2915,0.2844,0.2905,20288542.0,5833737.7836
2026-01-31 22:00:00,0.2905,0.2911,0.2868,0.2885,7316496.0,2109543.8352
2026-01-31 23:00:00,0.2885,0.2956,0.2879,0.2933,15467172.0,4507904.8348
2026-02-01 00:00:00,0.2933,0.2964,0.2932,0.2955,12326347.0,3636634.9236
2026-02-01 01:00:00,0.2955,0.2958,0.2913,0.2952,8674842.0,2546244.4999
2026-02-01 02:00:00,0.2952,0.2975,0.2939,0.2959,6619757.0,1957296.7131
2026-02-01 03:00:00,0.2959,0.2966,0.2948,0.2956,5565502.0,1645605.8321
2026-02-01 04:00:00,0.2956,0.2974,0.2954,0.2969,4787888.0,1420200.2802
2026-02-01 05:00:00,0.2969,0.2971,0.2943,0.2948,2624685.0,776204.5238
2026-02-01 06:00:00,0.2948,0.2962,0.2932,0.2942,5414472.0,1595742.0664
2026-02-01 07:00:00,0.2942,0.2991,0.2927,0.296,10869861.0,3214170.6828
2026-02-01 08:00:00,0.296,0.2977,0.2944,0.2964,10189360.0,3015936.7776
2026-02-01 09:00:00,0.2964,0.2979,0.2949,0.2974,13096341.0,3880164.9861
2026-02-01 10:00:00,0.2974,0.2977,0.2917,0.2919,25753560.0,7581716.4571
2026-02-01 11:00:00,0.2919,0.2962,0.2919,0.2952,11590597.0,3412699.285
2026-02-01 12:00:00,0.2952,0.2953,0.2924,0.2933,13578590.0,3992714.4163
2026-02-01 13:00:00,0.2933,0.2966,0.2924,0.2936,18773592.0,5530679.8098
2026-02-01 14:00:00,0.2936,0.2951,0.2885,0.2927,47947269.0,13978462.1897
2026-02-01 15:00:00,0.2927,0.2927,0.2845,0.2892,36743263.0,10575597.4865
2026-02-01 16:00:00,0.2892,0.2915,0.2863,0.2875,26373878.0,7610709.9501
2026-02-01 17:00:00,0.2875,0.2884,0.2845,0.287,23909846.0,6846239.0699
2026-02-01 18:00:00,0.287,0.2929,0.287,0.2901,25365248.0,7372240.4561
2026-02-01 19:00:00,0.2901,0.2908,0.2853,0.2867,7844874.0,2260672.5835
2026-02-01 20:00:00,0.2867,0.2906,0.2841,0.2875,15036922.0,4313779.026
2026-02-01 21:00:00,0.2875,0.2879,0.2847,0.286,12547439.0,3589786.0671
2026-02-01 22:00:00,0.286,0.2909,0.2856,0.2882,14304471.0,4126669.6054
2026-02-01 23:00:00,0.2882,0.2903,0.2787,0.2855,28370702.0,8050131.5699
2026-02-02 00:00:00,0.2855,0.2918,0.2832,0.2889,18593770.0,5381605.4905
2026-02-02 01:00:00,0.2889,0.2933,0.2852,0.2905,15095232.0,4377070.5775
2026-02-02 02:00:00,0.2905,0.2917,0.2868,0.2873,12781956.0,3696414.678
2026-02-02 03:00:00,0.2873,0.2878,0.2761,0.2863,22675010.0,6381493.0524
2026-02-02 04:00:00,0.2863,0.2899,0.2814,0.2848,23180929.0,6626560.1256
2026-02-02 05:00:00,0.2848,0.285,0.2767,0.2794,22426009.0,6280581.5608
2026-02-02 06:00:00,0.2794,0.2882,0.2754,0.2842,51825581.0,14497523.3963
2026-02-02 07:00:00,0.2842,0.2873,0.2832,0.2839,29983906.0,8544026.4344
2026-02-02 08:00:00,0.2839,0.2897,0.2839,0.2888,19576288.0,5597749.4579
2026-02-02 09:00:00,0.2888,0.2929,0.2871,0.2919,25734744.0,7459407.1892
2026-02-02 10:00:00,0.2919,0.2935,0.2912,0.292,13521133.0,3951360.4833
2026-02-02 11:00:00,0.292,0.2946,0.2918,0.2922,15317507.0,4491582.777
2026-02-02 12:00:00,0.2922,0.2964,0.2922,0.2956,12275199.0,3617354.1856
2026-02-02 13:00:00,0.2956,0.297,0.2943,0.2967,7079457.0,2093586.8231
2026-02-02 14:00:00,0.2967,0.3024,0.2946,0.2984,26896163.0,8037284.7253
2026-02-02 15:00:00,0.2984,0.3025,0.2976,0.3012,32109798.0,9623626.0334
2026-02-02 16:00:00,0.3012,0.3024,0.2994,0.3002,12973213.0,3902973.5002
2026-02-02 17:00:00,0.3002,0.3017,0.2988,0.3003,8822927.0,2650795.1636
2026-02-02 18:00:00,0.3003,0.3032,0.2993,0.3022,9044268.0,2725017.8324
2026-02-02 19:00:00,0.3022,0.303,0.2997,0.3003,9367077.0,2823114.8221
2026-02-02 20:00:00,0.3003,0.3012,0.2976,0.2991,11789510.0,3528537.9997
2026-02-02 21:00:00,0.2991,0.3012,0.2989,0.3004,8554127.0,2568596.4078
2026-02-02 22:00:00,0.3004,0.3009,0.2993,0.3002,8461514.0,2538687.2106
2026-02-02 23:00:00,0.3002,0.3002,0.2984,0.299,11566058.0,3459336.2744
2026-02-03 00:00:00,0.299,0.3002,0.2972,0.2998,10509952.0,3140528.9879
2026-02-03 01:00:00,0.2998,0.3001,0.2976,0.2997,4701195.0,1404737.7354
2026-02-03 02:00:00,0.2997,0.2998,0.2939,0.2943,11352394.0,3361286.9462
2026-02-03 03:00:00,0.2943,0.2996,0.2933,0.299,17224294.0,5107217.1616
2026-02-03 04:00:00,0.299,0.3018,0.2977,0.3011,10359363.0,3105813.0452
2026-02-03 05:00:00,0.3011,0.3014,0.2975,0.2975,8135694.0,2432746.0568
2026-02-03 06:00:00,0.2975,0.2987,0.2958,0.2978,15612400.0,4646222.0487
2026-02-03 07:00:00,0.2978,0.3007,0.2968,0.299,12269523.0,3666018.2089
2026-02-03 08:00:00,0.299,0.3005,0.2975,0.2979,8940969.0,2674176.7751
2026-02-03 09:00:00,0.2979,0.2989,0.2939,0.296,13446450.0,3977785.8679
2026-02-03 10:00:00,0.296,0.297,0.2945,0.2955,8270864.0,2444043.4952
2026-02-03 11:00:00,0.2955,0.2978,0.2955,0.297,12098102.0,3589875.7804
2026-02-03 12:00:00,0.297,0.2998,0.2961,0.2988,7025093.0,2094241.1999
2026-02-03 13:00:00,0.2988,0.3002,0.2982,0.2994,7998907.0,2391235.7751
2026-02-03 14:00:00,0.2994,0.3001,0.2938,0.2939,24667580.0,7335370.3346
2026-02-03 15:00:00,0.2939,0.3048,0.2931,0.3038,37407060.0,11170776.4676
2026-02-03 16:00:00,0.3038,0.3039,0.2944,0.2956,45066598.0,13432005.1593
2026-02-03 17:00:00,0.2956,0.2959,0.2868,0.2871,41444133.0,12074039.2556
2026-02-03 18:00:00,0.2871,0.2891,0.2816,0.2823,28352990.0,8073002.2058
2026-02-03 19:00:00,0.2823,0.2962,0.2819,0.2947,34500969.0,10047711.4618
2026-02-03 20:00:00,0.2947,0.3045,0.2907,0.301,25574605.0,7588782.9173
2026-02-03 21:00:00,0.301,0.3034,0.2959,0.2967,17009900.0,5086033.7719
2026-02-03 22:00:00,0.2967,0.2969,0.2915,0.2926,14922010.0,4388294.962
2026-02-03 23:00:00,0.2926,0.2928,0.2895,0.2915,10702841.0,3118047.1535
2026-02-04 00:00:00,0.2915,0.2954,0.2905,0.2941,10839717.0,3183930.6979
2026-02-04 01:00:00,0.2941,0.2992,0.2941,0.297,19201351.0,5712349.8589
2026-02-04 02:00:00,0.297,0.2977,0.2939,0.295,15129948.0,4470507.8693
2026-02-04 03:00:00,0.295,0.3017,0.2947,0.3008,19948505.0,5983260.3866
2026-02-04 04:00:00,0.3008,0.3025,0.2993,0.2995,16688744.0,5017944.4278
2026-02-04 05:00:00,0.2995,0.2998,0.2962,0.2972,7876350.0,2350123.5159
2026-02-04 06:00:00,0.2972,0.3003,0.2971,0.2991,11109416.0,3318675.3406
2026-02-04 07:00:00,0.2991,0.3009,0.2976,0.2998,12540054.0,3760535.7069
2026-02-04 08:00:00,0.2998,0.3024,0.2986,0.3021,18935076.0,5687507.4869
2026-02-04 09:00:00,0.3021,0.3022,0.2984,0.3,18523839.0,5564278.1117
2026-02-04 10:00:00,0.3,0.3008,0.299,0.2994,17940762.0,5385072.0691
2026-02-04 11:00:00,0.2994,0.2995,0.2941,0.2971,13074805.0,3879318.8035
2026-02-04 12:00:00,0.2971,0.2975,0.2953,0.2963,4955314.0,1469467.0744
2026-02-04 13:00:00,0.2963,0.2965,0.2912,0.2914,21237661.0,6241334.789
2026-02-04 14:00:00,0.2914,0.2938,0.2862,0.2866,63975552.0,18595545.3561
2026-02-04 15:00:00,0.2866,0.2908,0.2832,0.2863,45439116.0,13043789.3841
2026-02-04 16:00:00,0.2863,0.2887,0.2824,0.2857,38290846.0,10907680.8857
2026-02-04 17:00:00,0.2857,0.2879,0.2819,0.2854,29716191.0,8457429.0852
2026-02-04 18:00:00,0.2854,0.2912,0.2811,0.2875,28782855.0,8202349.8435
2026-02-04 19:00:00,0.2875,0.2933,0.2863,0.2924,14620087.0,4234261.1123
2026-02-04 20:00:00,0.2924,0.2928,0.2887,0.2893,10366042.0,3012334.714
2026-02-04 21:00:00,0.2893,0.2902,0.2827,0.2852,25700213.0,7361751.3461
2026-02-04 22:00:00,0.2852,0.2894,0.28,0.2833,30224933.0,8612956.8372
2026-02-04 23:00:00,0.2833,0.2883,0.2826,0.2861,11473373.0,3281581.0159
2026-02-05 00:00:00,0.2861,0.2876,0.2848,0.2862,6234731.0,1784753.1013
2026-02-05 01:00:00,0.2862,0.2897,0.2835,0.2858,10950191.0,3140975.7258
2026-02-05 02:00:00,0.2858,0.2894,0.2836,0.2841,10873354.0,3113457.0133
2026-02-05 03:00:00,0.2841,0.2866,0.2821,0.2827,10483390.0,2978237.1964
2026-02-05 04:00:00,0.2827,0.285,0.2811,0.283,14029299.0,3971308.261
2026-02-05 05:00:00,0.283,0.2863,0.2796,0.2836,13927514.0,3939868.5282
2026-02-05 06:00:00,0.2836,0.284,0.2783,0.2796,11924635.0,3348355.4047
2026-02-05 07:00:00,0.2796,0.2834,0.2786,0.2792,18173104.0,5099390.3387
2026-02-05 08:00:00,0.2792,0.2826,0.2792,0.2804,16745300.0,4708489.3088
2026-02-05 09:00:00,0.2804,0.2838,0.2793,0.2803,8318398.0,2339564.2717
2026-02-05 10:00:00,0.2803,0.2804,0.2712,0.2726,24383494.0,6727010.8053
2026-02-05 11:00:00,0.2726,0.2745,0.267,0.2719,46508347.0,12614606.3892
2026-02-05 12:00:00,0.2719,0.2731,0.2689,0.2718,26416716.0,7175181.9875
2026-02-05 13:00:00,0.2718,0.2744,0.2691,0.2699,28654341.0,7779648.4853
2026-02-05 14:00:00,0.2699,0.2777,0.2698,0.272,47555007.0,13002844.5948
2026-02-05 15:00:00,0.272,0.2725,0.2575,0.2621,69661585.0,18320098.4337
2026-02-05 16:00:00,0.2621,0.2673,0.2598,0.265,31694677.0,8330430.7885
2026-02-05 17:00:00,0.265,0.2662,0.2552,0.2578,34103362.0,8864659.4705
2026-02-05 18:00:00,0.2578,0.2598,0.2534,0.2587,34431230.0,8824692.9956
2026-02-05 19:00:00,0.2587,0.2589,0.2529,0.2535,42775565.0,10922802.428
2026-02-05 20:00:00,0.2535,0.2559,0.2437,0.2476,66438036.0,16562794.45
2026-02-05 21:00:00,0.2476,0.2544,0.2447,0.2469,38078703.0,9471465.29
2026-02-05 22:00:00,0.2469,0.2521,0.2435,0.2492,29085545.0,7219608.2826
2026-02-05 23:00:00,0.2492,0.2544,0.2442,0.2451,31428628.0,7842675.0262
2026-02-06 00:00:00,0.2451,0.2471,0.2205,0.2435,75121377.0,17769873.7409
2026-02-06 01:00:00,0.2435,0.2522,0.2427,0.2516,24312562.0,6008962.9289
2026-02-06 02:00:00,0.2516,0.2534,0.2445,0.2458,20406078.0,5046362.358
2026-02-06 03:00:00,0.2458,0.2492,0.2456,0.2487,13041204.0,3224657.9018
2026-02-06 04:00:00,0.2487,0.2525,0.2478,0.2511,10528639.0,2640853.1705
2026-02-06 05:00:00,0.2511,0.2586,0.2505,0.2577,19008517.0,4847457.7092
2026-02-06 06:00:00,0.2577,0.2592,0.2538,0.2541,17834217.0,4575604.0693
2026-02-06 07:00:00,0.2541,0.2543,0.2508,0.2513,14528226.0,3668456.9852
2026-02-06 08:00:00,0.2513,0.2526,0.2487,0.2507,14664783.0,3675768.7069
2026-02-06 09:00:00,0.2507,0.2575,0.2498,0.2567,14255648.0,3611867.6554
2026-02-06 10:00:00,0.2567,0.2624,0.256,0.2615,19331208.0,5017548.037
2026-02-06 11:00:00,0.2615,0.2635,0.2603,0.2612,14002434.0,3662756.5626
2026-02-06 12:00:00,0.2612,0.2624,0.2596,0.2624,13989520.0,3652544.5136
2026-02-06 13:00:00,0.2624,0.266,0.2617,0.2643,26674281.0,7033106.0743
2026-02-06 14:00:00,0.2643,0.2719,0.2617,0.2708,51001608.0,13602033.6977
2026-02-06 15:00:00,0.2708,0.2744,0.2685,0.2732,40693609.0,11044822.0372
2026-02-06 16:00:00,0.2732,0.2803,0.2722,0.2781,44170798.0,12255400.5286
2026-02-06 17:00:00,0.2781,0.284,0.2765,0.2803,31064423.0,8714192.3397
2026-02-06 18:00:00,0.2803,0.2809,0.2748,0.2775,25883794.0,7180193.2903
2026-02-06 19:00:00,0.2775,0.2785,0.2757,0.2781,14542678.0,4032291.0035
2026-02-06 20:00:00,0.2781,0.2787,0.2747,0.2755,25479670.0,7046778.7541
2026-02-06 21:00:00,0.2755,0.2769,0.2739,0.2762,14843986.0,4088711.6268
2026-02-06 22:00:00,0.2762,0.2798,0.2757,0.2789,23900667.0,6635672.0831
2026-02-06 23:00:00,0.2789,0.2804,0.2754,0.2758,18124522.0,5025479.4197
2026-02-07 00:00:00,0.2758,0.2759,0.272,0.2729,13485175.0,3693356.5039
2026-02-07 01:00:00,0.2729,0.2749,0.2707,0.2744,10267733.0,2800983.4326
2026-02-07 02:00:00,0.2744,0.2744,0.2718,0.2728,6583601.0,1797116.6755
2026-02-07 03:00:00,0.2728,0.2763,0.2726,0.2758,6331564.0,1742437.8208
2026-02-07 04:00:00,0.2758,0.2777,0.2731,0.2739,12844119.0,3538513.3547
2026-02-07 05:00:00,0.2739,0.277,0.2729,0.2738,12467293.0,3423322.602
2026-02-07 06:00:00,0.2738,0.275,0.2697,0.2699,23129288.0,6329621.9565
2026-02-07 07:00:00,0.2699,0.2713,0.2655,0.2681,30961543.0,8315293.91
2026-02-07 08:00:00,0.2681,0.2704,0.267,0.2694,15109147.0,4061787.3689
2026-02-07 09:00:00,0.2694,0.2698,0.2665,0.2675,11348585.0,3043772.7174
2026-02-07 10:00:00,0.2675,0.2682,0.2658,0.267,11064906.0,2955358.0911
2026-02-07 11:00:00,0.267,0.2675,0.2663,0.2671,12183300.0,3251177.3438
2026-02-07 12:00:00,0.2671,0.2742,0.2667,0.2718,33185984.0,9018015.3139
2026-02-07 13:00:00,0.2718,0.2729,0.2695,0.2707,11271548.0,3052542.4947
2026-02-07 14:00:00,0.2707,0.2718,0.2681,0.2689,17475219.0,4719086.9457
2026-02-07 15:00:00,0.2689,0.2737,0.2686,0.2725,19047886.0,5173683.581
2026-02-07 16:00:00,0.2725,0.2795,0.2714,0.2732,29557332.0,8117798.2007
2026-02-07 17:00:00,0.2732,0.2745,0.2711,0.2736,14071847.0,3840867.2553
2026-02-07 18:00:00,0.2736,0.2784,0.2733,0.2768,14544590.0,4013490.6181
2026-02-07 19:00:00,0.2768,0.2769,0.274,0.2741,6702804.0,1843990.1517
2026-02-07 20:00:00,0.2741,0.2759,0.2739,0.2754,14150315.0,3887997.9779
2026-02-07 21:00:00,0.2754,0.2758,0.2725,0.2729,13893236.0,3798469.7901
2026-02-07 22:00:00,0.2729,0.274,0.2717,0.2726,12686198.0,3460143.2006
2026-02-07 23:00:00,0.2726,0.2726,0.2701,0.2721,13323657.0,3614740.3696
2026-02-08 00:00:00,0.2721,0.2722,0.2703,0.2713,16775525.0,4553036.2166
2026-02-08 01:00:00,0.2713,0.2733,0.2712,0.272,7094530.0,1928941.8896
2026-02-08 02:00:00,0.272,0.2728,0.2696,0.2704,12384694.0,3356717.3569
2026-02-08 03:00:00,0.2704,0.2713,0.2692,0.2696,6999589.0,1890780.6255
2026-02-08 04:00:00,0.2696,0.2708,0.2685,0.2707,9761497.0,2631959.8648
2026-02-08 05:00:00,0.2707,0.2712,0.2696,0.2701,6426837.0,1737396.816
2026-02-08 06:00:00,0.2701,0.271,0.2695,0.2699,3149080.0,850914.9996
2026-02-08 07:00:00,0.2699,0.271,0.2692,0.2709,5471224.0,1479238.4226
2026-02-08 08:00:00,0.2709,0.276,0.2706,0.2754,22930976.0,6269393.5328
2026-02-08 09:00:00,0.2754,0.2754,0.2718,0.2719,9710770.0,2655795.7391
2026-02-08 10:00:00,0.2719,0.2733,0.2694,0.2708,6604185.0,1790228.7197
2026-02-08 11:00:00,0.2708,0.2747,0.2705,0.2745,13330516.0,3635692.8606
2026-02-08 12:00:00,0.2745,0.2749,0.2727,0.2748,11027806.0,3019085.8544
2026-02-08 13:00:00,0.2748,0.2753,0.2732,0.2742,8960016.0,2455960.8378
2026-02-08 14:00:00,0.2742,0.2749,0.273,0.2741,8508906.0,2332694.523
2026-02-08 15:00:00,0.2741,0.2752,0.2706,0.2725,13186946.0,3593253.8997
2026-02-08 16:00:00,0.2725,0.2733,0.2667,0.2681,15532511.0,4200528.8434
2026-02-08 17:00:00,0.2681,0.271,0.2681,0.2706,8025286.0,2166333.6846
2026-02-08 18:00:00,0.2706,0.2747,0.2704,0.2729,12510397.0,3409382.6592
2026-02-08 19:00:00,0.2729,0.2744,0.2725,0.2743,10867057.0,2972313.308
2026-02-08 20:00:00,0.2743,0.2744,0.2703,0.2708,12990076.0,3534268.2309
2026-02-08 21:00:00,0.2708,0.2718,0.2686,0.2699,12392197.0,3351179.8719
2026-02-08 22:00:00,0.2699,0.2712,0.2693,0.2708,7171207.0,1938589.9687
2026-02-08 23:00:00,0.2708,0.2764,0.2679,0.27,27689912.0,7517374.7556
2026-02-09 00:00:00,0.27,0.2708,0.2679,0.2701,10138999.0,2733628.1421
2026-02-09 01:00:00,0.2701,0.2725,0.2679,0.2692,13520564.0,3648373.4747
2026-02-09 02:00:00,0.2692,0.2733,0.2686,0.2715,7862033.0,2128766.5588
2026-02-09 03:00:00,0.2715,0.2737,0.2714,0.2731,10710015.0,2918665.1383
2026-02-09 04:00:00,0.2731,0.2732,0.2714,0.2719,3551369.0,967651.5769
2026-02-09 05:00:00,0.2719,0.2729,0.2716,0.2723,2491306.0,677856.5496
2026-02-09 06:00:00,0.2723,0.2723,0.2691,0.2709,5854463.0,1581304.6702
2026-02-09 07:00:00,0.2709,0.2714,0.2686,0.2689,5875719.0,1588342.8901
2026-02-09 08:00:00,0.2689,0.2698,0.2647,0.2664,19897862.0,5312218.3117
2026-02-09 09:00:00,0.2664,0.2667,0.2635,0.264,12784326.0,3388692.7054
2026-02-09 10:00:00,0.264,0.2648,0.2594,0.2605,25969302.0,6785726.9271
2026-02-09 11:00:00,0.2605,0.2624,0.2605,0.2614,12566094.0,3285048.2045
2026-02-09 12:00:00,0.2614,0.265,0.2614,0.2646,20233001.0,5334562.8114
2026-02-09 13:00:00,0.2646,0.2656,0.2624,0.2624,11847492.0,3129749.9699
2026-02-09 14:00:00,0.2624,0.2676,0.2617,0.2659,25683877.0,6791108.2268
2026-02-09 15:00:00,0.2659,0.268,0.2634,0.2677,27214636.0,7237448.8532
2026-02-09 16:00:00,0.2677,0.2722,0.2653,0.2697,23665843.0,6351241.8582
2026-02-09 17:00:00,0.2697,0.2735,0.2677,0.2718,19095431.0,5165238.9781
2026-02-09 18:00:00,0.2718,0.2731,0.2691,0.27,17123569.0,4633641.6947
2026-02-09 19:00:00,0.27,0.2714,0.2694,0.2707,9208090.0,2491186.4312
2026-02-09 20:00:00,0.2707,0.2719,0.2693,0.271,11943408.0,3231554.1834
2026-02-09 21:00:00,0.271,0.2713,0.2676,0.2702,12749450.0,3436096.7905
2026-02-09 22:00:00,0.2702,0.2715,0.2701,0.2705,5007813.0,1356069.2952
2026-02-09 23:00:00,0.2705,0.2713,0.2694,0.2697,6687876.0,1806838.9464
2026-02-10 00:00:00,0.2697,0.2702,0.268,0.2683,7022209.0,1892261.5446
2026-02-10 01:00:00,0.2683,0.2703,0.2683,0.27,5775015.0,1556744.1286
2026-02-10 02:00:00,0.27,0.2701,0.2685,0.2691,2192910.0,590069.4903
2026-02-10 03:00:00,0.2691,0.2695,0.2642,0.2659,26107117.0,6953973.4018
2026-02-10 04:00:00,0.2659,0.268,0.2657,0.2676,3527951.0,942115.4104
2026-02-10 05:00:00,0.2676,0.2679,0.265,0.2656,5359109.0,1427502.962
2026-02-10 06:00:00,0.2656,0.2661,0.2612,0.262,20727320.0,5459964.0301
2026-02-10 07:00:00,0.262,0.2633,0.2613,0.2628,11385134.0,2981649.648
2026-02-10 08:00:00,0.2628,0.2643,0.2625,0.264,16938974.0,4463764.0312
2026-02-10 09:00:00,0.264,0.2658,0.2638,0.2642,13462512.0,3565894.2516
2026-02-10 10:00:00,0.2642,0.2649,0.2631,0.2635,16387472.0,4330122.6637
2026-02-10 11:00:00,0.2635,0.2647,0.2625,0.2628,19883885.0,5239124.679
2026-02-10 12:00:00,0.2628,0.2637,0.2616,0.2623,12682638.0,3330131.3089
2026-02-10 13:00:00,0.2623,0.2637,0.2617,0.2632,8417650.0,2211909.192
2026-02-10 14:00:00,0.2632,0.2661,0.261,0.2628,30877681.0,8135074.3424
2026-02-10 15:00:00,0.2628,0.2651,0.2618,0.2632,26956639.0,7111858.8002
2026-02-10 16:00:00,0.2632,0.2637,0.2608,0.2628,20686174.0,5429255.6348
2026-02-10 17:00:00,0.2628,0.2649,0.2618,0.2641,21426079.0,5652038.2938
2026-02-10 18:00:00,0.2641,0.2643,0.2596,0.2609,16148635.0,4219569.7648
2026-02-10 19:00:00,0.2609,0.2631,0.2602,0.2623,9466713.0,2476182.9645
2026-02-10 20:00:00,0.2623,0.2627,0.2612,0.262,7730430.0,2024111.2603
2026-02-10 21:00:00,0.262,0.2625,0.2604,0.2613,7877157.0,2059820.3687
2026-02-10 22:00:00,0.2613,0.2629,0.2611,0.2617,4430065.0,1160025.3734
2026-02-10 23:00:00,0.2617,0.262,0.2609,0.2616,5601730.0,1464616.5309
2026-02-11 00:00:00,0.2616,0.2627,0.2613,0.2626,4174003.0,1093700.3144
2026-02-11 01:00:00,0.2626,0.2632,0.2617,0.263,3715077.0,975011.5129
2026-02-11 02:00:00,0.263,0.2646,0.2626,0.2626,8513031.0,2246037.5683
2026-02-11 03:00:00,0.2626,0.2635,0.26,0.2623,7181830.0,1881743.9827
2026-02-11 04:00:00,0.2623,0.2627,0.258,0.2586,19580100.0,5086501.9516
2026-02-11 05:00:00,0.2586,0.2599,0.2571,0.2576,17626755.0,4557075.1194
2026-02-11 06:00:00,0.2576,0.2576,0.2545,0.2555,26151466.0,6695124.7106
2026-02-11 07:00:00,0.2555,0.2568,0.2551,0.2554,9092985.0,2328147.8216
2026-02-11 08:00:00,0.2554,0.2558,0.2547,0.2551,7914915.0,2021125.4961
2026-02-11 09:00:00,0.2551,0.2555,0.2534,0.2538,6828140.0,1736686.0491
2026-02-11 10:00:00,0.2538,0.2539,0.2519,0.2528,12063779.0,3051329.3895
2026-02-11 11:00:00,0.2528,0.2553,0.2528,0.2552,4946057.0,1256960.7733
2026-02-11 12:00:00,0.2552,0.2559,0.2541,0.2543,9002300.0,2296177.6826
2026-02-11 13:00:00,0.2543,0.2566,0.2531,0.2564,16928918.0,4319505.1299
2026-02-11 14:00:00,0.2564,0.2631,0.2529,0.2537,60195156.0,15542584.0629
2026-02-11 15:00:00,0.2537,0.255,0.2502,0.2528,50193361.0,12652698.672
2026-02-11 16:00:00,0.2528,0.2573,0.2515,0.2515,23944748.0,6105855.1666
2026-02-11 17:00:00,0.2515,0.2569,0.251,0.2551,18032697.0,4582205.6337
2026-02-11 18:00:00,0.2551,0.2588,0.2542,0.2579,16260372.0,4177079.4913
2026-02-11 19:00:00,0.2579,0.2596,0.2562,0.2572,14187718.0,3656309.5489
2026-02-11 20:00:00,0.2572,0.2585,0.2553,0.2577,12503016.0,3208447.3666
2026-02-11 21:00:00,0.2577,0.2599,0.2569,0.2584,14520255.0,3754749.5975
2026-02-11 22:00:00,0.2584,0.259,0.256,0.2564,5380240.0,1385012.0012
2026-02-11 23:00:00,0.2564,0.2571,0.254,0.2557,15040174.0,3844629.81
2026-02-12 00:00:00,0.2557,0.2585,0.2557,0.2575,6147620.0,1581290.3805
2026-02-12 01:00:00,0.2575,0.2593,0.2574,0.2574,12326914.0,3183587.8148
2026-02-12 02:00:00,0.2574,0.2591,0.2569,0.258,5009727.0,1292300.367
2026-02-12 03:00:00,0.258,0.2594,0.2578,0.259,3542360.0,916181.2516
2026-02-12 04:00:00,0.259,0.2592,0.2577,0.2579,4144914.0,1071605.0378
2026-02-12 05:00:00,0.2579,0.2593,0.2569,0.2592,4575545.0,1181265.6399
2026-02-12 06:00:00,0.2592,0.2622,0.259,0.2611,11611436.0,3031332.2628
2026-02-12 07:00:00,0.2611,0.2628,0.2603,0.2626,9610441.0,2514842.9983
2026-02-12 08:00:00,0.2626,0.2635,0.2611,0.2621,9556687.0,2506031.1245
2026-02-12 09:00:00,0.2621,0.2661,0.2619,0.2653,16542523.0,4376363.3946
2026-02-12 10:00:00,0.2653,0.2694,0.2645,0.2692,20936367.0,5583745.5559
2026-02-12 11:00:00,0.2692,0.2692,0.2668,0.2674,23701504.0,6348558.797
2026-02-12 12:00:00,0.2674,0.2677,0.2638,0.2648,19200220.0,5098675.2365
2026-02-12 13:00:00,0.2648,0.267,0.2638,0.267,17592529.0,4670314.8299
2026-02-12 14:00:00,0.267,0.2674,0.2649,0.2656,26113721.0,6946084.1284
2026-02-12 15:00:00,0.2656,0.2672,0.2621,0.2625,30509555.0,8065923.1716
2026-02-12 16:00:00,0.2625,0.2633,0.2575,0.2583,47622098.0,12379480.4852
2026-02-12 17:00:00,0.2583,0.2618,0.2579,0.2591,34589608.0,8990195.5574
2026-02-12 18:00:00,0.2591,0.2608,0.2576,0.2598,14302616.0,3713811.0208
2026-02-12 19:00:00,0.2598,0.2645,0.2591,0.2615,20434731.0,5356821.1406
2026-02-12 20:00:00,0.2615,0.262,0.258,0.2585,12550237.0,3262733.6034
2026-02-12 21:00:00,0.2585,0.2602,0.2585,0.2594,8506113.0,2207152.381
2026-02-12 22:00:00,0.2594,0.2624,0.2583,0.2622,9519811.0,2477269.2212
2026-02-12 23:00:00,0.2622,0.2646,0.2619,0.2643,10340183.0,2723669.3753
2026-02-13 00:00:00,0.2643,0.2654,0.2614,0.2621,22497242.0,5932486.8035
2026-02-13 01:00:00,0.2621,0.2637,0.2617,0.2624,4787033.0,1257304.7923
2026-02-13 02:00:00,0.2624,0.2639,0.2614,0.2636,6939130.0,1820081.82
2026-02-13 03:00:00,0.2636,0.2639,0.2621,0.2626,4466929.0,1175427.1057
2026-02-13 04:00:00,0.2626,0.2633,0.2612,0.2614,4222053.0,1107263.1093
2026-02-13 05:00:00,0.2614,0.2617,0.2594,0.2594,5063290.0,1319294.9992
2026-02-13 06:00:00,0.2594,0.2614,0.2581,0.2613,5112802.0,1326153.4325
2026-02-13 07:00:00,0.2613,0.2632,0.261,0.2619,9473516.0,2483229.1112
2026-02-13 08:00:00,0.2619,0.2642,0.2616,0.2636,5795776.0,1524491.4927
2026-02-13 09:00:00,0.2636,0.2637,0.2617,0.2632,7993890.0,2100108.8725
2026-02-13 10:00:00,0.2632,0.2639,0.2627,0.2637,4570299.0,1203714.5253
2026-02-13 11:00:00,0.2637,0.264,0.2624,0.2638,5826619.0,1533931.9531
2026-02-13 12:00:00,0.2638,0.2638,0.2622,0.2628,4127434.0,1084654.1197
2026-02-13 13:00:00,0.2628,0.2661,0.2618,0.2653,16818681.0,4446415.6554
2026-02-13 14:00:00,0.2653,0.2674,0.263,0.2654,22283326.0,5904569.7813
2026-02-13 15:00:00,0.2654,0.2736,0.2649,0.269,38649446.0,10415573.1993
2026-02-13 16:00:00,0.269,0.2747,0.2681,0.2729,28789521.0,7832113.4083
2026-02-13 17:00:00,0.2729,0.2741,0.2712,0.2718,25532604.0,6959645.2166
2026-02-13 18:00:00,0.2718,0.273,0.2706,0.2722,15006867.0,4079887.5396
2026-02-13 19:00:00,0.2722,0.2742,0.2719,0.2723,20273844.0,5534828.5895
2026-02-13 20:00:00,0.2723,0.2735,0.2711,0.2733,20688304.0,5629103.3294
2026-02-13 21:00:00,0.2733,0.2742,0.2727,0.2737,6592528.0,1803489.3766
2026-02-13 22:00:00,0.2737,0.2742,0.2719,0.2727,3459942.0,943828.1103
2026-02-13 23:00:00,0.2727,0.2729,0.2717,0.2729,3092088.0,841790.9453
2026-02-14 00:00:00,0.2729,0.2745,0.2725,0.2744,5025864.0,1374069.1071
2026-02-14 01:00:00,0.2744,0.2771,0.2738,0.2756,12516378.0,3453690.3153
2026-02-14 02:00:00,0.2756,0.276,0.2751,0.2758,2343057.0,645593.7136
2026-02-14 03:00:00,0.2758,0.2778,0.2752,0.2771,8120966.0,2245936.4803
2026-02-14 04:00:00,0.2771,0.2774,0.2754,0.2756,14666719.0,4052422.5225
2026-02-14 05:00:00,0.2756,0.2771,0.2748,0.2749,10339127.0,2853224.0114
2026-02-14 06:00:00,0.2749,0.2753,0.2737,0.2742,6651057.0,1824292.2627
2026-02-14 07:00:00,0.2742,0.2763,0.2742,0.2757,5303615.0,1460529.0662
2026-02-14 08:00:00,0.2757,0.2796,0.2756,0.2787,19448609.0,5407997.6319
2026-02-14 09:00:00,0.2787,0.2789,0.2778,0.2784,6568271.0,1827812.4435
2026-02-14 10:00:00,0.2784,0.279,0.2772,0.2784,4309893.0,1198560.6977
2026-02-14 11:00:00,0.2784,0.2842,0.2783,0.2829,18186849.0,5127773.5103
2026-02-14 12:00:00,0.2829,0.2841,0.2811,0.2817,20291734.0,5740236.5442
2026-02-14 13:00:00,0.2817,0.2831,0.2803,0.2811,11044969.0,3108058.784
2026-02-14 14:00:00,0.2811,0.2868,0.2809,0.2866,20651515.0,5856330.4332
2026-02-14 15:00:00,0.2866,0.2866,0.2841,0.286,9719716.0,2770658.7928
2026-02-14 16:00:00,0.286,0.2907,0.2846,0.2894,29560258.0,8495194.683
2026-02-14 17:00:00,0.2894,0.2923,0.2889,0.2893,18041428.0,5237703.0717
2026-02-14 18:00:00,0.2893,0.2938,0.289,0.2932,9671024.0,2824268.6475
2026-02-14 19:00:00,0.2932,0.2997,0.2924,0.2983,36405564.0,10777711.2629
2026-02-14 20:00:00,0.2983,0.2999,0.2959,0.297,15699422.0,4679606.5068
2026-02-14 21:00:00,0.297,0.3005,0.2943,0.2959,31835382.0,9487821.2259
2026-02-14 22:00:00,0.2959,0.2986,0.2955,0.2968,11472254.0,3406315.5817
2026-02-14 23:00:00,0.2968,0.2971,0.2942,0.295,5750282.0,1700140.2895
2026-02-15 00:00:00,0.295,0.2978,0.2948,0.2965,4822925.0,1428579.5681
2026-02-15 01:00:00,0.2965,0.2981,0.2941,0.2964,9485701.0,2807705.6637
2026-02-15 02:00:00,0.2964,0.2981,0.2923,0.2953,9120434.0,2687776.2835
2026-02-15 03:00:00,0.2953,0.2975,0.2924,0.2973,5255571.0,1550933.6013
2026-02-15 04:00:00,0.2973,0.3008,0.2961,0.2974,14143240.0,4220982.5283
2026-02-15 05:00:00,0.2974,0.2994,0.2971,0.298,8629133.0,2572168.1139
2026-02-15 06:00:00,0.298,0.2988,0.2962,0.2968,7125580.0,2119889.3927
2026-02-15 07:00:00,0.2968,0.3008,0.2966,0.3004,12031699.0,3598835.8958
2026-02-15 08:00:00,0.3004,0.3017,0.2946,0.2959,26310328.0,7856036.0676
2026-02-15 09:00:00,0.2959,0.2978,0.2947,0.2954,9978051.0,2953782.2982
2026-02-15 10:00:00,0.2954,0.2957,0.2906,0.2927,15183366.0,4447384.2567
2026-02-15 11:00:00,0.2927,0.2935,0.2897,0.2905,9271663.0,2699688.8452
2026-02-15 12:00:00,0.2905,0.2909,0.2834,0.2834,32705932.0,9390690.6299
2026-02-15 13:00:00,0.2834,0.2861,0.2808,0.282,33281248.0,9430123.0931
2026-02-15 14:00:00,0.282,0.2854,0.2819,0.2844,14154353.0,4013645.2302
2026-02-15 15:00:00,0.2844,0.2863,0.2836,0.2841,10655515.0,3036394.8526
2026-02-15 16:00:00,0.2841,0.2842,0.2816,0.2835,14006752.0,3962383.7575
2026-02-15 17:00:00,0.2835,0.2843,0.2781,0.2804,16851183.0,4737222.7692
2026-02-15 18:00:00,0.2804,0.2812,0.2777,0.279,15809141.0,4417613.9497
2026-02-15 19:00:00,0.279,0.2805,0.2772,0.279,13399632.0,3730916.8826
2026-02-15 20:00:00,0.279,0.2805,0.2778,0.279,6110455.0,1705517.8825
2026-02-15 21:00:00,0.279,0.2814,0.279,0.2802,6013744.0,1685967.6484
2026-02-15 22:00:00,0.2802,0.2826,0.2797,0.2819,3930868.0,1105462.279
2026-02-15 23:00:00,0.2819,0.2821,0.279,0.2817,12900256.0,3620395.9721
2026-02-16 00:00:00,0.2817,0.2833,0.2804,0.2817,4676111.0,1318233.3558
2026-02-16 01:00:00,0.2817,0.2829,0.2796,0.2808,8197513.0,2301921.6196
2026-02-16 02:00:00,0.2808,0.2821,0.2795,0.2798,8473959.0,2375860.8083
2026-02-16 03:00:00,0.2798,0.2803,0.2792,0.2801,2076850.0,580985.2737
2026-02-16 04:00:00,0.2801,0.2821,0.2799,0.2821,3692834.0,1037237.6155
2026-02-16 05:00:00,0.2821,0.2825,0.2772,0.278,6989914.0,1947340.9236
2026-02-16 06:00:00,0.278,0.2804,0.2776,0.28,5288999.0,1476174.7828
2026-02-16 07:00:00,0.28,0.2814,0.2792,0.28,5423817.0,1519930.0753
2026-02-16 08:00:00,0.28,0.2826,0.2799,0.2816,9509777.0,2677138.7703
2026-02-16 09:00:00,0.2816,0.2856,0.2814,0.2848,13850378.0,3924944.8937
2026-02-16 10:00:00,0.2848,0.2848,0.2822,0.2826,11225180.0,3182283.6431
2026-02-16 11:00:00,0.2826,0.2835,0.2785,0.2827,12967760.0,3643973.3824
2026-02-16 12:00:00,0.2827,0.2873,0.2819,0.2869,11674329.0,3331553.1626
2026-02-16 13:00:00,0.2869,0.2889,0.2801,0.2808,33174183.0,9444287.8664
2026-02-16 14:00:00,0.2808,0.2856,0.2787,0.2838,16643817.0,4692856.9878
2026-02-16 15:00:00,0.2838,0.2856,0.2766,0.2789,28287000.0,7922020.6549
2026-02-16 16:00:00,0.2789,0.2822,0.2783,0.2812,24331375.0,6830600.8642
2026-02-16 17:00:00,0.2812,0.2831,0.2796,0.282,6672154.0,1879030.311
2026-02-16 18:00:00,0.282,0.2838,0.2812,0.2814,5897729.0,1663897.167
2026-02-16 19:00:00,0.2814,0.2836,0.2811,0.2821,3188115.0,899608.42
2026-02-16 20:00:00,0.2821,0.2861,0.2811,0.2852,4391451.0,1243204.689
2026-02-16 21:00:00,0.2852,0.2875,0.2841,0.2874,5374913.0,1534679.9454
2026-02-16 22:00:00,0.2874,0.2874,0.2843,0.2848,4772357.0,1363159.7184
2026-02-16 23:00:00,0.2848,0.286,0.2847,0.2856,2118550.0,604562.2867
2026-02-17 00:00:00,0.2856,0.2862,0.2844,0.2848,1637277.0,467176.0908
2026-02-17 01:00:00,0.2848,0.2859,0.284,0.2845,4528302.0,1290756.0705
2026-02-17 02:00:00,0.2845,0.2889,0.2828,0.288,5497860.0,1571765.3403
2026-02-17 03:00:00,0.288,0.2882,0.2861,0.2863,2157569.0,619309.8926
2026-02-17 04:00:00,0.2863,0.2875,0.2853,0.2864,2851732.0,817300.038
2026-02-17 05:00:00,0.2864,0.2869,0.2834,0.2854,4494337.0,1281355.22
2026-02-17 06:00:00,0.2854,0.2874,0.2854,0.2871,1348837.0,386038.8228
2026-02-17 07:00:00,0.2871,0.2895,0.2854,0.2863,4897040.0,1409325.0945
2026-02-17 08:00:00,0.2863,0.2868,0.2831,0.2834,4898694.0,1394252.6775
2026-02-17 09:00:00,0.2834,0.2834,0.2806,0.282,5639420.0,1589301.3292
2026-02-17 10:00:00,0.282,0.2822,0.2792,0.2798,5994877.0,1678406.3359
2026-02-17 11:00:00,0.2798,0.2809,0.2794,0.2802,7151121.0,2003095.7519
2026-02-17 12:00:00,0.2802,0.283,0.2797,0.2818,10938844.0,3077077.972
2026-02-17 13:00:00,0.2818,0.2842,0.2813,0.2833,6059104.0,1714265.055
2026-02-17 14:00:00,0.2833,0.2844,0.2771,0.2781,29922985.0,8384063.7362
2026-02-17 15:00:00,0.2781,0.2814,0.2774,0.281,19867627.0,5552232.2233
2026-02-17 16:00:00,0.281,0.2868,0.2807,0.2829,28824509.0,8187582.529
2026-02-17 17:00:00,0.2829,0.2834,0.2783,0.2808,14900486.0,4179385.5858
2026-02-17 18:00:00,0.2808,0.2866,0.2804,0.2845,17372724.0,4928231.4929
2026-02-17 19:00:00,0.2845,0.2855,0.2825,0.2829,7347196.0,2086879.0362
2026-02-17 20:00:00,0.2829,0.2835,0.2812,0.2826,5293102.0,1494551.0975
2026-02-17 21:00:00,0.2826,0.2836,0.2813,0.2823,4215075.0,1190689.2018
2026-02-17 22:00:00,0.2823,0.2826,0.2807,0.2811,5199427.0,1465003.7808
2026-02-17 23:00:00,0.2811,0.2814,0.2801,0.2809,2632697.0,739446.4961
2026-02-18 00:00:00,0.2809,0.2817,0.2797,0.2799,6680154.0,1875016.1053
2026-02-18 01:00:00,0.2799,0.2802,0.2787,0.2799,3519841.0,983957.8979
2026-02-18 02:00:00,0.2799,0.2828,0.2798,0.2822,2885319.0,812714.851
2026-02-18 03:00:00,0.2822,0.2837,0.282,0.283,2420922.0,685161.2674
2026-02-18 04:00:00,0.283,0.2832,0.2816,0.2818,5342800.0,1509233.6631
2026-02-18 05:00:00,0.2818,0.2829,0.2814,0.2821,1272827.0,359056.2395
2026-02-18 06:00:00,0.2821,0.2833,0.282,0.282,1408078.0,398149.7462
2026-02-18 07:00:00,0.282,0.2849,0.2818,0.2844,3808364.0,1077559.3205
2026-02-18 08:00:00,0.2844,0.2865,0.2839,0.2849,4311590.0,1229550.4738
2026-02-18 09:00:00,0.2849,0.2862,0.2847,0.2852,2747413.0,784554.557
2026-02-18 10:00:00,0.2852,0.286,0.2827,0.2834,5080436.0,1440997.7962
2026-02-18 11:00:00,0.2834,0.2838,0.2802,0.2806,17501489.0,4924655.5995
2026-02-18 12:00:00,0.2806,0.2831,0.2804,0.2823,7606766.0,2144369.5578
2026-02-18 13:00:00,0.2823,0.2828,0.2794,0.2806,9588831.0,2695787.3314
2026-02-18 14:00:00,0.2806,0.2817,0.2784,0.2812,15513488.0,4350504.7114
2026-02-18 15:00:00,0.2812,0.2874,0.281,0.284,17707994.0,5032700.8593
2026-02-18 16:00:00,0.284,0.284,0.2791,0.2801,20548874.0,5771489.6174
2026-02-18 17:00:00,0.2801,0.2826,0.2794,0.2796,12960226.0,3636413.0663
2026-02-18 18:00:00,0.2796,0.2802,0.2745,0.2753,24974132.0,6919250.8334
2026-02-18 19:00:00,0.2753,0.2767,0.2711,0.2734,27618126.0,7552680.8228
2026-02-18 20:00:00,0.2734,0.2757,0.2723,0.2737,9860281.0,2699578.8367
2026-02-18 21:00:00,0.2737,0.2748,0.2728,0.2736,6788713.0,1858197.5203
2026-02-18 22:00:00,0.2736,0.274,0.2722,0.2731,3416305.0,933117.3339
2026-02-18 23:00:00,0.2731,0.2739,0.272,0.2734,2966918.0,809833.974
2026-02-19 00:00:00,0.2734,0.2734,0.2719,0.2724,3408774.0,929371.1124
2026-02-19 01:00:00,0.2724,0.275,0.2724,0.275,1595386.0,437238.6576
2026-02-19 02:00:00,0.275,0.2757,0.2737,0.2747,2315324.0,636415.3114
2026-02-19 03:00:00,0.2747,0.2752,0.2735,0.275,1146648.0,314686.0257
2026-02-19 04:00:00,0.275,0.2757,0.2743,0.2745,1798531.0,494615.0745
2026-02-19 05:00:00,0.2745,0.2751,0.2731,0.2747,2495357.0,684354.9336
2026-02-19 06:00:00,0.2747,0.2769,0.2744,0.2762,6155676.0,1699015.119
2026-02-19 07:00:00,0.2762,0.2772,0.2753,0.2763,7875987.0,2176648.3356
2026-02-19 08:00:00,0.2763,0.2764,0.2727,0.2738,7265210.0,1988749.5018
2026-02-19 09:00:00,0.2738,0.2751,0.2723,0.2733,5336179.0,1463687.9239
2026-02-19 10:00:00,0.2733,0.2742,0.2721,0.2735,3450099.0,942535.8325
2026-02-19 11:00:00,0.2735,0.2743,0.2719,0.272,5361577.0,1464230.4615
2026-02-19 12:00:00,0.272,0.2726,0.2708,0.2721,7216125.0,1960739.815
2026-02-19 13:00:00,0.2721,0.2724,0.2682,0.2696,18558767.0,5014120.5048
2026-02-19 14:00:00,0.2696,0.2734,0.2693,0.2722,11615592.0,3149474.2625
2026-02-19 15:00:00,0.2722,0.2736,0.2687,0.27,16911857.0,4573728.5596
2026-02-19 16:00:00,0.27,0.2705,0.267,0.2694,12255106.0,3292752.3134
2026-02-19 17:00:00,0.2694,0.2729,0.2681,0.2694,11119573.0,3006723.172
2026-02-19 18:00:00,0.2694,0.2732,0.269,0.2729,12000390.0,3263994.3164
2026-02-19 19:00:00,0.2729,0.2738,0.2713,0.2727,9789447.0,2669045.175
2026-02-19 20:00:00,0.2727,0.2731,0.2716,0.2726,2076036.0,565565.2491
2026-02-19 21:00:00,0.2726,0.2733,0.2718,0.2718,3182377.0,867511.4068
2026-02-19 22:00:00,0.2718,0.2727,0.2705,0.2723,2711473.0,735246.1558
2026-02-19 23:00:00,0.2723,0.273,0.272,0.2729,4266327.0,1163070.9966
2026-02-20 00:00:00,0.2729,0.275,0.2721,0.274,11803148.0,3226165.716
2026-02-20 01:00:00,0.274,0.2745,0.2732,0.2738,3241009.0,888156.333
2026-02-20 02:00:00,0.2738,0.2746,0.2735,0.2735,1979304.0,542391.5265
2026-02-20 03:00:00,0.2735,0.2749,0.2732,0.2736,3248373.0,889667.2204
2026-02-20 04:00:00,0.2736,0.2737,0.2708,0.2722,6366104.0,1732743.499
2026-02-20 05:00:00,0.2722,0.2759,0.2716,0.2745,6839677.0,1872449.1735
2026-02-20 06:00:00,0.2745,0.2749,0.2735,0.2744,3275951.0,898521.227
2026-02-20 07:00:00,0.2744,0.2747,0.2732,0.2734,3047107.0,835689.2935
2026-02-20 08:00:00,0.2734,0.2749,0.2732,0.2746,1728529.0,473819.7076
2026-02-20 09:00:00,0.2746,0.2775,0.2744,0.2771,6724172.0,1858822.0365
2026-02-20 10:00:00,0.2771,0.2797,0.2771,0.2784,11019451.0,3070811.1981
2026-02-20 11:00:00,0.2784,0.2785,0.2762,0.2764,12726555.0,3528220.8931
2026-02-20 12:00:00,0.2764,0.2782,0.2759,0.2768,3510320.0,970906.4237
2026-02-20 13:00:00,0.2768,0.2768,0.2696,0.2718,13698465.0,3725396.2758
2026-02-20 14:00:00,0.2718,0.2789,0.2715,0.2772,23184666.0,6409219.1207
2026-02-20 15:00:00,0.2772,0.2888,0.2772,0.2887,32120590.0,9086968.6045
2026-02-20 16:00:00,0.2887,0.2937,0.2856,0.2881,23439740.0,6794815.687
2026-02-20 17:00:00,0.2881,0.2884,0.2799,0.2856,23904007.0,6778079.9927
2026-02-20 18:00:00,0.2856,0.2856,0.2811,0.2832,11190737.0,3169242.2012
2026-02-20 19:00:00,0.2832,0.2842,0.2817,0.2828,4370037.0,1235643.3311
2026-02-20 20:00:00,0.2828,0.2846,0.2821,0.284,4322284.0,1225552.1699
2026-02-20 21:00:00,0.284,0.2847,0.283,0.2845,4560620.0,1295629.872
2026-02-20 22:00:00,0.2845,0.2855,0.2831,0.2855,9134730.0,2600489.7761
2026-02-20 23:00:00,0.2855,0.2859,0.2841,0.2846,1792247.0,510554.3832
2026-02-21 00:00:00,0.2846,0.2852,0.2823,0.2827,4500186.0,1277135.9123
2026-02-21 01:00:00,0.2827,0.2836,0.282,0.2832,1862847.0,526529.9249
2026-02-21 02:00:00,0.2832,0.2846,0.2824,0.2833,4666442.0,1323629.5352
2026-02-21 03:00:00,0.2833,0.2839,0.2819,0.2829,3400418.0,961778.9263
2026-02-21 04:00:00,0.2829,0.2833,0.2819,0.2832,1584913.0,447751.126
2026-02-21 05:00:00,0.2832,0.2842,0.2831,0.2833,8583113.0,2431564.1958
2026-02-21 06:00:00,0.2833,0.2833,0.2807,0.2815,4417789.0,1244898.3503
2026-02-21 07:00:00,0.2815,0.2819,0.2807,0.2813,5819879.0,1636604.8728
2026-02-21 08:00:00,0.2813,0.2839,0.281,0.2837,5494925.0,1550493.1121
2026-02-21 09:00:00,0.2837,0.2863,0.2832,0.284,8540243.0,2433144.0558
2026-02-21 10:00:00,0.284,0.2849,0.2832,0.2837,2681125.0,761710.607
2026-02-21 11:00:00,0.2837,0.2847,0.283,0.2833,3475461.0,985905.9944
2026-02-21 12:00:00,0.2833,0.2835,0.2814,0.2825,9226425.0,2605411.739
2026-02-21 13:00:00,0.2825,0.2833,0.2818,0.2832,5438677.0,1536031.5686
2026-02-21 14:00:00,0.2832,0.2848,0.2825,0.2825,9457441.0,2682256.7806
2026-02-21 15:00:00,0.2825,0.2834,0.2818,0.2823,6389411.0,1805710.0868
2026-02-21 16:00:00,0.2823,0.2826,0.2793,0.2804,11639009.0,3267254.3195
2026-02-21 17:00:00,0.2804,0.2809,0.2793,0.2807,6608204.0,1850945.7548
2026-02-21 18:00:00,0.2807,0.2821,0.2807,0.2816,6486343.0,1825007.421
2026-02-21 19:00:00,0.2816,0.2818,0.2799,0.28,2251942.0,632126.29
2026-02-21 20:00:00,0.28,0.2812,0.2789,0.279,4022918.0,1127374.7466
2026-02-21 21:00:00,0.279,0.281,0.279,0.2809,2527068.0,708290.1238
2026-02-21 22:00:00,0.2809,0.2812,0.2798,0.28,4829014.0,1354825.4339
2026-02-21 23:00:00,0.28,0.2806,0.2793,0.2799,1860085.0,520806.4302
2026-02-22 00:00:00,0.2799,0.28,0.277,0.2784,14822275.0,4122903.2161
2026-02-22 01:00:00,0.2784,0.2793,0.2779,0.279,6326313.0,1762042.8634
2026-02-22 02:00:00,0.279,0.2796,0.2764,0.2769,3919489.0,1090453.9617
2026-02-22 03:00:00,0.2769,0.2776,0.2753,0.2771,3026331.0,836498.5714
2026-02-22 04:00:00,0.2771,0.2775,0.2761,0.2762,4048997.0,1121730.8395
2026-02-22 05:00:00,0.2762,0.2765,0.2751,0.2756,3988334.0,1099618.1018
2026-02-22 06:00:00,0.2756,0.2766,0.2747,0.2763,5610397.0,1547971.8989
2026-02-22 07:00:00,0.2763,0.2766,0.2756,0.2756,1790981.0,494632.2378
2026-02-22 08:00:00,0.2756,0.276,0.2748,0.2752,2375278.0,654299.1759
2026-02-22 09:00:00,0.2752,0.2763,0.2749,0.2762,1123053.0,309616.889
2026-02-22 10:00:00,0.2762,0.2772,0.2758,0.2761,2371119.0,655440.6042
2026-02-22 11:00:00,0.2761,0.2764,0.2757,0.2758,1497586.0,413490.0747
2026-02-22 12:00:00,0.2758,0.2759,0.2726,0.2731,27010380.0,7388019.4605
2026-02-22 13:00:00,0.2731,0.2736,0.2719,0.2725,7600418.0,2072796.0865
2026-02-22 14:00:00,0.2725,0.273,0.271,0.2718,7531055.0,2048428.6662
2026-02-22 15:00:00,0.2718,0.2722,0.27,0.2717,11603126.0,3149354.2892
2026-02-22 16:00:00,0.2717,0.2717,0.2698,0.271,3980403.0,1077002.7047
2026-02-22 17:00:00,0.271,0.2712,0.2696,0.2702,6990392.0,1889264.5909
2026-02-22 18:00:00,0.2702,0.2702,0.2687,0.2698,4746982.0,1279624.4849
2026-02-22 19:00:00,0.2698,0.2703,0.2691,0.2697,2185111.0,589595.2354
2026-02-22 20:00:00,0.2697,0.27,0.2685,0.269,7065177.0,1902792.6753
2026-02-22 21:00:00,0.269,0.2703,0.2689,0.2702,6205986.0,1672260.6579
2026-02-22 22:00:00,0.2702,0.272,0.2701,0.2714,9975678.0,2703618.3883
2026-02-22 23:00:00,0.2714,0.2718,0.2699,0.2715,9098977.0,2464089.2501
2026-02-23 00:00:00,0.2715,0.2717,0.2679,0.2682,10933712.0,2953844.3174
2026-02-23 01:00:00,0.2682,0.2682,0.257,0.2584,58441229.0,15256844.375
2026-02-23 02:00:00,0.2584,0.2605,0.2578,0.2601,9003580.0,2336347.9018
2026-02-23 03:00:00,0.2601,0.2619,0.2601,0.2609,5945232.0,1551473.1025
2026-02-23 04:00:00,0.2609,0.261,0.2594,0.2607,4578765.0,1191208.4168
2026-02-23 05:00:00,0.2607,0.2627,0.2605,0.2617,3976932.0,1040807.301
2026-02-23 06:00:00,0.2617,0.2662,0.2614,0.2659,9472445.0,2507762.0011
2026-02-23 07:00:00,0.2659,0.2674,0.2655,0.2664,8441008.0,2247579.3086
2026-02-23 08:00:00,0.2664,0.2664,0.2647,0.265,5726817.0,1519209.421
2026-02-23 09:00:00,0.265,0.2715,0.2649,0.271,11821207.0,3184748.1579
2026-02-23 10:00:00,0.271,0.2718,0.2698,0.2702,5747966.0,1554343.7447
2026-02-23 11:00:00,0.2702,0.2719,0.2699,0.2711,3620970.0,982007.0637
2026-02-23 12:00:00,0.2711,0.2753,0.2707,0.2733,6783918.0,1850769.4041
2026-02-23 13:00:00,0.2733,0.2741,0.2718,0.272,6477581.0,1770501.4221
2026-02-23 14:00:00,0.272,0.2727,0.2685,0.2703,11733861.0,3174024.6187
2026-02-23 15:00:00,0.2703,0.2709,0.2663,0.2669,13636175.0,3655235.0759
2026-02-23 16:00:00,0.2669,0.2684,0.2654,0.2658,18989996.0,5067005.1957
2026-02-23 17:00:00,0.2658,0.2668,0.2601,0.2631,14228755.0,3749794.2209
2026-02-23 18:00:00,0.2631,0.2657,0.2624,0.2632,8810640.0,2325519.0778
2026-02-23 19:00:00,0.2632,0.2637,0.261,0.2619,7402483.0,1938676.4964
2026-02-23 20:00:00,0.2619,0.2634,0.2605,0.2629,6241360.0,1635040.9935
2026-02-23 21:00:00,0.2629,0.264,0.2625,0.2635,4815075.0,1267451.1793
2026-02-23 22:00:00,0.2635,0.2649,0.263,0.2631,4575466.0,1207516.7139
2026-02-23 23:00:00,0.2631,0.2641,0.2619,0.2622,5256734.0,1380075.0911
2026-02-24 00:00:00,0.2622,0.2645,0.2621,0.2641,2427690.0,640444.3501
2026-02-24 01:00:00,0.2641,0.2642,0.2574,0.261,28643653.0,7467022.9499
2026-02-24 02:00:00,0.261,0.2624,0.2595,0.2602,11124793.0,2899481.351
2026-02-24 03:00:00,0.2602,0.2602,0.2576,0.2585,8814128.0,2282206.6421
2026-02-24 04:00:00,0.2585,0.2588,0.2561,0.2577,10274724.0,2644923.8471
2026-02-24 05:00:00,0.2577,0.259,0.2556,0.2571,6378658.0,1640631.2087
2026-02-24 06:00:00,0.2571,0.2574,0.256,0.2563,1701248.0,436906.0513
2026-02-24 07:00:00,0.2563,0.2577,0.2555,0.2575,2382676.0,612172.1406
2026-02-24 08:00:00,0.2575,0.2585,0.2565,0.2578,4162795.0,1071751.5615
2026-02-24 09:00:00,0.2578,0.2582,0.2559,0.257,5885753.0,1512568.5786
2026-02-24 10:00:00,0.257,0.2578,0.2566,0.2574,4801814.0,1235105.8461
2026-02-24 11:00:00,0.2574,0.2576,0.2567,0.2573,2370517.0,609286.6346
2026-02-24 12:00:00,0.2573,0.2578,0.256,0.2564,5147148.0,1320733.2843
2026-02-24 13:00:00,0.2564,0.2567,0.2539,0.256,13398380.0,3423533.0527
2026-02-24 14:00:00,0.256,0.259,0.2535,0.2577,12233720.0,3136371.6842
2026-02-24 15:00:00,0.2577,0.261,0.2571,0.2596,17071645.0,4429207.1603
2026-02-24 16:00:00,0.2596,0.2622,0.2591,0.2616,15928596.0,4148700.1856
2026-02-24 17:00:00,0.2616,0.2626,0.2607,0.2612,11031235.0,2887471.2285
2026-02-24 18:00:00,0.2612,0.2626,0.2594,0.2611,7887091.0,2059040.7111
2026-02-24 19:00:00,0.2611,0.2619,0.2595,0.2602,6102947.0,1588970.968
2026-02-24 20:00:00,0.2602,0.2609,0.2595,0.2605,4555884.0,1185798.1774
2026-02-24 21:00:00,0.2605,0.2605,0.2587,0.2591,4228559.0,1096301.7864
2026-02-24 22:00:00,0.2591,0.2606,0.2588,0.2593,4504754.0,1169276.4745
2026-02-24 23:00:00,0.2593,0.2596,0.2575,0.2584,3989556.0,1031440.8822
2026-02-25 00:00:00,0.2584,0.2593,0.2577,0.2588,4458248.0,1151124.7753
2026-02-25 01:00:00,0.2588,0.2698,0.2587,0.2676,27706868.0,7377511.6851
2026-02-25 02:00:00,0.2676,0.2714,0.2672,0.2687,15167489.0,4086346.0461
2026-02-25 03:00:00,0.2687,0.2692,0.2657,0.2659,11944852.0,3198419.5011
2026-02-25 04:00:00,0.2659,0.2667,0.2642,0.2658,4344795.0,1153357.1437
2026-02-25 05:00:00,0.2658,0.266,0.262,0.2638,7822238.0,2064194.2174
2026-02-25 06:00:00,0.2638,0.2654,0.2637,0.2643,7208319.0,1907337.0379
2026-02-25 07:00:00,0.2643,0.2662,0.2643,0.2659,6993710.0,1855344.9948
2026-02-25 08:00:00,0.2659,0.2686,0.2653,0.2686,5506340.0,1472108.1339
2026-02-25 09:00:00,0.2686,0.2703,0.2683,0.2699,8776341.0,2365366.6846
2026-02-25 10:00:00,0.2699,0.2711,0.2691,0.2695,8480992.0,2288240.9626
2026-02-25 11:00:00,0.2695,0.2711,0.2687,0.271,6922672.0,1869295.9104
2026-02-25 12:00:00,0.271,0.2782,0.2709,0.2765,18557699.0,5100763.6872
2026-02-25 13:00:00,0.2765,0.2799,0.2765,0.2786,14303579.0,3980055.003
2026-02-25 14:00:00,0.2786,0.2873,0.2786,0.2871,32193777.0,9132949.9954
2026-02-25 15:00:00,0.2871,0.2926,0.2869,0.2903,27478672.0,7947239.3437
2026-02-25 16:00:00,0.2903,0.2957,0.2903,0.2951,22827372.0,6704175.1244
2026-02-25 17:00:00,0.2951,0.2981,0.2946,0.2962,18671019.0,5530283.4697
2026-02-25 18:00:00,0.2962,0.2997,0.2941,0.2989,19417558.0,5775241.2889
2026-02-25 19:00:00,0.2989,0.3036,0.2955,0.3026,12829098.0,3836666.3134
2026-02-25 20:00:00,0.3026,0.3125,0.3026,0.3074,46926939.0,14484525.9162
2026-02-25 21:00:00,0.3074,0.3135,0.3061,0.3094,17690429.0,5490385.8012
2026-02-25 22:00:00,0.3094,0.3123,0.2994,0.3007,21943206.0,6744882.0157
2026-02-25 23:00:00,0.3007,0.3033,0.2942,0.2971,22831539.0,6811744.0655
2026-02-26 00:00:00,0.2971,0.3008,0.2938,0.2957,15044730.0,4474679.8361
2026-02-26 01:00:00,0.2957,0.2985,0.2953,0.2963,5631057.0,1671488.3543
2026-02-26 02:00:00,0.2963,0.2973,0.2937,0.2966,10668396.0,3158452.2467
2026-02-26 03:00:00,0.2966,0.2971,0.2948,0.2951,6345945.0,1876723.4837
2026-02-26 04:00:00,0.2951,0.3,0.2948,0.2973,18194912.0,5417693.3436
2026-02-26 05:00:00,0.2973,0.2973,0.2927,0.295,8006103.0,2357628.6073
2026-02-26 06:00:00,0.295,0.2969,0.2934,0.294,8380314.0,2472884.5773
2026-02-26 07:00:00,0.294,0.2956,0.2927,0.2931,7355544.0,2160209.4724
2026-02-26 08:00:00,0.2931,0.2949,0.2918,0.2918,10551195.0,3098368.2276
2026-02-26 09:00:00,0.2918,0.2955,0.2905,0.2946,15236855.0,4471372.6279
2026-02-26 10:00:00,0.2946,0.2948,0.2909,0.2918,18033960.0,5272057.0445
2026-02-26 11:00:00,0.2918,0.2924,0.2887,0.2891,9269029.0,2694212.965
2026-02-26 12:00:00,0.2891,0.293,0.289,0.2925,8458057.0,2458250.7491
2026-02-26 13:00:00,0.2925,0.2936,0.2914,0.292,6507572.0,1903004.0993
2026-02-26 14:00:00,0.292,0.2948,0.2893,0.2919,16621661.0,4851100.9369
2026-02-26 15:00:00,0.2919,0.2942,0.2888,0.2913,15382264.0,4481747.1619
2026-02-26 16:00:00,0.2913,0.2914,0.2833,0.284,15198308.0,4365933.916
2026-02-26 17:00:00,0.284,0.286,0.2828,0.2835,10971969.0,3119354.7888
2026-02-26 18:00:00,0.2835,0.2866,0.2821,0.2862,11150638.0,3169417.1571
2026-02-26 19:00:00,0.2862,0.2902,0.286,0.2882,10272400.0,2959317.4974
2026-02-26 20:00:00,0.2882,0.2895,0.2842,0.2849,10137726.0,2900491.3802
2026-02-26 21:00:00,0.2849,0.2859,0.2839,0.2854,4503260.0,1283690.4199
2026-02-26 22:00:00,0.2854,0.2872,0.2852,0.2872,1746264.0,500272.5158
2026-02-26 23:00:00,0.2872,0.2875,0.286,0.2869,4731422.0,1355318.3315
2026-02-27 00:00:00,0.2869,0.2871,0.2847,0.2861,5949515.0,1696746.9547
2026-02-27 01:00:00,0.2861,0.288,0.285,0.2874,8439932.0,2416546.6503
2026-02-27 02:00:00,0.2874,0.2883,0.2866,0.2869,4488082.0,1291607.0809
2026-02-27 03:00:00,0.2869,0.2904,0.2862,0.2898,5522634.0,1586052.5201
2026-02-27 04:00:00,0.2898,0.2944,0.2898,0.2932,5925117.0,1731021.2664
2026-02-27 05:00:00,0.2932,0.296,0.293,0.2949,4962291.0,1461751.7176
2026-02-27 06:00:00,0.2949,0.295,0.2909,0.2923,7543921.0,2207222.9625
2026-02-27 07:00:00,0.2923,0.2923,0.2892,0.2902,5814915.0,1689418.0804
2026-02-27 08:00:00,0.2902,0.2923,0.2902,0.2921,4011473.0,1168782.6302
2026-02-27 09:00:00,0.2921,0.2938,0.2897,0.2906,6478406.0,1889807.9358
2026-02-27 10:00:00,0.2906,0.2912,0.2852,0.2861,18246928.0,5255846.735
2026-02-27 11:00:00,0.2861,0.2868,0.2811,0.2818,11595656.0,3289828.9508
2026-02-27 12:00:00,0.2818,0.284,0.2804,0.2829,7832219.0,2212092.5374
2026-02-27 13:00:00,0.2829,0.2846,0.2802,0.2837,10379983.0,2931219.0595
2026-02-27 14:00:00,0.2837,0.2839,0.281,0.2814,9939194.0,2807352.3842
2026-02-27 15:00:00,0.2814,0.2829,0.2793,0.2805,8164582.0,2294040.9405
2026-02-27 16:00:00,0.2805,0.2805,0.2768,0.2774,10509236.0,2926347.4554
2026-02-27 17:00:00,0.2774,0.278,0.2741,0.2779,15373684.0,4246211.2998
2026-02-27 18:00:00,0.2779,0.2786,0.2766,0.2766,4995085.0,1386402.4651
2026-02-27 19:00:00,0.2766,0.277,0.2747,0.2755,4275716.0,1179416.5587
2026-02-27 20:00:00,0.2755,0.2781,0.2751,0.2772,5025691.0,1388260.6694
2026-02-27 21:00:00,0.2772,0.2784,0.2751,0.2759,4239886.0,1173054.5974
2026-02-27 22:00:00,0.2759,0.2765,0.2723,0.2765,8474572.0,2330968.3797
2026-02-27 23:00:00,0.2765,0.2777,0.2762,0.2774,3721885.0,1030773.6158
2026-02-28 00:00:00,0.2774,0.2782,0.2766,0.2777,3549955.0,984570.2125
2026-02-28 01:00:00,0.2777,0.2784,0.2768,0.2774,3401018.0,944218.4143
2026-02-28 02:00:00,0.2774,0.2794,0.2767,0.279,2821752.0,784651.9495
2026-02-28 03:00:00,0.279,0.279,0.2764,0.2768,2317212.0,643358.8576
2026-02-28 04:00:00,0.2768,0.2774,0.2753,0.2766,2847077.0,787341.8709
2026-02-28 05:00:00,0.2766,0.277,0.2745,0.2754,2135401.0,588768.9742
2026-02-28 06:00:00,0.2754,0.2755,0.2624,0.263,34420743.0,9219151.4102
2026-02-28 07:00:00,0.263,0.27,0.2608,0.2649,15419163.0,4082230.1334
2026-02-28 08:00:00,0.2649,0.2649,0.2605,0.2608,9927791.0,2607297.4638
2026-02-28 09:00:00,0.2608,0.2625,0.2597,0.2609,11543627.0,3012751.4609
2026-02-28 10:00:00,0.2609,0.266,0.2591,0.2631,7381025.0,1932378.0318
2026-02-28 11:00:00,0.2631,0.2649,0.2625,0.2625,5710819.0,1505047.9817
2026-02-28 12:00:00,0.2625,0.2637,0.2624,0.2632,3281045.0,863499.0736
2026-02-28 13:00:00,0.2632,0.2697,0.2626,0.2696,12545521.0,3354175.9238
2026-02-28 14:00:00,0.2696,0.2713,0.2656,0.2662,10257305.0,2752697.3534
2026-02-28 15:00:00,0.2662,0.2684,0.2651,0.2677,4534367.0,1211409.6787
2026-02-28 16:00:00,0.2677,0.269,0.2668,0.2689,4409656.0,1180990.2481
2026-02-28 17:00:00,0.2689,0.2691,0.2662,0.2686,4426863.0,1185906.7786
2026-02-28 18:00:00,0.2686,0.2747,0.2679,0.2737,13796823.0,3742316.7026
2026-02-28 19:00:00,0.2737,0.278,0.2716,0.2753,9984473.0,2746201.5747
2026-02-28 20:00:00,0.2753,0.281,0.2743,0.2805,13712131.0,3821581.0655
2026-02-28 21:00:00,0.2805,0.2807,0.2762,0.278,11764712.0,3272719.6098
2026-02-28 22:00:00,0.278,0.2842,0.278,0.2805,8413261.0,2364743.7622
2026-02-28 23:00:00,0.2805,0.282,0.2804,0.2809,4860487.0,1366412.0771
2026-03-01 00:00:00,0.2809,0.2827,0.2783,0.2795,6926083.0,1943131.5899
2026-03-01 01:00:00,0.2795,0.2875,0.2774,0.2862,10699836.0,3020917.4395
2026-03-01 02:00:00,0.2862,0.2921,0.2862,0.2898,16010979.0,4639875.9728
2026-03-01 03:00:00,0.2898,0.2906,0.2859,0.2869,4492186.0,1292728.4027
2026-03-01 04:00:00,0.2869,0.2877,0.2839,0.2858,4632120.0,1325797.523
2026-03-01 05:00:00,0.2858,0.2867,0.2853,0.2857,1750395.0,500545.5717
2026-03-01 06:00:00,0.2857,0.2859,0.2816,0.2824,5158545.0,1460934.1545
2026-03-01 07:00:00,0.2824,0.2834,0.2816,0.2825,4047040.0,1143668.5235
2026-03-01 08:00:00,0.2825,0.2833,0.2783,0.2789,8667132.0,2433410.7119
2026-03-01 09:00:00,0.2789,0.2809,0.2779,0.2786,9607511.0,2681742.9498
2026-03-01 10:00:00,0.2786,0.2797,0.2771,0.2784,7572938.0,2107935.5592
2026-03-01 11:00:00,0.2784,0.2788,0.2773,0.2778,3123307.0,868717.5096
2026-03-01 12:00:00,0.2778,0.2791,0.2759,0.276,10527932.0,2919378.9122
2026-03-01 13:00:00,0.276,0.2821,0.2749,0.2804,32839897.0,9130120.4629
2026-03-01 14:00:00,0.2804,0.2833,0.2782,0.2791,21129326.0,5929711.4123
2026-03-01 15:00:00,0.2791,0.2823,0.2786,0.2799,19899760.0,5586630.5957
2026-03-01 16:00:00,0.2799,0.2819,0.2752,0.2769,26688605.0,7461421.3487
2026-03-01 17:00:00,0.2769,0.2771,0.2735,0.2747,30891388.0,8506398.1751
2026-03-01 18:00:00,0.2747,0.2791,0.2747,0.276,16507274.0,4580049.8739
2026-03-01 19:00:00,0.276,0.276,0.2727,0.2735,21508241.0,5895297.7851
2026-03-01 20:00:00,0.2735,0.2735,0.2689,0.2698,30769402.0,8330959.7052
2026-03-01 21:00:00,0.2698,0.2731,0.2697,0.2727,25866955.0,7034609.9204
2026-03-01 22:00:00,0.2727,0.2768,0.2707,0.2717,20277395.0,5535194.1654
2026-03-01 23:00:00,0.2717,0.2755,0.2713,0.2732,13292467.0,3634232.3977
2026-03-02 00:00:00,0.2732,0.277,0.272,0.2763,5674192.0,1557319.1323
2026-03-02 01:00:00,0.2763,0.28,0.276,0.2769,15008413.0,4163085.5761
2026-03-02 02:00:00,0.2769,0.2777,0.2739,0.2757,5851004.0,1612215.0859
2026-03-02 03:00:00,0.2757,0.2779,0.2741,0.277,5359651.0,1481796.4767
2026-03-02 04:00:00,0.277,0.2778,0.2755,0.2759,5242435.0,1450974.4156
2026-03-02 05:00:00,0.2759,0.2763,0.2741,0.2748,3491641.0,960524.005
2026-03-02 06:00:00,0.2748,0.2748,0.2705,0.2718,7406893.0,2017527.6377
2026-03-02 07:00:00,0.2718,0.2719,0.2689,0.2705,6677687.0,1805215.0291
2026-03-02 08:00:00,0.2705,0.2724,0.2684,0.2721,12101214.0,3263868.3099
2026-03-02 09:00:00,0.2721,0.2744,0.2716,0.2717,7171147.0,1955441.2987
2026-03-02 10:00:00,0.2717,0.2723,0.2707,0.2716,13762246.0,3736387.5646
2026-03-02 11:00:00,0.2716,0.2726,0.2703,0.2719,5745282.0,1560129.6108
2026-03-02 12:00:00,0.2719,0.2721,0.2705,0.2707,2120859.0,575023.1621
2026-03-02 13:00:00,0.2707,0.2721,0.2696,0.2699,4561608.0,1234670.868
2026-03-02 14:00:00,0.2699,0.2782,0.2696,0.277,19874507.0,5453220.4355
2026-03-02 15:00:00,0.277,0.2865,0.2764,0.2841,36009707.0,10207541.3308
2026-03-02 16:00:00,0.2841,0.2885,0.2829,0.2843,24585488.0,7034732.7693
2026-03-02 17:00:00,0.2843,0.2847,0.2779,0.2818,22053475.0,6200619.2153
2026-03-02 18:00:00,0.2818,0.2824,0.2792,0.2804,11118889.0,3124535.7784
2026-03-02 19:00:00,0.2804,0.2811,0.2787,0.2804,6681564.0,1869697.8085
2026-03-02 20:00:00,0.2804,0.2822,0.2784,0.2792,8242283.0,2306464.7558
2026-03-02 21:00:00,0.2792,0.2797,0.2778,0.2792,6683368.0,1863961.5886
2026-03-02 22:00:00,0.2792,0.2813,0.2792,0.2804,3745848.0,1050283.8589
2026-03-02 23:00:00,0.2804,0.2805,0.2757,0.2768,3847737.0,1068437.5382
2026-03-03 00:00:00,0.2768,0.277,0.2739,0.2759,8097038.0,2231231.1742
2026-03-03 01:00:00,0.2759,0.2765,0.2738,0.2741,4729848.0,1302173.3164
2026-03-03 02:00:00,0.2741,0.2746,0.272,0.2735,10327930.0,2824730.2119
2026-03-03 03:00:00,0.2735,0.2743,0.2714,0.2733,5338965.0,1455088.418
2026-03-03 04:00:00,0.2733,0.2734,0.2709,0.2713,7604641.0,2065447.6225
2026-03-03 05:00:00,0.2713,0.2736,0.2694,0.2706,7428710.0,2016302.9923
2026-03-03 06:00:00,0.2706,0.271,0.2682,0.2691,6813444.0,1834632.573
2026-03-03 07:00:00,0.2691,0.2703,0.2677,0.2685,5367946.0,1443761.9943
2026-03-03 08:00:00,0.2685,0.2696,0.2656,0.2658,10200744.0,2723790.6602
2026-03-03 09:00:00,0.2658,0.2669,0.2638,0.2646,10093858.0,2676998.4868
2026-03-03 10:00:00,0.2646,0.2655,0.2635,0.2648,10411591.0,2751798.0349
2026-03-03 11:00:00,0.2648,0.2652,0.2625,0.2647,10143896.0,2678742.2734
2026-03-03 12:00:00,0.2647,0.2671,0.2638,0.265,9460653.0,2507878.4221
2026-03-03 13:00:00,0.265,0.2651,0.2629,0.2635,6881351.0,1814365.7789
2026-03-03 14:00:00,0.2635,0.2664,0.2613,0.2629,24612610.0,6489846.6107
2026-03-03 15:00:00,0.2629,0.2663,0.2614,0.2652,20560423.0,5419639.6044
2026-03-03 16:00:00,0.2652,0.272,0.2642,0.268,29369308.0,7874683.3193
2026-03-03 17:00:00,0.268,0.2685,0.2643,0.2675,11785322.0,3136056.1867
2026-03-03 18:00:00,0.2675,0.2694,0.2654,0.2668,6164625.0,1650333.9457
2026-03-03 19:00:00,0.2668,0.267,0.2625,0.2633,5372215.0,1421049.644
2026-03-03 20:00:00,0.2633,0.2637,0.2605,0.2614,6803796.0,1783105.386
2026-03-03 21:00:00,0.2614,0.2621,0.2601,0.2618,4581495.0,1196716.5546
2026-03-03 22:00:00,0.2618,0.2645,0.2616,0.2628,13562514.0,3567892.4308
2026-03-03 23:00:00,0.2628,0.2644,0.2619,0.2623,7865868.0,2067690.8707
2026-03-04 00:00:00,0.2623,0.2637,0.2609,0.2622,5815401.0,1524136.036
2026-03-04 01:00:00,0.2622,0.266,0.2612,0.2636,6754210.0,1780546.0014
2026-03-04 02:00:00,0.2636,0.2645,0.2621,0.2639,3929489.0,1034486.9553
2026-03-04 03:00:00,0.2639,0.2648,0.2606,0.2624,8463739.0,2218384.0264
2026-03-04 04:00:00,0.2624,0.2633,0.2587,0.2606,6004869.0,1562526.5392
2026-03-04 05:00:00,0.2606,0.2619,0.2584,0.2607,4672358.0,1216220.1312
2026-03-04 06:00:00,0.2607,0.2622,0.2593,0.2612,3824432.0,996851.9373
2026-03-04 07:00:00,0.2612,0.2651,0.2602,0.2647,9404067.0,2477165.7522
2026-03-04 08:00:00,0.2647,0.2724,0.2635,0.2716,32583832.0,8677169.4694
2026-03-04 09:00:00,0.2716,0.2741,0.2701,0.2722,16652198.0,4533250.7828
2026-03-04 10:00:00,0.2722,0.274,0.2695,0.2697,13857134.0,3755420.6354
2026-03-04 11:00:00,0.2697,0.2708,0.2674,0.2685,5835069.0,1570751.6295
2026-03-04 12:00:00,0.2685,0.2691,0.2656,0.2688,8345905.0,2231153.5643
2026-03-04 13:00:00,0.2688,0.2722,0.2688,0.272,8225008.0,2224834.4345
2026-03-04 14:00:00,0.272,0.2777,0.2717,0.2726,22790656.0,6232023.0523
2026-03-04 15:00:00,0.2726,0.2811,0.2726,0.2808,25454907.0,7049133.4398
2026-03-04 16:00:00,0.2808,0.2841,0.277,0.2804,16861067.0,4726783.5817
2026-03-04 17:00:00,0.2804,0.2826,0.278,0.2805,17491227.0,4904121.1629
2026-03-04 18:00:00,0.2805,0.2817,0.2784,0.2813,8677070.0,2431062.7055
2026-03-04 19:00:00,0.2813,0.2849,0.2805,0.282,9565715.0,2707634.4495
2026-03-04 20:00:00,0.282,0.2827,0.2802,0.281,12153004.0,3422732.2805
2026-03-04 21:00:00,0.281,0.2811,0.2783,0.2799,7933003.0,2216620.6371
2026-03-04 22:00:00,0.2799,0.2818,0.2755,0.2759,7890986.0,2197883.1434
2026-03-04 23:00:00,0.2759,0.2767,0.2736,0.2762,7194044.0,1981525.5118
2026-03-05 00:00:00,0.2762,0.2763,0.2728,0.2743,3978732.0,1091157.26
2026-03-05 01:00:00,0.2743,0.2766,0.2728,0.2731,11450642.0,3145296.3206
2026-03-05 02:00:00,0.2731,0.2758,0.2726,0.2739,7702869.0,2113488.7681
2026-03-05 03:00:00,0.2739,0.2746,0.2733,0.2739,3831791.0,1050300.1089
2026-03-05 04:00:00,0.2739,0.2761,0.2738,0.2751,3926361.0,1079837.0373
2026-03-05 05:00:00,0.2751,0.2762,0.2726,0.2732,3271945.0,895909.5771
2026-03-05 06:00:00,0.2732,0.2743,0.2714,0.2742,4781531.0,1304540.4539
2026-03-05 07:00:00,0.2742,0.2746,0.2706,0.272,9088090.0,2478398.007
2026-03-05 08:00:00,0.272,0.2724,0.27,0.2717,9436200.0,2559950.1521
2026-03-05 09:00:00,0.2717,0.2739,0.2715,0.2733,2764811.0,754328.0333
2026-03-05 10:00:00,0.2733,0.2774,0.2723,0.2765,6022819.0,1657507.6563
2026-03-05 11:00:00,0.2765,0.277,0.2728,0.2739,5967358.0,1639858.4259
2026-03-05 12:00:00,0.2739,0.2778,0.273,0.2772,9330106.0,2568989.9716
2026-03-05 13:00:00,0.2772,0.2774,0.273,0.2745,9989235.0,2742430.1615
2026-03-05 14:00:00,0.2745,0.2767,0.273,0.2755,17395039.0,4778943.5379
2026-03-05 15:00:00,0.2755,0.2759,0.2695,0.271,13701751.0,3722080.0539
2026-03-05 16:00:00,0.271,0.271,0.2649,0.2687,14583962.0,3905474.8245
2026-03-05 17:00:00,0.2687,0.2702,0.2658,0.2665,5125513.0,1372695.8066
2026-03-05 18:00:00,0.2665,0.2686,0.266,0.2684,2774735.0,742804.7751
2026-03-05 19:00:00,0.2684,0.2718,0.2684,0.2692,4826609.0,1302293.4159
2026-03-05 20:00:00,0.2692,0.2719,0.2684,0.2711,5936906.0,1605217.7785
2026-03-05 21:00:00,0.2711,0.2718,0.2685,0.2689,3564285.0,963015.3477
2026-03-05 22:00:00,0.2689,0.2698,0.2675,0.269,3180898.0,855487.6823
2026-03-05 23:00:00,0.269,0.2697,0.2685,0.2689,1710259.0,460450.2623
2026-03-06 00:00:00,0.2689,0.2693,0.2678,0.2682,2587912.0,694267.1548
2026-03-06 01:00:00,0.2682,0.2709,0.2669,0.2705,3590084.0,968177.933
2026-03-06 02:00:00,0.2705,0.2713,0.2696,0.2699,3681332.0,996241.9702
2026-03-06 03:00:00,0.2699,0.2705,0.2691,0.2705,4806433.0,1297758.2186
2026-03-06 04:00:00,0.2705,0.2706,0.2672,0.2686,6191379.0,1666234.4152
2026-03-06 05:00:00,0.2686,0.2695,0.267,0.2684,3588687.0,961818.0734
2026-03-06 06:00:00,0.2684,0.2696,0.2679,0.2685,1849267.0,496792.5489
2026-03-06 07:00:00,0.2685,0.2717,0.2681,0.2714,4800929.0,1299541.1136
2026-03-06 08:00:00,0.2714,0.2714,0.2683,0.2686,4655342.0,1253454.123
2026-03-06 09:00:00,0.2686,0.2689,0.2654,0.2667,5624420.0,1499639.1405
2026-03-06 10:00:00,0.2667,0.2686,0.2666,0.2677,2433019.0,652281.2076
2026-03-06 11:00:00,0.2677,0.2679,0.2658,0.2662,3746703.0,999002.0934
2026-03-06 12:00:00,0.2662,0.2669,0.2643,0.2662,7017638.0,1863556.0022
2026-03-06 13:00:00,0.2662,0.269,0.2636,0.2639,10787600.0,2871142.6339
2026-03-06 14:00:00,0.2639,0.264,0.2572,0.2583,18754548.0,4886807.5443
2026-03-06 15:00:00,0.2583,0.2595,0.2555,0.2565,10241216.0,2640431.5737
2026-03-06 16:00:00,0.2565,0.259,0.2556,0.257,11099248.0,2857721.5349
2026-03-06 17:00:00,0.257,0.2582,0.2553,0.2569,10784424.0,2766887.5245
2026-03-06 18:00:00,0.2569,0.2591,0.2567,0.2585,9451323.0,2441917.3098
2026-03-06 19:00:00,0.2585,0.2604,0.2583,0.2584,5992937.0,1554228.0916
2026-03-06 20:00:00,0.2584,0.2586,0.257,0.2582,6365729.0,1642069.9828
2026-03-06 21:00:00,0.2582,0.2593,0.2578,0.2593,1612137.0,416718.3392
2026-03-06 22:00:00,0.2593,0.26,0.2587,0.2596,3188792.0,826739.5129
2026-03-06 23:00:00,0.2596,0.2597,0.2587,0.2588,2921162.0,757015.3869
2026-03-07 00:00:00,0.2588,0.2598,0.2588,0.2594,2092843.0,542742.0976
2026-03-07 01:00:00,0.2594,0.2601,0.259,0.2591,3008735.0,780446.0121
2026-03-07 02:00:00,0.2591,0.2595,0.2584,0.2593,1888318.0,488489.2772
2026-03-07 03:00:00,0.2593,0.2609,0.2585,0.2586,5786666.0,1501727.5041
2026-03-07 04:00:00,0.2586,0.2588,0.2568,0.2584,4064280.0,1048559.5759
2026-03-07 05:00:00,0.2584,0.259,0.2583,0.2589,1900697.0,491826.2929
2026-03-07 06:00:00,0.2589,0.2589,0.2575,0.2578,1325625.0,342432.5712
2026-03-07 07:00:00,0.2578,0.2583,0.2569,0.2582,4143246.0,1068228.8527
2026-03-07 08:00:00,0.2582,0.2589,0.2577,0.2578,2684736.0,693962.2424
2026-03-07 09:00:00,0.2578,0.2585,0.2572,0.2582,2583602.0,666115.6607
2026-03-07 10:00:00,0.2582,0.2583,0.2574,0.2575,1674820.0,431526.3368
2026-03-07 11:00:00,0.2575,0.2592,0.2573,0.2586,3336449.0,862606.7073
2026-03-07 12:00:00,0.2586,0.2588,0.257,0.2572,6296239.0,1623379.6881
2026-03-07 13:00:00,0.2572,0.2584,0.257,0.2577,2442628.0,629356.6503
2026-03-07 14:00:00,0.2577,0.2578,0.2512,0.2553,26654099.0,6762034.5046
2026-03-07 15:00:00,0.2553,0.2559,0.2539,0.2548,4278921.0,1091194.0875
2026-03-07 16:00:00,0.2548,0.2557,0.2545,0.2553,4230380.0,1079404.8427
2026-03-07 17:00:00,0.2553,0.2571,0.2552,0.2566,4164304.0,1067803.6202
2026-03-07 18:00:00,0.2566,0.2567,0.2539,0.2553,3190340.0,815223.1895
2026-03-07 19:00:00,0.2553,0.2555,0.2532,0.2542,5913596.0,1505732.1498
2026-03-07 20:00:00,0.2542,0.2553,0.254,0.2548,3147553.0,801808.7073
2026-03-07 21:00:00,0.2548,0.2554,0.2544,0.2552,1704069.0,434448.4866
2026-03-07 22:00:00,0.2552,0.2553,0.2527,0.2536,3867728.0,981936.6613
2026-03-07 23:00:00,0.2536,0.2548,0.2534,0.2543,1408625.0,358266.0771
2026-03-08 00:00:00,0.2543,0.2546,0.2532,0.2536,1357853.0,344505.0282
2026-03-08 01:00:00,0.2536,0.2546,0.2531,0.2542,1489265.0,378076.3148
2026-03-08 02:00:00,0.2542,0.2544,0.2506,0.2518,6640098.0,1673565.1344
2026-03-08 03:00:00,0.2518,0.2528,0.2513,0.252,1411182.0,355605.4124
2026-03-08 04:00:00,0.252,0.2525,0.2493,0.2504,5432409.0,1362748.7835
2026-03-08 05:00:00,0.2504,0.2527,0.2504,0.2519,2774980.0,698962.1609
2026-03-08 06:00:00,0.2519,0.252,0.2506,0.2516,2418951.0,607186.0275
2026-03-08 07:00:00,0.2516,0.2533,0.2515,0.2521,2892305.0,730880.334
2026-03-08 08:00:00,0.2521,0.2526,0.2507,0.2522,2416122.0,607837.9641
2026-03-08 09:00:00,0.2522,0.254,0.2519,0.2539,4931194.0,1249837.4906
2026-03-08 10:00:00,0.2539,0.2572,0.2538,0.2561,5915639.0,1512795.8298
2026-03-08 11:00:00,0.2561,0.2561,0.2535,0.2546,8137200.0,2070889.8596
2026-03-08 12:00:00,0.2546,0.2551,0.2518,0.2541,8324559.0,2109366.3922
2026-03-08 13:00:00,0.2541,0.2542,0.2503,0.2519,10261853.0,2583025.3648
2026-03-08 14:00:00,0.2519,0.2525,0.2504,0.2512,3886892.0,977570.2359
2026-03-08 15:00:00,0.2512,0.2512,0.2479,0.2495,9942632.0,2478343.0181
2026-03-08 16:00:00,0.2495,0.2497,0.2482,0.2495,6744032.0,1680087.0365
2026-03-08 17:00:00,0.2495,0.2513,0.2494,0.25,4866678.0,1218880.7579
2026-03-08 18:00:00,0.25,0.2503,0.2487,0.2502,3072688.0,766408.4159
2026-03-08 19:00:00,0.2502,0.2541,0.2501,0.253,7327862.0,1846936.8194
2026-03-08 20:00:00,0.253,0.2543,0.252,0.2529,3930193.0,995150.7272
2026-03-08 21:00:00,0.2529,0.2532,0.2506,0.252,6622040.0,1666535.1437
2026-03-08 22:00:00,0.252,0.252,0.2456,0.2504,15723239.0,3907164.7168
2026-03-08 23:00:00,0.2504,0.2514,0.2485,0.2491,8731648.0,2184353.3776
2026-03-09 00:00:00,0.2491,0.2534,0.2489,0.2514,11710304.0,2944079.5665
2026-03-09 01:00:00,0.2514,0.2524,0.2498,0.2498,8011614.0,2009467.0652
2026-03-09 02:00:00,0.2498,0.2524,0.2488,0.2515,5804355.0,1450764.2101
2026-03-09 03:00:00,0.2515,0.2565,0.2511,0.2535,16409579.0,4173156.8672
2026-03-09 04:00:00,0.2535,0.2553,0.2531,0.2531,6093558.0,1547681.4592
2026-03-09 05:00:00,0.2531,0.2593,0.2525,0.2575,14990455.0,3844066.727
2026-03-09 06:00:00,0.2575,0.2577,0.255,0.2552,6230549.0,1597302.049
2026-03-09 07:00:00,0.2552,0.2554,0.2525,0.2548,6884320.0,1749523.8661
2026-03-09 08:00:00,0.2548,0.2572,0.2544,0.2561,4979068.0,1274459.8507
2026-03-09 09:00:00,0.2561,0.2586,0.2544,0.256,8841496.0,2270101.7274
2026-03-09 10:00:00,0.256,0.2565,0.2546,0.2551,3669732.0,938203.6506
2026-03-09 11:00:00,0.2551,0.2556,0.2533,0.2549,5734705.0,1459896.0119
2026-03-09 12:00:00,0.2549,0.2568,0.2541,0.2555,4466888.0,1141294.3044
2026-03-09 13:00:00,0.2555,0.2598,0.2551,0.2584,15607464.0,4014847.9759
2026-03-09 14:00:00,0.2584,0.2598,0.2564,0.2577,16118934.0,4157986.5732
2026-03-09 15:00:00,0.2577,0.258,0.2545,0.2557,7124518.0,1822447.6841
2026-03-09 16:00:00,0.2557,0.2575,0.2551,0.2565,7554531.0,1935666.4537
2026-03-09 17:00:00,0.2565,0.2578,0.2554,0.2562,6423757.0,1648175.5104
2026-03-09 18:00:00,0.2562,0.2574,0.2549,0.2559,6027103.0,1543935.3522
2026-03-09 19:00:00,0.2559,0.2628,0.2551,0.2591,13339102.0,3452611.5109
2026-03-09 20:00:00,0.2591,0.2598,0.257,0.2585,6569842.0,1696379.4526
2026-03-09 21:00:00,0.2585,0.2594,0.2575,0.2584,5255444.0,1357658.0747
2026-03-09 22:00:00,0.2584,0.2586,0.2546,0.2551,6164856.0,1580869.1688
2026-03-09 23:00:00,0.2551,0.2559,0.2545,0.2549,5372017.0,1370430.6203
2026-03-10 00:00:00,0.2549,0.2586,0.2548,0.2575,6021582.0,1545553.0445
2026-03-10 01:00:00,0.2575,0.2585,0.2562,0.2579,1119216.0,288044.4785
2026-03-10 02:00:00,0.2579,0.2634,0.2571,0.2619,10381232.0,2714654.8609
2026-03-10 03:00:00,0.2619,0.2627,0.2579,0.2586,7977060.0,2076013.7309
2026-03-10 04:00:00,0.2586,0.2613,0.2585,0.2604,3891113.0,1012583.0882
2026-03-10 05:00:00,0.2604,0.2616,0.2593,0.2596,5198170.0,1353187.1396
2026-03-10 06:00:00,0.2596,0.2598,0.258,0.2592,2565314.0,664344.6048
2026-03-10 07:00:00,0.2592,0.261,0.2585,0.2602,3062111.0,795871.3095
2026-03-10 08:00:00,0.2602,0.2626,0.2602,0.2613,7537930.0,1971215.3849
2026-03-10 09:00:00,0.2613,0.2675,0.2613,0.2669,11550122.0,3063657.1035
2026-03-10 10:00:00,0.2669,0.2683,0.2652,0.267,7532154.0,2007154.3618
2026-03-10 11:00:00,0.267,0.267,0.264,0.2642,7234931.0,1918595.3052
2026-03-10 12:00:00,0.2642,0.2647,0.2624,0.2639,9489801.0,2500332.0281
2026-03-10 13:00:00,0.2639,0.2668,0.2615,0.2637,14652662.0,3869835.0969
2026-03-10 14:00:00,0.2637,0.2725,0.2608,0.2718,19212549.0,5127339.4981
2026-03-10 15:00:00,0.2718,0.2736,0.2685,0.2712,18741246.0,5068666.3034
2026-03-10 16:00:00,0.2712,0.2738,0.2693,0.2721,13368878.0,3629128.0882
2026-03-10 17:00:00,0.2721,0.2726,0.2677,0.2689,6740643.0,1820184.9178
2026-03-10 18:00:00,0.2689,0.2689,0.2629,0.2635,14575846.0,3863456.9274
2026-03-10 19:00:00,0.2635,0.2647,0.2618,0.2624,5693472.0,1498404.5079
2026-03-10 20:00:00,0.2624,0.2637,0.2622,0.2633,1981200.0,521338.5341
2026-03-10 21:00:00,0.2633,0.2643,0.2605,0.2614,6307661.0,1655765.6013
2026-03-10 22:00:00,0.2614,0.2625,0.2603,0.2611,4654424.0,1215732.3518
2026-03-10 23:00:00,0.2611,0.2623,0.261,0.2619,4046616.0,1059405.6456
2026-03-11 00:00:00,0.2619,0.2624,0.2603,0.2618,6419248.0,1679928.488
2026-03-11 01:00:00,0.2618,0.262,0.2598,0.2607,5463460.0,1424276.2557
2026-03-11 02:00:00,0.2607,0.2609,0.2584,0.2601,10964733.0,2849430.0192
2026-03-11 03:00:00,0.2601,0.2606,0.2588,0.2595,3104068.0,805712.4875
2026-03-11 04:00:00,0.2595,0.2621,0.259,0.2618,3141155.0,818962.2656
2026-03-11 05:00:00,0.2618,0.262,0.2574,0.2581,3595655.0,932585.7425
2026-03-11 06:00:00,0.2581,0.2596,0.2579,0.2585,6307776.0,1631359.5898
2026-03-11 07:00:00,0.2585,0.2594,0.2564,0.2573,2783256.0,717744.7682
2026-03-11 08:00:00,0.2573,0.2582,0.257,0.258,6650603.0,1712601.6575
2026-03-11 09:00:00,0.258,0.2583,0.2568,0.2571,4231752.0,1090635.4582
2026-03-11 10:00:00,0.2571,0.2597,0.257,0.2592,6376831.0,1648995.0603
2026-03-11 11:00:00,0.2592,0.2599,0.2583,0.2585,3201551.0,829722.4479
2026-03-11 12:00:00,0.2585,0.2635,0.2579,0.261,15492294.0,4045087.5343
2026-03-11 13:00:00,0.261,0.2677,0.2609,0.2628,21130142.0,5578412.6252
2026-03-11 14:00:00,0.2628,0.2659,0.2628,0.2636,21475157.0,5677685.5996
2026-03-11 15:00:00,0.2636,0.2639,0.2592,0.2622,20776325.0,5438096.858
2026-03-11 16:00:00,0.2622,0.2642,0.2617,0.2635,12467241.0,3276001.8496
2026-03-11 17:00:00,0.2635,0.2663,0.2624,0.2647,9223072.0,2441170.2651
2026-03-11 18:00:00,0.2647,0.2665,0.2646,0.2661,5302561.0,1407551.5895
2026-03-11 19:00:00,0.2661,0.2667,0.2648,0.265,3295494.0,875342.4746
2026-03-11 20:00:00,0.265,0.2651,0.2631,0.2641,7841612.0,2070826.3179
2026-03-11 21:00:00,0.2641,0.2651,0.2635,0.2648,2334835.0,617534.1156
2026-03-11 22:00:00,0.2648,0.266,0.2629,0.2637,6034624.0,1592208.9913
2026-03-11 23:00:00,0.2637,0.2644,0.2615,0.2623,9323949.0,2452623.4223
2026-03-12 00:00:00,0.2623,0.2629,0.2613,0.2621,6820939.0,1788730.7089
2026-03-12 01:00:00,0.2621,0.2621,0.2602,0.2607,8147231.0,2125760.918
2026-03-12 02:00:00,0.2607,0.2612,0.2587,0.2589,10264896.0,2665077.0973
2026-03-12 03:00:00,0.2589,0.2602,0.2583,0.2587,6723516.0,1742210.7118
2026-03-12 04:00:00,0.2587,0.2597,0.2583,0.2586,6963943.0,1802291.7846
2026-03-12 05:00:00,0.2586,0.2592,0.2577,0.2588,4709114.0,1215957.1625
2026-03-12 06:00:00,0.2588,0.2595,0.2583,0.2592,1855340.0,480509.7218
2026-03-12 07:00:00,0.2592,0.2609,0.2587,0.2606,2561986.0,666335.5279
2026-03-12 08:00:00,0.2606,0.2623,0.26,0.2608,3095561.0,808411.9918
2026-03-12 09:00:00,0.2608,0.2632,0.2598,0.2614,7899977.0,2064835.7383
2026-03-12 10:00:00,0.2614,0.2637,0.2612,0.263,8634098.0,2266673.0163
2026-03-12 11:00:00,0.263,0.2631,0.2613,0.2619,3901503.0,1023053.1845
2026-03-12 12:00:00,0.2619,0.2641,0.2612,0.2631,8376354.0,2202742.6477
2026-03-12 13:00:00,0.2631,0.2639,0.2602,0.2615,6855268.0,1794092.8709
2026-03-12 14:00:00,0.2615,0.2635,0.258,0.2596,11121423.0,2893293.1183
2026-03-12 15:00:00,0.2596,0.263,0.259,0.2619,9358998.0,2443440.3919
2026-03-12 16:00:00,0.2619,0.2635,0.26,0.2631,9172670.0,2403312.7732
2026-03-12 17:00:00,0.2631,0.2632,0.2615,0.2623,4901909.0,1286824.6072
2026-03-12 18:00:00,0.2623,0.2624,0.2607,0.2607,4999500.0,1306742.0979
2026-03-12 19:00:00,0.2607,0.2632,0.26,0.2629,6041577.0,1581763.6304
2026-03-12 20:00:00,0.2629,0.2634,0.2614,0.2616,3627385.0,951838.9644
2026-03-12 21:00:00,0.2616,0.2635,0.2616,0.2631,2453577.0,644096.3869
2026-03-12 22:00:00,0.2631,0.2635,0.2623,0.2632,3118739.0,820109.454
2026-03-12 23:00:00,0.2632,0.2656,0.2625,0.2632,6216264.0,1641384.6213
2026-03-13 00:00:00,0.2632,0.2729,0.2628,0.2693,15284285.0,4110820.327
2026-03-13 01:00:00,0.2693,0.2723,0.2691,0.2719,7291223.0,1971749.8933
2026-03-13 02:00:00,0.2719,0.2721,0.2691,0.2698,5388952.0,1458987.0994
2026-03-13 03:00:00,0.2698,0.2721,0.2689,0.2715,5029131.0,1358368.2879
2026-03-13 04:00:00,0.2715,0.2736,0.2701,0.2715,4730113.0,1285555.6907
2026-03-13 05:00:00,0.2715,0.2757,0.2706,0.2739,6445345.0,1761951.5079
2026-03-13 06:00:00,0.2739,0.2744,0.2715,0.2721,5003762.0,1365020.0258
2026-03-13 07:00:00,0.2721,0.2734,0.2711,0.2714,5329167.0,1449254.6878
2026-03-13 08:00:00,0.2714,0.2754,0.2707,0.2722,6274633.0,1711298.4716
2026-03-13 09:00:00,0.2722,0.2747,0.2713,0.2742,3960946.0,1080798.3707
2026-03-13 10:00:00,0.2742,0.2758,0.2741,0.2748,8294592.0,2278689.6454
2026-03-13 11:00:00,0.2748,0.2749,0.2731,0.2743,5222412.0,1431037.4837
2026-03-13 12:00:00,0.2743,0.2803,0.2742,0.2783,10876601.0,3015314.2282
2026-03-13 13:00:00,0.2783,0.2814,0.2772,0.279,11327500.0,3165574.9775
2026-03-13 14:00:00,0.279,0.2801,0.2725,0.273,13935310.0,3852478.2731
2026-03-13 15:00:00,0.273,0.2749,0.2705,0.2714,11499462.0,3137866.1887
2026-03-13 16:00:00,0.2714,0.2729,0.2704,0.2718,5754012.0,1563630.8991
2026-03-13 17:00:00,0.2718,0.272,0.2663,0.2672,11795176.0,3172163.2997
2026-03-13 18:00:00,0.2672,0.2679,0.2659,0.2664,6150814.0,1641962.3385
2026-03-13 19:00:00,0.2664,0.2675,0.266,0.267,6408463.0,1710457.9551
2026-03-13 20:00:00,0.267,0.2678,0.2662,0.2674,5357004.0,1430494.6205
2026-03-13 21:00:00,0.2674,0.2686,0.2662,0.2667,8795124.0,2353356.3311
2026-03-13 22:00:00,0.2667,0.2668,0.2634,0.265,9984489.0,2644431.0369
2026-03-13 23:00:00,0.265,0.2659,0.2646,0.2654,1841336.0,488407.3616
2026-03-14 00:00:00,0.2654,0.2654,0.2633,0.2639,3732036.0,985725.3529
2026-03-14 01:00:00,0.2639,0.2652,0.2628,0.2648,3218083.0,849200.2905
2026-03-14 02:00:00,0.2648,0.266,0.2639,0.2645,2615634.0,691934.3346
2026-03-14 03:00:00,0.2645,0.2659,0.2643,0.2652,5246674.0,1392307.0743
2026-03-14 04:00:00,0.2652,0.2664,0.2646,0.265,2260325.0,599749.2023
2026-03-14 05:00:00,0.265,0.2652,0.2629,0.2639,2593671.0,684257.5207
2026-03-14 06:00:00,0.2639,0.2639,0.2614,0.2624,7141101.0,1873787.571
2026-03-14 07:00:00,0.2624,0.2626,0.2609,0.2616,2747120.0,718653.6123
2026-03-14 08:00:00,0.2616,0.2617,0.2595,0.261,3434076.0,894895.6043
2026-03-14 09:00:00,0.261,0.2615,0.2595,0.26,2826294.0,736771.8703
2026-03-14 10:00:00,0.26,0.26,0.2591,0.2597,2971090.0,770891.0109
2026-03-14 11:00:00,0.2597,0.261,0.2595,0.2607,1276394.0,332085.1312
2026-03-14 12:00:00,0.2607,0.2608,0.2597,0.2605,1503925.0,391577.6345
2026-03-14 13:00:00,0.2605,0.2617,0.2604,0.2611,2405691.0,628378.9431
2026-03-14 14:00:00,0.2611,0.2613,0.2599,0.2601,3197296.0,833057.6136
2026-03-14 15:00:00,0.2601,0.2608,0.2598,0.2605,2171221.0,564919.7691
2026-03-14 16:00:00,0.2605,0.2614,0.2601,0.2612,2108585.0,550295.4008
2026-03-14 17:00:00,0.2612,0.2612,0.2594,0.2596,3040262.0,790521.3768
2026-03-14 18:00:00,0.2596,0.2596,0.2582,0.2588,5511781.0,1426946.2564
2026-03-14 19:00:00,0.2588,0.2595,0.2584,0.259,1464287.0,378997.6778
2026-03-14 20:00:00,0.259,0.2595,0.2586,0.2594,2964307.0,767827.1347
2026-03-14 21:00:00,0.2594,0.2602,0.2587,0.2601,2924843.0,758262.3292
2026-03-14 22:00:00,0.2601,0.2606,0.2597,0.2601,1422309.0,370057.3223
2026-03-14 23:00:00,0.2601,0.2636,0.2601,0.2633,5053935.0,1322615.2823
2026-03-15 00:00:00,0.2633,0.2637,0.2617,0.2621,3462917.0,908594.9843
2026-03-15 01:00:00,0.2621,0.2623,0.2611,0.2615,1917675.0,501450.5049
2026-03-15 02:00:00,0.2615,0.266,0.2615,0.2652,4296123.0,1132870.3942
2026-03-15 03:00:00,0.2652,0.2658,0.2635,0.2647,2682128.0,709298.4523
2026-03-15 04:00:00,0.2647,0.2665,0.264,0.2652,2010857.0,533749.3552
2026-03-15 05:00:00,0.2652,0.2671,0.265,0.265,2739849.0,727634.9344
2026-03-15 06:00:00,0.265,0.2656,0.2631,0.264,2596180.0,685766.1449
2026-03-15 07:00:00,0.264,0.2655,0.2637,0.2645,1924549.0,509398.406
2026-03-15 08:00:00,0.2645,0.2657,0.2644,0.2655,1731818.0,459149.0405
2026-03-15 09:00:00,0.2655,0.2664,0.2647,0.2647,3208967.0,852057.4463
2026-03-15 10:00:00,0.2647,0.2658,0.2645,0.2654,1793447.0,475736.824
2026-03-15 11:00:00,0.2654,0.266,0.265,0.2656,1372180.0,364376.0841
2026-03-15 12:00:00,0.2656,0.266,0.2647,0.2656,1593098.0,422748.61
2026-03-15 13:00:00,0.2656,0.2663,0.2622,0.2641,8178773.0,2158577.4116
2026-03-15 14:00:00,0.2641,0.2647,0.2625,0.264,4399294.0,1159234.5583
2026-03-15 15:00:00,0.264,0.2646,0.2632,0.2635,2639888.0,696571.164
2026-03-15 16:00:00,0.2635,0.2644,0.2624,0.2627,5129027.0,1351868.5327
2026-03-15 17:00:00,0.2627,0.2653,0.2624,0.2644,3509516.0,925073.6789
2026-03-15 18:00:00,0.2644,0.2648,0.2619,0.2625,7824980.0,2059449.8898
2026-03-15 19:00:00,0.2625,0.264,0.2624,0.2636,1920413.0,505529.5234
2026-03-15 20:00:00,0.2636,0.2653,0.2624,0.2642,5994039.0,1581509.5393
2026-03-15 21:00:00,0.2642,0.2674,0.2636,0.2664,4589501.0,1220165.8534
2026-03-15 22:00:00,0.2664,0.2716,0.2647,0.2703,17206978.0,4612208.0757
2026-03-15 23:00:00,0.2703,0.272,0.2677,0.27,13098853.0,3535041.5523
2026-03-16 00:00:00,0.27,0.2725,0.2695,0.2706,7202141.0,1951490.6903
2026-03-16 01:00:00,0.2706,0.2721,0.2688,0.2714,5916240.0,1600124.4413
2026-03-16 02:00:00,0.2714,0.272,0.2687,0.271,4245007.0,1145413.3664
2026-03-16 03:00:00,0.271,0.2805,0.2702,0.2773,25706202.0,7118263.8465
2026-03-16 04:00:00,0.2773,0.2844,0.2773,0.2828,16700070.0,4700042.1084
2026-03-16 05:00:00,0.2828,0.2893,0.282,0.2884,23907357.0,6837890.2186
2026-03-16 06:00:00,0.2884,0.2913,0.286,0.2899,16895078.0,4885779.66
2026-03-16 07:00:00,0.2899,0.2924,0.289,0.2899,16330440.0,4745329.9967
2026-03-16 08:00:00,0.2899,0.2936,0.2844,0.2847,20668045.0,5952307.7952
2026-03-16 09:00:00,0.2847,0.2894,0.2846,0.2883,5394277.0,1551549.2612
2026-03-16 10:00:00,0.2883,0.2887,0.2854,0.2869,5870462.0,1682185.9913
2026-03-16 11:00:00,0.2869,0.2881,0.2842,0.2854,11305746.0,3233810.0576
2026-03-16 12:00:00,0.2854,0.2868,0.2845,0.285,8164108.0,2332846.3813
2026-03-16 13:00:00,0.285,0.2891,0.2842,0.2851,14878425.0,4264304.2913
2026-03-16 14:00:00,0.2851,0.2875,0.2822,0.2865,18388904.0,5234570.5782
2026-03-16 15:00:00,0.2865,0.2874,0.2834,0.2834,10186116.0,2910243.7475
2026-03-16 16:00:00,0.2834,0.2873,0.2833,0.2871,6270523.0,1791249.5208
2026-03-16 17:00:00,0.2871,0.2875,0.2845,0.2867,8306734.0,2373353.3798
2026-03-16 18:00:00,0.2867,0.2887,0.2862,0.2867,8491850.0,2441393.4694
2026-03-16 19:00:00,0.2867,0.2897,0.2861,0.288,5021159.0,1446240.1418
2026-03-16 20:00:00,0.288,0.2889,0.2873,0.2876,3227571.0,929229.2535
2026-03-16 21:00:00,0.2876,0.2905,0.2866,0.2873,10475622.0,3017803.8033
2026-03-16 22:00:00,0.2873,0.2914,0.2873,0.2914,7306792.0,2117019.5697
2026-03-16 23:00:00,0.2914,0.2916,0.2879,0.2902,8586797.0,2488687.1455
2026-03-17 00:00:00,0.2902,0.2926,0.2884,0.2901,11871898.0,3443768.4544
2026-03-17 01:00:00,0.2901,0.2924,0.2888,0.2906,9690532.0,2814143.5265
2026-03-17 02:00:00,0.2906,0.293,0.289,0.2914,7163089.0,2089227.5204
2026-03-17 03:00:00,0.2914,0.2914,0.2841,0.2857,8008920.0,2295557.0537
2026-03-17 04:00:00,0.2857,0.2863,0.2818,0.284,12959066.0,3678868.4829
2026-03-17 05:00:00,0.284,0.285,0.2816,0.2832,5133505.0,1453339.3875
2026-03-17 06:00:00,0.2832,0.2851,0.2823,0.2839,8294307.0,2354517.2266
2026-03-17 07:00:00,0.2839,0.2883,0.2838,0.2864,2877764.0,824873.8146
2026-03-17 08:00:00,0.2864,0.2878,0.2856,0.286,2566765.0,735214.0691
2026-03-17 09:00:00,0.286,0.2879,0.2849,0.2863,4573104.0,1308069.8076
2026-03-17 10:00:00,0.2863,0.2866,0.2852,0.2864,4983337.0,1425363.812
2026-03-17 11:00:00,0.2864,0.2884,0.2863,0.2867,3197792.0,918897.2756
2026-03-17 12:00:00,0.2867,0.2873,0.2835,0.2842,6265832.0,1786471.0079
2026-03-17 13:00:00,0.2842,0.2875,0.284,0.285,7586051.0,2163917.8798
2026-03-17 14:00:00,0.285,0.2884,0.2841,0.2868,8004403.0,2291685.9375
2026-03-17 15:00:00,0.2868,0.2894,0.2842,0.2862,10675139.0,3057375.5719
2026-03-17 16:00:00,0.2862,0.2886,0.2856,0.2866,7016623.0,2011037.1924
2026-03-17 17:00:00,0.2866,0.2893,0.2863,0.2892,5184953.0,1493853.012
2026-03-17 18:00:00,0.2892,0.2913,0.2892,0.29,6764480.0,1964073.9321
2026-03-17 19:00:00,0.29,0.2902,0.2879,0.2883,4655565.0,1346342.5995
2026-03-17 20:00:00,0.2883,0.2895,0.2876,0.2892,1748758.0,504749.5443
2026-03-17 21:00:00,0.2892,0.292,0.2892,0.2906,7281777.0,2116546.777
2026-03-17 22:00:00,0.2906,0.2919,0.2895,0.2913,9458853.0,2752393.4241
2026-03-17 23:00:00,0.2913,0.2916,0.2884,0.2888,7181841.0,2082414.9627
2026-03-18 00:00:00,0.2888,0.2895,0.2864,0.2883,7046267.0,2023770.6048
2026-03-18 01:00:00,0.2883,0.2899,0.288,0.2884,3708568.0,1070790.4331
2026-03-18 02:00:00,0.2884,0.292,0.2882,0.2905,9378217.0,2725026.6619
2026-03-18 03:00:00,0.2905,0.2939,0.29,0.2916,9906381.0,2893571.7968
2026-03-18 04:00:00,0.2916,0.2919,0.2901,0.2908,1747488.0,508550.6544
2026-03-18 05:00:00,0.2908,0.2952,0.2891,0.2897,13114005.0,3839566.8538
2026-03-18 06:00:00,0.2897,0.2912,0.2882,0.2882,6430865.0,1863413.1968
2026-03-18 07:00:00,0.2882,0.2884,0.287,0.2884,9897725.0,2848555.0867
2026-03-18 08:00:00,0.2884,0.2901,0.2884,0.2889,7394817.0,2138976.6306
2026-03-18 09:00:00,0.2889,0.291,0.2886,0.2909,3663105.0,1061804.3323
2026-03-18 10:00:00,0.2909,0.2914,0.2876,0.2884,5460226.0,1582542.3313
2026-03-18 11:00:00,0.2884,0.2884,0.2784,0.2793,21747315.0,6140095.9484
2026-03-18 12:00:00,0.2793,0.2797,0.2748,0.2763,14131724.0,3915949.0364
2026-03-18 13:00:00,0.2763,0.2774,0.2749,0.2762,7076640.0,1955490.838
2026-03-18 14:00:00,0.2762,0.2762,0.2704,0.2711,20278896.0,5534445.7804
2026-03-18 15:00:00,0.2711,0.2723,0.2694,0.2714,12441657.0,3372998.6012
2026-03-18 16:00:00,0.2714,0.2714,0.2696,0.2706,5512910.0,1490921.0264
2026-03-18 17:00:00,0.2706,0.2734,0.2696,0.272,3826565.0,1038083.0825
2026-03-18 18:00:00,0.272,0.2749,0.2709,0.2716,9828634.0,2684966.8613
2026-03-18 19:00:00,0.2716,0.2735,0.2716,0.2721,4901924.0,1336160.3554
2026-03-18 20:00:00,0.2721,0.2737,0.2701,0.2732,6049863.0,1644345.6603
2026-03-18 21:00:00,0.2732,0.2745,0.273,0.274,1894371.0,518985.1562
2026-03-18 22:00:00,0.274,0.2741,0.2728,0.2736,3219163.0,879894.5748
2026-03-18 23:00:00,0.2736,0.2746,0.273,0.2741,1796559.0,492212.4204
2026-03-19 00:00:00,0.2741,0.2743,0.2727,0.2729,1806938.0,493388.3218
2026-03-19 01:00:00,0.2729,0.2738,0.2723,0.2732,2457364.0,670691.2554
2026-03-19 02:00:00,0.2732,0.2732,0.2712,0.2719,2666256.0,725273.6496
2026-03-19 03:00:00,0.2719,0.2766,0.2719,0.2744,5538268.0,1520038.0651
2026-03-19 04:00:00,0.2744,0.2747,0.2721,0.2723,2672142.0,728791.4995
2026-03-19 05:00:00,0.2723,0.2728,0.2708,0.2712,4419546.0,1199881.4532
2026-03-19 06:00:00,0.2712,0.2721,0.2698,0.2711,8154189.0,2209682.8517
2026-03-19 07:00:00,0.2711,0.2713,0.2661,0.2683,8771678.0,2352780.576
2026-03-19 08:00:00,0.2683,0.2694,0.2672,0.2682,4937898.0,1325359.0784
2026-03-19 09:00:00,0.2682,0.2716,0.2681,0.2713,4988794.0,1349675.9727
2026-03-19 10:00:00,0.2713,0.2717,0.2693,0.2695,5439948.0,1471904.0079
2026-03-19 11:00:00,0.2695,0.2699,0.2683,0.2686,4153578.0,1117372.9157
2026-03-19 12:00:00,0.2686,0.2686,0.2646,0.2648,10014367.0,2669449.8787
2026-03-19 13:00:00,0.2648,0.2667,0.263,0.2664,14993512.0,3965925.1524
2026-03-19 14:00:00,0.2664,0.2675,0.2638,0.266,7116908.0,1890466.091
2026-03-19 15:00:00,0.266,0.2669,0.2631,0.2655,7128845.0,1882184.47
2026-03-19 16:00:00,0.2655,0.2655,0.2635,0.2641,2632524.0,695925.1447
2026-03-19 17:00:00,0.2641,0.266,0.2624,0.2654,9065282.0,2395497.997
2026-03-19 18:00:00,0.2654,0.2655,0.2644,0.2653,2305250.0,610751.9583
2026-03-19 19:00:00,0.2653,0.2689,0.2652,0.2673,9855642.0,2636440.579
2026-03-19 20:00:00,0.2673,0.2687,0.2667,0.2678,1671952.0,447690.3037
2026-03-19 21:00:00,0.2678,0.2683,0.2669,0.2674,1645999.0,440616.4558
2026-03-19 22:00:00,0.2674,0.2676,0.2655,0.2666,6567701.0,1750566.4991
2026-03-19 23:00:00,0.2666,0.2677,0.2662,0.2674,3127923.0,835001.9089
2026-03-20 00:00:00,0.2674,0.2695,0.2672,0.2694,3386575.0,909301.7485
2026-03-20 01:00:00,0.2694,0.2708,0.2691,0.2696,2614048.0,706167.9239
2026-03-20 02:00:00,0.2696,0.2699,0.2679,0.2692,2818424.0,757493.7227
2026-03-20 03:00:00,0.2692,0.2706,0.2688,0.2697,2356216.0,635558.899
2026-03-20 04:00:00,0.2697,0.2714,0.2687,0.2709,3051022.0,823444.6324
2026-03-20 05:00:00,0.2709,0.2729,0.2707,0.2715,6075350.0,1652247.5024
2026-03-20 06:00:00,0.2715,0.2719,0.2699,0.2702,6395441.0,1732453.6375
2026-03-20 07:00:00,0.2702,0.2703,0.2677,0.2698,4608652.0,1239466.2958
2026-03-20 08:00:00,0.2698,0.2725,0.2694,0.2704,4198560.0,1138221.1911
2026-03-20 09:00:00,0.2704,0.2704,0.2678,0.2684,2746421.0,738620.4939
2026-03-20 10:00:00,0.2684,0.2696,0.2675,0.2689,2589519.0,694601.6601
2026-03-20 11:00:00,0.2689,0.27,0.2671,0.2678,5116097.0,1373140.9294
2026-03-20 12:00:00,0.2678,0.2689,0.2666,0.267,5420275.0,1450493.819
2026-03-20 13:00:00,0.267,0.2685,0.2654,0.2659,11838310.0,3158549.0916
2026-03-20 14:00:00,0.2659,0.2675,0.2645,0.2652,16711366.0,4444865.585
2026-03-20 15:00:00,0.2652,0.2671,0.2644,0.2666,8190222.0,2177763.0401
2026-03-20 16:00:00,0.2666,0.2667,0.2644,0.2657,4429335.0,1175018.8981
2026-03-20 17:00:00,0.2657,0.2662,0.2638,0.2657,6410891.0,1699715.1905
2026-03-20 18:00:00,0.2657,0.266,0.263,0.2636,7887556.0,2084173.435
2026-03-20 19:00:00,0.2636,0.2641,0.2615,0.2637,7998809.0,2100801.7572
2026-03-20 20:00:00,0.2637,0.2641,0.2621,0.2638,4030266.0,1061190.266
2026-03-20 21:00:00,0.2638,0.2664,0.2632,0.2657,4588639.0,1216358.7079
2026-03-20 22:00:00,0.2657,0.2675,0.2656,0.2668,4269179.0,1139116.022
2026-03-20 23:00:00,0.2668,0.2668,0.2648,0.2659,2035382.0,540703.8351
2026-03-21 00:00:00,0.2659,0.2667,0.2657,0.2662,849874.0,226081.3601
2026-03-21 01:00:00,0.2662,0.2671,0.2654,0.2655,1691064.0,449923.8575
2026-03-21 02:00:00,0.2655,0.2671,0.2654,0.2667,2375837.0,632520.4022
2026-03-21 03:00:00,0.2667,0.2669,0.2657,0.2658,1356227.0,360688.9335
2026-03-21 04:00:00,0.2658,0.2663,0.2656,0.2659,1552473.0,412975.5352
2026-03-21 05:00:00,0.2659,0.2667,0.2658,0.2659,1363302.0,363088.2818
2026-03-21 06:00:00,0.2659,0.2669,0.2657,0.2664,625262.0,166453.6818
2026-03-21 07:00:00,0.2664,0.2666,0.2647,0.2647,2512933.0,666830.4808
2026-03-21 08:00:00,0.2647,0.2651,0.2644,0.265,1872182.0,495648.9007
2026-03-21 09:00:00,0.265,0.2657,0.2639,0.2644,2866623.0,758181.3304
2026-03-21 10:00:00,0.2644,0.2646,0.2638,0.2643,1570970.0,414904.3479
2026-03-21 11:00:00,0.2643,0.2645,0.2638,0.2645,646404.0,170787.2846
2026-03-21 12:00:00,0.2645,0.265,0.2643,0.2646,1008070.0,266885.4136
2026-03-21 13:00:00,0.2646,0.2649,0.2637,0.2642,3179953.0,840315.5969
2026-03-21 14:00:00,0.2642,0.2653,0.2629,0.2631,4973519.0,1313764.2244
2026-03-21 15:00:00,0.2631,0.2647,0.2628,0.2646,3600822.0,949183.0546
2026-03-21 16:00:00,0.2646,0.2648,0.2635,0.264,2894339.0,764536.702
2026-03-21 17:00:00,0.264,0.2641,0.2633,0.264,1244045.0,328185.3425
2026-03-21 18:00:00,0.264,0.2648,0.2637,0.2641,2107161.0,557064.3511
2026-03-21 19:00:00,0.2641,0.2648,0.2639,0.2646,3225207.0,852263.3454
2026-03-21 20:00:00,0.2646,0.2661,0.2645,0.266,4055053.0,1075983.6019
2026-03-21 21:00:00,0.266,0.2661,0.265,0.2653,1031536.0,273900.2194
2026-03-21 22:00:00,0.2653,0.2654,0.2644,0.2645,2956169.0,782695.3418
2026-03-21 23:00:00,0.2645,0.2646,0.2554,0.2572,23331846.0,6071794.1801
2026-03-22 00:00:00,0.2572,0.2582,0.2521,0.2568,17076784.0,4361475.4612
2026-03-22 01:00:00,0.2568,0.258,0.2552,0.2564,3904491.0,1000965.4992
2026-03-22 02:00:00,0.2564,0.259,0.2564,0.2575,3476072.0,895430.7707
2026-03-22 03:00:00,0.2575,0.26,0.2567,0.258,2030699.0,525646.3511
2026-03-22 04:00:00,0.258,0.259,0.2573,0.2583,1385640.0,357716.6017
2026-03-22 05:00:00,0.2583,0.2585,0.2572,0.2573,2647890.0,682684.4513
2026-03-22 06:00:00,0.2573,0.2576,0.2567,0.2575,1693632.0,435357.9252
2026-03-22 07:00:00,0.2575,0.2587,0.2564,0.2566,8902702.0,2292523.892
2026-03-22 08:00:00,0.2566,0.2566,0.2546,0.2564,6495713.0,1660794.8337
2026-03-22 09:00:00,0.2564,0.2572,0.2556,0.2561,1575355.0,403449.9913
2026-03-22 10:00:00,0.2561,0.2561,0.2548,0.2552,2247466.0,574063.7774
2026-03-22 11:00:00,0.2552,0.2558,0.2546,0.2548,4152439.0,1059911.3593
2026-03-22 12:00:00,0.2548,0.2568,0.2548,0.2558,6221056.0,1591556.7053
2026-03-22 13:00:00,0.2558,0.257,0.2549,0.2558,3093533.0,792699.6052
2026-03-22 14:00:00,0.2558,0.2566,0.2551,0.2554,2627053.0,672195.6721
2026-03-22 15:00:00,0.2554,0.2563,0.2549,0.2554,2890357.0,738537.2817
2026-03-22 16:00:00,0.2554,0.2557,0.2531,0.2545,7498775.0,1906529.6715
2026-03-22 17:00:00,0.2545,0.2549,0.2538,0.2539,2576086.0,654680.7701
2026-03-22 18:00:00,0.2539,0.2544,0.2518,0.2532,12630165.0,3196826.8125
2026-03-22 19:00:00,0.2532,0.2533,0.2504,0.2515,17654893.0,4436916.4165
2026-03-22 20:00:00,0.2515,0.2524,0.2507,0.251,2019936.0,507816.1666
2026-03-22 21:00:00,0.251,0.2514,0.2477,0.2503,16700802.0,4159234.1334
2026-03-22 22:00:00,0.2503,0.2521,0.2483,0.2519,6223970.0,1559834.5071
2026-03-22 23:00:00,0.2519,0.2527,0.2501,0.2505,1850671.0,465375.9874
2026-03-23 00:00:00,0.2505,0.2517,0.2493,0.2511,5740882.0,1439128.4702
2026-03-23 01:00:00,0.2511,0.2524,0.2506,0.2512,3224487.0,811362.9843
2026-03-23 02:00:00,0.2512,0.2541,0.2503,0.2526,4302311.0,1085653.7942
2026-03-23 03:00:00,0.2526,0.2536,0.2509,0.2511,4306122.0,1085597.2374
2026-03-23 04:00:00,0.2511,0.2524,0.2511,0.2523,2818237.0,708421.8274
2026-03-23 05:00:00,0.2523,0.2529,0.2513,0.2523,3151869.0,794422.5792
2026-03-23 06:00:00,0.2523,0.2523,0.2484,0.2494,9302487.0,2317517.2046
2026-03-23 07:00:00,0.2494,0.2505,0.2475,0.2498,7500510.0,1866514.8597
2026-03-23 08:00:00,0.2498,0.2509,0.2489,0.2492,3511393.0,878681.058
2026-03-23 09:00:00,0.2492,0.25,0.2476,0.2499,3598722.0,895907.4194
2026-03-23 10:00:00,0.2499,0.2515,0.2495,0.2502,4482645.0,1123168.8441
2026-03-23 11:00:00,0.2502,0.2642,0.2501,0.2585,28235189.0,7350848.2764
2026-03-23 12:00:00,0.2585,0.2613,0.2569,0.2603,6965271.0,1804291.3436
2026-03-23 13:00:00,0.2603,0.2639,0.2592,0.2632,9012720.0,2353879.6912
2026-03-23 14:00:00,0.2632,0.2651,0.2624,0.264,8114182.0,2140891.0632
2026-03-23 15:00:00,0.264,0.2669,0.2606,0.261,10600216.0,2799604.5791
2026-03-23 16:00:00,0.261,0.2619,0.2584,0.261,8304503.0,2159708.7569
2026-03-23 17:00:00,0.261,0.2636,0.2597,0.262,6746376.0,1769762.8419
2026-03-23 18:00:00,0.262,0.2624,0.2606,0.2623,2763728.0,722084.6922
2026-03-23 19:00:00,0.2623,0.2634,0.2604,0.2607,3563751.0,933364.6432
2026-03-23 20:00:00,0.2607,0.263,0.2601,0.2626,3623007.0,949635.3252
2026-03-23 21:00:00,0.2626,0.2645,0.2626,0.2628,4316495.0,1138306.1024
2026-03-23 22:00:00,0.2628,0.2632,0.2609,0.2615,3917198.0,1026714.15
2026-03-23 23:00:00,0.2615,0.2619,0.2602,0.2615,2816610.0,735352.7115
2026-03-24 00:00:00,0.2615,0.2623,0.2589,0.26,3776190.0,984555.5419
2026-03-24 01:00:00,0.26,0.2601,0.2579,0.2591,4276860.0,1107416.5151
2026-03-24 02:00:00,0.2591,0.2606,0.2584,0.2587,1907623.0,494320.1579
2026-03-24 03:00:00,0.2587,0.2615,0.2584,0.2614,1487217.0,387433.0929
2026-03-24 04:00:00,0.2614,0.2625,0.2596,0.2606,698332.0,182313.3154
2026-03-24 05:00:00,0.2606,0.2613,0.2595,0.2606,2765203.0,720163.6181
2026-03-24 06:00:00,0.2606,0.2612,0.2598,0.2611,3604748.0,939636.9494
2026-03-24 07:00:00,0.2611,0.2658,0.2608,0.2655,5637454.0,1483147.8645
2026-03-24 08:00:00,0.2655,0.2683,0.2655,0.2667,6335144.0,1689759.6197
2026-03-24 09:00:00,0.2667,0.2667,0.2641,0.2652,4031915.0,1069221.7388
2026-03-24 10:00:00,0.2652,0.2652,0.2629,0.2636,4225972.0,1114860.3061
2026-03-24 11:00:00,0.2636,0.2641,0.2617,0.2636,4775881.0,1255634.7763
2026-03-24 12:00:00,0.2636,0.2637,0.2625,0.2629,8689400.0,2286795.1333
2026-03-24 13:00:00,0.2629,0.2637,0.2602,0.2612,15136919.0,3961875.2489
2026-03-24 14:00:00,0.2612,0.2623,0.2587,0.2612,12012941.0,3127990.4047
2026-03-24 15:00:00,0.2612,0.2628,0.2606,0.2608,8153519.0,2133165.6305
2026-03-24 16:00:00,0.2608,0.2609,0.2591,0.2597,3971951.0,1033230.8805
2026-03-24 17:00:00,0.2597,0.2599,0.2579,0.259,6323936.0,1637085.6806
2026-03-24 18:00:00,0.259,0.2617,0.2587,0.2602,3913499.0,1019131.9904
2026-03-24 19:00:00,0.2602,0.2612,0.2595,0.26,3548326.0,923681.7691
2026-03-24 20:00:00,0.26,0.2655,0.2597,0.2644,9109365.0,2400052.087
2026-03-24 21:00:00,0.2644,0.2656,0.2634,0.2653,2779667.0,735576.8948
2026-03-24 22:00:00,0.2653,0.2668,0.2647,0.2653,3743197.0,995876.0822
2026-03-24 23:00:00,0.2653,0.2668,0.265,0.2662,2452289.0,652495.4983
2026-03-25 00:00:00,0.2662,0.2687,0.2658,0.2674,10288429.0,2752250.1626
2026-03-25 01:00:00,0.2674,0.2691,0.2668,0.268,2811282.0,752253.6932
2026-03-25 02:00:00,0.268,0.2685,0.2662,0.2663,3206795.0,857464.6457
2026-03-25 03:00:00,0.2663,0.2681,0.2655,0.2677,2970693.0,791293.3991
2026-03-25 04:00:00,0.2677,0.2686,0.2668,0.2679,3186993.0,852929.8817
2026-03-25 05:00:00,0.2679,0.2696,0.2676,0.268,3683736.0,988208.7673
2026-03-25 06:00:00,0.268,0.2703,0.268,0.2694,4335529.0,1168705.455
2026-03-25 07:00:00,0.2694,0.2716,0.2688,0.2693,9490754.0,2562214.197
2026-03-25 08:00:00,0.2693,0.2726,0.2693,0.2715,15898687.0,4308871.2562
2026-03-25 09:00:00,0.2715,0.2722,0.2708,0.272,5144974.0,1396438.6803
2026-03-25 10:00:00,0.272,0.2733,0.2719,0.2723,6214584.0,1694402.6895
2026-03-25 11:00:00,0.2723,0.2747,0.2712,0.2729,8219365.0,2243818.8418
2026-03-25 12:00:00,0.2729,0.2761,0.2717,0.2746,22438413.0,6141001.9158
2026-03-25 13:00:00,0.2746,0.2767,0.2723,0.2732,13604761.0,3739216.4932
2026-03-25 14:00:00,0.2732,0.2736,0.2715,0.2716,5816589.0,1585346.5893
2026-03-25 15:00:00,0.2716,0.2722,0.2685,0.2701,10136562.0,2734731.6398
2026-03-25 16:00:00,0.2701,0.2726,0.2694,0.2713,5401559.0,1464909.7098
2026-03-25 17:00:00,0.2713,0.2722,0.2702,0.2704,3012330.0,817067.8598
2026-03-25 18:00:00,0.2704,0.2712,0.2696,0.27,3201323.0,865451.8886
2026-03-25 19:00:00,0.27,0.2712,0.2695,0.2705,4078553.0,1102965.6624
2026-03-25 20:00:00,0.2705,0.2705,0.2681,0.2695,2843272.0,765500.1031
2026-03-25 21:00:00,0.2695,0.2701,0.2687,0.2693,1075470.0,289584.5199
2026-03-25 22:00:00,0.2693,0.2712,0.2686,0.2705,4554862.0,1229269.3159
2026-03-25 23:00:00,0.2705,0.2707,0.2694,0.2703,3646936.0,985632.8007
2026-03-26 00:00:00,0.2703,0.2706,0.269,0.2693,1050503.0,283340.0584
2026-03-26 01:00:00,0.2693,0.2702,0.2685,0.269,1609370.0,433385.4846
2026-03-26 02:00:00,0.269,0.269,0.2665,0.2676,6664488.0,1781986.3623
2026-03-26 03:00:00,0.2676,0.2676,0.2656,0.2662,2124259.0,565986.5116
2026-03-26 04:00:00,0.2662,0.2664,0.2654,0.2656,1457492.0,387352.7546
2026-03-26 05:00:00,0.2656,0.2657,0.262,0.2623,6157796.0,1622436.3895
2026-03-26 06:00:00,0.2623,0.2625,0.2609,0.2616,2747168.0,719023.9556
2026-03-26 07:00:00,0.2616,0.2623,0.2608,0.2619,1377398.0,360358.7021
2026-03-26 08:00:00,0.2619,0.2619,0.2596,0.2601,7394094.0,1923301.583
2026-03-26 09:00:00,0.2601,0.2606,0.2568,0.2575,7229486.0,1869348.0713
2026-03-26 10:00:00,0.2575,0.2585,0.2567,0.2583,5482564.0,1412872.8164
2026-03-26 11:00:00,0.2583,0.2587,0.2571,0.2571,4294937.0,1107645.045
2026-03-26 12:00:00,0.2571,0.2581,0.2565,0.2578,2247845.0,577956.6597
2026-03-26 13:00:00,0.2578,0.2596,0.2571,0.2585,4797209.0,1239614.1145
2026-03-26 14:00:00,0.2585,0.259,0.2566,0.2571,7465198.0,1924489.0077
2026-03-26 15:00:00,0.2571,0.2572,0.2543,0.2559,7451636.0,1904576.1564
2026-03-26 16:00:00,0.2559,0.2565,0.2553,0.2555,1591461.0,407332.6365
2026-03-26 17:00:00,0.2555,0.2562,0.2536,0.2543,7682717.0,1957152.3235
2026-03-26 18:00:00,0.2543,0.2548,0.2529,0.2538,8212874.0,2083702.7842
2026-03-26 19:00:00,0.2538,0.2539,0.2529,0.2534,1784181.0,452269.7821
2026-03-26 20:00:00,0.2534,0.2571,0.2524,0.2547,10775777.0,2749255.194
2026-03-26 21:00:00,0.2547,0.2574,0.2544,0.2557,5529632.0,1413643.3116
2026-03-26 22:00:00,0.2557,0.2559,0.2539,0.255,4277991.0,1090469.6875
2026-03-26 23:00:00,0.255,0.2554,0.2537,0.2545,1994380.0,507229.8315
2026-03-27 00:00:00,0.2545,0.255,0.2533,0.2542,2299251.0,584692.6561
2026-03-27 01:00:00,0.2542,0.2559,0.254,0.2556,1733806.0,442367.8035
2026-03-27 02:00:00,0.2556,0.256,0.2548,0.255,1883439.0,480970.5096
2026-03-27 03:00:00,0.255,0.2551,0.2538,0.2543,1187576.0,302007.5405
2026-03-27 04:00:00,0.2543,0.2544,0.2525,0.2539,2211948.0,560106.5597
2026-03-27 05:00:00,0.2539,0.2555,0.2533,0.2535,4168554.0,1060734.6393
2026-03-27 06:00:00,0.2535,0.254,0.253,0.2537,1197008.0,303406.6312
2026-03-27 07:00:00,0.2537,0.2552,0.2535,0.2547,2742032.0,698087.8416
2026-03-27 08:00:00,0.2547,0.2551,0.2502,0.252,20978636.0,5292554.4395
2026-03-27 09:00:00,0.252,0.2521,0.2499,0.2508,4693426.0,1178898.5802
2026-03-27 10:00:00,0.2508,0.2514,0.2452,0.246,31318468.0,7765515.8298
2026-03-27 11:00:00,0.246,0.2479,0.244,0.2472,12867820.0,3168494.4123
2026-03-27 12:00:00,0.2472,0.2472,0.2458,0.2467,4688012.0,1154611.3305
2026-03-27 13:00:00,0.2467,0.2486,0.2458,0.2471,5387884.0,1331815.8419
2026-03-27 14:00:00,0.2471,0.2485,0.2458,0.2476,8905339.0,2198723.1047
2026-03-27 15:00:00,0.2476,0.2496,0.2466,0.2475,5788050.0,1437221.8627
2026-03-27 16:00:00,0.2475,0.2478,0.2462,0.2471,4291910.0,1060603.021
2026-03-27 17:00:00,0.2471,0.2484,0.2462,0.2465,2237404.0,553173.7318
2026-03-27 18:00:00,0.2465,0.2468,0.2451,0.2461,3310149.0,813318.3179
2026-03-27 19:00:00,0.2461,0.2471,0.2451,0.2463,7524725.0,1853339.8018
2026-03-27 20:00:00,0.2463,0.2471,0.2447,0.246,6124265.0,1505899.0885
2026-03-27 21:00:00,0.246,0.2466,0.2456,0.2457,3213995.0,791126.822
2026-03-27 22:00:00,0.2457,0.246,0.2448,0.2457,2301383.0,564864.6047
2026-03-27 23:00:00,0.2457,0.2463,0.245,0.2458,3280779.0,805583.2348
2026-03-28 00:00:00,0.2458,0.2469,0.2457,0.2463,1245031.0,306275.0041
2026-03-28 01:00:00,0.2463,0.2464,0.2444,0.2458,4335147.0,1062969.0931
2026-03-28 02:00:00,0.2458,0.2471,0.2447,0.2449,2573859.0,631505.7871
2026-03-28 03:00:00,0.2449,0.2454,0.2445,0.2447,2261846.0,554256.1004
2026-03-28 04:00:00,0.2447,0.2453,0.2439,0.2451,3781164.0,925165.1127
2026-03-28 05:00:00,0.2451,0.2458,0.2445,0.2457,1719874.0,421731.1955
2026-03-28 06:00:00,0.2457,0.2472,0.2454,0.2465,1488410.0,366716.5654
2026-03-28 07:00:00,0.2465,0.2483,0.246,0.2482,3348278.0,827052.26
2026-03-28 08:00:00,0.2482,0.2487,0.2478,0.2478,4726165.0,1172780.3768
2026-03-28 09:00:00,0.2478,0.2481,0.247,0.2473,3557494.0,880766.2416
2026-03-28 10:00:00,0.2473,0.2492,0.2472,0.2483,7213634.0,1790236.1685
2026-03-28 11:00:00,0.2483,0.2489,0.248,0.2483,3111957.0,773148.3318
2026-03-28 12:00:00,0.2483,0.2487,0.2466,0.2475,6374865.0,1579656.3034
2026-03-28 13:00:00,0.2475,0.2522,0.2473,0.2501,10416495.0,2607941.1438
2026-03-28 14:00:00,0.2501,0.2511,0.2486,0.2499,6619176.0,1653347.0982
2026-03-28 15:00:00,0.2499,0.2528,0.2496,0.2512,8001845.0,2008621.2615
2026-03-28 16:00:00,0.2512,0.2516,0.2502,0.2507,5700407.0,1429854.0292
2026-03-28 17:00:00,0.2507,0.2514,0.2495,0.2501,5300585.0,1326394.9825
2026-03-28 18:00:00,0.2501,0.2509,0.2498,0.2502,2681522.0,671818.7416
2026-03-28 19:00:00,0.2502,0.2505,0.2491,0.2496,3395910.0,846981.0106
2026-03-28 20:00:00,0.2496,0.2505,0.2496,0.2499,1808127.0,452324.0586
2026-03-28 21:00:00,0.2499,0.25,0.2481,0.2485,7261065.0,1806840.6226
2026-03-28 22:00:00,0.2485,0.2488,0.2479,0.2484,2901350.0,720284.8908
2026-03-28 23:00:00,0.2484,0.2484,0.2448,0.2457,11274359.0,2776841.9933
2026-03-29 00:00:00,0.2457,0.2461,0.2448,0.2457,4591445.0,1127538.4321
2026-03-29 01:00:00,0.2457,0.2469,0.2453,0.2459,2273528.0,559476.8733
2026-03-29 02:00:00,0.2459,0.2463,0.2456,0.2461,2142089.0,527002.423
2026-03-29 03:00:00,0.2461,0.2472,0.2457,0.2464,3947131.0,972629.8059
2026-03-29 04:00:00,0.2464,0.2465,0.2447,0.2452,2174300.0,534732.5121
2026-03-29 05:00:00,0.2452,0.2455,0.2425,0.2455,7631397.0,1864511.9498
2026-03-29 06:00:00,0.2455,0.2461,0.2448,0.2458,1368742.0,336008.4445
2026-03-29 07:00:00,0.2458,0.2458,0.2445,0.245,672483.0,164770.2045
2026-03-29 08:00:00,0.245,0.2451,0.2444,0.2447,3278778.0,802157.0259
2026-03-29 09:00:00,0.2447,0.2449,0.2434,0.2441,4384913.0,1070835.798
2026-03-29 10:00:00,0.2441,0.2441,0.2412,0.2425,4212095.0,1022682.9827
2026-03-29 11:00:00,0.2425,0.2442,0.2423,0.2435,3072951.0,748993.2146
2026-03-29 12:00:00,0.2435,0.2435,0.2418,0.2427,2975124.0,722160.3626
2026-03-29 13:00:00,0.2427,0.2427,0.24,0.2405,4126026.0,994341.0703
2026-03-29 14:00:00,0.2405,0.2425,0.2404,0.2417,3425156.0,826555.6352
2026-03-29 15:00:00,0.2417,0.2423,0.2404,0.2412,2309862.0,557010.3184
2026-03-29 16:00:00,0.2412,0.2421,0.2406,0.2409,2784726.0,671493.5935
2026-03-29 17:00:00,0.2409,0.2412,0.2397,0.2412,5014829.0,1204888.0578
2026-03-29 18:00:00,0.2412,0.2418,0.2404,0.2411,2396645.0,577984.8917
2026-03-29 19:00:00,0.2411,0.2412,0.2393,0.2398,2881999.0,691402.1058
2026-03-29 20:00:00,0.2398,0.2419,0.2397,0.2404,4872674.0,1173294.3929
2026-03-29 21:00:00,0.2404,0.2417,0.2404,0.2415,1425607.0,343806.1982
2026-03-29 22:00:00,0.2415,0.2415,0.2325,0.2383,22791555.0,5392030.7023
2026-03-29 23:00:00,0.2383,0.2403,0.2381,0.2397,8366775.0,2000636.5455
2026-03-30 00:00:00,0.2397,0.2445,0.2392,0.2418,10502579.0,2537379.5283
2026-03-30 01:00:00,0.2418,0.2443,0.2418,0.2439,8322626.0,2024444.6364
2026-03-30 02:00:00,0.2439,0.2475,0.2438,0.2456,7472893.0,1833479.4851
2026-03-30 03:00:00,0.2456,0.2464,0.2442,0.2459,1684771.0,413413.1429
2026-03-30 04:00:00,0.2459,0.2482,0.2459,0.2459,5350066.0,1320945.2883
2026-03-30 05:00:00,0.2459,0.2473,0.2457,0.2466,5240958.0,1292178.3491
2026-03-30 06:00:00,0.2466,0.2475,0.2456,0.2467,2670221.0,657664.0482
2026-03-30 07:00:00,0.2467,0.2493,0.2461,0.2485,5447191.0,1348242.0777
2026-03-30 08:00:00,0.2485,0.2516,0.2483,0.2505,9352811.0,2338574.2855
2026-03-30 09:00:00,0.2505,0.2506,0.2479,0.2481,4596848.0,1144863.3027
2026-03-30 10:00:00,0.2481,0.2489,0.2475,0.2488,1353658.0,336047.1451
2026-03-30 11:00:00,0.2488,0.2527,0.2488,0.2504,7954392.0,1993488.1439
2026-03-30 12:00:00,0.2504,0.2512,0.2498,0.2506,2047399.0,512892.5679
2026-03-30 13:00:00,0.2506,0.2515,0.2491,0.2495,5936672.0,1485971.1134
2026-03-30 14:00:00,0.2495,0.2498,0.2472,0.2491,6618134.0,1643937.9529
2026-03-30 15:00:00,0.2491,0.2497,0.2472,0.2483,3495928.0,869364.2844
2026-03-30 16:00:00,0.2483,0.2487,0.2473,0.2482,2470281.0,612894.0662
2026-03-30 17:00:00,0.2482,0.2489,0.2453,0.2464,5511933.0,1358621.6429
2026-03-30 18:00:00,0.2464,0.2467,0.2435,0.2443,5551172.0,1359235.8996
2026-03-30 19:00:00,0.2443,0.2445,0.2422,0.2436,9709016.0,2359637.0428
2026-03-30 20:00:00,0.2436,0.2445,0.2429,0.2438,1875709.0,457155.9711
2026-03-30 21:00:00,0.2438,0.2461,0.2434,0.2446,4049832.0,992268.6859
2026-03-30 22:00:00,0.2446,0.2453,0.2439,0.2442,4239318.0,1036794.8478
2026-03-30 23:00:00,0.2442,0.2442,0.2424,0.2433,6981269.0,1696639.7478
2026-03-31 00:00:00,0.2433,0.2458,0.2432,0.2448,4247159.0,1038292.1243
2026-03-31 01:00:00,0.2448,0.2492,0.2441,0.248,7257841.0,1795899.1884
2026-03-31 02:00:00,0.248,0.2489,0.2471,0.2482,1769052.0,438733.6168
2026-03-31 03:00:00,0.2482,0.2482,0.2456,0.246,3825977.0,942074.657
2026-03-31 04:00:00,0.246,0.2463,0.2444,0.2446,3352307.0,822397.902
2026-03-31 05:00:00,0.2446,0.2447,0.2436,0.2442,5313689.0,1297441.321
2026-03-31 06:00:00,0.2442,0.2461,0.2433,0.2455,6374456.0,1559510.599
2026-03-31 07:00:00,0.2455,0.2458,0.2429,0.2435,9017384.0,2197942.696
2026-03-31 08:00:00,0.2435,0.2441,0.2414,0.2418,8342172.0,2024534.2118
2026-03-31 09:00:00,0.2418,0.2423,0.2393,0.2402,9833244.0,2369270.3752
2026-03-31 10:00:00,0.2402,0.2412,0.2397,0.2407,9472502.0,2277892.7373
2026-03-31 11:00:00,0.2407,0.242,0.24,0.241,4072796.0,981119.3956
2026-03-31 12:00:00,0.241,0.2415,0.24,0.2405,3674367.0,884607.3059
2026-03-31 13:00:00,0.2405,0.2438,0.2404,0.243,8430923.0,2043852.7377
2026-03-31 14:00:00,0.243,0.2453,0.2388,0.2398,15692629.0,3800282.1073
2026-03-31 15:00:00,0.2398,0.2414,0.2373,0.2378,20049411.0,4792249.0201
2026-03-31 16:00:00,0.2378,0.24,0.2343,0.2395,46370494.0,11015298.2554
2026-03-31 17:00:00,0.2395,0.2419,0.2381,0.239,14945147.0,3585858.9326
2026-03-31 18:00:00,0.239,0.2414,0.239,0.2414,8070485.0,1938866.194
2026-03-31 19:00:00,0.2414,0.242,0.2397,0.2407,6283274.0,1513003.3962
2026-03-31 20:00:00,0.2407,0.242,0.2401,0.242,7279301.0,1753867.9472
2026-03-31 21:00:00,0.242,0.2424,0.2406,0.2412,28127708.0,6793720.0603
2026-03-31 22:00:00,0.2412,0.2412,0.2382,0.24,58189079.0,13972339.7178
2026-03-31 23:00:00,0.24,0.2421,0.2396,0.2417,29767731.0,7191628.6534
2026-04-01 00:00:00,0.2417,0.2449,0.2412,0.2444,87975981.0,21283137.107
2026-04-01 01:00:00,0.2444,0.245,0.2423,0.2425,4316880.0,1051761.5347
2026-04-01 02:00:00,0.2425,0.2431,0.2416,0.2418,2595795.0,628909.1318
2026-04-01 03:00:00,0.2418,0.2462,0.2418,0.2455,6903207.0,1685355.4262
2026-04-01 04:00:00,0.2455,0.246,0.2438,0.2444,5440465.0,1331888.747
2026-04-01 05:00:00,0.2444,0.2498,0.2441,0.2488,9498621.0,2342711.2048
2026-04-01 06:00:00,0.2488,0.2546,0.2488,0.2518,11756049.0,2964787.1565
2026-04-01 07:00:00,0.2518,0.2527,0.2497,0.2498,11921636.0,2991040.8695
2026-04-01 08:00:00,0.2498,0.2499,0.2466,0.2467,6399122.0,1584766.8294
2026-04-01 09:00:00,0.2467,0.2484,0.2457,0.2477,5788665.0,1429819.6803
2026-04-01 10:00:00,0.2477,0.249,0.2472,0.2488,7174917.0,1780595.568
2026-04-01 11:00:00,0.2488,0.2489,0.2472,0.248,2582184.0,640483.4398
2026-04-01 12:00:00,0.248,0.2507,0.2474,0.248,4889181.0,1215966.6519
2026-04-01 13:00:00,0.248,0.2491,0.2453,0.2469,10257708.0,2534285.3059
2026-04-01 14:00:00,0.2469,0.2492,0.2467,0.2484,14455690.0,3583012.4536
2026-04-01 15:00:00,0.2484,0.2493,0.2477,0.249,16171098.0,4019061.1309
2026-04-01 16:00:00,0.249,0.2506,0.2479,0.2497,11484895.0,2861451.7189
2026-04-01 17:00:00,0.2497,0.2522,0.2487,0.2493,11844392.0,2962101.5581
2026-04-01 18:00:00,0.2493,0.2504,0.2482,0.2486,11508666.0,2865916.559
2026-04-01 19:00:00,0.2486,0.2499,0.2484,0.2494,4898698.0,1221369.7822
2026-04-01 20:00:00,0.2494,0.2497,0.2471,0.2483,6301852.0,1564410.6447
2026-04-01 21:00:00,0.2483,0.2505,0.2482,0.2496,4278634.0,1068229.5963
2026-04-01 22:00:00,0.2496,0.2497,0.2472,0.2473,5650566.0,1402555.0607
2026-04-01 23:00:00,0.2473,0.2484,0.2471,0.2484,1090879.0,270184.7134
2026-04-02 00:00:00,0.2484,0.2505,0.2471,0.2498,14662085.0,3644550.5676
2026-04-02 01:00:00,0.2498,0.25,0.241,0.2429,29928886.0,7305643.9106
2026-04-02 02:00:00,0.2429,0.2431,0.2393,0.2404,18315754.0,4420587.5153
2026-04-02 03:00:00,0.2404,0.2413,0.2375,0.2388,98192471.0,23491240.1736
2026-04-02 04:00:00,0.2388,0.239,0.2366,0.2369,111171421.0,26519858.4493
2026-04-02 05:00:00,0.2369,0.238,0.2351,0.2376,5152101.0,1220673.3356
2026-04-02 06:00:00,0.2376,0.2387,0.2371,0.2379,3093868.0,735617.9864
2026-04-02 07:00:00,0.2379,0.2389,0.2364,0.2388,5110002.0,1214831.9143
2026-04-02 08:00:00,0.2388,0.2392,0.2376,0.238,2881793.0,687520.2719
2026-04-02 09:00:00,0.238,0.2387,0.2368,0.238,2383451.0,566876.4685
2026-04-02 10:00:00,0.238,0.2382,0.2367,0.2373,2073297.0,491945.3478
2026-04-02 11:00:00,0.2373,0.2375,0.236,0.2368,148960547.0,35273701.3859
2026-04-02 12:00:00,0.2368,0.2372,0.2357,0.2359,165039472.0,39044998.6466
2026-04-02 13:00:00,0.2359,0.2368,0.2346,0.2366,7997967.0,1886682.9109
2026-04-02 14:00:00,0.2366,0.2431,0.2363,0.242,9959243.0,2388212.1705
2026-04-02 15:00:00,0.242,0.2421,0.2391,0.2395,4443091.0,1067475.8568
2026-04-02 16:00:00,0.2395,0.2418,0.239,0.2406,2407630.0,578354.5704
2026-04-02 17:00:00,0.2406,0.2425,0.2378,0.2381,4951157.0,1190386.5171
2026-04-02 18:00:00,0.2381,0.2404,0.2378,0.2398,5720288.0,1367086.1295
2026-04-02 19:00:00,0.2398,0.2402,0.2387,0.2396,2234049.0,534667.564
2026-04-02 20:00:00,0.2396,0.2408,0.239,0.2402,1984170.0,475869.8352
2026-04-02 21:00:00,0.2402,0.2403,0.2387,0.2398,2709537.0,648733.9065
2026-04-02 22:00:00,0.2398,0.2402,0.2393,0.2394,1135043.0,272064.1773
2026-04-02 23:00:00,0.2394,0.2396,0.2385,0.2393,1250405.0,298807.5034
2026-04-03 00:00:00,0.2393,0.2399,0.2388,0.2394,2177145.0,521086.7697
2026-04-03 01:00:00,0.2394,0.2403,0.2387,0.2394,4434399.0,1062280.5674
2026-04-03 02:00:00,0.2394,0.2409,0.2387,0.2398,1712135.0,410405.2447
2026-04-03 03:00:00,0.2398,0.2416,0.2396,0.2412,5251069.0,1264847.703
2026-04-03 04:00:00,0.2412,0.243,0.241,0.2427,2021772.0,489116.6709
2026-04-03 05:00:00,0.2427,0.2448,0.2416,0.2442,8239873.0,2005172.5657
2026-04-03 06:00:00,0.2442,0.245,0.243,0.2442,4026789.0,982364.7341
2026-04-03 07:00:00,0.2442,0.2447,0.2432,0.2435,5702162.0,1391507.5049
2026-04-03 08:00:00,0.2435,0.245,0.2426,0.2441,4920008.0,1198916.6937
2026-04-03 09:00:00,0.2441,0.2453,0.2435,0.2448,5697977.0,1391306.7299
2026-04-03 10:00:00,0.2448,0.2457,0.244,0.2449,2837176.0,694458.9798
2026-04-03 11:00:00,0.2449,0.2464,0.2446,0.2457,2794469.0,685721.184
2026-04-03 12:00:00,0.2457,0.2484,0.2448,0.2454,3811956.0,939133.3362
2026-04-03 13:00:00,0.2454,0.2459,0.2447,0.2457,5433927.0,1331905.5738
2026-04-03 14:00:00,0.2457,0.2482,0.2449,0.2475,12612664.0,3105753.2813
2026-04-03 15:00:00,0.2475,0.2513,0.2458,0.2458,11370738.0,2822547.3085
2026-04-03 16:00:00,0.2458,0.2484,0.2458,0.2482,2577261.0,637927.0481
2026-04-03 17:00:00,0.2482,0.2505,0.2476,0.2489,7441398.0,1850713.3784
2026-04-03 18:00:00,0.2489,0.2495,0.2474,0.2475,2474089.0,614560.8466
2026-04-03 19:00:00,0.2475,0.2478,0.246,0.2473,3564971.0,879963.6352
2026-04-03 20:00:00,0.2473,0.2484,0.2469,0.2474,2057037.0,509480.1663
2026-04-03 21:00:00,0.2474,0.2487,0.2471,0.2484,2175976.0,540129.6497
2026-04-03 22:00:00,0.2484,0.2484,0.2462,0.2463,2216579.0,547523.6984
2026-04-03 23:00:00,0.2463,0.2464,0.2452,0.2462,3408146.0,837508.8247
2026-04-04 00:00:00,0.2462,0.2466,0.2453,0.2454,1227152.0,301569.806
2026-04-04 01:00:00,0.2454,0.2454,0.2442,0.2451,4049559.0,991206.8705
2026-04-04 02:00:00,0.2451,0.2453,0.2446,0.2451,1083881.0,265463.7244
2026-04-04 03:00:00,0.2451,0.2468,0.2449,0.2466,1231972.0,302914.0968
2026-04-04 04:00:00,0.2466,0.2469,0.2453,0.2457,1587553.0,390381.0103
2026-04-04 05:00:00,0.2457,0.2458,0.2442,0.2442,2783236.0,681601.3822
2026-04-04 06:00:00,0.2442,0.2462,0.2441,0.2461,2592730.0,635770.6044
2026-04-04 07:00:00,0.2461,0.2461,0.245,0.2453,996366.0,244661.9759
2026-04-04 08:00:00,0.2453,0.2458,0.2436,0.2438,2923490.0,714536.407
2026-04-04 09:00:00,0.2438,0.2442,0.2434,0.2435,4708286.0,1147682.2487
2026-04-04 10:00:00,0.2435,0.2446,0.2431,0.2446,2041276.0,497932.3734
2026-04-04 11:00:00,0.2446,0.2453,0.2443,0.2448,2532082.0,620268.5688
2026-04-04 12:00:00,0.2448,0.2449,0.2439,0.2443,4614487.0,1127826.5439
2026-04-04 13:00:00,0.2443,0.2444,0.2436,0.2439,1613234.0,393586.0755
2026-04-04 14:00:00,0.2439,0.245,0.2433,0.2448,3089849.0,754504.3108
2026-04-04 15:00:00,0.2448,0.2468,0.2447,0.2451,3717078.0,913384.8821
2026-04-04 16:00:00,0.2451,0.2467,0.2449,0.2452,3779059.0,929533.1737
2026-04-04 17:00:00,0.2452,0.2478,0.2451,0.2474,4737392.0,1169302.0571
2026-04-04 18:00:00,0.2474,0.2478,0.2467,0.2469,4191616.0,1036328.8244
2026-04-04 19:00:00,0.2469,0.2498,0.2468,0.2478,4752082.0,1179717.764
2026-04-04 20:00:00,0.2478,0.2484,0.2473,0.2474,3522561.0,872934.3948
2026-04-04 21:00:00,0.2474,0.2482,0.2468,0.2474,2230388.0,552173.7684
2026-04-04 22:00:00,0.2474,0.248,0.2466,0.2479,1407342.0,347993.8732
2026-04-04 23:00:00,0.2479,0.2479,0.2474,0.2477,856358.0,212090.8775
2026-04-05 00:00:00,0.2477,0.2485,0.2475,0.2481,1168721.0,289988.9789
2026-04-05 01:00:00,0.2481,0.2482,0.2466,0.2469,1687698.0,416960.915
2026-04-05 02:00:00,0.2469,0.2479,0.2464,0.247,5468945.0,1349757.2381
2026-04-05 03:00:00,0.247,0.2472,0.2465,0.2465,987003.0,243658.912
2026-04-05 04:00:00,0.2465,0.2467,0.2457,0.2458,5429224.0,1337155.827
2026-04-05 05:00:00,0.2458,0.2459,0.2435,0.2438,3885541.0,949412.4109
2026-04-05 06:00:00,0.2438,0.2441,0.2419,0.2431,9616017.0,2336406.2509
2026-04-05 07:00:00,0.2431,0.2432,0.2413,0.2419,4135478.0,1001253.8118
2026-04-05 08:00:00,0.2419,0.2425,0.2416,0.2421,2213796.0,536206.4851
2026-04-05 09:00:00,0.2421,0.2427,0.2418,0.2422,3211179.0,777787.2727
2026-04-05 10:00:00,0.2422,0.2432,0.2404,0.2405,11461006.0,2775166.649
2026-04-05 11:00:00,0.2405,0.2424,0.2399,0.2424,7119777.0,1720851.5565
2026-04-05 12:00:00,0.2424,0.2424,0.2401,0.2411,7004302.0,1689255.32
2026-04-05 13:00:00,0.2411,0.2419,0.2404,0.2417,5348011.0,1290340.4286
2026-04-05 14:00:00,0.2417,0.2425,0.2413,0.242,3320778.0,803263.7483
2026-04-05 15:00:00,0.242,0.2458,0.2413,0.2434,10005012.0,2437525.2374
2026-04-05 16:00:00,0.2434,0.2437,0.2428,0.2429,3776804.0,918410.7906
2026-04-05 17:00:00,0.2429,0.244,0.2428,0.2439,3004188.0,731157.0592
2026-04-05 18:00:00,0.2439,0.2439,0.2427,0.2437,3151441.0,767000.0453
2026-04-05 19:00:00,0.2437,0.2442,0.2427,0.2434,4074448.0,991303.5465
2026-04-05 20:00:00,0.2434,0.2446,0.243,0.2439,2413405.0,588515.7729
2026-04-05 21:00:00,0.2439,0.245,0.242,0.2446,5030215.0,1224175.2334
2026-04-05 22:00:00,0.2446,0.2469,0.2427,0.2462,6017442.0,1474579.4767
2026-04-05 23:00:00,0.2462,0.2509,0.2457,0.2506,10127243.0,2524960.3788
2026-04-06 00:00:00,0.2506,0.2567,0.2506,0.2541,11095132.0,2817399.0449
2026-04-06 01:00:00,0.2541,0.2549,0.2527,0.2543,4826399.0,1225197.6391
2026-04-06 02:00:00,0.2543,0.2592,0.2542,0.257,3065801.0,788675.9644
2026-04-06 03:00:00,0.257,0.258,0.2562,0.2569,3210101.0,825147.884
2026-04-06 04:00:00,0.2569,0.2585,0.2566,0.257,5065530.0,1304140.3721
2026-04-06 05:00:00,0.257,0.2578,0.2565,0.257,3598323.0,925116.2536
2026-04-06 06:00:00,0.257,0.2583,0.2558,0.2562,10757699.0,2760493.8375
2026-04-06 07:00:00,0.2562,0.2565,0.2543,0.2551,2623699.0,670485.2203
2026-04-06 08:00:00,0.2551,0.2563,0.2548,0.255,4190831.0,1071824.8894
2026-04-06 09:00:00,0.255,0.2587,0.2548,0.2571,13360376.0,3434914.5962
2026-04-06 10:00:00,0.2571,0.26,0.2564,0.2567,9059500.0,2340465.0703
2026-04-06 11:00:00,0.2567,0.2567,0.2553,0.2554,4376751.0,1120309.7547
2026-04-06 12:00:00,0.2554,0.2561,0.2545,0.2547,3142698.0,801891.0148
2026-04-06 13:00:00,0.2547,0.2559,0.2544,0.2548,4309857.0,1098332.6136
2026-04-06 14:00:00,0.2548,0.2566,0.2536,0.2549,5198092.0,1324155.2271
2026-04-06 15:00:00,0.2549,0.2552,0.2538,0.2542,2524997.0,641893.4657
2026-04-06 16:00:00,0.2542,0.2543,0.2522,0.2526,10536916.0,2671234.971
2026-04-06 17:00:00,0.2526,0.2526,0.2511,0.2521,10129363.0,2553455.8204
2026-04-06 18:00:00,0.2521,0.2535,0.252,0.253,6073451.0,1535233.8274
2026-04-06 19:00:00,0.253,0.253,0.2515,0.252,2971952.0,749285.2257
2026-04-06 20:00:00,0.252,0.2527,0.2517,0.2523,1871691.0,472263.9164
2026-04-06 21:00:00,0.2523,0.2523,0.2504,0.2507,3522541.0,885833.3208
2026-04-06 22:00:00,0.2507,0.2511,0.2472,0.2472,6218531.0,1550241.4714
2026-04-06 23:00:00,0.2472,0.2473,0.2447,0.2459,13437224.0,3305039.6245
2026-04-07 00:00:00,0.2459,0.2462,0.2444,0.2457,4160474.0,1020021.4186
2026-04-07 01:00:00,0.2457,0.2459,0.2436,0.2441,3952611.0,967029.027
2026-04-07 02:00:00,0.2441,0.2458,0.2433,0.2446,4082328.0,998137.7094
2026-04-07 03:00:00,0.2446,0.2452,0.2446,0.2449,2645637.0,648103.6692
2026-04-07 04:00:00,0.2449,0.2455,0.2443,0.2453,2799916.0,685746.939
2026-04-07 05:00:00,0.2453,0.2454,0.2432,0.2435,2275375.0,555601.8416
2026-04-07 06:00:00,0.2435,0.2438,0.2422,0.2437,4448582.0,1081783.5931
2026-04-07 07:00:00,0.2437,0.2439,0.243,0.2433,2716403.0,661528.2333
2026-04-07 08:00:00,0.2433,0.2444,0.2429,0.2442,3573519.0,871152.8984
2026-04-07 09:00:00,0.2442,0.2454,0.244,0.2444,4284983.0,1047752.4367
2026-04-07 10:00:00,0.2444,0.2448,0.2416,0.242,8143369.0,1977748.2381
2026-04-07 11:00:00,0.242,0.2426,0.2412,0.242,6142307.0,1486199.2916
2026-04-07 12:00:00,0.242,0.2431,0.24,0.2424,13696842.0,3303409.824
2026-04-07 13:00:00,0.2424,0.2432,0.2418,0.2422,6932978.0,1681196.0832
2026-04-07 14:00:00,0.2422,0.2423,0.2408,0.2412,9232372.0,2229884.9034
2026-04-07 15:00:00,0.2412,0.2431,0.2408,0.242,6999603.0,1695659.6712
2026-04-07 16:00:00,0.242,0.243,0.2419,0.242,7529339.0,1825344.8924
2026-04-07 17:00:00,0.242,0.2445,0.2416,0.2434,7437260.0,1806987.1072
2026-04-07 18:00:00,0.2434,0.2438,0.2423,0.2428,5115249.0,1243409.1987
2026-04-07 19:00:00,0.2428,0.2468,0.2424,0.2465,6607100.0,1618713.0853
2026-04-07 20:00:00,0.2465,0.248,0.2457,0.2459,7630893.0,1883559.0683
2026-04-07 21:00:00,0.2459,0.2539,0.2459,0.2531,9645191.0,2409396.0402
2026-04-07 22:00:00,0.2531,0.2626,0.2529,0.2624,20928114.0,5405833.4016
2026-04-07 23:00:00,0.2624,0.2663,0.2624,0.2627,16150310.0,4271711.8517
2026-04-08 00:00:00,0.2627,0.2642,0.2596,0.2602,5492756.0,1439704.4292
2026-04-08 01:00:00,0.2602,0.2625,0.2597,0.2619,2120817.0,554952.8602
2026-04-08 02:00:00,0.2619,0.264,0.2607,0.261,2761588.0,724549.8866
2026-04-08 03:00:00,0.261,0.2618,0.2601,0.2606,2931112.0,764802.3903
2026-04-08 04:00:00,0.2606,0.263,0.2606,0.2626,1822033.0,477920.8376
2026-04-08 05:00:00,0.2626,0.2634,0.2618,0.2625,2730114.0,716367.5725
2026-04-08 06:00:00,0.2625,0.2637,0.2615,0.2615,4295999.0,1128287.8415
2026-04-08 07:00:00,0.2615,0.2619,0.2602,0.2612,4425783.0,1154992.904
2026-04-08 08:00:00,0.2612,0.2614,0.2598,0.2607,2561072.0,667437.2854
2026-04-08 09:00:00,0.2607,0.261,0.2588,0.2591,5714165.0,1484159.5577
2026-04-08 10:00:00,0.2591,0.26,0.2586,0.2588,2063550.0,535155.7776
2026-04-08 11:00:00,0.2588,0.2591,0.2558,0.2578,5604973.0,1444406.9578
2026-04-08 12:00:00,0.2578,0.2578,0.2563,0.2576,2875303.0,739233.0047
2026-04-08 13:00:00,0.2576,0.2597,0.2571,0.2576,8988569.0,2318770.3347
2026-04-08 14:00:00,0.2576,0.2577,0.2518,0.2524,10642853.0,2710180.5002
2026-04-08 15:00:00,0.2524,0.2548,0.2522,0.2541,8609453.0,2189489.5438
2026-04-08 16:00:00,0.2541,0.2546,0.2532,0.2542,1923422.0,488557.616
2026-04-08 17:00:00,0.2542,0.2561,0.2537,0.2556,3825094.0,975897.9161
2026-04-08 18:00:00,0.2556,0.2556,0.2526,0.2528,4446961.0,1129217.4297
2026-04-08 19:00:00,0.2528,0.2534,0.2519,0.2526,5580564.0,1409817.2775
2026-04-08 20:00:00,0.2526,0.2533,0.2513,0.2525,2995273.0,755146.4648
2026-04-08 21:00:00,0.2525,0.2545,0.2521,0.2539,3950879.0,1000826.1034
2026-04-08 22:00:00,0.2539,0.254,0.2515,0.2516,9688962.0,2447707.3889
2026-04-08 23:00:00,0.2516,0.2517,0.2498,0.2506,5901102.0,1479166.9874
2026-04-09 00:00:00,0.2506,0.2506,0.2487,0.2496,6141645.0,1533872.1843
2026-04-09 01:00:00,0.2496,0.2498,0.2476,0.2492,3415307.0,848915.9142
2026-04-09 02:00:00,0.2492,0.2502,0.2489,0.2493,1391475.0,347183.8904
2026-04-09 03:00:00,0.2493,0.2495,0.2487,0.2489,1769307.0,440864.532
2026-04-09 04:00:00,0.2489,0.2492,0.2483,0.2486,1684928.0,418796.9677
2026-04-09 05:00:00,0.2486,0.2498,0.2482,0.2493,2311339.0,575304.5087
2026-04-09 06:00:00,0.2493,0.2501,0.2492,0.25,3049807.0,761633.4118
2026-04-09 07:00:00,0.25,0.2515,0.25,0.2504,4512194.0,1131760.8075
2026-04-09 08:00:00,0.2504,0.2511,0.2494,0.2502,6804042.0,1702028.1166
2026-04-09 09:00:00,0.2502,0.2521,0.2493,0.2514,6761302.0,1697218.4887
2026-04-09 10:00:00,0.2514,0.2518,0.2504,0.2507,7951321.0,1996980.9719
2026-04-09 11:00:00,0.2507,0.2511,0.2501,0.2504,5204311.0,1304487.0285
2026-04-09 12:00:00,0.2504,0.2511,0.2498,0.251,3574967.0,895340.379
2026-04-09 13:00:00,0.251,0.2511,0.2495,0.2503,3908826.0,977473.951
2026-04-09 14:00:00,0.2503,0.2511,0.2488,0.2503,7094712.0,1771307.9438
2026-04-09 15:00:00,0.2503,0.2555,0.2497,0.2544,9497018.0,2397386.5831
2026-04-09 16:00:00,0.2544,0.2561,0.253,0.2549,8311566.0,2116322.8983
2026-04-09 17:00:00,0.2549,0.2568,0.2546,0.2563,4284524.0,1096398.1607
2026-04-09 18:00:00,0.2563,0.2564,0.2539,0.2544,2805224.0,713926.2507
2026-04-09 19:00:00,0.2544,0.2561,0.254,0.2555,8352094.0,2130764.4619
2026-04-09 20:00:00,0.2555,0.2571,0.2553,0.2565,5241911.0,1343776.9321
2026-04-09 21:00:00,0.2565,0.2578,0.2559,0.2561,4385952.0,1125925.975
2026-04-09 22:00:00,0.2561,0.2609,0.2559,0.256,7133209.0,1841064.5304
2026-04-09 23:00:00,0.256,0.256,0.2536,0.2539,5671208.0,1445209.1597
2026-04-10 00:00:00,0.2539,0.2543,0.2525,0.253,7731903.0,1958256.0671
2026-04-10 01:00:00,0.253,0.2549,0.2517,0.2528,4180132.0,1058866.8938
2026-04-10 02:00:00,0.2528,0.2533,0.2518,0.252,1578479.0,398188.669
2026-04-10 03:00:00,0.252,0.2527,0.2515,0.2515,1319225.0,332365.2231
2026-04-10 04:00:00,0.2515,0.253,0.2514,0.2526,986508.0,248676.4396
2026-04-10 05:00:00,0.2526,0.2538,0.252,0.2524,3324454.0,840849.2172
2026-04-10 06:00:00,0.2524,0.2529,0.2505,0.2509,3627110.0,911560.1772
2026-04-10 07:00:00,0.2509,0.2512,0.2499,0.2504,2634202.0,659851.8827
2026-04-10 08:00:00,0.2504,0.251,0.2497,0.25,2392983.0,598499.5286
2026-04-10 09:00:00,0.25,0.2515,0.2499,0.251,1499240.0,376168.7628
2026-04-10 10:00:00,0.251,0.251,0.2496,0.25,3923912.0,981411.7416
2026-04-10 11:00:00,0.25,0.2515,0.2498,0.2511,3542647.0,888917.1463
2026-04-10 12:00:00,0.2511,0.2528,0.2508,0.2523,4657692.0,1173325.197
2026-04-10 13:00:00,0.2523,0.2531,0.2506,0.2522,3815802.0,961334.7295
2026-04-10 14:00:00,0.2522,0.2556,0.2515,0.2551,8029162.0,2040927.2021
2026-04-10 15:00:00,0.2551,0.2564,0.2534,0.2538,10632757.0,2709277.4253
2026-04-10 16:00:00,0.2538,0.256,0.2538,0.2549,5714403.0,1456799.0495
2026-04-10 17:00:00,0.2549,0.255,0.2534,0.2545,3817060.0,969522.5342
2026-04-10 18:00:00,0.2545,0.2559,0.2541,0.2559,3934181.0,1003876.3227
2026-04-10 19:00:00,0.2559,0.2582,0.2558,0.2579,8283831.0,2129565.8765
2026-04-10 20:00:00,0.2579,0.2588,0.2562,0.2572,5301316.0,1364853.1999
2026-04-10 21:00:00,0.2572,0.2572,0.2549,0.2556,5597993.0,1432036.4379
2026-04-10 22:00:00,0.2556,0.2561,0.2541,0.2542,4889510.0,1246049.4126
2026-04-10 23:00:00,0.2542,0.2546,0.2537,0.2541,2520588.0,640337.1771
2026-04-11 00:00:00,0.2541,0.2541,0.2533,0.2535,764519.0,193881.8667
2026-04-11 01:00:00,0.2535,0.2537,0.2522,0.2532,2885079.0,728994.999
2026-04-11 02:00:00,0.2532,0.2538,0.2527,0.2531,1996797.0,505756.6596
2026-04-11 03:00:00,0.2531,0.2549,0.2528,0.2529,2990351.0,758767.3107
2026-04-11 04:00:00,0.2529,0.254,0.2524,0.2526,4102471.0,1038243.6192
2026-04-11 05:00:00,0.2526,0.2527,0.2503,0.2505,2001494.0,503379.9664
2026-04-11 06:00:00,0.2505,0.2507,0.2493,0.2504,3356549.0,839487.7848
2026-04-11 07:00:00,0.2504,0.2505,0.2501,0.2503,2779648.0,695700.7984
2026-04-11 08:00:00,0.2503,0.2505,0.2497,0.25,2512660.0,628722.5396
2026-04-11 09:00:00,0.25,0.2506,0.249,0.2501,5296685.0,1323259.0789
2026-04-11 10:00:00,0.2501,0.2505,0.2494,0.2494,3085240.0,770651.5086
2026-04-11 11:00:00,0.2494,0.2498,0.249,0.2495,2757942.0,688031.32
2026-04-11 12:00:00,0.2495,0.2502,0.2494,0.2499,1849469.0,461971.4533
2026-04-11 13:00:00,0.2499,0.25,0.2479,0.2486,13101778.0,3257589.0524
2026-04-11 14:00:00,0.2486,0.2492,0.2466,0.2472,7748486.0,1917830.776
2026-04-11 15:00:00,0.2472,0.2483,0.2471,0.248,5357995.0,1328242.1513
2026-04-11 16:00:00,0.248,0.2504,0.2477,0.2502,7702328.0,1917502.2502
2026-04-11 17:00:00,0.2502,0.2503,0.2483,0.2491,9318445.0,2321733.4063
2026-04-11 18:00:00,0.2491,0.2534,0.248,0.2523,17737998.0,4447332.8407
2026-04-11 19:00:00,0.2523,0.2551,0.2521,0.2543,6307847.0,1599237.2416
2026-04-11 20:00:00,0.2543,0.2547,0.2509,0.2521,7554003.0,1905392.1979
2026-04-11 21:00:00,0.2521,0.253,0.2511,0.2519,6047882.0,1524732.769
2026-04-11 22:00:00,0.2519,0.2535,0.2503,0.2508,7511547.0,1891405.783
2026-04-11 23:00:00,0.2508,0.2508,0.2484,0.2494,5523548.0,1376578.0465
2026-04-12 00:00:00,0.2494,0.2499,0.2484,0.2498,2635794.0,656327.3494
2026-04-12 01:00:00,0.2498,0.2503,0.242,0.2438,14399942.0,3541951.7618
2026-04-12 02:00:00,0.2438,0.2448,0.2426,0.2442,9695717.0,2365119.965
2026-04-12 03:00:00,0.2442,0.2446,0.2433,0.2437,2624519.0,640495.8691
2026-04-12 04:00:00,0.2437,0.2437,0.2429,0.2432,2765613.0,672786.7329
2026-04-12 05:00:00,0.2432,0.2434,0.242,0.2429,7704984.0,1870424.2501
2026-04-12 06:00:00,0.2429,0.2433,0.2417,0.2419,4244604.0,1030548.9882
2026-04-12 07:00:00,0.2419,0.2423,0.2412,0.2413,5453000.0,1317568.1575
2026-04-12 08:00:00,0.2413,0.2414,0.2401,0.2407,12388935.0,2982084.8511
2026-04-12 09:00:00,0.2407,0.2407,0.2385,0.2397,6434190.0,1542391.0206
2026-04-12 10:00:00,0.2397,0.2404,0.2392,0.2396,6251046.0,1498743.7877
2026-04-12 11:00:00,0.2396,0.2407,0.239,0.2404,5358018.0,1286342.8097
2026-04-12 12:00:00,0.2404,0.2407,0.2391,0.2395,3522078.0,845320.0763
2026-04-12 13:00:00,0.2395,0.24,0.2371,0.2378,18822269.0,4483756.9941
2026-04-12 14:00:00,0.2378,0.2394,0.2377,0.2386,13957697.0,3331617.6201
2026-04-12 15:00:00,0.2386,0.2386,0.2375,0.2382,5746984.0,1368862.2495
2026-04-12 16:00:00,0.2382,0.2386,0.2375,0.2385,3204963.0,762726.9651
2026-04-12 17:00:00,0.2385,0.2398,0.2381,0.2393,3580466.0,854862.3824
2026-04-12 18:00:00,0.2393,0.2398,0.2381,0.2383,4489972.0,1073713.5035
2026-04-12 19:00:00,0.2383,0.239,0.2377,0.2379,3720720.0,886294.1801
2026-04-12 20:00:00,0.2379,0.2397,0.2375,0.239,4689283.0,1117852.0872
2026-04-12 21:00:00,0.239,0.2397,0.2386,0.2394,3949441.0,944578.1427
2026-04-12 22:00:00,0.2394,0.2394,0.2364,0.2375,30146998.0,7148510.5248
2026-04-12 23:00:00,0.2375,0.2375,0.2352,0.2359,28765678.0,6787523.3366
2026-04-13 00:00:00,0.2359,0.2384,0.2357,0.2381,5218940.0,1239771.772
2026-04-13 01:00:00,0.2381,0.2386,0.2376,0.2384,3321721.0,791199.8101
2026-04-13 02:00:00,0.2384,0.2385,0.2366,0.2366,6069492.0,1439837.595
2026-04-13 03:00:00,0.2366,0.2381,0.2364,0.238,5954291.0,1414996.2351
2026-04-13 04:00:00,0.238,0.2391,0.2369,0.2376,5380279.0,1280672.0538
2026-04-13 05:00:00,0.2376,0.2381,0.237,0.238,5506214.0,1308460.7072
2026-04-13 06:00:00,0.238,0.2396,0.2378,0.2389,4247940.0,1015244.6756
2026-04-13 07:00:00,0.2389,0.2392,0.2374,0.2379,2127406.0,506777.7617
2026-04-13 08:00:00,0.2379,0.2383,0.2372,0.238,2286308.0,543668.7888
2026-04-13 09:00:00,0.238,0.2394,0.2379,0.2384,2916751.0,696464.4323
2026-04-13 10:00:00,0.2384,0.2385,0.2374,0.2376,1748670.0,416043.8314
2026-04-13 11:00:00,0.2376,0.2386,0.2375,0.2381,3420158.0,814437.0637
2026-04-13 12:00:00,0.2381,0.2418,0.2377,0.2411,6626383.0,1589382.7944
2026-04-13 13:00:00,0.2411,0.2424,0.239,0.2424,9490548.0,2283535.7026
2026-04-13 14:00:00,0.2424,0.2431,0.2406,0.2428,9927931.0,2398959.5831
2026-04-13 15:00:00,0.2428,0.2429,0.2387,0.2392,9112496.0,2187835.117
2026-04-13 16:00:00,0.2392,0.2405,0.2378,0.2393,14180718.0,3389299.9749
2026-04-13 17:00:00,0.2393,0.2406,0.2381,0.2381,12394097.0,2963833.5249
2026-04-13 18:00:00,0.2381,0.239,0.2372,0.2389,7283856.0,1732906.6277
2026-04-13 19:00:00,0.2389,0.2413,0.2384,0.2413,6784272.0,1628558.4162
2026-04-13 20:00:00,0.2413,0.2413,0.2388,0.2393,9150227.0,2197740.9039
2026-04-13 21:00:00,0.2393,0.2405,0.2386,0.2401,2878721.0,689870.6091
2026-04-13 22:00:00,0.2401,0.2482,0.24,0.2472,17632416.0,4329391.505
2026-04-13 23:00:00,0.2472,0.2489,0.2461,0.2486,11330906.0,2807230.351
2026-04-14 00:00:00,0.2486,0.2489,0.2448,0.2449,9769527.0,2405275.1944
2026-04-14 01:00:00,0.2449,0.2459,0.2436,0.2451,4366795.0,1069458.5543
2026-04-14 02:00:00,0.2451,0.246,0.2442,0.2444,2887542.0,707756.6417
2026-04-14 03:00:00,0.2444,0.2455,0.244,0.2448,3628154.0,888395.3924
2026-04-14 04:00:00,0.2448,0.2455,0.2439,0.244,1659430.0,406181.0575
2026-04-14 05:00:00,0.244,0.2441,0.2411,0.2418,7651764.0,1857472.1467
2026-04-14 06:00:00,0.2418,0.2436,0.2413,0.2433,8813983.0,2139797.6766
2026-04-14 07:00:00,0.2433,0.2453,0.2428,0.2433,6137818.0,1498312.4333
2026-04-14 08:00:00,0.2433,0.245,0.2422,0.2444,6037774.0,1470175.6482
2026-04-14 09:00:00,0.2444,0.2449,0.2431,0.2445,5437789.0,1326508.6894
2026-04-14 10:00:00,0.2445,0.2448,0.2435,0.2436,3514524.0,857834.1374
2026-04-14 11:00:00,0.2436,0.2443,0.2427,0.2432,4558035.0,1109274.7442
2026-04-14 12:00:00,0.2432,0.2438,0.2427,0.2434,4466155.0,1086876.5945
2026-04-14 13:00:00,0.2434,0.2481,0.243,0.2479,6373600.0,1564608.1702
2026-04-14 14:00:00,0.2479,0.2493,0.2451,0.2453,14526545.0,3587769.5586
2026-04-14 15:00:00,0.2453,0.246,0.2431,0.2445,5564927.0,1360956.9979
2026-04-14 16:00:00,0.2445,0.246,0.2432,0.2437,5992070.0,1467354.4651
2026-04-14 17:00:00,0.2437,0.2453,0.2423,0.2438,7033137.0,1716233.9935
2026-04-14 18:00:00,0.2438,0.2446,0.2395,0.2405,11040083.0,2665129.2833
2026-04-14 19:00:00,0.2405,0.2412,0.2388,0.2403,6295643.0,1510864.5452
2026-04-14 20:00:00,0.2403,0.2407,0.2398,0.24,2939286.0,706158.4986
2026-04-14 21:00:00,0.24,0.2416,0.24,0.2407,1772344.0,426969.5547
2026-04-14 22:00:00,0.2407,0.2411,0.2391,0.2395,2426365.0,581638.7118
2026-04-14 23:00:00,0.2395,0.2399,0.2382,0.2393,3066001.0,732514.2212
2026-04-15 00:00:00,0.2393,0.2406,0.2392,0.2402,3699101.0,887684.1812
2026-04-15 01:00:00,0.2402,0.2408,0.2398,0.2405,992436.0,238499.3152
2026-04-15 02:00:00,0.2405,0.241,0.2388,0.2394,4157257.0,995461.4791
2026-04-15 03:00:00,0.2394,0.2398,0.2387,0.2395,4403154.0,1053361.4896
2026-04-15 04:00:00,0.2395,0.2406,0.2393,0.2405,1425049.0,341829.7374
2026-04-15 05:00:00,0.2405,0.2417,0.2391,0.2398,5313442.0,1277383.302
2026-04-15 06:00:00,0.2398,0.2398,0.2381,0.2386,4105224.0,980113.5844
2026-04-15 07:00:00,0.2386,0.2395,0.238,0.2381,6029612.0,1437997.6959
2026-04-15 08:00:00,0.2381,0.2406,0.2381,0.2398,2706455.0,648342.0001
2026-04-15 09:00:00,0.2398,0.2402,0.2394,0.2396,2096556.0,502493.3309
2026-04-15 10:00:00,0.2396,0.2407,0.2386,0.2396,5044107.0,1209522.4783
2026-04-15 11:00:00,0.2396,0.2425,0.2396,0.2415,3962013.0,956152.7241
2026-04-15 12:00:00,0.2415,0.2423,0.2409,0.2419,2726390.0,658949.5834
2026-04-15 13:00:00,0.2419,0.2422,0.2404,0.2409,6724646.0,1623401.8995
2026-04-15 14:00:00,0.2409,0.2436,0.2398,0.2434,12585143.0,3042891.2754
2026-04-15 15:00:00,0.2434,0.2438,0.2411,0.2425,10531941.0,2552264.6261
2026-04-15 16:00:00,0.2425,0.246,0.2422,0.2452,6847517.0,1675210.3725
2026-04-15 17:00:00,0.2452,0.2466,0.2444,0.2453,7225309.0,1774653.7922
2026-04-15 18:00:00,0.2453,0.2464,0.2449,0.2461,4195138.0,1030632.5305
2026-04-15 19:00:00,0.2461,0.2503,0.2458,0.2489,11267353.0,2798896.501
2026-04-15 20:00:00,0.2489,0.249,0.2466,0.2476,16133563.0,3993643.3282
2026-04-15 21:00:00,0.2476,0.2484,0.2464,0.2481,2891801.0,715710.8448
2026-04-15 22:00:00,0.2481,0.2498,0.2471,0.2471,6014444.0,1495551.2892
2026-04-15 23:00:00,0.2471,0.2471,0.245,0.2457,6745960.0,1658648.7716
2026-04-16 00:00:00,0.2457,0.2465,0.2446,0.2455,7397733.0,1815504.771
2026-04-16 01:00:00,0.2455,0.2459,0.2439,0.2453,6396994.0,1565367.6981
2026-04-16 02:00:00,0.2453,0.2491,0.2453,0.2484,7619585.0,1886821.9044
2026-04-16 03:00:00,0.2484,0.2499,0.2478,0.2492,5379183.0,1337312.5225
2026-04-16 04:00:00,0.2492,0.2511,0.2487,0.25,11063042.0,2766194.4628
2026-04-16 05:00:00,0.25,0.2503,0.249,0.2498,2681421.0,669704.9222
2026-04-16 06:00:00,0.2498,0.2506,0.2483,0.2502,2242555.0,559239.0058
2026-04-16 07:00:00,0.2502,0.2516,0.2493,0.2501,9393236.0,2352565.0189
2026-04-16 08:00:00,0.2501,0.2504,0.2482,0.2485,9627817.0,2402062.9738
2026-04-16 09:00:00,0.2485,0.2506,0.248,0.2488,7660445.0,1910266.7474
2026-04-16 10:00:00,0.2488,0.2489,0.247,0.2477,4945848.0,1225763.714
2026-04-16 11:00:00,0.2477,0.2489,0.2469,0.2483,2177059.0,539400.7909
2026-04-16 12:00:00,0.2483,0.2506,0.2481,0.2503,5455917.0,1361971.2334
2026-04-16 13:00:00,0.2503,0.2544,0.2471,0.2493,20792124.0,5223215.3487
2026-04-16 14:00:00,0.2493,0.2493,0.2452,0.2478,14538832.0,3592054.0531
2026-04-16 15:00:00,0.2478,0.2535,0.2475,0.2533,8168102.0,2046937.2669
2026-04-16 16:00:00,0.2533,0.2553,0.2506,0.2516,11633292.0,2948043.9472
2026-04-16 17:00:00,0.2516,0.2535,0.2507,0.2527,4583573.0,1155591.0879
2026-04-16 18:00:00,0.2527,0.26,0.2527,0.2589,11085697.0,2847929.4059
2026-04-16 19:00:00,0.2589,0.2607,0.2581,0.2603,8885537.0,2303163.0281
2026-04-16 20:00:00,0.2603,0.2617,0.2566,0.2579,13162186.0,3400414.7558
2026-04-16 21:00:00,0.2579,0.2594,0.257,0.2585,2493113.0,643959.0798
2026-04-16 22:00:00,0.2585,0.2598,0.2582,0.2586,1820067.0,471328.3928
2026-04-16 23:00:00,0.2586,0.2602,0.2581,0.2592,2578555.0,668883.6336
2026-04-17 00:00:00,0.2592,0.2597,0.2578,0.258,2149553.0,555869.0337
2026-04-17 01:00:00,0.258,0.2588,0.2552,0.2561,3777777.0,969100.2331
2026-04-17 02:00:00,0.2561,0.2565,0.2536,0.255,8938097.0,2276653.9712
2026-04-17 03:00:00,0.255,0.2559,0.2543,0.255,1771308.0,451566.2273
2026-04-17 04:00:00,0.255,0.2552,0.2538,0.2539,4000712.0,1018417.3036
2026-04-17 05:00:00,0.2539,0.2541,0.2519,0.2521,8040556.0,2035309.6507
2026-04-17 06:00:00,0.2521,0.255,0.2519,0.2547,7300016.0,1851283.406
2026-04-17 07:00:00,0.2547,0.2563,0.2547,0.2561,6530301.0,1669875.9154
2026-04-17 08:00:00,0.2561,0.2582,0.2559,0.2573,6767346.0,1737328.7174
2026-04-17 09:00:00,0.2573,0.2597,0.256,0.2583,6916479.0,1781860.0243
2026-04-17 10:00:00,0.2583,0.2583,0.2542,0.2549,4419363.0,1129026.8477
2026-04-17 11:00:00,0.2549,0.258,0.2549,0.2575,3402506.0,873798.2717
2026-04-17 12:00:00,0.2575,0.2608,0.2567,0.2605,10236461.0,2646170.1778
2026-04-17 13:00:00,0.2605,0.2657,0.2596,0.2652,17624591.0,4638853.2907
2026-04-17 14:00:00,0.2652,0.2677,0.2643,0.2662,10252389.0,2724439.3892
2026-04-17 15:00:00,0.2662,0.2662,0.2623,0.2636,8242294.0,2179891.7462
2026-04-17 16:00:00,0.2636,0.266,0.2634,0.2659,6622493.0,1753536.0866
2026-04-17 17:00:00,0.2659,0.2661,0.2617,0.2636,5063751.0,1335313.1391
2026-04-17 18:00:00,0.2636,0.264,0.2607,0.2611,7174196.0,1877005.6061
2026-04-17 19:00:00,0.2611,0.2626,0.2603,0.2611,5840373.0,1525688.2301
2026-04-17 20:00:00,0.2611,0.2615,0.259,0.2604,4678481.0,1218181.4772
2026-04-17 21:00:00,0.2604,0.2615,0.2592,0.2607,2909039.0,758110.8858
2026-04-17 22:00:00,0.2607,0.2619,0.2598,0.2607,4153740.0,1084502.434
2026-04-17 23:00:00,0.2607,0.2608,0.2573,0.2587,4491589.0,1162080.2922
2026-04-18 00:00:00,0.2587,0.2595,0.257,0.2581,1574458.0,406457.4562
2026-04-18 01:00:00,0.2581,0.2593,0.257,0.2574,2210063.0,570763.7357
2026-04-18 02:00:00,0.2574,0.2589,0.2564,0.2578,1560090.0,401990.2585
2026-04-18 03:00:00,0.2578,0.2581,0.2563,0.2569,1313972.0,337588.5748
2026-04-18 04:00:00,0.2569,0.2577,0.256,0.2571,2303201.0,591632.4848
2026-04-18 05:00:00,0.2571,0.2583,0.2567,0.2577,2748404.0,707869.3327
2026-04-18 06:00:00,0.2577,0.2583,0.2569,0.2573,3593633.0,926601.2771
2026-04-18 07:00:00,0.2573,0.2587,0.2572,0.2585,2723806.0,702663.1061
2026-04-18 08:00:00,0.2585,0.2585,0.2536,0.2555,7871186.0,2007310.039
2026-04-18 09:00:00,0.2555,0.2555,0.2534,0.2541,5691303.0,1448448.4695
2026-04-18 10:00:00,0.2541,0.2542,0.2517,0.2525,10697338.0,2701676.7304
2026-04-18 11:00:00,0.2525,0.2526,0.2494,0.251,11924960.0,2993064.4248
2026-04-18 12:00:00,0.251,0.2517,0.2502,0.2514,6419615.0,1611428.0848
2026-04-18 13:00:00,0.2514,0.2516,0.2495,0.251,5491728.0,1375311.8687
2026-04-18 14:00:00,0.251,0.2519,0.2503,0.2513,4089772.0,1027307.6079
2026-04-18 15:00:00,0.2513,0.252,0.2504,0.251,6021355.0,1512259.1347
2026-04-18 16:00:00,0.251,0.251,0.2487,0.2492,11201849.0,2796808.7251
2026-04-18 17:00:00,0.2492,0.2497,0.2474,0.2494,9334127.0,2317450.9262
2026-04-18 18:00:00,0.2494,0.2496,0.2473,0.2475,8972776.0,2224545.7553
2026-04-18 19:00:00,0.2475,0.2489,0.2475,0.2488,3012019.0,747607.1825
2026-04-18 20:00:00,0.2488,0.2493,0.2479,0.249,2934480.0,730113.6787
2026-04-18 21:00:00,0.249,0.2501,0.2489,0.25,2362510.0,589626.3793
2026-04-18 22:00:00,0.25,0.25,0.2486,0.2497,1952686.0,486412.4567
2026-04-18 23:00:00,0.2497,0.2503,0.2487,0.2488,603638.0,150858.5896
2026-04-19 00:00:00,0.2488,0.2494,0.2478,0.2486,1937133.0,480995.3532
2026-04-19 01:00:00,0.2486,0.2497,0.2478,0.2483,1137713.0,282579.1093
2026-04-19 02:00:00,0.2483,0.2488,0.2466,0.2478,5618077.0,1389470.313
2026-04-19 03:00:00,0.2478,0.2489,0.2468,0.2479,5779481.0,1434699.9071
2026-04-19 04:00:00,0.2479,0.2488,0.2457,0.2475,5166197.0,1276302.1814
2026-04-19 05:00:00,0.2475,0.2486,0.247,0.247,2278276.0,564642.9921
2026-04-19 06:00:00,0.247,0.2478,0.246,0.247,2863502.0,706940.2594
2026-04-19 07:00:00,0.247,0.2471,0.2442,0.2458,22871491.0,5605622.3236
2026-04-19 08:00:00,0.2458,0.2459,0.2448,0.2452,5815477.0,1426527.5402
2026-04-19 09:00:00,0.2452,0.2456,0.2444,0.2449,3383451.0,829099.4554
2026-04-19 10:00:00,0.2449,0.2461,0.2445,0.2455,5952133.0,1459243.8544
2026-04-19 11:00:00,0.2455,0.2481,0.2455,0.2471,7511941.0,1857361.2722
2026-04-19 12:00:00,0.2471,0.2488,0.247,0.2478,9238674.0,2292131.1724
2026-04-19 13:00:00,0.2478,0.2509,0.2478,0.2488,6362570.0,1586973.5594
2026-04-19 14:00:00,0.2488,0.2508,0.2479,0.2492,8392102.0,2088970.785
2026-04-19 15:00:00,0.2492,0.2492,0.2461,0.2484,7651034.0,1897608.9498
2026-04-19 16:00:00,0.2484,0.249,0.2462,0.2468,5835963.0,1443600.2624
2026-04-19 17:00:00,0.2468,0.2469,0.2446,0.2449,7838517.0,1925312.2224
2026-04-19 18:00:00,0.2449,0.2458,0.2441,0.2455,3384596.0,829451.5878
2026-04-19 19:00:00,0.2455,0.2473,0.2454,0.2466,12490662.0,3078655.6873
2026-04-19 20:00:00,0.2466,0.2466,0.2443,0.2446,4130379.0,1013335.4244
2026-04-19 21:00:00,0.2446,0.2458,0.2434,0.2439,10591706.0,2587672.0114
2026-04-19 22:00:00,0.2439,0.2439,0.2403,0.2424,20914160.0,5060599.0059
2026-04-19 23:00:00,0.2424,0.2425,0.241,0.2422,3136737.0,757563.4245
2026-04-20 00:00:00,0.2422,0.2445,0.2422,0.2442,3779439.0,919227.3267
2026-04-20 01:00:00,0.2442,0.2451,0.2434,0.2446,1855655.0,453768.5651
2026-04-20 02:00:00,0.2446,0.2456,0.2439,0.2453,1458166.0,356864.6587
2026-04-20 03:00:00,0.2453,0.2462,0.2445,0.2457,993274.0,243676.2326
2026-04-20 04:00:00,0.2457,0.246,0.2445,0.2457,1651377.0,405023.8998
2026-04-20 05:00:00,0.2457,0.2457,0.2434,0.2437,3045152.0,743373.4453
2026-04-20 06:00:00,0.2437,0.2467,0.2436,0.2454,5863835.0,1441484.4746
2026-04-20 07:00:00,0.2454,0.2491,0.2451,0.2465,5124912.0,1264308.5888
2026-04-20 08:00:00,0.2465,0.2466,0.2452,0.2454,4369364.0,1074611.9176
2026-04-20 09:00:00,0.2454,0.2475,0.2444,0.2466,6442730.0,1587993.2743
2026-04-20 10:00:00,0.2466,0.2482,0.2463,0.2464,4928946.0,1219490.9924
2026-04-20 11:00:00,0.2464,0.247,0.2459,0.2463,9077845.0,2236146.4917
2026-04-20 12:00:00,0.2463,0.2475,0.2455,0.2471,5486523.0,1353080.3073
2026-04-20 13:00:00,0.2471,0.2479,0.2463,0.2476,5635995.0,1392005.8485
2026-04-20 14:00:00,0.2476,0.2491,0.2452,0.2458,5007841.0,1240463.9748
2026-04-20 15:00:00,0.2458,0.2485,0.2444,0.2474,9356631.0,2303195.7124
2026-04-20 16:00:00,0.2474,0.2476,0.2455,0.2457,1725565.0,424904.6149
2026-04-20 17:00:00,0.2457,0.2481,0.2454,0.2479,3617064.0,893681.0921
2026-04-20 18:00:00,0.2479,0.2501,0.2479,0.2496,11116908.0,2767855.4457
2026-04-20 19:00:00,0.2496,0.2497,0.2483,0.2488,1294463.0,322043.6007
2026-04-20 20:00:00,0.2488,0.2501,0.2477,0.2499,2725151.0,679396.261
2026-04-20 21:00:00,0.2499,0.2514,0.249,0.2494,7750160.0,1937701.2067
2026-04-20 22:00:00,0.2494,0.2501,0.2485,0.2487,2508090.0,625286.0254
2026-04-20 23:00:00,0.2487,0.2487,0.2474,0.2478,2381481.0,590329.8325
2026-04-21 00:00:00,0.2478,0.2487,0.2477,0.2486,3151925.0,782434.2036
2026-04-21 01:00:00,0.2486,0.2495,0.248,0.2481,2778373.0,691593.1805
2026-04-21 02:00:00,0.2481,0.2482,0.2466,0.2472,7238693.0,1789713.9769
2026-04-21 03:00:00,0.2472,0.2476,0.2464,0.2469,859435.0,212233.2898
2026-04-21 04:00:00,0.2469,0.2483,0.2467,0.2482,1693827.0,418995.8491
2026-04-21 05:00:00,0.2482,0.2499,0.2481,0.249,2411427.0,600591.0675
2026-04-21 06:00:00,0.249,0.2502,0.2481,0.2487,6629710.0,1652343.7754
2026-04-21 07:00:00,0.2487,0.2496,0.2481,0.2493,2877686.0,715876.8968
2026-04-21 08:00:00,0.2493,0.2524,0.2493,0.2499,6446587.0,1615883.5423
2026-04-21 09:00:00,0.2499,0.2509,0.2493,0.2505,3909962.0,977744.6389
2026-04-21 10:00:00,0.2505,0.2515,0.25,0.251,5232541.0,1312891.7547
2026-04-21 11:00:00,0.251,0.2513,0.2496,0.25,3249569.0,813618.5309
2026-04-21 12:00:00,0.25,0.2506,0.2478,0.2486,6765969.0,1682703.3681
2026-04-21 13:00:00,0.2486,0.249,0.2476,0.2485,5652599.0,1403528.4966
2026-04-21 14:00:00,0.2485,0.2504,0.248,0.2482,6140637.0,1529485.346
2026-04-21 15:00:00,0.2482,0.2493,0.2473,0.2487,10748510.0,2667472.556
2026-04-21 16:00:00,0.2487,0.2491,0.2465,0.2468,8956113.0,2221856.1664
2026-04-21 17:00:00,0.2468,0.2474,0.2442,0.2463,11717242.0,2880003.5362
2026-04-21 18:00:00,0.2463,0.2467,0.2453,0.2466,3112235.0,765663.6818
2026-04-21 19:00:00,0.2466,0.2478,0.2439,0.2447,6742734.0,1656419.2494
2026-04-21 20:00:00,0.2447,0.2481,0.2445,0.2477,6303219.0,1556800.0049
2026-04-21 21:00:00,0.2477,0.2479,0.2467,0.2475,3385668.0,837569.5031
2026-04-21 22:00:00,0.2475,0.2489,0.2469,0.2488,2557805.0,634204.4052
2026-04-21 23:00:00,0.2488,0.2501,0.2478,0.2498,4529424.0,1129715.689
2026-04-22 00:00:00,0.2498,0.2507,0.2495,0.2495,4439766.0,1110131.9821
2026-04-22 01:00:00,0.2495,0.2499,0.2487,0.2493,2285038.0,569364.795
2026-04-22 02:00:00,0.2493,0.2545,0.2492,0.2542,6833134.0,1726120.9439
2026-04-22 03:00:00,0.2542,0.2552,0.2534,0.2541,11419039.0,2902151.9779
2026-04-22 04:00:00,0.2541,0.2551,0.2532,0.2539,2221465.0,564735.1441
2026-04-22 05:00:00,0.2539,0.2574,0.2538,0.2556,9823406.0,2515521.2959
2026-04-22 06:00:00,0.2556,0.2558,0.2549,0.2555,3705133.0,946323.0554
2026-04-22 07:00:00,0.2555,0.2557,0.2541,0.2547,4948667.0,1260959.2341
2026-04-22 08:00:00,0.2547,0.2554,0.2542,0.2546,1693369.0,431328.0047
2026-04-22 09:00:00,0.2546,0.2556,0.2545,0.2548,2522236.0,643594.0339
2026-04-22 10:00:00,0.2548,0.256,0.2546,0.2555,2819191.0,720444.0494
2026-04-22 11:00:00,0.2555,0.256,0.2551,0.2554,3532952.0,902803.7507
2026-04-22 12:00:00,0.2554,0.256,0.2542,0.2547,5479912.0,1397633.747
2026-04-22 13:00:00,0.2547,0.256,0.2538,0.255,6518509.0,1662302.0851
2026-04-22 14:00:00,0.255,0.256,0.2542,0.2554,5045142.0,1286762.427
2026-04-22 15:00:00,0.2554,0.2558,0.2543,0.2549,3524989.0,899703.7424
2026-04-22 16:00:00,0.2549,0.2555,0.2525,0.2526,9499104.0,2410256.1201
2026-04-22 17:00:00,0.2526,0.2537,0.2523,0.2532,6608682.0,1671263.0811
2026-04-22 18:00:00,0.2532,0.2541,0.2532,0.2533,3901852.0,989664.3172
2026-04-22 19:00:00,0.2533,0.2533,0.2512,0.2523,7622361.0,1924360.9572
2026-04-22 20:00:00,0.2523,0.2525,0.2508,0.251,3643312.0,917334.6597
2026-04-22 21:00:00,0.251,0.2522,0.2509,0.2518,2277212.0,572617.061
2026-04-22 22:00:00,0.2518,0.2521,0.2499,0.2502,3392754.0,850968.0767
2026-04-22 23:00:00,0.2502,0.2505,0.2481,0.2482,6545353.0,1632398.6577
2026-04-23 00:00:00,0.2482,0.2493,0.246,0.2485,11207711.0,2780303.8933
2026-04-23 01:00:00,0.2485,0.2486,0.2468,0.248,10563642.0,2616097.4854
2026-04-23 02:00:00,0.248,0.248,0.2456,0.2465,5960026.0,1468987.485
2026-04-23 03:00:00,0.2465,0.2468,0.2451,0.2462,3951144.0,971179.7661
2026-04-23 04:00:00,0.2462,0.2472,0.2459,0.2467,5864531.0,1445689.3462
2026-04-23 05:00:00,0.2467,0.2475,0.2463,0.2471,7603851.0,1878183.9349
2026-04-23 06:00:00,0.2471,0.2485,0.2471,0.2476,12133779.0,3009600.6343
2026-04-23 07:00:00,0.2476,0.2477,0.2465,0.2467,2970262.0,734000.4886
2026-04-23 08:00:00,0.2467,0.2472,0.2459,0.2468,14412858.0,3552741.7536
2026-04-23 09:00:00,0.2468,0.2468,0.2453,0.2458,18052843.0,4441428.6706
2026-04-23 10:00:00,0.2458,0.2461,0.2447,0.2455,8222169.0,2015195.3137
2026-04-23 11:00:00,0.2455,0.2478,0.2455,0.2473,8462383.0,2091737.6031
2026-04-23 12:00:00,0.2473,0.248,0.247,0.2475,5037793.0,1246946.4875
2026-04-23 13:00:00,0.2475,0.2479,0.2468,0.247,5085169.0,1257827.7956
2026-04-23 14:00:00,0.247,0.2493,0.2468,0.249,7974838.0,1979441.1988
2026-04-23 15:00:00,0.249,0.2508,0.2483,0.2502,8818428.0,2203387.0014
2026-04-23 16:00:00,0.2502,0.2508,0.2488,0.2489,5749843.0,1436139.2734
2026-04-23 17:00:00,0.2489,0.2492,0.2445,0.2465,14883637.0,3664166.5892
2026-04-23 18:00:00,0.2465,0.2474,0.2458,0.2459,6099188.0,1504047.377
2026-04-23 19:00:00,0.2459,0.2469,0.2453,0.2465,3797022.0,934222.1289
2026-04-23 20:00:00,0.2465,0.249,0.2464,0.2483,3517885.0,872971.6187
2026-04-23 21:00:00,0.2483,0.2494,0.2479,0.2487,3517106.0,875140.4883
2026-04-23 22:00:00,0.2487,0.25,0.2486,0.2491,2716715.0,677696.9493
2026-04-23 23:00:00,0.2491,0.2502,0.2485,0.2496,2196041.0,547125.6378
2026-04-24 00:00:00,0.2496,0.2517,0.2496,0.2514,3581967.0,898687.8062
2026-04-24 01:00:00,0.2514,0.2517,0.2499,0.2514,5042536.0,1263664.0306
2026-04-24 02:00:00,0.2514,0.2516,0.2499,0.25,1875197.0,469993.9601
2026-04-24 03:00:00,0.25,0.2501,0.248,0.2483,5071416.0,1261950.3062
2026-04-24 04:00:00,0.2483,0.2486,0.2475,0.2483,1984615.0,492473.9053
2026-04-24 05:00:00,0.2483,0.2489,0.247,0.2483,5876300.0,1456022.4836
2026-04-24 06:00:00,0.2483,0.2494,0.2483,0.2488,3045126.0,757771.1628
2026-04-24 07:00:00,0.2488,0.2493,0.2483,0.2488,1656684.0,412089.5886
2026-04-24 08:00:00,0.2488,0.2499,0.2484,0.2493,2429052.0,605432.3238
2026-04-24 09:00:00,0.2493,0.2496,0.248,0.2487,10974023.0,2726687.8252
2026-04-24 10:00:00,0.2487,0.2504,0.2481,0.2502,3479194.0,866986.6168
2026-04-24 11:00:00,0.2502,0.2517,0.2502,0.2509,5581700.0,1401198.1933
2026-04-24 12:00:00,0.2509,0.2515,0.25,0.2505,3892424.0,976141.867
2026-04-24 13:00:00,0.2505,0.2517,0.2499,0.2503,4268922.0,1071603.4956
2026-04-24 14:00:00,0.2503,0.2511,0.2494,0.2503,6066881.0,1517206.3317
2026-04-24 15:00:00,0.2503,0.2521,0.2488,0.252,7577143.0,1894350.2754
2026-04-24 16:00:00,0.252,0.2523,0.2511,0.2516,6243001.0,1571687.4098
2026-04-24 17:00:00,0.2516,0.2521,0.2509,0.2517,4490959.0,1129751.0481
2026-04-24 18:00:00,0.2517,0.2519,0.2505,0.2516,2981951.0,749609.1056
2026-04-24 19:00:00,0.2516,0.2522,0.2509,0.2516,1155108.0,290564.4512
2026-04-24 20:00:00,0.2516,0.2523,0.2505,0.2522,4193219.0,1054812.5373
2026-04-24 21:00:00,0.2522,0.2529,0.2512,0.2516,4076591.0,1027067.0156
2026-04-24 22:00:00,0.2516,0.2516,0.2499,0.2503,2802907.0,702233.4319
2026-04-24 23:00:00,0.2503,0.2505,0.2501,0.2502,2412597.0,604008.5971
2026-04-25 00:00:00,0.2502,0.2503,0.2495,0.25,2580971.0,644975.1727
2026-04-25 01:00:00,0.25,0.2517,0.2498,0.2515,2666915.0,668697.6294
2026-04-25 02:00:00,0.2515,0.2516,0.2505,0.2511,912203.0,229020.5492
2026-04-25 03:00:00,0.2511,0.2517,0.2507,0.2514,3507690.0,881076.1555
2026-04-25 04:00:00,0.2514,0.2521,0.251,0.2511,763137.0,192016.7512
2026-04-25 05:00:00,0.2511,0.2519,0.2502,0.2516,7721374.0,1940411.6521
2026-04-25 06:00:00,0.2516,0.2527,0.2515,0.2517,12563935.0,3168055.7407
2026-04-25 07:00:00,0.2517,0.2518,0.2507,0.2513,2549419.0,640310.6804
2026-04-25 08:00:00,0.2513,0.2523,0.2512,0.252,1670465.0,420829.1086
2026-04-25 09:00:00,0.252,0.2538,0.2519,0.2533,7822415.0,1979926.6855
2026-04-25 10:00:00,0.2533,0.2538,0.2528,0.2533,7286783.0,1846283.0619
2026-04-25 11:00:00,0.2533,0.2534,0.2511,0.2515,11199521.0,2823396.5458
2026-04-25 12:00:00,0.2515,0.2521,0.2509,0.2515,8665243.0,2177969.7759
2026-04-25 13:00:00,0.2515,0.2536,0.2514,0.2519,10665024.0,2692336.2966
2026-04-25 14:00:00,0.2519,0.2521,0.2507,0.2507,7970706.0,2003208.9383
2026-04-25 15:00:00,0.2507,0.2509,0.2497,0.25,8785466.0,2200563.1089
2026-04-25 16:00:00,0.25,0.2505,0.2486,0.2492,7646493.0,1908393.6106
2026-04-25 17:00:00,0.2492,0.2495,0.2481,0.2484,3281694.0,816015.6625
2026-04-25 18:00:00,0.2484,0.2492,0.2481,0.2486,3833194.0,953887.3957
2026-04-25 19:00:00,0.2486,0.2491,0.2483,0.2488,1841269.0,458202.3435
2026-04-25 20:00:00,0.2488,0.2497,0.2487,0.2497,4226552.0,1054437.895
2026-04-25 21:00:00,0.2497,0.25,0.2489,0.2491,2121679.0,528986.5674
2026-04-25 22:00:00,0.2491,0.2504,0.2491,0.2496,1559625.0,389867.7212
2026-04-25 23:00:00,0.2496,0.2502,0.2495,0.25,1529230.0,382057.9853
2026-04-26 00:00:00,0.25,0.2501,0.249,0.249,284715.0,71061.7256
2026-04-26 01:00:00,0.249,0.2491,0.2484,0.2486,1134363.0,282120.3636
2026-04-26 02:00:00,0.2486,0.2498,0.2485,0.2493,926468.0,230988.4884
2026-04-26 03:00:00,0.2493,0.2499,0.2488,0.2493,874724.0,218064.923
2026-04-26 04:00:00,0.2493,0.2505,0.2488,0.25,1508775.0,377296.1432
2026-04-26 05:00:00,0.25,0.2513,0.2496,0.2504,4551772.0,1141480.6585
2026-04-26 06:00:00,0.2504,0.2519,0.2504,0.2513,4085055.0,1026318.1385
2026-04-26 07:00:00,0.2513,0.2519,0.251,0.2514,1168502.0,293706.0512
2026-04-26 08:00:00,0.2514,0.2516,0.2499,0.2513,2958149.0,742205.9469
2026-04-26 09:00:00,0.2513,0.2529,0.2511,0.2521,3893477.0,981586.7119
2026-04-26 10:00:00,0.2521,0.2526,0.2519,0.2524,2549061.0,643049.3305
2026-04-26 11:00:00,0.2524,0.2543,0.2523,0.2535,7160721.0,1815040.8416
2026-04-26 12:00:00,0.2535,0.2537,0.2518,0.2525,8813207.0,2228635.4636
2026-04-26 13:00:00,0.2525,0.2529,0.2516,0.2519,6103382.0,1540032.6894
2026-04-26 14:00:00,0.2519,0.253,0.2517,0.2524,3170414.0,800773.0188
2026-04-26 15:00:00,0.2524,0.2527,0.2521,0.2525,1976534.0,498796.792
2026-04-26 16:00:00,0.2525,0.2528,0.2512,0.2514,3281189.0,827100.4433
2026-04-26 17:00:00,0.2514,0.2521,0.2507,0.2518,2909218.0,731312.2568
2026-04-26 18:00:00,0.2518,0.2529,0.2512,0.2525,2991085.0,754860.5867
2026-04-26 19:00:00,0.2525,0.2535,0.2521,0.2523,4727011.0,1194857.0733
2026-04-26 20:00:00,0.2523,0.253,0.252,0.2521,1427342.0,360425.8457
2026-04-26 21:00:00,0.2521,0.2527,0.2506,0.2525,5841232.0,1470089.6528
2026-04-26 22:00:00,0.2525,0.2532,0.251,0.2516,4216428.0,1062721.9302
2026-04-26 23:00:00,0.2516,0.2526,0.2511,0.252,2127747.0,535389.7823
2026-04-27 00:00:00,0.252,0.2546,0.2515,0.2545,3349355.0,847450.0242
2026-04-27 01:00:00,0.2545,0.2558,0.2535,0.2555,5716122.0,1456958.8758
2026-04-27 02:00:00,0.2555,0.2558,0.2543,0.2552,4718523.0,1203618.2377
2026-04-27 03:00:00,0.2552,0.2557,0.2539,0.254,1526520.0,389085.9851
2026-04-27 04:00:00,0.254,0.2543,0.2527,0.2531,2853026.0,723069.6382
2026-04-27 05:00:00,0.2531,0.2531,0.2475,0.2483,13145206.0,3277190.8747
2026-04-27 06:00:00,0.2483,0.2489,0.2461,0.2477,9930390.0,2457441.8972
2026-04-27 07:00:00,0.2477,0.2477,0.2468,0.2471,2764609.0,683803.4996
2026-04-27 08:00:00,0.2471,0.2475,0.2465,0.2475,6912994.0,1707112.2413
2026-04-27 09:00:00,0.2475,0.248,0.2472,0.2472,3506068.0,868085.9808
2026-04-27 10:00:00,0.2472,0.2479,0.2471,0.2475,908431.0,224827.0739
2026-04-27 11:00:00,0.2475,0.2476,0.2468,0.2476,1597549.0,395010.3248
2026-04-27 12:00:00,0.2476,0.2478,0.2468,0.2475,2876934.0,711150.6219
2026-04-27 13:00:00,0.2475,0.2478,0.2454,0.2465,12891605.0,3176577.7352
2026-04-27 14:00:00,0.2465,0.2484,0.2463,0.2475,6505697.0,1609295.7284
2026-04-27 15:00:00,0.2475,0.2476,0.2429,0.2442,19519544.0,4776339.2104
2026-04-27 16:00:00,0.2442,0.2452,0.2439,0.2447,5671880.0,1387196.1393
2026-04-27 17:00:00,0.2447,0.2459,0.2447,0.245,4305042.0,1056165.8661
2026-04-27 18:00:00,0.245,0.2459,0.2446,0.2455,3709240.0,910314.811
2026-04-27 19:00:00,0.2455,0.2458,0.2444,0.2452,4013036.0,983228.6082
2026-04-27 20:00:00,0.2452,0.246,0.2452,0.2457,1230167.0,302271.817
2026-04-27 21:00:00,0.2457,0.2461,0.2449,0.2449,6331604.0,1552790.9019
2026-04-27 22:00:00,0.2449,0.2468,0.2448,0.2468,2428741.0,597708.3575
2026-04-27 23:00:00,0.2468,0.2483,0.2467,0.248,1938219.0,479696.5342
2026-04-28 00:00:00,0.248,0.2482,0.2472,0.2476,1037882.0,257180.5995
2026-04-28 01:00:00,0.2476,0.2481,0.2474,0.2476,1201333.0,297587.4555
2026-04-28 02:00:00,0.2476,0.2484,0.2464,0.2474,1604272.0,397082.4254
2026-04-28 03:00:00,0.2474,0.2475,0.2467,0.2473,1033019.0,255186.6839
2026-04-28 04:00:00,0.2473,0.2482,0.2468,0.2473,1519002.0,375429.1566
2026-04-28 05:00:00,0.2473,0.2486,0.2473,0.2476,2321248.0,575211.311
2026-04-28 06:00:00,0.2476,0.2482,0.2456,0.2462,1993687.0,492062.431
2026-04-28 07:00:00,0.2462,0.2474,0.2449,0.2468,2841550.0,699588.7598
2026-04-28 08:00:00,0.2468,0.247,0.2457,0.2466,2906433.0,716327.3013
2026-04-28 09:00:00,0.2466,0.2468,0.2454,0.2459,4979393.0,1225490.5156
2026-04-28 10:00:00,0.2459,0.2465,0.2458,0.2463,3481536.0,857208.7203
2026-04-28 11:00:00,0.2463,0.2466,0.245,0.2455,4305018.0,1057197.2925
2026-04-28 12:00:00,0.2455,0.2464,0.2447,0.2462,5704801.0,1400687.7195
2026-04-28 13:00:00,0.2462,0.2472,0.2448,0.2461,7291389.0,1794938.2602
2026-04-28 14:00:00,0.2461,0.2461,0.2442,0.246,7335610.0,1796863.4874
2026-04-28 15:00:00,0.246,0.2465,0.2451,0.2463,3427706.0,842917.9363
2026-04-28 16:00:00,0.2463,0.2468,0.2455,0.246,3468010.0,853307.9734
2026-04-28 17:00:00,0.246,0.2464,0.245,0.246,3535757.0,868661.166
2026-04-28 18:00:00,0.246,0.247,0.2457,0.247,1480648.0,364642.7887
2026-04-28 19:00:00,0.247,0.2475,0.2463,0.247,2596356.0,640971.1826
2026-04-28 20:00:00,0.247,0.2477,0.247,0.2474,1859659.0,459635.8191
2026-04-28 21:00:00,0.2474,0.2479,0.2472,0.2474,2485059.0,615260.5823
2026-04-28 22:00:00,0.2474,0.2477,0.2465,0.2466,1285668.0,317640.2507
2026-04-28 23:00:00,0.2466,0.2469,0.2461,0.2466,4482228.0,1104329.6151
2026-04-29 00:00:00,0.2466,0.2472,0.2463,0.2471,2344472.0,578884.4099
2026-04-29 01:00:00,0.2471,0.2475,0.246,0.2471,1952547.0,482001.5164
2026-04-29 02:00:00,0.2471,0.2477,0.2466,0.247,2181368.0,539025.2324
2026-04-29 03:00:00,0.247,0.2493,0.247,0.249,5062539.0,1257287.767
2026-04-29 04:00:00,0.249,0.2505,0.2485,0.2493,5311703.0,1324918.5132
2026-04-29 05:00:00,0.2493,0.2497,0.2487,0.2493,2072465.0,516425.0242
2026-04-29 06:00:00,0.2493,0.2499,0.2482,0.2484,3741966.0,931608.4248
2026-04-29 07:00:00,0.2484,0.2503,0.2484,0.2494,6201193.0,1547214.2415
2026-04-29 08:00:00,0.2494,0.2499,0.2491,0.2493,2311746.0,576787.3516
2026-04-29 09:00:00,0.2493,0.2533,0.249,0.2527,11586038.0,2908402.1729
2026-04-29 10:00:00,0.2527,0.2539,0.2516,0.2524,12294613.0,3109865.2562
2026-04-29 11:00:00,0.2524,0.2526,0.2511,0.2511,4073802.0,1026135.2005
2026-04-29 12:00:00,0.2511,0.2512,0.2481,0.2489,9134382.0,2277707.1149
2026-04-29 13:00:00,0.2489,0.2492,0.2462,0.2474,9086643.0,2248702.1674
2026-04-29 14:00:00,0.2474,0.2475,0.2458,0.2461,9131592.0,2253118.1494
2026-04-29 15:00:00,0.2461,0.2463,0.2432,0.2438,9458505.0,2313928.8638
2026-04-29 16:00:00,0.2438,0.2447,0.2423,0.2432,17402735.0,4234528.864
2026-04-29 17:00:00,0.2432,0.245,0.2432,0.2449,2774121.0,676874.3334
2026-04-29 18:00:00,0.2449,0.2451,0.2381,0.2413,17094945.0,4110902.336
2026-04-29 19:00:00,0.2413,0.2419,0.2407,0.2415,5479083.0,1322199.3413
2026-04-29 20:00:00,0.2415,0.2435,0.2413,0.243,4524712.0,1097085.2194
2026-04-29 21:00:00,0.243,0.2451,0.2426,0.2442,3848144.0,939320.781
2026-04-29 22:00:00,0.2442,0.2446,0.2437,0.2442,3537336.0,864025.3825
2026-04-29 23:00:00,0.2442,0.2447,0.2434,0.2445,2166564.0,528934.7943
2026-04-30 00:00:00,0.2445,0.2468,0.2444,0.2465,5284410.0,1297600.5039
2026-04-30 01:00:00,0.2465,0.2472,0.2457,0.2469,3399731.0,838241.4775
2026-04-30 02:00:00,0.2469,0.2472,0.2446,0.2466,4088383.0,1005270.1054
2026-04-30 03:00:00,0.2466,0.2471,0.2459,0.2465,2215794.0,546202.0957
2026-04-30 04:00:00,0.2465,0.2467,0.2445,0.2447,5089824.0,1250320.3476
2026-04-30 05:00:00,0.2447,0.246,0.2444,0.2451,4586441.0,1125698.2741
2026-04-30 06:00:00,0.2451,0.2461,0.2448,0.2456,3014808.0,739805.7092
2026-04-30 07:00:00,0.2456,0.2468,0.2454,0.2465,3030786.0,746244.2887
2026-04-30 08:00:00,0.2465,0.2469,0.2459,0.2466,2441891.0,601900.6896
2026-04-30 09:00:00,0.2466,0.2482,0.2465,0.2471,4037322.0,999032.107
2026-04-30 10:00:00,0.2471,0.2473,0.2455,0.2457,2740526.0,674887.406
2026-04-30 11:00:00,0.2457,0.2468,0.2453,0.246,3037147.0,747574.5638
2026-04-30 12:00:00,0.246,0.2469,0.2455,0.2455,3653757.0,899524.2624
2026-04-30 13:00:00,0.2455,0.2464,0.2447,0.2457,4200494.0,1031232.1632
2026-04-30 14:00:00,0.2457,0.2465,0.2447,0.246,4424979.0,1087208.9267
2026-04-30 15:00:00,0.246,0.2481,0.2454,0.2473,5079828.0,1254004.9734
2026-04-30 16:00:00,0.2473,0.2475,0.246,0.2461,1676090.0,413611.1661
2026-04-30 17:00:00,0.2461,0.2464,0.2452,0.2461,1588790.0,390472.7368
2026-04-30 18:00:00,0.2461,0.2466,0.2455,0.2459,1081009.0,266093.0955
2026-04-30 19:00:00,0.2459,0.2465,0.2456,0.2461,736402.0,181243.964
2026-04-30 20:00:00,0.2461,0.2469,0.2458,0.2464,1902385.0,469095.272
2026-04-30 21:00:00,0.2464,0.2472,0.2462,0.2462,1385176.0,341535.5583
2026-04-30 22:00:00,0.2462,0.2469,0.2455,0.2457,1585299.0,390042.1016
2026-04-30 23:00:00,0.2457,0.2461,0.2452,0.2461,1946159.0,478421.4567
2026-05-01 00:00:00,0.2461,0.2471,0.2457,0.2462,3866613.0,952112.4534
2026-05-01 01:00:00,0.2462,0.2475,0.2462,0.2473,2244522.0,554077.6104
2026-05-01 02:00:00,0.2473,0.2475,0.2465,0.2472,547242.0,135185.8735
2026-05-01 03:00:00,0.2472,0.2502,0.2467,0.2486,6175882.0,1537803.0731
2026-05-01 04:00:00,0.2486,0.2496,0.2483,0.2487,2195125.0,546710.1739
2026-05-01 05:00:00,0.2487,0.2497,0.2484,0.2488,3430221.0,854612.7862
2026-05-01 06:00:00,0.2488,0.2492,0.2478,0.2483,1091116.0,271161.3988
2026-05-01 07:00:00,0.2483,0.2489,0.2479,0.2485,1113026.0,276587.8608
2026-05-01 08:00:00,0.2485,0.2496,0.2483,0.2491,2728133.0,679328.1218
2026-05-01 09:00:00,0.2491,0.2492,0.2473,0.2479,2263676.0,561724.2724
2026-05-01 10:00:00,0.2479,0.2481,0.2471,0.248,2467732.0,610601.8272
2026-05-01 11:00:00,0.248,0.2485,0.2473,0.2478,1972769.0,488799.585
2026-05-01 12:00:00,0.2478,0.2493,0.2477,0.2487,2932243.0,729462.5866
2026-05-01 13:00:00,0.2487,0.2509,0.2487,0.2503,8628941.0,2153729.2018
2026-05-01 14:00:00,0.2503,0.2506,0.249,0.25,6628749.0,1657177.8721
2026-05-01 15:00:00,0.25,0.2508,0.2489,0.2501,2866779.0,716445.9445
2026-05-01 16:00:00,0.2501,0.2508,0.2489,0.2493,3639201.0,909392.7582
2026-05-01 17:00:00,0.2493,0.2501,0.2488,0.25,2541688.0,633833.4056
2026-05-01 18:00:00,0.25,0.2503,0.2494,0.2497,2776327.0,693787.1816
2026-05-01 19:00:00,0.2497,0.2503,0.2495,0.2497,1606319.0,401265.306
2026-05-01 20:00:00,0.2497,0.25,0.248,0.2483,3624138.0,902280.4301
2026-05-01 21:00:00,0.2483,0.249,0.2481,0.2487,2182002.0,542314.5652
2026-05-01 22:00:00,0.2487,0.2489,0.2477,0.248,1289016.0,319998.5948
2026-05-01 23:00:00,0.248,0.2482,0.2473,0.2481,1640138.0,406259.4505
2026-05-02 00:00:00,0.2481,0.2484,0.2474,0.2482,1996335.0,494998.1432
2026-05-02 01:00:00,0.2482,0.2485,0.2479,0.248,1001769.0,248610.7273
2026-05-02 02:00:00,0.248,0.2484,0.2477,0.248,613014.0,152059.7019
2026-05-02 03:00:00,0.248,0.2483,0.2476,0.248,1177068.0,291823.3012
2026-05-02 04:00:00,0.248,0.2481,0.2475,0.2477,3499629.0,867084.03
2026-05-02 05:00:00,0.2477,0.248,0.2471,0.2471,1677982.0,415022.7504
2026-05-02 06:00:00,0.2471,0.2478,0.2471,0.2477,614215.0,151917.3473
2026-05-02 07:00:00,0.2477,0.2479,0.2474,0.2475,804956.0,199300.3374
2026-05-02 08:00:00,0.2475,0.248,0.2472,0.2478,4093083.0,1014080.0726
2026-05-02 09:00:00,0.2478,0.2488,0.2478,0.2486,2443391.0,606780.0957
2026-05-02 10:00:00,0.2486,0.2489,0.2485,0.2487,1523718.0,378944.082
2026-05-02 11:00:00,0.2487,0.2487,0.2481,0.2482,2197752.0,545490.1029
2026-05-02 12:00:00,0.2482,0.2485,0.2476,0.2476,4393397.0,1090174.378
2026-05-02 13:00:00,0.2476,0.2488,0.2476,0.2486,1599889.0,397169.8992
2026-05-02 14:00:00,0.2486,0.2498,0.2485,0.2497,3399692.0,847586.3417
2026-05-02 15:00:00,0.2497,0.25,0.2493,0.2499,1296008.0,323644.2052
2026-05-02 16:00:00,0.2499,0.2508,0.2499,0.2506,2158358.0,540196.136
2026-05-02 17:00:00,0.2506,0.2507,0.2495,0.2497,1584743.0,396055.0786
2026-05-02 18:00:00,0.2497,0.2503,0.249,0.2502,2651695.0,662026.2834
2026-05-02 19:00:00,0.2502,0.2513,0.2502,0.2512,5594793.0,1402876.265
2026-05-02 20:00:00,0.2512,0.2514,0.2507,0.251,2085330.0,523497.944
2026-05-02 21:00:00,0.251,0.2527,0.2506,0.2512,3620358.0,911005.099
2026-05-02 22:00:00,0.2512,0.2514,0.2503,0.2509,2196820.0,550784.8722
2026-05-02 23:00:00,0.2509,0.2509,0.25,0.2501,2920768.0,731020.383
2026-05-03 00:00:00,0.2501,0.2504,0.2491,0.2497,3388938.0,846223.1055
2026-05-03 01:00:00,0.2497,0.2497,0.248,0.2482,3677642.0,914123.9669
2026-05-03 02:00:00,0.2482,0.2484,0.2474,0.2478,3312952.0,820618.7072
2026-05-03 03:00:00,0.2478,0.248,0.2473,0.2479,1695963.0,420230.2754
2026-05-03 04:00:00,0.2479,0.2486,0.2475,0.2482,1663385.0,412983.0405
2026-05-03 05:00:00,0.2482,0.2486,0.2476,0.2481,1570418.0,389229.4958
2026-05-03 06:00:00,0.2481,0.2486,0.2474,0.2483,1139241.0,282599.1779
2026-05-03 07:00:00,0.2483,0.2493,0.2483,0.2488,2922151.0,727552.319
2026-05-03 08:00:00,0.2488,0.2492,0.2481,0.2481,3714594.0,923858.0757
2026-05-03 09:00:00,0.2481,0.2493,0.248,0.2491,1924430.0,479111.7822
2026-05-03 10:00:00,0.2491,0.2493,0.2484,0.2486,2609473.0,649564.9104
2026-05-03 11:00:00,0.2486,0.2502,0.2481,0.2495,3696800.0,921896.3121
2026-05-03 12:00:00,0.2495,0.2506,0.2495,0.2499,2053823.0,513919.4551
2026-05-03 13:00:00,0.2499,0.2502,0.2494,0.2498,3529336.0,881563.3661
2026-05-03 14:00:00,0.2498,0.2503,0.2494,0.25,1596602.0,398958.633
2026-05-03 15:00:00,0.25,0.251,0.25,0.2506,3188016.0,798419.7843
2026-05-03 16:00:00,0.2506,0.2511,0.2503,0.2509,3510607.0,880193.8116
2026-05-03 17:00:00,0.2509,0.2511,0.2504,0.2506,3049883.0,764882.5596
2026-05-03 18:00:00,0.2506,0.2508,0.2503,0.2505,1894752.0,474752.355
2026-05-03 19:00:00,0.2505,0.2512,0.2504,0.2507,2716395.0,681381.5523
2026-05-03 20:00:00,0.2507,0.2517,0.25,0.2502,3332601.0,835452.1391
2026-05-03 21:00:00,0.2502,0.2508,0.2482,0.2493,6505299.0,1621903.6985
2026-05-03 22:00:00,0.2493,0.2516,0.2493,0.2509,6109447.0,1531326.394
2026-05-03 23:00:00,0.2509,0.2514,0.2491,0.2494,3257113.0,814602.68
2026-05-04 00:00:00,0.2494,0.2495,0.2475,0.2489,5609711.0,1393313.3874
2026-05-04 01:00:00,0.2489,0.2523,0.2476,0.2516,8889077.0,2219591.6086
2026-05-04 02:00:00,0.2516,0.2542,0.2516,0.2533,9180652.0,2320657.9259
2026-05-04 03:00:00,0.2533,0.2542,0.2528,0.2535,5505560.0,1396017.3987
2026-05-04 04:00:00,0.2535,0.255,0.253,0.2532,3685473.0,936458.4559
2026-05-04 05:00:00,0.2532,0.2535,0.2523,0.2531,2299116.0,581515.3208
2026-05-04 06:00:00,0.2531,0.2533,0.2512,0.253,5567079.0,1404966.5305
2026-05-04 07:00:00,0.253,0.2531,0.2514,0.2516,3837172.0,967006.8082
2026-05-04 08:00:00,0.2516,0.2519,0.251,0.2515,2316167.0,582504.9225
2026-05-04 09:00:00,0.2515,0.2532,0.2512,0.2527,3255215.0,821382.3859
2026-05-04 10:00:00,0.2527,0.2529,0.2467,0.2482,25123285.0,6246789.7767
2026-05-04 11:00:00,0.2482,0.2486,0.2478,0.2484,3877578.0,962688.05
2026-05-04 12:00:00,0.2484,0.2494,0.2482,0.2489,7300351.0,1816994.1176
2026-05-04 13:00:00,0.2489,0.2506,0.248,0.2498,6813866.0,1702320.7628
2026-05-04 14:00:00,0.2498,0.2531,0.2489,0.2522,13750855.0,3461699.6792
2026-05-04 15:00:00,0.2522,0.2525,0.2494,0.2506,6918961.0,1735961.1277
2026-05-04 16:00:00,0.2506,0.2514,0.2495,0.2504,4501773.0,1127495.7745
2026-05-04 17:00:00,0.2504,0.2526,0.2503,0.2519,3842222.0,966851.0705
2026-05-04 18:00:00,0.2519,0.2526,0.2515,0.252,6054147.0,1524235.7941
2026-05-04 19:00:00,0.252,0.2521,0.2504,0.251,6808276.0,1709519.3107
2026-05-04 20:00:00,0.251,0.251,0.2493,0.2495,3336222.0,833147.6039
2026-05-04 21:00:00,0.2495,0.2515,0.2494,0.2509,2837897.0,711215.1301
2026-05-04 22:00:00,0.2509,0.2513,0.2497,0.25,1787437.0,447356.7813
2026-05-04 23:00:00,0.25,0.2504,0.2495,0.2497,1059779.0,264893.9177
2026-05-05 00:00:00,0.2497,0.2508,0.2497,0.2505,881588.0,220460.877
2026-05-05 01:00:00,0.2505,0.2511,0.2501,0.2508,1525899.0,382260.9245
2026-05-05 02:00:00,0.2508,0.2521,0.2506,0.2512,1601777.0,402840.9865
2026-05-05 03:00:00,0.2512,0.2528,0.2511,0.2526,5903983.0,1488615.6001
2026-05-05 04:00:00,0.2526,0.253,0.2519,0.2522,3792253.0,956850.4592
2026-05-05 05:00:00,0.2522,0.2533,0.2519,0.2529,5836544.0,1474311.5216
2026-05-05 06:00:00,0.2529,0.2548,0.2524,0.2546,4686416.0,1186712.7079
2026-05-05 07:00:00,0.2546,0.2582,0.2543,0.2565,19635307.0,5033532.0746
2026-05-05 08:00:00,0.2565,0.258,0.2563,0.2566,11583430.0,2976639.4935
2026-05-05 09:00:00,0.2566,0.2591,0.2566,0.2573,21268808.0,5485732.8584
2026-05-05 10:00:00,0.2573,0.2598,0.257,0.259,16256578.0,4202033.9873
2026-05-05 11:00:00,0.259,0.2591,0.2573,0.2585,5226626.0,1350128.8727
2026-05-05 12:00:00,0.2585,0.2592,0.258,0.2587,5779349.0,1494280.7805
2026-05-05 13:00:00,0.2587,0.2594,0.2574,0.2584,8848291.0,2288249.6558
2026-05-05 14:00:00,0.2584,0.2588,0.2557,0.2568,16118186.0,4142127.6367
2026-05-05 15:00:00,0.2568,0.2577,0.2567,0.2567,4742366.0,1219803.9746
2026-05-05 16:00:00,0.2567,0.2579,0.256,0.2575,7355422.0,1889876.4337
2026-05-05 17:00:00,0.2575,0.2587,0.2566,0.2582,8046840.0,2074465.5134
2026-05-05 18:00:00,0.2582,0.2589,0.2576,0.2579,6065266.0,1565584.9025
2026-05-05 19:00:00,0.2579,0.2585,0.2575,0.2584,2492947.0,643221.8901
2026-05-05 20:00:00,0.2584,0.2614,0.2582,0.2612,8538592.0,2218055.2798
2026-05-05 21:00:00,0.2612,0.2644,0.2609,0.2639,18743953.0,4932428.4754
2026-05-05 22:00:00,0.2639,0.2656,0.2614,0.2624,10572915.0,2790476.0323
2026-05-05 23:00:00,0.2624,0.2632,0.2611,0.2621,4019752.0,1054473.3502
2026-05-06 00:00:00,0.2621,0.2629,0.2597,0.2607,4290365.0,1120834.2885
2026-05-06 01:00:00,0.2607,0.2632,0.2606,0.263,2397467.0,628498.6174
2026-05-06 02:00:00,0.263,0.263,0.2609,0.2619,2226283.0,583100.1588
2026-05-06 03:00:00,0.2619,0.2641,0.2615,0.2639,3201344.0,840996.1855
2026-05-06 04:00:00,0.2639,0.2643,0.2622,0.2622,5513164.0,1453296.7035
2026-05-06 05:00:00,0.2622,0.264,0.2619,0.264,4008527.0,1054639.9013
2026-05-06 06:00:00,0.264,0.2644,0.263,0.2636,3915091.0,1031534.3701
2026-05-06 07:00:00,0.2636,0.2652,0.2633,0.2646,7664046.0,2026199.4496
2026-05-06 08:00:00,0.2646,0.2723,0.2646,0.2719,16534951.0,4438634.9211
2026-05-06 09:00:00,0.2719,0.2737,0.27,0.2729,13848453.0,3763721.5366
2026-05-06 10:00:00,0.2729,0.2731,0.2704,0.271,6986528.0,1895910.0307
2026-05-06 11:00:00,0.271,0.2716,0.2699,0.2716,8126961.0,2199845.224
2026-05-06 12:00:00,0.2716,0.2722,0.2705,0.2718,6223642.0,1688964.4696
2026-05-06 13:00:00,0.2718,0.2718,0.2638,0.2652,37965818.0,10123536.904
2026-05-06 14:00:00,0.2652,0.267,0.2624,0.2657,11373360.0,3009631.8892
2026-05-06 15:00:00,0.2657,0.2679,0.2656,0.2677,7486136.0,1996701.6424
2026-05-06 16:00:00,0.2677,0.268,0.2656,0.2667,7069552.0,1887231.0938
2026-05-06 17:00:00,0.2667,0.2672,0.2654,0.2656,5468988.0,1456191.1314
2026-05-06 18:00:00,0.2656,0.2665,0.2647,0.2659,4030768.0,1071430.4544
2026-05-06 19:00:00,0.2659,0.2666,0.2655,0.2665,2031233.0,540255.4836
2026-05-06 20:00:00,0.2665,0.2677,0.2654,0.2661,6036412.0,1609833.7985
2026-05-06 21:00:00,0.2661,0.2685,0.265,0.2683,3831960.0,1021354.7403
2026-05-06 22:00:00,0.2683,0.2685,0.2655,0.2658,2264693.0,603810.8989
2026-05-06 23:00:00,0.2658,0.267,0.2642,0.2669,2156488.0,572291.1228
2026-05-07 00:00:00,0.2669,0.2673,0.2648,0.2653,2417429.0,642642.9905
2026-05-07 01:00:00,0.2653,0.2659,0.2638,0.2652,1982766.0,525230.8226
2026-05-07 02:00:00,0.2652,0.2655,0.2631,0.2646,2863003.0,756395.6915
2026-05-07 03:00:00,0.2646,0.2653,0.2637,0.264,3078254.0,813860.3375
2026-05-07 04:00:00,0.264,0.2666,0.2634,0.2652,6366997.0,1687896.6903
2026-05-07 05:00:00,0.2652,0.267,0.265,0.266,3288319.0,874810.4357
2026-05-07 06:00:00,0.266,0.2675,0.2645,0.2674,2918467.0,775526.6088
2026-05-07 07:00:00,0.2674,0.2685,0.2669,0.2683,4609920.0,1234501.706
2026-05-07 08:00:00,0.2683,0.2686,0.2672,0.2678,2109176.0,564973.16
2026-05-07 09:00:00,0.2678,0.2679,0.2663,0.2668,3184021.0,850687.0938
2026-05-07 10:00:00,0.2668,0.2676,0.2655,0.2671,5814464.0,1550801.2295
2026-05-07 11:00:00,0.2671,0.2684,0.267,0.2678,1733288.0,464147.4668
2026-05-07 12:00:00,0.2678,0.2701,0.2676,0.2691,3955509.0,1064736.1294
2026-05-07 13:00:00,0.2691,0.2691,0.2648,0.2661,11532143.0,3077726.4718
2026-05-07 14:00:00,0.2661,0.2666,0.2622,0.2637,12695481.0,3353673.9495
2026-05-07 15:00:00,0.2637,0.2643,0.261,0.2616,10097782.0,2651681.9094
2026-05-07 16:00:00,0.2616,0.2633,0.261,0.2618,5464047.0,1432313.7517
2026-05-07 17:00:00,0.2618,0.2627,0.2596,0.2625,4340281.0,1133913.1548
2026-05-07 18:00:00,0.2625,0.2642,0.2622,0.2633,3786178.0,996453.0928
2026-05-07 19:00:00,0.2633,0.264,0.2623,0.2629,4649778.0,1222855.9308
2026-05-07 20:00:00,0.2629,0.2644,0.2615,0.2616,2776751.0,730075.0296
2026-05-07 21:00:00,0.2616,0.2627,0.2607,0.2616,4061660.0,1062476.1866
2026-05-07 22:00:00,0.2616,0.262,0.2606,0.2617,3812024.0,995669.0631
2026-05-07 23:00:00,0.2617,0.2628,0.2615,0.2625,2684678.0,703943.5976
2026-05-08 00:00:00,0.2625,0.2631,0.2614,0.2618,3012010.0,790757.381
2026-05-08 01:00:00,0.2618,0.2622,0.2608,0.2619,1292874.0,337992.9616
2026-05-08 02:00:00,0.2619,0.2622,0.26,0.2613,3919764.0,1023004.2771
2026-05-08 03:00:00,0.2613,0.2624,0.26,0.2619,2845440.0,744112.6332
2026-05-08 04:00:00,0.2619,0.2626,0.2616,0.2621,3448383.0,903711.6722
2026-05-08 05:00:00,0.2621,0.2624,0.2612,0.2613,4893974.0,1281169.605
2026-05-08 06:00:00,0.2613,0.2618,0.2604,0.2613,3448270.0,900298.0748
2026-05-08 07:00:00,0.2613,0.2621,0.2603,0.262,3644861.0,952038.9692
2026-05-08 08:00:00,0.262,0.2642,0.2618,0.2632,5814611.0,1529717.4601
2026-05-08 09:00:00,0.2632,0.2644,0.2625,0.2634,4866405.0,1281958.8456
2026-05-08 10:00:00,0.2634,0.2645,0.263,0.2639,3299805.0,870758.6087
2026-05-08 11:00:00,0.2639,0.2646,0.2637,0.2642,1803910.0,476351.0995
2026-05-08 12:00:00,0.2642,0.2651,0.2634,0.2638,4008192.0,1058922.6119
2026-05-08 13:00:00,0.2638,0.2641,0.2627,0.2639,5428514.0,1429535.7909
2026-05-08 14:00:00,0.2639,0.2675,0.2638,0.2672,10998462.0,2926603.838
2026-05-08 15:00:00,0.2672,0.2696,0.2655,0.2695,9776638.0,2615808.8561
2026-05-08 16:00:00,0.2695,0.2696,0.2676,0.269,5256496.0,1410976.2791
2026-05-08 17:00:00,0.269,0.2724,0.2687,0.2708,9967554.0,2701455.6126
2026-05-08 18:00:00,0.2708,0.2729,0.2707,0.2717,5888658.0,1601164.8583
2026-05-08 19:00:00,0.2717,0.2733,0.2709,0.2717,5691770.0,1546870.0612
2026-05-08 20:00:00,0.2717,0.272,0.2708,0.2714,3320748.0,900821.1279
2026-05-08 21:00:00,0.2714,0.2786,0.2712,0.2759,11133070.0,3065908.581
2026-05-08 22:00:00,0.2759,0.2773,0.2746,0.2748,5440886.0,1501627.2952
2026-05-08 23:00:00,0.2748,0.2752,0.2724,0.2735,6051900.0,1655539.2243
2026-05-09 00:00:00,0.2735,0.2757,0.273,0.2756,5431670.0,1491668.2665
2026-05-09 01:00:00,0.2756,0.2783,0.2751,0.2775,5239950.0,1450536.2979
2026-05-09 02:00:00,0.2775,0.2779,0.2762,0.2772,3288520.0,910477.2844
2026-05-09 03:00:00,0.2772,0.2774,0.2755,0.2762,2750111.0,760149.4978
2026-05-09 04:00:00,0.2762,0.2778,0.2751,0.2752,3350501.0,926041.6356
2026-05-09 05:00:00,0.2752,0.2766,0.2746,0.2759,3124037.0,860446.8409
2026-05-09 06:00:00,0.2759,0.2764,0.2742,0.2748,4805196.0,1321666.9705
2026-05-09 07:00:00,0.2748,0.2753,0.274,0.2751,1477460.0,406002.7639
2026-05-09 08:00:00,0.2751,0.2765,0.275,0.2757,3051750.0,841731.1546
2026-05-09 09:00:00,0.2757,0.2758,0.2726,0.273,7260389.0,1985222.4167
2026-05-09 10:00:00,0.273,0.2735,0.272,0.2731,4891104.0,1333405.5617
2026-05-09 11:00:00,0.2731,0.2738,0.2728,0.2734,2281255.0,623609.5938
2026-05-09 12:00:00,0.2734,0.2739,0.2725,0.2729,2677721.0,731244.7331
2026-05-09 13:00:00,0.2729,0.2733,0.2712,0.2722,3617156.0,984708.918
2026-05-09 14:00:00,0.2722,0.2724,0.2708,0.271,6117204.0,1660537.1942
2026-05-09 15:00:00,0.271,0.2713,0.27,0.2702,4350402.0,1176190.6607
2026-05-09 16:00:00,0.2702,0.2712,0.2692,0.2704,12415042.0,3355239.3307
2026-05-09 17:00:00,0.2704,0.2724,0.2704,0.2715,3937402.0,1069923.7205
2026-05-09 18:00:00,0.2715,0.2728,0.2714,0.2719,3667902.0,997969.7661
2026-05-09 19:00:00,0.2719,0.2725,0.2716,0.2725,1402167.0,381505.6988
2026-05-09 20:00:00,0.2725,0.2725,0.2716,0.272,1053403.0,286569.0904
2026-05-09 21:00:00,0.272,0.2727,0.2717,0.272,1875273.0,510061.3102
2026-05-09 22:00:00,0.272,0.2726,0.2717,0.2721,794285.0,216197.7009
2026-05-09 23:00:00,0.2721,0.2724,0.2702,0.2706,3585675.0,970687.0381
2026-05-10 00:00:00,0.2706,0.2718,0.27,0.2701,2749549.0,744872.0631
2026-05-10 01:00:00,0.2701,0.2702,0.2686,0.2696,5090198.0,1371135.9721
2026-05-10 02:00:00,0.2696,0.2706,0.269,0.2701,1077104.0,290797.1466
2026-05-10 03:00:00,0.2701,0.2707,0.2694,0.2701,2323453.0,627394.586
2026-05-10 04:00:00,0.2701,0.2705,0.2697,0.27,917712.0,247851.0851
2026-05-10 05:00:00,0.27,0.2706,0.269,0.2696,3111083.0,839441.089
2026-05-10 06:00:00,0.2696,0.2699,0.2684,0.2694,4182008.0,1124709.871
2026-05-10 07:00:00,0.2694,0.271,0.2694,0.2706,4605762.0,1245350.7613
2026-05-10 08:00:00,0.2706,0.2731,0.2704,0.2731,5045431.0,1373154.304
2026-05-10 09:00:00,0.2731,0.2734,0.2717,0.2717,3708743.0,1010108.9824
2026-05-10 10:00:00,0.2717,0.2729,0.271,0.2725,3496259.0,951138.6671
2026-05-10 11:00:00,0.2725,0.2728,0.2711,0.2727,1765440.0,480627.5603
2026-05-10 12:00:00,0.2727,0.2729,0.2718,0.2729,2348952.0,640112.3582
2026-05-10 13:00:00,0.2729,0.2747,0.2725,0.2744,8334755.0,2279735.8123
2026-05-10 14:00:00,0.2744,0.2757,0.2739,0.2753,7895023.0,2170222.6349
2026-05-10 15:00:00,0.2753,0.2823,0.2752,0.2814,13251765.0,3699321.9519
2026-05-10 16:00:00,0.2814,0.2856,0.2804,0.2845,15365646.0,4354201.1905
2026-05-10 17:00:00,0.2845,0.2884,0.2838,0.2867,19043362.0,5444505.2252
2026-05-10 18:00:00,0.2867,0.2883,0.2857,0.2867,14972649.0,4299005.836
2026-05-10 19:00:00,0.2867,0.2885,0.2845,0.2869,10366965.0,2975821.8454
2026-05-10 20:00:00,0.2869,0.288,0.2752,0.2777,32785661.0,9211509.7315
2026-05-10 21:00:00,0.2777,0.2812,0.2761,0.2793,15531178.0,4329539.0023
2026-05-10 22:00:00,0.2793,0.2834,0.2784,0.283,13014092.0,3667807.3217
2026-05-10 23:00:00,0.283,0.2837,0.2816,0.2819,9201794.0,2598437.8787
2026-05-11 00:00:00,0.2819,0.2828,0.2782,0.2794,7609363.0,2131566.652
2026-05-11 01:00:00,0.2794,0.2813,0.2783,0.2803,2432845.0,681760.7673
2026-05-11 02:00:00,0.2803,0.2804,0.2766,0.2774,3872434.0,1076720.9891
2026-05-11 03:00:00,0.2774,0.2777,0.274,0.2764,6754227.0,1862368.3794
2026-05-11 04:00:00,0.2764,0.2774,0.2753,0.2769,3547262.0,979998.5403
2026-05-11 05:00:00,0.2769,0.2791,0.2768,0.2784,4149068.0,1153673.7082
2026-05-11 06:00:00,0.2784,0.2797,0.2774,0.2783,3614713.0,1006312.8018
2026-05-11 07:00:00,0.2783,0.2783,0.2768,0.2776,3610428.0,1001546.5484
2026-05-11 08:00:00,0.2776,0.2779,0.2758,0.2763,3808221.0,1053702.8508
2026-05-11 09:00:00,0.2763,0.2787,0.2758,0.2783,4300665.0,1193230.474
2026-05-11 10:00:00,0.2783,0.2811,0.2781,0.2787,7526839.0,2105135.9434
2026-05-11 11:00:00,0.2787,0.28,0.2782,0.2791,7388021.0,2063132.8615
2026-05-11 12:00:00,0.2791,0.28,0.2776,0.2785,5293737.0,1475737.7361
2026-05-11 13:00:00,0.2785,0.281,0.2781,0.2805,6429587.0,1799603.4275
2026-05-11 14:00:00,0.2805,0.2819,0.2774,0.2803,13132351.0,3677231.367
2026-05-11 15:00:00,0.2803,0.2834,0.2797,0.2823,15409852.0,4346093.0687
2026-05-11 16:00:00,0.2823,0.2828,0.2802,0.2814,6655449.0,1874488.4805
2026-05-11 17:00:00,0.2814,0.2823,0.2802,0.2816,9730851.0,2737379.3663
2026-05-11 18:00:00,0.2816,0.2819,0.2798,0.28,6573409.0,1847237.1332
2026-05-11 19:00:00,0.28,0.2809,0.2792,0.2808,4228664.0,1184402.3504
2026-05-11 20:00:00,0.2808,0.2817,0.2791,0.2806,7684288.0,2154161.1889
2026-05-11 21:00:00,0.2806,0.2818,0.2803,0.2805,2670410.0,750796.1984
2026-05-11 22:00:00,0.2805,0.2816,0.28,0.2805,2884492.0,809041.5734
2026-05-11 23:00:00,0.2805,0.2809,0.2795,0.2801,2202781.0,616735.8811
2026-05-12 00:00:00,0.2801,0.2818,0.2796,0.2812,1759142.0,494133.8172
2026-05-12 01:00:00,0.2812,0.2815,0.2763,0.2774,9708581.0,2701833.7443
2026-05-12 02:00:00,0.2774,0.2787,0.2771,0.2783,4048545.0,1125419.8596
2026-05-12 03:00:00,0.2783,0.2786,0.2766,0.2769,5826561.0,1617274.8393
2026-05-12 04:00:00,0.2769,0.2782,0.2766,0.2773,4879057.0,1354027.795
2026-05-12 05:00:00,0.2773,0.2783,0.2772,0.2776,5096603.0,1415258.9881
2026-05-12 06:00:00,0.2776,0.2781,0.2763,0.2767,6482023.0,1796021.9669
2026-05-12 07:00:00,0.2767,0.2772,0.2748,0.2768,5193881.0,1433946.8881
2026-05-12 08:00:00,0.2768,0.2776,0.275,0.2761,5457664.0,1508068.1818
2026-05-12 09:00:00,0.2761,0.2761,0.2742,0.2756,4475506.0,1231457.2321
2026-05-12 10:00:00,0.2756,0.2758,0.2732,0.2742,7118477.0,1951420.1663
2026-05-12 11:00:00,0.2742,0.2748,0.2733,0.2742,7590623.0,2078068.4584
2026-05-12 12:00:00,0.2742,0.2752,0.2727,0.2741,5649522.0,1547216.8656
2026-05-12 13:00:00,0.2741,0.2745,0.2713,0.2717,6866163.0,1870933.3008
2026-05-12 14:00:00,0.2717,0.2726,0.2687,0.2692,13553114.0,3664429.1767
2026-05-12 15:00:00,0.2692,0.2702,0.2677,0.2691,7746138.0,2081928.0874
2026-05-12 16:00:00,0.2691,0.2702,0.2671,0.2676,9268341.0,2490648.2324
2026-05-12 17:00:00,0.2676,0.2705,0.2675,0.2703,8577865.0,2311929.2198
2026-05-12 18:00:00,0.2703,0.2708,0.2701,0.2703,3693305.0,998868.9224
2026-05-12 19:00:00,0.2703,0.2723,0.2701,0.2718,6497753.0,1765439.3116
2026-05-12 20:00:00,0.2718,0.272,0.2713,0.2718,3319403.0,901559.311
2026-05-12 21:00:00,0.2718,0.2721,0.2714,0.2717,1525991.0,414885.4136
2026-05-12 22:00:00,0.2717,0.2728,0.2711,0.2716,3636193.0,987695.9659
2026-05-12 23:00:00,0.2716,0.2721,0.2706,0.2709,1138804.0,308853.1899
2026-05-13 00:00:00,0.2709,0.2732,0.2708,0.2715,5466846.0,1486343.4632
2026-05-13 01:00:00,0.2715,0.2741,0.2715,0.2732,2747126.0,750388.944
2026-05-13 02:00:00,0.2732,0.2741,0.2728,0.2734,2295679.0,627514.8056
2026-05-13 03:00:00,0.2734,0.2741,0.2731,0.274,1240103.0,339289.9925
2026-05-13 04:00:00,0.274,0.2746,0.2733,0.2744,2743576.0,752056.8071
2026-05-13 05:00:00,0.2744,0.2744,0.2722,0.273,5303797.0,1449393.3485
2026-05-13 06:00:00,0.273,0.2739,0.2723,0.2723,6167156.0,1684703.0472
2026-05-13 07:00:00,0.2723,0.2734,0.2723,0.2731,6938122.0,1892291.5041
2026-05-13 08:00:00,0.2731,0.2744,0.2728,0.2739,7976646.0,2182457.3163
2026-05-13 09:00:00,0.2739,0.2775,0.2738,0.277,13029478.0,3597718.1619
2026-05-13 10:00:00,0.277,0.2771,0.2732,0.2738,9160758.0,2518299.6836
2026-05-13 11:00:00,0.2738,0.274,0.2703,0.2705,20281834.0,5514215.4442
2026-05-13 12:00:00,0.2705,0.2715,0.266,0.2678,38915013.0,10464062.2948
2026-05-13 13:00:00,0.2678,0.2688,0.2647,0.2655,20298411.0,5406612.6098
2026-05-13 14:00:00,0.2655,0.2665,0.2636,0.2657,13066248.0,3460466.9883
2026-05-13 15:00:00,0.2657,0.2665,0.2612,0.2619,25179582.0,6628843.0398
2026-05-13 16:00:00,0.2619,0.2646,0.2618,0.2641,7966794.0,2098280.36
2026-05-13 17:00:00,0.2641,0.2649,0.2637,0.2639,2824920.0,746531.6262
2026-05-13 18:00:00,0.2639,0.2657,0.2639,0.2646,6281675.0,1663954.5793
2026-05-13 19:00:00,0.2646,0.2647,0.2632,0.2636,6906231.0,1821081.3296
2026-05-13 20:00:00,0.2636,0.265,0.2635,0.2646,2860367.0,756638.8486
2026-05-13 21:00:00,0.2646,0.2647,0.2631,0.2639,4035737.0,1064008.2868
2026-05-13 22:00:00,0.2639,0.2648,0.2629,0.2647,2409562.0,635124.4036
2026-05-13 23:00:00,0.2647,0.266,0.2643,0.2646,2458235.0,651299.2886
2026-05-14 00:00:00,0.2646,0.2659,0.2646,0.2655,4352543.0,1155109.2153
2026-05-14 01:00:00,0.2655,0.2658,0.265,0.2653,1735925.0,460808.8525
2026-05-14 02:00:00,0.2653,0.266,0.2642,0.2645,1185302.0,314199.8756
2026-05-14 03:00:00,0.2645,0.2649,0.2623,0.2629,4766791.0,1255144.1507
2026-05-14 04:00:00,0.2629,0.2647,0.2624,0.2644,1137273.0,299955.977
2026-05-14 05:00:00,0.2644,0.2666,0.2644,0.266,6859857.0,1823607.2821
2026-05-14 06:00:00,0.266,0.2663,0.2651,0.2653,3443744.0,914775.952
2026-05-14 07:00:00,0.2653,0.2657,0.2643,0.2644,4108679.0,1088703.952
2026-05-14 08:00:00,0.2644,0.2656,0.2637,0.265,2589834.0,686087.8226
2026-05-14 09:00:00,0.265,0.2651,0.2635,0.2643,3209176.0,848006.151
2026-05-14 10:00:00,0.2643,0.2654,0.2634,0.2645,12847521.0,3396903.5563
2026-05-14 11:00:00,0.2645,0.2651,0.2634,0.2639,5988074.0,1583673.2481
2026-05-14 12:00:00,0.2639,0.2667,0.2638,0.2663,11114817.0,2947205.9233
2026-05-14 13:00:00,0.2663,0.2678,0.266,0.2665,6839083.0,1826242.2428
2026-05-14 14:00:00,0.2665,0.2702,0.2648,0.27,11333783.0,3029986.3335
2026-05-14 15:00:00,0.27,0.2707,0.2687,0.2702,10790262.0,2910408.401
2026-05-14 16:00:00,0.2702,0.2723,0.2692,0.2721,11899069.0,3223007.2728
2026-05-14 17:00:00,0.2721,0.2732,0.2702,0.2722,11749350.0,3194108.7354
2026-05-14 18:00:00,0.2722,0.2792,0.2713,0.2787,29932840.0,8243711.9142
2026-05-14 19:00:00,0.2787,0.2802,0.2732,0.2739,9502877.0,2622136.5295
2026-05-14 20:00:00,0.2739,0.274,0.2716,0.273,5541536.0,1510659.5547
2026-05-14 21:00:00,0.273,0.2741,0.2716,0.2735,3625077.0,989219.3077
2026-05-14 22:00:00,0.2735,0.2735,0.271,0.2719,3963653.0,1078676.5271
2026-05-14 23:00:00,0.2719,0.2725,0.2698,0.2702,7739586.0,2099850.827
2026-05-15 00:00:00,0.2702,0.2727,0.2702,0.2721,6340807.0,1722914.8195
2026-05-15 01:00:00,0.2721,0.2727,0.2701,0.2702,6204450.0,1684427.1415
2026-05-15 02:00:00,0.2702,0.2712,0.2682,0.2707,6030573.0,1627913.4821
2026-05-15 03:00:00,0.2707,0.2711,0.2692,0.2698,6593112.0,1779360.389
2026-05-15 04:00:00,0.2698,0.2699,0.2675,0.2676,4744793.0,1275159.4603
2026-05-15 05:00:00,0.2676,0.2681,0.2646,0.2653,9314234.0,2478293.1988
2026-05-15 06:00:00,0.2653,0.2674,0.2653,0.2671,2664995.0,710438.9118
2026-05-15 07:00:00,0.2671,0.2689,0.267,0.2683,3847102.0,1030858.6162
2026-05-15 08:00:00,0.2683,0.2684,0.2664,0.2678,5173295.0,1383300.2904
2026-05-15 09:00:00,0.2678,0.2679,0.266,0.2666,2773071.0,739515.367
2026-05-15 10:00:00,0.2666,0.2685,0.2662,0.2681,3586521.0,959116.2819
2026-05-15 11:00:00,0.2681,0.2684,0.267,0.267,2608463.0,697940.4621
2026-05-15 12:00:00,0.267,0.2671,0.2651,0.2651,6079000.0,1616954.1621
2026-05-15 13:00:00,0.2651,0.2652,0.2573,0.2579,24491863.0,6404847.6474
2026-05-15 14:00:00,0.2579,0.2598,0.2567,0.2589,14909602.0,3858584.0907
2026-05-15 15:00:00,0.2589,0.2593,0.257,0.2582,9705522.0,2506526.7898
2026-05-15 16:00:00,0.2582,0.2613,0.2576,0.2606,6081119.0,1580946.3558
2026-05-15 17:00:00,0.2606,0.2625,0.2606,0.2618,3654799.0,957001.4928
2026-05-15 18:00:00,0.2618,0.2623,0.2609,0.262,3116152.0,815496.854
2026-05-15 19:00:00,0.262,0.2621,0.2608,0.261,1709505.0,446408.6626
2026-05-15 20:00:00,0.261,0.2614,0.2601,0.2607,1741607.0,453826.848
2026-05-15 21:00:00,0.2607,0.2613,0.2604,0.2607,1302128.0,339631.2201
2026-05-15 22:00:00,0.2607,0.2617,0.2606,0.2615,1274998.0,333180.5157
2026-05-15 23:00:00,0.2615,0.2619,0.2606,0.2613,5474313.0,1429418.9065
2026-05-16 00:00:00,0.2613,0.2622,0.261,0.2614,873796.0,228615.7616
2026-05-16 01:00:00,0.2614,0.262,0.2605,0.2618,1624181.0,424192.5449
2026-05-16 02:00:00,0.2618,0.262,0.261,0.2615,580425.0,151749.2334
2026-05-16 03:00:00,0.2615,0.2618,0.2609,0.2611,754814.0,197240.9248
2026-05-16 04:00:00,0.2611,0.2611,0.2586,0.259,3936151.0,1020762.2778
2026-05-16 05:00:00,0.259,0.2594,0.2584,0.2587,1323009.0,342622.4357
2026-05-16 06:00:00,0.2587,0.2588,0.2553,0.2562,10138383.0,2603299.9902
2026-05-16 07:00:00,0.2562,0.2562,0.2531,0.2552,6866941.0,1749432.6466
2026-05-16 08:00:00,0.2552,0.2559,0.2549,0.2549,4646726.0,1186913.1117
2026-05-16 09:00:00,0.2549,0.2554,0.252,0.2531,8018678.0,2032075.8484
2026-05-16 10:00:00,0.2531,0.2539,0.2523,0.2537,4833989.0,1223442.2684
2026-05-16 11:00:00,0.2537,0.2545,0.2536,0.2539,3083968.0,783639.3084
2026-05-16 12:00:00,0.2539,0.2549,0.2535,0.2544,2645523.0,672471.7595
2026-05-16 13:00:00,0.2544,0.2548,0.254,0.2542,4200109.0,1068184.6653
2026-05-16 14:00:00,0.2542,0.2555,0.2538,0.2547,2864345.0,728365.9962
2026-05-16 15:00:00,0.2547,0.256,0.2546,0.2555,4429017.0,1131633.6917
2026-05-16 16:00:00,0.2555,0.2563,0.2549,0.2552,4596565.0,1174991.4601
2026-05-16 17:00:00,0.2552,0.2561,0.2552,0.2558,830630.0,212467.6329
2026-05-16 18:00:00,0.2558,0.2561,0.2549,0.2552,2071813.0,528798.7049
2026-05-16 19:00:00,0.2552,0.2554,0.2549,0.255,809485.0,206500.4523
2026-05-16 20:00:00,0.255,0.2557,0.2549,0.2551,2057734.0,525382.0652
2026-05-16 21:00:00,0.2551,0.2556,0.254,0.2556,1736713.0,442623.8772
2026-05-16 22:00:00,0.2556,0.2556,0.2545,0.2545,956933.0,243912.6857
2026-05-16 23:00:00,0.2545,0.2552,0.2544,0.255,889328.0,226604.9404
2026-05-17 00:00:00,0.255,0.2553,0.254,0.2542,1062686.0,270519.569
2026-05-17 01:00:00,0.2542,0.2546,0.2526,0.2526,3136477.0,794834.0256
2026-05-17 02:00:00,0.2526,0.2537,0.2525,0.2532,1884420.0,476951.0208
2026-05-17 03:00:00,0.2532,0.2546,0.253,0.2543,6043261.0,1532370.8664
2026-05-17 04:00:00,0.2543,0.2556,0.2541,0.2551,1871342.0,477385.0522
2026-05-17 05:00:00,0.2551,0.2563,0.2549,0.2553,2701253.0,690524.3624
2026-05-17 06:00:00,0.2553,0.2556,0.2548,0.2555,3779364.0,964729.1365
2026-05-17 07:00:00,0.2555,0.2567,0.2552,0.2562,1839964.0,471307.1194
2026-05-17 08:00:00,0.2562,0.2563,0.2554,0.2554,1218123.0,311585.8485
2026-05-17 09:00:00,0.2554,0.2566,0.2554,0.2563,1492682.0,382147.6861
2026-05-17 10:00:00,0.2563,0.2581,0.2563,0.257,4447978.0,1144826.5736
2026-05-17 11:00:00,0.257,0.2571,0.2559,0.2564,1562533.0,400500.7943
2026-05-17 12:00:00,0.2564,0.2571,0.2558,0.256,4998416.0,1282289.7227
2026-05-17 13:00:00,0.256,0.256,0.2544,0.2553,4735389.0,1208290.1943
2026-05-17 14:00:00,0.2553,0.2553,0.2535,0.2551,3355732.0,853751.1155
2026-05-17 15:00:00,0.2551,0.2554,0.2543,0.2552,2004708.0,511279.4878
2026-05-17 16:00:00,0.2552,0.2555,0.2543,0.2545,1896840.0,483635.5055
2026-05-17 17:00:00,0.2545,0.2545,0.2532,0.2543,3606706.0,915466.0809
2026-05-17 18:00:00,0.2543,0.2547,0.2527,0.2543,5250868.0,1330489.3025
2026-05-17 19:00:00,0.2543,0.2553,0.2541,0.2551,2385716.0,607330.2135
2026-05-17 20:00:00,0.2551,0.2553,0.2543,0.2548,1206903.0,307428.0094
2026-05-17 21:00:00,0.2548,0.2558,0.2543,0.2553,1282298.0,326978.6418
2026-05-17 22:00:00,0.2553,0.2553,0.2529,0.2537,8706429.0,2209213.412
2026-05-17 23:00:00,0.2537,0.2537,0.2456,0.252,23158621.0,5794351.3227
2026-05-18 00:00:00,0.252,0.252,0.25,0.2512,3097596.0,777045.2679
2026-05-18 01:00:00,0.2512,0.2523,0.2486,0.2512,2051983.0,514051.8991
2026-05-18 02:00:00,0.2512,0.253,0.2507,0.2518,1588084.0,400459.9807
2026-05-18 03:00:00,0.2518,0.2523,0.2497,0.25,2134727.0,534682.9264
2026-05-18 04:00:00,0.25,0.2513,0.2491,0.2512,1601595.0,400686.0963
2026-05-18 05:00:00,0.2512,0.2517,0.2496,0.2499,2840333.0,711189.38
2026-05-18 06:00:00,0.2499,0.2502,0.2469,0.2492,8568034.0,2126082.6121
2026-05-18 07:00:00,0.2492,0.2499,0.248,0.2492,1626963.0,405349.0215
2026-05-18 08:00:00,0.2492,0.2503,0.249,0.2498,3392878.0,846800.3413
2026-05-18 09:00:00,0.2498,0.25,0.2485,0.2489,1673566.0,417171.7401
2026-05-18 10:00:00,0.2489,0.2491,0.2478,0.2479,2686976.0,667182.4501
2026-05-18 11:00:00,0.2479,0.2519,0.2478,0.2505,6528174.0,1632306.1651
2026-05-18 12:00:00,0.2505,0.2522,0.2503,0.2514,9333091.0,2344479.0071
2026-05-18 13:00:00,0.2514,0.2515,0.2475,0.2491,21584964.0,5378282.8665
2026-05-18 14:00:00,0.2491,0.2491,0.2467,0.2476,13394837.0,3318231.037
2026-05-18 15:00:00,0.2476,0.2488,0.2461,0.248,9874087.0,2441466.0841
2026-05-18 16:00:00,0.248,0.2493,0.2474,0.2489,5945981.0,1474880.3769
2026-05-18 17:00:00,0.2489,0.2495,0.2482,0.2486,1799008.0,447618.2609
2026-05-18 18:00:00,0.2486,0.2487,0.2464,0.2469,9779677.0,2418187.4584
2026-05-18 19:00:00,0.2469,0.2511,0.2468,0.2505,9838611.0,2457782.8378
2026-05-18 20:00:00,0.2505,0.2512,0.2496,0.2501,2753417.0,690029.6914
2026-05-18 21:00:00,0.2501,0.2528,0.2498,0.2523,8186607.0,2061118.5601
2026-05-18 22:00:00,0.2523,0.2529,0.2508,0.2515,3748151.0,944367.9377
2026-05-18 23:00:00,0.2515,0.2522,0.2509,0.2515,1747785.0,439569.187
2026-05-19 00:00:00,0.2515,0.2534,0.2513,0.2525,1762531.0,445161.0813
2026-05-19 01:00:00,0.2525,0.2525,0.2509,0.2512,1003751.0,252324.3794
2026-05-19 02:00:00,0.2512,0.252,0.2504,0.2507,6863734.0,1722433.097
2026-05-19 03:00:00,0.2507,0.2522,0.2505,0.2514,3810713.0,957607.2269
2026-05-19 04:00:00,0.2514,0.2523,0.251,0.252,4767565.0,1198652.1835
2026-05-19 05:00:00,0.252,0.2523,0.2505,0.2515,5075551.0,1274970.6417
2026-05-19 06:00:00,0.2515,0.2524,0.2513,0.2518,2448366.0,616612.5278
2026-05-19 07:00:00,0.2518,0.2529,0.2513,0.2523,2447928.0,616719.0463
2026-05-19 08:00:00,0.2523,0.2524,0.2506,0.2512,2845513.0,715633.0321
2026-05-19 09:00:00,0.2512,0.2517,0.2493,0.2503,5207875.0,1301907.0478
2026-05-19 10:00:00,0.2503,0.2506,0.2484,0.2498,4055846.0,1011780.5615
2026-05-19 11:00:00,0.2498,0.2499,0.2479,0.2483,5387656.0,1339728.8239
2026-05-19 12:00:00,0.2483,0.2497,0.2481,0.2495,4176730.0,1040115.9906
2026-05-19 13:00:00,0.2495,0.2511,0.2491,0.25,4750147.0,1188349.2436
2026-05-19 14:00:00,0.25,0.2505,0.247,0.2481,11196822.0,2781912.3589
2026-05-19 15:00:00,0.2481,0.2491,0.2477,0.2483,3215474.0,798386.0573
2026-05-19 16:00:00,0.2483,0.2498,0.2478,0.2497,3186428.0,792082.693
2026-05-19 17:00:00,0.2497,0.2498,0.2483,0.2489,2818284.0,701899.7473
2026-05-19 18:00:00,0.2489,0.2492,0.2481,0.2486,745382.0,185370.4556
2026-05-19 19:00:00,0.2486,0.2493,0.2479,0.2483,1718120.0,426965.1659
2026-05-19 20:00:00,0.2483,0.2493,0.2482,0.2491,1106498.0,275161.8294
2026-05-19 21:00:00,0.2491,0.2495,0.2488,0.249,2571104.0,640926.5319
2026-05-19 22:00:00,0.249,0.249,0.2473,0.2479,2139122.0,530518.4966
2026-05-19 23:00:00,0.2479,0.2493,0.2477,0.2481,1936518.0,481266.592
2026-05-20 00:00:00,0.2481,0.2487,0.2471,0.2478,2650220.0,656690.484
2026-05-20 01:00:00,0.2478,0.2484,0.2468,0.2478,2863880.0,708626.5493
2026-05-20 02:00:00,0.2478,0.2484,0.2469,0.2472,1422313.0,351892.8749
2026-05-20 03:00:00,0.2472,0.2486,0.2468,0.2481,1760057.0,436050.25
2026-05-20 04:00:00,0.2481,0.2485,0.2476,0.2484,1042148.0,258466.2117
2026-05-20 05:00:00,0.2484,0.2509,0.2484,0.2501,2966816.0,741312.6334
2026-05-20 06:00:00,0.2501,0.2505,0.2495,0.2503,1864431.0,466050.0531
2026-05-20 07:00:00,0.2503,0.2504,0.2489,0.249,1480115.0,369392.343
2026-05-20 08:00:00,0.249,0.2503,0.2488,0.2499,1271116.0,317087.2758
2026-05-20 09:00:00,0.2499,0.2501,0.2489,0.249,1911068.0,476662.452
2026-05-20 10:00:00,0.249,0.2503,0.249,0.2498,1609905.0,401757.8815
2026-05-20 11:00:00,0.2498,0.25,0.2481,0.2487,5549349.0,1382093.1143
2026-05-20 12:00:00,0.2487,0.25,0.2484,0.2494,4084777.0,1017208.8598
2026-05-20 13:00:00,0.2494,0.2496,0.247,0.2484,9976239.0,2475337.7833
2026-05-20 14:00:00,0.2484,0.2507,0.2477,0.2504,7142767.0,1783556.2731
2026-05-20 15:00:00,0.2504,0.2515,0.249,0.25,7792757.0,1951587.0558
2026-05-20 16:00:00,0.25,0.2506,0.2478,0.2499,6973070.0,1736417.1938
2026-05-20 17:00:00,0.2499,0.2512,0.2497,0.2501,5110268.0,1280089.2436
2026-05-20 18:00:00,0.2501,0.2503,0.249,0.2491,2666698.0,665677.7035
2026-05-20 19:00:00,0.2491,0.2505,0.2487,0.25,3175088.0,793307.5117
2026-05-20 20:00:00,0.25,0.2506,0.249,0.2504,1821076.0,454895.9297
2026-05-20 21:00:00,0.2504,0.2507,0.2495,0.2496,2905514.0,727590.3878
2026-05-20 22:00:00,0.2496,0.2496,0.2481,0.2492,2497113.0,621188.7939
2026-05-20 23:00:00,0.2492,0.2493,0.2481,0.2491,2043040.0,507727.1777
2026-05-21 00:00:00,0.2491,0.2507,0.2488,0.2505,3489301.0,871159.2722
2026-05-21 01:00:00,0.2505,0.2521,0.2503,0.2508,1955750.0,491157.0692
2026-05-21 02:00:00,0.2508,0.252,0.2505,0.2513,954902.0,240116.6189
2026-05-21 03:00:00,0.2513,0.2522,0.2508,0.2521,3325311.0,836446.7956
2026-05-21 04:00:00,0.2521,0.2526,0.2511,0.2514,2007477.0,505517.405
2026-05-21 05:00:00,0.2514,0.2516,0.2484,0.2493,4644752.0,1158937.0918
2026-05-21 06:00:00,0.2493,0.2494,0.2474,0.2479,6295373.0,1563598.8523
2026-05-21 07:00:00,0.2479,0.2492,0.2478,0.2488,3730238.0,926157.2031
2026-05-21 08:00:00,0.2488,0.2503,0.2488,0.2496,4857198.0,1212938.3913
2026-05-21 09:00:00,0.2496,0.25,0.2485,0.2486,2827324.0,704533.2326
2026-05-21 10:00:00,0.2486,0.2493,0.2455,0.2465,16795993.0,4143714.9309
2026-05-21 11:00:00,0.2465,0.2476,0.2461,0.2466,2726451.0,673004.029
2026-05-21 12:00:00,0.2466,0.2477,0.2461,0.2472,2661632.0,657490.8246
2026-05-21 13:00:00,0.2472,0.2478,0.2461,0.2472,2342364.0,578304.4515
2026-05-21 14:00:00,0.2472,0.2478,0.2461,0.2468,1716165.0,423916.9632
2026-05-21 15:00:00,0.2468,0.2493,0.2467,0.2483,7390222.0,1835346.6518
2026-05-21 16:00:00,0.2483,0.2488,0.2477,0.2484,3585999.0,890375.5592
2026-05-21 17:00:00,0.2484,0.2528,0.2481,0.2521,11281993.0,2837762.9143
2026-05-21 18:00:00,0.2521,0.2535,0.2507,0.2515,4264017.0,1075762.0311
2026-05-21 19:00:00,0.2515,0.2526,0.2514,0.2524,1819417.0,458296.7383
2026-05-21 20:00:00,0.2524,0.2529,0.2517,0.252,3512744.0,885352.7199
2026-05-21 21:00:00,0.252,0.2532,0.2517,0.2518,2530112.0,638766.2537
2026-05-21 22:00:00,0.2518,0.2522,0.2506,0.2507,3287643.0,825826.1189
2026-05-21 23:00:00,0.2507,0.2515,0.25,0.2505,3271709.0,819584.682
2026-05-22 00:00:00,0.2505,0.2507,0.2492,0.2493,2090504.0,522291.5064
2026-05-22 01:00:00,0.2493,0.2504,0.249,0.2503,1898780.0,474184.0018
2026-05-22 02:00:00,0.2503,0.2511,0.2501,0.2507,1849483.0,463361.2072
2026-05-22 03:00:00,0.2507,0.2519,0.2502,0.2515,1701847.0,427386.2576
2026-05-22 04:00:00,0.2515,0.2525,0.251,0.2515,1731118.0,436095.2712
2026-05-22 05:00:00,0.2515,0.2528,0.2512,0.2518,1140514.0,287637.0728
2026-05-22 06:00:00,0.2518,0.2521,0.2501,0.2501,1779786.0,446599.5918
2026-05-22 07:00:00,0.2501,0.2519,0.2493,0.2513,4590261.0,1149622.0198
2026-05-22 08:00:00,0.2513,0.2525,0.2507,0.2513,7596363.0,1912233.2892
2026-05-22 09:00:00,0.2513,0.2523,0.2509,0.251,3041513.0,765544.6147
2026-05-22 10:00:00,0.251,0.2516,0.2506,0.2513,4375392.0,1099130.911
2026-05-22 11:00:00,0.2513,0.2525,0.2508,0.2525,3358368.0,844932.8179
2026-05-22 12:00:00,0.2525,0.2541,0.2519,0.2538,5966801.0,1508304.2375
2026-05-22 13:00:00,0.2538,0.2545,0.2515,0.2524,8379422.0,2120424.7983
2026-05-22 14:00:00,0.2524,0.2524,0.2486,0.2492,13809638.0,3450150.3933
2026-05-22 15:00:00,0.2492,0.2501,0.2478,0.2496,13760753.0,3423605.2399
2026-05-22 16:00:00,0.2496,0.25,0.2483,0.2491,5684062.0,1415061.9739
2026-05-22 17:00:00,0.2491,0.2501,0.2483,0.2486,6086659.0,1515737.4243
2026-05-22 18:00:00,0.2486,0.249,0.2428,0.2455,30012942.0,7384430.6313
2026-05-22 19:00:00,0.2455,0.2458,0.242,0.2442,22881760.0,5570418.0884
2026-05-22 20:00:00,0.2442,0.2457,0.2442,0.2455,6466297.0,1583583.0285
2026-05-22 21:00:00,0.2455,0.2467,0.2453,0.2459,5018657.0,1233819.395
2026-05-22 22:00:00,0.2459,0.246,0.2445,0.2451,6556635.0,1608592.7263
2026-05-22 23:00:00,0.2451,0.2457,0.2408,0.242,13926958.0,3385267.8462
2026-05-23 00:00:00,0.242,0.2434,0.2416,0.2434,5723910.0,1387752.8681
2026-05-23 01:00:00,0.2434,0.2438,0.2425,0.2438,1635178.0,397723.9033
2026-05-23 02:00:00,0.2438,0.244,0.2432,0.2436,1063978.0,259138.1283
2026-05-23 03:00:00,0.2436,0.2439,0.2434,0.2436,1213607.0,295797.6635
2026-05-23 04:00:00,0.2436,0.2436,0.2421,0.2421,2006949.0,487318.8707
2026-05-23 05:00:00,0.2421,0.2422,0.2412,0.2419,2053827.0,496539.5145
2026-05-23 06:00:00,0.2419,0.2422,0.2414,0.242,1784519.0,431598.9055
2026-05-23 07:00:00,0.242,0.2422,0.236,0.2378,15381171.0,3682488.5162
2026-05-23 08:00:00,0.2378,0.2388,0.2368,0.2382,17538046.0,4165072.2363
2026-05-23 09:00:00,0.2382,0.2385,0.2374,0.2381,4096637.0,974966.2389
2026-05-23 10:00:00,0.2381,0.2392,0.2381,0.2388,2333288.0,557050.2972
2026-05-23 11:00:00,0.2388,0.2392,0.238,0.2382,2347865.0,559954.6388
2026-05-23 12:00:00,0.2382,0.2384,0.2377,0.2381,2478281.0,589685.9365
2026-05-23 13:00:00,0.2381,0.2411,0.238,0.2407,6416710.0,1539839.7588
2026-05-23 14:00:00,0.2407,0.2428,0.2402,0.2425,7853756.0,1892856.3949
2026-05-23 15:00:00,0.2425,0.2436,0.2415,0.242,6774295.0,1643209.4869
2026-05-23 16:00:00,0.242,0.2429,0.2417,0.2423,3610707.0,875166.3248
2026-05-23 17:00:00,0.2423,0.2427,0.2418,0.2423,5897028.0,1428100.4251
2026-05-23 18:00:00,0.2423,0.2452,0.2422,0.2439,3625141.0,884181.7177
2026-05-23 19:00:00,0.2439,0.2447,0.2434,0.244,2885015.0,704139.7218
2026-05-23 20:00:00,0.244,0.2499,0.2436,0.2499,13598142.0,3361084.4694
2026-05-23 21:00:00,0.2499,0.2507,0.2467,0.2477,15377225.0,3817896.4816
2026-05-23 22:00:00,0.2477,0.2487,0.2454,0.2463,9813466.0,2423668.495
2026-05-23 23:00:00,0.2463,0.2465,0.2455,0.2459,2319425.0,570577.8446
2026-05-24 00:00:00,0.2459,0.2468,0.2455,0.2462,1633883.0,402052.0638
2026-05-24 01:00:00,0.2462,0.2465,0.2457,0.2463,856244.0,210772.8161
2026-05-24 02:00:00,0.2463,0.2464,0.2447,0.2455,2330401.0,571812.634
2026-05-24 03:00:00,0.2455,0.2459,0.2447,0.2453,807569.0,197961.088
2026-05-24 04:00:00,0.2453,0.246,0.2451,0.2455,1498757.0,368141.2475
2026-05-24 05:00:00,0.2455,0.246,0.2449,0.2459,1212745.0,297569.6581
2026-05-24 06:00:00,0.2459,0.2463,0.2452,0.2461,2192945.0,539105.2641
2026-05-24 07:00:00,0.2461,0.2462,0.2449,0.2451,4436558.0,1088274.8262
2026-05-24 08:00:00,0.2451,0.2458,0.2449,0.2458,1444046.0,354448.1513
2026-05-24 09:00:00,0.2458,0.2461,0.2455,0.2458,1318030.0,323900.7033
2026-05-24 10:00:00,0.2458,0.2463,0.2449,0.245,7160800.0,1756843.1424
2026-05-24 11:00:00,0.245,0.2459,0.245,0.2455,5011059.0,1231048.3048
2026-05-24 12:00:00,0.2455,0.2456,0.2441,0.2449,7725590.0,1890548.1762
2026-05-24 13:00:00,0.2449,0.2451,0.2431,0.2438,6796436.0,1659073.7064
2026-05-24 14:00:00,0.2438,0.244,0.2408,0.2428,9500812.0,2304184.1583
2026-05-24 15:00:00,0.2428,0.2431,0.2424,0.2428,2221354.0,539320.1478
2026-05-24 16:00:00,0.2428,0.2434,0.2421,0.2428,2986452.0,724762.5819
2026-05-24 17:00:00,0.2428,0.2432,0.2425,0.2429,2383729.0,578847.1989
2026-05-24 18:00:00,0.2429,0.2432,0.2419,0.2423,4603746.0,1116106.1874
2026-05-24 19:00:00,0.2423,0.243,0.242,0.2426,2733099.0,662596.1296
2026-05-24 20:00:00,0.2426,0.2427,0.2414,0.2417,4330599.0,1047988.0378
2026-05-24 21:00:00,0.2417,0.2421,0.2382,0.2391,11486412.0,2757194.383
2026-05-24 22:00:00,0.2391,0.242,0.2391,0.2408,6790894.0,1637897.39
2026-05-24 23:00:00,0.2408,0.2427,0.2408,0.2422,2100096.0,508436.3436
2026-05-25 00:00:00,0.2422,0.243,0.2421,0.2426,1280222.0,310609.6937
2026-05-25 01:00:00,0.2426,0.2428,0.2406,0.2406,2525982.0,610294.163
2026-05-25 02:00:00,0.2406,0.2427,0.2406,0.2409,836370.0,202120.843
2026-05-25 03:00:00,0.2409,0.2413,0.2403,0.2408,2318877.0,558308.6022
2026-05-25 04:00:00,0.2408,0.243,0.2406,0.2426,4047781.0,978554.847
2026-05-25 05:00:00,0.2426,0.2436,0.2424,0.2432,2205866.0,536488.9346
2026-05-25 06:00:00,0.2432,0.2441,0.2426,0.2439,4560133.0,1109395.0601
2026-05-25 07:00:00,0.2439,0.2448,0.2434,0.2446,5926792.0,1446674.7726
2026-05-25 08:00:00,0.2446,0.2459,0.2439,0.2458,3191388.0,781332.0565
2026-05-25 09:00:00,0.2458,0.2461,0.2448,0.2448,2558862.0,627920.2594
2026-05-25 10:00:00,0.2448,0.246,0.2447,0.2458,3638041.0,892900.1321
2026-05-25 11:00:00,0.2458,0.2459,0.2447,0.2448,1579127.0,387161.6634
2026-05-25 12:00:00,0.2448,0.2454,0.2443,0.2445,2982612.0,730043.1728
2026-05-25 13:00:00,0.2445,0.2455,0.2443,0.2452,1253140.0,306804.94
2026-05-25 14:00:00,0.2452,0.2468,0.2452,0.2461,3548799.0,873046.582
2026-05-25 15:00:00,0.2461,0.2468,0.2452,0.2458,3465532.0,851755.5201
2026-05-25 16:00:00,0.2458,0.2477,0.2456,0.2473,3556380.0,878279.4914
2026-05-25 17:00:00,0.2473,0.2476,0.246,0.2464,2698782.0,665355.7342
2026-05-25 18:00:00,0.2464,0.2474,0.2463,0.2464,3208238.0,791908.3737
2026-05-25 19:00:00,0.2464,0.2464,0.2449,0.2453,4645685.0,1141196.8418
2026-05-25 20:00:00,0.2453,0.246,0.244,0.2444,4570576.0,1118664.2559
2026-05-25 21:00:00,0.2444,0.245,0.2442,0.2446,1957873.0,479103.4677
2026-05-25 22:00:00,0.2446,0.2446,0.2423,0.2425,6103672.0,1484771.526
2026-05-25 23:00:00,0.2425,0.2437,0.2423,0.2437,1485495.0,361000.9191
2026-05-26 00:00:00,0.2437,0.2437,0.2405,0.2418,5115370.0,1237193.0777
2026-05-26 01:00:00,0.2418,0.2419,0.2399,0.2407,3452945.0,831608.0816
2026-05-26 02:00:00,0.2407,0.2408,0.2401,0.2404,3783544.0,909870.7316
2026-05-26 03:00:00,0.2404,0.2409,0.2392,0.2408,3556095.0,853965.3611
2026-05-26 04:00:00,0.2408,0.2416,0.2405,0.2412,2352552.0,567480.1152
2026-05-26 05:00:00,0.2412,0.2428,0.2408,0.2419,3530137.0,854564.8222
2026-05-26 06:00:00,0.2419,0.2424,0.2412,0.2423,1483290.0,358646.3396
2026-05-26 07:00:00,0.2423,0.2423,0.2404,0.2412,2938564.0,708782.5356
2026-05-26 08:00:00,0.2412,0.2423,0.2412,0.242,1387613.0,335456.5828
2026-05-26 09:00:00,0.242,0.2425,0.2414,0.2421,951096.0,230075.0587
2026-05-26 10:00:00,0.2421,0.2455,0.2415,0.2451,11654225.0,2834847.6869
2026-05-26 11:00:00,0.2451,0.2451,0.2441,0.2442,4210192.0,1029961.7776
2026-05-26 12:00:00,0.2442,0.2451,0.2432,0.2449,3470985.0,846899.6765
2026-05-26 13:00:00,0.2449,0.2455,0.2432,0.2448,7907120.0,1932901.0176
2026-05-26 14:00:00,0.2448,0.2472,0.2433,0.244,14337091.0,3518143.9849
2026-05-26 15:00:00,0.244,0.2441,0.241,0.2425,11577556.0,2804845.4623
2026-05-26 16:00:00,0.2425,0.2426,0.2407,0.241,3979686.0,961184.3966
2026-05-26 17:00:00,0.241,0.2416,0.2378,0.2394,14779370.0,3537575.0125
2026-05-26 18:00:00,0.2394,0.2414,0.239,0.2395,16175169.0,3873857.932
2026-05-26 19:00:00,0.2395,0.2404,0.2386,0.2401,10821464.0,2591651.3887
2026-05-26 20:00:00,0.2401,0.2404,0.2395,0.2404,1386935.0,332825.9641
2026-05-26 21:00:00,0.2404,0.2408,0.2392,0.2397,2105626.0,505702.7379
2026-05-26 22:00:00,0.2397,0.2403,0.2392,0.2395,749728.0,179715.5506
2026-05-26 23:00:00,0.2395,0.2406,0.2395,0.24,4159549.0,998200.7631
2026-05-27 00:00:00,0.24,0.2416,0.24,0.2416,2342123.0,564410.1564
2026-05-27 01:00:00,0.2416,0.2417,0.2403,0.2404,1107069.0,266978.4629
2026-05-27 02:00:00,0.2404,0.2405,0.2395,0.2404,5619889.0,1347824.0934
2026-05-27 03:00:00,0.2404,0.2407,0.2395,0.24,1047817.0,251647.7889
2026-05-27 04:00:00,0.24,0.2403,0.237,0.2396,12220391.0,2913883.4252
2026-05-27 05:00:00,0.2396,0.2404,0.2392,0.24,6474138.0,1551144.999
2026-05-27 06:00:00,0.24,0.2408,0.2395,0.2403,3696406.0,887936.2799
2026-05-27 07:00:00,0.2403,0.2407,0.2396,0.2403,1958863.0,470371.7461
2026-05-27 08:00:00,0.2403,0.241,0.2396,0.2398,2288817.0,550374.5335
2026-05-27 09:00:00,0.2398,0.2398,0.2388,0.2393,5076774.0,1214576.6216
2026-05-27 10:00:00,0.2393,0.2402,0.239,0.2396,2444210.0,585788.6328
2026-05-27 11:00:00,0.2396,0.2402,0.2394,0.2395,1587305.0,380588.7781
2026-05-27 12:00:00,0.2395,0.2405,0.2384,0.24,12702611.0,3049932.9653
2026-05-27 13:00:00,0.24,0.2402,0.2372,0.2389,19175173.0,4570579.0537
2026-05-27 14:00:00,0.2389,0.2401,0.2381,0.2398,6895839.0,1650280.5277
2026-05-27 15:00:00,0.2398,0.2432,0.2396,0.2413,10097234.0,2435381.0829
2026-05-27 16:00:00,0.2413,0.2419,0.24,0.2411,2610434.0,628302.3344
2026-05-27 17:00:00,0.2411,0.2411,0.2377,0.2382,21786390.0,5206453.5187
2026-05-27 18:00:00,0.2382,0.2397,0.2378,0.2395,5910696.0,1408900.7324
2026-05-27 19:00:00,0.2395,0.2411,0.2395,0.2408,2798782.0,673437.2942
2026-05-27 20:00:00,0.2408,0.241,0.2397,0.2403,1408488.0,338602.2858
2026-05-27 21:00:00,0.2403,0.2407,0.2356,0.2374,10668382.0,2532169.5831
2026-05-27 22:00:00,0.2374,0.2384,0.2359,0.2364,13124645.0,3110689.354
2026-05-27 23:00:00,0.2364,0.2375,0.236,0.2373,5246193.0,1242017.1506
2026-05-28 00:00:00,0.2373,0.2383,0.237,0.2382,4303515.0,1022650.6231
2026-05-28 01:00:00,0.2382,0.2383,0.2358,0.2372,8972615.0,2124322.4384
2026-05-28 02:00:00,0.2372,0.2377,0.2366,0.237,3732833.0,885651.9888
2026-05-28 03:00:00,0.237,0.2371,0.2315,0.2322,19859706.0,4645921.5785
2026-05-28 04:00:00,0.2322,0.2322,0.2287,0.231,19570114.0,4501793.7274
2026-05-28 05:00:00,0.231,0.2311,0.2279,0.2294,8445508.0,1933286.8834
2026-05-28 06:00:00,0.2294,0.2303,0.2285,0.23,5917571.0,1357201.933
2026-05-28 07:00:00,0.23,0.2315,0.2296,0.2314,3904648.0,900350.6574
2026-05-28 08:00:00,0.2314,0.2314,0.2292,0.23,3384216.0,778908.7536
2026-05-28 09:00:00,0.23,0.2319,0.23,0.2313,3024826.0,698984.6901
2026-05-28 10:00:00,0.2313,0.2318,0.2296,0.2296,3214700.0,740588.0729
2026-05-28 11:00:00,0.2296,0.2302,0.2291,0.2301,9019735.0,2069334.0481
2026-05-28 12:00:00,0.2301,0.2316,0.2289,0.2315,2750688.0,633276.0597
2026-05-28 13:00:00,0.2315,0.2325,0.23,0.2315,4443643.0,1027996.8977
2026-05-28 14:00:00,0.2315,0.234,0.2292,0.2323,10204372.0,2367887.814
2026-05-28 15:00:00,0.2323,0.2339,0.2305,0.2328,5594662.0,1299313.9491
2026-05-28 16:00:00,0.2328,0.2349,0.2316,0.2343,4643092.0,1083713.0699
2026-05-28 17:00:00,0.2343,0.2352,0.2337,0.235,3823757.0,896540.6932
2026-05-28 18:00:00,0.235,0.2374,0.235,0.2362,4091346.0,967557.0559
2026-05-28 19:00:00,0.2362,0.2362,0.2343,0.2343,2276210.0,535282.1133
2026-05-28 20:00:00,0.2343,0.236,0.2337,0.2353,4179945.0,981907.2003
2026-05-28 21:00:00,0.2353,0.2362,0.2349,0.2355,4396178.0,1035140.4424
2026-05-28 22:00:00,0.2355,0.236,0.2338,0.234,2797375.0,657020.536
2026-05-28 23:00:00,0.234,0.2353,0.2338,0.2348,415965.0,97593.4381
2026-05-29 00:00:00,0.2348,0.2357,0.2346,0.235,3025163.0,711823.0239
2026-05-29 01:00:00,0.235,0.2356,0.2342,0.2348,1762118.0,413627.4525
2026-05-29 02:00:00,0.2348,0.2353,0.2327,0.2329,5053734.0,1181578.3468
2026-05-29 03:00:00,0.2329,0.2346,0.2329,0.2332,1648466.0,385582.6418
2026-05-29 04:00:00,0.2332,0.2344,0.2324,0.2344,2889686.0,674176.4531
2026-05-29 05:00:00,0.2344,0.2351,0.2342,0.235,3115208.0,730641.3456
2026-05-29 06:00:00,0.235,0.2368,0.235,0.2359,6479227.0,1528817.1759
2026-05-29 07:00:00,0.2359,0.2362,0.2337,0.2346,2447299.0,574581.32
2026-05-29 08:00:00,0.2346,0.2356,0.2346,0.235,2511171.0,590318.773
2026-05-29 09:00:00,0.235,0.2359,0.2349,0.2352,2685113.0,631850.474
2026-05-29 10:00:00,0.2352,0.2353,0.234,0.2346,1817126.0,426074.8404
2026-05-29 11:00:00,0.2346,0.2347,0.2326,0.2334,4691946.0,1096832.7695
2026-05-29 12:00:00,0.2334,0.2335,0.2317,0.2323,4009836.0,931880.4357
2026-05-29 13:00:00,0.2323,0.2328,0.2315,0.2326,2920863.0,678008.5303
2026-05-29 14:00:00,0.2326,0.2332,0.2297,0.2325,12508197.0,2892317.7417
2026-05-29 15:00:00,0.2325,0.2379,0.2321,0.2356,12854423.0,3023717.5911
2026-05-29 16:00:00,0.2356,0.2361,0.2334,0.2351,7986644.0,1875026.5487
2026-05-29 17:00:00,0.2351,0.236,0.2342,0.2347,6651719.0,1563833.8806
2026-05-29 18:00:00,0.2347,0.2348,0.2311,0.232,8831103.0,2054005.7583
2026-05-29 19:00:00,0.232,0.2333,0.2304,0.2328,6310527.0,1463352.4865
2026-05-29 20:00:00,0.2328,0.2335,0.2323,0.2328,2004913.0,466929.8177
2026-05-29 21:00:00,0.2328,0.2339,0.2323,0.2323,4707635.0,1097027.7643
2026-05-29 22:00:00,0.2323,0.2335,0.232,0.2328,2501061.0,582504.5037
2026-05-29 23:00:00,0.2328,0.2337,0.2316,0.2328,2007027.0,466511.8189
2026-05-30 00:00:00,0.2328,0.2353,0.2324,0.235,2976108.0,696519.6992
2026-05-30 01:00:00,0.235,0.2376,0.2346,0.2375,7978441.0,1884936.8597
2026-05-30 02:00:00,0.2375,0.2387,0.2372,0.2385,5833433.0,1388266.7778
2026-05-30 03:00:00,0.2385,0.2394,0.2361,0.2365,6274157.0,1487836.3264
2026-05-30 04:00:00,0.2365,0.2369,0.2337,0.2348,5498177.0,1293711.0127
2026-05-30 05:00:00,0.2348,0.2357,0.2344,0.2356,2124402.0,499704.0141
2026-05-30 06:00:00,0.2356,0.2361,0.2349,0.2352,1782130.0,419435.3241
2026-05-30 07:00:00,0.2352,0.2354,0.2344,0.235,1092321.0,256617.1285
2026-05-30 08:00:00,0.235,0.2354,0.234,0.2342,1951533.0,457960.82
2026-05-30 09:00:00,0.2342,0.2353,0.2339,0.2349,4402719.0,1034053.1229
2026-05-30 10:00:00,0.2349,0.2354,0.2346,0.2346,1229522.0,288848.9272
2026-05-30 11:00:00,0.2346,0.2352,0.2342,0.235,1701536.0,399084.6597
2026-05-30 12:00:00,0.235,0.2354,0.2347,0.2352,1306623.0,307141.9192
2026-05-30 13:00:00,0.2352,0.2358,0.2348,0.2357,3862543.0,909340.0503
2026-05-30 14:00:00,0.2357,0.2366,0.2355,0.2361,3751716.0,885153.2794
2026-05-30 15:00:00,0.2361,0.2369,0.236,0.2363,2439628.0,576612.2062
2026-05-30 16:00:00,0.2363,0.237,0.2358,0.2367,1533500.0,362455.4142
2026-05-30 17:00:00,0.2367,0.2373,0.2356,0.2371,3517036.0,831425.2729
2026-05-30 18:00:00,0.2371,0.2376,0.2365,0.2376,3144728.0,745287.1322
2026-05-30 19:00:00,0.2376,0.2376,0.2365,0.2372,2114235.0,501126.8444
2026-05-30 20:00:00,0.2372,0.2374,0.2366,0.2373,673709.0,159755.0014
2026-05-30 21:00:00,0.2373,0.2383,0.2373,0.2375,1670570.0,397265.4251
2026-05-30 22:00:00,0.2375,0.2375,0.2353,0.2358,7832352.0,1849139.543
2026-05-30 23:00:00,0.2358,0.2363,0.2353,0.2358,1045798.0,246436.1592
2026-05-31 00:00:00,0.2358,0.2366,0.2355,0.2365,1859566.0,439012.7199
2026-05-31 01:00:00,0.2365,0.2373,0.2363,0.2366,1021522.0,241886.191
2026-05-31 02:00:00,0.2366,0.238,0.2366,0.2371,755771.0,179211.7947
2026-05-31 03:00:00,0.2371,0.2383,0.2371,0.2379,2539235.0,604175.5455
2026-05-31 04:00:00,0.2379,0.2386,0.2376,0.2385,4746199.0,1128889.4504
2026-05-31 05:00:00,0.2385,0.2386,0.2374,0.2376,1039574.0,247272.8059
2026-05-31 06:00:00,0.2376,0.2379,0.2371,0.2377,683981.0,162456.563
2026-05-31 07:00:00,0.2377,0.2377,0.2362,0.2366,2235336.0,529095.4717
2026-05-31 08:00:00,0.2366,0.2375,0.2366,0.2371,1463088.0,346676.3119
2026-05-31 09:00:00,0.2371,0.238,0.2365,0.2372,1456982.0,345732.386
2026-05-31 10:00:00,0.2372,0.2372,0.2356,0.237,3563129.0,842457.5623
2026-05-31 11:00:00,0.237,0.2373,0.2365,0.2368,3035204.0,719054.0892
2026-05-31 12:00:00,0.2368,0.2378,0.2363,0.2377,1945492.0,461532.3537
2026-05-31 13:00:00,0.2377,0.2378,0.2366,0.2369,1973064.0,467874.1661
2026-05-31 14:00:00,0.2369,0.2369,0.2336,0.2337,10015496.0,2349994.5355
2026-05-31 15:00:00,0.2337,0.2349,0.2335,0.2336,3688160.0,863240.2336
2026-05-31 16:00:00,0.2336,0.234,0.2322,0.2327,8602778.0,2005039.9634
2026-05-31 17:00:00,0.2327,0.2334,0.2317,0.2331,3050579.0,709085.7714
2026-05-31 18:00:00,0.2331,0.2332,0.2323,0.233,3140725.0,731268.3229
2026-05-31 19:00:00,0.233,0.2334,0.2318,0.2327,3096417.0,719781.9017
2026-05-31 20:00:00,0.2327,0.2339,0.2327,0.2338,2315521.0,540591.4132
2026-05-31 21:00:00,0.2338,0.2352,0.2335,0.2348,3186235.0,746450.5367
2026-05-31 22:00:00,0.2348,0.2359,0.2341,0.2357,3891885.0,915519.2884
2026-05-31 23:00:00,0.2357,0.2368,0.2342,0.2356,3078890.0,724741.9251
2026-06-01 00:00:00,0.2356,0.2373,0.2354,0.2366,6333272.0,1496764.8663
2026-06-01 01:00:00,0.2366,0.2367,0.2331,0.2332,5535693.0,1300568.2737
2026-06-01 02:00:00,0.2332,0.2367,0.2325,0.2363,1963838.0,459164.8945
2026-06-01 03:00:00,0.2363,0.2374,0.2362,0.2367,3048184.0,721624.9274
2026-06-01 04:00:00,0.2367,0.2375,0.2333,0.2344,6031320.0,1417538.2069
2026-06-01 05:00:00,0.2344,0.2348,0.2334,0.2339,2539558.0,594904.7424
2026-06-01 06:00:00,0.2339,0.2341,0.2319,0.2327,3340291.0,777272.1901
2026-06-01 07:00:00,0.2327,0.2331,0.2307,0.2309,4204077.0,975042.6773
2026-06-01 08:00:00,0.2309,0.2317,0.2302,0.2312,4625471.0,1068408.5544
2026-06-01 09:00:00,0.2312,0.2323,0.2312,0.2315,2938585.0,681031.6094
2026-06-01 10:00:00,0.2315,0.2317,0.2306,0.2311,3960469.0,915229.7036
2026-06-01 11:00:00,0.2311,0.232,0.2295,0.2301,3973367.0,915750.6661
2026-06-01 12:00:00,0.2301,0.2314,0.2289,0.2304,5266325.0,1212083.8058
2026-06-01 13:00:00,0.2304,0.2306,0.2269,0.2286,23885301.0,5462808.02
2026-06-01 14:00:00,0.2286,0.2291,0.2266,0.2272,13884674.0,3159888.0536
2026-06-01 15:00:00,0.2272,0.2279,0.2251,0.2269,16050665.0,3633237.5449
2026-06-01 16:00:00,0.2269,0.2305,0.2261,0.2303,7157422.0,1633756.4602
2026-06-01 17:00:00,0.2303,0.2317,0.2299,0.2309,8860646.0,2045133.3201
2026-06-01 18:00:00,0.2309,0.2318,0.23,0.2306,4102702.0,947213.8231
2026-06-01 19:00:00,0.2306,0.2318,0.23,0.2313,2171053.0,500667.733
2026-06-01 20:00:00,0.2313,0.2315,0.2302,0.2309,10305025.0,2378262.7901
2026-06-01 21:00:00,0.2309,0.2309,0.2289,0.2296,10577215.0,2431229.8163
2026-06-01 22:00:00,0.2296,0.2308,0.2282,0.2306,8172317.0,1875272.6623
2026-06-01 23:00:00,0.2306,0.2315,0.2302,0.231,1736788.0,400938.8591
2026-06-02 00:00:00,0.231,0.2311,0.2294,0.2298,3030119.0,697675.3272
2026-06-02 01:00:00,0.2298,0.2298,0.2271,0.2273,1937243.0,442051.376
2026-06-02 02:00:00,0.2273,0.2278,0.2243,0.2277,7226526.0,1633081.2919
2026-06-02 03:00:00,0.2277,0.2284,0.2271,0.228,4919907.0,1120646.2695
2026-06-02 04:00:00,0.228,0.2285,0.2253,0.2258,10660658.0,2414468.8047
2026-06-02 05:00:00,0.2258,0.2264,0.2234,0.2245,13666197.0,3068232.1433
2026-06-02 06:00:00,0.2245,0.2246,0.2228,0.2237,9687454.0,2167152.8489
2026-06-02 07:00:00,0.2237,0.2248,0.2224,0.224,9263642.0,2070111.6117
2026-06-02 08:00:00,0.224,0.2244,0.2235,0.2238,2763264.0,618601.1005
2026-06-02 09:00:00,0.2238,0.2239,0.2222,0.2231,4645887.0,1036168.0513
2026-06-02 10:00:00,0.2231,0.2244,0.2226,0.2242,3195576.0,714820.0884
2026-06-02 11:00:00,0.2242,0.2243,0.2227,0.223,3779575.0,843861.0978
2026-06-02 12:00:00,0.223,0.2233,0.2216,0.2232,6190494.0,1376327.4268
2026-06-02 13:00:00,0.2232,0.2237,0.2224,0.2228,3511217.0,783238.2798
2026-06-02 14:00:00,0.2228,0.2228,0.2164,0.2194,28596818.0,6275957.3459
2026-06-02 15:00:00,0.2194,0.2194,0.214,0.2154,23207643.0,5016305.1518
2026-06-02 16:00:00,0.2154,0.219,0.2148,0.218,17146794.0,3739654.1307
2026-06-02 17:00:00,0.218,0.219,0.2172,0.2187,30243910.0,6597638.931
2026-06-02 18:00:00,0.2187,0.2191,0.2154,0.2163,9738022.0,2107277.6219
2026-06-02 19:00:00,0.2163,0.2168,0.2121,0.2157,14230944.0,3054710.4097
2026-06-02 20:00:00,0.2157,0.217,0.2139,0.2161,5401671.0,1163672.0411
2026-06-02 21:00:00,0.2161,0.2182,0.2154,0.2168,5151226.0,1116160.9924
2026-06-02 22:00:00,0.2168,0.2168,0.2109,0.212,9093869.0,1944153.6014
2026-06-02 23:00:00,0.212,0.2133,0.2094,0.2128,10999640.0,2325520.7461
2026-06-03 00:00:00,0.2128,0.2142,0.2124,0.2136,3120713.0,666248.0565
2026-06-03 01:00:00,0.2136,0.2145,0.2121,0.2137,5096691.0,1085026.5266
2026-06-03 02:00:00,0.2137,0.2138,0.2115,0.2123,7937246.0,1686946.1828
2026-06-03 03:00:00,0.2123,0.2127,0.2072,0.2086,7995632.0,1676061.4225
2026-06-03 04:00:00,0.2086,0.2121,0.2086,0.2119,2368881.0,498751.3583
2026-06-03 05:00:00,0.2119,0.2152,0.2119,0.2149,3078877.0,659675.2161
2026-06-03 06:00:00,0.2149,0.2168,0.2146,0.2152,5548867.0,1194831.4856
2026-06-03 07:00:00,0.2152,0.218,0.215,0.217,2573272.0,558812.3898
2026-06-03 08:00:00,0.217,0.2175,0.2158,0.2164,2212451.0,479399.6765
2026-06-03 09:00:00,0.2164,0.2172,0.2153,0.2163,3887002.0,839635.1123
2026-06-03 10:00:00,0.2163,0.2183,0.2162,0.2175,3037318.0,660513.8681
2026-06-03 11:00:00,0.2175,0.2183,0.2157,0.2161,4565133.0,992264.6037
2026-06-03 12:00:00,0.2161,0.2164,0.2148,0.2155,4603786.0,992617.6659
2026-06-03 13:00:00,0.2155,0.2163,0.2143,0.2151,6212772.0,1339283.9018
2026-06-03 14:00:00,0.2151,0.2156,0.2132,0.2141,2105761.0,451076.6619
2026-06-03 15:00:00,0.2141,0.2146,0.2115,0.2118,4416415.0,939850.0455
2026-06-03 16:00:00,0.2118,0.2122,0.2076,0.2094,11272174.0,2360189.1216
2026-06-03 17:00:00,0.2094,0.2108,0.2075,0.2097,10978790.0,2294868.0447
2026-06-03 18:00:00,0.2097,0.2098,0.2069,0.2083,8230344.0,1712834.5772
2026-06-03 19:00:00,0.2083,0.2085,0.2042,0.2046,12969289.0,2673895.1438
2026-06-03 20:00:00,0.2046,0.2057,0.2008,0.202,15880916.0,3224359.2695
2026-06-03 21:00:00,0.202,0.2054,0.2017,0.2054,10503977.0,2135774.0441
2026-06-03 22:00:00,0.2054,0.2064,0.2021,0.2024,7153504.0,1459462.1689
2026-06-03 23:00:00,0.2024,0.2027,0.1998,0.2004,8994778.0,1806235.99
2026-06-04 00:00:00,0.2004,0.2017,0.1958,0.1977,14409039.0,2854330.1987
2026-06-04 01:00:00,0.1977,0.1987,0.1914,0.1924,15625866.0,3045065.5725
2026-06-04 02:00:00,0.1924,0.1961,0.1876,0.1947,12242584.0,2349703.5449
2026-06-04 03:00:00,0.1947,0.2002,0.1947,0.1997,8184007.0,1623487.0912
2026-06-04 04:00:00,0.1997,0.2011,0.1986,0.1988,4693100.0,937986.0634
2026-06-04 05:00:00,0.1988,0.1988,0.1954,0.1966,9139436.0,1798145.6164
2026-06-04 06:00:00,0.1966,0.1996,0.1962,0.1975,7767280.0,1539457.1857
2026-06-04 07:00:00,0.1975,0.1979,0.1945,0.1945,6424077.0,1261192.36
2026-06-04 08:00:00,0.1945,0.1956,0.1927,0.1936,6190769.0,1200704.8024
2026-06-04 09:00:00,0.1936,0.1936,0.1878,0.1906,12523740.0,2377029.2955
2026-06-04 10:00:00,0.1906,0.1906,0.1869,0.1876,22873419.0,4308812.5715
2026-06-04 11:00:00,0.1876,0.1904,0.1872,0.19,11390622.0,2149580.8335
2026-06-04 12:00:00,0.19,0.1925,0.1883,0.1917,9371037.0,1788488.4497
2026-06-04 13:00:00,0.1917,0.1918,0.187,0.189,20097904.0,3797433.8659
2026-06-04 14:00:00,0.189,0.19,0.1876,0.1894,15905036.0,3001665.5719
2026-06-04 15:00:00,0.1894,0.1919,0.1887,0.1889,15001686.0,2856773.2011
2026-06-04 16:00:00,0.1889,0.1889,0.1858,0.187,16302686.0,3053552.9828
2026-06-04 17:00:00,0.187,0.1896,0.1864,0.1883,18868955.0,3541894.4381
2026-06-04 18:00:00,0.1883,0.1903,0.1856,0.1882,16414230.0,3089657.0835
2026-06-04 19:00:00,0.1882,0.1894,0.1859,0.1865,27284630.0,5129800.135
2026-06-04 20:00:00,0.1865,0.1865,0.1837,0.1846,11521859.0,2128527.3708
2026-06-04 21:00:00,0.1846,0.1846,0.1787,0.1804,17319138.0,3147354.3975
2026-06-04 22:00:00,0.1804,0.1822,0.1797,0.1819,9790921.0,1770734.0949
2026-06-04 23:00:00,0.1819,0.1832,0.1793,0.1798,4982574.0,900309.4611
2026-06-05 00:00:00,0.1798,0.1798,0.1741,0.1745,19709610.0,3490489.0834
2026-06-05 01:00:00,0.1745,0.1746,0.1717,0.1724,17488550.0,3028963.1066
2026-06-05 02:00:00,0.1724,0.1724,0.1632,0.1636,25822283.0,4338734.8551
2026-06-05 03:00:00,0.1636,0.1656,0.158,0.1583,35203898.0,5678439.7091
2026-06-05 04:00:00,0.1583,0.1687,0.1582,0.1686,39323244.0,6423123.637
2026-06-05 05:00:00,0.1686,0.169,0.1637,0.1645,21873473.0,3632901.125
2026-06-05 06:00:00,0.1645,0.1653,0.1599,0.1616,19617521.0,3186621.1794
2026-06-05 07:00:00,0.1616,0.1657,0.1587,0.1632,21928952.0,3570016.272
2026-06-05 08:00:00,0.1632,0.1634,0.1587,0.1608,15244069.0,2445661.9842
2026-06-05 09:00:00,0.1608,0.1649,0.1604,0.164,17336152.0,2821672.6027
2026-06-05 10:00:00,0.164,0.1662,0.1629,0.1638,14050281.0,2313172.6251
2026-06-05 11:00:00,0.1638,0.164,0.1612,0.1622,13299511.0,2160637.6758
2026-06-05 12:00:00,0.1622,0.1638,0.1603,0.1627,11907150.0,1927671.0925
2026-06-05 13:00:00,0.1627,0.1651,0.1593,0.1597,18140272.0,2953215.9699
2026-06-05 14:00:00,0.1597,0.163,0.1578,0.1603,17862254.0,2873800.4405
2026-06-05 15:00:00,0.1603,0.1608,0.1564,0.1572,17714827.0,2808292.8194
2026-06-05 16:00:00,0.1572,0.1632,0.1544,0.1627,24452140.0,3878417.3819
2026-06-05 17:00:00,0.1627,0.1637,0.1597,0.1608,34274024.0,5525875.8107
2026-06-05 18:00:00,0.1608,0.1625,0.1571,0.1576,12216683.0,1948778.8063
2026-06-05 19:00:00,0.1576,0.1615,0.1549,0.1605,14984275.0,2369157.06
2026-06-05 20:00:00,0.1605,0.1633,0.1582,0.1624,26287516.0,4245602.9387
2026-06-05 21:00:00,0.1624,0.1637,0.1616,0.1624,7907214.0,1286047.8406
2026-06-05 22:00:00,0.1624,0.1624,0.1587,0.1596,11132540.0,1785211.5633
2026-06-05 23:00:00,0.1596,0.1603,0.1549,0.1565,13442322.0,2111088.38
2026-06-06 00:00:00,0.1565,0.1617,0.1565,0.1613,11376103.0,1807517.5389
2026-06-06 01:00:00,0.1613,0.1624,0.1578,0.1584,7699829.0,1228792.8015
2026-06-06 02:00:00,0.1584,0.1584,0.1551,0.1554,7266630.0,1138573.7224
2026-06-06 03:00:00,0.1554,0.1559,0.1537,0.155,5590923.0,865037.9042
2026-06-06 04:00:00,0.155,0.1559,0.1486,0.1497,23860001.0,3591248.8247
2026-06-06 05:00:00,0.1497,0.1548,0.1485,0.1537,18254344.0,2786529.9989
2026-06-06 06:00:00,0.1537,0.1562,0.1536,0.154,11976237.0,1853841.5064
2026-06-06 07:00:00,0.154,0.1583,0.154,0.1573,14522276.0,2277023.3525
2026-06-06 08:00:00,0.1573,0.1599,0.1565,0.1594,13917505.0,2206093.9383
2026-06-06 09:00:00,0.1594,0.1602,0.1562,0.1568,9108368.0,1442444.2072
2026-06-06 10:00:00,0.1568,0.1568,0.1534,0.1542,15427529.0,2385774.254
2026-06-06 11:00:00,0.1542,0.1565,0.1542,0.1562,9711819.0,1507338.0921
2026-06-06 12:00:00,0.1562,0.1593,0.1549,0.1583,14061257.0,2214017.7065
2026-06-06 13:00:00,0.1583,0.1595,0.1577,0.1583,18335526.0,2905075.1504
2026-06-06 14:00:00,0.1583,0.1616,0.1582,0.1599,11405304.0,1830545.8532
2026-06-06 15:00:00,0.1599,0.1602,0.1569,0.1586,12551953.0,1986672.9412
2026-06-06 16:00:00,0.1586,0.16,0.1574,0.1597,6768165.0,1074208.4532
2026-06-06 17:00:00,0.1597,0.1598,0.157,0.1576,7351435.0,1161601.4286
2026-06-06 18:00:00,0.1576,0.1587,0.1566,0.1569,7485283.0,1179813.7395
2026-06-06 19:00:00,0.1569,0.158,0.1566,0.1568,6081086.0,955201.7745
2026-06-06 20:00:00,0.1568,0.1574,0.156,0.1571,6005792.0,940453.9912
2026-06-06 21:00:00,0.1571,0.1586,0.157,0.1572,3885422.0,613380.1565
2026-06-06 22:00:00,0.1572,0.1572,0.1555,0.156,7198618.0,1124371.5234
2026-06-06 23:00:00,0.156,0.1575,0.1555,0.157,2968508.0,464247.4716
2026-06-07 00:00:00,0.157,0.1584,0.1567,0.1573,3251483.0,511615.5006
2026-06-07 01:00:00,0.1573,0.1618,0.157,0.1608,5118657.0,822530.0368
2026-06-07 02:00:00,0.1608,0.1618,0.1595,0.1607,6391260.0,1025174.6022
2026-06-07 03:00:00,0.1607,0.1621,0.1602,0.1613,5112656.0,823845.3259
2026-06-07 04:00:00,0.1613,0.1624,0.1596,0.1622,6974512.0,1121724.2551
2026-06-07 05:00:00,0.1622,0.1622,0.1605,0.161,5862609.0,945550.8464
2026-06-07 06:00:00,0.161,0.163,0.1601,0.1612,14483925.0,2342519.9986
2026-06-07 07:00:00,0.1612,0.1624,0.1606,0.1622,5492008.0,887590.0641
2026-06-07 08:00:00,0.1622,0.1654,0.1616,0.1648,15174646.0,2476606.9534
2026-06-07 09:00:00,0.1648,0.1667,0.1646,0.165,11981982.0,1985085.8076
2026-06-07 10:00:00,0.165,0.166,0.1634,0.1643,12135709.0,1996677.2463
2026-06-07 11:00:00,0.1643,0.1655,0.1638,0.1645,7807182.0,1285946.2745
2026-06-07 12:00:00,0.1645,0.1648,0.1603,0.1615,17966612.0,2908296.1768
2026-06-07 13:00:00,0.1615,0.1621,0.1608,0.1618,4224772.0,682098.317
2026-06-07 14:00:00,0.1618,0.1638,0.1616,0.1626,8757874.0,1422105.2956
2026-06-07 15:00:00,0.1626,0.1628,0.1614,0.1619,3492812.0,566069.8879
2026-06-07 16:00:00,0.1619,0.163,0.1619,0.1626,3364087.0,546737.9813
2026-06-07 17:00:00,0.1626,0.1639,0.1621,0.1628,8907850.0,1454612.1794
2026-06-07 18:00:00,0.1628,0.1636,0.1617,0.1617,5315710.0,863871.3855
2026-06-07 19:00:00,0.1617,0.1619,0.1579,0.1585,15241108.0,2425313.7829
2026-06-07 20:00:00,0.1585,0.1608,0.158,0.1607,7631845.0,1220652.6529
2026-06-07 21:00:00,0.1607,0.1609,0.1594,0.1606,6990718.0,1119671.5869
2026-06-07 22:00:00,0.1606,0.1686,0.1605,0.1643,17985381.0,2964697.5736
2026-06-07 23:00:00,0.1643,0.166,0.1642,0.1651,6705758.0,1107469.3091
2026-06-08 00:00:00,0.1651,0.1664,0.164,0.1653,5024431.0,829981.1287
2026-06-08 01:00:00,0.1653,0.1653,0.1613,0.1631,6884359.0,1122302.216
2026-06-08 02:00:00,0.1631,0.1641,0.1627,0.1635,1493888.0,244159.2485
2026-06-08 03:00:00,0.1635,0.1651,0.1629,0.1639,6433324.0,1053835.7378
2026-06-08 04:00:00,0.1639,0.1643,0.161,0.1616,3228952.0,524641.883
2026-06-08 05:00:00,0.1616,0.1619,0.1598,0.1607,3903226.0,627177.6302
2026-06-08 06:00:00,0.1607,0.1624,0.1607,0.1616,5242984.0,847837.8788
2026-06-08 07:00:00,0.1616,0.1637,0.1609,0.1637,5917713.0,961198.9678
2026-06-08 08:00:00,0.1637,0.1637,0.1622,0.1632,77358923.0,12597480.5996
2026-06-08 09:00:00,0.1632,0.1653,0.1627,0.165,4904870.0,805527.0846
2026-06-08 10:00:00,0.165,0.1658,0.1636,0.1643,6255264.0,1029168.7544
2026-06-08 11:00:00,0.1643,0.168,0.1641,0.1676,7188338.0,1199410.6729
2026-06-08 12:00:00,0.1676,0.1683,0.1648,0.1674,11067448.0,1841901.4764
2026-06-08 13:00:00,0.1674,0.1678,0.1654,0.1662,8746501.0,1458147.7312
2026-06-08 14:00:00,0.1662,0.1682,0.1655,0.1679,8165460.0,1363912.6311
2026-06-08 15:00:00,0.1679,0.1713,0.1679,0.169,12036225.0,2042245.6455
2026-06-08 16:00:00,0.169,0.172,0.1677,0.1678,8265944.0,1402963.3264
2026-06-08 17:00:00,0.1678,0.1699,0.167,0.1697,7801853.0,1311923.9511
2026-06-08 18:00:00,0.1697,0.1724,0.1697,0.1708,5741590.0,981770.3646
2026-06-08 19:00:00,0.1708,0.1723,0.1706,0.1716,3202305.0,549501.9625
2026-06-08 20:00:00,0.1716,0.1717,0.1687,0.1708,5114972.0,868210.5626
2026-06-08 21:00:00,0.1708,0.1743,0.1708,0.1715,11414734.0,1976020.6417
2026-06-08 22:00:00,0.1715,0.1721,0.1704,0.1718,7521482.0,1287664.1728
2026-06-08 23:00:00,0.1718,0.173,0.17,0.1703,5238905.0,897011.9585
2026-06-09 00:00:00,0.1703,0.1707,0.1659,0.1668,5052922.0,848935.423
2026-06-09 01:00:00,0.1668,0.1672,0.1661,0.1668,3019054.0,503560.4319
2026-06-09 02:00:00,0.1668,0.1673,0.1657,0.1673,3018159.0,502279.4794
2026-06-09 03:00:00,0.1673,0.1674,0.1657,0.1664,2042101.0,339471.1994
2026-06-09 04:00:00,0.1664,0.1687,0.1649,0.1684,2850956.0,475587.7465
2026-06-09 05:00:00,0.1684,0.1701,0.1678,0.1698,2927969.0,496296.7036
2026-06-09 06:00:00,0.1698,0.1709,0.1692,0.1694,4883644.0,830034.8054
2026-06-09 07:00:00,0.1694,0.1709,0.1689,0.1702,8321875.0,1413568.2851
2026-06-09 08:00:00,0.1702,0.1703,0.1682,0.1688,12818745.0,2166400.6811
2026-06-09 09:00:00,0.1688,0.169,0.1664,0.1677,8193475.0,1374395.4915
2026-06-09 10:00:00,0.1677,0.1683,0.1666,0.1675,5597940.0,937191.3788
2026-06-09 11:00:00,0.1675,0.1677,0.1665,0.1673,2762788.0,461649.5365
2026-06-09 12:00:00,0.1673,0.1686,0.167,0.1685,5669775.0,950779.3319
2026-06-09 13:00:00,0.1685,0.1695,0.167,0.168,10578282.0,1780712.692
2026-06-09 14:00:00,0.168,0.1687,0.1639,0.1659,12693086.0,2109284.0771
2026-06-09 15:00:00,0.1659,0.1667,0.1624,0.1628,10900214.0,1791204.1215
2026-06-09 16:00:00,0.1628,0.1634,0.16,0.1617,19609361.0,3173539.8777
2026-06-09 17:00:00,0.1617,0.1658,0.1617,0.1648,13060296.0,2140899.2637
2026-06-09 18:00:00,0.1648,0.1671,0.1642,0.1665,7269323.0,1205882.3784
2026-06-09 19:00:00,0.1665,0.1686,0.1656,0.1684,29228762.0,4905738.0092
2026-06-09 20:00:00,0.1684,0.1697,0.1677,0.1678,12811594.0,2159461.9133
2026-06-09 21:00:00,0.1678,0.1678,0.1642,0.1655,8893041.0,1479791.9395
2026-06-09 22:00:00,0.1655,0.166,0.1646,0.1648,3545915.0,586143.2334
2026-06-09 23:00:00,0.1648,0.1654,0.1642,0.1647,3069199.0,505879.3505
2026-06-10 00:00:00,0.1647,0.1659,0.1642,0.1658,2472442.0,408346.9723
2026-06-10 01:00:00,0.1658,0.1662,0.1642,0.1643,1733485.0,286367.2046
2026-06-10 02:00:00,0.1643,0.1649,0.1614,0.1616,5378009.0,874853.0278
2026-06-10 03:00:00,0.1616,0.1626,0.1609,0.1619,4197167.0,678653.4644
2026-06-10 04:00:00,0.1619,0.1625,0.1606,0.1612,6500727.0,1050155.4705
2026-06-10 05:00:00,0.1612,0.1618,0.1596,0.1601,8586418.0,1377358.9155
2026-06-10 06:00:00,0.1601,0.1609,0.1596,0.1604,6484860.0,1039051.9442
2026-06-10 07:00:00,0.1604,0.1621,0.1603,0.1611,3412452.0,550845.5146
2026-06-10 08:00:00,0.1611,0.1614,0.1583,0.1592,8397605.0,1341866.5547
2026-06-10 09:00:00,0.1592,0.1605,0.1582,0.1601,5234278.0,833621.4788
2026-06-10 10:00:00,0.1601,0.1606,0.1588,0.1603,3216169.0,513027.3606
2026-06-10 11:00:00,0.1603,0.1604,0.1583,0.1593,3031783.0,482353.4636
2026-06-10 12:00:00,0.1593,0.1631,0.1587,0.1614,11881282.0,1915221.6606
2026-06-10 13:00:00,0.1614,0.1655,0.1607,0.1641,8821749.0,1443510.0699
2026-06-10 14:00:00,0.1641,0.1643,0.1619,0.1634,9541637.0,1554799.477
2026-06-10 15:00:00,0.1634,0.1661,0.1623,0.1644,12950670.0,2131734.7455
2026-06-10 16:00:00,0.1644,0.1645,0.1599,0.1615,7837242.0,1270173.1814
2026-06-10 17:00:00,0.1615,0.1622,0.1597,0.1613,6799264.0,1093054.3357
2026-06-10 18:00:00,0.1613,0.1642,0.1608,0.1641,5528736.0,894568.0603
2026-06-10 19:00:00,0.1641,0.1644,0.16,0.1603,6012757.0,974360.3836
2026-06-10 20:00:00,0.1603,0.1612,0.1592,0.1599,3484547.0,557883.5327
2026-06-10 21:00:00,0.1599,0.16,0.1577,0.1589,5511700.0,874456.694
2026-06-10 22:00:00,0.1589,0.1609,0.1583,0.1597,3447370.0,551189.9606
2026-06-10 23:00:00,0.1597,0.1611,0.1587,0.16,3563460.0,570668.7508
2026-06-11 00:00:00,0.16,0.1611,0.1599,0.1602,2343270.0,376253.6975
2026-06-11 01:00:00,0.1602,0.163,0.1597,0.1625,2325333.0,374786.2244
2026-06-11 02:00:00,0.1625,0.1625,0.1607,0.1619,1870889.0,302779.7964
2026-06-11 03:00:00,0.1619,0.1659,0.1611,0.1654,3620799.0,593486.6472
2026-06-11 04:00:00,0.1654,0.1665,0.1618,0.1654,7737235.0,1274445.8095
2026-06-11 05:00:00,0.1654,0.1654,0.1641,0.1641,1241875.0,204643.0509
2026-06-11 06:00:00,0.1641,0.1649,0.1629,0.1635,5210478.0,854261.8771
2026-06-11 07:00:00,0.1635,0.1665,0.1633,0.1665,8811330.0,1453474.689
2026-06-11 08:00:00,0.1665,0.1679,0.1664,0.1666,9719285.0,1625142.5195
2026-06-11 09:00:00,0.1666,0.1668,0.1656,0.1662,6322743.0,1051066.4884
2026-06-11 10:00:00,0.1662,0.1664,0.1652,0.166,7480838.0,1238515.385
2026-06-11 11:00:00,0.166,0.1671,0.1655,0.1668,2339604.0,389239.0984
2026-06-11 12:00:00,0.1668,0.1669,0.1646,0.1655,8376416.0,1385921.2303
2026-06-11 13:00:00,0.1655,0.1661,0.1642,0.1657,4878627.0,805354.8168
2026-06-11 14:00:00,0.1657,0.1666,0.1645,0.1655,6476607.0,1072766.1533
2026-06-11 15:00:00,0.1655,0.1673,0.1646,0.1661,3084568.0,512189.4063
2026-06-11 16:00:00,0.1661,0.1666,0.1648,0.1649,7818797.0,1294435.8616
2026-06-11 17:00:00,0.1649,0.1705,0.164,0.1704,17230104.0,2882762.9223
2026-06-11 18:00:00,0.1704,0.1719,0.1688,0.1691,8610317.0,1463456.0948
2026-06-11 19:00:00,0.1691,0.1708,0.1681,0.1692,7164797.0,1215940.5092
2026-06-11 20:00:00,0.1692,0.1695,0.1674,0.1683,4625701.0,779527.0302
2026-06-11 21:00:00,0.1683,0.1708,0.1683,0.1699,3001976.0,509300.9175
2026-06-11 22:00:00,0.1699,0.1715,0.1699,0.1709,1630765.0,278254.0343
2026-06-11 23:00:00,0.1709,0.1717,0.17,0.1703,5395162.0,920831.2207
2026-06-12 00:00:00,0.1703,0.1711,0.1699,0.1701,4020898.0,685146.7246
2026-06-12 01:00:00,0.1701,0.1701,0.1687,0.1695,4083421.0,690592.329
2026-06-12 02:00:00,0.1695,0.1714,0.1694,0.1709,2661322.0,454796.3419
2026-06-12 03:00:00,0.1709,0.1718,0.1706,0.1718,5320364.0,910361.6551
2026-06-12 04:00:00,0.1718,0.1734,0.1712,0.172,5793187.0,997877.7038
2026-06-12 05:00:00,0.172,0.1723,0.17,0.17,4386099.0,749483.5313
2026-06-12 06:00:00,0.17,0.1707,0.168,0.1682,6738609.0,1136198.8906
2026-06-12 07:00:00,0.1682,0.1692,0.1682,0.169,3856830.0,650523.7256
2026-06-12 08:00:00,0.169,0.1707,0.169,0.1704,10272985.0,1745606.7229
2026-06-12 09:00:00,0.1704,0.1721,0.1697,0.1718,11641219.0,1992229.2846
2026-06-12 10:00:00,0.1718,0.1722,0.1707,0.1711,6511651.0,1115728.9891
2026-06-12 11:00:00,0.1711,0.1715,0.1705,0.171,2589201.0,442875.0036
2026-06-12 12:00:00,0.171,0.1721,0.1706,0.1707,4103272.0,702465.4372
2026-06-12 13:00:00,0.1707,0.171,0.1676,0.1682,5962122.0,1009710.855
2026-06-12 14:00:00,0.1682,0.1731,0.1682,0.1727,12737725.0,2171384.3483
2026-06-12 15:00:00,0.1727,0.1742,0.1701,0.1704,22110045.0,3819552.0893
2026-06-12 16:00:00,0.1704,0.1731,0.1696,0.1731,10152384.0,1741252.0245
2026-06-12 17:00:00,0.1731,0.1741,0.1715,0.1717,8841324.0,1526172.012
2026-06-12 18:00:00,0.1717,0.1722,0.1699,0.1709,5144364.0,879256.3942
2026-06-12 19:00:00,0.1709,0.1725,0.1704,0.1708,4716979.0,809269.9874
2026-06-12 20:00:00,0.1708,0.1712,0.1693,0.1695,2015233.0,343059.647
2026-06-12 21:00:00,0.1695,0.1703,0.1685,0.1693,2762731.0,468348.0313
2026-06-12 22:00:00,0.1693,0.1701,0.1689,0.1695,1716171.0,290708.0119
2026-06-12 23:00:00,0.1695,0.17,0.1686,0.1695,1860586.0,315001.0628
2026-06-13 00:00:00,0.1695,0.1705,0.1693,0.17,974142.0,165534.4658
2026-06-13 01:00:00,0.17,0.1731,0.1698,0.1727,8201924.0,1407701.3152
2026-06-13 02:00:00,0.1727,0.173,0.1714,0.1718,3304997.0,568868.467
2026-06-13 03:00:00,0.1718,0.1721,0.1699,0.1703,3239501.0,552993.2784
2026-06-13 04:00:00,0.1703,0.1708,0.1696,0.1701,1518953.0,258477.1821
2026-06-13 05:00:00,0.1701,0.1706,0.1689,0.1695,5753983.0,976764.2871
2026-06-13 06:00:00,0.1695,0.172,0.1694,0.1719,2872419.0,490477.5022
2026-06-13 07:00:00,0.1719,0.1739,0.1712,0.1732,8139058.0,1405759.9441
2026-06-13 08:00:00,0.1732,0.1736,0.1727,0.1728,2687879.0,465387.2068
2026-06-13 09:00:00,0.1728,0.1734,0.1723,0.1723,1963234.0,339014.0468
2026-06-13 10:00:00,0.1723,0.1729,0.172,0.1724,3717504.0,641323.1607
2026-06-13 11:00:00,0.1724,0.1738,0.1723,0.1733,3975284.0,688808.503
2026-06-13 12:00:00,0.1733,0.1743,0.173,0.1736,5918075.0,1026908.7144
2026-06-13 13:00:00,0.1736,0.174,0.1731,0.1739,12685407.0,2202124.845
2026-06-13 14:00:00,0.1739,0.1746,0.1736,0.1743,5805346.0,1010212.5312
2026-06-13 15:00:00,0.1743,0.1759,0.174,0.1748,7905556.0,1383651.5541
2026-06-13 16:00:00,0.1748,0.1749,0.1725,0.1734,10806313.0,1872528.3934
2026-06-13 17:00:00,0.1734,0.1739,0.1716,0.172,5523599.0,954765.7145
2026-06-13 18:00:00,0.172,0.1731,0.1719,0.1725,3891187.0,671561.7616
