timestamp,open,high,low,close,volume,turnover
2025-06-12 04:00:00,0.3948,0.3951,0.3841,0.3845,1332879.8629,519534.54744964
2025-06-12 08:00:00,0.3843,0.3877,0.3787,0.3793,3673113.2689,1411776.12881399
2025-06-12 12:00:00,0.3795,0.3909,0.3776,0.3799,4196082.1981,1607879.23918183
2025-06-12 16:00:00,0.3799,0.3911,0.3739,0.3752,2159871.5731,828526.21708733
2025-06-12 20:00:00,0.3749,0.3776,0.3654,0.3659,2686114.6261,992678.04661473
2025-06-13 00:00:00,0.3659,0.3665,0.3298,0.3417,8639247.9894,2959896.30512301
2025-06-13 04:00:00,0.3416,0.3416,0.334,0.3382,4027272.4416,1364034.44075407
2025-06-13 08:00:00,0.3381,0.3437,0.3352,0.3404,2819776.7195,957892.32497677
2025-06-13 12:00:00,0.3404,0.3466,0.3336,0.3438,4905126.4404,1670941.44174014
2025-06-13 16:00:00,0.3438,0.3517,0.336,0.339,3531241.7711,1211978.32747369
2025-06-13 20:00:00,0.3393,0.3495,0.3382,0.3488,1622985.7453,557992.81566636
2025-06-14 00:00:00,0.3486,0.3499,0.3436,0.3449,2720278.3816,943201.55403934
2025-06-14 04:00:00,0.3448,0.3477,0.3413,0.3439,1468907.0287,507006.8765409
2025-06-14 08:00:00,0.3438,0.3439,0.3392,0.3405,1249658.9434,426445.5218131
2025-06-14 12:00:00,0.3403,0.3429,0.3331,0.3345,1958882.856,661067.70894266
2025-06-14 16:00:00,0.3341,0.3358,0.3271,0.3312,2959774.6383,981321.445785
2025-06-14 20:00:00,0.3313,0.3367,0.3274,0.3333,1675192.5645,555348.08805122
2025-06-15 00:00:00,0.3334,0.3363,0.3312,0.332,2068294.2536,688835.56712247
2025-06-15 04:00:00,0.332,0.3349,0.3273,0.3278,4771573.4793,1579210.73069305
2025-06-15 08:00:00,0.3277,0.3281,0.3236,0.3271,3477336.7663,1132553.56045863
2025-06-15 12:00:00,0.327,0.3346,0.3261,0.3297,3942846.5192,1302063.09317436
2025-06-15 16:00:00,0.3298,0.332,0.324,0.3256,4933217.6794,1616491.5548816
2025-06-15 20:00:00,0.3257,0.3288,0.3192,0.3277,3633330.448,1177657.66537116
2025-06-16 00:00:00,0.3278,0.3338,0.3219,0.3295,3172119.9386,1043170.16262303
2025-06-16 04:00:00,0.3296,0.3411,0.3293,0.3404,4937248.7185,1663899.86687338
2025-06-16 08:00:00,0.3406,0.3407,0.3333,0.3371,5287435.3343,1788386.0707846
2025-06-16 12:00:00,0.337,0.3421,0.3342,0.3355,5879852.8468,1991597.88343518
2025-06-16 16:00:00,0.3356,0.34,0.3333,0.3374,2648618.2735,890966.77229948
2025-06-16 20:00:00,0.3374,0.3404,0.3173,0.3186,8392538.5356,2762965.91129293
2025-06-17 00:00:00,0.3186,0.3262,0.3112,0.3232,5940947.6021,1899611.19082782
2025-06-17 04:00:00,0.3233,0.3241,0.3162,0.3168,2907560.7339,928586.85946537
2025-06-17 08:00:00,0.3166,0.3172,0.3101,0.3119,3614846.902,1131872.58758973
2025-06-17 12:00:00,0.3119,0.3148,0.3026,0.3058,5187717.8666,1599517.01166891
2025-06-17 16:00:00,0.3057,0.3121,0.2991,0.3095,8515506.3021,2582425.15990574
2025-06-17 20:00:00,0.3093,0.3108,0.3006,0.3033,2298284.9359,701814.03814417
2025-06-18 00:00:00,0.3033,0.308,0.3024,0.3076,1891490.3131,577719.94169671
2025-06-18 04:00:00,0.3078,0.311,0.305,0.306,1566192.3091,482348.96374782
2025-06-18 08:00:00,0.306,0.3076,0.295,0.3003,3325176.2604,999080.12901564
2025-06-18 12:00:00,0.3002,0.3022,0.2899,0.2977,3899388.3699,1157519.09931606
2025-06-18 16:00:00,0.2976,0.3021,0.2933,0.2986,3326791.5846,993488.94035315
2025-06-18 20:00:00,0.2989,0.3093,0.2978,0.3072,1849368.9734,565164.84858152
2025-06-19 00:00:00,0.3072,0.3108,0.3054,0.3096,2309724.6373,711356.16464036
2025-06-19 04:00:00,0.3097,0.3117,0.3064,0.3065,1827578.0593,564627.94511358
2025-06-19 08:00:00,0.3066,0.3099,0.3042,0.3048,1561405.2018,479825.38543353
2025-06-19 12:00:00,0.3046,0.3062,0.2983,0.2999,2387858.6827,719537.16267243
2025-06-19 16:00:00,0.2999,0.3036,0.2966,0.299,1662695.6082,499726.4456361
2025-06-19 20:00:00,0.2991,0.3037,0.2972,0.3013,1514356.357,455228.29951858
2025-06-20 00:00:00,0.3014,0.304,0.2988,0.3001,1520582.2708,458665.7333731
2025-06-20 04:00:00,0.2999,0.3078,0.2963,0.3072,2164341.1456,655051.25098731
2025-06-20 08:00:00,0.3069,0.3104,0.3055,0.3085,2647401.1384,815779.64654404
2025-06-20 12:00:00,0.3082,0.3098,0.297,0.2989,3062938.0375,928933.18964225
2025-06-20 16:00:00,0.2988,0.2992,0.2839,0.2908,7747502.158,2249442.75164068
2025-06-20 20:00:00,0.2907,0.2944,0.2834,0.2866,2511954.8313,723298.7975586
2025-06-21 00:00:00,0.2866,0.2923,0.2864,0.2895,2385392.1491,689788.76245612
2025-06-21 04:00:00,0.2893,0.29,0.287,0.288,1445000.9803,417052.41437273
2025-06-21 08:00:00,0.2881,0.2907,0.2876,0.2881,2223067.3927,642734.9261571
2025-06-21 12:00:00,0.288,0.2886,0.2808,0.2846,3463383.1969,983472.64728288
2025-06-21 16:00:00,0.2846,0.2855,0.2766,0.2775,2327689.5778,650987.2159695
2025-06-21 20:00:00,0.2773,0.2818,0.2676,0.275,5435015.3092,1488585.50183091
2025-06-22 00:00:00,0.2751,0.281,0.2685,0.2702,3341811.076,917021.33477615
2025-06-22 04:00:00,0.2703,0.2747,0.2689,0.2698,2272735.994,619642.7895336
2025-06-22 08:00:00,0.2698,0.2722,0.2646,0.27,2484854.1349,667288.24497824
2025-06-22 12:00:00,0.2699,0.2719,0.2555,0.262,6871587.1122,1796530.44568392
2025-06-22 16:00:00,0.2617,0.2647,0.2591,0.2609,3342526.7747,875705.6047177
2025-06-22 20:00:00,0.261,0.2681,0.2526,0.2677,2991027.0221,780853.86819737
2025-06-23 00:00:00,0.2677,0.2747,0.2675,0.2724,1731024.4485,469381.58857171
2025-06-23 04:00:00,0.2725,0.274,0.2669,0.2678,4333613.7117,1168207.17091568
2025-06-23 08:00:00,0.2677,0.2717,0.2669,0.2697,3106166.8303,836589.34190516
2025-06-23 12:00:00,0.2697,0.2793,0.2685,0.2702,6552642.3722,1797860.46294792
2025-06-23 16:00:00,0.2703,0.2888,0.2646,0.2879,8043229.8017,2245152.57368237
2025-06-23 20:00:00,0.2881,0.305,0.2879,0.3018,8006284.0981,2380784.60992619
2025-06-24 00:00:00,0.3018,0.3078,0.2983,0.3071,5993347.176,1819594.51903162
2025-06-24 04:00:00,0.3071,0.3181,0.3044,0.3093,5544275.1611,1728590.62185697
2025-06-24 08:00:00,0.309,0.3168,0.3064,0.3146,5805185.4854,1817069.6726119
2025-06-24 12:00:00,0.3147,0.3228,0.3114,0.3225,3889113.8023,1230018.58229329
2025-06-24 16:00:00,0.3222,0.3352,0.3168,0.3195,5836146.722,1901675.47528451
2025-06-24 20:00:00,0.3195,0.3209,0.3123,0.3153,3080857.9254,976322.28793847
2025-06-25 00:00:00,0.3153,0.3164,0.3121,0.3134,1853846.9868,583007.54699642
2025-06-25 04:00:00,0.3135,0.315,0.3081,0.3101,3608013.4816,1119344.92523183
2025-06-25 08:00:00,0.3102,0.3163,0.3053,0.3156,2497915.1612,775458.48940559
2025-06-25 12:00:00,0.3156,0.3197,0.3106,0.3155,11459886.7464,3615766.41187371
2025-06-25 16:00:00,0.3155,0.3253,0.3118,0.3143,6736258.3928,2135704.28760974
2025-06-25 20:00:00,0.314,0.3183,0.3081,0.3088,1210108.7636,377969.87541411
2025-06-26 00:00:00,0.3089,0.3158,0.3049,0.3067,8262305.464,2568874.17409893
2025-06-26 04:00:00,0.3068,0.3092,0.302,0.3086,2657442.0408,811942.10456672
2025-06-26 08:00:00,0.3085,0.3096,0.3008,0.3017,1663952.7756,506547.59746483
2025-06-26 12:00:00,0.3017,0.3051,0.2943,0.3045,4387352.268,1314341.84765016
2025-06-26 16:00:00,0.3045,0.3088,0.3017,0.3055,2722917.7036,830580.5663994
2025-06-26 20:00:00,0.3054,0.3108,0.3,0.3037,2935486.8956,891868.51462916
2025-06-27 00:00:00,0.3037,0.3057,0.2977,0.3042,1879554.3437,568078.69400291
2025-06-27 04:00:00,0.3041,0.3086,0.3023,0.3037,1694098.2706,517122.70572747
2025-06-27 08:00:00,0.3038,0.3099,0.3017,0.3029,1268920.4339,387788.16212328
2025-06-27 12:00:00,0.3028,0.3138,0.298,0.3119,6881836.511,2098924.86868747
2025-06-27 16:00:00,0.312,0.3155,0.3035,0.3049,2651427.2401,822111.56983453
2025-06-27 20:00:00,0.3047,0.3086,0.3039,0.3057,935753.495,286525.09940369
2025-06-28 00:00:00,0.3055,0.3067,0.3026,0.3028,929684.7095,283207.99994678
2025-06-28 04:00:00,0.3027,0.3055,0.3014,0.305,1094247.289,331528.37598689
2025-06-28 08:00:00,0.3051,0.3052,0.3012,0.3029,3088455.3434,934080.54024274
2025-06-28 12:00:00,0.3028,0.3056,0.3008,0.3052,2039224.8985,616784.84876823
2025-06-28 16:00:00,0.3054,0.3085,0.3021,0.3062,3518066.5353,1076114.36418842
2025-06-28 20:00:00,0.3063,0.3137,0.3056,0.3112,2310807.3814,714529.48244248
2025-06-29 00:00:00,0.3111,0.3123,0.3049,0.3051,1352633.5575,418040.32824067
2025-06-29 04:00:00,0.3053,0.3096,0.3051,0.3096,1120530.5675,344473.8291809
2025-06-29 08:00:00,0.3096,0.3131,0.3081,0.3095,4043713.0903,1255409.69645422
2025-06-29 12:00:00,0.3097,0.3152,0.3062,0.3146,5295115.0258,1643666.80566905
2025-06-29 16:00:00,0.3147,0.349,0.3147,0.3477,21497671.0721,7148365.08716997
2025-06-29 20:00:00,0.3477,0.39,0.3406,0.3671,17731426.4228,6556107.07399349
2025-06-30 00:00:00,0.3671,0.3691,0.3554,0.3611,6399794.5899,2324477.16125803
2025-06-30 04:00:00,0.3609,0.3763,0.354,0.3731,9606285.0824,3510652.95597906
2025-06-30 08:00:00,0.3732,0.3764,0.3564,0.3658,9840245.8381,3593511.04949516
2025-06-30 12:00:00,0.3659,0.3725,0.3361,0.3397,18163355.2294,6389748.44016953
2025-06-30 16:00:00,0.3396,0.3488,0.336,0.3444,9899099.8235,3389152.37612196
2025-06-30 20:00:00,0.3443,0.3481,0.3417,0.3453,2683639.739,925761.30495982
2025-07-01 00:00:00,0.3453,0.3467,0.3322,0.3331,3860689.7705,1311772.917574
2025-07-01 04:00:00,0.3331,0.3339,0.3214,0.3271,5146541.0528,1677884.36197782
2025-07-01 08:00:00,0.3269,0.3303,0.3226,0.3267,8222430.4895,2688555.19496134
2025-07-01 12:00:00,0.3268,0.3306,0.3243,0.3269,4607343.0941,1508495.93449291
2025-07-01 16:00:00,0.327,0.3299,0.3236,0.3269,2372290.6148,775351.76321281
2025-07-01 20:00:00,0.3268,0.3289,0.3242,0.3274,2727692.4116,891507.09344902
2025-07-02 00:00:00,0.3271,0.3367,0.3223,0.3302,6150443.0972,2029945.97301133
2025-07-02 04:00:00,0.3303,0.3512,0.324,0.3484,16163345.2865,5512242.90580355
2025-07-02 08:00:00,0.3485,0.349,0.3378,0.3393,11310236.4895,3873002.36457622
2025-07-02 12:00:00,0.3392,0.3491,0.3392,0.344,10768632.686,3711268.5799329
2025-07-02 16:00:00,0.344,0.3573,0.3429,0.3525,7302245.9989,2571858.04316376
2025-07-02 20:00:00,0.3525,0.3547,0.3464,0.3479,3372796.4009,1181355.92864256
2025-07-03 00:00:00,0.348,0.3595,0.3474,0.3538,5773434.2131,2042564.36770988
2025-07-03 04:00:00,0.3538,0.3636,0.3531,0.358,6146030.5754,2203968.94807157
2025-07-03 08:00:00,0.3581,0.3592,0.3481,0.3505,4568120.7051,1613658.69320688
2025-07-03 12:00:00,0.3505,0.3553,0.3381,0.3418,6362450.5045,2211395.62570196
2025-07-03 16:00:00,0.3418,0.3455,0.3414,0.3438,1845601.0082,634276.30650276
2025-07-03 20:00:00,0.3437,0.3466,0.343,0.3437,1186944.8258,409194.27504072
2025-07-04 00:00:00,0.3436,0.3475,0.3391,0.3399,3297323.7056,1129785.14798436
2025-07-04 04:00:00,0.34,0.3411,0.3283,0.3289,3602497.7725,1205731.96647228
2025-07-04 08:00:00,0.3288,0.333,0.3271,0.3294,3941461.2485,1301434.25432636
2025-07-04 12:00:00,0.3296,0.3308,0.3207,0.3211,4846288.4374,1577674.90136814
2025-07-04 16:00:00,0.321,0.3217,0.3136,0.3189,3958393.6791,1258212.75060171
2025-07-04 20:00:00,0.3189,0.3246,0.3186,0.3241,1610678.1344,518645.36931948
2025-07-05 00:00:00,0.3244,0.3288,0.3206,0.3233,2307886.9412,748430.48637589
2025-07-05 04:00:00,0.3235,0.3267,0.3204,0.3251,1113859.8958,360086.94335927
2025-07-05 08:00:00,0.3254,0.3302,0.3243,0.3245,1117569.5523,365335.94612736
2025-07-05 12:00:00,0.3249,0.3279,0.3225,0.3253,1086961.0431,353510.6788434
2025-07-05 16:00:00,0.3252,0.3264,0.3202,0.323,1121922.3665,362680.4401914
2025-07-05 20:00:00,0.3229,0.3327,0.3223,0.3282,2837197.2058,934178.72203266
2025-07-06 00:00:00,0.3284,0.3287,0.3233,0.324,817502.475,266679.52158782
2025-07-06 04:00:00,0.3241,0.3257,0.3218,0.3243,1163711.8616,376407.64255243
2025-07-06 08:00:00,0.3244,0.3271,0.3226,0.3249,1888407.7019,612661.29538347
2025-07-06 12:00:00,0.325,0.336,0.3239,0.3328,3875718.5689,1284283.66429625
2025-07-06 16:00:00,0.3329,0.3337,0.3279,0.333,869518.9227,287975.26353703
2025-07-06 20:00:00,0.333,0.3393,0.3321,0.3345,3295429.8358,1107016.44674866
2025-07-07 00:00:00,0.3346,0.3374,0.3321,0.3339,1244061.8945,416225.93609583
2025-07-07 04:00:00,0.3341,0.3376,0.3309,0.337,1708236.293,570031.47297642
2025-07-07 08:00:00,0.3371,0.3387,0.3301,0.3321,2199576.1563,735049.00248484
2025-07-07 12:00:00,0.3322,0.3356,0.3277,0.3287,1797275.5681,596279.47671512
2025-07-07 16:00:00,0.3287,0.3333,0.3256,0.3305,2016556.1494,663137.8240444
2025-07-07 20:00:00,0.3305,0.3305,0.3254,0.329,970352.6871,318301.68069663
2025-07-08 00:00:00,0.3286,0.3303,0.3251,0.3258,1661329.8153,544140.80470382
2025-07-08 04:00:00,0.3258,0.329,0.3227,0.3274,1062968.8231,346186.83373495
2025-07-08 08:00:00,0.3279,0.3359,0.3246,0.3353,2120508.8695,702560.41594221
2025-07-08 12:00:00,0.3355,0.3379,0.3306,0.3318,2155737.0231,721147.53044952
2025-07-08 16:00:00,0.3319,0.3424,0.3307,0.3379,3283159.9847,1111227.16023037
2025-07-08 20:00:00,0.3381,0.3394,0.3358,0.3381,1974943.4166,666396.79022113
2025-07-09 00:00:00,0.3382,0.3385,0.334,0.3353,1863172.969,625875.16734474
2025-07-09 04:00:00,0.3354,0.3414,0.3341,0.3405,3071808.9312,1039855.87339864
2025-07-09 08:00:00,0.3411,0.3418,0.337,0.34,1807102.9359,613870.70779091
2025-07-09 12:00:00,0.3401,0.3448,0.3365,0.3383,6196540.3862,2114431.77507902
2025-07-09 16:00:00,0.3387,0.3547,0.3368,0.3536,5049840.4798,1736894.08956358
2025-07-09 20:00:00,0.3536,0.3586,0.3483,0.3553,3284878.5813,1165137.57295884
2025-07-10 00:00:00,0.3554,0.359,0.3512,0.3583,2260975.1411,803441.11221402
2025-07-10 04:00:00,0.358,0.3635,0.3545,0.3617,4192772.3643,1505091.58353585
2025-07-10 08:00:00,0.3614,0.3637,0.3581,0.3599,2586520.3194,933171.69257799
2025-07-10 12:00:00,0.3598,0.3638,0.3564,0.3581,2634431.7197,946010.4399675
2025-07-10 16:00:00,0.3581,0.3758,0.3576,0.3737,3331643.1213,1232853.20949862
2025-07-10 20:00:00,0.3735,0.3993,0.3729,0.3963,5680387.8431,2212045.69104823
2025-07-11 00:00:00,0.3965,0.418,0.3886,0.416,4499894.0728,1811572.54018531
2025-07-11 04:00:00,0.4159,0.4332,0.409,0.4117,6640667.4578,2794429.63284258
2025-07-11 08:00:00,0.4118,0.4258,0.4117,0.4122,2959826.5316,1238661.0924598
2025-07-11 12:00:00,0.4126,0.4227,0.4046,0.4062,4308760.1165,1786540.82015973
2025-07-11 16:00:00,0.4064,0.4217,0.4043,0.4208,2410133.4177,997756.4426106
2025-07-11 20:00:00,0.4208,0.4211,0.3961,0.4055,2549839.8826,1034559.04517766
2025-07-12 00:00:00,0.4054,0.4129,0.3978,0.4083,2274068.907,920039.50780103
2025-07-12 04:00:00,0.4084,0.4085,0.3957,0.4044,1804921.5822,724871.79844421
2025-07-12 08:00:00,0.4046,0.4063,0.4011,0.4024,1639744.2086,661635.20963425
2025-07-12 12:00:00,0.4027,0.4045,0.3821,0.3853,3377120.8763,1320906.71810714
2025-07-12 16:00:00,0.3859,0.3966,0.384,0.3962,1204322.7844,472109.90540533
2025-07-12 20:00:00,0.3963,0.4012,0.3903,0.3996,1134139.2376,449815.38415073
2025-07-13 00:00:00,0.4001,0.4035,0.3975,0.4029,1626843.1899,652369.99688732
2025-07-13 04:00:00,0.4028,0.4147,0.4013,0.4133,2240458.328,916359.2708549
2025-07-13 08:00:00,0.4133,0.4162,0.4059,0.4157,1869741.9191,768051.76376104
2025-07-13 12:00:00,0.4157,0.4218,0.4101,0.4136,3935884.9195,1640493.27650884
2025-07-13 16:00:00,0.4137,0.4202,0.4096,0.4152,1805604.6801,750017.19251983
2025-07-13 20:00:00,0.4156,0.4177,0.4071,0.4105,1311840.184,539947.66829621
2025-07-14 00:00:00,0.4106,0.4316,0.408,0.4271,2617194.7836,1098468.91625821
2025-07-14 04:00:00,0.4271,0.4337,0.4166,0.4233,3793791.6429,1611954.41167317
2025-07-14 08:00:00,0.4235,0.4271,0.4153,0.42,2517413.2471,1060819.38528546
2025-07-14 12:00:00,0.4199,0.425,0.4031,0.4074,4401981.3618,1818471.11253595
2025-07-14 16:00:00,0.4066,0.4127,0.4019,0.4038,2642119.5956,1076625.78485477
2025-07-14 20:00:00,0.404,0.4082,0.3987,0.4027,1386706.6722,559716.21562334
2025-07-15 00:00:00,0.4027,0.406,0.3905,0.3955,2746421.7843,1091232.61721278
2025-07-15 04:00:00,0.3952,0.405,0.391,0.3984,1649510.331,659443.38443756
2025-07-15 08:00:00,0.3987,0.4027,0.3956,0.4015,938812.2161,375281.27388452
2025-07-15 12:00:00,0.4014,0.4161,0.3975,0.4139,3574871.7876,1455789.26954558
2025-07-15 16:00:00,0.4139,0.4319,0.4136,0.4198,3449892.3767,1462232.06051827
2025-07-15 20:00:00,0.4201,0.4436,0.418,0.4366,3267369.4623,1408799.54081673
2025-07-16 00:00:00,0.4364,0.4434,0.4239,0.4285,4114526.2403,1788702.09662445
2025-07-16 04:00:00,0.4287,0.4476,0.4253,0.4403,3482615.5109,1518809.28878271
2025-07-16 08:00:00,0.44,0.4405,0.4298,0.4315,3302030.7339,1440435.10575121
2025-07-16 12:00:00,0.4314,0.4534,0.4302,0.4433,6252455.65,2772288.01187042
2025-07-16 16:00:00,0.4431,0.4544,0.4396,0.4501,4897001.0573,2194691.65049594
2025-07-16 20:00:00,0.4502,0.4585,0.4375,0.4405,3520106.4153,1583160.83203187
2025-07-17 00:00:00,0.4406,0.4486,0.4277,0.4302,2570456.3429,1122406.7566961
2025-07-17 04:00:00,0.4301,0.4502,0.4288,0.4473,2981649.6391,1316568.40908225
2025-07-17 08:00:00,0.4474,0.4568,0.444,0.444,3671150.1898,1649877.90644885
2025-07-17 12:00:00,0.4441,0.4519,0.4393,0.4485,3097068.5856,1382905.48225541
2025-07-17 16:00:00,0.4484,0.4495,0.4322,0.4345,3151103.9239,1387061.67494515
2025-07-17 20:00:00,0.4352,0.4565,0.4294,0.4497,3211242.6662,1429204.75159295
2025-07-18 00:00:00,0.4499,0.4666,0.4466,0.4574,4389437.15,2018999.41011748
2025-07-18 04:00:00,0.4575,0.4857,0.4568,0.4725,6761991.1924,3212831.18575523
2025-07-18 08:00:00,0.4725,0.4793,0.4628,0.4695,4444673.4596,2088825.26617389
2025-07-18 12:00:00,0.4698,0.4969,0.4684,0.4704,9801360.0787,4721950.97809246
2025-07-18 16:00:00,0.4704,0.4763,0.4516,0.4552,4906626.5436,2275623.41948567
2025-07-18 20:00:00,0.4553,0.4581,0.4393,0.4524,5276936.1922,2375281.8028507
2025-07-19 00:00:00,0.4525,0.4709,0.4378,0.4697,3861734.6402,1753840.96568633
2025-07-19 04:00:00,0.4696,0.4772,0.4578,0.4588,3096651.9069,1442117.16439794
2025-07-19 08:00:00,0.4592,0.4611,0.4514,0.4535,1862613.3569,850981.37968444
2025-07-19 12:00:00,0.4534,0.4583,0.4473,0.4529,2110205.4708,955191.90257507
2025-07-19 16:00:00,0.4528,0.4651,0.448,0.4631,2344647.0801,1065920.01330763
2025-07-19 20:00:00,0.4632,0.4668,0.4554,0.4648,1365873.5673,632065.47704269
2025-07-20 00:00:00,0.4649,0.4713,0.4575,0.4683,3080048.1449,1425476.95388004
2025-07-20 04:00:00,0.4686,0.4762,0.4623,0.4726,2784546.1344,1306430.34153071
2025-07-20 08:00:00,0.4726,0.4898,0.4726,0.4846,4496966.1844,2169627.85054568
2025-07-20 12:00:00,0.4847,0.4994,0.481,0.498,3115398.7228,1521798.05651236
2025-07-20 16:00:00,0.4981,0.51,0.4879,0.4919,6397007.1949,3190396.5153269
2025-07-20 20:00:00,0.492,0.4928,0.4736,0.4832,2321902.6581,1125840.7104256
2025-07-21 00:00:00,0.4834,0.4925,0.4741,0.4916,2485561.8067,1203514.64813127
2025-07-21 04:00:00,0.4916,0.4986,0.4861,0.4947,1936413.737,955940.28298688
2025-07-21 08:00:00,0.495,0.5011,0.4877,0.4946,2736016.6735,1351567.69336148
2025-07-21 12:00:00,0.4946,0.5105,0.4854,0.498,5420739.7694,2704233.23095834
2025-07-21 16:00:00,0.4984,0.4993,0.477,0.4807,4748653.6609,2309734.54721559
2025-07-21 20:00:00,0.4806,0.4893,0.4781,0.4856,2067497.4218,998755.95115462
2025-07-22 00:00:00,0.486,0.4894,0.4646,0.4707,5924957.1087,2824324.76067305
2025-07-22 04:00:00,0.4707,0.4719,0.4572,0.4646,4746958.8718,2205319.32919607
2025-07-22 08:00:00,0.4645,0.4785,0.4533,0.4696,4719460.1488,2188151.7427349
2025-07-22 12:00:00,0.47,0.4855,0.4596,0.478,4853196.0699,2288210.88322637
2025-07-22 16:00:00,0.4783,0.4865,0.4644,0.4665,3013429.001,1436263.22727033
2025-07-22 20:00:00,0.4663,0.4839,0.4651,0.4818,2550223.7568,1213487.03939292
2025-07-23 00:00:00,0.4824,0.4834,0.47,0.4718,3624007.1018,1720576.65657121
2025-07-23 04:00:00,0.472,0.4784,0.4596,0.4618,4090408.5427,1921267.71097816
2025-07-23 08:00:00,0.4618,0.4671,0.4524,0.4568,2983355.5402,1367134.83443513
2025-07-23 12:00:00,0.4566,0.4589,0.4287,0.4433,10679639.9699,4706949.97612522
2025-07-23 16:00:00,0.4432,0.4432,0.4238,0.4321,4920487.3726,2127095.1575449
2025-07-23 20:00:00,0.4322,0.4364,0.417,0.4333,4240119.6343,1811933.44288196
2025-07-24 00:00:00,0.4337,0.4439,0.4324,0.4371,2129196.8193,935958.04032849
2025-07-24 04:00:00,0.4372,0.4394,0.4067,0.422,8249143.7125,3468692.77934853
2025-07-24 08:00:00,0.4218,0.4369,0.4185,0.4357,4437751.2323,1906345.35039113
2025-07-24 12:00:00,0.4355,0.4494,0.4273,0.4416,4463898.0654,1963487.06644265
2025-07-24 16:00:00,0.4417,0.4431,0.4294,0.4374,2042915.0819,892780.05285226
2025-07-24 20:00:00,0.4374,0.4418,0.4284,0.4305,1647977.1969,715693.11485179
2025-07-25 00:00:00,0.4308,0.4314,0.4135,0.4207,3345955.0083,1415548.05936179
2025-07-25 04:00:00,0.4205,0.4288,0.4157,0.4235,4717069.3721,1992440.29942918
2025-07-25 08:00:00,0.4234,0.4435,0.4233,0.4411,2645353.7,1146674.60440094
2025-07-25 12:00:00,0.4413,0.4431,0.4225,0.4284,3012460.3761,1306484.20931875
2025-07-25 16:00:00,0.4286,0.4357,0.4247,0.4292,3138807.2194,1354266.45644209
2025-07-25 20:00:00,0.4289,0.4444,0.4287,0.4431,1567336.0891,690667.08909801
2025-07-26 00:00:00,0.4433,0.4519,0.4397,0.4508,2113567.8329,940631.38008355
2025-07-26 04:00:00,0.4513,0.452,0.4449,0.4474,2234465.1728,1001233.40255432
2025-07-26 08:00:00,0.4476,0.4514,0.4455,0.4458,1331628.9357,597299.30693813
2025-07-26 12:00:00,0.4459,0.4502,0.4428,0.4502,1679640.4568,751319.35935139
2025-07-26 16:00:00,0.4502,0.4568,0.4477,0.455,1871791.9717,845755.85623119
2025-07-26 20:00:00,0.4557,0.4579,0.4481,0.4485,977420.4755,442735.66837996
2025-07-27 00:00:00,0.4487,0.4573,0.4468,0.4524,1346340.1416,610460.52718254
2025-07-27 04:00:00,0.4526,0.4596,0.4505,0.451,1080544.9302,491171.2870041
2025-07-27 08:00:00,0.4512,0.4583,0.4465,0.4518,1538696.6899,696245.72805042
2025-07-27 12:00:00,0.452,0.4566,0.4477,0.4514,1340835.4297,605349.73210889
2025-07-27 16:00:00,0.4518,0.4597,0.4504,0.4541,2345491.8074,1066664.76191562
2025-07-27 20:00:00,0.4543,0.4632,0.4508,0.4604,1335659.9099,611027.99065677
2025-07-28 00:00:00,0.4604,0.4662,0.4518,0.4617,2316344.9066,1064907.74119906
2025-07-28 04:00:00,0.4618,0.479,0.4592,0.4712,6696841.9257,3158805.11036893
2025-07-28 08:00:00,0.4712,0.4769,0.4656,0.47,3421516.2438,1611626.23706583
2025-07-28 12:00:00,0.4702,0.4709,0.4447,0.4481,3938221.2165,1790181.69647097
2025-07-28 16:00:00,0.4481,0.4504,0.4325,0.4371,3282366.4496,1447415.87712961
2025-07-28 20:00:00,0.4374,0.4379,0.4282,0.4344,1773681.2721,767329.16685758
2025-07-29 00:00:00,0.4344,0.4405,0.4218,0.4311,3010871.5084,1298392.56228196
2025-07-29 04:00:00,0.431,0.4507,0.428,0.4493,2434708.9416,1076098.17447349
2025-07-29 08:00:00,0.4493,0.4496,0.4326,0.4353,2279248.3163,1003273.4756729
2025-07-29 12:00:00,0.4353,0.4412,0.4192,0.4233,3510152.1389,1506152.65468623
2025-07-29 16:00:00,0.4229,0.4296,0.4169,0.42,3664850.2909,1544759.59445691
2025-07-29 20:00:00,0.4198,0.4276,0.4148,0.425,1708658.5293,718789.50978846
2025-07-30 00:00:00,0.4251,0.4265,0.4159,0.4237,1609023.2858,677183.55569821
2025-07-30 04:00:00,0.4237,0.4257,0.4182,0.4194,1082391.2923,457215.71428055
2025-07-30 08:00:00,0.4196,0.4229,0.4019,0.4064,6222014.8876,2566773.71737249
2025-07-30 12:00:00,0.4064,0.4176,0.4029,0.4141,4187999.3593,1714375.7563513
2025-07-30 16:00:00,0.4143,0.4231,0.3933,0.4129,4472095.5091,1835183.10010278
2025-07-30 20:00:00,0.4131,0.4178,0.4069,0.4154,1484853.1904,612551.41248095
2025-07-31 00:00:00,0.4155,0.4255,0.4133,0.4237,1374016.5304,577697.46356071
2025-07-31 04:00:00,0.4246,0.4315,0.4231,0.4298,2235830.4564,955848.56319771
2025-07-31 08:00:00,0.43,0.4311,0.4221,0.4238,1671251.1512,714125.24279924
2025-07-31 12:00:00,0.4239,0.4243,0.4034,0.4102,4482671.0078,1846963.86559121
2025-07-31 16:00:00,0.4102,0.42,0.4048,0.4064,3897254.0675,1599821.04797151
2025-07-31 20:00:00,0.4061,0.4089,0.3953,0.3979,2914114.0018,1173937.5867114
2025-08-01 00:00:00,0.398,0.3991,0.3836,0.3965,4194141.1491,1643536.37739509
2025-08-01 04:00:00,0.3962,0.3962,0.3846,0.3889,3172425.9395,1236916.85957664
2025-08-01 08:00:00,0.3887,0.3902,0.3759,0.3895,3756565.9278,1440782.32165209
2025-08-01 12:00:00,0.3896,0.3946,0.3772,0.3882,3718387.7075,1437646.68361855
2025-08-01 16:00:00,0.3883,0.3913,0.378,0.3872,1922201.3034,737455.29564451
2025-08-01 20:00:00,0.3871,0.3882,0.3671,0.3775,3672512.1305,1383645.95594575
2025-08-02 00:00:00,0.3775,0.3827,0.3768,0.3809,1196576.3512,455460.72574221
2025-08-02 04:00:00,0.3812,0.3815,0.3672,0.3785,1711847.338,640962.03135854
2025-08-02 08:00:00,0.3783,0.3788,0.3696,0.3769,3816681.548,1432289.62293517
2025-08-02 12:00:00,0.3765,0.3793,0.3692,0.3707,1310800.2801,490946.81166102
2025-08-02 16:00:00,0.3706,0.3755,0.361,0.3656,2335273.747,860487.17042286
2025-08-02 20:00:00,0.3655,0.3725,0.3653,0.3689,699318.1635,257924.66082287
2025-08-03 00:00:00,0.3689,0.376,0.3636,0.3745,1095860.0196,407368.43684772
2025-08-03 04:00:00,0.3744,0.3775,0.3723,0.3767,956952.5675,358682.11114215
2025-08-03 08:00:00,0.3767,0.3843,0.3755,0.3811,941959.5447,358289.86730482
2025-08-03 12:00:00,0.3811,0.3836,0.379,0.3823,533049.0337,203205.85942239
2025-08-03 16:00:00,0.3821,0.385,0.3807,0.3826,529626.0235,202823.47545229
2025-08-03 20:00:00,0.3824,0.386,0.3795,0.3827,1693498.185,646553.60627328
2025-08-04 00:00:00,0.3827,0.3931,0.3822,0.39,982399.6836,382457.71733475
2025-08-04 04:00:00,0.3901,0.3931,0.3863,0.3915,764220.5941,297716.71366699
2025-08-04 08:00:00,0.3917,0.393,0.3884,0.3895,613984.9165,240093.63501814
2025-08-04 12:00:00,0.3897,0.4009,0.3889,0.3991,2085362.0302,825886.80648246
2025-08-04 16:00:00,0.3992,0.4119,0.3988,0.4009,2491987.4425,1010252.87228816
2025-08-04 20:00:00,0.401,0.4104,0.4006,0.4055,2384058.1769,969797.31972311
2025-08-05 00:00:00,0.4056,0.4058,0.3949,0.3951,1702054.6094,681107.60764304
2025-08-05 04:00:00,0.3951,0.3977,0.3855,0.3877,1634711.7828,640504.12430956
2025-08-05 08:00:00,0.3875,0.4004,0.3868,0.3982,1485301.0359,586390.38468195
2025-08-05 12:00:00,0.3986,0.3987,0.3783,0.3801,4541068.2595,1765815.56899573
2025-08-05 16:00:00,0.38,0.3862,0.3797,0.3818,1423530.8832,545054.94646086
2025-08-05 20:00:00,0.3819,0.3848,0.375,0.3836,1223012.5772,463886.95701341
2025-08-06 00:00:00,0.384,0.384,0.3738,0.3755,651677.9328,246189.61203841
2025-08-06 04:00:00,0.3753,0.3899,0.3734,0.3885,1853034.29,711091.29949568
2025-08-06 08:00:00,0.3888,0.39,0.3826,0.3836,972465.7365,374550.99880535
2025-08-06 12:00:00,0.3836,0.3904,0.3782,0.3901,2225733.6579,852416.45164991
2025-08-06 16:00:00,0.39,0.3923,0.3834,0.3887,1489488.439,578078.37939673
2025-08-06 20:00:00,0.3887,0.3902,0.3861,0.3891,742630.0861,288895.29783376
2025-08-07 00:00:00,0.3891,0.3935,0.3863,0.3866,1493495.5892,580112.30831423
2025-08-07 04:00:00,0.3865,0.3931,0.3864,0.3913,1120432.9773,437610.63258227
2025-08-07 08:00:00,0.3919,0.4097,0.3911,0.4091,3985568.8363,1607503.49118506
2025-08-07 12:00:00,0.4091,0.4115,0.404,0.4081,1631927.8843,665552.16083782
2025-08-07 16:00:00,0.4083,0.411,0.3977,0.4104,1197964.368,483516.57765605
2025-08-07 20:00:00,0.4104,0.419,0.4093,0.4166,1159828.2517,480901.63172284
2025-08-08 00:00:00,0.4167,0.4256,0.4098,0.4234,32769169.3156,13645571.24245208
2025-08-08 04:00:00,0.4236,0.4273,0.417,0.4262,2984244.1269,1261851.98785253
2025-08-08 08:00:00,0.4262,0.429,0.4198,0.4221,2008851.1661,853583.49846985
2025-08-08 12:00:00,0.4221,0.4311,0.4156,0.42,2933885.545,1239898.68745209
2025-08-08 16:00:00,0.42,0.4356,0.4196,0.4331,2410187.4527,1037757.75144498
2025-08-08 20:00:00,0.4332,0.4365,0.4313,0.4337,983516.404,427251.90062665
2025-08-09 00:00:00,0.434,0.4403,0.4337,0.4384,1245744.8053,544094.09583247
2025-08-09 04:00:00,0.4385,0.458,0.4375,0.4549,3547889.6222,1599819.44641376
2025-08-09 08:00:00,0.4548,0.4661,0.4541,0.4647,3842231.7129,1774254.75537163
2025-08-09 12:00:00,0.4648,0.4666,0.4543,0.4625,5422515.9442,2499724.4854244
2025-08-09 16:00:00,0.4628,0.4718,0.461,0.4702,1786001.7019,831604.18832687
2025-08-09 20:00:00,0.4702,0.48,0.4682,0.4735,3490729.6433,1654501.45877031
2025-08-10 00:00:00,0.4735,0.486,0.4647,0.4698,5324932.0159,2530174.43203761
2025-08-10 04:00:00,0.4699,0.476,0.4516,0.4545,3665447.0155,1697172.65357842
2025-08-10 08:00:00,0.4544,0.459,0.4489,0.4514,1800358.3466,818220.97471749
2025-08-10 12:00:00,0.4514,0.4688,0.4503,0.4635,2086316.8598,961557.1775912
2025-08-10 16:00:00,0.4634,0.4695,0.4599,0.4649,4273556.765,1986684.38133411
2025-08-10 20:00:00,0.4649,0.4673,0.459,0.4671,1487265.3384,689707.86128777
2025-08-11 00:00:00,0.4668,0.4763,0.4631,0.4747,3273794.6268,1546919.59379069
2025-08-11 04:00:00,0.4748,0.4813,0.4586,0.4594,4037452.3291,1898613.28045636
2025-08-11 08:00:00,0.4592,0.4637,0.4443,0.4462,4007333.1455,1820972.98776497
2025-08-11 12:00:00,0.4462,0.4574,0.4411,0.4543,3708780.8477,1665533.71737293
2025-08-11 16:00:00,0.4545,0.4635,0.4444,0.4479,2706853.6542,1229914.50249734
2025-08-11 20:00:00,0.4474,0.4488,0.4334,0.4359,2306271.3323,1016391.84363471
2025-08-12 00:00:00,0.436,0.4481,0.4355,0.442,1482861.1969,657433.44916661
2025-08-12 04:00:00,0.4416,0.4482,0.435,0.4439,1267242.4029,559795.7162686
2025-08-12 08:00:00,0.4439,0.4463,0.4335,0.4419,1338640.3204,589626.5495894
2025-08-12 12:00:00,0.4422,0.4686,0.4388,0.4679,5453393.2598,2497225.00657335
2025-08-12 16:00:00,0.4679,0.4768,0.4642,0.4706,3133018.9177,1472493.80998429
2025-08-12 20:00:00,0.471,0.48,0.4697,0.4774,2876397.4933,1369572.66177688
2025-08-13 00:00:00,0.4775,0.485,0.4705,0.4819,3925013.5553,1879787.80114747
2025-08-13 04:00:00,0.4819,0.4855,0.4712,0.4787,3178699.6694,1523367.59519278
2025-08-13 08:00:00,0.4786,0.4989,0.4779,0.4934,6968320.3388,3419000.17309939
2025-08-13 12:00:00,0.4935,0.5427,0.4907,0.5394,21742457.1362,11383815.29838894
2025-08-13 16:00:00,0.5395,0.56,0.5371,0.5545,15438329.007,8475254.75510062
2025-08-13 20:00:00,0.5546,0.5827,0.5494,0.5713,7836205.4837,4456357.98723363
2025-08-14 00:00:00,0.5713,0.5758,0.5456,0.5584,7684780.6411,4283215.16167847
2025-08-14 04:00:00,0.5583,0.5631,0.538,0.5432,6494856.9313,3558679.97044357
2025-08-14 08:00:00,0.5434,0.5482,0.5322,0.5363,5510793.6289,2973164.28927668
2025-08-14 12:00:00,0.5363,0.5399,0.4953,0.5236,20626822.4483,10673102.35087565
2025-08-14 16:00:00,0.5235,0.5344,0.5161,0.5193,6860423.4246,3608530.25826181
2025-08-14 20:00:00,0.5191,0.5204,0.5018,0.5167,2709763.7545,1389760.87874548
2025-08-15 00:00:00,0.5168,0.5314,0.5166,0.5227,5254912.5652,2764006.23577527
2025-08-15 04:00:00,0.5228,0.5369,0.514,0.522,4762923.3674,2499655.57343645
2025-08-15 08:00:00,0.5223,0.5228,0.5096,0.51,2646127.8921,1364334.05257275
2025-08-15 12:00:00,0.5098,0.5216,0.4741,0.4774,10245067.3919,5075213.96590912
2025-08-15 16:00:00,0.4776,0.484,0.4711,0.4739,5012789.1714,2391109.49635444
2025-08-15 20:00:00,0.4742,0.4913,0.4719,0.4818,2696133.9841,1297178.15089419
2025-08-16 00:00:00,0.4818,0.4873,0.4782,0.4804,2358470.2701,1138180.25184477
2025-08-16 04:00:00,0.4806,0.4911,0.479,0.4875,3164752.9477,1532641.18297112
2025-08-16 08:00:00,0.4875,0.4885,0.4735,0.4735,2320853.4044,1115455.83264702
2025-08-16 12:00:00,0.4738,0.4882,0.4718,0.4867,2797090.1997,1347363.60863944
2025-08-16 16:00:00,0.4863,0.4944,0.4835,0.4916,2160347.2111,1056755.99273823
2025-08-16 20:00:00,0.4917,0.4983,0.4916,0.4927,1531950.5216,757969.76018911
2025-08-17 00:00:00,0.4927,0.5034,0.4855,0.5006,2120874.0175,1044490.01271677
2025-08-17 04:00:00,0.5004,0.5313,0.498,0.525,10630585.0114,5507233.15241003
2025-08-17 08:00:00,0.525,0.5345,0.5208,0.5302,7249267.2116,3819063.60898502
2025-08-17 12:00:00,0.5306,0.5595,0.5215,0.5576,11606041.787,6260780.97571028
2025-08-17 16:00:00,0.5575,0.5647,0.5316,0.5334,10257773.2753,5600264.74650335
2025-08-17 20:00:00,0.5334,0.5444,0.5303,0.5365,3095969.8023,1660729.35967918
2025-08-18 00:00:00,0.5361,0.5438,0.5096,0.5165,11517370.3759,6033054.89016578
2025-08-18 04:00:00,0.5163,0.5338,0.5129,0.5139,8070776.2937,4232067.10732821
2025-08-18 08:00:00,0.5141,0.5232,0.5061,0.5093,8952693.6632,4596220.48610656
2025-08-18 12:00:00,0.5092,0.5291,0.508,0.5167,9038270.8275,4675045.90569037
2025-08-18 16:00:00,0.5166,0.5253,0.5086,0.5127,5967665.018,3077757.5337674
2025-08-18 20:00:00,0.5127,0.5269,0.5073,0.5111,4672759.0007,2415015.915507
2025-08-19 00:00:00,0.5114,0.5248,0.4892,0.4935,7862607.5124,3974748.32357815
2025-08-19 04:00:00,0.4932,0.4979,0.4864,0.4903,3391412.0483,1670376.30703927
2025-08-19 08:00:00,0.4901,0.5061,0.4857,0.5037,2891263.4364,1439239.64119259
2025-08-19 12:00:00,0.5038,0.5078,0.4825,0.4902,5161146.3726,2544542.3481644
2025-08-19 16:00:00,0.4903,0.4933,0.4759,0.48,3407379.969,1648838.601132
2025-08-19 20:00:00,0.4798,0.4843,0.4699,0.4731,3381232.4963,1614458.25077617
2025-08-20 00:00:00,0.473,0.487,0.4716,0.482,4689373.6234,2242752.44749417
2025-08-20 04:00:00,0.4823,0.4898,0.4811,0.4817,3001209.6921,1457893.76082564
2025-08-20 08:00:00,0.4818,0.4973,0.4807,0.4876,4827059.0163,2366445.20522668
2025-08-20 12:00:00,0.4876,0.5084,0.4729,0.5005,6771953.4461,3327228.59331929
2025-08-20 16:00:00,0.5006,0.5192,0.5004,0.5141,5151230.2622,2638926.84290146
2025-08-20 20:00:00,0.5145,0.5168,0.5071,0.5135,1862450.66,954437.26736531
2025-08-21 00:00:00,0.5135,0.5207,0.5047,0.5134,4366382.4515,2236914.20708179
2025-08-21 04:00:00,0.5136,0.5157,0.5021,0.5049,1643790.0821,836650.54804863
2025-08-21 08:00:00,0.5052,0.5052,0.4938,0.496,1847571.3178,920462.28315194
2025-08-21 12:00:00,0.4961,0.5062,0.4872,0.4886,4387630.0188,2170718.39634425
2025-08-21 16:00:00,0.4887,0.4956,0.485,0.4907,1504909.3519,736246.64435457
2025-08-21 20:00:00,0.4907,0.5037,0.4889,0.4963,1352693.5914,672936.16995946
2025-08-22 00:00:00,0.4961,0.5066,0.49,0.5001,2430747.2088,1215045.96014538
2025-08-22 04:00:00,0.5004,0.5082,0.4925,0.5045,3268561.9355,1635778.07959987
2025-08-22 08:00:00,0.5044,0.5081,0.4867,0.4872,3265442.0179,1625156.09838394
2025-08-22 12:00:00,0.4872,0.5484,0.4742,0.5385,15999271.9533,8228443.02828833
2025-08-22 16:00:00,0.5388,0.6074,0.5386,0.5971,17120011.9912,9836900.8319221
2025-08-22 20:00:00,0.5971,0.6069,0.578,0.5867,9450373.463,5601008.30728547
2025-08-23 00:00:00,0.5865,0.5878,0.5672,0.579,6518362.7444,3766914.08090407
2025-08-23 04:00:00,0.5792,0.5911,0.5754,0.583,4679482.2384,2736995.09983275
2025-08-23 08:00:00,0.5829,0.598,0.5793,0.5861,4489020.6916,2637182.68941215
2025-08-23 12:00:00,0.5864,0.5979,0.5826,0.5955,4420936.7864,2607269.32474051
2025-08-23 16:00:00,0.5953,0.6082,0.5867,0.6067,3369289.7908,2011577.24449289
2025-08-23 20:00:00,0.6066,0.6144,0.5928,0.6132,4113085.308,2485313.6966179
2025-08-24 00:00:00,0.613,0.6245,0.5904,0.5939,7220499.1835,4377301.89905797
2025-08-24 04:00:00,0.5939,0.5948,0.5753,0.5766,3497235.2768,2040455.92644955
2025-08-24 08:00:00,0.5766,0.583,0.5664,0.5711,4134057.297,2368555.01924948
2025-08-24 12:00:00,0.571,0.5941,0.5688,0.5828,8865162.4053,5152049.38326493
2025-08-24 16:00:00,0.5829,0.6101,0.5645,0.5838,11081072.3378,6542777.49866873
2025-08-24 20:00:00,0.584,0.5864,0.5675,0.579,3741786.7682,2162197.2789731
2025-08-25 00:00:00,0.5793,0.5912,0.5633,0.5756,4530087.9608,2613882.01357734
2025-08-25 04:00:00,0.5759,0.5785,0.5468,0.5482,5119663.2684,2879575.85398272
2025-08-25 08:00:00,0.5484,0.5548,0.5392,0.5461,3963731.9119,2165234.79974344
2025-08-25 12:00:00,0.5458,0.5556,0.5407,0.5428,4637174.4463,2543579.41161133
2025-08-25 16:00:00,0.5427,0.546,0.5215,0.5222,6458388.9822,3425584.2302765
2025-08-25 20:00:00,0.5222,0.5262,0.5103,0.5176,8046284.9094,4163355.2213262
2025-08-26 00:00:00,0.5173,0.5418,0.5133,0.5308,5716701.3616,3017893.11183718
2025-08-26 04:00:00,0.531,0.5401,0.5249,0.5288,3122412.7085,1659745.33180662
2025-08-26 08:00:00,0.5288,0.5342,0.5233,0.5265,1901786.573,1003300.03405304
2025-08-26 12:00:00,0.5266,0.5437,0.5235,0.5332,5884085.9443,3139929.96409733
2025-08-26 16:00:00,0.5335,0.5391,0.5254,0.5376,2719633.9763,1443198.62681184
2025-08-26 20:00:00,0.5376,0.5417,0.5278,0.5305,3359958.6263,1792757.71200089
2025-08-27 00:00:00,0.53,0.5331,0.5175,0.5275,4792455.5297,2516826.57857675
2025-08-27 04:00:00,0.5275,0.5329,0.5144,0.5175,3720115.3869,1955381.29478187
2025-08-27 08:00:00,0.5179,0.522,0.5112,0.5208,1978807.0827,1021458.59258651
2025-08-27 12:00:00,0.5206,0.5303,0.5152,0.5225,3479914.1078,1814743.32293631
2025-08-27 16:00:00,0.5221,0.5228,0.5042,0.5097,3444304.9025,1772144.40941487
2025-08-27 20:00:00,0.5096,0.5156,0.4974,0.505,4053244.9866,2056927.37919635
2025-08-28 00:00:00,0.5054,0.5134,0.5001,0.5126,2856975.9285,1452241.47257161
2025-08-28 04:00:00,0.5124,0.5227,0.5112,0.5217,1748249.0764,903528.61626718
2025-08-28 08:00:00,0.5216,0.5267,0.5176,0.5226,2261609.152,1181565.54389813
2025-08-28 12:00:00,0.5225,0.5364,0.511,0.5143,7283386.4703,3805198.20933967
2025-08-28 16:00:00,0.5145,0.518,0.5033,0.5102,4394006.0489,2247369.15122299
2025-08-28 20:00:00,0.5105,0.5249,0.5092,0.5233,1910230.107,991996.59959004
2025-08-29 00:00:00,0.5232,0.524,0.5093,0.5156,3617961.9042,1861248.39414546
2025-08-29 04:00:00,0.5155,0.5195,0.4949,0.4959,5236336.6953,2643114.31949451
2025-08-29 08:00:00,0.496,0.4989,0.4876,0.4938,3737832.3613,1842085.3549372
2025-08-29 12:00:00,0.4939,0.5135,0.4892,0.4951,5616598.9651,2808129.05560986
2025-08-29 16:00:00,0.4949,0.4982,0.4842,0.4888,3062077.9055,1501333.12649393
2025-08-29 20:00:00,0.4888,0.4947,0.4837,0.4908,1635183.3004,800021.50548426
2025-08-30 00:00:00,0.4908,0.4963,0.4793,0.4918,2231012.3316,1084079.06240733
2025-08-30 04:00:00,0.4925,0.5007,0.4888,0.5005,2893941.5881,1436268.45900998
2025-08-30 08:00:00,0.5004,0.5037,0.4956,0.5005,1759218.7271,878906.96766175
2025-08-30 12:00:00,0.5005,0.5025,0.493,0.4982,1815603.4317,902178.15509899
2025-08-30 16:00:00,0.498,0.498,0.4924,0.4949,851079.6448,421209.88558002
2025-08-30 20:00:00,0.495,0.5004,0.4932,0.4993,346628.5697,172176.71398436
2025-08-31 00:00:00,0.4993,0.5136,0.4988,0.513,1715024.8407,870000.13848859
2025-08-31 04:00:00,0.5131,0.5182,0.5086,0.5093,2034515.5076,1044792.74863882
2025-08-31 08:00:00,0.5094,0.5169,0.5069,0.5132,1791984.9031,918140.25030446
2025-08-31 12:00:00,0.5133,0.5139,0.5011,0.5075,2183438.7477,1109602.56463564
2025-08-31 16:00:00,0.5073,0.51,0.504,0.5051,596704.1222,302195.4622326
2025-08-31 20:00:00,0.5052,0.5098,0.4957,0.4961,1074652.4046,539769.00273806
2025-09-01 00:00:00,0.4962,0.4965,0.4841,0.4878,3723482.6011,1823406.63414234
2025-09-01 04:00:00,0.4875,0.5062,0.4826,0.506,2863336.3168,1412849.01334309
2025-09-01 08:00:00,0.5062,0.5138,0.4954,0.4963,3236078.3482,1637264.49323342
2025-09-01 12:00:00,0.4962,0.4998,0.486,0.4874,2528901.7021,1247024.67086309
2025-09-01 16:00:00,0.4874,0.4898,0.4808,0.4887,2112852.5867,1026730.93866688
2025-09-01 20:00:00,0.4883,0.4885,0.4663,0.4772,4717159.2534,2237524.66105474
2025-09-02 00:00:00,0.4774,0.4941,0.4749,0.4907,3026174.5085,1465769.88188094
2025-09-02 04:00:00,0.491,0.4964,0.4874,0.4882,1565830.6147,770212.25023349
2025-09-02 08:00:00,0.4883,0.4926,0.4869,0.4877,1265485.9782,620132.62471223
2025-09-02 12:00:00,0.4878,0.4995,0.4767,0.4845,3832322.0155,1874809.66720496
2025-09-02 16:00:00,0.4849,0.4944,0.4848,0.4878,1678048.1289,821204.79320424
2025-09-02 20:00:00,0.4883,0.5062,0.4876,0.5026,2524381.1858,1259148.59557218
2025-09-03 00:00:00,0.5027,0.5046,0.4959,0.5032,1030299.1142,515657.68395421
2025-09-03 04:00:00,0.5033,0.5036,0.4943,0.4967,963546.6514,479366.33576557
2025-09-03 08:00:00,0.4966,0.5058,0.4926,0.5009,1776599.5445,887835.83533038
2025-09-03 12:00:00,0.5014,0.5195,0.4981,0.5155,4408255.4598,2243129.21026383
2025-09-03 16:00:00,0.5158,0.5196,0.5105,0.5146,1931567.8223,993602.1510129
2025-09-03 20:00:00,0.5148,0.5164,0.5097,0.51,852746.3198,437035.45055828
2025-09-04 00:00:00,0.51,0.5135,0.5022,0.5025,1209355.3333,615949.01664821
2025-09-04 04:00:00,0.5027,0.5049,0.4921,0.4957,1500702.382,745857.9349811
2025-09-04 08:00:00,0.4956,0.5025,0.495,0.4964,1508554.2755,751531.31243479
2025-09-04 12:00:00,0.4965,0.4997,0.4827,0.4849,2313206.4896,1133523.56590529
2025-09-04 16:00:00,0.4847,0.4873,0.4784,0.48,950691.981,458713.30392203
2025-09-04 20:00:00,0.4796,0.4889,0.4786,0.4821,1003195.3996,486416.11707203
2025-09-05 00:00:00,0.4822,0.4877,0.4819,0.4873,543783.2166,263751.69261925
2025-09-05 04:00:00,0.4874,0.5004,0.4857,0.4998,2156619.5592,1062161.79340581
2025-09-05 08:00:00,0.4999,0.5025,0.4928,0.5014,1593316.7384,794440.62609385
2025-09-05 12:00:00,0.5016,0.5117,0.4846,0.4886,7720445.9108,3857456.81291564
2025-09-05 16:00:00,0.4884,0.4954,0.485,0.4938,1341265.4725,657781.25031499
2025-09-05 20:00:00,0.494,0.4998,0.4916,0.4946,1685868.6197,835486.70141727
2025-09-06 00:00:00,0.4946,0.5004,0.4942,0.4979,1526658.8952,759692.05464411
2025-09-06 04:00:00,0.4978,0.4979,0.4891,0.4919,1048302.2635,515512.58903364
2025-09-06 08:00:00,0.492,0.4927,0.4869,0.4916,1598648.995,782759.40023924
2025-09-06 12:00:00,0.4918,0.493,0.4844,0.4846,2007105.0432,980555.00667013
2025-09-06 16:00:00,0.4845,0.4909,0.483,0.4843,1674745.7195,814689.25623917
2025-09-06 20:00:00,0.4842,0.4914,0.4841,0.4882,695036.9417,339692.56972605
2025-09-07 00:00:00,0.4883,0.4971,0.4878,0.495,1406147.9814,693716.95374988
2025-09-07 04:00:00,0.4951,0.4985,0.4924,0.4936,1815210.4333,899589.17566632
2025-09-07 08:00:00,0.4937,0.4968,0.4907,0.4951,639261.3138,315546.68147369
2025-09-07 12:00:00,0.4952,0.4959,0.4914,0.4922,1163745.1987,574572.91012317
2025-09-07 16:00:00,0.4922,0.4929,0.487,0.4908,716949.5304,350815.55341828
2025-09-07 20:00:00,0.4906,0.4992,0.489,0.4961,699618.847,345909.22387242
2025-09-08 00:00:00,0.4962,0.5037,0.4913,0.5001,1521076.1999,756235.41986584
2025-09-08 04:00:00,0.5003,0.5007,0.4909,0.4934,958556.704,474361.17858263
2025-09-08 08:00:00,0.4932,0.5068,0.4931,0.4995,2593538.8931,1300800.11157437
2025-09-08 12:00:00,0.4998,0.5108,0.4983,0.5079,2314315.9544,1167568.84352849
2025-09-08 16:00:00,0.5081,0.5161,0.503,0.5056,3764062.7657,1917908.88638469
2025-09-08 20:00:00,0.5057,0.5151,0.5011,0.5136,1657931.4031,845289.1400366
2025-09-09 00:00:00,0.5135,0.5199,0.5038,0.5124,3437926.361,1760420.55450873
2025-09-09 04:00:00,0.5122,0.5336,0.5102,0.5289,4916899.5165,2580723.47749807
2025-09-09 08:00:00,0.5288,0.5391,0.5282,0.5314,2663576.228,1423015.62347102
2025-09-09 12:00:00,0.5317,0.5373,0.5081,0.5116,6166633.3066,3219054.59625542
2025-09-09 16:00:00,0.5118,0.5161,0.5081,0.5148,1968732.1221,1006896.62546976
2025-09-09 20:00:00,0.5146,0.5185,0.5105,0.5125,964364.8598,495940.59041583
2025-09-10 00:00:00,0.5125,0.5141,0.5032,0.5099,5780753.3072,2938949.34025336
2025-09-10 04:00:00,0.5096,0.5124,0.5013,0.5077,2036956.8947,1032012.95587206
2025-09-10 08:00:00,0.5081,0.5084,0.5027,0.5048,843571.0719,426321.40035996
2025-09-10 12:00:00,0.5049,0.5265,0.5045,0.5164,5390199.8937,2787255.43180796
2025-09-10 16:00:00,0.5167,0.5193,0.5028,0.505,2385339.4471,1219422.86025148
2025-09-10 20:00:00,0.505,0.5134,0.5048,0.5127,660912.9051,337280.73388886
2025-09-11 00:00:00,0.5128,0.5261,0.5107,0.5251,3446769.5728,1794622.33821787
2025-09-11 04:00:00,0.5251,0.5276,0.5181,0.5242,2513740.8375,1316195.96365439
2025-09-11 08:00:00,0.5242,0.5254,0.5172,0.518,1687740.4171,879994.92980929
2025-09-11 12:00:00,0.5181,0.5288,0.5085,0.5141,5055563.7034,2609942.47098026
2025-09-11 16:00:00,0.5143,0.5239,0.514,0.5225,1109788.5299,576301.03582295
2025-09-11 20:00:00,0.5223,0.5326,0.52,0.5302,3045630.98,1604190.83433772
2025-09-12 00:00:00,0.53,0.5374,0.5261,0.5304,3565440.4396,1897363.0401522
2025-09-12 04:00:00,0.5307,0.5375,0.5283,0.5301,2753815.2791,1466666.7318585
2025-09-12 08:00:00,0.5302,0.5306,0.5232,0.5246,1945617.9972,1025883.62037776
2025-09-12 12:00:00,0.5246,0.5336,0.5211,0.5282,1635244.7517,862872.82102779
2025-09-12 16:00:00,0.528,0.5467,0.5279,0.5457,3163780.3402,1706389.74291897
2025-09-12 20:00:00,0.5456,0.5501,0.5412,0.5476,2049377.079,1118097.68679692
2025-09-13 00:00:00,0.5471,0.5506,0.5411,0.548,1992399.0138,1086008.490191
2025-09-13 04:00:00,0.548,0.5483,0.5412,0.5434,1916278.6054,1043841.11959904
2025-09-13 08:00:00,0.5434,0.5577,0.5433,0.5548,2861575.6168,1581792.63730024
2025-09-13 12:00:00,0.5548,0.557,0.5366,0.5433,3275535.8462,1788992.10862603
2025-09-13 16:00:00,0.5437,0.546,0.5312,0.5386,2121627.5631,1143958.51714546
2025-09-13 20:00:00,0.5385,0.5452,0.5382,0.5414,673476.621,365246.82438174
2025-09-14 00:00:00,0.5414,0.5428,0.5304,0.5323,2047877.2237,1097013.36274305
2025-09-14 04:00:00,0.5323,0.5385,0.5269,0.5309,1299231.8186,691547.45098541
2025-09-14 08:00:00,0.5307,0.5338,0.5195,0.5209,1567876.3557,826420.2427047
2025-09-14 12:00:00,0.521,0.5235,0.5067,0.5099,4052481.3358,2078868.05635992
2025-09-14 16:00:00,0.5099,0.5179,0.5088,0.5147,1150415.9005,592002.3542349
2025-09-14 20:00:00,0.5146,0.5207,0.5122,0.5135,821342.0537,424437.16637224
2025-09-15 00:00:00,0.5134,0.5204,0.5083,0.5198,1270036.263,655516.44249865
2025-09-15 04:00:00,0.5198,0.5248,0.5053,0.5074,2805186.3571,1446962.16052563
2025-09-15 08:00:00,0.5072,0.5075,0.4914,0.4969,5641600.4827,2805989.84804949
2025-09-15 12:00:00,0.4968,0.4989,0.4872,0.4907,4047830.0503,1998513.6067128
2025-09-15 16:00:00,0.4905,0.4922,0.4852,0.49,1558765.8709,761654.40353754
2025-09-15 20:00:00,0.4899,0.4941,0.4894,0.4925,686913.3889,337987.65865185
2025-09-16 00:00:00,0.4923,0.494,0.4881,0.4887,1006439.0735,494174.25848536
2025-09-16 04:00:00,0.4891,0.501,0.4837,0.4926,2701328.7076,1329516.85526618
2025-09-16 08:00:00,0.4926,0.4988,0.4919,0.4921,1805300.8166,894283.02373994
2025-09-16 12:00:00,0.4922,0.4963,0.4839,0.4951,2775237.1478,1360308.43790339
2025-09-16 16:00:00,0.495,0.4996,0.4899,0.4964,1772016.0623,878179.80162424
2025-09-16 20:00:00,0.4963,0.4998,0.4938,0.4949,784374.804,389840.22295613
2025-09-17 00:00:00,0.4949,0.5007,0.4923,0.493,1979753.3817,983182.83783325
2025-09-17 04:00:00,0.4932,0.4985,0.4886,0.4964,1917196.9826,945634.74598977
2025-09-17 08:00:00,0.4964,0.4967,0.4873,0.4902,1577247.0266,773043.22499095
2025-09-17 12:00:00,0.4903,0.4934,0.4861,0.4883,1802178.2547,882705.29158213
2025-09-17 16:00:00,0.4882,0.5066,0.485,0.5062,7310890.2123,3607243.01371826
2025-09-17 20:00:00,0.506,0.5262,0.4992,0.5203,5303682.3594,2729791.93522307
2025-09-18 00:00:00,0.5208,0.5285,0.5165,0.5247,3181435.4798,1659453.25459618
2025-09-18 04:00:00,0.5248,0.5267,0.5136,0.5171,1896062.0219,987012.2621834
2025-09-18 08:00:00,0.5171,0.5205,0.5133,0.5146,1455209.0026,752215.48593496
2025-09-18 12:00:00,0.5146,0.5235,0.5123,0.5202,2728418.1736,1414695.54790109
2025-09-18 16:00:00,0.5203,0.5275,0.519,0.5234,1816776.7524,951130.38267305
2025-09-18 20:00:00,0.5234,0.5277,0.5198,0.5241,1163332.7527,610093.51981806
2025-09-19 00:00:00,0.5247,0.5351,0.5188,0.5194,2643133.5694,1393786.68395954
2025-09-19 04:00:00,0.5191,0.522,0.5109,0.5156,2663348.6212,1376157.81695734
2025-09-19 08:00:00,0.5155,0.5173,0.4996,0.5013,2875102.7395,1459251.6853887
2025-09-19 12:00:00,0.5012,0.5063,0.4911,0.4959,3020130.9846,1506998.45079913
2025-09-19 16:00:00,0.496,0.4993,0.4872,0.4899,3292156.9979,1623207.02160925
2025-09-19 20:00:00,0.4898,0.4934,0.4845,0.4888,2065477.9706,1011513.13345667
2025-09-20 00:00:00,0.4886,0.492,0.4861,0.4911,1186935.435,581480.57873364
2025-09-20 04:00:00,0.491,0.4967,0.49,0.4959,1255047.0024,620686.64054238
2025-09-20 08:00:00,0.4958,0.4959,0.4868,0.49,1468886.4158,720782.4245974
2025-09-20 12:00:00,0.4899,0.5,0.4877,0.4963,1672027.6048,824722.5731234
2025-09-20 16:00:00,0.4965,0.4985,0.4894,0.4916,781286.5944,385949.7566496
2025-09-20 20:00:00,0.4913,0.4977,0.4909,0.4933,605986.6443,299866.67768886
2025-09-21 00:00:00,0.493,0.4958,0.4904,0.4944,704946.9706,347727.85976011
2025-09-21 04:00:00,0.4943,0.4992,0.4919,0.4954,740408.7632,367178.97047182
2025-09-21 08:00:00,0.4954,0.496,0.4822,0.4869,1442557.0289,703607.39616386
2025-09-21 12:00:00,0.4867,0.4907,0.4846,0.4854,1455320.8314,709341.17320162
2025-09-21 16:00:00,0.4852,0.4872,0.4788,0.4849,2173111.5493,1049672.4683874
2025-09-21 20:00:00,0.485,0.4855,0.4805,0.4807,848544.9688,410186.7708192
2025-09-22 00:00:00,0.4806,0.4828,0.454,0.4611,7282261.9091,3395441.58385308
2025-09-22 04:00:00,0.4612,0.463,0.4154,0.4378,19214735.6757,8385236.18869869
2025-09-22 08:00:00,0.4378,0.4416,0.433,0.4373,3218116.5227,1407781.49066003
2025-09-22 12:00:00,0.4373,0.4418,0.4321,0.4331,3711575.061,1624936.63278249
2025-09-22 16:00:00,0.4331,0.4352,0.4268,0.4279,1919686.0522,827139.93542384
2025-09-22 20:00:00,0.428,0.4377,0.4278,0.4367,856403.5205,371353.25703281
2025-09-23 00:00:00,0.4362,0.4383,0.4217,0.4317,4175898.7276,1784502.00978925
2025-09-23 04:00:00,0.4322,0.436,0.4249,0.435,2177614.8245,937576.11313315
2025-09-23 08:00:00,0.435,0.4374,0.4321,0.4349,1682732.3235,731535.46437862
2025-09-23 12:00:00,0.4347,0.4405,0.4321,0.4382,2198382.9033,958532.56663546
2025-09-23 16:00:00,0.4384,0.4435,0.4303,0.4318,2530521.7029,1105148.7639494
2025-09-23 20:00:00,0.4321,0.4365,0.4301,0.4323,611584.493,265160.34563847
2025-09-24 00:00:00,0.4329,0.4389,0.4274,0.4287,2139698.7137,928314.86706208
2025-09-24 04:00:00,0.4287,0.4433,0.4208,0.4402,7404747.7795,3232997.22535044
2025-09-24 08:00:00,0.4403,0.4433,0.4387,0.4419,1265097.52,557545.74177042
2025-09-24 12:00:00,0.442,0.4434,0.435,0.4356,1292192.362,569195.93320284
2025-09-24 16:00:00,0.4354,0.4383,0.4328,0.4343,1230734.4507,535901.83176862
2025-09-24 20:00:00,0.4343,0.4349,0.4273,0.4296,1147583.6743,492996.87974671
2025-09-25 00:00:00,0.4295,0.4306,0.4213,0.425,2478762.9048,1056559.53231661
2025-09-25 04:00:00,0.4246,0.4264,0.4135,0.4182,4982968.9359,2087087.88498433
2025-09-25 08:00:00,0.4183,0.4223,0.4138,0.4156,2888798.8025,1208626.56451324
2025-09-25 12:00:00,0.4159,0.4272,0.4076,0.4226,6243802.0289,2603265.51904556
2025-09-25 16:00:00,0.4226,0.4231,0.3989,0.4115,20861147.581,8565222.20680757
2025-09-25 20:00:00,0.4121,0.4143,0.4044,0.4079,2964285.4714,1211337.98649083
2025-09-26 00:00:00,0.408,0.416,0.4069,0.4134,2169266.7556,894727.61465298
2025-09-26 04:00:00,0.4138,0.4144,0.4064,0.4105,1677559.7316,688709.13217887
2025-09-26 08:00:00,0.4105,0.4139,0.403,0.4073,1697545.5378,690548.13994159
2025-09-26 12:00:00,0.4073,0.416,0.4021,0.4141,3592802.8488,1477814.1016823
2025-09-26 16:00:00,0.4141,0.4261,0.414,0.4221,2156389.9604,908853.7033628
2025-09-26 20:00:00,0.4222,0.426,0.4212,0.425,951263.7393,402998.73537923
2025-09-27 00:00:00,0.4252,0.4262,0.4226,0.4238,614445.4376,260742.8897472
2025-09-27 04:00:00,0.4237,0.4267,0.4226,0.4235,736785.3012,313012.2375619
2025-09-27 08:00:00,0.4234,0.425,0.4187,0.423,844222.9425,356201.25239589
2025-09-27 12:00:00,0.423,0.4243,0.419,0.4236,740366.5905,312552.73278142
2025-09-27 16:00:00,0.4234,0.4236,0.4185,0.4227,1426807.2977,601147.73559573
2025-09-27 20:00:00,0.4228,0.4297,0.4217,0.4238,936679.2852,398174.66543334
2025-09-28 00:00:00,0.4243,0.4248,0.4171,0.4189,618477.2633,259800.66550049
2025-09-28 04:00:00,0.419,0.4203,0.4147,0.416,952362.9531,397734.42908941
2025-09-28 08:00:00,0.416,0.417,0.4113,0.4128,1824528.336,754010.80967709
2025-09-28 12:00:00,0.4129,0.4189,0.4088,0.4174,1334348.8796,554246.29927803
2025-09-28 16:00:00,0.4173,0.4246,0.4173,0.422,716472.2964,301366.82438983
2025-09-28 20:00:00,0.4224,0.4324,0.4217,0.4303,1038351.9753,443920.42941967
2025-09-29 00:00:00,0.4302,0.4303,0.4235,0.4251,696068.7435,296550.69032321
2025-09-29 04:00:00,0.4253,0.4253,0.4175,0.4205,738884.8214,310631.75632191
2025-09-29 08:00:00,0.4206,0.4237,0.4137,0.4163,1051356.1871,440810.67144492
2025-09-29 12:00:00,0.4162,0.4254,0.409,0.4172,2491480.7636,1041774.29117288
2025-09-29 16:00:00,0.4173,0.4199,0.4103,0.4184,1322059.1011,548446.01069681
2025-09-29 20:00:00,0.4185,0.4241,0.4174,0.4178,1153025.0041,485322.66583612
2025-09-30 00:00:00,0.4176,0.4191,0.4097,0.4125,1375559.3502,570336.75228181
2025-09-30 04:00:00,0.4125,0.4165,0.4103,0.4118,1251280.7041,517075.73106625
2025-09-30 08:00:00,0.4117,0.4123,0.4068,0.4113,867067.4833,355114.52455673
2025-09-30 12:00:00,0.411,0.4131,0.403,0.4104,2157251.9186,881351.40094771
2025-09-30 16:00:00,0.4104,0.4217,0.4048,0.4214,2947631.2743,1210293.70577722
2025-09-30 20:00:00,0.4214,0.4244,0.4175,0.4216,1597746.7623,673397.76816247
2025-10-01 00:00:00,0.4216,0.4225,0.4162,0.4167,1031884.4194,432720.42496801
2025-10-01 04:00:00,0.4165,0.4228,0.4163,0.4195,1297324.0424,544291.98796689
2025-10-01 08:00:00,0.4192,0.4417,0.419,0.4337,4798566.5703,2080636.85945204
2025-10-01 12:00:00,0.4338,0.4354,0.4297,0.4329,2863469.0664,1238430.92675029
2025-10-01 16:00:00,0.433,0.4371,0.43,0.4361,1202148.5909,521537.45933966
2025-10-01 20:00:00,0.4364,0.4367,0.4321,0.4352,1080955.3497,469662.49714068
2025-10-02 00:00:00,0.4354,0.4433,0.4329,0.4423,1417266.896,621483.10968464
2025-10-02 04:00:00,0.4423,0.4461,0.4395,0.441,1789932.7543,792441.26294394
2025-10-02 08:00:00,0.4412,0.4435,0.4371,0.4414,1311198.1135,576897.91090884
2025-10-02 12:00:00,0.441,0.4447,0.4323,0.4428,3171184.0551,1393709.92323034
2025-10-02 16:00:00,0.4426,0.4565,0.4416,0.4555,2238489.7883,1004324.70908229
2025-10-02 20:00:00,0.4554,0.4565,0.4495,0.4528,1056274.7569,477741.81188041
2025-10-03 00:00:00,0.4528,0.4531,0.4444,0.4462,1348587.309,604643.31974028
2025-10-03 04:00:00,0.4462,0.4506,0.4421,0.444,1366748.6422,609611.23522471
2025-10-03 08:00:00,0.4439,0.4461,0.4403,0.4409,1273106.2665,564806.52471409
2025-10-03 12:00:00,0.4409,0.4537,0.4374,0.4529,2230100.6388,987987.20305444
2025-10-03 16:00:00,0.453,0.4606,0.4433,0.4542,6022911.7615,2723575.88227071
2025-10-03 20:00:00,0.4542,0.4559,0.4499,0.45,922823.1266,417775.36041759
2025-10-04 00:00:00,0.4502,0.4526,0.4413,0.4427,1588815.8093,706946.15029023
2025-10-04 04:00:00,0.4426,0.4481,0.4409,0.4422,959655.3308,426192.53045513
2025-10-04 08:00:00,0.4423,0.4426,0.4327,0.434,1175597.1407,513716.89072742
2025-10-04 12:00:00,0.4337,0.4386,0.4265,0.4282,2064824.094,893779.83672065
2025-10-04 16:00:00,0.4282,0.4347,0.4268,0.4317,1257252.096,541475.05232296
2025-10-04 20:00:00,0.4319,0.4362,0.4317,0.4341,382059.4428,165860.7177058
2025-10-05 00:00:00,0.4343,0.4439,0.4307,0.4412,1896399.1724,831164.13876246
2025-10-05 04:00:00,0.4412,0.4531,0.4398,0.4531,2233188.1181,996865.0505773
2025-10-05 08:00:00,0.4531,0.4554,0.4409,0.445,3637946.1678,1633815.44308715
2025-10-05 12:00:00,0.4445,0.4462,0.4395,0.4439,1295004.2947,573988.00059161
2025-10-05 16:00:00,0.4435,0.445,0.4308,0.4311,1997228.7102,875182.7629622
2025-10-05 20:00:00,0.4309,0.4353,0.4297,0.432,640824.307,277503.554416
2025-10-06 00:00:00,0.4323,0.4374,0.4275,0.4359,1584886.6147,686711.61102916
2025-10-06 04:00:00,0.4358,0.4432,0.4313,0.4386,2150115.7048,938727.19680981
2025-10-06 08:00:00,0.439,0.445,0.439,0.4427,1071312.0529,472298.66852153
2025-10-06 12:00:00,0.4431,0.4654,0.4427,0.4596,6403198.0051,2923900.14003574
2025-10-06 16:00:00,0.4599,0.4655,0.4574,0.4635,3299690.8477,1524168.9754663
2025-10-06 20:00:00,0.4635,0.4647,0.4562,0.4566,1850489.5018,850889.04506606
2025-10-07 00:00:00,0.4565,0.4622,0.4565,0.4594,1847136.2186,847175.54149799
2025-10-07 04:00:00,0.4595,0.4627,0.4495,0.4505,2444826.5444,1114189.28897753
2025-10-07 08:00:00,0.4504,0.4531,0.4437,0.452,2100642.9444,942921.67618501
2025-10-07 12:00:00,0.4516,0.4549,0.4258,0.4285,7394466.1777,3233443.93278088
2025-10-07 16:00:00,0.4284,0.4318,0.4226,0.4248,3787624.0945,1613461.57916062
2025-10-07 20:00:00,0.4249,0.4306,0.4199,0.4212,2251821.1689,957474.89043968
2025-10-08 00:00:00,0.4214,0.4276,0.4173,0.4195,1653110.0288,699937.84821953
2025-10-08 04:00:00,0.4196,0.4237,0.4171,0.4225,1751895.7768,735867.9509169
2025-10-08 08:00:00,0.4226,0.4265,0.4213,0.4227,1253264.2666,531829.38582048
2025-10-08 12:00:00,0.4226,0.4303,0.42,0.425,2173188.4704,923900.89375776
2025-10-08 16:00:00,0.425,0.44,0.4242,0.4359,3450558.1521,1500351.37506629
2025-10-08 20:00:00,0.4357,0.4368,0.4319,0.4347,539361.2749,234176.09121362
2025-10-09 00:00:00,0.435,0.436,0.422,0.4284,1365683.0831,585776.97432367
2025-10-09 04:00:00,0.4283,0.4302,0.4216,0.4227,1582861.6983,674626.26690455
2025-10-09 08:00:00,0.4224,0.4231,0.414,0.4182,3204190.84,1337628.9883007
2025-10-09 12:00:00,0.4182,0.4237,0.4089,0.4114,4218646.5777,1746640.29652442
2025-10-09 16:00:00,0.411,0.4163,0.4073,0.4152,2511122.7416,1036487.90895602
2025-10-09 20:00:00,0.4153,0.4209,0.4143,0.4181,907055.3204,378606.13949668
2025-10-10 00:00:00,0.4182,0.4285,0.4166,0.4238,1952617.3229,824313.64789714
2025-10-10 04:00:00,0.4238,0.4294,0.4216,0.4218,1831140.2054,778731.43358129
2025-10-10 08:00:00,0.4218,0.429,0.4213,0.4255,1424276.9929,606225.54320723
2025-10-10 12:00:00,0.4255,0.4315,0.3995,0.4036,6713290.5441,2783843.20616175
2025-10-10 16:00:00,0.403,0.4085,0.388,0.3923,5553049.1191,2210632.48681056
2025-10-10 20:00:00,0.3923,0.3953,0.1027,0.2961,86735853.9578,23662968.25097467
2025-10-11 00:00:00,0.2959,0.3166,0.2888,0.3041,11976496.6973,3608132.97613156
2025-10-11 04:00:00,0.3041,0.3147,0.3036,0.3113,9189571.1535,2847324.38471295
2025-10-11 08:00:00,0.3114,0.3276,0.3095,0.3183,10397543.9491,3329731.54594601
2025-10-11 12:00:00,0.3183,0.3233,0.3071,0.32,15240823.6818,4790944.51757205
2025-10-11 16:00:00,0.3199,0.3228,0.3028,0.3069,7294478.0901,2296791.16380393
2025-10-11 20:00:00,0.3065,0.3073,0.2916,0.3018,9133584.0001,2737169.00084562
2025-10-12 00:00:00,0.3017,0.3069,0.2957,0.3032,3935105.7233,1184349.92403638
2025-10-12 04:00:00,0.3032,0.3136,0.3028,0.3095,3398509.3661,1050176.20676749
2025-10-12 08:00:00,0.3095,0.3122,0.3041,0.3065,2833789.7092,872018.47038443
2025-10-12 12:00:00,0.3065,0.3379,0.3049,0.336,10886433.5987,3497754.58175424
2025-10-12 16:00:00,0.336,0.3457,0.335,0.3429,8986487.9638,3054980.22390548
2025-10-12 20:00:00,0.343,0.3454,0.3314,0.3346,5412844.3368,1832247.93973266
2025-10-13 00:00:00,0.3346,0.338,0.3295,0.3315,3509971.9214,1167730.22799057
2025-10-13 04:00:00,0.3315,0.3433,0.3285,0.3385,3547280.8398,1188312.08518289
2025-10-13 08:00:00,0.3384,0.351,0.3331,0.339,7470349.7448,2562835.87240413
2025-10-13 12:00:00,0.3389,0.3547,0.3351,0.3445,8583387.8277,2961676.18063659
2025-10-13 16:00:00,0.3445,0.3589,0.3411,0.3574,5382076.3676,1881715.26248583
2025-10-13 20:00:00,0.3577,0.3619,0.3561,0.3584,2797319.598,1003924.17578636
2025-10-14 00:00:00,0.3584,0.3595,0.3439,0.3463,5256475.591,1850812.54342268
2025-10-14 04:00:00,0.3462,0.3473,0.3232,0.3292,10060776.9036,3337824.41937957
2025-10-14 08:00:00,0.3291,0.3369,0.3241,0.3307,5943250.6447,1964473.56735805
2025-10-14 12:00:00,0.3309,0.3418,0.3224,0.3415,5075614.2174,1677030.63572932
2025-10-14 16:00:00,0.3419,0.349,0.3352,0.3407,9298263.0018,3184357.68985045
2025-10-14 20:00:00,0.3408,0.3459,0.3384,0.3434,1537731.0959,526446.11874801
2025-10-15 00:00:00,0.3433,0.3463,0.3391,0.341,1533843.5309,525132.89050294
2025-10-15 04:00:00,0.3413,0.3462,0.3395,0.3459,2413432.7598,828838.87553901
2025-10-15 08:00:00,0.3454,0.3513,0.3352,0.339,3411334.1877,1168028.26473961
2025-10-15 12:00:00,0.3389,0.3402,0.326,0.3284,5035426.2303,1672319.04786601
2025-10-15 16:00:00,0.3285,0.3323,0.3257,0.3282,1997666.6698,656894.17974327
2025-10-15 20:00:00,0.3282,0.3294,0.3214,0.327,2576096.4818,837344.03859364
2025-10-16 00:00:00,0.3271,0.3303,0.3249,0.3255,1063368.6734,347766.79877535
2025-10-16 04:00:00,0.3258,0.3305,0.3246,0.3273,2287324.1986,748823.11837293
2025-10-16 08:00:00,0.3272,0.3338,0.315,0.3334,7088348.0396,2288430.00061292
2025-10-16 12:00:00,0.3334,0.336,0.3163,0.3182,4515563.6659,1477253.20692871
2025-10-16 16:00:00,0.318,0.3283,0.3126,0.3151,6711956.3214,2144160.73805673
2025-10-16 20:00:00,0.3154,0.3167,0.3101,0.3163,2225567.6222,697855.75433237
2025-10-17 00:00:00,0.3164,0.3199,0.3131,0.3163,1239611.1873,392042.90394303
2025-10-17 04:00:00,0.3164,0.3168,0.2925,0.2935,5324106.1292,1618311.31414738
2025-10-17 08:00:00,0.2935,0.3049,0.2879,0.3022,7287886.7367,2150541.89497568
2025-10-17 12:00:00,0.3023,0.3042,0.2947,0.3027,4248163.6598,1276955.68165111
2025-10-17 16:00:00,0.3028,0.3071,0.3004,0.3033,2813081.7667,853922.55290741
2025-10-17 20:00:00,0.3033,0.3085,0.3023,0.3039,2266726.156,693830.87732428
2025-10-18 00:00:00,0.3039,0.3099,0.3037,0.3083,1476554.9541,454203.36211989
2025-10-18 04:00:00,0.3082,0.3125,0.3044,0.3077,3151488.3263,971520.5378191
2025-10-18 08:00:00,0.3077,0.3134,0.3074,0.3116,1381464.2112,429323.90797675
2025-10-18 12:00:00,0.3114,0.3124,0.305,0.3076,1866413.7139,575371.97333216
2025-10-18 16:00:00,0.3079,0.311,0.305,0.3091,997253.5736,306942.64062973
2025-10-18 20:00:00,0.3094,0.3113,0.3081,0.3093,1211916.4961,375047.84171402
2025-10-19 00:00:00,0.3093,0.3109,0.3062,0.3105,1437389.8226,442648.65171551
2025-10-19 04:00:00,0.3107,0.3109,0.3051,0.3084,1231744.5318,378319.13634982
2025-10-19 08:00:00,0.3084,0.319,0.3043,0.3148,7056559.756,2195577.59751417
2025-10-19 12:00:00,0.3151,0.3212,0.3121,0.319,3871459.4026,1225803.57070343
2025-10-19 16:00:00,0.3189,0.3225,0.3175,0.3199,3146250.8579,1005776.34802317
2025-10-19 20:00:00,0.32,0.3212,0.3167,0.3173,2073950.6462,662280.30268008
2025-10-20 00:00:00,0.3173,0.3237,0.3103,0.3229,3147193.4815,989890.65807189
2025-10-20 04:00:00,0.323,0.3283,0.3214,0.3248,1795809.8606,582101.83060766
2025-10-20 08:00:00,0.3247,0.3269,0.3225,0.3246,1629765.5647,528645.04399643
2025-10-20 12:00:00,0.3244,0.3288,0.3231,0.3231,2294594.8646,747629.18899061
2025-10-20 16:00:00,0.3231,0.3251,0.3163,0.3238,3121361.4551,999681.2546649
2025-10-20 20:00:00,0.3237,0.325,0.321,0.3222,830297.0518,268027.35233621
2025-10-21 00:00:00,0.3221,0.3244,0.3153,0.3164,2259656.7289,722068.31730156
2025-10-21 04:00:00,0.3164,0.3166,0.3086,0.3146,2506538.8214,782029.16645342
2025-10-21 08:00:00,0.3144,0.3146,0.3089,0.312,1991664.9302,619070.4498198
2025-10-21 12:00:00,0.3118,0.3352,0.3114,0.3324,4087841.3655,1331107.50334127
2025-10-21 16:00:00,0.3325,0.3351,0.3242,0.3263,2813955.8428,927983.38957477
2025-10-21 20:00:00,0.3266,0.327,0.3095,0.311,2780768.9325,882954.3652137
2025-10-22 00:00:00,0.3109,0.3128,0.308,0.3103,1713416.2548,532415.94241937
2025-10-22 04:00:00,0.3101,0.3121,0.3046,0.3076,1729704.6158,532099.05532093
2025-10-22 08:00:00,0.3072,0.3101,0.3013,0.3075,2237174.2215,682845.04844683
2025-10-22 12:00:00,0.3074,0.3128,0.3048,0.3095,3663504.3257,1130213.18465242
2025-10-22 16:00:00,0.3092,0.311,0.3016,0.3045,2203038.0064,674878.74191628
2025-10-22 20:00:00,0.3045,0.3053,0.2913,0.3012,4087363.1866,1218295.83984386
2025-10-23 00:00:00,0.3011,0.3038,0.3,0.3028,1586026.5029,478035.99303936
2025-10-23 04:00:00,0.3028,0.3108,0.3024,0.3089,1784772.095,549366.14984778
2025-10-23 08:00:00,0.3089,0.3123,0.308,0.3086,1037223.0453,322063.34201564
2025-10-23 12:00:00,0.3079,0.3146,0.3052,0.3133,2221168.8382,689938.9879486
2025-10-23 16:00:00,0.3134,0.3195,0.3131,0.3146,1941806.2238,613665.7788578
2025-10-23 20:00:00,0.3146,0.3146,0.3094,0.3139,1060168.9562,331286.8730687
2025-10-24 00:00:00,0.3142,0.3164,0.3125,0.3132,718929.3163,226183.45510025
2025-10-24 04:00:00,0.3132,0.3199,0.3121,0.3172,1185927.2974,376562.51378255
2025-10-24 08:00:00,0.3175,0.3198,0.313,0.3167,1762711.7564,558900.66070147
2025-10-24 12:00:00,0.3167,0.3247,0.3119,0.3134,4988525.7714,1584830.70328227
2025-10-24 16:00:00,0.3136,0.3187,0.3116,0.3179,843293.251,265230.11633032
2025-10-24 20:00:00,0.3177,0.3207,0.3174,0.3201,923563.9616,295078.15230122
2025-10-25 00:00:00,0.3201,0.3214,0.3182,0.3183,1050807.7212,335864.54483699
2025-10-25 04:00:00,0.3186,0.32,0.3164,0.3172,778112.2331,247652.62144737
2025-10-25 08:00:00,0.3172,0.32,0.3171,0.3195,452601.5847,144213.47875742
2025-10-25 12:00:00,0.3195,0.3213,0.3179,0.3184,1089373.8356,347841.17660788
2025-10-25 16:00:00,0.3188,0.322,0.3179,0.3219,771680.7765,246475.63977381
2025-10-25 20:00:00,0.3219,0.3224,0.3199,0.3201,571822.6004,183528.46720196
2025-10-26 00:00:00,0.3203,0.3209,0.3142,0.3151,2420369.2091,768609.49715297
2025-10-26 04:00:00,0.315,0.3195,0.315,0.3193,870083.2106,275940.44719455
2025-10-26 08:00:00,0.3195,0.3291,0.3193,0.3285,2350847.6007,760632.90742241
2025-10-26 12:00:00,0.3285,0.3319,0.3271,0.3297,1932229.1061,635238.08851636
2025-10-26 16:00:00,0.3299,0.33,0.3265,0.3286,805922.3633,264582.18197026
2025-10-26 20:00:00,0.3286,0.3374,0.3263,0.3346,1568921.3767,522841.75251761
2025-10-27 00:00:00,0.3351,0.3465,0.3341,0.3436,6940362.6072,2365369.63750594
2025-10-27 04:00:00,0.3435,0.3517,0.3416,0.3437,2661185.6003,925061.14462744
2025-10-27 08:00:00,0.3436,0.3449,0.3348,0.3378,3185011.4673,1079234.71893777
2025-10-27 12:00:00,0.3377,0.3377,0.3296,0.3335,1744126.8411,580648.81748011
2025-10-27 16:00:00,0.3341,0.3412,0.3341,0.3351,1815669.6788,613842.35319355
2025-10-27 20:00:00,0.3355,0.3355,0.3288,0.3307,1274438.7875,423505.70376492
2025-10-28 00:00:00,0.3306,0.3334,0.3267,0.3289,1092222.6496,359626.69795862
2025-10-28 04:00:00,0.3286,0.3338,0.3256,0.3288,1241346.4736,408040.12689864
2025-10-28 08:00:00,0.3289,0.3313,0.3273,0.3278,578343.8992,190275.18506174
2025-10-28 12:00:00,0.3276,0.3339,0.3211,0.3253,3153341.2346,1033300.79275311
2025-10-28 16:00:00,0.3252,0.3302,0.318,0.3191,1499854.829,486899.78379356
2025-10-28 20:00:00,0.319,0.3194,0.3071,0.3151,3720223.2456,1163378.51386325
2025-10-29 00:00:00,0.3149,0.3175,0.3143,0.3164,654030.1963,206484.65282328
2025-10-29 04:00:00,0.317,0.319,0.3163,0.318,586358.8126,186200.35665121
2025-10-29 08:00:00,0.3176,0.3244,0.3148,0.3233,1557289.0601,494116.92767301
2025-10-29 12:00:00,0.3234,0.3291,0.3183,0.3204,3206942.2487,1043306.34709768
2025-10-29 16:00:00,0.3198,0.3269,0.3089,0.3225,7367180.4379,2341670.97362515
2025-10-29 20:00:00,0.3231,0.3285,0.316,0.3175,1958774.158,633233.88599611
2025-10-30 00:00:00,0.3175,0.3219,0.3153,0.3185,1354616.8085,432040.57866551
2025-10-30 04:00:00,0.3182,0.3183,0.3057,0.3168,2790308.5375,870993.56789965
2025-10-30 08:00:00,0.3169,0.3169,0.3075,0.3077,1623168.7558,504272.48754482
2025-10-30 12:00:00,0.3079,0.3079,0.2906,0.2915,6482387.223,1940250.5806149
2025-10-30 16:00:00,0.2914,0.293,0.2791,0.281,4745754.0644,1354880.86265791
2025-10-30 20:00:00,0.281,0.2904,0.2801,0.2901,2666445.1027,758787.69833765
2025-10-31 00:00:00,0.29,0.2949,0.2889,0.2906,1479298.0025,431504.54423732
2025-10-31 04:00:00,0.2912,0.2947,0.2908,0.2923,1612920.7618,472371.32101615
2025-10-31 08:00:00,0.2923,0.2986,0.2909,0.298,1837780.7889,541596.90159411
2025-10-31 12:00:00,0.298,0.3003,0.2948,0.2967,2382233.9598,709835.90066732
2025-10-31 16:00:00,0.2966,0.2985,0.2853,0.2975,3431901.2563,999412.41104688
2025-10-31 20:00:00,0.2975,0.2976,0.2926,0.2954,951458.7379,280188.69934549
2025-11-01 00:00:00,0.2955,0.3005,0.2936,0.2999,1046903.1863,310565.51292363
2025-11-01 04:00:00,0.2997,0.3018,0.2961,0.3011,900603.4972,268720.71573709
2025-11-01 08:00:00,0.3011,0.3046,0.3005,0.304,1285585.0433,388765.95460621
2025-11-01 12:00:00,0.3041,0.3069,0.3017,0.3046,2466220.4933,751282.54008552
2025-11-01 16:00:00,0.3047,0.3081,0.3041,0.3069,1201590.1762,367715.03852738
2025-11-01 20:00:00,0.307,0.3087,0.3031,0.3073,1641225.81,502262.2805419
2025-11-02 00:00:00,0.3071,0.3071,0.3037,0.3042,1046196.8408,319889.95295198
2025-11-02 04:00:00,0.3042,0.3139,0.3037,0.3131,3352843.3609,1040242.98173012
2025-11-02 08:00:00,0.3133,0.3139,0.3062,0.3115,3777692.024,1169824.04225719
2025-11-02 12:00:00,0.3116,0.3116,0.2988,0.2996,2741405.2939,834781.89123196
2025-11-02 16:00:00,0.2998,0.3022,0.2963,0.2986,1711116.8984,511899.83339206
2025-11-02 20:00:00,0.2987,0.3086,0.2977,0.3076,2267104.8971,686096.8928257
2025-11-03 00:00:00,0.3075,0.3085,0.286,0.2864,2519653.3227,742873.62095942
2025-11-03 04:00:00,0.2861,0.2887,0.2775,0.2841,4053802.4475,1147013.98040276
2025-11-03 08:00:00,0.2841,0.2859,0.277,0.2806,3091553.4624,868085.52461509
2025-11-03 12:00:00,0.2809,0.2854,0.2543,0.2624,15404106.2776,4124627.83921876
2025-11-03 16:00:00,0.2625,0.2732,0.26,0.2624,4613687.2611,1234027.4036329
2025-11-03 20:00:00,0.2626,0.2633,0.256,0.2613,4111458.5519,1066937.97556197
2025-11-04 00:00:00,0.2615,0.2699,0.2594,0.2692,3112951.3314,827803.57981792
2025-11-04 04:00:00,0.2693,0.2721,0.2533,0.2557,7689004.4084,2012687.05139774
2025-11-04 08:00:00,0.256,0.2671,0.2535,0.2639,3509273.3265,917671.54478221
2025-11-04 12:00:00,0.264,0.2687,0.2577,0.2624,3709634.7105,975707.08563685
2025-11-04 16:00:00,0.2627,0.2645,0.2443,0.2484,7287905.5595,1840865.37874072
2025-11-04 20:00:00,0.2488,0.2573,0.2343,0.2549,12231469.5624,2989177.10988219
2025-11-05 00:00:00,0.2548,0.263,0.2421,0.262,4835593.1638,1230606.01859167
2025-11-05 04:00:00,0.2618,0.2633,0.2578,0.2604,2275978.2931,593565.80906922
2025-11-05 08:00:00,0.2602,0.2622,0.255,0.2618,2474365.265,639822.24436643
2025-11-05 12:00:00,0.2618,0.2663,0.2594,0.2659,3201871.754,843167.3767484
2025-11-05 16:00:00,0.2659,0.2717,0.263,0.27,2480469.4246,663966.13540969
2025-11-05 20:00:00,0.2697,0.2713,0.2679,0.2697,3111937.5212,839568.44643922
2025-11-06 00:00:00,0.2696,0.27,0.2638,0.2679,4909290.4257,1311568.67337061
2025-11-06 04:00:00,0.268,0.2694,0.2622,0.2626,1783308.4702,473753.75969336
2025-11-06 08:00:00,0.2623,0.2644,0.2608,0.263,1299599.5313,341443.6056952
2025-11-06 12:00:00,0.263,0.2668,0.2562,0.2578,3823243.8695,997741.62443378
2025-11-06 16:00:00,0.258,0.2643,0.2531,0.2633,1760465.6819,456045.69867819
2025-11-06 20:00:00,0.2637,0.2656,0.2606,0.2647,1685180.7478,443453.50272045
2025-11-07 00:00:00,0.2647,0.2735,0.2642,0.2715,2726128.6468,733563.4583178
2025-11-07 04:00:00,0.2718,0.2791,0.2681,0.279,1621818.5115,443211.42656801
2025-11-07 08:00:00,0.2789,0.2791,0.2658,0.2695,3256488.629,888160.74776803
2025-11-07 12:00:00,0.2699,0.2814,0.2632,0.2803,5195523.1046,1416046.36910865
2025-11-07 16:00:00,0.2803,0.304,0.2794,0.3028,7949189.0828,2331628.16497948
2025-11-07 20:00:00,0.3023,0.3056,0.2983,0.2997,2685938.9109,811824.12823411
2025-11-08 00:00:00,0.2997,0.3133,0.297,0.3033,3787087.6754,1157676.02268785
2025-11-08 04:00:00,0.3033,0.3075,0.2948,0.2986,2441285.6191,733626.20164851
2025-11-08 08:00:00,0.2984,0.3035,0.2958,0.3012,1995336.1445,598275.12515272
2025-11-08 12:00:00,0.3009,0.3023,0.2883,0.29,3086038.5128,907637.29800155
2025-11-08 16:00:00,0.2898,0.2934,0.2873,0.292,2014051.365,585199.68647848
2025-11-08 20:00:00,0.292,0.2988,0.2903,0.2981,1244837.9875,368231.29919482
2025-11-09 00:00:00,0.2982,0.2985,0.2841,0.2868,3290020.1656,950605.92910657
2025-11-09 04:00:00,0.2867,0.2934,0.2857,0.2927,1659308.9743,479855.32606641
2025-11-09 08:00:00,0.2928,0.2947,0.2846,0.292,1670788.968,484883.50315782
2025-11-09 12:00:00,0.2922,0.3028,0.2913,0.2992,3041194.102,903597.09670048
2025-11-09 16:00:00,0.2993,0.3028,0.2961,0.3028,2544731.8063,762399.59076256
2025-11-09 20:00:00,0.3029,0.3032,0.2973,0.2995,1627569.0368,488611.52153714
2025-11-10 00:00:00,0.2995,0.3053,0.2968,0.302,1477240.8509,446267.73353355
2025-11-10 04:00:00,0.302,0.3045,0.2994,0.3007,842307.7781,253963.9394006
2025-11-10 08:00:00,0.3008,0.3058,0.2963,0.3037,2339802.7592,703737.72818563
2025-11-10 12:00:00,0.3037,0.3039,0.2924,0.2951,3678909.0287,1095935.2682607
2025-11-10 16:00:00,0.2953,0.3037,0.2917,0.3015,1947037.8638,579328.27683976
2025-11-10 20:00:00,0.3016,0.3119,0.2987,0.3068,2944062.9539,900655.37898843
2025-11-11 00:00:00,0.307,0.3139,0.3018,0.3093,3429073.6814,1056982.60977785
2025-11-11 04:00:00,0.3094,0.31,0.2927,0.2928,2791565.7219,837648.8360442
2025-11-11 08:00:00,0.2926,0.2967,0.2906,0.2926,2301119.5479,674396.72079009
2025-11-11 12:00:00,0.2926,0.2952,0.2842,0.285,4625760.3796,1333864.96596911
2025-11-11 16:00:00,0.2849,0.2876,0.2797,0.2807,3417950.3857,970436.69627111
2025-11-11 20:00:00,0.2807,0.2812,0.2745,0.2754,2080619.7772,579148.48888817
2025-11-12 00:00:00,0.2756,0.2781,0.2726,0.276,2744556.7111,758163.54017356
2025-11-12 04:00:00,0.2764,0.2784,0.2729,0.2733,1530723.1775,423062.89493834
2025-11-12 08:00:00,0.2736,0.2806,0.2735,0.2768,2307054.2229,641708.78966068
2025-11-12 12:00:00,0.2768,0.28,0.2639,0.2654,6348737.1016,1732635.37745194
2025-11-12 16:00:00,0.265,0.266,0.2566,0.2591,4874100.8838,1272972.49801553
2025-11-12 20:00:00,0.2591,0.2616,0.2581,0.2594,2162549.8918,561405.42922861
2025-11-13 00:00:00,0.2594,0.2674,0.2585,0.2648,1878532.2347,492616.13118876
2025-11-13 04:00:00,0.2647,0.2691,0.263,0.2675,2740251.1493,730819.2141178
2025-11-13 08:00:00,0.2676,0.2699,0.2643,0.266,3171627.3426,847093.66607363
2025-11-13 12:00:00,0.2661,0.2706,0.2612,0.2631,4165131.1965,1106841.06598436
2025-11-13 16:00:00,0.263,0.2635,0.2407,0.2423,6340993.0449,1592621.25017305
2025-11-13 20:00:00,0.2422,0.2481,0.2389,0.2447,4893952.4365,1187828.50067889
2025-11-14 00:00:00,0.2447,0.2461,0.2383,0.24,3219864.7985,778278.41854967
2025-11-14 04:00:00,0.2401,0.2468,0.2306,0.245,8480925.5193,2015018.35884183
2025-11-14 08:00:00,0.2451,0.2452,0.2371,0.239,2239862.5536,538923.19357418
2025-11-14 12:00:00,0.239,0.2478,0.2329,0.2453,7248154.6435,1741386.6136838
2025-11-14 16:00:00,0.2455,0.2493,0.2413,0.2462,3383594.6269,830565.96425577
2025-11-14 20:00:00,0.2464,0.2467,0.2324,0.2375,5210925.8231,1242848.29369464
2025-11-15 00:00:00,0.2376,0.245,0.2372,0.2444,2656199.9408,642447.36229126
2025-11-15 04:00:00,0.2444,0.2493,0.2437,0.2448,1154412.648,284125.74166051
2025-11-15 08:00:00,0.245,0.245,0.2396,0.2414,1022741.3878,247417.93555473
2025-11-15 12:00:00,0.2411,0.2464,0.2407,0.2429,890314.8855,217123.20462542
2025-11-15 16:00:00,0.2428,0.246,0.2411,0.2435,947454.9828,230943.90361462
2025-11-15 20:00:00,0.2435,0.2435,0.2395,0.2412,752377.0534,181899.18710334
2025-11-16 00:00:00,0.2413,0.2451,0.2371,0.2443,1629146.8764,392750.96736093
2025-11-16 04:00:00,0.2444,0.2457,0.2423,0.2456,729557.9273,178384.93629331
2025-11-16 08:00:00,0.2456,0.2472,0.2386,0.2392,3675732.7627,899431.04235193
2025-11-16 12:00:00,0.2394,0.241,0.2338,0.2342,3389381.0117,805839.10986349
2025-11-16 16:00:00,0.2343,0.2371,0.2279,0.2308,6202361.6707,1438823.14946588
2025-11-16 20:00:00,0.2308,0.2374,0.2289,0.2357,3783240.8876,882494.90363098
2025-11-17 00:00:00,0.2359,0.2402,0.233,0.2391,3047615.1697,723897.81488951
2025-11-17 04:00:00,0.2397,0.2408,0.2366,0.2404,1508426.95,360502.53230842
2025-11-17 08:00:00,0.2406,0.2423,0.2382,0.2404,1611044.0826,386481.98997842
2025-11-17 12:00:00,0.2403,0.2431,0.2305,0.2329,4491221.3258,1062417.19207635
2025-11-17 16:00:00,0.233,0.2367,0.2231,0.2242,6047022.6477,1380744.90492868
2025-11-17 20:00:00,0.2241,0.2272,0.222,0.2272,3259281.2686,731905.72458944
2025-11-18 00:00:00,0.2269,0.2336,0.2223,0.2326,3781365.2048,863736.16288796
2025-11-18 04:00:00,0.2326,0.2368,0.2287,0.2319,2968922.8665,688997.96497047
2025-11-18 08:00:00,0.232,0.2361,0.2314,0.2341,2338645.7691,547373.15069564
2025-11-18 12:00:00,0.234,0.2385,0.2314,0.236,3383757.5039,796707.43319151
2025-11-18 16:00:00,0.236,0.2402,0.2351,0.2384,2116107.3216,504337.65043653
2025-11-18 20:00:00,0.2383,0.2389,0.2353,0.2374,841528.2495,199750.03164199
2025-11-19 00:00:00,0.2374,0.2389,0.234,0.2345,1406740.1622,333042.25855098
2025-11-19 04:00:00,0.2344,0.2346,0.2278,0.2342,2043011.7886,473105.4273568
2025-11-19 08:00:00,0.2339,0.2353,0.2314,0.2347,1213461.3053,283238.32792928
2025-11-19 12:00:00,0.2344,0.2361,0.2266,0.2271,3011607.9679,697987.61367365
2025-11-19 16:00:00,0.2268,0.2292,0.2176,0.2193,5009278.4662,1115749.87831113
2025-11-19 20:00:00,0.2193,0.2302,0.2185,0.2295,4153436.6811,939555.46570296
2025-11-20 00:00:00,0.2295,0.2321,0.2282,0.2316,2967498.2293,683722.16565902
2025-11-20 04:00:00,0.2316,0.236,0.2309,0.236,1797774.5867,419287.25189342
2025-11-20 08:00:00,0.2358,0.2363,0.2333,0.2353,1409273.5964,331042.9189565
2025-11-20 12:00:00,0.235,0.2415,0.2344,0.2345,5296196.8852,1260481.68418942
2025-11-20 16:00:00,0.2346,0.2351,0.2112,0.2166,10207544.1401,2256819.45007689
2025-11-20 20:00:00,0.2167,0.2246,0.2146,0.2152,4035335.3799,884581.28253929
2025-11-21 00:00:00,0.2151,0.2199,0.2122,0.216,4216911.4493,913101.04262491
2025-11-21 04:00:00,0.2161,0.2166,0.1847,0.2012,15250533.6832,3077641.16262436
2025-11-21 08:00:00,0.2012,0.2052,0.1966,0.197,9704108.0475,1953785.82967076
2025-11-21 12:00:00,0.1971,0.2091,0.1929,0.2029,15644807.2214,3171362.51437551
2025-11-21 16:00:00,0.2031,0.2098,0.2,0.2043,5614460.2247,1149673.21183178
2025-11-21 20:00:00,0.2042,0.2044,0.1941,0.2021,4304097.0996,862529.0058194
2025-11-22 00:00:00,0.202,0.2045,0.2,0.2008,2187336.4578,441733.15278443
2025-11-22 04:00:00,0.2009,0.2011,0.1963,0.2006,2938508.277,585661.18830127
2025-11-22 08:00:00,0.2005,0.2006,0.196,0.1995,2712112.048,537426.81972481
2025-11-22 12:00:00,0.1993,0.2002,0.1955,0.1978,1801124.4603,355684.27855111
2025-11-22 16:00:00,0.1975,0.2005,0.1974,0.199,1075944.3862,214147.427794
2025-11-22 20:00:00,0.1989,0.2034,0.1971,0.2002,1314748.1157,263420.20640482
2025-11-23 00:00:00,0.2002,0.204,0.1988,0.2027,2267507.0639,456008.99373344
2025-11-23 04:00:00,0.2029,0.205,0.1996,0.2004,3253237.2821,658255.10530815
2025-11-23 08:00:00,0.2005,0.202,0.1994,0.2011,1279215.5477,256907.30643514
2025-11-23 12:00:00,0.201,0.204,0.2002,0.2029,1716230.1569,347373.86094279
2025-11-23 16:00:00,0.2029,0.2045,0.2001,0.2031,1535308.6629,310556.52249755
2025-11-23 20:00:00,0.2032,0.2055,0.2005,0.2007,1702537.4726,345449.2808253
2025-11-24 00:00:00,0.2008,0.2073,0.1994,0.2059,2779499.0411,563472.43720439
2025-11-24 04:00:00,0.2058,0.2076,0.2015,0.2048,2853202.9044,582970.46593403
2025-11-24 08:00:00,0.2046,0.2057,0.2005,0.2031,1762441.6678,357436.71072741
2025-11-24 12:00:00,0.2031,0.2076,0.2009,0.2065,2774414.6194,566487.72005298
2025-11-24 16:00:00,0.2068,0.2213,0.2067,0.2189,4096600.3163,879978.99430152
2025-11-24 20:00:00,0.219,0.2216,0.2166,0.2174,2239917.5325,490405.03779128
2025-11-25 00:00:00,0.2174,0.2205,0.2157,0.2164,2937562.0324,641257.7989448
2025-11-25 04:00:00,0.2166,0.2181,0.2135,0.2138,1493935.7648,322477.12485093
2025-11-25 08:00:00,0.2138,0.2154,0.2121,0.213,1813361.7298,387777.41880382
2025-11-25 12:00:00,0.2129,0.2156,0.2089,0.2121,4187045.451,890407.11160332
2025-11-25 16:00:00,0.2121,0.2161,0.2099,0.213,2583789.3094,552308.59079295
2025-11-25 20:00:00,0.213,0.2185,0.2112,0.2163,2130035.9281,457220.74754282
2025-11-26 00:00:00,0.2163,0.2178,0.2134,0.2135,1423156.2488,306888.37904876
2025-11-26 04:00:00,0.2136,0.2151,0.213,0.215,731542.6027,156578.1048847
2025-11-26 08:00:00,0.2149,0.215,0.2109,0.2112,1213619.6735,257739.45603109
2025-11-26 12:00:00,0.2112,0.2128,0.2087,0.2097,1885833.5458,397877.88542558
2025-11-26 16:00:00,0.2097,0.2231,0.2097,0.2197,4789394.2277,1047967.16764435
2025-11-26 20:00:00,0.2199,0.2203,0.2174,0.2187,4589049.2922,1003644.96272516
2025-11-27 00:00:00,0.2187,0.2203,0.217,0.2171,4180144.7651,912655.32967838
2025-11-27 04:00:00,0.2172,0.2188,0.2162,0.2181,961556.628,209268.0228214
2025-11-27 08:00:00,0.2183,0.2198,0.2168,0.2183,851093.1573,185968.93986691
2025-11-27 12:00:00,0.2182,0.2215,0.2173,0.2213,1454633.3733,318306.05577621
2025-11-27 16:00:00,0.2214,0.2243,0.2203,0.2238,1539625.1771,342752.11968027
2025-11-27 20:00:00,0.2239,0.2251,0.2201,0.2207,1264711.6784,281633.87526518
2025-11-28 00:00:00,0.2208,0.2215,0.2173,0.2185,1120090.5339,245607.47199625
2025-11-28 04:00:00,0.2184,0.2195,0.2169,0.2174,1261913.9029,275226.89689963
2025-11-28 08:00:00,0.2174,0.2244,0.2173,0.219,1870953.1084,414221.14757488
2025-11-28 12:00:00,0.2189,0.2251,0.2182,0.223,2609156.3301,579551.36136149
2025-11-28 16:00:00,0.223,0.2231,0.2146,0.2182,2457578.9127,535480.8634508
2025-11-28 20:00:00,0.2181,0.2181,0.2148,0.2169,1521614.9134,329052.60563473
2025-11-29 00:00:00,0.2167,0.22,0.2164,0.2174,1123591.4454,244967.54728484
2025-11-29 04:00:00,0.2174,0.2187,0.215,0.2156,1938242.3437,420649.63541541
2025-11-29 08:00:00,0.2155,0.2166,0.2137,0.2165,1271186.7686,273715.31279295
2025-11-29 12:00:00,0.2164,0.2172,0.2142,0.216,792531.9879,170953.5910334
2025-11-29 16:00:00,0.2161,0.2164,0.2119,0.2131,1107750.9107,236726.77272936
2025-11-29 20:00:00,0.2133,0.2147,0.2125,0.2144,438434.2389,93688.6624933
2025-11-30 00:00:00,0.2144,0.2172,0.2139,0.2168,3735049.9352,804654.42174015
2025-11-30 04:00:00,0.217,0.2174,0.2149,0.2164,1350862.8577,291985.00571119
2025-11-30 08:00:00,0.2165,0.218,0.2158,0.2161,1527039.2246,331336.01312673
2025-11-30 12:00:00,0.2159,0.2206,0.2132,0.214,4046790.8524,879364.63685972
2025-11-30 16:00:00,0.214,0.2171,0.214,0.2149,884854.2258,190762.54048842
2025-11-30 20:00:00,0.2149,0.216,0.2102,0.2104,1120992.0015,239392.58144197
2025-12-01 00:00:00,0.2106,0.2114,0.1945,0.1949,6770882.9867,1357779.99060082
2025-12-01 04:00:00,0.1948,0.1983,0.1936,0.1982,3092456.2613,606704.57688758
2025-12-01 08:00:00,0.1981,0.1986,0.1937,0.194,3180997.1057,623466.87120462
2025-12-01 12:00:00,0.1941,0.1948,0.1874,0.1907,3753969.5202,718376.37913452
2025-12-01 16:00:00,0.1906,0.1907,0.1864,0.1878,4025604.2604,758139.99704468
2025-12-01 20:00:00,0.1881,0.195,0.188,0.1938,2593190.0718,498191.36864405
2025-12-02 00:00:00,0.194,0.1968,0.1915,0.1934,2993546.7672,579206.73613669
2025-12-02 04:00:00,0.1937,0.1946,0.1923,0.1945,871591.5149,168866.92711825
2025-12-02 08:00:00,0.1946,0.195,0.1917,0.1944,3230330.5152,623987.09296259
2025-12-02 12:00:00,0.1946,0.2157,0.1934,0.2148,6025724.2964,1236501.17509822
2025-12-02 16:00:00,0.2152,0.2181,0.2127,0.2132,4081962.9466,879828.71998125
2025-12-02 20:00:00,0.2132,0.2146,0.2103,0.2128,1781512.1476,378906.62346247
2025-12-03 00:00:00,0.2131,0.2159,0.2116,0.215,1539390.9872,329587.64906748
2025-12-03 04:00:00,0.2151,0.2187,0.2143,0.2164,1951076.6826,423048.99600019
2025-12-03 08:00:00,0.2165,0.2194,0.2152,0.2167,3003169.9633,652914.24459267
2025-12-03 12:00:00,0.2168,0.2186,0.2106,0.2165,4692250.9733,1009977.25678398
2025-12-03 16:00:00,0.2167,0.2217,0.2147,0.22,3797987.955,829703.44365662
2025-12-03 20:00:00,0.2201,0.2255,0.2189,0.2225,3494729.464,776719.08724203
2025-12-04 00:00:00,0.2227,0.2249,0.2209,0.2221,2805293.4169,624765.03698462
2025-12-04 04:00:00,0.222,0.2237,0.2199,0.2226,2003831.4197,444098.15128911
2025-12-04 08:00:00,0.2226,0.2246,0.2204,0.2209,1369828.7507,304972.41708609
2025-12-04 12:00:00,0.2208,0.2223,0.2165,0.2212,2793785.7685,613341.70657239
2025-12-04 16:00:00,0.2211,0.2217,0.2128,0.2174,3390915.8438,739328.84596475
2025-12-04 20:00:00,0.2174,0.2184,0.2153,0.2159,1005208.9949,217718.54031146
2025-12-05 00:00:00,0.2159,0.2176,0.2151,0.2154,749351.1031,162005.1733085
2025-12-05 04:00:00,0.2155,0.2172,0.2132,0.2167,1119323.0497,240543.58868026
2025-12-05 08:00:00,0.2166,0.2167,0.2113,0.2122,3786857.1865,808019.95354834
2025-12-05 12:00:00,0.212,0.2127,0.207,0.2088,4089281.6741,860210.31238386
2025-12-05 16:00:00,0.2089,0.2091,0.1983,0.2021,4676429.5952,944643.43922459
2025-12-05 20:00:00,0.202,0.2029,0.2007,0.2026,1423444.292,287234.26937312
2025-12-06 00:00:00,0.2024,0.2035,0.1994,0.2032,2457580.6988,493623.91914073
2025-12-06 04:00:00,0.2033,0.2043,0.2021,0.2029,611309.3922,124091.80121491
2025-12-06 08:00:00,0.2027,0.2036,0.2014,0.2021,1107597.5397,224241.98835212
2025-12-06 12:00:00,0.2021,0.2068,0.202,0.205,2498560.3012,511554.62483515
2025-12-06 16:00:00,0.205,0.2094,0.205,0.206,2467004.9506,511442.09619291
2025-12-06 20:00:00,0.2063,0.2095,0.2061,0.207,1217409.8476,253048.27722193
2025-12-07 00:00:00,0.2074,0.21,0.2074,0.2096,1221907.419,255077.61693385
2025-12-07 04:00:00,0.2095,0.2111,0.2078,0.2083,1876650.2018,392525.68843024
2025-12-07 08:00:00,0.2082,0.2083,0.2058,0.2065,1192291.0912,246523.72359711
2025-12-07 12:00:00,0.2065,0.2081,0.1987,0.2063,5606008.5828,1132543.04863211
2025-12-07 16:00:00,0.2063,0.2127,0.2032,0.2118,5030157.4915,1049293.41027053
2025-12-07 20:00:00,0.212,0.2133,0.2015,0.2042,3922580.9074,812520.09789558
2025-12-08 00:00:00,0.2042,0.2093,0.2031,0.2084,1595235.766,329191.29891209
2025-12-08 04:00:00,0.2084,0.2126,0.2084,0.2122,1450982.9845,305580.33832799
2025-12-08 08:00:00,0.2121,0.2161,0.2108,0.2115,1478039.7415,315088.34471826
2025-12-08 12:00:00,0.2116,0.2162,0.21,0.2118,3911294.9483,832350.67331215
2025-12-08 16:00:00,0.2117,0.2158,0.2092,0.2106,4225631.228,899372.69999354
2025-12-08 20:00:00,0.2107,0.2146,0.2107,0.2125,1501973.8953,320277.03429777
2025-12-09 00:00:00,0.2125,0.2141,0.2096,0.2129,1580684.0634,334094.69534918
2025-12-09 04:00:00,0.2128,0.2137,0.209,0.2134,1147583.5569,242399.20443805
2025-12-09 08:00:00,0.2133,0.2159,0.2121,0.2143,3895548.1683,835565.54513008
2025-12-09 12:00:00,0.2143,0.2224,0.2129,0.222,4357296.7761,944312.46019525
2025-12-09 16:00:00,0.2224,0.2303,0.2224,0.2265,5703843.3132,1292426.5564182
2025-12-09 20:00:00,0.2265,0.2266,0.2198,0.2224,1986367.7881,443299.17975332
2025-12-10 00:00:00,0.2226,0.2235,0.2189,0.2195,1179807.3185,260265.66591268
2025-12-10 04:00:00,0.2194,0.2204,0.2175,0.2183,1346932.1953,295153.96775178
2025-12-10 08:00:00,0.2183,0.2207,0.2155,0.2168,1754123.1184,381831.27496657
2025-12-10 12:00:00,0.2166,0.2192,0.2156,0.2172,2715259.7576,591605.83290137
2025-12-10 16:00:00,0.2174,0.226,0.2169,0.2245,6657003.6174,1480496.27085647
2025-12-10 20:00:00,0.225,0.2298,0.2159,0.2162,4426803.182,989366.55674805
2025-12-11 00:00:00,0.2163,0.2165,0.2038,0.2042,3657105.8295,764607.98381085
2025-12-11 04:00:00,0.2041,0.2082,0.2033,0.206,2155428.8592,445015.95247504
2025-12-11 08:00:00,0.2062,0.2064,0.2043,0.2059,1242857.8389,255241.30914564
2025-12-11 12:00:00,0.2058,0.2084,0.2043,0.2051,2543473.7911,525067.5144068
2025-12-11 16:00:00,0.2049,0.209,0.2026,0.2065,3124223.3988,644063.44539888
2025-12-11 20:00:00,0.2066,0.2151,0.2066,0.2125,2876215.5496,607927.52775764
2025-12-12 00:00:00,0.2126,0.2166,0.2098,0.212,4272375.1087,911679.69049497
2025-12-12 04:00:00,0.212,0.2166,0.2111,0.2135,1391884.7622,298524.00655902
2025-12-12 08:00:00,0.2136,0.2163,0.2126,0.2145,1310166.6277,281057.94439316
2025-12-12 12:00:00,0.2143,0.2159,0.2005,0.2019,5028539.5726,1060264.57979405
2025-12-12 16:00:00,0.2016,0.2042,0.1977,0.2021,5246047.2344,1054950.32994016
2025-12-12 20:00:00,0.2021,0.2061,0.2008,0.2057,2720740.0125,551691.57026707
2025-12-13 00:00:00,0.2058,0.2078,0.2057,0.2072,1060562.6605,219107.6350244
2025-12-13 04:00:00,0.2073,0.2084,0.2063,0.2081,1015092.9345,210510.13479876
2025-12-13 08:00:00,0.2081,0.2108,0.2079,0.2102,908890.2235,190522.15970046
2025-12-13 12:00:00,0.2102,0.2117,0.2087,0.2117,1282889.1007,269224.38773578
2025-12-13 16:00:00,0.2116,0.2162,0.2115,0.2146,2332620.1192,499292.87102911
2025-12-13 20:00:00,0.2147,0.2185,0.2139,0.2154,2257810.1685,487336.59051153
2025-12-14 00:00:00,0.2152,0.2183,0.2144,0.2153,1647956.3828,357067.88231156
2025-12-14 04:00:00,0.2155,0.2157,0.2123,0.2136,1982242.9082,424137.54308546
2025-12-14 08:00:00,0.2136,0.2144,0.2073,0.2099,2449148.1832,517311.45355638
2025-12-14 12:00:00,0.2098,0.211,0.2068,0.2077,1079760.3782,225727.95590075
2025-12-14 16:00:00,0.2075,0.2091,0.2037,0.2046,1130372.0419,232792.76790635
2025-12-14 20:00:00,0.2046,0.2062,0.2017,0.2045,2274317.9664,464777.15390333
2025-12-15 00:00:00,0.2046,0.2119,0.2039,0.2073,1906984.6328,395264.45387541
2025-12-15 04:00:00,0.2075,0.21,0.207,0.2083,1673274.3754,348913.60844279
2025-12-15 08:00:00,0.2082,0.2127,0.2077,0.2116,1893095.7509,398342.4526219
2025-12-15 12:00:00,0.2117,0.2154,0.1979,0.1991,6450996.8142,1338863.31667507
2025-12-15 16:00:00,0.1989,0.1992,0.1901,0.1964,4433340.1611,864949.5326957
2025-12-15 20:00:00,0.1963,0.1974,0.1932,0.1972,2265345.4619,441525.18924923
2025-12-16 00:00:00,0.1972,0.1978,0.1925,0.1958,1652707.126,321648.07225764
2025-12-16 04:00:00,0.1961,0.1963,0.1913,0.1924,1768882.1772,342695.9156968
2025-12-16 08:00:00,0.1924,0.2008,0.1922,0.1996,1940358.3368,383337.3064235
2025-12-16 12:00:00,0.1995,0.2019,0.1935,0.2014,4395173.2082,870072.40723277
2025-12-16 16:00:00,0.2013,0.2042,0.1987,0.2006,2799748.7098,563832.66485125
2025-12-16 20:00:00,0.2006,0.2016,0.1995,0.2004,851680.9885,170682.03002028
2025-12-17 00:00:00,0.2,0.201,0.1977,0.1987,1111515.6185,221656.7045403
2025-12-17 04:00:00,0.1988,0.1991,0.1964,0.1976,983460.7608,194578.02211815
2025-12-17 08:00:00,0.1975,0.1976,0.1946,0.196,917427.3963,179772.2776718
2025-12-17 12:00:00,0.196,0.2047,0.1927,0.1939,6989457.9233,1388404.07987347
2025-12-17 16:00:00,0.1938,0.1956,0.1833,0.1866,7190430.7928,1356337.84705715
2025-12-17 20:00:00,0.1866,0.1885,0.1824,0.1847,2539693.0525,469341.2557833
2025-12-18 00:00:00,0.1848,0.185,0.1818,0.1824,1822915.2323,333960.14809784
2025-12-18 04:00:00,0.1824,0.1835,0.1797,0.1816,2136744.9099,387264.20406866
2025-12-18 08:00:00,0.1818,0.1843,0.1817,0.1836,1442035.2727,264106.78167422
2025-12-18 12:00:00,0.1836,0.1939,0.1835,0.1899,6566164.4071,1238930.74508535
2025-12-18 16:00:00,0.1899,0.1901,0.1721,0.1724,6955416.5192,1241872.02437985
2025-12-18 20:00:00,0.1723,0.178,0.1723,0.1759,2313744.2846,406595.66291657
2025-12-19 00:00:00,0.176,0.1823,0.1734,0.1807,3388030.0024,600835.0862889
2025-12-19 04:00:00,0.1807,0.187,0.1801,0.1849,1936437.4794,353202.04446301
2025-12-19 08:00:00,0.1849,0.1858,0.184,0.1857,1561456.7995,288615.60633409
2025-12-19 12:00:00,0.1856,0.1935,0.1851,0.19,3835279.7203,725699.26930295
2025-12-19 16:00:00,0.19,0.1945,0.1869,0.1937,3048283.5267,580355.21551761
2025-12-19 20:00:00,0.1936,0.1952,0.1921,0.1926,1168174.9991,225986.12633956
2025-12-20 00:00:00,0.1927,0.1927,0.1904,0.1909,889738.5767,170412.82270315
2025-12-20 04:00:00,0.1908,0.1921,0.1884,0.192,2551238.3141,484202.00081483
2025-12-20 08:00:00,0.192,0.1939,0.1905,0.1925,1113087.2235,213658.01612748
2025-12-20 12:00:00,0.1925,0.1925,0.1897,0.1907,1158360.7955,221020.97020881
2025-12-20 16:00:00,0.1907,0.1915,0.1898,0.1898,518344.8827,98770.60307741
2025-12-20 20:00:00,0.1898,0.1904,0.1891,0.1898,1026730.4055,194800.57633841
2025-12-21 00:00:00,0.1898,0.1902,0.1872,0.1883,1103694.2072,208142.51077031
2025-12-21 04:00:00,0.1884,0.1905,0.1881,0.1901,1207958.7431,228850.85787705
2025-12-21 08:00:00,0.19,0.1918,0.1887,0.1892,1654995.6881,315148.75889823
2025-12-21 12:00:00,0.1891,0.1902,0.1826,0.1846,2524204.8049,468323.12352353
2025-12-21 16:00:00,0.1846,0.1865,0.1833,0.1856,1819277.1744,336326.53369517
2025-12-21 20:00:00,0.1856,0.1875,0.1829,0.186,1575927.7009,291245.10930347
2025-12-22 00:00:00,0.1862,0.1913,0.1845,0.1885,2762022.3786,519573.30626886
2025-12-22 04:00:00,0.1887,0.191,0.1886,0.1902,972339.0284,184467.96235071
2025-12-22 08:00:00,0.1903,0.193,0.1892,0.191,1539629.929,293860.4724637
2025-12-22 12:00:00,0.191,0.1929,0.1883,0.1908,2460989.1242,468107.82023223
2025-12-22 16:00:00,0.1909,0.1918,0.1857,0.1862,1694579.2068,320792.37122347
2025-12-22 20:00:00,0.186,0.1884,0.1847,0.1874,2876522.6526,535387.24854567
2025-12-23 00:00:00,0.1874,0.1895,0.1849,0.1867,1314584.0561,246296.40651057
2025-12-23 04:00:00,0.1865,0.1868,0.1838,0.1849,1504596.9497,278190.38787061
2025-12-23 08:00:00,0.1849,0.1864,0.1839,0.1857,1020257.2874,188850.9352292
2025-12-23 12:00:00,0.1857,0.1857,0.1806,0.1833,3123128.7566,572067.07429222
2025-12-23 16:00:00,0.1833,0.1877,0.183,0.1861,2668719.5767,496800.24909632
2025-12-23 20:00:00,0.1863,0.1912,0.1861,0.191,1909566.3123,361181.68074889
2025-12-24 00:00:00,0.1911,0.1925,0.1856,0.1871,3671459.8504,698481.92741632
2025-12-24 04:00:00,0.1875,0.1892,0.1844,0.1853,1221548.4348,227631.39284317
2025-12-24 08:00:00,0.1852,0.1857,0.1837,0.1844,2060259.5133,379835.96771692
2025-12-24 12:00:00,0.1843,0.1885,0.1817,0.1882,2660646.9301,493406.35389934
2025-12-24 16:00:00,0.1881,0.19,0.1861,0.1873,2260036.0072,424449.99158774
2025-12-24 20:00:00,0.1876,0.1891,0.187,0.1878,883395.1199,165958.21340484
2025-12-25 00:00:00,0.1879,0.1904,0.1871,0.1898,1946456.7313,368084.09480373
2025-12-25 04:00:00,0.1898,0.1915,0.1897,0.1906,1222603.4372,233024.78296257
2025-12-25 08:00:00,0.1908,0.1913,0.1863,0.1868,2120996.326,398738.49013812
2025-12-25 12:00:00,0.1867,0.1909,0.1867,0.19,1391141.8295,262263.98512486
2025-12-25 16:00:00,0.19,0.1917,0.1884,0.1912,2966645.7054,563857.79081148
2025-12-25 20:00:00,0.1914,0.1917,0.1837,0.1844,2422719.5003,454787.54365855
2025-12-26 00:00:00,0.1844,0.1939,0.183,0.1915,3057184.1845,576161.95533826
2025-12-26 04:00:00,0.1912,0.1939,0.1901,0.1903,1770533.9647,340959.64279438
2025-12-26 08:00:00,0.1901,0.1914,0.19,0.191,863788.6987,164742.41065737
2025-12-26 12:00:00,0.1911,0.1926,0.1866,0.1896,2463191.0253,468472.57964553
2025-12-26 16:00:00,0.1896,0.1923,0.1875,0.192,3133934.9418,595285.38342436
2025-12-26 20:00:00,0.192,0.1936,0.191,0.1918,1246333.7907,239472.28558858
2025-12-27 00:00:00,0.1917,0.1945,0.1917,0.1939,2015195.9053,389432.95199176
2025-12-27 04:00:00,0.1939,0.1942,0.1919,0.192,3235029.4907,624695.58106057
2025-12-27 08:00:00,0.1922,0.193,0.1904,0.193,1143138.9714,219678.03212434
2025-12-27 12:00:00,0.193,0.1941,0.1919,0.194,607643.9588,117218.9350947
2025-12-27 16:00:00,0.194,0.1945,0.1931,0.1937,931506.956,180567.96214187
2025-12-27 20:00:00,0.1938,0.1981,0.1932,0.1971,1915258.4899,374589.22572108
2025-12-28 00:00:00,0.1972,0.1976,0.1957,0.1973,1116955.3608,219718.90403492
2025-12-28 04:00:00,0.1972,0.1984,0.1966,0.1974,923305.829,182312.52113105
2025-12-28 08:00:00,0.1975,0.1991,0.1966,0.1976,1046326.2077,206844.30183012
2025-12-28 12:00:00,0.1976,0.1983,0.1961,0.1967,1063635.2991,209821.68197002
2025-12-28 16:00:00,0.1967,0.1974,0.1927,0.1931,2297321.9752,447676.17169255
2025-12-28 20:00:00,0.1931,0.1953,0.1925,0.195,1019454.9171,197801.10761949
2025-12-29 00:00:00,0.195,0.1993,0.1944,0.1989,3303484.1788,649354.23368686
2025-12-29 04:00:00,0.1991,0.1998,0.1951,0.1968,1693741.2075,334380.06657577
2025-12-29 08:00:00,0.1967,0.197,0.1915,0.1927,1931400.1892,374980.94075107
2025-12-29 12:00:00,0.1926,0.193,0.189,0.1915,2295362.507,438430.38607953
2025-12-29 16:00:00,0.1914,0.1925,0.1901,0.1911,1405265.1972,269211.02397898
2025-12-29 20:00:00,0.1909,0.1918,0.1899,0.1903,1155548.1173,220496.29100435
2025-12-30 00:00:00,0.1905,0.191,0.1886,0.1909,378653.0122,71968.07080149
2025-12-30 04:00:00,0.1907,0.1919,0.1891,0.1909,909267.4011,173470.42094186
2025-12-30 08:00:00,0.1915,0.1948,0.1915,0.1937,1688873.6471,326665.31823982
2025-12-30 12:00:00,0.1938,0.1951,0.1912,0.1939,2177209.0464,420762.38358607
2025-12-30 16:00:00,0.1939,0.1949,0.1904,0.1921,1058932.8,203713.17126824
2025-12-30 20:00:00,0.1917,0.1917,0.1901,0.1909,427138.4054,81467.57154089
2025-12-31 00:00:00,0.1907,0.1928,0.1898,0.1911,503169.9113,96375.9319812
2025-12-31 04:00:00,0.1911,0.1918,0.1906,0.1914,677295.2104,129479.74297089
2025-12-31 08:00:00,0.1913,0.1919,0.1896,0.1915,1236979.3994,235616.55449441
2025-12-31 12:00:00,0.1914,0.1922,0.1885,0.1892,1683245.9745,320663.47944579
2025-12-31 16:00:00,0.1893,0.1898,0.1839,0.1854,2790706.1334,518013.09611358
2025-12-31 20:00:00,0.1855,0.1882,0.1843,0.1868,702953.9179,131236.77193244
2026-01-01 00:00:00,0.187,0.1883,0.1859,0.186,689526.7101,129106.12197309
2026-01-01 04:00:00,0.1861,0.187,0.185,0.1865,529549.2529,98556.05545845
2026-01-01 08:00:00,0.1866,0.1891,0.1859,0.189,1071921.3807,201109.11295602
2026-01-01 12:00:00,0.1891,0.1959,0.1881,0.1947,2136170.0962,409782.93156931
2026-01-01 16:00:00,0.1948,0.1994,0.1943,0.1994,1837784.1621,361059.088624
2026-01-01 20:00:00,0.1995,0.2023,0.1985,0.2013,1919991.7905,384085.73862226
2026-01-02 00:00:00,0.2014,0.2037,0.1998,0.2027,2012445.1556,406220.07784459
2026-01-02 04:00:00,0.203,0.2031,0.1988,0.1997,2833516.6715,567209.03779056
2026-01-02 08:00:00,0.1997,0.2052,0.1997,0.2014,1802944.1669,365530.08091988
2026-01-02 12:00:00,0.2013,0.2053,0.2,0.2025,2515164.9456,510279.93203909
2026-01-02 16:00:00,0.2026,0.2075,0.2021,0.2071,2016580.9645,414949.33457466
2026-01-02 20:00:00,0.2073,0.2102,0.2064,0.2089,1340384.6246,279379.66014031
2026-01-03 00:00:00,0.2089,0.2114,0.2073,0.2114,1134806.7869,237521.04437653
2026-01-03 04:00:00,0.2113,0.2114,0.2042,0.2048,1595007.0395,331755.20722048
2026-01-03 08:00:00,0.2047,0.2071,0.204,0.2054,762136.6245,156670.92270208
2026-01-03 12:00:00,0.2054,0.2079,0.2049,0.207,964641.0154,199692.41733197
2026-01-03 16:00:00,0.2071,0.2104,0.2069,0.2086,728651.9961,152066.26367192
2026-01-03 20:00:00,0.2088,0.2099,0.2076,0.2092,861969.038,180029.79279893
2026-01-04 00:00:00,0.2091,0.2129,0.2089,0.212,1334942.6641,281620.60801247
2026-01-04 04:00:00,0.2117,0.2127,0.2089,0.2102,1410534.4655,297256.04886092
2026-01-04 08:00:00,0.2101,0.2119,0.2086,0.2118,1638390.3693,344983.66038565
2026-01-04 12:00:00,0.2117,0.2165,0.2113,0.2153,1601025.5596,342502.8336276
2026-01-04 16:00:00,0.2153,0.2184,0.2121,0.214,2115135.0917,456512.95497202
2026-01-04 20:00:00,0.214,0.2174,0.2135,0.2164,1461181.4164,314732.13793315
2026-01-05 00:00:00,0.2164,0.2199,0.2151,0.2176,1963710.9017,427785.77083568
2026-01-05 04:00:00,0.2178,0.218,0.2117,0.2152,1643734.0819,352317.55625244
2026-01-05 08:00:00,0.2151,0.2155,0.2114,0.2127,942458.0041,200752.66292831
2026-01-05 12:00:00,0.2128,0.2187,0.212,0.2178,2282221.7155,490154.96371462
2026-01-05 16:00:00,0.2181,0.2222,0.2135,0.2202,2715839.2242,593298.89514858
2026-01-05 20:00:00,0.22,0.2234,0.2199,0.221,1337046.3768,296210.55186635
2026-01-06 00:00:00,0.221,0.2239,0.2182,0.2218,2597854.6098,574807.6571784
2026-01-06 04:00:00,0.2216,0.2236,0.2188,0.2192,1344921.8313,298074.90778192
2026-01-06 08:00:00,0.2194,0.2227,0.219,0.2222,1440681.314,317842.29594825
2026-01-06 12:00:00,0.2223,0.2277,0.2195,0.2207,4106700.3331,918775.77836975
2026-01-06 16:00:00,0.2208,0.2212,0.2115,0.2149,2772789.3236,599322.10834819
2026-01-06 20:00:00,0.2155,0.224,0.2155,0.2224,888657.3691,196564.1957916
2026-01-07 00:00:00,0.2223,0.2223,0.2156,0.2179,824152.0335,179822.17190963
2026-01-07 04:00:00,0.2177,0.2207,0.2163,0.2207,812568.5758,176972.75266055
2026-01-07 08:00:00,0.2208,0.2224,0.2158,0.2189,3895040.1191,851802.14849976
2026-01-07 12:00:00,0.2189,0.219,0.2101,0.211,3294404.5091,706655.73691913
2026-01-07 16:00:00,0.2109,0.2141,0.2102,0.2128,1797596.112,381638.60761182
2026-01-07 20:00:00,0.2127,0.2135,0.2101,0.2128,964436.125,204384.38716779
2026-01-08 00:00:00,0.2128,0.2139,0.2092,0.2098,976348.3515,207094.96621177
2026-01-08 04:00:00,0.2098,0.2125,0.2063,0.2109,2008246.5812,421127.73674946
2026-01-08 08:00:00,0.211,0.2119,0.2055,0.2076,1778824.27,369886.90673412
2026-01-08 12:00:00,0.2077,0.2124,0.2036,0.212,2184311.7219,451391.49322915
2026-01-08 16:00:00,0.2121,0.2129,0.2084,0.2085,1181285.7775,249149.93797492
2026-01-08 20:00:00,0.2087,0.2114,0.2068,0.2089,829042.8842,173422.51991951
2026-01-09 00:00:00,0.2089,0.2112,0.2073,0.2093,1370608.0272,286003.07797449
2026-01-09 04:00:00,0.2095,0.2098,0.2076,0.2086,392549.3453,81899.56067284
2026-01-09 08:00:00,0.2087,0.209,0.2049,0.2071,774237.7532,160542.24991646
2026-01-09 12:00:00,0.207,0.212,0.2048,0.2099,2247232.1527,469311.64637332
2026-01-09 16:00:00,0.21,0.2138,0.2055,0.2061,1372366.0322,289178.90273698
2026-01-09 20:00:00,0.2059,0.2085,0.2057,0.2076,658678.0725,136590.42264081
2026-01-10 00:00:00,0.2075,0.2075,0.2049,0.2059,548637.4348,113155.02763417
2026-01-10 04:00:00,0.206,0.2081,0.2051,0.208,636688.8095,131548.95162477
2026-01-10 08:00:00,0.208,0.2132,0.2078,0.2109,2215334.4709,467839.46702106
2026-01-10 12:00:00,0.2109,0.2129,0.2104,0.2109,803230.8988,169779.10615502
2026-01-10 16:00:00,0.2108,0.2113,0.2086,0.2105,1109215.8377,233307.05406215
2026-01-10 20:00:00,0.2106,0.2106,0.2063,0.207,1167712.3132,242916.6467106
2026-01-11 00:00:00,0.2071,0.2081,0.2065,0.2073,666479.3096,138161.50384948
2026-01-11 04:00:00,0.2071,0.2086,0.2065,0.2084,821019.9727,170453.11233311
2026-01-11 08:00:00,0.2084,0.2088,0.2078,0.2085,384503.7816,80089.69754346
2026-01-11 12:00:00,0.2085,0.2102,0.2061,0.2068,889868.1121,185807.79593028
2026-01-11 16:00:00,0.2068,0.2095,0.2058,0.2061,803896.8164,166797.77884782
2026-01-11 20:00:00,0.206,0.206,0.2011,0.2042,1245675.6712,253615.40303128
2026-01-12 00:00:00,0.204,0.2112,0.2018,0.2081,1857134.7012,384345.49923999
2026-01-12 04:00:00,0.2083,0.2104,0.2049,0.2051,881476.7658,183565.77611772
2026-01-12 08:00:00,0.2051,0.2062,0.2016,0.2028,3178876.52,647784.52332952
2026-01-12 12:00:00,0.2028,0.2049,0.199,0.2045,2355180.8584,475250.77611665
2026-01-12 16:00:00,0.2047,0.2065,0.2014,0.2032,1748125.3542,356695.86291388
2026-01-12 20:00:00,0.2031,0.2041,0.1993,0.2008,803471.7016,161747.73043303
2026-01-13 00:00:00,0.2008,0.2035,0.2008,0.2028,955924.9208,193323.05655217
2026-01-13 04:00:00,0.2028,0.2058,0.2024,0.2047,1243843.3892,254703.08829717
2026-01-13 08:00:00,0.2048,0.2071,0.2044,0.2064,818420.2577,168515.47748852
2026-01-13 12:00:00,0.2065,0.2143,0.2062,0.2141,5007058.8373,1050572.05994523
2026-01-13 16:00:00,0.2143,0.2183,0.2142,0.2167,3390650.3955,732879.80890876
2026-01-13 20:00:00,0.2168,0.2261,0.2138,0.2215,3633749.9125,804956.35194275
2026-01-14 00:00:00,0.2215,0.2237,0.2213,0.2233,2860395.6858,636127.56974988
2026-01-14 04:00:00,0.2233,0.2248,0.2213,0.2225,2534603.0072,565334.98219924
2026-01-14 08:00:00,0.2226,0.2249,0.2205,0.2208,1707605.5504,380776.81084216
2026-01-14 12:00:00,0.2208,0.2239,0.2189,0.2225,3435789.0536,761959.10369024
2026-01-14 16:00:00,0.2226,0.2247,0.2158,0.2194,4741511.1246,1049736.85229185
2026-01-14 20:00:00,0.2195,0.221,0.2168,0.2174,1830233.8003,400197.92868826
2026-01-15 00:00:00,0.2175,0.2183,0.2109,0.2113,2047114.8276,439670.92762658
2026-01-15 04:00:00,0.2112,0.2163,0.211,0.2155,3321198.6493,709026.22502691
2026-01-15 08:00:00,0.2154,0.2169,0.2139,0.2147,987988.8603,212643.32769722
2026-01-15 12:00:00,0.2146,0.2187,0.2071,0.2105,2580385.0357,550183.93743883
2026-01-15 16:00:00,0.2104,0.2115,0.2051,0.2074,2634206.0593,549475.41807033
2026-01-15 20:00:00,0.2074,0.2102,0.2059,0.2099,1381978.743,287368.54521357
2026-01-16 00:00:00,0.2099,0.2103,0.2071,0.2075,1073752.978,223811.888726
2026-01-16 04:00:00,0.2075,0.2111,0.2061,0.2101,1797536.3317,375997.34738348
2026-01-16 08:00:00,0.2102,0.2109,0.2088,0.2096,621363.9594,130517.07773238
2026-01-16 12:00:00,0.2097,0.2101,0.2035,0.2049,1619166.5099,334958.92245634
2026-01-16 16:00:00,0.2047,0.2073,0.2043,0.2069,1575087.1667,324162.55800148
2026-01-16 20:00:00,0.2068,0.2103,0.206,0.2097,1284396.96,268622.49500576
2026-01-17 00:00:00,0.2099,0.2123,0.2092,0.2105,785615.3266,165833.28205734
2026-01-17 04:00:00,0.2107,0.2133,0.21,0.2131,437406.7022,92616.8761963
2026-01-17 08:00:00,0.2131,0.2164,0.213,0.2134,2920951.1299,627466.2451819
2026-01-17 12:00:00,0.2133,0.222,0.2131,0.2219,1749131.5298,381637.47118859
2026-01-17 16:00:00,0.222,0.2239,0.2186,0.2194,2162907.5365,477762.04872645
2026-01-17 20:00:00,0.2194,0.2199,0.2142,0.2166,1506997.6065,327120.47466103
2026-01-18 00:00:00,0.2166,0.2202,0.2139,0.2149,1721024.8542,372642.93461486
2026-01-18 04:00:00,0.2148,0.2152,0.2124,0.2135,777390.4572,166177.42104014
2026-01-18 08:00:00,0.2136,0.2163,0.2127,0.216,1409480.6036,302165.78478476
2026-01-18 12:00:00,0.216,0.2169,0.2133,0.2162,1219064.4853,262250.64134933
2026-01-18 16:00:00,0.2162,0.2205,0.2151,0.2183,1231389.7299,267689.00690715
2026-01-18 20:00:00,0.2183,0.2209,0.206,0.2061,3333242.9358,713670.04804204
2026-01-19 00:00:00,0.2061,0.2061,0.1853,0.1931,19152889.2165,3712112.08845386
2026-01-19 04:00:00,0.193,0.1935,0.1905,0.1925,2814296.0826,540195.38814635
2026-01-19 08:00:00,0.1923,0.1934,0.1905,0.1906,3534522.8932,678999.01028424
2026-01-19 12:00:00,0.1906,0.1919,0.1887,0.1914,2848713.3867,542156.45067271
2026-01-19 16:00:00,0.1913,0.1971,0.191,0.1956,1752408.2342,339364.28514277
2026-01-19 20:00:00,0.1957,0.196,0.1909,0.1934,2307356.835,446747.446335
2026-01-20 00:00:00,0.1935,0.1947,0.1911,0.194,2703482.261,522393.38747287
2026-01-20 04:00:00,0.1937,0.1942,0.1898,0.1901,2021459.7295,388458.959008
2026-01-20 08:00:00,0.19,0.1932,0.1874,0.189,3116707.0194,591272.97971356
2026-01-20 12:00:00,0.1891,0.1911,0.1858,0.1875,4373442.8624,824715.34354888
2026-01-20 16:00:00,0.1876,0.1882,0.182,0.1839,2613424.5268,482722.62603897
2026-01-20 20:00:00,0.1839,0.1855,0.1794,0.182,2354669.3151,429367.88989622
2026-01-21 00:00:00,0.1819,0.1879,0.1819,0.1867,2220112.0617,411021.29093198
2026-01-21 04:00:00,0.1867,0.1875,0.1859,0.1865,1267868.298,236892.71492015
2026-01-21 08:00:00,0.1866,0.1868,0.1821,0.1823,697599.8916,128726.07276938
2026-01-21 12:00:00,0.1825,0.1904,0.1795,0.1902,4917498.2921,908805.75134515
2026-01-21 16:00:00,0.1902,0.1904,0.1793,0.1902,4471083.373,827673.05312112
2026-01-21 20:00:00,0.1902,0.1905,0.1841,0.1851,2489093.5343,466567.55491751
2026-01-22 00:00:00,0.1852,0.1888,0.1852,0.1863,1850915.3204,346359.94970235
2026-01-22 04:00:00,0.1862,0.1867,0.1798,0.18,2566642.0592,470012.43418745
2026-01-22 08:00:00,0.1801,0.1833,0.1788,0.1807,2311707.1243,418298.91650342
2026-01-22 12:00:00,0.1805,0.1807,0.1748,0.177,3715099.7143,660739.29157378
2026-01-22 16:00:00,0.1771,0.1799,0.1762,0.1774,2679722.3205,477239.42324402
2026-01-22 20:00:00,0.1773,0.178,0.1757,0.1776,1518530.5198,268176.01457599
2026-01-23 00:00:00,0.1777,0.18,0.1766,0.1795,952482.9106,169661.35532923
2026-01-23 04:00:00,0.1796,0.1815,0.1782,0.1791,1848244.6733,331793.87362282
2026-01-23 08:00:00,0.1791,0.1798,0.177,0.178,1271498.6444,226380.52131303
2026-01-23 12:00:00,0.1781,0.1788,0.1735,0.1781,2034682.7296,359390.31589005
2026-01-23 16:00:00,0.1782,0.1825,0.1763,0.1776,4785560.503,860739.8700094
2026-01-23 20:00:00,0.1776,0.178,0.1752,0.1769,1448024.1295,256238.26777852
2026-01-24 00:00:00,0.1769,0.1799,0.1765,0.1797,1081971.0961,192383.17571626
2026-01-24 04:00:00,0.1798,0.1811,0.1776,0.1777,1491483.0999,267335.77254052
2026-01-24 08:00:00,0.1778,0.1784,0.1769,0.178,493418.6196,87684.04552474
2026-01-24 12:00:00,0.1781,0.1784,0.1759,0.1762,719995.0769,127934.07236
2026-01-24 16:00:00,0.1762,0.1769,0.1754,0.1757,1026621.5411,180747.37047911
2026-01-24 20:00:00,0.1757,0.1773,0.1757,0.1765,944135.5356,166762.96946568
2026-01-25 00:00:00,0.1764,0.1772,0.1744,0.175,1257593.7897,220971.6799193
2026-01-25 04:00:00,0.1749,0.1754,0.1739,0.175,1237232.7964,216043.82090812
2026-01-25 08:00:00,0.175,0.1772,0.1734,0.1753,1399926.47,245491.20834944
2026-01-25 12:00:00,0.1751,0.1751,0.1725,0.1734,968784.0627,168429.4835932
2026-01-25 16:00:00,0.1733,0.1733,0.1632,0.1644,6005067.155,1008717.09908073
2026-01-25 20:00:00,0.1645,0.1675,0.1644,0.1673,3420408.4712,567915.65500307
2026-01-26 00:00:00,0.1674,0.1714,0.167,0.1686,2239059.1994,378698.6798452
2026-01-26 04:00:00,0.1687,0.1718,0.1687,0.1711,1140634.6404,194394.13285337
2026-01-26 08:00:00,0.1712,0.1728,0.1698,0.1705,1402925.6695,239994.76471353
2026-01-26 12:00:00,0.1705,0.1734,0.1692,0.1702,3587369.355,613098.59686741
2026-01-26 16:00:00,0.1704,0.1714,0.1683,0.1698,2665529.9224,452875.84914127
2026-01-26 20:00:00,0.1697,0.1717,0.1688,0.1701,1488141.6176,253555.09163006
2026-01-27 00:00:00,0.1701,0.1716,0.1696,0.1701,1100557.442,187623.575333
2026-01-27 04:00:00,0.1701,0.1713,0.1688,0.1693,735908.2363,124923.00789547
2026-01-27 08:00:00,0.1695,0.1696,0.1676,0.1681,739383.7942,124487.40195794
2026-01-27 12:00:00,0.168,0.1694,0.1668,0.1692,1168430.4048,196163.30704206
2026-01-27 16:00:00,0.1692,0.1718,0.1664,0.1703,2205224.1564,373786.42204639
2026-01-27 20:00:00,0.1703,0.1731,0.1703,0.1716,1632562.119,280532.26381232
2026-01-28 00:00:00,0.1717,0.172,0.1704,0.1708,1108125.1121,189541.3195644
2026-01-28 04:00:00,0.1707,0.1718,0.1699,0.1712,1811055.0017,309383.93923416
2026-01-28 08:00:00,0.1713,0.1726,0.1698,0.1726,2271836.176,388679.91856055
2026-01-28 12:00:00,0.1724,0.1724,0.1684,0.1688,1620138.3357,276388.02956049
2026-01-28 16:00:00,0.1688,0.1702,0.1669,0.1699,1649527.9005,277664.89824982
2026-01-28 20:00:00,0.1698,0.1731,0.1687,0.1717,2011806.6961,344870.93540867
2026-01-29 00:00:00,0.1718,0.1723,0.1657,0.1665,2493758.2159,418590.92427659
2026-01-29 04:00:00,0.1662,0.1674,0.1648,0.1664,1115585.9495,185269.23725046
2026-01-29 08:00:00,0.1663,0.1666,0.1631,0.1637,2070332.787,340918.49089518
2026-01-29 12:00:00,0.1636,0.1647,0.1542,0.1575,7472235.4418,1180866.58431229
2026-01-29 16:00:00,0.1574,0.1611,0.1541,0.1561,7306413.0754,1146099.79486308
2026-01-29 20:00:00,0.1562,0.1593,0.1558,0.1584,1747553.9091,276314.48097673
2026-01-30 00:00:00,0.1585,0.1592,0.1522,0.1536,7722697.9191,1195718.81487791
2026-01-30 04:00:00,0.1537,0.1559,0.1512,0.1546,2249620.0566,346085.36069795
2026-01-30 08:00:00,0.1546,0.1573,0.1531,0.1566,1485867.0945,229220.06604206
2026-01-30 12:00:00,0.1567,0.1569,0.1522,0.1546,3133631.3579,485516.78696849
2026-01-30 16:00:00,0.1545,0.1578,0.1509,0.1566,2985076.3829,463193.95450122
2026-01-30 20:00:00,0.1565,0.1565,0.1533,0.1552,2903157.5519,449046.21776293
2026-01-31 00:00:00,0.1553,0.1554,0.1537,0.1541,690709.0203,106850.48870682
2026-01-31 04:00:00,0.1542,0.1547,0.1514,0.1526,1173496.7359,179840.6014727
2026-01-31 08:00:00,0.1526,0.1527,0.1488,0.1496,2761835.04,415301.58271044
2026-01-31 12:00:00,0.1495,0.1497,0.1384,0.1417,9258990.2011,1318253.70314476
2026-01-31 16:00:00,0.1418,0.1438,0.1255,0.1351,29566670.0958,3963017.9330163
2026-01-31 20:00:00,0.135,0.141,0.134,0.1401,3784639.6942,517314.14211953
2026-02-01 00:00:00,0.1401,0.1416,0.1389,0.1414,2176292.1518,306020.82807285
2026-02-01 04:00:00,0.1414,0.1421,0.1391,0.1401,1544096.0994,216839.81420029
2026-02-01 08:00:00,0.1401,0.1415,0.138,0.1394,2455109.4088,342896.76953217
2026-02-01 12:00:00,0.1393,0.14,0.1347,0.1363,4727250.1086,648214.17959582
2026-02-01 16:00:00,0.1363,0.14,0.1354,0.1368,4507870.0016,619681.54850454
2026-02-01 20:00:00,0.1368,0.1384,0.1315,0.1352,8712884.4329,1177418.32018429
2026-02-02 00:00:00,0.1353,0.1386,0.1302,0.1351,8872186.1742,1198357.45067873
2026-02-02 04:00:00,0.1352,0.1364,0.1286,0.133,9254631.5796,1223058.48132901
2026-02-02 08:00:00,0.1331,0.1363,0.1331,0.1355,4474589.0735,605939.07382569
2026-02-02 12:00:00,0.1356,0.1408,0.1356,0.1393,4212657.6451,580388.60497368
2026-02-02 16:00:00,0.1392,0.14,0.1372,0.1372,2650005.2322,367728.16772913
2026-02-02 20:00:00,0.1372,0.1382,0.1365,0.1372,1790095.0396,245996.12851141
2026-02-03 00:00:00,0.1373,0.1375,0.1338,0.1367,2051172.8734,278451.18519312
2026-02-03 04:00:00,0.1368,0.1379,0.1354,0.1365,3484230.3599,475688.89633408
2026-02-03 08:00:00,0.1365,0.137,0.1339,0.1356,2239156.7723,303121.57119151
2026-02-03 12:00:00,0.1356,0.1371,0.133,0.1341,8340419.6902,1125881.05387154
2026-02-03 16:00:00,0.134,0.134,0.1241,0.1297,12573079.8842,1613614.22703136
2026-02-03 20:00:00,0.1295,0.1357,0.1277,0.1304,9240461.6635,1221377.23628973
2026-02-04 00:00:00,0.1304,0.1344,0.1297,0.1338,2526936.9556,335523.91988787
2026-02-04 04:00:00,0.1337,0.1349,0.1328,0.1346,2252967.7156,302290.04913097
2026-02-04 08:00:00,0.1347,0.1364,0.1339,0.1355,4303358.6396,581481.09001019
2026-02-04 12:00:00,0.1355,0.1363,0.1297,0.1311,6372515.2321,851256.07526264
2026-02-04 16:00:00,0.131,0.1333,0.1284,0.133,8671616.5816,1133915.43647154
2026-02-04 20:00:00,0.133,0.133,0.1263,0.1284,5100935.3081,657439.2543567
2026-02-05 00:00:00,0.1284,0.1298,0.1251,0.1253,4591643.0323,585285.46254755
2026-02-05 04:00:00,0.1254,0.1268,0.1237,0.1247,6249097.9619,781558.23398769
2026-02-05 08:00:00,0.1248,0.1279,0.1213,0.1232,6873696.1757,858700.55019564
2026-02-05 12:00:00,0.1233,0.1251,0.1136,0.1161,16380657.7144,1951816.0973663
2026-02-05 16:00:00,0.1162,0.1187,0.112,0.1125,13077177.2277,1502855.21169891
2026-02-05 20:00:00,0.1126,0.1135,0.1062,0.1077,19358346.6408,2110778.84241912
2026-02-06 00:00:00,0.1078,0.1113,0.0944,0.1076,44663038.6604,4525640.81845851
2026-02-06 04:00:00,0.1077,0.1117,0.1071,0.1077,5254089.7103,574444.32078334
2026-02-06 08:00:00,0.1078,0.1123,0.1068,0.1118,4853974.6531,531640.57417479
2026-02-06 12:00:00,0.1117,0.116,0.1109,0.1158,5502067.2668,623430.45783123
2026-02-06 16:00:00,0.1158,0.1221,0.1153,0.1194,8500743.3355,1008703.90408669
2026-02-06 20:00:00,0.1193,0.1216,0.1179,0.1203,3778145.107,452478.97861402
2026-02-07 00:00:00,0.1201,0.1212,0.1186,0.1209,2693827.6551,322694.50264661
2026-02-07 04:00:00,0.1208,0.1221,0.115,0.1162,3811849.0794,452145.97213677
2026-02-07 08:00:00,0.1161,0.1171,0.1156,0.117,1747810.6441,203310.04428621
2026-02-07 12:00:00,0.1169,0.1212,0.1169,0.1199,4183856.0015,498221.0422163
2026-02-07 16:00:00,0.12,0.1256,0.1195,0.1206,7819824.1348,949896.23850753
2026-02-07 20:00:00,0.1206,0.1213,0.1194,0.12,1280197.3114,154351.39326228
2026-02-08 00:00:00,0.12,0.1203,0.1184,0.1187,1092002.7827,130423.21398138
2026-02-08 04:00:00,0.1186,0.119,0.1173,0.1181,1147370.6641,135741.82970291
2026-02-08 08:00:00,0.1181,0.1199,0.1174,0.1196,1800319.0532,214216.88466466
2026-02-08 12:00:00,0.1197,0.1197,0.1174,0.1178,2294671.7416,272967.06978389
2026-02-08 16:00:00,0.1178,0.1179,0.1149,0.1177,1998637.1411,233270.07350621
2026-02-08 20:00:00,0.1174,0.1193,0.1154,0.1165,2142830.1004,249903.84707153
2026-02-09 00:00:00,0.1164,0.1179,0.1155,0.1177,2406247.8175,280347.73580418
2026-02-09 04:00:00,0.1176,0.1176,0.114,0.1141,1796671.9197,208091.32599182
2026-02-09 08:00:00,0.114,0.1142,0.1095,0.1103,3704018.1438,411962.40566579
2026-02-09 12:00:00,0.1103,0.1112,0.1081,0.1109,3509488.3785,384972.02206098
2026-02-09 16:00:00,0.1109,0.1156,0.1102,0.1139,5242901.6257,593492.14577504
2026-02-09 20:00:00,0.1139,0.1144,0.1115,0.1131,1677188.7989,189704.61888877
2026-02-10 00:00:00,0.1133,0.1135,0.1097,0.1103,2151199.8628,239758.02659302
2026-02-10 04:00:00,0.1102,0.1114,0.108,0.1094,3528222.6224,387086.68705136
2026-02-10 08:00:00,0.1095,0.11,0.1085,0.1086,2277036.6819,248922.18132216
2026-02-10 12:00:00,0.1087,0.1121,0.1086,0.1113,3382901.0421,372597.83316199
2026-02-10 16:00:00,0.1114,0.1119,0.1085,0.1096,1984608.3945,218805.41329358
2026-02-10 20:00:00,0.1095,0.1103,0.1088,0.11,1583952.8929,173709.23940193
2026-02-11 00:00:00,0.11,0.1116,0.1092,0.1104,2262234.7079,249701.26459305
2026-02-11 04:00:00,0.1104,0.1104,0.1067,0.1072,1870070.3117,202390.8081722
2026-02-11 08:00:00,0.1071,0.1074,0.106,0.1072,2035048.502,217304.64538221
2026-02-11 12:00:00,0.1072,0.1128,0.1049,0.1069,5869753.5988,635901.96480366
2026-02-11 16:00:00,0.1069,0.109,0.1058,0.1077,4033583.8433,434102.29832002
2026-02-11 20:00:00,0.1077,0.1104,0.1072,0.1083,3192707.0085,347374.88337862
2026-02-12 00:00:00,0.1083,0.1105,0.1083,0.1104,2726705.923,299326.02999797
2026-02-12 04:00:00,0.1103,0.1124,0.1102,0.1124,2239843.2801,249373.1986228
2026-02-12 08:00:00,0.1124,0.1132,0.1108,0.1122,3536199.5379,395253.33484301
2026-02-12 12:00:00,0.1122,0.1123,0.1094,0.1104,3024157.7452,334701.7022674
2026-02-12 16:00:00,0.1105,0.1117,0.108,0.11,4252541.5739,464284.16496924
2026-02-12 20:00:00,0.1101,0.112,0.1085,0.1117,2897108.0748,319942.80818349
2026-02-13 00:00:00,0.1117,0.1121,0.1092,0.1095,1930535.6282,212449.27603678
2026-02-13 04:00:00,0.1096,0.1103,0.1084,0.1101,1329861.7012,145779.28609051
2026-02-13 08:00:00,0.1101,0.1117,0.11,0.1107,2232206.9855,247466.97326752
2026-02-13 12:00:00,0.1107,0.1153,0.1099,0.1133,5495315.7148,615918.49012681
2026-02-13 16:00:00,0.1133,0.1162,0.113,0.1158,3544644.437,408629.76945126
2026-02-13 20:00:00,0.1157,0.1167,0.1154,0.1155,1823287.9488,211284.72648331
2026-02-14 00:00:00,0.1155,0.1166,0.1149,0.1162,1295732.1498,150195.02482469
2026-02-14 04:00:00,0.1163,0.1165,0.1152,0.1162,1242156.3946,144024.50444362
2026-02-14 08:00:00,0.1162,0.1193,0.1161,0.119,1194618.8415,140617.09410887
2026-02-14 12:00:00,0.1191,0.1198,0.1172,0.1196,1926222.4633,228742.16202457
2026-02-14 16:00:00,0.1197,0.1221,0.1186,0.1219,1749161.0031,210776.12531775
2026-02-14 20:00:00,0.122,0.1223,0.12,0.1205,1432924.5097,173552.73283907
2026-02-15 00:00:00,0.1206,0.1208,0.1179,0.1198,2044239.5247,244356.02891197
2026-02-15 04:00:00,0.1198,0.1216,0.1193,0.1208,2256569.885,271144.82516909
2026-02-15 08:00:00,0.1208,0.1212,0.1177,0.1182,1531951.9297,181921.38235166
2026-02-15 12:00:00,0.1184,0.1184,0.1137,0.1152,1908004.0112,219906.93944283
2026-02-15 16:00:00,0.1151,0.1152,0.1122,0.1131,2807531.2658,319397.85001428
2026-02-15 20:00:00,0.113,0.1147,0.1127,0.1147,1445906.4512,164967.33768628
2026-02-16 00:00:00,0.1146,0.1152,0.1136,0.1141,855052.125,97668.81338526
2026-02-16 04:00:00,0.1141,0.1152,0.1132,0.1135,1181813.3467,134739.18885977
2026-02-16 08:00:00,0.1135,0.1152,0.1126,0.1144,1247186.5201,142385.45742961
2026-02-16 12:00:00,0.1144,0.1172,0.1115,0.1121,4675397.8298,534534.06670781
2026-02-16 16:00:00,0.1121,0.1138,0.1119,0.1135,2758899.59,310905.08889081
2026-02-16 20:00:00,0.1136,0.116,0.1133,0.1152,1776140.3868,204154.02210326
2026-02-17 00:00:00,0.1153,0.1159,0.1141,0.1149,1022758.6309,117806.03040036
2026-02-17 04:00:00,0.1147,0.1152,0.1132,0.1142,746446.1026,85287.44785279
2026-02-17 08:00:00,0.1142,0.1146,0.1124,0.1135,1021517.0557,115963.62822384
2026-02-17 12:00:00,0.1134,0.1146,0.1113,0.1133,2741192.6871,309473.00707502
2026-02-17 16:00:00,0.1133,0.1154,0.1122,0.1136,1703968.8404,194121.69551242
2026-02-17 20:00:00,0.1136,0.1138,0.1126,0.1128,1017315.209,115058.62249581
2026-02-18 00:00:00,0.1128,0.1134,0.1119,0.1133,1103658.5494,124279.07991477
2026-02-18 04:00:00,0.1133,0.1144,0.113,0.1138,996829.173,113278.47522077
2026-02-18 08:00:00,0.1139,0.1143,0.1117,0.1122,897378.3737,101734.27261257
2026-02-18 12:00:00,0.1122,0.1134,0.1101,0.112,2701983.196,300994.44542828
2026-02-18 16:00:00,0.1121,0.1121,0.1075,0.1085,3111754.3168,341046.54066869
2026-02-18 20:00:00,0.1083,0.1091,0.1069,0.1077,1655967.2669,178822.34678684
2026-02-19 00:00:00,0.1077,0.1086,0.1069,0.1078,1551611.1134,167409.0535143
2026-02-19 04:00:00,0.1078,0.1084,0.1062,0.1065,1453696.4472,155653.43164754
2026-02-19 08:00:00,0.1064,0.1064,0.1037,0.104,3622625.3547,379276.85490791
2026-02-19 12:00:00,0.104,0.1045,0.0978,0.0981,4743855.3216,478683.84104607
2026-02-19 16:00:00,0.0981,0.1003,0.0975,0.0984,3813158.4441,377456.47408792
2026-02-19 20:00:00,0.0983,0.0993,0.0971,0.0979,3331368.7965,327158.98003904
2026-02-20 00:00:00,0.0979,0.0985,0.0964,0.098,4315628.8796,421393.88711681
2026-02-20 04:00:00,0.0979,0.098,0.0954,0.0966,6090752.2455,589088.56371355
2026-02-20 08:00:00,0.0966,0.097,0.0937,0.0941,8359338.5905,798447.28771556
2026-02-20 12:00:00,0.0941,0.0978,0.0925,0.097,11794761.3466,1118721.26646931
2026-02-20 16:00:00,0.097,0.0987,0.0942,0.0964,10116917.6353,973871.11801637
2026-02-20 20:00:00,0.0964,0.0974,0.0958,0.0972,2337150.5558,225552.09329645
2026-02-21 00:00:00,0.0971,0.0971,0.096,0.0969,2054482.1509,198462.60675057
2026-02-21 04:00:00,0.0969,0.1002,0.0968,0.1001,4988260.9965,493534.74952526
2026-02-21 08:00:00,0.1002,0.1051,0.0999,0.1032,10029248.8766,1033293.90084557
2026-02-21 12:00:00,0.1033,0.1037,0.0993,0.1,6578977.6777,667743.5230401
2026-02-21 16:00:00,0.1,0.1002,0.0987,0.099,2562757.5322,254790.18986958
2026-02-21 20:00:00,0.0989,0.0996,0.0983,0.0984,1963444.7739,194014.02827116
2026-02-22 00:00:00,0.0983,0.0983,0.0958,0.0962,3476680.7024,336806.75442386
2026-02-22 04:00:00,0.0961,0.0964,0.0952,0.0958,2128834.781,203799.30632963
2026-02-22 08:00:00,0.0958,0.0968,0.0955,0.0958,1298014.0637,124715.1175667
2026-02-22 12:00:00,0.0957,0.0957,0.0936,0.0945,4201185.1643,396811.77109879
2026-02-22 16:00:00,0.0945,0.0946,0.0937,0.0941,1732477.916,163220.26546579
2026-02-22 20:00:00,0.0941,0.0947,0.0933,0.0946,1910096.842,179617.8157507
2026-02-23 00:00:00,0.0946,0.0948,0.0884,0.0902,14088275.6969,1275984.38000758
2026-02-23 04:00:00,0.0903,0.0936,0.0896,0.093,6391524.4718,585660.0919274
2026-02-23 08:00:00,0.0929,0.0954,0.0923,0.0952,5787181.0091,542770.35515762
2026-02-23 12:00:00,0.0952,0.0962,0.0926,0.0926,5200469.535,491256.49031871
2026-02-23 16:00:00,0.0927,0.0933,0.0912,0.0921,3674739.8986,339197.04949203
2026-02-23 20:00:00,0.092,0.0945,0.0919,0.0937,4616857.3962,432122.46671881
2026-02-24 00:00:00,0.0936,0.0941,0.0919,0.093,4570235.0125,426320.79595211
2026-02-24 04:00:00,0.0931,0.0933,0.0909,0.0913,3464976.1437,317718.1526286
2026-02-24 08:00:00,0.0913,0.0916,0.0904,0.0916,2407492.4567,219373.81398691
2026-02-24 12:00:00,0.0917,0.0934,0.0898,0.093,4941758.793,454310.13391113
2026-02-24 16:00:00,0.093,0.094,0.0921,0.0929,4470354.3115,416290.67711383
2026-02-24 20:00:00,0.093,0.0932,0.0919,0.0921,1692933.815,156728.52469698
2026-02-25 00:00:00,0.0921,0.096,0.0921,0.0925,3814320.333,359128.80673862
2026-02-25 04:00:00,0.0926,0.0932,0.0914,0.0932,3955694.6445,365500.74804724
2026-02-25 08:00:00,0.0931,0.0949,0.0928,0.0947,3351267.1781,314412.2118856
2026-02-25 12:00:00,0.0948,0.1011,0.0945,0.1,6567627.4665,642444.05199972
2026-02-25 16:00:00,0.1001,0.1044,0.1001,0.1044,9419125.9504,966455.56039371
2026-02-25 20:00:00,0.1044,0.1069,0.0998,0.1008,8447134.8822,880034.79823445
2026-02-26 00:00:00,0.1008,0.1008,0.0982,0.09956,4749957.6283,471992.977910472
2026-02-26 04:00:00,0.09955,0.10124,0.0991,0.09995,7426303.9024,741873.25724983
2026-02-26 08:00:00,0.09992,0.10182,0.09832,0.09864,5257471.3588,527510.415063554
2026-02-26 12:00:00,0.09864,0.10017,0.09832,0.09981,4745970.7466,471051.662251334
2026-02-26 16:00:00,0.0998,0.10013,0.09542,0.0992,10564083.8368,1030655.198038568
2026-02-26 20:00:00,0.09919,0.10076,0.09836,0.1,3950750.6895,393770.875619222
2026-02-27 00:00:00,0.1,0.10238,0.0992,0.10191,4278849.4036,429770.425376338
2026-02-27 04:00:00,0.10191,0.10763,0.10191,0.10726,8652134.4169,906213.38381736
2026-02-27 08:00:00,0.1072,0.11301,0.10383,0.10417,35804113.0093,3933977.114141713
2026-02-27 12:00:00,0.10415,0.10517,0.10056,0.1011,13633860.9996,1399378.761016192
2026-02-27 16:00:00,0.10107,0.10197,0.09889,0.09934,7104821.1904,714248.904180109
2026-02-27 20:00:00,0.09934,0.1004,0.09734,0.10038,3766025.7106,374862.147979235
2026-02-28 00:00:00,0.10037,0.10091,0.09854,0.09879,3124726.1078,312042.979076527
2026-02-28 04:00:00,0.09879,0.09959,0.09279,0.09477,7898003.4633,760192.080118388
2026-02-28 08:00:00,0.09476,0.09476,0.09133,0.09142,10947272.1314,1010108.845063906
2026-02-28 12:00:00,0.09143,0.09486,0.09099,0.09353,8476044.6563,789497.407005081
2026-02-28 16:00:00,0.09352,0.09767,0.09173,0.09653,8854215.5324,826946.342179678
2026-02-28 20:00:00,0.09654,0.10054,0.09601,0.09969,7168120.3481,707812.205435913
2026-03-01 00:00:00,0.09968,0.10525,0.09808,0.10233,8783230.3964,894531.922424059
2026-03-01 04:00:00,0.1024,0.10285,0.10054,0.10216,3987877.7936,405604.989685423
2026-03-01 08:00:00,0.10227,0.10309,0.09979,0.10055,3086831.2146,312195.559175381
2026-03-01 12:00:00,0.10048,0.10353,0.09913,0.1005,3962086.8697,402522.29883907
2026-03-01 16:00:00,0.10054,0.10174,0.09736,0.09745,5401597.2205,536143.755936955
2026-03-01 20:00:00,0.09744,0.10074,0.09586,0.09952,5152358.4211,505829.355079048
2026-03-02 00:00:00,0.09953,0.10276,0.09953,0.10219,3189461.7517,323187.350928468
2026-03-02 04:00:00,0.10219,0.10328,0.09869,0.09948,3388264.1474,343496.894404458
2026-03-02 08:00:00,0.09943,0.10109,0.0984,0.10092,3769616.1776,375649.570125421
2026-03-02 12:00:00,0.10085,0.10875,0.09996,0.10572,6664301.0111,698816.235301038
2026-03-02 16:00:00,0.10572,0.10667,0.10296,0.10405,4456774.9702,465746.59147502
2026-03-02 20:00:00,0.10405,0.1045,0.10136,0.10184,1654095.6904,170030.184599262
2026-03-03 00:00:00,0.10186,0.10242,0.10079,0.10208,2124336.1777,215717.716056995
2026-03-03 04:00:00,0.10208,0.10221,0.10043,0.10121,2045662.5506,206939.880270033
2026-03-03 08:00:00,0.10119,0.10149,0.099,0.09991,4265261.7163,426432.657392838
2026-03-03 12:00:00,0.09982,0.10163,0.09872,0.10134,3419394.5914,342495.390853404
2026-03-03 16:00:00,0.1013,0.10443,0.10046,0.10343,5819699.6662,595629.053876516
2026-03-03 20:00:00,0.10342,0.1036,0.10153,0.10277,1757572.5217,180462.576862288
2026-03-04 00:00:00,0.10273,0.10393,0.10184,0.10265,2502270.7205,257470.702667381
2026-03-04 04:00:00,0.10264,0.10378,0.10103,0.10315,1870977.5509,191222.394432658
2026-03-04 08:00:00,0.10319,0.1064,0.10234,0.10359,6408848.4796,669669.269558656
2026-03-04 12:00:00,0.10358,0.1062,0.10225,0.1062,6005858.3333,623008.692235492
2026-03-04 16:00:00,0.10618,0.10745,0.10347,0.10677,6010418.4428,633249.530452072
2026-03-04 20:00:00,0.10677,0.10679,0.10295,0.1049,3636132.4652,380909.4630929
2026-03-05 00:00:00,0.10489,0.10503,0.10279,0.10317,2480613.0163,257304.826116494
2026-03-05 04:00:00,0.1031,0.10414,0.10203,0.10251,2894543.9762,298314.259397444
2026-03-05 08:00:00,0.10251,0.1054,0.10228,0.10388,2351840.4849,245212.562369788
2026-03-05 12:00:00,0.10389,0.10596,0.10311,0.10379,3303633.1528,344655.897666107
2026-03-05 16:00:00,0.10382,0.10384,0.10063,0.10282,4017576.6545,410510.502553221
2026-03-05 20:00:00,0.10279,0.1046,0.10247,0.10284,1130950.0322,117333.412700356
2026-03-06 00:00:00,0.10287,0.10489,0.10238,0.10452,949055.9974,98509.211459206
2026-03-06 04:00:00,0.10451,0.10511,0.10293,0.10484,1547780.6275,160805.892620969
2026-03-06 08:00:00,0.10484,0.10508,0.10231,0.10244,2681623.3027,278688.918948256
2026-03-06 12:00:00,0.10236,0.10372,0.09868,0.09939,5363612.7086,542376.055016672
2026-03-06 16:00:00,0.09936,0.10074,0.09789,0.09964,2395266.9542,237648.746974578
2026-03-06 20:00:00,0.09963,0.10035,0.09933,0.09999,1032987.359,103137.839039377
2026-03-07 00:00:00,0.10002,0.10072,0.09924,0.09977,718885.9141,71832.930785479
2026-03-07 04:00:00,0.09974,0.10027,0.09825,0.09892,1369726.6503,136011.404445814
2026-03-07 08:00:00,0.09886,0.09962,0.0985,0.09916,1776464.7036,176091.84049914
2026-03-07 12:00:00,0.09912,0.09919,0.09667,0.09713,1900913.1502,186187.758754147
2026-03-07 16:00:00,0.09712,0.098,0.09591,0.09621,1680216.805,162983.356855976
2026-03-07 20:00:00,0.09625,0.09694,0.09573,0.09679,1357334.4439,130992.016572239
2026-03-08 00:00:00,0.09678,0.09678,0.09503,0.09548,2178581.5263,208951.238801763
2026-03-08 04:00:00,0.09547,0.09594,0.09451,0.0956,993039.7232,94730.908755874
2026-03-08 08:00:00,0.0956,0.09709,0.09491,0.09609,1666362.0027,159758.598462218
2026-03-08 12:00:00,0.09609,0.09728,0.09446,0.09479,2110666.7614,201741.366608508
2026-03-08 16:00:00,0.09484,0.0967,0.09424,0.09638,2388803.1661,228463.455458629
2026-03-08 20:00:00,0.09639,0.09656,0.09342,0.09452,3550420.6908,338046.320690816
2026-03-09 00:00:00,0.09451,0.09737,0.09428,0.09588,1640742.1988,156783.615189625
2026-03-09 04:00:00,0.09594,0.099,0.0959,0.09714,1912809.6964,186701.919704468
2026-03-09 08:00:00,0.09719,0.09824,0.09644,0.09754,2311167.6739,224942.739234073
2026-03-09 12:00:00,0.09751,0.09988,0.09744,0.09894,4956471.9128,488948.790385233
2026-03-09 16:00:00,0.09897,0.10119,0.09812,0.09925,2404961.2364,238832.112324776
2026-03-09 20:00:00,0.09926,0.09982,0.0973,0.09755,1360611.5837,133519.742899272
2026-03-10 00:00:00,0.09757,0.10071,0.0973,0.09886,2282222.6548,225671.563858281
2026-03-10 04:00:00,0.0989,0.10042,0.09889,0.09988,1280551.5359,127638.040027034
2026-03-10 08:00:00,0.09992,0.1012,0.09951,0.09989,2037631.0663,204016.950606618
2026-03-10 12:00:00,0.09985,0.10223,0.09848,0.10113,2931433.0092,294374.550618979
2026-03-10 16:00:00,0.10115,0.10148,0.09797,0.09855,2786656.7308,277800.753425934
2026-03-10 20:00:00,0.09854,0.0991,0.09723,0.09835,1292160.1736,127006.841328181
2026-03-11 00:00:00,0.0984,0.09855,0.09753,0.09805,1503993.6264,147561.433119158
2026-03-11 04:00:00,0.09805,0.09879,0.097,0.09815,1147821.1037,112654.715610629
2026-03-11 08:00:00,0.09811,0.09977,0.09806,0.09916,1621444.3668,160352.28939727
2026-03-11 12:00:00,0.09916,0.10337,0.09905,0.10063,6098232.1745,617791.647997688
2026-03-11 16:00:00,0.10067,0.1024,0.1005,0.10115,1895836.1959,192119.93610926
2026-03-11 20:00:00,0.10117,0.10126,0.09966,0.09994,2116740.2038,212874.950732935
2026-03-12 00:00:00,0.10007,0.1004,0.09855,0.09876,1604298.3939,160046.75639413
2026-03-12 04:00:00,0.09875,0.09942,0.09812,0.0992,994246.8474,98204.458614275
2026-03-12 08:00:00,0.09916,0.10034,0.09874,0.09899,1618207.9195,160828.810200003
2026-03-12 12:00:00,0.09895,0.09992,0.09739,0.09896,4005758.4755,395072.379312723
2026-03-12 16:00:00,0.09895,0.10057,0.09858,0.10039,1236804.7322,122979.296160334
2026-03-12 20:00:00,0.10033,0.10152,0.09944,0.10094,885322.2955,88995.814806703
2026-03-13 00:00:00,0.10101,0.10457,0.10072,0.10442,3110473.3177,319312.255685634
2026-03-13 04:00:00,0.1044,0.10485,0.10332,0.10382,1684691.8151,175432.363132305
2026-03-13 08:00:00,0.10363,0.1052,0.10341,0.10471,2189105.5778,228501.954652792
2026-03-13 12:00:00,0.10468,0.10728,0.10392,0.105,6584373.7106,694776.884458375
2026-03-13 16:00:00,0.10503,0.10538,0.10289,0.10334,2438217.3526,253301.261053708
2026-03-13 20:00:00,0.10342,0.10426,0.1018,0.10271,1096754.9334,113268.763615317
2026-03-14 00:00:00,0.10266,0.10297,0.1016,0.10282,1269584.2493,129858.202595703
2026-03-14 04:00:00,0.10284,0.10343,0.10027,0.1006,2306249.6685,234655.190826191
2026-03-14 08:00:00,0.10056,0.10066,0.09943,0.10023,1166967.8759,116743.168415425
2026-03-14 12:00:00,0.10016,0.1009,0.09975,0.10043,971370.9429,97495.997072809
2026-03-14 16:00:00,0.1004,0.10078,0.10009,0.10025,420776.7764,42269.23920082
2026-03-14 20:00:00,0.10025,0.10134,0.09985,0.10105,1644955.6954,165210.621657811
2026-03-15 00:00:00,0.10102,0.10297,0.10023,0.10202,2262967.3845,230864.210856601
2026-03-15 04:00:00,0.10202,0.10251,0.10131,0.10177,1034175.9586,105226.008864534
2026-03-15 08:00:00,0.10184,0.10275,0.10169,0.10244,2128126.2082,217609.050977363
2026-03-15 12:00:00,0.10246,0.10328,0.10115,0.1013,2297562.3601,234024.402904385
2026-03-15 16:00:00,0.10129,0.10269,0.10125,0.10256,2228598.0202,227098.63551219
2026-03-15 20:00:00,0.10252,0.10462,0.10212,0.10384,3274565.6932,340033.798106477
2026-03-16 00:00:00,0.10396,0.10732,0.10339,0.10606,2650420.5117,279756.894870509
2026-03-16 04:00:00,0.10611,0.10926,0.10611,0.1087,5004589.446,539699.078321043
2026-03-16 08:00:00,0.10872,0.11003,0.10726,0.10739,5077332.4829,549786.293869345
2026-03-16 12:00:00,0.1074,0.10846,0.10646,0.10677,5391784.163,580815.762445565
2026-03-16 16:00:00,0.10676,0.11003,0.1067,0.10908,3151378.5329,343691.110800388
2026-03-16 20:00:00,0.10913,0.11153,0.10893,0.11045,2443128.0942,269876.592763748
2026-03-17 00:00:00,0.11044,0.11129,0.10813,0.1088,2503014.357,274747.247046864
2026-03-17 04:00:00,0.10881,0.109,0.10694,0.10848,2382102.1908,256963.959891971
2026-03-17 08:00:00,0.1085,0.10919,0.10787,0.108,1654725.5001,179651.158793802
2026-03-17 12:00:00,0.10799,0.10918,0.10678,0.10774,3458574.4388,373823.093441061
2026-03-17 16:00:00,0.10774,0.10901,0.10762,0.10805,935166.8358,101226.382093133
2026-03-17 20:00:00,0.10807,0.10921,0.10786,0.10794,648289.5741,70393.866170767
2026-03-18 00:00:00,0.10793,0.10934,0.10731,0.10871,2183729.9412,236694.832718973
2026-03-18 04:00:00,0.10869,0.10923,0.1074,0.10792,1972417.3825,213799.96298954
2026-03-18 08:00:00,0.10792,0.10837,0.10478,0.10516,3213659.9268,343899.433928433
2026-03-18 12:00:00,0.10515,0.10515,0.10024,0.1015,3682341.1677,376957.045356586
2026-03-18 16:00:00,0.10148,0.10283,0.1006,0.10179,2108524.6185,214232.537976547
2026-03-18 20:00:00,0.10179,0.10312,0.10082,0.10297,1333137.7351,136265.802322977
2026-03-19 00:00:00,0.10298,0.10394,0.10191,0.1028,1401170.2405,144231.034620326
2026-03-19 04:00:00,0.10283,0.10287,0.09985,0.10069,1470802.9771,148977.332167734
2026-03-19 08:00:00,0.10072,0.10146,0.10013,0.10056,1144743.7506,115309.372850765
2026-03-19 12:00:00,0.10044,0.10044,0.09776,0.09872,2201258.8674,217725.59562361
2026-03-19 16:00:00,0.09871,0.09957,0.09781,0.09895,1986498.486,195952.79333098
2026-03-19 20:00:00,0.09895,0.09938,0.09852,0.09933,902789.0508,89441.795473248
2026-03-20 00:00:00,0.09937,0.10059,0.09912,0.10021,1147782.6614,114823.865791395
2026-03-20 04:00:00,0.1002,0.10147,0.09996,0.10065,1351894.2728,136448.589651333
2026-03-20 08:00:00,0.1007,0.10152,0.10014,0.10055,1868446.6799,188063.795501801
2026-03-20 12:00:00,0.10055,0.10099,0.0989,0.09969,2147732.9462,214751.543060263
2026-03-20 16:00:00,0.0997,0.10043,0.09849,0.09946,955700.7298,95171.975492863
2026-03-20 20:00:00,0.09946,0.10083,0.09848,0.09983,1545373.9145,153500.998467617
2026-03-21 00:00:00,0.09985,0.10024,0.09949,0.09974,1144648.7449,114384.076302365
2026-03-21 04:00:00,0.0997,0.10023,0.09962,0.09976,656806.4253,65618.217876164
2026-03-21 08:00:00,0.09977,0.10019,0.09915,0.09946,1072829.5031,106688.272908098
2026-03-21 12:00:00,0.09947,0.10063,0.09917,0.10063,1598286.8462,159324.39384694
2026-03-21 16:00:00,0.10063,0.1007,0.09963,0.09983,1243791.7559,124420.255256502
2026-03-21 20:00:00,0.09983,0.10025,0.09573,0.09626,2936887.0776,287550.231692877
2026-03-22 00:00:00,0.09627,0.09721,0.09379,0.09628,4501759.1171,430409.578148068
2026-03-22 04:00:00,0.09629,0.09681,0.09496,0.09503,2716431.4398,260759.109132904
2026-03-22 08:00:00,0.09503,0.09522,0.09346,0.09357,2871370.3848,270600.983517178
2026-03-22 12:00:00,0.09357,0.09435,0.09326,0.09364,2762015.7341,258800.479792202
2026-03-22 16:00:00,0.09367,0.09372,0.09184,0.09234,4050439.3694,375770.282198588
2026-03-22 20:00:00,0.09235,0.09328,0.09106,0.09253,3676807.3173,339499.827754441
2026-03-23 00:00:00,0.09253,0.09471,0.0924,0.09387,2464860.1333,230002.778596265
2026-03-23 04:00:00,0.09389,0.09455,0.09168,0.09243,2389969.5433,222808.556091142
2026-03-23 08:00:00,0.09247,0.09736,0.09128,0.09497,8031860.7566,762921.971848529
2026-03-23 12:00:00,0.09502,0.0969,0.09415,0.09426,2281474.8039,217538.867669462
2026-03-23 16:00:00,0.09426,0.09633,0.09355,0.0949,3552935.7579,336578.958725986
2026-03-23 20:00:00,0.09494,0.0977,0.09461,0.09755,3224773.5389,310826.31627895
2026-03-24 00:00:00,0.09756,0.09816,0.09531,0.09668,1469379.6442,141916.506038593
2026-03-24 04:00:00,0.09668,0.09695,0.0957,0.09684,2195170.7243,211205.489590038
2026-03-24 08:00:00,0.0968,0.09804,0.09641,0.0971,1901183.4348,184876.698995427
2026-03-24 12:00:00,0.09708,0.0976,0.09574,0.09658,2278235.7107,220780.084857181
2026-03-24 16:00:00,0.09658,0.09721,0.09469,0.09621,2085367.9374,199623.17575232
2026-03-24 20:00:00,0.09621,0.09853,0.096,0.0976,1550972.4675,151329.399372282
2026-03-25 00:00:00,0.09762,0.0982,0.09694,0.09797,1162313.375,113744.962476402
2026-03-25 04:00:00,0.09797,0.09916,0.09766,0.09858,1161840.4061,114248.407742424
2026-03-25 08:00:00,0.09879,0.09972,0.09835,0.09928,1132370.0244,112073.315966377
2026-03-25 12:00:00,0.0993,0.10003,0.09836,0.09888,1549108.0906,153761.137978612
2026-03-25 16:00:00,0.09887,0.09982,0.09854,0.09878,1701557.0331,168800.076748039
2026-03-25 20:00:00,0.09888,0.09929,0.09804,0.09877,820068.6408,80797.754886158
2026-03-26 00:00:00,0.09878,0.09921,0.097,0.09726,2981727.4939,293913.21325312
2026-03-26 04:00:00,0.09725,0.09728,0.09485,0.09529,2160405.893,207804.179849171
2026-03-26 08:00:00,0.09521,0.09525,0.09357,0.09404,2639705.7642,248559.654642808
2026-03-26 12:00:00,0.09404,0.0954,0.09375,0.0941,2417663.3163,228328.648002824
2026-03-26 16:00:00,0.09414,0.0945,0.09272,0.09287,1205259.6178,112792.09793291
2026-03-26 20:00:00,0.09288,0.09472,0.09259,0.09382,1530265.6011,143845.785917877
2026-03-27 00:00:00,0.09385,0.09508,0.09379,0.09453,840458.2422,79517.262867269
2026-03-27 04:00:00,0.09445,0.09452,0.09364,0.09446,924819.7108,87076.277881717
2026-03-27 08:00:00,0.09453,0.0947,0.09033,0.09101,3608503.7578,333392.594556868
2026-03-27 12:00:00,0.09102,0.09137,0.09,0.09043,1888504.0069,171197.934069594
2026-03-27 16:00:00,0.09041,0.09111,0.0895,0.09039,1385204.364,124881.447575601
2026-03-27 20:00:00,0.0904,0.09063,0.0897,0.09005,527749.3067,47602.976432854
2026-03-28 00:00:00,0.09007,0.09017,0.08865,0.08936,1838436.083,164409.407341531
2026-03-28 04:00:00,0.08939,0.08974,0.08896,0.0897,1997456.9041,178425.090125906
2026-03-28 08:00:00,0.08972,0.09048,0.08965,0.09038,2041757.7193,183931.713566804
2026-03-28 12:00:00,0.09043,0.09228,0.09013,0.0915,2042184.3875,186856.307588938
2026-03-28 16:00:00,0.0915,0.09243,0.0915,0.09173,1320555.0337,121578.696340766
2026-03-28 20:00:00,0.09176,0.092,0.08952,0.0898,1114168.7559,100916.18310024
2026-03-29 00:00:00,0.08988,0.09079,0.08941,0.09039,1073670.7124,96782.094858176
2026-03-29 04:00:00,0.09036,0.09042,0.08956,0.0897,706994.0258,63588.243152714
2026-03-29 08:00:00,0.0897,0.08974,0.08875,0.08924,1456898.1991,130228.116594163
2026-03-29 12:00:00,0.08922,0.08922,0.08795,0.08867,1829519.7398,162107.707673264
2026-03-29 16:00:00,0.08869,0.08923,0.08832,0.08869,768083.6962,68166.412505299
2026-03-29 20:00:00,0.0887,0.08978,0.08579,0.08831,2693917.5045,236379.722478978
2026-03-30 00:00:00,0.08834,0.09178,0.08826,0.09127,1591627.2173,143793.338407401
2026-03-30 04:00:00,0.09126,0.0928,0.09111,0.09273,1969918.1256,180832.695448515
2026-03-30 08:00:00,0.09278,0.09356,0.09193,0.09271,2503619.867,232022.032087783
2026-03-30 12:00:00,0.09272,0.09377,0.09182,0.09215,2311569.5915,214476.750654658
2026-03-30 16:00:00,0.09216,0.09236,0.09012,0.09074,1074841.502,97920.864201812
2026-03-30 20:00:00,0.09076,0.0917,0.09051,0.0911,2239482.2501,203899.583004276
2026-03-31 00:00:00,0.09111,0.09377,0.09086,0.09253,1322403.8528,122188.445640754
2026-03-31 04:00:00,0.09255,0.09318,0.09228,0.09281,809470.3519,74983.283431808
2026-03-31 08:00:00,0.09284,0.09303,0.09075,0.0923,1486509.8251,136271.747764394
2026-03-31 12:00:00,0.09236,0.09342,0.09131,0.0914,2374497.992,219189.484221884
2026-03-31 16:00:00,0.09141,0.09405,0.09128,0.09279,1682254.4671,156219.646148949
2026-03-31 20:00:00,0.09286,0.09317,0.0923,0.09296,536014.2714,49756.80520896
2026-04-01 00:00:00,0.09297,0.09362,0.09217,0.09333,718772.79,66693.988373099
2026-04-01 04:00:00,0.09325,0.09607,0.09322,0.09576,1922393.5438,182575.75217134
2026-04-01 08:00:00,0.09583,0.09629,0.09452,0.09541,2294183.3865,218915.363208996
2026-04-01 12:00:00,0.09544,0.09683,0.09397,0.09468,2473855.1936,235871.29262324
2026-04-01 16:00:00,0.09468,0.09586,0.0942,0.09477,1035339.994,98270.082873032
2026-04-01 20:00:00,0.09472,0.09512,0.09405,0.09442,1945312.5076,183747.858034366
2026-04-02 00:00:00,0.09444,0.09552,0.09051,0.09106,4403536.3435,406024.263597906
2026-04-02 04:00:00,0.091,0.092,0.09041,0.09147,691424.2144,63060.842256189
2026-04-02 08:00:00,0.09147,0.09149,0.09052,0.09116,892615.2476,81269.835822278
2026-04-02 12:00:00,0.09114,0.09229,0.08977,0.09153,2334467.0542,212004.889331429
2026-04-02 16:00:00,0.09156,0.0926,0.09075,0.09125,1284040.3067,117510.538069893
2026-04-02 20:00:00,0.09129,0.09168,0.09077,0.09085,456281.0621,41559.808199973
2026-04-03 00:00:00,0.09084,0.09244,0.0907,0.09231,539302.3301,49307.039531312
2026-04-03 04:00:00,0.09229,0.09427,0.09213,0.09344,1932698.684,180342.63508188
2026-04-03 08:00:00,0.09347,0.09487,0.09337,0.09388,3375025.9477,317692.645338952
2026-04-03 12:00:00,0.09384,0.0944,0.09235,0.09248,1084650.7515,101230.879765636
2026-04-03 16:00:00,0.0924,0.09311,0.09198,0.09257,885044.1893,81935.98210336
2026-04-03 20:00:00,0.09255,0.09295,0.09202,0.09237,706975.7932,65459.882731453
2026-04-04 00:00:00,0.09224,0.0923,0.09145,0.09172,2557538.1574,234778.256127277
2026-04-04 04:00:00,0.09171,0.09224,0.09154,0.09193,581314.1427,53415.22560662
2026-04-04 08:00:00,0.09196,0.09216,0.0915,0.09212,424774.4622,38971.871485772
2026-04-04 12:00:00,0.09212,0.09317,0.09172,0.09257,900897.0266,83323.15291651
2026-04-04 16:00:00,0.0926,0.09378,0.09219,0.09308,559360.7863,52043.532019448
2026-04-04 20:00:00,0.09303,0.09307,0.09256,0.09267,302825.0114,28120.365126056
2026-04-05 00:00:00,0.09272,0.09279,0.09182,0.092,887120.1434,81735.711884009
2026-04-05 04:00:00,0.09198,0.09198,0.09039,0.09052,1738449.7007,158254.31242943
2026-04-05 08:00:00,0.09051,0.09112,0.09041,0.09063,692556.0257,62778.692552458
2026-04-05 12:00:00,0.09062,0.09185,0.08967,0.09106,970741.3509,87826.361604272
2026-04-05 16:00:00,0.09105,0.09171,0.09044,0.09131,637222.8178,57994.947790119
2026-04-05 20:00:00,0.09137,0.09472,0.09078,0.09423,2279464.6963,211435.612159259
2026-04-06 00:00:00,0.09424,0.09667,0.09424,0.09552,2576651.8508,246370.727935412
2026-04-06 04:00:00,0.09553,0.09594,0.09504,0.09568,1794190.9267,171476.171641412
2026-04-06 08:00:00,0.09565,0.0988,0.09565,0.09856,3130124.314,305213.206824582
2026-04-06 12:00:00,0.09857,0.09893,0.0962,0.09723,1978750.1833,193078.957250826
2026-04-06 16:00:00,0.09719,0.09736,0.09561,0.09593,1550268.4509,149746.811906236
2026-04-06 20:00:00,0.09591,0.09606,0.09311,0.09367,1374160.8324,130490.280669186
2026-04-07 00:00:00,0.09365,0.09422,0.09265,0.09363,1940259.5477,181616.690832484
2026-04-07 04:00:00,0.09362,0.09499,0.09338,0.09487,746347.6158,70164.976810607
2026-04-07 08:00:00,0.09482,0.09583,0.09371,0.09385,1179940.5518,111947.65688883
2026-04-07 12:00:00,0.09385,0.09401,0.09286,0.09354,1616916.2177,151145.577349841
2026-04-07 16:00:00,0.09348,0.09706,0.09344,0.09706,1182927.4509,113080.215902653
2026-04-07 20:00:00,0.097,0.10293,0.09673,0.10201,5370818.4097,537817.371375165
2026-04-08 00:00:00,0.10196,0.10305,0.10084,0.10246,1881909.1405,192007.315043463
2026-04-08 04:00:00,0.10249,0.10449,0.10238,0.10342,3750274.0845,387236.289129566
2026-04-08 08:00:00,0.10345,0.10405,0.10149,0.102,1769691.7506,182139.425333926
2026-04-08 12:00:00,0.10204,0.10232,0.09966,0.10065,2061736.571,208069.774103265
2026-04-08 16:00:00,0.10064,0.10176,0.1,0.10143,1600362.9672,161193.249240612
2026-04-08 20:00:00,0.10146,0.10647,0.10134,0.10552,4516303.8613,471006.746197143
2026-04-09 00:00:00,0.10558,0.1058,0.10052,0.10159,2879333.7861,293827.65324409
2026-04-09 04:00:00,0.10158,0.10327,0.10138,0.10203,977059.659,99874.167793535
2026-04-09 08:00:00,0.10201,0.10247,0.10092,0.10153,2022705.7623,205316.788703144
2026-04-09 12:00:00,0.10152,0.10526,0.10093,0.10385,2668092.8217,273328.493419708
2026-04-09 16:00:00,0.10386,0.10473,0.10248,0.1029,1615608.1784,166987.42488669
2026-04-09 20:00:00,0.10291,0.11013,0.10287,0.10796,4119140.7324,440625.91466129
2026-04-10 00:00:00,0.10799,0.11133,0.1073,0.10932,4743565.6573,519528.583095351
2026-04-10 04:00:00,0.10923,0.11234,0.10803,0.10971,2877879.3751,317434.123064461
2026-04-10 08:00:00,0.10971,0.11144,0.10853,0.10894,3661708.6168,402713.679052825
2026-04-10 12:00:00,0.10888,0.11054,0.10872,0.10958,3444759.4882,378001.229952577
2026-04-10 16:00:00,0.10983,0.11218,0.10878,0.11177,1914742.9898,210980.087098101
2026-04-10 20:00:00,0.11195,0.11668,0.1114,0.11656,5738451.9715,656117.302268137
2026-04-11 00:00:00,0.11657,0.12117,0.11327,0.12056,8703961.7137,1023715.583274007
2026-04-11 04:00:00,0.12059,0.12262,0.11416,0.11493,9453528.8313,1111741.856879564
2026-04-11 08:00:00,0.1149,0.11576,0.11332,0.11487,2959445.9211,338612.176771714
2026-04-11 12:00:00,0.11484,0.11578,0.11351,0.11514,1787122.5735,205412.272716158
2026-04-11 16:00:00,0.11513,0.11798,0.11493,0.11787,3157431.6289,368518.159882315
2026-04-11 20:00:00,0.11788,0.11799,0.11495,0.11558,1551819.35,180438.029762067
2026-04-12 00:00:00,0.11561,0.11621,0.11226,0.11246,3065440.6855,349942.822518962
2026-04-12 04:00:00,0.11242,0.11258,0.1105,0.11099,1326617.6528,147687.068822167
2026-04-12 08:00:00,0.11089,0.11197,0.10911,0.11129,1636624.5689,180520.706985384
2026-04-12 12:00:00,0.11129,0.11252,0.11017,0.11072,1558715.6445,173761.202724138
2026-04-12 16:00:00,0.11071,0.11313,0.11015,0.11191,839411.1838,93487.055023151
2026-04-12 20:00:00,0.11202,0.11273,0.11043,0.111,648172.4202,72076.331237663
2026-04-13 00:00:00,0.111,0.11197,0.1107,0.11126,907835.3189,100968.074835061
2026-04-13 04:00:00,0.1113,0.11381,0.11102,0.11115,1574241.4283,176442.145689689
2026-04-13 08:00:00,0.11115,0.11154,0.11035,0.11137,1580144.2911,175183.509380027
2026-04-13 12:00:00,0.11138,0.11214,0.11036,0.11062,2151310.28,239256.588546203
2026-04-13 16:00:00,0.11059,0.11247,0.10991,0.11235,1367080.5366,152195.328186688
2026-04-13 20:00:00,0.1124,0.11374,0.11073,0.11356,1764419.6485,198965.278827535
2026-04-14 00:00:00,0.1136,0.1138,0.11201,0.11258,760899.2017,85855.764613713
2026-04-14 04:00:00,0.11256,0.11358,0.11244,0.11282,617671.0476,69815.923768077
2026-04-14 08:00:00,0.11282,0.11341,0.11038,0.11102,2621519.766,292494.324694789
2026-04-14 12:00:00,0.11102,0.11172,0.10878,0.11001,3102683.1464,342655.891259446
2026-04-14 16:00:00,0.11001,0.1125,0.10925,0.11014,2128382.4017,236502.287365585
2026-04-14 20:00:00,0.11019,0.11039,0.10947,0.11014,761426.4333,83854.070341006
2026-04-15 00:00:00,0.11019,0.11271,0.11008,0.11221,1610957.788,180172.908524011
2026-04-15 04:00:00,0.1122,0.11464,0.11136,0.11146,2216064.7965,249882.307297987
2026-04-15 08:00:00,0.11149,0.11407,0.11136,0.11339,2717101.6247,305046.022698354
2026-04-15 12:00:00,0.11326,0.11555,0.11276,0.11545,3305052.1621,377469.072636493
2026-04-15 16:00:00,0.11544,0.11754,0.11502,0.11656,3014219.4475,350547.740375775
2026-04-15 20:00:00,0.11659,0.11683,0.11411,0.11486,1201344.2475,138867.270728758
2026-04-16 00:00:00,0.11496,0.11706,0.11423,0.11664,1120294.4282,129948.703689999
2026-04-16 04:00:00,0.11663,0.11975,0.11624,0.11958,2812572.3666,331580.041946128
2026-04-16 08:00:00,0.1196,0.1198,0.11701,0.11902,2358012.8686,279458.34967721
2026-04-16 12:00:00,0.11901,0.12519,0.11849,0.12418,8417978.8903,1030942.341428729
2026-04-16 16:00:00,0.12416,0.13265,0.12086,0.1324,5151463.616,647193.20476438
2026-04-16 20:00:00,0.13246,0.13331,0.12675,0.12898,3720656.6585,482489.509131894
2026-04-17 00:00:00,0.12896,0.1301,0.12614,0.1285,2829877.4645,363519.001009418
2026-04-17 04:00:00,0.12848,0.13204,0.12766,0.13166,2980984.588,387936.711989626
2026-04-17 08:00:00,0.13171,0.13477,0.12878,0.1338,4260042.2297,561216.716296288
2026-04-17 12:00:00,0.13386,0.13691,0.1305,0.13117,5167246.2844,692687.300663898
2026-04-17 16:00:00,0.13111,0.13369,0.13033,0.13314,4030028.5227,533269.73750106
2026-04-17 20:00:00,0.13316,0.1338,0.12979,0.13132,1897422.7716,250730.369211878
2026-04-18 00:00:00,0.13129,0.13206,0.12958,0.13001,1957824.4473,255787.665388631
2026-04-18 04:00:00,0.13006,0.13443,0.12964,0.13322,3025872.3938,400598.291310238
2026-04-18 08:00:00,0.13319,0.13384,0.12718,0.12839,3310994.2091,428666.353060495
2026-04-18 12:00:00,0.12836,0.12959,0.12769,0.12832,1450916.0978,186630.494518323
2026-04-18 16:00:00,0.12825,0.12915,0.1259,0.12665,1818639.273,231819.256507869
2026-04-18 20:00:00,0.12658,0.12944,0.1259,0.12915,1125660.5637,143994.410475477
2026-04-19 00:00:00,0.12922,0.12922,0.12595,0.12731,824101.8336,105003.24744926
2026-04-19 04:00:00,0.12746,0.12825,0.12436,0.1251,1717724.7824,216039.569296412
2026-04-19 08:00:00,0.12504,0.12672,0.12452,0.12636,832003.4228,104415.684355038
2026-04-19 12:00:00,0.12634,0.12875,0.1259,0.12785,1507690.8268,192327.04359389
2026-04-19 16:00:00,0.12787,0.12787,0.12364,0.12539,1562416.9056,196037.520351649
2026-04-19 20:00:00,0.1254,0.12575,0.12127,0.12156,1570315.8045,193508.512349168
2026-04-20 00:00:00,0.12159,0.12647,0.12141,0.12505,1511615.8045,188549.375903185
2026-04-20 04:00:00,0.12508,0.12851,0.12387,0.12628,1339314.2667,168949.710598691
2026-04-20 08:00:00,0.12643,0.12854,0.12569,0.1274,1689289.4563,215358.14904202
2026-04-20 12:00:00,0.12746,0.12907,0.12582,0.12787,1994320.1159,254829.293204073
2026-04-20 16:00:00,0.12793,0.12941,0.12746,0.12787,2079102.356,267001.337613529
2026-04-20 20:00:00,0.12794,0.12907,0.12687,0.12714,935386.9151,119603.840835407
2026-04-21 00:00:00,0.12713,0.12737,0.12553,0.12637,639034.3878,80817.197455225
2026-04-21 04:00:00,0.12635,0.12736,0.1255,0.1264,576761.7778,72903.706154157
2026-04-21 08:00:00,0.1264,0.12735,0.1256,0.1262,1240549.7509,157098.670110953
2026-04-21 12:00:00,0.12614,0.12814,0.125,0.12811,1830231.1994,231486.514650008
2026-04-21 16:00:00,0.12811,0.12886,0.12316,0.12387,1760407.1184,221105.781104128
2026-04-21 20:00:00,0.12384,0.1256,0.12287,0.12534,947571.3143,117612.296353496
2026-04-22 00:00:00,0.12534,0.1278,0.12407,0.12769,1202063.8979,151214.283627565
2026-04-22 04:00:00,0.12775,0.13057,0.1272,0.12841,1327726.4893,171380.686011049
2026-04-22 08:00:00,0.12828,0.129,0.12693,0.12752,995068.2627,127488.818746157
2026-04-22 12:00:00,0.1275,0.12827,0.12658,0.12708,1188864.713,151419.62437582
2026-04-22 16:00:00,0.12728,0.13388,0.12703,0.13089,4468792.8687,587221.82247314
2026-04-22 20:00:00,0.13088,0.13239,0.12842,0.12844,2574761.0446,336379.882089065
2026-04-23 00:00:00,0.1287,0.12937,0.12408,0.1242,2627862.1074,331556.232842685
2026-04-23 04:00:00,0.12419,0.12799,0.12359,0.12665,3131881.9641,395107.447388758
2026-04-23 08:00:00,0.12671,0.12671,0.12366,0.12476,2770392.6502,346817.378073466
2026-04-23 12:00:00,0.12472,0.12887,0.12457,0.12882,1693890.4769,213840.958410911
2026-04-23 16:00:00,0.12879,0.12939,0.12344,0.12633,1630518.1937,206094.010928851
2026-04-23 20:00:00,0.12628,0.12895,0.12622,0.12842,1626572.6706,208228.701102801
2026-04-24 00:00:00,0.12844,0.13086,0.12791,0.12861,2138595.5129,277040.9349298
2026-04-24 04:00:00,0.12874,0.12968,0.12757,0.12807,788982.6392,101524.27838678
2026-04-24 08:00:00,0.12796,0.13081,0.12747,0.13038,2157039.9446,279127.622114574
2026-04-24 12:00:00,0.13039,0.13239,0.12901,0.13173,2517126.4571,328783.732716246
2026-04-24 16:00:00,0.13171,0.13199,0.12834,0.12959,3102884.6586,403477.859955128
2026-04-24 20:00:00,0.12959,0.13029,0.12807,0.12873,1494125.7258,193217.07511935
2026-04-25 00:00:00,0.12875,0.13283,0.12866,0.13197,1412080.9378,185722.45359693
2026-04-25 04:00:00,0.13202,0.13278,0.1309,0.13224,873316.981,115188.073338548
2026-04-25 08:00:00,0.13222,0.133,0.12987,0.13011,1323193.578,174258.946411971
2026-04-25 12:00:00,0.13009,0.13071,0.12884,0.12931,1148742.157,149166.758776223
2026-04-25 16:00:00,0.12938,0.12998,0.12767,0.1279,1101281.5576,141685.360577939
2026-04-25 20:00:00,0.1279,0.1293,0.12739,0.12927,663972.7431,85240.491271757
2026-04-26 00:00:00,0.12921,0.12921,0.12783,0.12898,1160089.8576,149185.392013959
2026-04-26 04:00:00,0.12893,0.13197,0.12882,0.13142,1654856.5495,216806.061996223
2026-04-26 08:00:00,0.13139,0.13253,0.13091,0.13231,1472597.9295,193956.782385447
2026-04-26 12:00:00,0.13215,0.13274,0.12959,0.13087,2061869.6833,269436.102365528
2026-04-26 16:00:00,0.13087,0.131,0.12936,0.1303,1916553.6921,249990.636265136
2026-04-26 20:00:00,0.13034,0.13063,0.12853,0.12948,1049798.0826,136097.352445862
2026-04-27 00:00:00,0.12942,0.13291,0.12929,0.13223,1298138.195,170568.260398004
2026-04-27 04:00:00,0.13233,0.13243,0.12583,0.12591,2395354.6201,308201.410301985
2026-04-27 08:00:00,0.12582,0.12719,0.12568,0.12704,627004.7505,79352.666045548
2026-04-27 12:00:00,0.12706,0.12712,0.12339,0.12385,1426272.1954,178427.636335734
2026-04-27 16:00:00,0.12385,0.1254,0.12346,0.12453,1141049.9289,142378.007172481
2026-04-27 20:00:00,0.12473,0.12695,0.12457,0.12662,585749.559,73384.36226349
2026-04-28 00:00:00,0.12658,0.12752,0.12481,0.12545,559993.2283,70579.209921281
2026-04-28 04:00:00,0.1255,0.12681,0.12415,0.1249,3566378.17,447596.442598861
2026-04-28 08:00:00,0.12495,0.12614,0.12378,0.12421,1002118.3693,125052.765368076
2026-04-28 12:00:00,0.12422,0.12519,0.12306,0.12395,1978830.3035,245895.586026406
2026-04-28 16:00:00,0.12399,0.12548,0.12309,0.12534,1220649.9408,151618.98741716
2026-04-28 20:00:00,0.12544,0.12567,0.12411,0.12447,642848.1014,80263.93477984
2026-04-29 00:00:00,0.12444,0.12618,0.12385,0.12606,1076613.9016,134567.363412462
2026-04-29 04:00:00,0.12607,0.12787,0.12575,0.12785,1872174.2744,238253.571950281
2026-04-29 08:00:00,0.12788,0.13284,0.12738,0.13052,4055787.9191,531179.297399154
2026-04-29 12:00:00,0.13057,0.13058,0.12383,0.12463,3432668.534,437207.104714052
2026-04-29 16:00:00,0.12463,0.12631,0.12062,0.1231,3396920.4154,418631.137307727
2026-04-29 20:00:00,0.12315,0.12589,0.12315,0.12536,886027.8701,110566.171448193
2026-04-30 00:00:00,0.12537,0.12897,0.12521,0.12617,1521187.3263,193254.629518343
2026-04-30 04:00:00,0.12614,0.12623,0.12408,0.12607,973374.2831,121911.341749414
2026-04-30 08:00:00,0.12611,0.12859,0.12581,0.12749,1941976.1242,246081.666713458
2026-04-30 12:00:00,0.12755,0.12875,0.12574,0.12739,855215.0693,108770.767839176
2026-04-30 16:00:00,0.12736,0.12768,0.12443,0.12472,2210754.9429,277487.493020888
2026-04-30 20:00:00,0.12471,0.12503,0.12348,0.12372,2062336.2537,256411.641986703
2026-05-01 00:00:00,0.12372,0.12696,0.12332,0.1256,4553310.8165,569012.989963005
2026-05-01 04:00:00,0.1256,0.1263,0.12417,0.12509,1568176.1764,196451.710018976
2026-05-01 08:00:00,0.12501,0.12573,0.12411,0.12509,1259433.1487,157370.496580453
2026-05-01 12:00:00,0.12508,0.1274,0.12473,0.1256,1540696.0956,194020.165691108
2026-05-01 16:00:00,0.12564,0.12608,0.12435,0.12523,949762.0886,118886.167871307
2026-05-01 20:00:00,0.12524,0.12537,0.12266,0.1236,1584644.8514,195792.852827687
2026-05-02 00:00:00,0.12363,0.12449,0.12274,0.12316,568035.3268,70223.251169584
2026-05-02 04:00:00,0.12315,0.12331,0.12174,0.12224,790078.613,96800.44131528
2026-05-02 08:00:00,0.12222,0.12293,0.12168,0.12194,726498.844,88811.651092293
2026-05-02 12:00:00,0.12189,0.1233,0.12161,0.12317,1097337.6118,134465.070569603
2026-05-02 16:00:00,0.12325,0.1243,0.12167,0.12292,1624751.9751,199763.19506812
2026-05-02 20:00:00,0.12304,0.12452,0.12252,0.1227,583424.5807,71984.60966125
2026-05-03 00:00:00,0.12273,0.12299,0.11855,0.11907,2059755.1281,247861.305627006
2026-05-03 04:00:00,0.11905,0.11938,0.11809,0.11905,1284992.4268,152505.486080177
2026-05-03 08:00:00,0.1191,0.12015,0.11678,0.11801,6001200.7092,714272.285472721
2026-05-03 12:00:00,0.11801,0.11866,0.11711,0.11783,1339281.8955,157859.653347726
2026-05-03 16:00:00,0.11784,0.11844,0.11715,0.11788,2843961.7361,334995.534701116
2026-05-03 20:00:00,0.11786,0.11937,0.11716,0.11732,1266137.554,149750.194281453
2026-05-04 00:00:00,0.11733,0.11965,0.11546,0.1192,4485219.0252,529128.613120087
2026-05-04 04:00:00,0.11922,0.1205,0.11737,0.11787,3112980.1864,369623.063912683
2026-05-04 08:00:00,0.11786,0.11841,0.11378,0.11442,3389078.6414,391202.827186365
2026-05-04 12:00:00,0.11446,0.1176,0.114,0.11472,4506173.3111,518654.769876951
2026-05-04 16:00:00,0.11475,0.11735,0.11409,0.11606,2828673.0281,327512.046263068
2026-05-04 20:00:00,0.11608,0.1179,0.11525,0.11631,1467678.3003,170490.592165833
2026-05-05 00:00:00,0.11633,0.11833,0.11616,0.117,2337632.2229,274076.041229739
2026-05-05 04:00:00,0.11704,0.11884,0.11648,0.11821,1352967.7247,158891.919973364
2026-05-05 08:00:00,0.11823,0.12036,0.11791,0.11968,1759954.8733,209681.833389817
2026-05-05 12:00:00,0.11968,0.11984,0.11806,0.11874,2304346.587,274297.441162437
2026-05-05 16:00:00,0.11877,0.11983,0.11839,0.11953,1000487.3522,119230.585773358
2026-05-05 20:00:00,0.11968,0.12149,0.11884,0.11982,2239047.774,268969.575188608
2026-05-06 00:00:00,0.11981,0.12169,0.11832,0.1214,1407958.1618,168684.824491733
2026-05-06 04:00:00,0.12144,0.12176,0.11977,0.1214,3326323.3763,402045.506930483
2026-05-06 08:00:00,0.12142,0.12552,0.12109,0.12513,3536128.1776,436939.355178536
2026-05-06 12:00:00,0.12513,0.12583,0.1216,0.12402,3795734.2996,471528.978737713
2026-05-06 16:00:00,0.12399,0.12528,0.12299,0.12429,2614064.8234,324352.572941149
2026-05-06 20:00:00,0.12427,0.12912,0.12424,0.12811,4305350.4216,548210.794882479
2026-05-07 00:00:00,0.12805,0.13031,0.12287,0.12318,4237788.3951,534257.396451828
2026-05-07 04:00:00,0.12319,0.12868,0.12297,0.12833,2242439.4855,283153.84268071
2026-05-07 08:00:00,0.12836,0.12869,0.12632,0.12758,2035829.2784,260287.686004872
2026-05-07 12:00:00,0.12762,0.13054,0.12485,0.12557,3393973.049,434747.126721289
2026-05-07 16:00:00,0.12559,0.12756,0.12513,0.12638,1228124.3342,155083.284504968
2026-05-07 20:00:00,0.12644,0.12755,0.12467,0.12671,2205788.9329,278884.119281638
2026-05-08 00:00:00,0.12667,0.12954,0.12663,0.12857,2400026.9794,307217.727895873
2026-05-08 04:00:00,0.12856,0.13023,0.12702,0.12914,1562531.0476,200674.779109996
2026-05-08 08:00:00,0.12914,0.136,0.12908,0.13494,5296521.3261,702855.818021675
2026-05-08 12:00:00,0.13495,0.13794,0.13103,0.13789,4965830.9573,669132.765498948
2026-05-08 16:00:00,0.1379,0.14743,0.13588,0.14655,8489528.5365,1207397.109821898
2026-05-08 20:00:00,0.14653,0.14763,0.14188,0.14257,3522421.046,509098.526936553
2026-05-09 00:00:00,0.14258,0.14622,0.1424,0.14445,2708121.5502,390586.220835324
2026-05-09 04:00:00,0.14435,0.14807,0.14307,0.14679,5332855.049,780168.15930008
2026-05-09 08:00:00,0.14682,0.14958,0.14192,0.1427,4948283.2538,725668.981729213
2026-05-09 12:00:00,0.1428,0.14325,0.13931,0.13948,4274932.9073,603368.654310802
2026-05-09 16:00:00,0.13945,0.14243,0.13808,0.14229,2209953.2107,310260.725553197
2026-05-09 20:00:00,0.14231,0.14322,0.14169,0.14249,584597.0298,83371.833884541
2026-05-10 00:00:00,0.14247,0.14252,0.13923,0.14004,2550274.9179,358990.219643191
2026-05-10 04:00:00,0.13992,0.14139,0.13931,0.14076,942626.6409,132168.007170979
2026-05-10 08:00:00,0.14075,0.14434,0.14063,0.14276,1537668.9791,219373.358412849
2026-05-10 12:00:00,0.14275,0.14487,0.14115,0.14304,4486616.9204,642573.341830399
2026-05-10 16:00:00,0.14303,0.14615,0.14275,0.14521,2256353.8219,326237.339673862
2026-05-10 20:00:00,0.14516,0.14611,0.13884,0.144,2340261.6761,334372.946090142
2026-05-11 00:00:00,0.14408,0.14487,0.13947,0.14118,1630006.0595,231967.936912418
2026-05-11 04:00:00,0.14122,0.14237,0.14038,0.14167,1016390.2008,143640.936209494
2026-05-11 08:00:00,0.14164,0.14411,0.14061,0.14235,856520.4403,122220.363848066
2026-05-11 12:00:00,0.14238,0.14391,0.14022,0.14213,1959387.6617,277707.849516777
2026-05-11 16:00:00,0.14209,0.14379,0.14085,0.14223,1117416.8022,159173.821690136
2026-05-11 20:00:00,0.1423,0.14306,0.14048,0.14106,876971.3597,124282.316381945
2026-05-12 00:00:00,0.14096,0.14203,0.1382,0.13874,1481817.3559,206931.083803581
2026-05-12 04:00:00,0.13867,0.14004,0.1376,0.13881,1910804.9665,265170.882693513
2026-05-12 08:00:00,0.13881,0.13919,0.13647,0.13745,916556.8802,126402.139837804
2026-05-12 12:00:00,0.13751,0.13877,0.13479,0.13586,1331531.971,182270.840624855
2026-05-12 16:00:00,0.13587,0.13773,0.13422,0.13727,963641.0416,130859.532918332
2026-05-12 20:00:00,0.13732,0.13766,0.13621,0.13633,270584.2683,37112.663936074
2026-05-13 00:00:00,0.13632,0.14084,0.13603,0.14057,1213833.025,168449.584997644
2026-05-13 04:00:00,0.14053,0.142,0.13934,0.14027,920660.4895,129446.655729678
2026-05-13 08:00:00,0.14028,0.14344,0.13826,0.13862,1924265.5417,271459.755720138
2026-05-13 12:00:00,0.13871,0.1391,0.131,0.1313,2698291.1737,362641.536124068
2026-05-13 16:00:00,0.13128,0.13405,0.13125,0.13231,875432.4864,116056.540701254
2026-05-13 20:00:00,0.13236,0.13319,0.13101,0.132,597668.6561,78804.888307774
2026-05-14 00:00:00,0.13195,0.13273,0.12854,0.12889,738962.3563,96725.501455256
2026-05-14 04:00:00,0.12893,0.13101,0.12844,0.12989,776944.0891,100963.337601689
2026-05-14 08:00:00,0.1299,0.1307,0.12906,0.12913,772090.3697,100305.450910503
2026-05-14 12:00:00,0.12912,0.13442,0.12904,0.13441,1416241.9482,186823.934457822
2026-05-14 16:00:00,0.13441,0.13581,0.13276,0.13342,1718463.9307,230391.873709058
2026-05-14 20:00:00,0.13344,0.13348,0.13107,0.13138,789592.6437,104353.622072164
2026-05-15 00:00:00,0.13137,0.13266,0.12943,0.13047,992449.2945,129996.697571105
2026-05-15 04:00:00,0.13042,0.13044,0.12691,0.12873,1411930.0357,181195.184360029
2026-05-15 08:00:00,0.12873,0.12948,0.1275,0.12845,757141.7287,97371.330343461
2026-05-15 12:00:00,0.12844,0.12846,0.12251,0.12397,1914867.0831,238903.369131798
2026-05-15 16:00:00,0.12402,0.12649,0.12366,0.12558,886186.6883,111071.938836945
2026-05-15 20:00:00,0.12562,0.12569,0.12437,0.12479,374189.5135,46744.497448952
2026-05-16 00:00:00,0.12464,0.1251,0.12413,0.12461,239783.2313,29914.795447848
2026-05-16 04:00:00,0.12458,0.12462,0.11865,0.12033,1809249.1009,219833.935682288
2026-05-16 08:00:00,0.12031,0.12069,0.11786,0.11899,1147846.9449,136609.612016882
2026-05-16 12:00:00,0.11894,0.12095,0.11878,0.12042,673554.4859,80809.033776982
2026-05-16 16:00:00,0.12041,0.12123,0.12002,0.12002,381008.2475,45968.8357846
2026-05-16 20:00:00,0.12005,0.12028,0.11937,0.11945,186854.5046,22360.79522791
2026-05-17 00:00:00,0.11948,0.11974,0.11831,0.11932,448545.2643,53360.966893617
2026-05-17 04:00:00,0.11931,0.12233,0.11925,0.1218,979531.1658,118636.102059418
2026-05-17 08:00:00,0.12181,0.1223,0.12074,0.12194,932427.711,113625.777377292
2026-05-17 12:00:00,0.12193,0.12242,0.1188,0.11946,1580484.0298,189953.130957717
2026-05-17 16:00:00,0.1195,0.11982,0.11808,0.1192,816119.6945,97011.447163039
2026-05-17 20:00:00,0.11916,0.11978,0.1126,0.1165,1911640.5688,221267.979498336
2026-05-18 00:00:00,0.11649,0.11752,0.11501,0.11646,1177854.0778,137049.021517695
2026-05-18 04:00:00,0.11644,0.11717,0.11518,0.11593,952826.1572,110641.342735525
2026-05-18 08:00:00,0.11598,0.11676,0.11449,0.11624,1142565.4126,132055.805724273
2026-05-18 12:00:00,0.11625,0.11749,0.11403,0.11525,3049663.4511,352865.085338129
2026-05-18 16:00:00,0.1153,0.11713,0.11418,0.11672,1607895.7965,185740.935145908
2026-05-18 20:00:00,0.11673,0.11794,0.11618,0.11755,915215.6408,107245.209413649
2026-05-19 00:00:00,0.11767,0.11878,0.1164,0.11697,477533.9528,56155.137390259
2026-05-19 04:00:00,0.11698,0.11774,0.11608,0.11748,482824.165,56473.270717838
2026-05-19 08:00:00,0.1175,0.11766,0.11485,0.11514,554769.5303,64622.073189816
2026-05-19 12:00:00,0.1151,0.11659,0.11434,0.115,1041501.667,120351.372112343
2026-05-19 16:00:00,0.11503,0.11584,0.11423,0.11439,461325.8177,53045.303865297
2026-05-19 20:00:00,0.11442,0.11513,0.11326,0.11356,537624.9658,61312.095679003
2026-05-20 00:00:00,0.11356,0.11379,0.11227,0.1124,1098966.475,124175.419731668
2026-05-20 04:00:00,0.11241,0.1144,0.11241,0.11397,1185263.181,134643.071506258
2026-05-20 08:00:00,0.11391,0.1146,0.11237,0.1125,1913383.5698,217286.541029439
2026-05-20 12:00:00,0.11247,0.11419,0.11147,0.113,2377666.3669,268444.584982079
2026-05-20 16:00:00,0.11301,0.11376,0.11112,0.11201,1443188.1574,162249.403014031
2026-05-20 20:00:00,0.11203,0.11258,0.10966,0.11003,2225418.073,247203.451483028
2026-05-21 00:00:00,0.11007,0.11293,0.10985,0.11277,1622765.1672,181068.761541639
2026-05-21 04:00:00,0.11282,0.11352,0.11073,0.11138,1986697.0455,222043.676461462
2026-05-21 08:00:00,0.11139,0.11242,0.10863,0.10883,1434929.7265,158162.142804457
2026-05-21 12:00:00,0.10884,0.11269,0.1085,0.11224,1772637.2582,195620.617476615
2026-05-21 16:00:00,0.11225,0.11585,0.11094,0.11419,2427831.3803,276374.847584915
2026-05-21 20:00:00,0.11417,0.11486,0.11245,0.11293,1074523.9945,122405.401932389
2026-05-22 00:00:00,0.11295,0.11441,0.11155,0.11421,1627751.5295,183372.892418291
2026-05-22 04:00:00,0.11433,0.11525,0.11291,0.11337,1075945.768,122983.189262067
2026-05-22 08:00:00,0.1133,0.11432,0.11206,0.1142,1114172.7851,126016.543705633
2026-05-22 12:00:00,0.11417,0.11578,0.11148,0.11249,2175483.2543,247569.270894566
2026-05-22 16:00:00,0.11245,0.11355,0.10801,0.10915,2314002.3227,255921.796239512
2026-05-22 20:00:00,0.10916,0.11047,0.1081,0.10871,989682.1953,108472.358895518
2026-05-23 00:00:00,0.10873,0.11013,0.10833,0.10991,527620.2395,57727.100613572
2026-05-23 04:00:00,0.10989,0.10989,0.10301,0.10419,1921318.0591,204062.152263539
2026-05-23 08:00:00,0.1042,0.10522,0.1034,0.10496,1222466.5626,127855.654476443
2026-05-23 12:00:00,0.10494,0.10815,0.10456,0.10759,2053776.4066,218238.947949563
2026-05-23 16:00:00,0.10759,0.1103,0.1073,0.10959,1241856.4494,135729.913594995
2026-05-23 20:00:00,0.10959,0.11225,0.10873,0.10947,1231708.5789,135503.834483577
2026-05-24 00:00:00,0.10954,0.11008,0.10866,0.10895,1002936.0352,109705.020233175
2026-05-24 04:00:00,0.109,0.1096,0.1082,0.10905,569316.5619,62031.618341686
2026-05-24 08:00:00,0.10906,0.10933,0.10644,0.10647,2620567.2048,282715.842898327
2026-05-24 12:00:00,0.10648,0.10673,0.10476,0.10584,1246443.2662,132250.350498281
2026-05-24 16:00:00,0.10583,0.10653,0.10575,0.10636,638629.4543,67774.012505521
2026-05-24 20:00:00,0.10641,0.1065,0.10355,0.10564,864560.9753,90801.392921346
2026-05-25 00:00:00,0.1057,0.10614,0.10466,0.10503,1158812.1333,122031.383289057
2026-05-25 04:00:00,0.10504,0.10801,0.10485,0.10734,1093201.318,116847.214027591
2026-05-25 08:00:00,0.10737,0.10833,0.10709,0.10769,1136211.5434,122381.61030103
2026-05-25 12:00:00,0.1077,0.10948,0.10732,0.1094,1518689.2502,164924.960649473
2026-05-25 16:00:00,0.10941,0.11106,0.10903,0.10957,954143.3705,104943.928985572
2026-05-25 20:00:00,0.10954,0.1102,0.10768,0.10843,1178968.7701,128330.465643677
2026-05-26 00:00:00,0.10845,0.10868,0.10651,0.10767,1224161.621,131523.659897563
2026-05-26 04:00:00,0.10766,0.11001,0.1073,0.1091,1302512.8067,141731.77882763
2026-05-26 08:00:00,0.10911,0.11292,0.10911,0.11164,1689232.0846,187874.297979109
2026-05-26 12:00:00,0.11157,0.11302,0.10885,0.11,2579681.116,287109.455038479
2026-05-26 16:00:00,0.10998,0.11016,0.10728,0.10851,1073741.0821,116377.950911375
2026-05-26 20:00:00,0.10855,0.10925,0.10803,0.10877,435964.0674,47393.063692991
2026-05-27 00:00:00,0.10878,0.11045,0.10833,0.10836,793195.9067,86761.192730522
2026-05-27 04:00:00,0.10832,0.10968,0.10662,0.10924,1073177.4249,116543.155697058
2026-05-27 08:00:00,0.10923,0.11009,0.10828,0.10878,761342.6584,83022.734249699
2026-05-27 12:00:00,0.10879,0.11074,0.10726,0.11012,1607907.435,175345.881451538
2026-05-27 16:00:00,0.11016,0.11117,0.10771,0.10928,1120575.7881,122434.642276947
2026-05-27 20:00:00,0.10926,0.10983,0.10584,0.10725,820968.6077,88309.386449443
2026-05-28 00:00:00,0.10721,0.10755,0.10322,0.10357,1751372.9119,184257.002885247
2026-05-28 04:00:00,0.1035,0.1035,0.10121,0.10321,2139958.4639,218884.934775759
2026-05-28 08:00:00,0.10322,0.10324,0.10181,0.10226,1111032.0161,113922.895264806
2026-05-28 12:00:00,0.10224,0.10296,0.10057,0.10204,1735066.8418,176788.182018813
2026-05-28 16:00:00,0.10203,0.10613,0.10115,0.10481,1168512.2082,122445.550716808
2026-05-28 20:00:00,0.10484,0.10594,0.10379,0.10437,795668.7734,83579.253912085
2026-05-29 00:00:00,0.10439,0.10507,0.10347,0.10373,1574790.3109,164467.06979647
2026-05-29 04:00:00,0.10375,0.10645,0.10296,0.10501,1194504.083,125554.882786011
2026-05-29 08:00:00,0.10499,0.10587,0.10329,0.1038,685096.3321,71837.110076876
2026-05-29 12:00:00,0.10378,0.10661,0.10056,0.10531,2481004.5554,256724.25506959
2026-05-29 16:00:00,0.10529,0.10565,0.10263,0.10359,1463872.7991,152850.116946015
2026-05-29 20:00:00,0.10364,0.10412,0.10241,0.10321,559428.2172,57758.246700765
2026-05-30 00:00:00,0.10315,0.10699,0.103,0.10546,2997920.2975,315548.395798548
2026-05-30 04:00:00,0.10549,0.10613,0.10346,0.10483,1958051.4835,204659.765112083
2026-05-30 08:00:00,0.10482,0.10502,0.10406,0.10465,869736.845,90944.925405739
2026-05-30 12:00:00,0.10463,0.10589,0.10436,0.10495,1222631.2289,128634.206390177
2026-05-30 16:00:00,0.10496,0.10562,0.10425,0.10477,873868.9122,91648.503243951
2026-05-30 20:00:00,0.10478,0.1051,0.10297,0.10337,928867.6951,96536.301682858
2026-05-31 00:00:00,0.10337,0.10493,0.10316,0.1046,988823.3673,102836.052845763
2026-05-31 04:00:00,0.1046,0.10515,0.1025,0.10295,990120.3256,102810.48539724
2026-05-31 08:00:00,0.10291,0.1035,0.10202,0.10297,1761034.2586,180968.670055666
2026-05-31 12:00:00,0.10298,0.1035,0.10043,0.10117,2199966.977,223667.032337548
2026-05-31 16:00:00,0.10116,0.10171,0.10027,0.10117,1086232.2702,109702.34178727
2026-05-31 20:00:00,0.1012,0.10445,0.1012,0.10362,1325258.1643,136345.686940931
2026-06-01 00:00:00,0.10363,0.10426,0.10145,0.10359,2090626.2737,215679.196136957
2026-06-01 04:00:00,0.10364,0.10427,0.1005,0.10076,2090337.1388,213292.037369474
2026-06-01 08:00:00,0.10074,0.10166,0.10021,0.10071,1080530.1825,109045.133326857
2026-06-01 12:00:00,0.10073,0.10097,0.09832,0.09992,3550029.6677,353805.848699462
2026-06-01 16:00:00,0.09992,0.10364,0.099,0.1032,1965357.0028,199767.890922882
2026-06-01 20:00:00,0.10321,0.10371,0.10079,0.10241,918086.3668,93943.9740326
2026-06-02 00:00:00,0.10237,0.10277,0.0989,0.10141,3396813.0446,340837.962726387
2026-06-02 04:00:00,0.1014,0.10174,0.09749,0.09843,2698257.9108,266742.561416304
2026-06-02 08:00:00,0.09841,0.09868,0.09691,0.09807,1535933.8674,150461.015050751
2026-06-02 12:00:00,0.09805,0.09898,0.09248,0.09419,4231667.8763,403444.140085765
2026-06-02 16:00:00,0.09416,0.0967,0.09282,0.09462,2753466.1509,261210.12101846
2026-06-02 20:00:00,0.09467,0.0954,0.0909,0.09289,3721824.1522,345231.049848839
2026-06-03 00:00:00,0.09293,0.09353,0.08932,0.08987,3233032.0701,295931.242697684
2026-06-03 04:00:00,0.08987,0.09608,0.08987,0.09605,2476671.2436,231934.530500014
2026-06-03 08:00:00,0.09606,0.09804,0.09469,0.0964,2568950.6473,246364.311148237
2026-06-03 12:00:00,0.09641,0.09703,0.0947,0.09473,1782184.9773,171192.954026021
2026-06-03 16:00:00,0.09488,0.09522,0.09308,0.09337,1990849.6353,187302.918522747
2026-06-03 20:00:00,0.09333,0.0955,0.09169,0.093,2999266.6763,280812.537207008
2026-06-04 00:00:00,0.09295,0.0941,0.08524,0.09229,5887111.4515,524912.366277458
2026-06-04 04:00:00,0.09231,0.09279,0.08919,0.08926,1655280.7425,149840.83187431
2026-06-04 08:00:00,0.08927,0.08977,0.08615,0.08841,3804558.7276,332485.931976094
2026-06-04 12:00:00,0.08843,0.09195,0.08763,0.09172,2063161.222,186931.83922768
2026-06-04 16:00:00,0.09167,0.09171,0.08919,0.09035,1592389.4264,143971.609914842
2026-06-04 20:00:00,0.09033,0.09037,0.08735,0.08938,960597.0822,85111.221619437
2026-06-05 00:00:00,0.08917,0.08982,0.08535,0.08598,2957817.7255,257086.179017599
2026-06-05 04:00:00,0.08598,0.08774,0.08014,0.08408,5282949.4092,442246.477620462
2026-06-05 08:00:00,0.08411,0.08511,0.08173,0.08193,5600815.2937,465946.649043904
2026-06-05 12:00:00,0.08194,0.0843,0.08003,0.08119,7123485.61,583181.555123985
2026-06-05 16:00:00,0.08098,0.08272,0.07709,0.07986,6613083.2555,529412.413227135
2026-06-05 20:00:00,0.07987,0.08238,0.07901,0.08043,2722897.3834,220036.981348869
2026-06-06 00:00:00,0.0804,0.08123,0.0786,0.07895,1068230.9434,85587.121780152
2026-06-06 04:00:00,0.0789,0.07922,0.07394,0.07896,3849872.6925,295106.674699398
2026-06-06 08:00:00,0.079,0.0807,0.07784,0.07969,1927180.2838,152641.403233195
2026-06-06 12:00:00,0.07971,0.08085,0.07876,0.07957,1677548.4682,133731.379378395
2026-06-06 16:00:00,0.07935,0.07995,0.07854,0.07872,1096186.1271,86854.980538107
2026-06-06 20:00:00,0.0787,0.08008,0.07855,0.07992,1243972.5176,98526.89351912
2026-06-07 00:00:00,0.07994,0.0824,0.07977,0.08213,1431328.4065,116277.180372075
2026-06-07 04:00:00,0.08213,0.08384,0.08103,0.08274,8358989.3599,691429.858826427
2026-06-07 08:00:00,0.0827,0.08394,0.08196,0.08253,1973204.6046,163477.462589208
2026-06-07 12:00:00,0.08253,0.08272,0.08067,0.08184,2627340.5649,214341.017226694
2026-06-07 16:00:00,0.08185,0.0822,0.07931,0.0798,2003952.6755,162481.490784563
2026-06-07 20:00:00,0.07966,0.08518,0.07958,0.08307,3077186.2712,254091.054598305
2026-06-08 00:00:00,0.08306,0.08403,0.08172,0.08253,1457255.2823,120433.674692647
2026-06-08 04:00:00,0.08254,0.08263,0.08093,0.08228,769822.3388,62933.13453711
2026-06-08 08:00:00,0.08224,0.084,0.08128,0.08339,2226064.5654,183816.628113855
2026-06-08 12:00:00,0.08338,0.0846,0.08246,0.08353,1458084.8135,121935.996459389
2026-06-08 16:00:00,0.08354,0.08438,0.08277,0.08327,919661.0763,76824.703144422
2026-06-08 20:00:00,0.08327,0.08396,0.08179,0.08216,905084.5206,74851.299698445
2026-06-09 00:00:00,0.08212,0.08222,0.07978,0.08052,2154327.8235,173390.078900123
2026-06-09 04:00:00,0.08051,0.08243,0.08033,0.08182,1388961.5633,113405.062392418
2026-06-09 08:00:00,0.08178,0.08183,0.08013,0.08049,1309541.8086,105857.691329521
2026-06-09 12:00:00,0.08042,0.08162,0.07886,0.07917,3093819.8928,247743.093980879
2026-06-09 16:00:00,0.07913,0.08135,0.07791,0.08112,3305184.6813,263368.583617213
2026-06-09 20:00:00,0.0812,0.08169,0.08018,0.08034,1391003.3043,112434.52880816
2026-06-10 00:00:00,0.08035,0.08139,0.07957,0.07995,1320336.6356,106400.263970422
2026-06-10 04:00:00,0.07992,0.08012,0.079,0.07995,728239.5057,57922.494557861
2026-06-10 08:00:00,0.07988,0.07988,0.07798,0.07838,940751.6029,74144.687319365
2026-06-10 12:00:00,0.07819,0.08178,0.07781,0.08097,3896381.6567,312004.74248953
2026-06-10 16:00:00,0.08098,0.08117,0.07808,0.07841,2391212.3475,189500.932601177
2026-06-10 20:00:00,0.07838,0.07864,0.07562,0.07752,2970280.9251,228413.190309545
2026-06-11 00:00:00,0.07752,0.08154,0.0775,0.08055,3806576.4973,303949.752395962
2026-06-11 04:00:00,0.08056,0.0813,0.07999,0.08033,1337504.9261,107569.606005478
2026-06-11 08:00:00,0.08034,0.08184,0.08002,0.08144,2083412.7796,168661.421992471
2026-06-11 12:00:00,0.08148,0.08152,0.07999,0.08074,2009472.6835,162403.744505222
2026-06-11 16:00:00,0.08076,0.08603,0.07987,0.08366,6899180.3442,575957.878258806
2026-06-11 20:00:00,0.08362,0.08457,0.08295,0.08358,1490559.6223,124650.968690588
2026-06-12 00:00:00,0.08357,0.08396,0.08249,0.08353,990532.3706,82603.008161569
2026-06-12 04:00:00,0.08361,0.08406,0.08187,0.08266,970374.8085,80347.215456153
2026-06-12 08:00:00,0.08273,0.08522,0.08267,0.08436,1488459.4571,125604.876842095
2026-06-12 12:00:00,0.08437,0.0855,0.0821,0.08339,2333669.5191,196207.285212108
2026-06-12 16:00:00,0.08338,0.08469,0.08305,0.08388,602842.9717,50663.049065476
2026-06-12 20:00:00,0.08387,0.08441,0.0833,0.08394,384995.66,32250.864021962
2026-06-13 00:00:00,0.08398,0.085,0.08381,0.08418,964640.9501,81386.86746823
2026-06-13 04:00:00,0.0841,0.08607,0.08378,0.08572,2032122.5349,173347.320409527
2026-06-13 08:00:00,0.08573,0.08647,0.08548,0.0864,716695.4598,61607.119155178
2026-06-13 12:00:00,0.08635,0.08692,0.08585,0.08638,2300454.4582,198500.179907412
2026-06-13 16:00:00,0.08639,0.08639,0.08541,0.08603,715622.1451,61423.470292225
