timestamp,open,high,low,close,volume,turnover
2025-06-12 03:00:00,667.33,667.69,664.22,665.93,275558.0,1836432.1417
2025-06-12 04:00:00,665.93,666.76,664.5,665.3,255514.0,1700469.5938
2025-06-12 05:00:00,665.3,667.52,664.16,667.52,102094.0,680355.0301
2025-06-12 06:00:00,667.52,668.72,667.37,668.09,18980.0,126852.9605
2025-06-12 07:00:00,668.09,668.43,666.5,667.37,191953.0,1281656.1315
2025-06-12 08:00:00,667.37,668.31,666.1,668.2,675232.0,4505592.0644
2025-06-12 09:00:00,668.2,669.16,667.72,668.9,216374.0,1446633.0357
2025-06-12 10:00:00,668.9,669.0,665.4,666.25,416030.0,2776237.5588
2025-06-12 11:00:00,666.25,666.58,663.41,663.54,133426.0,886441.528
2025-06-12 12:00:00,663.54,665.0,661.26,662.07,168758.0,1118791.4789
2025-06-12 13:00:00,662.07,663.75,661.18,663.6,87806.0,581727.0496
2025-06-12 14:00:00,663.6,665.08,663.37,664.64,190340.0,1264325.9933
2025-06-12 15:00:00,664.64,665.03,659.61,659.81,161303.0,1067409.2517
2025-06-12 16:00:00,659.81,664.95,659.48,664.94,110098.0,730099.0347
2025-06-12 17:00:00,664.94,666.8,663.83,666.52,328162.0,2184139.6151
2025-06-12 18:00:00,666.52,666.72,661.12,662.49,161066.0,1068807.145
2025-06-12 19:00:00,662.49,662.82,657.38,658.1,103347.0,681724.914
2025-06-12 20:00:00,658.1,658.7,651.45,653.45,185479.0,1215594.472
2025-06-12 21:00:00,653.45,655.99,652.17,653.55,114471.0,748822.5149
2025-06-12 22:00:00,653.55,655.02,653.34,653.85,103463.0,676832.3579
2025-06-12 23:00:00,653.85,656.65,653.7,654.5,35329.0,231501.626
2025-06-13 00:00:00,654.5,654.5,641.65,647.46,400199.0,2587304.7122
2025-06-13 01:00:00,647.46,647.46,638.42,645.12,266949.0,1716006.8153
2025-06-13 02:00:00,645.12,645.12,639.5,642.15,98282.0,631294.3121
2025-06-13 03:00:00,642.15,649.24,641.65,649.05,119696.0,773130.5747
2025-06-13 04:00:00,649.05,649.05,645.7,648.43,593542.0,3847455.6478
2025-06-13 05:00:00,648.43,648.71,647.44,647.46,451109.0,2923402.7559
2025-06-13 06:00:00,647.46,651.83,646.27,651.83,187403.0,1214857.3814
2025-06-13 07:00:00,651.83,654.89,650.98,654.84,449597.0,2937710.6077
2025-06-13 08:00:00,654.84,659.53,654.4,656.96,592510.0,3895071.3855
2025-06-13 09:00:00,656.96,657.89,653.48,654.29,364961.0,2395065.1888
2025-06-13 10:00:00,654.29,655.37,652.16,655.33,217531.0,1422095.7843
2025-06-13 11:00:00,655.33,655.65,652.38,654.57,82328.0,538156.4494
2025-06-13 12:00:00,654.57,654.8,650.82,651.2,75883.0,495014.6023
2025-06-13 13:00:00,651.2,653.73,650.59,651.67,70411.0,459315.2277
2025-06-13 14:00:00,651.67,652.9,649.21,652.35,131795.0,858304.074
2025-06-13 15:00:00,652.35,654.33,651.54,653.4,92248.0,602588.1261
2025-06-13 16:00:00,653.4,655.34,652.32,654.2,221331.0,1445654.7891
2025-06-13 17:00:00,654.2,654.2,650.66,652.32,54072.0,352920.7587
2025-06-13 18:00:00,652.32,652.8,649.33,650.85,78763.0,512525.3914
2025-06-13 19:00:00,650.85,651.84,649.71,651.07,128206.0,834070.7583
2025-06-13 20:00:00,651.07,652.96,650.13,652.46,301049.0,1962350.9579
2025-06-13 21:00:00,652.46,653.31,651.85,652.98,149486.0,975520.7955
2025-06-13 22:00:00,652.98,654.03,652.81,653.86,56669.0,370345.5211
2025-06-13 23:00:00,653.86,655.04,653.49,655.04,44820.0,293401.8428
2025-06-14 00:00:00,655.04,655.04,653.01,653.8,43793.0,286328.3808
2025-06-14 01:00:00,653.8,653.82,650.09,650.51,46839.0,305002.315
2025-06-14 02:00:00,650.51,651.71,650.32,651.3,7060.0,45955.7693
2025-06-14 03:00:00,651.3,651.7,650.4,650.88,15078.0,98159.845
2025-06-14 04:00:00,650.88,651.86,650.11,651.12,131308.0,854937.8337
2025-06-14 05:00:00,651.12,652.12,650.58,652.05,67044.0,436715.6977
2025-06-14 06:00:00,652.05,652.11,650.86,651.51,43872.0,285811.1272
2025-06-14 07:00:00,651.51,651.88,649.75,651.43,135829.0,884391.7437
2025-06-14 08:00:00,651.43,651.43,649.41,650.09,173363.0,1127512.8811
2025-06-14 09:00:00,650.09,650.13,648.7,648.81,115083.0,747392.5336
2025-06-14 10:00:00,648.81,650.16,648.72,649.87,39513.0,256741.1872
2025-06-14 11:00:00,649.87,650.46,649.71,650.26,41619.0,270589.5659
2025-06-14 12:00:00,650.26,650.32,648.32,649.42,87672.0,569426.9423
2025-06-14 13:00:00,649.42,650.0,647.4,647.94,80337.0,520855.952
2025-06-14 14:00:00,647.94,648.2,646.03,646.23,178847.0,1157233.0184
2025-06-14 15:00:00,646.23,646.36,643.88,644.97,433158.0,2794822.066
2025-06-14 16:00:00,644.97,645.7,640.08,641.13,112214.0,721852.5975
2025-06-14 17:00:00,641.13,643.95,640.71,642.97,99222.0,637557.6121
2025-06-14 18:00:00,642.97,643.68,638.57,641.29,50927.0,326475.9967
2025-06-14 19:00:00,641.29,642.1,640.38,640.38,81062.0,519899.1499
2025-06-14 20:00:00,640.38,641.0,638.61,640.55,235723.0,1506899.3092
2025-06-14 21:00:00,640.55,643.57,640.27,643.24,33110.0,212453.1555
2025-06-14 22:00:00,643.24,643.9,642.3,643.69,53170.0,341992.2019
2025-06-14 23:00:00,643.69,645.98,643.5,645.24,235420.0,1516422.5065
2025-06-15 00:00:00,645.24,646.33,644.56,645.99,85373.0,551094.0101
2025-06-15 01:00:00,645.99,646.72,645.22,645.9,190138.0,1228078.3172
2025-06-15 02:00:00,645.9,647.35,645.9,646.8,174630.0,1129651.7786
2025-06-15 03:00:00,646.8,647.66,646.74,647.28,42003.0,271796.6637
2025-06-15 04:00:00,647.28,649.0,647.28,648.94,133783.0,867405.9359
2025-06-15 05:00:00,648.94,649.84,648.15,649.68,42295.0,274627.1887
2025-06-15 06:00:00,649.68,651.66,647.91,650.68,195527.0,1269182.1981
2025-06-15 07:00:00,650.68,650.77,648.6,648.83,60952.0,395863.4182
2025-06-15 08:00:00,648.83,649.09,646.43,647.53,65899.0,426749.92
2025-06-15 09:00:00,647.53,647.54,645.72,646.08,71515.0,462337.2837
2025-06-15 10:00:00,646.08,648.81,646.01,648.46,41138.0,266596.4454
2025-06-15 11:00:00,648.46,649.14,647.63,648.08,73934.0,479392.5392
2025-06-15 12:00:00,648.08,650.19,648.08,650.14,305936.0,1985175.295
2025-06-15 13:00:00,650.14,650.88,648.02,648.58,170138.0,1104646.683
2025-06-15 14:00:00,648.58,648.84,646.63,648.37,158733.0,1028073.3879
2025-06-15 15:00:00,648.37,648.43,646.81,647.43,116293.0,752727.8617
2025-06-15 16:00:00,647.43,647.77,645.89,647.51,94224.0,609706.8255
2025-06-15 17:00:00,647.51,648.85,647.17,648.28,38412.0,248803.1722
2025-06-15 18:00:00,648.28,648.43,647.15,647.35,14872.0,96283.3299
2025-06-15 19:00:00,647.35,647.47,645.45,646.45,47378.0,306428.9428
2025-06-15 20:00:00,646.45,646.45,642.4,643.23,131169.0,844080.4568
2025-06-15 21:00:00,643.23,645.18,642.36,645.18,40768.0,262412.0046
2025-06-15 22:00:00,645.18,647.58,644.42,647.0,44929.0,290509.8512
2025-06-15 23:00:00,647.0,648.2,646.94,647.93,122044.0,790047.1324
2025-06-16 00:00:00,647.93,648.23,646.31,647.55,770524.0,4985508.4735
2025-06-16 01:00:00,647.55,650.35,646.0,650.19,181113.0,1172968.1388
2025-06-16 02:00:00,650.19,652.53,650.14,651.52,173122.0,1127905.5877
2025-06-16 03:00:00,651.52,651.9,650.75,651.49,232115.0,1511235.6971
2025-06-16 04:00:00,651.49,653.1,651.05,652.03,24539.0,160027.3325
2025-06-16 05:00:00,652.03,654.94,652.03,654.6,130615.0,854020.1639
2025-06-16 06:00:00,654.6,654.97,653.6,653.77,49973.0,327052.5467
2025-06-16 07:00:00,653.77,656.85,653.77,655.95,73960.0,484871.22
2025-06-16 08:00:00,655.95,656.72,655.05,656.19,72695.0,476817.1706
2025-06-16 09:00:00,656.19,656.36,655.22,655.99,13719.0,89974.9777
2025-06-16 10:00:00,655.99,656.43,653.83,654.09,117859.0,772080.2187
2025-06-16 11:00:00,654.09,654.74,653.12,654.61,561912.0,3675592.8708
2025-06-16 12:00:00,654.61,655.79,653.76,655.17,565864.0,3704110.3592
2025-06-16 13:00:00,655.17,656.68,654.99,656.67,309461.0,2028641.4446
2025-06-16 14:00:00,656.67,659.57,656.17,657.5,655408.0,4311664.3
2025-06-16 15:00:00,657.5,658.8,657.11,657.57,51439.0,338384.4861
2025-06-16 16:00:00,657.57,658.96,657.13,657.87,55496.0,365164.138
2025-06-16 17:00:00,657.87,657.94,655.73,655.96,26291.0,172716.3421
2025-06-16 18:00:00,655.96,657.75,655.87,657.73,97548.0,640597.921
2025-06-16 19:00:00,657.73,659.19,657.5,659.19,48385.0,318651.7667
2025-06-16 20:00:00,659.19,659.24,657.36,658.98,27654.0,182071.0098
2025-06-16 21:00:00,658.98,659.06,656.81,658.04,14264.0,93826.0737
2025-06-16 22:00:00,658.04,658.88,651.31,653.41,288240.0,1881019.1019
2025-06-16 23:00:00,653.41,654.7,650.07,650.39,219543.0,1434716.0782
2025-06-17 00:00:00,650.39,654.07,647.21,654.07,221580.0,1440404.3376
2025-06-17 01:00:00,654.07,655.51,653.11,654.98,77085.0,504322.7085
2025-06-17 02:00:00,654.98,655.68,652.54,655.53,47850.0,313195.3116
2025-06-17 03:00:00,655.53,656.74,655.11,656.57,14576.0,95598.8997
2025-06-17 04:00:00,656.57,656.61,655.15,656.03,51166.0,335540.9997
2025-06-17 05:00:00,656.03,656.44,655.3,656.34,58242.0,382099.628
2025-06-17 06:00:00,656.34,659.25,655.88,658.32,126132.0,829519.585
2025-06-17 07:00:00,658.32,658.69,655.94,657.93,104136.0,684392.3391
2025-06-17 08:00:00,657.93,658.73,656.16,656.55,156787.0,1031408.1111
2025-06-17 09:00:00,656.55,657.9,656.48,656.62,152386.0,1001616.4515
2025-06-17 10:00:00,656.62,656.84,653.46,655.05,327612.0,2146668.0963
2025-06-17 11:00:00,655.05,655.05,652.56,653.68,84673.0,553325.1823
2025-06-17 12:00:00,653.68,654.26,653.05,653.65,37203.0,243220.9498
2025-06-17 13:00:00,653.65,656.09,652.3,652.3,74220.0,486174.0972
2025-06-17 14:00:00,652.3,653.98,650.7,650.7,325595.0,2124074.3115
2025-06-17 15:00:00,650.7,650.76,645.13,646.37,264966.0,1714596.9872
2025-06-17 16:00:00,646.37,646.59,640.76,640.76,396991.0,2559282.9232
2025-06-17 17:00:00,640.76,644.56,640.04,642.3,180892.0,1161779.0781
2025-06-17 18:00:00,642.3,645.92,642.02,645.92,69956.0,450230.2335
2025-06-17 19:00:00,645.92,649.8,645.76,648.29,244108.0,1582546.157
2025-06-17 20:00:00,648.29,648.84,646.53,646.78,124535.0,806262.0829
2025-06-17 21:00:00,646.78,648.55,645.56,647.44,139471.0,902701.2767
2025-06-17 22:00:00,647.44,647.98,645.52,645.61,15800.0,102156.3375
2025-06-17 23:00:00,645.61,648.81,645.58,647.95,83185.0,539459.5891
2025-06-18 00:00:00,647.95,650.99,647.9,650.9,70862.0,460390.77
2025-06-18 01:00:00,650.9,654.19,650.68,650.68,61397.0,400433.7076
2025-06-18 02:00:00,650.68,653.49,650.05,652.3,63997.0,417460.2325
2025-06-18 03:00:00,652.3,653.46,651.91,652.14,26366.0,172104.1064
2025-06-18 04:00:00,652.14,653.49,651.53,652.85,66228.0,432258.711
2025-06-18 05:00:00,652.85,653.66,652.67,652.97,28313.0,184974.9094
2025-06-18 06:00:00,652.97,653.5,651.1,651.22,64935.0,423752.6618
2025-06-18 07:00:00,651.22,651.6,650.5,651.44,84865.0,552482.1432
2025-06-18 08:00:00,651.44,652.46,649.66,649.81,151909.0,988826.2948
2025-06-18 09:00:00,649.81,650.81,647.52,647.56,206098.0,1337370.3724
2025-06-18 10:00:00,647.56,647.99,641.26,642.31,199394.0,1286794.2546
2025-06-18 11:00:00,642.31,645.48,641.46,644.79,242691.0,1564003.5082
2025-06-18 12:00:00,644.79,644.81,641.71,641.92,85519.0,549529.8094
2025-06-18 13:00:00,641.92,642.02,636.76,640.19,187958.0,1202491.3069
2025-06-18 14:00:00,640.19,643.97,639.51,642.11,160547.0,1031508.3643
2025-06-18 15:00:00,642.11,643.06,638.71,641.64,54952.0,352338.0982
2025-06-18 16:00:00,641.64,641.94,639.13,640.46,34099.0,218352.9995
2025-06-18 17:00:00,640.46,641.3,637.05,640.98,30489.0,194989.7023
2025-06-18 18:00:00,640.98,642.44,638.15,638.29,65498.0,419207.1353
2025-06-18 19:00:00,638.29,640.89,637.71,639.08,32427.0,207374.8854
2025-06-18 20:00:00,639.08,644.33,638.19,644.19,93583.0,601586.9211
2025-06-18 21:00:00,644.19,645.16,642.35,644.58,85974.0,553269.6792
2025-06-18 22:00:00,644.58,645.04,643.34,644.57,18402.0,118542.5156
2025-06-18 23:00:00,644.57,645.14,642.9,644.34,21528.0,138711.1324
2025-06-19 00:00:00,644.34,645.63,643.11,644.61,67705.0,436566.5989
2025-06-19 01:00:00,644.61,644.67,641.0,641.6,104905.0,674069.779
2025-06-19 02:00:00,641.6,643.5,641.13,642.47,41629.0,267345.1252
2025-06-19 03:00:00,642.47,645.21,642.46,645.16,39069.0,251655.6882
2025-06-19 04:00:00,645.16,645.8,644.32,645.62,59130.0,381525.2846
2025-06-19 05:00:00,645.62,646.42,645.24,645.43,17827.0,115127.8886
2025-06-19 06:00:00,645.43,646.39,643.74,644.58,49100.0,316355.9817
2025-06-19 07:00:00,644.58,645.56,644.41,644.56,43404.0,279917.1662
2025-06-19 08:00:00,644.56,645.65,644.3,644.3,93465.0,603198.224
2025-06-19 09:00:00,644.3,645.89,643.79,644.67,47180.0,304117.7128
2025-06-19 10:00:00,644.67,645.37,643.96,644.19,7720.0,49767.195
2025-06-19 11:00:00,644.19,644.2,642.3,642.38,33036.0,212364.7269
2025-06-19 12:00:00,642.38,642.85,641.32,642.04,164566.0,1056526.7827
2025-06-19 13:00:00,642.04,642.76,640.64,640.69,101061.0,648226.0124
2025-06-19 14:00:00,640.69,641.94,639.71,640.18,135726.0,869145.4014
2025-06-19 15:00:00,640.18,641.29,639.22,639.36,84488.0,541186.8599
2025-06-19 16:00:00,639.36,640.2,638.26,638.43,401047.0,2564137.8288
2025-06-19 17:00:00,638.43,642.59,638.27,642.03,305938.0,1961639.9415
2025-06-19 18:00:00,642.03,642.68,641.39,642.13,51629.0,331539.2622
2025-06-19 19:00:00,642.13,642.51,641.42,642.27,14507.0,93110.8334
2025-06-19 20:00:00,642.27,643.0,641.59,642.56,16856.0,108311.3316
2025-06-19 21:00:00,642.56,643.3,642.24,643.03,41949.0,269746.5761
2025-06-19 22:00:00,643.03,644.73,643.03,644.2,178512.0,1148903.8863
2025-06-19 23:00:00,644.2,644.88,643.66,644.47,63991.0,412028.7519
2025-06-20 00:00:00,644.47,645.07,643.65,644.61,42654.0,274829.5968
2025-06-20 01:00:00,644.61,645.31,643.46,645.22,21429.0,138119.7845
2025-06-20 02:00:00,645.22,645.39,644.09,644.54,57877.0,373064.4909
2025-06-20 03:00:00,644.54,644.84,644.0,644.68,10416.0,67126.382
2025-06-20 04:00:00,644.68,644.78,641.31,641.68,35678.0,229143.6706
2025-06-20 05:00:00,641.68,644.07,641.68,644.03,187245.0,1204456.6801
2025-06-20 06:00:00,644.03,645.11,643.87,645.11,54419.0,350771.8685
2025-06-20 07:00:00,645.11,647.44,644.54,647.41,256236.0,1657504.5851
2025-06-20 08:00:00,647.41,649.31,647.41,648.24,275486.0,1786340.8991
2025-06-20 09:00:00,648.24,648.84,646.64,646.67,209078.0,1354621.7047
2025-06-20 10:00:00,646.67,648.45,646.12,647.34,407292.0,2636835.4481
2025-06-20 11:00:00,647.34,648.04,646.55,647.28,18739.0,121299.3087
2025-06-20 12:00:00,647.28,647.89,646.85,647.51,15898.0,102922.8541
2025-06-20 13:00:00,647.51,651.77,646.45,647.46,90991.0,590384.1714
2025-06-20 14:00:00,647.46,648.49,643.07,643.23,246517.0,1591879.0476
2025-06-20 15:00:00,643.23,646.5,643.16,645.51,66618.0,429987.8395
2025-06-20 16:00:00,645.51,645.66,643.5,643.91,231007.0,1489073.5174
2025-06-20 17:00:00,643.91,644.7,637.95,642.11,196546.0,1260826.2679
2025-06-20 18:00:00,642.11,642.72,639.9,641.87,76045.0,488067.2096
2025-06-20 19:00:00,641.87,643.01,639.64,642.72,45070.0,289184.7657
2025-06-20 20:00:00,642.72,645.4,642.72,644.67,165637.0,1067365.7379
2025-06-20 21:00:00,644.67,644.8,643.0,643.01,132385.0,852019.3378
2025-06-20 22:00:00,643.01,643.01,640.23,640.69,28407.0,182326.2958
2025-06-20 23:00:00,640.69,641.81,639.83,641.57,39459.0,252765.2852
2025-06-21 00:00:00,641.57,642.84,640.93,642.04,36549.0,234731.2199
2025-06-21 01:00:00,642.04,644.44,641.93,644.36,16639.0,107057.6026
2025-06-21 02:00:00,644.36,644.45,643.16,644.3,18680.0,120245.5019
2025-06-21 03:00:00,644.3,644.96,644.3,644.33,15638.0,100801.8432
2025-06-21 04:00:00,644.33,644.5,642.48,642.61,35162.0,226304.654
2025-06-21 05:00:00,642.61,642.97,642.2,642.85,23180.0,148977.79
2025-06-21 06:00:00,642.85,643.52,642.44,643.25,6353.0,40858.0186
2025-06-21 07:00:00,643.25,643.3,637.61,641.27,153572.0,984157.3403
2025-06-21 08:00:00,641.27,641.61,640.37,641.34,53449.0,342486.4
2025-06-21 09:00:00,641.34,641.34,639.08,640.51,99694.0,638653.2459
2025-06-21 10:00:00,640.51,641.63,639.9,640.39,63890.0,409523.8943
2025-06-21 11:00:00,640.39,642.28,640.24,642.28,37095.0,238009.5919
2025-06-21 12:00:00,642.28,642.69,639.35,639.67,34585.0,221918.801
2025-06-21 13:00:00,639.67,639.81,635.89,636.05,156701.0,999517.6613
2025-06-21 14:00:00,636.05,638.22,635.39,635.4,189341.0,1204846.929
2025-06-21 15:00:00,635.4,636.39,633.85,636.11,179301.0,1139811.2197
2025-06-21 16:00:00,636.11,636.63,633.32,633.71,174580.0,1108490.6182
2025-06-21 17:00:00,633.71,635.16,631.54,631.99,122438.0,775578.5641
2025-06-21 18:00:00,631.99,633.72,631.08,631.08,251054.0,1587137.3733
2025-06-21 19:00:00,631.08,632.2,630.29,630.59,163254.0,1030457.2397
2025-06-21 20:00:00,630.59,632.79,630.58,632.5,95167.0,601506.4016
2025-06-21 21:00:00,632.5,632.87,621.09,624.58,262125.0,1642848.1791
2025-06-21 22:00:00,624.58,629.3,624.33,627.29,55947.0,351006.7289
2025-06-21 23:00:00,627.29,629.21,623.17,628.69,227261.0,1420573.3765
2025-06-22 00:00:00,628.69,633.07,626.64,631.52,112175.0,706034.1744
2025-06-22 01:00:00,631.52,632.54,628.8,629.0,18566.0,117104.2659
2025-06-22 02:00:00,629.0,630.96,626.98,630.03,77057.0,484195.8691
2025-06-22 03:00:00,630.03,631.13,627.88,629.27,17153.0,107942.2258
2025-06-22 04:00:00,629.27,631.52,629.27,631.31,50223.0,316614.5698
2025-06-22 05:00:00,631.31,633.38,631.2,633.38,68194.0,431026.4638
2025-06-22 06:00:00,633.38,635.36,633.27,634.15,57263.0,363327.7038
2025-06-22 07:00:00,634.15,634.24,632.01,632.7,183915.0,1164028.215
2025-06-22 08:00:00,632.7,633.14,631.52,632.19,198999.0,1258036.662
2025-06-22 09:00:00,632.19,633.15,627.85,627.92,101666.0,640887.1709
2025-06-22 10:00:00,627.92,630.12,627.39,629.0,30038.0,188955.5252
2025-06-22 11:00:00,629.0,631.46,628.81,630.42,123428.0,777763.9653
2025-06-22 12:00:00,630.42,631.14,626.56,628.45,208032.0,1307601.6321
2025-06-22 13:00:00,628.45,628.8,613.78,616.19,415999.0,2577259.6014
2025-06-22 14:00:00,616.19,618.44,608.6,614.0,232681.0,1426055.1342
2025-06-22 15:00:00,614.0,614.0,606.51,607.37,133992.0,817292.2878
2025-06-22 16:00:00,607.37,609.17,606.63,609.17,125382.0,762214.3679
2025-06-22 17:00:00,609.17,612.38,607.67,610.53,112912.0,688386.3145
2025-06-22 18:00:00,610.53,611.09,607.2,607.35,189602.0,1153369.1154
2025-06-22 19:00:00,607.35,607.79,604.13,605.16,254794.0,1543046.6585
2025-06-22 20:00:00,605.16,609.99,601.37,609.99,199084.0,1202316.4951
2025-06-22 21:00:00,609.99,610.14,606.31,606.55,121746.0,739912.795
2025-06-22 22:00:00,606.55,615.82,606.52,615.82,75305.0,460618.4339
2025-06-22 23:00:00,615.82,616.74,614.89,615.68,66484.0,409373.6376
2025-06-23 00:00:00,615.68,619.19,614.99,616.61,37090.0,228612.6743
2025-06-23 01:00:00,616.61,620.56,615.94,620.55,62805.0,387714.6399
2025-06-23 02:00:00,620.55,620.95,619.13,619.83,28986.0,179738.048
2025-06-23 03:00:00,619.83,620.85,618.38,619.99,125536.0,777892.546
2025-06-23 04:00:00,619.99,621.87,619.99,621.28,17669.0,109763.6778
2025-06-23 05:00:00,621.28,622.9,621.24,622.49,21598.0,134357.6444
2025-06-23 06:00:00,622.49,623.54,622.16,623.48,99267.0,618358.6317
2025-06-23 07:00:00,623.48,624.35,623.01,623.88,112447.0,701255.9672
2025-06-23 08:00:00,623.88,624.88,623.69,624.07,32468.0,202673.6351
2025-06-23 09:00:00,624.07,624.07,620.72,621.14,139403.0,866090.1589
2025-06-23 10:00:00,621.14,621.47,618.35,618.58,171240.0,1060590.9743
2025-06-23 11:00:00,618.58,619.37,615.95,617.01,140612.0,868490.7045
2025-06-23 12:00:00,617.01,619.94,616.14,619.89,107654.0,665763.266
2025-06-23 13:00:00,619.89,627.47,615.65,626.4,606729.0,3774379.9081
2025-06-23 14:00:00,626.4,627.76,620.8,621.2,188446.0,1173214.8455
2025-06-23 15:00:00,621.2,622.83,619.39,622.37,449627.0,2795941.4776
2025-06-23 16:00:00,622.37,625.08,616.64,619.81,488582.0,3032016.9817
2025-06-23 17:00:00,619.81,628.88,619.08,627.07,102444.0,640763.2378
2025-06-23 18:00:00,627.07,629.91,627.06,629.55,51439.0,323639.1868
2025-06-23 19:00:00,629.55,630.58,628.09,629.55,368250.0,2318039.0532
2025-06-23 20:00:00,629.55,634.54,628.3,632.12,228225.0,1444537.6429
2025-06-23 21:00:00,632.12,633.54,631.29,632.41,196621.0,1242764.1534
2025-06-23 22:00:00,632.41,642.37,632.41,640.76,237687.0,1516673.9792
2025-06-23 23:00:00,640.76,641.39,639.13,640.17,175756.0,1124231.0912
2025-06-24 00:00:00,640.17,640.86,637.93,638.12,170765.0,1092065.9203
2025-06-24 01:00:00,638.12,639.63,637.3,639.0,139798.0,892292.3793
2025-06-24 02:00:00,639.0,639.03,636.0,637.64,205300.0,1309288.1347
2025-06-24 03:00:00,637.64,639.54,637.55,639.21,72266.0,461267.6272
2025-06-24 04:00:00,639.21,639.79,638.12,639.7,28817.0,184190.2501
2025-06-24 05:00:00,639.7,642.0,639.7,641.87,64978.0,416448.7103
2025-06-24 06:00:00,641.87,642.31,640.63,640.63,215761.0,1384178.8914
2025-06-24 07:00:00,640.63,641.36,638.2,638.79,139205.0,890320.9747
2025-06-24 08:00:00,638.79,639.08,636.92,638.59,178129.0,1136976.5285
2025-06-24 09:00:00,638.59,641.01,638.25,638.28,328888.0,2103307.8358
2025-06-24 10:00:00,638.28,638.79,636.36,636.73,225602.0,1438308.8304
2025-06-24 11:00:00,636.73,638.12,635.77,638.07,352321.0,2243628.8757
2025-06-24 12:00:00,638.07,639.49,637.42,639.46,101278.0,646807.1337
2025-06-24 13:00:00,639.46,640.08,637.76,639.77,133483.0,852733.9818
2025-06-24 14:00:00,639.77,641.2,639.32,639.84,73465.0,470339.6931
2025-06-24 15:00:00,639.84,641.0,637.92,639.06,90761.0,580627.3427
2025-06-24 16:00:00,639.06,643.65,639.06,643.65,90128.0,578360.1143
2025-06-24 17:00:00,643.65,643.68,641.0,642.75,86068.0,552833.8322
2025-06-24 18:00:00,642.75,643.05,641.35,642.11,58605.0,376528.135
2025-06-24 19:00:00,642.11,642.6,640.84,642.11,39982.0,256590.5752
2025-06-24 20:00:00,642.11,643.83,641.89,643.82,85970.0,552707.8162
2025-06-24 21:00:00,643.82,643.9,642.68,643.2,21657.0,139336.0498
2025-06-24 22:00:00,643.2,643.2,641.73,642.98,48656.0,312593.6035
2025-06-24 23:00:00,642.98,643.38,641.88,643.25,49801.0,320206.2203
2025-06-25 00:00:00,643.25,644.37,642.24,644.25,92636.0,595859.83
2025-06-25 01:00:00,644.25,645.35,642.63,644.72,81730.0,526520.9277
2025-06-25 02:00:00,644.72,645.6,643.52,644.51,47848.0,308343.1344
2025-06-25 03:00:00,644.51,650.38,643.0,648.1,209539.0,1358901.7675
2025-06-25 04:00:00,648.1,653.01,644.52,644.62,137327.0,889588.2052
2025-06-25 05:00:00,644.62,646.09,643.4,643.53,51841.0,333985.5623
2025-06-25 06:00:00,643.53,645.65,643.26,645.63,93802.0,604850.7793
2025-06-25 07:00:00,645.63,646.53,644.58,644.98,201391.0,1299575.5769
2025-06-25 08:00:00,644.98,645.1,642.75,644.3,161960.0,1042788.1013
2025-06-25 09:00:00,644.3,644.86,641.45,643.04,112562.0,724358.0195
2025-06-25 10:00:00,643.04,645.52,642.87,645.52,184151.0,1186123.0623
2025-06-25 11:00:00,645.52,648.0,644.81,646.87,294898.0,1905337.51
2025-06-25 12:00:00,646.87,647.1,645.66,645.89,191350.0,1236644.3501
2025-06-25 13:00:00,645.89,647.95,645.3,647.07,156942.0,1014945.2449
2025-06-25 14:00:00,647.07,647.67,644.38,646.27,117033.0,756280.0267
2025-06-25 15:00:00,646.27,646.27,642.06,642.36,80385.0,517517.2181
2025-06-25 16:00:00,642.36,644.4,641.85,642.41,86693.0,557608.8347
2025-06-25 17:00:00,642.41,645.25,642.37,644.89,37253.0,239841.3457
2025-06-25 18:00:00,644.89,645.97,644.08,645.68,97066.0,626533.3264
2025-06-25 19:00:00,645.68,647.65,645.67,647.56,54270.0,351011.3975
2025-06-25 20:00:00,647.56,647.7,646.62,647.54,53380.0,345434.5471
2025-06-25 21:00:00,647.54,648.28,646.31,646.99,214705.0,1389075.0471
2025-06-25 22:00:00,646.99,646.99,644.26,645.27,44689.0,288365.058
2025-06-25 23:00:00,645.27,646.11,643.89,646.04,23781.0,153404.093
2025-06-26 00:00:00,646.04,647.92,645.9,647.23,18516.0,119856.6726
2025-06-26 01:00:00,647.23,648.54,645.37,647.93,27481.0,177628.582
2025-06-26 02:00:00,647.93,649.45,647.4,649.01,23797.0,154316.832
2025-06-26 03:00:00,649.01,649.94,647.32,648.39,92347.0,598809.1237
2025-06-26 04:00:00,648.39,649.26,646.15,647.49,172287.0,1115134.6662
2025-06-26 05:00:00,647.49,647.62,646.0,646.84,139860.0,904796.9357
2025-06-26 06:00:00,646.84,647.72,644.99,645.24,61002.0,394506.4369
2025-06-26 07:00:00,645.24,647.27,644.47,647.27,129465.0,837134.3863
2025-06-26 08:00:00,647.27,648.31,646.69,648.02,291809.0,1890110.0167
2025-06-26 09:00:00,648.02,648.24,645.88,646.09,405207.0,2620701.7345
2025-06-26 10:00:00,646.09,647.04,645.15,645.71,382129.0,2469176.2771
2025-06-26 11:00:00,645.71,646.11,644.46,644.5,309847.0,2000385.8011
2025-06-26 12:00:00,644.5,644.93,642.48,643.29,366232.0,2357455.1129
2025-06-26 13:00:00,643.29,644.49,641.34,642.18,133122.0,854849.2952
2025-06-26 14:00:00,642.18,645.55,640.84,644.36,67428.0,433941.5076
2025-06-26 15:00:00,644.36,645.2,641.62,644.92,46877.0,301831.5828
2025-06-26 16:00:00,644.92,646.32,644.2,646.32,142241.0,918342.921
2025-06-26 17:00:00,646.32,647.48,644.94,645.16,161824.0,1046042.0848
2025-06-26 18:00:00,645.16,646.77,644.25,645.45,76705.0,495054.4689
2025-06-26 19:00:00,645.45,646.19,644.78,645.16,17766.0,114682.3177
2025-06-26 20:00:00,645.16,646.4,644.67,644.79,14679.0,94761.5483
2025-06-26 21:00:00,644.79,645.08,642.43,644.6,106660.0,686955.1453
2025-06-26 22:00:00,644.6,645.14,642.13,642.55,49238.0,316709.9659
2025-06-26 23:00:00,642.55,642.62,641.06,642.04,63289.0,406251.134
2025-06-27 00:00:00,642.04,642.94,640.15,640.24,162395.0,1043037.0904
2025-06-27 01:00:00,640.24,644.14,638.82,643.75,76352.0,489733.2228
2025-06-27 02:00:00,643.75,645.08,643.6,644.76,27793.0,179159.2084
2025-06-27 03:00:00,644.76,645.81,644.04,645.81,120484.0,777412.5261
2025-06-27 04:00:00,645.81,646.09,645.15,645.64,61610.0,397802.1563
2025-06-27 05:00:00,645.64,646.42,644.38,644.43,177616.0,1145871.978
2025-06-27 06:00:00,644.43,646.38,644.11,646.36,31286.0,201872.9414
2025-06-27 07:00:00,646.36,646.67,642.9,643.44,212703.0,1371653.3345
2025-06-27 08:00:00,643.44,645.28,643.38,644.63,284250.0,1831314.3787
2025-06-27 09:00:00,644.63,644.84,643.01,644.66,233453.0,1503727.5944
2025-06-27 10:00:00,644.66,644.87,643.76,644.67,190781.0,1229672.5959
2025-06-27 11:00:00,644.67,645.45,644.32,645.33,165943.0,1070201.6296
2025-06-27 12:00:00,645.33,647.81,643.62,644.14,74244.0,479241.6051
2025-06-27 13:00:00,644.14,645.81,643.55,645.34,49152.0,316920.4282
2025-06-27 14:00:00,645.34,646.79,644.21,645.18,178944.0,1154086.431
2025-06-27 15:00:00,645.18,647.16,644.57,646.54,68002.0,439268.3412
2025-06-27 16:00:00,646.54,648.12,645.78,645.86,47843.0,309383.7207
2025-06-27 17:00:00,645.86,645.94,642.85,643.95,216002.0,1392231.896
2025-06-27 18:00:00,643.95,644.13,642.18,642.56,63561.0,408722.9985
2025-06-27 19:00:00,642.56,645.35,642.21,645.06,176332.0,1135013.0269
2025-06-27 20:00:00,645.06,646.08,644.82,646.08,35996.0,232442.6313
2025-06-27 21:00:00,646.08,646.86,645.93,646.23,21436.0,138567.2712
2025-06-27 22:00:00,646.23,646.65,645.79,646.17,10702.0,69172.3424
2025-06-27 23:00:00,646.17,646.17,645.15,645.5,133712.0,863372.0252
2025-06-28 00:00:00,645.5,645.82,644.89,645.13,12951.0,83564.7435
2025-06-28 01:00:00,645.13,645.87,644.01,645.65,162277.0,1047178.3588
2025-06-28 02:00:00,645.65,645.78,644.74,644.88,70040.0,452149.1579
2025-06-28 03:00:00,644.88,645.06,644.03,644.19,20475.0,131926.0849
2025-06-28 04:00:00,644.19,644.87,644.06,644.85,11249.0,72485.9646
2025-06-28 05:00:00,644.85,645.02,644.25,644.45,33976.0,219034.5756
2025-06-28 06:00:00,644.45,646.59,644.45,646.21,258625.0,1670954.8277
2025-06-28 07:00:00,646.21,646.96,646.09,646.91,130743.0,845248.6884
2025-06-28 08:00:00,646.91,646.97,645.08,645.44,135674.0,876307.3789
2025-06-28 09:00:00,645.44,646.81,645.18,646.62,56921.0,367558.6307
2025-06-28 10:00:00,646.62,646.71,646.24,646.45,65043.0,420500.6174
2025-06-28 11:00:00,646.45,646.78,646.09,646.21,21880.0,141424.3593
2025-06-28 12:00:00,646.21,646.52,645.92,645.99,14887.0,96201.301
2025-06-28 13:00:00,645.99,646.06,645.19,645.24,28691.0,185187.677
2025-06-28 14:00:00,645.24,646.1,645.21,646.08,16334.0,105469.4422
2025-06-28 15:00:00,646.08,646.71,645.24,646.38,37022.0,239226.9521
2025-06-28 16:00:00,646.38,646.98,645.3,645.53,103409.0,667641.6411
2025-06-28 17:00:00,645.53,647.25,645.51,646.83,128242.0,828919.3551
2025-06-28 18:00:00,646.83,647.08,645.94,646.62,110586.0,715047.7973
2025-06-28 19:00:00,646.62,647.5,646.28,647.17,65966.0,426683.2601
2025-06-28 20:00:00,647.17,648.01,647.09,647.49,11970.0,77527.1134
2025-06-28 21:00:00,647.49,648.16,647.06,648.04,30427.0,197071.5343
2025-06-28 22:00:00,648.04,648.88,647.84,648.65,31674.0,205463.9075
2025-06-28 23:00:00,648.65,648.98,648.15,648.39,19226.0,124678.6997
2025-06-29 00:00:00,648.39,648.64,647.58,648.0,8848.0,57350.9982
2025-06-29 01:00:00,648.0,648.0,647.12,647.18,5679.0,36774.5562
2025-06-29 02:00:00,647.18,648.3,646.71,648.3,26675.0,172667.8987
2025-06-29 03:00:00,648.3,648.55,648.04,648.42,17502.0,113476.8742
2025-06-29 04:00:00,648.42,648.95,648.3,648.81,15164.0,98357.2135
2025-06-29 05:00:00,648.81,649.37,648.54,649.32,94401.0,612820.8548
2025-06-29 06:00:00,649.32,649.36,648.7,649.18,19211.0,124717.7358
2025-06-29 07:00:00,649.18,650.16,648.7,649.0,171531.0,1113694.6303
2025-06-29 08:00:00,649.0,649.83,648.97,649.56,75775.0,492197.815
2025-06-29 09:00:00,649.56,650.51,649.3,649.38,154397.0,1003708.4775
2025-06-29 10:00:00,649.38,650.08,649.38,650.01,149190.0,969383.5975
2025-06-29 11:00:00,650.01,651.03,649.57,650.89,75292.0,489370.3727
2025-06-29 12:00:00,650.89,651.03,649.99,650.34,77530.0,504174.1203
2025-06-29 13:00:00,650.34,650.75,649.93,649.94,43881.0,285401.7796
2025-06-29 14:00:00,649.94,650.35,648.25,648.78,45592.0,296080.8571
2025-06-29 15:00:00,648.78,649.18,648.14,648.84,38971.0,252817.6597
2025-06-29 16:00:00,648.84,649.14,647.8,648.67,30384.0,197018.8614
2025-06-29 17:00:00,648.67,648.94,647.83,648.46,24950.0,161764.0746
2025-06-29 18:00:00,648.46,649.15,647.85,648.96,18212.0,118117.9579
2025-06-29 19:00:00,648.96,649.08,648.01,648.38,18076.0,117249.1508
2025-06-29 20:00:00,648.38,648.43,647.6,647.69,72900.0,472297.2718
2025-06-29 21:00:00,647.69,648.65,646.78,648.43,89474.0,579924.5425
2025-06-29 22:00:00,648.43,655.51,648.41,654.15,107261.0,699986.6477
2025-06-29 23:00:00,654.15,656.01,653.94,654.95,28744.0,188304.1623
2025-06-30 00:00:00,654.95,657.26,654.23,654.72,43465.0,285142.8136
2025-06-30 01:00:00,654.72,655.08,653.25,653.58,35846.0,234520.811
2025-06-30 02:00:00,653.58,655.41,653.58,653.88,78346.0,512853.3941
2025-06-30 03:00:00,653.88,655.66,653.74,655.41,44532.0,291637.0423
2025-06-30 04:00:00,655.41,656.72,654.17,655.0,70699.0,463410.5063
2025-06-30 05:00:00,655.0,656.24,654.28,655.13,238143.0,1560092.0068
2025-06-30 06:00:00,655.13,655.3,652.4,653.4,218333.0,1428189.6753
2025-06-30 07:00:00,653.4,654.86,652.61,654.54,153945.0,1006681.2702
2025-06-30 08:00:00,654.54,655.12,652.86,653.36,179230.0,1171628.5025
2025-06-30 09:00:00,653.36,654.0,651.7,651.71,107953.0,705149.4732
2025-06-30 10:00:00,651.71,653.36,651.63,653.11,106667.0,695691.6969
2025-06-30 11:00:00,653.11,654.72,652.97,654.2,68017.0,444760.6869
2025-06-30 12:00:00,654.2,654.74,653.26,653.61,71560.0,468063.2023
2025-06-30 13:00:00,653.61,655.46,652.93,653.12,178202.0,1166360.6335
2025-06-30 14:00:00,653.12,654.17,651.38,651.42,150407.0,982461.0858
2025-06-30 15:00:00,651.42,656.81,651.42,656.66,121335.0,794362.5915
2025-06-30 16:00:00,656.66,658.86,655.2,658.42,81004.0,532138.6613
2025-06-30 17:00:00,658.42,658.8,657.65,658.06,101902.0,670712.2079
2025-06-30 18:00:00,658.06,658.81,656.92,657.59,37178.0,244456.333
2025-06-30 19:00:00,657.59,659.35,657.31,659.32,34607.0,227763.4641
2025-06-30 20:00:00,659.32,659.98,658.54,658.83,77921.0,513889.5982
2025-06-30 21:00:00,658.83,659.08,656.67,657.0,90747.0,597237.5757
2025-06-30 22:00:00,657.0,658.07,656.69,657.24,77027.0,506285.0416
2025-06-30 23:00:00,657.24,657.8,656.7,657.0,8656.0,56894.178
2025-07-01 00:00:00,657.0,659.2,656.79,658.18,64147.0,422133.1885
2025-07-01 01:00:00,658.18,658.96,657.67,658.04,36369.0,239350.4436
2025-07-01 02:00:00,658.04,658.96,656.71,656.97,106214.0,699312.5253
2025-07-01 03:00:00,656.97,657.1,655.48,655.78,13561.0,88982.0634
2025-07-01 04:00:00,655.78,655.88,652.47,652.47,73454.0,480702.9697
2025-07-01 05:00:00,652.47,653.2,651.57,652.33,88137.0,574999.7914
2025-07-01 06:00:00,652.33,653.68,651.71,653.43,151290.0,987819.7411
2025-07-01 07:00:00,653.43,654.42,652.4,653.97,27129.0,177362.4561
2025-07-01 08:00:00,653.97,653.98,651.8,652.24,94664.0,617563.0039
2025-07-01 09:00:00,652.24,653.1,652.21,652.86,44544.0,290695.4699
2025-07-01 10:00:00,652.86,653.2,652.07,653.11,51833.0,338233.1382
2025-07-01 11:00:00,653.11,653.11,651.52,652.2,46297.0,301876.7815
2025-07-01 12:00:00,652.2,652.58,650.73,650.73,442835.0,2884306.0045
2025-07-01 13:00:00,650.73,651.57,649.28,651.15,246850.0,1605498.2692
2025-07-01 14:00:00,651.15,652.3,645.87,646.99,335638.0,2173825.7491
2025-07-01 15:00:00,646.99,647.35,645.31,645.81,143951.0,929941.7219
2025-07-01 16:00:00,645.81,646.81,645.5,645.92,96936.0,626176.3425
2025-07-01 17:00:00,645.92,646.52,645.41,646.14,58159.0,375571.7948
2025-07-01 18:00:00,646.14,646.15,644.17,644.66,88766.0,572614.0746
2025-07-01 19:00:00,644.66,646.52,644.52,645.52,69659.0,449970.7228
2025-07-01 20:00:00,645.52,646.18,643.65,645.85,72509.0,468077.7311
2025-07-01 21:00:00,645.85,647.29,644.97,646.44,31591.0,204244.643
2025-07-01 22:00:00,646.44,646.87,645.36,645.44,27714.0,179063.239
2025-07-01 23:00:00,645.44,646.12,643.92,646.12,62305.0,401879.8077
2025-07-02 00:00:00,646.12,646.5,645.21,645.4,21366.0,138042.0854
2025-07-02 01:00:00,645.4,647.74,643.64,647.05,34600.0,223854.3528
2025-07-02 02:00:00,647.05,648.88,646.57,648.82,32048.0,207416.8255
2025-07-02 03:00:00,648.82,650.09,648.3,649.6,49679.0,322760.1875
2025-07-02 04:00:00,649.6,650.3,649.52,650.29,38671.0,251278.7961
2025-07-02 05:00:00,650.29,650.79,649.83,650.64,37574.0,244356.8185
2025-07-02 06:00:00,650.64,656.11,650.58,656.08,72795.0,476001.1224
2025-07-02 07:00:00,656.08,657.82,654.71,657.66,94952.0,623558.0146
2025-07-02 08:00:00,657.66,659.83,657.65,659.7,488189.0,3217331.535
2025-07-02 09:00:00,659.7,659.9,658.22,658.63,213887.0,1409602.0884
2025-07-02 10:00:00,658.63,658.8,657.7,657.96,226790.0,1492396.2679
2025-07-02 11:00:00,657.96,658.31,657.07,657.38,30266.0,199017.0015
2025-07-02 12:00:00,657.38,657.49,655.55,656.48,100668.0,660651.3769
2025-07-02 13:00:00,656.48,658.54,656.48,658.08,141095.0,928209.1727
2025-07-02 14:00:00,658.08,659.66,657.46,659.42,100212.0,660240.8496
2025-07-02 15:00:00,659.42,662.13,658.87,661.76,494936.0,3272427.9917
2025-07-02 16:00:00,661.76,664.55,661.61,664.17,300848.0,1995484.9409
2025-07-02 17:00:00,664.17,664.59,662.49,663.16,133907.0,888468.8505
2025-07-02 18:00:00,663.16,664.19,662.81,663.55,41788.0,277246.5739
2025-07-02 19:00:00,663.55,663.94,662.57,663.93,41638.0,276035.7442
2025-07-02 20:00:00,663.93,664.88,662.87,662.87,33891.0,225072.9947
2025-07-02 21:00:00,662.87,663.09,662.01,662.17,69750.0,462012.8807
2025-07-02 22:00:00,662.17,663.69,661.68,662.06,16598.0,109945.9015
2025-07-02 23:00:00,662.06,662.28,659.43,659.97,39275.0,259368.5697
2025-07-03 00:00:00,659.97,660.9,658.32,660.04,74827.0,493598.678
2025-07-03 01:00:00,660.04,661.2,659.46,660.88,46029.0,304154.9061
2025-07-03 02:00:00,660.88,660.88,658.54,659.3,9811.0,64732.7737
2025-07-03 03:00:00,659.3,660.16,658.64,659.47,11247.0,74173.2052
2025-07-03 04:00:00,659.47,660.24,659.13,659.58,78704.0,519198.0871
2025-07-03 05:00:00,659.58,662.61,659.48,660.76,149398.0,987194.6982
2025-07-03 06:00:00,660.76,661.64,660.29,661.25,51682.0,341660.4895
2025-07-03 07:00:00,661.25,662.89,660.79,662.76,84688.0,560200.0539
2025-07-03 08:00:00,662.76,663.09,661.4,661.52,66008.0,437127.6985
2025-07-03 09:00:00,661.52,664.57,661.46,663.7,170672.0,1131366.5114
2025-07-03 10:00:00,663.7,663.85,662.06,662.95,79535.0,527226.9866
2025-07-03 11:00:00,662.95,663.14,661.18,662.02,52663.0,348527.9189
2025-07-03 12:00:00,662.02,664.03,658.89,660.91,122882.0,811605.2975
2025-07-03 13:00:00,660.91,664.21,660.47,663.88,90689.0,599924.7933
2025-07-03 14:00:00,663.88,664.38,660.91,662.53,271221.0,1795910.9019
2025-07-03 15:00:00,662.53,662.78,656.68,656.96,169536.0,1116737.7714
2025-07-03 16:00:00,656.96,659.4,656.96,658.48,88220.0,581134.5611
2025-07-03 17:00:00,658.48,659.53,658.48,659.25,47988.0,316381.7044
2025-07-03 18:00:00,659.25,660.59,658.85,660.59,27778.0,183265.7673
2025-07-03 19:00:00,660.59,662.02,660.54,661.67,31572.0,208885.2179
2025-07-03 20:00:00,661.67,662.55,661.67,661.8,42896.0,284096.5667
2025-07-03 21:00:00,661.8,663.3,661.69,663.18,79879.0,529255.9631
2025-07-03 22:00:00,663.18,664.9,662.97,663.97,103619.0,688077.9097
2025-07-03 23:00:00,663.97,664.48,662.66,663.91,142683.0,946553.1111
2025-07-04 00:00:00,663.91,664.36,661.9,662.52,74742.0,495728.1938
2025-07-04 01:00:00,662.52,663.77,662.01,662.15,29625.0,196400.0824
2025-07-04 02:00:00,662.15,663.7,660.52,660.84,19617.0,129864.397
2025-07-04 03:00:00,660.84,662.76,660.23,662.08,16844.0,111560.6728
2025-07-04 04:00:00,662.08,662.08,659.83,659.92,24861.0,164302.1053
2025-07-04 05:00:00,659.92,661.02,659.54,660.32,42889.0,283158.906
2025-07-04 06:00:00,660.32,660.32,658.07,658.21,167776.0,1105082.4448
2025-07-04 07:00:00,658.21,659.1,656.05,656.05,227820.0,1497236.3806
2025-07-04 08:00:00,656.05,657.89,654.62,657.89,180836.0,1186932.0184
2025-07-04 09:00:00,657.89,658.62,657.3,657.83,168580.0,1109642.3391
2025-07-04 10:00:00,657.83,659.32,657.28,659.15,43449.0,285991.3936
2025-07-04 11:00:00,659.15,659.89,659.03,659.67,26091.0,172073.5128
2025-07-04 12:00:00,659.67,660.17,658.23,658.75,86369.0,569567.7667
2025-07-04 13:00:00,658.75,659.86,655.85,655.85,116081.0,762181.1255
2025-07-04 14:00:00,655.85,656.2,653.04,655.59,180789.0,1183779.6765
2025-07-04 15:00:00,655.59,655.62,652.11,652.69,35881.0,234270.0717
2025-07-04 16:00:00,652.69,653.02,650.08,651.99,172100.0,1121365.2833
2025-07-04 17:00:00,651.99,653.28,651.73,653.24,49423.0,322465.6928
2025-07-04 18:00:00,653.24,653.26,650.92,651.28,27634.0,180046.7184
2025-07-04 19:00:00,651.28,652.46,650.69,651.45,111435.0,726144.8913
2025-07-04 20:00:00,651.45,652.46,650.74,652.36,30962.0,201783.9762
2025-07-04 21:00:00,652.36,652.78,651.84,652.75,112976.0,736785.8246
2025-07-04 22:00:00,652.75,653.88,652.34,653.86,58023.0,379162.0066
2025-07-04 23:00:00,653.86,653.86,652.77,653.39,12994.0,84878.5285
2025-07-05 00:00:00,653.39,654.66,653.17,654.5,8583.0,56140.8317
2025-07-05 01:00:00,654.5,654.5,653.7,654.49,17619.0,115252.7904
2025-07-05 02:00:00,654.49,654.73,652.74,654.53,18386.0,120206.6305
2025-07-05 03:00:00,654.53,655.98,654.46,655.81,19050.0,124809.3399
2025-07-05 04:00:00,655.81,656.04,654.71,655.11,27257.0,178607.9836
2025-07-05 05:00:00,655.11,656.68,654.97,655.55,85318.0,559918.1228
2025-07-05 06:00:00,655.55,656.48,655.04,655.91,9462.0,62087.6953
2025-07-05 07:00:00,655.91,656.05,654.2,654.42,130289.0,853172.8372
2025-07-05 08:00:00,654.42,655.36,653.72,654.21,116146.0,760072.0982
2025-07-05 09:00:00,654.21,655.42,653.88,655.3,174307.0,1141370.8334
2025-07-05 10:00:00,655.3,655.44,654.67,654.92,90813.0,594716.6674
2025-07-05 11:00:00,654.92,655.94,654.91,655.33,12073.0,79156.3355
2025-07-05 12:00:00,655.33,655.45,654.33,655.16,24508.0,160504.7583
2025-07-05 13:00:00,655.16,655.54,654.61,654.62,7039.0,46108.341
2025-07-05 14:00:00,654.62,655.12,654.16,654.94,71877.0,470671.9987
2025-07-05 15:00:00,654.94,655.15,653.91,654.14,130833.0,856388.866
2025-07-05 16:00:00,654.14,654.66,652.33,653.53,65768.0,429669.0903
2025-07-05 17:00:00,653.53,653.98,651.82,653.31,73746.0,481344.1697
2025-07-05 18:00:00,653.31,653.31,652.06,652.36,30700.0,200330.7125
2025-07-05 19:00:00,652.36,653.89,651.72,653.8,41209.0,269080.5385
2025-07-05 20:00:00,653.8,654.7,653.56,654.7,19432.0,127072.6647
2025-07-05 21:00:00,654.7,655.7,654.24,655.61,30421.0,199318.8413
2025-07-05 22:00:00,655.61,656.1,655.06,656.07,12800.0,83927.1636
2025-07-05 23:00:00,656.07,656.3,655.6,655.99,11540.0,75685.537
2025-07-06 00:00:00,655.99,656.62,655.78,656.53,18448.0,121071.5542
2025-07-06 01:00:00,656.53,656.53,655.47,655.67,12408.0,81417.3316
2025-07-06 02:00:00,655.67,656.01,654.58,654.58,38068.0,249454.8771
2025-07-06 03:00:00,654.58,654.8,654.28,654.7,68519.0,448407.5435
2025-07-06 04:00:00,654.7,655.26,653.58,653.79,59884.0,391572.6404
2025-07-06 05:00:00,653.79,654.08,653.41,653.98,31425.0,205446.2161
2025-07-06 06:00:00,653.98,655.8,653.65,655.07,26528.0,173747.2606
2025-07-06 07:00:00,655.07,655.29,654.49,654.54,11083.0,72575.5357
2025-07-06 08:00:00,654.54,654.79,653.35,654.48,180410.0,1179345.0555
2025-07-06 09:00:00,654.48,654.54,653.69,653.69,16763.0,109657.6726
2025-07-06 10:00:00,653.69,654.66,653.56,654.44,93832.0,614118.3123
2025-07-06 11:00:00,654.44,656.26,654.32,656.26,20183.0,132325.8157
2025-07-06 12:00:00,656.26,657.48,655.51,657.48,29348.0,192613.1352
2025-07-06 13:00:00,657.48,661.99,657.25,661.39,144496.0,952743.4896
2025-07-06 14:00:00,661.39,662.7,659.66,661.23,155961.0,1031310.7565
2025-07-06 15:00:00,661.23,663.74,661.23,662.92,355029.0,2353996.9031
2025-07-06 16:00:00,662.92,663.42,662.36,663.42,62860.0,416772.1116
2025-07-06 17:00:00,663.42,663.68,662.58,662.93,34780.0,230651.2761
2025-07-06 18:00:00,662.93,663.49,661.39,662.43,159831.0,1058685.4617
2025-07-06 19:00:00,662.43,663.74,662.35,663.23,40729.0,270141.0581
2025-07-06 20:00:00,663.23,663.81,660.94,661.05,78762.0,521898.8204
2025-07-06 21:00:00,661.05,664.87,661.04,662.76,71051.0,471093.4096
2025-07-06 22:00:00,662.76,664.76,662.76,663.73,101292.0,672295.6009
2025-07-06 23:00:00,663.73,663.92,662.02,663.12,70513.0,467617.9654
2025-07-07 00:00:00,663.12,663.2,661.08,661.39,160400.0,1062136.3829
2025-07-07 01:00:00,661.39,661.7,660.36,661.18,56347.0,372452.1541
2025-07-07 02:00:00,661.18,663.1,661.17,661.81,48769.0,323042.8694
2025-07-07 03:00:00,661.81,663.11,660.7,660.71,33444.0,221266.8773
2025-07-07 04:00:00,660.71,661.36,660.48,661.04,25982.0,171711.293
2025-07-07 05:00:00,661.04,661.54,660.79,661.2,10425.0,68921.179
2025-07-07 06:00:00,661.2,661.8,660.83,661.18,13373.0,88431.7524
2025-07-07 07:00:00,661.18,662.5,660.69,662.5,116378.0,770408.4742
2025-07-07 08:00:00,662.5,663.0,661.66,663.0,117238.0,776261.9304
2025-07-07 09:00:00,663.0,663.1,661.6,661.9,107856.0,714119.0196
2025-07-07 10:00:00,661.9,662.97,661.41,661.62,130411.0,863194.0724
2025-07-07 11:00:00,661.62,662.46,661.25,662.22,147389.0,975549.4346
2025-07-07 12:00:00,662.22,662.22,660.63,661.3,61670.0,407966.1269
2025-07-07 13:00:00,661.3,662.44,660.05,662.43,65765.0,435039.4807
2025-07-07 14:00:00,662.43,662.64,659.01,659.67,134344.0,887366.2572
2025-07-07 15:00:00,659.67,660.67,658.75,658.8,65694.0,433318.7012
2025-07-07 16:00:00,658.8,659.39,656.8,657.2,62671.0,412305.9899
2025-07-07 17:00:00,657.2,659.6,656.72,658.96,58098.0,382452.092
2025-07-07 18:00:00,658.96,660.82,658.23,660.82,61349.0,404478.5059
2025-07-07 19:00:00,660.82,661.82,660.51,661.41,95876.0,634092.0213
2025-07-07 20:00:00,661.41,661.41,658.8,659.2,278501.0,1837213.1533
2025-07-07 21:00:00,659.2,660.43,657.8,660.11,76494.0,504113.8538
2025-07-07 22:00:00,660.11,660.38,659.43,660.19,24165.0,159494.1774
2025-07-07 23:00:00,660.19,661.23,660.15,661.05,14552.0,96170.5207
2025-07-08 00:00:00,661.05,662.54,660.95,661.32,47303.0,313046.3049
2025-07-08 01:00:00,661.32,661.32,658.48,658.67,129668.0,855587.0364
2025-07-08 02:00:00,658.67,659.9,657.48,658.27,253801.0,1670726.5787
2025-07-08 03:00:00,658.27,659.98,658.21,659.93,16969.0,111852.3612
2025-07-08 04:00:00,659.93,659.97,658.7,659.7,79554.0,524680.8609
2025-07-08 05:00:00,659.7,660.27,658.87,659.66,209103.0,1378816.2456
2025-07-08 06:00:00,659.66,660.5,659.46,660.12,40732.0,268817.9002
2025-07-08 07:00:00,660.12,660.5,659.48,659.84,80105.0,528728.885
2025-07-08 08:00:00,659.84,660.94,659.78,660.57,193651.0,1279380.5845
2025-07-08 09:00:00,660.57,661.22,659.86,659.99,114510.0,756296.8607
2025-07-08 10:00:00,659.99,661.05,659.21,659.99,230534.0,1521090.2955
2025-07-08 11:00:00,659.99,661.6,659.99,661.21,78722.0,520381.8883
2025-07-08 12:00:00,661.21,661.54,660.12,661.27,209155.0,1382343.2985
2025-07-08 13:00:00,661.27,661.84,660.06,661.56,171585.0,1133871.5425
2025-07-08 14:00:00,661.56,661.57,658.07,658.35,312239.0,2060482.7098
2025-07-08 15:00:00,658.35,659.41,657.58,658.05,261366.0,1720877.0091
2025-07-08 16:00:00,658.05,659.53,657.24,658.61,226096.0,1488789.732
2025-07-08 17:00:00,658.61,661.52,658.58,660.72,89271.0,589865.1082
2025-07-08 18:00:00,660.72,661.82,660.7,661.78,134677.0,890756.7655
2025-07-08 19:00:00,661.78,662.07,660.35,661.0,200526.0,1325514.4119
2025-07-08 20:00:00,661.0,661.0,658.75,658.75,61425.0,405444.7124
2025-07-08 21:00:00,658.75,659.73,657.58,659.7,80785.0,531918.6434
2025-07-08 22:00:00,659.7,659.96,658.54,659.96,14533.0,95805.6606
2025-07-08 23:00:00,659.96,660.63,659.41,660.52,59485.0,392754.966
2025-07-09 00:00:00,660.52,661.63,659.89,661.63,61185.0,404366.1951
2025-07-09 01:00:00,661.63,662.52,660.24,660.75,89818.0,594276.3286
2025-07-09 02:00:00,660.75,662.24,660.56,661.68,57932.0,383424.6261
2025-07-09 03:00:00,661.68,662.05,660.88,661.79,35972.0,238010.5943
2025-07-09 04:00:00,661.79,662.28,661.44,662.28,58357.0,386235.0844
2025-07-09 05:00:00,662.28,664.23,662.28,664.18,166252.0,1103357.4678
2025-07-09 06:00:00,664.18,664.6,663.13,663.62,204720.0,1358949.4781
2025-07-09 07:00:00,663.62,663.67,662.43,662.56,208318.0,1380786.3267
2025-07-09 08:00:00,662.56,662.89,660.8,660.81,101707.0,673129.9982
2025-07-09 09:00:00,660.81,660.81,659.83,660.05,65348.0,431521.265
2025-07-09 10:00:00,660.05,660.42,658.84,660.42,86002.0,567291.772
2025-07-09 11:00:00,660.42,662.09,660.38,661.24,150453.0,994814.5181
2025-07-09 12:00:00,661.24,662.47,660.6,662.05,275214.0,1820748.0382
2025-07-09 13:00:00,662.05,662.91,661.78,661.97,603934.0,3999775.0758
2025-07-09 14:00:00,661.97,663.45,660.09,661.83,746277.0,4936121.3776
2025-07-09 15:00:00,661.83,663.08,661.69,662.54,212647.0,1408960.6394
2025-07-09 16:00:00,662.54,663.45,662.53,662.95,512327.0,3397132.4321
2025-07-09 17:00:00,662.95,663.06,662.12,662.91,37752.0,250112.3972
2025-07-09 18:00:00,662.91,665.89,662.6,665.24,377530.0,2508452.2596
2025-07-09 19:00:00,665.24,670.22,665.18,669.32,468171.0,3128145.4236
2025-07-09 20:00:00,669.32,671.91,666.63,666.63,193019.0,1291709.011
2025-07-09 21:00:00,666.63,669.18,666.29,667.47,253075.0,1689409.0829
2025-07-09 22:00:00,667.47,670.73,667.42,670.31,559776.0,3748483.7254
2025-07-09 23:00:00,670.31,670.31,668.48,668.89,236741.0,1584508.2172
2025-07-10 00:00:00,668.89,670.84,668.67,670.21,56830.0,380855.1709
2025-07-10 01:00:00,670.21,670.31,668.4,669.54,235667.0,1577429.5326
2025-07-10 02:00:00,669.54,671.12,669.44,670.79,43243.0,289816.2008
2025-07-10 03:00:00,670.79,671.61,669.92,670.5,210035.0,1408607.0144
2025-07-10 04:00:00,670.5,673.03,670.12,672.54,175934.0,1181181.8247
2025-07-10 05:00:00,672.54,673.31,672.22,673.11,50500.0,339699.2366
2025-07-10 06:00:00,673.11,673.12,669.82,670.27,120560.0,808893.6463
2025-07-10 07:00:00,670.27,672.13,670.13,671.51,260745.0,1750522.5765
2025-07-10 08:00:00,671.51,673.9,671.44,672.03,97228.0,653764.1595
2025-07-10 09:00:00,672.03,672.69,670.68,670.83,144017.0,967109.3617
2025-07-10 10:00:00,670.83,670.92,669.36,670.2,210863.0,1412761.6769
2025-07-10 11:00:00,670.2,671.08,669.55,669.82,118438.0,793732.8231
2025-07-10 12:00:00,669.82,671.08,669.3,671.03,95961.0,643190.8998
2025-07-10 13:00:00,671.03,671.8,669.65,669.94,200192.0,1342970.552
2025-07-10 14:00:00,669.94,670.36,667.76,669.39,198946.0,1331527.5608
2025-07-10 15:00:00,669.39,669.39,667.2,668.14,79352.0,530113.8907
2025-07-10 16:00:00,668.14,672.33,667.73,671.96,206068.0,1383125.1708
2025-07-10 17:00:00,671.96,675.69,671.15,675.43,361954.0,2437957.7903
2025-07-10 18:00:00,675.43,677.28,673.68,675.64,283027.0,1911524.241
2025-07-10 19:00:00,675.64,679.2,675.64,676.08,162286.0,1099614.7425
2025-07-10 20:00:00,676.08,677.37,675.81,676.5,26356.0,178269.4413
2025-07-10 21:00:00,676.5,687.08,676.1,684.75,274342.0,1870565.6123
2025-07-10 22:00:00,684.75,688.13,684.68,687.43,129113.0,886993.5346
2025-07-10 23:00:00,687.43,687.84,684.18,686.3,184904.0,1267414.0378
2025-07-11 00:00:00,686.3,690.61,684.33,688.31,118908.0,816563.9332
2025-07-11 01:00:00,688.31,691.83,688.04,689.64,110101.0,759916.8892
2025-07-11 02:00:00,689.64,691.12,688.48,690.56,62219.0,429233.6247
2025-07-11 03:00:00,690.56,691.6,689.56,689.75,89604.0,618375.4721
2025-07-11 04:00:00,689.75,689.8,687.92,689.68,46885.0,322865.2863
2025-07-11 05:00:00,689.68,695.23,689.62,693.38,162403.0,1126187.2527
2025-07-11 06:00:00,693.38,695.02,688.15,688.32,707372.0,4894147.8423
2025-07-11 07:00:00,688.32,688.4,685.1,685.28,114044.0,783548.5053
2025-07-11 08:00:00,685.28,688.28,684.91,688.17,55872.0,383726.1824
2025-07-11 09:00:00,688.17,690.85,687.8,689.53,144919.0,999141.8694
2025-07-11 10:00:00,689.53,690.28,688.97,689.71,110237.0,759961.5258
2025-07-11 11:00:00,689.71,690.19,687.81,688.78,78832.0,542992.0249
2025-07-11 12:00:00,688.78,690.07,687.8,690.05,88322.0,608415.8378
2025-07-11 13:00:00,690.05,691.66,688.74,691.2,162512.0,1121816.291
2025-07-11 14:00:00,691.2,694.63,690.1,692.5,261350.0,1808173.3149
2025-07-11 15:00:00,692.5,693.53,686.55,687.52,184006.0,1270640.3293
2025-07-11 16:00:00,687.52,694.48,686.48,694.48,161438.0,1115478.0858
2025-07-11 17:00:00,694.48,697.09,693.68,695.93,198827.0,1382416.7463
2025-07-11 18:00:00,695.93,697.64,695.19,696.28,271749.0,1891901.0416
2025-07-11 19:00:00,696.28,696.28,693.13,694.26,412728.0,2866163.2022
2025-07-11 20:00:00,694.26,694.45,691.27,691.55,193009.0,1338199.7355
2025-07-11 21:00:00,691.55,692.47,687.1,689.09,306527.0,2113723.3916
2025-07-11 22:00:00,689.09,689.67,683.08,686.49,513995.0,3525470.8156
2025-07-11 23:00:00,686.49,690.4,686.34,690.4,41003.0,282344.0372
2025-07-12 00:00:00,690.4,692.49,688.4,691.89,52131.0,359794.2804
2025-07-12 01:00:00,691.89,695.28,691.89,694.19,158657.0,1102038.9129
2025-07-12 02:00:00,694.19,695.14,693.15,693.27,30816.0,213884.6539
2025-07-12 03:00:00,693.27,695.72,693.27,695.56,29410.0,204335.2549
2025-07-12 04:00:00,695.56,697.38,691.86,692.42,114214.0,793923.525
2025-07-12 05:00:00,692.42,693.0,690.53,692.64,67784.0,469209.7036
2025-07-12 06:00:00,692.64,695.23,691.48,694.3,268120.0,1860738.563
2025-07-12 07:00:00,694.3,694.93,691.64,694.78,193971.0,1344570.4409
2025-07-12 08:00:00,694.78,694.96,691.72,692.37,144972.0,1005798.4736
2025-07-12 09:00:00,692.37,694.36,691.89,694.28,235389.0,1631007.4105
2025-07-12 10:00:00,694.28,694.5,693.5,694.27,219871.0,1526093.9733
2025-07-12 11:00:00,694.27,694.35,691.89,692.2,279624.0,1936983.8957
2025-07-12 12:00:00,692.2,692.32,685.5,688.28,187512.0,1292024.4936
2025-07-12 13:00:00,688.28,688.49,684.2,687.22,294477.0,2020060.3478
2025-07-12 14:00:00,687.22,688.01,685.44,685.5,103839.0,713346.544
2025-07-12 15:00:00,685.5,685.64,679.69,681.28,255191.0,1740499.0078
2025-07-12 16:00:00,681.28,685.32,680.05,684.13,75187.0,513782.9762
2025-07-12 17:00:00,684.13,686.7,684.07,686.57,58879.0,403751.7782
2025-07-12 18:00:00,686.57,686.72,684.82,686.24,54695.0,375142.4307
2025-07-12 19:00:00,686.24,686.25,684.07,684.83,29122.0,199441.293
2025-07-12 20:00:00,684.83,684.9,680.92,680.92,109347.0,746997.2861
2025-07-12 21:00:00,680.92,684.25,680.45,684.25,64860.0,443121.3234
2025-07-12 22:00:00,684.25,685.17,682.39,685.17,35190.0,240871.4409
2025-07-12 23:00:00,685.17,686.5,684.55,686.1,37072.0,254149.6446
2025-07-13 00:00:00,686.1,687.61,685.3,687.28,30524.0,209735.0474
2025-07-13 01:00:00,687.28,687.85,686.42,687.61,44734.0,307473.0831
2025-07-13 02:00:00,687.61,688.0,685.89,687.82,30750.0,211209.2955
2025-07-13 03:00:00,687.82,687.97,686.69,687.08,154288.0,1060441.4543
2025-07-13 04:00:00,687.08,687.92,687.0,687.88,16774.0,115326.1543
2025-07-13 05:00:00,687.88,689.04,687.66,688.53,173402.0,1193896.9249
2025-07-13 06:00:00,688.53,690.42,688.32,689.41,107699.0,742630.1347
2025-07-13 07:00:00,689.41,690.43,688.68,690.43,155020.0,1068994.3116
2025-07-13 08:00:00,690.43,690.97,689.8,690.34,135241.0,933859.6205
2025-07-13 09:00:00,690.34,690.54,688.33,689.0,92192.0,635662.1397
2025-07-13 10:00:00,689.0,690.82,689.0,690.36,61066.0,421507.7804
2025-07-13 11:00:00,690.36,691.62,690.08,691.48,50875.0,351494.582
2025-07-13 12:00:00,691.48,693.27,691.43,692.22,99304.0,687604.9435
2025-07-13 13:00:00,692.22,692.76,691.21,692.34,641247.0,4436311.0156
2025-07-13 14:00:00,692.34,694.26,691.17,692.11,204582.0,1417729.487
2025-07-13 15:00:00,692.11,693.85,690.22,691.51,155361.0,1074788.6073
2025-07-13 16:00:00,691.51,692.59,688.83,689.11,119971.0,828810.1559
2025-07-13 17:00:00,689.11,691.29,688.46,690.88,123292.0,850852.0175
2025-07-13 18:00:00,690.88,692.28,690.31,692.08,58880.0,407162.3519
2025-07-13 19:00:00,692.08,693.86,691.72,691.97,48207.0,333957.0242
2025-07-13 20:00:00,691.97,693.53,691.17,692.9,92468.0,640335.2851
2025-07-13 21:00:00,692.9,693.23,688.73,691.88,318691.0,2204907.8574
2025-07-13 22:00:00,691.88,692.77,689.72,690.68,179401.0,1239455.9736
2025-07-13 23:00:00,690.68,692.71,690.31,692.33,187735.0,1298833.5788
2025-07-14 00:00:00,692.33,694.38,690.92,691.53,113846.0,788809.2983
2025-07-14 01:00:00,691.53,691.96,690.2,690.48,29219.0,201893.7675
2025-07-14 02:00:00,690.48,694.18,690.24,692.76,57297.0,396744.1623
2025-07-14 03:00:00,692.76,699.46,692.65,697.65,466921.0,3253481.645
2025-07-14 04:00:00,697.65,700.07,697.28,699.66,210888.0,1473965.5153
2025-07-14 05:00:00,699.66,703.66,693.44,697.83,396379.0,2777299.8079
2025-07-14 06:00:00,697.83,699.31,696.33,697.7,258620.0,1804174.9722
2025-07-14 07:00:00,697.7,707.94,697.7,706.81,266649.0,1876806.6213
2025-07-14 08:00:00,706.81,707.06,703.34,704.99,152750.0,1076886.8372
2025-07-14 09:00:00,704.99,706.66,704.21,704.79,103390.0,729273.1822
2025-07-14 10:00:00,704.79,706.73,701.22,706.01,711543.0,5013281.8629
2025-07-14 11:00:00,706.01,706.02,703.2,704.96,243902.0,1720063.6361
2025-07-14 12:00:00,704.96,705.57,703.49,704.31,181684.0,1279536.1395
2025-07-14 13:00:00,704.31,704.81,701.43,703.67,350375.0,2462985.3446
2025-07-14 14:00:00,703.67,704.77,696.9,699.14,295032.0,2062661.2213
2025-07-14 15:00:00,699.14,699.18,690.46,693.01,423224.0,2939243.0487
2025-07-14 16:00:00,693.01,694.5,690.27,693.63,96175.0,665732.0865
2025-07-14 17:00:00,693.63,694.16,691.37,692.59,112014.0,775955.6972
2025-07-14 18:00:00,692.59,692.97,689.29,689.4,224709.0,1552603.5491
2025-07-14 19:00:00,689.4,691.33,687.84,689.95,635191.0,4379062.0869
2025-07-14 20:00:00,689.95,691.86,686.24,691.15,408984.0,2818443.7556
2025-07-14 21:00:00,691.15,692.33,690.07,691.8,69726.0,481831.3719
2025-07-14 22:00:00,691.8,691.8,689.92,690.98,19901.0,137452.8973
2025-07-14 23:00:00,690.98,691.35,688.75,689.1,14891.0,102722.1801
2025-07-15 00:00:00,689.1,691.0,686.74,687.57,119250.0,821530.3072
2025-07-15 01:00:00,687.57,688.93,683.29,685.72,309238.0,2120510.2103
2025-07-15 02:00:00,685.72,687.12,681.13,683.27,175397.0,1197025.5883
2025-07-15 03:00:00,683.27,683.34,675.27,679.86,419510.0,2846085.6752
2025-07-15 04:00:00,679.86,682.87,676.8,682.72,234396.0,1591721.051
2025-07-15 05:00:00,682.72,683.72,680.8,681.66,96521.0,659193.8058
2025-07-15 06:00:00,681.66,682.59,680.71,682.15,171573.0,1169434.6599
2025-07-15 07:00:00,682.15,682.73,679.2,679.2,184893.0,1258070.4368
2025-07-15 08:00:00,679.2,681.03,677.78,679.22,62769.0,426350.1854
2025-07-15 09:00:00,679.22,680.3,676.46,676.62,100601.0,681870.398
2025-07-15 10:00:00,676.62,679.87,676.39,679.31,40080.0,271781.502
2025-07-15 11:00:00,679.31,680.88,677.33,680.56,50471.0,342685.3228
2025-07-15 12:00:00,680.56,683.17,677.85,681.58,101544.0,691414.4625
2025-07-15 13:00:00,681.58,686.6,681.31,685.65,182508.0,1249421.7108
2025-07-15 14:00:00,685.65,687.77,676.91,678.41,273174.0,1868146.5729
2025-07-15 15:00:00,678.41,684.3,677.6,683.05,359810.0,2450131.1474
2025-07-15 16:00:00,683.05,686.1,682.8,684.89,83990.0,574857.2191
2025-07-15 17:00:00,684.89,688.22,683.56,688.22,87338.0,599719.9115
2025-07-15 18:00:00,688.22,688.97,683.7,685.69,243428.0,1671315.6762
2025-07-15 19:00:00,685.69,688.18,683.63,684.83,215252.0,1478078.474
2025-07-15 20:00:00,684.83,686.58,683.61,685.3,206465.0,1415203.6892
2025-07-15 21:00:00,685.3,689.51,684.98,689.47,65553.0,451015.5396
2025-07-15 22:00:00,689.47,691.28,687.9,691.22,23688.0,163356.8772
2025-07-15 23:00:00,691.22,693.53,690.08,690.37,138222.0,956178.8059
2025-07-16 00:00:00,690.37,693.96,688.82,693.12,54832.0,378984.5813
2025-07-16 01:00:00,693.12,693.12,690.18,690.81,91442.0,632741.4761
2025-07-16 02:00:00,690.81,691.12,686.3,688.08,202196.0,1390206.3846
2025-07-16 03:00:00,688.08,689.01,687.02,688.17,129067.0,888319.689
2025-07-16 04:00:00,688.17,688.42,685.45,687.46,57285.0,393299.7019
2025-07-16 05:00:00,687.46,689.97,687.31,689.31,70576.0,486128.1853
2025-07-16 06:00:00,689.31,691.25,688.31,691.21,99718.0,688463.9005
2025-07-16 07:00:00,691.21,693.87,690.18,692.17,124738.0,863063.9206
2025-07-16 08:00:00,692.17,693.77,691.0,693.29,188448.0,1304888.288
2025-07-16 09:00:00,693.29,695.69,693.08,694.94,97915.0,680310.4987
2025-07-16 10:00:00,694.94,695.3,693.36,693.8,140616.0,976063.5551
2025-07-16 11:00:00,693.8,695.14,692.28,694.66,258770.0,1795598.2557
2025-07-16 12:00:00,694.66,696.14,693.02,693.13,120648.0,837731.9418
2025-07-16 13:00:00,693.13,694.15,691.13,693.03,223277.0,1545522.5189
2025-07-16 14:00:00,693.03,704.22,692.24,703.94,430048.0,3003097.5017
2025-07-16 15:00:00,703.94,706.92,697.16,700.77,330200.0,2321509.8003
2025-07-16 16:00:00,700.77,702.66,699.31,701.43,107259.0,751661.3445
2025-07-16 17:00:00,701.43,706.54,700.6,706.47,282246.0,1985606.3955
2025-07-16 18:00:00,706.47,711.44,705.96,707.87,243362.0,1725673.9138
2025-07-16 19:00:00,707.87,709.73,704.99,706.92,100097.0,707701.0128
2025-07-16 20:00:00,706.92,713.86,706.92,713.07,292942.0,2085778.61
2025-07-16 21:00:00,713.07,715.82,711.5,712.83,168790.0,1205378.0964
2025-07-16 22:00:00,712.83,715.17,709.9,711.19,261184.0,1862607.026
2025-07-16 23:00:00,711.19,711.97,706.9,709.03,131294.0,931290.7246
2025-07-17 00:00:00,709.03,718.28,708.77,717.5,61826.0,441148.0808
2025-07-17 01:00:00,717.5,720.92,708.39,714.64,520094.0,3717228.7068
2025-07-17 02:00:00,714.64,724.1,712.7,718.73,467463.0,3358805.3232
2025-07-17 03:00:00,718.73,718.94,708.12,709.84,718744.0,5129069.1103
2025-07-17 04:00:00,709.84,711.4,708.31,711.4,172914.0,1227757.139
2025-07-17 05:00:00,711.4,713.26,707.39,712.87,219817.0,1559853.4103
2025-07-17 06:00:00,712.87,723.18,710.34,721.14,255094.0,1833498.8596
2025-07-17 07:00:00,721.14,721.64,715.68,720.98,187862.0,1349903.3625
2025-07-17 08:00:00,720.98,721.61,714.83,718.36,124841.0,895837.9748
2025-07-17 09:00:00,718.36,722.16,714.63,721.05,249364.0,1791846.9194
2025-07-17 10:00:00,721.05,721.2,715.38,716.26,356579.0,2558649.1352
2025-07-17 11:00:00,716.26,720.12,715.64,718.04,348102.0,2502024.1456
2025-07-17 12:00:00,718.04,720.0,714.28,719.59,284458.0,2040275.3557
2025-07-17 13:00:00,719.59,722.94,712.28,720.79,675410.0,4852446.8831
2025-07-17 14:00:00,720.79,728.36,720.57,724.96,750592.0,5446425.3746
2025-07-17 15:00:00,724.96,726.67,721.28,721.72,297566.0,2153184.2269
2025-07-17 16:00:00,721.72,722.39,713.92,715.96,373750.0,2675945.9571
2025-07-17 17:00:00,715.96,719.73,714.06,719.28,127714.0,915609.8234
2025-07-17 18:00:00,719.28,720.84,717.54,720.48,129111.0,928989.645
2025-07-17 19:00:00,720.48,720.85,715.37,715.6,208351.0,1496438.5335
2025-07-17 20:00:00,715.6,716.55,711.1,716.16,364755.0,2604540.3463
2025-07-17 21:00:00,716.16,724.21,716.16,723.57,416747.0,3009771.6249
2025-07-17 22:00:00,723.57,726.14,722.75,723.91,407699.0,2954202.4916
2025-07-17 23:00:00,723.91,725.32,720.57,721.1,409300.0,2958687.5381
2025-07-18 00:00:00,721.1,728.9,720.11,728.9,1031060.0,7489316.4254
2025-07-18 01:00:00,728.9,733.81,728.32,733.15,193357.0,1413815.9502
2025-07-18 02:00:00,733.15,733.31,727.76,732.44,271461.0,1983135.3851
2025-07-18 03:00:00,732.44,737.15,731.64,737.06,259710.0,1906911.7841
2025-07-18 04:00:00,737.06,744.37,734.17,744.09,811883.0,5995536.7194
2025-07-18 05:00:00,744.09,748.72,741.46,748.4,562512.0,4195763.7449
2025-07-18 06:00:00,748.4,748.66,745.03,745.87,387785.0,2897099.2299
2025-07-18 07:00:00,745.87,747.44,739.84,740.44,274464.0,2042288.0775
2025-07-18 08:00:00,740.44,742.88,734.95,736.61,152313.0,1124323.2145
2025-07-18 09:00:00,736.61,739.93,733.82,739.45,134861.0,994385.3596
2025-07-18 10:00:00,739.45,740.35,735.28,739.85,270423.0,1995368.082
2025-07-18 11:00:00,739.85,740.16,733.41,737.12,208050.0,1532060.5608
2025-07-18 12:00:00,737.12,750.63,737.12,750.55,677140.0,5057361.8942
2025-07-18 13:00:00,750.55,766.12,750.39,757.04,1337365.0,10156195.6065
2025-07-18 14:00:00,757.04,759.86,739.36,747.5,792824.0,5958047.4953
2025-07-18 15:00:00,747.5,747.6,731.47,738.14,752160.0,5534809.7896
2025-07-18 16:00:00,738.14,744.81,735.8,743.77,379883.0,2811726.6726
2025-07-18 17:00:00,743.77,748.76,738.96,741.58,340731.0,2536841.041
2025-07-18 18:00:00,741.58,741.84,735.75,735.88,268404.0,1985336.7355
2025-07-18 19:00:00,735.88,736.36,729.26,732.18,311564.0,2282361.9487
2025-07-18 20:00:00,732.18,732.96,719.02,725.8,589495.0,4266555.9708
2025-07-18 21:00:00,725.8,735.04,724.98,733.3,195729.0,1430603.132
2025-07-18 22:00:00,733.3,734.39,727.53,731.91,253758.0,1857307.052
2025-07-18 23:00:00,731.91,732.08,724.01,730.4,442012.0,3215976.3257
2025-07-19 00:00:00,730.4,731.82,722.54,722.64,146455.0,1066037.8299
2025-07-19 01:00:00,722.64,727.73,718.96,726.18,203749.0,1474180.6248
2025-07-19 02:00:00,726.18,731.01,723.12,730.28,139139.0,1012972.3444
2025-07-19 03:00:00,730.28,735.38,729.96,735.17,350449.0,2563488.7041
2025-07-19 04:00:00,735.17,739.62,734.69,737.35,317614.0,2342305.7772
2025-07-19 05:00:00,737.35,737.59,734.27,735.1,225231.0,1657112.7879
2025-07-19 06:00:00,735.1,735.66,732.18,732.28,172506.0,1264901.4705
2025-07-19 07:00:00,732.28,734.76,731.93,732.65,117817.0,863880.7563
2025-07-19 08:00:00,732.65,733.5,728.44,730.77,460135.0,3360903.7557
2025-07-19 09:00:00,730.77,735.22,730.3,733.04,285907.0,2096342.3255
2025-07-19 10:00:00,733.04,738.79,731.31,736.24,395565.0,2901518.5071
2025-07-19 11:00:00,736.24,738.76,733.49,737.06,331618.0,2443368.8002
2025-07-19 12:00:00,737.06,742.42,736.17,742.42,543748.0,4020892.8193
2025-07-19 13:00:00,742.42,742.88,734.74,736.24,260872.0,1927411.2253
2025-07-19 14:00:00,736.24,736.46,728.61,729.11,363252.0,2662746.1017
2025-07-19 15:00:00,729.11,732.56,727.92,731.12,139795.0,1020561.7303
2025-07-19 16:00:00,731.12,733.56,728.61,732.43,86681.0,634275.58
2025-07-19 17:00:00,732.43,732.56,728.28,729.41,74909.0,546893.909
2025-07-19 18:00:00,729.41,732.56,728.93,730.88,34543.0,252657.4887
2025-07-19 19:00:00,730.88,735.56,728.79,734.83,412756.0,3023048.5723
2025-07-19 20:00:00,734.83,736.26,733.2,733.2,179415.0,1318408.6771
2025-07-19 21:00:00,733.2,733.7,725.16,730.75,304256.0,2221628.2494
2025-07-19 22:00:00,730.75,732.88,729.21,732.88,60166.0,439871.3679
2025-07-19 23:00:00,732.88,733.74,731.2,733.4,115807.0,848158.0167
2025-07-20 00:00:00,733.4,734.6,731.71,734.43,50578.0,370658.2677
2025-07-20 01:00:00,734.43,741.88,734.43,738.97,69102.0,510286.8292
2025-07-20 02:00:00,738.97,742.35,737.85,742.16,317538.0,2355001.2659
2025-07-20 03:00:00,742.16,746.73,741.26,743.27,798024.0,5927262.9439
2025-07-20 04:00:00,743.27,744.64,741.51,742.16,790977.0,5876532.9985
2025-07-20 05:00:00,742.16,744.63,739.84,744.13,381487.0,2831382.1884
2025-07-20 06:00:00,744.13,744.25,742.0,742.59,269022.0,1999169.3007
2025-07-20 07:00:00,742.59,745.95,742.12,745.06,202927.0,1509900.5453
2025-07-20 08:00:00,745.06,751.33,745.06,751.33,488708.0,3656152.5064
2025-07-20 09:00:00,751.33,751.36,747.63,749.37,215571.0,1615543.9296
2025-07-20 10:00:00,749.37,750.09,745.43,745.85,233079.0,1744644.7235
2025-07-20 11:00:00,745.85,750.58,745.04,749.13,84368.0,630959.2012
2025-07-20 12:00:00,749.13,749.4,746.31,747.83,186093.0,1391281.4094
2025-07-20 13:00:00,747.83,750.15,747.48,749.72,105719.0,791000.6583
2025-07-20 14:00:00,749.72,750.06,745.64,746.76,293720.0,2195027.5732
2025-07-20 15:00:00,746.76,752.1,746.1,751.43,435592.0,3262725.8865
2025-07-20 16:00:00,751.43,756.8,751.08,755.48,554727.0,4185293.0478
2025-07-20 17:00:00,755.48,755.55,747.33,747.75,256978.0,1932923.2627
2025-07-20 18:00:00,747.75,750.37,746.22,750.02,108034.0,808160.0211
2025-07-20 19:00:00,750.02,755.23,749.89,753.39,168550.0,1270041.8646
2025-07-20 20:00:00,753.39,757.42,749.86,753.51,213762.0,1612503.7958
2025-07-20 21:00:00,753.51,760.53,748.1,759.72,812435.0,6129287.5172
2025-07-20 22:00:00,759.72,762.0,745.72,756.23,952762.0,7194960.2477
2025-07-20 23:00:00,756.23,761.01,753.17,757.4,246227.0,1861294.1319
2025-07-21 00:00:00,757.4,758.74,746.42,756.17,366888.0,2753335.1124
2025-07-21 01:00:00,756.17,756.29,747.3,750.77,146329.0,1098435.9128
2025-07-21 02:00:00,750.77,759.15,750.77,758.36,191357.0,1444390.2344
2025-07-21 03:00:00,758.36,764.68,758.0,763.71,272580.0,2078604.5228
2025-07-21 04:00:00,763.71,764.44,761.0,761.0,153207.0,1168796.1074
2025-07-21 05:00:00,761.0,762.46,759.69,762.15,313920.0,2387472.0453
2025-07-21 06:00:00,762.15,767.52,761.42,764.45,486013.0,3719127.3698
2025-07-21 07:00:00,764.45,766.48,759.79,760.87,291424.0,2219006.7736
2025-07-21 08:00:00,760.87,764.99,760.36,764.26,453965.0,3462312.5023
2025-07-21 09:00:00,764.26,766.22,761.25,765.96,323807.0,2469819.3352
2025-07-21 10:00:00,765.96,777.59,763.28,777.51,472345.0,3626073.7062
2025-07-21 11:00:00,777.51,780.15,768.71,769.77,329943.0,2552782.0806
2025-07-21 12:00:00,769.77,773.7,766.43,772.99,200712.0,1544746.869
2025-07-21 13:00:00,772.99,777.49,767.59,775.64,409250.0,3167616.2427
2025-07-21 14:00:00,775.64,782.57,773.71,779.16,1223492.0,9532497.034
2025-07-21 15:00:00,779.16,780.88,773.86,774.92,220784.0,1716032.9707
2025-07-21 16:00:00,774.92,775.59,761.1,764.62,396656.0,3036115.6315
2025-07-21 17:00:00,764.62,768.59,762.77,764.99,415720.0,3185867.448
2025-07-21 18:00:00,764.99,768.13,758.7,759.85,472280.0,3612308.3904
2025-07-21 19:00:00,759.85,763.73,755.97,757.39,340803.0,2590526.6207
2025-07-21 20:00:00,757.39,760.62,755.1,757.61,188316.0,1427395.8517
2025-07-21 21:00:00,757.61,763.14,755.86,762.22,95532.0,726548.0325
2025-07-21 22:00:00,762.22,765.49,761.21,764.25,89637.0,684545.5027
2025-07-21 23:00:00,764.25,767.79,762.8,766.6,81048.0,619753.0452
2025-07-22 00:00:00,766.6,770.29,763.51,764.02,180436.0,1384759.869
2025-07-22 01:00:00,764.02,770.71,753.17,770.07,344745.0,2634935.3389
2025-07-22 02:00:00,770.07,772.37,764.64,766.58,245522.0,1889426.2672
2025-07-22 03:00:00,766.58,768.25,755.32,760.44,1256661.0,9602246.5482
2025-07-22 04:00:00,760.44,761.97,745.11,745.38,290156.0,2193102.6296
2025-07-22 05:00:00,745.38,754.41,745.33,751.42,326880.0,2455642.3609
2025-07-22 06:00:00,751.42,760.92,750.26,758.12,98835.0,747884.3681
2025-07-22 07:00:00,758.12,764.49,756.88,758.19,241000.0,1833253.525
2025-07-22 08:00:00,758.19,759.48,749.69,759.14,423675.0,3198953.5183
2025-07-22 09:00:00,759.14,762.18,754.84,760.68,427138.0,3246572.399
2025-07-22 10:00:00,760.68,763.17,757.29,762.95,500970.0,3806021.4533
2025-07-22 11:00:00,762.95,766.09,761.25,766.04,120032.0,916700.1034
2025-07-22 12:00:00,766.04,766.93,763.86,764.28,121141.0,926990.5602
2025-07-22 13:00:00,764.28,767.4,759.85,760.07,243931.0,1864618.5603
2025-07-22 14:00:00,760.07,764.71,755.89,764.71,525793.0,4004185.5916
2025-07-22 15:00:00,764.71,768.06,763.85,764.41,293325.0,2244747.9721
2025-07-22 16:00:00,764.41,772.53,764.19,769.46,1024548.0,7880190.0605
2025-07-22 17:00:00,769.46,770.2,765.44,768.36,163286.0,1252890.2194
2025-07-22 18:00:00,768.36,776.62,767.91,774.97,599167.0,4612761.2688
2025-07-22 19:00:00,774.97,776.54,770.28,772.96,272850.0,2112213.3308
2025-07-22 20:00:00,772.96,779.12,772.31,777.84,284019.0,2209059.4657
2025-07-22 21:00:00,777.84,778.6,775.76,777.02,190776.0,1482968.0696
2025-07-22 22:00:00,777.02,778.64,775.08,777.68,139319.0,1082679.7317
2025-07-22 23:00:00,777.68,789.13,777.23,787.57,967195.0,7586028.3653
2025-07-23 00:00:00,787.57,806.16,785.94,800.05,1821521.0,14538957.4175
2025-07-23 01:00:00,800.05,803.88,795.81,796.28,856778.0,6848696.4295
2025-07-23 02:00:00,796.28,797.06,787.23,796.85,482229.0,3823717.3406
2025-07-23 03:00:00,796.85,798.0,791.21,798.0,606838.0,4821638.894
2025-07-23 04:00:00,798.0,801.91,795.15,800.46,424329.0,3388866.2393
2025-07-23 05:00:00,800.46,802.35,796.55,796.68,448031.0,3579706.4643
2025-07-23 06:00:00,796.68,798.28,792.88,794.85,360931.0,2872498.5238
2025-07-23 07:00:00,794.85,799.8,792.0,794.59,423480.0,3371129.9809
2025-07-23 08:00:00,794.59,797.63,791.35,793.86,485407.0,3853601.427
2025-07-23 09:00:00,793.86,795.16,790.99,791.96,977934.0,7749506.0934
2025-07-23 10:00:00,791.96,800.66,788.36,800.05,1017769.0,8095229.834
2025-07-23 11:00:00,800.05,809.21,797.56,809.08,1592865.0,12825036.3118
2025-07-23 12:00:00,809.08,810.55,795.13,795.97,2339975.0,18809486.8656
2025-07-23 13:00:00,795.97,798.81,775.58,781.21,3212372.0,25257129.23
2025-07-23 14:00:00,781.21,790.56,779.54,787.6,1198825.0,9429212.4766
2025-07-23 15:00:00,787.6,789.66,780.33,784.93,1077405.0,8454262.5514
2025-07-23 16:00:00,784.93,784.93,766.03,766.07,1510410.0,11715355.7873
2025-07-23 17:00:00,766.07,771.63,761.0,771.22,816520.0,6253079.7523
2025-07-23 18:00:00,771.22,776.43,769.24,776.07,296569.0,2291838.1421
2025-07-23 19:00:00,776.07,777.27,770.88,771.07,414616.0,3210395.8237
2025-07-23 20:00:00,771.07,773.57,756.5,763.13,554119.0,4234529.8209
2025-07-23 21:00:00,763.13,771.25,752.68,768.94,539685.0,4105665.8236
2025-07-23 22:00:00,768.94,774.88,763.62,774.12,197209.0,1521018.7442
2025-07-23 23:00:00,774.12,777.33,773.81,776.88,127495.0,989137.6054
2025-07-24 00:00:00,776.88,784.88,773.2,784.3,204752.0,1596532.8336
2025-07-24 01:00:00,784.3,784.57,781.74,784.18,150504.0,1178999.7364
2025-07-24 02:00:00,784.18,786.31,780.7,782.64,198431.0,1553904.9822
2025-07-24 03:00:00,782.64,784.35,779.25,779.46,147696.0,1154766.9323
2025-07-24 04:00:00,779.46,780.43,766.6,767.56,307842.0,2376340.6358
2025-07-24 05:00:00,767.56,767.93,751.63,751.72,328515.0,2500223.129
2025-07-24 06:00:00,751.72,757.48,743.87,749.46,599817.0,4506441.5249
2025-07-24 07:00:00,749.46,759.66,742.92,759.41,545182.0,4117626.5656
2025-07-24 08:00:00,759.41,767.77,757.04,766.74,833030.0,6357365.429
2025-07-24 09:00:00,766.74,768.27,763.53,766.24,327007.0,2505093.283
2025-07-24 10:00:00,766.24,769.12,756.0,763.41,492875.0,3749377.7052
2025-07-24 11:00:00,763.41,772.9,762.9,770.63,501892.0,3851106.1874
2025-07-24 12:00:00,770.63,772.45,764.75,769.15,202310.0,1554853.9295
2025-07-24 13:00:00,769.15,771.6,764.84,765.15,150478.0,1156341.2201
2025-07-24 14:00:00,765.15,777.24,761.56,777.03,687188.0,5298922.0002
2025-07-24 15:00:00,777.03,781.64,773.48,778.71,511903.0,3990520.6236
2025-07-24 16:00:00,778.71,779.47,770.39,775.16,615247.0,4773640.0171
2025-07-24 17:00:00,775.16,785.99,775.02,781.99,470269.0,3682774.3068
2025-07-24 18:00:00,781.99,786.24,780.46,781.93,218686.0,1713097.4837
2025-07-24 19:00:00,781.93,783.77,779.37,779.4,180862.0,1412605.7475
2025-07-24 20:00:00,779.4,781.8,777.47,781.47,115977.0,904026.0351
2025-07-24 21:00:00,781.47,782.17,775.85,777.0,169860.0,1321907.661
2025-07-24 22:00:00,777.0,780.46,774.71,778.53,173223.0,1347900.4244
2025-07-24 23:00:00,778.53,778.53,770.01,771.16,216328.0,1672627.2209
2025-07-25 00:00:00,771.16,771.57,765.08,767.4,184497.0,1417319.4154
2025-07-25 01:00:00,767.4,770.55,761.99,769.43,164639.0,1262314.7437
2025-07-25 02:00:00,769.43,771.47,758.68,758.71,324914.0,2489637.1548
2025-07-25 03:00:00,758.71,763.76,753.29,757.31,208706.0,1583677.2117
2025-07-25 04:00:00,757.31,765.5,752.32,765.14,221841.0,1681999.9882
2025-07-25 05:00:00,765.14,765.14,759.86,760.58,285805.0,2177350.3498
2025-07-25 06:00:00,760.58,763.88,756.37,762.09,94822.0,720502.6926
2025-07-25 07:00:00,762.09,767.0,757.64,761.81,245099.0,1868573.6227
2025-07-25 08:00:00,761.81,768.14,761.73,765.38,334222.0,2558117.7389
2025-07-25 09:00:00,765.38,772.08,763.0,771.73,199526.0,1535596.1977
2025-07-25 10:00:00,771.73,773.75,767.48,769.87,227893.0,1754991.4643
2025-07-25 11:00:00,769.87,773.21,769.76,772.2,156585.0,1207714.4346
2025-07-25 12:00:00,772.2,776.85,771.6,774.63,201399.0,1558838.322
2025-07-25 13:00:00,774.63,776.36,770.28,774.54,695796.0,5384843.6873
2025-07-25 14:00:00,774.54,775.03,761.52,761.52,616780.0,4743421.5759
2025-07-25 15:00:00,761.52,768.21,761.24,766.19,192492.0,1472855.7101
2025-07-25 16:00:00,766.19,773.75,763.75,773.52,201262.0,1543877.6617
2025-07-25 17:00:00,773.52,777.5,772.99,776.48,304960.0,2363788.3691
2025-07-25 18:00:00,776.48,777.74,774.64,776.22,89032.0,691143.5462
2025-07-25 19:00:00,776.22,777.93,774.3,774.73,76983.0,597526.9634
2025-07-25 20:00:00,774.73,779.7,774.13,777.92,148765.0,1156894.9924
2025-07-25 21:00:00,777.92,781.28,777.91,779.47,117037.0,912637.6331
2025-07-25 22:00:00,779.47,784.82,778.89,784.12,90199.0,706037.743
2025-07-25 23:00:00,784.12,786.43,783.05,786.08,85984.0,674658.8206
2025-07-26 00:00:00,786.08,786.12,782.08,782.76,55723.0,436995.4523
2025-07-26 01:00:00,782.76,784.45,778.82,779.09,56015.0,437981.6451
2025-07-26 02:00:00,779.09,784.96,779.09,784.07,111354.0,871268.2187
2025-07-26 03:00:00,784.07,784.64,782.7,783.92,183391.0,1437242.8504
2025-07-26 04:00:00,783.92,784.54,781.28,782.27,180074.0,1409924.227
2025-07-26 05:00:00,782.27,782.42,780.85,781.15,107206.0,837998.0868
2025-07-26 06:00:00,781.15,783.64,780.91,783.24,98988.0,774497.141
2025-07-26 07:00:00,783.24,784.32,782.63,782.97,103943.0,814229.5376
2025-07-26 08:00:00,782.97,784.78,782.01,784.4,146226.0,1145486.3211
2025-07-26 09:00:00,784.4,784.84,783.37,784.3,120486.0,944456.085
2025-07-26 10:00:00,784.3,785.92,782.38,782.38,126556.0,992101.9984
2025-07-26 11:00:00,782.38,783.78,780.59,782.31,188342.0,1473107.9802
2025-07-26 12:00:00,782.31,783.5,781.05,782.98,139610.0,1092070.2404
2025-07-26 13:00:00,782.98,783.72,782.13,782.28,40598.0,317813.8778
2025-07-26 14:00:00,782.28,782.65,780.72,780.72,49524.0,386997.3741
2025-07-26 15:00:00,780.72,782.2,779.7,781.7,111916.0,873414.0074
2025-07-26 16:00:00,781.7,782.3,779.68,780.46,205923.0,1608120.7533
2025-07-26 17:00:00,780.46,780.6,778.83,779.97,208331.0,1624290.8978
2025-07-26 18:00:00,779.97,783.28,779.48,782.41,91900.0,718543.928
2025-07-26 19:00:00,782.41,785.52,782.29,785.48,75161.0,589404.8173
2025-07-26 20:00:00,785.48,786.26,784.05,785.36,230010.0,1805987.6765
2025-07-26 21:00:00,785.36,790.0,784.85,789.65,281679.0,2218937.4523
2025-07-26 22:00:00,789.65,798.73,789.65,791.84,865023.0,6872645.773
2025-07-26 23:00:00,791.84,796.74,791.84,793.67,767976.0,6104092.7601
2025-07-27 00:00:00,793.67,798.46,791.81,797.56,138638.0,1102779.7475
2025-07-27 01:00:00,797.56,799.66,795.9,796.44,297983.0,2377299.7991
2025-07-27 02:00:00,796.44,798.29,794.4,795.29,135090.0,1075990.4738
2025-07-27 03:00:00,795.29,796.93,794.41,794.78,104828.0,833894.8465
2025-07-27 04:00:00,794.78,798.16,794.39,796.68,176132.0,1401730.4028
2025-07-27 05:00:00,796.68,797.6,794.8,797.59,45535.0,362481.7777
2025-07-27 06:00:00,797.59,799.2,795.53,796.14,112824.0,899760.6835
2025-07-27 07:00:00,796.14,798.4,795.42,796.81,57473.0,458077.0969
2025-07-27 08:00:00,796.81,798.57,794.37,798.23,277858.0,2212321.5888
2025-07-27 09:00:00,798.23,798.46,793.44,793.96,196817.0,1566408.4726
2025-07-27 10:00:00,793.96,799.17,793.84,798.31,184566.0,1470881.9086
2025-07-27 11:00:00,798.31,799.88,796.4,797.23,234034.0,1867565.6335
2025-07-27 12:00:00,797.23,798.29,794.1,795.92,235436.0,1873535.3876
2025-07-27 13:00:00,795.92,796.63,794.03,794.71,186990.0,1486875.4061
2025-07-27 14:00:00,794.71,799.69,794.58,797.96,215412.0,1717747.5911
2025-07-27 15:00:00,797.96,817.39,795.61,815.91,790065.0,6365266.2726
2025-07-27 16:00:00,815.91,827.88,813.22,819.23,3957817.0,32437477.9693
2025-07-27 17:00:00,819.23,826.37,817.52,823.59,1342756.0,11043764.4756
2025-07-27 18:00:00,823.59,828.79,823.43,827.67,991943.0,8196291.9803
2025-07-27 19:00:00,827.67,831.72,825.52,830.88,1418142.0,11757954.2888
2025-07-27 20:00:00,830.88,831.64,827.86,831.16,633519.0,5254792.8284
2025-07-27 21:00:00,831.16,841.38,829.31,839.11,2275433.0,18992653.1376
2025-07-27 22:00:00,839.11,847.91,838.17,840.49,2580015.0,21749713.7714
2025-07-27 23:00:00,840.49,846.0,839.29,844.8,707966.0,5970319.3664
2025-07-28 00:00:00,844.8,848.71,842.08,842.75,930490.0,7867882.1856
2025-07-28 01:00:00,842.75,847.94,841.84,846.04,423961.0,3583990.8666
2025-07-28 02:00:00,846.04,855.71,843.28,843.9,1182146.0,10043269.1497
2025-07-28 03:00:00,843.9,846.24,840.28,842.24,299804.0,2526675.606
2025-07-28 04:00:00,842.24,845.05,840.45,841.6,222873.0,1879198.1955
2025-07-28 05:00:00,841.6,850.97,841.59,849.94,561511.0,4752893.8479
2025-07-28 06:00:00,849.94,855.74,849.36,851.08,436809.0,3723104.6329
2025-07-28 07:00:00,851.08,861.0,847.38,856.42,1072631.0,9151921.6937
2025-07-28 08:00:00,856.42,859.5,854.28,858.4,507235.0,4345889.2269
2025-07-28 09:00:00,858.4,861.67,852.77,854.28,801457.0,6873093.2532
2025-07-28 10:00:00,854.28,854.47,845.86,847.3,855298.0,7274738.0702
2025-07-28 11:00:00,847.3,852.33,845.7,851.31,417592.0,3542883.6275
2025-07-28 12:00:00,851.31,858.02,847.9,850.33,1400793.0,11956446.0448
2025-07-28 13:00:00,850.33,851.96,841.15,843.29,1409251.0,11909594.8185
2025-07-28 14:00:00,843.29,846.94,832.6,833.52,1012316.0,8494673.4341
2025-07-28 15:00:00,833.52,841.8,832.18,836.16,848304.0,7100657.475
2025-07-28 16:00:00,836.16,841.6,834.05,838.92,1220849.0,10240498.9798
2025-07-28 17:00:00,838.92,839.59,832.65,833.11,428657.0,3584842.1978
2025-07-28 18:00:00,833.11,833.97,826.41,830.4,431768.0,3584115.1265
2025-07-28 19:00:00,830.4,836.26,827.94,832.27,296303.0,2468022.3083
2025-07-28 20:00:00,832.27,832.85,823.55,824.79,293733.0,2430209.3019
2025-07-28 21:00:00,824.79,829.56,821.49,826.11,362284.0,2991205.866
2025-07-28 22:00:00,826.11,830.68,821.6,825.55,565855.0,4685071.4995
2025-07-28 23:00:00,825.55,830.2,821.01,824.45,227277.0,1872742.0547
2025-07-29 00:00:00,824.45,833.81,822.34,831.51,333027.0,2758915.8248
2025-07-29 01:00:00,831.51,835.45,826.59,826.92,411486.0,3418248.7758
2025-07-29 02:00:00,826.92,828.71,814.4,817.72,808331.0,6637835.7662
2025-07-29 03:00:00,817.72,830.68,817.51,829.56,431540.0,3563236.1413
2025-07-29 04:00:00,829.56,833.68,826.83,827.89,184108.0,1527925.0282
2025-07-29 05:00:00,827.89,834.59,826.29,833.34,272932.0,2270053.5094
2025-07-29 06:00:00,833.34,834.05,830.59,830.61,256153.0,2132325.4732
2025-07-29 07:00:00,830.61,831.93,825.57,825.95,330418.0,2741007.6975
2025-07-29 08:00:00,825.95,831.42,825.9,827.4,189088.0,1568826.037
2025-07-29 09:00:00,827.4,833.28,824.98,833.26,169396.0,1403993.6732
2025-07-29 10:00:00,833.26,834.0,821.41,822.64,452463.0,3740171.7492
2025-07-29 11:00:00,822.64,829.61,822.08,826.91,286187.0,2364454.9478
2025-07-29 12:00:00,826.91,830.99,822.86,823.11,246427.0,2036244.3716
2025-07-29 13:00:00,823.11,824.67,814.55,815.65,444391.0,3644523.5393
2025-07-29 14:00:00,815.65,817.26,809.08,812.18,1381398.0,11235450.5969
2025-07-29 15:00:00,812.18,812.41,802.55,805.6,633640.0,5111086.185
2025-07-29 16:00:00,805.6,807.52,801.0,807.14,436199.0,3511018.9642
2025-07-29 17:00:00,807.14,816.06,806.96,815.94,525518.0,4265369.2999
2025-07-29 18:00:00,815.94,816.06,806.88,808.2,400821.0,3256232.8697
2025-07-29 19:00:00,808.2,808.32,803.89,804.16,260608.0,2099386.0928
2025-07-29 20:00:00,804.16,807.0,800.62,803.31,537055.0,4311949.5447
2025-07-29 21:00:00,803.31,809.95,801.35,807.29,322433.0,2594173.3866
2025-07-29 22:00:00,807.29,807.83,802.07,806.92,266948.0,2147349.4544
2025-07-29 23:00:00,806.92,808.72,804.48,805.81,340165.0,2744739.7953
2025-07-30 00:00:00,805.81,806.38,796.66,806.38,778102.0,6230041.8755
2025-07-30 01:00:00,806.38,810.38,801.5,809.08,349981.0,2821508.2602
2025-07-30 02:00:00,809.08,811.99,807.61,808.06,116103.0,939637.6407
2025-07-30 03:00:00,808.06,808.31,804.0,805.25,222360.0,1792920.4987
2025-07-30 04:00:00,805.25,807.13,799.49,800.11,545395.0,4377012.7419
2025-07-30 05:00:00,800.11,802.5,796.37,801.29,377007.0,3013723.9655
2025-07-30 06:00:00,801.29,806.5,801.08,805.41,244059.0,1960454.5834
2025-07-30 07:00:00,805.41,807.0,799.68,801.03,228381.0,1834443.0444
2025-07-30 08:00:00,801.03,806.11,800.57,804.27,157532.0,1265789.3775
2025-07-30 09:00:00,804.27,805.37,797.26,799.77,316384.0,2532222.9951
2025-07-30 10:00:00,799.77,801.6,794.02,794.69,647805.0,5164066.267
2025-07-30 11:00:00,794.69,795.74,787.2,789.03,1287331.0,10191239.7857
2025-07-30 12:00:00,789.03,790.01,780.2,783.19,1499994.0,11762744.725
2025-07-30 13:00:00,783.19,785.77,779.59,784.84,567775.0,4444109.0431
2025-07-30 14:00:00,784.84,796.36,784.5,795.86,514565.0,4065629.9005
2025-07-30 15:00:00,795.86,796.18,787.86,790.8,350797.0,2779034.6617
2025-07-30 16:00:00,790.8,793.88,789.64,791.67,91614.0,725042.9747
2025-07-30 17:00:00,791.67,792.8,788.85,792.65,512219.0,4049030.7051
2025-07-30 18:00:00,792.65,795.12,780.98,781.21,982779.0,7752976.1631
2025-07-30 19:00:00,781.21,787.09,766.3,785.72,1633653.0,12665190.9625
2025-07-30 20:00:00,785.72,788.85,784.67,785.91,354327.0,2788381.7383
2025-07-30 21:00:00,785.91,789.43,783.52,787.49,135499.0,1064886.2704
2025-07-30 22:00:00,787.49,789.07,785.5,788.27,122278.0,962965.4854
2025-07-30 23:00:00,788.27,794.16,787.97,793.97,192546.0,1524864.0274
2025-07-31 00:00:00,793.97,797.71,792.0,797.18,192831.0,1532798.6951
2025-07-31 01:00:00,797.18,798.16,795.3,796.19,151724.0,1208288.4011
2025-07-31 02:00:00,796.19,797.66,794.8,797.07,156212.0,1243436.4489
2025-07-31 03:00:00,797.07,799.82,797.01,799.38,125205.0,999975.5157
2025-07-31 04:00:00,799.38,804.25,797.34,803.01,284913.0,2280862.9698
2025-07-31 05:00:00,803.01,803.37,801.27,801.63,626559.0,5026117.2514
2025-07-31 06:00:00,801.63,803.91,800.41,803.84,208004.0,1667130.9528
2025-07-31 07:00:00,803.84,805.68,803.35,803.97,487160.0,3918129.444
2025-07-31 08:00:00,803.97,810.54,803.97,809.99,463106.0,3741401.0789
2025-07-31 09:00:00,809.99,813.86,809.24,813.86,235296.0,1907065.2124
2025-07-31 10:00:00,813.86,814.92,804.74,805.13,690600.0,5576368.0198
2025-07-31 11:00:00,805.13,806.8,799.61,800.91,458514.0,3682584.4375
2025-07-31 12:00:00,800.91,801.52,797.19,799.48,403156.0,3222992.0433
2025-07-31 13:00:00,799.48,799.62,792.93,797.19,416607.0,3314805.1675
2025-07-31 14:00:00,797.19,799.13,788.11,790.17,434210.0,3435586.7225
2025-07-31 15:00:00,790.17,800.93,790.17,800.16,264925.0,2107625.1477
2025-07-31 16:00:00,800.16,813.53,799.6,813.52,485282.0,3916276.1351
2025-07-31 17:00:00,813.52,813.88,801.99,804.0,662698.0,5351032.8708
2025-07-31 18:00:00,804.0,808.57,798.9,801.75,279447.0,2244997.9496
2025-07-31 19:00:00,801.75,802.98,794.24,796.67,315678.0,2516979.8602
2025-07-31 20:00:00,796.67,799.13,792.97,794.99,251845.0,2004619.5819
2025-07-31 21:00:00,794.99,797.35,789.81,794.01,202008.0,1601320.2115
2025-07-31 22:00:00,794.01,795.58,787.12,787.55,387650.0,3062148.0294
2025-07-31 23:00:00,787.55,792.19,782.05,783.28,255322.0,2011505.8325
2025-08-01 00:00:00,783.28,789.62,775.15,789.05,893261.0,6996209.2652
2025-08-01 01:00:00,789.05,791.14,781.74,787.73,168740.0,1328102.6204
2025-08-01 02:00:00,787.73,795.77,786.8,788.65,319753.0,2525771.9156
2025-08-01 03:00:00,788.65,789.35,782.71,784.76,437262.0,3431908.9354
2025-08-01 04:00:00,784.76,784.8,779.18,780.47,75918.0,593110.6665
2025-08-01 05:00:00,780.47,782.84,776.3,778.23,715992.0,5573133.0916
2025-08-01 06:00:00,778.23,778.46,770.82,776.18,636815.0,4936900.7807
2025-08-01 07:00:00,776.18,777.74,771.39,774.0,697614.0,5401762.0669
2025-08-01 08:00:00,774.0,774.0,763.53,766.57,548196.0,4207353.2798
2025-08-01 09:00:00,766.57,773.0,766.18,768.58,203760.0,1568554.1792
2025-08-01 10:00:00,768.58,772.18,768.15,768.55,414145.0,3188276.9954
2025-08-01 11:00:00,768.55,772.24,765.25,772.04,472289.0,3627682.4042
2025-08-01 12:00:00,772.04,776.31,768.81,773.59,363702.0,2813140.8895
2025-08-01 13:00:00,773.59,775.3,757.72,762.34,351805.0,2689839.0211
2025-08-01 14:00:00,762.34,774.16,759.06,767.16,587378.0,4521763.5153
2025-08-01 15:00:00,767.16,767.82,758.67,764.5,254617.0,1942576.46
2025-08-01 16:00:00,764.5,768.2,759.31,761.53,194787.0,1489825.158
2025-08-01 17:00:00,761.53,765.0,757.71,758.72,144172.0,1095923.7871
2025-08-01 18:00:00,758.72,763.83,754.53,760.35,246798.0,1873543.4304
2025-08-01 19:00:00,760.35,763.95,757.55,761.92,190936.0,1451854.9039
2025-08-01 20:00:00,761.92,763.23,752.64,760.02,260771.0,1971561.4118
2025-08-01 21:00:00,760.02,762.3,758.62,758.99,96050.0,730631.6259
2025-08-01 22:00:00,758.99,759.53,745.1,751.02,436499.0,3276721.7002
2025-08-01 23:00:00,751.02,758.32,749.64,757.54,155156.0,1167963.1745
2025-08-02 00:00:00,757.54,766.26,756.04,766.17,79581.0,607052.0297
2025-08-02 01:00:00,766.17,766.27,762.78,765.28,96826.0,740297.557
2025-08-02 02:00:00,765.28,769.15,764.37,764.89,95475.0,732140.5568
2025-08-02 03:00:00,764.89,766.1,762.74,764.55,185796.0,1420677.648
2025-08-02 04:00:00,764.55,770.46,764.26,770.12,152846.0,1173890.8182
2025-08-02 05:00:00,770.12,770.47,766.37,766.56,49902.0,383285.1467
2025-08-02 06:00:00,766.56,766.56,751.93,753.85,414369.0,3131354.5513
2025-08-02 07:00:00,753.85,759.56,750.43,759.34,367040.0,2767614.3394
2025-08-02 08:00:00,759.34,759.71,753.33,753.73,194207.0,1469889.316
2025-08-02 09:00:00,753.73,756.56,752.11,754.76,72333.0,545570.8623
2025-08-02 10:00:00,754.76,755.14,751.08,754.96,246360.0,1856827.1996
2025-08-02 11:00:00,754.96,759.23,752.57,756.84,112692.0,853292.0957
2025-08-02 12:00:00,756.84,756.84,752.02,755.33,158289.0,1194023.7145
2025-08-02 13:00:00,755.33,756.6,752.08,755.41,67940.0,512431.0534
2025-08-02 14:00:00,755.41,755.85,746.51,748.52,466884.0,3504842.8986
2025-08-02 15:00:00,748.52,751.29,741.57,743.43,413645.0,3086369.1942
2025-08-02 16:00:00,743.43,749.02,741.3,748.04,302406.0,2252098.8766
2025-08-02 17:00:00,748.04,750.26,739.27,741.49,171246.0,1275973.1185
2025-08-02 18:00:00,741.49,743.48,734.47,737.29,237965.0,1754897.5951
2025-08-02 19:00:00,737.29,744.03,735.22,737.87,136129.0,1007064.1917
2025-08-02 20:00:00,737.87,743.0,737.62,743.0,44324.0,328087.8524
2025-08-02 21:00:00,743.0,745.51,740.16,740.2,97972.0,727182.5865
2025-08-02 22:00:00,740.2,742.35,734.35,738.85,158776.0,1172165.3567
2025-08-02 23:00:00,738.85,739.71,732.86,736.97,125756.0,925729.5938
2025-08-03 00:00:00,736.97,741.87,730.52,741.26,149426.0,1102788.7682
2025-08-03 01:00:00,741.26,742.68,738.69,739.79,105031.0,777504.2086
2025-08-03 02:00:00,739.79,744.48,739.79,744.28,104279.0,774373.5876
2025-08-03 03:00:00,744.28,745.0,742.35,744.49,60669.0,451326.8527
2025-08-03 04:00:00,744.49,745.11,741.58,743.24,58875.0,437660.0975
2025-08-03 05:00:00,743.24,745.38,743.12,745.11,72795.0,541869.4476
2025-08-03 06:00:00,745.11,745.8,743.41,745.53,258443.0,1925178.1528
2025-08-03 07:00:00,745.53,748.87,745.53,748.36,88596.0,662330.1024
2025-08-03 08:00:00,748.36,749.47,746.83,748.88,62363.0,466717.5885
2025-08-03 09:00:00,748.88,749.25,746.64,748.15,48228.0,360468.4281
2025-08-03 10:00:00,748.15,750.9,748.11,750.22,326439.0,2448064.9441
2025-08-03 11:00:00,750.22,753.59,748.66,748.81,482753.0,3627216.7898
2025-08-03 12:00:00,748.81,750.86,747.26,750.0,417352.0,3125102.628
2025-08-03 13:00:00,750.0,751.56,749.25,750.92,242331.0,1818767.3189
2025-08-03 14:00:00,750.92,751.06,746.75,748.25,95285.0,713105.172
2025-08-03 15:00:00,748.25,748.92,745.88,748.82,389232.0,2908288.1693
2025-08-03 16:00:00,748.82,752.17,747.36,751.68,594978.0,4461469.5202
2025-08-03 17:00:00,751.68,752.57,750.02,751.78,121851.0,916030.5535
2025-08-03 18:00:00,751.78,752.43,749.79,752.38,111133.0,834740.9911
2025-08-03 19:00:00,752.38,755.6,751.86,752.82,168396.0,1268608.386
2025-08-03 20:00:00,752.82,752.89,750.65,751.63,75435.0,566752.4206
2025-08-03 21:00:00,751.63,753.91,751.3,753.41,25807.0,194251.0965
2025-08-03 22:00:00,753.41,754.48,751.35,752.52,51786.0,389713.0844
2025-08-03 23:00:00,752.52,754.76,751.12,751.35,181832.0,1369455.9212
2025-08-04 00:00:00,751.35,759.3,750.6,758.68,244236.0,1846928.0032
2025-08-04 01:00:00,758.68,758.68,754.17,754.47,194495.0,1470484.2675
2025-08-04 02:00:00,754.47,756.73,752.37,756.51,272256.0,2052979.2004
2025-08-04 03:00:00,756.51,757.02,753.8,754.26,78380.0,591533.1495
2025-08-04 04:00:00,754.26,755.19,753.11,754.24,68048.0,513506.0691
2025-08-04 05:00:00,754.24,754.64,752.29,754.64,56139.0,423053.6006
2025-08-04 06:00:00,754.64,755.29,752.37,755.14,87175.0,656892.5125
2025-08-04 07:00:00,755.14,758.3,755.06,757.32,300712.0,2275769.5396
2025-08-04 08:00:00,757.32,759.6,756.46,758.67,511256.0,3878304.7977
2025-08-04 09:00:00,758.67,760.5,757.01,757.22,393413.0,2986281.0035
2025-08-04 10:00:00,757.22,759.22,756.55,757.45,149899.0,1137098.2661
2025-08-04 11:00:00,757.45,757.46,754.86,755.62,126631.0,957110.646
2025-08-04 12:00:00,755.62,758.2,755.31,758.07,157273.0,1191537.8033
2025-08-04 13:00:00,758.07,763.17,755.88,762.34,219687.0,1670438.6439
2025-08-04 14:00:00,762.34,765.76,759.78,761.22,384727.0,2938535.1009
2025-08-04 15:00:00,761.22,763.46,758.63,760.83,225153.0,1714819.4389
2025-08-04 16:00:00,760.83,769.06,760.75,768.35,158611.0,1214852.5102
2025-08-04 17:00:00,768.35,769.96,765.62,766.43,232736.0,1787872.3822
2025-08-04 18:00:00,766.43,767.49,763.58,764.15,38379.0,293652.792
2025-08-04 19:00:00,764.15,764.32,759.99,761.3,190469.0,1451791.5326
2025-08-04 20:00:00,761.3,765.78,760.37,764.96,243825.0,1862217.121
2025-08-04 21:00:00,764.96,767.69,764.96,766.36,78997.0,605663.4703
2025-08-04 22:00:00,766.36,767.6,765.49,767.6,126958.0,973157.0348
2025-08-04 23:00:00,767.6,770.0,767.57,768.89,437542.0,3365271.9514
2025-08-05 00:00:00,768.89,770.0,766.53,767.15,253181.0,1943723.2344
2025-08-05 01:00:00,767.15,768.4,763.28,763.72,64772.0,495630.6399
2025-08-05 02:00:00,763.72,766.82,763.71,766.82,128905.0,985662.832
2025-08-05 03:00:00,766.82,767.0,760.72,760.98,71548.0,545570.932
2025-08-05 04:00:00,760.98,763.05,760.19,761.85,182914.0,1392566.7989
2025-08-05 05:00:00,761.85,764.52,761.64,764.33,88527.0,675545.7009
2025-08-05 06:00:00,764.33,767.35,763.05,764.0,202580.0,1550405.5942
2025-08-05 07:00:00,764.0,764.0,755.27,757.71,312179.0,2372379.791
2025-08-05 08:00:00,757.71,759.67,755.85,758.11,389410.0,2951318.9877
2025-08-05 09:00:00,758.11,762.14,757.68,762.14,283066.0,2149289.1342
2025-08-05 10:00:00,762.14,766.0,761.36,764.48,144465.0,1104137.9332
2025-08-05 11:00:00,764.48,766.52,764.11,765.44,151874.0,1161921.8605
2025-08-05 12:00:00,765.44,765.88,757.86,758.56,359412.0,2736011.2442
2025-08-05 13:00:00,758.56,760.55,756.5,757.6,297264.0,2254942.8234
2025-08-05 14:00:00,757.6,757.6,746.5,748.37,1137619.0,8522762.1386
2025-08-05 15:00:00,748.37,753.92,747.0,749.4,673462.0,5052028.2412
2025-08-05 16:00:00,749.4,753.59,748.42,751.75,266459.0,2002282.4198
2025-08-05 17:00:00,751.75,753.48,749.09,753.15,131630.0,988087.21
2025-08-05 18:00:00,753.15,754.62,749.87,752.22,115985.0,872268.7935
2025-08-05 19:00:00,752.22,753.47,747.66,748.81,219103.0,1643343.1156
2025-08-05 20:00:00,748.81,752.72,747.66,747.99,85185.0,639931.1361
2025-08-05 21:00:00,747.99,751.25,747.1,749.28,48103.0,360715.0162
2025-08-05 22:00:00,749.28,753.83,745.54,753.56,277854.0,2085162.1599
2025-08-05 23:00:00,753.56,756.64,753.53,755.57,203603.0,1538355.4649
2025-08-06 00:00:00,755.57,756.4,751.6,752.09,105259.0,793883.6071
2025-08-06 01:00:00,752.09,753.2,747.62,750.71,94431.0,708481.8404
2025-08-06 02:00:00,750.71,750.83,746.5,750.58,48440.0,362902.1614
2025-08-06 03:00:00,750.58,750.97,747.56,748.87,73977.0,554212.32
2025-08-06 04:00:00,748.87,753.33,747.6,752.36,65323.0,490556.3721
2025-08-06 05:00:00,752.36,762.27,751.6,760.54,347660.0,2636939.766
2025-08-06 06:00:00,760.54,761.94,758.47,760.75,82969.0,631394.8372
2025-08-06 07:00:00,760.75,763.61,760.09,763.5,130017.0,990750.0956
2025-08-06 08:00:00,763.5,765.34,759.08,760.24,237649.0,1813476.7325
2025-08-06 09:00:00,760.24,764.89,759.24,763.41,90317.0,688251.8068
2025-08-06 10:00:00,763.41,764.69,761.52,763.06,72258.0,551890.274
2025-08-06 11:00:00,763.06,764.65,762.04,762.6,101283.0,773126.3955
2025-08-06 12:00:00,762.6,764.56,759.04,759.42,88508.0,674272.7365
2025-08-06 13:00:00,759.42,763.77,758.45,763.23,135506.0,1030990.9268
2025-08-06 14:00:00,763.23,769.49,761.7,769.19,244393.0,1872027.8377
2025-08-06 15:00:00,769.19,770.16,766.52,769.93,497745.0,3825317.1301
2025-08-06 16:00:00,769.93,770.34,766.31,768.12,214069.0,1645072.4161
2025-08-06 17:00:00,768.12,774.16,767.45,774.16,430070.0,3318811.1863
2025-08-06 18:00:00,774.16,775.38,771.88,773.41,247057.0,1912213.0824
2025-08-06 19:00:00,773.41,773.54,772.28,773.53,105807.0,817798.2582
2025-08-06 20:00:00,773.53,773.75,769.76,771.98,46114.0,355905.4987
2025-08-06 21:00:00,771.98,773.19,769.0,770.24,87552.0,674401.6921
2025-08-06 22:00:00,770.24,770.73,769.08,769.49,37433.0,288144.6311
2025-08-06 23:00:00,769.49,770.65,768.34,769.94,27047.0,208086.0304
2025-08-07 00:00:00,769.94,773.4,769.28,772.71,55387.0,427668.3719
2025-08-07 01:00:00,772.71,775.09,770.05,770.63,312667.0,2417076.3119
2025-08-07 02:00:00,770.63,771.41,767.46,768.18,154037.0,1185235.0547
2025-08-07 03:00:00,768.18,768.45,766.34,766.85,50732.0,389290.4038
2025-08-07 04:00:00,766.85,767.76,765.41,766.32,136017.0,1042046.0209
2025-08-07 05:00:00,766.32,768.82,765.28,767.56,196751.0,1509528.4241
2025-08-07 06:00:00,767.56,769.98,766.78,767.02,221838.0,1704478.4705
2025-08-07 07:00:00,767.02,769.04,766.56,768.62,36951.0,283627.2248
2025-08-07 08:00:00,768.62,769.72,764.92,766.52,132585.0,1016497.5559
2025-08-07 09:00:00,766.52,766.93,765.36,766.92,162867.0,1247933.8779
2025-08-07 10:00:00,766.92,778.82,766.38,777.59,344245.0,2665831.593
2025-08-07 11:00:00,777.59,779.9,776.48,777.23,273299.0,2125452.4401
2025-08-07 12:00:00,777.23,778.25,773.07,776.24,195303.0,1514059.1465
2025-08-07 13:00:00,776.24,777.55,774.25,776.69,259411.0,2012907.2232
2025-08-07 14:00:00,776.69,776.91,771.16,771.57,288398.0,2230192.4503
2025-08-07 15:00:00,771.57,776.08,771.0,775.95,675308.0,5222017.1623
2025-08-07 16:00:00,775.95,776.36,768.32,773.3,341894.0,2645893.8543
2025-08-07 17:00:00,773.3,776.23,772.5,776.19,306673.0,2376533.8987
2025-08-07 18:00:00,776.19,778.47,774.68,778.42,130200.0,1011551.2307
2025-08-07 19:00:00,778.42,780.99,776.99,780.89,106181.0,827302.2842
2025-08-07 20:00:00,780.89,782.11,780.47,781.6,114092.0,891532.3526
2025-08-07 21:00:00,781.6,783.83,781.5,783.32,175894.0,1377060.6311
2025-08-07 22:00:00,783.32,787.52,783.1,787.23,310013.0,2432303.9962
2025-08-07 23:00:00,787.23,788.99,784.92,788.99,108888.0,856348.7782
2025-08-08 00:00:00,788.99,793.12,783.88,786.7,583916.0,4597385.6358
2025-08-08 01:00:00,786.7,788.01,781.92,783.04,311923.0,2445072.8963
2025-08-08 02:00:00,783.04,785.08,781.15,784.52,117831.0,922937.3198
2025-08-08 03:00:00,784.52,788.5,783.69,786.68,326709.0,2567438.0298
2025-08-08 04:00:00,786.68,787.89,784.77,787.66,243990.0,1918313.612
2025-08-08 05:00:00,787.66,787.66,784.5,785.65,292746.0,2300104.606
2025-08-08 06:00:00,785.65,791.3,784.28,791.21,847694.0,6672922.8611
2025-08-08 07:00:00,791.21,792.12,788.53,790.1,304560.0,2407742.6174
2025-08-08 08:00:00,790.1,791.19,786.21,787.27,328420.0,2587890.7097
2025-08-08 09:00:00,787.27,787.57,784.52,786.62,671935.0,5280440.4506
2025-08-08 10:00:00,786.62,788.58,785.79,788.51,103867.0,817410.8958
2025-08-08 11:00:00,788.51,790.19,788.22,789.65,84202.0,664372.8115
2025-08-08 12:00:00,789.65,789.65,785.16,785.84,369045.0,2902194.8228
2025-08-08 13:00:00,785.84,794.54,785.84,793.43,313932.0,2483600.5625
2025-08-08 14:00:00,793.43,797.2,786.67,789.39,439286.0,3479238.2191
2025-08-08 15:00:00,789.39,789.98,782.11,785.15,670897.0,5272102.8387
2025-08-08 16:00:00,785.15,787.33,784.95,786.52,93811.0,737436.6349
2025-08-08 17:00:00,786.52,795.17,786.52,795.13,191464.0,1516360.3787
2025-08-08 18:00:00,795.13,796.9,792.24,793.47,351036.0,2790769.4713
2025-08-08 19:00:00,793.47,795.89,792.62,795.89,157822.0,1253359.2688
2025-08-08 20:00:00,795.89,796.9,794.06,796.62,155882.0,1239935.5145
2025-08-08 21:00:00,796.62,797.03,795.32,796.52,279312.0,2223829.852
2025-08-08 22:00:00,796.52,798.91,794.98,795.1,148829.0,1186406.3387
2025-08-08 23:00:00,795.1,796.5,793.1,793.71,65083.0,516995.9866
2025-08-09 00:00:00,793.71,796.38,793.3,794.11,28718.0,228147.4801
2025-08-09 01:00:00,794.11,797.92,792.95,797.12,56888.0,452726.8876
2025-08-09 02:00:00,797.12,797.55,795.73,796.44,156664.0,1248241.192
2025-08-09 03:00:00,796.44,797.73,794.97,797.38,53089.0,422738.9519
2025-08-09 04:00:00,797.38,801.59,797.05,801.58,160582.0,1284465.7465
2025-08-09 05:00:00,801.58,810.66,801.16,809.44,375063.0,3031179.3789
2025-08-09 06:00:00,809.44,809.72,804.42,805.15,410732.0,3311383.1202
2025-08-09 07:00:00,805.15,809.92,804.52,809.92,173221.0,1397895.1525
2025-08-09 08:00:00,809.92,810.29,806.43,808.3,260020.0,2102537.3385
2025-08-09 09:00:00,808.3,814.18,807.87,814.09,401358.0,3254161.6499
2025-08-09 10:00:00,814.09,819.57,813.73,816.64,297697.0,2433164.6428
2025-08-09 11:00:00,816.64,816.89,811.67,812.12,175885.0,1433384.8021
2025-08-09 12:00:00,812.12,815.47,811.66,815.26,212715.0,1732733.5294
2025-08-09 13:00:00,815.26,816.07,807.58,807.84,246997.0,2002538.2209
2025-08-09 14:00:00,807.84,810.24,805.53,809.57,264474.0,2137700.8771
2025-08-09 15:00:00,809.57,810.69,805.39,806.75,119048.0,961253.0755
2025-08-09 16:00:00,806.75,808.64,803.23,804.1,181306.0,1460985.1505
2025-08-09 17:00:00,804.1,806.69,803.92,804.99,74730.0,601704.936
2025-08-09 18:00:00,804.99,806.96,803.81,806.62,199896.0,1609908.711
2025-08-09 19:00:00,806.62,809.26,804.56,805.07,124244.0,1002220.3473
2025-08-09 20:00:00,805.07,807.68,803.73,807.6,678379.0,5464106.9403
2025-08-09 21:00:00,807.6,807.91,800.7,802.88,1271362.0,10211969.6918
2025-08-09 22:00:00,802.88,805.58,798.6,798.88,857764.0,6881714.5109
2025-08-09 23:00:00,798.88,800.0,798.28,799.16,203906.0,1629606.7669
2025-08-10 00:00:00,799.16,805.74,799.16,805.55,219728.0,1762070.9741
2025-08-10 01:00:00,805.55,809.06,803.47,809.01,284544.0,2295510.0824
2025-08-10 02:00:00,809.01,810.24,807.29,808.36,398622.0,3223030.2994
2025-08-10 03:00:00,808.36,813.64,807.84,811.77,115159.0,933456.9451
2025-08-10 04:00:00,811.77,815.94,810.69,815.79,220841.0,1798328.9444
2025-08-10 05:00:00,815.79,815.95,810.42,812.95,457260.0,3721059.9474
2025-08-10 06:00:00,812.95,813.08,805.29,808.37,382816.0,3092183.965
2025-08-10 07:00:00,808.37,811.35,798.82,799.83,544372.0,4384590.3378
2025-08-10 08:00:00,799.83,804.54,794.03,804.37,539959.0,4303889.4129
2025-08-10 09:00:00,804.37,805.16,801.78,803.72,240595.0,1932961.131
2025-08-10 10:00:00,803.72,805.05,798.63,798.98,226326.0,1813623.7176
2025-08-10 11:00:00,798.98,802.26,797.29,799.48,292987.0,2343352.2938
2025-08-10 12:00:00,799.48,803.51,798.16,803.3,182837.0,1464764.434
2025-08-10 13:00:00,803.3,804.18,797.23,797.84,291995.0,2338922.429
2025-08-10 14:00:00,797.84,802.6,796.11,801.84,343151.0,2746233.5829
2025-08-10 15:00:00,801.84,803.99,800.77,802.37,150856.0,1210392.618
2025-08-10 16:00:00,802.37,802.94,801.04,801.74,325921.0,2614048.7778
2025-08-10 17:00:00,801.74,803.08,800.48,802.39,73172.0,586764.8099
2025-08-10 18:00:00,802.39,803.3,801.82,803.1,91982.0,738251.3138
2025-08-10 19:00:00,803.1,804.98,802.73,803.2,365662.0,2938940.0945
2025-08-10 20:00:00,803.2,803.85,800.95,802.49,330068.0,2648915.1263
2025-08-10 21:00:00,802.49,802.51,799.56,802.23,271086.0,2171271.5726
2025-08-10 22:00:00,802.23,806.02,800.61,805.93,139700.0,1121501.0643
2025-08-10 23:00:00,805.93,807.66,803.27,807.66,159052.0,1282196.4116
2025-08-11 00:00:00,807.66,812.56,807.05,807.05,473374.0,3832561.186
2025-08-11 01:00:00,807.05,814.06,806.55,812.06,537570.0,4361176.3708
2025-08-11 02:00:00,812.06,828.2,811.87,825.88,583292.0,4783689.1421
2025-08-11 03:00:00,825.88,825.88,818.59,821.73,188327.0,1549589.4617
2025-08-11 04:00:00,821.73,824.84,821.02,821.02,203946.0,1678684.1156
2025-08-11 05:00:00,821.02,825.01,819.66,821.03,95623.0,786632.0522
2025-08-11 06:00:00,821.03,823.9,818.8,821.7,282699.0,2319989.1185
2025-08-11 07:00:00,821.7,821.88,810.42,812.2,355481.0,2905106.7154
2025-08-11 08:00:00,812.2,816.92,809.37,816.16,175254.0,1425695.1489
2025-08-11 09:00:00,816.16,816.23,810.36,811.55,160434.0,1303419.1015
2025-08-11 10:00:00,811.55,811.61,806.37,807.16,169542.0,1370935.1227
2025-08-11 11:00:00,807.16,807.47,793.35,796.21,693382.0,5554860.99
2025-08-11 12:00:00,796.21,800.09,794.41,797.34,426976.0,3405970.3022
2025-08-11 13:00:00,797.34,802.71,792.6,799.4,638616.0,5088289.6295
2025-08-11 14:00:00,799.4,805.51,798.82,803.58,414018.0,3318812.9941
2025-08-11 15:00:00,803.58,807.72,800.5,807.7,291042.0,2337068.3777
2025-08-11 16:00:00,807.7,812.4,803.93,808.73,342161.0,2767584.5116
2025-08-11 17:00:00,808.73,810.4,804.19,805.1,244351.0,1975716.6311
2025-08-11 18:00:00,805.1,810.33,801.35,810.16,296474.0,2395245.4652
2025-08-11 19:00:00,810.16,811.18,802.59,806.48,763847.0,6167783.0733
2025-08-11 20:00:00,806.48,807.75,803.95,807.66,427510.0,3448503.0221
2025-08-11 21:00:00,807.66,809.53,797.87,803.03,306950.0,2468492.3029
2025-08-11 22:00:00,803.03,803.77,797.61,802.93,228854.0,1833460.2389
2025-08-11 23:00:00,802.93,810.52,802.42,805.25,104717.0,844493.5605
2025-08-12 00:00:00,805.25,815.32,803.83,814.23,68649.0,556110.0038
2025-08-12 01:00:00,814.23,815.21,809.65,810.2,86657.0,704651.6167
2025-08-12 02:00:00,810.2,814.84,809.88,813.12,233823.0,1901078.4554
2025-08-12 03:00:00,813.12,814.04,808.4,808.55,53135.0,430646.8819
2025-08-12 04:00:00,808.55,813.56,808.37,812.66,200238.0,1626466.9073
2025-08-12 05:00:00,812.66,812.66,804.1,806.6,147605.0,1192616.436
2025-08-12 06:00:00,806.6,809.51,803.24,807.14,138470.0,1118756.732
2025-08-12 07:00:00,807.14,811.24,807.14,808.14,81633.0,660748.3146
2025-08-12 08:00:00,808.14,809.27,805.56,805.62,45017.0,363390.2646
2025-08-12 09:00:00,805.62,806.07,801.2,801.41,215622.0,1732560.2422
2025-08-12 10:00:00,801.41,802.28,798.55,800.84,134777.0,1079613.2718
2025-08-12 11:00:00,800.84,803.55,797.79,803.32,114499.0,916087.7647
2025-08-12 12:00:00,803.32,814.76,800.69,814.36,763241.0,6174343.1222
2025-08-12 13:00:00,814.36,814.71,807.35,811.31,765091.0,6203919.8631
2025-08-12 14:00:00,811.31,816.33,810.93,814.48,355181.0,2892738.2379
2025-08-12 15:00:00,814.48,821.15,813.84,821.15,394718.0,3231887.5845
2025-08-12 16:00:00,821.15,827.56,821.15,826.4,493624.0,4069897.9296
2025-08-12 17:00:00,826.4,830.35,825.48,826.09,431898.0,3576231.4623
2025-08-12 18:00:00,826.09,832.08,826.0,828.84,298090.0,2474539.821
2025-08-12 19:00:00,828.84,833.38,828.84,832.2,197441.0,1641500.3189
2025-08-12 20:00:00,832.2,840.62,831.87,838.16,934875.0,7825480.1206
2025-08-12 21:00:00,838.16,839.12,832.05,832.36,361418.0,3019337.4085
2025-08-12 22:00:00,832.36,836.75,831.21,835.47,341243.0,2846226.2431
2025-08-12 23:00:00,835.47,836.47,832.86,833.05,314637.0,2627518.1634
2025-08-13 00:00:00,833.05,839.17,832.42,835.93,417713.0,3493164.5175
2025-08-13 01:00:00,835.93,835.93,829.82,830.98,414154.0,3446323.0365
2025-08-13 02:00:00,830.98,838.42,828.95,837.19,250774.0,2087774.9216
2025-08-13 03:00:00,837.19,841.37,834.85,836.75,234885.0,1970249.1521
2025-08-13 04:00:00,836.75,840.2,836.56,837.74,294244.0,2467108.736
2025-08-13 05:00:00,837.74,840.19,835.13,836.81,375601.0,3145060.5345
2025-08-13 06:00:00,836.81,837.85,833.56,835.39,639203.0,5341087.5459
2025-08-13 07:00:00,835.39,855.21,835.17,847.3,1451119.0,12304151.839
2025-08-13 08:00:00,847.3,853.25,845.0,852.56,508923.0,4320688.5424
2025-08-13 09:00:00,852.56,859.13,851.21,853.16,1553053.0,13276376.4942
2025-08-13 10:00:00,853.16,857.24,849.68,854.53,978832.0,8344645.4104
2025-08-13 11:00:00,854.53,856.45,851.92,855.45,445492.0,3805619.3975
2025-08-13 12:00:00,855.45,857.92,851.6,853.1,642315.0,5489911.9175
2025-08-13 13:00:00,853.1,859.57,849.41,853.74,1325037.0,11312195.6739
2025-08-13 14:00:00,853.74,854.25,846.21,846.75,310632.0,2642373.1547
2025-08-13 15:00:00,846.75,848.81,838.74,842.28,640023.0,5391895.8329
2025-08-13 16:00:00,842.28,849.11,842.28,844.2,557657.0,4712897.3236
2025-08-13 17:00:00,844.2,846.64,842.7,844.3,392448.0,3312535.804
2025-08-13 18:00:00,844.3,845.28,838.05,840.34,455649.0,3831410.3824
2025-08-13 19:00:00,840.34,845.84,840.33,845.76,66722.0,562908.3196
2025-08-13 20:00:00,845.76,845.84,840.58,841.32,221715.0,1867837.7578
2025-08-13 21:00:00,841.32,845.32,840.92,844.03,508870.0,4293019.7471
2025-08-13 22:00:00,844.03,849.58,843.42,846.96,1114573.0,9442073.3455
2025-08-13 23:00:00,846.96,850.4,846.77,848.3,548672.0,4657046.8832
2025-08-14 00:00:00,848.3,851.75,845.0,845.98,661613.0,5612800.518
2025-08-14 01:00:00,845.98,850.91,844.37,847.36,570672.0,4837430.7509
2025-08-14 02:00:00,847.36,853.77,847.1,853.5,384149.0,3263044.9283
2025-08-14 03:00:00,853.5,857.48,851.47,855.65,533460.0,4562695.9069
2025-08-14 04:00:00,855.65,856.71,852.69,855.19,73084.0,624913.7649
2025-08-14 05:00:00,855.19,858.23,850.4,851.95,349590.0,2986121.0175
2025-08-14 06:00:00,851.95,866.8,850.43,864.91,829829.0,7126863.555
2025-08-14 07:00:00,864.91,865.39,856.05,858.31,528259.0,4540056.7758
2025-08-14 08:00:00,858.31,860.72,855.95,859.39,254508.0,2184041.8263
2025-08-14 09:00:00,859.39,869.16,856.29,866.57,908603.0,7867274.1789
2025-08-14 10:00:00,866.57,870.14,857.93,860.33,1633259.0,14119335.7694
2025-08-14 11:00:00,860.33,864.48,858.29,862.6,723079.0,6222091.4042
2025-08-14 12:00:00,862.6,866.0,833.6,835.89,1433616.0,12149335.4478
2025-08-14 13:00:00,835.89,847.47,821.23,844.67,2245933.0,18732003.3989
2025-08-14 14:00:00,844.67,857.17,840.5,853.42,1173024.0,9949806.0422
2025-08-14 15:00:00,853.42,856.09,845.39,847.52,812228.0,6908459.2417
2025-08-14 16:00:00,847.52,848.52,833.5,835.35,1170708.0,9848568.5261
2025-08-14 17:00:00,835.35,842.5,831.97,833.92,1395893.0,11691396.3526
2025-08-14 18:00:00,833.92,841.15,828.39,839.39,432346.0,3618837.4152
2025-08-14 19:00:00,839.39,843.92,837.43,838.8,156890.0,1318342.2168
2025-08-14 20:00:00,838.8,838.8,831.5,834.56,343183.0,2868941.6086
2025-08-14 21:00:00,834.56,838.74,825.19,830.76,303140.0,2518179.3309
2025-08-14 22:00:00,830.76,840.35,826.72,839.68,353435.0,2952678.6031
2025-08-14 23:00:00,839.68,843.39,838.24,840.8,378903.0,3186437.7468
2025-08-15 00:00:00,840.8,843.65,835.51,838.02,243737.0,2047258.3046
2025-08-15 01:00:00,838.02,845.38,834.13,844.74,200377.0,1685073.2262
2025-08-15 02:00:00,844.74,845.24,841.34,841.37,274851.0,2320015.3481
2025-08-15 03:00:00,841.37,849.76,840.19,849.08,254338.0,2155604.6383
2025-08-15 04:00:00,849.08,853.19,847.58,849.78,293734.0,2496086.7893
2025-08-15 05:00:00,849.78,851.47,845.79,849.23,210448.0,1785456.5902
2025-08-15 06:00:00,849.23,853.92,849.23,852.66,129652.0,1105380.5341
2025-08-15 07:00:00,852.66,853.52,846.75,848.61,150916.0,1282707.5869
2025-08-15 08:00:00,848.61,853.02,848.61,850.72,103909.0,884698.8006
2025-08-15 09:00:00,850.72,852.96,844.71,846.54,139316.0,1183013.3455
2025-08-15 10:00:00,846.54,848.67,841.56,845.95,330522.0,2791061.0672
2025-08-15 11:00:00,845.95,848.0,843.67,844.19,48409.0,409196.0472
2025-08-15 12:00:00,844.19,847.61,839.31,843.77,255190.0,2154083.6222
2025-08-15 13:00:00,843.77,845.72,831.52,832.67,572912.0,4796570.89
2025-08-15 14:00:00,832.67,836.58,826.84,827.33,846858.0,7050828.2157
2025-08-15 15:00:00,827.33,828.72,815.94,818.99,1328140.0,10941318.0954
2025-08-15 16:00:00,818.99,820.49,812.86,818.93,656213.0,5363562.5491
2025-08-15 17:00:00,818.93,826.18,817.3,824.7,531484.0,4367715.2577
2025-08-15 18:00:00,824.7,825.98,819.53,821.36,150172.0,1235647.2149
2025-08-15 19:00:00,821.36,825.17,819.45,821.09,49886.0,409739.4991
2025-08-15 20:00:00,821.09,826.91,819.47,826.73,92007.0,757481.1838
2025-08-15 21:00:00,826.73,827.56,823.02,826.19,687874.0,5675961.4472
2025-08-15 22:00:00,826.19,831.88,824.0,831.32,194245.0,1606105.6688
2025-08-15 23:00:00,831.32,832.23,825.39,828.13,270635.0,2239216.2016
2025-08-16 00:00:00,828.13,835.16,826.44,834.35,108599.0,902753.1147
2025-08-16 01:00:00,834.35,836.98,832.63,836.52,62249.0,519806.2208
2025-08-16 02:00:00,836.52,836.52,831.61,832.1,251340.0,2094893.4232
2025-08-16 03:00:00,832.1,834.52,831.41,832.17,150137.0,1251483.7702
2025-08-16 04:00:00,832.17,837.4,832.07,837.36,172956.0,1446022.0503
2025-08-16 05:00:00,837.36,837.36,832.76,832.79,202826.0,1696502.4983
2025-08-16 06:00:00,832.79,833.8,830.53,832.53,79927.0,665269.5379
2025-08-16 07:00:00,832.53,836.75,832.44,835.88,209893.0,1754123.3223
2025-08-16 08:00:00,835.88,836.66,834.34,835.77,66842.0,558482.479
2025-08-16 09:00:00,835.77,836.45,829.82,829.99,109479.0,913531.472
2025-08-16 10:00:00,829.99,831.67,827.05,828.57,237950.0,1972330.4823
2025-08-16 11:00:00,828.57,833.2,826.81,826.86,311565.0,2586688.4088
2025-08-16 12:00:00,826.86,830.85,825.58,830.85,141281.0,1170962.4952
2025-08-16 13:00:00,830.85,833.58,828.34,829.07,132838.0,1104100.2854
2025-08-16 14:00:00,829.07,835.47,828.7,835.28,224842.0,1872916.4064
2025-08-16 15:00:00,835.28,835.93,831.82,832.13,231789.0,1932571.4027
2025-08-16 16:00:00,832.13,835.28,831.89,834.4,123356.0,1029055.8816
2025-08-16 17:00:00,834.4,834.44,831.61,834.22,57456.0,478641.219
2025-08-16 18:00:00,834.22,835.65,833.21,835.11,46884.0,391389.2319
2025-08-16 19:00:00,835.11,836.81,834.74,834.74,92490.0,773069.0096
2025-08-16 20:00:00,834.74,836.5,833.75,836.5,77838.0,650396.7375
2025-08-16 21:00:00,836.5,836.55,835.18,835.21,29885.0,249856.5551
2025-08-16 22:00:00,835.21,837.64,834.34,836.99,53168.0,444729.2054
2025-08-16 23:00:00,836.99,839.68,835.93,839.01,63519.0,532329.5751
2025-08-17 00:00:00,839.01,850.48,838.36,847.81,440047.0,3709032.7192
2025-08-17 01:00:00,847.81,852.09,843.66,849.1,297942.0,2522830.1032
2025-08-17 02:00:00,849.1,850.32,844.64,847.03,157153.0,1331520.8478
2025-08-17 03:00:00,847.03,847.48,844.05,845.18,165455.0,1398504.2331
2025-08-17 04:00:00,845.18,849.44,845.18,849.21,128292.0,1087974.8917
2025-08-17 05:00:00,849.21,850.64,848.04,848.04,134691.0,1143856.857
2025-08-17 06:00:00,848.04,851.91,848.04,849.67,494685.0,4205143.6128
2025-08-17 07:00:00,849.67,856.22,848.84,854.67,226423.0,1931699.5196
2025-08-17 08:00:00,854.67,857.39,852.07,857.08,178668.0,1526459.2633
2025-08-17 09:00:00,857.08,864.47,857.08,862.18,385473.0,3320097.896
2025-08-17 10:00:00,862.18,862.86,859.65,860.52,97921.0,842902.6251
2025-08-17 11:00:00,860.52,863.66,860.01,861.92,132560.0,1142444.5108
2025-08-17 12:00:00,861.92,862.6,858.09,859.07,128608.0,1106585.6593
2025-08-17 13:00:00,859.07,859.68,855.72,858.31,284763.0,2441870.0404
2025-08-17 14:00:00,858.31,859.56,856.72,858.49,101436.0,870950.1306
2025-08-17 15:00:00,858.49,862.47,858.24,860.33,187287.0,1611499.5077
2025-08-17 16:00:00,860.33,861.73,855.28,856.52,149508.0,1281656.1031
2025-08-17 17:00:00,856.52,857.0,853.83,855.72,261009.0,2233561.9011
2025-08-17 18:00:00,855.72,856.46,849.17,852.56,131734.0,1123696.7636
2025-08-17 19:00:00,852.56,855.28,851.64,851.64,230171.0,1964784.53
2025-08-17 20:00:00,851.64,853.69,851.12,852.69,102230.0,871535.011
2025-08-17 21:00:00,852.69,854.94,851.57,854.57,76908.0,656088.1348
2025-08-17 22:00:00,854.57,858.5,854.41,858.32,115680.0,991291.2147
2025-08-17 23:00:00,858.32,859.48,855.43,855.8,73671.0,631985.4464
2025-08-18 00:00:00,855.8,858.46,851.52,857.64,133255.0,1139216.6248
2025-08-18 01:00:00,857.64,859.1,844.34,844.38,391627.0,3329933.7672
2025-08-18 02:00:00,844.38,845.36,836.72,837.68,315329.0,2650837.0572
2025-08-18 03:00:00,837.68,839.02,831.93,836.0,173156.0,1446272.5519
2025-08-18 04:00:00,836.0,839.71,833.13,837.85,204488.0,1709924.9822
2025-08-18 05:00:00,837.85,839.98,828.69,835.66,290208.0,2420704.0601
2025-08-18 06:00:00,835.66,835.66,825.38,828.9,524070.0,4343240.55
2025-08-18 07:00:00,828.9,830.96,827.59,830.44,119946.0,995353.0884
2025-08-18 08:00:00,830.44,833.88,828.98,832.01,140069.0,1166026.6611
2025-08-18 09:00:00,832.01,837.65,829.92,832.68,326061.0,2716352.3284
2025-08-18 10:00:00,832.68,833.6,830.35,831.51,502256.0,4176876.4693
2025-08-18 11:00:00,831.51,832.59,830.48,831.85,303072.0,2520369.0721
2025-08-18 12:00:00,831.85,839.92,830.92,839.92,268476.0,2245089.9139
2025-08-18 13:00:00,839.92,840.49,832.36,832.36,483028.0,4046574.6549
2025-08-18 14:00:00,832.36,839.14,832.36,839.02,170965.0,1429195.3517
2025-08-18 15:00:00,839.02,842.67,836.12,842.11,237863.0,1999712.6505
2025-08-18 16:00:00,842.11,844.01,838.74,839.76,638514.0,5375688.7597
2025-08-18 17:00:00,839.76,848.32,838.92,846.32,365337.0,3081811.1381
2025-08-18 18:00:00,846.32,846.65,843.1,846.08,149845.0,1266131.426
2025-08-18 19:00:00,846.08,846.99,842.7,845.16,402756.0,3402597.2285
2025-08-18 20:00:00,845.16,847.22,843.12,845.68,268213.0,2268253.4377
2025-08-18 21:00:00,845.68,847.03,843.97,846.32,111012.0,939176.6403
2025-08-18 22:00:00,846.32,856.53,846.32,854.79,348346.0,2969845.9211
2025-08-18 23:00:00,854.79,855.42,846.84,847.5,187750.0,1599762.1942
2025-08-19 00:00:00,847.5,850.65,840.5,849.69,318634.0,2693251.005
2025-08-19 01:00:00,849.69,850.4,842.56,843.1,314453.0,2664004.4857
2025-08-19 02:00:00,843.1,852.57,841.01,851.0,324628.0,2741581.6026
2025-08-19 03:00:00,851.0,852.5,841.92,842.44,476009.0,4028497.6099
2025-08-19 04:00:00,842.44,849.8,837.94,849.5,472703.0,3987583.7069
2025-08-19 05:00:00,849.5,850.4,842.87,844.17,162198.0,1373352.26
2025-08-19 06:00:00,844.17,844.54,840.91,841.76,154103.0,1297768.0705
2025-08-19 07:00:00,841.76,842.2,835.83,838.5,193114.0,1619419.2784
2025-08-19 08:00:00,838.5,842.47,836.13,841.31,173400.0,1454447.6609
2025-08-19 09:00:00,841.31,845.86,841.0,844.81,232598.0,1963601.2913
2025-08-19 10:00:00,844.81,846.93,843.89,844.55,145917.0,1233462.7092
2025-08-19 11:00:00,844.55,848.72,844.55,846.75,292791.0,2478319.7424
2025-08-19 12:00:00,846.75,846.84,843.5,845.38,174587.0,1475989.4379
2025-08-19 13:00:00,845.38,848.09,840.27,842.94,708673.0,5978727.4221
2025-08-19 14:00:00,842.94,846.15,830.45,830.76,1205512.0,10101565.7698
2025-08-19 15:00:00,830.76,838.24,830.09,832.49,711785.0,5941509.0868
2025-08-19 16:00:00,832.49,833.11,826.98,827.99,431603.0,3581956.3536
2025-08-19 17:00:00,827.99,834.32,825.76,833.9,349616.0,2906093.7408
2025-08-19 18:00:00,833.9,834.55,826.28,827.82,251526.0,2090266.3515
2025-08-19 19:00:00,827.82,835.48,825.3,833.09,193453.0,1606226.7837
2025-08-19 20:00:00,833.09,836.79,829.76,836.06,110512.0,921007.1931
2025-08-19 21:00:00,836.06,837.55,834.92,837.17,105988.0,886489.369
2025-08-19 22:00:00,837.17,837.17,833.56,835.59,150499.0,1256679.7661
2025-08-19 23:00:00,835.59,835.59,823.31,824.3,267107.0,2209311.4284
2025-08-20 00:00:00,824.3,829.9,824.0,825.67,233853.0,1934736.011
2025-08-20 01:00:00,825.67,830.8,818.66,828.54,479247.0,3945458.9456
2025-08-20 02:00:00,828.54,831.36,826.87,830.68,196777.0,1633051.0622
2025-08-20 03:00:00,830.68,837.36,829.5,836.64,290452.0,2425247.3027
2025-08-20 04:00:00,836.64,837.5,834.84,836.11,145364.0,1215842.3153
2025-08-20 05:00:00,836.11,836.48,833.54,834.82,369573.0,3084764.8423
2025-08-20 06:00:00,834.82,837.2,832.77,836.55,434318.0,3627363.4506
2025-08-20 07:00:00,836.55,837.85,834.15,834.68,503671.0,4213319.6059
2025-08-20 08:00:00,834.68,835.21,833.24,834.73,327654.0,2733441.2037
2025-08-20 09:00:00,834.73,835.25,829.2,829.71,253506.0,2108740.272
2025-08-20 10:00:00,829.71,834.4,829.71,834.1,281086.0,2339462.1857
2025-08-20 11:00:00,834.1,834.79,826.5,831.39,311931.0,2591299.9288
2025-08-20 12:00:00,831.39,834.81,830.22,833.0,376646.0,3138382.0132
2025-08-20 13:00:00,833.0,833.12,823.5,824.93,349101.0,2886582.0345
2025-08-20 14:00:00,824.93,831.2,819.22,829.12,362284.0,2986562.4843
2025-08-20 15:00:00,829.12,838.11,828.54,833.53,393238.0,3285294.501
2025-08-20 16:00:00,833.53,844.25,833.52,840.72,353017.0,2963619.7231
2025-08-20 17:00:00,840.72,848.05,839.65,845.77,439749.0,3711760.6745
2025-08-20 18:00:00,845.77,854.32,843.79,854.19,621056.0,5271929.0663
2025-08-20 19:00:00,854.19,870.94,853.73,869.49,1014545.0,8781907.3247
2025-08-20 20:00:00,869.49,875.73,867.14,873.37,1280134.0,11161778.5738
2025-08-20 21:00:00,873.37,881.81,871.94,877.92,1738364.0,15270469.5052
2025-08-20 22:00:00,877.92,880.52,873.94,876.09,783680.0,6873700.4845
2025-08-20 23:00:00,876.09,877.46,869.37,869.71,834957.0,7287307.276
2025-08-21 00:00:00,869.71,876.78,868.05,875.25,528629.0,4608414.9893
2025-08-21 01:00:00,875.25,884.54,870.99,883.33,417022.0,3663726.4266
2025-08-21 02:00:00,883.33,883.33,867.52,869.64,621969.0,5439959.607
2025-08-21 03:00:00,869.64,873.82,866.74,866.95,229787.0,1996906.6418
2025-08-21 04:00:00,866.95,866.95,863.29,864.29,468285.0,4050128.1365
2025-08-21 05:00:00,864.29,865.03,858.65,863.92,572703.0,4935925.727
2025-08-21 06:00:00,863.92,867.08,861.8,865.36,569283.0,4920981.3739
2025-08-21 07:00:00,865.36,865.36,858.59,862.99,395040.0,3405732.8759
2025-08-21 08:00:00,862.99,864.8,857.28,857.4,287970.0,2477339.9576
2025-08-21 09:00:00,857.4,857.55,850.04,851.97,766017.0,6530981.7642
2025-08-21 10:00:00,851.97,852.89,850.32,851.23,991779.0,8443509.9997
2025-08-21 11:00:00,851.23,855.54,850.31,851.93,1241061.0,10599459.1901
2025-08-21 12:00:00,851.93,854.81,847.27,848.46,1178586.0,10040764.0944
2025-08-21 13:00:00,848.46,854.26,847.88,851.05,996963.0,8488324.2182
2025-08-21 14:00:00,851.05,856.76,847.51,850.64,277404.0,2364656.6734
2025-08-21 15:00:00,850.64,851.25,840.19,842.04,829800.0,7014226.1627
2025-08-21 16:00:00,842.04,845.06,838.89,839.0,526139.0,4430570.2145
2025-08-21 17:00:00,839.0,843.89,838.42,842.5,231545.0,1946133.2885
2025-08-21 18:00:00,842.5,843.13,837.29,840.49,638171.0,5363958.4126
2025-08-21 19:00:00,840.49,842.02,835.45,836.55,593269.0,4974596.915
2025-08-21 20:00:00,836.55,841.4,833.79,838.9,499721.0,4183767.2708
2025-08-21 21:00:00,838.9,841.0,835.86,839.97,296750.0,2489090.8988
2025-08-21 22:00:00,839.97,843.25,838.98,842.42,383488.0,3225235.4294
2025-08-21 23:00:00,842.42,842.42,837.95,839.75,288149.0,2420754.5048
2025-08-22 00:00:00,839.75,844.23,839.75,842.56,111327.0,938392.261
2025-08-22 01:00:00,842.56,846.8,839.55,846.8,336859.0,2845071.0988
2025-08-22 02:00:00,846.8,853.79,846.45,849.27,696282.0,5918040.2519
2025-08-22 03:00:00,849.27,851.7,845.16,846.03,90108.0,764701.2216
2025-08-22 04:00:00,846.03,851.04,846.03,849.72,114129.0,969470.7621
2025-08-22 05:00:00,849.72,852.32,849.22,850.48,184731.0,1572162.709
2025-08-22 06:00:00,850.48,851.21,846.11,850.33,179586.0,1525083.248
2025-08-22 07:00:00,850.33,854.89,850.0,851.49,391043.0,3337736.9317
2025-08-22 08:00:00,851.49,855.67,851.48,852.15,197991.0,1690810.9799
2025-08-22 09:00:00,852.15,853.23,847.51,849.41,535645.0,4550350.5773
2025-08-22 10:00:00,849.41,849.47,845.05,847.43,279252.0,2364834.8546
2025-08-22 11:00:00,847.43,850.8,844.73,849.38,187803.0,1592735.3927
2025-08-22 12:00:00,849.38,851.01,843.23,848.79,451447.0,3823835.2108
2025-08-22 13:00:00,848.79,854.65,846.64,851.05,508455.0,4329033.1713
2025-08-22 14:00:00,851.05,875.53,851.05,872.86,1442881.0,12484397.8856
2025-08-22 15:00:00,872.86,882.7,872.86,877.06,645180.0,5672376.9824
2025-08-22 16:00:00,877.06,886.58,877.06,885.15,521579.0,4607349.3438
2025-08-22 17:00:00,885.15,897.71,885.15,895.23,894335.0,7977231.5616
2025-08-22 18:00:00,895.23,899.29,891.87,893.45,714224.0,6389246.9821
2025-08-22 19:00:00,893.45,897.67,892.43,895.35,288069.0,2580089.5398
2025-08-22 20:00:00,895.35,896.72,893.4,896.72,134902.0,1207807.9962
2025-08-22 21:00:00,896.72,900.97,896.17,898.46,437531.0,3936166.0596
2025-08-22 22:00:00,898.46,899.03,894.65,896.79,437615.0,3920993.4598
2025-08-22 23:00:00,896.79,906.23,895.91,901.01,2351712.0,21185384.4338
2025-08-23 00:00:00,901.01,901.01,891.44,891.46,596643.0,5346184.3372
2025-08-23 01:00:00,891.46,891.76,882.17,889.11,379758.0,3369115.7698
2025-08-23 02:00:00,889.11,889.47,876.5,884.76,450818.0,3980966.8287
2025-08-23 03:00:00,884.76,885.36,880.58,883.35,217147.0,1920125.4932
2025-08-23 04:00:00,883.35,888.0,883.21,887.89,329962.0,2922072.8689
2025-08-23 05:00:00,887.89,893.69,887.1,891.58,336197.0,2992752.5471
2025-08-23 06:00:00,891.58,892.21,888.48,889.94,207293.0,1844561.426
2025-08-23 07:00:00,889.94,892.3,887.4,887.93,156915.0,1395865.6057
2025-08-23 08:00:00,887.93,892.0,885.29,890.81,165826.0,1471721.8252
2025-08-23 09:00:00,890.81,897.48,889.1,894.11,301934.0,2698942.7822
2025-08-23 10:00:00,894.11,894.12,887.0,887.23,166851.0,1485804.532
2025-08-23 11:00:00,887.23,892.25,886.65,888.93,129877.0,1155282.7236
2025-08-23 12:00:00,888.93,892.62,886.1,891.43,131278.0,1167624.467
2025-08-23 13:00:00,891.43,894.71,889.85,892.99,356627.0,3182354.1211
2025-08-23 14:00:00,892.99,893.64,888.21,889.44,355348.0,3164854.6894
2025-08-23 15:00:00,889.44,891.59,888.99,889.32,380773.0,3389781.3813
2025-08-23 16:00:00,889.32,890.4,882.46,884.52,252507.0,2236960.1838
2025-08-23 17:00:00,884.52,885.96,879.63,881.68,397137.0,3508051.2817
2025-08-23 18:00:00,881.68,883.14,881.28,882.48,81419.0,718412.6032
2025-08-23 19:00:00,882.48,884.65,882.0,883.91,254877.0,2252251.0708
2025-08-23 20:00:00,883.91,883.91,881.42,882.73,308290.0,2721328.3029
2025-08-23 21:00:00,882.73,882.79,878.81,880.69,199679.0,1759358.9196
2025-08-23 22:00:00,880.69,883.27,880.46,882.83,279759.0,2465375.9768
2025-08-23 23:00:00,882.83,884.43,880.46,880.87,174806.0,1542171.412
2025-08-24 00:00:00,880.87,887.02,880.81,886.04,327444.0,2894691.3432
2025-08-24 01:00:00,886.04,886.04,881.46,882.81,132780.0,1173655.2088
2025-08-24 02:00:00,882.81,883.85,877.08,877.68,325239.0,2863005.336
2025-08-24 03:00:00,877.68,879.98,875.07,879.02,192629.0,1688913.6595
2025-08-24 04:00:00,879.02,882.91,879.02,881.39,115755.0,1019754.678
2025-08-24 05:00:00,881.39,881.66,876.2,878.53,166645.0,1465056.908
2025-08-24 06:00:00,878.53,878.6,871.26,871.86,292057.0,2554763.9962
2025-08-24 07:00:00,871.86,875.05,870.8,870.88,99150.0,865806.8089
2025-08-24 08:00:00,870.88,872.75,868.49,870.0,125956.0,1096604.2596
2025-08-24 09:00:00,870.0,871.86,868.61,869.2,190800.0,1660535.7403
2025-08-24 10:00:00,869.2,869.21,862.35,862.84,346346.0,2995575.4037
2025-08-24 11:00:00,862.84,864.38,860.95,861.99,116219.0,1002755.0223
2025-08-24 12:00:00,861.99,862.8,860.28,861.7,89104.0,767764.2527
2025-08-24 13:00:00,861.7,865.78,861.43,863.5,165675.0,1430926.1998
2025-08-24 14:00:00,863.5,868.81,861.57,868.78,171875.0,1486937.8968
2025-08-24 15:00:00,868.78,872.6,865.8,867.81,355786.0,3094209.3634
2025-08-24 16:00:00,867.81,869.51,866.2,867.71,187966.0,1631064.8414
2025-08-24 17:00:00,867.71,876.15,867.71,874.52,220483.0,1923680.3902
2025-08-24 18:00:00,874.52,883.63,873.0,880.13,432734.0,3805530.8309
2025-08-24 19:00:00,880.13,882.08,860.03,870.08,559449.0,4865642.4375
2025-08-24 20:00:00,870.08,872.55,860.78,869.38,224652.0,1951541.0064
2025-08-24 21:00:00,869.38,879.07,866.92,876.47,168031.0,1468495.7698
2025-08-24 22:00:00,876.47,879.07,872.46,878.16,313092.0,2739984.6904
2025-08-24 23:00:00,878.16,880.6,875.87,876.76,201406.0,1766800.1406
2025-08-25 00:00:00,876.76,879.01,866.33,873.73,165915.0,1447508.7744
2025-08-25 01:00:00,873.73,877.94,872.72,875.5,109241.0,956319.7864
2025-08-25 02:00:00,875.5,880.2,875.36,879.71,208398.0,1830546.705
2025-08-25 03:00:00,879.71,881.24,875.71,876.63,148322.0,1303687.539
2025-08-25 04:00:00,876.63,878.4,874.84,877.79,107441.0,942000.9992
2025-08-25 05:00:00,877.79,879.94,874.65,874.93,90337.0,793012.1166
2025-08-25 06:00:00,874.93,875.6,863.25,863.81,350639.0,3044001.553
2025-08-25 07:00:00,863.81,868.25,857.39,858.8,459685.0,3971907.7128
2025-08-25 08:00:00,858.8,864.53,854.31,861.32,254868.0,2192381.365
2025-08-25 09:00:00,861.32,861.54,857.83,861.36,117118.0,1006674.6266
2025-08-25 10:00:00,861.36,861.36,850.95,852.32,277604.0,2371819.6799
2025-08-25 11:00:00,852.32,856.12,851.4,854.93,106318.0,908411.0916
2025-08-25 12:00:00,854.93,863.4,854.59,863.4,304555.0,2615241.3167
2025-08-25 13:00:00,863.4,863.4,855.45,860.86,538389.0,4631204.9554
2025-08-25 14:00:00,860.86,871.94,859.56,870.94,554363.0,4810411.813
2025-08-25 15:00:00,870.94,871.6,862.6,863.81,262062.0,2272062.8327
2025-08-25 16:00:00,863.81,870.68,861.75,866.42,370593.0,3216692.4895
2025-08-25 17:00:00,866.42,867.28,862.43,864.22,90603.0,783324.3694
2025-08-25 18:00:00,864.22,867.57,863.11,865.8,94143.0,815002.2674
2025-08-25 19:00:00,865.8,866.12,853.71,854.13,236240.0,2029498.2872
2025-08-25 20:00:00,854.13,857.87,838.15,838.15,433206.0,3683636.6696
2025-08-25 21:00:00,838.15,843.37,832.84,838.98,653248.0,5482332.5044
2025-08-25 22:00:00,838.98,846.32,838.84,842.47,329382.0,2775215.7495
2025-08-25 23:00:00,842.47,842.47,837.35,839.63,87762.0,737029.5072
2025-08-26 00:00:00,839.63,842.55,830.39,833.37,285324.0,2383664.4332
2025-08-26 01:00:00,833.37,845.74,831.64,845.59,347622.0,2922529.4234
2025-08-26 02:00:00,845.59,850.08,844.58,848.0,394906.0,3346733.0595
2025-08-26 03:00:00,848.0,848.54,843.73,845.13,343210.0,2902405.8813
2025-08-26 04:00:00,845.13,848.12,844.93,846.26,95705.0,809802.7275
2025-08-26 05:00:00,846.26,847.8,844.23,845.54,228691.0,1934553.4947
2025-08-26 06:00:00,845.54,847.2,840.71,841.64,62329.0,525597.2633
2025-08-26 07:00:00,841.64,846.88,839.63,843.03,212629.0,1792368.186
2025-08-26 08:00:00,843.03,845.42,841.59,843.23,336127.0,2834188.9328
2025-08-26 09:00:00,843.23,844.84,841.72,844.47,97748.0,824270.1206
2025-08-26 10:00:00,844.47,845.28,842.73,843.6,48636.0,410601.3287
2025-08-26 11:00:00,843.6,845.06,839.91,842.0,82009.0,690381.2436
2025-08-26 12:00:00,842.0,851.4,839.4,847.48,299669.0,2533742.3419
2025-08-26 13:00:00,847.48,849.33,841.71,846.48,200630.0,1695828.0422
2025-08-26 14:00:00,846.48,853.85,844.01,852.93,303612.0,2580700.5315
2025-08-26 15:00:00,852.93,854.24,848.55,850.09,505147.0,4297636.2325
2025-08-26 16:00:00,850.09,857.61,849.94,856.4,277913.0,2371314.735
2025-08-26 17:00:00,856.4,856.41,850.48,852.0,213354.0,1821375.3963
2025-08-26 18:00:00,852.0,857.27,851.92,855.84,136799.0,1170031.2662
2025-08-26 19:00:00,855.84,861.57,854.1,861.19,268872.0,2305489.4883
2025-08-26 20:00:00,861.19,864.36,860.28,864.36,339078.0,2923718.895
2025-08-26 21:00:00,864.36,864.37,861.56,863.0,767646.0,6620575.0368
2025-08-26 22:00:00,863.0,865.87,862.52,865.52,341575.0,2952611.3722
2025-08-26 23:00:00,865.52,868.33,862.98,864.22,199378.0,1725953.4522
2025-08-27 00:00:00,864.22,864.48,860.21,861.31,188186.0,1623254.6371
2025-08-27 01:00:00,861.31,862.22,858.81,861.24,152929.0,1315649.7524
2025-08-27 02:00:00,861.24,864.92,859.19,863.67,70144.0,605340.9359
2025-08-27 03:00:00,863.67,864.6,857.87,862.56,156136.0,1345267.7914
2025-08-27 04:00:00,862.56,867.15,862.07,864.67,182041.0,1574482.574
2025-08-27 05:00:00,864.67,865.24,860.94,861.7,76954.0,663908.1897
2025-08-27 06:00:00,861.7,861.95,858.55,859.2,138137.0,1188455.1745
2025-08-27 07:00:00,859.2,859.88,856.91,857.75,202544.0,1738559.0678
2025-08-27 08:00:00,857.75,859.04,853.41,857.59,137108.0,1173406.8707
2025-08-27 09:00:00,857.59,860.45,857.15,858.01,99254.0,852096.1422
2025-08-27 10:00:00,858.01,859.89,856.75,857.12,41879.0,359393.9817
2025-08-27 11:00:00,857.12,860.44,856.86,859.76,136790.0,1175000.507
2025-08-27 12:00:00,859.76,861.09,856.61,860.01,111805.0,959927.9246
2025-08-27 13:00:00,860.01,862.75,856.45,859.43,268172.0,2305919.5993
2025-08-27 14:00:00,859.43,866.03,858.11,862.75,239184.0,2063169.8421
2025-08-27 15:00:00,862.75,866.42,861.8,865.27,145226.0,1255609.6225
2025-08-27 16:00:00,865.27,866.71,861.53,864.78,226835.0,1959990.5661
2025-08-27 17:00:00,864.78,867.43,862.53,866.56,191367.0,1655250.8474
2025-08-27 18:00:00,866.56,867.5,863.36,863.37,132875.0,1150929.2451
2025-08-27 19:00:00,863.37,864.5,859.1,861.14,171267.0,1476427.5241
2025-08-27 20:00:00,861.14,865.83,855.9,865.35,263522.0,2269273.9283
2025-08-27 21:00:00,865.35,866.45,859.17,860.41,204368.0,1763992.0542
2025-08-27 22:00:00,860.41,860.41,854.86,858.39,167991.0,1439612.7142
2025-08-27 23:00:00,858.39,859.95,855.35,855.98,57091.0,489834.3313
2025-08-28 00:00:00,855.98,859.48,851.61,854.27,131189.0,1120296.5922
2025-08-28 01:00:00,854.27,857.95,854.27,856.89,47023.0,402559.5441
2025-08-28 02:00:00,856.89,858.48,855.4,857.18,68532.0,587049.5716
2025-08-28 03:00:00,857.18,864.88,856.75,864.77,116919.0,1006789.2032
2025-08-28 04:00:00,864.77,869.49,863.52,869.23,183780.0,1592255.463
2025-08-28 05:00:00,869.23,873.45,867.3,869.11,375463.0,3271048.0025
2025-08-28 06:00:00,869.11,872.19,869.11,871.95,235113.0,2047866.1772
2025-08-28 07:00:00,871.95,873.11,869.0,869.72,193596.0,1686575.7064
2025-08-28 08:00:00,869.72,873.52,869.58,870.43,172615.0,1504766.0222
2025-08-28 09:00:00,870.43,870.44,866.13,866.55,389335.0,3380156.3884
2025-08-28 10:00:00,866.55,871.15,865.76,871.08,234434.0,2036095.3919
2025-08-28 11:00:00,871.08,874.71,869.75,874.68,276470.0,2410306.7077
2025-08-28 12:00:00,874.68,877.65,871.86,877.06,690959.0,6049121.8858
2025-08-28 13:00:00,877.06,879.69,873.36,874.36,999916.0,8766339.2261
2025-08-28 14:00:00,874.36,876.01,868.59,874.97,1451036.0,12663760.2991
2025-08-28 15:00:00,874.97,875.21,867.22,870.17,442353.0,3853005.0659
2025-08-28 16:00:00,870.17,872.37,864.22,864.63,363936.0,3161580.5022
2025-08-28 17:00:00,864.63,882.14,864.63,876.33,1230966.0,10779417.8425
2025-08-28 18:00:00,876.33,879.25,869.33,870.94,362834.0,3170753.969
2025-08-28 19:00:00,870.94,873.45,868.81,869.09,204046.0,1777809.1672
2025-08-28 20:00:00,869.09,871.28,868.49,870.02,121444.0,1056324.8731
2025-08-28 21:00:00,870.02,873.87,869.74,873.49,47771.0,416698.6986
2025-08-28 22:00:00,873.49,877.6,873.49,877.44,155224.0,1360703.7872
2025-08-28 23:00:00,877.44,877.61,873.7,874.11,46527.0,407666.8963
2025-08-29 00:00:00,874.11,878.45,873.78,875.63,56394.0,494026.2437
2025-08-29 01:00:00,875.63,877.23,872.4,874.39,53540.0,468249.532
2025-08-29 02:00:00,874.39,876.96,872.75,873.44,85103.0,743847.5024
2025-08-29 03:00:00,873.44,874.99,872.68,873.7,21917.0,191535.6451
2025-08-29 04:00:00,873.7,874.15,870.47,870.52,181297.0,1581716.5405
2025-08-29 05:00:00,870.52,871.44,868.81,870.88,163283.0,1420706.6537
2025-08-29 06:00:00,870.88,871.74,864.62,866.33,664663.0,5764685.5184
2025-08-29 07:00:00,866.33,866.33,856.21,857.6,338733.0,2916810.2455
2025-08-29 08:00:00,857.6,861.06,852.81,853.18,205960.0,1765368.1109
2025-08-29 09:00:00,853.18,856.96,850.59,856.54,179831.0,1536449.6274
2025-08-29 10:00:00,856.54,859.05,855.69,856.0,151897.0,1302282.2293
2025-08-29 11:00:00,856.0,858.15,853.93,854.98,103652.0,886731.8027
2025-08-29 12:00:00,854.98,865.63,854.97,864.89,419183.0,3609690.6667
2025-08-29 13:00:00,864.89,865.19,855.71,857.52,303240.0,2607781.7618
2025-08-29 14:00:00,857.52,863.33,852.66,858.53,493862.0,4242142.9969
2025-08-29 15:00:00,858.53,862.06,857.75,858.67,344612.0,2963623.4982
2025-08-29 16:00:00,858.67,860.39,854.76,859.14,599316.0,5143161.9211
2025-08-29 17:00:00,859.14,859.14,854.3,856.75,271639.0,2328377.5385
2025-08-29 18:00:00,856.75,858.55,853.97,854.74,97024.0,830281.3571
2025-08-29 19:00:00,854.74,861.25,853.5,858.49,234131.0,2010585.191
2025-08-29 20:00:00,858.49,859.18,855.24,856.02,142213.0,1220259.8224
2025-08-29 21:00:00,856.02,860.0,853.75,859.42,94377.0,809082.8618
2025-08-29 22:00:00,859.42,859.87,857.4,859.79,37264.0,320002.1445
2025-08-29 23:00:00,859.79,864.55,859.44,862.83,60965.0,525606.0932
2025-08-30 00:00:00,862.83,862.85,857.68,859.91,67556.0,580608.2931
2025-08-30 01:00:00,859.91,860.99,852.83,853.24,70265.0,601785.004
2025-08-30 02:00:00,853.24,859.89,852.63,857.04,65304.0,559772.3982
2025-08-30 03:00:00,857.04,862.23,856.82,860.94,33011.0,284155.0825
2025-08-30 04:00:00,860.94,862.04,858.02,858.13,126984.0,1092379.4588
2025-08-30 05:00:00,858.13,860.5,857.56,859.06,146794.0,1261128.5492
2025-08-30 06:00:00,859.06,861.93,859.06,861.25,276340.0,2378056.7864
2025-08-30 07:00:00,861.25,861.84,860.25,861.02,251878.0,2168823.9373
2025-08-30 08:00:00,861.02,861.74,859.78,859.84,342462.0,2947298.153
2025-08-30 09:00:00,859.84,860.59,858.9,859.83,296245.0,2546642.0814
2025-08-30 10:00:00,859.83,861.5,859.6,860.58,216171.0,1860041.1923
2025-08-30 11:00:00,860.58,861.8,859.36,860.74,178289.0,1534447.4171
2025-08-30 12:00:00,860.74,860.75,853.46,855.46,157513.0,1349557.6493
2025-08-30 13:00:00,855.46,855.7,851.88,855.45,263062.0,2244963.3464
2025-08-30 14:00:00,855.45,857.89,853.3,857.37,99032.0,847560.7609
2025-08-30 15:00:00,857.37,859.97,856.2,859.43,310746.0,2668059.6295
2025-08-30 16:00:00,859.43,859.5,856.52,857.87,221215.0,1897705.5659
2025-08-30 17:00:00,857.87,859.36,857.23,858.75,45499.0,390528.0925
2025-08-30 18:00:00,858.75,859.6,857.61,859.24,69328.0,595435.1659
2025-08-30 19:00:00,859.24,859.33,857.49,859.28,55569.0,477147.6163
2025-08-30 20:00:00,859.28,859.41,857.39,859.41,42115.0,361649.901
2025-08-30 21:00:00,859.41,861.09,858.9,861.08,100815.0,866955.4554
2025-08-30 22:00:00,861.08,862.31,860.19,862.21,127988.0,1102344.5201
2025-08-30 23:00:00,862.21,864.55,862.2,862.6,140029.0,1209249.2565
2025-08-31 00:00:00,862.6,864.32,859.94,863.93,157461.0,1357286.2602
2025-08-31 01:00:00,863.93,864.02,861.41,863.35,66456.0,573363.7734
2025-08-31 02:00:00,863.35,864.25,862.71,863.15,80565.0,695346.5901
2025-08-31 03:00:00,863.15,865.05,862.22,863.47,103064.0,889403.8278
2025-08-31 04:00:00,863.47,863.63,859.54,860.47,122269.0,1052500.6728
2025-08-31 05:00:00,860.47,860.85,859.27,860.76,30066.0,258590.5836
2025-08-31 06:00:00,860.76,861.07,858.47,858.47,135675.0,1166562.4121
2025-08-31 07:00:00,858.47,859.7,858.28,859.0,41663.0,357928.4724
2025-08-31 08:00:00,859.0,861.66,858.79,861.66,75389.0,648856.4099
2025-08-31 09:00:00,861.66,861.83,859.8,859.86,106723.0,918829.601
2025-08-31 10:00:00,859.86,860.11,857.32,858.99,272566.0,2339832.3064
2025-08-31 11:00:00,858.99,860.76,858.58,860.52,219350.0,1886293.4148
2025-08-31 12:00:00,860.52,861.38,859.48,860.96,82780.0,712038.0821
2025-08-31 13:00:00,860.96,861.9,859.99,860.92,155434.0,1337946.0066
2025-08-31 14:00:00,860.92,862.28,859.6,860.05,191944.0,1652009.6648
2025-08-31 15:00:00,860.05,862.59,860.05,862.33,161408.0,1390347.0385
2025-08-31 16:00:00,862.33,867.6,861.48,866.12,202660.0,1752251.5072
2025-08-31 17:00:00,866.12,866.55,864.51,865.12,317089.0,2745525.9636
2025-08-31 18:00:00,865.12,865.99,864.56,865.95,171990.0,1487959.4116
2025-08-31 19:00:00,865.95,866.5,864.87,865.1,191198.0,1654753.9469
2025-08-31 20:00:00,865.1,867.43,865.09,867.43,237087.0,2054541.15
2025-08-31 21:00:00,867.43,868.27,866.88,867.68,353047.0,3063266.8218
2025-08-31 22:00:00,867.68,867.81,863.35,864.7,370286.0,3204990.0277
2025-08-31 23:00:00,864.7,864.7,857.55,858.08,291687.0,2510716.331
2025-09-01 00:00:00,858.08,862.77,854.56,861.57,192928.0,1655033.1639
2025-09-01 01:00:00,861.57,865.86,860.0,862.29,154912.0,1337317.2277
2025-09-01 02:00:00,862.29,863.04,854.71,856.36,130435.0,1118938.9199
2025-09-01 03:00:00,856.36,857.34,854.11,856.92,171903.0,1470416.8717
2025-09-01 04:00:00,856.92,856.92,849.68,852.23,260833.0,2223269.4237
2025-09-01 05:00:00,852.23,855.0,849.77,853.66,106360.0,906377.4602
2025-09-01 06:00:00,853.66,855.24,850.66,854.98,228168.0,1945847.6633
2025-09-01 07:00:00,854.98,867.67,854.7,865.85,312240.0,2692767.5493
2025-09-01 08:00:00,865.85,869.34,862.99,863.64,319588.0,2767653.8727
2025-09-01 09:00:00,863.64,864.71,858.38,858.51,521150.0,4487316.2014
2025-09-01 10:00:00,858.51,858.51,851.25,854.11,894489.0,7659120.2326
2025-09-01 11:00:00,854.11,856.2,851.86,852.31,112619.0,961595.9791
2025-09-01 12:00:00,852.31,853.89,851.47,853.29,200534.0,1709436.5586
2025-09-01 13:00:00,853.29,855.41,851.41,852.44,103223.0,880821.8295
2025-09-01 14:00:00,852.44,854.28,851.06,852.74,75402.0,642906.6619
2025-09-01 15:00:00,852.74,852.86,844.53,847.59,573485.0,4869429.6244
2025-09-01 16:00:00,847.59,849.26,845.86,848.19,84904.0,719539.4785
2025-09-01 17:00:00,848.19,848.29,844.2,846.12,129252.0,1093087.6669
2025-09-01 18:00:00,846.12,847.92,845.6,847.76,115870.0,981015.5001
2025-09-01 19:00:00,847.76,849.74,847.28,849.72,187453.0,1589251.5468
2025-09-01 20:00:00,849.72,849.79,840.16,846.07,502004.0,4229399.3593
2025-09-01 21:00:00,846.07,846.41,840.36,844.2,447725.0,3777832.137
2025-09-01 22:00:00,844.2,846.07,841.89,844.92,206129.0,1738981.3864
2025-09-01 23:00:00,844.92,847.89,844.78,846.13,195155.0,1650789.4116
2025-09-02 00:00:00,846.13,846.55,843.89,846.06,153771.0,1299821.5671
2025-09-02 01:00:00,846.06,850.73,846.06,849.24,243732.0,2068310.2039
2025-09-02 02:00:00,849.24,854.18,848.92,853.97,71564.0,609509.3613
2025-09-02 03:00:00,853.97,854.69,850.85,852.86,62003.0,529012.8214
2025-09-02 04:00:00,852.86,853.91,851.17,853.91,64377.0,548909.389
2025-09-02 05:00:00,853.91,854.21,851.76,852.8,56061.0,478130.1715
2025-09-02 06:00:00,852.8,856.1,852.38,855.39,379552.0,3244328.5593
2025-09-02 07:00:00,855.39,856.01,853.6,855.4,98286.0,840131.0012
2025-09-02 08:00:00,855.4,856.94,854.66,855.63,119687.0,1024896.4743
2025-09-02 09:00:00,855.63,856.14,851.51,852.1,680423.0,5810015.6373
2025-09-02 10:00:00,852.1,852.77,848.92,851.93,718439.0,6111897.2085
2025-09-02 11:00:00,851.93,852.41,847.36,848.35,177410.0,1509075.8602
2025-09-02 12:00:00,848.35,848.8,841.49,841.7,262398.0,2218209.0916
2025-09-02 13:00:00,841.7,852.11,841.25,851.46,526477.0,4460814.3636
2025-09-02 14:00:00,851.46,852.84,848.22,850.77,567409.0,4826801.606
2025-09-02 15:00:00,850.77,851.36,845.86,847.39,287297.0,2439040.9238
2025-09-02 16:00:00,847.39,850.19,846.11,847.29,233606.0,1981194.3301
2025-09-02 17:00:00,847.29,851.46,847.29,851.33,167292.0,1421973.7506
2025-09-02 18:00:00,851.33,851.45,847.23,850.27,208356.0,1770728.8591
2025-09-02 19:00:00,850.27,851.81,848.47,850.32,165006.0,1403384.3211
2025-09-02 20:00:00,850.32,854.53,849.88,852.37,112488.0,959292.7944
2025-09-02 21:00:00,852.37,854.22,852.09,854.22,65967.0,562748.2852
2025-09-02 22:00:00,854.22,854.22,851.08,853.01,52403.0,446429.8871
2025-09-02 23:00:00,853.01,853.35,851.5,852.24,69139.0,589248.1929
2025-09-03 00:00:00,852.24,854.36,850.53,851.07,177866.0,1516642.4806
2025-09-03 01:00:00,851.07,852.6,849.16,852.6,59173.0,503262.0049
2025-09-03 02:00:00,852.6,853.86,851.21,853.37,65472.0,558448.0925
2025-09-03 03:00:00,853.37,854.16,851.37,851.83,20195.0,172152.4676
2025-09-03 04:00:00,851.83,853.17,851.32,852.93,193087.0,1645187.0577
2025-09-03 05:00:00,852.93,852.93,850.67,850.89,180704.0,1538489.4707
2025-09-03 06:00:00,850.89,852.69,849.68,852.19,51639.0,439738.426
2025-09-03 07:00:00,852.19,854.97,851.22,854.88,200751.0,1713468.7375
2025-09-03 08:00:00,854.88,855.65,853.28,853.79,182134.0,1556277.2122
2025-09-03 09:00:00,853.79,854.87,852.5,854.63,145494.0,1242209.0801
2025-09-03 10:00:00,854.63,854.89,853.55,853.92,131640.0,1124429.8575
2025-09-03 11:00:00,853.92,855.28,853.69,854.34,112714.0,963478.3263
2025-09-03 12:00:00,854.34,854.8,852.36,852.57,176925.0,1510463.997
2025-09-03 13:00:00,852.57,858.4,852.57,857.37,496932.0,4253824.4162
2025-09-03 14:00:00,857.37,864.29,856.78,861.6,436468.0,3756663.9326
2025-09-03 15:00:00,861.6,862.31,858.75,860.62,549791.0,4730697.1689
2025-09-03 16:00:00,860.62,861.89,858.09,859.08,280675.0,2412283.8248
2025-09-03 17:00:00,859.08,862.77,859.08,860.67,187022.0,1611561.5751
2025-09-03 18:00:00,860.67,861.7,859.04,859.04,43972.0,378215.4729
2025-09-03 19:00:00,859.04,861.14,857.24,857.6,106867.0,917846.0568
2025-09-03 20:00:00,857.6,857.81,852.98,855.0,435767.0,3723161.9586
2025-09-03 21:00:00,855.0,856.48,853.8,855.08,60976.0,521454.2295
2025-09-03 22:00:00,855.08,856.0,854.25,855.91,27826.0,237949.096
2025-09-03 23:00:00,855.91,856.06,854.55,855.2,46809.0,400308.799
2025-09-04 00:00:00,855.2,857.17,854.86,856.81,61200.0,524245.5525
2025-09-04 01:00:00,856.81,856.94,854.56,855.49,75008.0,641946.5701
2025-09-04 02:00:00,855.49,855.89,850.88,851.02,115898.0,988507.3056
2025-09-04 03:00:00,851.02,852.22,848.59,849.01,192164.0,1634148.8105
2025-09-04 04:00:00,849.01,849.92,846.5,847.6,161300.0,1368946.1664
2025-09-04 05:00:00,847.6,848.19,844.64,847.26,192513.0,1629816.7829
2025-09-04 06:00:00,847.26,848.4,846.17,847.16,124012.0,1050828.5423
2025-09-04 07:00:00,847.16,848.76,846.87,847.95,97022.0,822647.2817
2025-09-04 08:00:00,847.95,849.64,847.53,848.0,72829.0,618302.6665
2025-09-04 09:00:00,848.0,849.3,847.35,848.21,16985.0,144067.359
2025-09-04 10:00:00,848.21,849.84,847.13,848.43,139596.0,1184582.2686
2025-09-04 11:00:00,848.43,850.0,847.57,848.02,176952.0,1501743.9572
2025-09-04 12:00:00,848.02,849.91,846.83,849.05,92662.0,785721.1862
2025-09-04 13:00:00,849.05,849.58,847.0,848.13,121427.0,1030223.9297
2025-09-04 14:00:00,848.13,848.76,844.8,846.5,248906.0,2107635.0808
2025-09-04 15:00:00,846.5,846.63,843.04,844.58,374157.0,3159372.7108
2025-09-04 16:00:00,844.58,845.91,844.01,845.26,192016.0,1622460.8698
2025-09-04 17:00:00,845.26,846.88,844.36,844.85,163886.0,1385815.8094
2025-09-04 18:00:00,844.85,846.5,841.09,842.09,282982.0,2387181.2334
2025-09-04 19:00:00,842.09,844.75,841.5,843.79,258071.0,2176678.7885
2025-09-04 20:00:00,843.79,846.64,843.56,845.96,103083.0,871350.6328
2025-09-04 21:00:00,845.96,848.34,845.52,848.2,43597.0,369364.58
2025-09-04 22:00:00,848.2,849.7,847.43,849.17,34345.0,291389.3932
2025-09-04 23:00:00,849.17,849.99,843.26,843.8,52754.0,446634.7677
2025-09-05 00:00:00,843.8,845.49,842.63,844.2,95986.0,810530.8738
2025-09-05 01:00:00,844.2,847.16,843.69,846.67,45140.0,381721.6682
2025-09-05 02:00:00,846.67,847.98,845.65,847.37,90456.0,765917.7226
2025-09-05 03:00:00,847.37,847.48,844.56,845.94,34241.0,289591.2174
2025-09-05 04:00:00,845.94,846.44,843.62,846.07,27670.0,233961.9634
2025-09-05 05:00:00,846.07,847.26,845.46,846.81,187716.0,1589388.3332
2025-09-05 06:00:00,846.81,847.06,845.19,846.76,103039.0,871504.7643
2025-09-05 07:00:00,846.76,851.35,846.76,850.69,287060.0,2440081.7845
2025-09-05 08:00:00,850.69,850.98,847.72,849.72,181119.0,1537506.3761
2025-09-05 09:00:00,849.72,850.54,847.88,849.79,55684.0,472790.3046
2025-09-05 10:00:00,849.79,850.6,848.94,850.27,94166.0,800429.1724
2025-09-05 11:00:00,850.27,851.19,849.56,851.05,146343.0,1244693.8301
2025-09-05 12:00:00,851.05,854.76,849.23,854.56,203991.0,1737512.5725
2025-09-05 13:00:00,854.56,857.91,853.94,856.35,445198.0,3809782.6371
2025-09-05 14:00:00,856.35,856.35,845.24,848.1,474367.0,4029947.1499
2025-09-05 15:00:00,848.1,850.16,846.92,849.08,235700.0,2001953.9818
2025-09-05 16:00:00,849.08,850.36,848.67,849.79,82126.0,697396.0267
2025-09-05 17:00:00,849.79,850.1,848.58,849.96,66406.0,564051.7946
2025-09-05 18:00:00,849.96,851.19,849.02,850.89,135939.0,1155623.7111
2025-09-05 19:00:00,850.89,851.92,850.56,851.08,65082.0,553884.1364
2025-09-05 20:00:00,851.08,852.63,850.3,852.46,184007.0,1566702.7791
2025-09-05 21:00:00,852.46,852.64,848.79,850.37,129480.0,1101970.2476
2025-09-05 22:00:00,850.37,852.36,849.88,851.64,226629.0,1928894.7643
2025-09-05 23:00:00,851.64,851.64,849.54,850.28,142887.0,1215163.4071
2025-09-06 00:00:00,850.28,852.25,849.75,852.24,175070.0,1489214.2851
2025-09-06 01:00:00,852.24,855.91,851.84,855.75,210819.0,1800279.727
2025-09-06 02:00:00,855.75,856.68,853.32,855.7,319264.0,2729126.3102
2025-09-06 03:00:00,855.7,860.04,855.32,858.69,302215.0,2592548.7805
2025-09-06 04:00:00,858.69,860.57,856.43,858.32,264163.0,2267234.2465
2025-09-06 05:00:00,858.32,858.99,856.49,856.53,194311.0,1666718.6829
2025-09-06 06:00:00,856.53,859.72,856.53,858.61,68876.0,590937.2126
2025-09-06 07:00:00,858.61,859.89,857.9,859.78,108299.0,930457.4832
2025-09-06 08:00:00,859.78,860.39,858.96,859.76,228181.0,1960922.2293
2025-09-06 09:00:00,859.76,859.81,857.12,857.12,474691.0,4076402.3897
2025-09-06 10:00:00,857.12,860.55,857.0,860.38,657553.0,5646861.3023
2025-09-06 11:00:00,860.38,862.71,859.66,861.63,227206.0,1957249.7859
2025-09-06 12:00:00,861.63,865.66,861.42,862.22,552372.0,4770335.6658
2025-09-06 13:00:00,862.22,863.84,859.87,861.86,244090.0,2103642.0725
2025-09-06 14:00:00,861.86,863.74,860.87,863.67,120528.0,1039356.4743
2025-09-06 15:00:00,863.67,863.9,859.37,860.07,241167.0,2077312.5739
2025-09-06 16:00:00,860.07,862.24,858.25,861.43,390263.0,3358327.3066
2025-09-06 17:00:00,861.43,861.71,859.51,859.91,201730.0,1736503.809
2025-09-06 18:00:00,859.91,860.58,858.92,860.03,145542.0,1251128.5652
2025-09-06 19:00:00,860.03,860.36,857.86,858.17,46649.0,400699.2359
2025-09-06 20:00:00,858.17,859.15,857.01,858.83,110919.0,951864.5011
2025-09-06 21:00:00,858.83,860.13,858.63,859.32,50422.0,433407.4542
2025-09-06 22:00:00,859.32,860.15,858.27,860.11,33877.0,291013.7357
2025-09-06 23:00:00,860.11,863.78,859.46,861.36,154624.0,1332634.096
2025-09-07 00:00:00,861.36,863.57,861.12,862.16,95108.0,820178.6237
2025-09-07 01:00:00,862.16,863.73,861.91,862.52,122896.0,1060380.3408
2025-09-07 02:00:00,862.52,866.89,861.75,866.6,245046.0,2116861.0955
2025-09-07 03:00:00,866.6,868.87,865.13,866.66,353142.0,3061450.2135
2025-09-07 04:00:00,866.66,866.94,865.05,866.03,227422.0,1969346.1774
2025-09-07 05:00:00,866.03,868.5,865.48,868.21,267540.0,2320393.3256
2025-09-07 06:00:00,868.21,868.21,865.23,867.79,235746.0,2042498.583
2025-09-07 07:00:00,867.79,868.48,867.38,868.17,344929.0,2993851.3191
2025-09-07 08:00:00,868.17,874.51,867.8,872.72,395862.0,3448358.9093
2025-09-07 09:00:00,872.72,873.54,870.02,871.46,103555.0,902495.8906
2025-09-07 10:00:00,871.46,874.83,871.46,873.56,159470.0,1392322.2718
2025-09-07 11:00:00,873.56,874.28,871.95,874.11,177862.0,1552320.2269
2025-09-07 12:00:00,874.11,874.38,870.27,870.5,196060.0,1709450.6503
2025-09-07 13:00:00,870.5,873.18,870.5,873.16,146762.0,1279730.7553
2025-09-07 14:00:00,873.16,875.53,873.15,874.79,208290.0,1821397.0035
2025-09-07 15:00:00,874.79,875.9,873.48,875.11,397910.0,3480272.3479
2025-09-07 16:00:00,875.11,876.17,873.76,873.87,396303.0,3467142.6612
2025-09-07 17:00:00,873.87,875.26,872.91,874.25,233336.0,2040323.5913
2025-09-07 18:00:00,874.25,875.95,873.55,875.8,177307.0,1549958.094
2025-09-07 19:00:00,875.8,877.31,875.32,875.91,366792.0,3214654.8873
2025-09-07 20:00:00,875.91,876.24,873.91,875.15,218624.0,1912477.3865
2025-09-07 21:00:00,875.15,875.27,874.22,874.37,170490.0,1491504.0915
2025-09-07 22:00:00,874.37,876.91,873.7,876.81,213903.0,1871667.7802
2025-09-07 23:00:00,876.81,884.68,876.4,880.68,608655.0,5362731.1353
2025-09-08 00:00:00,880.68,886.46,879.56,883.6,226242.0,1998399.7528
2025-09-08 01:00:00,883.6,885.06,878.52,878.73,260395.0,2294424.0213
2025-09-08 02:00:00,878.73,883.67,878.25,882.43,307864.0,2710521.1943
2025-09-08 03:00:00,882.43,885.36,882.2,882.6,322617.0,2850950.0922
2025-09-08 04:00:00,882.6,882.79,878.52,878.72,71953.0,632716.225
2025-09-08 05:00:00,878.72,879.63,871.71,875.15,133470.0,1168897.4386
2025-09-08 06:00:00,875.15,875.56,872.59,873.52,336648.0,2941873.7033
2025-09-08 07:00:00,873.52,876.4,873.51,874.54,109399.0,957569.4722
2025-09-08 08:00:00,874.54,877.73,870.19,872.63,184200.0,1608908.9238
2025-09-08 09:00:00,872.63,876.65,872.01,876.5,135541.0,1185988.8513
2025-09-08 10:00:00,876.5,879.74,875.9,878.04,175432.0,1539929.2129
2025-09-08 11:00:00,878.04,879.28,875.86,878.97,201129.0,1765182.3205
2025-09-08 12:00:00,878.97,879.64,877.63,878.34,137582.0,1208719.8309
2025-09-08 13:00:00,878.34,882.09,878.33,879.39,309079.0,2721740.5654
2025-09-08 14:00:00,879.39,882.46,878.95,881.0,158949.0,1400794.6687
2025-09-08 15:00:00,881.0,883.38,879.51,880.55,369319.0,3255412.8319
2025-09-08 16:00:00,880.55,880.92,879.11,880.39,214305.0,1885721.8692
2025-09-08 17:00:00,880.39,882.42,878.53,878.93,293856.0,2587589.2583
2025-09-08 18:00:00,878.93,881.18,878.51,880.96,252412.0,2219713.6614
2025-09-08 19:00:00,880.96,880.96,876.53,877.95,250098.0,2196722.456
2025-09-08 20:00:00,877.95,879.39,877.61,879.39,63543.0,558171.7802
2025-09-08 21:00:00,879.39,882.96,878.57,882.81,122578.0,1080140.5299
2025-09-08 22:00:00,882.81,882.95,878.87,879.53,84729.0,745985.812
2025-09-08 23:00:00,879.53,880.0,878.27,878.39,58917.0,517908.6079
2025-09-09 00:00:00,878.39,880.32,876.05,876.44,65525.0,574992.435
2025-09-09 01:00:00,876.44,877.28,872.44,873.65,94311.0,824459.7879
2025-09-09 02:00:00,873.65,875.4,872.5,874.76,124047.0,1083920.115
2025-09-09 03:00:00,874.76,876.0,874.17,875.55,116176.0,1016708.5918
2025-09-09 04:00:00,875.55,877.19,874.52,876.63,163008.0,1427843.6039
2025-09-09 05:00:00,876.63,877.64,875.52,877.46,54725.0,479628.0862
2025-09-09 06:00:00,877.46,883.8,877.3,881.48,217260.0,1913444.435
2025-09-09 07:00:00,881.48,884.9,881.32,881.74,234761.0,2072820.8796
2025-09-09 08:00:00,881.74,885.4,881.74,884.16,238027.0,2103835.7527
2025-09-09 09:00:00,884.16,884.4,881.24,881.63,89730.0,791605.5724
2025-09-09 10:00:00,881.63,883.89,881.63,883.63,99056.0,874768.74
2025-09-09 11:00:00,883.63,883.63,880.68,880.68,100649.0,887917.5422
2025-09-09 12:00:00,880.68,882.72,879.64,879.65,148216.0,1305849.6063
2025-09-09 13:00:00,879.65,881.22,877.08,880.2,248318.0,2181851.7246
2025-09-09 14:00:00,880.2,881.89,873.0,875.78,382606.0,3351725.2052
2025-09-09 15:00:00,875.78,875.94,871.72,873.72,177636.0,1551660.4498
2025-09-09 16:00:00,873.72,875.35,873.14,875.21,118459.0,1035700.0437
2025-09-09 17:00:00,875.21,876.6,874.09,874.24,171787.0,1504196.3771
2025-09-09 18:00:00,874.24,876.11,874.08,875.85,265344.0,2323213.4188
2025-09-09 19:00:00,875.85,877.87,875.6,877.43,166849.0,1463354.6947
2025-09-09 20:00:00,877.43,877.54,874.83,876.82,355272.0,3112364.3726
2025-09-09 21:00:00,876.82,879.05,876.28,878.24,220450.0,1935811.2149
2025-09-09 22:00:00,878.24,883.99,878.02,882.97,151162.0,1332860.4514
2025-09-09 23:00:00,882.97,883.75,879.0,880.3,91279.0,804254.9917
2025-09-10 00:00:00,880.3,881.18,877.52,877.97,208919.0,1837098.5406
2025-09-10 01:00:00,877.97,880.94,877.67,878.94,246097.0,2165161.6385
2025-09-10 02:00:00,878.94,882.75,878.66,881.7,252448.0,2224998.3548
2025-09-10 03:00:00,881.7,883.04,880.7,880.96,140896.0,1242278.3647
2025-09-10 04:00:00,880.96,882.0,880.44,880.61,63018.0,555152.8844
2025-09-10 05:00:00,880.61,882.6,879.23,881.66,122264.0,1077204.2144
2025-09-10 06:00:00,881.66,886.28,881.1,885.22,182446.0,1612496.6546
2025-09-10 07:00:00,885.22,885.96,882.39,884.03,290047.0,2565602.1512
2025-09-10 08:00:00,884.03,885.82,883.12,883.33,214410.0,1895658.538
2025-09-10 09:00:00,883.33,883.57,882.01,882.31,87468.0,772020.389
2025-09-10 10:00:00,882.31,884.72,881.79,884.24,139388.0,1231392.8494
2025-09-10 11:00:00,884.24,885.29,883.72,885.15,161912.0,1432291.8923
2025-09-10 12:00:00,885.15,889.96,884.76,889.52,545651.0,4846267.6327
2025-09-10 13:00:00,889.52,908.08,889.52,903.98,2958945.0,26655191.2202
2025-09-10 14:00:00,903.98,905.84,900.15,904.15,407271.0,3676500.6847
2025-09-10 15:00:00,904.15,904.68,894.47,895.89,316430.0,2841941.0934
2025-09-10 16:00:00,895.89,899.49,894.9,899.48,362560.0,3253511.9294
2025-09-10 17:00:00,899.48,899.91,894.2,897.81,293223.0,2630830.082
2025-09-10 18:00:00,897.81,898.02,894.4,895.34,123333.0,1104901.3045
2025-09-10 19:00:00,895.34,895.53,889.03,891.12,340434.0,3036509.9194
2025-09-10 20:00:00,891.12,891.65,890.41,890.77,52193.0,465142.7526
2025-09-10 21:00:00,890.77,892.14,889.94,891.98,121776.0,1085128.7476
2025-09-10 22:00:00,891.98,895.49,888.8,892.56,106247.0,948520.9294
2025-09-10 23:00:00,892.56,895.29,892.39,894.14,74811.0,668895.2621
2025-09-11 00:00:00,894.14,894.15,888.94,891.47,84414.0,752020.0708
2025-09-11 01:00:00,891.47,894.0,890.82,891.82,60077.0,536447.4779
2025-09-11 02:00:00,891.82,892.99,890.59,890.74,73786.0,657947.743
2025-09-11 03:00:00,890.74,895.65,890.4,895.01,133352.0,1191197.2467
2025-09-11 04:00:00,895.01,895.73,892.97,895.11,86856.0,776623.1906
2025-09-11 05:00:00,895.11,896.55,893.34,896.42,76709.0,687032.3392
2025-09-11 06:00:00,896.42,899.0,894.97,897.15,125739.0,1127743.2853
2025-09-11 07:00:00,897.15,898.2,895.3,896.97,188151.0,1687349.0704
2025-09-11 08:00:00,896.97,898.8,895.25,898.37,133802.0,1200441.4818
2025-09-11 09:00:00,898.37,900.0,896.41,900.0,196374.0,1765224.817
2025-09-11 10:00:00,900.0,902.01,898.32,900.7,216083.0,1945597.6774
2025-09-11 11:00:00,900.7,902.95,899.14,899.66,195723.0,1764385.8313
2025-09-11 12:00:00,899.66,905.1,893.55,901.39,996206.0,8964539.08
2025-09-11 13:00:00,901.39,901.77,896.96,901.63,140856.0,1266756.0806
2025-09-11 14:00:00,901.63,901.77,896.92,899.56,122818.0,1104631.46
2025-09-11 15:00:00,899.56,900.0,887.51,893.6,182788.0,1634347.3105
2025-09-11 16:00:00,893.6,896.27,893.55,894.86,186779.0,1671820.9671
2025-09-11 17:00:00,894.86,898.06,894.54,898.06,119942.0,1075328.379
2025-09-11 18:00:00,898.06,898.27,894.63,895.2,143768.0,1288754.3164
2025-09-11 19:00:00,895.2,897.64,895.02,897.13,109238.0,979666.0824
2025-09-11 20:00:00,897.13,898.0,896.21,897.71,55957.0,501948.7953
2025-09-11 21:00:00,897.71,897.84,895.68,897.27,24539.0,220093.2448
2025-09-11 22:00:00,897.27,902.86,896.76,902.03,163810.0,1474693.6368
2025-09-11 23:00:00,902.03,903.94,901.15,903.14,121918.0,1100442.6692
2025-09-12 00:00:00,903.14,909.58,902.05,906.05,556685.0,5047744.222
2025-09-12 01:00:00,906.05,907.55,904.69,905.29,548158.0,4966289.9115
2025-09-12 02:00:00,905.29,906.88,903.54,904.48,235124.0,2129505.9063
2025-09-12 03:00:00,904.48,905.36,902.35,905.25,320468.0,2894576.2569
2025-09-12 04:00:00,905.25,909.0,904.14,908.48,356794.0,3238916.1078
2025-09-12 05:00:00,908.48,910.3,907.15,909.3,264309.0,2403195.2741
2025-09-12 06:00:00,909.3,910.17,908.07,909.06,787002.0,7155447.2151
2025-09-12 07:00:00,909.06,909.12,903.61,903.9,620751.0,5629671.7173
2025-09-12 08:00:00,903.9,905.99,902.99,905.73,121183.0,1096647.2688
2025-09-12 09:00:00,905.73,909.87,905.73,908.17,252872.0,2296028.7769
2025-09-12 10:00:00,908.17,909.7,906.8,907.51,170817.0,1551455.7217
2025-09-12 11:00:00,907.51,907.72,905.13,906.0,89765.0,813856.8014
2025-09-12 12:00:00,906.0,910.58,904.58,909.11,155827.0,1414537.541
2025-09-12 13:00:00,909.11,910.2,907.61,909.5,346634.0,3150512.0041
2025-09-12 14:00:00,909.5,910.34,907.79,909.13,383384.0,3486880.1665
2025-09-12 15:00:00,909.13,909.13,906.05,907.44,68886.0,625144.6863
2025-09-12 16:00:00,907.44,909.99,907.4,909.93,149977.0,1363441.1708
2025-09-12 17:00:00,909.93,919.45,908.81,917.97,1027634.0,9410863.3668
2025-09-12 18:00:00,917.97,926.52,916.29,923.52,485315.0,4476000.0444
2025-09-12 19:00:00,923.52,925.57,921.62,924.83,221607.0,2047268.1712
2025-09-12 20:00:00,924.83,927.71,923.19,925.7,223818.0,2072049.6983
2025-09-12 21:00:00,925.7,926.06,922.76,923.96,534107.0,4936092.9043
2025-09-12 22:00:00,923.96,930.43,923.96,925.67,219079.0,2031792.5666
2025-09-12 23:00:00,925.67,925.99,923.12,925.5,67404.0,623403.793
2025-09-13 00:00:00,925.5,928.56,924.22,927.68,195710.0,1810967.9972
2025-09-13 01:00:00,927.68,929.84,927.3,927.43,277025.0,2572962.5783
2025-09-13 02:00:00,927.43,929.96,925.79,927.99,155660.0,1445491.5095
2025-09-13 03:00:00,927.99,929.84,926.85,928.55,119111.0,1105346.1548
2025-09-13 04:00:00,928.55,928.55,925.4,926.56,70086.0,649358.2568
2025-09-13 05:00:00,926.56,928.5,925.66,925.77,146861.0,1362106.5678
2025-09-13 06:00:00,925.77,926.44,924.61,925.43,118909.0,1100100.9678
2025-09-13 07:00:00,925.43,926.0,924.89,925.66,75004.0,694174.7644
2025-09-13 08:00:00,925.66,928.23,924.97,927.85,143917.0,1333870.3989
2025-09-13 09:00:00,927.85,941.25,926.97,939.54,1060167.0,9918045.8634
2025-09-13 10:00:00,939.54,944.15,937.29,941.59,789632.0,7432763.7109
2025-09-13 11:00:00,941.59,943.0,938.53,941.69,495011.0,4655987.0442
2025-09-13 12:00:00,941.69,942.17,938.59,939.78,317481.0,2983895.5415
2025-09-13 13:00:00,939.78,942.87,933.02,937.08,759790.0,7124508.6084
2025-09-13 14:00:00,937.08,938.88,932.27,936.67,352594.0,3303202.0303
2025-09-13 15:00:00,936.67,944.25,936.1,937.05,472469.0,4444943.2189
2025-09-13 16:00:00,937.05,938.56,925.03,925.9,962137.0,8953105.5326
2025-09-13 17:00:00,925.9,930.68,922.52,929.6,470226.0,4355217.5563
2025-09-13 18:00:00,929.6,931.16,927.75,930.93,180889.0,1680775.6501
2025-09-13 19:00:00,930.93,931.4,929.0,930.58,60027.0,558441.5529
2025-09-13 20:00:00,930.58,932.53,929.02,930.18,122391.0,1138833.2338
2025-09-13 21:00:00,930.18,934.61,929.79,933.25,67829.0,632787.7388
2025-09-13 22:00:00,933.25,934.57,930.75,931.73,36545.0,340782.7829
2025-09-13 23:00:00,931.73,934.48,931.67,934.22,92912.0,867283.3134
2025-09-14 00:00:00,934.22,934.67,932.11,933.89,122013.0,1139163.3803
2025-09-14 01:00:00,933.89,937.36,929.89,935.01,946643.0,8846473.0017
2025-09-14 02:00:00,935.01,937.96,932.76,937.24,876866.0,8211477.6837
2025-09-14 03:00:00,937.24,938.7,931.61,931.67,456923.0,4281898.6031
2025-09-14 04:00:00,931.67,935.45,928.19,933.97,182549.0,1699855.3776
2025-09-14 05:00:00,933.97,944.07,933.97,943.21,136597.0,1284152.1638
2025-09-14 06:00:00,943.21,945.81,939.31,939.9,259040.0,2443375.244
2025-09-14 07:00:00,939.9,940.92,937.59,938.13,188800.0,1773616.9152
2025-09-14 08:00:00,938.13,940.75,937.19,939.41,66338.0,622795.3188
2025-09-14 09:00:00,939.41,941.94,938.36,941.67,174800.0,1644020.5881
2025-09-14 10:00:00,941.67,941.67,936.54,937.39,65350.0,613529.8643
2025-09-14 11:00:00,937.39,938.34,931.49,932.02,515523.0,4807199.5511
2025-09-14 12:00:00,932.02,937.16,932.02,934.29,549894.0,5137557.9601
2025-09-14 13:00:00,934.29,935.5,928.48,930.21,543817.0,5065110.2695
2025-09-14 14:00:00,930.21,932.58,923.18,926.49,318988.0,2956959.0396
2025-09-14 15:00:00,926.49,928.66,923.47,925.38,193907.0,1795466.6185
2025-09-14 16:00:00,925.38,928.48,924.08,925.0,315170.0,2916904.7946
2025-09-14 17:00:00,925.0,929.31,923.92,928.46,1199061.0,11118702.8959
2025-09-14 18:00:00,928.46,928.46,925.75,926.92,249129.0,2310660.6143
2025-09-14 19:00:00,926.92,929.61,925.8,928.08,67833.0,629541.8976
2025-09-14 20:00:00,928.08,930.43,927.71,929.72,473274.0,4399614.9401
2025-09-14 21:00:00,929.72,934.18,927.3,934.12,103429.0,963125.6664
2025-09-14 22:00:00,934.12,934.78,932.5,933.53,83602.0,780817.9667
2025-09-14 23:00:00,933.53,933.53,925.63,926.88,153613.0,1427367.4503
2025-09-15 00:00:00,926.88,930.42,922.09,925.19,236307.0,2185984.1641
2025-09-15 01:00:00,925.19,930.25,922.7,928.47,193923.0,1796440.8693
2025-09-15 02:00:00,928.47,930.96,928.47,929.73,37540.0,349091.4179
2025-09-15 03:00:00,929.73,933.5,929.72,932.74,123163.0,1147110.2279
2025-09-15 04:00:00,932.74,936.13,932.21,933.98,136868.0,1278928.2833
2025-09-15 05:00:00,933.98,935.82,933.36,934.64,77826.0,727657.167
2025-09-15 06:00:00,934.64,934.7,926.41,927.18,135103.0,1256919.0604
2025-09-15 07:00:00,927.18,930.38,922.89,923.81,142522.0,1318876.0815
2025-09-15 08:00:00,923.81,923.81,911.15,911.26,578672.0,5317446.0362
2025-09-15 09:00:00,911.26,918.44,911.13,918.44,427905.0,3918794.172
2025-09-15 10:00:00,918.44,920.85,915.46,919.64,129855.0,1192141.3472
2025-09-15 11:00:00,919.64,922.18,918.51,920.46,189732.0,1747892.0188
2025-09-15 12:00:00,920.46,921.54,917.45,918.06,126471.0,1162939.4612
2025-09-15 13:00:00,918.06,923.47,916.48,917.86,165187.0,1519705.8506
2025-09-15 14:00:00,917.86,920.44,915.5,917.8,296611.0,2722507.1211
2025-09-15 15:00:00,917.8,918.96,913.17,917.11,190029.0,1739220.6601
2025-09-15 16:00:00,917.11,919.75,913.32,917.5,159347.0,1462043.4447
2025-09-15 17:00:00,917.5,920.24,916.25,920.19,78680.0,722633.8619
2025-09-15 18:00:00,920.19,921.51,918.0,921.05,78635.0,723177.3385
2025-09-15 19:00:00,921.05,922.56,918.23,919.96,58186.0,535699.1049
2025-09-15 20:00:00,919.96,921.09,918.96,920.3,145004.0,1334062.1568
2025-09-15 21:00:00,920.3,923.07,918.06,922.58,268144.0,2471095.7647
2025-09-15 22:00:00,922.58,922.92,919.68,920.2,133542.0,1230528.3767
2025-09-15 23:00:00,920.2,920.67,918.66,920.05,33270.0,306043.6988
2025-09-16 00:00:00,920.05,920.12,917.05,919.52,393306.0,3613198.9953
2025-09-16 01:00:00,919.52,922.98,919.52,921.07,62309.0,574153.4099
2025-09-16 02:00:00,921.07,923.28,919.95,920.18,57492.0,529823.8054
2025-09-16 03:00:00,920.18,922.84,919.26,921.75,40352.0,371924.062
2025-09-16 04:00:00,921.75,924.56,917.5,924.28,199095.0,1836159.247
2025-09-16 05:00:00,924.28,930.09,923.71,930.09,302737.0,2808368.8879
2025-09-16 06:00:00,930.09,932.83,927.21,928.04,260021.0,2419922.5016
2025-09-16 07:00:00,928.04,932.57,927.99,931.43,95974.0,892954.6296
2025-09-16 08:00:00,931.43,933.85,928.89,932.05,388860.0,3625802.8543
2025-09-16 09:00:00,932.05,932.1,928.15,929.15,73940.0,687212.9565
2025-09-16 10:00:00,929.15,929.92,925.78,925.88,502210.0,4659101.6773
2025-09-16 11:00:00,925.88,928.69,925.11,927.83,181968.0,1686765.5987
2025-09-16 12:00:00,927.83,929.28,926.87,928.87,205752.0,1908971.7464
2025-09-16 13:00:00,928.87,932.98,923.34,927.38,431989.0,4012280.1189
2025-09-16 14:00:00,927.38,928.27,922.5,927.29,222786.0,2063743.1124
2025-09-16 15:00:00,927.29,938.39,925.47,937.9,1598729.0,14916761.6899
2025-09-16 16:00:00,937.9,938.19,932.59,935.3,557155.0,5213635.1869
2025-09-16 17:00:00,935.3,956.15,935.11,953.24,3338921.0,31652300.8888
2025-09-16 18:00:00,953.24,955.87,951.01,952.09,859436.0,8192682.509
2025-09-16 19:00:00,952.09,957.87,952.05,955.22,672487.0,6417794.0451
2025-09-16 20:00:00,955.22,960.02,954.8,955.96,943860.0,9034525.9344
2025-09-16 21:00:00,955.96,958.32,954.43,957.38,514268.0,4916680.0179
2025-09-16 22:00:00,957.38,958.73,955.95,958.04,521987.0,4995530.9375
2025-09-16 23:00:00,958.04,958.65,954.36,956.4,403094.0,3852612.7263
2025-09-17 00:00:00,956.4,963.7,954.91,960.29,614254.0,5898221.5028
2025-09-17 01:00:00,960.29,960.79,957.06,957.45,232829.0,2232074.1691
2025-09-17 02:00:00,957.45,963.44,956.77,960.69,177955.0,1708834.8133
2025-09-17 03:00:00,960.69,962.2,956.89,957.33,291865.0,2800485.5176
2025-09-17 04:00:00,957.33,959.83,951.5,952.33,339065.0,3237901.305
2025-09-17 05:00:00,952.33,953.5,947.44,952.24,407382.0,3871060.3836
2025-09-17 06:00:00,952.24,955.66,950.48,954.81,287568.0,2738569.4996
2025-09-17 07:00:00,954.81,960.0,953.25,955.39,439819.0,4210346.4767
2025-09-17 08:00:00,955.39,957.81,951.8,957.28,187215.0,1785304.0231
2025-09-17 09:00:00,957.28,957.28,954.32,955.66,255547.0,2442501.2303
2025-09-17 10:00:00,955.66,957.43,952.52,953.55,143569.0,1370513.631
2025-09-17 11:00:00,953.55,957.28,952.8,953.99,174529.0,1666924.4873
2025-09-17 12:00:00,953.99,954.58,951.08,952.39,230727.0,2197583.3965
2025-09-17 13:00:00,952.39,954.96,950.05,950.62,277946.0,2648353.1218
2025-09-17 14:00:00,950.62,952.8,948.08,949.07,249448.0,2368323.3889
2025-09-17 15:00:00,949.07,953.91,948.51,951.78,438538.0,4175658.2318
2025-09-17 16:00:00,951.78,952.25,946.48,950.95,244008.0,2315760.2262
2025-09-17 17:00:00,950.95,955.5,949.78,950.66,333866.0,3179102.1991
2025-09-17 18:00:00,950.66,963.23,948.18,954.75,1258958.0,12030746.7712
2025-09-17 19:00:00,954.75,958.19,953.94,956.89,293830.0,2809405.3605
2025-09-17 20:00:00,956.89,974.85,953.95,954.21,652737.0,6260489.464
2025-09-17 21:00:00,954.21,963.39,952.63,961.91,918424.0,8809460.9234
2025-09-17 22:00:00,961.91,995.71,961.88,992.72,1529926.0,14938863.6549
2025-09-17 23:00:00,992.72,996.49,983.87,990.83,1518305.0,15010190.8128
2025-09-18 00:00:00,990.83,993.94,983.5,984.18,545073.0,5385665.0733
2025-09-18 01:00:00,984.18,993.3,982.4,988.69,426047.0,4206192.7002
2025-09-18 02:00:00,988.69,991.84,985.15,991.67,278822.0,2758188.0487
2025-09-18 03:00:00,991.67,997.72,990.23,996.34,431103.0,4285654.5511
2025-09-18 04:00:00,996.34,996.54,991.85,994.85,466872.0,4639390.9999
2025-09-18 05:00:00,994.85,995.65,988.69,991.74,228946.0,2270688.8995
2025-09-18 06:00:00,991.74,995.66,990.17,994.77,209211.0,2078072.5518
2025-09-18 07:00:00,994.77,1000.8,994.08,998.88,942850.0,9411211.1223
2025-09-18 08:00:00,998.88,1007.79,998.75,1001.34,4377370.0,43921925.5919
2025-09-18 09:00:00,1001.34,1003.2,995.45,1001.71,1041479.0,10402774.1048
2025-09-18 10:00:00,1001.71,1002.87,992.16,993.93,999758.0,9960290.9855
2025-09-18 11:00:00,993.93,995.33,991.24,992.4,522096.0,5184324.7633
2025-09-18 12:00:00,992.4,997.45,991.6,997.34,764858.0,7610475.9676
2025-09-18 13:00:00,997.34,999.35,992.97,995.44,962506.0,9591353.7647
2025-09-18 14:00:00,995.44,996.48,993.7,996.04,351411.0,3496968.9024
2025-09-18 15:00:00,996.04,997.59,993.57,994.01,367467.0,3657922.6818
2025-09-18 16:00:00,994.01,995.94,991.7,994.58,298387.0,2964991.542
2025-09-18 17:00:00,994.58,994.87,991.37,992.16,305336.0,3032512.762
2025-09-18 18:00:00,992.16,992.81,986.56,988.25,437987.0,4332825.2473
2025-09-18 19:00:00,988.25,989.4,986.13,988.57,423166.0,4181378.1471
2025-09-18 20:00:00,988.57,989.63,988.11,988.51,460281.0,4551413.308
2025-09-18 21:00:00,988.51,989.4,987.28,988.51,357891.0,3537697.7057
2025-09-18 22:00:00,988.51,988.88,982.89,983.1,289773.0,2856006.7372
2025-09-18 23:00:00,983.1,983.76,980.11,981.78,436716.0,4289108.3456
2025-09-19 00:00:00,981.78,986.42,981.36,986.24,215074.0,2117202.3662
2025-09-19 01:00:00,986.24,988.14,984.79,986.16,218446.0,2155069.9927
2025-09-19 02:00:00,986.16,987.5,984.43,986.3,88069.0,868516.3864
2025-09-19 03:00:00,986.3,989.13,983.52,985.13,187026.0,1844945.2215
2025-09-19 04:00:00,985.13,993.01,982.62,992.89,252399.0,2493381.0166
2025-09-19 05:00:00,992.89,996.8,989.5,994.66,302095.0,2998686.2218
2025-09-19 06:00:00,994.66,996.12,992.47,993.8,252436.0,2509558.6337
2025-09-19 07:00:00,993.8,998.0,992.59,995.19,761977.0,7588798.1694
2025-09-19 08:00:00,995.19,1003.6,995.18,1001.13,1179790.0,11801675.4726
2025-09-19 09:00:00,1001.13,1002.72,994.36,995.53,964244.0,9634697.735
2025-09-19 10:00:00,995.53,997.1,989.99,991.77,911943.0,9058364.6991
2025-09-19 11:00:00,991.77,992.67,985.56,986.54,758395.0,7501883.6391
2025-09-19 12:00:00,986.54,989.71,986.25,988.17,136293.0,1347428.2844
2025-09-19 13:00:00,988.17,993.02,987.63,991.98,259956.0,2577568.0759
2025-09-19 14:00:00,991.98,993.0,983.38,983.85,583368.0,5751461.9415
2025-09-19 15:00:00,983.85,986.41,974.76,983.22,1420969.0,13932447.0658
2025-09-19 16:00:00,983.22,985.22,981.73,983.15,543063.0,5343798.9707
2025-09-19 17:00:00,983.15,984.53,978.93,979.0,229784.0,2256360.606
2025-09-19 18:00:00,979.0,981.14,975.74,979.55,432804.0,4235304.6208
2025-09-19 19:00:00,979.55,982.18,978.59,978.77,125161.0,1227661.3278
2025-09-19 20:00:00,978.77,982.54,977.66,979.97,257075.0,2522067.2675
2025-09-19 21:00:00,979.97,984.57,979.5,983.49,413238.0,4062104.8437
2025-09-19 22:00:00,983.49,985.85,983.3,984.85,257524.0,2535623.7631
2025-09-19 23:00:00,984.85,985.27,978.91,984.48,393917.0,3866225.9391
2025-09-20 00:00:00,984.48,988.29,984.09,987.1,316842.0,3124336.6458
2025-09-20 01:00:00,987.1,987.44,984.7,986.6,161554.0,1594031.2679
2025-09-20 02:00:00,986.6,991.54,983.35,991.24,246585.0,2433435.6974
2025-09-20 03:00:00,991.24,993.51,988.22,992.05,414876.0,4112285.0908
2025-09-20 04:00:00,992.05,1000.3,991.19,1000.27,418996.0,4173831.1143
2025-09-20 05:00:00,1000.27,1002.43,996.04,997.84,457510.0,4566793.937
2025-09-20 06:00:00,997.84,998.69,995.76,997.29,295706.0,2947703.6843
2025-09-20 07:00:00,997.29,1000.27,995.59,999.79,343171.0,3427312.5468
2025-09-20 08:00:00,999.79,1006.02,996.27,997.14,1058476.0,10606113.3327
2025-09-20 09:00:00,997.14,998.99,994.48,996.4,470136.0,4686867.57
2025-09-20 10:00:00,996.4,1001.36,996.4,997.66,381577.0,3813023.9256
2025-09-20 11:00:00,997.66,1003.44,997.66,1002.2,419512.0,4198948.6894
2025-09-20 12:00:00,1002.2,1002.46,998.94,1000.8,295851.0,2959370.3595
2025-09-20 13:00:00,1000.8,1002.28,999.47,1001.0,280168.0,2804174.9815
2025-09-20 14:00:00,1001.0,1015.5,1000.07,1012.04,2958195.0,29906737.9228
2025-09-20 15:00:00,1012.04,1028.27,1012.04,1021.62,3960631.0,40466183.4984
2025-09-20 16:00:00,1021.62,1026.18,1018.98,1025.84,1004867.0,10280576.4934
2025-09-20 17:00:00,1025.84,1029.59,1022.2,1026.57,1094001.0,11237879.9696
2025-09-20 18:00:00,1026.57,1027.2,1021.34,1022.15,677646.0,6938795.8172
2025-09-20 19:00:00,1022.15,1025.44,1017.55,1019.7,1026393.0,10497398.4574
2025-09-20 20:00:00,1019.7,1021.66,1018.83,1020.38,406064.0,4144407.2402
2025-09-20 21:00:00,1020.38,1049.99,1019.93,1041.01,3139412.0,32416108.6586
2025-09-20 22:00:00,1041.01,1041.23,1035.0,1040.66,1045961.0,10850457.5179
2025-09-20 23:00:00,1040.66,1044.62,1036.22,1044.4,741068.0,7715755.3068
2025-09-21 00:00:00,1044.4,1067.05,1039.76,1062.1,3774936.0,39614097.3639
2025-09-21 01:00:00,1062.1,1076.76,1054.44,1072.73,2039169.0,21697054.1144
2025-09-21 02:00:00,1072.73,1084.24,1070.77,1074.66,2009991.0,21663429.6563
2025-09-21 03:00:00,1074.66,1075.99,1068.37,1069.85,633366.0,6791047.9079
2025-09-21 04:00:00,1069.85,1071.18,1059.52,1068.55,648925.0,6909511.1837
2025-09-21 05:00:00,1068.55,1068.88,1064.03,1068.22,298005.0,3176206.1076
2025-09-21 06:00:00,1068.22,1078.5,1066.73,1076.43,642238.0,6901486.2046
2025-09-21 07:00:00,1076.43,1081.68,1073.0,1074.57,630768.0,6793417.5648
2025-09-21 08:00:00,1074.57,1075.92,1067.29,1072.61,2018333.0,21649754.7436
2025-09-21 09:00:00,1072.61,1073.17,1053.27,1059.21,856402.0,9083758.7106
2025-09-21 10:00:00,1059.21,1064.95,1057.35,1061.55,816437.0,8657992.2422
2025-09-21 11:00:00,1061.55,1064.18,1051.1,1051.48,517593.0,5474216.1205
2025-09-21 12:00:00,1051.48,1058.2,1044.74,1047.13,754398.0,7935671.4186
2025-09-21 13:00:00,1047.13,1055.02,1046.73,1052.76,1347608.0,14176687.2785
2025-09-21 14:00:00,1052.76,1057.1,1048.66,1050.74,460428.0,4842800.6615
2025-09-21 15:00:00,1050.74,1056.68,1050.28,1056.28,273708.0,2884691.9152
2025-09-21 16:00:00,1056.28,1058.16,1040.63,1043.57,842740.0,8835236.3591
2025-09-21 17:00:00,1043.57,1049.7,1041.36,1049.49,521541.0,5447834.1657
2025-09-21 18:00:00,1049.49,1053.0,1048.12,1052.44,357174.0,3753658.4817
2025-09-21 19:00:00,1052.44,1052.44,1045.45,1048.33,592895.0,6212516.6182
2025-09-21 20:00:00,1048.33,1048.33,1041.89,1045.52,280519.0,2930446.019
2025-09-21 21:00:00,1045.52,1052.84,1045.07,1049.71,341652.0,3580833.4357
2025-09-21 22:00:00,1049.71,1054.36,1047.38,1053.02,534932.0,5622923.8682
2025-09-21 23:00:00,1053.02,1053.03,1045.73,1048.36,250694.0,2630110.9845
2025-09-22 00:00:00,1048.36,1050.94,1025.18,1030.8,1012016.0,10489642.4383
2025-09-22 01:00:00,1030.8,1045.49,1028.31,1037.31,1796880.0,18666510.0788
2025-09-22 02:00:00,1037.31,1039.98,1028.16,1032.51,1052364.0,10874744.9183
2025-09-22 03:00:00,1032.51,1035.2,1025.99,1030.58,1041549.0,10719314.957
2025-09-22 04:00:00,1030.58,1038.73,1027.92,1033.57,412777.0,4271530.1385
2025-09-22 05:00:00,1033.57,1036.06,1019.92,1019.92,489423.0,5029042.7841
2025-09-22 06:00:00,1019.92,1025.0,994.79,1024.75,2841315.0,28728760.9994
2025-09-22 07:00:00,1024.75,1028.72,1021.79,1024.61,820812.0,8416567.7106
2025-09-22 08:00:00,1024.61,1036.46,1024.19,1028.99,773570.0,7971470.2339
2025-09-22 09:00:00,1028.99,1028.99,1014.59,1018.18,670404.0,6857686.974
2025-09-22 10:00:00,1018.18,1024.96,1013.43,1023.49,718477.0,7336195.7079
2025-09-22 11:00:00,1023.49,1024.44,1018.43,1019.05,161384.0,1647227.9179
2025-09-22 12:00:00,1019.05,1024.29,1017.49,1022.06,262684.0,2682497.9607
2025-09-22 13:00:00,1022.06,1028.47,1015.19,1022.97,1055543.0,10784980.4384
2025-09-22 14:00:00,1022.97,1023.01,1002.76,1003.97,1610635.0,16267978.7601
2025-09-22 15:00:00,1003.97,1006.42,995.07,998.37,1309209.0,13092366.2613
2025-09-22 16:00:00,998.37,998.98,991.64,993.26,1102123.0,10972568.2081
2025-09-22 17:00:00,993.26,995.22,984.35,994.48,1752298.0,17331528.0506
2025-09-22 18:00:00,994.48,995.0,986.38,987.55,1150469.0,11404306.5845
2025-09-22 19:00:00,987.55,988.7,977.44,981.64,897124.0,8823780.4648
2025-09-22 20:00:00,981.64,989.94,979.52,988.36,716621.0,7055147.2742
2025-09-22 21:00:00,988.36,994.32,984.87,992.76,525001.0,5192016.0914
2025-09-22 22:00:00,992.76,994.07,990.11,993.04,267773.0,2654482.2335
2025-09-22 23:00:00,993.04,994.9,990.35,993.5,388748.0,3863079.2357
2025-09-23 00:00:00,993.5,998.0,991.23,991.94,416303.0,4141194.7652
2025-09-23 01:00:00,991.94,992.36,983.95,983.99,370462.0,3663004.9071
2025-09-23 02:00:00,983.99,987.32,970.89,971.17,452179.0,4413524.1086
2025-09-23 03:00:00,971.17,984.5,963.13,983.06,948786.0,9234098.1066
2025-09-23 04:00:00,983.06,986.11,977.07,982.5,132816.0,1304101.6368
2025-09-23 05:00:00,982.5,989.7,980.17,989.11,234141.0,2310495.5399
2025-09-23 06:00:00,989.11,998.26,988.19,997.34,329873.0,3276559.6677
2025-09-23 07:00:00,997.34,1006.57,994.88,1002.16,782680.0,7838381.3335
2025-09-23 08:00:00,1002.16,1014.13,1001.59,1004.55,916937.0,9241440.1065
2025-09-23 09:00:00,1004.55,1008.44,998.26,999.81,569357.0,5707706.8906
2025-09-23 10:00:00,999.81,1006.75,997.31,1005.39,408652.0,4093624.0084
2025-09-23 11:00:00,1005.39,1011.32,1002.13,1011.32,405550.0,4084004.9251
2025-09-23 12:00:00,1011.32,1023.11,1009.8,1018.75,806682.0,8196523.8054
2025-09-23 13:00:00,1018.75,1022.77,1014.8,1017.18,310366.0,3161909.4706
2025-09-23 14:00:00,1017.18,1022.7,1012.12,1013.38,280142.0,2849007.7547
2025-09-23 15:00:00,1013.38,1026.95,1009.8,1022.88,622009.0,6344164.254
2025-09-23 16:00:00,1022.88,1027.93,1018.59,1024.76,521923.0,5338542.9281
2025-09-23 17:00:00,1024.76,1024.76,1012.35,1014.93,629619.0,6413218.8805
2025-09-23 18:00:00,1014.93,1017.0,1008.32,1011.94,527724.0,5342941.4409
2025-09-23 19:00:00,1011.94,1016.24,1006.99,1009.87,264673.0,2679562.546
2025-09-23 20:00:00,1009.87,1015.27,1008.89,1014.81,399828.0,4048983.3897
2025-09-23 21:00:00,1014.81,1021.47,1013.62,1021.47,407595.0,4147125.9685
2025-09-23 22:00:00,1021.47,1021.47,1015.64,1016.94,260570.0,2654808.7791
2025-09-23 23:00:00,1016.94,1019.41,1012.29,1016.86,315364.0,3198731.5374
2025-09-24 00:00:00,1016.86,1025.08,1014.8,1017.81,263894.0,2694811.6389
2025-09-24 01:00:00,1017.81,1027.33,1016.61,1024.67,531100.0,5441618.2744
2025-09-24 02:00:00,1024.67,1024.77,1015.95,1020.01,443127.0,4520125.8121
2025-09-24 03:00:00,1020.01,1022.83,1002.66,1003.15,633955.0,6413517.0123
2025-09-24 04:00:00,1003.15,1012.12,991.95,1008.64,531486.0,5330031.1697
2025-09-24 05:00:00,1008.64,1017.02,1007.96,1015.06,300316.0,3042087.6559
2025-09-24 06:00:00,1015.06,1018.87,1011.33,1018.33,259720.0,2639034.1396
2025-09-24 07:00:00,1018.33,1019.46,1014.21,1018.41,173689.0,1766876.9189
2025-09-24 08:00:00,1018.41,1027.09,1017.99,1025.76,415484.0,4249723.5435
2025-09-24 09:00:00,1025.76,1034.85,1022.76,1032.81,902355.0,9298108.9888
2025-09-24 10:00:00,1032.81,1032.97,1020.96,1024.22,765341.0,7856690.0497
2025-09-24 11:00:00,1024.22,1024.22,1013.17,1016.62,322048.0,3278419.4951
2025-09-24 12:00:00,1016.62,1019.45,1015.44,1017.54,1380647.0,14052982.6883
2025-09-24 13:00:00,1017.54,1018.88,1008.68,1009.74,352611.0,3578115.4867
2025-09-24 14:00:00,1009.74,1021.58,1009.74,1017.58,316416.0,3215579.5337
2025-09-24 15:00:00,1017.58,1019.64,1009.38,1009.83,134604.0,1365665.5804
2025-09-24 16:00:00,1009.83,1016.15,1008.39,1013.91,270968.0,2742273.8476
2025-09-24 17:00:00,1013.91,1019.99,1013.71,1017.28,287727.0,2929263.8371
2025-09-24 18:00:00,1017.28,1018.12,1014.05,1016.41,337064.0,3425402.7333
2025-09-24 19:00:00,1016.41,1018.36,1014.59,1016.18,268687.0,2729665.2522
2025-09-24 20:00:00,1016.18,1019.16,1013.53,1018.59,106415.0,1082350.6204
2025-09-24 21:00:00,1018.59,1019.47,1012.66,1013.46,193404.0,1964967.7473
2025-09-24 22:00:00,1013.46,1019.95,1013.43,1018.87,230472.0,2340183.5584
2025-09-24 23:00:00,1018.87,1020.0,1016.06,1018.86,63586.0,647255.3186
2025-09-25 00:00:00,1018.86,1020.12,1015.64,1017.05,134548.0,1369797.5679
2025-09-25 01:00:00,1017.05,1017.05,1003.8,1005.4,353691.0,3562695.9121
2025-09-25 02:00:00,1005.4,1015.82,1003.7,1010.39,463020.0,4680489.7914
2025-09-25 03:00:00,1010.39,1010.58,996.0,1000.17,548737.0,5502469.6741
2025-09-25 04:00:00,1000.17,1000.95,986.36,991.06,734731.0,7288109.3687
2025-09-25 05:00:00,991.06,998.7,988.61,997.35,319750.0,3186602.5313
2025-09-25 06:00:00,997.35,997.5,989.1,989.64,232148.0,2304406.6063
2025-09-25 07:00:00,989.64,994.8,987.42,992.39,272070.0,2696764.7348
2025-09-25 08:00:00,992.39,996.81,988.68,991.44,446075.0,4426496.1289
2025-09-25 09:00:00,991.44,996.63,989.45,990.3,442017.0,4394236.4832
2025-09-25 10:00:00,990.3,991.0,982.31,983.78,705817.0,6965460.5221
2025-09-25 11:00:00,983.78,987.99,981.6,986.49,274801.0,2704147.5506
2025-09-25 12:00:00,986.49,994.61,980.2,990.06,554214.0,5477755.7759
2025-09-25 13:00:00,990.06,996.27,986.44,990.34,930967.0,9227073.3302
2025-09-25 14:00:00,990.34,1001.0,990.34,996.9,358151.0,3568959.2362
2025-09-25 15:00:00,996.9,997.57,989.59,995.49,829765.0,8241195.9881
2025-09-25 16:00:00,995.49,997.5,978.14,981.92,593497.0,5875259.0098
2025-09-25 17:00:00,981.92,981.92,951.0,955.85,3093591.0,29875010.0885
2025-09-25 18:00:00,955.85,969.08,955.85,968.82,1322842.0,12731259.3683
2025-09-25 19:00:00,968.82,969.72,956.86,959.06,869048.0,8371399.6861
2025-09-25 20:00:00,959.06,961.57,952.43,953.66,624869.0,5982010.6262
2025-09-25 21:00:00,953.66,961.0,948.99,953.7,786526.0,7498351.6558
2025-09-25 22:00:00,953.7,958.34,945.86,946.36,299818.0,2858226.6291
2025-09-25 23:00:00,946.36,951.9,940.34,946.49,285905.0,2702911.7253
2025-09-26 00:00:00,946.49,956.81,945.37,955.71,173162.0,1647307.0693
2025-09-26 01:00:00,955.71,959.62,952.05,953.31,277579.0,2653009.1612
2025-09-26 02:00:00,953.31,957.0,945.83,946.01,401661.0,3833508.7363
2025-09-26 03:00:00,946.01,948.05,941.5,946.11,440907.0,4164572.9242
2025-09-26 04:00:00,946.11,948.0,937.02,938.88,507251.0,4770258.1751
2025-09-26 05:00:00,938.88,944.23,937.15,939.96,426838.0,4018091.6279
2025-09-26 06:00:00,939.96,948.47,936.67,944.27,337466.0,3186548.9814
2025-09-26 07:00:00,944.27,950.51,943.93,949.85,576810.0,5471741.689
2025-09-26 08:00:00,949.85,951.3,947.58,948.09,290939.0,2764872.0024
2025-09-26 09:00:00,948.09,950.1,939.29,945.22,279224.0,2635700.0628
2025-09-26 10:00:00,945.22,945.67,935.57,937.99,625495.0,5873839.1554
2025-09-26 11:00:00,937.99,941.43,932.91,937.82,290289.0,2722587.0837
2025-09-26 12:00:00,937.82,949.49,932.79,947.44,753798.0,7094605.9306
2025-09-26 13:00:00,947.44,952.31,942.27,949.76,188660.0,1788027.8883
2025-09-26 14:00:00,949.76,950.34,936.12,938.0,493796.0,4658427.0781
2025-09-26 15:00:00,938.0,945.07,937.97,942.72,163975.0,1543930.2098
2025-09-26 16:00:00,942.72,955.59,941.89,955.41,758061.0,7205944.4975
2025-09-26 17:00:00,955.41,964.33,954.2,964.28,700589.0,6719649.2677
2025-09-26 18:00:00,964.28,966.51,957.15,960.46,711530.0,6840289.7994
2025-09-26 19:00:00,960.46,960.46,951.7,955.1,373792.0,3569726.4952
2025-09-26 20:00:00,955.1,957.79,952.39,954.1,427745.0,4085462.9096
2025-09-26 21:00:00,954.1,956.84,951.89,956.2,57730.0,551546.0059
2025-09-26 22:00:00,956.2,960.35,954.63,957.01,254997.0,2442283.9031
2025-09-26 23:00:00,957.01,961.23,954.18,961.11,220280.0,2110205.748
2025-09-27 00:00:00,961.11,963.2,958.37,963.11,126463.0,1214546.8146
2025-09-27 01:00:00,963.11,963.57,955.86,959.08,149174.0,1428868.5481
2025-09-27 02:00:00,959.08,963.75,959.0,962.65,124991.0,1201503.9396
2025-09-27 03:00:00,962.65,967.8,960.92,967.18,132121.0,1275157.9309
2025-09-27 04:00:00,967.18,972.84,965.8,972.48,244408.0,2371107.5853
2025-09-27 05:00:00,972.48,972.69,967.41,969.24,208147.0,2019193.221
2025-09-27 06:00:00,969.24,970.28,965.81,969.27,248363.0,2404570.6094
2025-09-27 07:00:00,969.27,974.06,969.27,972.48,208449.0,2024978.0415
2025-09-27 08:00:00,972.48,972.56,966.17,967.28,193057.0,1869143.1076
2025-09-27 09:00:00,967.28,971.83,965.71,969.12,217978.0,2109405.86
2025-09-27 10:00:00,969.12,975.6,966.72,973.48,352676.0,3428154.0581
2025-09-27 11:00:00,973.48,973.64,970.45,970.75,107633.0,1046059.9173
2025-09-27 12:00:00,970.75,974.32,969.0,973.33,165590.0,1608266.0637
2025-09-27 13:00:00,973.33,979.57,970.47,978.87,988212.0,9632662.2396
2025-09-27 14:00:00,978.87,986.36,978.3,981.96,595827.0,5850777.4388
2025-09-27 15:00:00,981.96,982.89,976.73,976.74,396415.0,3881936.4529
2025-09-27 16:00:00,976.74,977.44,973.04,973.63,446393.0,4355341.3331
2025-09-27 17:00:00,973.63,973.63,965.61,971.91,366233.0,3550088.2403
2025-09-27 18:00:00,971.91,971.91,966.48,969.3,228061.0,2210270.0604
2025-09-27 19:00:00,969.3,970.95,967.6,969.91,93554.0,907204.5511
2025-09-27 20:00:00,969.91,970.88,968.06,968.78,117498.0,1138700.4162
2025-09-27 21:00:00,968.78,973.39,967.6,972.73,175381.0,1701183.7862
2025-09-27 22:00:00,972.73,978.13,971.05,972.29,231056.0,2251234.4841
2025-09-27 23:00:00,972.29,973.66,967.72,968.72,60584.0,587495.7894
2025-09-28 00:00:00,968.72,971.43,965.74,968.2,317671.0,3079221.9215
2025-09-28 01:00:00,968.2,972.01,967.28,967.57,102396.0,993759.4759
2025-09-28 02:00:00,967.57,973.63,967.2,972.63,167322.0,1625875.0617
2025-09-28 03:00:00,972.63,975.2,971.39,974.47,133773.0,1302578.0694
2025-09-28 04:00:00,974.47,975.6,971.61,973.79,50777.0,494481.794
2025-09-28 05:00:00,973.79,975.0,971.34,971.45,93195.0,906631.8431
2025-09-28 06:00:00,971.45,973.87,968.95,971.75,201933.0,1959299.3885
2025-09-28 07:00:00,971.75,972.99,969.13,969.85,85532.0,830285.3717
2025-09-28 08:00:00,969.85,971.2,963.62,965.15,293795.0,2840100.7876
2025-09-28 09:00:00,965.15,969.24,963.12,968.8,176887.0,1710606.3245
2025-09-28 10:00:00,968.8,971.28,965.45,970.36,217321.0,2105435.1648
2025-09-28 11:00:00,970.36,973.51,967.92,973.51,158803.0,1541089.7638
2025-09-28 12:00:00,973.51,974.96,966.66,969.24,340139.0,3303600.4033
2025-09-28 13:00:00,969.24,975.55,968.81,974.21,207649.0,2020265.1852
2025-09-28 14:00:00,974.21,979.72,972.99,975.79,142840.0,1394529.811
2025-09-28 15:00:00,975.79,976.8,973.68,976.44,103135.0,1005987.5921
2025-09-28 16:00:00,976.44,980.76,976.44,977.61,146111.0,1429332.6871
2025-09-28 17:00:00,977.61,979.8,976.09,978.07,120108.0,1174774.2686
2025-09-28 18:00:00,978.07,979.36,977.19,979.08,68708.0,672611.7784
2025-09-28 19:00:00,979.08,979.83,975.82,978.2,184077.0,1798889.2559
2025-09-28 20:00:00,978.2,983.79,977.8,982.47,218220.0,2142015.4232
2025-09-28 21:00:00,982.47,984.53,980.85,981.71,147043.0,1444543.9351
2025-09-28 22:00:00,981.71,989.95,981.71,988.9,366356.0,3619337.1791
2025-09-28 23:00:00,988.9,993.58,988.21,993.28,278451.0,2759772.8711
2025-09-29 00:00:00,993.28,995.89,991.46,994.81,207307.0,2060413.0089
2025-09-29 01:00:00,994.81,1001.44,993.8,994.52,556250.0,5552393.5413
2025-09-29 02:00:00,994.52,1000.55,992.61,1000.25,178763.0,1782626.3601
2025-09-29 03:00:00,1000.25,1011.95,998.95,1010.87,649701.0,6538126.2585
2025-09-29 04:00:00,1010.87,1014.55,1007.37,1008.45,807899.0,8164693.9197
2025-09-29 05:00:00,1008.45,1012.5,1006.21,1011.06,234870.0,2373055.1861
2025-09-29 06:00:00,1011.06,1012.4,1006.23,1010.15,466297.0,4706140.2583
2025-09-29 07:00:00,1010.15,1011.49,1008.11,1010.57,96277.0,971941.3588
2025-09-29 08:00:00,1010.57,1013.43,1007.86,1007.89,315381.0,3186926.2698
2025-09-29 09:00:00,1007.89,1007.89,1002.93,1007.88,334260.0,3360283.381
2025-09-29 10:00:00,1007.88,1010.51,1006.44,1008.81,233055.0,2352105.3436
2025-09-29 11:00:00,1008.81,1008.81,1003.9,1005.5,178671.0,1797298.3294
2025-09-29 12:00:00,1005.5,1008.54,1000.97,1002.04,488895.0,4907931.6746
2025-09-29 13:00:00,1002.04,1013.88,1000.44,1012.59,741849.0,7479969.9805
2025-09-29 14:00:00,1012.59,1023.52,1012.15,1018.79,1437084.0,14634874.417
2025-09-29 15:00:00,1018.79,1019.16,1008.3,1011.19,640867.0,6496815.5188
2025-09-29 16:00:00,1011.19,1014.24,1005.24,1005.46,324964.0,3275037.6865
2025-09-29 17:00:00,1005.46,1012.8,1004.09,1012.53,271302.0,2737085.1311
2025-09-29 18:00:00,1012.53,1017.91,1010.68,1017.62,264543.0,2684052.4224
2025-09-29 19:00:00,1017.62,1021.68,1017.49,1020.58,496975.0,5068471.4372
2025-09-29 20:00:00,1020.58,1029.49,1019.83,1028.19,301575.0,3091874.6451
2025-09-29 21:00:00,1028.19,1031.32,1026.48,1030.93,294296.0,3028697.833
2025-09-29 22:00:00,1030.93,1036.63,1029.98,1035.1,392391.0,4055477.3938
2025-09-29 23:00:00,1035.1,1035.14,1028.75,1030.5,140634.0,1451133.7339
2025-09-30 00:00:00,1030.5,1034.28,1027.28,1028.39,177951.0,1833145.4635
2025-09-30 01:00:00,1028.39,1031.67,1024.6,1026.31,96999.0,996898.9593
2025-09-30 02:00:00,1026.31,1028.3,1022.29,1022.46,119967.0,1229710.9862
2025-09-30 03:00:00,1022.46,1026.8,1022.28,1024.15,160343.0,1643716.8684
2025-09-30 04:00:00,1024.15,1028.52,1023.75,1026.04,160712.0,1649900.7691
2025-09-30 05:00:00,1026.04,1026.65,1020.68,1024.6,248261.0,2540259.9998
2025-09-30 06:00:00,1024.6,1027.42,1022.63,1026.33,225791.0,2315338.4293
2025-09-30 07:00:00,1026.33,1028.33,1017.27,1020.56,328771.0,3367430.5869
2025-09-30 08:00:00,1020.56,1022.0,1019.47,1020.61,128045.0,1307099.3526
2025-09-30 09:00:00,1020.61,1021.19,1008.71,1009.07,359742.0,3648695.765
2025-09-30 10:00:00,1009.07,1011.45,1007.32,1010.39,212283.0,2143281.179
2025-09-30 11:00:00,1010.39,1017.2,1009.35,1015.06,260066.0,2637269.1981
2025-09-30 12:00:00,1015.06,1015.34,1009.15,1009.21,231542.0,2342519.9615
2025-09-30 13:00:00,1009.21,1014.2,1006.2,1008.46,310966.0,3139527.4769
2025-09-30 14:00:00,1008.46,1009.63,1002.13,1006.49,526633.0,5293295.093
2025-09-30 15:00:00,1006.49,1006.49,993.21,998.75,590053.0,5892103.1199
2025-09-30 16:00:00,998.75,1002.94,997.19,998.54,527725.0,5277069.5141
2025-09-30 17:00:00,998.54,1004.35,997.39,1001.69,217220.0,2176297.8183
2025-09-30 18:00:00,1001.69,1004.42,999.69,1003.5,170897.0,1713062.7027
2025-09-30 19:00:00,1003.5,1009.66,1003.3,1007.83,232299.0,2338408.4079
2025-09-30 20:00:00,1007.83,1009.62,1003.58,1008.92,336063.0,3384275.7784
2025-09-30 21:00:00,1008.92,1010.81,1002.59,1002.98,295833.0,2981572.9325
2025-09-30 22:00:00,1002.98,1005.85,1001.61,1003.31,160351.0,1608499.6536
2025-09-30 23:00:00,1003.31,1009.73,1001.71,1008.77,212869.0,2142122.996
2025-10-01 00:00:00,1008.77,1013.54,1008.77,1012.89,194938.0,1971626.6268
2025-10-01 01:00:00,1012.89,1016.14,1011.48,1014.83,75707.0,767859.5953
2025-10-01 02:00:00,1014.83,1014.99,1009.45,1009.46,58629.0,593375.1498
2025-10-01 03:00:00,1009.46,1009.54,1003.47,1004.97,244906.0,2463494.0366
2025-10-01 04:00:00,1004.97,1013.33,1004.97,1010.3,248431.0,2509212.0988
2025-10-01 05:00:00,1010.3,1013.61,1009.69,1011.4,131843.0,1334403.3926
2025-10-01 06:00:00,1011.4,1012.07,1007.93,1008.79,130938.0,1322170.1063
2025-10-01 07:00:00,1008.79,1012.72,1008.59,1010.22,73797.0,746252.0572
2025-10-01 08:00:00,1010.22,1030.4,1009.74,1027.93,775299.0,7924656.7636
2025-10-01 09:00:00,1027.93,1036.48,1026.55,1033.03,580649.0,5991065.2139
2025-10-01 10:00:00,1033.03,1033.67,1025.89,1028.31,424644.0,4366836.2072
2025-10-01 11:00:00,1028.31,1030.74,1021.45,1023.63,460089.0,4721886.5005
2025-10-01 12:00:00,1023.63,1025.12,1017.46,1018.57,410607.0,4195692.8631
2025-10-01 13:00:00,1018.57,1025.49,1018.55,1023.24,324472.0,3317761.8198
2025-10-01 14:00:00,1023.24,1028.63,1021.1,1022.14,498291.0,5108094.522
2025-10-01 15:00:00,1022.14,1022.53,1016.59,1019.2,426337.0,4349108.4937
2025-10-01 16:00:00,1019.2,1022.27,1018.05,1021.15,327154.0,3338272.0685
2025-10-01 17:00:00,1021.15,1025.54,1019.84,1020.59,666012.0,6807801.6889
2025-10-01 18:00:00,1020.59,1023.65,1020.04,1020.39,295493.0,3018281.3948
2025-10-01 19:00:00,1020.39,1022.93,1019.41,1020.01,188742.0,1927142.868
2025-10-01 20:00:00,1020.01,1022.4,1017.76,1022.4,162938.0,1661725.2621
2025-10-01 21:00:00,1022.4,1022.82,1019.94,1020.21,75890.0,775200.7356
2025-10-01 22:00:00,1020.21,1023.53,1019.47,1022.15,168891.0,1726938.4173
2025-10-01 23:00:00,1022.15,1026.92,1020.85,1025.68,169715.0,1740313.2503
2025-10-02 00:00:00,1025.68,1032.69,1023.13,1025.28,627599.0,6451689.6375
2025-10-02 01:00:00,1025.28,1038.11,1024.01,1035.71,332836.0,3433614.7145
2025-10-02 02:00:00,1035.71,1038.01,1031.15,1035.84,264916.0,2741260.8686
2025-10-02 03:00:00,1035.84,1036.16,1030.87,1031.36,291461.0,3012993.5496
2025-10-02 04:00:00,1031.36,1034.4,1027.62,1030.72,376212.0,3881017.8664
2025-10-02 05:00:00,1030.72,1034.25,1028.5,1031.23,219200.0,2258873.1298
2025-10-02 06:00:00,1031.23,1041.78,1031.23,1036.79,539714.0,5600141.7736
2025-10-02 07:00:00,1036.79,1039.94,1035.19,1036.38,300908.0,3121185.496
2025-10-02 08:00:00,1036.38,1038.84,1033.76,1034.79,148596.0,1539407.4246
2025-10-02 09:00:00,1034.79,1041.5,1034.32,1040.64,462447.0,4798162.1419
2025-10-02 10:00:00,1040.64,1046.28,1037.8,1044.13,545059.0,5686673.3684
2025-10-02 11:00:00,1044.13,1050.16,1044.13,1047.96,803428.0,8415855.2192
2025-10-02 12:00:00,1047.96,1064.28,1047.54,1060.45,1448912.0,15330407.712
2025-10-02 13:00:00,1060.45,1061.83,1053.55,1055.04,778362.0,8228824.6126
2025-10-02 14:00:00,1055.04,1057.05,1044.74,1046.34,964342.0,10127903.3659
2025-10-02 15:00:00,1046.34,1056.77,1042.2,1056.22,569579.0,5983473.9081
2025-10-02 16:00:00,1056.22,1064.03,1055.9,1061.92,1168433.0,12388639.3444
2025-10-02 17:00:00,1061.92,1062.42,1058.76,1059.77,696299.0,7382107.8269
2025-10-02 18:00:00,1059.77,1069.11,1059.76,1068.59,338289.0,3605724.1352
2025-10-02 19:00:00,1068.59,1077.55,1067.4,1074.66,616653.0,6610472.4645
2025-10-02 20:00:00,1074.66,1086.5,1073.82,1082.59,1053175.0,11391699.5608
2025-10-02 21:00:00,1082.59,1089.44,1078.8,1079.65,984656.0,10682380.9069
2025-10-02 22:00:00,1079.65,1094.76,1079.65,1093.7,641214.0,6977923.9574
2025-10-02 23:00:00,1093.7,1100.27,1087.67,1090.92,811686.0,8885410.1255
2025-10-03 00:00:00,1090.92,1094.6,1085.15,1086.73,417608.0,4558026.3266
2025-10-03 01:00:00,1086.73,1097.56,1086.73,1089.17,555321.0,6069605.2766
2025-10-03 02:00:00,1089.17,1098.8,1087.7,1096.84,803662.0,8801799.8053
2025-10-03 03:00:00,1096.84,1113.28,1096.84,1108.76,1956191.0,21663701.7136
2025-10-03 04:00:00,1108.76,1113.48,1094.19,1099.44,1177957.0,13022327.9688
2025-10-03 05:00:00,1099.44,1101.63,1093.53,1094.98,224140.0,2457449.532
2025-10-03 06:00:00,1094.98,1100.52,1090.83,1092.41,687494.0,7535924.3041
2025-10-03 07:00:00,1092.41,1093.54,1085.33,1086.98,406426.0,4424181.3126
2025-10-03 08:00:00,1086.98,1098.19,1084.0,1096.86,1392683.0,15170042.8974
2025-10-03 09:00:00,1096.86,1115.53,1096.68,1109.31,1666884.0,18483083.01
2025-10-03 10:00:00,1109.31,1110.79,1106.11,1107.9,431866.0,4786221.9788
2025-10-03 11:00:00,1107.9,1108.44,1102.51,1107.01,287293.0,3174430.5242
2025-10-03 12:00:00,1107.01,1110.82,1106.34,1107.63,666501.0,7391080.664
2025-10-03 13:00:00,1107.63,1147.73,1103.22,1138.32,2733150.0,30776605.6387
2025-10-03 14:00:00,1138.32,1143.64,1120.15,1142.85,1600856.0,18107916.824
2025-10-03 15:00:00,1142.85,1169.3,1137.23,1165.61,1972986.0,22691006.7451
2025-10-03 16:00:00,1165.61,1168.52,1150.34,1156.75,1334710.0,15459423.097
2025-10-03 17:00:00,1156.75,1156.75,1119.15,1136.95,1523769.0,17383206.688
2025-10-03 18:00:00,1136.95,1179.24,1134.01,1173.29,975643.0,11333711.1459
2025-10-03 19:00:00,1173.29,1174.45,1164.78,1171.23,700361.0,8187366.5748
2025-10-03 20:00:00,1171.23,1183.85,1165.71,1182.01,787628.0,9229938.0847
2025-10-03 21:00:00,1182.01,1182.9,1171.99,1177.99,926747.0,10926983.2487
2025-10-03 22:00:00,1177.99,1193.31,1177.85,1184.19,992761.0,11765266.8408
2025-10-03 23:00:00,1184.19,1190.68,1172.83,1190.18,613354.0,7255576.7856
2025-10-04 00:00:00,1190.18,1191.11,1175.23,1178.15,681924.0,8057129.7681
2025-10-04 01:00:00,1178.15,1180.7,1164.75,1172.26,414939.0,4856294.471
2025-10-04 02:00:00,1172.26,1178.38,1165.81,1176.88,580742.0,6792625.4321
2025-10-04 03:00:00,1176.88,1181.85,1169.78,1171.12,239972.0,2816188.8848
2025-10-04 04:00:00,1171.12,1176.47,1168.0,1175.03,487637.0,5720033.1731
2025-10-04 05:00:00,1175.03,1183.43,1174.21,1177.46,394313.0,4651709.598
2025-10-04 06:00:00,1177.46,1178.0,1171.03,1172.3,288366.0,3386614.751
2025-10-04 07:00:00,1172.3,1174.93,1166.11,1167.61,274399.0,3210790.8127
2025-10-04 08:00:00,1167.61,1169.5,1155.6,1156.4,624823.0,7257753.4195
2025-10-04 09:00:00,1156.4,1162.6,1150.39,1151.26,522715.0,6046438.4582
2025-10-04 10:00:00,1151.26,1157.06,1147.9,1150.35,489443.0,5638211.2461
2025-10-04 11:00:00,1150.35,1155.42,1145.87,1152.4,1063912.0,12234084.7611
2025-10-04 12:00:00,1152.4,1154.6,1144.44,1144.7,814019.0,9347508.226
2025-10-04 13:00:00,1144.7,1151.3,1144.01,1147.51,934465.0,10728787.0236
2025-10-04 14:00:00,1147.51,1154.56,1144.94,1146.89,510325.0,5861036.1838
2025-10-04 15:00:00,1146.89,1151.5,1140.56,1144.76,569975.0,6526278.3346
2025-10-04 16:00:00,1144.76,1148.16,1138.01,1143.66,400766.0,4576973.518
2025-10-04 17:00:00,1143.66,1159.29,1142.88,1150.64,315731.0,3632507.0185
2025-10-04 18:00:00,1150.64,1151.0,1143.23,1144.39,162014.0,1856806.5941
2025-10-04 19:00:00,1144.39,1148.0,1144.34,1147.7,131866.0,1512167.7529
2025-10-04 20:00:00,1147.7,1151.42,1147.28,1147.28,104771.0,1204100.7654
2025-10-04 21:00:00,1147.28,1157.21,1147.23,1152.79,338713.0,3904565.4235
2025-10-04 22:00:00,1152.79,1155.68,1147.76,1148.13,193805.0,2234126.7785
2025-10-04 23:00:00,1148.13,1151.5,1145.4,1151.47,332399.0,3815498.204
2025-10-05 00:00:00,1151.47,1154.52,1143.06,1147.21,276827.0,3178294.3345
2025-10-05 01:00:00,1147.21,1153.07,1144.12,1150.37,351733.0,4041480.357
2025-10-05 02:00:00,1150.37,1165.99,1149.18,1163.37,615006.0,7125633.8894
2025-10-05 03:00:00,1163.37,1169.91,1162.17,1163.73,496786.0,5789748.2905
2025-10-05 04:00:00,1163.73,1186.52,1163.73,1182.26,1058349.0,12461263.4426
2025-10-05 05:00:00,1182.26,1189.71,1175.51,1178.64,615448.0,7271640.3245
2025-10-05 06:00:00,1178.64,1180.57,1167.37,1169.74,554034.0,6501361.2806
2025-10-05 07:00:00,1169.74,1180.68,1168.25,1178.49,440304.0,5176557.6294
2025-10-05 08:00:00,1178.49,1180.45,1173.53,1174.89,212117.0,2495199.2813
2025-10-05 09:00:00,1174.89,1175.39,1156.9,1161.67,420192.0,4894412.5727
2025-10-05 10:00:00,1161.67,1164.83,1154.53,1163.09,530755.0,6156585.6494
2025-10-05 11:00:00,1163.09,1168.5,1158.43,1167.84,379834.0,4418619.9766
2025-10-05 12:00:00,1167.84,1171.59,1162.28,1169.12,619487.0,7236433.0498
2025-10-05 13:00:00,1169.12,1169.88,1162.49,1163.85,819731.0,9550597.9266
2025-10-05 14:00:00,1163.85,1168.42,1158.06,1161.84,220494.0,2561336.4161
2025-10-05 15:00:00,1161.84,1164.0,1157.39,1159.0,263174.0,3053916.858
2025-10-05 16:00:00,1159.0,1169.92,1156.62,1168.38,267890.0,3112854.1213
2025-10-05 17:00:00,1168.38,1170.22,1160.5,1164.15,283276.0,3300994.1855
2025-10-05 18:00:00,1164.15,1165.29,1156.78,1159.42,174753.0,2026786.3911
2025-10-05 19:00:00,1159.42,1159.67,1148.96,1150.38,218701.0,2521456.7731
2025-10-05 20:00:00,1150.38,1158.5,1148.39,1157.05,160609.0,1852806.2613
2025-10-05 21:00:00,1157.05,1161.93,1155.48,1161.93,283067.0,3284475.0443
2025-10-05 22:00:00,1161.93,1164.67,1160.54,1162.47,210653.0,2449477.6216
2025-10-05 23:00:00,1162.47,1167.68,1160.51,1167.68,165564.0,1926725.2861
2025-10-06 00:00:00,1167.68,1174.87,1162.39,1168.36,315115.0,3683195.3697
2025-10-06 01:00:00,1168.36,1184.81,1166.88,1179.72,867086.0,10217930.2265
2025-10-06 02:00:00,1179.72,1183.23,1172.52,1180.23,346428.0,4078166.0234
2025-10-06 03:00:00,1180.23,1183.98,1177.65,1183.15,321640.0,3796782.5551
2025-10-06 04:00:00,1183.15,1186.99,1175.69,1184.87,906076.0,10704519.2183
2025-10-06 05:00:00,1184.87,1196.76,1179.33,1190.67,1416763.0,16874995.194
2025-10-06 06:00:00,1190.67,1224.88,1190.02,1209.84,3684870.0,44618063.1358
2025-10-06 07:00:00,1209.84,1217.03,1196.72,1199.31,990489.0,11956267.905
2025-10-06 08:00:00,1199.31,1213.85,1199.03,1209.28,685150.0,8272919.2606
2025-10-06 09:00:00,1209.28,1219.7,1208.92,1218.86,656980.0,7982970.3092
2025-10-06 10:00:00,1218.86,1221.62,1213.73,1216.58,496536.0,6048087.3363
2025-10-06 11:00:00,1216.58,1223.69,1213.01,1223.19,1044016.0,12739447.2497
2025-10-06 12:00:00,1223.19,1240.2,1222.2,1236.8,1899840.0,23448091.2389
2025-10-06 13:00:00,1236.8,1239.0,1225.41,1226.24,730052.0,8981944.9018
2025-10-06 14:00:00,1226.24,1229.0,1210.28,1218.3,1810932.0,22055502.8645
2025-10-06 15:00:00,1218.3,1226.61,1216.16,1222.32,582268.0,7105334.6092
2025-10-06 16:00:00,1222.32,1227.37,1214.54,1223.02,588504.0,7184155.632
2025-10-06 17:00:00,1223.02,1223.59,1216.54,1221.16,374387.0,4566155.7151
2025-10-06 18:00:00,1221.16,1222.18,1216.19,1220.2,217889.0,2657656.5333
2025-10-06 19:00:00,1220.2,1228.41,1219.13,1225.99,967688.0,11832736.5287
2025-10-06 20:00:00,1225.99,1227.19,1220.3,1223.25,414791.0,5074443.1404
2025-10-06 21:00:00,1223.25,1231.22,1219.2,1227.89,587787.0,7201236.2851
2025-10-06 22:00:00,1227.89,1230.4,1223.02,1225.62,208698.0,2558796.7959
2025-10-06 23:00:00,1225.62,1227.15,1218.74,1224.28,190546.0,2329086.5758
2025-10-07 00:00:00,1224.28,1230.38,1222.38,1222.69,216983.0,2661054.6421
2025-10-07 01:00:00,1222.69,1224.72,1204.62,1213.39,848460.0,10280856.5898
2025-10-07 02:00:00,1213.39,1224.79,1213.39,1224.0,322028.0,3930283.3699
2025-10-07 03:00:00,1224.0,1229.36,1223.74,1223.76,433657.0,5318522.5094
2025-10-07 04:00:00,1223.76,1247.48,1220.92,1245.86,1163987.0,14404738.4706
2025-10-07 05:00:00,1245.86,1264.96,1239.36,1257.91,1659541.0,20794815.6177
2025-10-07 06:00:00,1257.91,1258.75,1239.4,1242.94,1094185.0,13663717.7959
2025-10-07 07:00:00,1242.94,1258.42,1240.98,1250.19,1244371.0,15541685.5048
2025-10-07 08:00:00,1250.19,1274.47,1232.38,1265.13,2450572.0,30740139.9973
2025-10-07 09:00:00,1265.13,1284.5,1262.99,1281.17,2323470.0,29642043.7778
2025-10-07 10:00:00,1281.17,1298.95,1273.81,1292.5,2394945.0,30791813.7798
2025-10-07 11:00:00,1292.5,1318.34,1287.15,1314.04,4396691.0,57242669.4477
2025-10-07 12:00:00,1314.04,1359.43,1298.45,1320.81,7913887.0,104535124.6773
2025-10-07 13:00:00,1320.81,1333.26,1300.13,1316.57,3060265.0,40345768.833
2025-10-07 14:00:00,1316.57,1319.93,1291.31,1295.67,2244500.0,29283629.2665
2025-10-07 15:00:00,1295.67,1305.34,1261.86,1281.64,3293439.0,42179878.8054
2025-10-07 16:00:00,1281.64,1303.06,1266.59,1287.32,1808750.0,23268615.5253
2025-10-07 17:00:00,1287.32,1294.74,1276.05,1285.77,967441.0,12418007.6465
2025-10-07 18:00:00,1285.77,1287.18,1272.12,1277.07,560007.0,7158810.0583
2025-10-07 19:00:00,1277.07,1300.68,1276.09,1297.76,1110606.0,14373026.2256
2025-10-07 20:00:00,1297.76,1317.24,1296.37,1312.59,1248175.0,16336550.9088
2025-10-07 21:00:00,1312.59,1328.75,1305.29,1311.0,2321885.0,30623918.0557
2025-10-07 22:00:00,1311.0,1323.23,1306.49,1308.51,1288603.0,16927775.3339
2025-10-07 23:00:00,1308.51,1317.64,1302.98,1305.25,1136747.0,14880173.7456
2025-10-08 00:00:00,1305.25,1335.23,1303.47,1315.95,1604680.0,21244617.7083
2025-10-08 01:00:00,1315.95,1318.08,1304.4,1312.04,1060532.0,13909723.0253
2025-10-08 02:00:00,1312.04,1312.08,1281.45,1288.99,1014595.0,13092513.6922
2025-10-08 03:00:00,1288.99,1289.6,1271.45,1276.09,1049021.0,13405451.2761
2025-10-08 04:00:00,1276.09,1287.07,1264.48,1285.21,1151649.0,14699933.6041
2025-10-08 05:00:00,1285.21,1285.58,1271.31,1284.49,549561.0,7030079.6829
2025-10-08 06:00:00,1284.49,1310.0,1279.27,1306.47,1580933.0,20525217.8024
2025-10-08 07:00:00,1306.47,1313.41,1299.23,1312.34,1455990.0,19001907.655
2025-10-08 08:00:00,1312.34,1327.76,1308.1,1321.8,2106399.0,27756255.8212
2025-10-08 09:00:00,1321.8,1325.5,1299.69,1315.11,1512006.0,19833207.4832
2025-10-08 10:00:00,1315.11,1322.74,1311.07,1313.25,1378181.0,18170803.4656
2025-10-08 11:00:00,1313.25,1317.87,1305.29,1313.42,1199432.0,15747905.0983
2025-10-08 12:00:00,1313.42,1319.32,1303.5,1306.01,1033330.0,13550853.7666
2025-10-08 13:00:00,1306.01,1315.01,1292.94,1312.94,1897855.0,24714757.2597
2025-10-08 14:00:00,1312.94,1320.88,1294.23,1299.17,1390152.0,18179168.1265
2025-10-08 15:00:00,1299.17,1306.2,1283.64,1293.47,2264031.0,29295908.2677
2025-10-08 16:00:00,1293.47,1303.73,1288.81,1303.11,1123793.0,14571716.6663
2025-10-08 17:00:00,1303.11,1313.73,1300.8,1313.28,1220584.0,15965201.9664
2025-10-08 18:00:00,1313.28,1323.14,1311.67,1318.72,1243705.0,16399427.4902
2025-10-08 19:00:00,1318.72,1321.0,1313.35,1316.0,600841.0,7914748.2731
2025-10-08 20:00:00,1316.0,1324.97,1306.63,1313.57,750671.0,9874797.246
2025-10-08 21:00:00,1313.57,1314.46,1302.07,1306.78,623956.0,8162242.059
2025-10-08 22:00:00,1306.78,1312.47,1301.01,1301.61,570753.0,7467167.2628
2025-10-08 23:00:00,1301.61,1307.1,1294.8,1306.84,613034.0,7979254.9937
2025-10-09 00:00:00,1306.84,1317.41,1298.44,1310.3,608084.0,7941311.2669
2025-10-09 01:00:00,1310.3,1311.01,1300.72,1307.29,357264.0,4664439.437
2025-10-09 02:00:00,1307.29,1307.95,1254.45,1260.25,2123062.0,27040212.7714
2025-10-09 03:00:00,1260.25,1279.47,1260.25,1279.37,1076292.0,13676069.8963
2025-10-09 04:00:00,1279.37,1288.45,1274.73,1276.86,857721.0,10985569.1027
2025-10-09 05:00:00,1276.86,1300.89,1272.08,1295.91,952312.0,12261651.517
2025-10-09 06:00:00,1295.91,1316.66,1294.21,1309.59,3994455.0,52240840.9256
2025-10-09 07:00:00,1309.59,1319.29,1303.72,1308.75,1193513.0,15669646.7953
2025-10-09 08:00:00,1308.75,1309.5,1280.24,1281.93,1356314.0,17514214.7785
2025-10-09 09:00:00,1281.93,1289.54,1272.43,1281.85,1726456.0,22094170.2435
2025-10-09 10:00:00,1281.85,1286.83,1268.07,1281.79,1062460.0,13556957.9673
2025-10-09 11:00:00,1281.79,1288.46,1278.13,1281.83,838985.0,10768210.2085
2025-10-09 12:00:00,1281.83,1291.41,1278.9,1283.21,1313559.0,16884879.8678
2025-10-09 13:00:00,1283.21,1284.68,1256.39,1257.01,1687286.0,21415136.6306
2025-10-09 14:00:00,1257.01,1259.99,1228.33,1238.16,3327278.0,41389049.4361
2025-10-09 15:00:00,1238.16,1248.89,1232.64,1240.73,745129.0,9245923.4694
2025-10-09 16:00:00,1240.73,1244.37,1225.67,1229.35,990496.0,12214420.4759
2025-10-09 17:00:00,1229.35,1248.07,1228.19,1247.79,971947.0,12056845.2063
2025-10-09 18:00:00,1247.79,1247.84,1237.64,1239.05,583016.0,7245647.3991
2025-10-09 19:00:00,1239.05,1244.72,1238.93,1242.0,323390.0,4016473.2024
2025-10-09 20:00:00,1242.0,1248.94,1240.62,1248.14,452655.0,5639734.6858
2025-10-09 21:00:00,1248.14,1256.18,1245.82,1255.21,366318.0,4583257.6293
2025-10-09 22:00:00,1255.21,1261.4,1252.72,1261.4,492487.0,6191628.9441
2025-10-09 23:00:00,1261.4,1261.4,1251.14,1255.78,248966.0,3122753.6182
2025-10-10 00:00:00,1255.78,1269.8,1255.26,1258.38,474545.0,5998909.9595
2025-10-10 01:00:00,1258.38,1261.1,1248.68,1250.42,232507.0,2916982.2249
2025-10-10 02:00:00,1250.42,1255.61,1245.14,1247.2,355571.0,4442265.853
2025-10-10 03:00:00,1247.2,1267.0,1245.94,1260.57,518106.0,6520256.8197
2025-10-10 04:00:00,1260.57,1275.74,1260.29,1266.16,786475.0,9975239.656
2025-10-10 05:00:00,1266.16,1274.36,1258.81,1271.54,482044.0,6110287.4348
2025-10-10 06:00:00,1271.54,1279.14,1268.5,1268.67,597689.0,7613042.838
2025-10-10 07:00:00,1268.67,1273.78,1261.68,1264.21,638291.0,8089784.9119
2025-10-10 08:00:00,1264.21,1269.74,1262.61,1267.88,385112.0,4877867.1933
2025-10-10 09:00:00,1267.88,1267.88,1248.28,1249.06,1048546.0,13163549.8215
2025-10-10 10:00:00,1249.06,1252.66,1246.19,1251.61,408122.0,5102548.4151
2025-10-10 11:00:00,1251.61,1274.29,1251.13,1271.04,968037.0,12262317.7422
2025-10-10 12:00:00,1271.04,1274.8,1266.51,1270.15,471451.0,5994559.9556
2025-10-10 13:00:00,1270.15,1272.44,1248.4,1252.33,1051822.0,13233595.0805
2025-10-10 14:00:00,1252.33,1256.61,1239.49,1241.17,1301891.0,16275215.7474
2025-10-10 15:00:00,1241.17,1241.63,1206.31,1216.39,3240264.0,39683473.772
2025-10-10 16:00:00,1216.39,1243.16,1214.46,1228.28,1498285.0,18414855.2007
2025-10-10 17:00:00,1228.28,1233.9,1222.99,1229.04,1078450.0,13246573.1415
2025-10-10 18:00:00,1229.04,1235.02,1223.1,1223.29,621403.0,7640835.5569
2025-10-10 19:00:00,1223.29,1247.92,1211.69,1236.68,1408111.0,17316351.7918
2025-10-10 20:00:00,1236.68,1244.2,1189.71,1198.59,1609334.0,19560702.9005
2025-10-10 21:00:00,1198.59,1203.57,832.47,1106.99,7248796.0,77612712.0926
2025-10-10 22:00:00,1106.99,1142.48,1057.6,1112.04,1860935.0,20433823.6005
2025-10-10 23:00:00,1112.04,1140.0,1093.08,1102.11,1478570.0,16500802.2747
2025-10-11 00:00:00,1102.11,1131.29,1082.24,1116.95,767625.0,8510528.5809
2025-10-11 01:00:00,1116.95,1118.28,1075.87,1084.68,829081.0,9081397.0334
2025-10-11 02:00:00,1084.68,1143.66,1083.76,1139.83,476388.0,5335460.0998
2025-10-11 03:00:00,1139.83,1142.89,1118.46,1128.38,612267.0,6916081.4124
2025-10-11 04:00:00,1128.38,1140.14,1125.3,1136.92,606414.0,6872301.5962
2025-10-11 05:00:00,1136.92,1138.76,1107.82,1108.03,409390.0,4585635.0127
2025-10-11 06:00:00,1108.03,1115.78,1095.61,1097.3,623150.0,6888929.8089
2025-10-11 07:00:00,1097.3,1099.27,1085.0,1094.8,559343.0,6103965.012
2025-10-11 08:00:00,1094.8,1115.85,1090.96,1115.35,475646.0,5259971.997
2025-10-11 09:00:00,1115.35,1131.97,1113.55,1124.14,1129144.0,12722944.8023
2025-10-11 10:00:00,1124.14,1140.56,1122.99,1131.83,478583.0,5423238.9999
2025-10-11 11:00:00,1131.83,1134.0,1122.38,1130.39,834059.0,9423926.1245
2025-10-11 12:00:00,1130.39,1131.35,1118.63,1125.1,535931.0,6027151.3219
2025-10-11 13:00:00,1125.1,1136.12,1115.5,1135.63,405524.0,4561445.2387
2025-10-11 14:00:00,1135.63,1138.9,1129.09,1129.54,425939.0,4826194.122
2025-10-11 15:00:00,1129.54,1159.01,1129.18,1143.43,853712.0,9789287.8207
2025-10-11 16:00:00,1143.43,1154.7,1136.98,1154.25,665296.0,7625370.776
2025-10-11 17:00:00,1154.25,1183.13,1147.58,1178.07,947931.0,11074422.9765
2025-10-11 18:00:00,1178.07,1180.43,1170.68,1172.7,352740.0,4146278.338
2025-10-11 19:00:00,1172.7,1173.37,1135.16,1141.15,862581.0,9956920.5406
2025-10-11 20:00:00,1141.15,1143.33,1116.35,1123.37,1043936.0,11812197.9754
2025-10-11 21:00:00,1123.37,1141.75,1106.09,1136.85,810469.0,9108166.6935
2025-10-11 22:00:00,1136.85,1146.92,1130.46,1145.55,406349.0,4623290.9516
2025-10-11 23:00:00,1145.55,1147.11,1134.12,1134.7,226055.0,2575657.7973
2025-10-12 00:00:00,1134.7,1137.54,1111.71,1112.89,473581.0,5336808.8063
2025-10-12 01:00:00,1112.89,1122.81,1107.41,1110.31,356109.0,3973380.5017
2025-10-12 02:00:00,1110.31,1124.0,1108.16,1115.27,356634.0,3973722.296
2025-10-12 03:00:00,1115.27,1129.74,1111.18,1120.91,218088.0,2447831.4858
2025-10-12 04:00:00,1120.91,1134.0,1117.57,1132.75,226297.0,2550646.7102
2025-10-12 05:00:00,1132.75,1152.7,1128.44,1145.28,1003492.0,11433104.9625
2025-10-12 06:00:00,1145.28,1156.73,1143.89,1155.57,444465.0,5106158.0172
2025-10-12 07:00:00,1155.57,1168.06,1153.18,1159.52,669481.0,7774030.9672
2025-10-12 08:00:00,1159.52,1181.94,1154.34,1176.79,803130.0,9408139.6429
2025-10-12 09:00:00,1176.79,1218.49,1165.74,1217.63,1621658.0,19297958.6775
2025-10-12 10:00:00,1217.63,1228.23,1208.05,1213.2,2537774.0,30873614.4101
2025-10-12 11:00:00,1213.2,1229.27,1213.18,1228.5,1778472.0,21721599.3988
2025-10-12 12:00:00,1228.5,1258.89,1228.49,1241.24,2413496.0,30065620.448
2025-10-12 13:00:00,1241.24,1245.36,1219.97,1224.4,2871638.0,35415490.3435
2025-10-12 14:00:00,1224.4,1274.96,1222.28,1259.29,2334079.0,29157764.962
2025-10-12 15:00:00,1259.29,1307.12,1253.82,1301.63,2387765.0,30560309.7652
2025-10-12 16:00:00,1301.63,1311.74,1274.6,1295.6,1520932.0,19659158.8983
2025-10-12 17:00:00,1295.6,1303.2,1289.57,1298.4,685245.0,8885717.8897
2025-10-12 18:00:00,1298.4,1304.15,1285.34,1299.6,946380.0,12268842.5847
2025-10-12 19:00:00,1299.6,1302.19,1289.11,1296.38,568920.0,7377695.561
2025-10-12 20:00:00,1296.38,1320.28,1292.59,1303.79,613790.0,8025991.2803
2025-10-12 21:00:00,1303.79,1309.12,1279.66,1292.09,950971.0,12287739.2374
2025-10-12 22:00:00,1292.09,1301.84,1276.71,1287.71,550401.0,7084186.5557
2025-10-12 23:00:00,1287.71,1304.85,1281.56,1302.86,538853.0,6977633.0949
2025-10-13 00:00:00,1302.86,1322.43,1298.46,1312.97,960279.0,12598419.6532
2025-10-13 01:00:00,1312.97,1315.13,1297.45,1307.6,422758.0,5519810.7153
2025-10-13 02:00:00,1307.6,1311.73,1291.19,1301.83,496105.0,6449790.7849
2025-10-13 03:00:00,1301.83,1314.14,1294.82,1295.93,320778.0,4187917.7267
2025-10-13 04:00:00,1295.93,1298.31,1282.72,1291.57,441890.0,5693508.4872
2025-10-13 05:00:00,1291.57,1300.22,1289.04,1296.68,307689.0,3983057.1501
2025-10-13 06:00:00,1296.68,1344.0,1295.92,1321.68,2130324.0,28121605.068
2025-10-13 07:00:00,1321.68,1353.86,1321.68,1342.19,1913917.0,25702032.1905
2025-10-13 08:00:00,1342.19,1374.64,1341.9,1366.79,2543543.0,34584469.8979
2025-10-13 09:00:00,1366.79,1367.65,1341.41,1348.86,2412390.0,32673118.3912
2025-10-13 10:00:00,1348.86,1355.19,1308.36,1314.42,3467571.0,46105387.1817
2025-10-13 11:00:00,1314.42,1314.42,1269.22,1294.85,2333795.0,30238695.6748
2025-10-13 12:00:00,1294.85,1304.48,1281.65,1285.26,1425326.0,18428639.1322
2025-10-13 13:00:00,1285.26,1304.6,1276.73,1298.37,2219211.0,28657041.6188
2025-10-13 14:00:00,1298.37,1300.13,1250.9,1259.19,2505359.0,31819452.5744
2025-10-13 15:00:00,1259.19,1280.88,1257.79,1273.23,612193.0,7776746.4054
2025-10-13 16:00:00,1273.23,1285.67,1270.22,1277.23,968648.0,12381011.3009
2025-10-13 17:00:00,1277.23,1287.92,1266.2,1285.53,949806.0,12132089.7161
2025-10-13 18:00:00,1285.53,1285.53,1260.62,1266.51,1164785.0,14810091.8617
2025-10-13 19:00:00,1266.51,1278.99,1264.87,1270.26,737382.0,9370788.7758
2025-10-13 20:00:00,1270.26,1285.64,1270.26,1284.46,553989.0,7093595.4088
2025-10-13 21:00:00,1284.46,1289.28,1276.8,1286.7,513105.0,6590720.1162
2025-10-13 22:00:00,1286.7,1296.24,1283.49,1291.24,528225.0,6814779.7184
2025-10-13 23:00:00,1291.24,1297.77,1288.48,1293.96,332424.0,4300029.1491
2025-10-14 00:00:00,1293.96,1316.98,1292.5,1301.71,1120472.0,14625535.4963
2025-10-14 01:00:00,1301.71,1301.71,1284.1,1289.73,453431.0,5863875.7645
2025-10-14 02:00:00,1289.73,1294.56,1280.63,1282.59,567255.0,7302239.6395
2025-10-14 03:00:00,1282.59,1283.73,1270.81,1278.48,674062.0,8610403.729
2025-10-14 04:00:00,1278.48,1279.91,1241.07,1241.72,1280378.0,16159858.0119
2025-10-14 05:00:00,1241.72,1249.9,1230.54,1237.22,949719.0,11775311.7916
2025-10-14 06:00:00,1237.22,1243.64,1180.14,1203.0,1519897.0,18397034.4716
2025-10-14 07:00:00,1203.0,1216.6,1187.69,1194.82,1231881.0,14841619.7593
2025-10-14 08:00:00,1194.82,1208.46,1188.97,1196.96,654275.0,7850669.8988
2025-10-14 09:00:00,1196.96,1212.0,1195.76,1198.56,579605.0,6971011.9324
2025-10-14 10:00:00,1198.56,1198.56,1164.07,1182.94,1639228.0,19365968.347
2025-10-14 11:00:00,1182.94,1196.23,1168.23,1169.95,2067248.0,24488519.2692
2025-10-14 12:00:00,1169.95,1173.67,1143.27,1149.47,1554612.0,18007894.989
2025-10-14 13:00:00,1149.47,1189.24,1145.88,1178.66,2080973.0,24211608.4979
2025-10-14 14:00:00,1178.66,1197.63,1176.06,1180.58,948992.0,11256012.406
2025-10-14 15:00:00,1180.58,1213.83,1172.11,1211.69,1582582.0,18935096.0312
2025-10-14 16:00:00,1211.69,1248.42,1205.41,1213.83,3014137.0,36875163.0402
2025-10-14 17:00:00,1213.83,1224.51,1192.0,1214.12,1533052.0,18604651.764
2025-10-14 18:00:00,1214.12,1227.24,1207.81,1213.45,1055081.0,12860923.4313
2025-10-14 19:00:00,1213.45,1223.77,1190.65,1205.61,877712.0,10572294.2289
2025-10-14 20:00:00,1205.61,1218.73,1202.51,1217.01,521382.0,6312958.7083
2025-10-14 21:00:00,1217.01,1221.68,1211.96,1216.42,189386.0,2304788.9214
2025-10-14 22:00:00,1216.42,1220.56,1206.3,1207.73,314816.0,3819205.7157
2025-10-14 23:00:00,1207.73,1220.15,1207.0,1207.63,462207.0,5620232.0349
2025-10-15 00:00:00,1207.63,1212.48,1199.39,1209.16,682667.0,8225179.3706
2025-10-15 01:00:00,1209.16,1211.57,1199.12,1206.29,279027.0,3360616.3895
2025-10-15 02:00:00,1206.29,1222.9,1206.04,1216.96,579846.0,7055712.6048
2025-10-15 03:00:00,1216.96,1218.91,1201.95,1206.21,392541.0,4752510.2112
2025-10-15 04:00:00,1206.21,1215.8,1202.46,1209.63,210053.0,2538560.1764
2025-10-15 05:00:00,1209.63,1213.53,1184.35,1191.98,845094.0,10096156.943
2025-10-15 06:00:00,1191.98,1193.81,1176.8,1189.41,783271.0,9263195.6162
2025-10-15 07:00:00,1189.41,1191.13,1180.75,1190.01,371981.0,4411039.475
2025-10-15 08:00:00,1190.01,1214.91,1187.63,1202.52,1324771.0,15955674.3042
2025-10-15 09:00:00,1202.52,1202.69,1186.3,1187.92,865616.0,10316619.121
2025-10-15 10:00:00,1187.92,1192.01,1180.14,1182.49,754041.0,8938177.8503
2025-10-15 11:00:00,1182.49,1187.2,1176.44,1184.71,513144.0,6068152.7604
2025-10-15 12:00:00,1184.71,1191.11,1177.84,1178.42,342691.0,4058096.0872
2025-10-15 13:00:00,1178.42,1184.66,1165.24,1175.87,909493.0,10682955.3818
2025-10-15 14:00:00,1175.87,1187.14,1165.23,1171.06,928116.0,10928698.6499
2025-10-15 15:00:00,1171.06,1177.67,1164.17,1168.68,463412.0,5426256.8504
2025-10-15 16:00:00,1168.68,1187.8,1158.3,1181.25,2013076.0,23697851.2727
2025-10-15 17:00:00,1181.25,1181.8,1156.19,1167.04,2243318.0,26176138.5459
2025-10-15 18:00:00,1167.04,1173.26,1161.7,1171.65,791774.0,9249982.1256
2025-10-15 19:00:00,1171.65,1171.9,1162.82,1164.37,1101590.0,12863386.7551
2025-10-15 20:00:00,1164.37,1170.72,1151.34,1155.84,1191037.0,13821836.8227
2025-10-15 21:00:00,1155.84,1162.32,1148.35,1153.24,1361036.0,15707984.6272
2025-10-15 22:00:00,1153.24,1165.65,1151.93,1154.52,532004.0,6160874.1029
2025-10-15 23:00:00,1154.52,1165.72,1152.19,1163.07,478193.0,5546382.5248
2025-10-16 00:00:00,1163.07,1172.25,1159.34,1171.64,392407.0,4579066.558
2025-10-16 01:00:00,1171.64,1186.28,1169.99,1183.33,611846.0,7221167.9629
2025-10-16 02:00:00,1183.33,1195.35,1181.7,1191.28,650468.0,7735134.2662
2025-10-16 03:00:00,1191.28,1194.91,1180.68,1183.9,817246.0,9702350.5952
2025-10-16 04:00:00,1183.9,1191.1,1173.76,1178.73,582709.0,6898399.6729
2025-10-16 05:00:00,1178.73,1188.31,1175.19,1182.65,343065.0,4047602.668
2025-10-16 06:00:00,1182.65,1192.27,1180.55,1188.43,651694.0,7742264.6001
2025-10-16 07:00:00,1188.43,1188.43,1178.09,1183.83,453439.0,5358172.1732
2025-10-16 08:00:00,1183.83,1188.79,1178.86,1186.46,340513.0,4031558.0048
2025-10-16 09:00:00,1186.46,1194.17,1167.37,1179.31,1147578.0,13583241.1877
2025-10-16 10:00:00,1179.31,1188.83,1176.63,1180.18,715992.0,8455941.6102
2025-10-16 11:00:00,1180.18,1181.92,1169.8,1181.33,500359.0,5881919.8691
2025-10-16 12:00:00,1181.33,1188.21,1176.71,1185.97,873575.0,10341202.7674
2025-10-16 13:00:00,1185.97,1190.64,1180.21,1181.12,1855349.0,22000989.4339
2025-10-16 14:00:00,1181.12,1183.92,1163.32,1172.64,2505236.0,29371864.1206
2025-10-16 15:00:00,1172.64,1175.19,1130.47,1135.06,3107103.0,35902415.7542
2025-10-16 16:00:00,1135.06,1157.23,1122.33,1155.05,2558744.0,29086657.5202
2025-10-16 17:00:00,1155.05,1156.6,1144.41,1149.84,1012025.0,11633700.048
2025-10-16 18:00:00,1149.84,1152.07,1136.39,1151.34,1909465.0,21846596.3985
2025-10-16 19:00:00,1151.34,1154.13,1134.49,1145.6,1829012.0,20933451.6277
2025-10-16 20:00:00,1145.6,1151.94,1140.96,1145.4,1597540.0,18311719.5439
2025-10-16 21:00:00,1145.4,1163.6,1145.4,1162.98,551733.0,6372134.9506
2025-10-16 22:00:00,1162.98,1164.75,1149.55,1152.37,582426.0,6741431.1121
2025-10-16 23:00:00,1152.37,1157.44,1141.7,1144.65,582930.0,6695151.5553
2025-10-17 00:00:00,1144.65,1153.51,1142.8,1149.6,435623.0,5001229.3582
2025-10-17 01:00:00,1149.6,1156.54,1142.99,1146.34,540404.0,6217549.7102
2025-10-17 02:00:00,1146.34,1149.78,1137.4,1147.39,813944.0,9296264.6829
2025-10-17 03:00:00,1147.39,1151.75,1146.0,1150.36,464355.0,5334655.0395
2025-10-17 04:00:00,1150.36,1154.42,1143.29,1143.8,410421.0,4715641.8417
2025-10-17 05:00:00,1143.8,1146.53,1125.03,1128.64,1189864.0,13515650.2815
2025-10-17 06:00:00,1128.64,1133.29,1093.35,1094.97,2920599.0,32573438.1803
2025-10-17 07:00:00,1094.97,1099.38,1059.52,1062.63,2321163.0,25008166.8641
2025-10-17 08:00:00,1062.63,1063.06,1021.07,1042.64,3650765.0,37985091.2044
2025-10-17 09:00:00,1042.64,1060.22,1037.41,1038.14,2006792.0,21008610.1668
2025-10-17 10:00:00,1038.14,1045.81,1026.14,1042.4,1425020.0,14761073.4203
2025-10-17 11:00:00,1042.4,1078.78,1041.32,1071.29,1825621.0,19445069.2641
2025-10-17 12:00:00,1071.29,1074.59,1057.1,1063.3,1404909.0,14968252.5971
2025-10-17 13:00:00,1063.3,1076.21,1055.57,1068.55,1603162.0,17112248.4039
2025-10-17 14:00:00,1068.55,1069.9,1046.53,1055.34,1414204.0,14953870.8335
2025-10-17 15:00:00,1055.34,1074.04,1051.35,1074.04,1305412.0,13859912.0319
2025-10-17 16:00:00,1074.04,1094.36,1067.19,1071.0,3009441.0,32549997.4506
2025-10-17 17:00:00,1071.0,1076.3,1065.63,1075.36,1356331.0,14529705.1134
2025-10-17 18:00:00,1075.36,1080.59,1068.55,1072.01,1548906.0,16657542.1664
2025-10-17 19:00:00,1072.01,1076.82,1062.59,1066.34,1778738.0,19014218.4013
2025-10-17 20:00:00,1066.34,1078.67,1063.96,1077.38,1471814.0,15798466.5333
2025-10-17 21:00:00,1077.38,1089.12,1076.15,1087.7,1127119.0,12223310.858
2025-10-17 22:00:00,1087.7,1090.14,1075.21,1076.41,915594.0,9910039.7536
2025-10-17 23:00:00,1076.41,1077.27,1069.6,1070.3,525134.0,5636405.3634
2025-10-18 00:00:00,1070.3,1081.42,1068.43,1078.06,704511.0,7572136.9762
2025-10-18 01:00:00,1078.06,1089.26,1078.06,1086.48,533876.0,5790764.0951
2025-10-18 02:00:00,1086.48,1094.07,1081.57,1083.45,372740.0,4057644.3015
2025-10-18 03:00:00,1083.45,1092.0,1083.45,1089.61,290602.0,3164421.8747
2025-10-18 04:00:00,1089.61,1089.61,1081.66,1082.11,344725.0,3740070.8919
2025-10-18 05:00:00,1082.11,1087.75,1078.41,1087.39,588644.0,6377797.4115
2025-10-18 06:00:00,1087.39,1109.51,1087.17,1107.23,1992094.0,21880015.5543
2025-10-18 07:00:00,1107.23,1130.62,1107.23,1118.14,1245096.0,13964840.5402
2025-10-18 08:00:00,1118.14,1124.29,1106.46,1107.11,503065.0,5621055.3354
2025-10-18 09:00:00,1107.11,1112.31,1102.07,1107.96,959820.0,10625105.3602
2025-10-18 10:00:00,1107.96,1113.52,1100.13,1103.08,626705.0,6944199.3317
2025-10-18 11:00:00,1103.08,1105.24,1095.73,1102.7,901181.0,9920106.7772
2025-10-18 12:00:00,1102.7,1104.85,1095.73,1100.24,486086.0,5347098.517
2025-10-18 13:00:00,1100.24,1100.27,1084.77,1086.27,1078192.0,11767936.2927
2025-10-18 14:00:00,1086.27,1096.67,1082.35,1092.93,1110644.0,12108662.6809
2025-10-18 15:00:00,1092.93,1095.23,1086.32,1090.71,890015.0,9717664.5464
2025-10-18 16:00:00,1090.71,1094.24,1080.8,1088.95,743179.0,8070230.3728
2025-10-18 17:00:00,1088.95,1097.19,1086.4,1096.12,437835.0,4780281.8549
2025-10-18 18:00:00,1096.12,1098.35,1092.78,1098.17,417615.0,4574168.7561
2025-10-18 19:00:00,1098.17,1103.08,1095.08,1102.35,716232.0,7871435.0397
2025-10-18 20:00:00,1102.35,1104.66,1097.91,1098.5,670049.0,7379661.4955
2025-10-18 21:00:00,1098.5,1100.42,1084.3,1093.22,994327.0,10857332.4814
2025-10-18 22:00:00,1093.22,1096.01,1090.45,1092.34,429637.0,4694396.1635
2025-10-18 23:00:00,1092.34,1094.19,1089.39,1092.13,467128.0,5097077.5551
2025-10-19 00:00:00,1092.13,1093.5,1076.38,1081.04,706948.0,7662776.6371
2025-10-19 01:00:00,1081.04,1084.98,1076.93,1082.89,299864.0,3243379.2072
2025-10-19 02:00:00,1082.89,1084.14,1080.19,1084.01,240635.0,2603800.5435
2025-10-19 03:00:00,1084.01,1093.63,1082.55,1091.38,303698.0,3306250.239
2025-10-19 04:00:00,1091.38,1091.39,1085.41,1090.35,319448.0,3475978.0036
2025-10-19 05:00:00,1090.35,1096.91,1087.09,1089.88,1274143.0,13922233.8674
2025-10-19 06:00:00,1089.88,1092.53,1081.99,1085.1,1027747.0,11167493.1475
2025-10-19 07:00:00,1085.1,1090.31,1081.71,1083.92,660856.0,7171820.9988
2025-10-19 08:00:00,1083.92,1093.14,1073.49,1076.24,848469.0,9161629.0394
2025-10-19 09:00:00,1076.24,1096.23,1067.78,1091.31,1745019.0,18808034.2276
2025-10-19 10:00:00,1091.31,1104.33,1085.98,1100.35,1131550.0,12385008.2942
2025-10-19 11:00:00,1100.35,1109.44,1096.49,1100.05,949785.0,10484732.6581
2025-10-19 12:00:00,1100.05,1102.83,1092.26,1096.26,745997.0,8181071.6177
2025-10-19 13:00:00,1096.26,1115.15,1091.52,1112.0,745528.0,8212273.9653
2025-10-19 14:00:00,1112.0,1120.77,1104.22,1119.34,1233051.0,13754528.2191
2025-10-19 15:00:00,1119.34,1121.87,1114.32,1118.12,804641.0,8995426.0443
2025-10-19 16:00:00,1118.12,1128.0,1116.73,1121.79,719330.0,8068905.1303
2025-10-19 17:00:00,1121.79,1132.67,1119.4,1120.79,1003025.0,11293640.8962
2025-10-19 18:00:00,1120.79,1126.05,1118.92,1121.89,405391.0,4551015.9822
2025-10-19 19:00:00,1121.89,1122.66,1112.86,1116.33,637633.0,7124748.6502
2025-10-19 20:00:00,1116.33,1119.4,1114.8,1119.07,337091.0,3766013.6285
2025-10-19 21:00:00,1119.07,1120.23,1111.99,1115.06,240271.0,2680401.2948
2025-10-19 22:00:00,1115.06,1121.19,1115.06,1118.14,364160.0,4075456.8783
2025-10-19 23:00:00,1118.14,1118.29,1106.7,1109.16,733381.0,8140692.9804
2025-10-20 00:00:00,1109.16,1109.16,1087.38,1100.74,659246.0,7234245.8893
2025-10-20 01:00:00,1100.74,1104.46,1097.49,1103.25,395728.0,4358958.6683
2025-10-20 02:00:00,1103.25,1111.17,1095.6,1109.12,563211.0,6226501.9273
2025-10-20 03:00:00,1109.12,1132.88,1106.02,1128.12,593703.0,6649636.8135
2025-10-20 04:00:00,1128.12,1132.05,1122.76,1126.77,743136.0,8378053.3185
2025-10-20 05:00:00,1126.77,1133.75,1122.5,1132.38,688048.0,7765357.1726
2025-10-20 06:00:00,1132.38,1144.0,1129.53,1132.32,1482698.0,16840085.315
2025-10-20 07:00:00,1132.32,1133.71,1120.14,1124.25,1318734.0,14869244.2118
2025-10-20 08:00:00,1124.25,1129.05,1118.68,1121.28,574238.0,6448245.8475
2025-10-20 09:00:00,1121.28,1122.38,1116.03,1121.78,752560.0,8422656.035
2025-10-20 10:00:00,1121.78,1128.1,1112.34,1113.9,855488.0,9591595.9266
2025-10-20 11:00:00,1113.9,1115.76,1109.57,1114.47,531454.0,5911827.2004
2025-10-20 12:00:00,1114.47,1116.58,1110.69,1113.52,1144880.0,12747517.2823
2025-10-20 13:00:00,1113.52,1114.64,1105.8,1109.86,716000.0,7949868.6578
2025-10-20 14:00:00,1109.86,1111.16,1098.39,1105.46,802960.0,8867963.5543
2025-10-20 15:00:00,1105.46,1116.55,1104.59,1109.89,987774.0,10971127.7592
2025-10-20 16:00:00,1109.89,1109.89,1087.6,1093.51,1725867.0,18906427.9485
2025-10-20 17:00:00,1093.51,1100.2,1085.69,1093.93,1131913.0,12372433.8369
2025-10-20 18:00:00,1093.93,1099.22,1090.66,1097.81,927651.0,10157300.7533
2025-10-20 19:00:00,1097.81,1103.23,1092.33,1100.43,508861.0,5579748.6636
2025-10-20 20:00:00,1100.43,1102.5,1097.61,1101.4,336796.0,3704489.8302
2025-10-20 21:00:00,1101.4,1104.12,1093.31,1094.75,631314.0,6937996.4143
2025-10-20 22:00:00,1094.75,1101.31,1091.85,1099.65,729598.0,8008214.5841
2025-10-20 23:00:00,1099.65,1102.12,1096.15,1099.64,333038.0,3661762.5895
2025-10-21 00:00:00,1099.64,1101.73,1096.04,1098.19,467104.0,5131421.6565
2025-10-21 01:00:00,1098.19,1099.03,1088.0,1091.32,428483.0,4691747.0141
2025-10-21 02:00:00,1091.32,1091.57,1077.4,1080.01,722464.0,7823763.3537
2025-10-21 03:00:00,1080.01,1086.05,1079.54,1081.4,561396.0,6076774.4787
2025-10-21 04:00:00,1081.4,1081.62,1061.83,1063.21,1152421.0,12328791.7932
2025-10-21 05:00:00,1063.21,1071.29,1062.0,1068.99,780989.0,8338487.515
2025-10-21 06:00:00,1068.99,1074.74,1067.58,1073.29,744034.0,7977113.7022
2025-10-21 07:00:00,1073.29,1077.01,1066.57,1071.97,1095270.0,11745992.5213
2025-10-21 08:00:00,1071.97,1072.75,1065.44,1069.5,866310.0,9262142.266
2025-10-21 09:00:00,1069.5,1069.55,1065.45,1068.96,660654.0,7051535.6082
2025-10-21 10:00:00,1068.96,1077.58,1065.75,1075.05,768435.0,8233041.8878
2025-10-21 11:00:00,1075.05,1079.65,1072.65,1076.15,567096.0,6106895.7733
2025-10-21 12:00:00,1076.15,1084.18,1075.23,1076.55,1027064.0,11087878.7669
2025-10-21 13:00:00,1076.55,1078.96,1068.14,1071.46,1260601.0,13531157.9379
2025-10-21 14:00:00,1071.46,1101.25,1070.93,1100.55,2047722.0,22230408.0466
2025-10-21 15:00:00,1100.55,1114.36,1092.75,1111.77,2203796.0,24356969.5523
2025-10-21 16:00:00,1111.77,1113.17,1088.45,1090.77,1696391.0,18730835.1713
2025-10-21 17:00:00,1090.77,1096.41,1080.71,1090.95,1011923.0,11027683.7804
2025-10-21 18:00:00,1090.95,1093.67,1085.95,1092.45,599634.0,6535049.864
2025-10-21 19:00:00,1092.45,1095.85,1089.55,1089.55,243284.0,2657692.6037
2025-10-21 20:00:00,1089.55,1090.89,1078.45,1081.35,581817.0,6302034.8179
2025-10-21 21:00:00,1081.35,1083.96,1070.42,1080.46,803118.0,8648688.2439
2025-10-21 22:00:00,1080.46,1081.46,1062.25,1065.46,584901.0,6257852.9619
2025-10-21 23:00:00,1065.46,1070.53,1051.65,1056.36,893847.0,9471384.5567
2025-10-22 00:00:00,1056.36,1062.67,1052.55,1058.25,685817.0,7257337.4076
2025-10-22 01:00:00,1058.25,1067.96,1058.25,1066.48,744792.0,7921485.4412
2025-10-22 02:00:00,1066.48,1070.16,1065.85,1069.26,814108.0,8695648.828
2025-10-22 03:00:00,1069.26,1070.46,1064.62,1067.17,1078841.0,11515402.2803
2025-10-22 04:00:00,1067.17,1074.07,1066.94,1073.05,603355.0,6462167.929
2025-10-22 05:00:00,1073.05,1073.06,1060.65,1067.75,1097698.0,11709905.95
2025-10-22 06:00:00,1067.75,1072.07,1065.75,1070.04,1031555.0,11022283.477
2025-10-22 07:00:00,1070.04,1071.96,1064.36,1070.76,1082859.0,11581073.1173
2025-10-22 08:00:00,1070.76,1070.76,1066.16,1069.55,1260606.0,13470621.4906
2025-10-22 09:00:00,1069.55,1070.57,1058.63,1061.56,848341.0,9029747.3673
2025-10-22 10:00:00,1061.56,1064.46,1057.86,1062.66,668546.0,7099709.8614
2025-10-22 11:00:00,1062.66,1073.66,1058.13,1068.96,1316642.0,14075758.1054
2025-10-22 12:00:00,1068.96,1078.67,1065.04,1076.07,1746734.0,18717906.6396
2025-10-22 13:00:00,1076.07,1083.29,1072.74,1082.36,1284845.0,13840505.4226
2025-10-22 14:00:00,1082.36,1082.56,1064.65,1080.26,1147475.0,12304490.3136
2025-10-22 15:00:00,1080.26,1082.07,1071.42,1080.16,1227713.0,13230838.6115
2025-10-22 16:00:00,1080.16,1081.46,1070.83,1074.76,1742459.0,18750476.9776
2025-10-22 17:00:00,1074.76,1076.18,1064.45,1066.54,3084651.0,33048753.1986
2025-10-22 18:00:00,1066.54,1070.37,1062.42,1066.65,2238804.0,23889640.7305
2025-10-22 19:00:00,1066.65,1073.16,1064.45,1069.36,935409.0,10011145.7899
2025-10-22 20:00:00,1069.36,1070.42,1062.35,1064.48,520726.0,5555113.2283
2025-10-22 21:00:00,1064.48,1065.16,1052.1,1057.86,744017.0,7871469.1746
2025-10-22 22:00:00,1057.86,1063.85,1057.07,1059.15,409067.0,4340605.2741
2025-10-22 23:00:00,1059.15,1073.27,1059.06,1071.26,469316.0,5014574.6942
2025-10-23 00:00:00,1071.26,1081.26,1071.26,1079.75,795828.0,8550961.399
2025-10-23 01:00:00,1079.75,1085.36,1079.05,1083.45,984978.0,10662689.7158
2025-10-23 02:00:00,1083.45,1084.86,1079.25,1084.77,550547.0,5958924.378
2025-10-23 03:00:00,1084.77,1091.6,1084.54,1086.76,1138090.0,12381279.3273
2025-10-23 04:00:00,1086.76,1089.56,1083.43,1083.55,908154.0,9870831.5643
2025-10-23 05:00:00,1083.55,1096.96,1082.84,1096.73,781685.0,8511585.2792
2025-10-23 06:00:00,1096.73,1109.97,1095.36,1109.66,1857788.0,20529759.1773
2025-10-23 07:00:00,1109.66,1110.57,1101.45,1108.73,1352991.0,14965001.6753
2025-10-23 08:00:00,1108.73,1122.36,1107.95,1113.96,2449075.0,27325928.5252
2025-10-23 09:00:00,1113.96,1115.5,1097.24,1097.49,2458780.0,27164351.0779
2025-10-23 10:00:00,1097.49,1103.77,1093.37,1097.15,1976526.0,21738692.0316
2025-10-23 11:00:00,1097.15,1099.08,1092.63,1094.06,1301686.0,14262284.3675
2025-10-23 12:00:00,1094.06,1094.26,1087.53,1092.56,1166064.0,12713997.3793
2025-10-23 13:00:00,1092.56,1095.72,1087.95,1090.55,1218068.0,13289991.4731
2025-10-23 14:00:00,1090.55,1090.87,1076.16,1084.86,2387959.0,25884271.3285
2025-10-23 15:00:00,1084.86,1159.44,1082.69,1129.57,9996926.0,113218966.1396
2025-10-23 16:00:00,1129.57,1139.77,1123.64,1135.26,3432786.0,38818805.186
2025-10-23 17:00:00,1135.26,1135.4,1123.13,1131.6,3044445.0,34392456.0615
2025-10-23 18:00:00,1131.6,1131.6,1106.87,1111.06,3333240.0,37338221.3346
2025-10-23 19:00:00,1111.06,1118.56,1106.32,1116.75,3225430.0,35917868.4988
2025-10-23 20:00:00,1116.75,1117.5,1110.15,1112.75,1713344.0,19096366.0379
2025-10-23 21:00:00,1112.75,1119.6,1110.95,1115.86,1805495.0,20127088.8604
2025-10-23 22:00:00,1115.86,1119.47,1113.35,1117.5,2563454.0,28619925.6003
2025-10-23 23:00:00,1117.5,1128.36,1116.65,1125.55,1483566.0,16654465.0517
2025-10-24 00:00:00,1125.55,1137.86,1125.45,1135.15,3300268.0,37375470.2561
2025-10-24 01:00:00,1135.15,1139.46,1125.65,1130.86,3686804.0,41714989.3626
2025-10-24 02:00:00,1130.86,1136.25,1126.55,1134.56,2363552.0,26699220.7091
2025-10-24 03:00:00,1134.56,1138.85,1130.15,1134.56,1139371.0,12931552.4511
2025-10-24 04:00:00,1134.56,1143.57,1132.56,1139.84,2010156.0,22878184.041
2025-10-24 05:00:00,1139.84,1141.36,1135.75,1139.66,1385691.0,15779835.6503
2025-10-24 06:00:00,1139.66,1139.67,1133.24,1137.5,1390938.0,15802366.4781
2025-10-24 07:00:00,1137.5,1139.26,1122.21,1124.73,2136145.0,24131037.1992
2025-10-24 08:00:00,1124.73,1129.18,1120.65,1127.25,1401594.0,15772425.5765
2025-10-24 09:00:00,1127.25,1134.51,1125.84,1128.95,1434406.0,16209884.0481
2025-10-24 10:00:00,1128.95,1129.36,1123.55,1126.06,966631.0,10886434.0465
2025-10-24 11:00:00,1126.06,1126.16,1119.25,1124.89,3836220.0,43130507.4497
2025-10-24 12:00:00,1124.89,1137.47,1122.02,1126.46,5701287.0,64277767.2987
2025-10-24 13:00:00,1126.46,1129.05,1114.44,1120.45,2563625.0,28788799.4793
2025-10-24 14:00:00,1120.45,1120.45,1103.35,1107.36,3183979.0,35344010.896
2025-10-24 15:00:00,1107.36,1112.77,1102.05,1103.44,2091590.0,23153239.547
2025-10-24 16:00:00,1103.44,1103.87,1096.31,1099.45,2159725.0,23740787.9434
2025-10-24 17:00:00,1099.45,1106.36,1099.45,1102.15,1524612.0,16816275.727
2025-10-24 18:00:00,1102.15,1107.97,1101.75,1107.55,5638024.0,62388300.1328
2025-10-24 19:00:00,1107.55,1112.56,1107.34,1109.16,12925818.0,143508455.8234
2025-10-24 20:00:00,1109.16,1112.67,1108.63,1109.36,17046556.0,189279940.9318
2025-10-24 21:00:00,1109.36,1111.23,1108.44,1109.86,18331374.0,203402464.2992
2025-10-24 22:00:00,1109.86,1110.96,1107.24,1108.67,14679719.0,162766626.4705
2025-10-24 23:00:00,1108.67,1108.67,1105.95,1108.57,11930833.0,132152239.2811
2025-10-25 00:00:00,1108.57,1108.67,1099.93,1102.06,7492926.0,82778153.6509
2025-10-25 01:00:00,1102.06,1110.17,1100.45,1109.16,2321302.0,25684667.2596
2025-10-25 02:00:00,1109.16,1112.66,1106.26,1111.16,3418861.0,37951656.2957
2025-10-25 03:00:00,1111.16,1117.56,1110.15,1116.37,2191169.0,24400471.0191
2025-10-25 04:00:00,1116.37,1118.25,1111.44,1111.55,1524225.0,16991567.9847
2025-10-25 05:00:00,1111.55,1117.26,1110.84,1117.06,1093677.0,12180634.4943
2025-10-25 06:00:00,1117.06,1117.96,1113.54,1113.96,1899659.0,21191548.6163
2025-10-25 07:00:00,1113.96,1117.56,1109.72,1111.95,2795282.0,31146170.3782
2025-10-25 08:00:00,1111.95,1117.06,1111.51,1116.85,1114084.0,12414346.387
2025-10-25 09:00:00,1116.85,1117.48,1111.45,1112.66,1391903.0,15518046.1103
2025-10-25 10:00:00,1112.66,1115.18,1109.23,1114.86,2076366.0,23096320.0297
2025-10-25 11:00:00,1114.86,1116.95,1113.14,1114.96,1682223.0,18756564.5346
2025-10-25 12:00:00,1114.96,1116.86,1113.44,1116.35,1384180.0,15434867.4638
2025-10-25 13:00:00,1116.35,1116.46,1110.85,1113.05,1510604.0,16818371.2569
2025-10-25 14:00:00,1113.05,1113.49,1110.55,1113.23,2605936.0,28983022.8674
2025-10-25 15:00:00,1113.23,1113.23,1104.82,1108.15,3153402.0,34981786.2605
2025-10-25 16:00:00,1108.15,1111.85,1107.21,1111.56,3716611.0,41241252.8431
2025-10-25 17:00:00,1111.56,1114.67,1110.43,1111.16,2668635.0,29691423.3843
2025-10-25 18:00:00,1111.16,1115.07,1109.43,1114.06,3346960.0,37238881.2602
2025-10-25 19:00:00,1114.06,1116.67,1112.93,1115.87,4522797.0,50431481.0504
2025-10-25 20:00:00,1115.87,1116.56,1112.44,1112.97,1178435.0,13134612.9313
2025-10-25 21:00:00,1112.97,1116.56,1112.65,1116.55,1492801.0,16637771.051
2025-10-25 22:00:00,1116.55,1120.91,1114.74,1119.65,4564446.0,51020006.3839
2025-10-25 23:00:00,1119.65,1119.96,1115.25,1116.36,6138658.0,68560593.8929
2025-10-26 00:00:00,1116.36,1121.66,1114.3,1117.05,6934267.0,77502566.721
2025-10-26 01:00:00,1117.05,1124.26,1117.04,1119.24,1600198.0,17934307.6947
2025-10-26 02:00:00,1119.24,1123.47,1116.95,1121.05,2073503.0,23231452.8967
2025-10-26 03:00:00,1121.05,1121.75,1115.24,1116.35,1988848.0,22262504.7428
2025-10-26 04:00:00,1116.35,1119.16,1116.05,1117.75,758502.0,8476201.0616
2025-10-26 05:00:00,1117.75,1120.59,1115.46,1119.86,1251457.0,13998180.3843
2025-10-26 06:00:00,1119.86,1121.38,1118.65,1120.36,1007273.0,11279156.3379
2025-10-26 07:00:00,1120.36,1121.77,1118.66,1119.86,1159081.0,12981877.5066
2025-10-26 08:00:00,1119.86,1124.76,1119.86,1122.05,1999359.0,22437299.2045
2025-10-26 09:00:00,1122.05,1132.06,1120.64,1124.66,1595907.0,17967725.6304
2025-10-26 10:00:00,1124.66,1124.96,1119.72,1124.56,1612758.0,18098540.3187
2025-10-26 11:00:00,1124.56,1135.58,1122.45,1134.96,2576265.0,29136070.1541
2025-10-26 12:00:00,1134.96,1138.46,1131.04,1137.53,2816250.0,31945586.777
2025-10-26 13:00:00,1137.53,1138.87,1132.25,1134.96,4111406.0,46685020.0373
2025-10-26 14:00:00,1134.96,1136.37,1126.55,1127.45,4619678.0,52287140.7201
2025-10-26 15:00:00,1127.45,1133.76,1126.26,1132.94,3567094.0,40360233.3734
2025-10-26 16:00:00,1132.94,1133.37,1124.25,1124.75,2997202.0,33836487.9761
2025-10-26 17:00:00,1124.75,1127.68,1122.82,1126.77,2669613.0,30070739.9117
2025-10-26 18:00:00,1126.77,1130.37,1126.43,1129.17,1959445.0,22118084.4714
2025-10-26 19:00:00,1129.17,1129.17,1124.34,1126.26,3053292.0,34412774.0405
2025-10-26 20:00:00,1126.26,1126.58,1122.3,1124.05,3984564.0,44823976.7167
2025-10-26 21:00:00,1124.05,1131.35,1123.95,1130.75,5089951.0,57394625.9268
2025-10-26 22:00:00,1130.75,1142.78,1130.75,1140.63,7730350.0,87926672.2339
2025-10-26 23:00:00,1140.63,1142.96,1136.36,1138.04,4053835.0,46188487.1934
2025-10-27 00:00:00,1138.04,1146.19,1137.05,1138.85,2510958.0,28671006.6469
2025-10-27 01:00:00,1138.85,1152.77,1137.45,1150.17,1269328.0,14542323.0418
2025-10-27 02:00:00,1150.17,1163.35,1148.34,1154.05,2150331.0,24868019.1309
2025-10-27 03:00:00,1154.05,1158.37,1149.95,1150.87,1841935.0,21269055.4995
2025-10-27 04:00:00,1150.87,1152.06,1140.03,1143.81,1426084.0,16341988.5505
2025-10-27 05:00:00,1143.81,1154.26,1143.05,1149.55,2596479.0,29860551.284
2025-10-27 06:00:00,1149.55,1153.07,1145.55,1153.06,2037788.0,23405683.6787
2025-10-27 07:00:00,1153.06,1160.96,1151.43,1156.5,4121271.0,47673231.7954
2025-10-27 08:00:00,1156.5,1158.27,1148.68,1152.54,2336847.0,26964786.9356
2025-10-27 09:00:00,1152.54,1158.46,1147.15,1156.35,3342969.0,38623348.8726
2025-10-27 10:00:00,1156.35,1156.87,1149.93,1155.85,2303710.0,26569471.2527
2025-10-27 11:00:00,1155.85,1179.9,1152.95,1179.66,4305558.0,49964194.5308
2025-10-27 12:00:00,1179.66,1182.61,1164.73,1166.55,7049947.0,82578645.6286
2025-10-27 13:00:00,1166.55,1174.27,1140.09,1151.85,5693590.0,66360931.0721
2025-10-27 14:00:00,1151.85,1155.04,1130.45,1134.06,4454404.0,50812199.6447
2025-10-27 15:00:00,1134.06,1143.98,1133.84,1142.65,3589327.0,40915179.2382
2025-10-27 16:00:00,1142.65,1150.57,1142.65,1146.16,1942958.0,22276542.4435
2025-10-27 17:00:00,1146.16,1150.56,1144.95,1149.65,1968676.0,22587994.3947
2025-10-27 18:00:00,1149.65,1153.17,1143.99,1146.52,2920219.0,33535576.0171
2025-10-27 19:00:00,1146.52,1148.71,1140.51,1144.55,1653619.0,18933253.7768
2025-10-27 20:00:00,1144.55,1146.5,1140.77,1142.55,2457180.0,28086508.1169
2025-10-27 21:00:00,1142.55,1146.88,1134.89,1140.37,3119297.0,35583596.0896
2025-10-27 22:00:00,1140.37,1144.61,1135.03,1135.87,4354823.0,49660588.6161
2025-10-27 23:00:00,1135.87,1141.58,1132.1,1138.25,3312506.0,37659629.2118
2025-10-28 00:00:00,1138.25,1142.36,1135.55,1138.99,2943036.0,33530416.0592
2025-10-28 01:00:00,1138.99,1147.05,1138.99,1145.09,5689907.0,65058953.6103
2025-10-28 02:00:00,1145.09,1145.96,1130.52,1133.4,6267979.0,71373196.3269
2025-10-28 03:00:00,1133.4,1138.07,1131.15,1137.55,2245765.0,25495219.2067
2025-10-28 04:00:00,1137.55,1142.89,1134.26,1140.85,1091842.0,12434914.1063
2025-10-28 05:00:00,1140.85,1141.69,1119.75,1121.15,1809169.0,20466468.2916
2025-10-28 06:00:00,1121.15,1130.27,1121.15,1129.95,1414940.0,15939150.7108
2025-10-28 07:00:00,1129.95,1133.96,1128.75,1131.35,1267489.0,14344131.4845
2025-10-28 08:00:00,1131.35,1136.46,1128.79,1133.95,1432234.0,16230797.3489
2025-10-28 09:00:00,1133.95,1135.78,1130.45,1134.85,983330.0,11148929.1674
2025-10-28 10:00:00,1134.85,1137.72,1132.16,1135.36,796841.0,9042037.8497
2025-10-28 11:00:00,1135.36,1136.86,1131.05,1131.45,2001668.0,22707322.698
2025-10-28 12:00:00,1131.45,1141.26,1131.45,1139.86,2484702.0,28222252.4349
2025-10-28 13:00:00,1139.86,1146.66,1139.85,1143.86,3651331.0,41750658.0415
2025-10-28 14:00:00,1143.86,1145.86,1126.04,1136.66,3725857.0,42488788.2675
2025-10-28 15:00:00,1136.66,1140.26,1130.69,1135.05,4026309.0,45742623.921
2025-10-28 16:00:00,1135.05,1146.17,1134.04,1143.85,4336334.0,49369267.6735
2025-10-28 17:00:00,1143.85,1148.65,1142.35,1146.96,4626464.0,52996677.1158
2025-10-28 18:00:00,1146.96,1146.96,1139.55,1143.75,4382464.0,50084825.4988
2025-10-28 19:00:00,1143.75,1144.63,1125.45,1127.86,3502627.0,39828168.6555
2025-10-28 20:00:00,1127.86,1128.35,1071.38,1089.75,4869938.0,53778422.0422
2025-10-28 21:00:00,1089.75,1102.5,1082.5,1100.18,2934026.0,32092553.4793
2025-10-28 22:00:00,1100.18,1105.86,1094.43,1105.66,4417558.0,48576582.839
2025-10-28 23:00:00,1105.66,1106.05,1099.45,1102.25,4036967.0,44523542.9441
2025-10-29 00:00:00,1102.25,1107.46,1099.75,1100.35,4866959.0,53716796.3801
2025-10-29 01:00:00,1100.35,1107.78,1097.9,1103.7,4595575.0,50666009.7679
2025-10-29 02:00:00,1103.7,1106.46,1101.64,1105.15,4920988.0,54328754.9976
2025-10-29 03:00:00,1105.15,1105.15,1100.61,1103.75,3167846.0,34933504.0465
2025-10-29 04:00:00,1103.75,1109.66,1102.95,1109.0,993215.0,10993058.952
2025-10-29 05:00:00,1109.0,1112.55,1108.05,1109.55,2114627.0,23475944.9602
2025-10-29 06:00:00,1109.55,1119.96,1107.25,1119.66,3272230.0,36364005.8406
2025-10-29 07:00:00,1119.66,1119.7,1111.65,1115.76,2614203.0,29171826.4993
2025-10-29 08:00:00,1115.76,1118.56,1110.74,1113.75,1792555.0,19978720.875
2025-10-29 09:00:00,1113.75,1115.29,1110.39,1114.45,3045156.0,33894669.0676
2025-10-29 10:00:00,1114.45,1119.28,1110.25,1111.56,4082281.0,45466782.1269
2025-10-29 11:00:00,1111.56,1116.56,1110.95,1113.43,3493868.0,38928075.3417
2025-10-29 12:00:00,1113.43,1115.38,1110.75,1113.54,4370068.0,48633070.4746
2025-10-29 13:00:00,1113.54,1119.36,1108.45,1110.76,7031631.0,78310202.7976
2025-10-29 14:00:00,1110.76,1111.26,1102.22,1107.76,10274060.0,113765553.6815
2025-10-29 15:00:00,1107.76,1109.22,1096.03,1098.96,13939210.0,153896548.4702
2025-10-29 16:00:00,1098.96,1102.73,1093.74,1099.76,6357225.0,69880516.2443
2025-10-29 17:00:00,1099.76,1110.68,1099.55,1110.16,5075526.0,56034022.737
2025-10-29 18:00:00,1110.16,1114.0,1081.65,1106.66,4648785.0,51301717.3638
2025-10-29 19:00:00,1106.66,1113.05,1101.65,1106.67,3604788.0,39907992.4571
2025-10-29 20:00:00,1106.67,1119.44,1105.21,1117.34,3815958.0,42493931.579
2025-10-29 21:00:00,1117.34,1119.39,1114.15,1115.56,3715587.0,41501320.9293
2025-10-29 22:00:00,1115.56,1116.46,1112.06,1113.96,3508025.0,39083702.5324
2025-10-29 23:00:00,1113.96,1114.55,1102.85,1107.1,2855574.0,31717518.3268
2025-10-30 00:00:00,1107.1,1116.68,1104.25,1116.68,3760840.0,41801826.3639
2025-10-30 01:00:00,1116.68,1119.35,1113.32,1113.35,1687340.0,18841808.7147
2025-10-30 02:00:00,1113.35,1117.85,1111.55,1117.51,1048249.0,11690128.5888
2025-10-30 03:00:00,1117.51,1118.16,1115.14,1117.95,2022212.0,22581253.2351
2025-10-30 04:00:00,1117.95,1117.95,1088.68,1100.56,2880447.0,31879186.2575
2025-10-30 05:00:00,1100.56,1114.46,1099.05,1112.05,1408056.0,15568664.4489
2025-10-30 06:00:00,1112.05,1115.67,1108.08,1113.05,1430573.0,15907185.755
2025-10-30 07:00:00,1113.05,1118.3,1112.03,1117.95,909989.0,10161155.3373
2025-10-30 08:00:00,1117.95,1118.26,1112.15,1112.85,2750590.0,30663600.7127
2025-10-30 09:00:00,1112.85,1114.05,1107.34,1109.06,2879065.0,31971384.086
2025-10-30 10:00:00,1109.06,1129.66,1107.92,1120.86,3853678.0,43090940.8901
2025-10-30 11:00:00,1120.86,1121.77,1110.55,1111.05,4500046.0,50204015.0584
2025-10-30 12:00:00,1111.05,1113.66,1092.55,1098.25,4012561.0,44344270.4063
2025-10-30 13:00:00,1098.25,1104.02,1078.35,1078.97,5347736.0,58525946.9927
2025-10-30 14:00:00,1078.97,1089.17,1078.95,1087.55,3557360.0,38542884.0988
2025-10-30 15:00:00,1087.55,1088.57,1074.35,1076.29,2335222.0,25207852.974
2025-10-30 16:00:00,1076.29,1083.62,1070.17,1081.25,1800870.0,19410489.6406
2025-10-30 17:00:00,1081.25,1081.36,1062.05,1070.66,2298582.0,24583490.6409
2025-10-30 18:00:00,1070.66,1071.46,1063.05,1065.45,1450292.0,15476883.6557
2025-10-30 19:00:00,1065.45,1067.24,1053.36,1060.85,1279898.0,13584303.8565
2025-10-30 20:00:00,1060.85,1064.36,1038.65,1064.26,2682439.0,28239479.8962
2025-10-30 21:00:00,1064.26,1070.74,1060.75,1069.75,2225591.0,23723031.9991
2025-10-30 22:00:00,1069.75,1070.16,1063.75,1068.88,1421685.0,15174947.36
2025-10-30 23:00:00,1068.88,1078.66,1064.45,1078.05,1697371.0,18185095.3374
2025-10-31 00:00:00,1078.05,1083.96,1074.65,1080.95,2229051.0,24051772.8138
2025-10-31 01:00:00,1080.95,1087.66,1080.08,1084.76,1784779.0,19360822.5809
2025-10-31 02:00:00,1084.76,1086.06,1074.25,1077.45,1618795.0,17471046.0862
2025-10-31 03:00:00,1077.45,1085.46,1076.35,1085.16,1880189.0,20342655.2535
2025-10-31 04:00:00,1085.16,1099.56,1084.25,1098.1,3325265.0,36355815.2191
2025-10-31 05:00:00,1098.1,1098.26,1090.82,1095.37,4975958.0,54462372.8076
2025-10-31 06:00:00,1095.37,1103.37,1090.93,1094.98,7956050.0,87010271.4077
2025-10-31 07:00:00,1094.98,1098.9,1091.63,1097.97,9768176.0,106925684.0937
2025-10-31 08:00:00,1097.97,1103.56,1096.75,1102.95,7876656.0,86655563.3427
2025-10-31 09:00:00,1102.95,1103.76,1087.11,1089.05,4361844.0,47719752.6043
2025-10-31 10:00:00,1089.05,1090.97,1082.24,1082.59,3593893.0,39076825.2093
2025-10-31 11:00:00,1082.59,1091.78,1077.45,1088.35,5228972.0,56658830.2575
2025-10-31 12:00:00,1088.35,1092.46,1078.15,1078.75,4700947.0,51054663.9726
2025-10-31 13:00:00,1078.75,1084.56,1076.85,1082.96,5472640.0,59136031.1828
2025-10-31 14:00:00,1082.96,1088.26,1077.75,1086.95,6140926.0,66467473.5766
2025-10-31 15:00:00,1086.95,1089.95,1081.63,1084.05,6019768.0,65321214.0562
2025-10-31 16:00:00,1084.05,1086.06,1072.25,1073.46,4629236.0,50077008.2486
2025-10-31 17:00:00,1073.46,1079.56,1071.02,1077.95,5709665.0,61422881.2075
2025-10-31 18:00:00,1077.95,1082.38,1074.45,1081.05,4735399.0,51099418.534
2025-10-31 19:00:00,1081.05,1091.37,1078.55,1089.3,5007844.0,54319718.2969
2025-10-31 20:00:00,1089.3,1089.86,1084.25,1085.2,4404846.0,47898922.6767
2025-10-31 21:00:00,1085.2,1087.65,1083.14,1086.64,4025228.0,43706665.6474
2025-10-31 22:00:00,1086.64,1088.99,1085.55,1088.06,4635400.0,50421660.8829
2025-10-31 23:00:00,1088.06,1089.98,1086.22,1088.15,3413425.0,37150437.8429
2025-11-01 00:00:00,1088.15,1091.98,1085.15,1091.75,5688936.0,61903264.0167
2025-11-01 01:00:00,1091.75,1093.66,1084.62,1085.25,4427453.0,48233078.8153
2025-11-01 02:00:00,1085.25,1085.56,1081.53,1085.25,3237779.0,35075813.3425
2025-11-01 03:00:00,1085.25,1090.08,1085.21,1089.26,2167869.0,23596125.8155
2025-11-01 04:00:00,1089.26,1090.86,1087.55,1089.45,666823.0,7265320.5336
2025-11-01 05:00:00,1089.45,1089.76,1084.95,1085.83,321568.0,3495831.2435
2025-11-01 06:00:00,1085.83,1086.26,1083.85,1085.56,1032514.0,11203219.0638
2025-11-01 07:00:00,1085.56,1088.26,1084.55,1085.96,767570.0,8339695.0419
2025-11-01 08:00:00,1085.96,1087.85,1085.05,1087.81,2097316.0,22783698.1972
2025-11-01 09:00:00,1087.81,1088.56,1084.95,1087.15,2632480.0,28615764.4393
2025-11-01 10:00:00,1087.15,1088.46,1086.25,1087.37,5169022.0,56207460.4315
2025-11-01 11:00:00,1087.37,1088.62,1084.72,1088.36,4390253.0,47762443.2455
2025-11-01 12:00:00,1088.36,1090.77,1088.29,1088.85,2938343.0,32013594.5245
2025-11-01 13:00:00,1088.85,1089.11,1081.85,1084.5,4793948.0,52079641.8413
2025-11-01 14:00:00,1084.5,1085.77,1081.04,1084.35,4997908.0,54151627.7591
2025-11-01 15:00:00,1084.35,1094.66,1083.94,1091.8,4472319.0,48717028.6653
2025-11-01 16:00:00,1091.8,1093.96,1089.45,1092.66,4961282.0,54163678.265
2025-11-01 17:00:00,1092.66,1095.66,1091.04,1091.96,4355237.0,47589759.8263
2025-11-01 18:00:00,1091.96,1093.96,1091.36,1093.36,3309487.0,36172650.1252
2025-11-01 19:00:00,1093.36,1094.25,1092.04,1094.06,4182364.0,45707993.8403
2025-11-01 20:00:00,1094.06,1096.36,1093.73,1095.25,3579167.0,39193549.6829
2025-11-01 21:00:00,1095.25,1095.88,1089.56,1090.05,2338497.0,25569529.5689
2025-11-01 22:00:00,1090.05,1094.02,1089.52,1093.75,5232925.0,57118160.5475
2025-11-01 23:00:00,1093.75,1095.47,1093.2,1094.05,4543255.0,49714414.8495
2025-11-02 00:00:00,1094.05,1094.44,1090.66,1091.72,6202633.0,67751999.5345
2025-11-02 01:00:00,1091.72,1093.39,1090.38,1091.15,2868083.0,31323230.1002
2025-11-02 02:00:00,1091.15,1091.16,1087.36,1089.9,4258121.0,46390141.8869
2025-11-02 03:00:00,1089.9,1090.23,1087.85,1088.95,4436554.0,48312208.7359
2025-11-02 04:00:00,1088.95,1094.47,1087.76,1094.13,3873669.0,42261042.205
2025-11-02 05:00:00,1094.13,1094.25,1089.35,1090.65,6404492.0,69876018.4392
2025-11-02 06:00:00,1090.65,1091.65,1087.42,1090.9,4465408.0,48669190.582
2025-11-02 07:00:00,1090.9,1094.06,1090.14,1092.95,5160047.0,56309385.1614
2025-11-02 08:00:00,1092.95,1093.86,1090.44,1090.96,3947999.0,43110805.9215
2025-11-02 09:00:00,1090.96,1092.76,1085.61,1086.56,3150814.0,34309838.2005
2025-11-02 10:00:00,1086.56,1087.02,1079.65,1083.26,6938889.0,75171583.758
2025-11-02 11:00:00,1083.26,1087.77,1082.89,1087.43,6670817.0,72372443.0881
2025-11-02 12:00:00,1087.43,1087.5,1083.95,1085.06,3019487.0,32779002.0378
2025-11-02 13:00:00,1085.06,1085.36,1080.93,1082.45,6252102.0,67713582.5543
2025-11-02 14:00:00,1082.45,1084.56,1079.25,1081.93,5485799.0,59354549.8751
2025-11-02 15:00:00,1081.93,1084.36,1078.67,1080.0,4676861.0,50594672.2182
2025-11-02 16:00:00,1080.0,1080.0,1070.81,1079.24,5920218.0,63730278.3491
2025-11-02 17:00:00,1079.24,1079.76,1076.6,1078.2,5340907.0,57591559.1495
2025-11-02 18:00:00,1078.2,1079.76,1077.03,1078.2,3537929.0,38151739.0651
2025-11-02 19:00:00,1078.2,1078.66,1074.4,1078.16,2440057.0,26272936.0042
2025-11-02 20:00:00,1078.16,1080.66,1077.15,1080.2,2412624.0,26031686.4814
2025-11-02 21:00:00,1080.2,1081.47,1078.92,1080.66,4307589.0,46536777.562
2025-11-02 22:00:00,1080.66,1080.88,1076.02,1078.67,3473278.0,37467403.6714
2025-11-02 23:00:00,1078.67,1084.96,1078.67,1082.66,8844293.0,95720352.4781
2025-11-03 00:00:00,1082.66,1087.07,1076.36,1076.95,9846568.0,106591522.9657
2025-11-03 01:00:00,1076.95,1077.66,1069.67,1071.74,10144281.0,108914840.9426
2025-11-03 02:00:00,1071.74,1072.2,1052.82,1059.85,6546114.0,69693002.3453
2025-11-03 03:00:00,1059.85,1060.93,1040.05,1042.76,4544751.0,47748903.8616
2025-11-03 04:00:00,1042.76,1044.16,1031.68,1043.44,2027945.0,21076921.9288
2025-11-03 05:00:00,1043.44,1048.56,1036.75,1037.46,6225255.0,64943730.8399
2025-11-03 06:00:00,1037.46,1041.26,1023.95,1031.29,4757754.0,49247902.0579
2025-11-03 07:00:00,1031.29,1035.86,1027.92,1028.96,5394181.0,55594196.0846
2025-11-03 08:00:00,1028.96,1030.66,1016.91,1024.8,3928654.0,40241700.597
2025-11-03 09:00:00,1024.8,1031.56,1016.32,1017.65,4261132.0,43614798.9605
2025-11-03 10:00:00,1017.65,1024.06,1008.75,1011.16,6396020.0,65106250.8376
2025-11-03 11:00:00,1011.16,1021.16,1008.63,1015.65,6644890.0,67446216.3252
2025-11-03 12:00:00,1015.65,1024.1,1015.65,1016.06,4518538.0,46109579.4091
2025-11-03 13:00:00,1016.06,1019.86,1008.36,1017.16,2320127.0,23544320.6428
2025-11-03 14:00:00,1017.16,1023.82,1015.6,1020.3,1665863.0,16988514.4279
2025-11-03 15:00:00,1020.3,1022.6,956.1,979.21,3848812.0,38090337.2636
2025-11-03 16:00:00,979.21,997.8,975.8,995.8,1620990.0,16058961.8927
2025-11-03 17:00:00,995.8,1009.6,995.2,1008.0,983713.0,9871696.8225
2025-11-03 18:00:00,1008.0,1008.9,995.9,997.4,1091674.0,10942792.8129
2025-11-03 19:00:00,997.4,1002.2,993.6,996.0,1020064.0,10182612.7913
2025-11-03 20:00:00,996.0,997.0,980.4,985.7,1419518.0,14039188.6654
2025-11-03 21:00:00,985.7,995.2,982.2,995.1,2100048.0,20806795.8644
2025-11-03 22:00:00,995.1,995.2,982.1,988.0,1503202.0,14877796.9071
2025-11-03 23:00:00,988.0,993.8,981.2,993.1,2463809.0,24339069.7409
2025-11-04 00:00:00,993.1,997.7,981.8,992.5,1735639.0,17201985.8225
2025-11-04 01:00:00,992.5,1000.5,989.0,998.5,734240.0,7305904.8046
2025-11-04 02:00:00,998.5,1000.2,991.5,992.4,665332.0,6627981.3055
2025-11-04 03:00:00,992.4,999.7,990.0,998.6,502072.0,4998867.0059
2025-11-04 04:00:00,998.6,1001.5,986.2,987.9,704458.0,6995762.9956
2025-11-04 05:00:00,987.9,990.4,947.35,947.35,2065865.0,19967866.8119
2025-11-04 06:00:00,947.35,966.5,947.1,953.5,1074707.0,10261589.677
2025-11-04 07:00:00,953.5,955.3,939.8,944.9,780325.0,7384648.9395
2025-11-04 08:00:00,944.9,959.2,939.9,949.3,1497434.0,14199456.5847
2025-11-04 09:00:00,949.3,953.8,944.0,952.2,1188380.0,11282407.5469
2025-11-04 10:00:00,952.2,958.9,951.1,953.1,1449133.0,13830024.484
2025-11-04 11:00:00,953.1,963.2,952.0,958.0,845379.0,8098037.177
2025-11-04 12:00:00,958.0,958.1,947.4,949.1,470151.0,4472718.8391
2025-11-04 13:00:00,949.1,951.2,941.0,947.5,1135435.0,10742321.0791
2025-11-04 14:00:00,947.5,964.9,934.3,962.1,1076926.0,10187559.402
2025-11-04 15:00:00,962.1,967.0,947.9,949.6,926149.0,8881476.7785
2025-11-04 16:00:00,949.6,953.1,928.6,930.2,1335574.0,12538998.9066
2025-11-04 17:00:00,930.2,937.3,910.3,927.2,2271493.0,20977350.6943
2025-11-04 18:00:00,927.2,934.6,907.9,933.4,1900518.0,17469873.4654
2025-11-04 19:00:00,933.4,936.0,918.0,919.6,710587.0,6593766.8567
2025-11-04 20:00:00,919.6,927.3,887.7,921.2,2230827.0,20198198.1129
2025-11-04 21:00:00,921.2,922.0,880.9,918.5,1127707.0,10161283.7434
2025-11-04 22:00:00,918.5,939.8,915.0,937.1,1022149.0,9528533.1381
2025-11-04 23:00:00,937.1,941.7,933.1,936.5,485506.0,4546381.8107
2025-11-05 00:00:00,936.5,939.3,924.0,929.7,487692.0,4538428.5659
2025-11-05 01:00:00,929.7,930.2,900.4,923.6,575214.0,5251094.8114
2025-11-05 02:00:00,923.6,954.7,923.6,950.4,407038.0,3802640.2127
2025-11-05 03:00:00,950.4,953.5,944.0,948.7,338231.0,3210105.1518
2025-11-05 04:00:00,948.7,951.7,942.8,945.4,258959.0,2450950.8014
2025-11-05 05:00:00,945.4,951.0,943.3,946.1,207793.0,1968746.7414
2025-11-05 06:00:00,946.1,949.3,940.7,948.8,271208.0,2561947.3914
2025-11-05 07:00:00,948.8,956.77,943.5,953.5,401722.0,3816755.8225
2025-11-05 08:00:00,953.5,953.5,936.6,942.5,680877.0,6423471.4494
2025-11-05 09:00:00,942.5,949.7,941.8,945.9,862103.0,8158252.0954
2025-11-05 10:00:00,945.9,946.0,936.4,936.8,358751.0,3378821.463
2025-11-05 11:00:00,936.8,946.6,936.7,944.7,257224.0,2426952.7886
2025-11-05 12:00:00,944.7,954.3,943.8,952.6,227348.0,2159989.0058
2025-11-05 13:00:00,952.6,961.8,950.5,958.3,239461.0,2288276.3663
2025-11-05 14:00:00,958.3,961.3,948.5,956.5,381765.0,3646972.4512
2025-11-05 15:00:00,956.5,965.2,951.7,965.0,206049.0,1975732.3231
2025-11-05 16:00:00,965.0,967.3,956.2,966.3,343938.0,3310791.1654
2025-11-05 17:00:00,966.3,966.5,958.5,961.8,592655.0,5705119.0072
2025-11-05 18:00:00,961.8,967.0,957.3,964.4,288659.0,2777203.9424
2025-11-05 19:00:00,964.4,964.9,957.7,959.0,137730.0,1324549.8839
2025-11-05 20:00:00,959.0,964.1,954.0,956.7,116256.0,1114005.3016
2025-11-05 21:00:00,956.7,956.7,950.9,953.7,117668.0,1121980.8826
2025-11-05 22:00:00,953.7,958.8,951.7,957.9,190773.0,1821466.6752
2025-11-05 23:00:00,957.9,960.4,954.4,958.7,157150.0,1505359.1387
2025-11-06 00:00:00,958.7,958.7,950.3,954.5,398154.0,3802968.2682
2025-11-06 01:00:00,954.5,954.5,943.3,950.7,167995.0,1592355.4062
2025-11-06 02:00:00,950.7,958.4,945.9,956.7,163045.0,1549293.4819
2025-11-06 03:00:00,956.7,964.0,956.2,963.1,75137.0,721856.8519
2025-11-06 04:00:00,963.1,964.9,958.8,960.5,113755.0,1093824.1031
2025-11-06 05:00:00,960.5,961.0,948.6,949.6,149166.0,1422492.2876
2025-11-06 06:00:00,949.6,955.3,949.2,950.0,439523.0,4184786.7609
2025-11-06 07:00:00,950.0,954.8,946.4,951.8,96207.0,915093.1883
2025-11-06 08:00:00,951.8,957.1,948.1,952.8,117258.0,1115920.2912
2025-11-06 09:00:00,952.8,957.7,949.6,952.2,95325.0,909857.0621
2025-11-06 10:00:00,952.2,958.8,948.9,955.0,167647.0,1599315.8075
2025-11-06 11:00:00,955.0,957.5,950.9,955.2,147962.0,1412078.9242
2025-11-06 12:00:00,955.2,955.4,943.0,943.5,200122.0,1895975.885
2025-11-06 13:00:00,943.5,951.0,941.9,946.6,303046.0,2869501.4241
2025-11-06 14:00:00,946.6,949.0,934.7,936.9,589401.0,5545516.5118
2025-11-06 15:00:00,936.9,944.1,927.4,933.8,744434.0,6973545.9139
2025-11-06 16:00:00,933.8,938.5,925.1,932.4,516288.0,4812256.2233
2025-11-06 17:00:00,932.4,946.5,932.2,944.4,281958.0,2649136.1044
2025-11-06 18:00:00,944.4,955.7,938.7,950.9,653892.0,6203655.6252
2025-11-06 19:00:00,950.9,953.6,944.2,948.4,169104.0,1603633.2286
2025-11-06 20:00:00,948.4,951.6,944.2,948.7,335486.0,3181624.3286
2025-11-06 21:00:00,948.7,954.4,945.4,953.9,285196.0,2707915.0624
2025-11-06 22:00:00,953.9,955.2,948.0,952.5,149982.0,1428834.6598
2025-11-06 23:00:00,952.5,952.6,944.7,950.8,92423.0,876854.3492
2025-11-07 00:00:00,950.8,954.8,945.4,953.8,166396.0,1582143.9042
2025-11-07 01:00:00,953.8,956.4,945.6,953.3,145755.0,1386051.9175
2025-11-07 02:00:00,953.3,959.6,949.2,959.1,106123.0,1013677.6863
2025-11-07 03:00:00,959.1,976.78,957.8,967.2,269533.0,2610121.0584
2025-11-07 04:00:00,967.2,968.7,957.9,961.9,489464.0,4703503.1245
2025-11-07 05:00:00,961.9,969.3,961.9,968.9,302290.0,2920666.045
2025-11-07 06:00:00,968.9,970.9,964.9,965.7,207034.0,2003511.1647
2025-11-07 07:00:00,965.7,972.2,963.8,970.3,161958.0,1567453.1433
2025-11-07 08:00:00,970.3,971.1,964.7,967.9,120489.0,1166069.3094
2025-11-07 09:00:00,967.9,967.9,954.3,957.8,182920.0,1756681.0391
2025-11-07 10:00:00,957.8,960.7,948.4,950.7,226927.0,2163650.9159
2025-11-07 11:00:00,950.7,951.1,937.6,943.2,448712.0,4226317.9694
2025-11-07 12:00:00,943.2,945.0,929.7,933.6,512846.0,4790433.2111
2025-11-07 13:00:00,933.6,940.1,931.9,936.1,369140.0,3454232.0942
2025-11-07 14:00:00,936.1,945.9,925.7,944.0,216119.0,2024297.0451
2025-11-07 15:00:00,944.0,950.9,938.5,945.2,356535.0,3369024.0235
2025-11-07 16:00:00,945.2,955.8,940.1,951.9,362121.0,3440500.373
2025-11-07 17:00:00,951.9,971.0,948.5,969.3,337170.0,3249724.0812
2025-11-07 18:00:00,969.3,982.5,967.6,981.1,693858.0,6789385.1004
2025-11-07 19:00:00,981.1,986.0,977.7,982.2,243115.0,2386351.0067
2025-11-07 20:00:00,982.2,989.3,974.4,988.2,473277.0,4652834.3582
2025-11-07 21:00:00,988.2,995.0,987.6,994.8,301653.0,2988824.6867
2025-11-07 22:00:00,994.8,996.0,988.2,990.5,298224.0,2959783.3551
2025-11-07 23:00:00,990.5,993.2,985.8,991.2,229503.0,2271453.4321
2025-11-08 00:00:00,991.2,996.0,980.2,980.8,258142.0,2554294.0371
2025-11-08 01:00:00,980.8,994.0,980.4,991.1,66953.0,661647.754
2025-11-08 02:00:00,991.1,1005.6,990.6,997.3,367052.0,3667239.1239
2025-11-08 03:00:00,997.3,1007.3,994.9,996.8,215069.0,2155421.1435
2025-11-08 04:00:00,996.8,1001.8,993.8,994.4,429062.0,4282514.0781
2025-11-08 05:00:00,994.4,998.0,988.5,989.4,185282.0,1837665.2114
2025-11-08 06:00:00,989.4,996.1,985.0,994.8,144293.0,1430296.6306
2025-11-08 07:00:00,994.8,997.0,988.5,994.6,242243.0,2407135.0754
2025-11-08 08:00:00,994.6,1003.0,994.5,999.3,473550.0,4729295.4523
2025-11-08 09:00:00,999.3,1001.9,993.71,994.3,329528.0,3292940.3671
2025-11-08 10:00:00,994.3,996.5,991.7,995.7,432587.0,4300766.0602
2025-11-08 11:00:00,995.7,998.5,986.5,988.8,175072.0,1738834.4223
2025-11-08 12:00:00,988.8,993.9,987.6,993.9,174601.0,1730089.9024
2025-11-08 13:00:00,993.9,994.3,987.2,987.2,206629.0,2048349.5826
2025-11-08 14:00:00,987.2,994.7,982.0,993.4,311203.0,3080178.4734
2025-11-08 15:00:00,993.4,998.7,987.1,990.4,699841.0,6950737.6352
2025-11-08 16:00:00,990.4,993.8,984.9,987.7,188413.0,1862879.2555
2025-11-08 17:00:00,987.7,995.0,984.2,995.0,151093.0,1495856.0314
2025-11-08 18:00:00,995.0,1005.1,991.3,1003.9,649407.0,6491974.5574
2025-11-08 19:00:00,1003.9,1005.6,991.5,996.1,364755.0,3639102.7968
2025-11-08 20:00:00,996.1,999.4,994.4,996.9,126911.0,1265640.725
2025-11-08 21:00:00,996.9,998.5,993.6,997.4,192266.0,1914510.0215
2025-11-08 22:00:00,997.4,998.0,993.7,995.2,146970.0,1463308.8614
2025-11-08 23:00:00,995.2,995.2,988.4,990.6,235968.0,2338781.7819
2025-11-09 00:00:00,990.6,990.6,984.0,988.7,327546.0,3232534.9674
2025-11-09 01:00:00,988.7,993.7,987.7,992.9,85808.0,850218.9307
2025-11-09 02:00:00,992.9,993.5,980.7,982.3,407294.0,4011273.8332
2025-11-09 03:00:00,982.3,984.7,974.9,980.3,278380.0,2725127.4917
2025-11-09 04:00:00,980.3,987.9,980.0,986.5,127132.0,1251678.736
2025-11-09 05:00:00,986.5,990.2,984.4,988.7,101652.0,1003443.4267
2025-11-09 06:00:00,988.7,993.3,986.2,987.4,195780.0,1936215.5831
2025-11-09 07:00:00,987.4,989.7,985.9,988.9,43802.0,432691.7376
2025-11-09 08:00:00,988.9,989.6,984.7,987.8,108146.0,1067747.8569
2025-11-09 09:00:00,987.8,995.5,986.42,986.42,261200.0,2589773.3409
2025-11-09 10:00:00,986.42,987.5,981.6,987.5,238651.0,2350167.9053
2025-11-09 11:00:00,987.5,992.1,986.5,990.0,171050.0,1692248.5102
2025-11-09 12:00:00,990.0,994.1,986.8,987.4,142676.0,1413394.2845
2025-11-09 13:00:00,987.4,987.5,975.7,985.3,263422.0,2589283.885
2025-11-09 14:00:00,985.3,998.0,982.1,986.6,431881.0,4273985.6294
2025-11-09 15:00:00,986.6,998.0,986.3,994.1,384071.0,3817131.6409
2025-11-09 16:00:00,994.1,1002.37,990.2,1001.5,890469.0,8877831.7499
2025-11-09 17:00:00,1001.5,1002.5,991.9,992.6,744915.0,7413584.8125
2025-11-09 18:00:00,992.6,999.6,991.4,999.6,594081.0,5909006.4978
2025-11-09 19:00:00,999.6,1004.7,996.3,1004.2,454381.0,4546732.9995
2025-11-09 20:00:00,1004.2,1007.1,997.0,998.3,296126.0,2966468.7261
2025-11-09 21:00:00,998.3,999.9,995.2,996.7,203853.0,2032516.6846
2025-11-09 22:00:00,996.7,997.8,989.6,996.5,219801.0,2184723.5548
2025-11-09 23:00:00,996.5,1003.2,992.6,995.5,236076.0,2352570.2613
2025-11-10 00:00:00,995.5,1018.3,990.5,1012.4,358914.0,3613579.5055
2025-11-10 01:00:00,1012.4,1014.8,1006.5,1010.4,250054.0,2526642.741
2025-11-10 02:00:00,1010.4,1014.8,1007.7,1014.5,240686.0,2434059.4845
2025-11-10 03:00:00,1014.5,1017.2,1010.9,1012.5,218515.0,2215840.4119
2025-11-10 04:00:00,1012.5,1013.9,1008.0,1010.6,137080.0,1385348.8089
2025-11-10 05:00:00,1010.6,1011.1,1003.1,1005.4,209627.0,2110312.6308
2025-11-10 06:00:00,1005.4,1008.2,1003.1,1007.2,183309.0,1844896.0141
2025-11-10 07:00:00,1007.2,1010.9,1003.9,1005.1,372950.0,3753969.2143
2025-11-10 08:00:00,1005.1,1005.3,994.4,997.1,305534.0,3054360.3567
2025-11-10 09:00:00,997.1,1005.8,995.6,1003.6,326453.0,3268293.0305
2025-11-10 10:00:00,1003.6,1004.5,997.0,998.3,359747.0,3596979.484
2025-11-10 11:00:00,998.3,1001.3,998.0,998.4,249001.0,2489021.525
2025-11-10 12:00:00,998.4,999.2,993.2,995.5,486829.0,4847807.0275
2025-11-10 13:00:00,995.5,1003.2,995.1,1002.1,338344.0,3385306.4295
2025-11-10 14:00:00,1002.1,1002.1,980.6,983.4,533542.0,5290336.1
2025-11-10 15:00:00,983.4,988.0,975.4,979.1,412595.0,4051897.5255
2025-11-10 16:00:00,979.1,981.8,974.8,979.4,364209.0,3562136.2038
2025-11-10 17:00:00,979.4,987.5,978.2,986.2,394435.0,3878854.5102
2025-11-10 18:00:00,986.2,986.8,981.5,981.5,176071.0,1732465.4227
2025-11-10 19:00:00,981.5,988.9,980.9,986.9,175157.0,1726411.9257
2025-11-10 20:00:00,986.9,992.1,986.7,988.4,187954.0,1860278.6593
2025-11-10 21:00:00,988.4,988.5,982.6,985.9,122748.0,1209075.0953
2025-11-10 22:00:00,985.9,995.6,984.0,994.3,174496.0,1727425.5009
2025-11-10 23:00:00,994.3,995.8,990.4,991.4,184044.0,1829264.2744
2025-11-11 00:00:00,991.4,993.2,986.1,993.0,74824.0,740603.2366
2025-11-11 01:00:00,993.0,1008.35,992.1,997.0,527681.0,5281894.016
2025-11-11 02:00:00,997.0,1008.5,991.5,1003.6,245351.0,2455991.0894
2025-11-11 03:00:00,1003.6,1005.5,999.8,1000.6,123194.0,1235327.0716
2025-11-11 04:00:00,1000.6,1003.2,985.5,988.1,183068.0,1819861.5231
2025-11-11 05:00:00,988.1,988.3,980.2,982.3,201277.0,1980081.2361
2025-11-11 06:00:00,982.3,985.0,978.8,983.3,142230.0,1397252.9879
2025-11-11 07:00:00,983.3,984.9,970.9,973.6,260630.0,2546624.6572
2025-11-11 08:00:00,973.6,977.9,972.5,976.7,228914.0,2232599.7481
2025-11-11 09:00:00,976.7,979.6,974.2,974.4,179626.0,1755228.8219
2025-11-11 10:00:00,974.4,978.7,973.7,978.0,157406.0,1537133.6069
2025-11-11 11:00:00,978.0,982.6,977.9,980.0,143208.0,1403989.9033
2025-11-11 12:00:00,980.0,984.3,976.6,979.6,262468.0,2571520.7948
2025-11-11 13:00:00,979.6,983.0,976.6,977.0,193674.0,1897657.4627
2025-11-11 14:00:00,977.0,984.3,974.4,983.5,330534.0,3233601.0283
2025-11-11 15:00:00,983.5,983.5,971.4,975.5,424155.0,4140433.7253
2025-11-11 16:00:00,975.5,977.6,971.8,974.9,324852.0,3167880.6797
2025-11-11 17:00:00,974.9,977.4,962.7,967.2,412563.0,3994580.1944
2025-11-11 18:00:00,967.2,969.8,964.5,967.5,288741.0,2790848.7185
2025-11-11 19:00:00,967.5,967.6,960.1,960.8,278705.0,2686399.1103
2025-11-11 20:00:00,960.8,963.2,956.6,959.5,582875.0,5592108.6145
2025-11-11 21:00:00,959.5,962.4,956.6,958.3,188731.0,1809858.6299
2025-11-11 22:00:00,958.3,965.3,955.3,964.2,188616.0,1813574.7486
2025-11-11 23:00:00,964.2,964.6,956.5,957.5,177140.0,1701077.9689
2025-11-12 00:00:00,957.5,961.9,954.6,956.0,188710.0,1808312.2478
2025-11-12 01:00:00,956.0,965.5,954.6,963.4,231906.0,2230779.3911
2025-11-12 02:00:00,963.4,964.3,957.4,960.8,141804.0,1361245.8394
2025-11-12 03:00:00,960.8,962.4,959.9,960.5,142926.0,1374074.549
2025-11-12 04:00:00,960.5,962.0,957.3,959.2,59395.0,570022.7405
2025-11-12 05:00:00,959.2,962.3,956.9,957.7,92289.0,885307.766
2025-11-12 06:00:00,957.7,961.5,956.8,957.4,260727.0,2500499.105
2025-11-12 07:00:00,957.4,959.1,951.3,952.6,249800.0,2386610.466
2025-11-12 08:00:00,952.6,964.3,952.6,963.5,428562.0,4112488.6246
2025-11-12 09:00:00,963.5,968.9,963.3,966.4,295640.0,2855619.7381
2025-11-12 10:00:00,966.4,972.8,966.4,972.2,342534.0,3322768.2798
2025-11-12 11:00:00,972.2,975.0,968.2,971.1,422737.0,4108295.1569
2025-11-12 12:00:00,971.1,974.9,969.7,973.0,276764.0,2689485.4769
2025-11-12 13:00:00,973.0,978.4,969.8,976.6,245955.0,2394517.1557
2025-11-12 14:00:00,976.6,976.7,958.7,965.9,1122582.0,10867506.264
2025-11-12 15:00:00,965.9,969.8,943.0,948.8,2345302.0,22419333.9548
2025-11-12 16:00:00,948.8,951.07,937.1,941.7,1418377.0,13417447.1634
2025-11-12 17:00:00,941.7,953.7,940.4,949.8,577327.0,5477141.1477
2025-11-12 18:00:00,949.8,954.5,948.6,950.2,484713.0,4614914.6527
2025-11-12 19:00:00,950.2,951.8,942.2,948.0,329044.0,3119026.6449
2025-11-12 20:00:00,948.0,955.16,946.2,952.9,112345.0,1069379.2654
2025-11-12 21:00:00,952.9,957.4,952.8,955.2,140232.0,1339202.2439
2025-11-12 22:00:00,955.2,956.9,951.7,956.6,94885.0,905062.6677
2025-11-12 23:00:00,956.6,956.7,950.9,952.6,212422.0,2026343.7769
2025-11-13 00:00:00,952.6,956.4,951.2,952.3,206479.0,1968836.3322
2025-11-13 01:00:00,952.3,959.3,952.2,955.1,327085.0,3129647.1691
2025-11-13 02:00:00,955.1,956.4,952.7,955.2,130944.0,1250683.6102
2025-11-13 03:00:00,955.2,963.6,945.3,959.0,418604.0,4011535.2413
2025-11-13 04:00:00,959.0,962.4,956.5,961.5,213797.0,2053802.5509
2025-11-13 05:00:00,961.5,970.8,958.8,968.2,350211.0,3378878.952
2025-11-13 06:00:00,968.2,970.7,966.4,967.3,196742.0,1904089.778
2025-11-13 07:00:00,967.3,969.5,963.0,964.4,210038.0,2029761.8357
2025-11-13 08:00:00,964.4,967.7,963.6,965.5,120319.0,1162197.399
2025-11-13 09:00:00,965.5,966.3,959.3,960.1,367576.0,3532495.5063
2025-11-13 10:00:00,960.1,966.0,960.1,963.5,222553.0,2144601.9801
2025-11-13 11:00:00,963.5,967.4,962.8,967.0,157006.0,1515508.0342
2025-11-13 12:00:00,967.0,967.7,964.4,965.5,142543.0,1376325.85
2025-11-13 13:00:00,965.5,966.1,956.5,959.1,409266.0,3929615.4468
2025-11-13 14:00:00,959.1,968.0,952.2,964.0,517775.0,4971439.2225
2025-11-13 15:00:00,964.0,966.1,953.2,957.0,1345522.0,12898936.3657
2025-11-13 16:00:00,957.0,959.2,944.8,945.6,875295.0,8331371.7689
2025-11-13 17:00:00,945.6,946.1,929.9,930.2,971944.0,9150029.3189
2025-11-13 18:00:00,930.2,932.8,913.6,916.9,1139871.0,10538484.3085
2025-11-13 19:00:00,916.9,924.2,909.9,913.5,841085.0,7703738.2309
2025-11-13 20:00:00,913.5,918.9,905.6,913.8,605774.0,5521426.2793
2025-11-13 21:00:00,913.8,919.3,909.5,914.4,180759.0,1651852.6933
2025-11-13 22:00:00,914.4,924.9,911.6,922.8,370345.0,3409833.8205
2025-11-13 23:00:00,922.8,932.1,920.05,926.3,418310.0,3885298.0897
2025-11-14 00:00:00,926.3,928.7,918.6,921.0,254044.0,2346607.5243
2025-11-14 01:00:00,921.0,925.7,918.5,920.8,240321.0,2215242.544
2025-11-14 02:00:00,920.8,933.0,920.6,929.4,330324.0,3069713.2638
2025-11-14 03:00:00,929.4,930.6,920.0,923.7,225576.0,2086218.5309
2025-11-14 04:00:00,923.7,923.9,898.6,913.6,563767.0,5127250.1593
2025-11-14 05:00:00,913.6,919.72,911.5,919.1,256889.0,2353061.3197
2025-11-14 06:00:00,919.1,923.8,906.7,923.6,286732.0,2621907.2188
2025-11-14 07:00:00,923.6,926.8,918.5,922.9,384945.0,3549134.9197
2025-11-14 08:00:00,922.9,922.9,915.0,919.0,215886.0,1982988.0642
2025-11-14 09:00:00,919.0,922.0,909.3,910.5,282565.0,2584606.4758
2025-11-14 10:00:00,910.5,917.9,910.1,913.1,189336.0,1729459.2391
2025-11-14 11:00:00,913.1,914.9,904.4,909.1,485940.0,4413349.2081
2025-11-14 12:00:00,909.1,909.2,887.6,906.0,1209818.0,10883595.0621
2025-11-14 13:00:00,906.0,909.9,896.5,905.7,980235.0,8838705.4128
2025-11-14 14:00:00,905.7,928.0,904.6,924.9,768523.0,7038681.241
2025-11-14 15:00:00,924.9,931.2,918.2,925.5,438490.0,4058540.2289
2025-11-14 16:00:00,925.5,933.3,921.6,931.1,436891.0,4054755.7006
2025-11-14 17:00:00,931.1,931.9,920.4,922.8,420472.0,3897613.5756
2025-11-14 18:00:00,922.8,927.2,918.4,921.0,981124.0,9051571.3975
2025-11-14 19:00:00,921.0,932.6,919.8,931.6,358041.0,3320175.8157
2025-11-14 20:00:00,931.6,933.3,913.5,919.2,821964.0,7582336.6646
2025-11-14 21:00:00,919.2,928.1,917.1,925.4,530020.0,4900414.0814
2025-11-14 22:00:00,925.4,928.9,919.8,922.6,487148.0,4507035.8499
2025-11-14 23:00:00,922.6,922.6,907.3,915.1,489422.0,4481119.7286
2025-11-15 00:00:00,915.1,926.4,914.8,922.7,263350.0,2425531.3599
2025-11-15 01:00:00,922.7,930.2,919.3,928.5,171269.0,1584553.2088
2025-11-15 02:00:00,928.5,936.6,926.7,936.5,206769.0,1925452.1329
2025-11-15 03:00:00,936.5,936.5,930.0,932.5,142714.0,1331458.2842
2025-11-15 04:00:00,932.5,934.3,927.5,928.7,122064.0,1136568.2216
2025-11-15 05:00:00,928.7,933.1,927.6,932.6,145483.0,1353542.3392
2025-11-15 06:00:00,932.6,936.1,930.9,933.1,191284.0,1785996.2176
2025-11-15 07:00:00,933.1,937.6,931.9,936.9,243844.0,2280149.4266
2025-11-15 08:00:00,936.9,939.7,930.9,933.4,795083.0,7441844.1965
2025-11-15 09:00:00,933.4,939.3,931.2,935.3,355494.0,3326807.2694
2025-11-15 10:00:00,935.3,937.5,930.2,936.8,282916.0,2643945.4142
2025-11-15 11:00:00,936.8,938.0,929.3,931.0,294853.0,2755207.9829
2025-11-15 12:00:00,931.0,935.5,929.4,935.0,224401.0,2095293.6077
2025-11-15 13:00:00,935.0,938.3,933.5,937.1,341304.0,3196253.7947
2025-11-15 14:00:00,937.1,938.2,934.6,936.9,115202.0,1079201.632
2025-11-15 15:00:00,936.9,938.7,935.1,936.8,125473.0,1175800.715
2025-11-15 16:00:00,936.8,937.7,931.3,937.7,212185.0,1982573.8104
2025-11-15 17:00:00,937.7,942.1,936.4,941.5,383392.0,3602899.1107
2025-11-15 18:00:00,941.5,943.7,940.4,941.8,219694.0,2069737.1632
2025-11-15 19:00:00,941.8,945.7,941.5,941.8,185123.0,1747575.5029
2025-11-15 20:00:00,941.8,942.1,931.9,933.3,471812.0,4417798.3371
2025-11-15 21:00:00,933.3,934.6,926.3,927.8,241361.0,2246860.9404
2025-11-15 22:00:00,927.8,933.3,927.0,932.5,203076.0,1890743.6732
2025-11-15 23:00:00,932.5,937.1,931.7,932.8,122364.0,1143384.0001
2025-11-16 00:00:00,932.8,933.9,928.3,930.6,301162.0,2805633.0382
2025-11-16 01:00:00,930.6,930.6,921.8,928.7,177806.0,1647927.1325
2025-11-16 02:00:00,928.7,940.7,925.7,940.4,289954.0,2712442.8473
2025-11-16 03:00:00,940.4,942.0,936.9,941.6,225926.0,2123132.2255
2025-11-16 04:00:00,941.6,942.2,938.1,941.6,214207.0,2014477.645
2025-11-16 05:00:00,941.6,945.6,941.3,944.7,251445.0,2373846.1549
2025-11-16 06:00:00,944.7,949.0,943.4,943.9,201362.0,1905922.0256
2025-11-16 07:00:00,943.9,944.4,941.1,944.3,236445.0,2229370.7142
2025-11-16 08:00:00,944.3,945.9,942.3,945.2,181612.0,1714362.9136
2025-11-16 09:00:00,945.2,950.5,942.5,949.7,243727.0,2305870.2836
2025-11-16 10:00:00,949.7,950.3,947.4,947.9,250023.0,2371988.05
2025-11-16 11:00:00,947.9,948.7,931.12,932.1,445853.0,4192840.9175
2025-11-16 12:00:00,932.1,938.2,928.5,933.1,296429.0,2766332.618
2025-11-16 13:00:00,933.1,934.5,926.2,930.2,239351.0,2227469.1903
2025-11-16 14:00:00,930.2,939.5,929.1,936.6,288807.0,2697983.6376
2025-11-16 15:00:00,936.6,936.6,922.4,923.8,264154.0,2452965.5259
2025-11-16 16:00:00,923.8,928.0,913.2,914.3,488652.0,4491213.1424
2025-11-16 17:00:00,914.3,919.4,908.7,916.0,413254.0,3780505.2449
2025-11-16 18:00:00,916.0,930.7,913.3,916.2,480803.0,4435042.223
2025-11-16 19:00:00,916.2,926.6,915.7,920.2,166466.0,1534524.1981
2025-11-16 20:00:00,920.2,926.2,919.1,920.3,184051.0,1698101.4031
2025-11-16 21:00:00,920.3,920.6,911.4,915.7,393177.0,3597160.6566
2025-11-16 22:00:00,915.7,924.5,911.2,922.9,272342.0,2499155.1646
2025-11-16 23:00:00,922.9,932.3,910.0,927.1,331095.0,3049405.6294
2025-11-17 00:00:00,927.1,939.0,920.3,936.2,330822.0,3080424.3901
2025-11-17 01:00:00,936.2,936.8,929.2,929.4,250147.0,2330772.2559
2025-11-17 02:00:00,929.4,935.6,928.1,931.0,851040.0,7917935.5468
2025-11-17 03:00:00,931.0,940.3,930.8,935.3,189068.0,1770022.9902
2025-11-17 04:00:00,935.3,937.7,932.2,933.6,105231.0,983452.4471
2025-11-17 05:00:00,933.6,936.0,932.1,935.0,114577.0,1070471.898
2025-11-17 06:00:00,935.0,935.9,930.8,934.8,146027.0,1361737.0849
2025-11-17 07:00:00,934.8,938.6,934.1,936.1,118190.0,1106066.2087
2025-11-17 08:00:00,936.1,939.5,935.2,936.2,128445.0,1203545.037
2025-11-17 09:00:00,936.2,938.4,934.1,937.3,223930.0,2095879.783
2025-11-17 10:00:00,937.3,937.3,933.1,934.9,188090.0,1759481.5777
2025-11-17 11:00:00,934.9,939.2,931.9,933.9,103472.0,967670.3674
2025-11-17 12:00:00,933.9,935.0,930.1,931.1,105375.0,982132.9432
2025-11-17 13:00:00,931.1,932.1,901.6,907.1,999341.0,9132020.3902
2025-11-17 14:00:00,907.1,934.1,902.0,919.4,1031736.0,9485820.1213
2025-11-17 15:00:00,919.4,923.5,908.7,911.9,462894.0,4234434.2154
2025-11-17 16:00:00,911.9,921.9,900.5,921.1,907325.0,8259454.2985
2025-11-17 17:00:00,921.1,922.3,908.1,910.6,437384.0,4001715.326
2025-11-17 18:00:00,910.6,916.0,905.4,908.8,911521.0,8298721.8908
2025-11-17 19:00:00,908.8,910.2,893.4,897.5,646178.0,5820057.9529
2025-11-17 20:00:00,897.5,905.9,891.5,902.2,586924.0,5275508.6337
2025-11-17 21:00:00,902.2,906.2,897.5,902.7,457475.0,4124815.3956
2025-11-17 22:00:00,902.7,911.2,900.7,907.5,457597.0,4144820.458
2025-11-17 23:00:00,907.5,908.8,903.2,907.3,345702.0,3132771.7242
2025-11-18 00:00:00,907.3,915.5,898.5,914.7,623250.0,5661822.0365
2025-11-18 01:00:00,914.7,919.1,909.97,912.8,497482.0,4543435.832
2025-11-18 02:00:00,912.8,918.7,901.0,903.6,802344.0,7310044.1549
2025-11-18 03:00:00,903.6,905.3,884.3,903.9,1037217.0,9301580.4756
2025-11-18 04:00:00,903.9,909.0,893.2,907.3,577549.0,5197367.838
2025-11-18 05:00:00,907.3,914.3,902.6,911.6,283223.0,2575727.8502
2025-11-18 06:00:00,911.6,912.3,903.7,903.9,233279.0,2117085.5693
2025-11-18 07:00:00,903.9,913.9,900.9,911.1,260671.0,2370278.1593
2025-11-18 08:00:00,911.1,918.1,910.6,916.0,342128.0,3131746.6218
2025-11-18 09:00:00,916.0,926.0,912.7,921.7,405667.0,3727987.6756
2025-11-18 10:00:00,921.7,924.6,917.9,920.4,292594.0,2694484.9187
2025-11-18 11:00:00,920.4,920.9,914.6,916.1,423421.0,3887240.5771
2025-11-18 12:00:00,916.1,920.3,913.3,917.9,235547.0,2159510.1273
2025-11-18 13:00:00,917.9,918.5,911.1,916.4,226368.0,2071727.7198
2025-11-18 14:00:00,916.4,925.8,915.3,916.1,452853.0,4167101.562
2025-11-18 15:00:00,916.1,928.6,912.7,926.4,819280.0,7567214.7421
2025-11-18 16:00:00,926.4,939.9,924.9,937.6,762962.0,7132978.3461
2025-11-18 17:00:00,937.6,938.1,931.1,934.7,370758.0,3465418.0316
2025-11-18 18:00:00,934.7,939.4,934.6,935.4,293764.0,2751975.0727
2025-11-18 19:00:00,935.4,939.5,934.3,936.4,225562.0,2113435.034
2025-11-18 20:00:00,936.4,937.8,934.2,934.6,193373.0,1809783.804
2025-11-18 21:00:00,934.6,935.5,929.3,929.5,207545.0,1935385.4909
2025-11-18 22:00:00,929.5,936.4,929.0,935.1,321612.0,3004968.4047
2025-11-18 23:00:00,935.1,935.6,932.4,933.2,60887.0,568649.402
2025-11-19 00:00:00,933.2,933.8,925.3,932.1,401388.0,3735857.6035
2025-11-19 01:00:00,932.1,936.6,929.7,935.4,184191.0,1719783.2887
2025-11-19 02:00:00,935.4,941.8,934.4,939.5,248713.0,2335266.8974
2025-11-19 03:00:00,939.5,939.5,930.5,932.9,145855.0,1362676.8676
2025-11-19 04:00:00,932.9,933.5,924.5,926.3,217143.0,2017695.6061
2025-11-19 05:00:00,926.3,927.3,913.5,919.0,337790.0,3108032.5147
2025-11-19 06:00:00,919.0,927.1,917.8,925.2,350385.0,3234282.4626
2025-11-19 07:00:00,925.2,933.2,924.7,931.6,239269.0,2224495.2439
2025-11-19 08:00:00,931.6,934.9,925.1,926.5,408983.0,3803891.9283
2025-11-19 09:00:00,926.5,926.6,919.8,924.6,366479.0,3383511.1782
2025-11-19 10:00:00,924.6,926.5,922.3,923.0,288210.0,2663322.6868
2025-11-19 11:00:00,923.0,925.8,920.8,922.1,242075.0,2236024.0319
2025-11-19 12:00:00,922.1,926.1,920.8,925.0,363189.0,3355463.9252
2025-11-19 13:00:00,925.0,925.2,916.5,917.7,306968.0,2830409.7451
2025-11-19 14:00:00,917.7,920.5,911.2,917.3,502253.0,4601122.198
2025-11-19 15:00:00,917.3,924.1,893.0,894.7,1188511.0,10797531.5413
2025-11-19 16:00:00,894.7,899.8,884.5,888.1,1204332.0,10741976.703
2025-11-19 17:00:00,888.1,891.0,876.8,884.4,1419632.0,12527473.6281
2025-11-19 18:00:00,884.4,885.0,872.2,876.7,1024620.0,8998620.976
2025-11-19 19:00:00,876.7,880.2,873.9,878.6,414434.0,3634017.686
2025-11-19 20:00:00,878.6,888.5,876.2,887.2,405936.0,3582151.231
2025-11-19 21:00:00,887.2,899.4,885.3,897.2,643376.0,5754303.2008
2025-11-19 22:00:00,897.2,897.2,889.5,892.8,404541.0,3612919.1696
2025-11-19 23:00:00,892.8,901.2,892.1,897.8,586854.0,5256840.991
2025-11-20 00:00:00,897.8,907.0,893.8,900.9,265025.0,2389226.1072
2025-11-20 01:00:00,900.9,909.8,899.7,908.7,202813.0,1837764.3738
2025-11-20 02:00:00,908.7,915.9,908.0,911.9,374095.0,3410072.218
2025-11-20 03:00:00,911.9,914.7,909.0,910.6,499988.0,4560347.2684
2025-11-20 04:00:00,910.6,913.0,905.9,912.8,209858.0,1906134.7559
2025-11-20 05:00:00,912.8,915.3,908.6,908.9,202077.0,1840773.1954
2025-11-20 06:00:00,908.9,910.5,900.2,904.4,244407.0,2212478.7441
2025-11-20 07:00:00,904.4,909.5,903.5,908.6,163143.0,1479485.4784
2025-11-20 08:00:00,908.6,909.6,905.3,907.0,97882.0,887991.6259
2025-11-20 09:00:00,907.0,907.4,899.1,901.8,182624.0,1647801.6051
2025-11-20 10:00:00,901.8,902.6,897.8,901.6,364407.0,3278295.467
2025-11-20 11:00:00,901.6,904.2,900.4,903.1,129787.0,1171131.3477
2025-11-20 12:00:00,903.1,905.1,898.0,904.1,557031.0,5013214.9894
2025-11-20 13:00:00,904.1,910.3,897.4,899.8,1421900.0,12849442.0665
2025-11-20 14:00:00,899.8,904.4,891.2,899.3,1614635.0,14481579.0047
2025-11-20 15:00:00,899.3,899.3,887.4,890.7,624110.0,5563046.8149
2025-11-20 16:00:00,890.7,891.1,877.4,880.8,1309319.0,11547721.669
2025-11-20 17:00:00,880.8,883.0,869.8,879.2,1092492.0,9566978.0017
2025-11-20 18:00:00,879.2,883.4,873.1,873.8,478882.0,4203362.36
2025-11-20 19:00:00,873.8,882.1,868.6,880.8,583241.0,5099579.0993
2025-11-20 20:00:00,880.8,883.1,874.7,875.1,632772.0,5558431.546
2025-11-20 21:00:00,875.1,882.9,874.9,877.9,529054.0,4651240.47
2025-11-20 22:00:00,877.9,884.4,876.3,881.3,481849.0,4244532.838
2025-11-20 23:00:00,881.3,881.3,865.9,867.1,498350.0,4346721.465
2025-11-21 00:00:00,867.1,873.3,864.6,869.3,650627.0,5651635.6724
2025-11-21 01:00:00,869.3,878.0,867.9,872.4,389129.0,3394609.022
2025-11-21 02:00:00,872.4,872.5,856.5,858.7,944801.0,8179102.4823
2025-11-21 03:00:00,858.7,868.0,857.5,864.0,415048.0,3581705.936
2025-11-21 04:00:00,864.0,867.2,856.9,865.2,250142.0,2158856.32
2025-11-21 05:00:00,865.2,867.5,861.1,862.7,215164.0,1859888.16
2025-11-21 06:00:00,862.7,863.6,851.8,853.0,355835.0,3046372.8943
2025-11-21 07:00:00,853.0,855.0,804.1,832.1,5828139.0,48414391.8094
2025-11-21 08:00:00,832.1,840.3,828.6,830.7,1263664.0,10534383.696
2025-11-21 09:00:00,830.7,836.2,813.3,813.4,1695204.0,13946391.394
2025-11-21 10:00:00,813.4,819.1,806.1,813.1,1646037.0,13368571.962
2025-11-21 11:00:00,813.1,822.8,808.7,809.8,814845.0,6652111.682
2025-11-21 12:00:00,809.8,823.6,791.2,818.7,2341962.0,18862774.7794
2025-11-21 13:00:00,818.7,829.0,816.1,823.4,710292.0,5842506.037
2025-11-21 14:00:00,823.4,832.1,817.7,829.1,924771.0,7627823.692
2025-11-21 15:00:00,829.1,830.7,811.5,814.2,814673.0,6672007.179
2025-11-21 16:00:00,814.2,829.4,808.5,828.8,553775.0,4527879.624
2025-11-21 17:00:00,828.8,837.0,827.1,832.2,773366.0,6441465.861
2025-11-21 18:00:00,832.2,833.1,815.4,828.6,761823.0,6282416.158
2025-11-21 19:00:00,828.6,830.7,824.2,826.2,249658.0,2068328.247
2025-11-21 20:00:00,826.2,827.2,816.9,824.1,380917.0,3130880.434
2025-11-21 21:00:00,824.1,836.7,820.5,834.4,489105.0,4060430.599
2025-11-21 22:00:00,834.4,836.9,817.4,817.7,378976.0,3133518.191
2025-11-21 23:00:00,817.7,834.2,814.4,831.0,427112.0,3521436.016
2025-11-22 00:00:00,831.0,840.5,830.7,836.4,427506.0,3576813.691
2025-11-22 01:00:00,836.4,842.7,835.0,842.7,370281.0,3109501.593
2025-11-22 02:00:00,842.7,843.5,832.5,837.0,374199.0,3127446.503
2025-11-22 03:00:00,837.0,839.1,834.2,836.9,266359.0,2228909.505
2025-11-22 04:00:00,836.9,838.0,825.8,830.4,373113.0,3097684.6
2025-11-22 05:00:00,830.4,831.1,820.2,824.9,281945.0,2323025.941
2025-11-22 06:00:00,824.9,834.1,821.5,832.2,346567.0,2874382.368
2025-11-22 07:00:00,832.2,835.2,830.5,832.4,245906.0,2047119.325
2025-11-22 08:00:00,832.4,832.4,814.3,816.2,355645.0,2924957.72
2025-11-22 09:00:00,816.2,823.1,814.3,817.1,291832.0,2389760.767
2025-11-22 10:00:00,817.1,821.8,815.1,820.8,349355.0,2860497.077
2025-11-22 11:00:00,820.8,833.4,819.5,826.3,285295.0,2357244.836
2025-11-22 12:00:00,826.3,826.4,819.4,821.2,419704.0,3450175.997
2025-11-22 13:00:00,821.2,824.1,815.7,818.8,284501.0,2332261.638
2025-11-22 14:00:00,818.8,829.3,818.8,825.1,291483.0,2404274.288
2025-11-22 15:00:00,825.1,827.2,819.4,823.8,401899.0,3308883.853
2025-11-22 16:00:00,823.8,831.7,823.5,830.3,327876.0,2714261.603
2025-11-22 17:00:00,830.3,830.6,827.5,829.5,215742.0,1788229.892
2025-11-22 18:00:00,829.5,834.7,827.9,833.5,252360.0,2098158.328
2025-11-22 19:00:00,833.5,834.8,831.8,833.4,281292.0,2342393.849
2025-11-22 20:00:00,833.4,835.0,826.5,828.5,237360.0,1974658.302
2025-11-22 21:00:00,828.5,830.8,827.5,830.3,138241.0,1146559.069
2025-11-22 22:00:00,830.3,842.7,828.3,838.6,257816.0,2157151.086
2025-11-22 23:00:00,838.6,840.4,833.6,834.4,219213.0,1834287.153
2025-11-23 00:00:00,834.4,840.1,833.9,836.4,299883.0,2508483.915
2025-11-23 01:00:00,836.4,844.2,835.5,841.9,310325.0,2609601.912
2025-11-23 02:00:00,841.9,850.7,841.7,846.9,829057.0,7013966.6065
2025-11-23 03:00:00,846.9,847.4,842.3,847.3,245561.0,2075596.991
2025-11-23 04:00:00,847.3,855.0,846.2,849.3,653386.0,5563278.6124
2025-11-23 05:00:00,849.3,849.4,845.6,847.3,217474.0,1842622.592
2025-11-23 06:00:00,847.3,849.2,842.9,844.0,163671.0,1383039.853
2025-11-23 07:00:00,844.0,844.6,837.2,841.7,352810.0,2967009.518
2025-11-23 08:00:00,841.7,844.6,841.2,844.0,182922.0,1541601.027
2025-11-23 09:00:00,844.0,847.4,842.8,844.5,263018.0,2221773.965
2025-11-23 10:00:00,844.5,844.5,840.3,842.4,278068.0,2342821.077
2025-11-23 11:00:00,842.4,843.8,839.2,843.1,222548.0,1871857.401
2025-11-23 12:00:00,843.1,850.1,842.9,847.6,333523.0,2826840.297
2025-11-23 13:00:00,847.6,850.1,845.6,849.9,274224.0,2324684.361
2025-11-23 14:00:00,849.9,852.5,843.7,844.5,417295.0,3537266.53
2025-11-23 15:00:00,844.5,851.5,843.8,850.6,306279.0,2600458.102
2025-11-23 16:00:00,850.6,853.8,845.7,845.8,707420.0,6019111.931
2025-11-23 17:00:00,845.8,847.6,843.6,845.2,241953.0,2045725.677
2025-11-23 18:00:00,845.2,850.2,845.2,848.3,291422.0,2472195.977
2025-11-23 19:00:00,848.3,852.8,847.5,850.4,535093.0,4547621.178
2025-11-23 20:00:00,850.4,853.0,849.2,851.6,354284.0,3016000.772
2025-11-23 21:00:00,851.6,855.9,848.8,855.2,396429.0,3381161.425
2025-11-23 22:00:00,855.2,855.7,851.1,854.2,260085.0,2218878.439
2025-11-23 23:00:00,854.2,855.2,842.7,844.2,533083.0,4512782.162
2025-11-24 00:00:00,844.2,845.0,836.7,837.6,480771.0,4042063.546
2025-11-24 01:00:00,837.6,843.6,836.5,842.9,198055.0,1661885.672
2025-11-24 02:00:00,842.9,853.7,841.5,848.7,531854.0,4514055.241
2025-11-24 03:00:00,848.7,852.1,843.5,850.0,726562.0,6159817.568
2025-11-24 04:00:00,850.0,853.0,839.7,845.3,426562.0,3599856.562
2025-11-24 05:00:00,845.3,859.2,844.8,854.4,473238.0,4041545.886
2025-11-24 06:00:00,854.4,855.0,848.7,854.2,447015.0,3805667.552
2025-11-24 07:00:00,854.2,858.5,852.4,854.5,324335.0,2773525.961
2025-11-24 08:00:00,854.5,857.3,853.1,856.2,478974.0,4093205.209
2025-11-24 09:00:00,856.2,856.2,841.3,842.7,403332.0,3415872.658
2025-11-24 10:00:00,842.7,846.0,842.3,843.6,173305.0,1462966.495
2025-11-24 11:00:00,843.6,845.2,841.0,843.1,116160.0,979164.294
2025-11-24 12:00:00,843.1,843.5,837.0,838.3,319643.0,2684490.789
2025-11-24 13:00:00,838.3,844.1,837.6,838.8,301649.0,2538405.207
2025-11-24 14:00:00,838.8,843.6,830.5,838.6,865034.0,7236075.113
2025-11-24 15:00:00,838.6,848.9,836.6,845.0,848184.0,7145557.493
2025-11-24 16:00:00,845.0,853.3,844.7,848.9,398001.0,3379154.159
2025-11-24 17:00:00,848.9,867.7,848.0,867.2,1182777.0,10173115.2553
2025-11-24 18:00:00,867.2,868.9,863.5,867.1,462236.0,4004184.368
2025-11-24 19:00:00,867.1,871.9,866.7,869.2,405525.0,3524274.6332
2025-11-24 20:00:00,869.2,877.1,869.2,874.1,385495.0,3370277.214
2025-11-24 21:00:00,874.1,874.1,866.3,868.1,511238.0,4450072.682
2025-11-24 22:00:00,868.1,871.7,864.9,866.1,311576.0,2704437.438
2025-11-24 23:00:00,866.1,867.2,864.0,865.4,186553.0,1614624.094
2025-11-25 00:00:00,865.4,866.8,860.8,865.2,189669.0,1638485.974
2025-11-25 01:00:00,865.2,867.6,861.3,861.4,200830.0,1736387.959
2025-11-25 02:00:00,861.4,863.2,857.0,862.7,200146.0,1720852.292
2025-11-25 03:00:00,862.7,865.1,859.7,861.2,57613.0,497182.212
2025-11-25 04:00:00,861.2,865.4,857.8,863.9,134494.0,1160952.169
2025-11-25 05:00:00,863.9,864.9,860.3,863.4,57527.0,496473.838
2025-11-25 06:00:00,863.4,865.3,858.6,861.0,101402.0,873129.229
2025-11-25 07:00:00,861.0,863.2,856.0,856.4,229459.0,1969903.38
2025-11-25 08:00:00,856.4,860.2,852.8,853.0,247285.0,2118812.363
2025-11-25 09:00:00,853.0,853.8,847.0,853.2,409138.0,3478910.432
2025-11-25 10:00:00,853.2,856.2,851.4,854.2,147054.0,1255233.703
2025-11-25 11:00:00,854.2,855.0,850.3,851.1,161054.0,1373803.515
2025-11-25 12:00:00,851.1,855.7,850.0,854.0,212280.0,1810901.949
2025-11-25 13:00:00,854.0,856.1,846.1,848.1,454171.0,3863794.695
2025-11-25 14:00:00,848.1,850.6,837.6,842.4,521501.0,4399288.659
2025-11-25 15:00:00,842.4,849.5,837.6,846.4,421372.0,3556399.168
2025-11-25 16:00:00,846.4,855.9,845.5,853.6,338343.0,2880381.782
2025-11-25 17:00:00,853.6,862.3,852.2,858.2,265609.0,2278573.132
2025-11-25 18:00:00,858.2,861.4,855.7,855.9,194817.0,1673143.558
2025-11-25 19:00:00,855.9,856.6,845.8,855.7,350774.0,2986874.629
2025-11-25 20:00:00,855.7,860.2,853.8,858.7,132187.0,1133049.929
2025-11-25 21:00:00,858.7,859.5,856.6,856.8,66298.0,568796.449
2025-11-25 22:00:00,856.8,864.3,851.4,862.5,178942.0,1534262.453
2025-11-25 23:00:00,862.5,868.1,861.4,863.1,205443.0,1776335.801
2025-11-26 00:00:00,863.1,866.8,862.2,864.3,86938.0,751934.781
2025-11-26 01:00:00,864.3,869.1,862.0,868.4,78249.0,677312.934
2025-11-26 02:00:00,868.4,870.4,865.7,866.0,122331.0,1062318.878
2025-11-26 03:00:00,866.0,867.5,859.7,860.4,117181.0,1010336.537
2025-11-26 04:00:00,860.4,862.0,858.3,859.2,165442.0,1422552.463
2025-11-26 05:00:00,859.2,863.3,859.0,861.6,101578.0,875226.133
2025-11-26 06:00:00,861.6,863.6,859.5,862.9,83126.0,715927.135
2025-11-26 07:00:00,862.9,863.4,859.2,860.9,72556.0,624975.765
2025-11-26 08:00:00,860.9,861.3,856.9,857.2,217060.0,1862500.212
2025-11-26 09:00:00,857.2,858.9,853.1,854.1,2706508.0,23141151.473
2025-11-26 10:00:00,854.1,859.1,853.8,859.1,326426.0,2796203.367
2025-11-26 11:00:00,859.1,859.1,856.6,858.2,56577.0,485305.603
2025-11-26 12:00:00,858.2,858.9,852.3,856.1,175088.0,1497145.642
2025-11-26 13:00:00,856.1,865.1,855.6,864.5,252459.0,2171019.892
2025-11-26 14:00:00,864.5,866.0,858.4,860.0,361341.0,3118161.311
2025-11-26 15:00:00,860.0,868.9,859.7,865.8,404435.0,3498169.081
2025-11-26 16:00:00,865.8,873.3,865.8,872.5,543030.0,4716741.684
2025-11-26 17:00:00,872.5,891.1,872.5,888.7,1135561.0,10013315.716
2025-11-26 18:00:00,888.7,895.6,888.7,895.4,529856.0,4727770.9695
2025-11-26 19:00:00,895.4,897.9,892.2,897.1,563827.0,5044094.6082
2025-11-26 20:00:00,897.1,897.8,891.2,892.9,228594.0,2045010.7368
2025-11-26 21:00:00,892.9,894.2,889.8,891.5,680018.0,6068277.2469
2025-11-26 22:00:00,891.5,894.6,891.5,893.4,189938.0,1695815.9687
2025-11-26 23:00:00,893.4,896.2,890.1,892.4,205099.0,1831416.1912
2025-11-27 00:00:00,892.4,895.9,889.8,893.8,181560.0,1619560.1237
2025-11-27 01:00:00,893.8,898.7,892.9,898.5,163122.0,1461216.6051
2025-11-27 02:00:00,898.5,905.2,896.4,897.7,406886.0,3665220.2381
2025-11-27 03:00:00,897.7,899.5,894.3,896.1,163136.0,1462799.4312
2025-11-27 04:00:00,896.1,899.6,895.7,896.2,109439.0,981625.303
2025-11-27 05:00:00,896.2,897.0,891.0,892.3,178467.0,1593442.1959
2025-11-27 06:00:00,892.3,895.8,892.2,894.7,415061.0,3714672.5627
2025-11-27 07:00:00,894.7,895.2,892.1,894.2,135722.0,1212987.025
2025-11-27 08:00:00,894.2,894.2,890.1,892.9,1662477.0,14822808.2622
2025-11-27 09:00:00,892.9,895.3,892.0,893.5,187600.0,1676521.3287
2025-11-27 10:00:00,893.5,896.4,891.6,894.6,191626.0,1712745.313
2025-11-27 11:00:00,894.6,894.8,891.1,892.8,84832.0,757320.6462
2025-11-27 12:00:00,892.8,894.4,885.7,885.9,163878.0,1458274.9239
2025-11-27 13:00:00,885.9,889.7,884.3,888.1,238942.0,2119058.005
2025-11-27 14:00:00,888.1,891.5,886.8,889.8,196562.0,1747884.637
2025-11-27 15:00:00,889.8,894.7,888.6,893.5,180825.0,1612692.4127
2025-11-27 16:00:00,893.5,895.3,890.5,894.9,173859.0,1553102.1339
2025-11-27 17:00:00,894.9,895.1,892.2,893.5,140186.0,1252809.186
2025-11-27 18:00:00,893.5,899.2,892.7,898.1,197046.0,1766938.5362
2025-11-27 19:00:00,898.1,898.2,894.9,897.0,195385.0,1752286.672
2025-11-27 20:00:00,897.0,898.8,896.5,898.1,184680.0,1657521.308
2025-11-27 21:00:00,898.1,899.1,895.8,896.7,116183.0,1042947.177
2025-11-27 22:00:00,896.7,898.3,891.6,893.7,211229.0,1890345.6697
2025-11-27 23:00:00,893.7,897.3,893.1,896.2,172212.0,1542084.8042
2025-11-28 00:00:00,896.2,900.1,894.4,899.7,102211.0,917580.7847
2025-11-28 01:00:00,899.7,900.2,890.3,892.2,130465.0,1166455.52
2025-11-28 02:00:00,892.2,897.4,889.7,896.1,146740.0,1310320.7448
2025-11-28 03:00:00,896.1,896.9,891.8,893.1,204594.0,1830797.4657
2025-11-28 04:00:00,893.1,896.9,892.5,895.6,80476.0,720250.927
2025-11-28 05:00:00,895.6,898.6,894.4,895.7,132308.0,1186120.7882
2025-11-28 06:00:00,895.7,896.0,888.7,889.5,149125.0,1329702.4339
2025-11-28 07:00:00,889.5,890.4,882.2,883.0,280944.0,2492526.231
2025-11-28 08:00:00,883.0,896.7,882.9,892.7,192606.0,1712311.8327
2025-11-28 09:00:00,892.7,896.3,891.4,895.5,164170.0,1467763.168
2025-11-28 10:00:00,895.5,898.9,893.4,898.4,131822.0,1181674.5192
2025-11-28 11:00:00,898.4,898.4,888.3,892.4,256137.0,2284334.7279
2025-11-28 12:00:00,892.4,893.6,889.7,890.1,69750.0,622053.643
2025-11-28 13:00:00,890.1,899.9,887.5,899.0,347732.0,3111185.9128
2025-11-28 14:00:00,899.0,904.1,894.0,898.8,651429.0,5859282.7872
2025-11-28 15:00:00,898.8,907.0,896.4,902.3,365560.0,3294679.0623
2025-11-28 16:00:00,902.3,902.5,884.3,884.7,301724.0,2694793.6068
2025-11-28 17:00:00,884.7,885.8,876.2,881.0,917874.0,8081178.026
2025-11-28 18:00:00,881.0,884.1,876.9,882.4,212826.0,1875179.173
2025-11-28 19:00:00,882.4,887.6,882.3,886.6,154591.0,1369203.088
2025-11-28 20:00:00,886.6,890.6,883.3,890.2,231469.0,2055517.796
2025-11-28 21:00:00,890.2,890.7,885.9,886.1,163180.0,1449523.55
2025-11-28 22:00:00,886.1,889.5,884.4,888.8,98617.0,874944.732
2025-11-28 23:00:00,888.8,889.9,887.5,887.6,109976.0,977541.995
2025-11-29 00:00:00,887.6,888.2,884.6,886.2,136288.0,1207917.292
2025-11-29 01:00:00,886.2,889.5,885.6,886.3,115058.0,1021001.996
2025-11-29 02:00:00,886.3,887.8,883.7,885.5,83645.0,740667.293
2025-11-29 03:00:00,885.5,887.0,883.9,884.4,94790.0,839641.939
2025-11-29 04:00:00,884.4,885.3,883.2,885.0,30592.0,270495.334
2025-11-29 05:00:00,885.0,885.0,881.6,881.8,84625.0,747182.966
2025-11-29 06:00:00,881.8,883.3,876.7,879.3,117865.0,1036803.601
2025-11-29 07:00:00,879.3,881.1,878.5,879.5,59078.0,519680.594
2025-11-29 08:00:00,879.5,881.3,878.4,880.4,104877.0,923123.24
2025-11-29 09:00:00,880.4,882.1,879.8,881.6,125207.0,1102913.73
2025-11-29 10:00:00,881.6,882.9,878.7,879.5,99066.0,872436.168
2025-11-29 11:00:00,879.5,880.2,877.9,879.1,184421.0,1621194.049
2025-11-29 12:00:00,879.1,880.0,876.4,877.6,130440.0,1144591.019
2025-11-29 13:00:00,877.6,879.2,875.5,878.4,155214.0,1361648.428
2025-11-29 14:00:00,878.4,878.6,875.9,876.1,143612.0,1260371.767
2025-11-29 15:00:00,876.1,882.2,876.0,881.4,177083.0,1558834.849
2025-11-29 16:00:00,881.4,882.2,879.5,881.8,161418.0,1422101.071
2025-11-29 17:00:00,881.8,882.0,873.2,873.3,508513.0,4460509.651
2025-11-29 18:00:00,873.3,874.8,868.7,874.3,339747.0,2962822.274
2025-11-29 19:00:00,874.3,875.1,872.9,873.6,71073.0,621303.863
2025-11-29 20:00:00,873.6,875.1,871.0,875.0,56689.0,494771.416
2025-11-29 21:00:00,875.0,876.2,872.3,875.7,143961.0,1259376.923
2025-11-29 22:00:00,875.7,875.8,873.3,873.5,97567.0,852713.04
2025-11-29 23:00:00,873.5,875.8,871.8,873.4,146861.0,1282916.806
2025-11-30 00:00:00,873.4,875.9,873.0,875.8,141638.0,1239344.168
2025-11-30 01:00:00,875.8,878.9,875.3,877.4,79109.0,694514.617
2025-11-30 02:00:00,877.4,879.2,874.2,874.3,91285.0,800486.881
2025-11-30 03:00:00,874.3,876.5,869.9,875.8,130681.0,1141166.642
2025-11-30 04:00:00,875.8,877.3,874.0,874.7,43652.0,382515.706
2025-11-30 05:00:00,874.7,874.7,870.6,871.7,72579.0,633064.077
2025-11-30 06:00:00,871.7,874.7,871.0,872.6,51364.0,448222.309
2025-11-30 07:00:00,872.6,875.9,872.4,875.1,57101.0,499405.077
2025-11-30 08:00:00,875.1,878.9,874.5,877.8,113377.0,994749.314
2025-11-30 09:00:00,877.8,879.8,877.2,879.5,171287.0,1504410.573
2025-11-30 10:00:00,879.5,880.1,876.8,877.5,129459.0,1136758.826
2025-11-30 11:00:00,877.5,879.2,876.1,877.2,108118.0,949156.729
2025-11-30 12:00:00,877.2,884.1,876.2,883.0,228098.0,2009705.933
2025-11-30 13:00:00,883.0,897.0,883.0,896.7,493980.0,4396253.1099
2025-11-30 14:00:00,896.7,898.4,890.5,894.4,489716.0,4379065.2776
2025-11-30 15:00:00,894.4,895.9,890.6,894.5,188020.0,1681388.7979
2025-11-30 16:00:00,894.5,900.5,894.2,899.6,227911.0,2047787.0088
2025-11-30 17:00:00,899.6,899.6,895.7,898.0,416075.0,3731644.7132
2025-11-30 18:00:00,898.0,898.0,893.2,896.2,351740.0,3149000.1577
2025-11-30 19:00:00,896.2,897.2,894.3,895.4,170070.0,1523024.8572
2025-11-30 20:00:00,895.4,897.3,893.3,895.7,229463.0,2055152.1087
2025-11-30 21:00:00,895.7,896.1,887.0,889.2,417395.0,3720431.3882
2025-11-30 22:00:00,889.2,890.3,885.7,888.5,329841.0,2931630.672
2025-11-30 23:00:00,888.5,888.8,874.1,875.5,369277.0,3254358.314
2025-12-01 00:00:00,875.5,877.4,834.1,834.5,1435361.0,12275571.895
2025-12-01 01:00:00,834.5,844.8,833.9,837.8,382233.0,3210709.983
2025-12-01 02:00:00,837.8,842.3,834.5,835.6,264119.0,2214069.33
2025-12-01 03:00:00,835.6,836.9,827.3,829.5,272579.0,2266566.024
2025-12-01 04:00:00,829.5,829.5,822.0,823.1,135532.0,1118465.411
2025-12-01 05:00:00,823.1,824.8,820.8,823.3,255533.0,2103512.174
2025-12-01 06:00:00,823.3,830.0,822.7,828.0,214270.0,1769192.797
2025-12-01 07:00:00,828.0,832.6,825.5,832.3,197152.0,1637547.952
2025-12-01 08:00:00,832.3,833.0,827.4,829.7,150720.0,1251009.157
2025-12-01 09:00:00,829.7,832.2,823.0,823.6,174690.0,1442510.097
2025-12-01 10:00:00,823.6,827.6,823.6,827.6,133775.0,1104355.412
2025-12-01 11:00:00,827.6,827.7,823.3,824.6,293932.0,2426427.408
2025-12-01 12:00:00,824.6,824.7,814.1,821.2,437647.0,3592361.602
2025-12-01 13:00:00,821.2,825.9,815.3,816.5,175193.0,1434772.095
2025-12-01 14:00:00,816.5,825.0,815.8,819.6,273480.0,2242150.296
2025-12-01 15:00:00,819.6,820.3,801.9,811.7,661096.0,5358530.708
2025-12-01 16:00:00,811.7,816.3,808.5,810.1,193773.0,1572279.101
2025-12-01 17:00:00,810.1,816.4,810.1,812.7,174346.0,1418115.823
2025-12-01 18:00:00,812.7,818.8,812.1,817.5,162532.0,1325970.396
2025-12-01 19:00:00,817.5,817.6,811.4,814.3,341423.0,2780107.74
2025-12-01 20:00:00,814.3,821.2,814.3,816.7,399471.0,3265375.539
2025-12-01 21:00:00,816.7,824.8,816.7,823.1,248181.0,2037720.407
2025-12-01 22:00:00,823.1,830.8,823.0,826.9,291991.0,2417223.11
2025-12-01 23:00:00,826.9,831.9,826.6,826.9,116071.0,962154.586
2025-12-02 00:00:00,826.9,827.7,823.8,826.4,98753.0,815432.239
2025-12-02 01:00:00,826.4,833.9,825.9,828.7,75513.0,626990.351
2025-12-02 02:00:00,828.7,833.2,826.5,827.5,292085.0,2428390.904
2025-12-02 03:00:00,827.5,829.8,820.4,827.9,254416.0,2102852.473
2025-12-02 04:00:00,827.9,832.4,827.5,832.4,457939.0,3800290.096
2025-12-02 05:00:00,832.4,833.0,828.3,831.5,168184.0,1397925.233
2025-12-02 06:00:00,831.5,832.8,829.0,831.5,113626.0,944330.472
2025-12-02 07:00:00,831.5,831.5,828.4,830.6,86064.0,714397.559
2025-12-02 08:00:00,830.6,830.7,825.0,828.7,138970.0,1150768.791
2025-12-02 09:00:00,828.7,836.9,828.6,835.9,388770.0,3236082.013
2025-12-02 10:00:00,835.9,843.5,833.8,840.9,360377.0,3019847.399
2025-12-02 11:00:00,840.9,845.4,839.3,843.2,333649.0,2813214.906
2025-12-02 12:00:00,843.2,843.6,839.6,841.5,114894.0,966710.358
2025-12-02 13:00:00,841.5,846.7,839.5,845.6,195937.0,1653055.657
2025-12-02 14:00:00,845.6,859.9,844.9,859.1,436746.0,3724816.675
2025-12-02 15:00:00,859.1,875.0,858.3,871.3,846755.0,7360127.777
2025-12-02 16:00:00,871.3,876.0,865.7,873.0,787874.0,6851764.694
2025-12-02 17:00:00,873.0,881.4,871.4,877.1,719765.0,6317134.433
2025-12-02 18:00:00,877.1,885.5,877.1,881.3,2007465.0,17698372.232
2025-12-02 19:00:00,881.3,885.3,879.4,882.8,273912.0,2418241.297
2025-12-02 20:00:00,882.8,883.3,873.1,876.2,392482.0,3442109.033
2025-12-02 21:00:00,876.2,879.8,875.7,878.5,203378.0,1785677.174
2025-12-02 22:00:00,878.5,882.4,878.5,880.7,333242.0,2932064.662
2025-12-02 23:00:00,880.7,881.5,876.7,877.1,387663.0,3410344.366
2025-12-03 00:00:00,877.1,879.7,874.1,878.9,324250.0,2846102.431
2025-12-03 01:00:00,878.9,887.1,878.9,883.8,211158.0,1865256.793
2025-12-03 02:00:00,883.8,889.9,881.7,887.5,318262.0,2822507.466
2025-12-03 03:00:00,887.5,889.5,885.9,888.0,287507.0,2552470.164
2025-12-03 04:00:00,888.0,895.4,887.7,895.2,364605.0,3252327.0546
2025-12-03 05:00:00,895.2,902.7,894.3,902.1,330240.0,2967535.8621
2025-12-03 06:00:00,902.1,911.4,897.5,899.3,756401.0,6841377.5329
2025-12-03 07:00:00,899.3,900.2,894.9,897.1,409993.0,3677723.1102
2025-12-03 08:00:00,897.1,898.3,894.1,896.9,398135.0,3568557.183
2025-12-03 09:00:00,896.9,902.2,894.9,900.6,525578.0,4723562.7827
2025-12-03 10:00:00,900.6,901.6,895.4,897.2,504259.0,4531574.3932
2025-12-03 11:00:00,897.2,900.0,894.2,899.5,781183.0,7005501.3867
2025-12-03 12:00:00,899.5,904.1,898.6,901.8,265105.0,2389262.1247
2025-12-03 13:00:00,901.8,906.1,901.0,901.5,297476.0,2688303.0589
2025-12-03 14:00:00,901.5,906.6,888.4,896.3,1628271.0,14596825.5917
2025-12-03 15:00:00,896.3,901.7,891.8,897.9,247791.0,2221436.3837
2025-12-03 16:00:00,897.9,904.1,893.5,899.7,428075.0,3844909.118
2025-12-03 17:00:00,899.7,908.6,899.0,907.8,513751.0,4643721.901
2025-12-03 18:00:00,907.8,908.8,901.4,903.1,323469.0,2927601.8304
2025-12-03 19:00:00,903.1,907.9,902.6,907.5,461762.0,4177698.4212
2025-12-03 20:00:00,907.5,912.3,905.6,908.5,283076.0,2571721.5726
2025-12-03 21:00:00,908.5,919.2,907.8,917.3,585636.0,5362025.8496
2025-12-03 22:00:00,917.3,920.9,912.9,919.6,400774.0,3674762.3856
2025-12-03 23:00:00,919.6,923.2,917.5,921.3,497291.0,4573696.9726
2025-12-04 00:00:00,921.3,926.5,915.9,922.9,646713.0,5965719.1446
2025-12-04 01:00:00,922.9,929.0,920.0,920.5,219894.0,2032732.2663
2025-12-04 02:00:00,920.5,926.5,919.4,922.6,167892.0,1549746.4423
2025-12-04 03:00:00,922.6,923.4,916.7,917.3,118173.0,1086577.3664
2025-12-04 04:00:00,917.3,919.7,913.1,913.8,194753.0,1785214.0352
2025-12-04 05:00:00,913.8,914.1,907.1,908.9,138347.0,1259052.1574
2025-12-04 06:00:00,908.9,916.0,908.6,914.2,170726.0,1557478.4029
2025-12-04 07:00:00,914.2,914.5,910.3,911.3,531403.0,4846247.3227
2025-12-04 08:00:00,911.3,912.8,907.9,909.1,372711.0,3390182.2896
2025-12-04 09:00:00,909.1,913.7,909.0,911.3,394431.0,3593851.5337
2025-12-04 10:00:00,911.3,912.7,909.3,910.2,209534.0,1908941.6545
2025-12-04 11:00:00,910.2,911.5,907.6,909.3,139477.0,1268635.0732
2025-12-04 12:00:00,909.3,910.9,908.0,909.5,95717.0,870469.486
2025-12-04 13:00:00,909.5,910.1,903.1,903.9,260197.0,2357652.3926
2025-12-04 14:00:00,903.9,911.2,902.4,903.7,375144.0,3401091.19
2025-12-04 15:00:00,903.7,916.6,903.2,911.4,1006481.0,9145233.9049
2025-12-04 16:00:00,911.4,913.0,905.4,906.8,673381.0,6130545.5203
2025-12-04 17:00:00,906.8,907.3,899.7,906.2,307094.0,2775195.4998
2025-12-04 18:00:00,906.2,906.3,899.1,900.0,195791.0,1768009.6149
2025-12-04 19:00:00,900.0,900.9,887.7,899.0,567700.0,5081333.2017
2025-12-04 20:00:00,899.0,902.6,896.5,902.1,153799.0,1383486.7829
2025-12-04 21:00:00,902.1,903.3,897.6,897.9,101218.0,911660.9209
2025-12-04 22:00:00,897.9,904.9,897.9,902.6,324172.0,2924004.3067
2025-12-04 23:00:00,902.6,903.3,900.0,900.4,59113.0,532951.382
2025-12-05 00:00:00,900.4,905.0,899.8,903.3,178570.0,1611949.1425
2025-12-05 01:00:00,903.3,907.7,902.3,904.2,104267.0,943729.8021
2025-12-05 02:00:00,904.2,907.2,902.2,905.1,76365.0,690921.6109
2025-12-05 03:00:00,905.1,907.3,900.6,902.5,205013.0,1851367.0877
2025-12-05 04:00:00,902.5,906.1,901.0,902.9,184257.0,1665107.6079
2025-12-05 05:00:00,902.9,904.6,899.1,900.3,590648.0,5332816.1067
2025-12-05 06:00:00,900.3,905.1,900.3,904.8,96158.0,868692.9367
2025-12-05 07:00:00,904.8,908.6,901.9,902.4,200843.0,1817483.5538
2025-12-05 08:00:00,902.4,902.9,898.1,900.0,209329.0,1885340.9307
2025-12-05 09:00:00,900.0,900.3,890.0,891.7,210053.0,1877838.1431
2025-12-05 10:00:00,891.7,896.8,891.5,895.0,114150.0,1020596.4967
2025-12-05 11:00:00,895.0,896.4,890.8,894.6,85273.0,762474.4839
2025-12-05 12:00:00,894.6,894.6,892.0,893.3,81839.0,731296.208
2025-12-05 13:00:00,893.3,895.2,885.3,887.1,393833.0,3505912.3072
2025-12-05 14:00:00,887.1,891.4,885.4,888.4,194145.0,1724425.693
2025-12-05 15:00:00,888.4,901.0,887.6,889.5,841398.0,7504428.7756
2025-12-05 16:00:00,889.5,890.0,870.6,879.4,884453.0,7788504.4451
2025-12-05 17:00:00,879.4,884.6,876.6,883.5,259239.0,2280671.703
2025-12-05 18:00:00,883.5,888.2,877.6,878.2,553495.0,4879741.553
2025-12-05 19:00:00,878.2,885.9,875.3,884.1,228001.0,2010957.671
2025-12-05 20:00:00,884.1,885.7,880.4,881.0,115686.0,1020753.44
2025-12-05 21:00:00,881.0,883.7,879.8,881.1,117448.0,1035894.599
2025-12-05 22:00:00,881.1,885.0,878.9,883.2,127406.0,1122855.751
2025-12-05 23:00:00,883.2,884.9,879.1,884.2,60628.0,534836.25
2025-12-06 00:00:00,884.2,886.2,881.5,886.0,123946.0,1096049.916
2025-12-06 01:00:00,886.0,887.3,883.6,885.1,75514.0,669032.37
2025-12-06 02:00:00,885.1,885.4,882.1,885.2,57253.0,505725.324
2025-12-06 03:00:00,885.2,888.9,885.2,887.7,55188.0,489577.274
2025-12-06 04:00:00,887.7,888.5,884.2,884.6,77620.0,688008.948
2025-12-06 05:00:00,884.6,885.5,882.6,883.7,146900.0,1299002.83
2025-12-06 06:00:00,883.7,885.0,882.2,885.0,95636.0,845281.909
2025-12-06 07:00:00,885.0,886.8,883.5,885.1,131367.0,1162844.537
2025-12-06 08:00:00,885.1,885.2,878.4,878.6,224951.0,1982145.586
2025-12-06 09:00:00,878.6,883.9,878.5,883.2,116877.0,1031500.232
2025-12-06 10:00:00,883.2,885.2,882.3,883.9,323837.0,2860654.416
2025-12-06 11:00:00,883.9,885.5,883.4,884.0,434291.0,3842347.506
2025-12-06 12:00:00,884.0,885.7,883.4,884.2,95256.0,842656.703
2025-12-06 13:00:00,884.2,890.2,883.8,890.0,296105.0,2628486.378
2025-12-06 14:00:00,890.0,897.3,887.8,895.0,654762.0,5840245.7996
2025-12-06 15:00:00,895.0,895.2,888.7,890.5,761894.0,6801353.0961
2025-12-06 16:00:00,890.5,898.2,889.8,895.5,489539.0,4381172.8589
2025-12-06 17:00:00,895.5,895.7,891.9,894.0,298214.0,2664801.9937
2025-12-06 18:00:00,894.0,894.0,889.7,891.4,706500.0,6299941.6432
2025-12-06 19:00:00,891.4,892.3,888.4,889.7,208023.0,1851947.435
2025-12-06 20:00:00,889.7,895.3,889.7,894.7,515156.0,4594475.8797
2025-12-06 21:00:00,894.7,896.3,892.7,894.7,374580.0,3348687.94
2025-12-06 22:00:00,894.7,895.6,891.4,891.9,161599.0,1443168.931
2025-12-06 23:00:00,891.9,893.2,889.6,890.6,67635.0,602535.4002
2025-12-07 00:00:00,890.6,894.1,890.1,893.6,61392.0,547897.3837
2025-12-07 01:00:00,893.6,894.6,892.4,893.3,54449.0,486745.282
2025-12-07 02:00:00,893.3,897.2,893.2,896.6,65811.0,589367.6582
2025-12-07 03:00:00,896.6,898.5,895.0,898.2,127919.0,1147630.201
2025-12-07 04:00:00,898.2,898.4,895.5,896.1,99500.0,892713.304
2025-12-07 05:00:00,896.1,896.9,893.5,894.6,43075.0,385303.8397
2025-12-07 06:00:00,894.6,897.3,894.2,895.6,450656.0,4036420.2652
2025-12-07 07:00:00,895.6,896.0,891.3,891.7,98112.0,876276.3767
2025-12-07 08:00:00,891.7,893.8,889.3,891.4,148324.0,1322701.5712
2025-12-07 09:00:00,891.4,892.1,887.1,887.3,360813.0,3212831.008
2025-12-07 10:00:00,887.3,892.1,887.2,890.1,104573.0,930331.207
2025-12-07 11:00:00,890.1,891.5,887.8,888.4,200089.0,1780360.142
2025-12-07 12:00:00,888.4,894.3,888.0,893.6,173321.0,1544745.2247
2025-12-07 13:00:00,893.6,893.9,885.1,887.1,216151.0,1919304.3842
2025-12-07 14:00:00,887.1,887.9,870.7,874.1,676904.0,5935176.102
2025-12-07 15:00:00,874.1,892.7,871.1,890.8,609682.0,5381092.894
2025-12-07 16:00:00,890.8,895.1,887.1,895.0,255240.0,2272492.2207
2025-12-07 17:00:00,895.0,904.5,891.4,899.9,759140.0,6832553.9973
2025-12-07 18:00:00,899.9,906.5,899.9,902.3,388759.0,3512803.0096
2025-12-07 19:00:00,902.3,904.4,900.7,904.4,226491.0,2043423.666
2025-12-07 20:00:00,904.4,905.7,903.5,904.4,132274.0,1196573.3417
2025-12-07 21:00:00,904.4,904.4,893.8,896.8,474688.0,4274335.832
2025-12-07 22:00:00,896.8,896.9,881.5,889.7,596080.0,5297332.4997
2025-12-07 23:00:00,889.7,895.4,887.4,895.0,61743.0,550564.0987
2025-12-08 00:00:00,895.0,899.2,891.8,896.9,123020.0,1102851.6542
2025-12-08 01:00:00,896.9,910.6,896.5,902.8,474336.0,4293637.4412
2025-12-08 02:00:00,902.8,904.1,900.1,903.4,341666.0,3082980.635
2025-12-08 03:00:00,903.4,903.9,900.4,902.6,118804.0,1072164.036
2025-12-08 04:00:00,902.6,906.6,901.4,903.9,126722.0,1144801.4597
2025-12-08 05:00:00,903.9,904.0,901.0,903.0,291354.0,2630811.4632
2025-12-08 06:00:00,903.0,905.0,902.5,903.3,517931.0,4680087.464
2025-12-08 07:00:00,903.3,905.7,901.4,903.5,395320.0,3573328.9227
2025-12-08 08:00:00,903.5,908.4,903.1,907.0,1433825.0,12993121.9534
2025-12-08 09:00:00,907.0,912.9,906.9,910.5,561524.0,5106528.5603
2025-12-08 10:00:00,910.5,911.7,908.7,910.5,209793.0,1909825.701
2025-12-08 11:00:00,910.5,910.8,905.1,906.3,1035813.0,9409053.0494
2025-12-08 12:00:00,906.3,909.2,904.8,909.0,145383.0,1318121.6332
2025-12-08 13:00:00,909.0,911.9,907.3,910.8,263912.0,2401368.7971
2025-12-08 14:00:00,910.8,913.7,904.9,904.9,439387.0,3995435.3032
2025-12-08 15:00:00,904.9,907.5,896.9,897.1,392133.0,3534585.4813
2025-12-08 16:00:00,897.1,901.2,893.1,894.6,769554.0,6906999.4787
2025-12-08 17:00:00,894.6,898.1,890.5,896.8,373517.0,3335170.723
2025-12-08 18:00:00,896.8,898.9,889.7,891.5,597223.0,5354854.0288
2025-12-08 19:00:00,891.5,897.5,891.3,895.2,150952.0,1350273.0819
2025-12-08 20:00:00,895.2,902.4,895.1,901.2,135552.0,1219238.1917
2025-12-08 21:00:00,901.2,905.2,899.2,904.7,370359.0,3345489.5896
2025-12-08 22:00:00,904.7,904.8,898.3,899.9,119679.0,1077531.6037
2025-12-08 23:00:00,899.9,900.6,896.6,897.5,103404.0,930104.1432
2025-12-09 00:00:00,897.5,900.1,896.1,896.6,91650.0,823312.3389
2025-12-09 01:00:00,896.6,897.2,891.1,892.7,197251.0,1764491.0459
2025-12-09 02:00:00,892.7,895.5,891.5,892.0,82921.0,741068.9757
2025-12-09 03:00:00,892.0,895.3,888.5,894.4,163860.0,1460600.1449
2025-12-09 04:00:00,894.4,896.1,890.4,891.3,99061.0,884465.5812
2025-12-09 05:00:00,891.3,892.8,888.9,889.4,657628.0,5850776.408
2025-12-09 06:00:00,889.4,890.9,884.8,888.0,1186561.0,10548163.142
2025-12-09 07:00:00,888.0,890.4,887.5,889.5,464029.0,4125336.47
2025-12-09 08:00:00,889.5,889.7,886.6,888.1,167791.0,1490347.868
2025-12-09 09:00:00,888.1,888.4,885.4,886.3,212606.0,1884741.057
2025-12-09 10:00:00,886.3,888.7,884.1,887.3,1004476.0,8906177.492
2025-12-09 11:00:00,887.3,888.2,885.3,887.4,200783.0,1781658.549
2025-12-09 12:00:00,887.4,889.5,885.7,888.6,230066.0,2042401.901
2025-12-09 13:00:00,888.6,889.5,881.9,884.2,333018.0,2948099.241
2025-12-09 14:00:00,884.2,886.2,882.5,885.5,114100.0,1009253.114
2025-12-09 15:00:00,885.5,909.4,885.3,907.7,691174.0,6204303.5996
2025-12-09 16:00:00,907.7,927.5,907.7,923.8,883115.0,8106600.1989
2025-12-09 17:00:00,923.8,928.6,916.4,918.9,678228.0,6253742.2607
2025-12-09 18:00:00,918.9,921.4,915.4,917.5,191404.0,1758180.9257
2025-12-09 19:00:00,917.5,917.7,913.6,915.0,260002.0,2379145.6731
2025-12-09 20:00:00,915.0,915.1,904.7,909.0,239983.0,2181574.7648
2025-12-09 21:00:00,909.0,910.2,894.3,900.1,207276.0,1868496.05
2025-12-09 22:00:00,900.1,904.9,900.0,903.3,113887.0,1028080.4397
2025-12-09 23:00:00,903.3,903.3,897.7,897.8,112711.0,1015370.0646
2025-12-10 00:00:00,897.8,899.2,891.5,891.8,333371.0,2988398.0879
2025-12-10 01:00:00,891.8,893.0,887.8,891.0,191772.0,1706681.8662
2025-12-10 02:00:00,891.0,893.7,888.7,891.0,121019.0,1077805.088
2025-12-10 03:00:00,891.0,892.2,889.9,890.8,1531745.0,13654924.597
2025-12-10 04:00:00,890.8,893.2,889.3,890.4,118118.0,1052833.584
2025-12-10 05:00:00,890.4,893.6,889.4,893.1,270780.0,2416786.564
2025-12-10 06:00:00,893.1,896.6,892.2,894.4,126734.0,1133389.1507
2025-12-10 07:00:00,894.4,894.4,891.3,894.1,667924.0,5966564.537
2025-12-10 08:00:00,894.1,895.2,892.1,892.2,104837.0,936575.188
2025-12-10 09:00:00,892.2,894.3,889.7,893.0,273831.0,2444000.4099
2025-12-10 10:00:00,893.0,896.3,887.3,887.9,806406.0,7194535.1972
2025-12-10 11:00:00,887.9,889.4,883.9,886.7,970233.0,8602023.53
2025-12-10 12:00:00,886.7,888.1,884.2,887.9,499788.0,4426449.488
2025-12-10 13:00:00,887.9,892.1,887.7,891.4,1208835.0,10764068.255
2025-12-10 14:00:00,891.4,892.0,887.6,890.1,108199.0,962895.897
2025-12-10 15:00:00,890.1,892.6,887.5,891.6,1301136.0,11585745.93
2025-12-10 16:00:00,891.6,898.2,890.0,896.9,291664.0,2609324.8208
2025-12-10 17:00:00,896.9,897.9,893.9,896.6,116052.0,1039849.1899
2025-12-10 18:00:00,896.6,903.4,894.3,899.1,279824.0,2513557.2743
2025-12-10 19:00:00,899.1,905.7,892.9,902.4,545039.0,4906056.7663
2025-12-10 20:00:00,902.4,915.8,897.9,899.5,628224.0,5693477.892
2025-12-10 21:00:00,899.5,903.0,894.7,897.6,312837.0,2812521.505
2025-12-10 22:00:00,897.6,901.1,891.0,898.7,228366.0,2045919.8004
2025-12-10 23:00:00,898.7,901.5,893.5,893.8,153468.0,1377367.5079
2025-12-11 00:00:00,893.8,895.2,881.3,883.9,208057.0,1845022.5772
2025-12-11 01:00:00,883.9,884.4,873.8,876.7,400623.0,3518257.375
2025-12-11 02:00:00,876.7,877.0,863.9,867.2,315274.0,2739795.596
2025-12-11 03:00:00,867.2,869.9,861.8,868.4,215103.0,1861181.785
2025-12-11 04:00:00,868.4,872.0,865.0,871.2,135561.0,1177954.989
2025-12-11 05:00:00,871.2,873.9,867.2,872.5,85950.0,748342.431
2025-12-11 06:00:00,872.5,873.0,868.4,870.2,141217.0,1229372.17
2025-12-11 07:00:00,870.2,871.2,866.3,867.0,140089.0,1216353.88
2025-12-11 08:00:00,867.0,867.1,862.4,865.3,177567.0,1534388.138
2025-12-11 09:00:00,865.3,868.5,864.6,866.8,161721.0,1401302.481
2025-12-11 10:00:00,866.8,867.8,865.0,865.8,110136.0,954096.947
2025-12-11 11:00:00,865.8,868.9,865.4,866.4,85051.0,737544.303
2025-12-11 12:00:00,866.4,868.3,864.4,866.4,89402.0,774364.584
2025-12-11 13:00:00,866.4,868.7,866.0,867.7,85389.0,740597.332
2025-12-11 14:00:00,867.7,869.0,859.2,861.8,257950.0,2230370.7903
2025-12-11 15:00:00,861.8,871.1,860.7,865.7,202170.0,1751126.3322
2025-12-11 16:00:00,865.7,869.5,861.0,866.5,263790.0,2282987.384
2025-12-11 17:00:00,866.5,871.4,865.5,869.2,133005.0,1156132.815
2025-12-11 18:00:00,869.2,881.5,868.6,875.5,345385.0,3024938.247
2025-12-11 19:00:00,875.5,881.0,873.7,876.1,248504.0,2180121.897
2025-12-11 20:00:00,876.1,881.2,876.0,880.9,131201.0,1152966.696
2025-12-11 21:00:00,880.9,891.8,879.8,888.7,464854.0,4118652.144
2025-12-11 22:00:00,888.7,890.8,883.8,884.5,266405.0,2362787.887
2025-12-11 23:00:00,884.5,888.9,883.4,886.3,72822.0,645320.162
2025-12-12 00:00:00,886.3,888.5,880.5,880.5,98801.0,873473.102
2025-12-12 01:00:00,880.5,889.6,880.5,886.9,69623.0,617356.88
2025-12-12 02:00:00,886.9,893.1,886.3,893.1,111738.0,994811.717
2025-12-12 03:00:00,893.1,896.5,890.2,892.9,188231.0,1681305.6329
2025-12-12 04:00:00,892.9,893.2,888.9,889.5,53952.0,480321.216
2025-12-12 05:00:00,889.5,891.9,886.5,891.3,161098.0,1430745.296
2025-12-12 06:00:00,891.3,894.6,891.3,891.6,127122.0,1135263.2797
2025-12-12 07:00:00,891.6,891.9,889.0,889.6,135669.0,1207645.3012
2025-12-12 08:00:00,889.6,889.8,885.4,887.0,447365.0,3974520.831
2025-12-12 09:00:00,887.0,888.1,885.3,887.8,112522.0,997697.513
2025-12-12 10:00:00,887.8,888.5,885.2,885.4,358351.0,3176630.454
2025-12-12 11:00:00,885.4,886.5,884.0,886.5,109840.0,972394.655
2025-12-12 12:00:00,886.5,888.3,885.4,888.2,353134.0,3130538.16
2025-12-12 13:00:00,888.2,889.3,886.8,888.0,136684.0,1213903.724
2025-12-12 14:00:00,888.0,892.6,887.4,891.7,514534.0,4579297.385
2025-12-12 15:00:00,891.7,891.7,872.7,874.5,593860.0,5238238.903
2025-12-12 16:00:00,874.5,879.7,870.8,876.1,319821.0,2799981.317
2025-12-12 17:00:00,876.1,880.5,874.1,875.6,191261.0,1677563.893
2025-12-12 18:00:00,875.6,882.2,874.7,880.3,181424.0,1595460.586
2025-12-12 19:00:00,880.3,880.3,875.3,877.6,74363.0,652244.44
2025-12-12 20:00:00,877.6,878.4,875.4,877.4,59560.0,522251.517
2025-12-12 21:00:00,877.4,880.1,876.6,878.8,106142.0,932674.525
2025-12-12 22:00:00,878.8,882.3,878.6,882.0,106825.0,941548.067
2025-12-12 23:00:00,882.0,883.1,881.6,881.8,5149845.0,45443643.188
2025-12-13 00:00:00,881.8,883.9,881.1,881.5,129200.0,1140099.073
2025-12-13 01:00:00,881.5,882.9,880.7,882.4,2012661.0,17741082.442
2025-12-13 02:00:00,882.4,885.9,882.4,884.5,499710.0,4415081.277
2025-12-13 03:00:00,884.5,888.1,884.2,887.9,179942.0,1595990.38
2025-12-13 04:00:00,887.9,888.4,885.9,887.0,79704.0,707211.021
2025-12-13 05:00:00,887.0,887.8,885.4,886.4,935177.0,8286488.109
2025-12-13 06:00:00,886.4,888.8,884.2,888.8,558397.0,4951609.057
2025-12-13 07:00:00,888.8,889.8,886.5,886.9,525995.0,4665740.917
2025-12-13 08:00:00,886.9,890.4,886.3,889.6,150954.0,1341232.512
2025-12-13 09:00:00,889.6,890.5,888.3,890.0,822911.0,7323042.334
2025-12-13 10:00:00,890.0,894.7,889.2,893.4,201496.0,1798232.4487
2025-12-13 11:00:00,893.4,893.9,891.7,892.8,896767.0,8010113.906
2025-12-13 12:00:00,892.8,894.8,891.6,892.1,379321.0,3388899.999
2025-12-13 13:00:00,892.1,894.3,891.7,892.6,214963.0,1919204.289
2025-12-13 14:00:00,892.6,893.6,887.4,891.8,358452.0,3191096.9472
2025-12-13 15:00:00,891.8,900.7,891.8,899.7,657049.0,5902161.4236
2025-12-13 16:00:00,899.7,905.0,897.5,898.3,1402244.0,12648367.2394
2025-12-13 17:00:00,898.3,899.0,895.4,896.4,328057.0,2942027.4022
2025-12-13 18:00:00,896.4,897.6,891.7,892.6,298346.0,2668389.9917
2025-12-13 19:00:00,892.6,895.7,892.5,894.2,143452.0,1281933.068
2025-12-13 20:00:00,894.2,896.8,894.0,894.3,3733157.0,33437126.362
2025-12-13 21:00:00,894.3,895.3,888.5,894.8,660509.0,5884532.0119
2025-12-13 22:00:00,894.8,897.5,893.9,896.2,231674.0,2076342.3082
2025-12-13 23:00:00,896.2,898.1,895.5,897.5,136753.0,1225940.349
2025-12-14 00:00:00,897.5,900.2,896.0,897.2,169282.0,1521330.0767
2025-12-14 01:00:00,897.2,899.1,895.8,896.5,235516.0,2112519.3672
2025-12-14 02:00:00,896.5,897.3,894.7,896.9,150053.0,1344883.67
2025-12-14 03:00:00,896.9,897.6,895.8,896.1,45880.0,411337.531
2025-12-14 04:00:00,896.1,897.3,894.5,895.2,118968.0,1065232.957
2025-12-14 05:00:00,895.2,895.2,892.6,894.6,867393.0,7755287.5057
2025-12-14 06:00:00,894.6,895.2,893.0,893.9,6312156.0,56426316.192
2025-12-14 07:00:00,893.9,897.1,893.1,896.6,1513493.0,13529968.3862
2025-12-14 08:00:00,896.6,899.1,896.6,897.6,523334.0,4698530.362
2025-12-14 09:00:00,897.6,898.0,895.3,895.4,2960795.0,26540099.805
2025-12-14 10:00:00,895.4,895.5,890.7,893.8,1052370.0,9398141.5896
2025-12-14 11:00:00,893.8,893.8,884.6,889.2,642387.0,5713400.3922
2025-12-14 12:00:00,889.2,894.8,886.9,892.5,440569.0,3928874.3417
2025-12-14 13:00:00,892.5,892.6,888.0,892.3,3418882.0,30425127.3762
2025-12-14 14:00:00,892.3,895.6,886.3,888.8,2371045.0,21157246.0479
2025-12-14 15:00:00,888.8,888.9,883.5,887.0,22351643.0,198157066.441
2025-12-14 16:00:00,887.0,889.4,884.2,886.8,680260.0,6033936.218
2025-12-14 17:00:00,886.8,887.9,881.2,883.3,278122.0,2457673.19
2025-12-14 18:00:00,883.3,886.5,882.3,886.4,140109.0,1239438.214
2025-12-14 19:00:00,886.4,886.4,881.7,883.7,132788.0,1173325.154
2025-12-14 20:00:00,883.7,885.4,880.5,882.5,259913.0,2295345.639
2025-12-14 21:00:00,882.5,884.5,879.2,880.1,698505.0,6164161.156
2025-12-14 22:00:00,880.1,882.5,875.0,879.0,337090.0,2957619.001
2025-12-14 23:00:00,879.0,880.5,870.5,877.6,542646.0,4746385.373
2025-12-15 00:00:00,877.6,883.6,876.7,883.2,339191.0,2986320.761
2025-12-15 01:00:00,883.2,889.4,880.8,888.3,238454.0,2110615.854
2025-12-15 02:00:00,888.3,896.2,888.0,889.4,643497.0,5733331.4199
2025-12-15 03:00:00,889.4,891.2,888.1,889.6,63010.0,560464.867
2025-12-15 04:00:00,889.6,891.1,887.4,889.9,52556.0,467404.108
2025-12-15 05:00:00,889.9,890.9,888.2,888.8,36189.0,321885.086
2025-12-15 06:00:00,888.8,892.1,887.4,891.1,1034365.0,9190400.743
2025-12-15 07:00:00,891.1,892.2,888.0,889.9,363753.0,3234619.204
2025-12-15 08:00:00,889.9,890.9,888.1,890.0,338412.0,3009755.639
2025-12-15 09:00:00,890.0,892.9,889.9,891.8,1346084.0,11990361.562
2025-12-15 10:00:00,891.8,893.9,890.4,890.8,174042.0,1551196.683
2025-12-15 11:00:00,890.8,891.3,887.5,888.4,374427.0,3329904.452
2025-12-15 12:00:00,888.4,889.8,886.2,889.2,515347.0,4571531.875
2025-12-15 13:00:00,889.2,889.6,885.7,887.5,603312.0,5356781.365
2025-12-15 14:00:00,887.5,891.0,869.3,871.8,1476743.0,13033986.652
2025-12-15 15:00:00,871.8,871.9,852.2,859.2,2102852.0,18133381.554
2025-12-15 16:00:00,859.2,860.0,848.3,852.5,510466.0,4361492.694
2025-12-15 17:00:00,852.5,853.2,842.3,844.7,324828.0,2753354.01
2025-12-15 18:00:00,844.7,851.6,840.9,851.1,299294.0,2531949.595
2025-12-15 19:00:00,851.1,855.1,848.7,850.0,170955.0,1457045.94
2025-12-15 20:00:00,850.0,850.1,844.6,846.3,101656.0,861243.025
2025-12-15 21:00:00,846.3,853.4,845.7,853.2,194413.0,1653892.581
2025-12-15 22:00:00,853.2,854.1,850.5,854.1,138395.0,1180013.357
2025-12-15 23:00:00,854.1,859.2,854.1,858.7,300060.0,2570369.706
2025-12-16 00:00:00,858.7,858.7,852.6,852.7,116518.0,997120.959
2025-12-16 01:00:00,852.7,857.1,851.8,854.6,125531.0,1072482.62
2025-12-16 02:00:00,854.6,858.6,851.7,856.2,108414.0,928737.764
2025-12-16 03:00:00,856.2,857.2,850.6,855.5,69681.0,594942.399
2025-12-16 04:00:00,855.5,856.8,847.5,854.8,311297.0,2653700.534
2025-12-16 05:00:00,854.8,857.2,853.6,857.0,71604.0,612534.343
2025-12-16 06:00:00,857.0,866.3,856.8,865.9,338398.0,2920290.906
2025-12-16 07:00:00,865.9,866.4,859.4,860.2,245753.0,2117616.507
2025-12-16 08:00:00,860.2,862.3,857.4,858.7,90411.0,777267.696
2025-12-16 09:00:00,858.7,862.2,858.3,860.2,68670.0,590518.924
2025-12-16 10:00:00,860.2,865.8,859.4,862.6,211638.0,1826415.396
2025-12-16 11:00:00,862.6,866.7,862.3,866.1,89066.0,769682.109
2025-12-16 12:00:00,866.1,870.3,865.9,868.8,234650.0,2036585.161
2025-12-16 13:00:00,868.8,871.9,862.0,862.2,288857.0,2504428.576
2025-12-16 14:00:00,862.2,874.5,859.1,872.2,345218.0,2994384.907
2025-12-16 15:00:00,872.2,878.7,868.6,876.8,223394.0,1950298.116
2025-12-16 16:00:00,876.8,876.9,870.4,871.4,287594.0,2510606.087
2025-12-16 17:00:00,871.4,873.0,867.5,867.6,199821.0,1739718.745
2025-12-16 18:00:00,867.6,873.9,866.8,871.8,122494.0,1065310.667
2025-12-16 19:00:00,871.8,872.6,867.4,870.9,190733.0,1658646.121
2025-12-16 20:00:00,870.9,872.8,869.4,870.8,64853.0,565061.235
2025-12-16 21:00:00,870.8,873.8,869.7,873.1,103851.0,905020.997
2025-12-16 22:00:00,873.1,875.4,872.0,874.2,56475.0,493548.482
2025-12-16 23:00:00,874.2,876.2,872.6,876.1,71103.0,621369.11
2025-12-17 00:00:00,876.1,876.2,870.9,871.5,101451.0,885704.911
2025-12-17 01:00:00,871.5,875.3,870.5,871.5,43152.0,376554.691
2025-12-17 02:00:00,871.5,871.5,865.3,868.1,99254.0,861505.555
2025-12-17 03:00:00,868.1,868.9,862.6,863.7,149656.0,1294205.745
2025-12-17 04:00:00,863.7,863.9,859.2,859.5,177803.0,1530993.003
2025-12-17 05:00:00,859.5,860.8,855.6,859.2,175199.0,1503586.188
2025-12-17 06:00:00,859.2,868.7,858.8,866.1,259216.0,2237358.733
2025-12-17 07:00:00,866.1,871.5,865.3,868.5,240948.0,2093345.08
2025-12-17 08:00:00,868.5,868.5,862.6,862.9,214108.0,1852993.086
2025-12-17 09:00:00,862.9,865.1,860.6,860.6,154989.0,1338034.561
2025-12-17 10:00:00,860.6,861.5,856.0,856.8,658815.0,5653079.016
2025-12-17 11:00:00,856.8,861.1,856.4,860.0,179520.0,1542462.788
2025-12-17 12:00:00,860.0,861.3,857.5,861.0,120158.0,1032655.621
2025-12-17 13:00:00,861.0,865.1,857.9,863.0,247253.0,2130600.335
2025-12-17 14:00:00,863.0,869.8,855.1,869.8,644056.0,5554157.44
2025-12-17 15:00:00,869.8,876.5,853.1,854.0,720484.0,6246656.57
2025-12-17 16:00:00,854.0,858.3,840.1,847.5,542568.0,4599424.726
2025-12-17 17:00:00,847.5,849.9,842.6,843.8,282606.0,2391635.707
2025-12-17 18:00:00,843.8,847.0,836.8,838.0,387225.0,3256684.1576
2025-12-17 19:00:00,838.0,841.3,833.6,841.0,230651.0,1932538.209
2025-12-17 20:00:00,841.0,844.9,839.2,842.4,94023.0,792028.698
2025-12-17 21:00:00,842.4,843.3,837.5,838.7,101142.0,849481.331
2025-12-17 22:00:00,838.7,843.9,837.0,843.9,78887.0,662542.144
2025-12-17 23:00:00,843.9,843.9,840.7,843.0,43895.0,369620.905
2025-12-18 00:00:00,843.0,846.0,840.9,845.7,49302.0,416223.835
2025-12-18 01:00:00,845.7,845.7,839.4,841.5,114066.0,959121.537
2025-12-18 02:00:00,841.5,846.8,840.2,845.4,70936.0,599693.6615
2025-12-18 03:00:00,845.4,845.5,833.1,836.8,214827.0,1799563.812
2025-12-18 04:00:00,836.8,839.6,836.1,836.2,90195.0,755599.993
2025-12-18 05:00:00,836.2,836.7,829.8,831.6,242144.0,2015234.8537
2025-12-18 06:00:00,831.6,835.3,830.8,834.7,75386.0,628624.88
2025-12-18 07:00:00,834.7,835.9,832.6,833.7,49387.0,412104.527
2025-12-18 08:00:00,833.7,837.3,832.6,835.9,175369.0,1465735.34
2025-12-18 09:00:00,835.9,839.6,834.2,838.9,199218.0,1666402.9906
2025-12-18 10:00:00,838.9,841.6,837.6,840.0,289313.0,2429773.61
2025-12-18 11:00:00,840.0,840.0,837.0,839.5,311689.0,2613785.821
2025-12-18 12:00:00,839.5,841.0,837.2,838.8,217489.0,1824780.365
2025-12-18 13:00:00,838.8,852.4,838.8,848.8,812686.0,6874733.513
2025-12-18 14:00:00,848.8,853.6,838.0,843.8,475274.0,4007267.34
2025-12-18 15:00:00,843.8,850.9,840.0,848.4,192297.0,1627203.833
2025-12-18 16:00:00,848.4,848.7,844.1,845.5,168699.0,1428130.969
2025-12-18 17:00:00,845.5,845.6,818.8,831.8,534349.0,4427722.735
2025-12-18 18:00:00,831.8,839.1,830.2,831.9,172822.0,1441968.405
2025-12-18 19:00:00,831.9,832.6,818.5,820.6,217871.0,1798675.972
2025-12-18 20:00:00,820.6,826.7,820.1,821.0,316254.0,2603348.009
2025-12-18 21:00:00,821.0,830.7,821.0,830.2,224714.0,1857096.084
2025-12-18 22:00:00,830.2,832.0,828.6,831.9,68686.0,570423.958
2025-12-18 23:00:00,831.9,832.0,828.3,830.1,203566.0,1689385.181
2025-12-19 00:00:00,830.1,832.8,828.0,831.2,176913.0,1469268.255
2025-12-19 01:00:00,831.2,831.2,823.6,825.3,56714.0,468413.586
2025-12-19 02:00:00,825.3,828.7,822.3,826.9,80316.0,661864.611
2025-12-19 03:00:00,826.9,841.8,826.4,837.6,211646.0,1769799.324
2025-12-19 04:00:00,837.6,840.9,835.8,837.3,76942.0,644804.76
2025-12-19 05:00:00,837.3,839.5,835.7,839.5,43693.0,365869.188
2025-12-19 06:00:00,839.5,844.0,838.2,843.9,49011.0,411962.377
2025-12-19 07:00:00,843.9,850.3,842.3,843.3,170547.0,1441950.764
2025-12-19 08:00:00,843.3,846.1,842.5,845.2,69349.0,585582.319
2025-12-19 09:00:00,845.2,847.3,843.5,845.7,50755.0,429063.807
2025-12-19 10:00:00,845.7,847.1,843.5,845.3,89683.0,757705.565
2025-12-19 11:00:00,845.3,849.6,845.0,849.4,84358.0,715696.181
2025-12-19 12:00:00,849.4,849.6,845.7,845.9,106065.0,898950.71
2025-12-19 13:00:00,845.9,848.5,845.9,848.1,52507.0,444820.66
2025-12-19 14:00:00,848.1,850.8,844.2,848.6,234867.0,1990242.396
2025-12-19 15:00:00,848.6,855.2,844.7,846.7,335791.0,2848816.284
2025-12-19 16:00:00,846.7,853.7,846.2,848.7,266448.0,2264004.615
2025-12-19 17:00:00,848.7,851.0,843.9,845.4,192353.0,1630877.617
2025-12-19 18:00:00,845.4,851.3,845.4,849.8,70332.0,596689.96
2025-12-19 19:00:00,849.8,858.3,849.8,856.6,223254.0,1906664.697
2025-12-19 20:00:00,856.6,862.9,855.0,860.9,115309.0,990797.502
2025-12-19 21:00:00,860.9,861.1,854.8,855.3,224718.0,1927374.303
2025-12-19 22:00:00,855.3,857.8,855.3,856.8,92781.0,795036.452
2025-12-19 23:00:00,856.8,857.6,855.2,856.7,48413.0,414459.694
2025-12-20 00:00:00,856.7,857.8,854.4,854.8,121290.0,1038373.429
2025-12-20 01:00:00,854.8,854.8,852.9,853.3,34937.0,298256.747
2025-12-20 02:00:00,853.3,857.3,853.0,856.3,30097.0,257450.063
2025-12-20 03:00:00,856.3,860.1,856.2,858.8,38345.0,329105.228
2025-12-20 04:00:00,858.8,859.0,854.6,854.8,47472.0,406908.103
2025-12-20 05:00:00,854.8,856.3,852.9,854.8,51464.0,439833.097
2025-12-20 06:00:00,854.8,855.7,853.4,854.3,83159.0,710818.048
2025-12-20 07:00:00,854.3,854.9,853.0,854.3,22612.0,193161.881
2025-12-20 08:00:00,854.3,857.0,853.9,854.2,33960.0,290598.438
2025-12-20 09:00:00,854.2,854.6,853.6,853.7,24761.0,211463.63
2025-12-20 10:00:00,853.7,853.8,851.3,853.0,69930.0,595806.484
2025-12-20 11:00:00,853.0,854.1,851.8,854.1,48497.0,413971.377
2025-12-20 12:00:00,854.1,854.1,853.2,853.7,38989.0,332764.781
2025-12-20 13:00:00,853.7,854.1,851.8,853.6,72891.0,621705.207
2025-12-20 14:00:00,853.6,853.7,851.7,853.4,51194.0,436539.075
2025-12-20 15:00:00,853.4,854.1,852.0,854.1,79571.0,678734.958
2025-12-20 16:00:00,854.1,854.1,853.3,854.1,124211.0,1060769.097
2025-12-20 17:00:00,854.1,854.9,853.4,853.8,160170.0,1368015.263
2025-12-20 18:00:00,853.8,854.6,852.8,853.7,35080.0,299474.257
2025-12-20 19:00:00,853.7,854.0,853.0,853.5,16059.0,137085.361
2025-12-20 20:00:00,853.5,854.1,852.9,853.6,36053.0,307681.094
2025-12-20 21:00:00,853.6,853.9,852.9,852.9,27026.0,230639.621
2025-12-20 22:00:00,852.9,853.6,851.5,853.1,46661.0,397633.093
2025-12-20 23:00:00,853.1,855.7,852.3,854.6,107363.0,916593.686
2025-12-21 00:00:00,854.6,855.7,853.9,854.8,69654.0,595388.591
2025-12-21 01:00:00,854.8,854.8,851.7,852.3,54232.0,462335.547
2025-12-21 02:00:00,852.3,853.2,847.1,848.1,132331.0,1123179.614
2025-12-21 03:00:00,848.1,851.5,847.6,850.7,71690.0,609360.61
2025-12-21 04:00:00,850.7,851.3,848.8,849.1,132275.0,1124457.511
2025-12-21 05:00:00,849.1,850.4,848.5,849.0,80300.0,682064.169
2025-12-21 06:00:00,849.0,850.9,848.7,850.3,26546.0,225713.593
2025-12-21 07:00:00,850.3,850.7,848.9,850.3,75757.0,643870.548
2025-12-21 08:00:00,850.3,856.4,849.3,854.4,133235.0,1137652.372
2025-12-21 09:00:00,854.4,858.5,853.1,857.2,123682.0,1058009.116
2025-12-21 10:00:00,857.2,860.3,855.4,856.5,147803.0,1267419.309
2025-12-21 11:00:00,856.5,858.5,856.0,857.5,81457.0,698405.187
2025-12-21 12:00:00,857.5,860.2,856.7,859.1,178846.0,1534976.881
2025-12-21 13:00:00,859.1,859.2,846.0,847.3,305028.0,2597954.817
2025-12-21 14:00:00,847.3,851.1,846.6,850.7,97666.0,829844.073
2025-12-21 15:00:00,850.7,850.7,846.6,849.0,74334.0,630512.649
2025-12-21 16:00:00,849.0,852.5,846.9,852.5,50927.0,432725.307
2025-12-21 17:00:00,852.5,856.6,852.1,853.8,141087.0,1205615.314
2025-12-21 18:00:00,853.8,854.0,851.3,853.4,94879.0,808809.275
2025-12-21 19:00:00,853.4,857.2,853.4,856.1,135218.0,1156541.111
2025-12-21 20:00:00,856.1,857.0,854.1,854.4,33266.0,284575.304
2025-12-21 21:00:00,854.4,855.5,851.7,852.0,86955.0,742104.338
2025-12-21 22:00:00,852.0,857.6,852.0,857.0,71307.0,609794.688
2025-12-21 23:00:00,857.0,860.2,856.2,859.1,133694.0,1147124.138
2025-12-22 00:00:00,859.1,868.3,859.0,860.1,292409.0,2523668.945
2025-12-22 01:00:00,860.1,864.2,858.3,858.3,224322.0,1930468.767
2025-12-22 02:00:00,858.3,858.7,851.6,856.2,137040.0,1171564.501
2025-12-22 03:00:00,856.2,858.1,854.5,856.5,47227.0,404536.345
2025-12-22 04:00:00,856.5,860.2,855.4,859.8,60413.0,518479.88
2025-12-22 05:00:00,859.8,860.1,856.6,857.5,100896.0,865952.828
2025-12-22 06:00:00,857.5,861.2,856.9,859.6,110877.0,952427.182
2025-12-22 07:00:00,859.6,861.5,858.5,859.1,128754.0,1107264.226
2025-12-22 08:00:00,859.1,868.7,858.8,864.4,439661.0,3799462.677
2025-12-22 09:00:00,864.4,868.1,862.2,862.6,430592.0,3726024.38
2025-12-22 10:00:00,862.6,867.7,860.9,866.9,257091.0,2220868.814
2025-12-22 11:00:00,866.9,867.3,864.9,866.3,173416.0,1502237.623
2025-12-22 12:00:00,866.3,871.7,865.4,867.3,220321.0,1911989.345
2025-12-22 13:00:00,867.3,867.8,863.6,865.0,108872.0,942359.399
2025-12-22 14:00:00,865.0,869.9,863.9,868.5,306809.0,2659366.272
2025-12-22 15:00:00,868.5,870.3,862.5,868.5,163758.0,1418577.476
2025-12-22 16:00:00,868.5,869.4,866.2,867.7,142382.0,1235559.797
2025-12-22 17:00:00,867.7,868.7,865.6,868.1,93004.0,806499.644
2025-12-22 18:00:00,868.1,869.5,866.3,867.2,63091.0,547750.599
2025-12-22 19:00:00,867.2,867.2,857.6,858.3,344281.0,2968574.465
2025-12-22 20:00:00,858.3,859.3,854.1,856.1,204753.0,1753707.802
2025-12-22 21:00:00,856.1,859.2,855.8,856.6,125641.0,1076849.089
2025-12-22 22:00:00,856.6,861.2,855.9,860.8,68052.0,584143.967
2025-12-22 23:00:00,860.8,860.9,857.9,859.1,53193.0,456966.37
2025-12-23 00:00:00,859.1,861.8,858.4,860.5,83649.0,719727.36
2025-12-23 01:00:00,860.5,861.1,857.7,858.8,78975.0,678185.96
2025-12-23 02:00:00,858.8,860.0,855.1,855.8,112866.0,967581.773
2025-12-23 03:00:00,855.8,857.8,852.7,857.6,102573.0,876705.468
2025-12-23 04:00:00,857.6,858.2,855.1,855.4,51764.0,443364.35
2025-12-23 05:00:00,855.4,855.7,851.6,853.7,73048.0,623532.641
2025-12-23 06:00:00,853.7,853.7,847.6,849.6,119364.0,1014199.229
2025-12-23 07:00:00,849.6,850.7,848.9,849.0,69702.0,592486.514
2025-12-23 08:00:00,849.0,850.7,848.4,849.0,66548.0,565428.331
2025-12-23 09:00:00,849.0,850.4,848.5,849.9,99091.0,841627.696
2025-12-23 10:00:00,849.9,852.2,849.8,851.6,52750.0,448801.26
2025-12-23 11:00:00,851.6,853.6,851.3,853.4,39702.0,338578.656
2025-12-23 12:00:00,853.4,853.4,849.6,850.5,89375.0,760481.966
2025-12-23 13:00:00,850.5,851.2,846.8,848.7,113317.0,962006.953
2025-12-23 14:00:00,848.7,850.5,838.5,840.9,246810.0,2083800.683
2025-12-23 15:00:00,840.9,845.1,838.7,844.3,222998.0,1879150.842
2025-12-23 16:00:00,844.3,850.3,842.7,849.0,221491.0,1875967.776
2025-12-23 17:00:00,849.0,849.7,839.2,839.3,183383.0,1549851.778
2025-12-23 18:00:00,839.3,846.2,839.2,845.3,143225.0,1207854.924
2025-12-23 19:00:00,845.3,846.2,840.6,841.7,115733.0,975562.456
2025-12-23 20:00:00,841.7,847.6,840.3,843.3,131834.0,1112045.111
2025-12-23 21:00:00,843.3,845.5,842.7,845.2,86528.0,730646.157
2025-12-23 22:00:00,845.2,846.0,841.2,843.2,67779.0,571698.678
2025-12-23 23:00:00,843.2,845.1,841.8,844.3,69751.0,588100.935
2025-12-24 00:00:00,844.3,846.7,843.6,846.5,44003.0,371928.368
2025-12-24 01:00:00,846.5,847.8,843.3,844.0,98265.0,831155.138
2025-12-24 02:00:00,844.0,844.2,836.7,839.0,139852.0,1174877.488
2025-12-24 03:00:00,839.0,841.8,836.4,841.1,62496.0,524865.797
2025-12-24 04:00:00,841.1,842.6,839.6,839.6,65366.0,549641.407
2025-12-24 05:00:00,839.6,840.8,837.1,838.3,572825.0,4807049.161
2025-12-24 06:00:00,838.3,839.2,836.3,839.1,72809.0,609830.643
2025-12-24 07:00:00,839.1,840.7,838.2,838.2,327571.0,2751746.674
2025-12-24 08:00:00,838.2,838.5,835.8,836.5,327648.0,2742556.765
2025-12-24 09:00:00,836.5,837.8,835.4,836.3,55898.0,467615.61
2025-12-24 10:00:00,836.3,839.3,836.1,837.5,78672.0,659398.946
2025-12-24 11:00:00,837.5,839.7,837.5,838.2,34732.0,291398.038
2025-12-24 12:00:00,838.2,840.9,837.3,840.7,83231.0,698359.272
2025-12-24 13:00:00,840.7,841.7,838.7,840.9,107779.0,906120.507
2025-12-24 14:00:00,840.9,843.4,835.7,838.7,288955.0,2429350.722
2025-12-24 15:00:00,838.7,842.5,837.0,841.3,200381.0,1682313.648
2025-12-24 16:00:00,841.3,845.4,840.2,844.7,113743.0,959026.741
2025-12-24 17:00:00,844.7,846.9,843.9,845.0,132521.0,1119949.962
2025-12-24 18:00:00,845.0,849.0,844.0,846.5,130453.0,1105230.272
2025-12-24 19:00:00,846.5,848.1,845.9,848.0,66268.0,561222.882
2025-12-24 20:00:00,848.0,850.4,848.0,849.2,74484.0,632848.994
2025-12-24 21:00:00,849.2,849.6,847.6,847.9,75612.0,641590.756
2025-12-24 22:00:00,847.9,850.1,846.8,849.7,75933.0,644294.821
2025-12-24 23:00:00,849.7,849.8,846.9,847.0,25927.0,219851.703
2025-12-25 00:00:00,847.0,848.2,845.2,845.7,79245.0,670989.685
2025-12-25 01:00:00,845.7,848.0,845.7,847.4,43691.0,370104.711
2025-12-25 02:00:00,847.4,848.1,846.0,846.7,34181.0,289517.867
2025-12-25 03:00:00,846.7,846.8,844.3,845.2,48233.0,407796.362
2025-12-25 04:00:00,845.2,845.6,843.7,844.1,41095.0,347065.485
2025-12-25 05:00:00,844.1,844.1,842.4,843.6,40979.0,345493.165
2025-12-25 06:00:00,843.6,844.3,842.7,844.1,71199.0,600482.505
2025-12-25 07:00:00,844.1,844.2,842.4,843.4,37043.0,312338.054
2025-12-25 08:00:00,843.4,844.8,839.6,841.1,172718.0,1453531.192
2025-12-25 09:00:00,841.1,841.7,840.0,841.4,90617.0,762032.594
2025-12-25 10:00:00,841.4,841.4,835.5,836.9,230883.0,1935155.028
2025-12-25 11:00:00,836.9,838.8,836.9,837.9,88399.0,740565.078
2025-12-25 12:00:00,837.9,838.1,836.7,838.1,205020.0,1717311.47
2025-12-25 13:00:00,838.1,839.0,835.2,837.0,132157.0,1105942.227
2025-12-25 14:00:00,837.0,838.5,836.4,838.0,91017.0,762264.472
2025-12-25 15:00:00,838.0,844.5,837.5,842.3,312626.0,2628136.936
2025-12-25 16:00:00,842.3,843.1,839.9,840.9,139799.0,1176814.769
2025-12-25 17:00:00,840.9,842.0,840.1,841.3,48130.0,404913.808
2025-12-25 18:00:00,841.3,842.9,840.6,842.0,76013.0,639644.049
2025-12-25 19:00:00,842.0,842.5,840.7,841.5,63720.0,536126.87
2025-12-25 20:00:00,841.5,841.7,839.8,840.8,39202.0,329590.117
2025-12-25 21:00:00,840.8,843.8,840.7,842.7,54193.0,456578.938
2025-12-25 22:00:00,842.7,842.9,835.7,837.3,176299.0,1478075.623
2025-12-25 23:00:00,837.3,839.0,826.7,829.5,346190.0,2883812.987
2025-12-26 00:00:00,829.5,831.6,828.3,830.2,92747.0,769700.638
2025-12-26 01:00:00,830.2,833.3,830.1,832.6,62895.0,523158.585
2025-12-26 02:00:00,832.6,844.6,831.8,842.5,259419.0,2181835.848
2025-12-26 03:00:00,842.5,843.3,838.4,841.0,135629.0,1139795.493
2025-12-26 04:00:00,841.0,842.0,837.5,841.5,105277.0,884085.811
2025-12-26 05:00:00,841.5,841.8,839.9,841.2,42443.0,356777.552
2025-12-26 06:00:00,841.2,844.9,841.2,844.2,93611.0,789465.623
2025-12-26 07:00:00,844.2,847.5,840.2,841.2,238396.0,2012464.936
2025-12-26 08:00:00,841.2,843.2,840.7,842.2,202666.0,1706844.434
2025-12-26 09:00:00,842.2,843.4,840.8,842.5,83746.0,705049.811
2025-12-26 10:00:00,842.5,843.3,840.8,841.0,109373.0,920575.047
2025-12-26 11:00:00,841.0,841.1,839.0,839.6,107268.0,901331.587
2025-12-26 12:00:00,839.6,842.3,839.6,841.9,50401.0,423873.959
2025-12-26 13:00:00,841.9,843.8,841.4,843.3,66616.0,561411.448
2025-12-26 14:00:00,843.3,843.5,830.2,830.5,382832.0,3202875.757
2025-12-26 15:00:00,830.5,830.5,821.3,829.1,436977.0,3607834.898
2025-12-26 16:00:00,829.1,832.1,828.2,828.6,118855.0,986210.209
2025-12-26 17:00:00,828.6,833.4,828.6,831.3,207200.0,1722890.707
2025-12-26 18:00:00,831.3,834.6,831.2,833.4,116792.0,973675.103
2025-12-26 19:00:00,833.4,834.6,831.4,832.9,142536.0,1187273.202
2025-12-26 20:00:00,832.9,838.1,832.7,836.5,67061.0,560756.314
2025-12-26 21:00:00,836.5,837.6,834.9,835.0,70406.0,588609.17
2025-12-26 22:00:00,835.0,835.7,833.8,835.7,22517.0,188002.174
2025-12-26 23:00:00,835.7,835.8,834.4,834.8,24414.0,203834.454
2025-12-27 00:00:00,834.8,836.5,834.8,835.7,59077.0,493736.072
2025-12-27 01:00:00,835.7,836.7,834.7,836.4,56550.0,472509.509
2025-12-27 02:00:00,836.4,836.6,834.6,835.5,137337.0,1147796.875
2025-12-27 03:00:00,835.5,836.6,834.8,836.5,147180.0,1230137.889
2025-12-27 04:00:00,836.5,836.6,834.8,835.9,72298.0,603997.235
2025-12-27 05:00:00,835.9,837.5,835.4,837.5,92234.0,771519.648
2025-12-27 06:00:00,837.5,840.3,836.9,839.9,119530.0,1001465.649
2025-12-27 07:00:00,839.9,843.4,839.5,840.7,300225.0,2524622.713
2025-12-27 08:00:00,840.7,843.5,840.1,840.3,275538.0,2318946.738
2025-12-27 09:00:00,840.3,841.9,838.3,838.4,320940.0,2695072.741
2025-12-27 10:00:00,838.4,843.9,837.7,842.1,415581.0,3496465.017
2025-12-27 11:00:00,842.1,842.3,840.7,841.4,101266.0,851936.526
2025-12-27 12:00:00,841.4,842.0,840.2,840.5,58474.0,491810.377
2025-12-27 13:00:00,840.5,841.7,839.9,840.9,62869.0,528509.551
2025-12-27 14:00:00,840.9,841.1,839.4,839.9,161360.0,1355998.203
2025-12-27 15:00:00,839.9,842.3,838.9,841.6,276655.0,2325782.806
2025-12-27 16:00:00,841.6,842.4,840.8,841.1,130442.0,1097971.946
2025-12-27 17:00:00,841.1,842.0,840.0,840.6,216109.0,1817660.949
2025-12-27 18:00:00,840.6,841.0,840.1,840.3,158757.0,1334348.476
2025-12-27 19:00:00,840.3,841.5,840.3,841.3,172999.0,1454447.68
2025-12-27 20:00:00,841.3,842.5,840.4,840.8,326784.0,2748146.554
2025-12-27 21:00:00,840.8,843.0,840.7,842.8,198482.0,1670705.783
2025-12-27 22:00:00,842.8,846.9,841.5,842.9,371963.0,3136345.158
2025-12-27 23:00:00,842.9,846.7,842.5,845.5,110285.0,931088.103
2025-12-28 00:00:00,845.5,846.3,843.1,843.2,133325.0,1125148.601
2025-12-28 01:00:00,843.2,843.9,839.5,840.9,158842.0,1336012.552
2025-12-28 02:00:00,840.9,842.5,840.6,842.0,47048.0,396042.811
2025-12-28 03:00:00,842.0,842.5,841.1,842.1,37450.0,315232.707
2025-12-28 04:00:00,842.1,844.6,841.9,843.5,43526.0,367098.366
2025-12-28 05:00:00,843.5,844.4,842.8,843.4,88876.0,749625.878
2025-12-28 06:00:00,843.4,844.7,843.1,844.0,25022.0,211180.667
2025-12-28 07:00:00,844.0,844.6,843.6,844.1,98718.0,833359.254
2025-12-28 08:00:00,844.1,847.3,844.0,846.0,146596.0,1239590.914
2025-12-28 09:00:00,846.0,846.9,844.6,845.9,140527.0,1188666.504
2025-12-28 10:00:00,845.9,850.3,845.9,848.7,183486.0,1557652.617
2025-12-28 11:00:00,848.7,857.8,848.7,855.1,449003.0,3837000.832
2025-12-28 12:00:00,855.1,857.8,855.1,856.1,91808.0,786328.275
2025-12-28 13:00:00,856.1,859.2,855.8,858.6,217025.0,1861231.968
2025-12-28 14:00:00,858.6,859.7,856.8,858.0,110657.0,949716.448
2025-12-28 15:00:00,858.0,863.9,857.9,861.1,210592.0,1812088.938
2025-12-28 16:00:00,861.1,865.6,860.6,864.5,435479.0,3759129.568
2025-12-28 17:00:00,864.5,866.9,863.8,866.7,133294.0,1153414.837
2025-12-28 18:00:00,866.7,867.7,859.5,859.6,445142.0,3839490.653
2025-12-28 19:00:00,859.6,863.1,859.5,860.5,297874.0,2564930.549
2025-12-28 20:00:00,860.5,862.9,859.2,861.3,169670.0,1462219.577
2025-12-28 21:00:00,861.3,861.4,857.5,858.6,307593.0,2642194.669
2025-12-28 22:00:00,858.6,861.4,857.7,860.6,106607.0,916579.656
2025-12-28 23:00:00,860.6,861.1,857.8,860.0,168921.0,1452110.448
2025-12-29 00:00:00,860.0,865.2,859.2,863.1,521519.0,4498618.726
2025-12-29 01:00:00,863.1,865.8,860.0,865.1,402598.0,3476334.131
2025-12-29 02:00:00,865.1,872.9,865.0,867.2,333228.0,2896711.023
2025-12-29 03:00:00,867.2,871.3,866.7,869.5,385674.0,3351430.99
2025-12-29 04:00:00,869.5,871.9,868.2,869.0,164678.0,1432611.255
2025-12-29 05:00:00,869.0,869.3,864.6,865.0,150210.0,1302987.732
2025-12-29 06:00:00,865.0,866.4,863.9,864.3,78535.0,679548.679
2025-12-29 07:00:00,864.3,864.3,859.3,861.1,256941.0,2212694.754
2025-12-29 08:00:00,861.1,862.3,859.1,859.3,114520.0,985510.009
2025-12-29 09:00:00,859.3,859.5,847.9,851.9,625366.0,5338028.902
2025-12-29 10:00:00,851.9,855.0,851.2,854.4,119813.0,1023032.653
2025-12-29 11:00:00,854.4,855.9,853.1,853.3,110631.0,945061.374
2025-12-29 12:00:00,853.3,854.3,846.5,852.2,237844.0,2023537.299
2025-12-29 13:00:00,852.2,853.7,849.1,850.5,105268.0,895826.957
2025-12-29 14:00:00,850.5,855.8,849.0,851.5,203969.0,1739618.281
2025-12-29 15:00:00,851.5,855.4,850.6,854.0,103152.0,880366.861
2025-12-29 16:00:00,854.0,855.6,850.4,854.0,209562.0,1787470.956
2025-12-29 17:00:00,854.0,855.1,852.5,854.7,87585.0,747961.119
2025-12-29 18:00:00,854.7,855.8,851.5,852.2,120752.0,1031612.421
2025-12-29 19:00:00,852.2,853.6,851.5,853.4,58467.0,498728.943
2025-12-29 20:00:00,853.4,855.2,851.9,853.1,110077.0,939650.034
2025-12-29 21:00:00,853.1,855.1,852.9,855.0,117318.0,1002016.602
2025-12-29 22:00:00,855.0,855.1,853.4,854.2,65146.0,556401.884
2025-12-29 23:00:00,854.2,854.3,852.4,853.0,12828.0,109428.449
2025-12-30 00:00:00,853.0,854.0,851.1,852.0,121837.0,1038496.151
2025-12-30 01:00:00,852.0,853.5,850.8,852.9,51551.0,439220.271
2025-12-30 02:00:00,852.9,853.1,849.4,850.3,37391.0,317964.7
2025-12-30 03:00:00,850.3,853.6,849.4,853.0,151379.0,1290377.243
2025-12-30 04:00:00,853.0,853.7,851.6,852.9,57674.0,491780.877
2025-12-30 05:00:00,852.9,853.6,850.9,851.4,38413.0,327508.925
2025-12-30 06:00:00,851.4,855.2,851.2,854.0,59086.0,504636.824
2025-12-30 07:00:00,854.0,855.2,853.4,854.3,41483.0,354447.233
2025-12-30 08:00:00,854.3,860.1,854.2,856.9,205582.0,1763772.838
2025-12-30 09:00:00,856.9,857.8,855.1,857.1,92440.0,791300.197
2025-12-30 10:00:00,857.1,857.3,855.3,855.8,29166.0,249713.661
2025-12-30 11:00:00,855.8,856.5,854.5,855.4,34543.0,295528.312
2025-12-30 12:00:00,855.4,857.2,855.1,857.1,37667.0,322533.642
2025-12-30 13:00:00,857.1,863.9,856.8,863.3,191173.0,1646031.982
2025-12-30 14:00:00,863.3,864.4,858.4,862.6,363000.0,3125052.016
2025-12-30 15:00:00,862.6,863.9,858.3,863.2,296874.0,2555561.553
2025-12-30 16:00:00,863.2,863.5,859.0,861.3,301230.0,2593809.793
2025-12-30 17:00:00,861.3,862.3,859.2,860.8,182496.0,1571189.442
2025-12-30 18:00:00,860.8,862.2,859.3,861.0,72483.0,624239.91
2025-12-30 19:00:00,861.0,861.0,858.0,860.5,171158.0,1470633.108
2025-12-30 20:00:00,860.5,860.9,859.0,859.3,180533.0,1552055.69
2025-12-30 21:00:00,859.3,861.9,859.1,861.7,81359.0,700713.083
2025-12-30 22:00:00,861.7,863.4,861.3,862.0,111677.0,962982.731
2025-12-30 23:00:00,862.0,863.5,861.5,862.2,35830.0,309042.386
2025-12-31 00:00:00,862.2,863.0,859.7,860.1,72390.0,623184.214
2025-12-31 01:00:00,860.1,863.5,859.4,862.0,81220.0,700179.209
2025-12-31 02:00:00,862.0,862.0,859.6,860.5,42310.0,364229.891
2025-12-31 03:00:00,860.5,861.4,858.2,859.7,57288.0,492266.255
2025-12-31 04:00:00,859.7,861.6,859.3,861.4,50109.0,431256.507
2025-12-31 05:00:00,861.4,864.4,860.7,863.5,101062.0,872058.264
2025-12-31 06:00:00,863.5,867.2,863.2,866.5,137676.0,1191739.411
2025-12-31 07:00:00,866.5,868.5,865.3,868.4,98603.0,854855.22
2025-12-31 08:00:00,868.4,869.7,865.5,866.9,261001.0,2264160.367
2025-12-31 09:00:00,866.9,867.4,865.9,865.9,187896.0,1628235.213
2025-12-31 10:00:00,865.9,869.5,865.8,868.6,140371.0,1218390.527
2025-12-31 11:00:00,868.6,869.9,868.2,869.6,149559.0,1299707.536
2025-12-31 12:00:00,869.6,869.8,866.6,867.4,193930.0,1683417.334
2025-12-31 13:00:00,867.4,869.6,866.8,868.9,135533.0,1176803.217
2025-12-31 14:00:00,868.9,877.8,865.3,866.7,508801.0,4437098.764
2025-12-31 15:00:00,866.7,867.1,861.1,863.6,442678.0,3826156.845
2025-12-31 16:00:00,863.6,865.0,858.3,862.0,435479.0,3753148.169
2025-12-31 17:00:00,862.0,864.2,861.8,862.9,250371.0,2160670.222
2025-12-31 18:00:00,862.9,864.9,862.0,862.3,149657.0,1292235.554
2025-12-31 19:00:00,862.3,865.1,862.3,864.8,91205.0,788270.755
2025-12-31 20:00:00,864.8,864.8,861.2,864.0,164194.0,1416571.836
2025-12-31 21:00:00,864.0,866.8,864.0,866.5,146774.0,1270523.425
2025-12-31 22:00:00,866.5,867.1,864.9,865.0,79046.0,684360.585
2025-12-31 23:00:00,865.0,866.1,864.5,864.7,37236.0,322223.39
2026-01-01 00:00:00,864.7,867.0,864.2,866.8,67902.0,587825.253
2026-01-01 01:00:00,866.8,874.2,866.7,873.4,189211.0,1647358.778
2026-01-01 02:00:00,873.4,874.9,871.3,872.0,165271.0,1442736.388
2026-01-01 03:00:00,872.0,873.8,869.2,869.5,171589.0,1494865.015
2026-01-01 04:00:00,869.5,869.7,862.6,864.0,85080.0,737122.15
2026-01-01 05:00:00,864.0,865.8,863.4,863.4,91876.0,794450.514
2026-01-01 06:00:00,863.4,865.2,862.2,862.4,64404.0,556218.556
2026-01-01 07:00:00,862.4,862.4,859.8,860.0,90274.0,777057.939
2026-01-01 08:00:00,860.0,862.0,859.5,861.8,73464.0,632374.175
2026-01-01 09:00:00,861.8,862.2,860.3,860.5,101687.0,875900.48
2026-01-01 10:00:00,860.5,862.2,860.5,861.5,49727.0,428411.216
2026-01-01 11:00:00,861.5,862.4,860.9,861.9,75251.0,648377.892
2026-01-01 12:00:00,861.9,861.9,856.6,859.5,286723.0,2461778.354
2026-01-01 13:00:00,859.5,861.3,858.8,859.1,240090.0,2064796.158
2026-01-01 14:00:00,859.1,860.0,857.4,858.2,90946.0,780846.508
2026-01-01 15:00:00,858.2,860.9,856.8,859.8,206595.0,1772997.451
2026-01-01 16:00:00,859.8,860.2,857.8,858.4,118723.0,1019731.716
2026-01-01 17:00:00,858.4,861.3,857.5,860.4,663411.0,5702678.292
2026-01-01 18:00:00,860.4,860.6,859.2,860.4,62954.0,541446.538
2026-01-01 19:00:00,860.4,861.8,859.4,861.7,46081.0,396599.346
2026-01-01 20:00:00,861.7,862.5,860.3,861.2,169605.0,1460519.147
2026-01-01 21:00:00,861.2,863.1,861.2,862.6,103436.0,891940.39
2026-01-01 22:00:00,862.6,864.2,861.6,863.8,85106.0,733996.064
2026-01-01 23:00:00,863.8,865.0,862.6,864.6,75383.0,651463.49
2026-01-02 00:00:00,864.6,865.3,861.8,864.7,112809.0,974597.584
2026-01-02 01:00:00,864.7,864.9,862.1,862.7,54676.0,472028.224
2026-01-02 02:00:00,862.7,863.4,859.8,863.4,95382.0,821364.494
2026-01-02 03:00:00,863.4,867.6,862.8,866.2,170184.0,1473189.103
2026-01-02 04:00:00,866.2,866.6,864.2,865.2,68157.0,589857.222
2026-01-02 05:00:00,865.2,867.3,863.2,866.3,104746.0,906041.768
2026-01-02 06:00:00,866.3,868.2,865.8,866.4,151930.0,1317483.849
2026-01-02 07:00:00,866.4,867.1,864.9,865.2,183656.0,1590564.735
2026-01-02 08:00:00,865.2,869.6,865.2,868.3,121432.0,1054348.936
2026-01-02 09:00:00,868.3,872.2,867.9,871.5,104061.0,905379.346
2026-01-02 10:00:00,871.5,874.7,871.2,872.3,362477.0,3163258.555
2026-01-02 11:00:00,872.3,872.4,867.1,869.9,129121.0,1123040.437
2026-01-02 12:00:00,869.9,871.6,869.4,869.9,65707.0,571932.734
2026-01-02 13:00:00,869.9,872.5,869.7,870.8,93698.0,816424.76
2026-01-02 14:00:00,870.8,878.4,865.6,876.0,461586.0,4025129.79
2026-01-02 15:00:00,876.0,882.8,871.2,878.5,916372.0,8052938.168
2026-01-02 16:00:00,878.5,887.7,878.2,887.2,463354.0,4090607.959
2026-01-02 17:00:00,887.2,891.7,884.9,887.6,354274.0,3148052.647
2026-01-02 18:00:00,887.6,888.7,879.5,881.2,149421.0,1320464.977
2026-01-02 19:00:00,881.2,883.7,881.0,881.3,116525.0,1027679.126
2026-01-02 20:00:00,881.3,883.9,879.0,880.0,117849.0,1038370.234
2026-01-02 21:00:00,880.0,883.5,879.5,882.8,73489.0,647758.826
2026-01-02 22:00:00,882.8,885.9,882.6,885.5,158006.0,1397731.638
2026-01-02 23:00:00,885.5,886.2,881.1,881.8,170669.0,1508812.647
2026-01-03 00:00:00,881.8,884.8,881.2,882.1,80633.0,711639.644
2026-01-03 01:00:00,882.1,882.4,879.6,880.3,98856.0,871014.176
2026-01-03 02:00:00,880.3,880.3,875.8,878.5,139485.0,1223583.428
2026-01-03 03:00:00,878.5,879.8,877.5,879.7,62089.0,545543.698
2026-01-03 04:00:00,879.7,880.4,878.2,879.7,58108.0,510959.883
2026-01-03 05:00:00,879.7,879.9,874.8,877.1,65967.0,578610.671
2026-01-03 06:00:00,877.1,877.4,873.5,874.7,58445.0,511614.052
2026-01-03 07:00:00,874.7,875.7,869.4,873.6,191762.0,1671609.445
2026-01-03 08:00:00,873.6,876.2,872.1,874.7,126695.0,1107582.393
2026-01-03 09:00:00,874.7,876.1,874.2,875.2,70452.0,616634.455
2026-01-03 10:00:00,875.2,875.4,873.5,874.0,57722.0,504743.932
2026-01-03 11:00:00,874.0,874.8,872.9,874.6,56980.0,497924.213
2026-01-03 12:00:00,874.6,876.2,874.0,875.8,93050.0,814561.213
2026-01-03 13:00:00,875.8,878.0,875.4,877.4,182255.0,1597480.265
2026-01-03 14:00:00,877.4,877.4,873.7,874.7,297012.0,2599898.203
2026-01-03 15:00:00,874.7,875.5,872.3,873.8,208136.0,1819500.131
2026-01-03 16:00:00,873.8,876.8,873.8,876.2,107583.0,941762.263
2026-01-03 17:00:00,876.2,877.7,875.6,877.2,69784.0,611819.285
2026-01-03 18:00:00,877.2,877.7,875.7,877.4,143959.0,1262456.967
2026-01-03 19:00:00,877.4,877.8,876.6,877.0,188429.0,1653118.257
2026-01-03 20:00:00,877.0,877.9,876.2,877.7,96295.0,844402.846
2026-01-03 21:00:00,877.7,879.9,877.2,879.6,289251.0,2542496.333
2026-01-03 22:00:00,879.6,880.6,878.5,879.0,178908.0,1573996.819
2026-01-03 23:00:00,879.0,880.1,878.6,879.1,143249.0,1259957.219
2026-01-04 00:00:00,879.1,883.9,879.0,881.6,238720.0,2104250.276
2026-01-04 01:00:00,881.6,884.3,881.0,883.1,178104.0,1572371.37
2026-01-04 02:00:00,883.1,883.2,880.7,881.3,63660.0,561413.303
2026-01-04 03:00:00,881.3,884.1,881.3,883.7,170136.0,1501521.331
2026-01-04 04:00:00,883.7,891.2,883.3,889.5,194665.0,1725897.941
2026-01-04 05:00:00,889.5,889.5,886.0,888.5,64016.0,568487.609
2026-01-04 06:00:00,888.5,890.2,884.5,885.1,243561.0,2162187.393
2026-01-04 07:00:00,885.1,886.1,883.3,885.1,202972.0,1795536.427
2026-01-04 08:00:00,885.1,887.1,883.2,886.5,88092.0,779958.109
2026-01-04 09:00:00,886.5,887.4,884.9,886.7,54038.0,478680.909
2026-01-04 10:00:00,886.7,887.9,886.2,887.8,85438.0,758118.564
2026-01-04 11:00:00,887.8,887.8,885.0,885.4,119365.0,1057730.247
2026-01-04 12:00:00,885.4,888.6,884.4,887.7,134273.0,1191219.281
2026-01-04 13:00:00,887.7,890.6,887.0,889.3,135965.0,1208765.504
2026-01-04 14:00:00,889.3,889.4,885.4,887.4,152331.0,1351348.781
2026-01-04 15:00:00,887.4,890.0,885.7,889.8,152677.0,1355825.713
2026-01-04 16:00:00,889.8,898.3,889.8,897.9,477110.0,4265768.2579
2026-01-04 17:00:00,897.9,903.7,896.9,901.5,364079.0,3277433.2733
2026-01-04 18:00:00,901.5,901.5,895.5,895.9,503167.0,4517749.3149
2026-01-04 19:00:00,895.9,896.2,891.4,893.2,279097.0,2492608.3147
2026-01-04 20:00:00,893.2,898.4,893.2,896.8,199235.0,1786420.6362
2026-01-04 21:00:00,896.8,898.1,895.5,897.5,210478.0,1887051.303
2026-01-04 22:00:00,897.5,898.1,892.8,894.2,149502.0,1337213.5377
2026-01-04 23:00:00,894.2,896.9,893.5,896.1,133822.0,1197958.511
2026-01-05 00:00:00,896.1,901.8,895.3,900.8,216670.0,1947079.2309
2026-01-05 01:00:00,900.8,907.6,899.8,903.9,226857.0,2051111.6139
2026-01-05 02:00:00,903.9,905.0,899.77,901.8,118028.0,1064010.9354
2026-01-05 03:00:00,901.8,902.6,899.8,900.4,48544.0,437205.416
2026-01-05 04:00:00,900.4,901.2,891.0,895.8,156071.0,1396386.2238
2026-01-05 05:00:00,895.8,896.0,893.1,893.2,58475.0,523389.978
2026-01-05 06:00:00,893.2,900.6,892.8,900.5,102740.0,920397.8499
2026-01-05 07:00:00,900.5,901.0,898.5,899.7,50130.0,450971.074
2026-01-05 08:00:00,899.7,901.2,897.6,898.7,126479.0,1137979.846
2026-01-05 09:00:00,898.7,900.4,896.1,898.0,74023.0,664613.5859
2026-01-05 10:00:00,898.0,906.4,898.0,904.2,203094.0,1833838.3133
2026-01-05 11:00:00,904.2,909.7,903.2,909.5,419283.0,3802667.7837
2026-01-05 12:00:00,909.5,909.6,904.4,906.8,442193.0,4012526.5247
2026-01-05 13:00:00,906.8,907.8,901.8,904.6,364199.0,3294491.7537
2026-01-05 14:00:00,904.6,907.3,901.1,905.0,627797.0,5676342.3472
2026-01-05 15:00:00,905.0,907.8,901.8,906.8,373024.0,3377283.4708
2026-01-05 16:00:00,906.8,907.7,903.8,905.5,158864.0,1439049.76
2026-01-05 17:00:00,905.5,907.8,901.8,907.2,147324.0,1332595.0579
2026-01-05 18:00:00,907.2,909.1,904.1,909.1,172581.0,1564936.5352
2026-01-05 19:00:00,909.1,914.8,907.4,911.6,262718.0,2394497.9211
2026-01-05 20:00:00,911.6,917.3,911.2,913.0,399536.0,3652538.6351
2026-01-05 21:00:00,913.0,913.7,909.1,912.7,301246.0,2742592.4302
2026-01-05 22:00:00,912.7,915.3,912.4,913.7,349467.0,3191933.8142
2026-01-05 23:00:00,913.7,913.8,910.9,910.9,194768.0,1776925.8017
2026-01-06 00:00:00,910.9,912.2,905.3,909.4,388090.0,3521762.3596
2026-01-06 01:00:00,909.4,911.8,906.7,907.5,68669.0,624712.3019
2026-01-06 02:00:00,907.5,908.7,905.5,905.7,54568.0,494891.1175
2026-01-06 03:00:00,905.7,909.2,905.6,908.6,178877.0,1622760.18
2026-01-06 04:00:00,908.6,910.7,907.1,908.2,96129.0,873924.4765
2026-01-06 05:00:00,908.2,908.5,904.1,906.1,81791.0,740797.3222
2026-01-06 06:00:00,906.1,910.3,905.2,908.2,176034.0,1597561.5107
2026-01-06 07:00:00,908.2,908.3,903.5,905.2,69485.0,629359.7312
2026-01-06 08:00:00,905.2,908.7,904.9,908.0,79196.0,717631.7482
2026-01-06 09:00:00,908.0,914.8,908.0,913.4,203685.0,1858076.5811
2026-01-06 10:00:00,913.4,915.3,911.5,912.2,129563.0,1183415.3642
2026-01-06 11:00:00,912.2,914.9,911.6,913.7,191948.0,1753040.218
2026-01-06 12:00:00,913.7,914.3,912.0,913.3,80490.0,734918.375
2026-01-06 13:00:00,913.3,915.3,912.8,914.6,262747.0,2402827.056
2026-01-06 14:00:00,914.6,923.4,914.6,920.8,616876.0,5672809.5912
2026-01-06 15:00:00,920.8,924.6,916.3,919.7,776008.0,7137337.6283
2026-01-06 16:00:00,919.7,921.3,905.6,908.4,638270.0,5815440.7268
2026-01-06 17:00:00,908.4,909.8,892.9,894.3,543111.0,4901054.057
2026-01-06 18:00:00,894.3,903.4,892.5,901.4,394412.0,3547702.9206
2026-01-06 19:00:00,901.4,903.3,900.8,901.6,148238.0,1336980.341
2026-01-06 20:00:00,901.6,907.6,901.5,906.0,266423.0,2411043.5622
2026-01-06 21:00:00,906.0,915.6,904.7,913.1,233558.0,2132160.1816
2026-01-06 22:00:00,913.1,915.8,912.5,914.1,102530.0,936899.07
2026-01-06 23:00:00,914.1,920.5,914.0,918.4,192405.0,1766964.0364
2026-01-07 00:00:00,918.4,919.5,909.4,909.5,147118.0,1347680.2141
2026-01-07 01:00:00,909.5,912.0,906.0,907.7,491257.0,4461891.4807
2026-01-07 02:00:00,907.7,913.0,905.1,912.0,507973.0,4619731.3481
2026-01-07 03:00:00,912.0,913.6,910.1,910.4,107563.0,980881.341
2026-01-07 04:00:00,910.4,911.9,909.5,911.1,76317.0,695427.8655
2026-01-07 05:00:00,911.1,915.8,910.6,913.3,188137.0,1719354.8712
2026-01-07 06:00:00,913.3,917.6,913.0,914.8,129455.0,1185102.4457
2026-01-07 07:00:00,914.8,919.3,914.8,919.0,207417.0,1902077.901
2026-01-07 08:00:00,919.0,920.8,916.0,917.9,387912.0,3562193.5863
2026-01-07 09:00:00,917.9,918.3,909.5,910.8,675533.0,6170778.4614
2026-01-07 10:00:00,910.8,912.7,908.6,911.6,552491.0,5031675.243
2026-01-07 11:00:00,911.6,913.5,910.9,911.2,133984.0,1221989.676
2026-01-07 12:00:00,911.2,911.6,905.7,905.7,193316.0,1755239.2592
2026-01-07 13:00:00,905.7,908.1,903.1,904.7,182903.0,1656965.7167
2026-01-07 14:00:00,904.7,905.5,898.7,904.2,405744.0,3661227.0507
2026-01-07 15:00:00,904.2,904.4,895.7,900.0,427221.0,3842807.3878
2026-01-07 16:00:00,900.0,902.3,898.4,899.2,276759.0,2492419.171
2026-01-07 17:00:00,899.2,902.5,897.0,898.1,155899.0,1402847.125
2026-01-07 18:00:00,898.1,900.3,895.8,897.2,179407.0,1611144.9771
2026-01-07 19:00:00,897.2,898.9,893.2,897.7,220006.0,1970104.0719
2026-01-07 20:00:00,897.7,898.6,894.5,896.4,70328.0,630287.276
2026-01-07 21:00:00,896.4,899.0,896.0,898.5,124677.0,1119916.299
2026-01-07 22:00:00,898.5,900.2,896.9,898.4,264981.0,2379801.5207
2026-01-07 23:00:00,898.4,901.7,895.8,900.6,83072.0,747513.8179
2026-01-08 00:00:00,900.6,903.2,897.6,902.5,300084.0,2705091.7722
2026-01-08 01:00:00,902.5,905.2,901.6,901.7,134832.0,1218691.4135
2026-01-08 02:00:00,901.7,902.4,894.1,896.0,123745.0,1111500.7229
2026-01-08 03:00:00,896.0,898.8,893.1,894.0,69482.0,622283.8967
2026-01-08 04:00:00,894.0,896.9,891.7,894.9,74584.0,666406.787
2026-01-08 05:00:00,894.9,897.7,894.5,894.8,59389.0,532299.4972
2026-01-08 06:00:00,894.8,895.5,880.4,880.5,582997.0,5165220.2039
2026-01-08 07:00:00,880.5,885.8,875.3,885.1,460700.0,4058087.123
2026-01-08 08:00:00,885.1,887.9,882.6,883.6,815657.0,7223077.332
2026-01-08 09:00:00,883.6,885.6,881.3,882.4,211637.0,1869329.483
2026-01-08 10:00:00,882.4,887.7,879.4,886.9,152535.0,1347864.589
2026-01-08 11:00:00,886.9,888.0,884.4,886.8,277393.0,2457721.95
2026-01-08 12:00:00,886.8,886.9,882.3,884.2,269056.0,2379698.491
2026-01-08 13:00:00,884.2,885.9,883.1,884.8,219498.0,1941225.707
2026-01-08 14:00:00,884.8,885.2,877.5,883.7,278835.0,2456863.659
2026-01-08 15:00:00,883.7,889.3,881.9,888.9,146644.0,1300664.127
2026-01-08 16:00:00,888.9,890.5,885.8,890.3,365532.0,3249377.214
2026-01-08 17:00:00,890.3,891.7,888.0,891.7,194773.0,1733540.518
2026-01-08 18:00:00,891.7,891.7,887.8,888.7,92163.0,819714.478
2026-01-08 19:00:00,888.7,890.7,887.5,888.5,63589.0,565222.386
2026-01-08 20:00:00,888.5,891.4,885.4,890.9,320752.0,2851065.587
2026-01-08 21:00:00,890.9,892.5,889.8,892.4,147624.0,1315653.453
2026-01-08 22:00:00,892.4,894.3,890.7,892.3,112779.0,1007125.1709
2026-01-08 23:00:00,892.3,894.8,892.1,892.5,51230.0,457803.9337
2026-01-09 00:00:00,892.5,894.5,892.1,894.4,34740.0,310278.881
2026-01-09 01:00:00,894.4,896.3,888.1,890.7,589619.0,5271665.8801
2026-01-09 02:00:00,890.7,894.0,890.4,891.8,55861.0,498793.179
2026-01-09 03:00:00,891.8,896.4,891.5,895.9,107464.0,961883.1527
2026-01-09 04:00:00,895.9,897.0,894.8,895.9,89612.0,803310.7972
2026-01-09 05:00:00,895.9,898.5,895.8,898.4,80695.0,723918.826
2026-01-09 06:00:00,898.4,899.0,896.0,896.8,50870.0,456544.818
2026-01-09 07:00:00,896.8,896.9,894.1,894.1,48087.0,430454.625
2026-01-09 08:00:00,894.1,894.8,886.5,889.8,229818.0,2046924.6009
2026-01-09 09:00:00,889.8,891.8,888.3,888.5,54703.0,487239.709
2026-01-09 10:00:00,888.5,891.0,888.0,890.4,119390.0,1063134.706
2026-01-09 11:00:00,890.4,892.2,889.7,889.9,123479.0,1100174.714
2026-01-09 12:00:00,889.9,890.4,888.2,889.4,91987.0,818103.274
2026-01-09 13:00:00,889.4,894.0,888.4,890.8,151854.0,1353136.513
2026-01-09 14:00:00,890.8,890.8,886.4,887.9,99717.0,885948.622
2026-01-09 15:00:00,887.9,900.7,885.7,895.2,377845.0,3379049.1795
2026-01-09 16:00:00,895.2,901.5,895.1,899.5,306752.0,2757384.2199
2026-01-09 17:00:00,899.5,900.3,895.9,899.4,133331.0,1197582.5462
2026-01-09 18:00:00,899.4,900.1,892.3,896.0,731360.0,6561531.1636
2026-01-09 19:00:00,896.0,896.1,891.6,893.9,168750.0,1507866.537
2026-01-09 20:00:00,893.9,896.5,893.3,893.7,83197.0,744604.154
2026-01-09 21:00:00,893.7,896.8,892.5,896.6,116301.0,1040985.192
2026-01-09 22:00:00,896.6,897.5,894.8,897.1,69983.0,627086.1222
2026-01-09 23:00:00,897.1,898.7,896.6,897.5,97689.0,876994.956
2026-01-10 00:00:00,897.5,899.9,897.2,898.3,152523.0,1370563.7247
2026-01-10 01:00:00,898.3,900.4,898.2,899.7,150510.0,1353766.84
2026-01-10 02:00:00,899.7,901.7,899.4,900.5,88234.0,794639.97
2026-01-10 03:00:00,900.5,908.5,899.2,907.9,348853.0,3151492.4131
2026-01-10 04:00:00,907.9,909.3,903.8,906.9,283813.0,2571867.6897
2026-01-10 05:00:00,906.9,911.0,906.1,908.0,336517.0,3058206.2827
2026-01-10 06:00:00,908.0,910.0,906.5,906.9,174824.0,1587466.0985
2026-01-10 07:00:00,906.9,909.2,905.7,906.4,383475.0,3478522.409
2026-01-10 08:00:00,906.4,907.0,903.3,904.6,289442.0,2619530.3502
2026-01-10 09:00:00,904.6,904.6,899.4,901.4,516664.0,4657701.5086
2026-01-10 10:00:00,901.4,903.5,900.7,903.2,124392.0,1122483.0185
2026-01-10 11:00:00,903.2,903.2,901.0,901.1,80161.0,723065.432
2026-01-10 12:00:00,901.1,901.3,899.9,900.4,161488.0,1454592.257
2026-01-10 13:00:00,900.4,903.7,899.7,902.9,228240.0,2059754.3914
2026-01-10 14:00:00,902.9,906.6,901.8,905.4,361557.0,3270844.2867
2026-01-10 15:00:00,905.4,911.4,904.8,909.2,532399.0,4838667.4061
2026-01-10 16:00:00,909.2,910.3,907.4,909.9,201267.0,1828776.048
2026-01-10 17:00:00,909.9,910.8,908.1,908.6,305587.0,2780813.033
2026-01-10 18:00:00,908.6,914.0,908.6,912.8,425698.0,3881820.8977
2026-01-10 19:00:00,912.8,916.4,912.1,914.6,323950.0,2961716.4452
2026-01-10 20:00:00,914.6,916.7,910.1,910.2,277063.0,2530901.0367
2026-01-10 21:00:00,910.2,910.6,904.1,905.1,374095.0,3396637.8249
2026-01-10 22:00:00,905.1,905.4,902.8,904.1,308086.0,2786792.5985
2026-01-10 23:00:00,904.1,908.8,903.9,908.6,131907.0,1196421.0207
2026-01-11 00:00:00,908.6,909.8,905.9,906.7,282141.0,2561404.073
2026-01-11 01:00:00,906.7,909.1,905.1,908.5,161727.0,1465471.3319
2026-01-11 02:00:00,908.5,911.5,908.3,910.9,133599.0,1215759.7752
2026-01-11 03:00:00,910.9,914.6,909.5,913.9,205248.0,1871544.3112
2026-01-11 04:00:00,913.9,915.7,912.1,913.5,254838.0,2328254.109
2026-01-11 05:00:00,913.5,915.3,911.3,914.0,143666.0,1311496.367
2026-01-11 06:00:00,914.0,915.0,911.4,914.4,91218.0,833526.846
2026-01-11 07:00:00,914.4,916.7,912.8,914.2,199175.0,1822796.754
2026-01-11 08:00:00,914.2,917.7,913.3,917.5,175338.0,1605044.5667
2026-01-11 09:00:00,917.5,917.6,912.8,913.8,231577.0,2119569.9262
2026-01-11 10:00:00,913.8,914.1,912.2,913.3,82730.0,755573.922
2026-01-11 11:00:00,913.3,913.9,912.3,912.4,134830.0,1230925.096
2026-01-11 12:00:00,912.4,914.9,912.4,913.9,208664.0,1906940.096
2026-01-11 13:00:00,913.9,914.5,912.6,914.4,102081.0,932805.039
2026-01-11 14:00:00,914.4,915.8,911.1,911.6,316545.0,2891476.9157
2026-01-11 15:00:00,911.6,912.3,906.5,909.2,322628.0,2934448.0442
2026-01-11 16:00:00,909.2,911.6,908.4,908.4,359512.0,3272230.9412
2026-01-11 17:00:00,908.4,909.8,906.4,907.8,283256.0,2572437.2437
2026-01-11 18:00:00,907.8,907.9,905.3,906.9,645709.0,5852863.3777
2026-01-11 19:00:00,906.9,907.3,903.5,905.2,403876.0,3658199.228
2026-01-11 20:00:00,905.2,905.2,901.1,902.9,505154.0,4559482.1207
2026-01-11 21:00:00,902.9,905.9,900.6,905.4,175852.0,1588157.4377
2026-01-11 22:00:00,905.4,905.4,901.8,903.5,406166.0,3669359.5312
2026-01-11 23:00:00,903.5,905.0,899.1,904.7,305681.0,2756692.0424
2026-01-12 00:00:00,904.7,906.6,896.9,902.2,290300.0,2614531.4185
2026-01-12 01:00:00,902.2,905.7,900.9,903.7,126100.0,1139239.5815
2026-01-12 02:00:00,903.7,909.8,902.5,909.1,375657.0,3407161.5444
2026-01-12 03:00:00,909.1,910.9,905.2,905.5,461408.0,4191522.8397
2026-01-12 04:00:00,905.5,910.5,905.3,909.7,141117.0,1281873.7917
2026-01-12 05:00:00,909.7,910.3,907.8,908.1,198369.0,1803389.168
2026-01-12 06:00:00,908.1,909.4,906.7,907.5,282659.0,2565908.314
2026-01-12 07:00:00,907.5,908.7,904.0,905.1,244279.0,2212977.4962
2026-01-12 08:00:00,905.1,908.5,899.6,903.5,334007.0,3019723.702
2026-01-12 09:00:00,903.5,904.1,900.8,901.3,216715.0,1955866.025
2026-01-12 10:00:00,901.3,902.4,899.1,899.5,173725.0,1564413.7337
2026-01-12 11:00:00,899.5,902.4,898.8,901.9,82200.0,740654.119
2026-01-12 12:00:00,901.9,904.3,900.6,902.6,113736.0,1026622.0057
2026-01-12 13:00:00,902.6,902.7,899.0,900.5,251354.0,2263210.0797
2026-01-12 14:00:00,900.5,902.6,894.4,900.1,622050.0,5593954.0249
2026-01-12 15:00:00,900.1,905.6,899.4,904.5,944808.0,8539988.7604
2026-01-12 16:00:00,904.5,908.6,904.5,906.2,398372.0,3611258.7594
2026-01-12 17:00:00,906.2,907.7,900.5,905.0,281120.0,2541171.3447
2026-01-12 18:00:00,905.0,908.7,904.9,908.4,251089.0,2277897.6634
2026-01-12 19:00:00,908.4,909.9,906.1,908.4,230353.0,2092062.801
2026-01-12 20:00:00,908.4,908.9,905.6,905.6,266308.0,2416017.302
2026-01-12 21:00:00,905.6,906.8,901.6,903.0,164104.0,1484461.6684
2026-01-12 22:00:00,903.0,907.3,903.0,906.3,171240.0,1551426.1902
2026-01-12 23:00:00,906.3,908.0,904.4,906.2,182493.0,1655233.617
2026-01-13 00:00:00,906.2,908.5,905.0,906.8,137659.0,1248579.7052
2026-01-13 01:00:00,906.8,907.8,903.0,904.0,145777.0,1318002.2882
2026-01-13 02:00:00,904.0,905.9,903.0,905.3,66559.0,601948.537
2026-01-13 03:00:00,905.3,907.5,904.1,907.0,84984.0,769923.5965
2026-01-13 04:00:00,907.0,910.1,907.0,910.1,296478.0,2693354.7937
2026-01-13 05:00:00,910.1,912.7,909.4,909.8,593115.0,5401493.3557
2026-01-13 06:00:00,909.8,912.9,908.6,912.4,535854.0,4881225.898
2026-01-13 07:00:00,912.4,915.4,909.8,909.9,1564444.0,14282759.1284
2026-01-13 08:00:00,909.9,911.8,908.4,910.1,2065137.0,18799392.243
2026-01-13 09:00:00,910.1,912.0,907.9,908.5,1615369.0,14701378.3142
2026-01-13 10:00:00,908.5,911.7,907.6,909.7,2013814.0,18326218.0537
2026-01-13 11:00:00,909.7,910.2,908.6,908.9,305215.0,2775760.227
2026-01-13 12:00:00,908.9,910.6,907.2,910.2,224150.0,2036544.2802
2026-01-13 13:00:00,910.2,913.8,909.3,910.4,338175.0,3083408.3647
2026-01-13 14:00:00,910.4,914.7,909.2,911.4,443278.0,4045094.5924
2026-01-13 15:00:00,911.4,917.2,909.3,917.1,400101.0,3656673.5584
2026-01-13 16:00:00,917.1,924.2,917.1,920.6,840132.0,7740243.1669
2026-01-13 17:00:00,920.6,922.8,917.6,921.2,399522.0,3678559.6787
2026-01-13 18:00:00,921.2,940.4,921.0,940.3,1557251.0,14535757.9028
2026-01-13 19:00:00,940.3,946.5,939.6,942.1,612103.0,5769563.1412
2026-01-13 20:00:00,942.1,946.7,940.7,944.0,506876.0,4783624.1259
2026-01-13 21:00:00,944.0,944.7,941.5,942.4,633716.0,5977347.732
2026-01-13 22:00:00,942.4,954.6,941.1,946.6,625522.0,5926470.3418
2026-01-13 23:00:00,946.6,949.2,942.0,944.3,337054.0,3186284.5529
2026-01-14 00:00:00,944.3,949.5,944.3,948.4,204016.0,1933296.5654
2026-01-14 01:00:00,948.4,952.1,947.1,948.1,172985.0,1642816.6234
2026-01-14 02:00:00,948.1,955.4,948.0,948.9,159825.0,1519622.8439
2026-01-14 03:00:00,948.9,951.2,946.5,950.7,136742.0,1297168.6482
2026-01-14 04:00:00,950.7,952.8,943.2,944.8,281270.0,2659262.2006
2026-01-14 05:00:00,944.8,944.8,940.7,941.0,123063.0,1159266.1752
2026-01-14 06:00:00,941.0,941.1,936.7,939.3,233019.0,2186679.1434
2026-01-14 07:00:00,939.3,940.9,935.9,938.0,174945.0,1642723.7947
2026-01-14 08:00:00,938.0,939.2,935.5,936.6,148794.0,1395690.282
2026-01-14 09:00:00,936.6,939.4,936.4,938.4,113410.0,1064219.804
2026-01-14 10:00:00,938.4,939.4,935.1,936.8,146467.0,1372914.269
2026-01-14 11:00:00,936.8,936.8,928.9,929.5,362970.0,3380821.4973
2026-01-14 12:00:00,929.5,935.9,929.3,934.9,288737.0,2693097.6797
2026-01-14 13:00:00,934.9,935.5,932.2,933.0,155559.0,1452556.452
2026-01-14 14:00:00,933.0,944.3,932.8,942.0,206380.0,1939082.0209
2026-01-14 15:00:00,942.0,946.4,939.3,942.6,233830.0,2204656.5
2026-01-14 16:00:00,942.6,948.3,942.6,944.6,146460.0,1384840.3291
2026-01-14 17:00:00,944.6,946.7,940.8,942.9,310447.0,2927508.8371
2026-01-14 18:00:00,942.9,945.5,938.8,943.7,232218.0,2187100.3288
2026-01-14 19:00:00,943.7,948.7,943.1,944.3,221363.0,2092632.1741
2026-01-14 20:00:00,944.3,948.4,944.0,945.2,105097.0,994323.4774
2026-01-14 21:00:00,945.2,947.2,943.9,946.2,89677.0,848068.816
2026-01-14 22:00:00,946.2,949.3,945.1,945.8,440150.0,4167712.9104
2026-01-14 23:00:00,945.8,950.9,945.7,949.1,399059.0,3788602.6992
2026-01-15 00:00:00,949.1,949.5,940.5,941.6,322487.0,3050096.8229
2026-01-15 01:00:00,941.6,943.2,935.3,937.3,157129.0,1475127.9917
2026-01-15 02:00:00,937.3,939.4,932.3,934.7,134550.0,1257881.0677
2026-01-15 03:00:00,934.7,935.7,929.4,932.5,149508.0,1393803.8992
2026-01-15 04:00:00,932.5,937.3,932.3,936.4,109684.0,1024723.7164
2026-01-15 05:00:00,936.4,938.7,936.1,936.8,70058.0,656530.949
2026-01-15 06:00:00,936.8,937.7,934.2,934.4,97206.0,909508.335
2026-01-15 07:00:00,934.4,940.4,934.3,939.6,103782.0,974255.8737
2026-01-15 08:00:00,939.6,943.4,938.7,943.4,150651.0,1416481.3952
2026-01-15 09:00:00,943.4,943.6,940.3,941.7,553394.0,5217159.108
2026-01-15 10:00:00,941.7,942.0,940.0,940.2,213992.0,2014147.836
2026-01-15 11:00:00,940.2,941.2,938.3,938.7,109958.0,1033363.3177
2026-01-15 12:00:00,938.7,941.8,937.8,941.6,114863.0,1079306.604
2026-01-15 13:00:00,941.6,945.4,940.6,943.8,265711.0,2505566.8469
2026-01-15 14:00:00,943.8,946.2,933.9,939.1,423833.0,3985499.7964
2026-01-15 15:00:00,939.1,940.7,930.7,938.0,307163.0,2870196.595
2026-01-15 16:00:00,938.0,941.3,935.3,940.8,334943.0,3142397.4097
2026-01-15 17:00:00,940.8,943.2,937.7,938.4,199807.0,1878964.2629
2026-01-15 18:00:00,938.4,938.9,931.6,932.2,266872.0,2494316.3604
2026-01-15 19:00:00,932.2,932.2,925.6,928.4,401250.0,3726477.3154
2026-01-15 20:00:00,928.4,929.5,924.3,925.8,161781.0,1498913.5232
2026-01-15 21:00:00,925.8,931.0,925.5,930.2,158265.0,1469744.0057
2026-01-15 22:00:00,930.2,933.9,929.6,932.3,129832.0,1210223.8272
2026-01-15 23:00:00,932.3,933.0,930.3,931.6,108318.0,1009294.104
2026-01-16 00:00:00,931.6,934.2,930.2,933.5,81466.0,759953.1207
2026-01-16 01:00:00,933.5,933.7,929.6,933.0,46680.0,434850.5712
2026-01-16 02:00:00,933.0,933.5,929.5,932.2,32128.0,299133.563
2026-01-16 03:00:00,932.2,933.1,929.7,929.9,47832.0,445510.533
2026-01-16 04:00:00,929.9,931.5,927.5,928.8,137726.0,1278959.8907
2026-01-16 05:00:00,928.8,934.2,928.1,933.7,68222.0,635801.5399
2026-01-16 06:00:00,933.7,936.1,932.7,936.0,104324.0,974825.455
2026-01-16 07:00:00,936.0,936.5,933.0,934.2,93192.0,871079.927
2026-01-16 08:00:00,934.2,938.8,934.2,937.6,153550.0,1438912.6457
2026-01-16 09:00:00,937.6,938.1,935.3,935.9,96236.0,901379.165
2026-01-16 10:00:00,935.9,936.5,933.5,934.1,101191.0,945909.8167
2026-01-16 11:00:00,934.1,936.0,932.4,935.8,143315.0,1339261.339
2026-01-16 12:00:00,935.8,937.9,934.7,935.1,94416.0,884179.6717
2026-01-16 13:00:00,935.1,935.3,931.7,935.0,121910.0,1138802.1107
2026-01-16 14:00:00,935.0,936.1,930.7,931.0,145366.0,1356871.0722
2026-01-16 15:00:00,931.0,934.0,924.2,927.3,407349.0,3781682.6942
2026-01-16 16:00:00,927.3,931.2,926.9,930.2,279810.0,2601032.0849
2026-01-16 17:00:00,930.2,931.8,927.4,931.8,103450.0,961955.0269
2026-01-16 18:00:00,931.8,932.7,931.0,931.7,69446.0,647180.406
2026-01-16 19:00:00,931.7,932.3,929.6,931.6,54720.0,509237.308
2026-01-16 20:00:00,931.6,934.9,929.0,934.8,106919.0,996343.7487
2026-01-16 21:00:00,934.8,936.3,933.3,935.6,151313.0,1415021.321
2026-01-16 22:00:00,935.6,938.5,934.4,938.4,99274.0,929646.9307
2026-01-16 23:00:00,938.4,939.9,937.5,938.4,107969.0,1013432.4897
2026-01-17 00:00:00,938.4,939.0,936.2,936.3,135274.0,1268083.4572
2026-01-17 01:00:00,936.3,939.5,936.0,938.8,137296.0,1287839.272
2026-01-17 02:00:00,938.8,938.9,935.8,937.9,67394.0,631372.79
2026-01-17 03:00:00,937.9,938.1,936.4,938.0,22292.0,208946.132
2026-01-17 04:00:00,938.0,938.8,936.6,938.4,39157.0,367225.736
2026-01-17 05:00:00,938.4,939.5,937.2,938.8,81590.0,765709.093
2026-01-17 06:00:00,938.8,938.8,936.7,937.6,25482.0,238950.045
2026-01-17 07:00:00,937.6,937.9,935.9,936.5,52853.0,495002.129
2026-01-17 08:00:00,936.5,938.7,936.1,938.5,122647.0,1150437.488
2026-01-17 09:00:00,938.5,942.9,937.5,942.7,133359.0,1254273.2119
2026-01-17 10:00:00,942.7,944.0,941.4,942.0,176534.0,1664249.822
2026-01-17 11:00:00,942.0,945.2,940.6,943.4,595760.0,5623529.547
2026-01-17 12:00:00,943.4,944.9,942.8,942.9,80104.0,755845.373
2026-01-17 13:00:00,942.9,944.1,942.0,944.1,97434.0,918775.14
2026-01-17 14:00:00,944.1,944.8,942.1,944.2,78832.0,743990.678
2026-01-17 15:00:00,944.2,960.1,943.0,955.9,462207.0,4395722.5455
2026-01-17 16:00:00,955.9,956.6,949.6,951.1,406900.0,3876982.2719
2026-01-17 17:00:00,951.1,954.6,950.5,953.3,151142.0,1440115.8242
2026-01-17 18:00:00,953.3,954.6,952.2,953.8,97051.0,925132.108
2026-01-17 19:00:00,953.8,954.2,952.1,953.0,384505.0,3664202.007
2026-01-17 20:00:00,953.0,953.9,950.6,952.7,156670.0,1491583.6297
2026-01-17 21:00:00,952.7,954.8,951.7,952.1,134487.0,1281354.6572
2026-01-17 22:00:00,952.1,953.3,945.8,947.1,339562.0,3225424.8576
2026-01-17 23:00:00,947.1,949.0,946.9,947.7,119757.0,1134927.796
2026-01-18 00:00:00,947.7,951.0,946.0,946.1,97024.0,920193.5225
2026-01-18 01:00:00,946.1,946.7,943.6,945.5,126268.0,1193140.2627
2026-01-18 02:00:00,945.5,947.9,945.3,946.7,254371.0,2408422.1945
2026-01-18 03:00:00,946.7,951.4,946.7,951.1,391345.0,3712717.2799
2026-01-18 04:00:00,951.1,951.1,948.4,949.1,59705.0,566728.055
2026-01-18 05:00:00,949.1,950.0,947.7,948.1,64607.0,612788.6872
2026-01-18 06:00:00,948.1,948.7,946.7,947.6,46390.0,439617.9775
2026-01-18 07:00:00,947.6,948.4,945.1,945.2,77551.0,734324.2827
2026-01-18 08:00:00,945.2,947.6,944.4,946.6,59662.0,564006.969
2026-01-18 09:00:00,946.6,947.7,945.6,946.1,40566.0,383963.982
2026-01-18 10:00:00,946.1,946.2,944.2,945.2,103200.0,974968.958
2026-01-18 11:00:00,945.2,947.6,944.6,947.2,65409.0,619010.158
2026-01-18 12:00:00,947.2,948.9,946.1,948.4,95686.0,907207.8182
2026-01-18 13:00:00,948.4,948.9,945.9,947.4,105481.0,999073.751
2026-01-18 14:00:00,947.4,949.5,945.5,945.8,98666.0,934851.852
2026-01-18 15:00:00,945.8,951.3,944.7,950.4,160723.0,1525024.6496
2026-01-18 16:00:00,950.4,951.5,949.1,950.9,290598.0,2760989.352
2026-01-18 17:00:00,950.9,952.4,949.4,952.1,140664.0,1337552.698
2026-01-18 18:00:00,952.1,953.8,950.6,952.1,297506.0,2832110.2871
2026-01-18 19:00:00,952.1,952.8,949.4,950.0,71944.0,684156.721
2026-01-18 20:00:00,950.0,953.7,949.5,952.8,105258.0,1001954.386
2026-01-18 21:00:00,952.8,952.9,951.0,951.6,70496.0,670881.433
2026-01-18 22:00:00,951.6,952.0,950.3,951.4,45084.0,428858.026
2026-01-18 23:00:00,951.4,951.4,931.9,932.6,823469.0,7732156.0862
2026-01-19 00:00:00,932.6,932.6,901.2,919.0,1908135.0,17440486.2987
2026-01-19 01:00:00,919.0,922.1,916.5,919.7,136413.0,1254089.3389
2026-01-19 02:00:00,919.7,922.2,917.7,921.0,88685.0,816091.0845
2026-01-19 03:00:00,921.0,925.8,920.7,925.4,73165.0,675469.6644
2026-01-19 04:00:00,925.4,927.6,923.0,926.5,129873.0,1202495.5435
2026-01-19 05:00:00,926.5,927.9,923.4,925.0,105605.0,977609.991
2026-01-19 06:00:00,925.0,926.3,923.0,925.2,74751.0,691140.6395
2026-01-19 07:00:00,925.2,928.1,923.5,927.3,164322.0,1523615.9695
2026-01-19 08:00:00,927.3,928.7,925.3,927.2,131605.0,1219909.2047
2026-01-19 09:00:00,927.2,928.5,924.6,928.4,107390.0,995000.9119
2026-01-19 10:00:00,928.4,929.9,926.5,926.6,212161.0,1969246.702
2026-01-19 11:00:00,926.6,929.0,925.6,928.0,145690.0,1351395.545
2026-01-19 12:00:00,928.0,928.2,925.2,927.6,186731.0,1730593.1702
2026-01-19 13:00:00,927.6,929.7,925.9,928.5,200793.0,1863240.9647
2026-01-19 14:00:00,928.5,929.0,923.6,924.7,378635.0,3507127.7952
2026-01-19 15:00:00,924.7,926.8,924.7,925.7,168988.0,1564071.529
2026-01-19 16:00:00,925.7,929.4,925.4,929.0,87491.0,811101.7637
2026-01-19 17:00:00,929.0,929.0,927.2,928.2,76028.0,705584.854
2026-01-19 18:00:00,928.2,928.2,925.6,927.6,96599.0,895064.124
2026-01-19 19:00:00,927.6,929.6,926.8,927.0,70779.0,656939.35
2026-01-19 20:00:00,927.0,928.2,926.0,926.8,116323.0,1078401.078
2026-01-19 21:00:00,926.8,927.9,925.1,925.4,58319.0,540290.3762
2026-01-19 22:00:00,925.4,927.0,922.0,922.1,134806.0,1246584.8912
2026-01-19 23:00:00,922.1,926.0,919.4,924.0,272752.0,2513504.0621
2026-01-20 00:00:00,924.0,931.4,924.0,929.8,216990.0,2014966.3188
2026-01-20 01:00:00,929.8,933.5,928.2,932.6,142337.0,1325442.5539
2026-01-20 02:00:00,932.6,932.8,927.2,928.7,168907.0,1569944.4767
2026-01-20 03:00:00,928.7,929.6,927.1,927.9,243707.0,2261753.019
2026-01-20 04:00:00,927.9,928.9,926.5,926.9,144251.0,1338016.2375
2026-01-20 05:00:00,926.9,927.0,920.3,922.8,422104.0,3896503.0824
2026-01-20 06:00:00,922.8,922.8,914.9,915.7,206737.0,1896561.4804
2026-01-20 07:00:00,915.7,919.9,915.1,918.1,117970.0,1082763.6682
2026-01-20 08:00:00,918.1,918.2,909.4,914.8,216818.0,1979933.6453
2026-01-20 09:00:00,914.8,914.9,913.1,913.7,84976.0,776557.268
2026-01-20 10:00:00,913.7,916.2,913.2,914.7,103158.0,943712.882
2026-01-20 11:00:00,914.7,915.9,912.7,913.0,51960.0,475089.678
2026-01-20 12:00:00,913.0,916.4,913.0,914.4,79600.0,728300.102
2026-01-20 13:00:00,914.4,914.5,906.3,906.7,121086.0,1101507.8979
2026-01-20 14:00:00,906.7,911.6,903.0,903.7,346211.0,3140080.9231
2026-01-20 15:00:00,903.7,905.8,897.3,905.8,429235.0,3873370.2111
2026-01-20 16:00:00,905.8,908.8,896.8,897.0,341547.0,3081736.3897
2026-01-20 17:00:00,897.0,900.0,887.4,891.1,385969.0,3448279.8757
2026-01-20 18:00:00,891.1,895.1,890.9,892.7,146230.0,1305944.1369
2026-01-20 19:00:00,892.7,896.9,892.0,896.2,184570.0,1651861.7057
2026-01-20 20:00:00,896.2,898.3,894.7,896.1,99839.0,894895.9712
2026-01-20 21:00:00,896.1,897.0,894.0,895.1,27043.0,242046.1707
2026-01-20 22:00:00,895.1,897.6,885.5,891.5,276602.0,2464406.49
2026-01-20 23:00:00,891.5,891.7,884.7,884.9,159683.0,1416541.895
2026-01-21 00:00:00,884.9,884.9,867.8,881.7,460076.0,4026068.1994
2026-01-21 01:00:00,881.7,884.3,879.1,880.5,128566.0,1133298.43
2026-01-21 02:00:00,880.5,882.4,877.2,877.7,52289.0,459724.472
2026-01-21 03:00:00,877.7,882.6,875.9,882.0,85265.0,750117.006
2026-01-21 04:00:00,882.0,883.0,879.9,880.2,40583.0,357811.802
2026-01-21 05:00:00,880.2,886.4,879.6,884.6,94444.0,833681.492
2026-01-21 06:00:00,884.6,885.2,878.2,878.6,83350.0,734210.499
2026-01-21 07:00:00,878.6,880.0,874.9,875.8,298733.0,2618975.878
2026-01-21 08:00:00,875.8,875.8,870.3,872.9,447767.0,3909552.653
2026-01-21 09:00:00,872.9,875.7,872.5,873.0,169022.0,1477390.383
2026-01-21 10:00:00,873.0,876.2,872.5,873.6,131602.0,1150395.899
2026-01-21 11:00:00,873.6,875.0,870.1,870.8,160149.0,1396589.323
2026-01-21 12:00:00,870.8,871.4,864.7,871.4,414498.0,3598212.66
2026-01-21 13:00:00,871.4,876.0,871.4,874.2,139083.0,1214783.164
2026-01-21 14:00:00,874.2,884.6,873.4,883.6,324713.0,2858331.293
2026-01-21 15:00:00,883.6,893.8,883.6,892.8,242449.0,2155291.9719
2026-01-21 16:00:00,892.8,892.9,867.8,868.0,497105.0,4359426.212
2026-01-21 17:00:00,868.0,874.4,865.9,870.1,286893.0,2494425.063
2026-01-21 18:00:00,870.1,875.7,867.8,873.8,136810.0,1193902.224
2026-01-21 19:00:00,873.8,890.3,871.6,890.1,338319.0,2987951.67
2026-01-21 20:00:00,890.1,890.3,882.5,888.7,217899.0,1930699.494
2026-01-21 21:00:00,888.7,890.9,887.6,889.9,125172.0,1113532.895
2026-01-21 22:00:00,889.9,892.6,886.5,888.0,93821.0,834386.107
2026-01-21 23:00:00,888.0,890.3,882.6,883.7,97424.0,863523.944
2026-01-22 00:00:00,883.7,890.8,883.7,889.4,106546.0,946294.999
2026-01-22 01:00:00,889.4,892.6,889.0,892.2,76223.0,679026.285
2026-01-22 02:00:00,892.2,894.4,889.6,889.7,52970.0,472772.0269
2026-01-22 03:00:00,889.7,892.9,889.3,891.6,59189.0,527404.611
2026-01-22 04:00:00,891.6,893.4,891.3,892.4,56010.0,499871.58
2026-01-22 05:00:00,892.4,893.1,890.2,891.4,45995.0,410198.845
2026-01-22 06:00:00,891.4,893.1,889.5,891.0,44507.0,396575.22
2026-01-22 07:00:00,891.0,891.3,888.0,888.9,51784.0,460293.013
2026-01-22 08:00:00,888.9,892.7,888.9,892.2,41026.0,365365.225
2026-01-22 09:00:00,892.2,896.7,891.7,895.6,137102.0,1226546.7047
2026-01-22 10:00:00,895.6,897.8,895.2,896.7,140976.0,1263915.4642
2026-01-22 11:00:00,896.7,897.2,892.6,893.1,194764.0,1741318.0897
2026-01-22 12:00:00,893.1,894.3,892.2,892.8,163396.0,1459663.286
2026-01-22 13:00:00,892.8,895.3,886.8,888.6,203014.0,1808537.2152
2026-01-22 14:00:00,888.6,889.0,881.7,883.6,211168.0,1868519.236
2026-01-22 15:00:00,883.6,887.4,878.6,883.6,276499.0,2442517.229
2026-01-22 16:00:00,883.6,887.9,882.4,885.6,168315.0,1489373.168
2026-01-22 17:00:00,885.6,888.5,884.1,888.5,160689.0,1424708.175
2026-01-22 18:00:00,888.5,888.9,884.2,884.5,300501.0,2665684.153
2026-01-22 19:00:00,884.5,889.4,883.7,888.7,358479.0,3182092.149
2026-01-22 20:00:00,888.7,889.7,886.8,887.8,114513.0,1016583.51
2026-01-22 21:00:00,887.8,890.4,887.3,888.3,118773.0,1056218.328
2026-01-22 22:00:00,888.3,892.0,887.3,888.0,111737.0,993869.89
2026-01-22 23:00:00,888.0,888.5,885.8,888.5,145394.0,1290100.799
2026-01-23 00:00:00,888.5,890.7,888.1,889.9,110812.0,986256.072
2026-01-23 01:00:00,889.9,892.2,889.4,892.2,128799.0,1148200.199
2026-01-23 02:00:00,892.2,892.6,889.1,889.2,149146.0,1328313.848
2026-01-23 03:00:00,889.2,892.6,889.1,891.9,133192.0,1187560.065
2026-01-23 04:00:00,891.9,893.9,891.4,892.6,88033.0,785660.598
2026-01-23 05:00:00,892.6,892.6,889.8,891.6,56232.0,501176.488
2026-01-23 06:00:00,891.6,893.0,889.6,890.6,121417.0,1082310.839
2026-01-23 07:00:00,890.6,892.7,890.6,891.6,72660.0,647945.023
2026-01-23 08:00:00,891.6,892.2,888.4,889.1,159384.0,1418685.764
2026-01-23 09:00:00,889.1,890.4,887.3,887.9,114515.0,1018013.445
2026-01-23 10:00:00,887.9,889.8,886.1,889.1,137596.0,1222534.809
2026-01-23 11:00:00,889.1,890.5,887.5,887.8,101584.0,903422.516
2026-01-23 12:00:00,887.8,888.9,886.9,888.0,103641.0,920222.774
2026-01-23 13:00:00,888.0,889.2,886.7,888.4,119769.0,1063476.711
2026-01-23 14:00:00,888.4,891.5,883.7,887.6,423050.0,3756476.247
2026-01-23 15:00:00,887.6,892.7,884.3,892.3,173697.0,1543692.722
2026-01-23 16:00:00,892.3,899.4,892.3,896.6,274322.0,2457364.1479
2026-01-23 17:00:00,896.6,905.7,895.0,899.8,384983.0,3470113.5578
2026-01-23 18:00:00,899.8,903.5,899.0,900.6,289621.0,2610952.2994
2026-01-23 19:00:00,900.6,900.8,891.4,894.3,329310.0,2951385.3959
2026-01-23 20:00:00,894.3,895.6,889.3,891.5,228094.0,2037168.5682
2026-01-23 21:00:00,891.5,893.0,890.3,890.4,196698.0,1754354.79
2026-01-23 22:00:00,890.4,893.7,890.2,893.3,144580.0,1289573.269
2026-01-23 23:00:00,893.3,893.3,891.1,892.1,46327.0,413202.135
2026-01-24 00:00:00,892.1,892.7,890.1,890.3,103412.0,921764.089
2026-01-24 01:00:00,890.3,891.3,889.9,890.7,28342.0,252326.04
2026-01-24 02:00:00,890.7,893.8,890.6,893.1,43084.0,384734.365
2026-01-24 03:00:00,893.1,894.9,892.2,893.3,80523.0,719986.2537
2026-01-24 04:00:00,893.3,894.6,892.8,893.2,12293.0,109816.26
2026-01-24 05:00:00,893.2,894.2,892.8,893.4,45035.0,402506.216
2026-01-24 06:00:00,893.4,893.9,892.5,892.7,55138.0,492290.485
2026-01-24 07:00:00,892.7,893.4,892.0,892.7,31248.0,278916.612
2026-01-24 08:00:00,892.7,893.0,891.7,892.8,38949.0,347567.554
2026-01-24 09:00:00,892.8,893.1,892.2,892.7,28404.0,253561.355
2026-01-24 10:00:00,892.7,893.2,892.0,892.5,28397.0,253497.013
2026-01-24 11:00:00,892.5,894.5,892.5,893.1,55042.0,491844.373
2026-01-24 12:00:00,893.1,893.1,892.1,892.7,49097.0,438290.107
2026-01-24 13:00:00,892.7,892.9,891.3,891.3,65811.0,587207.587
2026-01-24 14:00:00,891.3,893.2,891.3,892.0,59208.0,528359.075
2026-01-24 15:00:00,892.0,893.1,889.1,889.2,87080.0,775537.3382
2026-01-24 16:00:00,889.2,889.3,887.0,888.1,108297.0,961946.713
2026-01-24 17:00:00,888.1,890.1,887.9,889.7,57255.0,509166.056
2026-01-24 18:00:00,889.7,890.8,889.1,889.5,55981.0,498049.373
2026-01-24 19:00:00,889.5,889.5,888.3,888.5,27864.0,247630.111
2026-01-24 20:00:00,888.5,889.3,887.8,888.3,65476.0,581753.236
2026-01-24 21:00:00,888.3,889.0,887.4,889.0,82278.0,730483.463
2026-01-24 22:00:00,889.0,890.0,888.5,889.2,48534.0,431631.86
2026-01-24 23:00:00,889.2,889.5,887.4,887.6,35699.0,317114.097
2026-01-25 00:00:00,887.6,888.0,886.0,886.6,67905.0,602229.988
2026-01-25 01:00:00,886.6,886.8,884.2,885.1,63041.0,557967.561
2026-01-25 02:00:00,885.1,885.6,884.1,884.4,59628.0,527691.111
2026-01-25 03:00:00,884.4,885.0,880.4,881.8,154082.0,1359300.71
2026-01-25 04:00:00,881.8,884.1,881.5,882.8,105974.0,936161.198
2026-01-25 05:00:00,882.8,883.3,881.1,882.7,44800.0,395342.772
2026-01-25 06:00:00,882.7,882.8,880.2,882.3,41138.0,362737.926
2026-01-25 07:00:00,882.3,882.3,880.0,880.0,42467.0,374028.957
2026-01-25 08:00:00,880.0,882.4,877.6,878.8,103292.0,907559.74
2026-01-25 09:00:00,878.8,882.8,878.8,881.5,136177.0,1199421.014
2026-01-25 10:00:00,881.5,883.8,881.0,882.7,104965.0,926894.66
2026-01-25 11:00:00,882.7,883.3,880.2,881.1,30118.0,265511.288
2026-01-25 12:00:00,881.1,881.5,880.0,881.4,48664.0,428497.975
2026-01-25 13:00:00,881.4,881.8,879.2,881.0,77086.0,678899.151
2026-01-25 14:00:00,881.0,881.2,877.3,879.2,143225.0,1259206.621
2026-01-25 15:00:00,879.2,880.4,877.3,878.2,68267.0,600045.69
2026-01-25 16:00:00,878.2,878.2,868.3,871.3,630412.0,5497514.191
2026-01-25 17:00:00,871.3,871.7,867.9,869.8,142905.0,1242781.331
2026-01-25 18:00:00,869.8,870.4,862.1,867.1,316404.0,2740425.629
2026-01-25 19:00:00,867.1,867.9,856.4,859.3,355406.0,3063276.4963
2026-01-25 20:00:00,859.3,861.6,856.2,861.2,121254.0,1041178.288
2026-01-25 21:00:00,861.2,865.0,860.3,864.2,150176.0,1296372.681
2026-01-25 22:00:00,864.2,864.5,860.4,862.4,74209.0,639683.398
2026-01-25 23:00:00,862.4,867.1,859.8,866.6,76009.0,656363.803
2026-01-26 00:00:00,866.6,870.3,865.7,868.1,178325.0,1548382.4702
2026-01-26 01:00:00,868.1,876.4,867.9,874.7,120112.0,1048657.101
2026-01-26 02:00:00,874.7,875.3,871.0,872.3,71606.0,625237.225
2026-01-26 03:00:00,872.3,873.3,867.3,868.6,64750.0,563319.364
2026-01-26 04:00:00,868.6,874.3,868.5,872.7,48040.0,419064.118
2026-01-26 05:00:00,872.7,873.3,871.8,872.6,25802.0,225147.255
2026-01-26 06:00:00,872.6,874.2,870.6,873.4,90888.0,793070.788
2026-01-26 07:00:00,873.4,875.2,871.7,875.1,69389.0,606185.005
2026-01-26 08:00:00,875.1,878.0,873.4,873.8,138295.0,1210879.58
2026-01-26 09:00:00,873.8,874.0,869.9,870.6,92918.0,809856.831
2026-01-26 10:00:00,870.6,873.4,870.6,872.8,84651.0,738699.536
2026-01-26 11:00:00,872.8,873.7,871.8,873.6,51718.0,451551.996
2026-01-26 12:00:00,873.6,875.4,872.1,873.0,65427.0,571689.263
2026-01-26 13:00:00,873.0,875.1,872.6,874.9,117808.0,1029378.64
2026-01-26 14:00:00,874.9,876.9,870.2,874.7,229190.0,2001603.905
2026-01-26 15:00:00,874.7,878.9,870.1,872.5,228476.0,1995300.903
2026-01-26 16:00:00,872.5,875.7,870.5,873.5,183329.0,1600444.066
2026-01-26 17:00:00,873.5,875.2,869.0,874.4,182061.0,1587060.673
2026-01-26 18:00:00,874.4,879.6,874.0,878.4,176845.0,1552123.146
2026-01-26 19:00:00,878.4,879.3,874.5,874.9,125253.0,1097266.851
2026-01-26 20:00:00,874.9,875.9,872.2,873.2,108034.0,944402.808
2026-01-26 21:00:00,873.2,879.4,872.7,877.2,158283.0,1387365.081
2026-01-26 22:00:00,877.2,879.5,876.6,878.5,103248.0,906571.168
2026-01-26 23:00:00,878.5,881.9,877.2,880.0,146093.0,1285983.904
2026-01-27 00:00:00,880.0,880.0,877.0,878.1,98884.0,868527.459
2026-01-27 01:00:00,878.1,882.0,876.7,881.7,97312.0,856607.429
2026-01-27 02:00:00,881.7,885.8,881.6,885.4,163574.0,1446121.538
2026-01-27 03:00:00,885.4,886.4,884.5,885.0,62229.0,550857.568
2026-01-27 04:00:00,885.0,888.3,884.7,885.7,121071.0,1073754.163
2026-01-27 05:00:00,885.7,886.0,882.9,885.0,85516.0,756279.615
2026-01-27 06:00:00,885.0,885.8,882.8,883.7,29426.0,260056.527
2026-01-27 07:00:00,883.7,886.1,883.5,884.1,131173.0,1160579.908
2026-01-27 08:00:00,884.1,885.5,883.8,885.2,41153.0,364032.009
2026-01-27 09:00:00,885.2,885.3,881.8,881.8,98283.0,868293.968
2026-01-27 10:00:00,881.8,882.4,877.5,877.9,280758.0,2470839.483
2026-01-27 11:00:00,877.9,880.9,877.3,880.7,170230.0,1496198.936
2026-01-27 12:00:00,880.7,882.3,880.7,881.2,113420.0,999947.086
2026-01-27 13:00:00,881.2,883.6,879.8,882.7,195301.0,1722038.092
2026-01-27 14:00:00,882.7,885.6,881.0,882.2,232156.0,2050731.773
2026-01-27 15:00:00,882.2,886.6,881.7,886.2,221938.0,1962420.66
2026-01-27 16:00:00,886.2,897.0,886.1,895.4,323713.0,2889063.1019
2026-01-27 17:00:00,895.4,898.4,885.3,887.7,530576.0,4721966.7239
2026-01-27 18:00:00,887.7,895.4,886.9,893.1,127269.0,1134491.7907
2026-01-27 19:00:00,893.1,894.2,890.5,892.4,86817.0,774935.3159
2026-01-27 20:00:00,892.4,899.6,892.1,899.2,139278.0,1249127.8722
2026-01-27 21:00:00,899.2,899.7,895.5,896.4,56615.0,508043.813
2026-01-27 22:00:00,896.4,900.6,896.4,899.7,57613.0,518131.9067
2026-01-27 23:00:00,899.7,901.8,898.5,898.8,91414.0,823139.913
2026-01-28 00:00:00,898.8,901.5,898.2,900.7,69958.0,629453.492
2026-01-28 01:00:00,900.7,901.6,896.0,897.1,86513.0,776802.0792
2026-01-28 02:00:00,897.1,897.5,895.0,897.5,33319.0,298520.85
2026-01-28 03:00:00,897.5,898.1,895.3,897.4,51637.0,463365.863
2026-01-28 04:00:00,897.4,899.6,895.8,899.4,82909.0,744759.549
2026-01-28 05:00:00,899.4,901.3,898.5,901.2,167047.0,1504008.7577
2026-01-28 06:00:00,901.2,905.3,900.1,904.3,127904.0,1154912.5847
2026-01-28 07:00:00,904.3,904.7,902.3,903.8,37723.0,340866.725
2026-01-28 08:00:00,903.8,906.5,902.7,902.9,73645.0,666394.6747
2026-01-28 09:00:00,902.9,909.2,902.9,909.0,261185.0,2368422.4747
2026-01-28 10:00:00,909.0,910.0,905.7,906.1,97878.0,888031.556
2026-01-28 11:00:00,906.1,908.2,903.3,908.1,162606.0,1471541.1707
2026-01-28 12:00:00,908.1,908.2,904.3,905.7,203609.0,1846336.405
2026-01-28 13:00:00,905.7,908.7,905.7,906.5,71020.0,644288.2902
2026-01-28 14:00:00,906.5,906.5,901.1,902.4,201868.0,1823605.5974
2026-01-28 15:00:00,902.4,904.4,897.6,903.2,175209.0,1578450.6314
2026-01-28 16:00:00,903.2,904.0,898.2,900.5,252570.0,2273354.2667
2026-01-28 17:00:00,900.5,907.7,898.2,905.1,241768.0,2179090.4749
2026-01-28 18:00:00,905.1,905.2,901.2,903.0,108308.0,977480.5297
2026-01-28 19:00:00,903.0,905.8,900.6,904.7,104037.0,938964.0047
2026-01-28 20:00:00,904.7,908.1,902.8,903.3,191389.0,1732579.719
2026-01-28 21:00:00,903.3,905.3,900.6,904.8,66400.0,599067.4662
2026-01-28 22:00:00,904.8,905.8,903.1,905.0,41102.0,371876.0107
2026-01-28 23:00:00,905.0,905.6,902.1,903.5,69527.0,628155.6472
2026-01-29 00:00:00,903.5,904.7,901.0,904.0,28527.0,257632.894
2026-01-29 01:00:00,904.0,905.3,899.4,900.0,217767.0,1963152.0947
2026-01-29 02:00:00,900.0,901.7,893.8,895.2,143254.0,1285872.4719
2026-01-29 03:00:00,895.2,899.5,894.4,897.1,83106.0,746329.7592
2026-01-29 04:00:00,897.1,902.0,895.6,901.1,243381.0,2185918.0827
2026-01-29 05:00:00,901.1,903.2,898.6,899.1,182908.0,1646162.5429
2026-01-29 06:00:00,899.1,902.0,899.1,902.0,136867.0,1232916.075
2026-01-29 07:00:00,902.0,907.1,901.9,905.2,371607.0,3361317.0709
2026-01-29 08:00:00,905.2,906.1,902.5,903.9,393717.0,3560564.4584
2026-01-29 09:00:00,903.9,905.4,902.7,903.8,562311.0,5084718.969
2026-01-29 10:00:00,903.8,904.4,895.7,895.9,982496.0,8846919.3341
2026-01-29 11:00:00,895.9,897.2,893.9,894.8,247138.0,2212417.2767
2026-01-29 12:00:00,894.8,895.1,890.3,891.7,275794.0,2461064.4472
2026-01-29 13:00:00,891.7,893.0,890.6,891.0,154838.0,1380715.95
2026-01-29 14:00:00,891.0,891.9,878.1,878.1,481453.0,4264296.012
2026-01-29 15:00:00,878.1,878.5,857.2,864.4,817951.0,7103803.18
2026-01-29 16:00:00,864.4,866.1,857.2,865.8,272019.0,2343349.936
2026-01-29 17:00:00,865.8,870.6,863.0,863.5,211057.0,1828449.757
2026-01-29 18:00:00,863.5,867.8,856.7,858.4,324354.0,2795848.68
2026-01-29 19:00:00,858.4,863.0,853.2,860.4,359831.0,3084707.7267
2026-01-29 20:00:00,860.4,865.8,860.0,864.9,215596.0,1862188.19
2026-01-29 21:00:00,864.9,867.4,863.1,865.5,119065.0,1029868.415
2026-01-29 22:00:00,865.5,867.7,863.4,867.7,72286.0,625791.24
2026-01-29 23:00:00,867.7,869.7,865.5,868.9,87359.0,757645.67
2026-01-30 00:00:00,868.9,870.0,864.2,865.6,132214.0,1145445.423
2026-01-30 01:00:00,865.6,865.7,837.2,847.9,1280174.0,10844576.2976
2026-01-30 02:00:00,847.9,847.9,835.6,842.5,389412.0,3283599.439
2026-01-30 03:00:00,842.5,847.0,842.5,845.8,134286.0,1135652.913
2026-01-30 04:00:00,845.8,854.6,845.7,850.7,92898.0,790829.6464
2026-01-30 05:00:00,850.7,852.1,847.7,847.8,233325.0,1983579.372
2026-01-30 06:00:00,847.8,847.8,836.4,840.3,176164.0,1481913.92
2026-01-30 07:00:00,840.3,848.4,840.3,847.3,117825.0,995297.276
2026-01-30 08:00:00,847.3,848.1,840.3,842.0,95695.0,806931.185
2026-01-30 09:00:00,842.0,843.6,833.1,834.5,131545.0,1102298.632
2026-01-30 10:00:00,834.5,838.9,833.4,838.9,79990.0,669411.038
2026-01-30 11:00:00,838.9,844.8,837.0,842.5,123800.0,1040381.934
2026-01-30 12:00:00,842.5,843.6,836.3,837.9,83680.0,702612.345
2026-01-30 13:00:00,837.9,851.8,837.7,845.0,336713.0,2843446.041
2026-01-30 14:00:00,845.0,855.9,845.0,850.7,283581.0,2414936.538
2026-01-30 15:00:00,850.7,855.5,845.5,850.1,281400.0,2398434.782
2026-01-30 16:00:00,850.1,854.6,848.1,851.1,119319.0,1016686.515
2026-01-30 17:00:00,851.1,853.3,847.6,848.8,109127.0,927437.839
2026-01-30 18:00:00,848.8,852.5,832.2,850.6,414934.0,3501053.619
2026-01-30 19:00:00,850.6,856.1,850.6,854.5,283946.0,2426061.055
2026-01-30 20:00:00,854.5,862.3,846.7,859.5,225022.0,1919586.775
2026-01-30 21:00:00,859.5,860.4,853.9,859.4,122086.0,1046945.667
2026-01-30 22:00:00,859.4,860.4,857.1,860.4,59732.0,512970.5
2026-01-30 23:00:00,860.4,861.9,856.8,859.0,73474.0,631258.175
2026-01-31 00:00:00,859.0,861.1,856.7,856.9,52217.0,448798.255
2026-01-31 01:00:00,856.9,859.2,854.1,854.5,64721.0,554296.52
2026-01-31 02:00:00,854.5,855.5,852.0,854.5,20114.0,171703.193
2026-01-31 03:00:00,854.5,856.4,852.9,853.2,10964.0,93680.279
2026-01-31 04:00:00,853.2,854.8,851.3,851.7,23203.0,197795.571
2026-01-31 05:00:00,851.7,853.4,850.6,851.4,45697.0,389256.154
2026-01-31 06:00:00,851.4,852.4,849.1,851.2,23239.0,197661.872
2026-01-31 07:00:00,851.2,851.5,846.2,847.9,65626.0,556634.439
2026-01-31 08:00:00,847.9,848.0,833.1,836.4,280595.0,2357706.975
2026-01-31 09:00:00,836.4,841.5,835.9,839.1,100956.0,847217.441
2026-01-31 10:00:00,839.1,840.6,836.8,839.0,98893.0,829313.929
2026-01-31 11:00:00,839.0,839.1,836.0,837.1,121260.0,1015138.23
2026-01-31 12:00:00,837.1,837.7,833.2,833.8,146298.0,1221435.429
2026-01-31 13:00:00,833.8,834.4,829.0,829.9,222690.0,1850833.5247
2026-01-31 14:00:00,829.9,832.1,805.5,812.1,1228925.0,10025790.3647
2026-01-31 15:00:00,812.1,816.7,801.8,803.3,469276.0,3800723.5339
2026-01-31 16:00:00,803.3,810.1,790.1,793.1,901402.0,7225746.7943
2026-01-31 17:00:00,793.1,796.0,774.1,781.6,1468164.0,11466009.343
2026-01-31 18:00:00,781.6,784.0,749.2,772.5,2030212.0,15605648.5536
2026-01-31 19:00:00,772.5,781.4,767.7,771.1,780208.0,6031752.0894
2026-01-31 20:00:00,771.1,775.8,766.2,770.7,299944.0,2309400.351
2026-01-31 21:00:00,770.7,777.6,766.4,776.1,374942.0,2893961.451
2026-01-31 22:00:00,776.1,778.2,772.0,774.4,137094.0,1062736.681
2026-01-31 23:00:00,774.4,785.7,773.3,781.2,490679.0,3816458.149
2026-02-01 00:00:00,781.2,786.6,779.6,785.1,179802.0,1409273.513
2026-02-01 01:00:00,785.1,785.7,779.1,784.9,148548.0,1162713.396
2026-02-01 02:00:00,784.9,789.5,783.8,787.1,130570.0,1027497.344
2026-02-01 03:00:00,787.1,787.3,780.0,783.8,109339.0,856125.316
2026-02-01 04:00:00,783.8,785.1,781.9,782.1,62546.0,489790.065
2026-02-01 05:00:00,782.1,784.2,779.2,780.7,117419.0,917876.968
2026-02-01 06:00:00,780.7,783.4,777.6,777.6,55255.0,431200.722
2026-02-01 07:00:00,777.6,782.6,774.0,778.3,96676.0,751129.633
2026-02-01 08:00:00,778.3,782.7,775.5,779.1,106628.0,829944.628
2026-02-01 09:00:00,779.1,782.4,777.1,781.5,123042.0,958958.531
2026-02-01 10:00:00,781.5,782.7,769.4,769.9,161884.0,1255419.319
2026-02-01 11:00:00,769.9,775.6,768.5,774.3,163685.0,1263961.893
2026-02-01 12:00:00,774.3,774.3,767.3,769.4,175414.0,1350564.657
2026-02-01 13:00:00,769.4,773.7,763.7,765.4,676173.0,5197096.124
2026-02-01 14:00:00,765.4,767.4,745.9,762.8,607269.0,4596167.185
2026-02-01 15:00:00,762.8,762.8,742.6,749.9,490363.0,3683846.636
2026-02-01 16:00:00,749.9,757.3,746.1,753.6,365059.0,2742760.405
2026-02-01 17:00:00,753.6,756.2,749.5,756.1,114474.0,862187.619
2026-02-01 18:00:00,756.1,766.7,756.1,763.2,236383.0,1803432.318
2026-02-01 19:00:00,763.2,764.2,754.1,757.1,152458.0,1156326.9
2026-02-01 20:00:00,757.1,763.7,751.7,757.6,216496.0,1643120.631
2026-02-01 21:00:00,757.6,758.5,751.3,753.5,114904.0,867615.097
2026-02-01 22:00:00,753.5,765.5,753.5,762.0,189647.0,1445328.7
2026-02-01 23:00:00,762.0,766.4,739.6,758.5,477403.0,3579834.0806
2026-02-02 00:00:00,758.5,770.5,754.0,764.3,393730.0,3010758.326
2026-02-02 01:00:00,764.3,769.4,753.9,765.7,373181.0,2825622.867
2026-02-02 02:00:00,765.7,766.9,758.0,758.8,149044.0,1138407.28
2026-02-02 03:00:00,758.8,759.2,728.6,751.7,528708.0,3897998.1356
2026-02-02 04:00:00,751.7,760.4,744.0,751.8,183578.0,1382337.502
2026-02-02 05:00:00,751.8,753.3,736.0,738.5,223426.0,1657774.271
2026-02-02 06:00:00,738.5,754.7,729.0,747.7,389005.0,2882186.134
2026-02-02 07:00:00,747.7,757.0,747.2,752.8,436965.0,3292357.413
2026-02-02 08:00:00,752.8,760.3,752.8,758.6,114380.0,867046.849
2026-02-02 09:00:00,758.6,767.5,755.7,764.3,224436.0,1713157.23
2026-02-02 10:00:00,764.3,765.7,759.7,760.4,107980.0,823940.45
2026-02-02 11:00:00,760.4,766.0,760.4,762.7,150698.0,1151790.762
2026-02-02 12:00:00,762.7,769.4,762.7,766.6,139334.0,1068226.419
2026-02-02 13:00:00,766.6,769.1,764.0,768.2,170725.0,1308007.425
2026-02-02 14:00:00,768.2,775.2,762.0,769.4,400881.0,3084032.968
2026-02-02 15:00:00,769.4,781.3,767.4,777.6,666759.0,5182415.575
2026-02-02 16:00:00,777.6,781.3,774.6,775.5,300322.0,2336163.458
2026-02-02 17:00:00,775.5,778.3,772.8,775.0,458950.0,3562881.402
2026-02-02 18:00:00,775.0,777.5,772.4,774.9,362391.0,2810964.429
2026-02-02 19:00:00,774.9,776.0,770.4,770.5,128970.0,997619.24
2026-02-02 20:00:00,770.5,773.3,767.6,769.6,147436.0,1135240.969
2026-02-02 21:00:00,769.6,774.9,769.5,773.7,110436.0,854067.783
2026-02-02 22:00:00,773.7,776.2,773.5,776.1,81980.0,635266.623
2026-02-02 23:00:00,776.1,777.0,773.8,774.2,85123.0,659952.004
2026-02-03 00:00:00,774.2,774.9,769.9,774.7,100485.0,776413.284
2026-02-03 01:00:00,774.7,775.4,770.3,773.9,79173.0,611483.85
2026-02-03 02:00:00,773.9,774.0,763.6,764.2,125076.0,960346.172
2026-02-03 03:00:00,764.2,773.3,762.8,772.4,130107.0,997216.849
2026-02-03 04:00:00,772.4,779.1,771.0,777.8,105659.0,819185.864
2026-02-03 05:00:00,777.8,778.5,773.7,774.2,56459.0,438164.067
2026-02-03 06:00:00,774.2,779.0,771.6,778.0,115618.0,897096.193
2026-02-03 07:00:00,778.0,783.7,777.2,782.1,235155.0,1839709.177
2026-02-03 08:00:00,782.1,782.7,778.0,779.8,239644.0,1870196.598
2026-02-03 09:00:00,779.8,780.6,769.4,772.0,259168.0,2006927.941
2026-02-03 10:00:00,772.0,773.6,766.6,767.9,164286.0,1262824.357
2026-02-03 11:00:00,767.9,770.8,767.4,768.9,123297.0,947887.059
2026-02-03 12:00:00,768.9,775.6,767.9,774.3,243429.0,1883174.037
2026-02-03 13:00:00,774.3,776.6,773.1,775.0,44798.0,347114.713
2026-02-03 14:00:00,775.0,776.5,765.2,765.4,173910.0,1341529.94
2026-02-03 15:00:00,765.4,778.4,764.4,776.9,236324.0,1821595.129
2026-02-03 16:00:00,776.9,776.9,763.3,764.3,336228.0,2578302.65
2026-02-03 17:00:00,764.3,764.9,751.2,751.2,715126.0,5419200.514
2026-02-03 18:00:00,751.2,753.4,737.0,737.7,446662.0,3328353.72
2026-02-03 19:00:00,737.7,759.8,736.7,758.6,578420.0,4339897.001
2026-02-03 20:00:00,758.6,775.4,752.6,772.0,416077.0,3181365.688
2026-02-03 21:00:00,772.0,775.1,764.7,765.0,251933.0,1936175.633
2026-02-03 22:00:00,765.0,765.3,755.5,757.4,178754.0,1359483.694
2026-02-03 23:00:00,757.4,760.0,752.7,755.1,98912.0,749084.733
2026-02-04 00:00:00,755.1,757.7,752.0,754.2,38581.0,291534.337
2026-02-04 01:00:00,754.2,762.9,754.2,759.9,75299.0,572849.035
2026-02-04 02:00:00,759.9,761.6,752.3,755.1,31296.0,236849.352
2026-02-04 03:00:00,755.1,764.6,754.7,762.1,62712.0,477782.675
2026-02-04 04:00:00,762.1,763.5,758.6,758.8,42111.0,320135.902
2026-02-04 05:00:00,758.8,759.6,754.6,756.4,678969.0,5136199.091
2026-02-04 06:00:00,756.4,764.2,756.1,763.0,71559.0,543960.741
2026-02-04 07:00:00,763.0,765.9,760.4,764.7,59017.0,450580.271
2026-02-04 08:00:00,764.7,764.7,758.8,762.6,85554.0,651549.963
2026-02-04 09:00:00,762.6,762.6,755.6,756.4,383071.0,2905614.047
2026-02-04 10:00:00,756.4,757.4,755.0,756.4,564326.0,4266482.692
2026-02-04 11:00:00,756.4,756.5,747.7,751.1,852289.0,6392521.824
2026-02-04 12:00:00,751.1,752.7,748.2,752.2,177680.0,1333665.874
2026-02-04 13:00:00,752.2,752.6,740.7,740.7,634362.0,4725492.944
2026-02-04 14:00:00,740.7,748.0,733.8,735.7,1716449.0,12715059.862
2026-02-04 15:00:00,735.7,740.3,727.4,734.0,1227579.0,9004190.961
2026-02-04 16:00:00,734.0,736.4,726.4,729.5,646181.0,4713325.13
2026-02-04 17:00:00,729.5,731.8,715.3,716.4,342414.0,2474693.6596
2026-02-04 18:00:00,716.4,723.3,707.3,711.4,633706.0,4525797.926
2026-02-04 19:00:00,711.4,719.2,709.6,718.3,379487.0,2710115.842
2026-02-04 20:00:00,718.3,719.0,712.0,713.1,245009.0,1751882.672
2026-02-04 21:00:00,713.1,714.2,699.8,702.3,494456.0,3482136.7255
2026-02-04 22:00:00,702.3,703.7,687.3,691.8,885288.0,6156108.025
2026-02-04 23:00:00,691.8,702.7,690.4,697.3,558973.0,3902638.47
2026-02-05 00:00:00,697.3,700.3,694.7,696.1,257534.0,1795579.183
2026-02-05 01:00:00,696.1,703.0,691.1,698.6,394789.0,2756431.551
2026-02-05 02:00:00,698.6,702.4,692.9,694.8,298200.0,2078335.508
2026-02-05 03:00:00,694.8,699.3,692.1,694.3,275100.0,1913179.354
2026-02-05 04:00:00,694.3,697.3,689.5,692.8,304347.0,2108540.497
2026-02-05 05:00:00,692.8,699.3,685.8,692.7,187876.0,1299133.73
2026-02-05 06:00:00,692.7,694.0,688.5,691.8,184323.0,1273016.791
2026-02-05 07:00:00,691.8,700.4,690.6,691.4,162818.0,1134222.426
2026-02-05 08:00:00,691.4,697.5,691.3,692.3,82293.0,570745.3
2026-02-05 09:00:00,692.3,700.3,691.7,698.1,166188.0,1160140.602
2026-02-05 10:00:00,698.1,699.7,689.3,691.5,220406.0,1527914.138
2026-02-05 11:00:00,691.5,691.8,674.5,683.4,650637.0,4439379.605
2026-02-05 12:00:00,683.4,688.2,673.0,676.8,470029.0,3187548.899
2026-02-05 13:00:00,676.8,679.5,669.7,674.8,365160.0,2459177.9486
2026-02-05 14:00:00,674.8,688.1,674.4,676.4,429442.0,2925592.032
2026-02-05 15:00:00,676.4,678.0,646.7,658.8,1135661.0,7480287.329
2026-02-05 16:00:00,658.8,674.2,656.1,669.7,585816.0,3893692.647
2026-02-05 17:00:00,669.7,671.4,652.5,655.0,387842.0,2558435.178
2026-02-05 18:00:00,655.0,658.6,634.5,654.1,916783.0,5905382.316
2026-02-05 19:00:00,654.1,654.8,638.5,641.5,211706.0,1370066.99
2026-02-05 20:00:00,641.5,645.3,612.0,617.8,1731926.0,10818219.3092
2026-02-05 21:00:00,617.8,631.9,606.6,611.2,1961281.0,12055690.7296
2026-02-05 22:00:00,611.2,624.8,602.4,617.5,738756.0,4519374.962
2026-02-05 23:00:00,617.5,628.4,604.8,608.5,514634.0,3174774.899
2026-02-06 00:00:00,608.5,621.0,571.7,615.2,4266860.0,25358784.5306
2026-02-06 01:00:00,615.2,630.3,613.9,630.3,1315644.0,8177221.216
2026-02-06 02:00:00,630.3,633.9,619.5,623.0,331110.0,2076217.474
2026-02-06 03:00:00,623.0,625.3,612.3,615.6,292385.0,1809806.811
2026-02-06 04:00:00,615.6,624.9,613.6,620.8,393546.0,2441964.701
2026-02-06 05:00:00,620.8,642.8,620.2,639.5,472248.0,2986738.82
2026-02-06 06:00:00,639.5,642.1,626.2,626.8,141362.0,894698.613
2026-02-06 07:00:00,626.8,629.0,621.3,622.7,130769.0,817578.755
2026-02-06 08:00:00,622.7,625.6,617.0,619.6,307549.0,1909300.819
2026-02-06 09:00:00,619.6,631.3,617.2,629.5,172841.0,1082448.703
2026-02-06 10:00:00,629.5,636.3,627.2,633.7,223929.0,1419733.177
2026-02-06 11:00:00,633.7,638.7,632.4,635.8,125605.0,798373.251
2026-02-06 12:00:00,635.8,637.2,632.6,637.2,73349.0,465852.856
2026-02-06 13:00:00,637.2,648.1,636.4,643.9,466107.0,3004762.713
2026-02-06 14:00:00,643.9,654.8,638.3,650.4,787576.0,5091888.886
2026-02-06 15:00:00,650.4,654.4,644.6,651.3,252505.0,1643259.462
2026-02-06 16:00:00,651.3,663.0,649.5,659.2,597239.0,3934479.58
2026-02-06 17:00:00,659.2,669.5,657.2,661.9,480398.0,3189421.984
2026-02-06 18:00:00,661.9,662.4,648.9,653.9,1384113.0,9039392.349
2026-02-06 19:00:00,653.9,659.9,652.2,658.7,161515.0,1060529.936
2026-02-06 20:00:00,658.7,665.1,655.8,656.9,736878.0,4875331.534
2026-02-06 21:00:00,656.9,664.3,654.9,662.3,208740.0,1380937.225
2026-02-06 22:00:00,662.3,667.2,660.4,665.5,141423.0,939585.143
2026-02-06 23:00:00,665.5,668.5,657.0,657.0,148739.0,983766.539
2026-02-07 00:00:00,657.0,657.6,651.8,653.1,486293.0,3189843.387
2026-02-07 01:00:00,653.1,657.9,648.9,657.8,1276695.0,8329260.836
2026-02-07 02:00:00,657.8,657.9,654.5,656.8,47725.0,313072.971
2026-02-07 03:00:00,656.8,661.6,656.5,659.1,119836.0,790083.171
2026-02-07 04:00:00,659.1,663.7,654.1,656.8,96326.0,635080.276
2026-02-07 05:00:00,656.8,659.3,652.8,654.3,117840.0,772745.744
2026-02-07 06:00:00,654.3,656.1,643.0,643.2,174800.0,1132896.191
2026-02-07 07:00:00,643.2,645.2,632.3,638.8,1096840.0,7011072.313
2026-02-07 08:00:00,638.8,641.5,636.3,640.7,89090.0,569277.397
2026-02-07 09:00:00,640.7,641.2,634.7,636.2,221863.0,1412513.544
2026-02-07 10:00:00,636.2,637.3,631.1,634.3,155444.0,984623.111
2026-02-07 11:00:00,634.3,636.3,633.6,636.0,109518.0,695490.062
2026-02-07 12:00:00,636.0,646.8,635.5,639.2,393695.0,2526190.369
2026-02-07 13:00:00,639.2,640.3,635.8,638.4,527226.0,3362360.362
2026-02-07 14:00:00,638.4,640.0,634.0,634.6,105109.0,670144.663
2026-02-07 15:00:00,634.6,644.1,634.0,642.3,560863.0,3587858.141
2026-02-07 16:00:00,642.3,649.7,639.4,643.6,2221657.0,14327052.408
2026-02-07 17:00:00,643.6,648.6,640.2,647.6,251410.0,1622496.07
2026-02-07 18:00:00,647.6,655.5,646.5,652.5,456775.0,2974486.544
2026-02-07 19:00:00,652.5,653.7,649.8,649.9,287968.0,1874458.769
2026-02-07 20:00:00,649.9,654.1,649.4,653.2,118717.0,773956.728
2026-02-07 21:00:00,653.2,653.9,649.3,650.2,64697.0,421212.834
2026-02-07 22:00:00,650.2,651.9,648.1,649.4,88314.0,573238.345
2026-02-07 23:00:00,649.4,649.4,644.2,646.9,100557.0,650543.863
2026-02-08 00:00:00,646.9,648.7,645.8,647.5,37189.0,240750.373
2026-02-08 01:00:00,647.5,650.7,647.0,649.5,41622.0,270328.469
2026-02-08 02:00:00,649.5,651.2,645.2,646.7,35792.0,231921.96
2026-02-08 03:00:00,646.7,647.5,642.7,642.7,125999.0,813231.643
2026-02-08 04:00:00,642.7,643.8,640.4,643.8,78656.0,505088.983
2026-02-08 05:00:00,643.8,644.8,641.9,642.9,55130.0,354761.095
2026-02-08 06:00:00,642.9,644.1,640.4,640.5,28514.0,183054.275
2026-02-08 07:00:00,640.5,643.2,639.1,643.2,67657.0,433480.154
2026-02-08 08:00:00,643.2,650.7,640.6,650.0,243371.0,1576754.613
2026-02-08 09:00:00,650.0,650.6,640.6,642.3,203355.0,1311497.013
2026-02-08 10:00:00,642.3,644.8,637.3,639.4,187555.0,1201317.961
2026-02-08 11:00:00,639.4,646.0,639.1,645.6,186453.0,1198334.714
2026-02-08 12:00:00,645.6,645.8,642.2,645.1,106521.0,685895.65
2026-02-08 13:00:00,645.1,646.4,641.3,644.7,131994.0,848988.751
2026-02-08 14:00:00,644.7,647.1,643.2,646.9,96924.0,624818.965
2026-02-08 15:00:00,646.9,648.2,640.8,643.7,217445.0,1401031.934
2026-02-08 16:00:00,643.7,645.0,632.1,634.7,188064.0,1201627.105
2026-02-08 17:00:00,634.7,639.7,634.7,638.9,118845.0,757897.447
2026-02-08 18:00:00,638.9,649.5,638.7,646.3,208913.0,1348205.129
2026-02-08 19:00:00,646.3,649.3,645.5,648.4,60836.0,393780.834
2026-02-08 20:00:00,648.4,648.5,643.1,643.7,82106.0,530027.758
2026-02-08 21:00:00,643.7,646.3,640.2,641.7,146600.0,942979.654
2026-02-08 22:00:00,641.7,644.7,641.6,643.9,41485.0,266855.211
2026-02-08 23:00:00,643.9,653.0,636.2,639.8,165897.0,1068073.525
2026-02-09 00:00:00,639.8,643.1,635.7,640.1,87724.0,559956.274
2026-02-09 01:00:00,640.1,643.3,633.7,636.8,209782.0,1333305.489
2026-02-09 02:00:00,636.8,643.8,635.5,640.2,55330.0,354311.52
2026-02-09 03:00:00,640.2,646.1,640.2,645.0,54054.0,347472.685
2026-02-09 04:00:00,645.0,645.4,641.6,642.5,25578.0,164497.15
2026-02-09 05:00:00,642.5,642.5,640.2,641.5,177627.0,1138681.725
2026-02-09 06:00:00,641.5,641.6,633.7,635.8,206431.0,1312057.067
2026-02-09 07:00:00,635.8,637.2,630.9,631.8,119804.0,758902.716
2026-02-09 08:00:00,631.8,633.4,622.2,625.9,187477.0,1175457.925
2026-02-09 09:00:00,625.9,628.3,623.8,624.9,64601.0,404049.129
2026-02-09 10:00:00,624.9,626.4,616.0,618.4,179395.0,1111514.987
2026-02-09 11:00:00,618.4,623.0,618.4,621.4,116876.0,726331.728
2026-02-09 12:00:00,621.4,627.7,621.4,626.8,94688.0,592423.217
2026-02-09 13:00:00,626.8,631.1,625.3,625.5,149863.0,941712.109
2026-02-09 14:00:00,625.5,631.7,622.1,628.1,171820.0,1075237.969
2026-02-09 15:00:00,628.1,632.6,625.1,630.6,117472.0,739695.174
2026-02-09 16:00:00,630.6,638.4,627.2,635.5,181954.0,1151958.337
2026-02-09 17:00:00,635.5,642.5,632.0,640.4,186897.0,1193532.191
2026-02-09 18:00:00,640.4,643.1,636.5,640.3,157153.0,1005812.731
2026-02-09 19:00:00,640.3,643.0,639.1,642.6,232246.0,1489482.142
2026-02-09 20:00:00,642.6,644.0,638.3,641.2,125612.0,805290.371
2026-02-09 21:00:00,641.2,641.2,633.5,638.6,91963.0,585761.982
2026-02-09 22:00:00,638.6,640.3,637.3,637.9,47232.0,301725.843
2026-02-09 23:00:00,637.9,640.0,635.9,636.5,44283.0,282405.137
2026-02-10 00:00:00,636.5,638.3,635.5,636.7,28472.0,181357.191
2026-02-10 01:00:00,636.7,641.8,636.4,640.5,24981.0,159818.433
2026-02-10 02:00:00,640.5,640.9,637.3,638.2,15302.0,97826.822
2026-02-10 03:00:00,638.2,638.9,630.0,633.2,99675.0,631301.914
2026-02-10 04:00:00,633.2,638.0,633.0,637.6,67113.0,426935.028
2026-02-10 05:00:00,637.6,639.6,635.6,637.6,107234.0,683431.156
2026-02-10 06:00:00,637.6,638.1,628.4,629.7,211807.0,1342522.618
2026-02-10 07:00:00,629.7,633.7,629.6,631.6,77908.0,492283.764
2026-02-10 08:00:00,631.6,634.0,629.1,633.4,77775.0,491812.787
2026-02-10 09:00:00,633.4,635.1,627.7,629.9,205832.0,1298166.225
2026-02-10 10:00:00,629.9,630.2,626.3,626.9,172389.0,1082954.604
2026-02-10 11:00:00,626.9,630.0,625.0,626.3,194399.0,1218943.273
2026-02-10 12:00:00,626.3,628.6,624.6,624.9,95878.0,600568.33
2026-02-10 13:00:00,624.9,627.1,622.9,624.6,250831.0,1567440.512
2026-02-10 14:00:00,624.6,626.8,613.5,617.4,448840.0,2788592.176
2026-02-10 15:00:00,617.4,622.2,615.4,618.9,151853.0,941073.601
2026-02-10 16:00:00,618.9,623.0,616.5,620.8,117569.0,730008.431
2026-02-10 17:00:00,620.8,625.2,618.9,623.5,121512.0,756220.655
2026-02-10 18:00:00,623.5,623.7,613.5,615.4,156215.0,964828.081
2026-02-10 19:00:00,615.4,618.8,613.7,616.8,79398.0,488850.366
2026-02-10 20:00:00,616.8,618.5,615.1,617.7,87328.0,538775.571
2026-02-10 21:00:00,617.7,619.2,614.3,615.8,91701.0,565399.339
2026-02-10 22:00:00,615.8,619.6,615.8,618.7,106023.0,655247.916
2026-02-10 23:00:00,618.7,620.2,617.7,619.4,133444.0,825804.182
2026-02-11 00:00:00,619.4,623.1,619.1,622.5,70941.0,440594.049
2026-02-11 01:00:00,622.5,622.9,620.0,620.4,57791.0,359172.226
2026-02-11 02:00:00,620.4,623.8,619.7,619.8,37341.0,232099.063
2026-02-11 03:00:00,619.8,620.5,615.1,617.3,61616.0,380696.966
2026-02-11 04:00:00,617.3,618.5,609.3,610.4,164866.0,1009707.931
2026-02-11 05:00:00,610.4,612.8,607.5,608.4,77168.0,470613.143
2026-02-11 06:00:00,608.4,608.6,597.4,599.1,423914.0,2546706.87
2026-02-11 07:00:00,599.1,602.8,598.5,600.4,166051.0,995979.727
2026-02-11 08:00:00,600.4,601.8,594.4,595.7,230636.0,1377934.514
2026-02-11 09:00:00,595.7,599.0,592.4,593.2,141921.0,845045.585
2026-02-11 10:00:00,593.2,593.7,587.2,587.7,186125.0,1097658.808
2026-02-11 11:00:00,587.7,593.3,587.6,592.7,121949.0,721047.629
2026-02-11 12:00:00,592.7,594.3,590.9,591.6,101461.0,601317.255
2026-02-11 13:00:00,591.6,598.4,589.8,597.2,264137.0,1567269.235
2026-02-11 14:00:00,597.2,611.4,596.1,597.3,467429.0,2824716.159
2026-02-11 15:00:00,597.3,599.9,588.7,593.4,404027.0,2393618.19
2026-02-11 16:00:00,593.4,602.4,592.7,593.6,166923.0,997937.004
2026-02-11 17:00:00,593.6,605.9,592.1,603.2,306196.0,1837510.829
2026-02-11 18:00:00,603.2,610.4,599.6,610.1,200640.0,1218098.246
2026-02-11 19:00:00,610.1,613.3,609.1,610.5,159957.0,977881.517
2026-02-11 20:00:00,610.5,611.4,606.4,609.9,202275.0,1232033.8
2026-02-11 21:00:00,609.9,617.7,609.5,613.7,382067.0,2346374.662
2026-02-11 22:00:00,613.7,613.8,608.6,609.0,177893.0,1086448.167
2026-02-11 23:00:00,609.0,610.0,604.6,608.2,85784.0,520817.877
2026-02-12 00:00:00,608.2,612.9,608.2,611.8,66958.0,409237.726
2026-02-12 01:00:00,611.8,614.1,611.3,611.7,148086.0,907230.273
2026-02-12 02:00:00,611.7,616.0,610.8,613.1,100758.0,618901.114
2026-02-12 03:00:00,613.1,617.4,612.6,616.7,76652.0,471092.003
2026-02-12 04:00:00,616.7,618.4,613.6,613.6,89089.0,548809.988
2026-02-12 05:00:00,613.6,616.0,611.3,615.7,128512.0,788934.369
2026-02-12 06:00:00,615.7,618.2,615.2,615.6,177831.0,1096127.208
2026-02-12 07:00:00,615.6,617.9,614.4,615.4,175756.0,1082023.237
2026-02-12 08:00:00,615.4,616.0,610.7,611.6,580438.0,3554997.676
2026-02-12 09:00:00,611.6,616.7,610.5,614.6,290542.0,1781482.115
2026-02-12 10:00:00,614.6,618.9,613.6,618.9,291390.0,1798825.056
2026-02-12 11:00:00,618.9,620.8,616.3,617.9,199711.0,1233972.647
2026-02-12 12:00:00,617.9,618.0,614.2,615.3,245583.0,1514482.062
2026-02-12 13:00:00,615.3,618.2,613.3,617.9,179807.0,1106555.77
2026-02-12 14:00:00,617.9,618.2,610.8,612.1,269133.0,1650887.091
2026-02-12 15:00:00,612.1,614.2,607.6,609.0,462082.0,2819512.881
2026-02-12 16:00:00,609.0,609.9,600.4,603.6,606103.0,3670374.089
2026-02-12 17:00:00,603.6,608.8,603.2,603.3,167127.0,1013023.173
2026-02-12 18:00:00,603.3,607.6,601.8,606.8,156612.0,946915.271
2026-02-12 19:00:00,606.8,612.1,605.0,608.0,343294.0,2088351.292
2026-02-12 20:00:00,608.0,609.8,603.9,604.5,104302.0,633198.842
2026-02-12 21:00:00,604.5,608.2,604.5,607.3,77907.0,472672.065
2026-02-12 22:00:00,607.3,612.6,605.8,612.2,74529.0,453557.633
2026-02-12 23:00:00,612.2,615.7,611.7,614.2,73825.0,453369.792
2026-02-13 00:00:00,614.2,616.5,610.0,611.1,93833.0,575367.684
2026-02-13 01:00:00,611.1,616.3,610.9,615.4,61309.0,376881.046
2026-02-13 02:00:00,615.4,616.2,609.2,610.6,445049.0,2717992.353
2026-02-13 03:00:00,610.6,612.1,607.8,608.9,91420.0,556846.613
2026-02-13 04:00:00,608.9,609.7,605.8,606.1,89860.0,546123.612
2026-02-13 05:00:00,606.1,606.4,598.7,599.0,225691.0,1359979.884
2026-02-13 06:00:00,599.0,599.0,592.5,597.9,292566.0,1743250.481
2026-02-13 07:00:00,597.9,601.2,596.2,598.0,187147.0,1120280.301
2026-02-13 08:00:00,598.0,604.3,597.8,602.2,298680.0,1797603.334
2026-02-13 09:00:00,602.2,603.2,599.7,602.1,153219.0,921328.938
2026-02-13 10:00:00,602.1,602.6,599.3,601.4,179806.0,1080510.191
2026-02-13 11:00:00,601.4,601.5,598.1,601.4,152965.0,917620.284
2026-02-13 12:00:00,601.4,601.5,597.0,598.9,161246.0,965504.831
2026-02-13 13:00:00,598.9,602.7,596.3,598.5,280838.0,1684698.233
2026-02-13 14:00:00,598.5,605.2,595.2,602.3,517487.0,3102548.514
2026-02-13 15:00:00,602.3,615.3,600.5,610.2,521968.0,3182639.847
2026-02-13 16:00:00,610.2,619.2,609.2,616.0,345553.0,2127959.547
2026-02-13 17:00:00,616.0,618.4,613.4,615.8,254169.0,1565599.39
2026-02-13 18:00:00,615.8,618.8,614.0,617.6,116681.0,718523.664
2026-02-13 19:00:00,617.6,621.3,617.1,618.1,262367.0,1625329.779
2026-02-13 20:00:00,618.1,618.9,615.7,618.2,112269.0,692830.518
2026-02-13 21:00:00,618.2,622.8,618.1,620.9,234922.0,1459415.13
2026-02-13 22:00:00,620.9,621.3,618.2,620.2,122247.0,757374.251
2026-02-13 23:00:00,620.2,620.7,618.3,619.0,71313.0,441748.664
2026-02-14 00:00:00,619.0,623.8,618.6,623.3,173621.0,1077515.648
2026-02-14 01:00:00,623.3,625.4,622.9,624.1,183177.0,1143080.951
2026-02-14 02:00:00,624.1,624.1,620.4,620.9,77325.0,480622.106
2026-02-14 03:00:00,620.9,621.6,617.0,617.8,80848.0,500809.982
2026-02-14 04:00:00,617.8,617.9,616.2,617.2,57418.0,354339.15
2026-02-14 05:00:00,617.2,618.6,615.8,616.7,50787.0,313536.659
2026-02-14 06:00:00,616.7,619.6,616.0,619.6,135093.0,834690.524
2026-02-14 07:00:00,619.6,622.5,619.1,622.2,257118.0,1596274.459
2026-02-14 08:00:00,622.2,628.0,622.2,627.3,422709.0,2642375.902
2026-02-14 09:00:00,627.3,629.5,626.3,628.9,275772.0,1730362.657
2026-02-14 10:00:00,628.9,629.0,626.5,627.5,69914.0,438580.8
2026-02-14 11:00:00,627.5,633.9,627.4,633.5,282926.0,1787203.744
2026-02-14 12:00:00,633.5,634.1,626.8,627.9,206362.0,1301423.468
2026-02-14 13:00:00,627.9,630.9,627.0,630.2,152103.0,956222.483
2026-02-14 14:00:00,630.2,637.5,629.6,636.2,176757.0,1121146.613
2026-02-14 15:00:00,636.2,636.9,633.7,634.8,152905.0,971509.286
2026-02-14 16:00:00,634.8,634.9,629.5,633.4,179178.0,1132092.075
2026-02-14 17:00:00,633.4,634.6,631.4,632.2,123553.0,782535.223
2026-02-14 18:00:00,632.2,633.2,631.2,631.8,105586.0,667341.527
2026-02-14 19:00:00,631.8,633.6,630.1,632.9,134074.0,847562.154
2026-02-14 20:00:00,632.9,634.0,630.7,632.6,113736.0,718804.42
2026-02-14 21:00:00,632.6,634.9,628.6,631.3,268657.0,1698461.906
2026-02-14 22:00:00,631.3,633.8,630.9,632.5,133905.0,846725.804
2026-02-14 23:00:00,632.5,634.4,631.6,633.0,86455.0,547418.959
2026-02-15 00:00:00,633.0,633.3,630.0,631.9,106269.0,670966.829
2026-02-15 01:00:00,631.9,634.1,629.0,633.1,73679.0,465269.222
2026-02-15 02:00:00,633.1,634.1,627.3,630.8,125658.0,790967.432
2026-02-15 03:00:00,630.8,634.1,627.3,633.6,80369.0,506761.404
2026-02-15 04:00:00,633.6,639.5,633.6,635.9,218547.0,1390588.786
2026-02-15 05:00:00,635.9,638.7,635.5,636.6,103261.0,658151.168
2026-02-15 06:00:00,636.6,638.5,634.9,636.6,57166.0,364170.378
2026-02-15 07:00:00,636.6,642.5,636.0,640.0,224814.0,1438633.139
2026-02-15 08:00:00,640.0,641.2,628.8,631.7,288752.0,1826576.809
2026-02-15 09:00:00,631.7,633.6,629.5,630.7,194423.0,1226880.348
2026-02-15 10:00:00,630.7,630.9,626.4,629.9,180361.0,1133465.35
2026-02-15 11:00:00,629.9,631.2,628.8,629.3,81248.0,511904.582
2026-02-15 12:00:00,629.3,630.0,619.3,619.4,264560.0,1652311.359
2026-02-15 13:00:00,619.4,624.3,615.8,617.6,446105.0,2768023.507
2026-02-15 14:00:00,617.6,622.0,617.1,620.9,123345.0,764493.308
2026-02-15 15:00:00,620.9,622.7,619.7,621.4,79317.0,492831.034
2026-02-15 16:00:00,621.4,621.5,617.7,620.0,57761.0,357716.64
2026-02-15 17:00:00,620.0,620.7,610.1,613.9,395392.0,2428087.072
2026-02-15 18:00:00,613.9,615.2,610.7,611.4,180414.0,1106409.218
2026-02-15 19:00:00,611.4,613.4,609.0,611.8,152482.0,932110.74
2026-02-15 20:00:00,611.8,614.4,610.0,613.7,75460.0,462541.869
2026-02-15 21:00:00,613.7,617.2,613.4,616.0,154483.0,951207.164
2026-02-15 22:00:00,616.0,617.0,614.4,616.4,60954.0,375398.51
2026-02-15 23:00:00,616.4,616.8,611.6,615.1,72952.0,447572.358
2026-02-16 00:00:00,615.1,616.9,613.9,616.3,22732.0,139819.202
2026-02-16 01:00:00,616.3,618.2,612.5,614.9,34931.0,215122.649
2026-02-16 02:00:00,614.9,616.4,611.7,612.3,37122.0,227775.872
2026-02-16 03:00:00,612.3,613.4,611.3,613.2,29722.0,182005.191
2026-02-16 04:00:00,613.2,618.2,613.2,618.2,66435.0,409521.667
2026-02-16 05:00:00,618.2,618.4,610.6,612.2,61736.0,378500.883
2026-02-16 06:00:00,612.2,613.7,610.2,612.5,42938.0,262810.482
2026-02-16 07:00:00,612.5,614.9,611.3,613.1,34152.0,209326.481
2026-02-16 08:00:00,613.1,614.9,612.5,614.7,66865.0,410277.901
2026-02-16 09:00:00,614.7,619.7,614.6,618.4,94477.0,583503.311
2026-02-16 10:00:00,618.4,619.0,616.6,618.5,69325.0,428439.406
2026-02-16 11:00:00,618.5,619.9,613.5,618.8,169909.0,1047739.243
2026-02-16 12:00:00,618.8,628.9,618.6,628.0,177450.0,1107007.996
2026-02-16 13:00:00,628.0,631.2,614.5,616.0,284419.0,1770025.814
2026-02-16 14:00:00,616.0,617.9,612.4,613.8,160902.0,989163.586
2026-02-16 15:00:00,613.8,616.0,604.3,607.4,363229.0,2210303.208
2026-02-16 16:00:00,607.4,612.8,607.1,612.7,129456.0,789907.427
2026-02-16 17:00:00,612.7,616.9,611.8,615.3,501054.0,3085068.04
2026-02-16 18:00:00,615.3,618.3,614.1,614.4,526174.0,3240600.092
2026-02-16 19:00:00,614.4,617.6,614.1,616.6,82894.0,510764.24
2026-02-16 20:00:00,616.6,622.3,615.9,622.1,141790.0,877124.52
2026-02-16 21:00:00,622.1,626.4,621.1,626.3,127897.0,797331.171
2026-02-16 22:00:00,626.3,628.2,625.0,626.2,311972.0,1955202.364
2026-02-16 23:00:00,626.2,628.1,625.4,627.1,108939.0,682843.374
2026-02-17 00:00:00,627.1,628.5,625.9,626.6,70994.0,445256.08
2026-02-17 01:00:00,626.6,628.3,624.3,624.7,77738.0,486856.282
2026-02-17 02:00:00,624.7,631.8,621.3,629.1,179242.0,1124663.977
2026-02-17 03:00:00,629.1,629.6,626.3,627.2,55417.0,347739.262
2026-02-17 04:00:00,627.2,628.2,625.1,626.3,44338.0,277945.467
2026-02-17 05:00:00,626.3,627.4,620.4,623.2,73605.0,458578.593
2026-02-17 06:00:00,623.2,625.4,623.2,625.0,55376.0,345694.163
2026-02-17 07:00:00,625.0,625.0,622.1,622.8,67537.0,420850.812
2026-02-17 08:00:00,622.8,624.1,619.5,620.3,189450.0,1175048.576
2026-02-17 09:00:00,620.3,620.9,618.1,619.5,100528.0,622337.211
2026-02-17 10:00:00,619.5,620.2,615.3,616.7,122593.0,756236.312
2026-02-17 11:00:00,616.7,618.7,616.1,618.5,60693.0,374929.37
2026-02-17 12:00:00,618.5,621.7,618.0,619.5,70513.0,437458.18
2026-02-17 13:00:00,619.5,625.4,618.5,624.1,142941.0,889425.73
2026-02-17 14:00:00,624.1,626.0,609.7,612.0,283965.0,1750609.802
2026-02-17 15:00:00,612.0,615.3,609.2,615.1,248080.0,1519986.718
2026-02-17 16:00:00,615.1,622.3,614.6,618.3,334214.0,2067805.907
2026-02-17 17:00:00,618.3,619.7,612.2,614.8,194308.0,1195373.363
2026-02-17 18:00:00,614.8,623.9,614.3,622.2,205656.0,1273992.153
2026-02-17 19:00:00,622.2,624.3,619.8,620.2,223289.0,1389083.366
2026-02-17 20:00:00,620.2,620.9,616.9,618.8,435583.0,2695280.393
2026-02-17 21:00:00,618.8,620.4,616.6,618.8,117358.0,725618.831
2026-02-17 22:00:00,618.8,619.7,617.7,618.0,85180.0,526880.667
2026-02-17 23:00:00,618.0,618.0,615.8,617.5,69000.0,425818.253
2026-02-18 00:00:00,617.5,619.2,616.2,616.6,49762.0,307453.526
2026-02-18 01:00:00,616.6,616.6,613.3,614.6,83619.0,513942.257
2026-02-18 02:00:00,614.6,617.8,614.3,617.0,40261.0,248176.72
2026-02-18 03:00:00,617.0,619.6,616.5,619.0,125353.0,775203.471
2026-02-18 04:00:00,619.0,619.1,616.5,617.3,183944.0,1136342.354
2026-02-18 05:00:00,617.3,618.1,615.9,616.0,32327.0,199410.488
2026-02-18 06:00:00,616.0,618.3,616.0,616.4,56804.0,350503.414
2026-02-18 07:00:00,616.4,621.4,614.5,620.8,167059.0,1029672.31
2026-02-18 08:00:00,620.8,626.5,620.0,623.3,199316.0,1243196.072
2026-02-18 09:00:00,623.3,624.3,622.6,622.9,550173.0,3429722.753
2026-02-18 10:00:00,622.9,624.0,618.8,619.0,232151.0,1441485.062
2026-02-18 11:00:00,619.0,619.5,613.6,614.1,455372.0,2805867.853
2026-02-18 12:00:00,614.1,616.8,613.8,615.6,269149.0,1657131.368
2026-02-18 13:00:00,615.6,616.9,608.5,610.8,358999.0,2195257.126
2026-02-18 14:00:00,610.8,612.8,607.6,612.0,366071.0,2234104.213
2026-02-18 15:00:00,612.0,623.0,611.8,618.1,442351.0,2737420.546
2026-02-18 16:00:00,618.1,618.5,613.5,616.5,170698.0,1051452.737
2026-02-18 17:00:00,616.5,620.4,616.0,616.4,220947.0,1365811.579
2026-02-18 18:00:00,616.4,617.0,609.0,610.6,442373.0,2707495.019
2026-02-18 19:00:00,610.6,612.0,601.0,602.9,705869.0,4271532.277
2026-02-18 20:00:00,602.9,606.2,602.6,603.1,192073.0,1160200.718
2026-02-18 21:00:00,603.1,605.7,601.6,603.9,223639.0,1348936.18
2026-02-18 22:00:00,603.9,605.5,602.3,604.5,144328.0,871504.25
2026-02-18 23:00:00,604.5,605.2,603.3,604.5,73205.0,442483.855
2026-02-19 00:00:00,604.5,605.3,602.5,602.6,87648.0,529171.875
2026-02-19 01:00:00,602.6,606.7,602.5,606.7,147704.0,893063.42
2026-02-19 02:00:00,606.7,607.2,603.7,605.9,219604.0,1328897.349
2026-02-19 03:00:00,605.9,607.8,604.4,607.8,85313.0,517236.728
2026-02-19 04:00:00,607.8,610.2,607.2,608.8,120348.0,732978.088
2026-02-19 05:00:00,608.8,609.7,606.4,608.2,88337.0,536888.233
2026-02-19 06:00:00,608.2,614.7,608.1,613.3,244769.0,1498535.788
2026-02-19 07:00:00,613.3,613.7,610.1,610.6,108129.0,661582.803
2026-02-19 08:00:00,610.6,610.7,605.4,606.3,211959.0,1286683.454
2026-02-19 09:00:00,606.3,608.5,604.4,606.1,367523.0,2229859.562
2026-02-19 10:00:00,606.1,607.6,604.8,605.7,191086.0,1158680.6
2026-02-19 11:00:00,605.7,606.7,603.5,603.7,131261.0,793317.18
2026-02-19 12:00:00,603.7,606.1,603.0,605.1,190402.0,1150873.273
2026-02-19 13:00:00,605.1,605.8,595.6,598.0,637740.0,3823970.741
2026-02-19 14:00:00,598.0,603.8,597.3,601.8,374084.0,2244975.235
2026-02-19 15:00:00,601.8,604.5,597.3,600.0,514641.0,3090983.681
2026-02-19 16:00:00,600.0,601.4,595.9,599.8,316556.0,1897223.418
2026-02-19 17:00:00,599.8,604.6,597.1,598.8,156147.0,938623.474
2026-02-19 18:00:00,598.8,606.4,598.4,605.6,241788.0,1459282.331
2026-02-19 19:00:00,605.6,606.6,601.7,604.3,230197.0,1392359.263
2026-02-19 20:00:00,604.3,607.6,602.9,606.9,210458.0,1274020.277
2026-02-19 21:00:00,606.9,609.2,606.5,607.6,111717.0,679339.169
2026-02-19 22:00:00,607.6,607.8,604.8,606.3,82123.0,497783.595
2026-02-19 23:00:00,606.3,607.8,605.5,607.6,94756.0,574765.792
2026-02-20 00:00:00,607.6,610.1,606.8,608.3,140390.0,854588.662
2026-02-20 01:00:00,608.3,608.6,606.3,607.4,50695.0,308071.275
2026-02-20 02:00:00,607.4,608.2,606.0,606.5,39347.0,238809.251
2026-02-20 03:00:00,606.5,608.5,606.0,607.8,23093.0,140297.52
2026-02-20 04:00:00,607.8,609.2,605.1,608.6,131797.0,800693.855
2026-02-20 05:00:00,608.6,613.7,608.0,611.7,197583.0,1207968.885
2026-02-20 06:00:00,611.7,612.7,610.1,611.9,95037.0,581117.288
2026-02-20 07:00:00,611.9,612.6,610.8,611.9,89539.0,547640.319
2026-02-20 08:00:00,611.9,613.4,610.7,611.7,50399.0,308493.657
2026-02-20 09:00:00,611.7,614.3,611.7,613.2,110531.0,677617.601
2026-02-20 10:00:00,613.2,615.4,611.8,612.1,136096.0,835789.464
2026-02-20 11:00:00,612.1,612.3,608.1,608.6,379251.0,2312041.006
2026-02-20 12:00:00,608.6,610.3,608.3,609.7,196347.0,1196186.398
2026-02-20 13:00:00,609.7,609.7,601.1,604.2,461178.0,2791607.352
2026-02-20 14:00:00,604.2,610.8,603.8,609.3,239103.0,1452903.936
2026-02-20 15:00:00,609.3,618.3,609.0,616.9,465864.0,2860418.042
2026-02-20 16:00:00,616.9,620.8,616.6,620.1,283619.0,1754592.96
2026-02-20 17:00:00,620.1,623.8,616.2,623.6,348802.0,2161562.178
2026-02-20 18:00:00,623.6,627.6,622.1,627.4,374974.0,2344797.509
2026-02-20 19:00:00,627.4,628.5,624.8,626.3,201949.0,1265295.236
2026-02-20 20:00:00,626.3,629.2,625.8,629.0,286671.0,1800160.819
2026-02-20 21:00:00,629.0,629.9,627.0,627.2,340164.0,2139086.138
2026-02-20 22:00:00,627.2,628.0,625.2,627.4,111447.0,698313.668
2026-02-20 23:00:00,627.4,627.9,625.2,626.0,61457.0,384960.186
2026-02-21 00:00:00,626.0,628.3,624.2,624.8,70984.0,444979.809
2026-02-21 01:00:00,624.8,628.7,624.8,628.3,154053.0,966691.116
2026-02-21 02:00:00,628.3,628.5,627.3,627.8,242456.0,1522158.151
2026-02-21 03:00:00,627.8,627.9,624.8,625.5,99414.0,622119.225
2026-02-21 04:00:00,625.5,627.5,625.0,627.4,54513.0,341243.591
2026-02-21 05:00:00,627.4,628.2,626.9,627.4,156464.0,981822.165
2026-02-21 06:00:00,627.4,627.6,625.4,626.0,42494.0,266031.334
2026-02-21 07:00:00,626.0,628.0,625.4,626.1,44439.0,278684.433
2026-02-21 08:00:00,626.1,629.2,625.9,628.1,378294.0,2376511.197
2026-02-21 09:00:00,628.1,631.2,627.9,629.0,523923.0,3301430.934
2026-02-21 10:00:00,629.0,630.4,628.8,630.0,142039.0,894144.925
2026-02-21 11:00:00,630.0,631.7,629.8,630.4,183588.0,1158319.47
2026-02-21 12:00:00,630.4,630.9,629.0,630.9,122760.0,773068.39
2026-02-21 13:00:00,630.9,634.2,630.4,633.9,350829.0,2219276.276
2026-02-21 14:00:00,633.9,635.0,632.3,632.9,416201.0,2637709.423
2026-02-21 15:00:00,632.9,633.5,628.0,628.0,305459.0,1926354.488
2026-02-21 16:00:00,628.0,628.5,624.3,626.0,323516.0,2024625.608
2026-02-21 17:00:00,626.0,628.5,625.5,627.6,218684.0,1370770.008
2026-02-21 18:00:00,627.6,629.8,627.2,628.9,116479.0,732601.286
2026-02-21 19:00:00,628.9,628.9,626.8,627.0,216604.0,1359832.845
2026-02-21 20:00:00,627.0,627.9,625.2,625.3,188815.0,1183095.373
2026-02-21 21:00:00,625.3,627.0,624.6,626.9,81027.0,507319.797
2026-02-21 22:00:00,626.9,627.5,625.6,626.1,59990.0,375964.91
2026-02-21 23:00:00,626.1,626.7,624.7,626.0,86150.0,539187.168
2026-02-22 00:00:00,626.0,626.2,622.4,624.5,551119.0,3436071.245
2026-02-22 01:00:00,624.5,627.0,624.5,626.6,39247.0,245644.294
2026-02-22 02:00:00,626.6,627.2,623.6,623.9,80889.0,505920.611
2026-02-22 03:00:00,623.9,624.5,621.0,621.6,115158.0,716556.37
2026-02-22 04:00:00,621.6,622.5,620.7,621.2,49967.0,310655.001
2026-02-22 05:00:00,621.2,621.5,618.9,619.7,129595.0,803261.863
2026-02-22 06:00:00,619.7,622.2,619.6,622.1,101455.0,630251.141
2026-02-22 07:00:00,622.1,623.7,621.4,622.7,176668.0,1100361.269
2026-02-22 08:00:00,622.7,623.2,621.3,622.0,73699.0,458415.7
2026-02-22 09:00:00,622.0,624.4,621.7,624.0,114146.0,711554.168
2026-02-22 10:00:00,624.0,625.0,623.4,623.7,116566.0,727615.39
2026-02-22 11:00:00,623.7,625.0,623.6,624.9,144908.0,904840.654
2026-02-22 12:00:00,624.9,624.9,620.7,621.1,350947.0,2183895.363
2026-02-22 13:00:00,621.1,622.2,618.2,619.7,245809.0,1523210.237
2026-02-22 14:00:00,619.7,620.3,617.1,618.2,264985.0,1639262.426
2026-02-22 15:00:00,618.2,618.4,613.7,616.4,393521.0,2424948.065
2026-02-22 16:00:00,616.4,616.4,612.4,614.1,262058.0,1608450.458
2026-02-22 17:00:00,614.1,614.1,610.2,611.0,240332.0,1470128.714
2026-02-22 18:00:00,611.0,612.8,610.8,611.6,195822.0,1198182.577
2026-02-22 19:00:00,611.6,612.7,610.6,612.6,205620.0,1258414.661
2026-02-22 20:00:00,612.6,612.7,611.2,611.4,155383.0,950972.889
2026-02-22 21:00:00,611.4,614.3,611.4,614.3,272987.0,1673002.964
2026-02-22 22:00:00,614.3,616.4,613.8,615.8,258447.0,1589985.185
2026-02-22 23:00:00,615.8,616.1,613.6,615.0,252778.0,1553759.025
2026-02-23 00:00:00,615.0,616.0,606.2,606.3,203653.0,1243976.664
2026-02-23 01:00:00,606.3,606.4,582.7,586.1,1326913.0,7868573.079
2026-02-23 02:00:00,586.1,589.4,584.3,587.2,177212.0,1041342.129
2026-02-23 03:00:00,587.2,590.7,585.7,589.7,87430.0,514025.428
2026-02-23 04:00:00,589.7,590.1,586.1,587.1,297855.0,1749397.505
2026-02-23 05:00:00,587.1,595.0,587.0,593.5,226741.0,1344454.286
2026-02-23 06:00:00,593.5,599.4,593.3,598.4,366152.0,2185534.968
2026-02-23 07:00:00,598.4,599.5,596.3,598.8,206382.0,1235088.453
2026-02-23 08:00:00,598.8,599.1,596.4,599.1,282841.0,1690221.874
2026-02-23 09:00:00,599.1,610.1,599.1,609.1,438831.0,2651972.258
2026-02-23 10:00:00,609.1,610.2,606.3,607.2,180790.0,1098605.395
2026-02-23 11:00:00,607.2,608.7,605.7,606.4,143319.0,870031.025
2026-02-23 12:00:00,606.4,612.3,604.8,610.4,187671.0,1142702.249
2026-02-23 13:00:00,610.4,611.9,608.2,610.1,298525.0,1820698.53
2026-02-23 14:00:00,610.1,611.0,606.2,608.6,567091.0,3454077.05
2026-02-23 15:00:00,608.6,610.3,604.5,604.7,313617.0,1908023.502
2026-02-23 16:00:00,604.7,606.2,601.3,602.5,378282.0,2282531.874
2026-02-23 17:00:00,602.5,603.8,591.6,597.3,412943.0,2463801.298
2026-02-23 18:00:00,597.3,601.3,595.6,597.6,226095.0,1352624.546
2026-02-23 19:00:00,597.6,598.2,591.9,592.1,159724.0,949590.722
2026-02-23 20:00:00,592.1,595.5,590.1,595.1,238801.0,1414239.933
2026-02-23 21:00:00,595.1,597.4,594.8,596.2,121100.0,721999.38
2026-02-23 22:00:00,596.2,598.6,595.6,596.8,143342.0,856315.063
2026-02-23 23:00:00,596.8,598.3,595.5,596.3,159550.0,951364.382
2026-02-24 00:00:00,596.3,602.7,596.0,602.2,198201.0,1188471.65
2026-02-24 01:00:00,602.2,602.4,589.6,597.9,538021.0,3212866.379
2026-02-24 02:00:00,597.9,601.4,596.8,598.2,292856.0,1754005.376
2026-02-24 03:00:00,598.2,598.2,591.1,593.0,403384.0,2397563.288
2026-02-24 04:00:00,593.0,593.7,588.9,591.9,181741.0,1074232.326
2026-02-24 05:00:00,591.9,593.9,588.4,590.4,218493.0,1290987.946
2026-02-24 06:00:00,590.4,591.1,586.5,586.8,178246.0,1049395.954
2026-02-24 07:00:00,586.8,590.0,585.8,589.7,189823.0,1117404.571
2026-02-24 08:00:00,589.7,592.6,588.3,592.0,203646.0,1202794.362
2026-02-24 09:00:00,592.0,592.5,586.7,588.9,155240.0,914631.078
2026-02-24 10:00:00,588.9,589.4,587.2,588.7,113212.0,666128.977
2026-02-24 11:00:00,588.7,589.1,585.6,586.8,180374.0,1058796.332
2026-02-24 12:00:00,586.8,588.2,585.2,585.9,182948.0,1073011.033
2026-02-24 13:00:00,585.9,586.3,579.1,582.4,601929.0,3506434.39
2026-02-24 14:00:00,582.4,585.5,576.7,581.8,700248.0,4065958.233
2026-02-24 15:00:00,581.8,586.9,580.2,585.7,459038.0,2677410.469
2026-02-24 16:00:00,585.7,589.3,583.5,587.4,351605.0,2060500.187
2026-02-24 17:00:00,587.4,589.4,585.6,586.4,450879.0,2646072.119
2026-02-24 18:00:00,586.4,589.3,584.5,587.8,300524.0,1764930.718
2026-02-24 19:00:00,587.8,589.9,586.4,588.4,219237.0,1288362.131
2026-02-24 20:00:00,588.4,590.3,587.8,588.3,79766.0,469673.455
2026-02-24 21:00:00,588.3,588.3,583.4,584.3,171178.0,1001797.173
2026-02-24 22:00:00,584.3,586.5,583.8,585.3,126581.0,740783.517
2026-02-24 23:00:00,585.3,585.6,582.2,583.4,477363.0,2788103.815
2026-02-25 00:00:00,583.4,584.7,581.4,584.1,231778.0,1350610.679
2026-02-25 01:00:00,584.1,600.1,583.7,597.4,609463.0,3625208.057
2026-02-25 02:00:00,597.4,601.8,597.4,598.0,275780.0,1653226.333
2026-02-25 03:00:00,598.0,598.6,593.0,593.9,164818.0,980251.523
2026-02-25 04:00:00,593.9,596.2,590.8,595.1,93117.0,553094.254
2026-02-25 05:00:00,595.1,595.5,589.7,592.3,141448.0,837747.269
2026-02-25 06:00:00,592.3,595.3,592.1,593.3,102837.0,610572.152
2026-02-25 07:00:00,593.3,596.3,592.9,596.0,164724.0,979733.19
2026-02-25 08:00:00,596.0,600.5,595.7,600.3,157320.0,941816.199
2026-02-25 09:00:00,600.3,603.4,600.0,603.1,192328.0,1156672.003
2026-02-25 10:00:00,603.1,603.8,600.7,602.7,175202.0,1055141.706
2026-02-25 11:00:00,602.7,605.3,601.9,604.9,417603.0,2522168.756
2026-02-25 12:00:00,604.9,612.7,604.5,611.0,744617.0,4532917.054
2026-02-25 13:00:00,611.0,616.5,611.0,614.3,564090.0,3463246.759
2026-02-25 14:00:00,614.3,619.1,613.3,618.7,404275.0,2488467.668
2026-02-25 15:00:00,618.7,623.3,616.2,621.5,1206967.0,7483117.25
2026-02-25 16:00:00,621.5,626.0,621.3,625.6,547473.0,3417834.117
2026-02-25 17:00:00,625.6,629.6,625.2,629.1,1231403.0,7725611.52
2026-02-25 18:00:00,629.1,634.4,626.7,632.9,926321.0,5839444.317
2026-02-25 19:00:00,632.9,633.4,628.6,632.6,592263.0,3739287.08
2026-02-25 20:00:00,632.6,633.6,630.2,632.0,132655.0,838304.856
2026-02-25 21:00:00,632.0,640.9,629.9,635.3,438020.0,2784533.138
2026-02-25 22:00:00,635.3,637.4,628.5,632.3,407919.0,2585657.199
2026-02-25 23:00:00,632.3,635.3,624.8,629.8,243061.0,1529729.79
2026-02-26 00:00:00,629.8,634.3,628.0,630.4,286717.0,1811033.471
2026-02-26 01:00:00,630.4,632.6,627.5,628.0,155193.0,977671.945
2026-02-26 02:00:00,628.0,629.2,625.8,628.6,86238.0,540899.506
2026-02-26 03:00:00,628.6,629.1,626.8,628.3,144581.0,908310.812
2026-02-26 04:00:00,628.3,632.9,627.9,631.0,149494.0,942725.826
2026-02-26 05:00:00,631.0,631.0,626.6,628.8,135032.0,847701.905
2026-02-26 06:00:00,628.8,630.0,626.2,627.1,55687.0,349830.501
2026-02-26 07:00:00,627.1,628.7,625.6,625.9,88956.0,557596.998
2026-02-26 08:00:00,625.9,629.5,625.9,626.7,446644.0,2802599.274
2026-02-26 09:00:00,626.7,630.4,626.2,629.8,462746.0,2910256.507
2026-02-26 10:00:00,629.8,630.4,625.3,626.4,94919.0,595642.663
2026-02-26 11:00:00,626.4,627.0,623.1,623.2,278321.0,1736790.865
2026-02-26 12:00:00,623.2,627.0,623.1,626.8,176203.0,1102769.707
2026-02-26 13:00:00,626.8,628.3,625.4,626.7,192894.0,1208856.598
2026-02-26 14:00:00,626.7,628.6,621.4,625.6,313207.0,1956750.435
2026-02-26 15:00:00,625.6,626.2,619.0,623.5,427982.0,2667330.681
2026-02-26 16:00:00,623.5,625.0,614.4,614.8,309796.0,1919525.587
2026-02-26 17:00:00,614.8,619.5,614.8,616.9,201402.0,1244727.946
2026-02-26 18:00:00,616.9,620.9,614.7,620.4,226356.0,1401004.581
2026-02-26 19:00:00,620.4,625.4,620.3,624.8,294886.0,1838044.444
2026-02-26 20:00:00,624.8,626.3,621.5,622.2,128662.0,802620.038
2026-02-26 21:00:00,622.2,624.3,621.1,623.7,143693.0,894569.809
2026-02-26 22:00:00,623.7,626.6,623.4,626.4,257843.0,1611058.518
2026-02-26 23:00:00,626.4,627.1,624.6,626.1,261544.0,1636306.747
2026-02-27 00:00:00,626.1,626.6,623.6,625.5,174712.0,1092975.778
2026-02-27 01:00:00,625.5,626.6,622.6,626.1,127601.0,797982.277
2026-02-27 02:00:00,626.1,630.6,625.9,630.0,265300.0,1666614.144
2026-02-27 03:00:00,630.0,630.3,628.1,629.5,95063.0,598214.186
2026-02-27 04:00:00,629.5,633.7,629.0,632.0,146152.0,923131.136
2026-02-27 05:00:00,632.0,633.9,630.2,632.0,98006.0,619680.002
2026-02-27 06:00:00,632.0,632.1,628.6,629.1,59914.0,377573.257
2026-02-27 07:00:00,629.1,629.1,625.3,627.3,124034.0,777298.507
2026-02-27 08:00:00,627.3,629.5,626.6,628.5,104053.0,653430.553
2026-02-27 09:00:00,628.5,630.1,624.3,624.7,193132.0,1211417.555
2026-02-27 10:00:00,624.7,624.9,616.3,617.1,396453.0,2455707.595
2026-02-27 11:00:00,617.1,619.1,613.3,615.0,459288.0,2831092.752
2026-02-27 12:00:00,615.0,616.6,613.5,614.4,143677.0,883911.61
2026-02-27 13:00:00,614.4,616.3,609.6,614.1,321712.0,1972307.422
2026-02-27 14:00:00,614.1,615.5,610.9,611.7,555088.0,3399491.785
2026-02-27 15:00:00,611.7,615.4,610.9,614.3,110891.0,680112.106
2026-02-27 16:00:00,614.3,614.7,610.1,610.2,141447.0,865818.968
2026-02-27 17:00:00,610.2,612.6,606.9,612.5,582264.0,3547095.913
2026-02-27 18:00:00,612.5,612.8,609.8,610.3,139745.0,854520.003
2026-02-27 19:00:00,610.3,610.5,607.6,609.8,107894.0,657507.365
2026-02-27 20:00:00,609.8,611.9,609.7,611.2,36464.0,222785.883
2026-02-27 21:00:00,611.2,612.9,609.9,611.1,251196.0,1536191.284
2026-02-27 22:00:00,611.1,612.0,605.4,611.9,198701.0,1210596.625
2026-02-27 23:00:00,611.9,614.4,611.7,614.1,443108.0,2717954.818
2026-02-28 00:00:00,614.1,615.2,612.2,614.5,252886.0,1551863.516
2026-02-28 01:00:00,614.5,614.9,612.2,612.6,237871.0,1459489.72
2026-02-28 02:00:00,612.6,615.3,612.3,615.1,37245.0,228651.139
2026-02-28 03:00:00,615.1,615.8,613.3,614.9,68502.0,421119.51
2026-02-28 04:00:00,614.9,615.4,610.7,612.5,219933.0,1346630.945
2026-02-28 05:00:00,612.5,613.3,610.2,611.1,62448.0,381865.466
2026-02-28 06:00:00,611.1,611.1,590.8,592.5,1171318.0,7058583.908
2026-02-28 07:00:00,592.5,601.1,590.5,597.4,250192.0,1492558.355
2026-02-28 08:00:00,597.4,597.4,590.3,591.2,167718.0,994947.045
2026-02-28 09:00:00,591.2,594.4,589.2,591.6,350858.0,2074838.127
2026-02-28 10:00:00,591.6,594.9,588.4,594.3,162489.0,961923.845
2026-02-28 11:00:00,594.3,598.1,593.9,594.3,312618.0,1865023.716
2026-02-28 12:00:00,594.3,597.9,593.8,596.5,219519.0,1310148.74
2026-02-28 13:00:00,596.5,603.4,594.8,602.6,361019.0,2169192.966
2026-02-28 14:00:00,602.6,605.6,599.3,600.4,399063.0,2404851.596
2026-02-28 15:00:00,600.4,604.6,598.2,603.8,143757.0,865341.883
2026-02-28 16:00:00,603.8,604.9,602.0,603.6,59200.0,357311.017
2026-02-28 17:00:00,603.6,606.2,601.0,605.6,187080.0,1129163.539
2026-02-28 18:00:00,605.6,613.6,604.3,611.8,358573.0,2180790.651
2026-02-28 19:00:00,611.8,614.7,608.8,613.1,307613.0,1880196.196
2026-02-28 20:00:00,613.1,619.5,611.9,618.1,254970.0,1572848.345
2026-02-28 21:00:00,618.1,618.1,613.9,616.1,219421.0,1350729.563
2026-02-28 22:00:00,616.1,621.5,616.1,618.1,90834.0,561994.013
2026-02-28 23:00:00,618.1,618.3,615.5,617.1,36181.0,223154.15
2026-03-01 00:00:00,617.1,618.2,615.6,618.2,76280.0,470715.328
2026-03-01 01:00:00,618.2,628.4,614.7,624.6,205706.0,1277388.459
2026-03-01 02:00:00,624.6,631.7,624.6,630.0,208345.0,1311720.188
2026-03-01 03:00:00,630.0,632.3,628.2,628.7,88448.0,557095.452
2026-03-01 04:00:00,628.7,631.6,625.9,630.1,169500.0,1066591.894
2026-03-01 05:00:00,630.1,631.3,628.0,628.0,79570.0,501438.39
2026-03-01 06:00:00,628.0,628.4,623.3,625.5,113251.0,708004.011
2026-03-01 07:00:00,625.5,626.4,623.7,625.6,73862.0,462032.961
2026-03-01 08:00:00,625.6,626.7,619.7,620.6,82998.0,517072.951
2026-03-01 09:00:00,620.6,623.8,619.0,620.4,69693.0,433406.352
2026-03-01 10:00:00,620.4,623.8,619.3,623.4,87649.0,545163.567
2026-03-01 11:00:00,623.4,624.6,622.8,623.1,122487.0,764384.601
2026-03-01 12:00:00,623.1,623.5,620.8,620.8,94967.0,590969.454
2026-03-01 13:00:00,620.8,629.2,620.1,626.2,236585.0,1477615.925
2026-03-01 14:00:00,626.2,629.6,626.0,628.6,207536.0,1303635.394
2026-03-01 15:00:00,628.6,630.3,626.8,626.8,188096.0,1183077.934
2026-03-01 16:00:00,626.8,629.9,620.5,623.2,279276.0,1749369.404
2026-03-01 17:00:00,623.2,624.0,617.8,619.8,542843.0,3367766.54
2026-03-01 18:00:00,619.8,625.7,619.7,623.2,159244.0,993430.347
2026-03-01 19:00:00,623.2,623.6,619.1,620.0,145066.0,900494.389
2026-03-01 20:00:00,620.0,620.8,611.6,612.8,539998.0,3328367.623
2026-03-01 21:00:00,612.8,617.7,611.9,612.3,461119.0,2830552.642
2026-03-01 22:00:00,612.3,619.1,611.2,615.6,431995.0,2658567.398
2026-03-01 23:00:00,615.6,620.9,614.7,618.1,448275.0,2774404.029
2026-03-02 00:00:00,618.1,622.5,614.6,620.0,274107.0,1695999.224
2026-03-02 01:00:00,620.0,624.6,618.8,621.9,150744.0,937182.481
2026-03-02 02:00:00,621.9,625.1,617.8,622.3,422040.0,2621136.362
2026-03-02 03:00:00,622.3,626.0,620.9,624.7,166887.0,1040974.266
2026-03-02 04:00:00,624.7,625.2,622.4,623.4,85265.0,532088.792
2026-03-02 05:00:00,623.4,625.8,621.5,623.7,39978.0,249538.081
2026-03-02 06:00:00,623.7,623.8,616.7,617.5,107825.0,668876.215
2026-03-02 07:00:00,617.5,617.7,613.3,616.6,259669.0,1597314.523
2026-03-02 08:00:00,616.6,619.2,613.2,619.2,121393.0,747137.853
2026-03-02 09:00:00,619.2,622.4,618.1,619.3,120526.0,747771.057
2026-03-02 10:00:00,619.3,621.2,617.7,621.2,63163.0,391284.28
2026-03-02 11:00:00,621.2,623.1,618.8,622.1,107336.0,667124.011
2026-03-02 12:00:00,622.1,623.2,620.2,622.3,132315.0,822686.119
2026-03-02 13:00:00,622.3,624.5,619.7,620.6,167330.0,1040711.256
2026-03-02 14:00:00,620.6,635.4,619.2,634.2,354023.0,2224412.54
2026-03-02 15:00:00,634.2,650.1,634.2,646.5,1049954.0,6768575.934
2026-03-02 16:00:00,646.5,653.2,646.2,649.5,795055.0,5174021.163
2026-03-02 17:00:00,649.5,650.4,641.2,645.0,247439.0,1597199.365
2026-03-02 18:00:00,645.0,645.0,639.2,640.1,667228.0,4290468.131
2026-03-02 19:00:00,640.1,640.4,636.4,636.8,1211557.0,7732214.521
2026-03-02 20:00:00,636.8,637.6,632.5,635.0,1790004.0,11363017.533
2026-03-02 21:00:00,635.0,636.5,632.9,635.7,81324.0,516347.175
2026-03-02 22:00:00,635.7,640.8,635.7,640.0,402428.0,2572233.649
2026-03-02 23:00:00,640.0,640.5,636.5,637.6,553008.0,3527641.139
2026-03-03 00:00:00,637.6,641.4,636.8,640.7,343885.0,2195417.253
2026-03-03 01:00:00,640.7,642.4,635.7,635.7,106613.0,681074.722
2026-03-03 02:00:00,635.7,637.9,633.6,635.6,98084.0,623260.975
2026-03-03 03:00:00,635.6,636.1,633.8,635.5,102182.0,648702.28
2026-03-03 04:00:00,635.5,637.3,634.0,634.2,50122.0,318534.05
2026-03-03 05:00:00,634.2,638.3,628.7,632.1,395443.0,2502383.966
2026-03-03 06:00:00,632.1,633.5,630.1,633.2,59358.0,374837.593
2026-03-03 07:00:00,633.2,635.7,632.7,633.1,110154.0,698832.632
2026-03-03 08:00:00,633.1,634.1,622.5,623.8,322691.0,2025090.759
2026-03-03 09:00:00,623.8,626.8,620.8,622.3,165785.0,1033630.279
2026-03-03 10:00:00,622.3,626.5,621.4,625.4,190339.0,1187209.929
2026-03-03 11:00:00,625.4,627.3,624.4,626.7,131328.0,822443.49
2026-03-03 12:00:00,626.7,631.6,625.9,627.3,223677.0,1403049.865
2026-03-03 13:00:00,627.3,627.4,623.2,624.3,358140.0,2238018.98
2026-03-03 14:00:00,624.3,628.8,620.6,623.4,492925.0,3083140.416
2026-03-03 15:00:00,623.4,630.3,622.2,630.3,153584.0,962779.233
2026-03-03 16:00:00,630.3,638.7,628.6,634.2,458280.0,2904106.221
2026-03-03 17:00:00,634.2,634.9,629.2,633.7,201117.0,1272166.001
2026-03-03 18:00:00,633.7,638.0,631.6,634.4,178437.0,1133239.563
2026-03-03 19:00:00,634.4,635.1,631.3,632.8,134672.0,853310.459
2026-03-03 20:00:00,632.8,633.4,630.2,631.5,111028.0,701500.309
2026-03-03 21:00:00,631.5,631.5,628.2,629.9,225408.0,1419614.001
2026-03-03 22:00:00,629.9,634.3,629.8,633.4,111500.0,705854.593
2026-03-03 23:00:00,633.4,636.9,632.7,633.3,79885.0,506864.823
2026-03-04 00:00:00,633.3,634.4,629.4,632.2,89469.0,565555.012
2026-03-04 01:00:00,632.2,636.5,630.7,633.7,61435.0,389256.678
2026-03-04 02:00:00,633.7,634.5,630.6,634.0,39058.0,246942.236
2026-03-04 03:00:00,634.0,634.3,626.1,629.1,100803.0,633782.827
2026-03-04 04:00:00,629.1,630.3,627.0,629.8,48930.0,307610.483
2026-03-04 05:00:00,629.8,633.4,628.8,632.4,46833.0,295700.306
2026-03-04 06:00:00,632.4,635.6,631.2,634.7,44058.0,278978.71
2026-03-04 07:00:00,634.7,640.7,633.9,640.1,121963.0,777888.967
2026-03-04 08:00:00,640.1,652.3,638.8,651.0,404268.0,2607588.426
2026-03-04 09:00:00,651.0,654.9,649.9,651.9,316166.0,2063277.889
2026-03-04 10:00:00,651.9,654.3,650.5,651.3,128687.0,839351.774
2026-03-04 11:00:00,651.3,652.6,647.8,650.5,141977.0,922279.112
2026-03-04 12:00:00,650.5,651.5,646.1,650.9,167374.0,1085791.778
2026-03-04 13:00:00,650.9,654.1,650.5,653.6,88429.0,576993.608
2026-03-04 14:00:00,653.6,657.6,649.1,652.0,446269.0,2914465.753
2026-03-04 15:00:00,652.0,662.2,651.6,661.2,593832.0,3906664.524
2026-03-04 16:00:00,661.2,662.7,656.2,659.6,505536.0,3332595.26
2026-03-04 17:00:00,659.6,660.9,655.4,658.5,162424.0,1069554.369
2026-03-04 18:00:00,658.5,661.9,656.4,661.5,179969.0,1186725.76
2026-03-04 19:00:00,661.5,666.4,661.0,662.8,317602.0,2107587.797
2026-03-04 20:00:00,662.8,663.1,660.2,660.8,139161.0,921019.219
2026-03-04 21:00:00,660.8,661.1,658.8,660.2,70530.0,465509.696
2026-03-04 22:00:00,660.2,662.6,657.2,657.4,94430.0,622564.814
2026-03-04 23:00:00,657.4,659.4,656.7,658.4,129448.0,851719.027
2026-03-05 00:00:00,658.4,660.1,656.4,658.0,127232.0,837917.165
2026-03-05 01:00:00,658.0,660.9,652.5,653.0,178366.0,1171227.613
2026-03-05 02:00:00,653.0,657.0,652.7,654.1,104692.0,684757.731
2026-03-05 03:00:00,654.1,655.4,652.8,654.3,156775.0,1025004.54
2026-03-05 04:00:00,654.3,657.7,653.9,655.4,146182.0,958232.393
2026-03-05 05:00:00,655.4,656.4,652.8,653.5,126576.0,827368.139
2026-03-05 06:00:00,653.5,655.4,650.5,654.7,166115.0,1084090.477
2026-03-05 07:00:00,654.7,655.2,648.9,650.6,116109.0,756578.654
2026-03-05 08:00:00,650.6,652.9,649.7,652.8,127622.0,831278.827
2026-03-05 09:00:00,652.8,657.2,652.6,656.0,96021.0,628939.044
2026-03-05 10:00:00,656.0,665.5,655.5,664.2,303586.0,2008675.865
2026-03-05 11:00:00,664.2,664.4,658.8,659.2,126096.0,834062.045
2026-03-05 12:00:00,659.2,660.9,655.3,660.0,322839.0,2125240.215
2026-03-05 13:00:00,660.0,660.3,653.5,657.3,203980.0,1338695.275
2026-03-05 14:00:00,657.3,658.4,652.6,656.6,186641.0,1222867.376
2026-03-05 15:00:00,656.6,657.3,648.5,652.9,240693.0,1570240.45
2026-03-05 16:00:00,652.9,653.9,646.3,652.6,172685.0,1122113.576
2026-03-05 17:00:00,652.6,654.4,646.9,647.6,135025.0,877689.549
2026-03-05 18:00:00,647.6,650.8,646.4,650.2,129898.0,842810.747
2026-03-05 19:00:00,650.2,653.6,648.0,648.8,161899.0,1054169.93
2026-03-05 20:00:00,648.8,651.7,648.0,651.0,70939.0,461348.682
2026-03-05 21:00:00,651.0,652.4,646.6,647.7,111566.0,724775.112
2026-03-05 22:00:00,647.7,649.9,646.2,648.5,251635.0,1629761.409
2026-03-05 23:00:00,648.5,650.0,647.4,648.0,94546.0,613219.835
2026-03-06 00:00:00,648.0,649.9,646.5,647.5,44335.0,287458.405
2026-03-06 01:00:00,647.5,651.7,645.5,651.0,74668.0,484095.033
2026-03-06 02:00:00,651.0,651.6,649.3,649.9,64630.0,420276.718
2026-03-06 03:00:00,649.9,650.5,648.1,649.8,83382.0,541275.675
2026-03-06 04:00:00,649.8,650.0,641.3,644.1,109651.0,707900.263
2026-03-06 05:00:00,644.1,646.2,642.6,644.8,152643.0,983797.697
2026-03-06 06:00:00,644.8,646.3,643.8,645.2,56174.0,362292.501
2026-03-06 07:00:00,645.2,647.8,643.8,646.9,129783.0,839030.96
2026-03-06 08:00:00,646.9,647.0,644.0,644.3,102450.0,660723.461
2026-03-06 09:00:00,644.3,645.0,639.2,640.8,209895.0,1345603.82
2026-03-06 10:00:00,640.8,641.6,639.5,639.8,126342.0,809658.622
2026-03-06 11:00:00,639.8,640.0,637.1,637.3,246297.0,1572902.923
2026-03-06 12:00:00,637.3,638.2,634.6,637.6,261170.0,1662673.131
2026-03-06 13:00:00,637.6,640.6,633.4,633.5,460311.0,2931733.436
2026-03-06 14:00:00,633.5,634.0,623.1,626.4,2963112.0,18595570.027
2026-03-06 15:00:00,626.4,631.8,624.6,627.7,979722.0,6137761.69
2026-03-06 16:00:00,627.7,631.2,626.4,629.0,54941.0,345483.698
2026-03-06 17:00:00,629.0,630.2,625.8,628.1,331135.0,2076049.587
2026-03-06 18:00:00,628.1,631.8,628.0,630.6,177916.0,1121272.086
2026-03-06 19:00:00,630.6,632.8,630.0,630.5,63367.0,399921.979
2026-03-06 20:00:00,630.5,631.4,627.5,629.3,133900.0,841698.519
2026-03-06 21:00:00,629.3,629.8,627.7,629.5,63126.0,397091.75
2026-03-06 22:00:00,629.5,630.7,628.8,630.0,99256.0,625152.389
2026-03-06 23:00:00,630.0,630.1,626.8,627.2,172917.0,1085560.034
2026-03-07 00:00:00,627.2,629.7,626.4,629.2,79225.0,498029.196
2026-03-07 01:00:00,629.2,629.5,627.9,628.5,42632.0,267980.829
2026-03-07 02:00:00,628.5,628.7,626.3,627.4,79448.0,498078.526
2026-03-07 03:00:00,627.4,629.6,626.6,627.1,55545.0,348835.601
2026-03-07 04:00:00,627.1,627.6,623.7,627.0,439036.0,2742658.625
2026-03-07 05:00:00,627.0,628.5,626.8,627.2,26303.0,165104.706
2026-03-07 06:00:00,627.2,627.7,626.3,626.4,47895.0,300378.602
2026-03-07 07:00:00,626.4,628.0,625.2,627.8,505618.0,3168818.795
2026-03-07 08:00:00,627.8,629.2,627.5,628.1,95426.0,599644.339
2026-03-07 09:00:00,628.1,630.0,627.2,629.6,67589.0,425074.357
2026-03-07 10:00:00,629.6,629.9,626.4,626.7,110879.0,697002.48
2026-03-07 11:00:00,626.7,628.7,626.3,627.6,70137.0,440259.709
2026-03-07 12:00:00,627.6,628.1,626.3,626.7,94165.0,590400.675
2026-03-07 13:00:00,626.7,627.5,624.7,626.6,703771.0,4406854.68
2026-03-07 14:00:00,626.6,627.6,623.3,627.2,976069.0,6096717.884
2026-03-07 15:00:00,627.2,627.6,623.3,625.1,462066.0,2884661.265
2026-03-07 16:00:00,625.1,625.1,621.8,624.2,1226102.0,7640868.055
2026-03-07 17:00:00,624.2,625.0,623.4,623.6,65446.0,408565.016
2026-03-07 18:00:00,623.6,623.7,620.4,622.4,1008690.0,6272275.292
2026-03-07 19:00:00,622.4,622.4,618.1,619.7,190633.0,1182127.823
2026-03-07 20:00:00,619.7,621.7,619.6,621.0,68079.0,422715.734
2026-03-07 21:00:00,621.0,622.4,620.4,621.1,99761.0,619754.771
2026-03-07 22:00:00,621.1,621.4,617.7,619.6,64401.0,398935.495
2026-03-07 23:00:00,619.6,620.8,619.5,620.2,81233.0,503759.049
2026-03-08 00:00:00,620.2,622.0,618.8,619.2,80486.0,499128.22
2026-03-08 01:00:00,619.2,620.3,617.9,619.9,175346.0,1085311.07
2026-03-08 02:00:00,619.9,619.9,615.3,616.1,392805.0,2428953.088
2026-03-08 03:00:00,616.1,617.5,615.8,616.9,59259.0,365398.732
2026-03-08 04:00:00,616.9,617.7,614.1,615.0,49370.0,304065.214
2026-03-08 05:00:00,615.0,618.8,615.0,617.9,79899.0,493542.285
2026-03-08 06:00:00,617.9,619.3,617.3,618.9,78181.0,483345.508
2026-03-08 07:00:00,618.9,622.2,618.7,619.8,80161.0,497403.274
2026-03-08 08:00:00,619.8,620.0,617.7,619.3,55269.0,341978.578
2026-03-08 09:00:00,619.3,621.3,618.8,620.2,68455.0,424451.598
2026-03-08 10:00:00,620.2,624.0,620.1,622.8,88203.0,549145.33
2026-03-08 11:00:00,622.8,622.8,618.7,620.2,155499.0,965085.354
2026-03-08 12:00:00,620.2,621.1,615.8,619.2,140964.0,872033.965
2026-03-08 13:00:00,619.2,619.7,612.8,616.2,279603.0,1720314.713
2026-03-08 14:00:00,616.2,617.8,615.3,617.8,97235.0,599740.107
2026-03-08 15:00:00,617.8,618.0,615.2,615.9,161902.0,997947.371
2026-03-08 16:00:00,615.9,616.2,611.5,612.8,239719.0,1469998.661
2026-03-08 17:00:00,612.8,614.7,612.3,612.7,109980.0,674784.826
2026-03-08 18:00:00,612.7,614.0,611.8,613.4,82901.0,508082.367
2026-03-08 19:00:00,613.4,619.6,613.0,618.7,136580.0,842498.603
2026-03-08 20:00:00,618.7,619.9,616.8,617.4,69357.0,428862.924
2026-03-08 21:00:00,617.4,617.9,615.2,617.0,60418.0,372612.814
2026-03-08 22:00:00,617.0,617.0,607.6,614.5,377072.0,2305094.608
2026-03-08 23:00:00,614.5,615.9,611.2,611.9,85388.0,524250.246
2026-03-09 00:00:00,611.9,618.6,611.1,615.4,152487.0,938296.442
2026-03-09 01:00:00,615.4,618.4,614.0,614.6,147818.0,911113.988
2026-03-09 02:00:00,614.6,619.5,613.4,617.9,288668.0,1782757.741
2026-03-09 03:00:00,617.9,628.0,617.6,623.3,314415.0,1959210.089
2026-03-09 04:00:00,623.3,626.1,622.3,622.7,62254.0,388835.922
2026-03-09 05:00:00,622.7,630.0,622.4,629.5,180772.0,1134501.314
2026-03-09 06:00:00,629.5,630.0,622.9,623.6,104935.0,656282.975
2026-03-09 07:00:00,623.6,623.8,618.2,621.8,192477.0,1195103.904
2026-03-09 08:00:00,621.8,626.6,621.8,625.7,103178.0,644709.629
2026-03-09 09:00:00,625.7,630.4,623.8,627.3,231474.0,1453070.468
2026-03-09 10:00:00,627.3,628.6,626.4,627.2,115877.0,727028.922
2026-03-09 11:00:00,627.2,628.1,624.6,627.5,112993.0,707761.266
2026-03-09 12:00:00,627.5,632.7,627.5,631.1,315718.0,1990287.68
2026-03-09 13:00:00,631.1,638.6,631.0,636.5,489321.0,3107294.164
2026-03-09 14:00:00,636.5,638.6,633.2,635.8,216218.0,1375982.033
2026-03-09 15:00:00,635.8,640.3,635.4,639.3,138215.0,881893.457
2026-03-09 16:00:00,639.3,641.6,638.0,639.2,165551.0,1058982.862
2026-03-09 17:00:00,639.2,640.5,635.3,636.9,201132.0,1281954.668
2026-03-09 18:00:00,636.9,637.5,634.4,634.9,249933.0,1589334.034
2026-03-09 19:00:00,634.9,643.3,634.1,638.2,425175.0,2713200.209
2026-03-09 20:00:00,638.2,639.0,636.7,638.4,88917.0,567349.175
2026-03-09 21:00:00,638.4,640.6,638.3,640.5,93337.0,597006.311
2026-03-09 22:00:00,640.5,640.8,636.1,636.8,187780.0,1199417.127
2026-03-09 23:00:00,636.8,637.8,633.8,634.6,58088.0,368867.76
2026-03-10 00:00:00,634.6,640.5,634.4,639.0,121016.0,771688.769
2026-03-10 01:00:00,639.0,639.8,636.0,638.7,33934.0,216429.435
2026-03-10 02:00:00,638.7,645.9,637.5,643.8,217959.0,1402775.107
2026-03-10 03:00:00,643.8,645.2,639.2,639.7,140456.0,902833.544
2026-03-10 04:00:00,639.7,644.5,639.3,643.9,175053.0,1122514.422
2026-03-10 05:00:00,643.9,646.2,643.6,644.1,103021.0,664707.457
2026-03-10 06:00:00,644.1,645.2,642.2,644.2,69196.0,445459.397
2026-03-10 07:00:00,644.2,647.0,643.3,644.4,134345.0,866912.441
2026-03-10 08:00:00,644.4,648.8,644.1,645.7,158288.0,1023894.467
2026-03-10 09:00:00,645.7,648.1,644.5,647.5,191856.0,1240534.776
2026-03-10 10:00:00,647.5,647.8,645.2,647.3,62213.0,402305.23
2026-03-10 11:00:00,647.3,647.9,644.8,645.4,59727.0,385747.493
2026-03-10 12:00:00,645.4,646.7,644.7,646.4,78982.0,510046.813
2026-03-10 13:00:00,646.4,648.0,641.1,642.3,239664.0,1543411.1
2026-03-10 14:00:00,642.3,651.8,638.2,650.6,407500.0,2630447.849
2026-03-10 15:00:00,650.6,652.3,646.0,649.2,313081.0,2030035.722
2026-03-10 16:00:00,649.2,652.4,647.5,649.7,243686.0,1583927.562
2026-03-10 17:00:00,649.7,650.2,644.6,646.5,131528.0,851398.081
2026-03-10 18:00:00,646.5,646.6,640.5,641.3,144256.0,926566.208
2026-03-10 19:00:00,641.3,642.5,640.0,641.6,215199.0,1379939.288
2026-03-10 20:00:00,641.6,644.3,641.6,644.1,299892.0,1929952.877
2026-03-10 21:00:00,644.1,645.1,639.6,641.3,159720.0,1026258.314
2026-03-10 22:00:00,641.3,642.4,639.5,641.7,217111.0,1392542.746
2026-03-10 23:00:00,641.7,642.9,641.0,641.9,73275.0,470532.981
2026-03-11 00:00:00,641.9,643.7,640.9,643.2,115855.0,744653.436
2026-03-11 01:00:00,643.2,644.3,642.3,644.0,67571.0,434854.725
2026-03-11 02:00:00,644.0,644.2,638.7,640.9,89942.0,575932.851
2026-03-11 03:00:00,640.9,642.5,639.5,639.7,131034.0,839186.61
2026-03-11 04:00:00,639.7,644.9,639.1,644.5,104734.0,672893.905
2026-03-11 05:00:00,644.5,644.8,637.7,638.0,174406.0,1115868.151
2026-03-11 06:00:00,638.0,643.3,638.0,642.8,135514.0,868798.15
2026-03-11 07:00:00,642.8,643.0,639.8,640.5,193552.0,1241222.534
2026-03-11 08:00:00,640.5,642.5,639.6,642.3,154499.0,990321.538
2026-03-11 09:00:00,642.3,642.3,639.3,639.8,149736.0,959774.03
2026-03-11 10:00:00,639.8,644.0,639.6,643.4,292967.0,1879556.464
2026-03-11 11:00:00,643.4,643.4,634.5,638.0,1138886.0,7263279.423
2026-03-11 12:00:00,638.0,642.4,636.7,641.5,429874.0,2750442.274
2026-03-11 13:00:00,641.5,652.3,641.3,646.5,559758.0,3623413.8
2026-03-11 14:00:00,646.5,651.3,644.7,648.5,345793.0,2242145.97
2026-03-11 15:00:00,648.5,649.3,642.1,645.9,408536.0,2637452.005
2026-03-11 16:00:00,645.9,649.8,645.3,648.1,332770.0,2157003.193
2026-03-11 17:00:00,648.1,655.8,648.1,651.8,562155.0,3668242.609
2026-03-11 18:00:00,651.8,654.2,650.8,652.8,265354.0,1731114.162
2026-03-11 19:00:00,652.8,653.9,651.2,653.2,126966.0,828398.205
2026-03-11 20:00:00,653.2,653.4,651.8,653.0,76975.0,502177.125
2026-03-11 21:00:00,653.0,654.5,651.9,654.3,318360.0,2080130.067
2026-03-11 22:00:00,654.3,656.3,651.8,652.5,196122.0,1281567.982
2026-03-11 23:00:00,652.5,653.4,650.5,651.7,112570.0,733771.298
2026-03-12 00:00:00,651.7,652.5,650.7,652.2,175871.0,1145968.141
2026-03-12 01:00:00,652.2,652.2,646.7,646.7,155293.0,1008037.081
2026-03-12 02:00:00,646.7,647.9,642.6,643.3,248956.0,1606536.676
2026-03-12 03:00:00,643.3,645.1,642.2,643.5,131279.0,845484.485
2026-03-12 04:00:00,643.5,644.3,641.7,642.9,73445.0,472487.056
2026-03-12 05:00:00,642.9,644.9,642.8,644.2,80291.0,517132.52
2026-03-12 06:00:00,644.2,645.3,643.4,644.3,129449.0,834413.298
2026-03-12 07:00:00,644.3,646.9,644.0,645.6,60872.0,392970.694
2026-03-12 08:00:00,645.6,648.6,645.6,647.3,155301.0,1005284.291
2026-03-12 09:00:00,647.3,651.2,645.7,650.0,209758.0,1360229.982
2026-03-12 10:00:00,650.0,652.7,649.3,652.0,206418.0,1344277.979
2026-03-12 11:00:00,652.0,654.0,650.9,652.5,221049.0,1442723.055
2026-03-12 12:00:00,652.5,657.9,651.3,656.0,561012.0,3676307.405
2026-03-12 13:00:00,656.0,656.3,650.7,652.8,452528.0,2956330.014
2026-03-12 14:00:00,652.8,656.3,645.8,646.9,427642.0,2776892.222
2026-03-12 15:00:00,646.9,653.8,646.1,650.2,769917.0,5007263.152
2026-03-12 16:00:00,650.2,652.7,648.4,651.8,256103.0,1666777.499
2026-03-12 17:00:00,651.8,652.7,649.6,650.6,151232.0,984825.556
2026-03-12 18:00:00,650.6,651.7,648.0,648.1,155675.0,1012645.777
2026-03-12 19:00:00,648.1,651.8,646.6,651.3,291090.0,1891790.96
2026-03-12 20:00:00,651.3,651.8,649.2,649.9,170867.0,1111186.816
2026-03-12 21:00:00,649.9,652.4,649.8,652.1,221043.0,1439203.632
2026-03-12 22:00:00,652.1,652.3,650.2,651.5,70242.0,457624.596
2026-03-12 23:00:00,651.5,655.0,651.5,651.9,178742.0,1167760.934
2026-03-13 00:00:00,651.9,663.8,650.7,658.8,828384.0,5456464.611
2026-03-13 01:00:00,658.8,662.3,658.4,662.1,237958.0,1571991.219
2026-03-13 02:00:00,662.1,662.7,659.3,659.5,112745.0,745419.113
2026-03-13 03:00:00,659.5,662.2,657.6,661.7,175246.0,1155975.143
2026-03-13 04:00:00,661.7,662.0,659.4,660.6,125890.0,831601.024
2026-03-13 05:00:00,660.6,662.1,659.3,660.8,126421.0,835518.615
2026-03-13 06:00:00,660.8,661.7,659.1,660.8,186187.0,1230423.387
2026-03-13 07:00:00,660.8,664.5,660.1,661.4,490512.0,3249838.846
2026-03-13 08:00:00,661.4,668.1,660.8,665.9,508587.0,3383184.741
2026-03-13 09:00:00,665.9,667.8,664.3,667.0,634316.0,4226939.993
2026-03-13 10:00:00,667.0,668.7,666.1,667.0,818979.0,5470512.766
2026-03-13 11:00:00,667.0,668.1,666.0,666.7,95939.0,639596.757
2026-03-13 12:00:00,666.7,673.8,666.6,671.3,1082856.0,7263720.272
2026-03-13 13:00:00,671.3,679.2,670.5,674.4,814558.0,5493833.369
2026-03-13 14:00:00,674.4,678.6,667.7,668.2,608400.0,4098363.202
2026-03-13 15:00:00,668.2,671.5,661.5,662.3,514037.0,3425824.397
2026-03-13 16:00:00,662.3,663.7,658.4,662.0,523187.0,3462103.221
2026-03-13 17:00:00,662.0,664.5,653.2,655.8,928831.0,6117439.09
2026-03-13 18:00:00,655.8,658.6,654.4,656.9,422526.0,2774792.152
2026-03-13 19:00:00,656.9,658.1,656.1,657.4,599316.0,3939517.063
2026-03-13 20:00:00,657.4,658.8,656.5,657.4,267876.0,1760890.855
2026-03-13 21:00:00,657.4,658.9,656.3,657.0,135971.0,894463.793
2026-03-13 22:00:00,657.0,657.5,653.7,655.7,186728.0,1223661.565
2026-03-13 23:00:00,655.7,656.2,654.8,656.0,89223.0,584831.664
2026-03-14 00:00:00,656.0,656.3,652.7,653.1,48465.0,317019.823
2026-03-14 01:00:00,653.1,656.9,653.0,656.6,155729.0,1019047.974
2026-03-14 02:00:00,656.6,656.8,655.2,655.6,49014.0,321520.03
2026-03-14 03:00:00,655.6,657.3,655.3,656.9,42627.0,279801.624
2026-03-14 04:00:00,656.9,658.1,655.2,655.3,56745.0,372903.238
2026-03-14 05:00:00,655.3,656.7,654.5,655.7,107009.0,701361.983
2026-03-14 06:00:00,655.7,655.7,650.9,653.4,135997.0,888331.139
2026-03-14 07:00:00,653.4,654.4,652.0,652.3,46842.0,306026.163
2026-03-14 08:00:00,652.3,653.8,651.8,652.0,49196.0,321041.042
2026-03-14 09:00:00,652.0,653.4,650.5,651.2,91215.0,594710.498
2026-03-14 10:00:00,651.2,651.3,650.0,651.0,82839.0,539033.399
2026-03-14 11:00:00,651.0,653.9,650.8,653.5,31682.0,206692.394
2026-03-14 12:00:00,653.5,654.4,652.4,653.4,55150.0,360311.336
2026-03-14 13:00:00,653.4,654.5,652.9,654.2,46647.0,305023.069
2026-03-14 14:00:00,654.2,654.9,651.7,652.3,57602.0,376139.453
2026-03-14 15:00:00,652.3,653.7,651.8,653.5,62831.0,410223.669
2026-03-14 16:00:00,653.5,654.3,652.2,654.0,61741.0,403524.543
2026-03-14 17:00:00,654.0,654.0,652.7,653.1,32090.0,209735.92
2026-03-14 18:00:00,653.1,653.5,652.3,653.2,77127.0,503519.198
2026-03-14 19:00:00,653.2,654.0,652.5,653.6,242097.0,1581323.618
2026-03-14 20:00:00,653.6,654.6,653.1,653.8,103067.0,673609.277
2026-03-14 21:00:00,653.8,654.9,653.1,654.7,32892.0,215062.224
2026-03-14 22:00:00,654.7,655.3,654.1,654.8,63881.0,418263.498
2026-03-14 23:00:00,654.8,658.0,654.8,657.6,178464.0,1172023.047
2026-03-15 00:00:00,657.6,657.9,655.4,655.7,63061.0,413944.433
2026-03-15 01:00:00,655.7,656.1,654.3,655.3,61280.0,401453.095
2026-03-15 02:00:00,655.3,660.6,655.3,659.3,194873.0,1283150.815
2026-03-15 03:00:00,659.3,661.2,657.9,658.8,75327.0,496535.929
2026-03-15 04:00:00,658.8,660.7,658.3,659.2,59562.0,392832.236
2026-03-15 05:00:00,659.2,661.0,658.5,659.6,56084.0,370013.28
2026-03-15 06:00:00,659.6,660.1,657.6,658.5,57520.0,378966.308
2026-03-15 07:00:00,658.5,660.5,658.2,660.0,58777.0,387689.08
2026-03-15 08:00:00,660.0,664.3,659.6,664.3,202696.0,1342927.642
2026-03-15 09:00:00,664.3,666.6,663.0,663.7,298745.0,1987126.998
2026-03-15 10:00:00,663.7,664.0,662.2,662.9,89007.0,590304.298
2026-03-15 11:00:00,662.9,663.1,659.9,661.7,99566.0,658702.486
2026-03-15 12:00:00,661.7,661.8,659.8,661.7,94113.0,621683.394
2026-03-15 13:00:00,661.7,662.5,656.7,659.8,286170.0,1884593.266
2026-03-15 14:00:00,659.8,660.5,658.3,660.3,183520.0,1210687.527
2026-03-15 15:00:00,660.3,661.3,659.5,659.7,162822.0,1075504.072
2026-03-15 16:00:00,659.7,660.9,658.6,658.8,84271.0,556053.727
2026-03-15 17:00:00,658.8,663.2,658.8,662.0,184164.0,1217060.832
2026-03-15 18:00:00,662.0,662.5,658.1,658.3,104753.0,691698.444
2026-03-15 19:00:00,658.3,660.6,658.1,660.4,69707.0,459555.959
2026-03-15 20:00:00,660.4,665.3,659.6,663.9,192018.0,1274022.207
2026-03-15 21:00:00,663.9,669.2,663.0,667.4,477770.0,3184321.659
2026-03-15 22:00:00,667.4,679.4,665.6,676.4,588764.0,3962403.569
2026-03-15 23:00:00,676.4,679.2,672.1,674.1,291213.0,1962449.285
2026-03-16 00:00:00,674.1,676.9,671.1,672.3,249537.0,1682448.844
2026-03-16 01:00:00,672.3,677.2,670.5,676.1,193774.0,1304723.269
2026-03-16 02:00:00,676.1,677.0,671.0,673.2,247259.0,1664402.985
2026-03-16 03:00:00,673.2,686.2,672.5,680.9,568929.0,3867634.092
2026-03-16 04:00:00,680.9,687.7,680.8,683.7,149639.0,1022924.941
2026-03-16 05:00:00,683.7,686.5,682.5,685.5,173161.0,1185070.116
2026-03-16 06:00:00,685.5,685.8,679.7,679.9,234009.0,1595318.931
2026-03-16 07:00:00,679.9,681.4,677.8,678.4,176550.0,1201123.503
2026-03-16 08:00:00,678.4,681.4,674.3,675.5,232980.0,1579675.255
2026-03-16 09:00:00,675.5,677.7,675.3,676.7,181332.0,1226324.921
2026-03-16 10:00:00,676.7,679.4,675.4,679.3,130937.0,886951.421
2026-03-16 11:00:00,679.3,679.8,676.7,677.3,84093.0,570124.759
2026-03-16 12:00:00,677.3,681.3,677.3,678.6,328015.0,2228470.911
2026-03-16 13:00:00,678.6,683.6,678.0,680.6,563898.0,3836209.697
2026-03-16 14:00:00,680.6,682.3,670.2,674.7,610289.0,4130130.472
2026-03-16 15:00:00,674.7,677.0,671.1,671.8,113963.0,768510.845
2026-03-16 16:00:00,671.8,676.2,671.3,675.3,132680.0,894306.006
2026-03-16 17:00:00,675.3,678.8,674.8,678.2,122039.0,826335.044
2026-03-16 18:00:00,678.2,680.6,677.1,677.1,181332.0,1231160.974
2026-03-16 19:00:00,677.1,681.5,676.4,678.6,112758.0,766202.179
2026-03-16 20:00:00,678.6,678.7,673.9,677.0,80215.0,542419.302
2026-03-16 21:00:00,677.0,682.7,676.3,679.6,97592.0,663754.236
2026-03-16 22:00:00,679.6,684.7,679.6,681.4,165342.0,1128658.579
2026-03-16 23:00:00,681.4,681.4,676.3,679.6,187292.0,1270017.809
2026-03-17 00:00:00,679.6,684.0,678.0,682.1,651546.0,4429688.301
2026-03-17 01:00:00,682.1,686.6,680.7,684.2,222718.0,1524020.961
2026-03-17 02:00:00,684.2,684.8,680.5,682.6,79885.0,544887.089
2026-03-17 03:00:00,682.6,683.2,675.0,676.1,285839.0,1935638.552
2026-03-17 04:00:00,676.1,677.4,672.0,675.1,236378.0,1594911.681
2026-03-17 05:00:00,675.1,677.2,673.8,675.1,51524.0,347990.082
2026-03-17 06:00:00,675.1,676.8,672.9,673.6,56218.0,379190.328
2026-03-17 07:00:00,673.6,675.7,673.4,674.1,32328.0,218160.068
2026-03-17 08:00:00,674.1,676.3,673.3,673.6,38429.0,259435.257
2026-03-17 09:00:00,673.6,675.6,672.0,672.7,112343.0,756832.116
2026-03-17 10:00:00,672.7,673.0,668.2,669.5,200087.0,1342404.584
2026-03-17 11:00:00,669.5,670.4,667.3,667.5,78865.0,527161.725
2026-03-17 12:00:00,667.5,669.6,664.9,665.4,183360.0,1222943.858
2026-03-17 13:00:00,665.4,668.5,663.5,665.1,323193.0,2153388.02
2026-03-17 14:00:00,665.1,670.2,663.2,670.0,191508.0,1277388.603
2026-03-17 15:00:00,670.0,673.1,665.2,668.3,221829.0,1482811.084
2026-03-17 16:00:00,668.3,671.4,667.6,670.7,237086.0,1587767.868
2026-03-17 17:00:00,670.7,672.6,669.9,672.6,80338.0,539496.922
2026-03-17 18:00:00,672.6,674.7,672.0,673.5,162848.0,1096450.037
2026-03-17 19:00:00,673.5,674.4,671.5,671.9,109826.0,739175.222
2026-03-17 20:00:00,671.9,672.6,670.5,671.8,35503.0,238385.023
2026-03-17 21:00:00,671.8,674.3,671.7,673.3,88011.0,592581.135
2026-03-17 22:00:00,673.3,674.3,668.9,671.2,109770.0,737396.548
2026-03-17 23:00:00,671.2,671.8,667.8,668.5,108635.0,727519.14
2026-03-18 00:00:00,668.5,669.2,665.5,668.2,138782.0,925916.934
2026-03-18 01:00:00,668.2,670.6,668.1,669.5,108241.0,724797.706
2026-03-18 02:00:00,669.5,672.4,669.5,671.3,39177.0,262968.136
2026-03-18 03:00:00,671.3,675.0,671.0,673.2,151298.0,1018547.446
2026-03-18 04:00:00,673.2,673.6,670.5,671.6,60063.0,403497.776
2026-03-18 05:00:00,671.6,673.4,669.8,671.0,191074.0,1282068.204
2026-03-18 06:00:00,671.0,674.8,671.0,672.6,53814.0,362466.016
2026-03-18 07:00:00,672.6,673.9,671.3,673.8,43945.0,295505.342
2026-03-18 08:00:00,673.8,675.8,673.7,674.3,74061.0,499552.292
2026-03-18 09:00:00,674.3,675.8,673.8,675.8,91163.0,615180.284
2026-03-18 10:00:00,675.8,676.2,671.1,672.5,142268.0,957961.553
2026-03-18 11:00:00,672.5,672.8,661.3,662.6,400629.0,2667681.549
2026-03-18 12:00:00,662.6,662.6,655.9,657.4,421187.0,2775169.095
2026-03-18 13:00:00,657.4,658.8,654.4,657.1,282759.0,1857352.606
2026-03-18 14:00:00,657.1,657.4,647.3,647.5,268189.0,1750389.088
2026-03-18 15:00:00,647.5,650.1,644.7,648.2,307753.0,1992295.225
2026-03-18 16:00:00,648.2,649.4,644.9,648.0,227565.0,1472362.395
2026-03-18 17:00:00,648.0,651.2,646.4,649.7,124801.0,810290.643
2026-03-18 18:00:00,649.7,652.5,646.6,647.4,188047.0,1222864.965
2026-03-18 19:00:00,647.4,649.9,646.8,647.7,195943.0,1270032.248
2026-03-18 20:00:00,647.7,650.6,644.1,649.9,265900.0,1719662.392
2026-03-18 21:00:00,649.9,652.4,649.5,652.3,253853.0,1653689.665
2026-03-18 22:00:00,652.3,652.3,650.2,651.1,113730.0,740329.622
2026-03-18 23:00:00,651.1,652.6,650.4,651.9,93532.0,609520.463
2026-03-19 00:00:00,651.9,652.4,650.3,651.2,130917.0,852471.276
2026-03-19 01:00:00,651.2,652.1,650.2,651.1,32258.0,210131.095
2026-03-19 02:00:00,651.1,652.0,648.6,650.2,54872.0,356852.372
2026-03-19 03:00:00,650.2,656.0,650.1,652.3,167154.0,1091854.457
2026-03-19 04:00:00,652.3,652.4,647.8,649.0,143849.0,934123.403
2026-03-19 05:00:00,649.0,650.2,647.9,649.1,74580.0,484009.691
2026-03-19 06:00:00,649.1,650.3,647.6,648.3,103828.0,673674.863
2026-03-19 07:00:00,648.3,648.4,640.6,644.9,320499.0,2064669.281
2026-03-19 08:00:00,644.9,645.9,643.3,644.1,178662.0,1151912.187
2026-03-19 09:00:00,644.1,648.5,643.5,648.1,475650.0,3069930.13
2026-03-19 10:00:00,648.1,648.4,645.4,645.5,166052.0,1075254.781
2026-03-19 11:00:00,645.5,646.0,643.4,643.8,99378.0,640375.266
2026-03-19 12:00:00,643.8,643.8,637.9,638.4,197812.0,1267823.182
2026-03-19 13:00:00,638.4,641.7,636.1,640.9,249244.0,1592107.396
2026-03-19 14:00:00,640.9,642.2,635.5,638.1,409578.0,2613074.278
2026-03-19 15:00:00,638.1,640.3,634.2,637.6,475402.0,3031864.806
2026-03-19 16:00:00,637.6,637.6,634.2,635.8,127239.0,808881.074
2026-03-19 17:00:00,635.8,638.8,633.0,638.1,147677.0,938606.82
2026-03-19 18:00:00,638.1,638.1,636.0,637.6,76201.0,485250.775
2026-03-19 19:00:00,637.6,642.2,637.6,639.7,265300.0,1698355.237
2026-03-19 20:00:00,639.7,642.6,639.3,641.7,111252.0,712944.154
2026-03-19 21:00:00,641.7,643.5,641.3,642.0,102382.0,657905.575
2026-03-19 22:00:00,642.0,642.2,638.6,640.2,242161.0,1548578.987
2026-03-19 23:00:00,640.2,641.3,637.8,638.8,88080.0,563256.884
2026-03-20 00:00:00,638.8,641.2,638.2,640.7,127186.0,813425.225
2026-03-20 01:00:00,640.7,643.4,640.4,641.6,42380.0,271932.333
2026-03-20 02:00:00,641.6,642.8,639.1,642.3,72685.0,465529.774
2026-03-20 03:00:00,642.3,644.7,642.0,644.0,154811.0,996201.005
2026-03-20 04:00:00,644.0,645.4,641.2,643.8,452091.0,2907838.225
2026-03-20 05:00:00,643.8,644.2,641.6,642.8,249214.0,1602447.369
2026-03-20 06:00:00,642.8,643.1,640.9,642.0,285689.0,1834280.1
2026-03-20 07:00:00,642.0,644.3,639.4,643.8,145276.0,933653.835
2026-03-20 08:00:00,643.8,647.4,643.3,646.2,494937.0,3198340.162
2026-03-20 09:00:00,646.2,646.2,640.8,641.6,114651.0,737141.183
2026-03-20 10:00:00,641.6,643.5,640.0,642.9,494160.0,3168219.823
2026-03-20 11:00:00,642.9,643.9,640.2,641.4,81154.0,521169.128
2026-03-20 12:00:00,641.4,643.0,640.1,641.1,41862.0,268656.138
2026-03-20 13:00:00,641.1,642.6,637.2,637.7,162020.0,1036342.116
2026-03-20 14:00:00,637.7,642.0,636.5,638.6,184114.0,1175973.775
2026-03-20 15:00:00,638.6,641.0,637.5,640.2,158189.0,1011427.853
2026-03-20 16:00:00,640.2,641.7,638.8,640.1,134482.0,860865.865
2026-03-20 17:00:00,640.1,641.8,636.6,640.0,412330.0,2640933.633
2026-03-20 18:00:00,640.0,641.3,636.0,637.9,1781014.0,11387028.621
2026-03-20 19:00:00,637.9,640.4,636.3,640.2,460924.0,2943638.707
2026-03-20 20:00:00,640.2,640.7,637.0,639.6,577725.0,3689207.789
2026-03-20 21:00:00,639.6,642.8,638.8,641.6,63360.0,406031.586
2026-03-20 22:00:00,641.6,644.4,641.6,643.6,50872.0,327427.213
2026-03-20 23:00:00,643.6,643.7,641.3,641.9,60581.0,389052.877
2026-03-21 00:00:00,641.9,643.0,641.1,642.0,39769.0,255316.169
2026-03-21 01:00:00,642.0,642.8,640.1,640.6,47578.0,305146.583
2026-03-21 02:00:00,640.6,642.3,640.0,642.2,29077.0,186449.566
2026-03-21 03:00:00,642.2,642.5,641.4,642.1,52727.0,338421.39
2026-03-21 04:00:00,642.1,643.3,641.6,641.8,25627.0,164684.345
2026-03-21 05:00:00,641.8,643.2,641.7,642.0,36651.0,235438.352
2026-03-21 06:00:00,642.0,643.3,641.9,643.1,46922.0,301632.89
2026-03-21 07:00:00,643.1,644.3,642.8,643.0,64788.0,416987.214
2026-03-21 08:00:00,643.0,643.3,641.9,643.0,68585.0,440854.762
2026-03-21 09:00:00,643.0,644.3,642.9,643.0,46719.0,300645.314
2026-03-21 10:00:00,643.0,643.1,642.1,642.6,53381.0,343022.875
2026-03-21 11:00:00,642.6,643.9,642.6,643.7,31779.0,204396.119
2026-03-21 12:00:00,643.7,644.2,643.4,643.8,64800.0,417243.994
2026-03-21 13:00:00,643.8,644.2,643.0,644.0,65971.0,424770.791
2026-03-21 14:00:00,644.0,646.2,642.1,642.1,185087.0,1193440.295
2026-03-21 15:00:00,642.1,643.2,641.3,642.8,123000.0,790159.156
2026-03-21 16:00:00,642.8,643.1,640.7,641.3,82584.0,530146.843
2026-03-21 17:00:00,641.3,641.9,640.5,641.2,87653.0,561988.994
2026-03-21 18:00:00,641.2,642.4,640.9,641.5,38433.0,246579.17
2026-03-21 19:00:00,641.5,642.0,641.1,641.4,126972.0,814344.802
2026-03-21 20:00:00,641.4,642.5,641.4,642.4,24141.0,154965.195
2026-03-21 21:00:00,642.4,642.7,641.5,641.7,149000.0,956652.134
2026-03-21 22:00:00,641.7,642.3,641.0,642.3,27291.0,175063.527
2026-03-21 23:00:00,642.3,642.3,627.5,630.4,400545.0,2534943.138
2026-03-22 00:00:00,630.4,632.2,622.2,630.0,207492.0,1302149.658
2026-03-22 01:00:00,630.0,631.7,628.8,630.7,83740.0,528167.781
2026-03-22 02:00:00,630.7,634.9,630.7,634.1,94731.0,599703.458
2026-03-22 03:00:00,634.1,637.3,632.5,634.6,98174.0,623393.399
2026-03-22 04:00:00,634.6,636.3,632.3,634.8,86261.0,547238.989
2026-03-22 05:00:00,634.8,635.0,633.0,633.3,45673.0,289405.579
2026-03-22 06:00:00,633.3,634.0,632.1,633.4,48772.0,308628.541
2026-03-22 07:00:00,633.4,634.3,631.6,631.6,40289.0,255001.147
2026-03-22 08:00:00,631.6,631.9,628.6,630.4,139795.0,880656.663
2026-03-22 09:00:00,630.4,631.3,629.4,630.7,43206.0,272456.613
2026-03-22 10:00:00,630.7,631.1,628.8,629.2,69193.0,435624.588
2026-03-22 11:00:00,629.2,629.7,627.2,627.4,63411.0,398349.734
2026-03-22 12:00:00,627.4,630.3,627.4,629.1,96490.0,607054.306
2026-03-22 13:00:00,629.1,631.4,628.6,630.0,63484.0,400127.743
2026-03-22 14:00:00,630.0,631.3,628.3,629.6,108509.0,683812.915
2026-03-22 15:00:00,629.6,631.2,628.8,629.5,95330.0,600071.077
2026-03-22 16:00:00,629.5,630.6,629.1,630.2,39715.0,250131.96
2026-03-22 17:00:00,630.2,631.9,629.7,630.5,182014.0,1148518.061
2026-03-22 18:00:00,630.5,631.2,627.5,629.3,207537.0,1306469.51
2026-03-22 19:00:00,629.3,629.3,626.1,627.1,140352.0,880372.811
2026-03-22 20:00:00,627.1,629.6,627.1,627.8,39894.0,250739.946
2026-03-22 21:00:00,627.8,628.3,621.6,625.5,197664.0,1233217.967
2026-03-22 22:00:00,625.5,629.7,622.5,629.6,79240.0,496762.457
2026-03-22 23:00:00,629.6,631.0,625.8,626.1,58681.0,368812.263
2026-03-23 00:00:00,626.1,627.7,621.7,624.4,72235.0,451031.051
2026-03-23 01:00:00,624.4,627.9,623.4,626.1,227654.0,1426007.229
2026-03-23 02:00:00,626.1,629.9,625.1,628.6,157799.0,991503.832
2026-03-23 03:00:00,628.6,630.5,626.1,626.2,78031.0,490294.558
2026-03-23 04:00:00,626.2,629.4,626.2,629.3,44284.0,278109.053
2026-03-23 05:00:00,629.3,631.7,629.2,631.6,105120.0,662834.822
2026-03-23 06:00:00,631.6,631.6,620.8,622.6,148761.0,928539.088
2026-03-23 07:00:00,622.6,625.3,620.0,623.6,104398.0,649376.844
2026-03-23 08:00:00,623.6,625.9,623.1,624.1,83376.0,520915.518
2026-03-23 09:00:00,624.1,625.8,621.1,625.5,76267.0,475401.529
2026-03-23 10:00:00,625.5,627.8,624.7,626.2,179059.0,1120304.561
2026-03-23 11:00:00,626.2,650.5,626.2,638.1,1330492.0,8560819.933
2026-03-23 12:00:00,638.1,645.3,635.6,645.0,167515.0,1072284.158
2026-03-23 13:00:00,645.0,649.3,642.7,647.6,193722.0,1251850.091
2026-03-23 14:00:00,647.6,649.3,644.4,646.4,170626.0,1103668.852
2026-03-23 15:00:00,646.4,647.5,636.9,637.4,219228.0,1405571.768
2026-03-23 16:00:00,637.4,639.0,633.9,635.9,271822.0,1729604.311
2026-03-23 17:00:00,635.9,638.4,632.9,638.2,219833.0,1397670.742
2026-03-23 18:00:00,638.2,639.9,636.3,639.7,134045.0,855526.573
2026-03-23 19:00:00,639.7,641.0,637.4,637.8,74547.0,476186.286
2026-03-23 20:00:00,637.8,640.0,636.8,639.5,71770.0,458369.94
2026-03-23 21:00:00,639.5,641.1,639.5,639.8,39200.0,250855.396
2026-03-23 22:00:00,639.8,640.1,637.6,638.9,49487.0,316058.857
2026-03-23 23:00:00,638.9,639.6,636.6,639.2,63961.0,407773.17
2026-03-24 00:00:00,639.2,640.4,634.8,636.9,70301.0,448166.785
2026-03-24 01:00:00,636.9,637.0,632.5,633.7,85017.0,539872.69
2026-03-24 02:00:00,633.7,635.4,632.1,632.9,40693.0,257554.264
2026-03-24 03:00:00,632.9,633.6,632.3,632.7,25054.0,158596.613
2026-03-24 04:00:00,632.7,633.7,628.8,629.3,130973.0,825204.548
2026-03-24 05:00:00,629.3,629.6,627.2,629.3,113758.0,714663.683
2026-03-24 06:00:00,629.3,631.1,629.0,631.0,99460.0,626365.663
2026-03-24 07:00:00,631.0,638.5,630.8,637.7,265967.0,1688932.586
2026-03-24 08:00:00,637.7,638.3,634.5,635.0,193017.0,1227210.115
2026-03-24 09:00:00,635.0,638.8,634.0,638.4,166029.0,1056185.039
2026-03-24 10:00:00,638.4,638.6,636.6,637.9,213675.0,1362909.666
2026-03-24 11:00:00,637.9,639.8,635.8,638.8,100985.0,644082.385
2026-03-24 12:00:00,638.8,639.3,636.5,637.4,54166.0,345588.22
2026-03-24 13:00:00,637.4,638.0,631.1,632.3,165052.0,1047932.781
2026-03-24 14:00:00,632.3,634.2,627.2,629.8,526977.0,3318841.759
2026-03-24 15:00:00,629.8,633.2,629.7,631.0,122886.0,775529.752
2026-03-24 16:00:00,631.0,632.0,628.1,629.0,137010.0,862729.944
2026-03-24 17:00:00,629.0,629.6,626.7,628.7,214484.0,1347322.572
2026-03-24 18:00:00,628.7,632.3,628.5,630.5,112724.0,710686.137
2026-03-24 19:00:00,630.5,632.0,629.5,630.0,139042.0,877557.718
2026-03-24 20:00:00,630.0,637.5,629.7,636.6,343281.0,2180885.205
2026-03-24 21:00:00,636.6,637.6,635.0,637.6,63740.0,405605.842
2026-03-24 22:00:00,637.6,638.7,635.8,636.8,72162.0,459686.373
2026-03-24 23:00:00,636.8,639.6,636.3,638.3,81511.0,520361.619
2026-03-25 00:00:00,638.3,641.5,637.4,640.0,92875.0,594483.97
2026-03-25 01:00:00,640.0,641.1,638.7,639.0,41787.0,267365.417
2026-03-25 02:00:00,639.0,640.1,638.3,639.3,49629.0,317336.116
2026-03-25 03:00:00,639.3,643.1,638.6,642.3,98138.0,628968.315
2026-03-25 04:00:00,642.3,643.1,641.5,642.8,53980.0,346646.946
2026-03-25 05:00:00,642.8,645.8,642.3,643.7,110798.0,713990.29
2026-03-25 06:00:00,643.7,647.1,643.7,645.0,81571.0,526917.108
2026-03-25 07:00:00,645.0,646.3,643.4,643.5,77523.0,499723.531
2026-03-25 08:00:00,643.5,648.8,643.5,647.1,210734.0,1362573.737
2026-03-25 09:00:00,647.1,650.0,646.8,649.2,312422.0,2026655.716
2026-03-25 10:00:00,649.2,649.4,646.1,647.0,169065.0,1095174.072
2026-03-25 11:00:00,647.0,651.2,646.9,648.5,113874.0,739235.882
2026-03-25 12:00:00,648.5,650.8,646.0,649.3,100334.0,650087.031
2026-03-25 13:00:00,649.3,653.2,648.6,649.6,252599.0,1644412.026
2026-03-25 14:00:00,649.6,650.2,647.3,647.3,221373.0,1435492.757
2026-03-25 15:00:00,647.3,647.8,642.1,645.9,352643.0,2272611.593
2026-03-25 16:00:00,645.9,651.2,645.4,647.7,239099.0,1550868.363
2026-03-25 17:00:00,647.7,648.4,645.2,645.6,127554.0,824995.329
2026-03-25 18:00:00,645.6,646.9,644.1,645.5,112114.0,723342.497
2026-03-25 19:00:00,645.5,647.5,645.3,646.1,82240.0,531683.851
2026-03-25 20:00:00,646.1,647.0,644.3,647.0,67001.0,432438.678
2026-03-25 21:00:00,647.0,648.7,646.5,647.4,68886.0,445898.466
2026-03-25 22:00:00,647.4,649.9,646.1,649.1,61911.0,401080.849
2026-03-25 23:00:00,649.1,649.2,646.9,647.9,35427.0,229574.34
2026-03-26 00:00:00,647.9,648.8,646.5,647.4,34913.0,226103.036
2026-03-26 01:00:00,647.4,648.0,645.8,646.8,33845.0,218894.774
2026-03-26 02:00:00,646.8,646.9,642.7,643.9,85324.0,549741.647
2026-03-26 03:00:00,643.9,643.9,641.6,643.0,76742.0,493091.59
2026-03-26 04:00:00,643.0,643.5,641.4,642.5,69092.0,443687.634
2026-03-26 05:00:00,642.5,642.6,634.5,635.4,205318.0,1309187.055
2026-03-26 06:00:00,635.4,635.9,633.4,635.3,158416.0,1005898.772
2026-03-26 07:00:00,635.3,635.9,633.9,635.5,36936.0,234595.577
2026-03-26 08:00:00,635.5,635.5,632.4,633.6,223961.0,1418791.642
2026-03-26 09:00:00,633.6,633.9,628.1,630.0,268223.0,1690301.842
2026-03-26 10:00:00,630.0,631.5,628.9,630.6,144714.0,912155.31
2026-03-26 11:00:00,630.6,630.9,628.1,629.1,124425.0,783038.411
2026-03-26 12:00:00,629.1,629.8,628.3,629.5,62919.0,395797.355
2026-03-26 13:00:00,629.5,632.4,628.6,631.2,163345.0,1029710.073
2026-03-26 14:00:00,631.2,632.3,628.0,629.6,171902.0,1083005.065
2026-03-26 15:00:00,629.6,629.7,625.1,626.8,234687.0,1471737.906
2026-03-26 16:00:00,626.8,627.5,625.8,627.0,177262.0,1111130.224
2026-03-26 17:00:00,627.0,628.7,624.7,625.6,229837.0,1441586.072
2026-03-26 18:00:00,625.6,626.3,622.8,625.5,200874.0,1254312.398
2026-03-26 19:00:00,625.5,626.5,624.6,625.5,89413.0,559246.026
2026-03-26 20:00:00,625.5,631.3,625.0,629.8,281810.0,1773203.376
2026-03-26 21:00:00,629.8,631.3,628.4,630.7,119896.0,755256.416
2026-03-26 22:00:00,630.7,631.1,627.8,629.6,49614.0,312314.853
2026-03-26 23:00:00,629.6,630.4,627.5,628.8,42305.0,266102.947
2026-03-27 00:00:00,628.8,629.6,627.1,628.9,151855.0,954728.43
2026-03-27 01:00:00,628.9,631.5,628.4,631.3,45703.0,287969.435
2026-03-27 02:00:00,631.3,631.7,630.0,630.2,95389.0,601719.846
2026-03-27 03:00:00,630.2,630.4,628.0,628.2,56600.0,355970.993
2026-03-27 04:00:00,628.2,628.3,625.0,627.1,147433.0,922952.88
2026-03-27 05:00:00,627.1,629.9,626.6,627.7,92404.0,580002.664
2026-03-27 06:00:00,627.7,628.6,627.2,627.9,29239.0,183623.365
2026-03-27 07:00:00,627.9,629.7,627.1,628.4,31943.0,200748.523
2026-03-27 08:00:00,628.4,628.9,617.5,620.2,566320.0,3519251.328
2026-03-27 09:00:00,620.2,621.3,617.5,619.7,139863.0,866810.048
2026-03-27 10:00:00,619.7,619.9,607.3,608.7,661961.0,4060932.973
2026-03-27 11:00:00,608.7,611.9,606.8,610.8,234288.0,1429310.344
2026-03-27 12:00:00,610.8,611.5,609.4,610.8,93855.0,572929.914
2026-03-27 13:00:00,610.8,612.0,607.2,608.0,81343.0,495915.022
2026-03-27 14:00:00,608.0,610.0,605.5,609.1,266551.0,1618938.054
2026-03-27 15:00:00,609.1,613.8,608.9,610.4,424278.0,2595027.068
2026-03-27 16:00:00,610.4,610.4,607.5,609.2,162345.0,988546.992
2026-03-27 17:00:00,609.2,611.4,606.6,607.2,209081.0,1274051.991
2026-03-27 18:00:00,607.2,609.4,606.4,609.0,137990.0,838808.635
2026-03-27 19:00:00,609.0,610.4,607.9,609.8,95233.0,580481.485
2026-03-27 20:00:00,609.8,611.1,608.4,610.9,151574.0,924165.447
2026-03-27 21:00:00,610.9,611.8,610.4,610.6,153022.0,935489.877
2026-03-27 22:00:00,610.6,610.8,609.5,610.2,60923.0,371676.845
2026-03-27 23:00:00,610.2,613.9,609.5,613.8,164648.0,1006945.619
2026-03-28 00:00:00,613.8,613.9,611.8,612.2,49629.0,303986.624
2026-03-28 01:00:00,612.2,612.4,609.7,611.1,46023.0,281228.467
2026-03-28 02:00:00,611.1,612.6,610.5,610.8,217514.0,1329664.923
2026-03-28 03:00:00,610.8,611.7,610.5,610.9,27032.0,165212.199
2026-03-28 04:00:00,610.9,611.6,610.4,611.0,13868.0,84719.334
2026-03-28 05:00:00,611.0,612.3,610.4,612.1,127258.0,777795.917
2026-03-28 06:00:00,612.1,613.9,611.8,613.9,111096.0,680969.895
2026-03-28 07:00:00,613.9,614.3,612.8,613.8,132197.0,811058.589
2026-03-28 08:00:00,613.8,614.2,612.4,612.4,145436.0,891957.899
2026-03-28 09:00:00,612.4,612.4,611.3,612.1,84557.0,517249.427
2026-03-28 10:00:00,612.1,613.2,610.3,611.3,166147.0,1016089.134
2026-03-28 11:00:00,611.3,612.9,611.2,612.9,78107.0,478073.163
2026-03-28 12:00:00,612.9,613.8,611.5,612.3,107728.0,659792.868
2026-03-28 13:00:00,612.3,618.3,612.1,615.7,276101.0,1700175.392
2026-03-28 14:00:00,615.7,617.3,614.5,615.0,121939.0,750887.803
2026-03-28 15:00:00,615.0,618.6,614.5,617.0,125631.0,775263.806
2026-03-28 16:00:00,617.0,617.3,616.1,616.6,77597.0,478522.28
2026-03-28 17:00:00,616.6,617.5,615.3,616.1,61936.0,381731.719
2026-03-28 18:00:00,616.1,617.0,616.1,616.5,72002.0,443877.626
2026-03-28 19:00:00,616.5,616.7,615.5,616.4,85558.0,527045.482
2026-03-28 20:00:00,616.4,618.0,616.3,617.7,195495.0,1207146.664
2026-03-28 21:00:00,617.7,617.9,614.8,615.3,90739.0,558813.42
2026-03-28 22:00:00,615.3,616.3,615.0,615.6,14913.0,91811.164
2026-03-28 23:00:00,615.6,615.6,610.5,610.9,210512.0,1289882.678
2026-03-29 00:00:00,610.9,611.9,609.7,611.7,655589.0,4005983.56
2026-03-29 01:00:00,611.7,613.2,611.1,612.5,186620.0,1142023.003
2026-03-29 02:00:00,612.5,613.7,612.3,613.1,63276.0,387776.173
2026-03-29 03:00:00,613.1,615.1,612.8,613.7,42337.0,259905.402
2026-03-29 04:00:00,613.7,614.1,612.7,612.7,126895.0,777984.619
2026-03-29 05:00:00,612.7,613.8,611.6,613.5,25008.0,153242.155
2026-03-29 06:00:00,613.5,614.5,613.0,613.6,26294.0,161424.822
2026-03-29 07:00:00,613.6,613.8,612.6,613.4,35932.0,220271.246
2026-03-29 08:00:00,613.4,614.2,613.1,613.7,10666.0,65458.72
2026-03-29 09:00:00,613.7,614.0,612.3,613.1,28762.0,176300.884
2026-03-29 10:00:00,613.1,613.2,610.8,611.9,35282.0,215925.15
2026-03-29 11:00:00,611.9,614.2,611.8,613.3,65205.0,399988.62
2026-03-29 12:00:00,613.3,613.5,611.6,612.5,150419.0,921351.125
2026-03-29 13:00:00,612.5,612.7,609.8,610.1,170656.0,1042607.724
2026-03-29 14:00:00,610.1,611.7,608.9,609.2,177615.0,1083745.295
2026-03-29 15:00:00,609.2,609.9,607.2,609.5,156574.0,953468.577
2026-03-29 16:00:00,609.5,611.0,608.9,609.4,39817.0,242876.271
2026-03-29 17:00:00,609.4,609.8,607.4,608.9,49532.0,301575.958
2026-03-29 18:00:00,608.9,609.7,608.3,609.4,29101.0,177263.376
2026-03-29 19:00:00,609.4,609.7,608.7,609.0,33750.0,205572.389
2026-03-29 20:00:00,609.0,612.1,608.9,609.5,87843.0,536443.152
2026-03-29 21:00:00,609.5,611.0,609.1,610.8,48081.0,293271.676
2026-03-29 22:00:00,610.8,610.8,596.2,603.8,361592.0,2179053.697
2026-03-29 23:00:00,603.8,607.5,603.8,605.8,122763.0,743630.013
2026-03-30 00:00:00,605.8,614.1,604.8,609.5,109682.0,668979.752
2026-03-30 01:00:00,609.5,614.7,609.5,613.9,104495.0,640116.388
2026-03-30 02:00:00,613.9,619.0,612.3,616.5,111689.0,688586.967
2026-03-30 03:00:00,616.5,616.7,614.7,615.7,100547.0,619202.89
2026-03-30 04:00:00,615.7,617.9,615.7,617.1,154484.0,952469.537
2026-03-30 05:00:00,617.1,618.7,616.3,617.0,40403.0,249409.577
2026-03-30 06:00:00,617.0,618.0,615.6,615.8,156263.0,962455.1
2026-03-30 07:00:00,615.8,619.2,615.3,618.2,146687.0,904827.609
2026-03-30 08:00:00,618.2,621.4,617.2,620.2,174066.0,1078725.811
2026-03-30 09:00:00,620.2,620.2,617.6,617.9,47570.0,294160.865
2026-03-30 10:00:00,617.9,618.4,616.5,618.3,66524.0,410830.455
2026-03-30 11:00:00,618.3,621.2,617.7,618.0,122319.0,756936.815
2026-03-30 12:00:00,618.0,620.2,617.9,619.8,95058.0,588030.716
2026-03-30 13:00:00,619.8,620.9,616.6,616.9,128567.0,795830.984
2026-03-30 14:00:00,616.9,618.4,613.7,617.5,116618.0,718114.874
2026-03-30 15:00:00,617.5,619.8,615.7,618.8,163015.0,1007683.992
2026-03-30 16:00:00,618.8,618.9,615.4,616.8,202323.0,1247860.018
2026-03-30 17:00:00,616.8,617.9,612.1,613.4,179878.0,1106153.375
2026-03-30 18:00:00,613.4,613.9,610.3,611.1,92834.0,567754.566
2026-03-30 19:00:00,611.1,611.2,608.3,610.9,161543.0,985602.739
2026-03-30 20:00:00,610.9,611.7,609.4,610.4,62827.0,383454.236
2026-03-30 21:00:00,610.4,613.5,609.7,612.5,39561.0,242068.859
2026-03-30 22:00:00,612.5,613.9,610.8,611.4,19694.0,120503.202
2026-03-30 23:00:00,611.4,611.4,607.5,609.4,87488.0,532565.375
2026-03-31 00:00:00,609.4,612.6,608.4,611.4,72497.0,442336.244
2026-03-31 01:00:00,611.4,619.9,610.6,616.6,132617.0,817159.309
2026-03-31 02:00:00,616.6,617.7,615.0,615.0,22426.0,138244.388
2026-03-31 03:00:00,615.0,615.3,612.7,613.6,57481.0,353088.755
2026-03-31 04:00:00,613.6,614.5,611.7,612.6,40322.0,247186.26
2026-03-31 05:00:00,612.6,614.0,611.4,613.4,92895.0,569272.978
2026-03-31 06:00:00,613.4,613.5,611.1,612.5,42487.0,260147.227
2026-03-31 07:00:00,612.5,612.6,609.4,611.2,92184.0,563094.609
2026-03-31 08:00:00,611.2,611.2,607.0,607.5,175077.0,1065164.634
2026-03-31 09:00:00,607.5,608.4,598.8,600.4,321954.0,1945554.215
2026-03-31 10:00:00,600.4,603.4,600.0,602.7,81827.0,492516.725
2026-03-31 11:00:00,602.7,606.4,602.3,605.1,168092.0,1016477.132
2026-03-31 12:00:00,605.1,607.7,604.2,606.0,127259.0,771401.63
2026-03-31 13:00:00,606.0,613.6,606.0,612.1,286743.0,1748974.232
2026-03-31 14:00:00,612.1,615.8,606.6,608.4,486780.0,2978774.775
2026-03-31 15:00:00,608.4,611.8,607.8,607.9,129657.0,790843.368
2026-03-31 16:00:00,607.9,616.5,607.9,614.2,243908.0,1494097.819
2026-03-31 17:00:00,614.2,620.0,613.8,614.1,329449.0,2033983.954
2026-03-31 18:00:00,614.1,617.3,614.1,616.3,149678.0,922123.706
2026-03-31 19:00:00,616.3,617.4,615.3,616.2,103971.0,640770.554
2026-03-31 20:00:00,616.2,619.7,616.0,619.4,298544.0,1844894.698
2026-03-31 21:00:00,619.4,619.5,617.2,618.2,76788.0,474679.386
2026-03-31 22:00:00,618.2,618.7,615.4,617.2,54809.0,338350.678
2026-03-31 23:00:00,617.2,618.2,616.5,617.6,26769.0,165322.079
2026-04-01 00:00:00,617.6,619.9,616.4,619.3,36359.0,224780.013
2026-04-01 01:00:00,619.3,619.8,615.5,615.7,78220.0,482763.584
2026-04-01 02:00:00,615.7,616.9,614.3,615.1,72394.0,445691.161
2026-04-01 03:00:00,615.1,617.4,615.1,617.0,151337.0,933107.535
2026-04-01 04:00:00,617.0,617.4,615.8,616.3,34833.0,214795.702
2026-04-01 05:00:00,616.3,619.9,615.3,617.8,118328.0,730965.686
2026-04-01 06:00:00,617.8,622.4,617.8,619.8,251775.0,1560007.967
2026-04-01 07:00:00,619.8,621.6,616.6,616.8,206374.0,1277823.886
2026-04-01 08:00:00,616.8,617.7,615.3,615.7,250184.0,1542613.9
2026-04-01 09:00:00,615.7,616.5,614.3,616.0,201758.0,1242297.606
2026-04-01 10:00:00,616.0,617.0,614.1,615.1,104112.0,640829.269
2026-04-01 11:00:00,615.1,616.2,614.6,615.9,155947.0,959633.643
2026-04-01 12:00:00,615.9,618.0,613.4,615.0,324506.0,1995193.913
2026-04-01 13:00:00,615.0,616.9,610.3,611.3,265803.0,1630975.002
2026-04-01 14:00:00,611.3,615.2,611.2,614.2,383271.0,2350150.145
2026-04-01 15:00:00,614.2,615.6,612.5,615.3,69953.0,429637.09
2026-04-01 16:00:00,615.3,617.7,612.3,616.8,133652.0,822155.725
2026-04-01 17:00:00,616.8,619.9,614.3,614.4,294312.0,1816697.236
2026-04-01 18:00:00,614.4,615.3,612.9,613.5,106089.0,651205.539
2026-04-01 19:00:00,613.5,615.4,613.1,614.1,67460.0,414813.743
2026-04-01 20:00:00,614.1,614.3,611.4,613.9,197388.0,1209255.02
2026-04-01 21:00:00,613.9,616.3,613.8,614.8,200198.0,1231691.873
2026-04-01 22:00:00,614.8,614.9,609.8,611.3,153326.0,937666.216
2026-04-01 23:00:00,611.3,611.9,610.3,610.9,28411.0,173642.829
2026-04-02 00:00:00,610.9,613.9,610.3,613.9,36128.0,221147.884
2026-04-02 01:00:00,613.9,613.9,603.0,604.7,349382.0,2119330.349
2026-04-02 02:00:00,604.7,604.7,596.6,597.6,238809.0,1433918.924
2026-04-02 03:00:00,597.6,598.4,592.0,592.3,268375.0,1596860.26
2026-04-02 04:00:00,592.3,592.9,587.5,588.3,189393.0,1117526.63
2026-04-02 05:00:00,588.3,591.6,588.3,591.1,80336.0,474089.677
2026-04-02 06:00:00,591.1,592.0,588.7,590.4,353895.0,2088352.815
2026-04-02 07:00:00,590.4,592.7,589.6,592.0,57900.0,342650.664
2026-04-02 08:00:00,592.0,592.0,587.9,588.3,82271.0,485235.145
2026-04-02 09:00:00,588.3,588.5,585.4,586.0,236524.0,1387820.404
2026-04-02 10:00:00,586.0,586.5,581.4,581.8,316141.0,1845461.034
2026-04-02 11:00:00,581.8,582.1,577.7,581.4,513549.0,2980628.702
2026-04-02 12:00:00,581.4,581.7,575.4,575.8,1330069.0,7710445.091
2026-04-02 13:00:00,575.8,576.4,570.8,573.7,358570.0,2053853.626
2026-04-02 14:00:00,573.7,579.5,571.9,576.6,419160.0,2413575.917
2026-04-02 15:00:00,576.6,577.0,571.7,574.3,329608.0,1889876.043
2026-04-02 16:00:00,574.3,581.2,574.0,580.1,192394.0,1112916.255
2026-04-02 17:00:00,580.1,583.4,578.5,578.6,155347.0,903233.408
2026-04-02 18:00:00,578.6,582.8,578.6,582.2,72753.0,422399.486
2026-04-02 19:00:00,582.2,584.0,580.5,583.9,82230.0,478892.438
2026-04-02 20:00:00,583.9,585.0,583.0,584.0,166901.0,974568.552
2026-04-02 21:00:00,584.0,584.7,582.2,584.6,127006.0,741070.455
2026-04-02 22:00:00,584.6,585.0,581.6,583.8,140760.0,821299.298
2026-04-02 23:00:00,583.8,584.4,582.5,583.7,74615.0,435470.936
2026-04-03 00:00:00,583.7,585.9,583.0,584.3,56085.0,327764.678
2026-04-03 01:00:00,584.3,587.4,584.0,584.6,141043.0,826162.85
2026-04-03 02:00:00,584.6,586.3,582.0,584.9,140312.0,819518.456
2026-04-03 03:00:00,584.9,586.6,584.6,586.2,66458.0,389361.926
2026-04-03 04:00:00,586.2,587.4,585.3,587.0,75504.0,442669.786
2026-04-03 05:00:00,587.0,588.4,585.3,587.1,165320.0,970746.512
2026-04-03 06:00:00,587.1,587.9,585.6,586.5,139696.0,819477.123
2026-04-03 07:00:00,586.5,589.2,586.1,586.5,52083.0,305818.462
2026-04-03 08:00:00,586.5,588.4,584.2,585.9,160108.0,940149.692
2026-04-03 09:00:00,585.9,586.3,583.2,585.5,99213.0,580264.914
2026-04-03 10:00:00,585.5,586.1,583.7,585.9,81251.0,475242.531
2026-04-03 11:00:00,585.9,587.7,585.7,587.5,79889.0,468875.507
2026-04-03 12:00:00,587.5,590.3,584.7,585.5,242717.0,1425599.843
2026-04-03 13:00:00,585.5,586.8,584.3,586.7,131051.0,767543.579
2026-04-03 14:00:00,586.7,588.5,585.8,588.0,141071.0,828535.037
2026-04-03 15:00:00,588.0,589.1,586.4,587.1,84150.0,494716.429
2026-04-03 16:00:00,587.1,589.1,587.1,589.0,55819.0,328258.025
2026-04-03 17:00:00,589.0,589.5,587.2,588.6,67761.0,398633.285
2026-04-03 18:00:00,588.6,589.3,587.7,588.0,90686.0,533853.874
2026-04-03 19:00:00,588.0,588.8,586.7,588.7,102808.0,604174.24
2026-04-03 20:00:00,588.7,589.3,588.1,588.6,39156.0,230600.643
2026-04-03 21:00:00,588.6,589.2,587.6,588.8,49490.0,291369.931
2026-04-03 22:00:00,588.8,589.0,587.0,587.4,82285.0,483771.131
2026-04-03 23:00:00,587.4,588.8,587.2,588.4,49235.0,289430.891
2026-04-04 00:00:00,588.4,588.8,587.3,587.8,38346.0,225469.548
2026-04-04 01:00:00,587.8,588.3,587.3,587.8,52470.0,308394.628
2026-04-04 02:00:00,587.8,588.8,587.5,588.3,19740.0,116086.818
2026-04-04 03:00:00,588.3,589.4,588.3,589.2,39175.0,230763.749
2026-04-04 04:00:00,589.2,589.4,588.6,588.9,40807.0,240332.178
2026-04-04 05:00:00,588.9,589.8,588.4,589.7,60499.0,356563.166
2026-04-04 06:00:00,589.7,592.4,589.7,591.7,215568.0,1274576.045
2026-04-04 07:00:00,591.7,591.7,589.5,590.2,68496.0,404400.945
2026-04-04 08:00:00,590.2,591.8,589.5,589.7,101443.0,599358.226
2026-04-04 09:00:00,589.7,590.5,589.3,590.1,34542.0,203760.509
2026-04-04 10:00:00,590.1,590.6,589.4,590.4,56041.0,330618.908
2026-04-04 11:00:00,590.4,590.6,589.3,589.7,127646.0,752654.434
2026-04-04 12:00:00,589.7,589.9,589.2,589.8,53744.0,316896.566
2026-04-04 13:00:00,589.8,591.1,589.8,590.4,64808.0,382634.86
2026-04-04 14:00:00,590.4,590.8,588.2,590.5,132319.0,779933.68
2026-04-04 15:00:00,590.5,591.9,590.0,591.4,95740.0,565910.682
2026-04-04 16:00:00,591.4,593.3,590.6,591.5,147109.0,871368.334
2026-04-04 17:00:00,591.5,592.9,590.9,592.9,79847.0,472831.736
2026-04-04 18:00:00,592.9,593.8,592.6,593.6,65041.0,385777.551
2026-04-04 19:00:00,593.6,596.9,593.2,593.6,183790.0,1093371.158
2026-04-04 20:00:00,593.6,594.0,592.9,593.8,42607.0,252810.364
2026-04-04 21:00:00,593.8,595.4,593.3,594.6,76365.0,453908.819
2026-04-04 22:00:00,594.6,595.2,594.0,594.5,54576.0,324465.948
2026-04-04 23:00:00,594.5,594.6,593.1,593.6,71865.0,426548.602
2026-04-05 00:00:00,593.6,594.3,592.4,592.4,72607.0,431062.339
2026-04-05 01:00:00,592.4,593.9,591.8,592.3,43942.0,260477.626
2026-04-05 02:00:00,592.3,593.5,591.6,593.5,38526.0,228364.17
2026-04-05 03:00:00,593.5,594.0,592.9,593.6,22202.0,131762.246
2026-04-05 04:00:00,593.6,593.8,593.0,593.3,21447.0,127278.7
2026-04-05 05:00:00,593.3,594.3,592.3,592.5,43311.0,256870.056
2026-04-05 06:00:00,592.5,592.6,587.9,590.9,207942.0,1227285.515
2026-04-05 07:00:00,590.9,591.6,590.0,590.7,137546.0,812349.011
2026-04-05 08:00:00,590.7,593.2,590.3,592.6,89480.0,530285.529
2026-04-05 09:00:00,592.6,594.0,592.6,593.6,94062.0,558234.362
2026-04-05 10:00:00,593.6,595.2,593.1,594.0,81195.0,482367.398
2026-04-05 11:00:00,594.0,594.4,593.3,594.3,121270.0,720388.99
2026-04-05 12:00:00,594.3,594.3,589.2,589.7,254635.0,1505815.412
2026-04-05 13:00:00,589.7,589.8,587.3,589.3,164216.0,967018.231
2026-04-05 14:00:00,589.3,591.0,588.9,589.7,365626.0,2157275.159
2026-04-05 15:00:00,589.7,596.7,588.7,593.4,220018.0,1306325.251
2026-04-05 16:00:00,593.4,593.9,592.5,593.2,60207.0,357097.139
2026-04-05 17:00:00,593.2,593.8,592.2,593.2,56746.0,336539.724
2026-04-05 18:00:00,593.2,593.9,592.2,592.4,81633.0,484205.442
2026-04-05 19:00:00,592.4,593.9,591.6,592.7,150150.0,889155.186
2026-04-05 20:00:00,592.7,593.8,591.7,593.5,170079.0,1008408.092
2026-04-05 21:00:00,593.5,593.6,590.7,591.5,114836.0,679788.304
2026-04-05 22:00:00,591.5,597.8,591.0,597.2,180147.0,1071701.674
2026-04-05 23:00:00,597.2,604.0,597.0,601.7,541627.0,3257196.411
2026-04-06 00:00:00,601.7,608.0,601.7,603.9,307611.0,1863277.424
2026-04-06 01:00:00,603.9,604.2,600.8,601.1,133227.0,801873.871
2026-04-06 02:00:00,601.1,605.2,601.0,603.5,85809.0,518395.558
2026-04-06 03:00:00,603.5,603.5,600.4,600.8,106409.0,640608.255
2026-04-06 04:00:00,600.8,601.7,599.0,600.2,91991.0,552429.043
2026-04-06 05:00:00,600.2,602.3,600.1,602.3,46165.0,277470.115
2026-04-06 06:00:00,602.3,604.5,600.2,601.7,83224.0,500991.856
2026-04-06 07:00:00,601.7,604.6,600.4,604.1,102351.0,617501.512
2026-04-06 08:00:00,604.1,605.6,604.0,604.5,72692.0,439576.027
2026-04-06 09:00:00,604.5,610.8,604.4,607.3,256748.0,1561484.422
2026-04-06 10:00:00,607.3,608.1,606.2,606.9,124730.0,757278.828
2026-04-06 11:00:00,606.9,607.0,605.4,605.8,85665.0,519107.713
2026-04-06 12:00:00,605.8,606.0,604.5,604.8,83036.0,502330.466
2026-04-06 13:00:00,604.8,607.2,604.5,605.8,117292.0,711063.794
2026-04-06 14:00:00,605.8,608.6,605.4,607.5,145406.0,882578.669
2026-04-06 15:00:00,607.5,609.2,607.1,608.7,103547.0,629566.993
2026-04-06 16:00:00,608.7,609.3,606.0,606.2,94671.0,575482.893
2026-04-06 17:00:00,606.2,606.2,603.4,604.8,134574.0,813205.796
2026-04-06 18:00:00,604.8,607.7,603.8,607.3,53900.0,326821.924
2026-04-06 19:00:00,607.3,607.4,605.4,607.1,64460.0,391048.998
2026-04-06 20:00:00,607.1,608.3,606.7,607.0,73028.0,443816.697
2026-04-06 21:00:00,607.0,607.0,605.2,605.7,79257.0,480158.971
2026-04-06 22:00:00,605.7,606.3,600.3,600.3,105322.0,636002.252
2026-04-06 23:00:00,600.3,601.2,596.7,600.4,142658.0,854735.339
2026-04-07 00:00:00,600.4,601.6,599.1,599.8,65041.0,390521.824
2026-04-07 01:00:00,599.8,600.9,597.3,597.6,131667.0,788533.903
2026-04-07 02:00:00,597.6,599.7,596.7,598.7,230559.0,1378821.586
2026-04-07 03:00:00,598.7,599.7,598.1,599.3,23545.0,141056.32
2026-04-07 04:00:00,599.3,602.0,598.3,600.3,78181.0,468838.615
2026-04-07 05:00:00,600.3,600.4,597.3,597.5,67470.0,403717.237
2026-04-07 06:00:00,597.5,599.3,596.9,598.9,54955.0,328612.511
2026-04-07 07:00:00,598.9,599.6,597.6,599.3,40927.0,244926.801
2026-04-07 08:00:00,599.3,603.0,599.3,602.5,110044.0,661823.596
2026-04-07 09:00:00,602.5,606.6,602.5,605.3,161696.0,978187.25
2026-04-07 10:00:00,605.3,605.6,597.4,598.0,207340.0,1247612.882
2026-04-07 11:00:00,598.0,598.4,596.5,597.2,189436.0,1131965.569
2026-04-07 12:00:00,597.2,599.7,592.3,598.6,146629.0,873302.519
2026-04-07 13:00:00,598.6,600.1,596.7,596.8,479677.0,2868472.458
2026-04-07 14:00:00,596.8,597.0,593.6,594.8,382867.0,2280174.555
2026-04-07 15:00:00,594.8,599.3,594.3,598.8,119896.0,716000.713
2026-04-07 16:00:00,598.8,603.0,598.7,601.6,172997.0,1039647.009
2026-04-07 17:00:00,601.6,607.3,601.3,604.9,205871.0,1244468.364
2026-04-07 18:00:00,604.9,605.2,603.1,603.6,111878.0,676101.786
2026-04-07 19:00:00,603.6,609.4,603.5,608.9,186801.0,1133623.03
2026-04-07 20:00:00,608.9,610.6,607.6,608.1,238692.0,1454423.02
2026-04-07 21:00:00,608.1,614.0,608.1,612.2,289065.0,1768718.227
2026-04-07 22:00:00,612.2,619.9,612.2,619.9,354188.0,2182990.241
2026-04-07 23:00:00,619.9,625.3,617.6,620.7,480164.0,2984450.627
2026-04-08 00:00:00,620.7,621.9,615.5,618.0,161406.0,998156.951
2026-04-08 01:00:00,618.0,619.5,616.1,616.4,117754.0,727145.475
2026-04-08 02:00:00,616.4,617.8,615.3,615.7,125239.0,772202.649
2026-04-08 03:00:00,615.7,616.3,613.4,613.6,62193.0,382652.747
2026-04-08 04:00:00,613.6,616.4,613.6,615.7,79503.0,489317.271
2026-04-08 05:00:00,615.7,617.2,615.5,616.4,116406.0,717436.515
2026-04-08 06:00:00,616.4,617.8,614.3,614.3,145966.0,899500.496
2026-04-08 07:00:00,614.3,615.2,612.4,613.7,108100.0,663322.003
2026-04-08 08:00:00,613.7,614.3,611.9,613.1,129928.0,797064.771
2026-04-08 09:00:00,613.1,614.9,612.0,612.1,92565.0,567902.529
2026-04-08 10:00:00,612.1,613.6,611.6,612.3,154306.0,945651.606
2026-04-08 11:00:00,612.3,613.4,611.3,613.2,92950.0,569299.053
2026-04-08 12:00:00,613.2,614.8,611.9,613.9,93040.0,571115.071
2026-04-08 13:00:00,613.9,616.0,606.7,607.7,245072.0,1500228.174
2026-04-08 14:00:00,607.7,608.7,601.6,603.0,209439.0,1269611.431
2026-04-08 15:00:00,603.0,606.2,602.1,605.7,129326.0,781529.645
2026-04-08 16:00:00,605.7,607.6,605.3,605.6,115393.0,700236.174
2026-04-08 17:00:00,605.6,608.1,605.0,607.3,169052.0,1025699.138
2026-04-08 18:00:00,607.3,607.4,603.3,603.4,154554.0,935231.473
2026-04-08 19:00:00,603.4,605.0,603.1,604.7,135806.0,820685.287
2026-04-08 20:00:00,604.7,605.3,604.0,605.1,145958.0,882946.973
2026-04-08 21:00:00,605.1,607.8,605.1,606.9,60141.0,364821.991
2026-04-08 22:00:00,606.9,607.1,604.4,604.7,187104.0,1133342.495
2026-04-08 23:00:00,604.7,604.7,600.3,601.5,92781.0,558699.822
2026-04-09 00:00:00,601.5,601.9,599.1,600.0,295456.0,1773799.999
2026-04-09 01:00:00,600.0,601.9,597.3,601.9,178347.0,1067889.625
2026-04-09 02:00:00,601.9,603.3,601.4,602.2,137483.0,828248.994
2026-04-09 03:00:00,602.2,602.2,600.4,600.7,34861.0,209528.976
2026-04-09 04:00:00,600.7,600.7,599.3,599.3,51954.0,311679.506
2026-04-09 05:00:00,599.3,601.6,599.0,600.5,53525.0,321517.633
2026-04-09 06:00:00,600.5,601.1,599.1,600.9,71924.0,431713.159
2026-04-09 07:00:00,600.9,601.4,600.2,600.3,153475.0,921821.444
2026-04-09 08:00:00,600.3,602.2,599.6,601.3,341046.0,2049950.564
2026-04-09 09:00:00,601.3,603.4,600.2,603.0,272986.0,1642797.773
2026-04-09 10:00:00,603.0,603.3,601.4,602.9,94870.0,571439.142
2026-04-09 11:00:00,602.9,603.5,601.6,602.9,189756.0,1143115.272
2026-04-09 12:00:00,602.9,603.9,601.7,603.6,145146.0,875284.309
2026-04-09 13:00:00,603.6,603.8,600.6,601.3,186624.0,1122975.673
2026-04-09 14:00:00,601.3,601.7,598.7,601.3,208184.0,1249446.969
2026-04-09 15:00:00,601.3,607.5,600.0,606.3,316622.0,1915474.559
2026-04-09 16:00:00,606.3,607.7,603.9,606.2,196345.0,1190184.629
2026-04-09 17:00:00,606.2,609.0,605.8,608.8,184796.0,1123242.278
2026-04-09 18:00:00,608.8,608.9,605.8,607.1,115038.0,697922.713
2026-04-09 19:00:00,607.1,609.8,606.6,609.0,149206.0,907758.741
2026-04-09 20:00:00,609.0,610.0,608.1,608.8,125592.0,765009.535
2026-04-09 21:00:00,608.8,610.6,607.0,607.4,102166.0,621895.663
2026-04-09 22:00:00,607.4,612.4,606.1,606.1,167622.0,1019905.095
2026-04-09 23:00:00,606.1,606.5,602.4,603.4,161552.0,977048.714
2026-04-10 00:00:00,603.4,603.9,601.4,603.4,71712.0,432059.558
2026-04-10 01:00:00,603.4,605.7,601.4,603.4,77987.0,470722.651
2026-04-10 02:00:00,603.4,603.9,601.4,602.0,42279.0,254800.361
2026-04-10 03:00:00,602.0,602.0,600.1,601.5,58581.0,352125.743
2026-04-10 04:00:00,601.5,602.8,601.2,601.5,33769.0,203264.457
2026-04-10 05:00:00,601.5,603.0,601.0,602.2,123430.0,743654.059
2026-04-10 06:00:00,602.2,602.4,599.8,600.8,87521.0,525691.681
2026-04-10 07:00:00,600.8,601.6,599.3,599.6,142300.0,854640.672
2026-04-10 08:00:00,599.6,601.2,597.5,600.8,829325.0,4970236.464
2026-04-10 09:00:00,600.8,602.3,600.5,602.1,93745.0,564006.623
2026-04-10 10:00:00,602.1,602.2,600.1,601.0,58597.0,352130.865
2026-04-10 11:00:00,601.0,603.6,600.9,602.8,139796.0,842437.23
2026-04-10 12:00:00,602.8,604.8,601.8,603.2,190597.0,1149582.584
2026-04-10 13:00:00,603.2,603.6,601.4,602.6,108058.0,651189.378
2026-04-10 14:00:00,602.6,607.7,602.3,607.4,151299.0,916917.865
2026-04-10 15:00:00,607.4,609.1,603.3,603.6,156130.0,946767.101
2026-04-10 16:00:00,603.6,606.6,603.6,606.2,84207.0,509828.171
2026-04-10 17:00:00,606.2,607.8,605.8,607.6,74122.0,449516.825
2026-04-10 18:00:00,607.6,609.7,606.9,609.5,65300.0,397169.418
2026-04-10 19:00:00,609.5,610.4,608.7,609.8,104794.0,638527.103
2026-04-10 20:00:00,609.8,610.8,608.3,610.2,130617.0,796442.826
2026-04-10 21:00:00,610.2,610.6,606.9,608.0,158356.0,963086.612
2026-04-10 22:00:00,608.0,608.5,606.4,607.1,77853.0,472762.091
2026-04-10 23:00:00,607.1,607.1,605.8,605.8,30219.0,183227.136
2026-04-11 00:00:00,605.8,606.2,604.7,605.0,57756.0,349672.982
2026-04-11 01:00:00,605.0,605.5,603.8,605.4,209226.0,1265215.18
2026-04-11 02:00:00,605.4,606.8,604.7,606.2,59614.0,361237.478
2026-04-11 03:00:00,606.2,608.1,606.1,607.0,53865.0,327102.304
2026-04-11 04:00:00,607.0,607.8,605.9,606.2,34584.0,209839.069
2026-04-11 05:00:00,606.2,607.2,605.1,606.0,46068.0,279390.568
2026-04-11 06:00:00,606.0,606.4,604.8,606.1,42811.0,259283.653
2026-04-11 07:00:00,606.1,607.0,605.7,606.3,98601.0,598039.694
2026-04-11 08:00:00,606.3,607.5,605.4,606.2,337964.0,2049873.33
2026-04-11 09:00:00,606.2,607.6,606.0,607.0,94711.0,574926.811
2026-04-11 10:00:00,607.0,607.2,605.6,605.8,147960.0,897012.263
2026-04-11 11:00:00,605.8,606.2,604.8,605.5,40792.0,246877.453
2026-04-11 12:00:00,605.5,607.2,605.4,606.9,17425.0,105672.739
2026-04-11 13:00:00,606.9,606.9,604.1,605.1,79220.0,479309.188
2026-04-11 14:00:00,605.1,605.9,604.7,605.0,34178.0,206885.362
2026-04-11 15:00:00,605.0,606.9,604.6,606.1,34725.0,210517.948
2026-04-11 16:00:00,606.1,609.0,606.0,607.8,88750.0,539408.682
2026-04-11 17:00:00,607.8,608.7,606.9,608.2,62454.0,379694.086
2026-04-11 18:00:00,608.2,612.0,607.6,611.4,105942.0,646684.688
2026-04-11 19:00:00,611.4,614.5,611.4,613.3,198209.0,1216274.452
2026-04-11 20:00:00,613.3,613.5,609.7,610.8,112644.0,688897.755
2026-04-11 21:00:00,610.8,611.7,610.3,610.4,88293.0,539343.995
2026-04-11 22:00:00,610.4,612.3,610.3,611.4,80902.0,494531.398
2026-04-11 23:00:00,611.4,611.4,606.1,607.4,177762.0,1081127.046
2026-04-12 00:00:00,607.4,607.7,606.4,607.3,52784.0,320458.792
2026-04-12 01:00:00,607.3,607.8,590.5,593.8,428224.0,2558335.39
2026-04-12 02:00:00,593.8,598.0,592.5,597.5,329182.0,1960237.817
2026-04-12 03:00:00,597.5,598.0,595.3,595.8,58479.0,348824.331
2026-04-12 04:00:00,595.8,595.9,594.6,595.0,56161.0,334224.918
2026-04-12 05:00:00,595.0,596.2,594.3,595.9,73459.0,437223.765
2026-04-12 06:00:00,595.9,596.2,594.4,594.8,96394.0,574117.818
2026-04-12 07:00:00,594.8,594.9,593.2,594.6,92584.0,550078.326
2026-04-12 08:00:00,594.6,594.9,593.5,593.7,74658.0,443600.469
2026-04-12 09:00:00,593.7,594.5,593.1,593.5,57512.0,341599.196
2026-04-12 10:00:00,593.5,595.8,593.1,593.8,93819.0,557440.653
2026-04-12 11:00:00,593.8,595.7,593.6,595.5,42123.0,250517.125
2026-04-12 12:00:00,595.5,596.0,592.8,593.3,96901.0,576360.491
2026-04-12 13:00:00,593.3,593.3,590.9,591.4,265259.0,1571269.547
2026-04-12 14:00:00,591.4,592.7,589.2,590.1,134463.0,794457.663
2026-04-12 15:00:00,590.1,592.2,590.0,591.8,104259.0,616309.249
2026-04-12 16:00:00,591.8,592.6,591.1,592.0,142332.0,842911.065
2026-04-12 17:00:00,592.0,593.6,591.6,592.7,184950.0,1095877.323
2026-04-12 18:00:00,592.7,593.2,591.6,592.6,102472.0,607099.367
2026-04-12 19:00:00,592.6,593.3,592.5,592.5,49967.0,296289.199
2026-04-12 20:00:00,592.5,597.2,592.0,595.9,167557.0,996348.652
2026-04-12 21:00:00,595.9,597.1,594.7,595.4,73581.0,438034.207
2026-04-12 22:00:00,595.4,595.6,591.4,594.2,272958.0,1619546.434
2026-04-12 23:00:00,594.2,594.2,591.2,592.3,34687.0,205407.8
2026-04-13 00:00:00,592.3,596.5,591.8,596.4,40022.0,237804.93
2026-04-13 01:00:00,596.4,597.0,595.1,596.7,124790.0,744064.402
2026-04-13 02:00:00,596.7,598.3,595.8,596.7,33057.0,197339.039
2026-04-13 03:00:00,596.7,597.0,594.8,595.2,79879.0,475873.149
2026-04-13 04:00:00,595.2,597.3,594.9,595.7,102532.0,611753.315
2026-04-13 05:00:00,595.7,598.3,595.5,598.0,122445.0,730576.318
2026-04-13 06:00:00,598.0,600.2,598.0,598.6,116118.0,695890.204
2026-04-13 07:00:00,598.6,598.8,596.3,597.5,113349.0,676962.418
2026-04-13 08:00:00,597.5,597.7,595.6,596.7,143650.0,857070.308
2026-04-13 09:00:00,596.7,598.3,596.7,597.5,195927.0,1171118.916
2026-04-13 10:00:00,597.5,598.4,597.1,597.7,77725.0,464728.261
2026-04-13 11:00:00,597.7,599.0,597.3,597.3,142943.0,854944.335
2026-04-13 12:00:00,597.3,599.5,596.7,598.8,172163.0,1029118.829
2026-04-13 13:00:00,598.8,600.1,595.8,599.9,122517.0,733043.241
2026-04-13 14:00:00,599.9,603.7,598.2,603.7,223071.0,1341420.612
2026-04-13 15:00:00,603.7,605.4,600.6,603.8,249218.0,1502305.042
2026-04-13 16:00:00,603.8,608.3,602.7,606.7,241732.0,1464988.327
2026-04-13 17:00:00,606.7,608.3,605.0,605.1,155846.0,945253.127
2026-04-13 18:00:00,605.1,605.7,603.6,605.2,153724.0,929936.529
2026-04-13 19:00:00,605.2,609.7,604.3,609.2,163379.0,992696.786
2026-04-13 20:00:00,609.2,609.4,607.5,607.8,96963.0,589910.404
2026-04-13 21:00:00,607.8,609.8,607.6,608.4,109528.0,666416.867
2026-04-13 22:00:00,608.4,617.0,608.3,615.8,386092.0,2369691.056
2026-04-13 23:00:00,615.8,618.4,614.9,615.1,273227.0,1685043.215
2026-04-14 00:00:00,615.1,616.2,612.4,612.4,142269.0,873089.991
2026-04-14 01:00:00,612.4,614.6,611.4,614.2,77345.0,474269.687
2026-04-14 02:00:00,614.2,615.7,613.2,615.4,175519.0,1078026.475
2026-04-14 03:00:00,615.4,616.5,614.9,616.4,62081.0,382260.502
2026-04-14 04:00:00,616.4,616.5,614.9,615.1,50602.0,311498.66
2026-04-14 05:00:00,615.1,615.1,612.4,613.3,76701.0,470434.846
2026-04-14 06:00:00,613.3,615.6,613.2,615.2,89616.0,550574.83
2026-04-14 07:00:00,615.2,616.0,613.7,613.9,144444.0,888033.196
2026-04-14 08:00:00,613.9,618.9,613.8,618.0,361003.0,2226593.438
2026-04-14 09:00:00,618.0,619.7,617.6,618.2,133769.0,827424.778
2026-04-14 10:00:00,618.2,619.8,617.6,618.4,152966.0,946311.397
2026-04-14 11:00:00,618.4,618.4,615.8,616.9,113784.0,702005.716
2026-04-14 12:00:00,616.9,617.0,615.6,615.8,93039.0,573210.157
2026-04-14 13:00:00,615.8,622.8,615.8,622.5,399666.0,2476488.247
2026-04-14 14:00:00,622.5,623.2,618.7,619.7,299689.0,1858305.133
2026-04-14 15:00:00,619.7,625.7,619.0,623.9,438618.0,2729967.919
2026-04-14 16:00:00,623.9,625.5,618.4,619.2,414339.0,2580795.526
2026-04-14 17:00:00,619.2,620.8,616.3,617.5,233662.0,1445127.821
2026-04-14 18:00:00,617.5,618.7,613.4,614.2,260228.0,1601698.615
2026-04-14 19:00:00,614.2,615.7,612.3,614.4,157092.0,965491.902
2026-04-14 20:00:00,614.4,615.3,613.4,614.1,172603.0,1060012.51
2026-04-14 21:00:00,614.1,616.6,614.1,616.3,250129.0,1539705.192
2026-04-14 22:00:00,616.3,617.4,614.3,614.6,69453.0,427600.893
2026-04-14 23:00:00,614.6,615.1,613.8,614.2,65102.0,399929.839
2026-04-15 00:00:00,614.2,617.3,614.1,617.1,203705.0,1254474.092
2026-04-15 01:00:00,617.1,620.1,616.4,619.8,76348.0,472117.815
2026-04-15 02:00:00,619.8,620.1,615.7,616.4,81095.0,501099.729
2026-04-15 03:00:00,616.4,616.9,615.4,616.6,47585.0,293145.42
2026-04-15 04:00:00,616.6,617.5,614.5,615.5,30104.0,185322.882
2026-04-15 05:00:00,615.5,616.6,613.4,613.8,44340.0,272617.791
2026-04-15 06:00:00,613.8,615.4,613.2,614.5,39937.0,245293.681
2026-04-15 07:00:00,614.5,614.9,611.2,611.9,173429.0,1062120.047
2026-04-15 08:00:00,611.9,615.1,610.9,614.7,178276.0,1092926.467
2026-04-15 09:00:00,614.7,616.2,614.0,615.9,137666.0,846767.714
2026-04-15 10:00:00,615.9,619.0,615.7,617.4,471915.0,2914574.339
2026-04-15 11:00:00,617.4,621.3,617.4,620.2,343750.0,2130420.786
2026-04-15 12:00:00,620.2,620.2,618.1,618.7,288225.0,1784186.29
2026-04-15 13:00:00,618.7,619.7,617.1,619.3,277551.0,1716795.154
2026-04-15 14:00:00,619.3,620.8,617.4,618.8,165514.0,1024795.189
2026-04-15 15:00:00,618.8,620.2,616.3,619.5,271479.0,1679907.74
2026-04-15 16:00:00,619.5,621.8,618.9,621.0,374372.0,2323312.404
2026-04-15 17:00:00,621.0,622.3,620.3,621.8,191711.0,1191719.069
2026-04-15 18:00:00,621.8,623.7,621.3,622.9,372794.0,2322312.04
2026-04-15 19:00:00,622.9,628.1,622.6,625.7,339482.0,2122876.193
2026-04-15 20:00:00,625.7,625.8,622.6,623.9,337729.0,2105697.819
2026-04-15 21:00:00,623.9,624.4,622.6,623.8,411270.0,2564886.274
2026-04-15 22:00:00,623.8,627.3,623.2,624.8,831902.0,5199399.6
2026-04-15 23:00:00,624.8,624.8,621.8,623.0,210381.0,1309988.991
2026-04-16 00:00:00,623.0,623.5,621.0,623.4,62041.0,386117.863
2026-04-16 01:00:00,623.4,623.5,621.3,622.9,41505.0,258320.307
2026-04-16 02:00:00,622.9,626.6,622.5,624.7,46648.0,291523.896
2026-04-16 03:00:00,624.7,626.0,624.4,624.6,34921.0,218328.374
2026-04-16 04:00:00,624.6,625.5,622.6,623.6,56043.0,349714.958
2026-04-16 05:00:00,623.6,625.5,622.9,625.4,86020.0,537663.961
2026-04-16 06:00:00,625.4,626.4,624.4,625.2,106133.0,663880.848
2026-04-16 07:00:00,625.2,625.8,622.2,623.0,65285.0,407191.368
2026-04-16 08:00:00,623.0,623.6,621.2,622.9,173230.0,1078270.027
2026-04-16 09:00:00,622.9,624.1,622.2,623.0,201287.0,1254933.308
2026-04-16 10:00:00,623.0,623.8,619.3,620.0,127458.0,791291.227
2026-04-16 11:00:00,620.0,621.3,619.1,621.3,75878.0,470767.797
2026-04-16 12:00:00,621.3,622.4,621.0,621.8,92543.0,575227.914
2026-04-16 13:00:00,621.8,624.3,615.2,618.0,595030.0,3693781.423
2026-04-16 14:00:00,618.0,621.0,615.7,619.7,185183.0,1144351.296
2026-04-16 15:00:00,619.7,626.8,618.9,625.2,233013.0,1453695.224
2026-04-16 16:00:00,625.2,628.4,624.2,625.8,417986.0,2619057.129
2026-04-16 17:00:00,625.8,628.0,624.0,627.7,263592.0,1650181.796
2026-04-16 18:00:00,627.7,637.7,626.7,636.4,451141.0,2854738.475
2026-04-16 19:00:00,636.4,637.6,634.3,636.9,209056.0,1330087.901
2026-04-16 20:00:00,636.9,637.9,633.7,635.0,190448.0,1210024.77
2026-04-16 21:00:00,635.0,635.7,632.3,633.1,243156.0,1543834.484
2026-04-16 22:00:00,633.1,634.8,632.2,633.7,116869.0,740206.185
2026-04-16 23:00:00,633.7,636.8,633.3,636.2,35444.0,225190.021
2026-04-17 00:00:00,636.2,636.9,633.6,633.9,62617.0,397757.689
2026-04-17 01:00:00,633.9,634.7,629.9,631.7,40907.0,258849.547
2026-04-17 02:00:00,631.7,632.2,628.7,630.0,49415.0,311325.184
2026-04-17 03:00:00,630.0,631.5,629.4,629.7,29792.0,187776.589
2026-04-17 04:00:00,629.7,630.6,629.1,630.0,42641.0,268647.273
2026-04-17 05:00:00,630.0,630.1,627.6,628.2,93754.0,589147.193
2026-04-17 06:00:00,628.2,629.4,628.0,628.5,45804.0,287938.584
2026-04-17 07:00:00,628.5,630.0,626.9,627.6,162374.0,1020284.904
2026-04-17 08:00:00,627.6,631.6,627.3,631.2,293423.0,1847988.054
2026-04-17 09:00:00,631.2,635.4,629.8,633.0,394709.0,2495322.448
2026-04-17 10:00:00,633.0,634.0,629.2,630.9,652937.0,4131723.476
2026-04-17 11:00:00,630.9,634.3,630.5,632.7,142995.0,904449.239
2026-04-17 12:00:00,632.7,636.9,632.0,636.3,125737.0,796856.68
2026-04-17 13:00:00,636.3,643.6,635.7,643.2,948056.0,6052686.733
2026-04-17 14:00:00,643.2,645.9,641.1,644.2,223821.0,1440437.878
2026-04-17 15:00:00,644.2,644.2,641.4,643.7,97889.0,629309.423
2026-04-17 16:00:00,643.7,646.0,643.4,645.9,96091.0,619569.747
2026-04-17 17:00:00,645.9,645.9,640.4,642.2,123615.0,794481.572
2026-04-17 18:00:00,642.2,642.5,639.2,640.1,177149.0,1134133.807
2026-04-17 19:00:00,640.1,642.4,639.3,641.8,134299.0,861300.411
2026-04-17 20:00:00,641.8,642.6,639.6,641.3,119029.0,762473.006
2026-04-17 21:00:00,641.3,642.9,641.2,642.6,37409.0,240225.565
2026-04-17 22:00:00,642.6,644.9,641.9,644.2,118419.0,762490.248
2026-04-17 23:00:00,644.2,645.2,642.1,643.6,63276.0,407300.801
2026-04-18 00:00:00,643.6,645.7,642.0,644.3,67999.0,437958.741
2026-04-18 01:00:00,644.3,647.3,643.6,645.3,135447.0,874875.262
2026-04-18 02:00:00,645.3,646.4,644.2,644.7,50707.0,327366.047
2026-04-18 03:00:00,644.7,644.7,640.7,640.7,91849.0,590020.513
2026-04-18 04:00:00,640.7,645.2,640.5,644.6,96920.0,623671.119
2026-04-18 05:00:00,644.6,649.2,644.4,645.6,436063.0,2825148.323
2026-04-18 06:00:00,645.6,646.3,643.8,644.2,167788.0,1082767.222
2026-04-18 07:00:00,644.2,644.8,643.1,643.7,112442.0,723716.393
2026-04-18 08:00:00,643.7,644.0,635.1,637.3,459116.0,2935375.595
2026-04-18 09:00:00,637.3,637.3,634.1,636.1,138958.0,883495.043
2026-04-18 10:00:00,636.1,636.2,632.3,634.3,118772.0,752915.956
2026-04-18 11:00:00,634.3,635.0,631.7,633.6,155353.0,983766.86
2026-04-18 12:00:00,633.6,635.1,632.2,634.5,221055.0,1402092.098
2026-04-18 13:00:00,634.5,634.8,631.7,633.9,55800.0,353333.423
2026-04-18 14:00:00,633.9,634.8,632.5,634.4,50618.0,320903.167
2026-04-18 15:00:00,634.4,635.3,632.7,633.7,51503.0,326403.2
2026-04-18 16:00:00,633.7,634.6,632.0,633.6,97738.0,619185.571
2026-04-18 17:00:00,633.6,634.5,632.3,633.9,40143.0,254250.337
2026-04-18 18:00:00,633.9,634.5,629.4,629.8,238158.0,1502500.713
2026-04-18 19:00:00,629.8,631.7,628.5,630.9,298032.0,1878019.795
2026-04-18 20:00:00,630.9,632.0,630.0,630.8,161500.0,1019531.486
2026-04-18 21:00:00,630.8,632.2,630.2,632.2,19063.0,120402.196
2026-04-18 22:00:00,632.2,632.4,630.1,631.3,114592.0,723949.703
2026-04-18 23:00:00,631.3,631.9,630.1,630.2,82812.0,522607.362
2026-04-19 00:00:00,630.2,630.7,628.6,629.7,59352.0,373900.436
2026-04-19 01:00:00,629.7,630.8,627.9,628.5,165801.0,1042388.571
2026-04-19 02:00:00,628.5,628.5,623.9,625.5,497792.0,3121266.374
2026-04-19 03:00:00,625.5,625.7,621.6,623.5,59987.0,374063.451
2026-04-19 04:00:00,623.5,625.0,620.8,622.3,85750.0,533937.541
2026-04-19 05:00:00,622.3,623.8,622.2,622.9,61120.0,380753.918
2026-04-19 06:00:00,622.9,623.8,620.2,623.2,134026.0,833068.576
2026-04-19 07:00:00,623.2,623.2,618.5,620.7,330425.0,2048557.99
2026-04-19 08:00:00,620.7,621.8,618.5,621.6,182268.0,1130978.126
2026-04-19 09:00:00,621.6,621.9,619.5,620.2,175794.0,1091823.69
2026-04-19 10:00:00,620.2,621.1,619.5,620.5,32730.0,202959.465
2026-04-19 11:00:00,620.5,623.5,620.3,622.7,163737.0,1018978.518
2026-04-19 12:00:00,622.7,624.2,622.3,623.5,94766.0,590477.874
2026-04-19 13:00:00,623.5,626.5,623.3,625.3,277157.0,1733351.249
2026-04-19 14:00:00,625.3,628.6,623.9,627.2,430705.0,2697940.843
2026-04-19 15:00:00,627.2,627.5,623.7,626.1,103057.0,644852.591
2026-04-19 16:00:00,626.1,626.8,623.2,623.8,62894.0,393057.906
2026-04-19 17:00:00,623.8,625.3,620.5,620.6,317934.0,1978098.735
2026-04-19 18:00:00,620.6,622.4,619.8,622.3,65416.0,406351.409
2026-04-19 19:00:00,622.3,623.7,622.3,623.2,77387.0,482203.446
2026-04-19 20:00:00,623.2,623.2,620.1,621.1,131507.0,817336.267
2026-04-19 21:00:00,621.1,623.5,620.5,620.7,73388.0,456522.716
2026-04-19 22:00:00,620.7,620.7,615.2,617.5,206218.0,1272999.433
2026-04-19 23:00:00,617.5,618.1,615.6,616.2,76038.0,468889.836
2026-04-20 00:00:00,616.2,621.5,616.2,620.1,99666.0,617554.756
2026-04-20 01:00:00,620.1,623.0,620.1,622.1,100342.0,623329.064
2026-04-20 02:00:00,622.1,622.3,620.4,621.6,69480.0,431874.723
2026-04-20 03:00:00,621.6,622.5,621.4,622.1,12031.0,74799.816
2026-04-20 04:00:00,622.1,622.1,620.6,621.4,59025.0,366702.852
2026-04-20 05:00:00,621.4,621.4,617.4,619.0,112699.0,697088.375
2026-04-20 06:00:00,619.0,624.8,618.8,624.7,154538.0,962262.265
2026-04-20 07:00:00,624.7,629.7,623.7,624.9,184000.0,1150999.483
2026-04-20 08:00:00,624.9,625.9,623.0,624.2,91172.0,569305.658
2026-04-20 09:00:00,624.2,627.4,623.7,627.1,150109.0,939946.382
2026-04-20 10:00:00,627.1,628.6,626.4,626.5,252693.0,1586229.517
2026-04-20 11:00:00,626.5,627.2,625.5,625.8,105783.0,662482.465
2026-04-20 12:00:00,625.8,628.2,624.5,625.4,186686.0,1168404.585
2026-04-20 13:00:00,625.4,626.8,623.8,626.2,76824.0,480523.345
2026-04-20 14:00:00,626.2,628.4,623.2,623.8,251898.0,1577223.728
2026-04-20 15:00:00,623.8,628.7,621.2,628.7,223929.0,1400883.465
2026-04-20 16:00:00,628.7,629.6,627.2,627.5,128020.0,804530.936
2026-04-20 17:00:00,627.5,630.4,627.2,629.8,117677.0,740646.024
2026-04-20 18:00:00,629.8,632.2,629.6,631.4,266746.0,1683801.946
2026-04-20 19:00:00,631.4,632.1,630.4,631.1,41689.0,263258.693
2026-04-20 20:00:00,631.1,632.3,629.9,631.4,96221.0,607354.245
2026-04-20 21:00:00,631.4,632.5,629.6,630.7,136054.0,858603.819
2026-04-20 22:00:00,630.7,631.8,629.0,629.3,57908.0,364958.784
2026-04-20 23:00:00,629.3,629.8,628.3,629.5,31640.0,198952.274
2026-04-21 00:00:00,629.5,632.4,629.5,631.9,42675.0,269237.124
2026-04-21 01:00:00,631.9,632.8,630.5,630.9,44426.0,280584.173
2026-04-21 02:00:00,630.9,631.1,628.9,628.9,36879.0,232313.797
2026-04-21 03:00:00,628.9,630.6,628.5,630.2,38680.0,243543.235
2026-04-21 04:00:00,630.2,631.2,629.2,631.0,124971.0,786837.276
2026-04-21 05:00:00,631.0,632.5,630.8,631.3,64642.0,408310.615
2026-04-21 06:00:00,631.3,633.5,630.3,632.8,139641.0,882402.65
2026-04-21 07:00:00,632.8,634.1,632.2,633.0,110781.0,701555.358
2026-04-21 08:00:00,633.0,637.4,632.5,635.3,179646.0,1141207.456
2026-04-21 09:00:00,635.3,637.0,634.8,636.8,77497.0,492847.359
2026-04-21 10:00:00,636.8,640.8,636.8,638.6,426871.0,2727083.896
2026-04-21 11:00:00,638.6,638.7,633.9,634.5,499754.0,3178952.205
2026-04-21 12:00:00,634.5,635.1,630.2,632.3,175561.0,1110957.787
2026-04-21 13:00:00,632.3,633.5,631.2,632.5,172689.0,1091939.454
2026-04-21 14:00:00,632.5,635.3,630.4,630.7,202502.0,1281438.952
2026-04-21 15:00:00,630.7,633.2,629.6,632.1,166763.0,1053001.98
2026-04-21 16:00:00,632.1,633.9,631.7,632.2,98498.0,623233.624
2026-04-21 17:00:00,632.2,632.3,627.5,629.9,195270.0,1230239.752
2026-04-21 18:00:00,629.9,630.8,628.6,630.5,61391.0,386682.778
2026-04-21 19:00:00,630.5,631.9,625.3,626.9,515610.0,3247706.809
2026-04-21 20:00:00,626.9,631.0,625.9,630.2,98083.0,617520.591
2026-04-21 21:00:00,630.2,630.4,629.0,629.5,58318.0,367174.207
2026-04-21 22:00:00,629.5,630.1,628.0,629.3,42341.0,266308.027
2026-04-21 23:00:00,629.3,632.7,629.1,631.9,78376.0,494525.131
2026-04-22 00:00:00,631.9,633.7,631.9,632.9,61123.0,386840.991
2026-04-22 01:00:00,632.9,633.5,631.5,632.9,67853.0,429036.388
2026-04-22 02:00:00,632.9,641.3,632.7,640.5,300233.0,1915556.003
2026-04-22 03:00:00,640.5,641.8,639.7,640.0,172397.0,1104179.041
2026-04-22 04:00:00,640.0,641.0,639.0,639.9,87842.0,562271.126
2026-04-22 05:00:00,639.9,645.2,639.9,643.1,190000.0,1222200.374
2026-04-22 06:00:00,643.1,643.6,641.9,642.5,158884.0,1021281.219
2026-04-22 07:00:00,642.5,643.3,641.8,642.5,64559.0,414827.736
2026-04-22 08:00:00,642.5,643.3,641.4,642.8,84229.0,540998.793
2026-04-22 09:00:00,642.8,644.1,642.1,642.6,71601.0,460518.83
2026-04-22 10:00:00,642.6,643.6,641.9,642.3,77151.0,495810.136
2026-04-22 11:00:00,642.3,643.3,641.5,643.1,125458.0,806249.48
2026-04-22 12:00:00,643.1,644.3,642.5,643.8,364370.0,2343924.771
2026-04-22 13:00:00,643.8,654.4,643.4,651.1,344903.0,2234379.615
2026-04-22 14:00:00,651.1,653.9,648.4,650.9,230574.0,1500417.709
2026-04-22 15:00:00,650.9,650.9,648.7,649.4,299550.0,1946946.383
2026-04-22 16:00:00,649.4,651.4,643.6,645.0,222981.0,1444927.778
2026-04-22 17:00:00,645.0,646.3,644.1,645.2,114754.0,740426.548
2026-04-22 18:00:00,645.2,647.3,645.1,645.5,118860.0,768141.827
2026-04-22 19:00:00,645.5,646.8,644.3,644.4,117889.0,760778.787
2026-04-22 20:00:00,644.4,644.4,640.7,641.5,100971.0,648072.165
2026-04-22 21:00:00,641.5,643.6,640.7,641.9,31511.0,202354.364
2026-04-22 22:00:00,641.9,642.8,639.7,640.4,90753.0,581644.355
2026-04-22 23:00:00,640.4,641.0,637.7,637.9,70338.0,449392.448
2026-04-23 00:00:00,637.9,639.7,634.3,638.9,174121.0,1108599.024
2026-04-23 01:00:00,638.9,639.3,637.1,638.0,65828.0,420072.169
2026-04-23 02:00:00,638.0,638.4,634.1,635.1,47205.0,300401.689
2026-04-23 03:00:00,635.1,636.2,633.7,635.6,139494.0,886196.177
2026-04-23 04:00:00,635.6,636.7,635.2,636.4,40280.0,256146.506
2026-04-23 05:00:00,636.4,637.4,635.7,637.2,66157.0,421167.655
2026-04-23 06:00:00,637.2,638.4,636.7,637.1,109037.0,695510.165
2026-04-23 07:00:00,637.1,637.4,635.5,635.9,62034.0,394945.704
2026-04-23 08:00:00,635.9,636.5,634.4,635.5,64398.0,409175.876
2026-04-23 09:00:00,635.5,635.6,632.4,633.2,128214.0,812696.62
2026-04-23 10:00:00,633.2,633.6,631.3,631.9,130225.0,823161.86
2026-04-23 11:00:00,631.9,634.0,631.6,633.7,72191.0,456863.988
2026-04-23 12:00:00,633.7,635.1,632.6,634.8,107649.0,682966.189
2026-04-23 13:00:00,634.8,636.3,634.5,636.2,74911.0,475950.199
2026-04-23 14:00:00,636.2,637.5,635.5,637.1,90315.0,574903.125
2026-04-23 15:00:00,637.1,640.2,636.0,639.8,202393.0,1292868.673
2026-04-23 16:00:00,639.8,640.8,638.7,638.9,83672.0,535394.773
2026-04-23 17:00:00,638.9,639.3,631.3,634.2,248597.0,1577637.018
2026-04-23 18:00:00,634.2,637.0,634.0,634.5,92206.0,585545.476
2026-04-23 19:00:00,634.5,636.8,634.0,636.2,46349.0,294666.915
2026-04-23 20:00:00,636.2,638.8,636.0,638.1,44704.0,285001.229
2026-04-23 21:00:00,638.1,639.4,637.2,638.5,46099.0,294353.861
2026-04-23 22:00:00,638.5,640.2,638.4,638.8,101979.0,651972.069
2026-04-23 23:00:00,638.8,639.0,637.9,638.9,41543.0,265225.172
2026-04-24 00:00:00,638.9,640.7,638.3,640.1,33193.0,212429.192
2026-04-24 01:00:00,640.1,640.3,637.8,639.9,54771.0,349859.72
2026-04-24 02:00:00,639.9,640.0,636.7,637.0,40648.0,259486.258
2026-04-24 03:00:00,637.0,637.1,633.8,634.8,58759.0,373254.61
2026-04-24 04:00:00,634.8,635.0,632.9,634.2,58802.0,372784.141
2026-04-24 05:00:00,634.2,634.9,632.2,634.4,47587.0,301308.695
2026-04-24 06:00:00,634.4,635.6,633.6,634.9,101440.0,643974.355
2026-04-24 07:00:00,634.9,637.4,634.7,635.3,61388.0,390516.792
2026-04-24 08:00:00,635.3,638.2,635.2,637.4,131965.0,841039.324
2026-04-24 09:00:00,637.4,637.6,633.6,634.4,215621.0,1368456.441
2026-04-24 10:00:00,634.4,635.9,634.0,635.3,99491.0,631685.698
2026-04-24 11:00:00,635.3,639.0,635.3,638.5,112212.0,715757.012
2026-04-24 12:00:00,638.5,639.3,636.8,639.0,43135.0,275274.238
2026-04-24 13:00:00,639.0,640.8,637.7,638.8,168877.0,1079330.369
2026-04-24 14:00:00,638.8,639.3,636.4,638.3,183150.0,1167696.408
2026-04-24 15:00:00,638.3,640.2,636.2,639.9,49717.0,317328.047
2026-04-24 16:00:00,639.9,640.4,637.1,638.3,287230.0,1834703.059
2026-04-24 17:00:00,638.3,638.8,636.9,638.0,33751.0,215265.41
2026-04-24 18:00:00,638.0,638.1,635.6,637.8,94024.0,598706.387
2026-04-24 19:00:00,637.8,639.2,637.2,638.4,39191.0,250248.9
2026-04-24 20:00:00,638.4,638.7,636.5,638.3,232396.0,1481340.454
2026-04-24 21:00:00,638.3,639.0,637.3,637.9,90082.0,575184.059
2026-04-24 22:00:00,637.9,638.2,635.8,636.5,29583.0,188419.333
2026-04-24 23:00:00,636.5,637.1,636.0,636.6,70827.0,450591.927
2026-04-25 00:00:00,636.6,637.0,635.7,636.4,36354.0,231306.957
2026-04-25 01:00:00,636.4,637.7,636.0,637.5,22248.0,141675.83
2026-04-25 02:00:00,637.5,638.0,637.0,637.6,34438.0,219599.908
2026-04-25 03:00:00,637.6,638.0,637.2,637.9,15995.0,101993.463
2026-04-25 04:00:00,637.9,638.3,637.4,638.1,12428.0,79284.866
2026-04-25 05:00:00,638.1,638.1,636.9,637.1,22151.0,141159.656
2026-04-25 06:00:00,637.1,638.5,636.6,637.7,33106.0,211169.708
2026-04-25 07:00:00,637.7,638.0,637.2,637.3,35930.0,229090.768
2026-04-25 08:00:00,637.3,638.9,636.9,638.5,161574.0,1031246.693
2026-04-25 09:00:00,638.5,638.6,637.6,638.1,20661.0,131828.903
2026-04-25 10:00:00,638.1,638.7,637.8,638.4,83187.0,530974.246
2026-04-25 11:00:00,638.4,638.4,634.5,635.0,116813.0,743040.162
2026-04-25 12:00:00,635.0,635.5,633.2,633.2,364518.0,2312899.717
2026-04-25 13:00:00,633.2,634.5,632.6,633.3,700918.0,4441223.537
2026-04-25 14:00:00,633.3,633.4,630.9,631.3,609997.0,3855316.439
2026-04-25 15:00:00,631.3,632.0,629.5,630.1,182349.0,1149819.579
2026-04-25 16:00:00,630.1,630.8,627.5,630.0,278149.0,1750630.71
2026-04-25 17:00:00,630.0,630.4,627.7,627.8,291237.0,1830868.144
2026-04-25 18:00:00,627.8,629.6,627.7,629.3,169155.0,1063893.324
2026-04-25 19:00:00,629.3,629.8,628.5,628.9,31355.0,197266.259
2026-04-25 20:00:00,628.9,629.8,628.6,629.7,40031.0,251880.307
2026-04-25 21:00:00,629.7,630.2,629.3,629.7,11118.0,69998.232
2026-04-25 22:00:00,629.7,630.8,629.4,629.9,26387.0,166240.329
2026-04-25 23:00:00,629.9,630.0,628.7,628.9,14664.0,92282.269
2026-04-26 00:00:00,628.9,629.7,627.7,629.2,118662.0,745847.836
2026-04-26 01:00:00,629.2,630.7,628.6,630.1,31058.0,195552.295
2026-04-26 02:00:00,630.1,630.6,629.6,630.2,19052.0,120000.997
2026-04-26 03:00:00,630.2,630.3,627.1,628.9,69030.0,433544.895
2026-04-26 04:00:00,628.9,631.2,628.5,630.6,79517.0,500424.265
2026-04-26 05:00:00,630.6,633.0,630.3,631.9,151124.0,955249.55
2026-04-26 06:00:00,631.9,632.8,631.1,631.4,55331.0,349710.537
2026-04-26 07:00:00,631.4,633.0,631.3,632.6,59200.0,374145.391
2026-04-26 08:00:00,632.6,633.0,630.4,631.0,83553.0,527385.371
2026-04-26 09:00:00,631.0,632.4,630.3,632.1,131946.0,832411.79
2026-04-26 10:00:00,632.1,632.2,631.5,631.8,62774.0,396543.543
2026-04-26 11:00:00,631.8,633.0,631.7,632.9,62462.0,395034.023
2026-04-26 12:00:00,632.9,632.9,630.8,631.2,76441.0,482887.665
2026-04-26 13:00:00,631.2,632.0,630.9,631.8,54505.0,344214.425
2026-04-26 14:00:00,631.8,633.4,631.2,632.4,81661.0,516418.292
2026-04-26 15:00:00,632.4,633.2,632.0,632.7,132654.0,839343.12
2026-04-26 16:00:00,632.7,632.8,631.3,631.4,271972.0,1718220.846
2026-04-26 17:00:00,631.4,632.3,630.8,632.1,131905.0,833283.279
2026-04-26 18:00:00,632.1,634.8,632.0,634.1,101253.0,641642.093
2026-04-26 19:00:00,634.1,637.2,633.8,636.2,379619.0,2413018.682
2026-04-26 20:00:00,636.2,636.6,634.9,634.9,49593.0,315242.875
2026-04-26 21:00:00,634.9,636.9,633.4,636.0,132636.0,843063.623
2026-04-26 22:00:00,636.0,638.9,634.1,635.3,198761.0,1266944.455
2026-04-26 23:00:00,635.3,637.2,634.2,636.1,52194.0,331876.733
2026-04-27 00:00:00,636.1,638.8,634.3,638.4,67896.0,432304.301
2026-04-27 01:00:00,638.4,640.2,636.1,638.5,216200.0,1380481.427
2026-04-27 02:00:00,638.5,640.0,637.8,638.9,44354.0,283411.288
2026-04-27 03:00:00,638.9,640.3,638.6,638.8,32491.0,207778.947
2026-04-27 04:00:00,638.8,639.1,636.8,637.3,65812.0,419895.268
2026-04-27 05:00:00,637.3,637.6,628.5,629.5,311339.0,1961807.732
2026-04-27 06:00:00,629.5,629.8,625.3,627.6,97159.0,609560.98
2026-04-27 07:00:00,627.6,627.9,625.8,626.0,38622.0,241935.037
2026-04-27 08:00:00,626.0,628.1,625.6,628.0,94618.0,593023.249
2026-04-27 09:00:00,628.0,629.2,627.5,628.8,63674.0,400247.861
2026-04-27 10:00:00,628.8,628.9,627.9,628.0,73309.0,460721.061
2026-04-27 11:00:00,628.0,628.2,627.0,627.7,29466.0,184908.398
2026-04-27 12:00:00,627.7,627.7,625.5,626.2,226925.0,1421268.186
2026-04-27 13:00:00,626.2,627.2,624.3,625.8,183476.0,1148211.273
2026-04-27 14:00:00,625.8,629.0,625.4,626.5,116193.0,728694.537
2026-04-27 15:00:00,626.5,626.8,618.7,621.3,472923.0,2943190.604
2026-04-27 16:00:00,621.3,622.7,620.7,621.8,124116.0,771725.402
2026-04-27 17:00:00,621.8,624.3,621.8,623.4,60961.0,380003.79
2026-04-27 18:00:00,623.4,624.1,622.6,623.9,88955.0,554502.82
2026-04-27 19:00:00,623.9,623.9,621.4,623.7,127211.0,792057.091
2026-04-27 20:00:00,623.7,624.7,623.7,624.5,129654.0,809298.092
2026-04-27 21:00:00,624.5,625.0,623.6,623.6,50984.0,318246.593
2026-04-27 22:00:00,623.6,625.5,623.4,625.0,43190.0,269646.734
2026-04-27 23:00:00,625.0,627.6,624.5,627.2,80436.0,503641.648
2026-04-28 00:00:00,627.2,627.9,626.3,627.3,43829.0,274850.815
2026-04-28 01:00:00,627.3,627.5,626.2,626.3,48554.0,304216.388
2026-04-28 02:00:00,626.3,627.0,623.6,624.8,50130.0,313366.056
2026-04-28 03:00:00,624.8,625.0,623.9,624.8,44857.0,280012.951
2026-04-28 04:00:00,624.8,626.3,624.1,625.7,19933.0,124598.273
2026-04-28 05:00:00,625.7,626.8,624.7,625.1,196394.0,1229759.302
2026-04-28 06:00:00,625.1,626.2,623.4,623.4,154300.0,962846.571
2026-04-28 07:00:00,623.4,624.9,622.0,624.6,55126.0,343592.979
2026-04-28 08:00:00,624.6,625.8,624.1,624.7,49138.0,307074.803
2026-04-28 09:00:00,624.7,625.3,622.7,623.3,55311.0,345154.591
2026-04-28 10:00:00,623.3,624.0,622.8,623.2,163785.0,1021421.285
2026-04-28 11:00:00,623.2,623.4,621.5,622.2,132212.0,822965.263
2026-04-28 12:00:00,622.2,623.8,621.1,623.5,263723.0,1641056.745
2026-04-28 13:00:00,623.5,624.0,620.9,622.6,170041.0,1057756.456
2026-04-28 14:00:00,622.6,622.7,619.5,622.7,152785.0,948956.295
2026-04-28 15:00:00,622.7,623.4,622.1,623.1,219035.0,1364400.293
2026-04-28 16:00:00,623.1,624.0,622.2,623.9,262431.0,1635704.831
2026-04-28 17:00:00,623.9,624.5,622.7,623.9,153207.0,955509.252
2026-04-28 18:00:00,623.9,624.4,623.4,624.0,73378.0,457859.675
2026-04-28 19:00:00,624.0,624.7,623.2,624.5,85555.0,534026.064
2026-04-28 20:00:00,624.5,624.9,624.1,624.7,105314.0,657671.302
2026-04-28 21:00:00,624.7,625.2,623.4,624.0,113076.0,705999.332
2026-04-28 22:00:00,624.0,624.6,623.2,623.4,71386.0,445395.452
2026-04-28 23:00:00,623.4,625.0,623.2,624.8,82851.0,517167.492
2026-04-29 00:00:00,624.8,625.4,623.9,624.8,115513.0,721865.193
2026-04-29 01:00:00,624.8,625.6,622.8,625.1,151341.0,944764.96
2026-04-29 02:00:00,625.1,625.7,623.9,624.4,30946.0,193275.437
2026-04-29 03:00:00,624.4,626.9,624.3,626.4,61438.0,384578.676
2026-04-29 04:00:00,626.4,628.8,625.3,628.0,97998.0,614806.121
2026-04-29 05:00:00,628.0,628.4,627.2,627.5,54456.0,341866.073
2026-04-29 06:00:00,627.5,627.9,625.6,626.4,55809.0,349775.154
2026-04-29 07:00:00,626.4,627.0,625.1,625.2,69773.0,436620.812
2026-04-29 08:00:00,625.2,626.1,624.7,625.7,82263.0,514437.471
2026-04-29 09:00:00,625.7,629.7,625.5,629.2,225523.0,1415037.453
2026-04-29 10:00:00,629.2,629.7,627.8,628.1,211752.0,1331464.119
2026-04-29 11:00:00,628.1,628.1,626.2,626.4,309518.0,1940217.075
2026-04-29 12:00:00,626.4,626.4,622.5,624.1,1279498.0,7982977.75
2026-04-29 13:00:00,624.1,624.4,620.3,622.4,433486.0,2695378.018
2026-04-29 14:00:00,622.4,623.0,621.0,621.4,68162.0,423893.424
2026-04-29 15:00:00,621.4,621.6,616.0,616.7,235302.0,1454546.525
2026-04-29 16:00:00,616.7,618.3,616.5,617.9,496014.0,3060751.845
2026-04-29 17:00:00,617.9,620.0,617.9,620.0,125272.0,775625.193
2026-04-29 18:00:00,620.0,620.2,610.5,614.0,358401.0,2198702.758
2026-04-29 19:00:00,614.0,614.7,612.6,613.4,96222.0,590278.974
2026-04-29 20:00:00,613.4,616.3,613.4,615.6,151679.0,932686.355
2026-04-29 21:00:00,615.6,618.7,615.2,617.4,68873.0,424902.987
2026-04-29 22:00:00,617.4,618.7,616.8,618.3,214603.0,1326287.619
2026-04-29 23:00:00,618.3,618.6,617.0,617.6,85929.0,530889.483
2026-04-30 00:00:00,617.6,620.8,617.0,620.6,200686.0,1242734.162
2026-04-30 01:00:00,620.6,620.9,619.3,619.6,77281.0,479025.008
2026-04-30 02:00:00,619.6,620.4,616.3,617.9,113876.0,703417.862
2026-04-30 03:00:00,617.9,618.7,617.3,618.2,105513.0,652071.082
2026-04-30 04:00:00,618.2,618.4,614.8,615.0,431561.0,2658304.585
2026-04-30 05:00:00,615.0,617.3,613.8,616.7,1012535.0,6235211.657
2026-04-30 06:00:00,616.7,617.2,615.8,616.2,32355.0,199537.905
2026-04-30 07:00:00,616.2,618.6,615.8,618.0,66440.0,409959.018
2026-04-30 08:00:00,618.0,618.6,617.0,617.0,28377.0,175237.253
2026-04-30 09:00:00,617.0,619.2,616.9,617.2,29119.0,179867.858
2026-04-30 10:00:00,617.2,617.6,616.0,616.3,79573.0,490740.575
2026-04-30 11:00:00,616.3,617.6,615.0,616.1,115233.0,710300.75
2026-04-30 12:00:00,616.1,617.6,615.4,615.7,371654.0,2291630.792
2026-04-30 13:00:00,615.7,617.1,614.7,615.9,131414.0,809022.964
2026-04-30 14:00:00,615.9,616.7,613.7,616.7,74371.0,457648.843
2026-04-30 15:00:00,616.7,618.3,616.1,617.3,113152.0,698289.597
2026-04-30 16:00:00,617.3,617.5,616.2,616.5,86373.0,533065.019
2026-04-30 17:00:00,616.5,617.8,616.1,617.6,29206.0,180111.207
2026-04-30 18:00:00,617.6,619.2,617.4,618.1,114673.0,709407.945
2026-04-30 19:00:00,618.1,619.2,617.6,618.9,104192.0,644371.705
2026-04-30 20:00:00,618.9,618.9,618.1,618.1,16489.0,101983.487
2026-04-30 21:00:00,618.1,618.2,616.3,616.3,52561.0,324317.461
2026-04-30 22:00:00,616.3,616.8,615.3,615.3,54746.0,337103.271
2026-04-30 23:00:00,615.3,616.0,615.2,615.6,65699.0,404385.174
2026-05-01 00:00:00,615.6,617.2,615.5,615.8,38446.0,237048.37
2026-05-01 01:00:00,615.8,617.9,615.7,617.5,17883.0,110271.586
2026-05-01 02:00:00,617.5,617.9,616.8,617.4,37716.0,232792.963
2026-05-01 03:00:00,617.4,621.7,617.1,618.8,115434.0,715289.348
2026-05-01 04:00:00,618.8,619.4,617.3,617.3,81858.0,505932.978
2026-05-01 05:00:00,617.3,618.6,617.2,618.1,88919.0,549647.769
2026-05-01 06:00:00,618.1,618.6,616.4,617.1,69040.0,426432.305
2026-05-01 07:00:00,617.1,617.9,616.6,617.6,25449.0,157052.158
2026-05-01 08:00:00,617.6,619.9,617.5,618.9,136872.0,846672.104
2026-05-01 09:00:00,618.9,619.0,616.8,617.2,101089.0,624725.8
2026-05-01 10:00:00,617.2,617.6,616.1,617.6,76487.0,471699.134
2026-05-01 11:00:00,617.6,619.4,617.6,619.2,41681.0,257814.075
2026-05-01 12:00:00,619.2,621.1,618.8,619.5,268477.0,1665235.358
2026-05-01 13:00:00,619.5,623.2,619.5,622.6,137563.0,855330.568
2026-05-01 14:00:00,622.6,623.1,619.9,621.1,93329.0,579972.595
2026-05-01 15:00:00,621.1,623.0,620.0,621.1,114225.0,710254.467
2026-05-01 16:00:00,621.1,622.2,619.7,619.9,143212.0,888396.21
2026-05-01 17:00:00,619.9,621.0,619.3,620.7,115116.0,713641.07
2026-05-01 18:00:00,620.7,621.3,619.3,619.7,110255.0,683775.916
2026-05-01 19:00:00,619.7,620.7,619.4,619.7,64383.0,399242.78
2026-05-01 20:00:00,619.7,619.7,616.8,617.3,166171.0,1027249.516
2026-05-01 21:00:00,617.3,618.1,617.1,617.8,36003.0,222379.53
2026-05-01 22:00:00,617.8,618.2,615.1,615.5,228186.0,1406580.095
2026-05-01 23:00:00,615.5,616.1,614.0,615.8,156288.0,961479.788
2026-05-02 00:00:00,615.8,616.5,615.2,616.2,102869.0,633576.539
2026-05-02 01:00:00,616.2,616.9,616.0,616.2,27641.0,170343.771
2026-05-02 02:00:00,616.2,617.3,616.0,616.5,22267.0,137314.983
2026-05-02 03:00:00,616.5,617.1,615.8,616.5,36420.0,224493.971
2026-05-02 04:00:00,616.5,616.5,614.8,615.4,30800.0,189567.192
2026-05-02 05:00:00,615.4,616.0,614.5,615.5,85387.0,525190.932
2026-05-02 06:00:00,615.5,616.7,615.1,616.5,25174.0,155055.064
2026-05-02 07:00:00,616.5,616.7,615.4,616.1,79239.0,488142.714
2026-05-02 08:00:00,616.1,616.5,615.4,616.1,22753.0,140176.94
2026-05-02 09:00:00,616.1,616.3,615.5,616.0,64211.0,395488.359
2026-05-02 10:00:00,616.0,616.3,615.5,616.1,48256.0,297186.087
2026-05-02 11:00:00,616.1,616.1,615.0,616.0,109843.0,676116.275
2026-05-02 12:00:00,616.0,616.8,615.7,616.2,71864.0,442868.94
2026-05-02 13:00:00,616.2,617.6,616.2,617.5,85879.0,529812.564
2026-05-02 14:00:00,617.5,618.0,617.0,617.2,136727.0,844137.555
2026-05-02 15:00:00,617.2,618.6,617.1,618.5,64749.0,400215.321
2026-05-02 16:00:00,618.5,619.7,618.1,619.1,81719.0,505881.4
2026-05-02 17:00:00,619.1,619.3,618.3,618.7,53907.0,333528.88
2026-05-02 18:00:00,618.7,619.6,618.1,619.0,61132.0,378341.933
2026-05-02 19:00:00,619.0,619.4,618.6,619.1,51707.0,320080.003
2026-05-02 20:00:00,619.1,619.3,618.6,619.0,32170.0,199141.485
2026-05-02 21:00:00,619.0,622.1,618.9,620.0,106470.0,661206.185
2026-05-02 22:00:00,620.0,621.9,617.9,619.8,1088093.0,6744145.118
2026-05-02 23:00:00,619.8,620.0,618.1,618.5,33535.0,207568.775
2026-05-03 00:00:00,618.5,618.9,617.4,618.1,34194.0,211320.71
2026-05-03 01:00:00,618.1,618.1,616.1,616.3,80269.0,494970.4
2026-05-03 02:00:00,616.3,616.6,615.3,616.1,60653.0,373524.666
2026-05-03 03:00:00,616.1,616.9,615.8,616.7,25708.0,158516.07
2026-05-03 04:00:00,616.7,616.7,615.7,615.9,34983.0,215569.25
2026-05-03 05:00:00,615.9,617.8,615.8,617.6,12934.0,79814.409
2026-05-03 06:00:00,617.6,617.7,615.8,617.3,46961.0,289498.6
2026-05-03 07:00:00,617.3,618.6,616.9,617.4,57497.0,355286.861
2026-05-03 08:00:00,617.4,618.2,617.1,617.9,94612.0,584432.354
2026-05-03 09:00:00,617.9,619.6,617.9,618.9,287736.0,1782145.985
2026-05-03 10:00:00,618.9,619.6,618.1,618.1,296131.0,1833527.435
2026-05-03 11:00:00,618.1,620.0,617.6,619.4,108515.0,672063.077
2026-05-03 12:00:00,619.4,620.2,619.2,619.3,61306.0,379919.123
2026-05-03 13:00:00,619.3,619.7,618.5,619.4,55271.0,342140.307
2026-05-03 14:00:00,619.4,620.5,619.3,620.3,54867.0,340134.551
2026-05-03 15:00:00,620.3,621.0,620.0,620.3,84147.0,522071.55
2026-05-03 16:00:00,620.3,620.6,619.2,620.3,43965.0,272656.268
2026-05-03 17:00:00,620.3,621.1,619.4,620.1,63313.0,392634.375
2026-05-03 18:00:00,620.1,620.4,619.4,620.0,113765.0,705175.47
2026-05-03 19:00:00,620.0,620.4,619.4,619.8,41371.0,256418.855
2026-05-03 20:00:00,619.8,621.3,619.2,620.1,76108.0,471841.138
2026-05-03 21:00:00,620.1,620.6,618.1,619.4,145638.0,902560.825
2026-05-03 22:00:00,619.4,622.4,619.4,621.1,97385.0,604566.858
2026-05-03 23:00:00,621.1,622.7,617.4,617.5,99725.0,618212.83
2026-05-04 00:00:00,617.5,617.9,615.8,617.3,93731.0,577962.061
2026-05-04 01:00:00,617.3,623.5,616.6,622.5,138606.0,859768.394
2026-05-04 02:00:00,622.5,626.9,622.1,625.2,226740.0,1416354.303
2026-05-04 03:00:00,625.2,627.0,624.1,627.0,151293.0,946350.772
2026-05-04 04:00:00,627.0,639.4,627.0,633.1,442065.0,2802939.481
2026-05-04 05:00:00,633.1,635.0,632.2,633.7,103100.0,652852.37
2026-05-04 06:00:00,633.7,634.6,627.5,629.2,164078.0,1034762.457
2026-05-04 07:00:00,629.2,630.0,628.1,628.9,132211.0,831736.19
2026-05-04 08:00:00,628.9,629.4,628.0,628.4,48711.0,306209.515
2026-05-04 09:00:00,628.4,631.5,628.1,631.0,48634.0,306269.575
2026-05-04 10:00:00,631.0,631.1,620.4,624.1,354871.0,2211598.975
2026-05-04 11:00:00,624.1,624.9,622.8,623.3,51487.0,321212.367
2026-05-04 12:00:00,623.3,623.9,622.4,622.8,130557.0,813667.179
2026-05-04 13:00:00,622.8,624.9,621.5,624.0,439136.0,2739595.18
2026-05-04 14:00:00,624.0,628.8,621.9,627.5,209855.0,1312334.522
2026-05-04 15:00:00,627.5,628.8,623.2,625.7,472098.0,2952331.878
2026-05-04 16:00:00,625.7,627.1,624.0,626.2,442270.0,2768883.476
2026-05-04 17:00:00,626.2,629.2,626.0,628.3,137874.0,864957.468
2026-05-04 18:00:00,628.3,628.5,625.8,626.2,234246.0,1467516.524
2026-05-04 19:00:00,626.2,626.3,625.2,625.4,103863.0,649617.265
2026-05-04 20:00:00,625.4,626.0,623.1,623.5,62819.0,392330.906
2026-05-04 21:00:00,623.5,625.8,623.5,625.3,76954.0,480819.575
2026-05-04 22:00:00,625.3,626.4,624.6,624.8,48994.0,306233.23
2026-05-04 23:00:00,624.8,624.8,622.9,623.0,39033.0,243379.308
2026-05-05 00:00:00,623.0,625.3,622.9,625.1,57437.0,358737.142
2026-05-05 01:00:00,625.1,626.1,624.4,625.4,26089.0,163200.124
2026-05-05 02:00:00,625.4,627.2,625.0,625.6,141349.0,884821.969
2026-05-05 03:00:00,625.6,628.6,625.1,628.2,53722.0,337026.386
2026-05-05 04:00:00,628.2,628.2,626.1,626.5,40323.0,252808.771
2026-05-05 05:00:00,626.5,628.9,626.0,628.6,55687.0,349456.039
2026-05-05 06:00:00,628.6,628.7,626.5,627.4,64622.0,405231.24
2026-05-05 07:00:00,627.4,629.2,627.1,628.0,110902.0,696525.043
2026-05-05 08:00:00,628.0,629.4,627.6,627.7,130304.0,819168.919
2026-05-05 09:00:00,627.7,627.9,626.4,627.6,192335.0,1206363.162
2026-05-05 10:00:00,627.6,629.2,627.1,628.8,90163.0,566434.65
2026-05-05 11:00:00,628.8,629.6,628.6,629.2,129586.0,815202.717
2026-05-05 12:00:00,629.2,630.8,628.6,630.5,150705.0,948745.323
2026-05-05 13:00:00,630.5,634.2,630.3,631.6,221437.0,1400721.996
2026-05-05 14:00:00,631.6,631.9,628.9,631.2,494077.0,3113937.071
2026-05-05 15:00:00,631.2,632.7,630.6,631.5,81790.0,516782.763
2026-05-05 16:00:00,631.5,632.4,629.2,629.8,82000.0,517201.796
2026-05-05 17:00:00,629.8,629.9,628.3,629.5,224455.0,1412929.97
2026-05-05 18:00:00,629.5,631.0,629.4,630.8,271311.0,1709262.525
2026-05-05 19:00:00,630.8,632.9,630.6,632.1,93714.0,592216.871
2026-05-05 20:00:00,632.1,634.8,632.0,633.6,275745.0,1747935.989
2026-05-05 21:00:00,633.6,635.4,632.1,633.4,226503.0,1436629.402
2026-05-05 22:00:00,633.4,635.2,630.6,632.5,158168.0,1000609.078
2026-05-05 23:00:00,632.5,632.7,630.2,630.9,71977.0,454646.494
2026-05-06 00:00:00,630.9,632.0,629.4,631.3,55714.0,351456.138
2026-05-06 01:00:00,631.3,634.8,631.0,634.7,45765.0,289717.652
2026-05-06 02:00:00,634.7,635.5,633.0,634.8,177759.0,1128263.138
2026-05-06 03:00:00,634.8,636.2,632.0,635.5,178549.0,1132756.141
2026-05-06 04:00:00,635.5,636.5,633.9,635.1,43092.0,273752.688
2026-05-06 05:00:00,635.1,635.4,633.2,635.3,77401.0,490986.351
2026-05-06 06:00:00,635.3,636.6,634.9,636.3,74538.0,473919.907
2026-05-06 07:00:00,636.3,640.8,636.1,638.5,286829.0,1832240.748
2026-05-06 08:00:00,638.5,647.2,638.4,646.7,432899.0,2785193.417
2026-05-06 09:00:00,646.7,648.0,643.9,647.3,99130.0,640444.207
2026-05-06 10:00:00,647.3,648.5,645.5,645.9,162348.0,1050674.7
2026-05-06 11:00:00,645.9,653.0,645.9,652.9,151563.0,985821.48
2026-05-06 12:00:00,652.9,664.4,651.8,657.5,552605.0,3632300.029
2026-05-06 13:00:00,657.5,657.5,646.3,648.1,393926.0,2569146.085
2026-05-06 14:00:00,648.1,650.7,644.1,647.7,206668.0,1338048.451
2026-05-06 15:00:00,647.7,650.0,647.1,648.9,165822.0,1075867.71
2026-05-06 16:00:00,648.9,651.2,646.8,650.1,132889.0,862675.532
2026-05-06 17:00:00,650.1,650.9,648.3,649.1,59165.0,384239.251
2026-05-06 18:00:00,649.1,650.9,648.0,650.3,97287.0,632149.232
2026-05-06 19:00:00,650.3,651.5,649.2,651.0,97525.0,634371.42
2026-05-06 20:00:00,651.0,652.0,648.0,649.3,103411.0,672114.413
2026-05-06 21:00:00,649.3,651.0,648.0,650.2,26239.0,170452.359
2026-05-06 22:00:00,650.2,650.6,647.0,647.4,41105.0,266534.097
2026-05-06 23:00:00,647.4,648.4,644.8,648.3,288200.0,1861968.949
2026-05-07 00:00:00,648.3,650.3,645.1,645.3,249596.0,1615134.304
2026-05-07 01:00:00,645.3,645.7,642.0,644.9,593304.0,3817595.655
2026-05-07 02:00:00,644.9,645.5,642.6,645.0,33840.0,217914.517
2026-05-07 03:00:00,645.0,645.0,642.0,643.0,55333.0,356147.676
2026-05-07 04:00:00,643.0,644.7,642.5,644.6,50896.0,327514.27
2026-05-07 05:00:00,644.6,647.6,644.5,647.5,107319.0,693326.704
2026-05-07 06:00:00,647.5,648.7,645.2,648.5,125450.0,811524.317
2026-05-07 07:00:00,648.5,653.9,648.0,652.5,507097.0,3299042.989
2026-05-07 08:00:00,652.5,653.5,649.5,651.5,66610.0,433700.418
2026-05-07 09:00:00,651.5,651.6,648.1,649.3,71575.0,464843.573
2026-05-07 10:00:00,649.3,650.0,646.5,648.2,52848.0,342596.349
2026-05-07 11:00:00,648.2,649.8,646.9,648.1,68002.0,440743.638
2026-05-07 12:00:00,648.1,651.5,647.9,651.2,75368.0,490078.777
2026-05-07 13:00:00,651.2,651.2,645.4,647.4,288561.0,1867159.124
2026-05-07 14:00:00,647.4,647.6,641.2,642.9,190617.0,1228592.254
2026-05-07 15:00:00,642.9,644.5,639.5,642.8,98298.0,630928.29
2026-05-07 16:00:00,642.8,644.1,639.6,641.9,133996.0,860970.039
2026-05-07 17:00:00,641.9,644.0,640.4,643.9,134648.0,864842.276
2026-05-07 18:00:00,643.9,645.0,642.5,643.9,119619.0,770374.107
2026-05-07 19:00:00,643.9,644.6,642.2,643.9,269307.0,1733536.803
2026-05-07 20:00:00,643.9,645.4,643.7,643.7,269787.0,1738768.98
2026-05-07 21:00:00,643.7,644.4,641.7,642.8,239357.0,1539875.484
2026-05-07 22:00:00,642.8,642.8,633.9,635.8,240658.0,1533563.965
2026-05-07 23:00:00,635.8,637.8,634.9,637.4,94908.0,604415.82
2026-05-08 00:00:00,637.4,639.3,637.0,638.1,80095.0,510999.653
2026-05-08 01:00:00,638.1,638.9,636.5,638.4,25816.0,164655.465
2026-05-08 02:00:00,638.4,640.3,635.7,639.0,54665.0,349272.318
2026-05-08 03:00:00,639.0,640.9,637.3,640.0,44208.0,282746.913
2026-05-08 04:00:00,640.0,641.3,638.5,639.9,51130.0,327046.424
2026-05-08 05:00:00,639.9,640.4,638.2,638.3,61468.0,392843.37
2026-05-08 06:00:00,638.3,638.7,635.3,637.0,77722.0,495015.041
2026-05-08 07:00:00,637.0,637.2,635.3,637.0,122751.0,781063.35
2026-05-08 08:00:00,637.0,638.3,636.2,638.2,169387.0,1079589.144
2026-05-08 09:00:00,638.2,639.9,637.8,638.6,170403.0,1088691.453
2026-05-08 10:00:00,638.6,640.3,638.1,639.8,294124.0,1879632.579
2026-05-08 11:00:00,639.8,641.8,639.8,641.5,107673.0,690195.856
2026-05-08 12:00:00,641.5,641.5,639.4,639.9,246376.0,1576928.135
2026-05-08 13:00:00,639.9,640.3,637.7,639.3,73634.0,470533.332
2026-05-08 14:00:00,639.3,643.1,639.3,642.6,292018.0,1872865.196
2026-05-08 15:00:00,642.6,644.4,639.6,644.2,180566.0,1158032.385
2026-05-08 16:00:00,644.2,644.5,642.8,642.8,79002.0,508396.919
2026-05-08 17:00:00,642.8,647.5,642.8,646.1,249666.0,1611457.976
2026-05-08 18:00:00,646.1,649.8,646.1,648.2,121132.0,785431.763
2026-05-08 19:00:00,648.2,649.2,647.3,648.2,82752.0,536273.934
2026-05-08 20:00:00,648.2,649.3,646.5,647.2,169248.0,1097376.437
2026-05-08 21:00:00,647.2,650.5,646.7,650.4,260961.0,1695165.476
2026-05-08 22:00:00,650.4,652.0,650.4,650.5,49209.0,320475.642
2026-05-08 23:00:00,650.5,650.8,648.3,649.7,98339.0,638507.593
2026-05-09 00:00:00,649.7,652.9,649.4,652.3,85656.0,557700.972
2026-05-09 01:00:00,652.3,656.3,652.3,654.8,64146.0,419579.079
2026-05-09 02:00:00,654.8,655.6,654.0,654.5,71895.0,470834.184
2026-05-09 03:00:00,654.5,655.2,653.3,654.1,76498.0,500937.261
2026-05-09 04:00:00,654.1,656.5,652.9,653.5,278911.0,1822361.227
2026-05-09 05:00:00,653.5,653.6,651.5,651.8,71814.0,468616.962
2026-05-09 06:00:00,651.8,652.5,650.3,651.8,73006.0,475824.726
2026-05-09 07:00:00,651.8,652.0,649.4,650.2,96626.0,628691.694
2026-05-09 08:00:00,650.2,651.3,650.1,651.0,80231.0,522153.344
2026-05-09 09:00:00,651.0,651.5,648.9,650.2,127632.0,829832.925
2026-05-09 10:00:00,650.2,650.3,648.9,649.5,58376.0,379070.859
2026-05-09 11:00:00,649.5,651.0,649.4,650.4,50460.0,328207.911
2026-05-09 12:00:00,650.4,651.1,649.4,650.1,49284.0,320529.804
2026-05-09 13:00:00,650.1,650.3,648.7,649.9,72868.0,473361.163
2026-05-09 14:00:00,649.9,650.0,647.4,647.5,77630.0,503269.661
2026-05-09 15:00:00,647.5,648.8,646.6,648.1,73093.0,473589.872
2026-05-09 16:00:00,648.1,650.2,647.4,648.8,79015.0,512727.604
2026-05-09 17:00:00,648.8,651.0,648.8,650.5,95448.0,620805.143
2026-05-09 18:00:00,650.5,652.3,650.3,651.5,56068.0,365130.039
2026-05-09 19:00:00,651.5,651.7,650.9,651.5,105694.0,688183.962
2026-05-09 20:00:00,651.5,651.5,650.3,651.2,41524.0,270327.863
2026-05-09 21:00:00,651.2,652.8,651.1,651.9,19639.0,128050.129
2026-05-09 22:00:00,651.9,652.6,650.9,651.3,9285.0,60512.98
2026-05-09 23:00:00,651.3,652.0,649.8,650.0,37258.0,242289.928
2026-05-10 00:00:00,650.0,650.9,647.0,647.3,52212.0,338683.065
2026-05-10 01:00:00,647.3,647.4,645.2,647.1,169412.0,1094907.365
2026-05-10 02:00:00,647.1,648.3,646.1,648.1,86663.0,560506.321
2026-05-10 03:00:00,648.1,649.2,647.5,648.3,21975.0,142427.36
2026-05-10 04:00:00,648.3,649.0,647.6,648.5,91230.0,591463.932
2026-05-10 05:00:00,648.5,649.1,647.8,648.7,51589.0,334700.097
2026-05-10 06:00:00,648.7,649.4,647.7,648.9,78884.0,511655.179
2026-05-10 07:00:00,648.9,649.7,648.2,648.7,16606.0,107799.581
2026-05-10 08:00:00,648.7,651.1,648.4,650.8,182683.0,1187781.21
2026-05-10 09:00:00,650.8,652.2,650.1,652.0,104531.0,680851.404
2026-05-10 10:00:00,652.0,652.1,650.2,651.3,74448.0,484620.295
2026-05-10 11:00:00,651.3,651.8,648.8,650.1,95802.0,622634.983
2026-05-10 12:00:00,650.1,650.1,648.9,650.0,21341.0,138611.301
2026-05-10 13:00:00,650.0,652.0,649.8,651.4,121954.0,793735.059
2026-05-10 14:00:00,651.4,653.0,650.6,652.2,130910.0,853348.764
2026-05-10 15:00:00,652.2,656.6,652.1,656.0,203546.0,1332057.238
2026-05-10 16:00:00,656.0,657.9,654.8,657.8,240996.0,1581967.959
2026-05-10 17:00:00,657.8,661.5,656.6,661.0,365581.0,2411608.391
2026-05-10 18:00:00,661.0,662.5,660.0,661.1,226247.0,1495853.593
2026-05-10 19:00:00,661.1,662.9,659.1,661.5,139965.0,924748.82
2026-05-10 20:00:00,661.5,662.9,649.2,652.1,450033.0,2958133.245
2026-05-10 21:00:00,652.1,655.0,651.1,652.9,114569.0,748142.154
2026-05-10 22:00:00,652.9,667.1,652.1,666.3,237191.0,1571584.023
2026-05-10 23:00:00,666.3,667.2,663.6,663.9,162648.0,1083106.138
2026-05-11 00:00:00,663.9,665.3,657.0,658.2,99373.0,657277.228
2026-05-11 01:00:00,658.2,660.8,656.0,657.5,208986.0,1375966.199
2026-05-11 02:00:00,657.5,658.4,654.4,655.6,53633.0,351842.36
2026-05-11 03:00:00,655.6,655.7,650.5,652.0,105581.0,688405.712
2026-05-11 04:00:00,652.0,653.4,650.9,652.6,97175.0,634348.426
2026-05-11 05:00:00,652.6,654.2,651.8,653.2,97433.0,635822.656
2026-05-11 06:00:00,653.2,654.5,651.1,651.8,83337.0,543404.384
2026-05-11 07:00:00,651.8,651.9,650.4,651.0,66599.0,433598.662
2026-05-11 08:00:00,651.0,652.3,649.7,651.4,127682.0,831516.85
2026-05-11 09:00:00,651.4,653.6,651.2,653.1,63553.0,414624.871
2026-05-11 10:00:00,653.1,655.0,653.1,654.1,115010.0,752287.625
2026-05-11 11:00:00,654.1,656.2,653.4,656.0,40214.0,263481.249
2026-05-11 12:00:00,656.0,656.7,654.4,655.0,93488.0,613049.773
2026-05-11 13:00:00,655.0,656.9,651.5,655.0,294221.0,1923841.515
2026-05-11 14:00:00,655.0,656.7,652.2,656.6,374735.0,2449755.881
2026-05-11 15:00:00,656.6,661.8,656.1,661.8,183387.0,1208793.073
2026-05-11 16:00:00,661.8,663.7,660.3,662.1,245427.0,1625885.909
2026-05-11 17:00:00,662.1,663.5,659.8,662.9,548704.0,3629270.871
2026-05-11 18:00:00,662.9,663.9,661.8,661.8,89261.0,591769.126
2026-05-11 19:00:00,661.8,664.0,661.3,663.8,69083.0,457755.452
2026-05-11 20:00:00,663.8,664.2,661.3,662.9,78576.0,520729.592
2026-05-11 21:00:00,662.9,665.1,662.7,664.2,275154.0,1828852.802
2026-05-11 22:00:00,664.2,671.8,663.2,670.4,346218.0,2302928.237
2026-05-11 23:00:00,670.4,673.6,668.5,670.6,248606.0,1666325.84
2026-05-12 00:00:00,670.6,671.8,667.8,668.9,111663.0,747410.141
2026-05-12 01:00:00,668.9,670.0,659.6,663.7,130338.0,866346.845
2026-05-12 02:00:00,663.7,665.4,661.8,663.2,42107.0,279213.161
2026-05-12 03:00:00,663.2,664.0,661.5,662.1,38291.0,253874.106
2026-05-12 04:00:00,662.1,664.1,661.5,662.7,60180.0,399041.313
2026-05-12 05:00:00,662.7,664.5,662.7,663.1,89198.0,591937.889
2026-05-12 06:00:00,663.1,663.7,659.5,660.5,281893.0,1862594.952
2026-05-12 07:00:00,660.5,661.2,658.3,658.9,115169.0,759643.022
2026-05-12 08:00:00,658.9,660.7,657.9,659.9,109170.0,720247.998
2026-05-12 09:00:00,659.9,662.5,659.0,662.2,473253.0,3130287.099
2026-05-12 10:00:00,662.2,662.9,660.7,662.0,350439.0,2319569.649
2026-05-12 11:00:00,662.0,663.8,661.3,663.8,95241.0,631071.451
2026-05-12 12:00:00,663.8,665.3,661.7,662.1,193570.0,1285777.318
2026-05-12 13:00:00,662.1,663.4,656.7,657.5,470846.0,3106646.879
2026-05-12 14:00:00,657.5,659.1,653.0,654.4,746354.0,4894834.484
2026-05-12 15:00:00,654.4,656.6,651.0,652.8,454376.0,2968099.091
2026-05-12 16:00:00,652.8,654.5,651.0,652.3,163624.0,1068252.372
2026-05-12 17:00:00,652.3,657.2,652.3,657.0,120065.0,786569.812
2026-05-12 18:00:00,657.0,661.2,656.9,660.8,180335.0,1189357.987
2026-05-12 19:00:00,660.8,663.8,660.7,663.5,139115.0,921839.755
2026-05-12 20:00:00,663.5,666.1,663.5,665.7,180141.0,1197768.137
2026-05-12 21:00:00,665.7,667.7,664.9,665.6,126671.0,843790.479
2026-05-12 22:00:00,665.6,668.5,665.6,666.6,97949.0,653910.315
2026-05-12 23:00:00,666.6,667.0,664.5,665.2,172648.0,1148488.769
2026-05-13 00:00:00,665.2,668.5,664.8,667.9,382120.0,2546427.431
2026-05-13 01:00:00,667.9,680.5,667.2,678.7,566232.0,3828997.238
2026-05-13 02:00:00,678.7,681.2,678.1,680.6,182062.0,1237472.707
2026-05-13 03:00:00,680.6,683.4,680.1,681.4,173965.0,1186050.183
2026-05-13 04:00:00,681.4,682.6,677.0,680.3,143549.0,974569.243
2026-05-13 05:00:00,680.3,681.6,678.1,678.6,159476.0,1083344.242
2026-05-13 06:00:00,678.6,679.3,676.3,676.8,145824.0,988413.033
2026-05-13 07:00:00,676.8,679.4,676.3,679.4,241158.0,1634805.751
2026-05-13 08:00:00,679.4,683.2,678.8,683.2,259112.0,1763472.589
2026-05-13 09:00:00,683.2,686.2,682.1,685.4,290202.0,1986164.224
2026-05-13 10:00:00,685.4,685.7,680.7,680.8,172959.0,1181599.33
2026-05-13 11:00:00,680.8,681.3,677.8,678.7,268305.0,1821141.17
2026-05-13 12:00:00,678.7,680.6,669.3,673.0,380379.0,2563353.202
2026-05-13 13:00:00,673.0,675.2,667.5,668.0,432585.0,2903554.013
2026-05-13 14:00:00,668.0,673.6,665.7,672.4,246514.0,1653776.377
2026-05-13 15:00:00,672.4,674.2,664.2,664.5,579964.0,3871184.532
2026-05-13 16:00:00,664.5,670.6,664.5,670.4,311072.0,2078689.585
2026-05-13 17:00:00,670.4,671.7,669.3,671.0,128911.0,864512.881
2026-05-13 18:00:00,671.0,675.0,671.0,671.9,199618.0,1343561.559
2026-05-13 19:00:00,671.9,672.3,669.4,671.6,78829.0,528490.827
2026-05-13 20:00:00,671.6,672.8,671.0,672.7,49646.0,333557.375
2026-05-13 21:00:00,672.7,672.8,669.4,669.4,82063.0,550037.76
2026-05-13 22:00:00,669.4,672.6,668.3,672.3,39431.0,264292.199
2026-05-13 23:00:00,672.3,674.1,671.4,671.8,46481.0,312671.822
2026-05-14 00:00:00,671.8,677.7,671.8,675.6,158462.0,1070326.119
2026-05-14 01:00:00,675.6,676.6,674.3,675.8,47347.0,319739.671
2026-05-14 02:00:00,675.8,676.0,669.4,670.0,314655.0,2109856.375
2026-05-14 03:00:00,670.0,671.7,665.7,666.1,196381.0,1312036.982
2026-05-14 04:00:00,666.1,668.7,665.8,667.7,80044.0,534077.41
2026-05-14 05:00:00,667.7,671.8,667.3,670.1,131599.0,881333.36
2026-05-14 06:00:00,670.1,671.8,669.3,670.3,118470.0,794545.36
2026-05-14 07:00:00,670.3,672.4,668.4,669.3,85027.0,570800.652
2026-05-14 08:00:00,669.3,673.9,668.9,673.4,95454.0,641490.045
2026-05-14 09:00:00,673.4,673.8,669.8,671.0,171336.0,1149454.589
2026-05-14 10:00:00,671.0,673.8,670.8,673.6,106371.0,714721.419
2026-05-14 11:00:00,673.6,674.4,671.1,671.1,106004.0,713469.259
2026-05-14 12:00:00,671.1,678.7,670.9,678.5,143305.0,966442.664
2026-05-14 13:00:00,678.5,678.8,674.1,674.8,87935.0,594916.687
2026-05-14 14:00:00,674.8,680.7,674.3,678.4,415399.0,2815982.54
2026-05-14 15:00:00,678.4,680.9,676.7,680.2,216184.0,1468750.685
2026-05-14 16:00:00,680.2,683.0,678.7,682.7,436693.0,2973433.179
2026-05-14 17:00:00,682.7,688.1,681.2,682.4,713943.0,4883764.894
2026-05-14 18:00:00,682.4,685.5,680.8,683.1,129859.0,886989.649
2026-05-14 19:00:00,683.1,683.6,679.8,680.8,74946.0,510796.445
2026-05-14 20:00:00,680.8,681.0,678.5,681.0,122451.0,832260.049
2026-05-14 21:00:00,681.0,681.9,679.7,681.6,66088.0,450074.685
2026-05-14 22:00:00,681.6,682.4,680.8,681.2,115718.0,788753.064
2026-05-14 23:00:00,681.2,681.2,677.5,678.7,192635.0,1306474.014
2026-05-15 00:00:00,678.7,686.4,678.5,683.9,441021.0,3014818.094
2026-05-15 01:00:00,683.9,685.4,680.0,680.2,116299.0,793547.465
2026-05-15 02:00:00,680.2,681.1,677.6,680.1,118804.0,807386.851
2026-05-15 03:00:00,680.1,683.8,679.0,682.3,120942.0,824429.415
2026-05-15 04:00:00,682.3,682.3,678.5,678.5,71246.0,484556.646
2026-05-15 05:00:00,678.5,679.9,674.1,676.5,130303.0,882127.675
2026-05-15 06:00:00,676.5,683.8,676.0,683.4,119554.0,814144.099
2026-05-15 07:00:00,683.4,689.6,681.7,685.0,374101.0,2565357.073
2026-05-15 08:00:00,685.0,687.6,683.2,686.1,242601.0,1662886.775
2026-05-15 09:00:00,686.1,686.6,682.2,683.3,181922.0,1243993.923
2026-05-15 10:00:00,683.3,690.3,682.6,689.5,488261.0,3358123.094
2026-05-15 11:00:00,689.5,689.8,685.8,686.8,293031.0,2017515.053
2026-05-15 12:00:00,686.8,686.9,682.5,683.0,298796.0,2045580.064
2026-05-15 13:00:00,683.0,683.1,670.8,671.6,1002458.0,6778361.509
2026-05-15 14:00:00,671.6,677.1,670.1,676.6,618836.0,4179556.588
2026-05-15 15:00:00,676.6,676.8,668.6,671.9,624474.0,4189649.835
2026-05-15 16:00:00,671.9,675.5,671.3,674.9,467472.0,3145545.232
2026-05-15 17:00:00,674.9,677.1,674.7,675.6,171131.0,1157353.707
2026-05-15 18:00:00,675.6,676.8,673.4,674.6,92340.0,623344.118
2026-05-15 19:00:00,674.6,675.6,672.1,674.4,637095.0,4289431.289
2026-05-15 20:00:00,674.4,674.7,672.4,673.9,458114.0,3085358.361
2026-05-15 21:00:00,673.9,674.9,671.9,672.2,65559.0,441703.047
2026-05-15 22:00:00,672.2,673.9,672.0,673.8,23734.0,159689.043
2026-05-15 23:00:00,673.8,673.9,671.7,673.0,36766.0,247352.514
2026-05-16 00:00:00,673.0,675.2,672.2,672.6,25055.0,168807.53
2026-05-16 01:00:00,672.6,673.7,670.6,670.8,57844.0,388407.883
2026-05-16 02:00:00,670.8,671.2,667.4,668.8,108225.0,724569.374
2026-05-16 03:00:00,668.8,669.2,665.3,665.6,296535.0,1977516.004
2026-05-16 04:00:00,665.6,665.6,661.1,663.0,230233.0,1525995.515
2026-05-16 05:00:00,663.0,665.3,662.1,664.8,108696.0,722060.29
2026-05-16 06:00:00,664.8,665.3,659.9,660.8,177954.0,1179861.906
2026-05-16 07:00:00,660.8,661.6,656.6,660.5,336638.0,2219631.012
2026-05-16 08:00:00,660.5,662.2,660.0,662.1,111072.0,734502.328
2026-05-16 09:00:00,662.1,662.3,651.6,652.6,394200.0,2582033.084
2026-05-16 10:00:00,652.6,654.9,651.1,654.7,389012.0,2537230.589
2026-05-16 11:00:00,654.7,656.4,654.4,654.8,347905.0,2280971.478
2026-05-16 12:00:00,654.8,655.0,652.8,654.1,809739.0,5293360.197
2026-05-16 13:00:00,654.1,654.1,652.0,652.4,295658.0,1928885.782
2026-05-16 14:00:00,652.4,655.4,651.5,653.4,307636.0,2009521.114
2026-05-16 15:00:00,653.4,658.1,653.4,655.6,127180.0,833418.13
2026-05-16 16:00:00,655.6,657.2,655.4,657.2,179437.0,1177861.821
2026-05-16 17:00:00,657.2,657.7,655.4,656.2,77563.0,509344.262
2026-05-16 18:00:00,656.2,658.6,655.8,658.1,78221.0,513823.755
2026-05-16 19:00:00,658.1,658.2,656.1,656.5,33747.0,221833.484
2026-05-16 20:00:00,656.5,657.9,656.4,657.3,44686.0,293684.04
2026-05-16 21:00:00,657.3,657.9,656.5,657.8,24833.0,163205.485
2026-05-16 22:00:00,657.8,657.8,656.6,656.8,34684.0,227918.296
2026-05-16 23:00:00,656.8,657.4,656.3,656.5,13745.0,90296.144
2026-05-17 00:00:00,656.5,657.6,651.5,652.2,256049.0,1673503.549
2026-05-17 01:00:00,652.2,654.2,650.4,651.1,180121.0,1174635.363
2026-05-17 02:00:00,651.1,652.8,651.1,651.5,38154.0,248744.579
2026-05-17 03:00:00,651.5,654.1,651.5,653.0,40475.0,264221.461
2026-05-17 04:00:00,653.0,655.3,652.7,655.0,26017.0,170264.157
2026-05-17 05:00:00,655.0,656.7,655.0,655.4,71063.0,466179.373
2026-05-17 06:00:00,655.4,656.5,654.8,655.7,82779.0,542450.853
2026-05-17 07:00:00,655.7,656.3,654.7,655.5,32715.0,214479.837
2026-05-17 08:00:00,655.5,655.7,654.2,654.4,66583.0,435947.429
2026-05-17 09:00:00,654.4,654.9,650.8,653.6,170346.0,1111892.516
2026-05-17 10:00:00,653.6,655.8,653.6,655.2,77665.0,508645.087
2026-05-17 11:00:00,655.2,655.8,654.0,655.4,50179.0,328702.643
2026-05-17 12:00:00,655.4,657.8,655.0,656.9,125354.0,823378.239
2026-05-17 13:00:00,656.9,656.9,653.3,653.9,123736.0,809985.228
2026-05-17 14:00:00,653.9,654.1,651.0,652.6,192797.0,1257780.41
2026-05-17 15:00:00,652.6,653.3,651.4,652.6,94427.0,616105.697
2026-05-17 16:00:00,652.6,653.9,651.8,652.0,104898.0,684475.814
2026-05-17 17:00:00,652.0,652.3,650.4,652.0,124136.0,808237.25
2026-05-17 18:00:00,652.0,653.7,651.3,653.7,56642.0,369667.009
2026-05-17 19:00:00,653.7,656.6,653.7,656.3,94535.0,619310.448
2026-05-17 20:00:00,656.3,656.5,654.2,655.0,95729.0,627083.343
2026-05-17 21:00:00,655.0,657.9,654.5,657.4,72996.0,479235.069
2026-05-17 22:00:00,657.4,657.4,653.4,654.0,198466.0,1299904.961
2026-05-17 23:00:00,654.0,654.2,640.1,649.8,405817.0,2626370.821
2026-05-18 00:00:00,649.8,649.8,645.2,646.7,151334.0,979061.733
2026-05-18 01:00:00,646.7,647.0,642.6,646.5,87014.0,560752.114
2026-05-18 02:00:00,646.5,648.6,644.5,645.0,85707.0,553755.397
2026-05-18 03:00:00,645.0,646.2,643.5,643.9,31940.0,205768.478
2026-05-18 04:00:00,643.9,644.9,641.3,644.2,105525.0,678364.985
2026-05-18 05:00:00,644.2,644.7,642.0,642.2,21570.0,138739.196
2026-05-18 06:00:00,642.2,642.8,637.9,641.0,240049.0,1536437.04
2026-05-18 07:00:00,641.0,642.7,639.2,642.3,133002.0,853696.674
2026-05-18 08:00:00,642.3,642.5,639.1,640.6,364917.0,2338967.823
2026-05-18 09:00:00,640.6,640.9,639.2,639.6,30289.0,193902.64
2026-05-18 10:00:00,639.6,639.8,637.7,638.7,93661.0,598127.621
2026-05-18 11:00:00,638.7,643.8,637.9,642.0,227464.0,1458512.179
2026-05-18 12:00:00,642.0,645.7,642.0,643.8,334486.0,2152666.996
2026-05-18 13:00:00,643.8,643.8,638.1,640.4,630191.0,4040387.423
2026-05-18 14:00:00,640.4,640.4,635.5,637.2,418981.0,2670597.172
2026-05-18 15:00:00,637.2,637.9,634.6,637.2,154591.0,983385.405
2026-05-18 16:00:00,637.2,640.5,636.1,639.6,85914.0,548342.126
2026-05-18 17:00:00,639.6,641.3,638.7,640.6,260809.0,1668135.481
2026-05-18 18:00:00,640.6,640.7,636.7,638.0,217240.0,1387354.115
2026-05-18 19:00:00,638.0,645.2,637.7,645.0,183423.0,1177693.405
2026-05-18 20:00:00,645.0,645.9,642.4,643.0,111321.0,717464.264
2026-05-18 21:00:00,643.0,646.4,642.1,645.9,54662.0,352302.307
2026-05-18 22:00:00,645.9,646.8,644.2,645.3,43904.0,283465.502
2026-05-18 23:00:00,645.3,646.3,643.4,643.8,103544.0,667946.68
2026-05-19 00:00:00,643.8,647.3,643.6,646.0,60495.0,390590.167
2026-05-19 01:00:00,646.0,646.1,643.3,643.3,16224.0,104571.912
2026-05-19 02:00:00,643.3,644.8,641.3,642.2,29163.0,187472.206
2026-05-19 03:00:00,642.2,645.0,641.5,643.2,140224.0,902365.438
2026-05-19 04:00:00,643.2,645.0,642.1,643.6,53330.0,343252.52
2026-05-19 05:00:00,643.6,644.2,641.2,644.1,40498.0,260480.435
2026-05-19 06:00:00,644.1,645.7,643.3,644.8,54372.0,350370.973
2026-05-19 07:00:00,644.8,646.7,643.5,646.1,50015.0,322443.977
2026-05-19 08:00:00,646.1,646.2,642.3,642.8,85574.0,551024.369
2026-05-19 09:00:00,642.8,642.9,640.2,641.1,109078.0,699346.008
2026-05-19 10:00:00,641.1,641.3,638.5,640.4,182618.0,1168381.588
2026-05-19 11:00:00,640.4,641.2,638.8,640.1,55344.0,354324.628
2026-05-19 12:00:00,640.1,641.8,639.7,641.7,35161.0,225425.288
2026-05-19 13:00:00,641.7,642.5,639.1,640.6,262307.0,1679988.758
2026-05-19 14:00:00,640.6,641.7,636.6,638.5,206967.0,1321484.409
2026-05-19 15:00:00,638.5,640.8,638.2,639.0,78023.0,499118.001
2026-05-19 16:00:00,639.0,641.2,638.3,641.2,54594.0,349238.314
2026-05-19 17:00:00,641.2,641.8,639.9,641.1,69047.0,442773.197
2026-05-19 18:00:00,641.1,641.6,639.8,640.8,10328.0,66178.624
2026-05-19 19:00:00,640.8,642.2,639.8,640.4,20383.0,130586.265
2026-05-19 20:00:00,640.4,641.7,640.3,641.6,21834.0,139916.684
2026-05-19 21:00:00,641.6,642.1,640.6,640.7,14288.0,91679.399
2026-05-19 22:00:00,640.7,640.7,638.2,639.1,66655.0,426018.085
2026-05-19 23:00:00,639.1,641.8,638.7,640.3,22868.0,146477.995
2026-05-20 00:00:00,640.3,640.4,638.0,639.6,65834.0,420704.873
2026-05-20 01:00:00,639.6,641.2,638.2,640.7,22581.0,144479.247
2026-05-20 02:00:00,640.7,641.0,638.8,639.1,25369.0,162279.72
2026-05-20 03:00:00,639.1,641.0,638.5,640.6,28999.0,185665.877
2026-05-20 04:00:00,640.6,641.2,638.9,640.1,58639.0,375311.111
2026-05-20 05:00:00,640.1,644.0,640.1,642.9,393359.0,2524566.808
2026-05-20 06:00:00,642.9,644.3,642.1,644.1,54219.0,348656.443
2026-05-20 07:00:00,644.1,645.3,643.3,643.7,180312.0,1161959.345
2026-05-20 08:00:00,643.7,645.7,643.6,644.8,45283.0,291965.486
2026-05-20 09:00:00,644.8,645.5,644.1,644.8,80015.0,515836.254
2026-05-20 10:00:00,644.8,645.6,644.0,644.3,35741.0,230458.854
2026-05-20 11:00:00,644.3,644.5,642.6,643.6,108080.0,695184.051
2026-05-20 12:00:00,643.6,646.3,643.4,645.4,59171.0,381417.022
2026-05-20 13:00:00,645.4,645.6,642.2,643.5,178963.0,1151932.617
2026-05-20 14:00:00,643.5,649.8,641.7,648.5,294337.0,1901867.347
2026-05-20 15:00:00,648.5,650.3,647.2,649.1,228646.0,1483587.751
2026-05-20 16:00:00,649.1,650.1,646.4,649.1,136674.0,886100.127
2026-05-20 17:00:00,649.1,651.7,648.1,650.1,102895.0,669034.234
2026-05-20 18:00:00,650.1,650.5,648.9,649.3,79115.0,514113.765
2026-05-20 19:00:00,649.3,651.4,648.3,650.9,113055.0,734941.867
2026-05-20 20:00:00,650.9,651.9,649.0,651.7,49479.0,321873.874
2026-05-20 21:00:00,651.7,652.0,649.6,649.6,59291.0,386179.312
2026-05-20 22:00:00,649.6,649.7,647.4,648.9,30025.0,194726.868
2026-05-20 23:00:00,648.9,649.9,647.7,649.8,13510.0,87642.253
2026-05-21 00:00:00,649.8,654.2,649.6,653.8,76289.0,497552.733
2026-05-21 01:00:00,653.8,655.2,652.7,653.5,112247.0,733252.53
2026-05-21 02:00:00,653.5,655.8,652.6,654.5,49745.0,325725.105
2026-05-21 03:00:00,654.5,655.6,653.3,655.0,78751.0,515194.818
2026-05-21 04:00:00,655.0,655.6,653.7,654.6,27025.0,176885.722
2026-05-21 05:00:00,654.6,655.8,652.6,653.2,41615.0,271989.126
2026-05-21 06:00:00,653.2,653.3,650.7,651.9,54314.0,354131.585
2026-05-21 07:00:00,651.9,653.6,651.4,653.4,108130.0,705538.888
2026-05-21 08:00:00,653.4,656.6,653.3,655.3,287582.0,1884247.857
2026-05-21 09:00:00,655.3,655.9,653.4,653.8,61610.0,403344.447
2026-05-21 10:00:00,653.8,654.4,648.4,648.7,138686.0,901784.301
2026-05-21 11:00:00,648.7,650.0,647.6,648.1,83142.0,539118.217
2026-05-21 12:00:00,648.1,650.8,648.0,650.0,84448.0,548333.381
2026-05-21 13:00:00,650.0,651.1,646.7,649.9,301000.0,1952882.1
2026-05-21 14:00:00,649.9,651.7,648.1,649.4,174086.0,1131848.906
2026-05-21 15:00:00,649.4,653.6,649.2,652.8,100735.0,657117.826
2026-05-21 16:00:00,652.8,653.6,650.7,651.6,42929.0,280031.106
2026-05-21 17:00:00,651.6,660.1,651.4,658.2,226231.0,1485734.924
2026-05-21 18:00:00,658.2,659.9,655.1,656.2,76601.0,503942.678
2026-05-21 19:00:00,656.2,658.8,656.2,658.3,73208.0,481514.39
2026-05-21 20:00:00,658.3,658.9,657.4,657.9,65795.0,432775.213
2026-05-21 21:00:00,657.9,659.4,657.7,657.9,72759.0,479230.676
2026-05-21 22:00:00,657.9,658.4,656.5,657.3,58180.0,382774.589
2026-05-21 23:00:00,657.3,658.8,656.6,658.7,21341.0,140471.515
2026-05-22 00:00:00,658.7,659.4,657.4,657.5,54325.0,357736.052
2026-05-22 01:00:00,657.5,660.7,656.5,659.8,67449.0,444185.771
2026-05-22 02:00:00,659.8,661.3,659.0,660.8,56261.0,371357.658
2026-05-22 03:00:00,660.8,661.9,659.6,660.0,37825.0,249878.05
2026-05-22 04:00:00,660.0,660.9,658.7,659.6,73048.0,482053.588
2026-05-22 05:00:00,659.6,659.7,657.1,657.5,68426.0,450109.71
2026-05-22 06:00:00,657.5,658.2,656.3,656.5,83510.0,549140.259
2026-05-22 07:00:00,656.5,660.1,655.6,659.9,112176.0,737555.635
2026-05-22 08:00:00,659.9,661.3,659.5,659.5,94327.0,622766.7
2026-05-22 09:00:00,659.5,659.6,656.6,657.7,103722.0,682417.469
2026-05-22 10:00:00,657.7,657.7,655.2,656.4,107860.0,707968.086
2026-05-22 11:00:00,656.4,658.2,655.6,658.2,93620.0,615208.309
2026-05-22 12:00:00,658.2,661.0,658.2,660.9,149856.0,988705.11
2026-05-22 13:00:00,660.9,664.4,660.7,664.2,190341.0,1261697.146
2026-05-22 14:00:00,664.2,664.3,657.0,657.7,458423.0,3026501.356
2026-05-22 15:00:00,657.7,660.0,656.6,658.6,222668.0,1465954.435
2026-05-22 16:00:00,658.6,661.2,658.2,660.9,125730.0,829435.563
2026-05-22 17:00:00,660.9,662.0,659.6,660.1,82311.0,543919.709
2026-05-22 18:00:00,660.1,660.3,648.8,653.8,384267.0,2513716.178
2026-05-22 19:00:00,653.8,654.4,649.1,652.7,429487.0,2797761.974
2026-05-22 20:00:00,652.7,654.5,652.2,653.5,82999.0,542151.543
2026-05-22 21:00:00,653.5,654.5,652.7,653.6,78425.0,512662.569
2026-05-22 22:00:00,653.6,653.9,651.4,653.0,77781.0,507499.292
2026-05-22 23:00:00,653.0,653.7,649.0,650.8,112999.0,735657.781
2026-05-23 00:00:00,650.8,652.5,648.7,651.3,63479.0,412609.045
2026-05-23 01:00:00,651.3,652.7,650.0,650.8,131384.0,855433.168
2026-05-23 02:00:00,650.8,652.1,650.0,652.0,55607.0,361832.77
2026-05-23 03:00:00,652.0,653.5,650.5,652.7,55431.0,361420.341
2026-05-23 04:00:00,652.7,653.1,650.2,650.4,38272.0,249166.722
2026-05-23 05:00:00,650.4,650.6,648.7,649.3,41697.0,270894.419
2026-05-23 06:00:00,649.3,649.9,648.5,649.0,52917.0,343511.504
2026-05-23 07:00:00,649.0,649.3,635.6,636.9,383624.0,2458373.677
2026-05-23 08:00:00,636.9,640.8,636.1,640.6,406077.0,2588601.405
2026-05-23 09:00:00,640.6,640.9,638.8,638.9,59291.0,379495.366
2026-05-23 10:00:00,638.9,641.0,638.8,640.4,119563.0,765066.942
2026-05-23 11:00:00,640.4,641.4,640.1,640.5,95414.0,611514.265
2026-05-23 12:00:00,640.5,641.1,639.6,640.8,62159.0,398027.973
2026-05-23 13:00:00,640.8,643.7,640.7,643.3,124978.0,802950.293
2026-05-23 14:00:00,643.3,648.2,642.5,647.6,152298.0,983711.185
2026-05-23 15:00:00,647.6,649.2,646.7,647.8,111994.0,725748.525
2026-05-23 16:00:00,647.8,648.5,646.7,647.1,64319.0,416630.27
2026-05-23 17:00:00,647.1,649.8,647.1,649.5,60668.0,393796.412
2026-05-23 18:00:00,649.5,653.5,649.3,652.1,182015.0,1187116.753
2026-05-23 19:00:00,652.1,653.3,651.2,652.8,135261.0,882708.386
2026-05-23 20:00:00,652.8,661.8,652.1,661.8,169787.0,1115992.09
2026-05-23 21:00:00,661.8,664.4,655.4,658.0,522889.0,3444793.212
2026-05-23 22:00:00,658.0,658.9,654.7,657.0,174290.0,1144145.261
2026-05-23 23:00:00,657.0,657.8,656.4,656.6,40828.0,268267.365
2026-05-24 00:00:00,656.6,658.1,655.9,657.0,235093.0,1544895.254
2026-05-24 01:00:00,657.0,658.6,656.8,657.8,14864.0,97758.109
2026-05-24 02:00:00,657.8,659.0,656.5,658.3,31056.0,204404.367
2026-05-24 03:00:00,658.3,659.4,656.8,657.7,43446.0,285812.533
2026-05-24 04:00:00,657.7,658.5,656.7,656.8,26475.0,174010.175
2026-05-24 05:00:00,656.8,656.8,654.4,655.8,113227.0,742181.709
2026-05-24 06:00:00,655.8,658.3,655.2,657.8,100422.0,659986.661
2026-05-24 07:00:00,657.8,658.0,656.1,657.0,93935.0,616961.343
2026-05-24 08:00:00,657.0,659.4,656.5,659.0,84424.0,556125.062
2026-05-24 09:00:00,659.0,660.4,658.6,660.0,94799.0,625684.102
2026-05-24 10:00:00,660.0,662.8,659.2,661.2,121759.0,804803.722
2026-05-24 11:00:00,661.2,662.6,660.8,661.7,73136.0,483873.397
2026-05-24 12:00:00,661.7,661.8,659.0,660.5,122126.0,805869.433
2026-05-24 13:00:00,660.5,661.3,656.9,657.7,228422.0,1504622.956
2026-05-24 14:00:00,657.7,658.7,652.6,656.0,231198.0,1516934.391
2026-05-24 15:00:00,656.0,657.0,655.7,656.0,60550.0,397331.537
2026-05-24 16:00:00,656.0,658.3,655.6,657.2,195236.0,1282666.962
2026-05-24 17:00:00,657.2,658.0,656.6,656.6,60619.0,398452.647
2026-05-24 18:00:00,656.6,656.8,655.2,655.6,93336.0,612131.243
2026-05-24 19:00:00,655.6,656.8,655.5,656.5,70795.0,464549.457
2026-05-24 20:00:00,656.5,656.6,655.4,655.5,24933.0,163500.227
2026-05-24 21:00:00,655.5,656.4,650.0,650.6,160571.0,1047419.837
2026-05-24 22:00:00,650.6,656.5,650.6,655.0,73413.0,480669.983
2026-05-24 23:00:00,655.0,657.8,655.0,657.0,19944.0,130866.713
2026-05-25 00:00:00,657.0,660.0,657.0,659.3,41361.0,272525.184
2026-05-25 01:00:00,659.3,660.3,656.0,656.2,65513.0,431720.439
2026-05-25 02:00:00,656.2,660.3,656.2,657.4,34178.0,225134.471
2026-05-25 03:00:00,657.4,657.9,656.3,657.4,23249.0,152714.255
2026-05-25 04:00:00,657.4,660.3,656.8,659.8,50928.0,335402.2
2026-05-25 05:00:00,659.8,661.6,659.5,661.1,55679.0,367732.797
2026-05-25 06:00:00,661.1,662.3,659.6,661.2,119447.0,789302.533
2026-05-25 07:00:00,661.2,662.4,660.6,662.3,185912.0,1229761.32
2026-05-25 08:00:00,662.3,663.2,661.2,662.6,107128.0,709519.679
2026-05-25 09:00:00,662.6,663.6,661.5,662.0,62560.0,414478.826
2026-05-25 10:00:00,662.0,662.9,661.7,662.3,41823.0,276943.86
2026-05-25 11:00:00,662.3,662.9,661.3,662.6,58804.0,389472.163
2026-05-25 12:00:00,662.6,671.5,662.6,669.9,357042.0,2384560.329
2026-05-25 13:00:00,669.9,672.5,669.3,672.3,128738.0,864031.916
2026-05-25 14:00:00,672.3,673.6,670.9,671.7,156482.0,1051973.164
2026-05-25 15:00:00,671.7,672.1,667.1,668.2,367491.0,2459114.398
2026-05-25 16:00:00,668.2,668.6,666.8,667.4,105318.0,703112.039
2026-05-25 17:00:00,667.4,667.7,661.3,661.6,255945.0,1699836.107
2026-05-25 18:00:00,661.6,664.4,661.4,663.5,123750.0,819717.427
2026-05-25 19:00:00,663.5,663.5,661.4,662.7,104254.0,690946.788
2026-05-25 20:00:00,662.7,663.5,660.8,661.7,94968.0,628515.487
2026-05-25 21:00:00,661.7,662.8,661.7,662.3,41767.0,276498.39
2026-05-25 22:00:00,662.3,663.4,660.8,661.2,151367.0,1002328.073
2026-05-25 23:00:00,661.2,663.7,660.9,663.3,96394.0,638909.396
2026-05-26 00:00:00,663.3,664.2,657.5,659.9,149182.0,985649.271
2026-05-26 01:00:00,659.9,660.2,656.5,657.9,160503.0,1055825.944
2026-05-26 02:00:00,657.9,660.0,657.2,659.5,33720.0,222179.916
2026-05-26 03:00:00,659.5,659.8,657.5,658.5,80252.0,528610.795
2026-05-26 04:00:00,658.5,660.0,657.2,659.2,161175.0,1063014.632
2026-05-26 05:00:00,659.2,660.2,658.6,659.5,43679.0,288116.482
2026-05-26 06:00:00,659.5,660.0,657.9,658.5,54465.0,358954.892
2026-05-26 07:00:00,658.5,659.3,655.6,658.1,146477.0,962559.105
2026-05-26 08:00:00,658.1,658.5,656.7,657.4,68948.0,453434.728
2026-05-26 09:00:00,657.4,658.3,656.5,657.2,65245.0,428828.172
2026-05-26 10:00:00,657.2,665.0,656.8,663.2,266370.0,1761125.796
2026-05-26 11:00:00,663.2,664.2,662.0,662.8,63952.0,423947.008
2026-05-26 12:00:00,662.8,663.3,660.7,662.8,112495.0,744891.927
2026-05-26 13:00:00,662.8,665.5,661.2,663.7,118416.0,785448.42
2026-05-26 14:00:00,663.7,668.4,661.3,663.3,302866.0,2013577.319
2026-05-26 15:00:00,663.3,664.0,657.6,660.5,120310.0,794118.335
2026-05-26 16:00:00,660.5,661.5,658.1,660.1,135807.0,896517.057
2026-05-26 17:00:00,660.1,660.7,653.8,656.2,173288.0,1139210.902
2026-05-26 18:00:00,656.2,658.2,655.3,655.8,32447.0,213144.326
2026-05-26 19:00:00,655.8,658.2,655.2,657.6,23012.0,151207.314
2026-05-26 20:00:00,657.6,658.2,657.0,657.6,32345.0,212708.166
2026-05-26 21:00:00,657.6,657.9,655.4,656.9,49809.0,327223.304
2026-05-26 22:00:00,656.9,657.9,655.6,656.4,15993.0,105001.535
2026-05-26 23:00:00,656.4,658.3,656.4,656.7,8001.0,52596.398
2026-05-27 00:00:00,656.7,659.0,656.7,658.8,36343.0,239189.488
2026-05-27 01:00:00,658.8,659.4,657.2,657.5,39808.0,261918.817
2026-05-27 02:00:00,657.5,657.8,655.1,656.7,40429.0,265259.816
2026-05-27 03:00:00,656.7,657.3,654.5,654.8,44293.0,290435.044
2026-05-27 04:00:00,654.8,654.9,651.1,654.6,74448.0,486481.099
2026-05-27 05:00:00,654.6,655.0,653.4,653.9,36911.0,241569.586
2026-05-27 06:00:00,653.9,654.3,652.5,653.3,36388.0,237760.18
2026-05-27 07:00:00,653.3,654.0,651.9,653.7,31522.0,205803.279
2026-05-27 08:00:00,653.7,655.2,652.7,654.1,34607.0,226351.819
2026-05-27 09:00:00,654.1,655.0,653.2,654.3,28407.0,185811.32
2026-05-27 10:00:00,654.3,656.2,653.7,655.1,43991.0,288286.048
2026-05-27 11:00:00,655.1,656.1,654.1,654.2,49684.0,325390.615
2026-05-27 12:00:00,654.2,657.7,653.6,655.7,167433.0,1098032.986
2026-05-27 13:00:00,655.7,656.0,650.5,652.7,102378.0,668545.663
2026-05-27 14:00:00,652.7,654.9,651.9,654.7,70193.0,458675.307
2026-05-27 15:00:00,654.7,658.9,654.4,658.2,113995.0,749170.191
2026-05-27 16:00:00,658.2,660.4,655.2,656.5,131373.0,863477.669
2026-05-27 17:00:00,656.5,656.5,650.7,651.4,136973.0,894306.961
2026-05-27 18:00:00,651.4,654.3,650.7,654.1,84677.0,552852.797
2026-05-27 19:00:00,654.1,654.7,653.3,653.8,40155.0,262591.156
2026-05-27 20:00:00,653.8,655.5,653.5,654.4,67404.0,441136.625
2026-05-27 21:00:00,654.4,654.7,647.1,649.0,199709.0,1297552.389
2026-05-27 22:00:00,649.0,650.5,647.3,647.3,69880.0,453841.282
2026-05-27 23:00:00,647.3,649.8,646.9,649.2,44559.0,288837.976
2026-05-28 00:00:00,649.2,649.4,647.3,649.3,38165.0,247542.351
2026-05-28 01:00:00,649.3,649.8,645.7,646.9,53303.0,345023.89
2026-05-28 02:00:00,646.9,647.3,644.5,645.2,22012.0,142044.326
2026-05-28 03:00:00,645.2,645.9,637.0,638.0,246584.0,1578682.775
2026-05-28 04:00:00,638.0,638.1,633.3,636.9,156362.0,994043.799
2026-05-28 05:00:00,636.9,636.9,633.4,634.9,32018.0,203279.195
2026-05-28 06:00:00,634.9,635.6,631.5,634.3,76706.0,485578.902
2026-05-28 07:00:00,634.3,637.1,633.8,635.4,104680.0,665268.916
2026-05-28 08:00:00,635.4,636.0,634.1,635.3,107502.0,682878.92
2026-05-28 09:00:00,635.3,636.0,632.8,634.9,70208.0,445098.815
2026-05-28 10:00:00,634.9,635.9,633.4,633.9,44129.0,280110.342
2026-05-28 11:00:00,633.9,634.3,632.2,633.6,52328.0,331381.049
2026-05-28 12:00:00,633.6,633.9,630.4,633.7,161369.0,1019084.42
2026-05-28 13:00:00,633.7,634.1,629.3,631.7,116409.0,734982.952
2026-05-28 14:00:00,631.7,637.1,627.8,635.5,223869.0,1415987.448
2026-05-28 15:00:00,635.5,636.4,632.0,635.4,60140.0,381787.943
2026-05-28 16:00:00,635.4,641.2,634.1,640.8,164145.0,1047936.709
2026-05-28 17:00:00,640.8,642.2,639.5,641.0,98067.0,628435.337
2026-05-28 18:00:00,641.0,643.2,640.8,642.4,79802.0,512390.762
2026-05-28 19:00:00,642.4,642.4,640.1,640.1,88604.0,567925.857
2026-05-28 20:00:00,640.1,642.2,638.8,641.6,51082.0,327362.221
2026-05-28 21:00:00,641.6,643.1,641.0,642.4,66356.0,426395.973
2026-05-28 22:00:00,642.4,643.1,638.9,639.4,69168.0,443168.805
2026-05-28 23:00:00,639.4,640.4,638.1,638.8,33527.0,214084.679
2026-05-29 00:00:00,638.8,640.1,638.8,639.0,21498.0,137480.507
2026-05-29 01:00:00,639.0,639.8,636.3,637.8,53920.0,343923.774
2026-05-29 02:00:00,637.8,638.5,635.1,635.9,1031899.0,6566660.967
2026-05-29 03:00:00,635.9,638.5,635.8,637.8,123975.0,790184.398
2026-05-29 04:00:00,637.8,638.9,636.5,638.6,18901.0,120526.019
2026-05-29 05:00:00,638.6,640.5,638.4,640.5,58922.0,376860.463
2026-05-29 06:00:00,640.5,641.4,639.0,639.9,127284.0,814557.43
2026-05-29 07:00:00,639.9,640.5,637.7,638.8,109303.0,698277.255
2026-05-29 08:00:00,638.8,640.1,638.4,638.5,27361.0,174947.776
2026-05-29 09:00:00,638.5,642.7,638.5,642.7,35915.0,230117.878
2026-05-29 10:00:00,642.7,643.0,640.8,641.1,78007.0,501045.556
2026-05-29 11:00:00,641.1,641.3,637.3,638.9,56698.0,362553.28
2026-05-29 12:00:00,638.9,639.0,637.0,637.9,65825.0,419934.213
2026-05-29 13:00:00,637.9,638.8,635.8,637.6,76060.0,484835.882
2026-05-29 14:00:00,637.6,639.0,632.4,636.6,212879.0,1351001.869
2026-05-29 15:00:00,636.6,644.6,636.0,641.3,112382.0,720817.906
2026-05-29 16:00:00,641.3,645.8,639.7,645.7,86590.0,556645.458
2026-05-29 17:00:00,645.7,646.5,643.7,644.0,75473.0,487189.834
2026-05-29 18:00:00,644.0,644.6,640.0,641.3,43659.0,280338.193
2026-05-29 19:00:00,641.3,644.7,641.1,642.9,32173.0,206957.026
2026-05-29 20:00:00,642.9,644.9,642.9,643.5,17495.0,112625.153
2026-05-29 21:00:00,643.5,645.7,642.1,642.3,242154.0,1559729.925
2026-05-29 22:00:00,642.3,644.4,642.1,643.7,42864.0,275757.621
2026-05-29 23:00:00,643.7,644.4,642.3,644.4,21106.0,135854.892
2026-05-30 00:00:00,644.4,648.4,643.7,648.0,34135.0,220673.445
2026-05-30 01:00:00,648.0,654.7,647.2,654.3,141612.0,921728.976
2026-05-30 02:00:00,654.3,659.4,653.2,658.7,135053.0,886444.901
2026-05-30 03:00:00,658.7,662.1,657.8,658.9,153403.0,1012936.273
2026-05-30 04:00:00,658.9,661.5,657.1,659.7,72278.0,476487.068
2026-05-30 05:00:00,659.7,667.5,659.1,667.2,199364.0,1323055.584
2026-05-30 06:00:00,667.2,669.8,665.4,668.4,266774.0,1780611.552
2026-05-30 07:00:00,668.4,676.5,667.8,673.3,710598.0,4781307.481
2026-05-30 08:00:00,673.3,675.5,670.0,673.3,412094.0,2772309.326
2026-05-30 09:00:00,673.3,678.6,671.1,675.8,391506.0,2637828.03
2026-05-30 10:00:00,675.8,677.1,675.2,676.7,103585.0,700247.068
2026-05-30 11:00:00,676.7,676.7,670.6,674.3,481989.0,3241642.362
2026-05-30 12:00:00,674.3,674.8,672.3,674.0,68494.0,461648.274
2026-05-30 13:00:00,674.0,676.3,671.6,676.0,209131.0,1410524.189
2026-05-30 14:00:00,676.0,688.3,675.5,686.9,847953.0,5800477.743
2026-05-30 15:00:00,686.9,697.3,685.4,695.1,713994.0,4933256.613
2026-05-30 16:00:00,695.1,711.6,695.0,709.2,1399211.0,9858016.99
2026-05-30 17:00:00,709.2,718.0,701.4,713.8,1437584.0,10194730.497
2026-05-30 18:00:00,713.8,717.1,708.6,716.9,491144.0,3497830.871
2026-05-30 19:00:00,716.9,725.0,712.7,721.7,1005245.0,7232880.685
2026-05-30 20:00:00,721.7,724.0,718.1,720.1,543227.0,3912604.545
2026-05-30 21:00:00,720.1,729.0,717.8,719.4,573866.0,4147474.568
2026-05-30 22:00:00,719.4,720.2,706.9,716.8,832655.0,5933328.553
2026-05-30 23:00:00,716.8,721.0,716.7,719.8,330416.0,2376120.361
2026-05-31 00:00:00,719.8,728.5,719.4,724.0,488771.0,3538924.628
2026-05-31 01:00:00,724.0,730.5,723.1,728.9,396877.0,2886475.056
2026-05-31 02:00:00,728.9,744.5,727.8,741.3,629973.0,4644889.237
2026-05-31 03:00:00,741.3,747.9,736.3,741.2,688172.0,5103864.976
2026-05-31 04:00:00,741.2,743.5,733.0,735.8,450364.0,3323906.143
2026-05-31 05:00:00,735.8,742.6,734.0,738.7,444912.0,3290696.375
2026-05-31 06:00:00,738.7,738.8,734.0,737.6,523797.0,3856881.316
2026-05-31 07:00:00,737.6,737.7,718.0,721.2,850523.0,6179302.803
2026-05-31 08:00:00,721.2,727.1,720.3,724.5,483125.0,3497729.157
2026-05-31 09:00:00,724.5,726.6,719.1,721.2,539646.0,3904902.506
2026-05-31 10:00:00,721.2,725.7,720.1,722.4,233317.0,1687991.183
2026-05-31 11:00:00,722.4,725.6,721.2,724.0,205189.0,1484941.086
2026-05-31 12:00:00,724.0,727.5,722.1,726.2,383629.0,2780372.612
2026-05-31 13:00:00,726.2,734.7,725.1,728.6,746222.0,5455231.564
2026-05-31 14:00:00,728.6,731.1,719.3,721.2,794621.0,5755745.9
2026-05-31 15:00:00,721.2,727.5,720.4,722.7,767745.0,5554169.844
2026-05-31 16:00:00,722.7,723.8,704.0,710.5,1315424.0,9361606.744
2026-05-31 17:00:00,710.5,719.0,710.5,715.4,303407.0,2171092.41
2026-05-31 18:00:00,715.4,715.4,710.0,711.0,215923.0,1538720.366
2026-05-31 19:00:00,711.0,712.1,708.4,710.1,139881.0,993568.475
2026-05-31 20:00:00,710.1,713.8,710.1,712.3,442385.0,3153204.727
2026-05-31 21:00:00,712.3,713.6,707.7,712.4,743293.0,5278148.494
2026-05-31 22:00:00,712.4,716.0,708.5,712.7,439843.0,3127130.474
2026-05-31 23:00:00,712.7,712.9,706.1,711.5,636444.0,4525126.354
2026-06-01 00:00:00,711.5,718.4,709.0,711.6,898270.0,6390407.026
2026-06-01 01:00:00,711.6,711.8,693.9,696.0,896097.0,6323109.82
2026-06-01 02:00:00,696.0,709.9,694.9,708.4,365980.0,2576550.528
2026-06-01 03:00:00,708.4,710.9,703.8,704.6,242892.0,1717927.768
2026-06-01 04:00:00,704.6,706.5,696.8,699.2,249970.0,1749222.847
2026-06-01 05:00:00,699.2,699.7,695.2,696.8,215052.0,1499484.566
2026-06-01 06:00:00,696.8,697.3,692.4,694.6,294234.0,2045202.244
2026-06-01 07:00:00,694.6,695.6,685.8,687.4,425273.0,2935419.946
2026-06-01 08:00:00,687.4,691.5,686.5,691.2,197390.0,1361060.921
2026-06-01 09:00:00,691.2,732.3,690.5,712.6,1198075.0,8568453.373
2026-06-01 10:00:00,712.6,716.4,696.8,703.7,949792.0,6696889.361
2026-06-01 11:00:00,703.7,710.0,696.8,699.0,316773.0,2230486.213
2026-06-01 12:00:00,699.0,700.4,687.4,694.4,354365.0,2458732.53
2026-06-01 13:00:00,694.4,695.0,681.0,688.3,436740.0,3009728.883
2026-06-01 14:00:00,688.3,688.3,676.2,680.3,576654.0,3931062.423
2026-06-01 15:00:00,680.3,687.5,678.9,678.9,370030.0,2527805.793
2026-06-01 16:00:00,678.9,688.2,675.7,686.6,336504.0,2297256.756
2026-06-01 17:00:00,686.6,690.6,685.8,689.6,326274.0,2242981.987
2026-06-01 18:00:00,689.6,697.9,688.2,692.9,573790.0,3978058.948
2026-06-01 19:00:00,692.9,698.4,692.2,697.5,631765.0,4393749.94
2026-06-01 20:00:00,697.5,703.5,695.6,696.9,815067.0,5698340.123
2026-06-01 21:00:00,696.9,696.9,689.2,690.1,345134.0,2389709.472
2026-06-01 22:00:00,690.1,695.5,688.6,694.5,239406.0,1658494.001
2026-06-01 23:00:00,694.5,697.0,693.5,694.3,102587.0,712624.366
2026-06-02 00:00:00,694.3,695.0,691.2,691.3,37164.0,257470.324
2026-06-02 01:00:00,691.3,693.5,685.2,685.5,102604.0,706749.747
2026-06-02 02:00:00,685.5,693.6,681.8,691.5,195097.0,1338899.792
2026-06-02 03:00:00,691.5,696.3,690.5,694.5,99729.0,692408.523
2026-06-02 04:00:00,694.5,694.7,686.2,687.3,132284.0,913179.865
2026-06-02 05:00:00,687.3,689.5,683.2,683.9,166409.0,1140981.404
2026-06-02 06:00:00,683.9,685.8,680.5,683.8,126827.0,866874.71
2026-06-02 07:00:00,683.8,686.9,681.1,682.4,80457.0,550284.659
2026-06-02 08:00:00,682.4,685.9,681.4,682.5,156250.0,1067701.808
2026-06-02 09:00:00,682.5,682.9,677.1,678.3,222557.0,1512525.051
2026-06-02 10:00:00,678.3,681.7,676.1,681.3,201154.0,1367345.014
2026-06-02 11:00:00,681.3,681.4,678.0,679.1,86707.0,589392.771
2026-06-02 12:00:00,679.1,681.2,675.7,677.2,172809.0,1171627.971
2026-06-02 13:00:00,677.2,678.2,672.6,675.6,274005.0,1851623.506
2026-06-02 14:00:00,675.6,678.6,667.4,674.4,369362.0,2484132.747
2026-06-02 15:00:00,674.4,674.5,658.5,664.0,509206.0,3389452.438
2026-06-02 16:00:00,664.0,672.4,661.3,664.6,213556.0,1427696.148
2026-06-02 17:00:00,664.6,668.0,664.1,667.0,95127.0,633494.696
2026-06-02 18:00:00,667.0,668.1,659.7,660.6,130391.0,866049.014
2026-06-02 19:00:00,660.6,662.7,652.1,660.6,246970.0,1624699.968
2026-06-02 20:00:00,660.6,663.4,656.5,662.0,149831.0,989170.78
2026-06-02 21:00:00,662.0,663.7,659.3,660.2,87883.0,581313.446
2026-06-02 22:00:00,660.2,660.2,642.7,648.5,376568.0,2449467.614
2026-06-02 23:00:00,648.5,652.3,645.8,651.0,159585.0,1035887.886
2026-06-03 00:00:00,651.0,657.6,650.9,654.9,59337.0,388479.696
2026-06-03 01:00:00,654.9,655.3,646.9,650.3,58649.0,381438.205
2026-06-03 02:00:00,650.3,650.8,644.2,645.0,48389.0,312630.332
2026-06-03 03:00:00,645.0,647.0,631.2,634.6,240832.0,1533217.411
2026-06-03 04:00:00,634.6,640.4,633.4,637.0,124203.0,791129.394
2026-06-03 05:00:00,637.0,646.9,636.3,646.5,124407.0,799436.335
2026-06-03 06:00:00,646.5,647.3,640.8,641.1,95779.0,617914.755
2026-06-03 07:00:00,641.1,645.7,640.6,644.7,56332.0,363011.056
2026-06-03 08:00:00,644.7,646.5,641.4,645.4,91868.0,591330.668
2026-06-03 09:00:00,645.4,646.8,639.2,642.4,160084.0,1029888.222
2026-06-03 10:00:00,642.4,646.8,641.3,642.2,93529.0,602306.691
2026-06-03 11:00:00,642.2,645.6,637.6,638.0,76453.0,490469.042
2026-06-03 12:00:00,638.0,638.0,634.0,636.3,149612.0,951538.736
2026-06-03 13:00:00,636.3,637.8,630.7,634.1,236692.0,1500869.324
2026-06-03 14:00:00,634.1,638.5,630.8,637.9,328302.0,2084611.352
2026-06-03 15:00:00,637.9,640.2,633.6,633.8,261353.0,1664166.659
2026-06-03 16:00:00,633.8,634.5,620.4,628.7,462012.0,2896883.928
2026-06-03 17:00:00,628.7,629.4,624.3,627.6,67251.0,421402.594
2026-06-03 18:00:00,627.6,629.6,625.7,628.7,55883.0,350989.649
2026-06-03 19:00:00,628.7,629.5,622.2,623.6,132563.0,829675.5
2026-06-03 20:00:00,623.6,626.4,617.0,620.4,146880.0,913152.582
2026-06-03 21:00:00,620.4,630.4,619.4,630.1,211601.0,1327206.252
2026-06-03 22:00:00,630.1,630.8,626.3,627.7,188226.0,1183182.132
2026-06-03 23:00:00,627.7,628.1,620.8,621.0,80851.0,503867.114
2026-06-04 00:00:00,621.0,625.0,613.3,616.8,194610.0,1203981.278
2026-06-04 01:00:00,616.8,618.3,600.0,603.0,454796.0,2752278.175
2026-06-04 02:00:00,603.0,611.0,591.0,609.3,418097.0,2526990.296
2026-06-04 03:00:00,609.3,622.0,609.3,619.8,218803.0,1348763.798
2026-06-04 04:00:00,619.8,622.0,614.5,615.2,104572.0,644844.386
2026-06-04 05:00:00,615.2,615.2,601.5,605.2,289769.0,1757829.825
2026-06-04 06:00:00,605.2,612.1,604.8,606.4,82388.0,501286.712
2026-06-04 07:00:00,606.4,606.7,600.4,601.1,71533.0,431275.425
2026-06-04 08:00:00,601.1,604.6,597.3,603.4,125802.0,755637.103
2026-06-04 09:00:00,603.4,603.4,592.1,598.8,180107.0,1074579.741
2026-06-04 10:00:00,598.8,598.9,588.7,591.2,250089.0,1483860.487
2026-06-04 11:00:00,591.2,596.5,589.8,596.0,413556.0,2448739.771
2026-06-04 12:00:00,596.0,605.8,594.8,604.5,202576.0,1219844.033
2026-06-04 13:00:00,604.5,606.9,598.2,605.8,160916.0,970589.784
2026-06-04 14:00:00,605.8,607.5,603.2,605.9,131633.0,796301.954
2026-06-04 15:00:00,605.9,610.4,604.8,607.4,109464.0,664312.38
2026-06-04 16:00:00,607.4,608.3,604.1,604.9,70031.0,424864.301
2026-06-04 17:00:00,604.9,606.3,600.3,605.5,120703.0,728694.386
2026-06-04 18:00:00,605.5,611.5,603.7,610.3,166404.0,1012128.347
2026-06-04 19:00:00,610.3,611.0,606.2,607.5,63953.0,389027.873
2026-06-04 20:00:00,607.5,607.6,603.8,606.2,164406.0,994396.675
2026-06-04 21:00:00,606.2,608.1,598.7,599.8,280393.0,1697372.772
2026-06-04 22:00:00,599.8,604.3,598.7,603.9,136851.0,822414.986
2026-06-04 23:00:00,603.9,606.3,600.1,605.7,57296.0,345909.116
2026-06-05 00:00:00,605.7,609.0,602.4,602.9,139833.0,847306.41
2026-06-05 01:00:00,602.9,603.7,596.7,603.6,68028.0,408487.026
2026-06-05 02:00:00,603.6,603.8,595.8,596.7,39146.0,234574.974
2026-06-05 03:00:00,596.7,598.8,592.2,596.5,99273.0,591393.836
2026-06-05 04:00:00,596.5,603.6,594.4,602.9,83811.0,501532.166
2026-06-05 05:00:00,602.9,604.0,584.6,585.6,234070.0,1384423.198
2026-06-05 06:00:00,585.6,586.3,571.7,581.4,367870.0,2129706.122
2026-06-05 07:00:00,581.4,594.0,575.4,593.9,121171.0,708870.166
2026-06-05 08:00:00,593.9,593.9,586.2,587.7,68624.0,404195.69
2026-06-05 09:00:00,587.7,597.5,587.6,596.7,89556.0,532092.349
2026-06-05 10:00:00,596.7,597.3,591.7,593.7,105542.0,626313.973
2026-06-05 11:00:00,593.7,596.2,590.3,591.3,113711.0,673265.502
2026-06-05 12:00:00,591.3,594.4,587.6,592.2,121617.0,719016.915
2026-06-05 13:00:00,592.2,597.4,581.3,582.0,192599.0,1139125.456
2026-06-05 14:00:00,582.0,590.7,580.8,583.8,324618.0,1905317.475
2026-06-05 15:00:00,583.8,585.1,575.4,579.7,310349.0,1803723.856
2026-06-05 16:00:00,579.7,584.3,568.5,578.8,467547.0,2691217.641
2026-06-05 17:00:00,578.8,580.7,573.7,576.7,109189.0,630320.712
2026-06-05 18:00:00,576.7,577.7,561.5,561.9,224054.0,1273770.4
2026-06-05 19:00:00,561.9,570.5,556.9,568.0,144940.0,815707.551
2026-06-05 20:00:00,568.0,578.7,564.0,578.4,70029.0,401971.606
2026-06-05 21:00:00,578.4,580.0,576.1,577.2,87392.0,505198.262
2026-06-05 22:00:00,577.2,578.6,572.8,577.6,59433.0,342756.028
2026-06-05 23:00:00,577.6,578.6,567.6,572.9,32368.0,185242.938
2026-06-06 00:00:00,572.9,578.5,572.6,577.2,59737.0,344797.931
2026-06-06 01:00:00,577.2,580.5,575.2,577.1,87916.0,508202.946
2026-06-06 02:00:00,577.1,579.8,574.6,577.2,95771.0,552606.449
2026-06-06 03:00:00,577.2,577.5,571.3,573.7,52601.0,301912.693
2026-06-06 04:00:00,573.7,576.0,560.3,566.0,182498.0,1032524.245
2026-06-06 05:00:00,566.0,577.5,561.2,576.7,68838.0,392862.262
2026-06-06 06:00:00,576.7,579.6,575.4,576.6,70881.0,409413.505
2026-06-06 07:00:00,576.6,582.2,576.4,579.3,60332.0,349570.317
2026-06-06 08:00:00,579.3,585.1,578.4,581.2,97606.0,568281.079
2026-06-06 09:00:00,581.2,583.1,575.2,577.2,63643.0,368454.258
2026-06-06 10:00:00,577.2,577.2,571.6,574.6,100207.0,575066.516
2026-06-06 11:00:00,574.6,577.5,574.1,574.5,33059.0,190388.779
2026-06-06 12:00:00,574.5,578.0,572.3,576.4,53257.0,306254.683
2026-06-06 13:00:00,576.4,577.9,574.1,575.2,47886.0,275916.322
2026-06-06 14:00:00,575.2,577.7,574.7,575.6,24373.0,140533.042
2026-06-06 15:00:00,575.6,577.5,571.8,576.4,41399.0,237762.641
2026-06-06 16:00:00,576.4,578.0,572.1,574.7,47473.0,272614.888
2026-06-06 17:00:00,574.7,577.2,573.3,575.5,549617.0,3165663.73
2026-06-06 18:00:00,575.5,577.8,574.9,575.9,43408.0,250012.014
2026-06-06 19:00:00,575.9,577.8,575.1,575.6,28000.0,161403.084
2026-06-06 20:00:00,575.6,577.4,574.5,576.6,22557.0,129930.218
2026-06-06 21:00:00,576.6,578.4,576.2,576.7,22577.0,130406.531
2026-06-06 22:00:00,576.7,576.7,571.6,573.7,621310.0,3567608.727
2026-06-06 23:00:00,573.7,576.4,573.1,575.3,32746.0,188357.62
2026-06-07 00:00:00,575.3,576.6,574.4,574.8,44946.0,258765.799
2026-06-07 01:00:00,574.8,582.7,574.1,580.9,603596.0,3488476.372
2026-06-07 02:00:00,580.9,582.5,578.0,580.1,45013.0,261134.913
2026-06-07 03:00:00,580.1,582.5,579.1,582.3,59617.0,346689.908
2026-06-07 04:00:00,582.3,584.3,579.0,583.9,68642.0,399631.687
2026-06-07 05:00:00,583.9,588.2,582.9,586.6,132026.0,773185.58
2026-06-07 06:00:00,586.6,590.3,585.0,589.6,218034.0,1283720.115
2026-06-07 07:00:00,589.6,591.1,588.5,590.9,116402.0,687090.814
2026-06-07 08:00:00,590.9,599.6,588.6,599.2,269765.0,1604627.628
2026-06-07 09:00:00,599.2,599.6,593.1,594.0,82042.0,489436.436
2026-06-07 10:00:00,594.0,595.1,591.0,593.8,226009.0,1340458.818
2026-06-07 11:00:00,593.8,596.6,593.2,594.3,127262.0,756950.089
2026-06-07 12:00:00,594.3,595.0,586.5,590.0,145287.0,858032.918
2026-06-07 13:00:00,590.0,590.8,588.3,590.2,44375.0,261515.073
2026-06-07 14:00:00,590.2,595.3,589.9,592.4,85046.0,503749.543
2026-06-07 15:00:00,592.4,594.0,590.0,592.5,46878.0,277436.084
2026-06-07 16:00:00,592.5,596.5,591.1,595.3,43617.0,259270.386
2026-06-07 17:00:00,595.3,599.4,594.7,597.9,617412.0,3691916.324
2026-06-07 18:00:00,597.9,599.8,596.6,596.7,80749.0,483120.57
2026-06-07 19:00:00,596.7,597.1,588.4,590.3,162155.0,959822.44
2026-06-07 20:00:00,590.3,596.3,589.4,595.9,105248.0,625891.712
2026-06-07 21:00:00,595.9,597.2,594.3,596.0,49614.0,295383.834
2026-06-07 22:00:00,596.0,611.6,594.8,604.9,312030.0,1884571.313
2026-06-07 23:00:00,604.9,607.7,604.6,606.1,23399.0,141782.719
2026-06-08 00:00:00,606.1,610.0,604.6,607.2,65600.0,398390.336
2026-06-08 01:00:00,607.2,607.4,600.8,605.5,33218.0,200376.518
2026-06-08 02:00:00,605.5,606.0,602.9,603.4,28745.0,173689.104
2026-06-08 03:00:00,603.4,606.0,602.6,604.8,15690.0,94755.89
2026-06-08 04:00:00,604.8,605.3,596.4,598.5,1105088.0,6615383.805
2026-06-08 05:00:00,598.5,599.3,592.8,596.4,577921.0,3434128.303
2026-06-08 06:00:00,596.4,598.7,596.3,597.4,64035.0,382634.965
2026-06-08 07:00:00,597.4,599.0,595.2,597.7,64811.0,387282.878
2026-06-08 08:00:00,597.7,597.7,594.7,596.5,50129.0,298880.579
2026-06-08 09:00:00,596.5,602.4,596.5,601.1,107532.0,645446.131
2026-06-08 10:00:00,601.1,601.4,598.1,599.5,43268.0,259653.65
2026-06-08 11:00:00,599.5,605.6,598.4,603.5,103753.0,625335.026
2026-06-08 12:00:00,603.5,604.9,599.0,604.4,125034.0,752114.667
2026-06-08 13:00:00,604.4,604.7,599.5,601.7,58047.0,349239.163
2026-06-08 14:00:00,601.7,604.9,600.8,604.6,43933.0,264847.579
2026-06-08 15:00:00,604.6,608.3,604.5,606.0,618133.0,3749750.315
2026-06-08 16:00:00,606.0,609.8,605.0,605.5,81453.0,495022.413
2026-06-08 17:00:00,605.5,609.9,604.1,609.7,79948.0,484865.581
2026-06-08 18:00:00,609.7,611.9,608.4,609.2,159022.0,970492.595
2026-06-08 19:00:00,609.2,610.3,608.0,609.0,55444.0,337846.164
2026-06-08 20:00:00,609.0,609.8,607.1,608.4,84867.0,516312.182
2026-06-08 21:00:00,608.4,612.3,608.4,609.4,67731.0,413611.628
2026-06-08 22:00:00,609.4,609.4,605.9,607.9,38341.0,232694.196
2026-06-08 23:00:00,607.9,609.0,602.7,603.4,56313.0,341012.002
2026-06-09 00:00:00,603.4,604.2,594.4,597.1,62068.0,370985.589
2026-06-09 01:00:00,597.1,600.7,596.2,599.3,31486.0,188465.572
2026-06-09 02:00:00,599.3,600.1,596.1,600.1,69216.0,414522.139
2026-06-09 03:00:00,600.1,601.7,599.1,601.0,19675.0,118147.358
2026-06-09 04:00:00,601.0,604.9,598.1,604.3,44629.0,268852.484
2026-06-09 05:00:00,604.3,607.5,602.7,605.4,46309.0,280466.445
2026-06-09 06:00:00,605.4,607.0,604.4,605.6,28710.0,173822.533
2026-06-09 07:00:00,605.6,606.7,603.1,605.7,62633.0,379035.184
2026-06-09 08:00:00,605.7,606.3,603.1,603.7,83664.0,505418.916
2026-06-09 09:00:00,603.7,605.1,601.1,601.7,26636.0,160456.2
2026-06-09 10:00:00,601.7,602.6,598.7,601.8,59922.0,360026.838
2026-06-09 11:00:00,601.8,601.9,597.7,598.4,56977.0,341368.662
2026-06-09 12:00:00,598.4,600.9,597.8,599.5,71541.0,429037.725
2026-06-09 13:00:00,599.5,600.4,595.2,596.3,63766.0,380576.0
2026-06-09 14:00:00,596.3,597.4,586.5,590.6,277579.0,1638660.981
2026-06-09 15:00:00,590.6,593.4,587.6,588.7,88260.0,521136.735
2026-06-09 16:00:00,588.7,591.1,585.6,590.3,186011.0,1094087.463
2026-06-09 17:00:00,590.3,595.2,590.0,593.3,170639.0,1012246.458
2026-06-09 18:00:00,593.3,597.1,593.0,596.0,73737.0,439218.724
2026-06-09 19:00:00,596.0,598.7,594.8,598.4,115424.0,689233.97
2026-06-09 20:00:00,598.4,600.4,597.7,598.7,123618.0,740395.238
2026-06-09 21:00:00,598.7,599.1,595.6,596.3,37195.0,222062.168
2026-06-09 22:00:00,596.3,597.8,594.1,594.6,22934.0,136744.673
2026-06-09 23:00:00,594.6,595.6,592.6,595.2,68759.0,408763.644
2026-06-10 00:00:00,595.2,596.7,591.8,595.1,24597.0,146306.141
2026-06-10 01:00:00,595.1,596.0,592.6,593.5,8458.0,50257.917
2026-06-10 02:00:00,593.5,594.4,587.9,588.7,46690.0,275440.989
2026-06-10 03:00:00,588.7,591.0,588.2,589.5,16003.0,94346.285
2026-06-10 04:00:00,589.5,590.1,585.9,587.0,23411.0,137652.142
2026-06-10 05:00:00,587.0,588.5,585.2,587.1,86413.0,507320.835
2026-06-10 06:00:00,587.1,588.5,585.7,587.7,23350.0,137070.592
2026-06-10 07:00:00,587.7,591.3,587.7,590.4,25496.0,150303.5
2026-06-10 08:00:00,590.4,590.4,585.4,586.4,89558.0,526585.877
2026-06-10 09:00:00,586.4,587.4,582.9,586.7,66637.0,389648.674
2026-06-10 10:00:00,586.7,588.0,584.9,586.4,25284.0,148317.839
2026-06-10 11:00:00,586.4,586.8,582.3,584.4,100386.0,586345.689
2026-06-10 12:00:00,584.4,592.5,583.8,590.5,125081.0,736622.767
2026-06-10 13:00:00,590.5,598.1,589.1,594.5,119495.0,709195.311
2026-06-10 14:00:00,594.5,595.9,591.9,594.5,64641.0,383707.01
2026-06-10 15:00:00,594.5,599.9,592.8,598.2,190119.0,1134423.721
2026-06-10 16:00:00,598.2,598.5,592.3,593.8,219362.0,1305189.805
2026-06-10 17:00:00,593.8,595.5,589.0,591.3,486846.0,2886551.768
2026-06-10 18:00:00,591.3,591.9,588.5,591.2,49480.0,292121.766
2026-06-10 19:00:00,591.2,592.0,588.7,589.3,51421.0,303218.183
2026-06-10 20:00:00,589.3,590.4,587.5,588.7,39031.0,229844.249
2026-06-10 21:00:00,588.7,588.7,583.7,584.8,152339.0,893108.271
2026-06-10 22:00:00,584.8,587.3,583.7,585.4,109157.0,638734.66
2026-06-10 23:00:00,585.4,588.6,584.1,588.1,17732.0,104023.078
2026-06-11 00:00:00,588.1,591.6,588.0,590.6,17499.0,103292.44
2026-06-11 01:00:00,590.6,595.5,590.5,594.4,221309.0,1314127.701
2026-06-11 02:00:00,594.4,594.5,591.0,593.8,155395.0,922041.931
2026-06-11 03:00:00,593.8,598.8,592.7,597.8,146775.0,871986.311
2026-06-11 04:00:00,597.8,597.8,595.3,596.6,78988.0,471052.437
2026-06-11 05:00:00,596.6,597.2,595.3,595.9,39781.0,237182.739
2026-06-11 06:00:00,595.9,599.0,595.6,597.8,81676.0,488800.882
2026-06-11 07:00:00,597.8,599.9,596.7,599.8,65623.0,392528.34
2026-06-11 08:00:00,599.8,605.3,599.7,603.0,212315.0,1280207.138
2026-06-11 09:00:00,603.0,603.1,600.3,602.3,78137.0,469986.101
2026-06-11 10:00:00,602.3,602.5,600.1,601.7,35258.0,212043.409
2026-06-11 11:00:00,601.7,604.0,600.2,602.4,30184.0,181801.946
2026-06-11 12:00:00,602.4,602.9,599.0,601.6,60706.0,364691.818
2026-06-11 13:00:00,601.6,604.5,599.9,603.3,140377.0,844792.38
2026-06-11 14:00:00,603.3,603.8,599.7,600.6,57107.0,343381.175
2026-06-11 15:00:00,600.6,601.8,599.0,600.2,56354.0,338144.846
2026-06-11 16:00:00,600.2,602.3,599.7,600.0,52363.0,314528.673
2026-06-11 17:00:00,600.0,607.6,597.4,607.2,234396.0,1414178.992
2026-06-11 18:00:00,607.2,608.9,604.7,606.4,74442.0,451714.867
2026-06-11 19:00:00,606.4,608.1,604.3,605.8,49333.0,298829.349
2026-06-11 20:00:00,605.8,605.9,602.2,603.9,100575.0,607757.208
2026-06-11 21:00:00,603.9,606.3,603.9,604.7,20548.0,124423.966
2026-06-11 22:00:00,604.7,606.8,604.5,605.4,169795.0,1028710.525
2026-06-11 23:00:00,605.4,608.1,604.2,607.1,23312.0,141467.729
2026-06-12 00:00:00,607.1,607.5,605.4,605.9,40063.0,242921.567
2026-06-12 01:00:00,605.9,606.0,603.0,603.7,9787.0,59167.444
2026-06-12 02:00:00,603.7,608.0,603.6,606.8,24190.0,146668.361
2026-06-12 03:00:00,606.8,606.8,604.1,604.1,4671.0,28251.499
2026-06-12 04:00:00,604.1,606.8,603.8,605.6,15544.0,94149.051
2026-06-12 05:00:00,605.6,605.7,602.2,602.5,36939.0,222774.066
2026-06-12 06:00:00,602.5,603.8,597.9,599.4,300819.0,1802479.076
2026-06-12 07:00:00,599.4,602.6,599.4,601.2,23973.0,144019.514
2026-06-12 08:00:00,601.2,607.3,601.0,606.6,117922.0,713837.143
2026-06-12 09:00:00,606.6,609.4,605.8,608.1,117737.0,716100.803
2026-06-12 10:00:00,608.1,609.1,605.7,607.2,203768.0,1237612.207
2026-06-12 11:00:00,607.2,609.9,607.2,608.0,35063.0,213447.203
2026-06-12 12:00:00,608.0,608.0,606.2,607.7,46565.0,282786.996
2026-06-12 13:00:00,607.7,608.6,604.5,606.5,48442.0,293538.238
2026-06-12 14:00:00,606.5,611.5,606.5,610.8,145720.0,887675.761
2026-06-12 15:00:00,610.8,614.7,606.2,606.6,126233.0,771213.878
2026-06-12 16:00:00,606.6,610.2,606.1,609.9,53571.0,326054.944
2026-06-12 17:00:00,609.9,610.7,607.2,608.3,17555.0,106842.585
2026-06-12 18:00:00,608.3,609.4,606.8,607.2,21776.0,132447.434
2026-06-12 19:00:00,607.2,607.9,603.8,604.7,73405.0,445134.871
2026-06-12 20:00:00,604.7,605.9,603.9,604.1,54689.0,330872.889
2026-06-12 21:00:00,604.1,605.7,603.4,604.5,53639.0,324397.759
2026-06-12 22:00:00,604.5,605.2,603.4,603.9,20028.0,120952.335
2026-06-12 23:00:00,603.9,605.1,603.1,604.9,16407.0,99100.914
2026-06-13 00:00:00,604.9,606.3,604.5,605.7,46191.0,279881.41
2026-06-13 01:00:00,605.7,606.1,604.0,605.8,494791.0,2991994.921
2026-06-13 02:00:00,605.8,605.9,603.0,603.4,64162.0,387799.144
2026-06-13 03:00:00,603.4,604.6,600.3,600.3,92197.0,555093.846
2026-06-13 04:00:00,600.3,601.3,599.5,599.6,33698.0,202237.959
2026-06-13 05:00:00,599.6,600.6,599.4,600.4,8781.0,52686.192
2026-06-13 06:00:00,600.4,603.3,600.3,602.9,76347.0,459856.619
2026-06-13 07:00:00,602.9,604.0,601.9,603.3,22350.0,134721.99
2026-06-13 08:00:00,603.3,604.8,602.8,604.2,43651.0,263688.834
2026-06-13 09:00:00,604.2,604.5,603.3,603.7,27726.0,167415.4
2026-06-13 10:00:00,603.7,605.9,603.7,605.0,35679.0,215849.498
2026-06-13 11:00:00,605.0,607.7,604.9,606.9,39772.0,241336.991
2026-06-13 12:00:00,606.9,609.3,606.3,609.1,47079.0,286199.388
2026-06-13 13:00:00,609.1,610.6,608.2,608.9,182112.0,1110154.838
2026-06-13 14:00:00,608.9,611.0,608.4,610.9,48496.0,295586.531
2026-06-13 15:00:00,610.9,611.8,609.8,610.9,79444.0,485222.944
2026-06-13 16:00:00,610.9,610.9,607.9,609.4,75663.0,460738.999
2026-06-13 17:00:00,609.4,609.5,606.9,607.3,54245.0,329889.739
2026-06-13 18:00:00,607.3,609.0,607.3,608.4,7679.0,46710.387
