timestamp,open,high,low,close,volume,turnover
2025-06-12 04:00:00,0.19079,0.19135,0.18904,0.1896,62377054.461563,11867317.065295536
2025-06-12 08:00:00,0.18955,0.19031,0.1864,0.18715,71237524.183311,13420532.91701868
2025-06-12 12:00:00,0.18716,0.18994,0.18549,0.18586,128199000.797027,24097054.841768775
2025-06-12 16:00:00,0.18586,0.19011,0.18376,0.18473,113918973.932342,21298200.74051377
2025-06-12 20:00:00,0.18472,0.18569,0.17991,0.18111,150102932.910419,27285017.68345676
2025-06-13 00:00:00,0.18112,0.18149,0.16981,0.1744,413266846.928186,71800220.98121122
2025-06-13 04:00:00,0.17439,0.17457,0.17151,0.1744,109461369.317324,18962663.332902674
2025-06-13 08:00:00,0.17439,0.17647,0.17317,0.17571,115044312.717395,20116243.09014664
2025-06-13 12:00:00,0.17571,0.1788,0.17375,0.17786,185718553.34756,32636353.87317032
2025-06-13 16:00:00,0.17786,0.17999,0.17558,0.17653,154615407.707495,27455346.460357808
2025-06-13 20:00:00,0.17656,0.18042,0.17611,0.18041,59476904.780804,10630090.522482663
2025-06-14 00:00:00,0.18042,0.18046,0.1766,0.17779,178820194.530295,31814616.489061497
2025-06-14 04:00:00,0.17779,0.17835,0.17553,0.17657,119984192.755699,21333911.11701128
2025-06-14 08:00:00,0.17657,0.17795,0.17593,0.17788,36560497.895283,6463132.60247138
2025-06-14 12:00:00,0.17787,0.17835,0.17569,0.17671,49454897.421374,8762892.660622973
2025-06-14 16:00:00,0.17671,0.17827,0.17456,0.1761,64189921.913825,11309671.013060523
2025-06-14 20:00:00,0.17612,0.17855,0.1752,0.17824,107257603.978422,18978519.26886272
2025-06-15 00:00:00,0.17826,0.17867,0.17733,0.17766,24890889.299483,4427531.722399069
2025-06-15 04:00:00,0.17766,0.17845,0.17526,0.17565,61432044.785524,10876555.430566985
2025-06-15 08:00:00,0.17565,0.17574,0.17361,0.17427,69210204.093188,12085564.75636648
2025-06-15 12:00:00,0.17427,0.17747,0.1739,0.17596,87914972.97694,15465100.200439876
2025-06-15 16:00:00,0.17599,0.17684,0.17249,0.17361,114823956.535009,20053222.843926545
2025-06-15 20:00:00,0.17365,0.17593,0.17139,0.17551,65454221.844135,11358218.356018336
2025-06-16 00:00:00,0.17551,0.17697,0.1728,0.17594,92991547.922708,16318081.339235973
2025-06-16 04:00:00,0.17594,0.17882,0.17591,0.17828,162452092.050376,28848938.625403963
2025-06-16 08:00:00,0.17829,0.17836,0.17535,0.17675,66360904.238885,11750225.960818404
2025-06-16 12:00:00,0.17675,0.17946,0.17628,0.17755,103390210.553031,18390019.848835945
2025-06-16 16:00:00,0.17759,0.18116,0.17725,0.17995,73735899.903744,13213532.166491996
2025-06-16 20:00:00,0.17995,0.18036,0.17214,0.17274,151004008.78957,26663609.03680788
2025-06-17 00:00:00,0.17274,0.17613,0.16853,0.17527,165463968.323765,28527044.24951197
2025-06-17 04:00:00,0.17527,0.1755,0.17308,0.17384,51992635.326934,9048313.133366643
2025-06-17 08:00:00,0.17384,0.1741,0.17054,0.17138,136394689.395754,23447426.63782944
2025-06-17 12:00:00,0.17137,0.17237,0.1665,0.16794,111255757.222494,18861110.422923107
2025-06-17 16:00:00,0.16794,0.17148,0.16392,0.17038,150190122.804721,25058049.466862183
2025-06-17 20:00:00,0.17034,0.17085,0.16835,0.16939,43231633.872342,7336030.010187939
2025-06-18 00:00:00,0.16938,0.17181,0.16912,0.17067,95065570.541673,16180854.529901044
2025-06-18 04:00:00,0.17065,0.1722,0.16995,0.1712,37804454.221721,6469693.27419536
2025-06-18 08:00:00,0.17119,0.1717,0.16622,0.1687,65326807.090041,11028006.208132727
2025-06-18 12:00:00,0.1687,0.1695,0.16406,0.16814,128906048.949628,21539672.928095654
2025-06-18 16:00:00,0.16814,0.16895,0.16524,0.167,77391353.005885,12940337.170458876
2025-06-18 20:00:00,0.16701,0.17155,0.16624,0.17065,48152942.510645,8190287.6877153935
2025-06-19 00:00:00,0.17066,0.17203,0.16937,0.17092,46599865.465617,7944058.114328563
2025-06-19 04:00:00,0.17093,0.17156,0.16991,0.17002,37697057.529101,6435945.243190612
2025-06-19 08:00:00,0.17002,0.17085,0.16853,0.16897,39477726.007485,6705115.702547215
2025-06-19 12:00:00,0.169,0.16997,0.16775,0.16829,45274727.010725,7639359.000511544
2025-06-19 16:00:00,0.1683,0.17093,0.16805,0.16981,35834896.251374,6078698.1605706
2025-06-19 20:00:00,0.16981,0.17175,0.1693,0.17091,44504432.918462,7587505.400834735
2025-06-20 00:00:00,0.17092,0.17152,0.16913,0.16929,27881900.004395,4745382.397882066
2025-06-20 04:00:00,0.16931,0.17062,0.16714,0.17054,55612273.965526,9387947.76174924
2025-06-20 08:00:00,0.17055,0.17137,0.16976,0.17075,49340038.184773,8419825.687185327
2025-06-20 12:00:00,0.17076,0.17196,0.16561,0.16602,112071925.021341,18897309.571193784
2025-06-20 16:00:00,0.16604,0.16618,0.1583,0.16281,255917551.24662,41324023.26439767
2025-06-20 20:00:00,0.16281,0.1643,0.16096,0.16234,29476023.19398,4793668.425708284
2025-06-21 00:00:00,0.16239,0.16383,0.16202,0.16338,23428358.5016,3821517.859846312
2025-06-21 04:00:00,0.16338,0.16351,0.16256,0.16281,20927727.224121,3411268.151794243
2025-06-21 08:00:00,0.16282,0.16435,0.1627,0.1633,26202265.039378,4286129.834382136
2025-06-21 12:00:00,0.1633,0.16346,0.15902,0.16023,88083062.247644,14171154.065887382
2025-06-21 16:00:00,0.16022,0.16097,0.15718,0.15739,50609222.810875,8047090.475481793
2025-06-21 20:00:00,0.15738,0.15898,0.1501,0.15449,183694519.084225,28227150.767006844
2025-06-22 00:00:00,0.15449,0.1577,0.15255,0.15464,144638912.138378,22407167.719076265
2025-06-22 04:00:00,0.15466,0.15729,0.15425,0.15626,59817482.737583,9351970.439758718
2025-06-22 08:00:00,0.15632,0.15716,0.15359,0.15559,63588681.880059,9875964.73183144
2025-06-22 12:00:00,0.15559,0.15635,0.14526,0.14623,385186694.940043,57320996.630687125
2025-06-22 16:00:00,0.14623,0.15054,0.1456,0.14742,168931049.016504,25037259.189685293
2025-06-22 20:00:00,0.14745,0.15181,0.14266,0.15129,197612788.246473,29130484.46776132
2025-06-23 00:00:00,0.15129,0.15308,0.15061,0.15216,92900973.207734,14122407.972251847
2025-06-23 04:00:00,0.15219,0.155,0.15189,0.15379,78943887.491264,12143715.432954146
2025-06-23 08:00:00,0.1538,0.15453,0.15118,0.15219,56906264.039136,8688958.101086307
2025-06-23 12:00:00,0.1522,0.15658,0.151,0.15244,181283185.782037,27939727.18429088
2025-06-23 16:00:00,0.15244,0.15786,0.14858,0.1572,180474606.201658,27707189.336565193
2025-06-23 20:00:00,0.1572,0.16523,0.15684,0.16376,190959815.082107,30980438.003616728
2025-06-24 00:00:00,0.16377,0.16444,0.16181,0.16293,75112915.420723,12235960.727643741
2025-06-24 04:00:00,0.16292,0.16764,0.16246,0.16313,145940728.949309,24069976.320427112
2025-06-24 08:00:00,0.16313,0.16534,0.16224,0.1636,75827700.866427,12398810.04620652
2025-06-24 12:00:00,0.16361,0.1648,0.16167,0.16356,94636568.474997,15453397.356585888
2025-06-24 16:00:00,0.16359,0.16653,0.16268,0.16368,92129696.837414,15163094.43259236
2025-06-24 20:00:00,0.16365,0.16578,0.1635,0.16573,27515631.396319,4534367.45539685
2025-06-25 00:00:00,0.16574,0.16704,0.16452,0.16535,58570938.285939,9722487.921831012
2025-06-25 04:00:00,0.16534,0.16747,0.16427,0.16632,47228883.18947,7832341.878247228
2025-06-25 08:00:00,0.16632,0.16656,0.1642,0.16559,50075452.323115,8280685.972696935
2025-06-25 12:00:00,0.1656,0.16768,0.16255,0.16297,91710518.560483,15143578.4206911
2025-06-25 16:00:00,0.16298,0.16655,0.16294,0.16601,44305452.285053,7315390.235643387
2025-06-25 20:00:00,0.166,0.1669,0.16351,0.16458,49604504.98519,8173300.920492717
2025-06-26 00:00:00,0.16462,0.1681,0.16394,0.16592,81804480.718992,13598966.984610261
2025-06-26 04:00:00,0.16596,0.16605,0.1639,0.16488,61512450.393991,10139791.069874143
2025-06-26 08:00:00,0.16487,0.16549,0.1611,0.1616,61594222.183546,10024492.909977144
2025-06-26 12:00:00,0.1616,0.16188,0.15789,0.16012,105135156.89438,16799186.337693345
2025-06-26 16:00:00,0.16009,0.16134,0.15918,0.16101,36113348.970422,5781397.881460605
2025-06-26 20:00:00,0.16098,0.16374,0.15915,0.16001,41673668.398305,6715823.05783321
2025-06-27 00:00:00,0.16002,0.16269,0.15803,0.16221,49415878.052032,7948497.72378781
2025-06-27 04:00:00,0.16218,0.16263,0.16047,0.16078,31949276.738131,5158467.666241248
2025-06-27 08:00:00,0.16079,0.16212,0.16018,0.16054,30478777.46583,4911186.31807706
2025-06-27 12:00:00,0.16054,0.16172,0.15824,0.1611,59873124.149034,9555429.93568356
2025-06-27 16:00:00,0.16111,0.16311,0.15703,0.15918,81723141.773136,13092416.539665792
2025-06-27 20:00:00,0.15916,0.16161,0.15893,0.16101,26448393.786843,4249499.9703301145
2025-06-28 00:00:00,0.16104,0.16242,0.16039,0.16204,24840502.776418,4010227.69953872
2025-06-28 04:00:00,0.16204,0.16338,0.16158,0.16323,25976858.85144,4215448.745054988
2025-06-28 08:00:00,0.16326,0.16344,0.16208,0.1622,32709858.067194,5324409.092004067
2025-06-28 12:00:00,0.1622,0.16325,0.16129,0.16292,31768905.041394,5149973.725438521
2025-06-28 16:00:00,0.16292,0.165,0.16245,0.16362,42052354.278955,6882328.734606737
2025-06-28 20:00:00,0.1636,0.16463,0.16312,0.16365,17027290.57549,2791454.3550675297
2025-06-29 00:00:00,0.16366,0.16431,0.1626,0.16271,21125448.257411,3450284.6893443093
2025-06-29 04:00:00,0.16272,0.1641,0.1626,0.16392,13815124.61893,2258209.9559747144
2025-06-29 08:00:00,0.16394,0.16516,0.16362,0.1646,38964689.377751,6407176.009047169
2025-06-29 12:00:00,0.16461,0.16512,0.16324,0.16339,32391531.00544,5320064.672608004
2025-06-29 16:00:00,0.16337,0.16487,0.16319,0.16415,17834753.531898,2927424.3493012767
2025-06-29 20:00:00,0.16415,0.17004,0.16327,0.16945,86692648.593723,14589535.542291004
2025-06-30 00:00:00,0.16945,0.16993,0.16671,0.16748,83240837.340802,14040473.472288404
2025-06-30 04:00:00,0.16749,0.168,0.16431,0.16583,62906036.196453,10462988.751722207
2025-06-30 08:00:00,0.16583,0.16608,0.16454,0.1648,29654930.024778,4898909.475516541
2025-06-30 12:00:00,0.1648,0.16584,0.16219,0.16495,100160544.823537,16428258.33472962
2025-06-30 16:00:00,0.16495,0.16787,0.1642,0.16755,58007652.111646,9606215.52678162
2025-06-30 20:00:00,0.16755,0.16793,0.16477,0.16515,36778811.565096,6101204.193386433
2025-07-01 00:00:00,0.16515,0.16632,0.16403,0.16494,27949009.308183,4616500.731145727
2025-07-01 04:00:00,0.16495,0.16495,0.16118,0.16256,50625890.620881,8238897.796127718
2025-07-01 08:00:00,0.16255,0.16255,0.16065,0.16084,42030599.223387,6781535.852031365
2025-07-01 12:00:00,0.16085,0.16116,0.15846,0.15936,72236204.86508,11531099.037712349
2025-07-01 16:00:00,0.15939,0.15992,0.15745,0.15797,40020264.070128,6352659.9162450405
2025-07-01 20:00:00,0.15798,0.15895,0.15667,0.15781,30831220.15453,4861962.267584546
2025-07-02 00:00:00,0.15781,0.15957,0.15652,0.15945,42281531.685982,6693367.406744631
2025-07-02 04:00:00,0.15946,0.16173,0.15914,0.16084,38700918.116962,6215834.468447047
2025-07-02 08:00:00,0.16083,0.16225,0.16082,0.16115,37765937.321385,6095384.5594413
2025-07-02 12:00:00,0.16116,0.16597,0.16004,0.16579,80687355.503922,13141643.455436107
2025-07-02 16:00:00,0.16579,0.17265,0.16574,0.17098,328778136.177872,56039147.809697
2025-07-02 20:00:00,0.17097,0.17233,0.16831,0.1687,72434877.479712,12374594.360199591
2025-07-03 00:00:00,0.1687,0.16992,0.16742,0.16862,58810814.725377,9923939.208622513
2025-07-03 04:00:00,0.16863,0.17509,0.16841,0.17451,134023954.461362,23188912.503281057
2025-07-03 08:00:00,0.1745,0.17538,0.17278,0.17365,80767802.959189,14060159.703524612
2025-07-03 12:00:00,0.17363,0.17516,0.16933,0.16963,181357828.4481,31300895.164119367
2025-07-03 16:00:00,0.16962,0.17222,0.16901,0.1718,59632908.518805,10181281.678388637
2025-07-03 20:00:00,0.17183,0.17282,0.1718,0.17199,21758821.41505,3748568.2490736567
2025-07-04 00:00:00,0.17199,0.17295,0.17016,0.17081,39364032.127111,6748809.114724491
2025-07-04 04:00:00,0.17084,0.17118,0.16641,0.16658,73699048.985297,12433604.303796109
2025-07-04 08:00:00,0.16659,0.1678,0.16486,0.16669,55980040.011764,9317992.121169886
2025-07-04 12:00:00,0.16668,0.16731,0.16264,0.16321,87802744.358638,14445799.008101493
2025-07-04 16:00:00,0.16318,0.16339,0.16127,0.162,142623476.919889,23148038.663383972
2025-07-04 20:00:00,0.162,0.16433,0.16179,0.16291,64941520.739878,10604945.22867318
2025-07-05 00:00:00,0.16291,0.16468,0.16195,0.16439,53596876.643283,8767293.131856462
2025-07-05 04:00:00,0.16439,0.16507,0.1633,0.16443,26402460.775292,4338788.511457213
2025-07-05 08:00:00,0.16444,0.16504,0.16319,0.16408,22824803.184989,3745185.329966977
2025-07-05 12:00:00,0.1641,0.16449,0.16286,0.16302,20033355.965943,3277261.2511708844
2025-07-05 16:00:00,0.16303,0.16372,0.16218,0.16341,26365413.390236,4295612.438695318
2025-07-05 20:00:00,0.16342,0.16472,0.16323,0.16421,13961839.571073,2292785.287155204
2025-07-06 00:00:00,0.16422,0.1645,0.16332,0.16378,22229826.172294,3644262.4502349687
2025-07-06 04:00:00,0.16379,0.1643,0.16311,0.16379,19055268.276539,3121850.561473308
2025-07-06 08:00:00,0.1638,0.16552,0.16312,0.16547,44597776.438953,7323832.936062168
2025-07-06 12:00:00,0.16548,0.17516,0.16502,0.17014,249596102.997153,42642019.35497474
2025-07-06 16:00:00,0.17016,0.17108,0.16741,0.16943,58976504.649357,10003556.517453916
2025-07-06 20:00:00,0.16944,0.17376,0.16943,0.17194,102008478.918926,17564420.72576213
2025-07-07 00:00:00,0.17194,0.1772,0.17013,0.17502,128710085.978277,22384796.22226602
2025-07-07 04:00:00,0.17502,0.17592,0.17177,0.17325,88790150.001047,15406535.771828128
2025-07-07 08:00:00,0.17323,0.17336,0.17045,0.17093,63954501.66116,10971908.651664833
2025-07-07 12:00:00,0.17093,0.171,0.1678,0.16857,146662162.925285,24857744.1925132
2025-07-07 16:00:00,0.16857,0.16914,0.16621,0.16795,98523047.661915,16525016.186855648
2025-07-07 20:00:00,0.16793,0.16812,0.16566,0.16794,47721853.655622,7962957.350142603
2025-07-08 00:00:00,0.16795,0.16878,0.16591,0.16794,78726887.318324,13168889.517925115
2025-07-08 04:00:00,0.16795,0.16899,0.1673,0.1688,40837833.726816,6861736.180498816
2025-07-08 08:00:00,0.16881,0.17193,0.168,0.17093,79221778.957848,13458416.27095568
2025-07-08 12:00:00,0.17094,0.1719,0.1683,0.16925,77525702.787183,13187621.028743025
2025-07-08 16:00:00,0.16926,0.17199,0.16857,0.1707,64715116.896778,11046457.07107013
2025-07-08 20:00:00,0.17068,0.17128,0.16987,0.17091,45270267.653928,7725355.309146009
2025-07-09 00:00:00,0.17092,0.17244,0.16993,0.17049,69300378.411115,11854433.106577553
2025-07-09 04:00:00,0.17047,0.17362,0.1702,0.17189,94877166.394862,16327189.732809981
2025-07-09 08:00:00,0.17191,0.17382,0.17112,0.17324,63443342.06128,10935283.318486808
2025-07-09 12:00:00,0.17326,0.17478,0.17123,0.17302,139026217.638832,24085167.008454677
2025-07-09 16:00:00,0.17304,0.17773,0.17225,0.17694,143712622.815328,25060069.271766447
2025-07-09 20:00:00,0.17695,0.18676,0.17522,0.18055,324626640.567774,58889490.40790239
2025-07-10 00:00:00,0.18055,0.18174,0.17873,0.18032,97816971.777318,17646049.362492014
2025-07-10 04:00:00,0.18031,0.18246,0.17941,0.18169,74021867.45765,13416705.492567124
2025-07-10 08:00:00,0.18169,0.18273,0.18045,0.18064,57557619.112505,10446904.690308092
2025-07-10 12:00:00,0.18064,0.18106,0.1789,0.1806,80534780.640706,14493400.7609641
2025-07-10 16:00:00,0.1806,0.18744,0.1802,0.18579,192799444.780214,35533735.09180875
2025-07-10 20:00:00,0.18576,0.19647,0.18575,0.19505,279475343.473824,53587715.81042804
2025-07-11 00:00:00,0.19509,0.19924,0.19118,0.19836,173172194.693238,33912363.79933177
2025-07-11 04:00:00,0.19831,0.20149,0.19503,0.19648,298952638.418676,59278648.44477948
2025-07-11 08:00:00,0.19649,0.20046,0.19647,0.19898,131705180.682416,26165835.879940186
2025-07-11 12:00:00,0.199,0.2094,0.1979,0.2012,400400600.406886,81418683.44810717
2025-07-11 16:00:00,0.20121,0.21366,0.19938,0.2117,384044577.925402,80103915.53813726
2025-07-11 20:00:00,0.21171,0.21172,0.19624,0.20103,255012864.741284,51580800.2000101
2025-07-12 00:00:00,0.20106,0.20655,0.19771,0.20397,131745406.514391,26684288.224426813
2025-07-12 04:00:00,0.20395,0.20478,0.20033,0.20125,107989914.148727,21802647.98840109
2025-07-12 08:00:00,0.20125,0.20287,0.19917,0.20054,109136415.22108,21957014.781784855
2025-07-12 12:00:00,0.20051,0.20078,0.19187,0.19316,216940817.126884,42461113.02664369
2025-07-12 16:00:00,0.19315,0.19828,0.19181,0.19746,72316522.980693,14162792.357037297
2025-07-12 20:00:00,0.19746,0.19788,0.19409,0.1974,44025431.676574,8636905.788755769
2025-07-13 00:00:00,0.19739,0.19942,0.19629,0.19849,78515868.601788,15535811.117693508
2025-07-13 04:00:00,0.1985,0.19994,0.19743,0.19939,55422689.427856,11012782.282334328
2025-07-13 08:00:00,0.19938,0.19939,0.19644,0.19891,48400790.872937,9576809.482636936
2025-07-13 12:00:00,0.19887,0.20409,0.19827,0.20009,201941182.549614,40616109.08520317
2025-07-13 16:00:00,0.2001,0.2034,0.19768,0.20124,81985222.442745,16434099.680073272
2025-07-13 20:00:00,0.20123,0.20195,0.19574,0.19852,81410926.886142,16138368.495262643
2025-07-14 00:00:00,0.19853,0.20649,0.19761,0.20456,134483562.902717,27161541.76857849
2025-07-14 04:00:00,0.2046,0.21083,0.20328,0.20765,210762871.984203,43679554.23513844
2025-07-14 08:00:00,0.20768,0.20925,0.20461,0.20563,194678527.000953,40258347.174990214
2025-07-14 12:00:00,0.20563,0.20705,0.19772,0.19924,207633770.447597,42012129.33114715
2025-07-14 16:00:00,0.19924,0.20161,0.19715,0.19837,96454565.661823,19241207.124160755
2025-07-14 20:00:00,0.19838,0.1986,0.19463,0.19752,77071655.481872,15175860.998349024
2025-07-15 00:00:00,0.19751,0.19845,0.18849,0.1904,225954031.799016,43479008.33984282
2025-07-15 04:00:00,0.19039,0.19255,0.18867,0.1907,91095758.409225,17411697.07242306
2025-07-15 08:00:00,0.19075,0.19278,0.1896,0.19202,70924931.471627,13586978.229487704
2025-07-15 12:00:00,0.19205,0.19572,0.18937,0.19269,183745706.452485,35413320.11837925
2025-07-15 16:00:00,0.19271,0.1985,0.19161,0.19192,124749671.368889,24344087.457299046
2025-07-15 20:00:00,0.19188,0.19933,0.19123,0.19918,100055460.744425,19644332.533990864
2025-07-16 00:00:00,0.19918,0.20226,0.19571,0.19699,122085257.3545,24288754.048804868
2025-07-16 04:00:00,0.197,0.19987,0.19553,0.19906,67749852.629223,13427654.639087457
2025-07-16 08:00:00,0.19905,0.20221,0.19834,0.20073,99976193.053563,20078904.537115797
2025-07-16 12:00:00,0.20076,0.20677,0.19929,0.20326,202358033.079244,41010516.815413326
2025-07-16 16:00:00,0.20326,0.21076,0.20233,0.20876,211521280.164552,43907097.84298926
2025-07-16 20:00:00,0.20876,0.22068,0.20849,0.21267,291226338.123841,62449036.94200765
2025-07-17 00:00:00,0.21268,0.21774,0.20662,0.20818,226490047.706739,48094864.54388319
2025-07-17 04:00:00,0.20817,0.214,0.20738,0.21206,155297118.347084,32788105.36450228
2025-07-17 08:00:00,0.21206,0.21729,0.21134,0.21579,142220774.227923,30554030.609950654
2025-07-17 12:00:00,0.21574,0.21862,0.20934,0.21384,229307717.125466,49051857.32026566
2025-07-17 16:00:00,0.21384,0.21579,0.20813,0.21142,156045645.930299,33107034.841275476
2025-07-17 20:00:00,0.21142,0.22233,0.20784,0.21826,239454828.682252,51816921.9974909
2025-07-18 00:00:00,0.21827,0.23788,0.21616,0.23636,414103337.593863,94937471.16974856
2025-07-18 04:00:00,0.23637,0.24905,0.23348,0.2389,427315737.872289,103328130.04116398
2025-07-18 08:00:00,0.2389,0.24253,0.23567,0.24,263452641.592559,63038270.39319394
2025-07-18 12:00:00,0.24001,0.25421,0.23426,0.23717,569715968.97753,139348823.21571445
2025-07-18 16:00:00,0.23718,0.24102,0.23133,0.23408,208515611.373848,49116313.64040969
2025-07-18 20:00:00,0.23409,0.23668,0.22705,0.23577,167898059.571653,39014965.73294563
2025-07-19 00:00:00,0.23579,0.252,0.23557,0.24929,280710184.488395,68223988.12612893
2025-07-19 04:00:00,0.24928,0.257,0.24884,0.25372,300516013.982891,76217338.42402299
2025-07-19 08:00:00,0.25372,0.25794,0.24416,0.2449,249213524.187222,62533753.509780414
2025-07-19 12:00:00,0.245,0.24759,0.239,0.24237,178810369.519762,43510954.58497221
2025-07-19 16:00:00,0.24239,0.24407,0.23959,0.24269,88565640.180502,21448686.81072489
2025-07-19 20:00:00,0.24268,0.24337,0.23732,0.24141,69452258.384485,16708718.19085078
2025-07-20 00:00:00,0.24142,0.25712,0.24,0.25516,306913455.576888,77111599.87892994
2025-07-20 04:00:00,0.25515,0.2577,0.24878,0.25141,174045852.329507,44000840.107690826
2025-07-20 08:00:00,0.25142,0.25578,0.25021,0.25158,119313010.02394,30130664.47592896
2025-07-20 12:00:00,0.25158,0.25528,0.25001,0.25409,176883843.755777,44692452.141107865
2025-07-20 16:00:00,0.25415,0.27824,0.25415,0.27369,599894825.040435,159496035.69602904
2025-07-20 20:00:00,0.27384,0.27743,0.26251,0.27371,330442271.18866,89556175.11289439
2025-07-21 00:00:00,0.27372,0.27792,0.26423,0.27131,271350492.791014,73236057.19944617
2025-07-21 04:00:00,0.27127,0.27862,0.26903,0.27358,213589603.348035,58453760.49062671
2025-07-21 08:00:00,0.27358,0.27943,0.26716,0.27112,267432649.070067,72774112.72177957
2025-07-21 12:00:00,0.27112,0.28608,0.26931,0.28216,394088917.894769,109363600.53316154
2025-07-21 16:00:00,0.28215,0.28761,0.26751,0.26879,516592790.345994,144302362.17091304
2025-07-21 20:00:00,0.26877,0.27381,0.2656,0.27146,145093812.681233,39195292.30464407
2025-07-22 00:00:00,0.27147,0.27496,0.26289,0.26605,311658539.029512,83712485.14521326
2025-07-22 04:00:00,0.26606,0.26958,0.25741,0.26654,269311830.920888,70742857.18394841
2025-07-22 08:00:00,0.26655,0.269,0.263,0.26713,160086063.509203,42609527.946281135
2025-07-22 12:00:00,0.26712,0.2689,0.25923,0.26649,226067126.041904,59819217.91330759
2025-07-22 16:00:00,0.26648,0.27027,0.258,0.25975,174869052.676983,46335081.42807813
2025-07-22 20:00:00,0.25973,0.27118,0.25922,0.27104,103148785.649055,27494058.167720962
2025-07-23 00:00:00,0.27103,0.27114,0.26347,0.26425,136700594.124391,36459917.20801367
2025-07-23 04:00:00,0.26423,0.267,0.2586,0.26012,122048695.392473,32039861.108057797
2025-07-23 08:00:00,0.26011,0.26163,0.25338,0.25589,199155995.680948,51212588.529585235
2025-07-23 12:00:00,0.25589,0.25623,0.24069,0.24968,476174308.049197,117895163.52467172
2025-07-23 16:00:00,0.24966,0.24966,0.23709,0.24221,259110869.679556,62725440.38951343
2025-07-23 20:00:00,0.2422,0.2441,0.23061,0.24075,269275239.175681,63948444.346808195
2025-07-24 00:00:00,0.24078,0.24666,0.23844,0.24299,163089210.176239,39740153.2795001
2025-07-24 04:00:00,0.243,0.24433,0.22168,0.23291,451734172.309032,104448867.377264
2025-07-24 08:00:00,0.2329,0.23979,0.2312,0.23865,214624968.072276,50544216.81613885
2025-07-24 12:00:00,0.23865,0.245,0.23262,0.24009,256531484.048276,61397120.66828073
2025-07-24 16:00:00,0.2401,0.24156,0.23374,0.2383,137776571.646389,32814372.528435487
2025-07-24 20:00:00,0.23825,0.24092,0.23109,0.23216,97258778.103727,22830937.731943212
2025-07-25 00:00:00,0.23217,0.23241,0.2223,0.22546,226321981.675293,51448872.52468489
2025-07-25 04:00:00,0.22546,0.22994,0.22271,0.22585,143357560.772487,32506176.318708338
2025-07-25 08:00:00,0.22586,0.23333,0.22528,0.23106,171408880.513654,39377111.55270332
2025-07-25 12:00:00,0.2311,0.23276,0.22085,0.2244,193021618.855557,43773564.16728261
2025-07-25 16:00:00,0.22441,0.22926,0.22216,0.22719,80777709.733263,18272148.28369128
2025-07-25 20:00:00,0.2272,0.23696,0.22703,0.23673,90676373.524213,21219288.122213516
2025-07-26 00:00:00,0.23673,0.23881,0.23293,0.23667,100776603.819218,23760089.33328372
2025-07-26 04:00:00,0.23663,0.2389,0.23652,0.23693,48681397.169497,11562928.071170364
2025-07-26 08:00:00,0.23694,0.24013,0.23573,0.23672,82920769.866349,19746753.631734
2025-07-26 12:00:00,0.23674,0.23992,0.23543,0.23872,76955059.737016,18293690.856574047
2025-07-26 16:00:00,0.23873,0.23989,0.23445,0.23905,74214374.098354,17595456.10266095
2025-07-26 20:00:00,0.23907,0.24029,0.23517,0.23546,34694642.962742,8237610.066669272
2025-07-27 00:00:00,0.23546,0.23999,0.23487,0.23921,50714175.505586,12060586.971342407
2025-07-27 04:00:00,0.23921,0.24333,0.23631,0.23701,111247627.360413,26726439.09394753
2025-07-27 08:00:00,0.23701,0.23948,0.23428,0.23654,99233275.076629,23509309.52613364
2025-07-27 12:00:00,0.23654,0.23917,0.23455,0.23677,89226594.512037,21111249.571350858
2025-07-27 16:00:00,0.23679,0.24188,0.23664,0.23959,131990960.30351,31611549.035853088
2025-07-27 20:00:00,0.23957,0.24376,0.23756,0.2407,85620927.802327,20645597.74567241
2025-07-28 00:00:00,0.24069,0.24562,0.23787,0.24474,140051471.8124,33971509.00677716
2025-07-28 04:00:00,0.24474,0.24862,0.24144,0.24335,117504641.176412,28834167.06744773
2025-07-28 08:00:00,0.24337,0.24414,0.2397,0.24159,84913371.763084,20514497.839763194
2025-07-28 12:00:00,0.24161,0.2429,0.23069,0.23225,194329208.171802,45801123.50992088
2025-07-28 16:00:00,0.23222,0.23393,0.22743,0.22961,133815905.691985,30835657.08752923
2025-07-28 20:00:00,0.22968,0.22994,0.22425,0.22617,84273673.793288,19106502.395871323
2025-07-29 00:00:00,0.22618,0.22852,0.22232,0.22702,146094026.860037,32946650.206597973
2025-07-29 04:00:00,0.227,0.23275,0.22571,0.23176,103931895.535573,23800924.98925721
2025-07-29 08:00:00,0.2318,0.23224,0.22529,0.22767,93974745.863279,21485583.657970265
2025-07-29 12:00:00,0.22767,0.23106,0.22061,0.22272,148200044.478758,33375009.60473988
2025-07-29 16:00:00,0.22271,0.22457,0.21738,0.22144,131303797.446926,29063460.92220991
2025-07-29 20:00:00,0.22143,0.22442,0.21936,0.22391,58629425.078528,13017933.285183903
2025-07-30 00:00:00,0.22391,0.22653,0.22109,0.22441,106578322.102908,23859725.93751916
2025-07-30 04:00:00,0.22441,0.22514,0.22125,0.22194,71851233.832332,16021767.906759974
2025-07-30 08:00:00,0.22193,0.22363,0.2148,0.21608,142837014.074718,31354492.1102264
2025-07-30 12:00:00,0.21607,0.22306,0.21429,0.2215,159828987.919964,34930816.27275087
2025-07-30 16:00:00,0.2215,0.22445,0.20871,0.21729,304955779.184825,66126555.12140928
2025-07-30 20:00:00,0.21727,0.22061,0.21543,0.21998,75391179.472942,16456131.26583918
2025-07-31 00:00:00,0.21998,0.22381,0.21901,0.22306,77287350.427251,17157887.62646628
2025-07-31 04:00:00,0.22307,0.22433,0.22207,0.22356,68115451.209571,15204907.827207506
2025-07-31 08:00:00,0.22356,0.22564,0.22144,0.22221,67543859.356553,15120570.98450973
2025-07-31 12:00:00,0.22224,0.22257,0.21469,0.21763,140707558.677285,30669144.750168514
2025-07-31 16:00:00,0.21763,0.22137,0.2128,0.2138,116794267.75658,25306181.551080126
2025-07-31 20:00:00,0.21379,0.21468,0.20814,0.20979,111854020.04547,23657113.914757304
2025-08-01 00:00:00,0.20977,0.2106,0.20328,0.20915,288050389.653934,59701633.84079285
2025-08-01 04:00:00,0.2091,0.2091,0.20388,0.206,149681859.300094,30844018.269230206
2025-08-01 08:00:00,0.20596,0.20761,0.20088,0.20755,125998859.34617,25739925.77175525
2025-08-01 12:00:00,0.2075,0.21025,0.20198,0.20961,191022293.49512,39570209.11892761
2025-08-01 16:00:00,0.2096,0.21251,0.20379,0.20845,133374991.636762,27710770.482946623
2025-08-01 20:00:00,0.2084,0.20885,0.19538,0.20097,201830090.498072,40506503.06967263
2025-08-02 00:00:00,0.20097,0.20299,0.20013,0.20228,100676552.630931,20325411.26971132
2025-08-02 04:00:00,0.20229,0.20348,0.19451,0.20014,136776748.467611,27058281.84979589
2025-08-02 08:00:00,0.20018,0.20103,0.19724,0.19975,64071921.005233,12765976.45860758
2025-08-02 12:00:00,0.19975,0.20013,0.19361,0.19458,137971850.420614,27080208.141961142
2025-08-02 16:00:00,0.19461,0.19735,0.1896,0.1924,182966249.718804,35338529.67290372
2025-08-02 20:00:00,0.19242,0.19473,0.18945,0.191,75655739.936522,14557375.617295109
2025-08-03 00:00:00,0.19104,0.1965,0.18866,0.19581,114834437.360534,22224810.521577705
2025-08-03 04:00:00,0.19582,0.19691,0.19499,0.19629,44766711.084703,8765211.281008443
2025-08-03 08:00:00,0.1963,0.19952,0.19557,0.1978,85630511.557495,16923854.560326908
2025-08-03 12:00:00,0.1978,0.19929,0.19666,0.19895,75600588.239551,14974499.303459313
2025-08-03 16:00:00,0.19893,0.20025,0.19784,0.19894,67212779.348515,13388774.675454777
2025-08-03 20:00:00,0.19897,0.20053,0.1979,0.19873,44460471.518876,8844550.104079578
2025-08-04 00:00:00,0.19876,0.20301,0.1985,0.20169,96287046.131325,19413092.836712603
2025-08-04 04:00:00,0.2017,0.2038,0.19958,0.20306,88209276.073781,17783776.596002273
2025-08-04 08:00:00,0.20308,0.20405,0.20028,0.20105,68661780.948726,13866937.50801786
2025-08-04 12:00:00,0.20105,0.2063,0.20044,0.20388,186544418.294738,38058151.5917321
2025-08-04 16:00:00,0.20387,0.2098,0.20387,0.20471,97227311.216472,20108738.5381718
2025-08-04 20:00:00,0.2047,0.21126,0.20436,0.21039,67907584.832138,14188371.506931154
2025-08-05 00:00:00,0.2104,0.21107,0.20611,0.2064,80338322.770145,16757392.617749006
2025-08-05 04:00:00,0.20642,0.20749,0.20151,0.20191,100015775.251501,20490585.54876026
2025-08-05 08:00:00,0.20189,0.20891,0.20126,0.20744,64740927.827639,13323221.455019226
2025-08-05 12:00:00,0.20745,0.20769,0.19728,0.19826,177466164.94711,35717927.68427982
2025-08-05 16:00:00,0.19823,0.20013,0.197,0.19786,58152949.98724,11561142.856600389
2025-08-05 20:00:00,0.19784,0.20035,0.196,0.19984,48424353.069297,9619309.12270696
2025-08-06 00:00:00,0.19986,0.19988,0.19602,0.1964,43879552.746729,8673874.920447981
2025-08-06 04:00:00,0.19641,0.2024,0.19559,0.20139,76428414.72543,15256092.74878242
2025-08-06 08:00:00,0.2014,0.20203,0.19875,0.20052,72230384.218938,14471006.988160225
2025-08-06 12:00:00,0.20051,0.2057,0.19857,0.20522,104352483.72151,21048062.97121031
2025-08-06 16:00:00,0.20521,0.20718,0.2032,0.20588,65503052.99265,13448303.380027344
2025-08-06 20:00:00,0.20587,0.2059,0.20441,0.20527,26854351.799612,5511208.5645135585
2025-08-07 00:00:00,0.20527,0.2066,0.20333,0.20391,42873737.879311,8773325.157056697
2025-08-07 04:00:00,0.20391,0.2066,0.20383,0.20577,31191557.985279,6411457.759287494
2025-08-07 08:00:00,0.20577,0.2149,0.2053,0.21423,155019462.430897,32706286.214463823
2025-08-07 12:00:00,0.21422,0.21606,0.21228,0.21433,127911707.777671,27371173.202127565
2025-08-07 16:00:00,0.21432,0.21838,0.21015,0.21728,91067251.52266,19473758.60311581
2025-08-07 20:00:00,0.21729,0.22314,0.21638,0.2223,134887432.899256,29710285.341970783
2025-08-08 00:00:00,0.2223,0.22488,0.2195,0.22288,280780057.026969,62265056.653725594
2025-08-08 04:00:00,0.22288,0.22512,0.2197,0.22451,109559438.443122,24336796.91017549
2025-08-08 08:00:00,0.22451,0.22688,0.22151,0.22361,95370355.318164,21348045.718264993
2025-08-08 12:00:00,0.22361,0.22944,0.21965,0.22128,211319271.616261,47359682.06057673
2025-08-08 16:00:00,0.22129,0.2299,0.22079,0.22919,175873177.788927,39732023.10340568
2025-08-08 20:00:00,0.22919,0.2325,0.22717,0.2304,107150794.03555,24693178.12188117
2025-08-09 00:00:00,0.2304,0.23381,0.2297,0.23022,94265170.211648,21790516.770555902
2025-08-09 04:00:00,0.23022,0.23675,0.22975,0.23576,165485941.213844,38783376.356211856
2025-08-09 08:00:00,0.23575,0.23876,0.2351,0.23775,123712120.397583,29333113.1158346
2025-08-09 12:00:00,0.23776,0.24455,0.23585,0.2408,277819210.544879,66776779.657875694
2025-08-09 16:00:00,0.24079,0.24675,0.23988,0.24297,212699861.282969,51851533.118622035
2025-08-09 20:00:00,0.24296,0.24511,0.23942,0.23991,122818703.993145,29702582.87255843
2025-08-10 00:00:00,0.23993,0.24349,0.23863,0.2426,152504727.42473,36794935.534945115
2025-08-10 04:00:00,0.24262,0.24346,0.23134,0.2324,238601464.988875,56402985.85607694
2025-08-10 08:00:00,0.23237,0.23451,0.22927,0.23095,142597282.055417,33076613.452466153
2025-08-10 12:00:00,0.23093,0.23486,0.2295,0.23257,140134519.477902,32534311.28776786
2025-08-10 16:00:00,0.23254,0.23555,0.23207,0.23497,66406706.202334,15543223.76554268
2025-08-10 20:00:00,0.23499,0.23518,0.23106,0.23389,66294494.012939,15460842.413624752
2025-08-11 00:00:00,0.23391,0.2418,0.23214,0.23936,155063845.287318,36851495.46483241
2025-08-11 04:00:00,0.23936,0.24141,0.2332,0.23338,87700706.94009,20848482.6372486
2025-08-11 08:00:00,0.23336,0.23673,0.22691,0.22832,137860390.478989,31926732.2492628
2025-08-11 12:00:00,0.22829,0.2316,0.22556,0.23154,182852068.464376,41792726.37743257
2025-08-11 16:00:00,0.23155,0.23381,0.22589,0.22752,84849321.406813,19561109.989648372
2025-08-11 20:00:00,0.22745,0.2279,0.22115,0.22207,104925669.723624,23463734.11162245
2025-08-12 00:00:00,0.22208,0.22751,0.22186,0.22453,93893140.412822,21135563.042782683
2025-08-12 04:00:00,0.22454,0.22647,0.22129,0.22516,75917348.378246,17018698.75868131
2025-08-12 08:00:00,0.22524,0.22561,0.2188,0.22153,118975596.905529,26359078.054589503
2025-08-12 12:00:00,0.22148,0.22995,0.22067,0.2296,238867947.00049,54017260.58280481
2025-08-12 16:00:00,0.2296,0.23612,0.22794,0.23573,153749780.34814,35691936.08407862
2025-08-12 20:00:00,0.2358,0.23838,0.23482,0.23577,136645920.590298,32330845.690974317
2025-08-13 00:00:00,0.23578,0.24004,0.23134,0.23818,225446665.79272,53082343.9695542
2025-08-13 04:00:00,0.23818,0.24496,0.23451,0.24487,221105327.77373,52784918.89643746
2025-08-13 08:00:00,0.24484,0.25059,0.24452,0.24659,341630553.920014,84737420.39170375
2025-08-13 12:00:00,0.2466,0.24863,0.23915,0.24122,290968162.266816,70899147.96508823
2025-08-13 16:00:00,0.24124,0.24427,0.24025,0.24392,112516801.467419,27290702.26214337
2025-08-13 20:00:00,0.24395,0.24627,0.24198,0.24486,85296176.846466,20854094.362432122
2025-08-14 00:00:00,0.24487,0.25572,0.24266,0.25266,333959974.53711,83581438.63892019
2025-08-14 04:00:00,0.25262,0.25463,0.24354,0.24506,272340319.153533,67808771.73425095
2025-08-14 08:00:00,0.24509,0.24516,0.23601,0.23794,278646851.257135,67004805.154829845
2025-08-14 12:00:00,0.23793,0.23928,0.21772,0.22541,713833662.376553,162305131.28589088
2025-08-14 16:00:00,0.22541,0.22551,0.22077,0.2235,166945197.659052,37290532.73961336
2025-08-14 20:00:00,0.2235,0.2243,0.21719,0.22382,128604193.674441,28420831.648890194
2025-08-15 00:00:00,0.22385,0.2301,0.22287,0.22994,127353993.978031,28760693.715867475
2025-08-15 04:00:00,0.22994,0.23298,0.22746,0.23061,171678215.665664,39545771.86687056
2025-08-15 08:00:00,0.2306,0.2328,0.22881,0.22974,98455227.969724,22731030.17664336
2025-08-15 12:00:00,0.22974,0.23229,0.221,0.22236,260909521.283776,59104412.95032039
2025-08-15 16:00:00,0.22235,0.2254,0.22,0.22177,147189726.980436,32778254.561820917
2025-08-15 20:00:00,0.2218,0.2319,0.22074,0.22888,157866271.473002,35918063.93526473
2025-08-16 00:00:00,0.22887,0.23632,0.22813,0.23266,178007939.348827,41544793.137373164
2025-08-16 04:00:00,0.23271,0.23384,0.22963,0.23311,90780849.575166,21048281.96425881
2025-08-16 08:00:00,0.23311,0.23496,0.2271,0.22725,137588163.249766,31873759.920590945
2025-08-16 12:00:00,0.22725,0.23033,0.22519,0.22865,127875176.652522,29189506.58901692
2025-08-16 16:00:00,0.22863,0.23115,0.228,0.22933,63969207.902278,14692225.148882017
2025-08-16 20:00:00,0.22934,0.23148,0.22886,0.23117,44888754.524354,10331776.167811446
2025-08-17 00:00:00,0.23115,0.2345,0.2284,0.23357,101216610.023149,23465944.227929626
2025-08-17 04:00:00,0.23359,0.23606,0.23226,0.23285,112978815.572753,26450885.055115577
2025-08-17 08:00:00,0.23282,0.23562,0.23242,0.23458,70476555.126814,16474587.985037992
2025-08-17 12:00:00,0.23458,0.24241,0.23219,0.24162,163470882.385942,38711700.701697
2025-08-17 16:00:00,0.24162,0.2426,0.23062,0.23229,176942213.004578,41790156.97648954
2025-08-17 20:00:00,0.2323,0.2382,0.23177,0.23457,108306349.083176,25491838.167479295
2025-08-18 00:00:00,0.23458,0.23555,0.22242,0.2244,254826869.530686,58026390.144031726
2025-08-18 04:00:00,0.22439,0.22654,0.22083,0.2218,164496650.51682,36732847.81400055
2025-08-18 08:00:00,0.22179,0.2234,0.21991,0.22176,116865063.726681,25905451.062846303
2025-08-18 12:00:00,0.22175,0.22458,0.22039,0.22361,134297407.504657,29907215.75962969
2025-08-18 16:00:00,0.22361,0.22551,0.22076,0.22382,112014524.815337,25002974.518126544
2025-08-18 20:00:00,0.22382,0.22693,0.22182,0.22264,104845669.185707,23536374.09628703
2025-08-19 00:00:00,0.22265,0.22569,0.21566,0.21635,203806812.013944,44946154.99900423
2025-08-19 04:00:00,0.21633,0.21838,0.21435,0.21774,133186370.515376,28865924.891854905
2025-08-19 08:00:00,0.21777,0.22066,0.21626,0.22028,105529547.315317,23089522.534136117
2025-08-19 12:00:00,0.22028,0.22233,0.21364,0.21441,211540147.643498,45830938.80845355
2025-08-19 16:00:00,0.21444,0.21495,0.21034,0.21203,178030509.909448,37872087.59691716
2025-08-19 20:00:00,0.21201,0.21428,0.20868,0.20945,96167446.826895,20323702.88857526
2025-08-20 00:00:00,0.2094,0.21328,0.2081,0.21184,107319462.176631,22626020.82960091
2025-08-20 04:00:00,0.21184,0.21416,0.21157,0.21268,68615610.595197,14616411.485010993
2025-08-20 08:00:00,0.21267,0.21574,0.21132,0.21404,116230173.223815,24899801.456912495
2025-08-20 12:00:00,0.21404,0.218,0.20769,0.21505,205364150.534031,43760725.9391198
2025-08-20 16:00:00,0.21504,0.22174,0.21504,0.22133,142973180.483903,31191841.5832446
2025-08-20 20:00:00,0.22133,0.22287,0.22046,0.22165,84042952.473648,18631582.154206663
2025-08-21 00:00:00,0.22166,0.2245,0.21951,0.222,119605183.145962,26560757.042506915
2025-08-21 04:00:00,0.22199,0.22416,0.21993,0.2214,95054442.476532,21140302.345252734
2025-08-21 08:00:00,0.22145,0.22182,0.2166,0.21758,95018455.946458,20791864.80400868
2025-08-21 12:00:00,0.21757,0.22067,0.21449,0.2155,151667345.375267,32958396.409389365
2025-08-21 16:00:00,0.21551,0.21828,0.21447,0.21512,59899388.290669,12939871.057276705
2025-08-21 20:00:00,0.21515,0.21759,0.21386,0.21475,60354797.836735,13026309.570159672
2025-08-22 00:00:00,0.21475,0.21922,0.21456,0.21581,109030863.413477,23668830.117216364
2025-08-22 04:00:00,0.2158,0.21871,0.21522,0.21787,73392393.741588,15952474.221392307
2025-08-22 08:00:00,0.21792,0.21906,0.21179,0.21197,87134677.442109,18755117.918161936
2025-08-22 12:00:00,0.21197,0.23368,0.20825,0.23007,758985698.668109,169616758.46204373
2025-08-22 16:00:00,0.23008,0.23981,0.23008,0.23872,352840060.891579,83537468.72438192
2025-08-22 20:00:00,0.23871,0.24348,0.23863,0.24054,187973552.857585,45201055.0012368
2025-08-23 00:00:00,0.24054,0.24087,0.22883,0.2315,294714337.845674,68883870.31319962
2025-08-23 04:00:00,0.23152,0.23938,0.23133,0.23719,186475287.454865,43954170.05866072
2025-08-23 08:00:00,0.23719,0.24,0.23549,0.23613,169842062.753528,40437557.67598017
2025-08-23 12:00:00,0.23614,0.23904,0.23443,0.23646,99839992.745038,23580165.345317814
2025-08-23 16:00:00,0.23645,0.23759,0.23548,0.23737,46994479.089798,11121064.454308102
2025-08-23 20:00:00,0.23736,0.23755,0.234,0.23632,44236552.718828,10424777.583965572
2025-08-24 00:00:00,0.23631,0.23834,0.23493,0.23661,69478284.158609,16454479.324319836
2025-08-24 04:00:00,0.23661,0.23706,0.23194,0.23221,59535750.445956,13929898.898575408
2025-08-24 08:00:00,0.23222,0.23324,0.22822,0.22956,93907709.112227,21684496.516814686
2025-08-24 12:00:00,0.22956,0.23405,0.2292,0.23129,120476684.648589,27901637.706057847
2025-08-24 16:00:00,0.23127,0.24493,0.229,0.23418,366297922.161991,86500942.53660807
2025-08-24 20:00:00,0.2342,0.23519,0.22758,0.23181,274602982.435038,63522043.72894817
2025-08-25 00:00:00,0.23183,0.23457,0.22536,0.23087,136339710.959262,31395145.185454812
2025-08-25 04:00:00,0.23088,0.23137,0.21974,0.2207,179693648.452837,40344397.49311058
2025-08-25 08:00:00,0.22072,0.22169,0.21696,0.21971,167927080.298767,36836118.87515536
2025-08-25 12:00:00,0.21971,0.22118,0.21741,0.21851,133875550.021637,29385031.872244097
2025-08-25 16:00:00,0.21853,0.22042,0.21348,0.21383,117124880.250932,25407916.847177617
2025-08-25 20:00:00,0.21381,0.21464,0.20585,0.20968,264417024.615159,55323292.20713766
2025-08-26 00:00:00,0.2097,0.21209,0.20711,0.2098,128019726.452764,26850365.95195487
2025-08-26 04:00:00,0.20985,0.21269,0.20916,0.21127,68553389.613152,14461860.558338316
2025-08-26 08:00:00,0.21128,0.21212,0.20947,0.21055,53098361.945442,11189305.991178064
2025-08-26 12:00:00,0.21059,0.2153,0.20935,0.21266,165449411.728578,35202315.96260338
2025-08-26 16:00:00,0.21269,0.21987,0.21247,0.21947,94362898.533532,20374555.322796162
2025-08-26 20:00:00,0.21945,0.22005,0.21734,0.2184,72010846.936153,15751454.540679146
2025-08-27 00:00:00,0.21841,0.22188,0.21603,0.22123,98420372.835248,21544690.2473932
2025-08-27 04:00:00,0.22122,0.2232,0.21814,0.21885,99337690.28851,21952692.773265246
2025-08-27 08:00:00,0.21887,0.22123,0.21739,0.22035,58088779.792876,12775839.726688871
2025-08-27 12:00:00,0.22034,0.22281,0.21782,0.22174,99860031.2066,22002322.191746414
2025-08-27 16:00:00,0.22169,0.2234,0.21856,0.22024,82215723.763025,18184127.852691896
2025-08-27 20:00:00,0.22022,0.22396,0.218,0.21892,166736684.210464,36811414.74184805
2025-08-28 00:00:00,0.21888,0.2217,0.21668,0.22128,85423189.271874,18783862.157171138
2025-08-28 04:00:00,0.22129,0.22556,0.22087,0.22397,145066442.273067,32401563.59273403
2025-08-28 08:00:00,0.22398,0.22666,0.22247,0.22392,169778242.18999,38144214.86131846
2025-08-28 12:00:00,0.22391,0.22515,0.22002,0.22121,119175149.386197,26649105.241885655
2025-08-28 16:00:00,0.22121,0.22352,0.21928,0.21963,73238921.249819,16208555.198245997
2025-08-28 20:00:00,0.21965,0.22485,0.21923,0.2244,47287975.187332,10544620.761819828
2025-08-29 00:00:00,0.22438,0.22533,0.21948,0.2226,95955861.920127,21339960.11024544
2025-08-29 04:00:00,0.22261,0.22295,0.21428,0.21462,126500782.852366,27583206.377477918
2025-08-29 08:00:00,0.21463,0.21586,0.21167,0.21482,100362110.841795,21487939.04935781
2025-08-29 12:00:00,0.21478,0.22107,0.21216,0.2133,203093813.948264,43885109.61428335
2025-08-29 16:00:00,0.21327,0.21433,0.20982,0.21209,108896045.139168,23060930.946097184
2025-08-29 20:00:00,0.21204,0.21462,0.20983,0.21394,59455204.064086,12623279.853562856
2025-08-30 00:00:00,0.21394,0.21885,0.2113,0.2176,89552446.434987,19287049.479505688
2025-08-30 04:00:00,0.2176,0.21828,0.21607,0.21726,45923337.768618,9963933.513301075
2025-08-30 08:00:00,0.21727,0.21767,0.21481,0.2159,31951880.273808,6902579.848057436
2025-08-30 12:00:00,0.21589,0.21673,0.21284,0.21605,55245133.961869,11860144.416914906
2025-08-30 16:00:00,0.21602,0.21607,0.21457,0.21539,16306759.877604,3511839.451099992
2025-08-30 20:00:00,0.21539,0.21616,0.21445,0.21597,14236276.849622,3067143.664244627
2025-08-31 00:00:00,0.21597,0.22135,0.21597,0.22063,74331165.215779,16272224.182309195
2025-08-31 04:00:00,0.22063,0.22071,0.21709,0.21797,60312007.962452,13182520.049204312
2025-08-31 08:00:00,0.21798,0.21931,0.21608,0.21841,48081071.653983,10468477.340296708
2025-08-31 12:00:00,0.21835,0.21867,0.21629,0.21856,47679128.270795,10373761.479656084
2025-08-31 16:00:00,0.21856,0.21863,0.21699,0.21735,23607482.705956,5141563.114654283
2025-08-31 20:00:00,0.21736,0.21822,0.21324,0.21373,50142670.821371,10808674.115946995
2025-09-01 00:00:00,0.21371,0.21409,0.20878,0.21047,131818018.904622,27841592.162650567
2025-09-01 04:00:00,0.21048,0.21799,0.2082,0.21794,154402854.990425,32670075.834834944
2025-09-01 08:00:00,0.21793,0.21985,0.21513,0.21591,179778918.165943,39149576.904466815
2025-09-01 12:00:00,0.21591,0.21716,0.21272,0.21341,87012290.920449,18735970.25556225
2025-09-01 16:00:00,0.21338,0.21349,0.2102,0.21237,79701329.631098,16882151.582567886
2025-09-01 20:00:00,0.21238,0.2128,0.20469,0.21076,189812377.838236,39432147.68596482
2025-09-02 00:00:00,0.21075,0.21418,0.20922,0.2134,84423938.072577,17883503.894453425
2025-09-02 04:00:00,0.2134,0.21491,0.2117,0.21228,59987569.327633,12822026.178805407
2025-09-02 08:00:00,0.21226,0.21411,0.21114,0.2115,55952909.69943,11920721.248914355
2025-09-02 12:00:00,0.21149,0.21396,0.20654,0.20936,313563879.77899,65731163.72264016
2025-09-02 16:00:00,0.20935,0.21322,0.2093,0.21125,81708917.337161,17272131.029012498
2025-09-02 20:00:00,0.21125,0.21564,0.2108,0.21485,61433570.599316,13148194.64939746
2025-09-03 00:00:00,0.21488,0.21686,0.21247,0.2153,67318602.577406,14470874.71114236
2025-09-03 04:00:00,0.21528,0.21634,0.21407,0.21609,67229712.175631,14474469.755040804
2025-09-03 08:00:00,0.21605,0.21723,0.21472,0.21644,67918303.231069,14685558.335337007
2025-09-03 12:00:00,0.21644,0.21971,0.21506,0.21887,161068988.470397,35149853.249999754
2025-09-03 16:00:00,0.21887,0.22144,0.2174,0.22121,57315606.492236,12571272.74588946
2025-09-03 20:00:00,0.22122,0.22351,0.22027,0.22029,82926424.095304,18395570.426036634
2025-09-04 00:00:00,0.22029,0.22107,0.216,0.21643,70622378.387251,15418103.707134442
2025-09-04 04:00:00,0.21644,0.21743,0.21414,0.2153,73235784.706284,15778411.206783568
2025-09-04 08:00:00,0.2153,0.21665,0.2148,0.21562,52115746.601126,11244232.341055866
2025-09-04 12:00:00,0.21563,0.21705,0.21162,0.21233,95536407.825989,20474675.11898635
2025-09-04 16:00:00,0.21233,0.21355,0.2105,0.21078,58086470.982954,12317232.00374102
2025-09-04 20:00:00,0.21075,0.21473,0.21058,0.21242,50709531.822415,10795543.056512194
2025-09-05 00:00:00,0.21239,0.21504,0.21181,0.21429,56457564.250487,12052505.831724305
2025-09-05 04:00:00,0.2143,0.21839,0.21353,0.21818,76877205.178386,16589675.06413836
2025-09-05 08:00:00,0.21809,0.21815,0.21529,0.21676,73017607.900456,15817028.569112888
2025-09-05 12:00:00,0.21676,0.22096,0.21243,0.21423,275407855.12756,59800860.96684981
2025-09-05 16:00:00,0.21424,0.21735,0.21364,0.21734,54362296.731227,11698143.677035015
2025-09-05 20:00:00,0.21733,0.22019,0.21701,0.21784,99278661.437503,21693986.55912155
2025-09-06 00:00:00,0.21786,0.21887,0.21682,0.21771,41129936.345925,8961208.951045679
2025-09-06 04:00:00,0.21771,0.21786,0.2152,0.21589,41620475.677109,8987062.55919673
2025-09-06 08:00:00,0.2159,0.21601,0.21396,0.2143,50365137.715039,10812337.82053866
2025-09-06 12:00:00,0.2143,0.21586,0.21333,0.21391,67121425.594958,14401684.58261794
2025-09-06 16:00:00,0.21391,0.21547,0.21227,0.21283,43751986.675839,9355954.305129427
2025-09-06 20:00:00,0.21285,0.21806,0.21274,0.21591,79211979.475416,17091349.62701551
2025-09-07 00:00:00,0.21593,0.2174,0.21569,0.2165,37637430.836485,8157163.551945747
2025-09-07 04:00:00,0.2165,0.2177,0.2161,0.21731,38637831.211483,8377538.86977943
2025-09-07 08:00:00,0.2173,0.21954,0.21693,0.21921,82052164.104884,17900648.53232875
2025-09-07 12:00:00,0.21922,0.22518,0.21829,0.22367,274290669.700614,61045544.41556646
2025-09-07 16:00:00,0.22368,0.22463,0.22024,0.22229,57911314.737317,12873696.35822282
2025-09-07 20:00:00,0.22229,0.2293,0.22215,0.22877,110599940.762056,25037407.901288927
2025-09-08 00:00:00,0.22877,0.23498,0.2265,0.2317,210063540.63617,48319275.96301813
2025-09-08 04:00:00,0.23166,0.23299,0.23044,0.23261,92617993.212251,21469302.07769967
2025-09-08 08:00:00,0.23261,0.23472,0.23242,0.23337,113746129.921033,26570613.5051238
2025-09-08 12:00:00,0.23337,0.23986,0.23294,0.23833,227456362.328093,54016793.49572727
2025-09-08 16:00:00,0.23833,0.23975,0.23646,0.2376,89583375.62304,21342932.926890474
2025-09-08 20:00:00,0.23763,0.24415,0.23722,0.24169,128598719.081281,31076406.415033136
2025-09-09 00:00:00,0.2417,0.24395,0.23355,0.23648,217920249.412303,51684727.65895208
2025-09-09 04:00:00,0.23649,0.24215,0.23522,0.24024,154977676.65176,37020255.7793684
2025-09-09 08:00:00,0.24024,0.24264,0.23982,0.24155,94415070.320185,22780189.265268262
2025-09-09 12:00:00,0.24156,0.24956,0.23662,0.23824,398067259.738961,96919081.72231591
2025-09-09 16:00:00,0.23824,0.24343,0.2374,0.24125,106648507.285156,25592183.417206146
2025-09-09 20:00:00,0.24124,0.24275,0.23944,0.24062,44452917.753895,10714654.285454
2025-09-10 00:00:00,0.24064,0.24207,0.23615,0.24108,109157853.848451,26129209.66587975
2025-09-10 04:00:00,0.24109,0.24243,0.23844,0.24133,74041374.133717,17789226.084573466
2025-09-10 08:00:00,0.24137,0.24248,0.23941,0.24018,63619082.831232,15322341.198103784
2025-09-10 12:00:00,0.24018,0.2457,0.23996,0.24365,227484042.132851,55391623.42462947
2025-09-10 16:00:00,0.24366,0.24866,0.23834,0.23986,151437348.019511,36954061.528506905
2025-09-10 20:00:00,0.23988,0.24572,0.23972,0.24532,71520593.535865,17404627.49848603
2025-09-11 00:00:00,0.24533,0.25347,0.24376,0.2523,169636242.272324,42256733.669459336
2025-09-11 04:00:00,0.25227,0.25323,0.24824,0.24969,134211342.347089,33665458.31026224
2025-09-11 08:00:00,0.2497,0.25183,0.24877,0.25091,73915197.366171,18497961.31610252
2025-09-11 12:00:00,0.25091,0.25473,0.24202,0.24694,381744520.64779,94684972.03564478
2025-09-11 16:00:00,0.24694,0.25286,0.24692,0.25217,129786561.883391,32460831.818202775
2025-09-11 20:00:00,0.25222,0.25696,0.25011,0.25607,129694880.289463,32949602.322552618
2025-09-12 00:00:00,0.25604,0.26469,0.25482,0.26095,257000144.816292,66999321.32454272
2025-09-12 04:00:00,0.26095,0.26389,0.25902,0.26014,131482625.865132,34388449.10690732
2025-09-12 08:00:00,0.26016,0.26173,0.25848,0.25989,113905272.648591,29620226.687071495
2025-09-12 12:00:00,0.2599,0.2672,0.25784,0.26638,216600062.432091,56963870.50133586
2025-09-12 16:00:00,0.26635,0.27315,0.26497,0.27159,231623449.167198,62599365.92014924
2025-09-12 20:00:00,0.27155,0.27858,0.26991,0.27553,163511773.542346,44868010.87250726
2025-09-13 00:00:00,0.27554,0.28274,0.27268,0.28025,265717224.122611,73923821.84868705
2025-09-13 04:00:00,0.28025,0.2858,0.27983,0.28312,195100581.099438,55246182.75268574
2025-09-13 08:00:00,0.28312,0.29946,0.28242,0.2962,477331948.010134,139541288.70850387
2025-09-13 12:00:00,0.2962,0.3068,0.29163,0.29698,642639187.02408,191852932.4111894
2025-09-13 16:00:00,0.29697,0.30093,0.281,0.28614,434182393.32745,126136024.57981326
2025-09-13 20:00:00,0.28615,0.29235,0.28585,0.28936,120739227.699781,34918532.266300745
2025-09-14 00:00:00,0.28939,0.29513,0.2814,0.28634,344992972.579085,99323359.05709392
2025-09-14 04:00:00,0.28636,0.29249,0.28355,0.29167,156084758.873788,45069616.44028082
2025-09-14 08:00:00,0.2917,0.29331,0.28476,0.28553,162615662.293571,47088020.08315784
2025-09-14 12:00:00,0.28552,0.28727,0.27265,0.27381,428485139.173314,119643343.88180707
2025-09-14 16:00:00,0.27384,0.28341,0.27275,0.27789,226698563.116465,63070942.75826796
2025-09-14 20:00:00,0.27786,0.2829,0.27701,0.27794,123883064.058136,34653348.430029206
2025-09-15 00:00:00,0.27793,0.28144,0.27413,0.28014,142363706.122614,39671916.499446765
2025-09-15 04:00:00,0.28011,0.28207,0.26716,0.26827,297432032.447667,81808956.86911407
2025-09-15 08:00:00,0.26826,0.26832,0.25841,0.26527,426279560.433187,112027571.7596366
2025-09-15 12:00:00,0.26529,0.26552,0.26105,0.26415,198083463.219764,52143808.40128914
2025-09-15 16:00:00,0.26415,0.26683,0.262,0.26412,143785427.856053,38012110.527648896
2025-09-15 20:00:00,0.26409,0.2694,0.2634,0.26832,132914338.451227,35478423.416731834
2025-09-16 00:00:00,0.26832,0.27014,0.2656,0.2672,109796887.019555,29398436.98802529
2025-09-16 04:00:00,0.2672,0.26954,0.26231,0.26768,175072340.646938,46587938.28389466
2025-09-16 08:00:00,0.26768,0.2696,0.26332,0.26455,171629982.036724,45617836.850042254
2025-09-16 12:00:00,0.26455,0.267,0.25693,0.26627,308302309.078537,80906532.05350678
2025-09-16 16:00:00,0.26631,0.26989,0.26439,0.26844,150330654.882276,40163776.97230717
2025-09-16 20:00:00,0.26845,0.27201,0.26736,0.26999,109425936.607538,29515813.057733607
2025-09-17 00:00:00,0.26998,0.27135,0.2662,0.26667,93998529.530391,25280170.04057561
2025-09-17 04:00:00,0.26668,0.27008,0.26387,0.26843,118269718.249817,31600867.669346705
2025-09-17 08:00:00,0.26844,0.26865,0.26446,0.26541,92767053.008866,24705510.363167115
2025-09-17 12:00:00,0.26542,0.26793,0.26237,0.26539,123681848.024072,32842759.167550556
2025-09-17 16:00:00,0.26538,0.27449,0.26002,0.27277,394450987.730445,105156427.98626566
2025-09-17 20:00:00,0.2727,0.28385,0.26692,0.28256,313082290.194187,86879645.2124671
2025-09-18 00:00:00,0.28257,0.28592,0.27823,0.28298,257838646.642023,72694593.1672863
2025-09-18 04:00:00,0.28302,0.28349,0.27632,0.27985,135484428.107261,37896736.51361637
2025-09-18 08:00:00,0.27985,0.28207,0.27824,0.27956,111291483.310241,31174789.205031916
2025-09-18 12:00:00,0.27955,0.28776,0.27869,0.28663,258669119.699262,73067788.02550623
2025-09-18 16:00:00,0.28662,0.2888,0.28084,0.28194,162477736.386726,46306091.46412847
2025-09-18 20:00:00,0.28198,0.28261,0.27558,0.2786,112218771.858305,31294695.751352265
2025-09-19 00:00:00,0.2786,0.28489,0.27643,0.27692,174612210.203177,48902170.34927986
2025-09-19 04:00:00,0.27691,0.27744,0.27332,0.27518,154930880.536506,42641140.96629071
2025-09-19 08:00:00,0.27513,0.27693,0.2702,0.27126,132460243.686276,36166919.77295961
2025-09-19 12:00:00,0.27122,0.27268,0.26424,0.26664,242450160.836422,65175366.545108736
2025-09-19 16:00:00,0.26669,0.26839,0.26273,0.26482,96419258.327383,25651190.030619696
2025-09-19 20:00:00,0.26484,0.26744,0.2632,0.26528,67560167.095852,17957721.049428184
2025-09-20 00:00:00,0.26528,0.26744,0.263,0.26501,79613986.055756,21102413.662380677
2025-09-20 04:00:00,0.26503,0.26695,0.26411,0.2666,75974330.347352,20205155.603437413
2025-09-20 08:00:00,0.2666,0.2666,0.2633,0.26516,61647185.201338,16308309.623678833
2025-09-20 12:00:00,0.26516,0.26947,0.26419,0.26883,94991159.990088,25346062.51477976
2025-09-20 16:00:00,0.26882,0.26916,0.26546,0.2662,70007895.81992,18721772.40237413
2025-09-20 20:00:00,0.26619,0.2689,0.26597,0.2676,23907256.437607,6398405.425920216
2025-09-21 00:00:00,0.2676,0.26967,0.26689,0.26954,43837159.285328,11758231.414595313
2025-09-21 04:00:00,0.26955,0.26967,0.26773,0.26825,42405368.396273,11393015.004553813
2025-09-21 08:00:00,0.26827,0.2685,0.26354,0.26577,72809694.882957,19355826.832824193
2025-09-21 12:00:00,0.26578,0.26795,0.26544,0.26562,50764405.265373,13551920.225885
2025-09-21 16:00:00,0.26564,0.26608,0.26063,0.26349,91330739.174894,24019326.680557877
2025-09-21 20:00:00,0.26347,0.2638,0.26032,0.26076,39326912.00426,10292248.224612704
2025-09-22 00:00:00,0.26073,0.26233,0.24517,0.24882,475100618.153447,119192869.1675818
2025-09-22 04:00:00,0.24882,0.24976,0.22888,0.23773,513311183.329266,122570809.5381988
2025-09-22 08:00:00,0.23773,0.2407,0.23633,0.2392,159391634.042454,38026152.936849385
2025-09-22 12:00:00,0.2392,0.24324,0.23827,0.23951,165139351.029188,39737998.99827574
2025-09-22 16:00:00,0.23951,0.2415,0.23551,0.23631,150283559.294238,35865575.22811712
2025-09-22 20:00:00,0.23629,0.24171,0.23592,0.24124,54058133.292575,12950494.421551695
2025-09-23 00:00:00,0.24125,0.24306,0.23402,0.24036,154415227.518747,36901787.37171165
2025-09-23 04:00:00,0.24035,0.24358,0.23818,0.24151,120238224.695722,28986521.386385266
2025-09-23 08:00:00,0.24153,0.24299,0.23923,0.24081,72730142.605451,17529503.020900294
2025-09-23 12:00:00,0.24081,0.24205,0.23801,0.24065,105804504.307314,25415708.111786656
2025-09-23 16:00:00,0.24069,0.24394,0.23666,0.23793,134608172.473667,32282609.4082588
2025-09-23 20:00:00,0.23794,0.2415,0.23636,0.23708,69541836.216727,16601296.678091556
2025-09-24 00:00:00,0.23707,0.24065,0.23359,0.23451,172075309.216728,40814550.41378128
2025-09-24 04:00:00,0.23447,0.23976,0.23088,0.23952,170507978.686342,40150155.79986443
2025-09-24 08:00:00,0.23953,0.24364,0.2389,0.24307,110121014.240663,26614032.21931737
2025-09-24 12:00:00,0.24307,0.25057,0.24242,0.24555,208757009.39155,51418450.16577471
2025-09-24 16:00:00,0.24556,0.24647,0.24225,0.24351,101410456.642926,24801361.889844805
2025-09-24 20:00:00,0.24352,0.244,0.24037,0.24108,55991862.044912,13555910.012076257
2025-09-25 00:00:00,0.2411,0.24198,0.23382,0.23617,203947226.804017,48517288.863735415
2025-09-25 04:00:00,0.23616,0.23664,0.23181,0.23333,137325489.075278,32108948.523628183
2025-09-25 08:00:00,0.2333,0.23489,0.23026,0.23131,118488847.854676,27548802.739693902
2025-09-25 12:00:00,0.2313,0.23479,0.22523,0.23107,276177220.681248,63548028.0013306
2025-09-25 16:00:00,0.23107,0.2318,0.22042,0.22642,261360323.717028,58901680.24509457
2025-09-25 20:00:00,0.22647,0.22684,0.22081,0.22295,127500870.535427,28555389.05503388
2025-09-26 00:00:00,0.22294,0.22774,0.22268,0.22722,113838251.490826,25707722.231173564
2025-09-26 04:00:00,0.22722,0.228,0.22472,0.22703,86677962.287173,19635824.75703648
2025-09-26 08:00:00,0.22703,0.22798,0.2214,0.22453,125054391.833531,28075234.10025545
2025-09-26 12:00:00,0.22456,0.22812,0.22174,0.22727,184029509.151109,41569640.04413746
2025-09-26 16:00:00,0.22727,0.23335,0.22713,0.23091,121357485.246675,27984087.244994123
2025-09-26 20:00:00,0.23095,0.23265,0.22985,0.23244,46386394.411428,10731141.94888364
2025-09-27 00:00:00,0.23245,0.2343,0.23126,0.2336,72856135.834339,16972382.45273652
2025-09-27 04:00:00,0.23361,0.234,0.23057,0.23111,72685414.795744,16887423.599214636
2025-09-27 08:00:00,0.23112,0.23112,0.2285,0.23006,77712776.303487,17855182.834261503
2025-09-27 12:00:00,0.23007,0.23092,0.22794,0.23021,42174380.939212,9692205.126981508
2025-09-27 16:00:00,0.23025,0.23056,0.22776,0.22981,31566816.579142,7233210.479804967
2025-09-27 20:00:00,0.22981,0.23257,0.2294,0.2308,34159082.352102,7891647.425446225
2025-09-28 00:00:00,0.23082,0.23102,0.22745,0.22856,54051646.759864,12370636.7971564
2025-09-28 04:00:00,0.22856,0.22938,0.2272,0.22922,38350860.145366,8766577.198366694
2025-09-28 08:00:00,0.22922,0.22932,0.22556,0.22645,56804924.079703,12886229.882076344
2025-09-28 12:00:00,0.22647,0.22993,0.22501,0.22981,77699960.252912,17715587.588435784
2025-09-28 16:00:00,0.22983,0.23204,0.22933,0.2319,60967307.113784,14077752.39855162
2025-09-28 20:00:00,0.23191,0.23771,0.23166,0.23738,91737300.06531,21603880.32777773
2025-09-29 00:00:00,0.23738,0.23751,0.23393,0.23583,69249080.230351,16310124.416895436
2025-09-29 04:00:00,0.23584,0.23591,0.23099,0.23258,65487068.549481,15280704.824436536
2025-09-29 08:00:00,0.23257,0.23374,0.22917,0.23093,72445194.429872,16759048.78480474
2025-09-29 12:00:00,0.23094,0.23771,0.2286,0.23378,191331001.811346,44733505.61548076
2025-09-29 16:00:00,0.2338,0.23515,0.23061,0.23469,96729241.106441,22530775.89672031
2025-09-29 20:00:00,0.2347,0.23896,0.23455,0.23477,76282774.898776,18047058.453584045
2025-09-30 00:00:00,0.23477,0.23592,0.23185,0.23271,72710112.90166,16994054.784482684
2025-09-30 04:00:00,0.23273,0.2342,0.23123,0.23205,49307764.056049,11472576.469229925
2025-09-30 08:00:00,0.23205,0.23245,0.22878,0.23031,64270121.762625,14795932.293335585
2025-09-30 12:00:00,0.2303,0.23126,0.22628,0.22799,97531282.633149,22303934.722234864
2025-09-30 16:00:00,0.228,0.23293,0.22739,0.23265,61877387.619883,14212990.704517407
2025-09-30 20:00:00,0.23265,0.23409,0.23088,0.23292,65542258.23867,15246941.20575699
2025-10-01 00:00:00,0.23294,0.23432,0.2307,0.23075,46222670.921701,10758398.330425758
2025-10-01 04:00:00,0.23076,0.23408,0.2303,0.23343,48292874.409558,11257148.07649944
2025-10-01 08:00:00,0.23342,0.24477,0.2333,0.24282,212750744.345109,51304518.89783618
2025-10-01 12:00:00,0.24284,0.24627,0.24198,0.24529,130957588.353122,31937821.4088604
2025-10-01 16:00:00,0.2453,0.24748,0.24313,0.2467,129969202.103393,31900740.7123584
2025-10-01 20:00:00,0.24671,0.24918,0.24479,0.24906,77805405.184976,19200223.6231591
2025-10-02 00:00:00,0.24905,0.25589,0.24662,0.25385,202776997.186584,51032950.28191732
2025-10-02 04:00:00,0.25387,0.258,0.25225,0.25588,146994967.705992,37470640.266289264
2025-10-02 08:00:00,0.25589,0.25969,0.25542,0.25604,90856674.092076,23396699.69221959
2025-10-02 12:00:00,0.25606,0.2572,0.25042,0.25495,202886898.094285,51482234.773801446
2025-10-02 16:00:00,0.25496,0.2608,0.2542,0.25912,107271993.821778,27569857.26809994
2025-10-02 20:00:00,0.25913,0.26412,0.2584,0.26202,103627783.194192,27051875.13604895
2025-10-03 00:00:00,0.26202,0.26226,0.25657,0.25934,143662108.295905,37223122.12388564
2025-10-03 04:00:00,0.25929,0.2615,0.25417,0.2554,105529916.748729,27129717.556748744
2025-10-03 08:00:00,0.2554,0.25737,0.25361,0.25573,77869973.835211,19931698.101632208
2025-10-03 12:00:00,0.25574,0.26111,0.25276,0.26067,184512755.179036,47290632.63719595
2025-10-03 16:00:00,0.2607,0.26539,0.25506,0.25926,295151324.784328,76706342.8553397
2025-10-03 20:00:00,0.25929,0.26054,0.25796,0.25819,54165347.89336,14035092.046743164
2025-10-04 00:00:00,0.2582,0.25979,0.25162,0.25323,163631697.335702,41659184.68951733
2025-10-04 04:00:00,0.25324,0.2557,0.25234,0.25401,72439166.054731,18405389.31969144
2025-10-04 08:00:00,0.25401,0.25428,0.24853,0.24953,96006674.336309,24084566.16598972
2025-10-04 12:00:00,0.24954,0.2527,0.24728,0.24773,115350468.239564,28816196.755988646
2025-10-04 16:00:00,0.24774,0.2496,0.24669,0.24946,57567006.244166,14300093.942916788
2025-10-04 20:00:00,0.24946,0.2513,0.24933,0.25084,42299759.321959,10594165.108411217
2025-10-05 00:00:00,0.25088,0.25956,0.24957,0.25829,183954482.660583,46990920.0885362
2025-10-05 04:00:00,0.25828,0.2642,0.25692,0.26396,237460240.038724,62122974.25061952
2025-10-05 08:00:00,0.26397,0.26515,0.25742,0.25877,237110273.832837,61886053.11909061
2025-10-05 12:00:00,0.25871,0.25871,0.25442,0.2563,127771073.366136,32770558.735735532
2025-10-05 16:00:00,0.25633,0.25774,0.25075,0.25142,107837560.688304,27473732.3908726
2025-10-05 20:00:00,0.25148,0.25391,0.25077,0.25286,47134749.041785,11903394.4665296
2025-10-06 00:00:00,0.25285,0.25534,0.25053,0.2539,106936798.486851,27090701.22490544
2025-10-06 04:00:00,0.25392,0.25845,0.25213,0.25508,94165961.717252,24046831.38394635
2025-10-06 08:00:00,0.2551,0.26195,0.2551,0.25992,114786771.695112,29705816.080955274
2025-10-06 12:00:00,0.25993,0.26833,0.25922,0.26684,319831109.74205,84371794.53457075
2025-10-06 16:00:00,0.2668,0.27042,0.26323,0.26839,251344705.927656,67122154.58535631
2025-10-06 20:00:00,0.2684,0.26975,0.2655,0.26597,88029781.201809,23560039.10418086
2025-10-07 00:00:00,0.26598,0.26818,0.26413,0.26663,108784060.06425,28927654.78469234
2025-10-07 04:00:00,0.26662,0.26831,0.25938,0.26033,139007541.069239,36546851.09255509
2025-10-07 08:00:00,0.26033,0.26221,0.25746,0.26172,130923800.952866,34023054.402551696
2025-10-07 12:00:00,0.26172,0.26549,0.2502,0.25151,437164258.597373,112621683.0864408
2025-10-07 16:00:00,0.25151,0.25384,0.24777,0.2493,247582613.907018,62007812.16266416
2025-10-07 20:00:00,0.24932,0.25219,0.24622,0.24681,93131526.020406,23207861.631862465
2025-10-08 00:00:00,0.24685,0.25064,0.24349,0.24472,168954768.859721,41803665.41790241
2025-10-08 04:00:00,0.24473,0.24708,0.24287,0.24663,100980561.175614,24779605.118676376
2025-10-08 08:00:00,0.24669,0.25063,0.24656,0.24932,100751994.310556,25067274.734322496
2025-10-08 12:00:00,0.24931,0.25678,0.24885,0.25323,218703400.930341,55290981.7156509
2025-10-08 16:00:00,0.25325,0.26109,0.25265,0.25927,179639016.233665,46374622.63533109
2025-10-08 20:00:00,0.2593,0.25994,0.25487,0.25568,67656420.318719,17398262.504586075
2025-10-09 00:00:00,0.25564,0.25593,0.24655,0.24914,147034620.195283,36862890.68352876
2025-10-09 04:00:00,0.24915,0.25096,0.24631,0.24733,88358387.570164,21985229.900275458
2025-10-09 08:00:00,0.24734,0.24808,0.24303,0.24758,196491978.170383,48180176.06701383
2025-10-09 12:00:00,0.24759,0.2507,0.24226,0.24476,208594448.807857,51367449.97013614
2025-10-09 16:00:00,0.24479,0.24715,0.24101,0.24655,113478974.779347,27749912.200936317
2025-10-09 20:00:00,0.24652,0.25037,0.24583,0.24849,65319789.799072,16228508.539945615
2025-10-10 00:00:00,0.24851,0.25338,0.24721,0.25125,106971258.21036,26745697.81387813
2025-10-10 04:00:00,0.25126,0.2529,0.24682,0.24731,122709357.571693,30691335.55772296
2025-10-10 08:00:00,0.24731,0.25118,0.24665,0.25075,75859661.27582,18929045.217655927
2025-10-10 12:00:00,0.25077,0.25405,0.236,0.2379,395523636.950481,96596075.87784618
2025-10-10 16:00:00,0.23784,0.23972,0.2302,0.23186,267806797.752301,62943438.6195237
2025-10-10 20:00:00,0.23188,0.23465,0.08904,0.19303,3843819115.95969,679795417.8423194
2025-10-11 00:00:00,0.19305,0.20033,0.18601,0.1931,1151982835.782143,222555334.25224864
2025-10-11 04:00:00,0.1931,0.19707,0.19,0.1913,556287657.095659,107437620.80442151
2025-10-11 08:00:00,0.1913,0.19774,0.19047,0.19394,348701229.068929,67819154.01946352
2025-10-11 12:00:00,0.19389,0.19445,0.18572,0.19205,317366265.160576,60505056.611014366
2025-10-11 16:00:00,0.19203,0.19415,0.18282,0.18442,271071860.608843,51388385.031481855
2025-10-11 20:00:00,0.1844,0.1862,0.17811,0.18525,356391607.282919,65139293.222956166
2025-10-12 00:00:00,0.1853,0.18681,0.18077,0.18524,242957124.17664,44600313.668351665
2025-10-12 04:00:00,0.18527,0.19116,0.18481,0.18981,162318597.098235,30655125.162065193
2025-10-12 08:00:00,0.18982,0.19078,0.18693,0.18873,157591977.039752,29783393.86466559
2025-10-12 12:00:00,0.18876,0.20685,0.18623,0.20512,759453800.14972,150001505.01636457
2025-10-12 16:00:00,0.20513,0.21056,0.20318,0.21022,465533141.758488,96488840.5714156
2025-10-12 20:00:00,0.21022,0.21416,0.20457,0.20715,283378161.88399,59159483.28649484
2025-10-13 00:00:00,0.20716,0.21,0.20493,0.20723,208666961.669919,43270964.61981496
2025-10-13 04:00:00,0.20724,0.21284,0.20627,0.20998,218640523.312226,45869859.7079692
2025-10-13 08:00:00,0.20997,0.21287,0.20188,0.20576,266937085.14926,55559838.01584888
2025-10-13 12:00:00,0.20575,0.21318,0.20412,0.21013,473218332.186306,98697720.0593864
2025-10-13 16:00:00,0.21015,0.2171,0.20831,0.21599,267737781.495612,56960130.19410575
2025-10-13 20:00:00,0.216,0.2183,0.21356,0.21383,141497322.947342,30575559.415159207
2025-10-14 00:00:00,0.21383,0.21566,0.20661,0.20783,251885419.247414,53036626.67984885
2025-10-14 04:00:00,0.20784,0.20837,0.19471,0.19788,564335978.581951,113541915.5666645
2025-10-14 08:00:00,0.19785,0.20155,0.19436,0.19907,336383535.320767,66812442.130268574
2025-10-14 12:00:00,0.19908,0.2039,0.1932,0.20355,403342911.405095,80030474.72424276
2025-10-14 16:00:00,0.20355,0.20713,0.19987,0.20309,377326932.121334,76849732.56423962
2025-10-14 20:00:00,0.20308,0.20519,0.20196,0.2044,125813440.621408,25644855.64669146
2025-10-15 00:00:00,0.20437,0.20686,0.20145,0.20253,159334978.509901,32498587.097537484
2025-10-15 04:00:00,0.20252,0.20508,0.20165,0.20474,128612193.237222,26190926.397964753
2025-10-15 08:00:00,0.20471,0.20857,0.2007,0.20219,197405482.366631,40357082.4137631
2025-10-15 12:00:00,0.20217,0.20326,0.19697,0.19871,342861671.472389,68646032.00572129
2025-10-15 16:00:00,0.19874,0.2002,0.19624,0.1972,151736674.236815,30099179.969199892
2025-10-15 20:00:00,0.1972,0.19886,0.19421,0.19624,121365150.242722,23791814.950553972
2025-10-16 00:00:00,0.19625,0.19911,0.19538,0.19644,101469747.445603,20027699.521514077
2025-10-16 04:00:00,0.19645,0.19975,0.19503,0.19737,113979996.562675,22504948.469316635
2025-10-16 08:00:00,0.19741,0.20061,0.18989,0.20035,256499341.515783,50188923.26317464
2025-10-16 12:00:00,0.20036,0.20146,0.18736,0.18945,331450830.380085,64576539.00281687
2025-10-16 16:00:00,0.18944,0.19482,0.18571,0.1878,323783138.387846,61520179.21445032
2025-10-16 20:00:00,0.18779,0.18893,0.18473,0.18852,113552048.806711,21226719.311045047
2025-10-17 00:00:00,0.18851,0.1912,0.18791,0.19036,80187474.902881,15204166.728631416
2025-10-17 04:00:00,0.19037,0.19049,0.17837,0.17863,299325860.073659,54716924.06909419
2025-10-17 08:00:00,0.17864,0.18404,0.17557,0.18272,394591472.036837,70712486.14672886
2025-10-17 12:00:00,0.18272,0.18495,0.17964,0.18488,255350677.748468,46623648.181966655
2025-10-17 16:00:00,0.18486,0.18727,0.18334,0.18443,142940721.499478,26452574.07720541
2025-10-17 20:00:00,0.18445,0.18777,0.18397,0.18473,67728052.789901,12605055.409743512
2025-10-18 00:00:00,0.18471,0.18855,0.18423,0.18696,87166544.475245,16274828.447131863
2025-10-18 04:00:00,0.18695,0.18987,0.18505,0.18789,117684267.965095,22071753.72030477
2025-10-18 08:00:00,0.18789,0.18844,0.18659,0.18798,78081874.450744,14640823.517072596
2025-10-18 12:00:00,0.18799,0.18879,0.18583,0.18765,56588934.978886,10596858.855152
2025-10-18 16:00:00,0.18766,0.19062,0.18595,0.18939,72247029.845467,13624646.55637218
2025-10-18 20:00:00,0.1894,0.19026,0.18824,0.1896,39512126.069756,7480153.962316151
2025-10-19 00:00:00,0.18961,0.19077,0.18775,0.19063,58280345.624573,11022101.369277803
2025-10-19 04:00:00,0.19064,0.1912,0.18823,0.1888,55447051.024232,10523202.953696316
2025-10-19 08:00:00,0.18883,0.19677,0.18603,0.19329,318962623.631837,60962865.73957815
2025-10-19 12:00:00,0.1933,0.1981,0.19256,0.19652,154117691.994183,30214873.99447476
2025-10-19 16:00:00,0.19652,0.19863,0.19545,0.19681,96144619.315528,18961669.071354453
2025-10-19 20:00:00,0.1968,0.19762,0.19471,0.19537,54307436.119119,10661904.977438161
2025-10-20 00:00:00,0.19535,0.19999,0.19166,0.19919,141730404.117981,27671243.96568168
2025-10-20 04:00:00,0.1992,0.20256,0.1992,0.2012,154611676.227189,31084786.537790492
2025-10-20 08:00:00,0.2012,0.20247,0.19956,0.2003,122293612.621758,24546251.06919957
2025-10-20 12:00:00,0.20031,0.20197,0.19928,0.19934,82671705.908336,16588914.01726524
2025-10-20 16:00:00,0.19933,0.20039,0.19579,0.1996,121646591.72824,24104269.652281824
2025-10-20 20:00:00,0.19962,0.20073,0.19841,0.19999,40777196.643861,8145570.133029554
2025-10-21 00:00:00,0.19998,0.20073,0.1959,0.19659,92448840.212746,18287465.468635976
2025-10-21 04:00:00,0.19657,0.19661,0.19282,0.19428,141606337.319378,27469527.482404597
2025-10-21 08:00:00,0.19429,0.19539,0.19206,0.19454,85253107.332019,16513215.093932308
2025-10-21 12:00:00,0.19454,0.20565,0.19377,0.20441,315093865.658993,63197669.71637802
2025-10-21 16:00:00,0.20441,0.205,0.1991,0.20148,181469226.328279,36725934.87857305
2025-10-21 20:00:00,0.20153,0.2018,0.19364,0.19428,166012773.784478,32707558.528961465
2025-10-22 00:00:00,0.19429,0.19544,0.19252,0.1938,127251884.500774,24683909.73253046
2025-10-22 04:00:00,0.19381,0.19528,0.1893,0.19198,178429356.760091,34232591.435008004
2025-10-22 08:00:00,0.19197,0.19199,0.18629,0.19101,161780791.300601,30728932.685138233
2025-10-22 12:00:00,0.19103,0.19337,0.18815,0.19209,210786072.779267,40231357.11468847
2025-10-22 16:00:00,0.19212,0.19314,0.18859,0.19046,145333687.471907,27786303.294628132
2025-10-22 20:00:00,0.19048,0.19102,0.18446,0.18992,159247008.963961,29893023.182699032
2025-10-23 00:00:00,0.18993,0.19177,0.18956,0.19104,56054898.758835,10694063.231156088
2025-10-23 04:00:00,0.19105,0.19496,0.19081,0.19402,112651782.86367,21758711.2845672
2025-10-23 08:00:00,0.19403,0.196,0.19315,0.19333,104155259.219671,20272335.496826652
2025-10-23 12:00:00,0.19332,0.1962,0.19147,0.19552,140607729.380171,27279011.672575656
2025-10-23 16:00:00,0.19552,0.19744,0.19475,0.19587,123509595.553822,24204172.544632465
2025-10-23 20:00:00,0.19586,0.1959,0.19238,0.19494,72277956.877069,14037222.443013115
2025-10-24 00:00:00,0.19494,0.19596,0.19436,0.19533,59857578.542986,11681707.277534956
2025-10-24 04:00:00,0.19533,0.19854,0.19502,0.19676,120191290.578337,23725672.702497266
2025-10-24 08:00:00,0.19676,0.19797,0.19542,0.19735,61062223.236409,12024378.02818154
2025-10-24 12:00:00,0.19735,0.20106,0.194,0.19497,215435632.887285,42461146.769256674
2025-10-24 16:00:00,0.19497,0.19705,0.19413,0.19672,41934065.524894,8198061.355323709
2025-10-24 20:00:00,0.19674,0.1985,0.19662,0.19776,29274649.562391,5782372.880725395
2025-10-25 00:00:00,0.19772,0.19985,0.19736,0.1978,50114375.773028,9952224.816208487
2025-10-25 04:00:00,0.19779,0.19941,0.1977,0.19798,49536194.242336,9839965.985140536
2025-10-25 08:00:00,0.19798,0.19884,0.19682,0.19751,36424379.140641,7201566.2226466
2025-10-25 12:00:00,0.19752,0.19849,0.196,0.19626,47227146.262313,9309746.827457434
2025-10-25 16:00:00,0.19629,0.19813,0.1961,0.19738,28924676.134421,5700849.755357945
2025-10-25 20:00:00,0.1974,0.19763,0.19626,0.19653,22004307.280237,4331358.047602238
2025-10-26 00:00:00,0.19652,0.19708,0.19466,0.19503,49358258.605014,9660814.262286833
2025-10-26 04:00:00,0.19504,0.1967,0.19489,0.19669,31232423.735626,6115653.585142408
2025-10-26 08:00:00,0.19669,0.20243,0.19643,0.20184,121380950.579915,24225638.278195236
2025-10-26 12:00:00,0.20182,0.20387,0.20142,0.20307,119214522.659458,24147397.484087326
2025-10-26 16:00:00,0.20308,0.20319,0.20152,0.20186,53492696.566445,10822507.18333359
2025-10-26 20:00:00,0.20185,0.20748,0.20032,0.2058,132465833.4627,27103511.25802057
2025-10-27 00:00:00,0.2058,0.20955,0.20528,0.20688,148504523.030416,30839307.85661808
2025-10-27 04:00:00,0.20689,0.20894,0.20517,0.20633,150136951.279827,31120099.72600289
2025-10-27 08:00:00,0.20633,0.20651,0.20159,0.20337,134531106.530185,27418574.59911766
2025-10-27 12:00:00,0.20337,0.20382,0.20007,0.20301,106446870.26226,21541769.39860251
2025-10-27 16:00:00,0.20304,0.2057,0.20286,0.20315,82926059.463464,16945037.580783874
2025-10-27 20:00:00,0.20315,0.20316,0.19861,0.20037,67047394.719972,13481321.458269438
2025-10-28 00:00:00,0.20037,0.20158,0.19819,0.19972,84984063.684975,16984081.129691288
2025-10-28 04:00:00,0.19971,0.20206,0.19814,0.20033,86216755.346947,17217906.7686184
2025-10-28 08:00:00,0.20033,0.20119,0.1995,0.1998,39381899.036145,7888267.765769651
2025-10-28 12:00:00,0.19977,0.2031,0.19604,0.19976,145886258.665715,29166745.648150392
2025-10-28 16:00:00,0.19975,0.2025,0.19618,0.19679,92435225.194145,18496281.547633063
2025-10-28 20:00:00,0.19677,0.19688,0.19,0.19365,185471493.637955,35811631.30046533
2025-10-29 00:00:00,0.19365,0.19477,0.19266,0.19304,62048686.580452,12013189.771780344
2025-10-29 04:00:00,0.19302,0.19483,0.19291,0.19436,56335219.477838,10930184.70114541
2025-10-29 08:00:00,0.19436,0.19566,0.19261,0.19543,59114733.384256,11463102.712700887
2025-10-29 12:00:00,0.1954,0.19728,0.19032,0.19115,168404836.790182,32629637.38686685
2025-10-29 16:00:00,0.19116,0.197,0.18675,0.19401,373974934.221867,71812049.00037476
2025-10-29 20:00:00,0.19403,0.19682,0.19141,0.19234,134377920.519832,26152051.841829196
2025-10-30 00:00:00,0.19235,0.19461,0.1912,0.19372,62916854.153808,12145960.561651291
2025-10-30 04:00:00,0.1937,0.19374,0.18574,0.19265,212536586.801217,40207111.89061329
2025-10-30 08:00:00,0.19265,0.19267,0.18785,0.18798,84091237.349128,15972231.907189311
2025-10-30 12:00:00,0.18798,0.18836,0.17985,0.1807,321369428.610581,58871722.31929132
2025-10-30 16:00:00,0.1807,0.1821,0.17641,0.17695,200156261.172961,35909334.52273695
2025-10-30 20:00:00,0.17694,0.18285,0.17639,0.18267,127895657.368347,22994806.973878976
2025-10-31 00:00:00,0.18268,0.18585,0.18227,0.18452,102187481.783068,18839126.606941793
2025-10-31 04:00:00,0.18453,0.18607,0.18388,0.1845,80644457.896475,14925892.538477829
2025-10-31 08:00:00,0.1845,0.18739,0.1837,0.18676,56218620.77129,10434191.869042693
2025-10-31 12:00:00,0.18674,0.18734,0.18455,0.18599,105257458.638766,19592538.96883446
2025-10-31 16:00:00,0.18598,0.18818,0.18273,0.18751,119921755.404089,22206000.270222448
2025-10-31 20:00:00,0.1875,0.18764,0.18536,0.18644,29821227.355873,5558694.600330469
2025-11-01 00:00:00,0.18644,0.18717,0.18508,0.18696,39989051.976076,7446304.303035955
2025-11-01 04:00:00,0.18698,0.18723,0.18558,0.18707,33810388.413733,6307273.071795864
2025-11-01 08:00:00,0.18709,0.18799,0.18671,0.18704,33381808.463732,6249770.8400674695
2025-11-01 12:00:00,0.18705,0.18772,0.18547,0.18735,47981741.867416,8950790.183721922
2025-11-01 16:00:00,0.18736,0.18788,0.18664,0.18738,23802259.026378,4454599.2145736255
2025-11-01 20:00:00,0.1874,0.1884,0.18619,0.18737,32355293.568903,6062360.304133283
2025-11-02 00:00:00,0.18738,0.18738,0.18588,0.18622,24794048.354838,4624856.877540466
2025-11-02 04:00:00,0.18622,0.18888,0.18604,0.18822,35310318.525711,6621863.879873348
2025-11-02 08:00:00,0.18822,0.18839,0.18485,0.187,61349953.647321,11441121.865230065
2025-11-02 12:00:00,0.187,0.18707,0.18282,0.18346,57687526.678493,10636938.49471682
2025-11-02 16:00:00,0.18347,0.18428,0.18175,0.18327,33457860.970002,6125035.678361057
2025-11-02 20:00:00,0.18328,0.18678,0.1828,0.18638,32524083.340717,6008290.803049268
2025-11-03 00:00:00,0.18638,0.18664,0.17459,0.17513,226880777.05452,40649862.24270229
2025-11-03 04:00:00,0.17515,0.17678,0.17103,0.17355,220806600.021029,38430628.82890087
2025-11-03 08:00:00,0.17355,0.17531,0.17139,0.17421,140690295.75635,24405106.858685248
2025-11-03 12:00:00,0.17422,0.17578,0.15908,0.16701,540405271.212782,90774938.73497826
2025-11-03 16:00:00,0.16703,0.17178,0.16554,0.16809,187282622.490261,31620252.99541984
2025-11-03 20:00:00,0.1681,0.16846,0.16436,0.16739,126683458.850787,21059281.570947926
2025-11-04 00:00:00,0.1674,0.17094,0.16562,0.1704,137853624.509443,23307683.86317333
2025-11-04 04:00:00,0.17042,0.17112,0.16066,0.16201,363223890.025578,59760100.95019602
2025-11-04 08:00:00,0.162,0.16701,0.16093,0.16613,178634955.603542,29391404.88745869
2025-11-04 12:00:00,0.16613,0.16853,0.16084,0.16396,313690079.688708,51582742.72947208
2025-11-04 16:00:00,0.16396,0.16518,0.15416,0.15796,431406048.522577,68520581.52493602
2025-11-04 20:00:00,0.15796,0.16435,0.15153,0.16227,488662645.734578,76801467.77101138
2025-11-05 00:00:00,0.16224,0.16496,0.15455,0.16444,242651890.391667,39003101.516889185
2025-11-05 04:00:00,0.16441,0.16617,0.16368,0.16494,77125345.539667,12712563.203198733
2025-11-05 08:00:00,0.16494,0.16494,0.16115,0.16391,110423754.885247,18001443.69942746
2025-11-05 12:00:00,0.1639,0.16737,0.16301,0.16733,163900497.894894,27106502.400486685
2025-11-05 16:00:00,0.16735,0.16885,0.1657,0.16729,99033220.322908,16578975.476324044
2025-11-05 20:00:00,0.16728,0.1683,0.16606,0.16724,56030834.847743,9374445.503126713
2025-11-06 00:00:00,0.1672,0.16779,0.16436,0.16704,78811870.74584,13099254.1137459
2025-11-06 04:00:00,0.16707,0.16741,0.16277,0.16326,89057062.571681,14642505.068516832
2025-11-06 08:00:00,0.16325,0.16415,0.16214,0.16304,64012047.781646,10445518.623762395
2025-11-06 12:00:00,0.16303,0.16383,0.15855,0.15919,167105700.461871,26927423.002603896
2025-11-06 16:00:00,0.15917,0.16214,0.15687,0.16074,129180577.433661,20597543.03498573
2025-11-06 20:00:00,0.16077,0.1629,0.15955,0.16165,55903208.192487,9015680.387571065
2025-11-07 00:00:00,0.16164,0.16507,0.16095,0.16437,104313962.352005,17010932.313422747
2025-11-07 04:00:00,0.16437,0.16725,0.16362,0.167,78681890.421577,13018660.524197018
2025-11-07 08:00:00,0.16701,0.16733,0.16213,0.16376,110490257.629902,18189003.135655686
2025-11-07 12:00:00,0.16376,0.17027,0.15964,0.16899,251300337.596936,41334557.196666025
2025-11-07 16:00:00,0.16901,0.18169,0.16836,0.1806,374285322.335136,66175085.19645081
2025-11-07 20:00:00,0.18058,0.1816,0.17835,0.17877,77051016.48619,13860843.70745266
2025-11-08 00:00:00,0.17878,0.18333,0.17733,0.17979,151583253.772147,27391159.628074247
2025-11-08 04:00:00,0.17978,0.18228,0.17763,0.18019,107128300.313678,19241421.623481303
2025-11-08 08:00:00,0.18019,0.1822,0.17854,0.17913,83017676.464487,14974916.473567624
2025-11-08 12:00:00,0.17913,0.17961,0.17322,0.17397,128538768.263178,22627109.464167707
2025-11-08 16:00:00,0.17397,0.17598,0.17292,0.17504,51821145.301345,9039468.267222872
2025-11-08 20:00:00,0.17508,0.17662,0.17456,0.17607,39035850.030107,6862981.478623308
2025-11-09 00:00:00,0.17608,0.1761,0.17124,0.17202,67588277.724343,11725195.570949284
2025-11-09 04:00:00,0.17202,0.17543,0.17188,0.1752,36429056.07141,6331744.422771652
2025-11-09 08:00:00,0.1752,0.17552,0.17245,0.17513,62407271.283275,10874326.63840796
2025-11-09 12:00:00,0.17513,0.17964,0.17478,0.1781,109707915.022763,19450436.17224309
2025-11-09 16:00:00,0.17808,0.18014,0.17654,0.18013,64334640.605665,11462240.13782687
2025-11-09 20:00:00,0.18014,0.18162,0.17852,0.17931,61748001.00745,11097923.805275636
2025-11-10 00:00:00,0.17931,0.18371,0.17804,0.18168,130862511.739065,23739158.267696407
2025-11-10 04:00:00,0.18167,0.18201,0.18014,0.18134,66500207.926299,12044031.989342451
2025-11-10 08:00:00,0.18135,0.18574,0.17964,0.18305,120299468.027093,22006135.60387223
2025-11-10 12:00:00,0.18304,0.18404,0.17777,0.17924,170235264.477694,30739420.561726823
2025-11-10 16:00:00,0.17923,0.18112,0.17725,0.17992,68627005.022012,12310836.847434072
2025-11-10 20:00:00,0.17992,0.18416,0.17824,0.18176,57032445.364407,10336268.133341707
2025-11-11 00:00:00,0.18178,0.18639,0.17938,0.18284,164660923.020636,30053162.18955229
2025-11-11 04:00:00,0.18281,0.18338,0.17628,0.17643,128609502.150573,23004420.20567252
2025-11-11 08:00:00,0.17643,0.1788,0.1762,0.17767,61047749.167879,10842191.904219048
2025-11-11 12:00:00,0.17768,0.17887,0.17528,0.17618,135174324.624073,23931462.727048136
2025-11-11 16:00:00,0.17616,0.17718,0.17342,0.17434,73182431.387945,12849079.376255551
2025-11-11 20:00:00,0.17435,0.1746,0.17158,0.17208,72958206.500105,12621154.555722252
2025-11-12 00:00:00,0.17209,0.17311,0.171,0.17162,56446316.734967,9718899.42473405
2025-11-12 04:00:00,0.17162,0.17295,0.1711,0.17145,41184032.275708,7084040.578114396
2025-11-12 08:00:00,0.17146,0.17711,0.17144,0.1762,58952756.696403,10326109.997669412
2025-11-12 12:00:00,0.17619,0.17852,0.17082,0.17136,121026051.909705,21198058.51433308
2025-11-12 16:00:00,0.17136,0.17181,0.1672,0.16904,138363483.828531,23425862.778503746
2025-11-12 20:00:00,0.16902,0.1714,0.16851,0.17019,34731809.035504,5913911.569930284
2025-11-13 00:00:00,0.17017,0.17561,0.16921,0.17404,105563581.496854,18165816.03472432
2025-11-13 04:00:00,0.17404,0.17705,0.17326,0.17576,101448405.701657,17779876.98654621
2025-11-13 08:00:00,0.17574,0.17684,0.17421,0.17587,48044586.517168,8426428.636529628
2025-11-13 12:00:00,0.17587,0.17768,0.172,0.17276,130808072.391376,22836567.258089643
2025-11-13 16:00:00,0.17272,0.17321,0.16018,0.16128,244439026.181878,40412135.86012417
2025-11-13 20:00:00,0.16128,0.16534,0.16,0.16384,117167075.777668,19003036.365854323
2025-11-14 00:00:00,0.16383,0.16572,0.16255,0.16411,89361683.830281,14656001.927417576
2025-11-14 04:00:00,0.16411,0.16626,0.15905,0.1651,231315672.100393,37662247.7070201
2025-11-14 08:00:00,0.16511,0.16528,0.16074,0.16208,100980437.774196,16436457.19145708
2025-11-14 12:00:00,0.1621,0.16468,0.15771,0.16287,231315467.093604,37205333.05352817
2025-11-14 16:00:00,0.16289,0.16477,0.16092,0.1633,76445863.841811,12455711.119427444
2025-11-14 20:00:00,0.16331,0.16339,0.15463,0.15767,97116332.658609,15374993.64290668
2025-11-15 00:00:00,0.15766,0.16309,0.15721,0.16291,83245061.054948,13394623.835146919
2025-11-15 04:00:00,0.16292,0.16422,0.16218,0.16302,46149105.115376,7522325.29471
2025-11-15 08:00:00,0.16305,0.16312,0.16077,0.16183,39216206.956387,6347806.21997088
2025-11-15 12:00:00,0.16184,0.16409,0.16159,0.16311,50512563.815622,8239534.447027356
2025-11-15 16:00:00,0.1631,0.1648,0.1618,0.16376,45474176.653718,7416732.398197145
2025-11-15 20:00:00,0.16376,0.164,0.16193,0.16316,32288397.655478,5264356.687373206
2025-11-16 00:00:00,0.16316,0.16444,0.15997,0.16387,70193072.828982,11385398.73024042
2025-11-16 04:00:00,0.16387,0.16429,0.16274,0.16408,25153900.812458,4114480.58132458
2025-11-16 08:00:00,0.16406,0.16562,0.16103,0.16144,78661987.062422,12871021.139645351
2025-11-16 12:00:00,0.16143,0.16232,0.15831,0.1586,109075730.951116,17501884.46673949
2025-11-16 16:00:00,0.15862,0.15962,0.15364,0.15589,168589860.283996,26357102.37110252
2025-11-16 20:00:00,0.1559,0.15968,0.155,0.1586,115375056.715651,18077228.761912014
2025-11-17 00:00:00,0.15858,0.16163,0.157,0.16146,115448285.107738,18448265.14530111
2025-11-17 04:00:00,0.1615,0.16241,0.1607,0.16187,84093074.192298,13576906.350679679
2025-11-17 08:00:00,0.16188,0.163,0.16115,0.16215,49950111.248162,8095011.422944031
2025-11-17 12:00:00,0.16215,0.16515,0.15757,0.15843,251563146.446552,40495656.60161997
2025-11-17 16:00:00,0.15842,0.16084,0.15183,0.15231,237306134.552846,36946354.40331749
2025-11-17 20:00:00,0.15228,0.15342,0.15068,0.15215,119654272.656711,18207780.792077627
2025-11-18 00:00:00,0.15216,0.1548,0.14943,0.15455,201712650.148682,30718427.3271324
2025-11-18 04:00:00,0.15455,0.15622,0.1522,0.15507,127730630.492472,19711554.88042637
2025-11-18 08:00:00,0.15509,0.15783,0.15504,0.15693,90075842.675478,14129996.417703236
2025-11-18 12:00:00,0.15696,0.16054,0.15587,0.15922,172867714.294532,27299960.57076736
2025-11-18 16:00:00,0.15923,0.16291,0.1587,0.16223,115992979.130493,18636911.702248313
2025-11-18 20:00:00,0.16223,0.16273,0.16053,0.1617,42534601.207829,6877827.6451469045
2025-11-19 00:00:00,0.16172,0.16249,0.15924,0.15956,86649419.748519,13931314.941609468
2025-11-19 04:00:00,0.15954,0.16018,0.15543,0.15895,120006102.368797,18910770.91970672
2025-11-19 08:00:00,0.15894,0.15946,0.15709,0.15816,56707725.188372,8979089.474379683
2025-11-19 12:00:00,0.15817,0.15974,0.15421,0.15451,119609184.567347,18787018.781475216
2025-11-19 16:00:00,0.1545,0.15538,0.14716,0.14884,188661175.701256,28332019.339187942
2025-11-19 20:00:00,0.14884,0.15517,0.14804,0.1546,116626994.480099,17778639.259295065
2025-11-20 00:00:00,0.1546,0.15833,0.15374,0.15765,99453203.323249,15548381.876197396
2025-11-20 04:00:00,0.15766,0.15884,0.15633,0.15822,79629178.720805,12536238.130767604
2025-11-20 08:00:00,0.15823,0.15838,0.15645,0.158,50041115.734081,7875853.611370537
2025-11-20 12:00:00,0.15801,0.15976,0.15624,0.15739,170636558.76979,26984281.348309506
2025-11-20 16:00:00,0.15737,0.1576,0.14622,0.14966,349504973.046145,52457887.0000864
2025-11-20 20:00:00,0.14966,0.15317,0.14821,0.14892,107365824.25407,16175530.995133588
2025-11-21 00:00:00,0.14892,0.15111,0.14504,0.14693,142640268.745517,21117177.135700025
2025-11-21 04:00:00,0.14693,0.14825,0.13391,0.14037,471272459.223207,66478267.49289365
2025-11-21 08:00:00,0.1404,0.14236,0.13645,0.13682,240619066.792002,33562183.75842745
2025-11-21 12:00:00,0.13684,0.1421,0.13324,0.13799,355684225.942069,49223786.601857275
2025-11-21 16:00:00,0.13798,0.14352,0.13578,0.13997,208254199.426076,29134430.91885757
2025-11-21 20:00:00,0.13995,0.14166,0.13574,0.14029,85408961.621866,11878971.741972905
2025-11-22 00:00:00,0.14029,0.14149,0.13848,0.13931,79816550.989466,11181453.021770498
2025-11-22 04:00:00,0.13931,0.14017,0.13565,0.13965,84098233.144729,11574627.358749269
2025-11-22 08:00:00,0.13964,0.1401,0.1355,0.1382,124655147.257647,17138717.261894614
2025-11-22 12:00:00,0.13821,0.13953,0.13563,0.13818,99735879.540106,13750064.511560764
2025-11-22 16:00:00,0.13817,0.14017,0.13811,0.13947,41537596.222462,5783933.530282303
2025-11-22 20:00:00,0.13947,0.14243,0.13872,0.14027,48271796.276099,6781865.754994352
2025-11-23 00:00:00,0.14028,0.14339,0.13967,0.14288,78608526.688651,11152856.09649322
2025-11-23 04:00:00,0.14288,0.1447,0.14192,0.14288,90614026.327564,12987965.564485317
2025-11-23 08:00:00,0.14287,0.14431,0.14285,0.14382,33533018.106694,4811404.753453858
2025-11-23 12:00:00,0.14381,0.14774,0.14364,0.14723,93243668.121565,13554879.267041637
2025-11-23 16:00:00,0.14722,0.14766,0.1446,0.14657,85297470.085881,12458748.317591773
2025-11-23 20:00:00,0.14657,0.14759,0.14448,0.14503,72145910.026206,10538540.29163447
2025-11-24 00:00:00,0.14501,0.14927,0.14357,0.14733,131008015.353362,19199410.2570302
2025-11-24 04:00:00,0.14734,0.14889,0.14454,0.14624,106246685.006829,15602340.86146304
2025-11-24 08:00:00,0.14624,0.147,0.144,0.14552,74857239.106151,10870114.09397561
2025-11-24 12:00:00,0.1455,0.14762,0.1428,0.1468,127632001.88353,18562692.39053267
2025-11-24 16:00:00,0.14679,0.15332,0.14671,0.15248,161583937.932657,24360177.98419516
2025-11-24 20:00:00,0.15248,0.15398,0.15171,0.1518,61436743.89047,9382465.591391936
2025-11-25 00:00:00,0.1518,0.15228,0.15023,0.15115,67439293.819337,10204446.649479272
2025-11-25 04:00:00,0.15116,0.152,0.14916,0.14928,53865881.237309,8121766.983063718
2025-11-25 08:00:00,0.14928,0.14975,0.14751,0.14866,57188923.559899,8499605.979913997
2025-11-25 12:00:00,0.14867,0.15012,0.14585,0.148,129814782.808743,19228188.016496155
2025-11-25 16:00:00,0.148,0.15222,0.14793,0.15107,96137768.095878,14438917.84681119
2025-11-25 20:00:00,0.15107,0.15508,0.15082,0.15299,91558926.919217,14014073.592248077
2025-11-26 00:00:00,0.15301,0.15401,0.15032,0.15058,108052315.595849,16460262.089044647
2025-11-26 04:00:00,0.15059,0.15247,0.15005,0.15238,55735595.50267,8428115.883190772
2025-11-26 08:00:00,0.1524,0.15242,0.14967,0.14991,67497173.220648,10157938.561794735
2025-11-26 12:00:00,0.14991,0.15191,0.14867,0.15069,109111758.205389,16394061.848906256
2025-11-26 16:00:00,0.1507,0.15677,0.15068,0.15588,135999016.828933,21016007.33041313
2025-11-26 20:00:00,0.15589,0.15631,0.15426,0.15475,41120765.362918,6386698.294729408
2025-11-27 00:00:00,0.15474,0.15562,0.15374,0.15391,85187659.807598,13177380.310300136
2025-11-27 04:00:00,0.15392,0.15496,0.15375,0.15427,43141998.140313,6657838.0207237275
2025-11-27 08:00:00,0.15427,0.15462,0.15242,0.1529,58178308.80293,8929033.66473412
2025-11-27 12:00:00,0.15291,0.15408,0.15221,0.15401,47322667.857028,7231512.280289597
2025-11-27 16:00:00,0.154,0.15443,0.15266,0.15397,47699811.85561,7319971.566965717
2025-11-27 20:00:00,0.15398,0.1548,0.15226,0.15266,25602369.326689,3929506.0525135184
2025-11-28 00:00:00,0.15266,0.15293,0.14966,0.151,69845698.623525,10538072.598475082
2025-11-28 04:00:00,0.15102,0.15123,0.14963,0.14985,55642989.228814,8371022.105999366
2025-11-28 08:00:00,0.14987,0.15352,0.14975,0.15044,81486818.570687,12347500.900838006
2025-11-28 12:00:00,0.15043,0.15551,0.15021,0.15373,103821470.841384,15872884.865994524
2025-11-28 16:00:00,0.15375,0.15378,0.14824,0.15103,87518691.159821,13159122.559393847
2025-11-28 20:00:00,0.15103,0.15134,0.14953,0.15019,31200433.323927,4695956.085300331
2025-11-29 00:00:00,0.15018,0.15095,0.14945,0.14989,26456834.890696,3969932.365072748
2025-11-29 04:00:00,0.1499,0.1507,0.14855,0.14905,35369897.590987,5286791.886644616
2025-11-29 08:00:00,0.14907,0.14958,0.14841,0.14948,34866277.574241,5201963.519191443
2025-11-29 12:00:00,0.14949,0.15003,0.14836,0.14948,32401396.698625,4827408.809876522
2025-11-29 16:00:00,0.14949,0.14952,0.14725,0.14821,50780179.745595,7524032.510059757
2025-11-29 20:00:00,0.14821,0.14898,0.14778,0.14837,39040233.209968,5790859.370480561
2025-11-30 00:00:00,0.14838,0.14955,0.14798,0.14936,27976316.821357,4164681.0377659407
2025-11-30 04:00:00,0.14937,0.1495,0.14841,0.14926,23288021.72347,3470168.966365078
2025-11-30 08:00:00,0.14926,0.14988,0.14864,0.14885,53211670.072309,7952811.81198498
2025-11-30 12:00:00,0.14886,0.15058,0.14857,0.14939,52727612.579056,7892191.062546494
2025-11-30 16:00:00,0.1494,0.15055,0.14926,0.14975,35210501.343218,5279397.366878938
2025-11-30 20:00:00,0.14975,0.15042,0.14579,0.14603,51033229.04753,7550483.276573659
2025-12-01 00:00:00,0.14601,0.14638,0.13694,0.13718,244533816.263925,34372075.9649934
2025-12-01 04:00:00,0.13718,0.13779,0.13655,0.13774,99058602.056939,13585990.001918692
2025-12-01 08:00:00,0.13774,0.13847,0.13662,0.13704,69228966.605155,9511756.364875773
2025-12-01 12:00:00,0.13705,0.13707,0.13175,0.13386,196691241.154022,26480739.246597283
2025-12-01 16:00:00,0.13387,0.13396,0.13214,0.13323,68509574.419151,9119539.74573252
2025-12-01 20:00:00,0.13327,0.13663,0.13325,0.13546,60591246.860831,8180423.777486212
2025-12-02 00:00:00,0.13546,0.13734,0.13492,0.13633,45637443.140826,6202408.856811182
2025-12-02 04:00:00,0.13634,0.13675,0.13541,0.13564,20747274.263053,2819851.7018903526
2025-12-02 08:00:00,0.13563,0.13727,0.13444,0.13696,54051524.072924,7347196.620029634
2025-12-02 12:00:00,0.13697,0.14781,0.13679,0.1463,250322700.837741,35631332.70896152
2025-12-02 16:00:00,0.14631,0.14729,0.14485,0.14601,125292520.40338,18291678.226024423
2025-12-02 20:00:00,0.14604,0.14732,0.14475,0.14578,60105731.456531,8775144.571804903
2025-12-03 00:00:00,0.14578,0.14796,0.14522,0.14738,89004010.152716,13066058.719556771
2025-12-03 04:00:00,0.14738,0.15206,0.14724,0.15048,106447223.205339,15973959.303865245
2025-12-03 08:00:00,0.15049,0.1509,0.14914,0.15003,66685845.549848,10007114.042244203
2025-12-03 12:00:00,0.15003,0.15096,0.14651,0.14918,115943208.747963,17251634.59356385
2025-12-03 16:00:00,0.1492,0.15192,0.14842,0.15064,55480360.097583,8348528.735080824
2025-12-03 20:00:00,0.15064,0.1534,0.15014,0.15167,83304635.764028,12653253.435425447
2025-12-04 00:00:00,0.15168,0.15322,0.15071,0.15109,74220816.018739,11263537.240805198
2025-12-04 04:00:00,0.1511,0.15163,0.14922,0.14988,49419166.228879,7424922.3944040835
2025-12-04 08:00:00,0.14988,0.15042,0.14907,0.14937,38746764.194996,5801034.015503048
2025-12-04 12:00:00,0.14937,0.15104,0.14775,0.15021,69886318.077057,10439704.477729231
2025-12-04 16:00:00,0.15021,0.15042,0.1456,0.14802,70731324.678175,10484989.799890462
2025-12-04 20:00:00,0.14801,0.14854,0.14713,0.14741,26171531.783163,3869723.0521945953
2025-12-05 00:00:00,0.1474,0.14837,0.14718,0.14746,27873019.261409,4121586.743760256
2025-12-05 04:00:00,0.14745,0.14788,0.14618,0.14746,39214266.926545,5757208.771156735
2025-12-05 08:00:00,0.14746,0.14746,0.14365,0.14432,63259559.221937,9166596.986657677
2025-12-05 12:00:00,0.14433,0.14493,0.14186,0.14252,94013041.463245,13470234.913353972
2025-12-05 16:00:00,0.14252,0.1426,0.13724,0.13903,126853054.063299,17632745.747475065
2025-12-05 20:00:00,0.13904,0.13968,0.13802,0.13957,29727827.325595,4128766.0779305566
2025-12-06 00:00:00,0.13958,0.14043,0.13897,0.13997,31193968.701791,4359600.388259033
2025-12-06 04:00:00,0.13998,0.14008,0.13882,0.13928,29914972.421132,4170040.342977644
2025-12-06 08:00:00,0.1393,0.13987,0.13836,0.1397,26012226.434729,3619635.782148528
2025-12-06 12:00:00,0.1397,0.14076,0.13904,0.13961,41963600.216743,5867173.583941572
2025-12-06 16:00:00,0.13961,0.14057,0.13904,0.13935,44340624.039025,6199597.121240854
2025-12-06 20:00:00,0.13936,0.14049,0.13909,0.13977,24895196.377928,3480344.7314297855
2025-12-07 00:00:00,0.13978,0.14044,0.13958,0.14035,21892063.205151,3065626.418297157
2025-12-07 04:00:00,0.14035,0.14091,0.13934,0.13951,30023911.926819,4208560.960424689
2025-12-07 08:00:00,0.1395,0.13984,0.13845,0.13891,32074285.78841,4459389.616996718
2025-12-07 12:00:00,0.13891,0.13993,0.13472,0.13934,142651484.866985,19539578.763570223
2025-12-07 16:00:00,0.13933,0.1429,0.1382,0.14208,96343779.640661,13569958.456618844
2025-12-07 20:00:00,0.14208,0.14229,0.13582,0.13872,68328676.668316,9479499.307179356
2025-12-08 00:00:00,0.13871,0.14155,0.13801,0.14031,55002016.481392,7695970.315002938
2025-12-08 04:00:00,0.14031,0.14264,0.14026,0.14218,42081254.664692,5957358.979226108
2025-12-08 08:00:00,0.14219,0.14481,0.14193,0.14322,85723183.231835,12304977.118081607
2025-12-08 12:00:00,0.14323,0.14504,0.14189,0.14248,104479432.326466,14984264.121077793
2025-12-08 16:00:00,0.14247,0.14398,0.1412,0.14266,55214053.334161,7873731.0020928625
2025-12-08 20:00:00,0.14268,0.14405,0.14191,0.14259,25995311.877594,3715652.5782658914
2025-12-09 00:00:00,0.1426,0.14272,0.14027,0.1416,50827497.159258,7172928.084025013
2025-12-09 04:00:00,0.14163,0.14164,0.13942,0.14079,43845457.857781,6150698.869540602
2025-12-09 08:00:00,0.14081,0.14102,0.13959,0.14088,39330227.069483,5521133.391002944
2025-12-09 12:00:00,0.14088,0.14682,0.14051,0.14629,135012419.968273,19367561.61476744
2025-12-09 16:00:00,0.14628,0.15316,0.14628,0.15091,208856101.416174,31492192.530868854
2025-12-09 20:00:00,0.1509,0.15157,0.14685,0.14794,46709377.347935,6958030.917020732
2025-12-10 00:00:00,0.14795,0.14828,0.146,0.14742,49013644.158234,7204188.759499259
2025-12-10 04:00:00,0.1474,0.14783,0.14608,0.1467,28180464.22378,4139909.8523887023
2025-12-10 08:00:00,0.1467,0.14815,0.14517,0.14587,59380691.410713,8694355.372788452
2025-12-10 12:00:00,0.14588,0.14664,0.14455,0.14518,42938255.432101,6250665.201657648
2025-12-10 16:00:00,0.14518,0.14933,0.14495,0.14752,135725513.689122,19963387.199912693
2025-12-10 20:00:00,0.14754,0.15036,0.14236,0.14336,138309714.581837,20199638.02747084
2025-12-11 00:00:00,0.14333,0.1436,0.1372,0.13809,200657604.143897,28053511.469592094
2025-12-11 04:00:00,0.13809,0.13911,0.13743,0.13813,61039586.289792,8449272.471693214
2025-12-11 08:00:00,0.13813,0.13844,0.13717,0.13803,34677372.894686,4780159.769387949
2025-12-11 12:00:00,0.13803,0.13835,0.13656,0.1371,83294886.903693,11457782.55182848
2025-12-11 16:00:00,0.13713,0.13964,0.13625,0.13839,67312059.685915,9277871.624831617
2025-12-11 20:00:00,0.13841,0.1428,0.13834,0.14032,73918329.542268,10408998.027495364
2025-12-12 00:00:00,0.14035,0.14132,0.1387,0.14058,51958719.5136,7295476.974919782
2025-12-12 04:00:00,0.14056,0.14153,0.13978,0.14062,28601096.229937,4023404.75289414
2025-12-12 08:00:00,0.14062,0.1414,0.13995,0.1411,24940485.263839,3507516.3608479225
2025-12-12 12:00:00,0.14109,0.1414,0.135,0.13562,113082775.497655,15686415.909284348
2025-12-12 16:00:00,0.13561,0.13728,0.13432,0.13611,105119084.132676,14270087.106017169
2025-12-12 20:00:00,0.13611,0.13733,0.13544,0.1369,30428138.963429,4151797.1006394294
2025-12-13 00:00:00,0.13691,0.1377,0.13686,0.13751,54941420.824816,7545561.132927997
2025-12-13 04:00:00,0.13752,0.13789,0.13713,0.13775,29845948.543031,4101965.8952968665
2025-12-13 08:00:00,0.13776,0.13955,0.13775,0.1388,32474872.671022,4506267.75330046
2025-12-13 12:00:00,0.13881,0.14,0.13853,0.13947,50124665.44152,6982397.875624328
2025-12-13 16:00:00,0.13948,0.1399,0.13867,0.13896,32666131.355296,4547570.606585341
2025-12-13 20:00:00,0.13897,0.13941,0.13788,0.13905,12277391.552085,1703457.2938228908
2025-12-14 00:00:00,0.13906,0.13925,0.13859,0.13885,23837415.164909,3310841.1808837475
2025-12-14 04:00:00,0.13885,0.13889,0.13755,0.13826,28788164.891226,3976159.8432450546
2025-12-14 08:00:00,0.13826,0.13844,0.1357,0.13681,40652480.230612,5577059.628312876
2025-12-14 12:00:00,0.1368,0.13722,0.13495,0.13547,55523463.411463,7553465.791692304
2025-12-14 16:00:00,0.13548,0.13618,0.13335,0.13432,67755467.929525,9112387.432127668
2025-12-14 20:00:00,0.13432,0.13484,0.13261,0.13409,72403691.392518,9694364.968005722
2025-12-15 00:00:00,0.13408,0.13847,0.13404,0.13619,67545718.46829,9202349.58163929
2025-12-15 04:00:00,0.13618,0.13726,0.13598,0.13634,20546080.654004,2805338.79500394
2025-12-15 08:00:00,0.13635,0.13781,0.13616,0.13681,36722072.483473,5030810.625677791
2025-12-15 12:00:00,0.13682,0.13749,0.1298,0.13077,191544294.61727,25434565.13122804
2025-12-15 16:00:00,0.13078,0.13123,0.12665,0.12889,151288942.587122,19503688.04814465
2025-12-15 20:00:00,0.12889,0.12981,0.12751,0.12976,42480178.076452,5465032.704577334
2025-12-16 00:00:00,0.12977,0.13015,0.12835,0.12925,38480002.9763,4972885.334322301
2025-12-16 04:00:00,0.12924,0.13019,0.12724,0.12843,57497746.28965,7408866.810058352
2025-12-16 08:00:00,0.12843,0.13203,0.12837,0.13165,49594328.94926,6473804.3997974
2025-12-16 12:00:00,0.13166,0.13305,0.12889,0.13269,117249557.454427,15386404.273853645
2025-12-16 16:00:00,0.13267,0.13299,0.1309,0.13206,37813571.139025,4988861.664637811
2025-12-16 20:00:00,0.13205,0.13247,0.13145,0.13178,12458564.261298,1643885.1162431932
2025-12-17 00:00:00,0.13178,0.13243,0.13104,0.13124,16260955.956313,2139913.4296546336
2025-12-17 04:00:00,0.13124,0.13138,0.13,0.1309,29481036.55349,3856725.3349678423
2025-12-17 08:00:00,0.13091,0.13091,0.12936,0.13033,20561382.580287,2675746.0283300327
2025-12-17 12:00:00,0.13033,0.13635,0.12942,0.12998,179525860.357068,23809751.93165337
2025-12-17 16:00:00,0.12996,0.13078,0.1248,0.12648,162718938.112181,20651552.027473256
2025-12-17 20:00:00,0.12648,0.12783,0.12538,0.12637,37131321.977144,4693122.648031865
2025-12-18 00:00:00,0.12636,0.12679,0.1252,0.12543,40295951.951579,5072526.436374565
2025-12-18 04:00:00,0.12544,0.1259,0.12389,0.12485,69887927.539074,8716537.487526396
2025-12-18 08:00:00,0.12485,0.12645,0.12467,0.12609,54264699.848431,6818087.815765417
2025-12-18 12:00:00,0.1261,0.1307,0.12576,0.1295,180243366.272521,23210177.843870245
2025-12-18 16:00:00,0.12951,0.12975,0.12,0.12029,220560258.394873,27273443.73048385
2025-12-18 20:00:00,0.12028,0.12374,0.12013,0.12208,68963035.387333,8414495.419769242
2025-12-19 00:00:00,0.12209,0.12631,0.12059,0.1255,101880192.905212,12575371.017387705
2025-12-19 04:00:00,0.12551,0.12894,0.12541,0.12795,80592596.303256,10211795.474467533
2025-12-19 08:00:00,0.12794,0.12864,0.12754,0.1282,49308977.085818,6317147.557061332
2025-12-19 12:00:00,0.1282,0.13209,0.12789,0.1296,124988000.707287,16187505.603979152
2025-12-19 16:00:00,0.1296,0.13357,0.12956,0.13287,121824953.34042,16022867.605007907
2025-12-19 20:00:00,0.13288,0.13339,0.13178,0.13223,39910831.311904,5291882.521671206
2025-12-20 00:00:00,0.13223,0.13229,0.1307,0.13148,35355942.477772,4640883.896450782
2025-12-20 04:00:00,0.13148,0.13167,0.1307,0.13156,28213243.43406,3701998.261238283
2025-12-20 08:00:00,0.13157,0.1326,0.13152,0.13197,24866909.63323,3283770.3677166966
2025-12-20 12:00:00,0.13197,0.13237,0.13121,0.1321,37986724.384648,5007779.153502188
2025-12-20 16:00:00,0.13212,0.13237,0.13161,0.13218,39268653.145665,5182917.193254154
2025-12-20 20:00:00,0.13219,0.13245,0.13152,0.13193,16943095.919651,2237313.400569852
2025-12-21 00:00:00,0.13195,0.1322,0.13047,0.13112,31711237.475086,4161162.8793761167
2025-12-21 04:00:00,0.13113,0.13179,0.13096,0.13137,13267216.303807,1743675.6184000643
2025-12-21 08:00:00,0.13139,0.13343,0.13123,0.13175,52110984.285139,6899035.583344556
2025-12-21 12:00:00,0.13175,0.13233,0.12867,0.12952,85057240.100865,11059050.377490353
2025-12-21 16:00:00,0.12952,0.13055,0.12911,0.13036,39903479.240675,5179448.035912374
2025-12-21 20:00:00,0.13039,0.13143,0.12935,0.13112,23483641.952642,3062677.468908298
2025-12-22 00:00:00,0.13114,0.1342,0.12954,0.13205,91135076.039971,12028060.184415054
2025-12-22 04:00:00,0.13206,0.13275,0.13151,0.13211,37845346.980311,5004303.406713278
2025-12-22 08:00:00,0.13211,0.13329,0.1317,0.13289,64924757.97988,8606429.88970521
2025-12-22 12:00:00,0.13289,0.1354,0.13255,0.13438,106056675.042578,14174782.320911787
2025-12-22 16:00:00,0.13439,0.13522,0.13168,0.13196,69015863.649303,9227413.91217333
2025-12-22 20:00:00,0.13196,0.13271,0.13076,0.13259,46049214.179672,6066220.932931292
2025-12-23 00:00:00,0.13259,0.1337,0.13133,0.13254,46614468.218169,6188125.794129601
2025-12-23 04:00:00,0.13254,0.13308,0.13,0.13048,62598900.350111,8206827.681891374
2025-12-23 08:00:00,0.13049,0.13141,0.13,0.13112,32400635.128811,4227523.67948581
2025-12-23 12:00:00,0.13114,0.13114,0.12792,0.12948,105108293.283898,13601891.58400142
2025-12-23 16:00:00,0.12949,0.13093,0.12824,0.12898,67389690.827474,8741493.266965581
2025-12-23 20:00:00,0.12899,0.13048,0.12864,0.1293,15854862.218107,2052566.35323686
2025-12-24 00:00:00,0.12931,0.13037,0.12752,0.12848,36131667.742914,4655192.252353863
2025-12-24 04:00:00,0.12849,0.12893,0.1267,0.1271,39287431.875552,5010414.1653812975
2025-12-24 08:00:00,0.12712,0.1284,0.1265,0.12799,34846454.23369,4436974.117745701
2025-12-24 12:00:00,0.128,0.12861,0.12679,0.12839,45248003.708675,5782038.159017014
2025-12-24 16:00:00,0.12837,0.12945,0.12764,0.12817,29758016.806303,3824645.9231907343
2025-12-24 20:00:00,0.12818,0.12938,0.12811,0.12855,14687953.757542,1890194.773117629
2025-12-25 00:00:00,0.12854,0.1291,0.12792,0.12879,17876461.767666,2298681.5473972624
2025-12-25 04:00:00,0.12878,0.12885,0.12774,0.12795,17306488.099754,2221636.740436564
2025-12-25 08:00:00,0.12796,0.12858,0.12566,0.12625,46946522.505609,5954210.009397144
2025-12-25 12:00:00,0.12624,0.12824,0.12591,0.12761,45365623.206794,5750176.718955839
2025-12-25 16:00:00,0.12764,0.128,0.12672,0.12715,40856384.619974,5196751.473496398
2025-12-25 20:00:00,0.12715,0.12729,0.123,0.12365,62303656.51817,7758551.656566706
2025-12-26 00:00:00,0.12365,0.12751,0.12315,0.12603,87214550.459581,10912114.657712188
2025-12-26 04:00:00,0.12605,0.1267,0.12525,0.1254,39169799.472627,4930413.681392893
2025-12-26 08:00:00,0.12539,0.1261,0.12527,0.12538,22746847.587558,2859667.126249943
2025-12-26 12:00:00,0.12539,0.12641,0.12131,0.12216,119247575.438368,14680106.786400396
2025-12-26 16:00:00,0.12219,0.12247,0.12066,0.12211,58269865.835922,7091981.753722569
2025-12-26 20:00:00,0.12211,0.12262,0.12165,0.12213,45725561.964787,5581843.820748821
2025-12-27 00:00:00,0.12214,0.12344,0.12196,0.12333,28219342.237548,3461396.064379186
2025-12-27 04:00:00,0.12334,0.12341,0.12257,0.12272,19806644.471981,2434230.250128344
2025-12-27 08:00:00,0.12271,0.1231,0.12205,0.12302,30089431.997098,3689507.524040847
2025-12-27 12:00:00,0.12304,0.12339,0.12242,0.12303,28108731.029412,3455560.102717224
2025-12-27 16:00:00,0.12304,0.12329,0.12264,0.12293,18151480.984757,2231659.407651451
2025-12-27 20:00:00,0.12294,0.12492,0.1229,0.12436,43740310.85181,5416382.144667769
2025-12-28 00:00:00,0.12437,0.12465,0.12369,0.12413,20762995.549252,2576737.6890564426
2025-12-28 04:00:00,0.12413,0.12439,0.12368,0.12416,20201198.670976,2505314.1351152146
2025-12-28 08:00:00,0.12417,0.12438,0.1235,0.12399,32320238.653144,4007033.8969564126
2025-12-28 12:00:00,0.12399,0.1249,0.12385,0.12425,29969570.39614,3727456.9495348
2025-12-28 16:00:00,0.12426,0.12466,0.12312,0.12345,25469491.002621,3152689.7014488084
2025-12-28 20:00:00,0.12344,0.12411,0.12275,0.12394,20979812.584544,2588982.8547639125
2025-12-29 00:00:00,0.12394,0.12782,0.12378,0.1275,122590662.551847,15482626.029689392
2025-12-29 04:00:00,0.1275,0.12806,0.12621,0.12714,82872023.849834,10545740.901650539
2025-12-29 08:00:00,0.12716,0.12722,0.12434,0.12492,61966323.403616,7784680.579285068
2025-12-29 12:00:00,0.12491,0.12503,0.1225,0.12411,100378923.690164,12425839.925253458
2025-12-29 16:00:00,0.12409,0.12416,0.12271,0.12284,41615927.276794,5139395.104217282
2025-12-29 20:00:00,0.12286,0.12335,0.12228,0.12289,33694481.20171,4135849.2611278314
2025-12-30 00:00:00,0.12289,0.12371,0.12243,0.12349,26649880.249007,3275945.6313004466
2025-12-30 04:00:00,0.12349,0.12389,0.1229,0.12373,32880584.814182,4060276.7884471
2025-12-30 08:00:00,0.12373,0.12516,0.12372,0.12457,61409585.991698,7652750.770599087
2025-12-30 12:00:00,0.12457,0.1254,0.12316,0.12455,85876603.690375,10667686.138861936
2025-12-30 16:00:00,0.12455,0.12503,0.12262,0.12331,45173642.972019,5593110.121304648
2025-12-30 20:00:00,0.12331,0.12348,0.1226,0.1234,31188491.116067,3835583.9435521215
2025-12-31 00:00:00,0.12336,0.12375,0.12292,0.12313,18522318.528552,2284440.854055595
2025-12-31 04:00:00,0.12314,0.12341,0.1229,0.12341,29549738.34659,3637254.6897867615
2025-12-31 08:00:00,0.12341,0.12371,0.12283,0.12341,56149570.723072,6918927.166346463
2025-12-31 12:00:00,0.1234,0.12379,0.12057,0.12115,143720146.256453,17487482.138578057
2025-12-31 16:00:00,0.12116,0.12154,0.11585,0.11728,221872000.592458,26240861.26324156
2025-12-31 20:00:00,0.11727,0.11785,0.11612,0.11747,48825321.524501,5717819.17425746
2026-01-01 00:00:00,0.11751,0.11882,0.11746,0.11832,43284778.738061,5118599.554725538
2026-01-01 04:00:00,0.11833,0.11874,0.11796,0.11846,23410950.061861,2771535.0025622803
2026-01-01 08:00:00,0.11845,0.12128,0.11838,0.12065,91769202.832716,11047808.111944562
2026-01-01 12:00:00,0.12066,0.12745,0.12026,0.12467,192305503.203418,23766215.954757076
2026-01-01 16:00:00,0.12468,0.12588,0.12362,0.12583,138777377.198036,17315721.079377674
2026-01-01 20:00:00,0.12583,0.12721,0.1255,0.12682,50128882.177847,6335020.888522
2026-01-02 00:00:00,0.12682,0.12947,0.12588,0.12864,105915894.660977,13488904.60325254
2026-01-02 04:00:00,0.12865,0.12908,0.12751,0.12788,77405184.445079,9923958.01746483
2026-01-02 08:00:00,0.12793,0.13482,0.12791,0.12948,280786419.92797,36854769.97578959
2026-01-02 12:00:00,0.12947,0.13621,0.1293,0.13525,281415684.524763,37386695.59993589
2026-01-02 16:00:00,0.13526,0.13995,0.13482,0.13947,235292925.006091,32494547.899337474
2026-01-02 20:00:00,0.13948,0.14491,0.13886,0.14185,234496834.832809,33398056.987732008
2026-01-03 00:00:00,0.14185,0.14449,0.14122,0.14404,84936431.040767,12117401.391083045
2026-01-03 04:00:00,0.14406,0.14427,0.13915,0.13999,124500132.996333,17649791.310002346
2026-01-03 08:00:00,0.13998,0.14329,0.13937,0.1425,83468595.578164,11820677.516220992
2026-01-03 12:00:00,0.14251,0.14345,0.14218,0.14222,50369681.587881,7184179.100105877
2026-01-03 16:00:00,0.14222,0.14242,0.14062,0.14166,49875246.370322,7059654.781467127
2026-01-03 20:00:00,0.14167,0.14372,0.14127,0.14312,29613674.191376,4224719.835751317
2026-01-04 00:00:00,0.14313,0.15195,0.14277,0.15103,259581916.327447,38232072.07841741
2026-01-04 04:00:00,0.15103,0.15404,0.14978,0.15145,208282675.769297,31644745.13899971
2026-01-04 08:00:00,0.15146,0.15284,0.15069,0.15195,104533538.884791,15882539.206542576
2026-01-04 12:00:00,0.15194,0.15418,0.15044,0.15142,122838604.746608,18697854.139060058
2026-01-04 16:00:00,0.15142,0.15292,0.14777,0.14985,114459378.527185,17225133.02576698
2026-01-04 20:00:00,0.14986,0.15066,0.14856,0.1495,59847068.310191,8953395.663035665
2026-01-05 00:00:00,0.14952,0.15248,0.14886,0.15158,133117334.574263,20134821.57720976
2026-01-05 04:00:00,0.15158,0.15174,0.14871,0.14999,103664335.585326,15586505.01778869
2026-01-05 08:00:00,0.14999,0.15076,0.14587,0.14777,139405318.557895,20611846.48434588
2026-01-05 12:00:00,0.1478,0.14944,0.14633,0.14883,128416652.573355,18952060.007361993
2026-01-05 16:00:00,0.14884,0.15386,0.1484,0.15175,157572607.45262,23828726.237147056
2026-01-05 20:00:00,0.15177,0.15433,0.15083,0.1517,87752285.677147,13369942.075174354
2026-01-06 00:00:00,0.1517,0.1545,0.14921,0.15282,141821089.992429,21535772.077710245
2026-01-06 04:00:00,0.15282,0.15293,0.14912,0.14958,81674380.624665,12345106.158545192
2026-01-06 08:00:00,0.14958,0.1509,0.14952,0.15046,47870605.540125,7198199.044217902
2026-01-06 12:00:00,0.15047,0.15662,0.14913,0.14998,215464382.924446,32943406.00478615
2026-01-06 16:00:00,0.14997,0.15033,0.14352,0.1459,208731015.258513,30502517.81963451
2026-01-06 20:00:00,0.1459,0.15101,0.14586,0.15059,61280458.338195,9142839.424488354
2026-01-07 00:00:00,0.15057,0.15057,0.14693,0.14842,63152960.937859,9367997.680020317
2026-01-07 04:00:00,0.14841,0.1492,0.14737,0.14907,33168289.241581,4915595.949901531
2026-01-07 08:00:00,0.14909,0.15404,0.14756,0.14892,169745875.14596,25608874.66729929
2026-01-07 12:00:00,0.14892,0.14901,0.14487,0.14614,116548315.448315,17089943.565342017
2026-01-07 16:00:00,0.14613,0.1485,0.14546,0.14662,76609708.077091,11265246.39995568
2026-01-07 20:00:00,0.14662,0.14733,0.14546,0.1464,42738436.779822,6256788.2610512
2026-01-08 00:00:00,0.14645,0.14778,0.1446,0.14525,50061757.561337,7328721.774260659
2026-01-08 04:00:00,0.14526,0.14738,0.14119,0.14399,133408771.476506,19225313.196120348
2026-01-08 08:00:00,0.144,0.14481,0.138,0.14101,166428291.493595,23530322.523465
2026-01-08 12:00:00,0.14102,0.14211,0.13833,0.1419,118930411.943059,16652244.439755663
2026-01-08 16:00:00,0.14189,0.14323,0.1406,0.14189,56794428.09628,8078170.968181931
2026-01-08 20:00:00,0.14189,0.14343,0.14093,0.14196,26242430.112413,3735165.785515476
2026-01-09 00:00:00,0.14197,0.14365,0.14115,0.14307,47667730.216704,6790531.157939803
2026-01-09 04:00:00,0.14304,0.14319,0.14194,0.14194,31766003.677578,4531960.247126417
2026-01-09 08:00:00,0.14198,0.14219,0.13881,0.14034,74332106.498098,10436156.994845936
2026-01-09 12:00:00,0.14034,0.14457,0.13826,0.14211,133952280.840618,18900707.878957927
2026-01-09 16:00:00,0.14212,0.14424,0.13899,0.13957,75524920.592811,10705722.489715211
2026-01-09 20:00:00,0.13954,0.14116,0.13937,0.14074,24266226.056739,3404703.708390398
2026-01-10 00:00:00,0.14073,0.14073,0.13975,0.14034,23087041.840128,3238072.6211582897
2026-01-10 04:00:00,0.14032,0.14061,0.13942,0.14041,18143390.516076,2542573.1200321326
2026-01-10 08:00:00,0.14042,0.14054,0.13955,0.14002,26785655.494769,3750698.909477523
2026-01-10 12:00:00,0.14003,0.14046,0.13963,0.13999,16994098.914782,2380029.6819603206
2026-01-10 16:00:00,0.14,0.14036,0.13952,0.14031,11728885.644885,1642020.447122454
2026-01-10 20:00:00,0.14032,0.14047,0.13908,0.13964,16539045.628687,2312448.479079752
2026-01-11 00:00:00,0.13967,0.13967,0.13857,0.13912,22130696.012792,3077134.9453626447
2026-01-11 04:00:00,0.13913,0.14008,0.13878,0.14005,26242847.443984,3661067.446917639
2026-01-11 08:00:00,0.14005,0.14038,0.13949,0.13972,20350420.041118,2848429.871357614
2026-01-11 12:00:00,0.13973,0.14122,0.13666,0.13817,71004124.756106,9878168.271660376
2026-01-11 16:00:00,0.13818,0.13997,0.13728,0.13757,48806863.466343,6764549.328019188
2026-01-11 20:00:00,0.13758,0.13832,0.13587,0.13803,53710531.080749,7351731.686172195
2026-01-12 00:00:00,0.13802,0.14239,0.13663,0.14044,109732841.161683,15365273.74667563
2026-01-12 04:00:00,0.14045,0.14136,0.13783,0.13796,68220757.056875,9534502.82893242
2026-01-12 08:00:00,0.13796,0.13875,0.13556,0.1367,74994298.680881,10258366.943245895
2026-01-12 12:00:00,0.1367,0.13863,0.13495,0.13848,76208130.884275,10413829.211022677
2026-01-12 16:00:00,0.13844,0.14015,0.13686,0.13831,81637460.731505,11313386.518952928
2026-01-12 20:00:00,0.13832,0.13893,0.13554,0.13662,37613891.465677,5145612.709860461
2026-01-13 00:00:00,0.13662,0.13744,0.13629,0.13713,37616781.2719,5151902.655012467
2026-01-13 04:00:00,0.13713,0.13962,0.13713,0.13864,68132932.10425,9447558.927957634
2026-01-13 08:00:00,0.13865,0.14038,0.1386,0.13906,49560922.131926,6916901.953085148
2026-01-13 12:00:00,0.13907,0.14237,0.13879,0.14212,140586673.29933,19741971.976742044
2026-01-13 16:00:00,0.14212,0.14479,0.14194,0.14437,123934881.426162,17718787.12556375
2026-01-13 20:00:00,0.1444,0.15097,0.14353,0.14829,230292580.087126,34110412.49837452
2026-01-14 00:00:00,0.14829,0.14976,0.1472,0.14961,107594058.772115,15963745.327364763
2026-01-14 04:00:00,0.1496,0.14983,0.14687,0.14848,99006721.370748,14680563.959956236
2026-01-14 08:00:00,0.14849,0.14876,0.14582,0.146,47923576.314579,7069975.450466304
2026-01-14 12:00:00,0.14601,0.14982,0.14563,0.14898,137651893.334991,20340166.162020136
2026-01-14 16:00:00,0.149,0.1513,0.14629,0.1479,120145583.368021,17901322.589523066
2026-01-14 20:00:00,0.1479,0.14918,0.14632,0.14717,39745604.705104,5859999.774314598
2026-01-15 00:00:00,0.14721,0.14724,0.14246,0.14273,163374858.78639,23622440.44640434
2026-01-15 04:00:00,0.14272,0.14458,0.14262,0.14418,101333733.668378,14553867.174666809
2026-01-15 08:00:00,0.1442,0.1451,0.14332,0.1437,42596693.692024,6141234.402553038
2026-01-15 12:00:00,0.1437,0.145,0.1401,0.14214,117576125.516317,16783905.4230867
2026-01-15 16:00:00,0.14213,0.1425,0.13919,0.14002,112627056.536913,15890763.328891544
2026-01-15 20:00:00,0.14002,0.1405,0.13883,0.14005,36702760.417807,5129672.17126277
2026-01-16 00:00:00,0.14006,0.14047,0.13915,0.13944,41601144.066732,5818987.539671831
2026-01-16 04:00:00,0.13944,0.14036,0.1384,0.14001,52986954.880035,7404092.801043642
2026-01-16 08:00:00,0.14003,0.14037,0.13731,0.13804,110569507.515358,15301618.066845361
2026-01-16 12:00:00,0.13805,0.13843,0.13513,0.13604,117756674.261194,16156402.514651816
2026-01-16 16:00:00,0.13604,0.13744,0.13565,0.13727,56768372.898329,7752542.529951075
2026-01-16 20:00:00,0.13728,0.1385,0.13632,0.13815,45180572.026824,6224160.408299885
2026-01-17 00:00:00,0.13816,0.1386,0.13727,0.13741,21704262.052793,2993319.6283979863
2026-01-17 04:00:00,0.13741,0.1379,0.13684,0.13731,20593156.138222,2829946.2462457437
2026-01-17 08:00:00,0.13731,0.13796,0.13711,0.13771,21631463.997942,2975206.077508581
2026-01-17 12:00:00,0.13771,0.14007,0.13741,0.13954,41586990.53057,5763805.014258069
2026-01-17 16:00:00,0.13954,0.13992,0.1382,0.13873,35412830.429238,4917666.77345303
2026-01-17 20:00:00,0.13874,0.13903,0.13727,0.13791,24079758.974572,3324881.2762680426
2026-01-18 00:00:00,0.13791,0.13835,0.13683,0.13744,36034981.284931,4950964.301668853
2026-01-18 04:00:00,0.13744,0.13753,0.13673,0.13715,21830450.69787,2994770.5827007294
2026-01-18 08:00:00,0.13716,0.13769,0.13689,0.13722,11852832.628665,1627971.9498930408
2026-01-18 12:00:00,0.13721,0.13809,0.13636,0.13659,59439332.656516,8156017.86415072
2026-01-18 16:00:00,0.1366,0.13789,0.13637,0.13717,27505041.869715,3770736.0393530577
2026-01-18 20:00:00,0.13718,0.13798,0.13124,0.13166,141243871.416773,18936377.421905357
2026-01-19 00:00:00,0.13165,0.13165,0.11947,0.12737,548732705.259244,69104626.83872108
2026-01-19 04:00:00,0.12739,0.12775,0.12646,0.12719,74562997.330411,9475285.308071453
2026-01-19 08:00:00,0.1272,0.1284,0.12709,0.12785,44723458.057292,5716426.220036865
2026-01-19 12:00:00,0.12785,0.129,0.12733,0.12783,49755386.776919,6374689.696974408
2026-01-19 16:00:00,0.12783,0.13022,0.12773,0.12987,43053494.20662,5560805.04801936
2026-01-19 20:00:00,0.12989,0.13065,0.12854,0.12916,48465258.743663,6276798.481734809
2026-01-20 00:00:00,0.12916,0.12934,0.12775,0.12798,39432447.298031,5066064.151820754
2026-01-20 04:00:00,0.12798,0.12827,0.12646,0.12678,72047402.462875,9174941.401119942
2026-01-20 08:00:00,0.1268,0.12706,0.12514,0.12528,71532636.644541,9006289.225835564
2026-01-20 12:00:00,0.12529,0.12676,0.12422,0.12521,100376915.692433,12584733.565665288
2026-01-20 16:00:00,0.12518,0.12569,0.12328,0.12395,121010671.652006,15011487.644079324
2026-01-20 20:00:00,0.12394,0.12447,0.12175,0.12336,60124151.553268,7414078.155429938
2026-01-21 00:00:00,0.12336,0.12651,0.12319,0.12553,66448556.338729,8336167.777340561
2026-01-21 04:00:00,0.12553,0.1264,0.12482,0.12499,42189255.011769,5297050.493730325
2026-01-21 08:00:00,0.12499,0.12504,0.12288,0.1231,40604172.582477,5041359.305299172
2026-01-21 12:00:00,0.1231,0.12663,0.12158,0.12637,142590291.64014,17697895.51242441
2026-01-21 16:00:00,0.12638,0.12835,0.12028,0.1281,213839844.61171,26383221.975402247
2026-01-21 20:00:00,0.12812,0.12881,0.12622,0.12652,83253743.19567,10614713.489271976
2026-01-22 00:00:00,0.12652,0.12793,0.12643,0.12691,52512414.609829,6682638.432173656
2026-01-22 04:00:00,0.1269,0.1274,0.126,0.1261,41712916.749586,5290094.132951037
2026-01-22 08:00:00,0.12611,0.12716,0.12571,0.12587,29783782.74628,3762699.8413775777
2026-01-22 12:00:00,0.12587,0.12648,0.12321,0.12431,67986740.52579,8486236.885894978
2026-01-22 16:00:00,0.12429,0.12558,0.12392,0.12476,43980958.867438,5492239.481162465
2026-01-22 20:00:00,0.12476,0.12489,0.12367,0.12439,23472415.293602,2914473.2647110308
2026-01-23 00:00:00,0.12439,0.12574,0.12405,0.12552,61370923.22103,7673261.647872893
2026-01-23 04:00:00,0.12551,0.126,0.1249,0.12508,33474050.431164,4199638.532553643
2026-01-23 08:00:00,0.12509,0.12543,0.12418,0.12518,22841623.650494,2852549.84830261
2026-01-23 12:00:00,0.12517,0.12533,0.12205,0.12471,63254081.947708,7811662.9861334
2026-01-23 16:00:00,0.12472,0.12786,0.12433,0.12474,73936966.518681,9320612.915256336
2026-01-23 20:00:00,0.12475,0.12517,0.12323,0.12477,23823997.034165,2962739.083018067
2026-01-24 00:00:00,0.12478,0.12489,0.12411,0.12443,12551918.876586,1562900.4374912365
2026-01-24 04:00:00,0.12443,0.12484,0.124,0.12418,15545848.557399,1934368.1886260393
2026-01-24 08:00:00,0.12421,0.12492,0.1241,0.12463,11971756.968116,1491318.6941123963
2026-01-24 12:00:00,0.12464,0.12476,0.12353,0.12371,15203498.813341,1887846.802341004
2026-01-24 16:00:00,0.12371,0.12424,0.12291,0.12415,44832569.820898,5540642.0955998795
2026-01-24 20:00:00,0.12415,0.12473,0.12401,0.12422,9763014.65203,1214153.8558687307
2026-01-25 00:00:00,0.12422,0.12435,0.12301,0.12331,26096642.740274,3230923.347277217
2026-01-25 04:00:00,0.12332,0.1236,0.12262,0.123,13999254.304131,1724668.7376652197
2026-01-25 08:00:00,0.12301,0.12369,0.12236,0.12336,27297154.560372,3359270.535142665
2026-01-25 12:00:00,0.12335,0.1234,0.12175,0.12229,27243497.389557,3337109.447913585
2026-01-25 16:00:00,0.1223,0.1223,0.1176,0.11879,170729334.141088,20477286.426408056
2026-01-25 20:00:00,0.11878,0.11968,0.11785,0.11945,71147262.235848,8461661.308541974
2026-01-26 00:00:00,0.11946,0.12282,0.11924,0.12131,91724028.832885,11160452.571553417
2026-01-26 04:00:00,0.12132,0.12298,0.12129,0.12174,51295459.638152,6248534.358045316
2026-01-26 08:00:00,0.12175,0.12261,0.12064,0.12104,52796741.640034,6405589.310785468
2026-01-26 12:00:00,0.12107,0.12382,0.12107,0.12227,112795140.370734,13810045.117738357
2026-01-26 16:00:00,0.12228,0.12351,0.1215,0.1224,65105673.178872,7976973.54955763
2026-01-26 20:00:00,0.12241,0.12312,0.12156,0.12238,31913290.846413,3907713.91966362
2026-01-27 00:00:00,0.12238,0.12334,0.12195,0.12286,23032455.634303,2824226.5885562734
2026-01-27 04:00:00,0.12287,0.1235,0.12201,0.12219,32332603.486171,3962029.079203043
2026-01-27 08:00:00,0.12219,0.1227,0.12168,0.12238,33268021.924773,4064920.938421237
2026-01-27 12:00:00,0.12239,0.123,0.12133,0.12295,44865986.861016,5482937.33522612
2026-01-27 16:00:00,0.12297,0.12565,0.12181,0.12435,123759599.704454,15355901.7516621
2026-01-27 20:00:00,0.12435,0.12666,0.12433,0.1262,61908689.972602,7784795.405525155
2026-01-28 00:00:00,0.12621,0.12641,0.12424,0.12455,47738832.314833,5971922.31882283
2026-01-28 04:00:00,0.12456,0.12603,0.1239,0.12553,57513497.011939,7180074.510028914
2026-01-28 08:00:00,0.12554,0.1277,0.12545,0.12717,88468831.753318,11209000.215009496
2026-01-28 12:00:00,0.12715,0.12718,0.12387,0.12464,74518689.087916,9360179.300995037
2026-01-28 16:00:00,0.12464,0.12583,0.1237,0.12527,50458795.457149,6297119.178200133
2026-01-28 20:00:00,0.12527,0.1263,0.12429,0.125,35426346.168676,4437671.395350264
2026-01-29 00:00:00,0.12501,0.12526,0.12187,0.12227,83648636.661121,10298213.175169814
2026-01-29 04:00:00,0.12224,0.12246,0.12137,0.12201,48818750.074854,5952931.09546564
2026-01-29 08:00:00,0.12202,0.12239,0.12064,0.12117,63876786.549163,7755713.855560887
2026-01-29 12:00:00,0.12117,0.12118,0.11532,0.11624,265846727.84628,31201837.360952973
2026-01-29 16:00:00,0.11622,0.11879,0.11441,0.11558,248002573.114043,28795854.643018737
2026-01-29 20:00:00,0.11557,0.11742,0.11535,0.11729,56578984.489253,6596378.298636728
2026-01-30 00:00:00,0.1173,0.11771,0.11208,0.11425,257735241.403692,29483368.90512797
2026-01-30 04:00:00,0.11426,0.11556,0.11223,0.11455,79254160.607017,9041111.376578702
2026-01-30 08:00:00,0.11456,0.11592,0.11305,0.11556,46758891.045598,5333614.586990521
2026-01-30 12:00:00,0.11555,0.11661,0.1138,0.11607,113982619.903669,13136202.79515558
2026-01-30 16:00:00,0.11607,0.11872,0.11355,0.11775,120479610.237163,14036231.59899752
2026-01-30 20:00:00,0.11775,0.11777,0.11536,0.11583,71306466.060841,8289782.507309949
2026-01-31 00:00:00,0.11584,0.11593,0.11484,0.11519,22312163.356973,2575694.4206253625
2026-01-31 04:00:00,0.11519,0.11549,0.11213,0.11282,62404926.103984,7103108.165785753
2026-01-31 08:00:00,0.11284,0.11308,0.11027,0.11187,126040347.281463,14079994.88248042
2026-01-31 12:00:00,0.11188,0.11188,0.105,0.1068,353143238.685191,38103014.40435592
2026-01-31 16:00:00,0.10681,0.1081,0.095,0.10185,818881566.548252,83198093.48990138
2026-01-31 20:00:00,0.10186,0.10478,0.10057,0.10424,137900040.094956,14130168.049042832
2026-02-01 00:00:00,0.10424,0.1056,0.10362,0.10495,80585459.653199,8438122.828480119
2026-02-01 04:00:00,0.10496,0.10643,0.10446,0.10582,77830685.250757,8193964.918003121
2026-02-01 08:00:00,0.10581,0.10658,0.10452,0.10589,69208968.105904,7306164.6158098625
2026-02-01 12:00:00,0.10589,0.10684,0.10257,0.10408,185257662.046576,19398801.15513728
2026-02-01 16:00:00,0.1041,0.10634,0.10301,0.10419,120762882.895066,12620377.667849684
2026-02-01 20:00:00,0.10418,0.10582,0.10101,0.10426,154494946.047439,16035749.49846562
2026-02-02 00:00:00,0.10428,0.1063,0.09984,0.1034,232639350.495203,23957535.4618966
2026-02-02 04:00:00,0.10341,0.10518,0.09955,0.10309,261615752.383027,26768541.848570015
2026-02-02 08:00:00,0.10311,0.10549,0.1031,0.1049,131223285.03208,13707869.119274044
2026-02-02 12:00:00,0.10492,0.11056,0.10492,0.10953,209888481.29597,22628462.41252762
2026-02-02 16:00:00,0.10954,0.11003,0.10737,0.10738,88431820.825722,9612285.846340103
2026-02-02 20:00:00,0.10737,0.1087,0.10701,0.10792,44906943.451326,4844328.174914325
2026-02-03 00:00:00,0.10792,0.10827,0.10561,0.10743,74830024.132193,7999438.838233895
2026-02-03 04:00:00,0.10744,0.10904,0.10609,0.10827,70428738.031496,7559092.626203454
2026-02-03 08:00:00,0.10828,0.10902,0.10643,0.10666,73265896.41357,7877800.872178616
2026-02-03 12:00:00,0.10667,0.11055,0.10548,0.11018,173409859.822054,18676414.549727272
2026-02-03 16:00:00,0.11018,0.11021,0.10229,0.10642,243822523.232156,25696908.99145297
2026-02-03 20:00:00,0.10641,0.11051,0.10524,0.10602,141272950.984104,15256811.021867476
2026-02-04 00:00:00,0.10602,0.10946,0.10553,0.10891,64269762.272409,6920157.29948816
2026-02-04 04:00:00,0.10891,0.10915,0.10734,0.10848,51799419.647395,5610763.223871722
2026-02-04 08:00:00,0.10848,0.10874,0.10636,0.10731,60440873.413886,6500540.892393186
2026-02-04 12:00:00,0.10732,0.10779,0.10275,0.10345,154817466.74992,16267656.150461564
2026-02-04 16:00:00,0.10344,0.10558,0.10144,0.10538,204373623.544169,21090139.99128619
2026-02-04 20:00:00,0.10537,0.10549,0.10122,0.10384,125198220.868767,12960587.752498507
2026-02-05 00:00:00,0.10384,0.10478,0.10222,0.10265,139650890.57872,14447099.087698406
2026-02-05 04:00:00,0.10261,0.10362,0.10067,0.10117,230560534.107733,23506498.03525697
2026-02-05 08:00:00,0.10117,0.10296,0.09737,0.09877,174406805.381695,17439961.826715387
2026-02-05 12:00:00,0.09877,0.10052,0.09262,0.09421,580799914.403613,55859588.77139121
2026-02-05 16:00:00,0.09419,0.09546,0.09047,0.09118,434534439.315457,40340861.487910144
2026-02-05 20:00:00,0.09119,0.09185,0.08674,0.08849,615173509.697569,54906144.83741594
2026-02-06 00:00:00,0.08848,0.09139,0.08,0.08987,1043905119.740674,89092710.39925757
2026-02-06 04:00:00,0.08988,0.09352,0.08951,0.09071,248625667.782213,22775272.90582532
2026-02-06 08:00:00,0.09071,0.0943,0.09016,0.09373,192405677.991309,17725852.6306735
2026-02-06 12:00:00,0.09368,0.09693,0.09304,0.09643,276424609.984127,26327012.478742976
2026-02-06 16:00:00,0.09643,0.10211,0.09605,0.09877,363369912.364232,36083522.38718684
2026-02-06 20:00:00,0.09877,0.0998,0.0981,0.09847,120404160.856709,11917323.748142611
2026-02-07 00:00:00,0.09847,0.099,0.09724,0.09865,122072324.311937,11976094.573349224
2026-02-07 04:00:00,0.09864,0.09925,0.09473,0.09584,215133820.162123,20910339.99227053
2026-02-07 08:00:00,0.09585,0.0963,0.09482,0.09547,74370652.216419,7108679.610898489
2026-02-07 12:00:00,0.09547,0.09772,0.09534,0.09682,118341354.56552,11417868.120182296
2026-02-07 16:00:00,0.09683,0.09947,0.09639,0.0984,507771900.313364,49590311.63710767
2026-02-07 20:00:00,0.0984,0.09893,0.09767,0.09823,49948617.106398,4916329.7245232435
2026-02-08 00:00:00,0.09824,0.0985,0.09689,0.09698,55017160.160838,5378325.023812956
2026-02-08 04:00:00,0.09699,0.09761,0.09633,0.09687,58367509.700645,5657260.033337968
2026-02-08 08:00:00,0.09687,0.09881,0.09623,0.09846,101795204.811479,9947986.993308844
2026-02-08 12:00:00,0.09846,0.09861,0.09687,0.09733,90051520.602505,8815928.26919447
2026-02-08 16:00:00,0.09733,0.09796,0.0951,0.09772,114432078.259871,11052183.061898071
2026-02-08 20:00:00,0.09773,0.09902,0.09591,0.09664,98594325.879175,9562284.57570741
2026-02-09 00:00:00,0.09663,0.09748,0.09558,0.09716,131113428.807151,12662420.311680015
2026-02-09 04:00:00,0.09714,0.09715,0.0949,0.09533,107709351.088762,10328628.404224452
2026-02-09 08:00:00,0.09534,0.09539,0.09223,0.09318,174044914.89906,16280439.20784739
2026-02-09 12:00:00,0.09321,0.0956,0.09314,0.0952,76221664.968381,7196470.330683708
2026-02-09 16:00:00,0.09519,0.09679,0.09432,0.09637,85254030.395453,8173292.155825163
2026-02-09 20:00:00,0.09636,0.09699,0.09529,0.09613,43417831.915484,4179660.008695015
2026-02-10 00:00:00,0.09612,0.09657,0.09424,0.09487,49403940.974752,4722275.899504569
2026-02-10 04:00:00,0.09487,0.09566,0.09297,0.09367,63725787.81547,6004467.790227849
2026-02-10 08:00:00,0.09368,0.09424,0.09275,0.09292,37880320.024861,3541468.777271568
2026-02-10 12:00:00,0.09293,0.09376,0.09177,0.093,90847967.945426,8427583.362656135
2026-02-10 16:00:00,0.09303,0.09417,0.09217,0.09307,46655076.681381,4345381.580564957
2026-02-10 20:00:00,0.09306,0.09317,0.0923,0.09277,22261449.283067,2065431.1469293607
2026-02-11 00:00:00,0.09277,0.0936,0.09211,0.09301,31089152.636939,2888592.837697141
2026-02-11 04:00:00,0.093,0.09323,0.09021,0.09057,85102605.965579,7779610.763768221
2026-02-11 08:00:00,0.09057,0.09067,0.08939,0.09024,57553189.100606,5181731.478167947
2026-02-11 12:00:00,0.09023,0.09256,0.08788,0.08901,240436798.350508,21624697.375559084
2026-02-11 16:00:00,0.08901,0.09141,0.08871,0.09106,115005815.053392,10373288.619637432
2026-02-11 20:00:00,0.09103,0.09225,0.09031,0.09111,63446764.955773,5797016.733425498
2026-02-12 00:00:00,0.09112,0.0923,0.09112,0.09217,49836435.031789,4570016.397406101
2026-02-12 04:00:00,0.09217,0.09304,0.09147,0.09295,62877639.501306,5801541.048612888
2026-02-12 08:00:00,0.09296,0.09426,0.09242,0.09389,59191083.084652,5526108.013552989
2026-02-12 12:00:00,0.09388,0.09455,0.09305,0.09325,87061748.265008,8162528.938365123
2026-02-12 16:00:00,0.09324,0.09374,0.09078,0.09169,104291617.770187,9584461.788424991
2026-02-12 20:00:00,0.09169,0.09346,0.09071,0.09299,44786920.575532,4129507.3675196553
2026-02-13 00:00:00,0.09299,0.09336,0.09215,0.09292,33011815.68752,3060137.8358616214
2026-02-13 04:00:00,0.09295,0.0935,0.09179,0.09304,30673936.819778,2842583.3497714656
2026-02-13 08:00:00,0.09304,0.09411,0.093,0.09398,31143520.330727,2917973.674553464
2026-02-13 12:00:00,0.09398,0.09666,0.09293,0.09536,115691949.738046,10938852.323952552
2026-02-13 16:00:00,0.09536,0.09698,0.09502,0.09636,81131336.863762,7809351.572112291
2026-02-13 20:00:00,0.09637,0.09765,0.09602,0.09667,54804774.765915,5307062.6073488565
2026-02-14 00:00:00,0.09667,0.09709,0.09631,0.09686,30523277.417973,2951620.4379842174
2026-02-14 04:00:00,0.09685,0.09706,0.09642,0.09656,19217407.495758,1857430.7396214092
2026-02-14 08:00:00,0.09656,0.10095,0.09653,0.10063,97016676.548381,9569763.817323167
2026-02-14 12:00:00,0.10063,0.10426,0.0991,0.104,164192636.257846,16688036.074594298
2026-02-14 16:00:00,0.104,0.10929,0.10247,0.10859,198180114.5518,20987702.576266088
2026-02-14 20:00:00,0.10859,0.11362,0.10794,0.11103,296345440.55918,32871440.7304605
2026-02-15 00:00:00,0.11102,0.11549,0.11049,0.11477,274590194.511226,31004449.374099206
2026-02-15 04:00:00,0.11478,0.11758,0.114,0.11608,274337310.587391,31707761.181508664
2026-02-15 08:00:00,0.1161,0.11646,0.11222,0.11273,208624717.748644,23759818.057178
2026-02-15 12:00:00,0.11273,0.11295,0.10692,0.10778,291900325.120914,31876492.404133204
2026-02-15 16:00:00,0.10776,0.10776,0.1025,0.10273,189681291.998572,19946837.29667467
2026-02-15 20:00:00,0.10274,0.10347,0.10153,0.10268,101962620.457725,10477944.732420444
2026-02-16 00:00:00,0.10267,0.10316,0.1016,0.10218,85741474.676166,8777782.325818669
2026-02-16 04:00:00,0.10218,0.10358,0.10121,0.10203,72777507.532388,7434353.790604381
2026-02-16 08:00:00,0.10204,0.10339,0.10071,0.10163,84740948.628137,8652753.796276895
2026-02-16 12:00:00,0.10164,0.10346,0.09851,0.09957,269838966.977569,27186290.62837261
2026-02-16 16:00:00,0.09958,0.10128,0.09948,0.10032,73188965.838381,7365476.861213006
2026-02-16 20:00:00,0.10032,0.10141,0.0999,0.10106,63387325.160603,6380466.568423666
2026-02-17 00:00:00,0.10104,0.10136,0.09954,0.10053,56405350.348135,5679640.842346773
2026-02-17 04:00:00,0.10053,0.1008,0.09909,0.09977,52229653.985889,5214019.868417046
2026-02-17 08:00:00,0.09981,0.10008,0.09846,0.09888,52194486.115458,5167866.162701272
2026-02-17 12:00:00,0.09889,0.10105,0.0984,0.10049,102838221.386708,10269426.21928112
2026-02-17 16:00:00,0.1005,0.1036,0.09971,0.10109,122080803.876889,12424082.751901386
2026-02-17 20:00:00,0.1011,0.10144,0.1003,0.10065,19613873.528932,1976497.753378756
2026-02-18 00:00:00,0.10067,0.10148,0.09995,0.10124,37417646.650841,3770559.0453101825
2026-02-18 04:00:00,0.10124,0.10176,0.10053,0.10143,33304900.172972,3365412.182387312
2026-02-18 08:00:00,0.10144,0.10204,0.09912,0.1001,53934532.723288,5428539.707352053
2026-02-18 12:00:00,0.1001,0.10235,0.09943,0.10109,75474132.006658,7591414.419593214
2026-02-18 16:00:00,0.10109,0.10118,0.09747,0.09855,75610747.859971,7499361.8746294435
2026-02-18 20:00:00,0.09857,0.09915,0.09793,0.09857,33438513.972995,3293925.572408563
2026-02-19 00:00:00,0.09857,0.09901,0.09789,0.09865,34661258.948296,3413512.4809302376
2026-02-19 04:00:00,0.09865,0.09927,0.0968,0.09835,74551298.407159,7301770.545565325
2026-02-19 08:00:00,0.09833,0.09837,0.09715,0.09771,44346231.268753,4333159.123775044
2026-02-19 12:00:00,0.0977,0.09834,0.09645,0.09687,81789257.431515,7958191.898842627
2026-02-19 16:00:00,0.09685,0.09847,0.09557,0.09807,70556580.346034,6850160.199510677
2026-02-19 20:00:00,0.09809,0.09839,0.09735,0.09835,16884919.802932,1654147.6534361355
2026-02-20 00:00:00,0.09836,0.09948,0.09817,0.09872,30079454.585427,2977412.0878810324
2026-02-20 04:00:00,0.09875,0.0998,0.09821,0.09859,47662672.389122,4714236.42621939
2026-02-20 08:00:00,0.09858,0.09945,0.09825,0.09848,58084037.103446,5746007.592779965
2026-02-20 12:00:00,0.09848,0.10057,0.09567,0.10029,176772807.14869,17363270.153449178
2026-02-20 16:00:00,0.10029,0.10242,0.09869,0.10024,159353386.01371,16084515.996665087
2026-02-20 20:00:00,0.10025,0.10118,0.09969,0.10013,22501832.636069,2259178.895521002
2026-02-21 00:00:00,0.10012,0.10032,0.09915,0.09993,40918827.403306,4083581.125124225
2026-02-21 04:00:00,0.09996,0.10022,0.09968,0.10009,20724836.43163,2071579.4762810776
2026-02-21 08:00:00,0.1001,0.10098,0.09983,0.10007,37896714.976364,3799132.1220864686
2026-02-21 12:00:00,0.10007,0.10081,0.09969,0.10003,51794303.025824,5194900.0563650215
2026-02-21 16:00:00,0.10004,0.10007,0.099,0.09947,38071913.203067,3788930.8481982974
2026-02-21 20:00:00,0.09948,0.09958,0.09838,0.09844,29710330.916066,2941233.838058967
2026-02-22 00:00:00,0.09842,0.09855,0.09677,0.09744,47190696.722725,4613349.477937798
2026-02-22 04:00:00,0.09744,0.09753,0.09693,0.09732,24335928.901278,2365921.80135554
2026-02-22 08:00:00,0.09732,0.09768,0.09709,0.09739,20212011.009865,1968271.014581526
2026-02-22 12:00:00,0.09738,0.0974,0.09513,0.09577,81082460.73095,7789550.004567252
2026-02-22 16:00:00,0.09579,0.09589,0.09468,0.09507,54658402.543174,5203244.797124355
2026-02-22 20:00:00,0.09508,0.09599,0.09455,0.09558,23194285.847732,2210668.0871111304
2026-02-23 00:00:00,0.09559,0.09578,0.09145,0.09275,187318980.982471,17354626.22469842
2026-02-23 04:00:00,0.09276,0.09526,0.09229,0.0949,58375972.749826,5475921.769270982
2026-02-23 08:00:00,0.09487,0.09711,0.09439,0.09672,76984405.707788,7400235.475061349
2026-02-23 12:00:00,0.09671,0.0976,0.09491,0.09496,110755362.025606,10681938.448976519
2026-02-23 16:00:00,0.09493,0.09541,0.09253,0.09286,98763795.760623,9272942.064940834
2026-02-23 20:00:00,0.09286,0.09357,0.09244,0.09267,43351728.406733,4037251.2795724208
2026-02-24 00:00:00,0.09269,0.09364,0.09098,0.0921,65369520.409095,6036089.668236237
2026-02-24 04:00:00,0.09214,0.09217,0.09061,0.09125,63767881.012602,5822435.178047382
2026-02-24 08:00:00,0.09126,0.0917,0.09075,0.0913,49419111.022998,4509894.184194255
2026-02-24 12:00:00,0.09131,0.09259,0.08991,0.09177,117159294.698109,10697514.629352383
2026-02-24 16:00:00,0.09178,0.09272,0.09139,0.09203,55351005.126145,5092932.149647399
2026-02-24 20:00:00,0.09203,0.09239,0.09133,0.09139,20218766.78763,1856936.2100760129
2026-02-25 00:00:00,0.09139,0.09496,0.09089,0.09277,162002009.276031,15151659.3422295
2026-02-25 04:00:00,0.09278,0.09296,0.09139,0.09285,59919557.586631,5531302.876170101
2026-02-25 08:00:00,0.09285,0.09426,0.09252,0.0941,65998478.372529,6164329.6074714
2026-02-25 12:00:00,0.09407,0.10266,0.09403,0.10156,312635981.359107,31015444.677286368
2026-02-25 16:00:00,0.10157,0.10434,0.1008,0.10407,201439918.082933,20671926.62853436
2026-02-25 20:00:00,0.10407,0.10625,0.09947,0.10093,217112180.875617,22462755.43987062
2026-02-26 00:00:00,0.10093,0.1016,0.09981,0.10081,87462759.609684,8809551.731336221
2026-02-26 04:00:00,0.10082,0.10169,0.0993,0.09958,71662963.853103,7196934.903489161
2026-02-26 08:00:00,0.09959,0.10056,0.09826,0.0985,60556253.486566,6024823.730587376
2026-02-26 12:00:00,0.09851,0.09948,0.09743,0.09858,151061596.646791,14884157.648399526
2026-02-26 16:00:00,0.09858,0.09877,0.09539,0.09735,213716082.242085,20765058.737947877
2026-02-26 20:00:00,0.09735,0.09764,0.09646,0.09698,33588982.324818,3254860.7321000057
2026-02-27 00:00:00,0.09699,0.09767,0.09623,0.09754,50289887.24751,4877586.248286107
2026-02-27 04:00:00,0.09756,0.09912,0.09749,0.09843,77547700.187643,7644033.057902147
2026-02-27 08:00:00,0.09843,0.09864,0.0947,0.09502,97369336.904241,9395831.73213043
2026-02-27 12:00:00,0.09501,0.09556,0.0936,0.09404,122254236.460846,11559784.297189897
2026-02-27 16:00:00,0.09404,0.09429,0.09273,0.09302,66881087.209678,6258460.828456318
2026-02-27 20:00:00,0.09303,0.09348,0.09193,0.09339,52181782.889215,4844896.415700242
2026-02-28 00:00:00,0.09338,0.09378,0.09311,0.09324,31027234.808238,2901212.569937078
2026-02-28 04:00:00,0.09325,0.09341,0.08804,0.08936,341401073.394377,30771789.438710183
2026-02-28 08:00:00,0.08934,0.08948,0.08774,0.08874,154525803.684541,13700554.074389035
2026-02-28 12:00:00,0.08875,0.09209,0.08857,0.09078,213998292.852567,19386076.88388757
2026-02-28 16:00:00,0.09081,0.09344,0.09014,0.09285,113067924.943406,10368327.794104269
2026-02-28 20:00:00,0.09285,0.095,0.09262,0.09404,126227293.397534,11863089.370331474
2026-03-01 00:00:00,0.09405,0.09787,0.09308,0.09608,204273809.9839,19620503.303299524
2026-03-01 04:00:00,0.09608,0.0966,0.09434,0.09484,86035549.451056,8207019.209042819
2026-03-01 08:00:00,0.09487,0.09491,0.09318,0.09353,75929695.242599,7125135.383520804
2026-03-01 12:00:00,0.09353,0.09552,0.09249,0.09385,99384429.028477,9352974.724098125
2026-03-01 16:00:00,0.09388,0.09452,0.0914,0.0918,123459962.767228,11442397.963904597
2026-03-01 20:00:00,0.09179,0.0935,0.09055,0.0919,101104016.096575,9291054.852357306
2026-03-02 00:00:00,0.0919,0.09449,0.09185,0.09327,90631042.257235,8438353.112178989
2026-03-02 04:00:00,0.09329,0.09354,0.09116,0.09177,57945932.38434,5352338.65491656
2026-03-02 08:00:00,0.09176,0.09295,0.0913,0.09183,67288405.503352,6187953.858886748
2026-03-02 12:00:00,0.09185,0.09664,0.0908,0.09567,223967015.676045,21075363.165290117
2026-03-02 16:00:00,0.09568,0.0977,0.09434,0.09551,205385555.210865,19723888.80737193
2026-03-02 20:00:00,0.09552,0.09598,0.09331,0.09357,72766405.335101,6866002.573633828
2026-03-03 00:00:00,0.09356,0.09385,0.0921,0.09258,88302113.980269,8193343.544271503
2026-03-03 04:00:00,0.09259,0.09265,0.09114,0.09137,113999488.824516,10466742.221762264
2026-03-03 08:00:00,0.09136,0.09159,0.08923,0.09008,201242911.461026,18129739.851264946
2026-03-03 12:00:00,0.09009,0.09111,0.08864,0.09022,167559030.677274,15051360.144196
2026-03-03 16:00:00,0.09022,0.09242,0.0891,0.08941,163629727.915448,14805970.98377352
2026-03-03 20:00:00,0.08942,0.09087,0.08848,0.08998,70268700.993586,6294452.785654729
2026-03-04 00:00:00,0.08999,0.09065,0.08861,0.0894,85233607.148074,7641679.885485354
2026-03-04 04:00:00,0.08939,0.09056,0.08873,0.09013,81842827.101164,7319475.244126848
2026-03-04 08:00:00,0.09015,0.09344,0.08972,0.09228,301119464.389408,27796114.75770808
2026-03-04 12:00:00,0.09229,0.09919,0.09149,0.09903,390022031.300885,37233612.983897395
2026-03-04 16:00:00,0.09904,0.1043,0.09746,0.10274,508471276.129508,51305532.91753601
2026-03-04 20:00:00,0.10275,0.10352,0.09873,0.09891,199106701.123267,20096766.822980367
2026-03-05 00:00:00,0.09891,0.09922,0.09592,0.09618,125725636.900647,12242585.096273176
2026-03-05 04:00:00,0.09619,0.09739,0.0952,0.09569,111637071.417812,10752170.496441944
2026-03-05 08:00:00,0.0957,0.09803,0.09533,0.09596,155972602.383011,15085133.169090249
2026-03-05 12:00:00,0.09593,0.09648,0.09388,0.09429,218912278.671848,20850990.139797702
2026-03-05 16:00:00,0.09428,0.09455,0.09273,0.09392,100548708.437282,9405725.266249817
2026-03-05 20:00:00,0.09394,0.0948,0.09347,0.09358,36518290.049248,3435676.184470256
2026-03-06 00:00:00,0.09357,0.09431,0.09316,0.0939,46672724.938019,4377001.468194368
2026-03-06 04:00:00,0.09392,0.09436,0.09301,0.09399,57949668.256119,5432916.0462798625
2026-03-06 08:00:00,0.094,0.09401,0.09243,0.0931,78740406.04553,7340616.919562481
2026-03-06 12:00:00,0.0931,0.09355,0.09,0.09027,271854941.054955,24848659.098035015
2026-03-06 16:00:00,0.09027,0.09141,0.09002,0.09085,101827588.236448,9234644.372438977
2026-03-06 20:00:00,0.09086,0.09162,0.09057,0.09129,38810916.771623,3537776.793091878
2026-03-07 00:00:00,0.09129,0.09211,0.09104,0.09107,37047068.196343,3388417.644013043
2026-03-07 04:00:00,0.09109,0.09127,0.09039,0.09058,31862569.708508,2890333.587630468
2026-03-07 08:00:00,0.09058,0.09087,0.09005,0.09062,48867896.07054,4421066.593274338
2026-03-07 12:00:00,0.09062,0.09067,0.0894,0.09003,68068711.288816,6128031.034022799
2026-03-07 16:00:00,0.09003,0.09063,0.08924,0.0896,45144135.965476,4062006.631681355
2026-03-07 20:00:00,0.08959,0.09019,0.08944,0.08994,20006371.965056,1798561.5541143056
2026-03-08 00:00:00,0.08995,0.09019,0.08879,0.08933,60687187.400318,5428881.879081622
2026-03-08 04:00:00,0.08936,0.08972,0.08876,0.08933,37869635.825505,3382133.8302983944
2026-03-08 08:00:00,0.08934,0.09133,0.08896,0.08936,62130338.357465,5590515.724222663
2026-03-08 12:00:00,0.08936,0.08949,0.08789,0.08873,128328083.42471,11381258.934574116
2026-03-08 16:00:00,0.08873,0.08971,0.0882,0.08934,38409882.260294,3410637.187733247
2026-03-08 20:00:00,0.08935,0.0901,0.08655,0.08914,133801338.916738,11812586.973021297
2026-03-09 00:00:00,0.08915,0.09169,0.089,0.09038,143461786.570609,12938645.872653073
2026-03-09 04:00:00,0.09039,0.0918,0.08931,0.08998,125733551.347312,11403059.132133508
2026-03-09 08:00:00,0.09,0.09139,0.08973,0.09037,96723667.773557,8760575.44270817
2026-03-09 12:00:00,0.09038,0.09243,0.09037,0.09113,152623641.707159,13966340.271592967
2026-03-09 16:00:00,0.09113,0.09284,0.09066,0.09127,96848578.294779,8860685.189241901
2026-03-09 20:00:00,0.09128,0.09182,0.09018,0.09051,64456447.199133,5855525.8461329425
2026-03-10 00:00:00,0.09048,0.09237,0.09033,0.09121,92793337.394061,8495486.5036996
2026-03-10 04:00:00,0.09122,0.09247,0.09115,0.09233,61808982.528236,5678244.167430779
2026-03-10 08:00:00,0.09234,0.09593,0.09224,0.09452,196523651.142627,18543872.38852737
2026-03-10 12:00:00,0.09453,0.09974,0.09428,0.09911,401909634.203174,39056096.89263088
2026-03-10 16:00:00,0.09911,0.10044,0.0943,0.09477,271135890.43383,26527813.388287794
2026-03-10 20:00:00,0.09475,0.09533,0.09385,0.09453,66222506.235322,6265853.183871991
2026-03-11 00:00:00,0.09453,0.09489,0.0924,0.09262,106963959.805718,9993356.339047112
2026-03-11 04:00:00,0.09262,0.09324,0.09146,0.09195,147667972.901865,13607728.857265333
2026-03-11 08:00:00,0.09196,0.09241,0.09153,0.09198,82868188.748601,7622040.548144429
2026-03-11 12:00:00,0.09198,0.09484,0.09118,0.09237,268472860.293589,25000336.14273836
2026-03-11 16:00:00,0.09238,0.0946,0.09223,0.09383,126912713.585779,11866297.252345148
2026-03-11 20:00:00,0.09382,0.09423,0.09277,0.09288,48304826.080453,4521496.759757808
2026-03-12 00:00:00,0.09288,0.09305,0.09179,0.09216,58254279.101666,5379456.65836018
2026-03-12 04:00:00,0.09216,0.093,0.0918,0.09289,63227671.423039,5833542.283511856
2026-03-12 08:00:00,0.0929,0.09521,0.09241,0.0947,114806529.161181,10751348.213416772
2026-03-12 12:00:00,0.09471,0.09585,0.09314,0.09411,214395935.138533,20299097.591760233
2026-03-12 16:00:00,0.0941,0.0949,0.09335,0.09444,75902234.561978,7157381.046197433
2026-03-12 20:00:00,0.09444,0.09535,0.09406,0.09475,39252578.550208,3719303.7272218727
2026-03-13 00:00:00,0.09474,0.09806,0.09455,0.09679,221244984.314963,21361605.35412701
2026-03-13 04:00:00,0.09679,0.0969,0.09581,0.09651,73084256.617451,7047472.316842959
2026-03-13 08:00:00,0.0965,0.10038,0.09609,0.10003,280026154.733407,27658782.232724894
2026-03-13 12:00:00,0.10002,0.10196,0.09731,0.09797,487369825.202059,48581302.22089577
2026-03-13 16:00:00,0.09796,0.09849,0.09544,0.09604,182119033.620223,17670917.867189355
2026-03-13 20:00:00,0.09605,0.0968,0.09546,0.09598,51807281.552254,4980881.8193546
2026-03-14 00:00:00,0.09597,0.09626,0.09514,0.09605,69777934.65303,6678504.857752009
2026-03-14 04:00:00,0.09606,0.09644,0.09426,0.09461,63719173.804249,6071893.182827072
2026-03-14 08:00:00,0.09462,0.09553,0.094,0.09525,68553211.705223,6483515.832517297
2026-03-14 12:00:00,0.09526,0.09567,0.09445,0.09494,53246237.663188,5059865.448198488
2026-03-14 16:00:00,0.09493,0.09547,0.09438,0.09479,34167193.612403,3241419.737090519
2026-03-14 20:00:00,0.0948,0.09618,0.09461,0.09604,36896591.392622,3520724.6258459925
2026-03-15 00:00:00,0.09607,0.09743,0.09541,0.09599,72547213.404701,6991239.217408961
2026-03-15 04:00:00,0.09602,0.09649,0.09552,0.09563,49064977.59567,4706990.035800715
2026-03-15 08:00:00,0.09564,0.09663,0.09563,0.0964,51358663.676588,4941660.46581919
2026-03-15 12:00:00,0.0964,0.09664,0.09473,0.095,87076766.621371,8309747.500369364
2026-03-15 16:00:00,0.095,0.09581,0.09445,0.09519,46641617.313014,4433258.134767052
2026-03-15 20:00:00,0.0952,0.09808,0.09498,0.0974,133234422.30856,12912314.041901588
2026-03-16 00:00:00,0.09739,0.1014,0.09705,0.09998,287142963.884541,28442425.420799088
2026-03-16 04:00:00,0.09998,0.10265,0.09981,0.10199,232063443.443412,23528697.906742673
2026-03-16 08:00:00,0.102,0.10294,0.09939,0.09996,189885019.988153,19142035.466172375
2026-03-16 12:00:00,0.09997,0.10355,0.09974,0.10005,265049639.652133,26844052.82227335
2026-03-16 16:00:00,0.10007,0.10297,0.0999,0.10198,128030044.812573,12969024.526841836
2026-03-16 20:00:00,0.10199,0.10373,0.10122,0.10303,133760658.994172,13732074.547698583
2026-03-17 00:00:00,0.10303,0.10449,0.10067,0.10127,259464802.485845,26677066.96881706
2026-03-17 04:00:00,0.10127,0.10167,0.09945,0.10055,155758588.197833,15651319.274691263
2026-03-17 08:00:00,0.10055,0.10143,0.09997,0.10016,84761712.621729,8526600.023659607
2026-03-17 12:00:00,0.10015,0.10053,0.09833,0.09968,247348521.645607,24569813.256432462
2026-03-17 16:00:00,0.09967,0.10112,0.09942,0.10025,69644579.126324,6981860.13246067
2026-03-17 20:00:00,0.10026,0.10173,0.09995,0.10014,63660643.153446,6409517.072126412
2026-03-18 00:00:00,0.10015,0.10185,0.09967,0.10117,83614012.874146,8427504.702908617
2026-03-18 04:00:00,0.10117,0.10125,0.09922,0.09959,126989087.668816,12712752.878244568
2026-03-18 08:00:00,0.0996,0.10011,0.09662,0.09711,174285603.27967,17124454.19151795
2026-03-18 12:00:00,0.0971,0.09711,0.09398,0.0944,243334996.785883,23229078.207384977
2026-03-18 16:00:00,0.09438,0.09556,0.0933,0.09464,176402607.461509,16650930.30564504
2026-03-18 20:00:00,0.09466,0.09561,0.09393,0.09526,49120807.308759,4664538.892722306
2026-03-19 00:00:00,0.09527,0.09607,0.09445,0.09545,57836653.50893,5508408.447553758
2026-03-19 04:00:00,0.09546,0.09551,0.09319,0.09441,88250515.748521,8330413.638544274
2026-03-19 08:00:00,0.09439,0.09539,0.09371,0.09401,65686951.426502,6205502.5170950545
2026-03-19 12:00:00,0.09402,0.09402,0.09215,0.09288,143033067.21352,13298841.720076237
2026-03-19 16:00:00,0.09289,0.09395,0.09176,0.09336,87365055.40171,8097207.450794796
2026-03-19 20:00:00,0.09336,0.09381,0.09301,0.09355,33143400.379377,3097585.8709437414
2026-03-20 00:00:00,0.09354,0.09467,0.09351,0.0941,70589063.400553,6642398.10552029
2026-03-20 04:00:00,0.0941,0.0954,0.09365,0.09408,98370330.08222,9294754.33690428
2026-03-20 08:00:00,0.09409,0.0951,0.09352,0.09411,65305204.851979,6155172.383844858
2026-03-20 12:00:00,0.09409,0.09444,0.09309,0.09422,78090100.015672,7325354.205883934
2026-03-20 16:00:00,0.09421,0.09445,0.0929,0.09373,52144135.841371,4884945.991419382
2026-03-20 20:00:00,0.09373,0.09497,0.09322,0.09418,33229278.004023,3129604.45008944
2026-03-21 00:00:00,0.09418,0.09499,0.09393,0.09471,27963648.085937,2642569.0793027696
2026-03-21 04:00:00,0.09472,0.09493,0.09429,0.09436,38070744.23182,3604827.8556750594
2026-03-21 08:00:00,0.09438,0.0945,0.09382,0.09401,29312884.272567,2759798.9654526105
2026-03-21 12:00:00,0.09401,0.09465,0.09354,0.09465,44729647.213457,4205816.869458392
2026-03-21 16:00:00,0.09466,0.09468,0.09389,0.09408,25169321.696168,2372497.22317622
2026-03-21 20:00:00,0.09408,0.09441,0.09056,0.09135,111961425.967715,10311347.128115388
2026-03-22 00:00:00,0.09133,0.09288,0.09,0.09235,161315245.356188,14744802.838161772
2026-03-22 04:00:00,0.09235,0.09284,0.09133,0.09135,74937018.518185,6911507.002927784
2026-03-22 08:00:00,0.09136,0.09164,0.09076,0.09111,62665697.611517,5709403.833587149
2026-03-22 12:00:00,0.09112,0.09198,0.09111,0.09163,45787771.163922,4192509.799463318
2026-03-22 16:00:00,0.09163,0.09177,0.09011,0.09051,53691250.28093,4879419.233631512
2026-03-22 20:00:00,0.09051,0.0908,0.08917,0.09017,108099503.678214,9723506.176559225
2026-03-23 00:00:00,0.09017,0.09147,0.0898,0.09064,66955896.6854,6070937.814852729
2026-03-23 04:00:00,0.09064,0.09123,0.08977,0.09044,62482170.358376,5657463.982638032
2026-03-23 08:00:00,0.09045,0.09539,0.08926,0.09253,386169617.562999,35945297.75773041
2026-03-23 12:00:00,0.09256,0.09578,0.09187,0.09381,220428146.943841,20703967.924238242
2026-03-23 16:00:00,0.09381,0.09579,0.09302,0.09489,122767779.733283,11596939.87217152
2026-03-23 20:00:00,0.09489,0.09548,0.09354,0.09416,53197577.862856,5026053.697816084
2026-03-24 00:00:00,0.09417,0.0944,0.09271,0.0938,63693601.86014,5954079.082964215
2026-03-24 04:00:00,0.0938,0.09544,0.0932,0.09525,60030642.394101,5651541.609366184
2026-03-24 08:00:00,0.09525,0.0956,0.09361,0.09427,137503487.155261,13017605.721047891
2026-03-24 12:00:00,0.09427,0.09469,0.09268,0.09338,106152880.443459,9953619.815359604
2026-03-24 16:00:00,0.09336,0.09376,0.09245,0.09312,42368801.401785,3940496.4179436313
2026-03-24 20:00:00,0.09312,0.09542,0.09306,0.09509,53539995.122843,5067832.039988177
2026-03-25 00:00:00,0.0951,0.09549,0.0944,0.09521,54786511.456901,5206950.998584721
2026-03-25 04:00:00,0.0952,0.09769,0.09499,0.09679,128185445.914936,12393789.076597476
2026-03-25 08:00:00,0.0968,0.09747,0.09644,0.09697,57670433.095045,5596389.506229232
2026-03-25 12:00:00,0.09699,0.09794,0.09558,0.09597,133234449.84314,12906527.728249105
2026-03-25 16:00:00,0.09599,0.09707,0.09582,0.09644,52397253.920078,5053176.19116461
2026-03-25 20:00:00,0.09646,0.0968,0.09576,0.09619,37364091.799806,3594416.0688256365
2026-03-26 00:00:00,0.09618,0.09628,0.09415,0.0946,67242545.424332,6387933.16676282
2026-03-26 04:00:00,0.0946,0.09463,0.09224,0.09276,125236944.694197,11651091.828788944
2026-03-26 08:00:00,0.09276,0.09278,0.09114,0.09134,131194690.730304,12037978.58495818
2026-03-26 12:00:00,0.09135,0.09221,0.09055,0.09098,125031967.95858,11432809.359778702
2026-03-26 16:00:00,0.09098,0.09157,0.0906,0.0911,52799629.83403,4809461.348903739
2026-03-26 20:00:00,0.09111,0.09276,0.09097,0.09204,65253347.054552,6010360.371252695
2026-03-27 00:00:00,0.09204,0.0927,0.09177,0.09196,35179697.718747,3245146.7534884703
2026-03-27 04:00:00,0.09195,0.09235,0.0914,0.09223,34015621.15735,3126190.191665428
2026-03-27 08:00:00,0.09222,0.09241,0.08929,0.09011,154853308.657115,14007644.580611698
2026-03-27 12:00:00,0.09013,0.09094,0.08927,0.09036,101063442.427823,9094629.539029263
2026-03-27 16:00:00,0.09036,0.09051,0.08948,0.09008,46380630.687578,4173900.6394202607
2026-03-27 20:00:00,0.09008,0.09038,0.08965,0.09011,25961237.155195,2337937.451078244
2026-03-28 00:00:00,0.09012,0.09068,0.08984,0.0899,38873786.8716,3506814.525730054
2026-03-28 04:00:00,0.08991,0.09129,0.0897,0.0912,34691816.572446,3136342.203013457
2026-03-28 08:00:00,0.09122,0.09219,0.09083,0.09135,43090637.840072,3939187.165984797
2026-03-28 12:00:00,0.09137,0.09535,0.09115,0.09404,184174565.711392,17233782.353695046
2026-03-28 16:00:00,0.09404,0.0943,0.09199,0.09228,102149119.958515,9495740.637674073
2026-03-28 20:00:00,0.09228,0.09246,0.0904,0.09099,56605716.695055,5175605.697156416
2026-03-29 00:00:00,0.09099,0.09167,0.09056,0.09144,50216922.820712,4574150.888730134
2026-03-29 04:00:00,0.09145,0.09149,0.09071,0.0912,26301937.867028,2396192.0685813474
2026-03-29 08:00:00,0.0912,0.09137,0.09041,0.09096,36811552.410655,3345509.8942165677
2026-03-29 12:00:00,0.09097,0.09097,0.09004,0.09018,79741037.43569,7211032.4907572735
2026-03-29 16:00:00,0.09019,0.09085,0.08992,0.09065,49827044.425734,4499963.85796376
2026-03-29 20:00:00,0.09065,0.09155,0.08789,0.09044,147741397.245932,13233371.3694803
2026-03-30 00:00:00,0.09046,0.09289,0.09027,0.09247,109263064.920386,10040907.100085538
2026-03-30 04:00:00,0.09249,0.09366,0.09249,0.09335,121064106.507903,11260519.900656976
2026-03-30 08:00:00,0.09334,0.09391,0.09206,0.09289,107758555.848987,10007080.105280064
2026-03-30 12:00:00,0.0929,0.09334,0.09228,0.09288,98585039.774108,9157483.938039998
2026-03-30 16:00:00,0.09288,0.09303,0.09047,0.09094,99797868.079146,9133474.424343312
2026-03-30 20:00:00,0.09093,0.09154,0.09036,0.09084,51879295.830707,4718130.138589686
2026-03-31 00:00:00,0.09085,0.09279,0.09054,0.09168,99017787.839063,9087270.26730579
2026-03-31 04:00:00,0.09169,0.09196,0.09102,0.09126,59845626.314848,5473434.20573184
2026-03-31 08:00:00,0.09129,0.0915,0.08935,0.09036,126961648.411494,11456449.963156216
2026-03-31 12:00:00,0.09036,0.09191,0.09014,0.09042,78234902.98051,7116128.559280249
2026-03-31 16:00:00,0.09043,0.09264,0.09031,0.09213,113574312.024806,10420931.906601757
2026-03-31 20:00:00,0.09212,0.09283,0.09136,0.09232,63577468.881124,5859231.408187045
2026-04-01 00:00:00,0.09232,0.09277,0.09164,0.09248,60201121.104293,5550823.656085741
2026-04-01 04:00:00,0.09248,0.09451,0.09217,0.09324,155264115.148094,14537883.906080512
2026-04-01 08:00:00,0.09325,0.09341,0.09188,0.09252,72089069.267211,6672922.035216826
2026-04-01 12:00:00,0.09252,0.09325,0.09212,0.09306,85955889.247684,7968181.270344406
2026-04-01 16:00:00,0.09307,0.09428,0.09238,0.09283,78487345.81599,7312577.714978891
2026-04-01 20:00:00,0.09285,0.09332,0.09207,0.09221,40346461.452074,3736364.1977588776
2026-04-02 00:00:00,0.09219,0.09271,0.08953,0.09013,267659076.168755,24255879.43990401
2026-04-02 04:00:00,0.09013,0.09039,0.08924,0.09027,93025737.543681,8364294.191165825
2026-04-02 08:00:00,0.09027,0.09054,0.08953,0.08999,57962527.167915,5221244.044766504
2026-04-02 12:00:00,0.08999,0.09118,0.08899,0.09034,151681028.997465,13629504.27334658
2026-04-02 16:00:00,0.09034,0.09085,0.08966,0.09029,48201076.134088,4346914.049443848
2026-04-02 20:00:00,0.0903,0.09071,0.09012,0.09041,21859906.243247,1976690.010735364
2026-04-03 00:00:00,0.09042,0.09076,0.08992,0.09059,57431130.490258,5190135.541028265
2026-04-03 04:00:00,0.09059,0.09153,0.09031,0.09117,74015356.767537,6735428.805513295
2026-04-03 08:00:00,0.09118,0.09167,0.091,0.09146,62677597.709464,5725678.218706402
2026-04-03 12:00:00,0.09146,0.0922,0.09082,0.09151,109916795.226961,10058612.50868817
2026-04-03 16:00:00,0.09152,0.09258,0.09122,0.09177,84899620.59539,7801159.619816436
2026-04-03 20:00:00,0.09178,0.09239,0.09126,0.09154,28614648.352705,2629451.1609403198
2026-04-04 00:00:00,0.09155,0.09155,0.09093,0.09124,26681404.072874,2434104.929525154
2026-04-04 04:00:00,0.09124,0.0915,0.09101,0.09134,15277862.030732,1394561.306858582
2026-04-04 08:00:00,0.09136,0.09137,0.09075,0.09116,30368918.615185,2765551.3363899505
2026-04-04 12:00:00,0.09116,0.092,0.09076,0.09178,90333500.843145,8267583.547517274
2026-04-04 16:00:00,0.09179,0.09313,0.09156,0.09228,82966190.148966,7656472.815468665
2026-04-04 20:00:00,0.09229,0.09242,0.09182,0.09204,32474486.124026,2992294.438678212
2026-04-05 00:00:00,0.09204,0.09214,0.09131,0.09139,30985534.491501,2837127.145981935
2026-04-05 04:00:00,0.09139,0.09139,0.08991,0.0901,80796497.835856,7305463.233627755
2026-04-05 08:00:00,0.0901,0.09064,0.09001,0.09035,44774254.727611,4043209.556743719
2026-04-05 12:00:00,0.09035,0.09147,0.08971,0.09067,78331445.540408,7077717.7641661465
2026-04-05 16:00:00,0.09068,0.09087,0.09022,0.09055,36383713.650054,3293919.6930308584
2026-04-05 20:00:00,0.09054,0.09245,0.09026,0.09238,82269593.093582,7522668.102431727
2026-04-06 00:00:00,0.09238,0.09364,0.09148,0.09232,208802492.115799,19376825.527198534
2026-04-06 04:00:00,0.09232,0.0929,0.09175,0.0921,82357179.981548,7610965.487483433
2026-04-06 08:00:00,0.09211,0.09347,0.09195,0.09304,109927715.450206,10212691.99731194
2026-04-06 12:00:00,0.09304,0.09312,0.0921,0.0928,95033643.702245,8801900.922888827
2026-04-06 16:00:00,0.09283,0.09289,0.0916,0.09194,46076597.916383,4248926.422873296
2026-04-06 20:00:00,0.09194,0.09198,0.08992,0.09061,129725010.276022,11751771.958333367
2026-04-07 00:00:00,0.09058,0.09098,0.09025,0.09054,41822689.772777,3790890.958992176
2026-04-07 04:00:00,0.09054,0.0908,0.09026,0.09063,51093876.046581,4626411.914192767
2026-04-07 08:00:00,0.09063,0.09147,0.09033,0.09053,63364479.49399,5755479.933220084
2026-04-07 12:00:00,0.09054,0.09089,0.09007,0.09041,59459716.250805,5376317.88526758
2026-04-07 16:00:00,0.09041,0.09233,0.09038,0.09227,76367987.965007,6986600.026735703
2026-04-07 20:00:00,0.09228,0.09605,0.09201,0.09493,362552211.4787,34129105.96146712
2026-04-08 00:00:00,0.09491,0.09524,0.09373,0.09458,135013648.545207,12754092.406399738
2026-04-08 04:00:00,0.09458,0.09506,0.09436,0.09458,78761830.725724,7463835.129917826
2026-04-08 08:00:00,0.09459,0.09559,0.09372,0.09423,124382181.405715,11775234.977963002
2026-04-08 12:00:00,0.09424,0.0951,0.09264,0.09341,120511573.654882,11318870.114146916
2026-04-08 16:00:00,0.09342,0.09413,0.09276,0.0931,58021403.143359,5422438.023812765
2026-04-08 20:00:00,0.0931,0.09377,0.09212,0.09242,51044813.551801,4743822.163726331
2026-04-09 00:00:00,0.09241,0.09245,0.09113,0.09155,104847154.922094,9613849.063277217
2026-04-09 04:00:00,0.09154,0.09191,0.09093,0.09141,93426439.216334,8533094.285955645
2026-04-09 08:00:00,0.09141,0.09207,0.09122,0.0917,72338652.158575,6629295.880734605
2026-04-09 12:00:00,0.0917,0.09326,0.09098,0.09287,104213824.423073,9574009.138685929
2026-04-09 16:00:00,0.09289,0.09387,0.09209,0.09381,93547872.519647,8705592.165289763
2026-04-09 20:00:00,0.09381,0.095,0.09234,0.0926,69893574.264271,6551469.4626338845
2026-04-10 00:00:00,0.09261,0.09283,0.09194,0.09221,60288477.702142,5573434.996076579
2026-04-10 04:00:00,0.09221,0.09319,0.09213,0.0923,42767020.642558,3961573.8341822694
2026-04-10 08:00:00,0.0923,0.0927,0.09199,0.0925,51963854.253219,4798303.557632024
2026-04-10 12:00:00,0.0925,0.09458,0.09233,0.09333,162320138.266502,15169450.661114477
2026-04-10 16:00:00,0.09334,0.09526,0.09334,0.09502,76398561.866302,7221636.086491809
2026-04-10 20:00:00,0.09502,0.0952,0.09356,0.09368,46279959.031928,4362599.955601858
2026-04-11 00:00:00,0.09369,0.0941,0.09326,0.09366,51295285.261429,4805512.620255128
2026-04-11 04:00:00,0.09367,0.09385,0.09263,0.09289,55332552.425923,5149313.089115995
2026-04-11 08:00:00,0.0929,0.09307,0.09262,0.09295,39166723.052045,3637775.494738704
2026-04-11 12:00:00,0.09295,0.09309,0.09228,0.09277,45538691.011655,4221714.506223193
2026-04-11 16:00:00,0.09278,0.09477,0.09273,0.09469,79459565.712091,7452692.3753568465
2026-04-11 20:00:00,0.09469,0.0949,0.09281,0.09308,56472578.763974,5301531.106434917
2026-04-12 00:00:00,0.09309,0.09324,0.09064,0.09118,177101147.814953,16212724.762573509
2026-04-12 04:00:00,0.09118,0.09162,0.09102,0.0914,47980976.988992,4382343.3617521655
2026-04-12 08:00:00,0.09139,0.09144,0.09094,0.09133,26705509.709109,2435513.0136323203
2026-04-12 12:00:00,0.09133,0.09145,0.09029,0.09067,76171581.686603,6915597.708951969
2026-04-12 16:00:00,0.09066,0.09133,0.09058,0.09093,44669465.488926,4063493.082504412
2026-04-12 20:00:00,0.09093,0.09174,0.09052,0.09085,44637146.1997,4062420.9255272257
2026-04-13 00:00:00,0.09085,0.09154,0.09078,0.0912,31363297.356327,2861075.869163449
2026-04-13 04:00:00,0.0912,0.09153,0.09083,0.09089,28632030.081754,2609596.889328554
2026-04-13 08:00:00,0.0909,0.0913,0.09072,0.09094,30854102.420419,2805649.4668551786
2026-04-13 12:00:00,0.09094,0.09263,0.09081,0.09173,174711528.6173,16011582.415496148
2026-04-13 16:00:00,0.09172,0.09328,0.09137,0.09309,92285023.189969,8506027.865475956
2026-04-13 20:00:00,0.09309,0.09434,0.09244,0.09412,203303746.403685,19027646.52010391
2026-04-14 00:00:00,0.09411,0.09427,0.09306,0.09354,131881202.951199,12349735.412106024
2026-04-14 04:00:00,0.09355,0.09373,0.09271,0.0936,74045911.226816,6906036.53921318
2026-04-14 08:00:00,0.09361,0.09575,0.09341,0.0943,220586646.157992,20840859.732032385
2026-04-14 12:00:00,0.09431,0.098,0.09369,0.09541,318189562.665684,30595865.08037955
2026-04-14 16:00:00,0.0954,0.09602,0.09236,0.09286,144823013.398737,13643007.768232444
2026-04-14 20:00:00,0.09287,0.09338,0.09242,0.09297,73682319.013052,6845021.571232767
2026-04-15 00:00:00,0.09298,0.09363,0.09296,0.09316,56658915.727611,5288341.518169583
2026-04-15 04:00:00,0.09317,0.09391,0.09265,0.09282,65698083.016824,6121377.297787822
2026-04-15 08:00:00,0.09282,0.09378,0.09265,0.09356,57834780.243004,5383378.910669442
2026-04-15 12:00:00,0.09355,0.09416,0.0931,0.0936,73956681.233479,6920454.408566072
2026-04-15 16:00:00,0.09359,0.09679,0.09352,0.09606,118645934.875733,11294747.587089727
2026-04-15 20:00:00,0.09606,0.09616,0.09439,0.09487,71232233.516126,6779984.46219713
2026-04-16 00:00:00,0.09489,0.09742,0.09451,0.09702,104198766.929403,9996028.111246556
2026-04-16 04:00:00,0.097,0.09795,0.0961,0.09648,141747399.365536,13743749.89641386
2026-04-16 08:00:00,0.09648,0.0966,0.09533,0.09634,110036953.41104,10563319.35401198
2026-04-16 12:00:00,0.09634,0.09773,0.09445,0.09729,257767067.581497,24760838.84325589
2026-04-16 16:00:00,0.09731,0.09987,0.0964,0.09943,249079866.988191,24469097.99901129
2026-04-16 20:00:00,0.09943,0.0998,0.09802,0.09921,123398338.341045,12210876.530898368
2026-04-17 00:00:00,0.09921,0.09961,0.09733,0.09774,139338126.855191,13691461.277949875
2026-04-17 04:00:00,0.09775,0.09853,0.09671,0.09808,88903012.861962,8672455.78573654
2026-04-17 08:00:00,0.09808,0.09952,0.09771,0.09875,174293022.881279,17173671.02879144
2026-04-17 12:00:00,0.09877,0.10156,0.09845,0.10055,386784027.731286,38903726.21388844
2026-04-17 16:00:00,0.10056,0.10217,0.09979,0.09997,191380912.160452,19324585.074117385
2026-04-17 20:00:00,0.09997,0.10064,0.09878,0.09941,84124858.877701,8395583.761083469
2026-04-18 00:00:00,0.09941,0.09975,0.09813,0.09853,98190103.407544,9705376.432498451
2026-04-18 04:00:00,0.09854,0.09907,0.09808,0.09888,37792959.519114,3727967.554229208
2026-04-18 08:00:00,0.09889,0.09889,0.09555,0.09601,222588001.789486,21573482.634542968
2026-04-18 12:00:00,0.09601,0.09649,0.09547,0.09601,83582747.748521,8025240.603034802
2026-04-18 16:00:00,0.09601,0.09631,0.09415,0.09481,114679240.334373,10916827.540534094
2026-04-18 20:00:00,0.09481,0.09537,0.09462,0.0948,38470897.447791,3655503.9519441514
2026-04-19 00:00:00,0.09481,0.0951,0.09439,0.09477,52826587.724192,5007047.835875068
2026-04-19 04:00:00,0.09478,0.09526,0.09348,0.09415,88782652.43612,8370938.9286904335
2026-04-19 08:00:00,0.09414,0.09503,0.09348,0.09456,73666726.879834,6947230.475591287
2026-04-19 12:00:00,0.09456,0.0965,0.0943,0.09558,210141039.318805,20036708.71276401
2026-04-19 16:00:00,0.09561,0.09577,0.09379,0.09451,73398023.173481,6940540.33933948
2026-04-19 20:00:00,0.0945,0.0945,0.09255,0.09305,101554152.09558,9481590.158494696
2026-04-20 00:00:00,0.09306,0.09432,0.09292,0.09422,62166723.268242,5835317.776579164
2026-04-20 04:00:00,0.09423,0.09545,0.09359,0.09456,130513788.4269,12326868.731319476
2026-04-20 08:00:00,0.09457,0.09502,0.09406,0.09451,59903882.142554,5658755.883733079
2026-04-20 12:00:00,0.09449,0.0954,0.0941,0.09497,100100122.647342,9490357.16734827
2026-04-20 16:00:00,0.09498,0.09578,0.09438,0.09552,54183970.310241,5156980.611695912
2026-04-20 20:00:00,0.09552,0.09612,0.095,0.09521,42529657.62418,4066067.5705738007
2026-04-21 00:00:00,0.09522,0.09586,0.09454,0.09487,41439107.703744,3940255.4751069066
2026-04-21 04:00:00,0.09487,0.09581,0.09487,0.09528,49055273.743033,4674617.288247202
2026-04-21 08:00:00,0.09527,0.09593,0.09519,0.09544,34985031.453964,3342787.8620896414
2026-04-21 12:00:00,0.09545,0.09571,0.09446,0.09479,45751186.023534,4347404.384263053
2026-04-21 16:00:00,0.09479,0.09518,0.09358,0.09384,49188131.000629,4639401.267981005
2026-04-21 20:00:00,0.09386,0.09525,0.0938,0.09518,26537010.172717,2510404.9076634226
2026-04-22 00:00:00,0.09519,0.09694,0.09488,0.09627,93638168.374512,9005769.918286864
2026-04-22 04:00:00,0.09629,0.09831,0.09601,0.09753,140014462.445429,13619251.624797955
2026-04-22 08:00:00,0.09754,0.09858,0.09727,0.09802,89802449.754561,8793293.183313975
2026-04-22 12:00:00,0.09802,0.09839,0.09738,0.09788,113599411.528166,11118883.543682257
2026-04-22 16:00:00,0.09789,0.0982,0.09631,0.0967,58833429.207957,5723521.317731397
2026-04-22 20:00:00,0.09669,0.09689,0.09557,0.09561,48979298.390326,4715718.187325645
2026-04-23 00:00:00,0.09562,0.09658,0.09525,0.0956,115777188.943938,11114962.066177752
2026-04-23 04:00:00,0.09559,0.09645,0.09554,0.09593,47538502.951751,4559980.584698543
2026-04-23 08:00:00,0.09593,0.09628,0.09531,0.09615,45735554.997775,4379363.948661907
2026-04-23 12:00:00,0.09616,0.098,0.09585,0.09736,98571065.076538,9547749.26476108
2026-04-23 16:00:00,0.09736,0.09743,0.09515,0.09622,81804670.717921,7870947.958363115
2026-04-23 20:00:00,0.09621,0.09767,0.09617,0.0971,31768801.569533,3084420.245461528
2026-04-24 00:00:00,0.09711,0.09801,0.09686,0.09721,53505669.889356,5217949.131380076
2026-04-24 04:00:00,0.09722,0.09813,0.09696,0.0978,72663399.175646,7084773.242652811
2026-04-24 08:00:00,0.0978,0.0985,0.09682,0.09818,116805705.064744,11427446.255037138
2026-04-24 12:00:00,0.09818,0.09851,0.09724,0.09808,114799805.954404,11240770.792765168
2026-04-24 16:00:00,0.09809,0.09846,0.09764,0.09838,42879480.820121,4205092.123836562
2026-04-24 20:00:00,0.09839,0.09951,0.09787,0.09843,67290214.309527,6633383.931179431
2026-04-25 00:00:00,0.09842,0.09908,0.09803,0.09882,55656506.950266,5486149.30927109
2026-04-25 04:00:00,0.09883,0.09908,0.0981,0.09841,54964962.057078,5415261.409155168
2026-04-25 08:00:00,0.0984,0.09866,0.09786,0.09796,32043603.579812,3152667.775604188
2026-04-25 12:00:00,0.09797,0.09878,0.09772,0.09817,31483591.030581,3091981.215758105
2026-04-25 16:00:00,0.09816,0.09832,0.09738,0.09769,43980343.65789,4300497.427158724
2026-04-25 20:00:00,0.09769,0.09823,0.09759,0.098,16884927.970224,1654412.7081833533
2026-04-26 00:00:00,0.098,0.09844,0.09757,0.09777,49906108.689001,4888920.253990178
2026-04-26 04:00:00,0.09777,0.09871,0.09748,0.09855,46719533.257687,4587009.224234273
2026-04-26 08:00:00,0.09856,0.09915,0.09829,0.09902,40324864.61594,3979121.086810433
2026-04-26 12:00:00,0.09903,0.09919,0.09811,0.09902,71011780.591036,7010141.300179423
2026-04-26 16:00:00,0.09903,0.09969,0.09849,0.0992,40189887.618458,3986839.3341848194
2026-04-26 20:00:00,0.0992,0.09991,0.09869,0.09922,58665991.575723,5821341.562673613
2026-04-27 00:00:00,0.09923,0.10083,0.09888,0.10022,81306588.603164,8136981.201221101
2026-04-27 04:00:00,0.10022,0.10054,0.09761,0.09784,152689249.319669,15049237.521923088
2026-04-27 08:00:00,0.09783,0.09851,0.09771,0.09851,72754677.368652,7142917.360024218
2026-04-27 12:00:00,0.09851,0.09924,0.0968,0.0972,106971886.094912,10466060.757871907
2026-04-27 16:00:00,0.0972,0.09814,0.09707,0.09786,42427964.032457,4146633.9562325953
2026-04-27 20:00:00,0.09786,0.0991,0.09786,0.09894,28082858.87679,2767587.2979228343
2026-04-28 00:00:00,0.09893,0.09954,0.09857,0.09932,56807512.159734,5632951.037297392
2026-04-28 04:00:00,0.09933,0.10099,0.09895,0.09963,199082256.215945,19892254.092552487
2026-04-28 08:00:00,0.09964,0.09997,0.09851,0.09863,46360535.892954,4602927.149651267
2026-04-28 12:00:00,0.09863,0.09954,0.09808,0.09954,85420829.411768,8428873.816335913
2026-04-28 16:00:00,0.09953,0.09985,0.09917,0.09971,35247189.803964,3505725.2209329302
2026-04-28 20:00:00,0.09972,0.10019,0.09884,0.09934,77800479.84039,7749458.738682323
2026-04-29 00:00:00,0.09935,0.10143,0.09924,0.10134,115936408.553537,11625972.369142564
2026-04-29 04:00:00,0.10135,0.10568,0.10111,0.10493,273091377.05308,28177900.83755992
2026-04-29 08:00:00,0.10497,0.1122,0.10462,0.10966,559382365.430975,60653207.11508673
2026-04-29 12:00:00,0.10966,0.1097,0.10294,0.10337,361774981.091106,38369270.16802069
2026-04-29 16:00:00,0.10335,0.10432,0.10094,0.10145,239819576.383384,24593962.125334114
2026-04-29 20:00:00,0.10145,0.10424,0.10143,0.10409,79202374.937232,8165090.704930671
2026-04-30 00:00:00,0.1041,0.1084,0.10396,0.10677,240741351.847477,25619590.291702636
2026-04-30 04:00:00,0.10676,0.10708,0.10434,0.10701,120848682.152181,12773923.73023206
2026-04-30 08:00:00,0.10701,0.10812,0.10566,0.10637,118274305.761579,12651610.260840021
2026-04-30 12:00:00,0.10638,0.10753,0.1059,0.10708,83167921.103706,8870654.441627467
2026-04-30 16:00:00,0.10708,0.10716,0.10542,0.10618,58590789.035072,6217064.1375956675
2026-04-30 20:00:00,0.10616,0.10685,0.10585,0.10651,29706487.395454,3161438.906418653
2026-05-01 00:00:00,0.1065,0.10983,0.10641,0.10909,151775792.257269,16452448.344628073
2026-05-01 04:00:00,0.10909,0.10945,0.10793,0.10824,79797848.152785,8675973.512158914
2026-05-01 08:00:00,0.10825,0.10919,0.10722,0.10884,125393493.39349,13584543.77282434
2026-05-01 12:00:00,0.10884,0.11054,0.10862,0.10943,206515089.379379,22611657.891050745
2026-05-01 16:00:00,0.10942,0.10969,0.10832,0.10907,65174570.07659,7096042.341197829
2026-05-01 20:00:00,0.10908,0.10965,0.10774,0.10854,62431762.29232,6785606.30954539
2026-05-02 00:00:00,0.10854,0.10935,0.10809,0.10818,44183371.272878,4802016.922337095
2026-05-02 04:00:00,0.10818,0.10838,0.10741,0.10791,36326115.416273,3920003.4730239008
2026-05-02 08:00:00,0.10792,0.10806,0.10743,0.10776,26304118.947104,2834333.710238248
2026-05-02 12:00:00,0.10774,0.1092,0.10717,0.10901,67737456.37984,7343177.158677683
2026-05-02 16:00:00,0.10902,0.10935,0.10827,0.10842,23014614.579561,2503076.115435235
2026-05-02 20:00:00,0.10843,0.10921,0.108,0.10854,49884379.837676,5418565.592560963
2026-05-03 00:00:00,0.10852,0.10859,0.10714,0.10785,63974119.591051,6888255.668059811
2026-05-03 04:00:00,0.10784,0.10823,0.10747,0.10791,31355377.349423,3384431.793013835
2026-05-03 08:00:00,0.10792,0.10883,0.1075,0.1087,37246020.928565,4027806.967746724
2026-05-03 12:00:00,0.1087,0.10936,0.10829,0.10848,37462755.302287,4077981.588257853
2026-05-03 16:00:00,0.10849,0.10878,0.10802,0.10864,17371681.889755,1883316.0466046117
2026-05-03 20:00:00,0.10862,0.10965,0.10775,0.10828,50946012.022974,5543858.962467085
2026-05-04 00:00:00,0.1083,0.11376,0.10768,0.11297,266166027.148327,29697074.87793229
2026-05-04 04:00:00,0.11298,0.11355,0.11097,0.11233,93273903.008527,10492110.974999884
2026-05-04 08:00:00,0.11231,0.11244,0.1087,0.11053,144703570.156391,15934242.772654949
2026-05-04 12:00:00,0.11051,0.11267,0.10962,0.11025,141428788.431337,15680993.693775805
2026-05-04 16:00:00,0.11024,0.11163,0.10986,0.1104,54875239.436312,6075204.099109909
2026-05-04 20:00:00,0.11042,0.11096,0.11001,0.11009,26639454.90921,2942333.408725331
2026-05-05 00:00:00,0.11013,0.1118,0.10999,0.1114,53096548.241816,5895973.542653098
2026-05-05 04:00:00,0.11139,0.11196,0.11124,0.11145,43983198.939659,4908093.88628526
2026-05-05 08:00:00,0.11145,0.11214,0.11074,0.11195,57840447.326342,6449182.464511142
2026-05-05 12:00:00,0.11195,0.11293,0.11154,0.11239,90643817.54476,10173484.64546378
2026-05-05 16:00:00,0.1124,0.11448,0.11164,0.11356,103948302.448542,11761044.264644166
2026-05-05 20:00:00,0.11356,0.1165,0.11311,0.11485,113751239.769127,13089851.67377002
2026-05-06 00:00:00,0.11485,0.1161,0.11381,0.11592,101134309.706313,11631567.630515872
2026-05-06 04:00:00,0.11594,0.11637,0.11474,0.11572,110083138.382334,12720217.267738337
2026-05-06 08:00:00,0.11572,0.11707,0.1156,0.11658,112599683.517202,13102541.9333941
2026-05-06 12:00:00,0.11658,0.11676,0.11144,0.11309,231396461.831208,26301503.21257212
2026-05-06 16:00:00,0.11309,0.11364,0.11253,0.11297,55880191.977792,6320276.953946305
2026-05-06 20:00:00,0.11297,0.11326,0.11198,0.11249,40746336.48728,4585731.724345833
2026-05-07 00:00:00,0.11248,0.11253,0.1102,0.1103,93401856.827555,10380233.291200312
2026-05-07 04:00:00,0.11031,0.11181,0.11008,0.11167,76112639.47982,8450055.996218886
2026-05-07 08:00:00,0.11171,0.11187,0.11075,0.11112,54997109.413995,6130550.1193448845
2026-05-07 12:00:00,0.11112,0.1116,0.10675,0.10802,194190892.152016,21147309.311920155
2026-05-07 16:00:00,0.10802,0.10859,0.10712,0.10796,58947934.411464,6361411.359870168
2026-05-07 20:00:00,0.10798,0.10849,0.10739,0.10787,37518358.144444,4044333.407460197
2026-05-08 00:00:00,0.10787,0.10808,0.10581,0.10641,81565376.622476,8708086.718505863
2026-05-08 04:00:00,0.10641,0.10665,0.10562,0.10633,53469235.825622,5679407.517406677
2026-05-08 08:00:00,0.10633,0.10776,0.1062,0.10741,64818784.972556,6948620.602742176
2026-05-08 12:00:00,0.10741,0.10821,0.10631,0.10809,64988234.437477,6972268.755870815
2026-05-08 16:00:00,0.10809,0.10909,0.10728,0.10897,53635954.20301,5806846.707898642
2026-05-08 20:00:00,0.10898,0.10968,0.10849,0.10953,35702448.1902,3897121.616797073
2026-05-09 00:00:00,0.10953,0.11118,0.10938,0.11036,63674440.253914,7029710.981021543
2026-05-09 04:00:00,0.11037,0.11137,0.10987,0.11021,92337599.355634,10217977.730258645
2026-05-09 08:00:00,0.11021,0.11066,0.10937,0.10958,35641886.066861,3912488.5486907857
2026-05-09 12:00:00,0.10958,0.10974,0.1081,0.10863,53779741.954303,5855868.95623125
2026-05-09 16:00:00,0.10864,0.10999,0.10847,0.10971,20131587.675202,2198293.8533529714
2026-05-09 20:00:00,0.10972,0.10973,0.10858,0.10875,21091178.76011,2303260.129607822
2026-05-10 00:00:00,0.10873,0.109,0.10781,0.1085,35942287.333579,3899329.3659081864
2026-05-10 04:00:00,0.1085,0.10876,0.1082,0.10855,26646371.344108,2890923.7866839073
2026-05-10 08:00:00,0.10855,0.10918,0.10784,0.1082,62568176.959478,6791317.483278173
2026-05-10 12:00:00,0.10821,0.10912,0.10789,0.10911,56749397.233096,6142565.283633978
2026-05-10 16:00:00,0.10912,0.11166,0.10888,0.1111,106533171.372114,11782418.516670143
2026-05-10 20:00:00,0.1111,0.11285,0.10642,0.11246,242753647.896186,26754718.395197
2026-05-11 00:00:00,0.11246,0.11272,0.10834,0.10912,137322893.58627,15179897.257209953
2026-05-11 04:00:00,0.10912,0.11013,0.10861,0.10925,53598738.803271,5867075.566736493
2026-05-11 08:00:00,0.10929,0.1104,0.10875,0.11032,43366873.914924,4755447.93490796
2026-05-11 12:00:00,0.11033,0.11099,0.10891,0.1109,79798258.373994,8779210.314584078
2026-05-11 16:00:00,0.11092,0.11181,0.11039,0.1116,70964979.874882,7893153.9955710545
2026-05-11 20:00:00,0.11162,0.11179,0.11096,0.1113,33557559.4935,3736739.959777753
2026-05-12 00:00:00,0.1113,0.11161,0.1097,0.11009,56495879.834192,6262538.974149768
2026-05-12 04:00:00,0.1101,0.11128,0.10976,0.10988,76587549.167122,8451590.341762444
2026-05-12 08:00:00,0.10989,0.1103,0.10853,0.10943,82609495.839208,9038517.74390144
2026-05-12 12:00:00,0.10943,0.10963,0.10791,0.10867,75418025.203227,8210704.293690949
2026-05-12 16:00:00,0.10868,0.11027,0.10752,0.10985,61208282.6442,6660857.214236266
2026-05-12 20:00:00,0.10985,0.11069,0.10981,0.11015,36421876.908122,4015571.6729543554
2026-05-13 00:00:00,0.11013,0.11176,0.10992,0.11169,58165515.021848,6469624.066882205
2026-05-13 04:00:00,0.1117,0.11276,0.11129,0.1123,105341254.236491,11810656.375237487
2026-05-13 08:00:00,0.11232,0.11464,0.11195,0.11269,156789274.359568,17804451.238274653
2026-05-13 12:00:00,0.11269,0.11312,0.10963,0.10993,135141893.513561,15049578.333695348
2026-05-13 16:00:00,0.10994,0.11473,0.10989,0.11297,104036042.16971,11729809.264719874
2026-05-13 20:00:00,0.11298,0.114,0.11238,0.11265,45334072.338866,5126971.936450285
2026-05-14 00:00:00,0.11266,0.11541,0.11215,0.1124,137884464.236007,15725502.683616208
2026-05-14 04:00:00,0.11242,0.1154,0.112,0.11392,110429517.754834,12620662.462609457
2026-05-14 08:00:00,0.1139,0.11403,0.11277,0.11316,52649253.68123,5967699.826725997
2026-05-14 12:00:00,0.11316,0.11668,0.11306,0.11396,206920301.424583,23772059.21056503
2026-05-14 16:00:00,0.11397,0.11863,0.11339,0.11615,186061930.130617,21628380.44002616
2026-05-14 20:00:00,0.11617,0.11686,0.11494,0.11544,43485915.310205,5040573.176420329
2026-05-15 00:00:00,0.11545,0.11746,0.11522,0.11614,85507137.626342,9943963.69570136
2026-05-15 04:00:00,0.11615,0.11615,0.11272,0.11488,134703238.955995,15394380.416534148
2026-05-15 08:00:00,0.11489,0.11567,0.11387,0.11445,65136735.717754,7480946.1940421155
2026-05-15 12:00:00,0.11443,0.11448,0.11078,0.11161,163271963.942116,18355644.43762351
2026-05-15 16:00:00,0.1116,0.11347,0.11151,0.11299,61663604.829699,6949093.327205967
2026-05-15 20:00:00,0.11299,0.11382,0.11258,0.11335,21785091.508051,2467712.160228688
2026-05-16 00:00:00,0.11334,0.11348,0.11222,0.11263,27704217.097724,3125234.8062462406
2026-05-16 04:00:00,0.11262,0.11266,0.10912,0.11015,87300569.852083,9686662.012837011
2026-05-16 08:00:00,0.11013,0.11047,0.10822,0.10898,67638060.446391,7383884.27063925
2026-05-16 12:00:00,0.10898,0.10996,0.10782,0.10971,91380234.294833,9937716.34503265
2026-05-16 16:00:00,0.10971,0.11017,0.10931,0.10963,28364238.384512,3113265.534882034
2026-05-16 20:00:00,0.10964,0.11032,0.10925,0.10939,22897165.035205,2514162.8038925403
2026-05-17 00:00:00,0.1094,0.10977,0.10811,0.10923,33688266.514413,3666155.072288057
2026-05-17 04:00:00,0.10921,0.11041,0.10914,0.11019,29037192.759641,3189774.816745692
2026-05-17 08:00:00,0.11019,0.11195,0.1098,0.1115,51144679.147527,5682529.768225324
2026-05-17 12:00:00,0.11151,0.11281,0.11027,0.11046,69874091.427437,7785242.949445414
2026-05-17 16:00:00,0.11046,0.111,0.10959,0.11073,32391784.443841,3568965.429861501
2026-05-17 20:00:00,0.11074,0.11133,0.1055,0.10901,104488543.890551,11287963.700976603
2026-05-18 00:00:00,0.10901,0.10912,0.10589,0.10657,130308864.413844,13950004.425833631
2026-05-18 04:00:00,0.1066,0.10705,0.10369,0.10433,149285820.701584,15660452.385872308
2026-05-18 08:00:00,0.10433,0.10585,0.10378,0.10508,68213732.000799,7130547.957509093
2026-05-18 12:00:00,0.10509,0.10646,0.103,0.10392,157444201.53213,16498179.182854293
2026-05-18 16:00:00,0.10393,0.10496,0.10251,0.10478,83312556.141391,8632306.001384355
2026-05-18 20:00:00,0.10479,0.10556,0.10392,0.10478,33197726.359875,3480603.26253039
2026-05-19 00:00:00,0.1048,0.10552,0.10385,0.10436,39112020.403861,4093691.0552775953
2026-05-19 04:00:00,0.10435,0.10538,0.10412,0.10519,65991885.938361,6905987.665957184
2026-05-19 08:00:00,0.10519,0.10523,0.10363,0.10373,50687509.416072,5289887.10970155
2026-05-19 12:00:00,0.10374,0.10462,0.10288,0.10361,50277398.362253,5219849.162146989
2026-05-19 16:00:00,0.10362,0.10423,0.10314,0.10328,18966337.458432,1967213.3517364264
2026-05-19 20:00:00,0.10329,0.10381,0.10259,0.10299,25039251.22945,2583671.716486092
2026-05-20 00:00:00,0.10299,0.1031,0.10189,0.10289,43188323.721179,4427581.380635868
2026-05-20 04:00:00,0.10287,0.10415,0.1022,0.10362,65991814.060077,6815215.2212048415
2026-05-20 08:00:00,0.10363,0.10412,0.10348,0.1037,30997581.173175,3217731.156020844
2026-05-20 12:00:00,0.10369,0.10497,0.10301,0.10421,81333499.757581,8465009.029377433
2026-05-20 16:00:00,0.10421,0.10487,0.10366,0.10425,38729668.714875,4038688.04791944
2026-05-20 20:00:00,0.10425,0.10442,0.10301,0.10372,29879593.777419,3097634.509138909
2026-05-21 00:00:00,0.10372,0.10587,0.10366,0.10565,54674801.352875,5734124.028202082
2026-05-21 04:00:00,0.10564,0.10612,0.10482,0.10564,71603085.347307,7556034.781829229
2026-05-21 08:00:00,0.10563,0.10641,0.10385,0.10431,74348462.704915,7816861.31560009
2026-05-21 12:00:00,0.10432,0.105,0.10387,0.10471,60450485.968316,6314279.718743351
2026-05-21 16:00:00,0.10472,0.10652,0.10425,0.10577,76877421.77238,8121778.242184729
2026-05-21 20:00:00,0.10577,0.10609,0.10518,0.10569,17440398.540327,1841184.8245000064
2026-05-22 00:00:00,0.1057,0.10629,0.10504,0.1059,28179117.717126,2981515.3675693185
2026-05-22 04:00:00,0.10592,0.10619,0.10493,0.10561,25630028.739052,2705891.926722289
2026-05-22 08:00:00,0.10562,0.10646,0.10545,0.10644,33597989.415149,3559199.944667576
2026-05-22 12:00:00,0.10645,0.10678,0.10522,0.10609,49669391.635602,5272518.208306403
2026-05-22 16:00:00,0.10609,0.10637,0.10272,0.10347,80924762.927879,8438107.806721663
2026-05-22 20:00:00,0.10348,0.10439,0.10157,0.10236,58376854.649872,6012696.017888117
2026-05-23 00:00:00,0.10238,0.10241,0.10071,0.1017,82575768.214518,8387933.496553762
2026-05-23 04:00:00,0.10171,0.10178,0.09703,0.09891,167046559.214504,16637330.977093441
2026-05-23 08:00:00,0.09891,0.09988,0.09881,0.09927,68220828.514988,6781386.492419785
2026-05-23 12:00:00,0.09926,0.10214,0.09893,0.10109,100788801.869196,10145916.213380013
2026-05-23 16:00:00,0.10109,0.10281,0.10081,0.10256,46852053.933638,4767090.24312571
2026-05-23 20:00:00,0.10259,0.10507,0.10228,0.10309,83551916.902335,8665390.599364834
2026-05-24 00:00:00,0.1031,0.10338,0.10276,0.103,27084453.972109,2792279.5279835626
2026-05-24 04:00:00,0.10301,0.1033,0.10227,0.10288,20301467.585949,2088869.7554496352
2026-05-24 08:00:00,0.10289,0.10392,0.10266,0.10332,67861045.798232,7002627.984277716
2026-05-24 12:00:00,0.10332,0.10334,0.1012,0.10196,59795614.280974,6120503.801465692
2026-05-24 16:00:00,0.10197,0.10251,0.10183,0.10209,19432751.662884,1984899.926581452
2026-05-24 20:00:00,0.10212,0.10253,0.10055,0.10229,38509119.818009,3904358.974583484
2026-05-25 00:00:00,0.10229,0.10285,0.10169,0.10201,26969013.249341,2759019.1685257778
2026-05-25 04:00:00,0.10202,0.10333,0.1018,0.10282,29232703.639036,3002843.526208453
2026-05-25 08:00:00,0.10283,0.10309,0.10236,0.10289,36201780.111833,3718703.080341779
2026-05-25 12:00:00,0.1029,0.10363,0.10268,0.10301,28805739.868649,2968891.8759639384
2026-05-25 16:00:00,0.10302,0.1038,0.10269,0.10279,23802903.40141,2457372.3307442665
2026-05-25 20:00:00,0.10278,0.10293,0.10164,0.10215,23791116.336039,2431195.6508230967
2026-05-26 00:00:00,0.10217,0.10222,0.10045,0.10111,56437103.776816,5697577.062320837
2026-05-26 04:00:00,0.10112,0.10213,0.10091,0.10116,28188861.360408,2858589.5391270276
2026-05-26 08:00:00,0.10116,0.1026,0.101,0.10242,36268875.919387,3698353.725172341
2026-05-26 12:00:00,0.10242,0.10386,0.1014,0.10205,89149813.752813,9151504.113489853
2026-05-26 16:00:00,0.10205,0.10214,0.10027,0.10112,58921550.738566,5959878.676016874
2026-05-26 20:00:00,0.10114,0.10141,0.10062,0.10104,14260197.56125,1440929.5516540036
2026-05-27 00:00:00,0.10106,0.10193,0.10105,0.10123,17906853.624745,1818043.8762530952
2026-05-27 04:00:00,0.10124,0.10233,0.1003,0.10217,33459598.42143,3393525.228635014
2026-05-27 08:00:00,0.10217,0.10257,0.10162,0.10171,33889260.690766,3456609.191011248
2026-05-27 12:00:00,0.10173,0.10337,0.10074,0.10258,76333452.072307,7787299.592116281
2026-05-27 16:00:00,0.10259,0.1029,0.101,0.10219,51184327.844899,5204157.249313989
2026-05-27 20:00:00,0.1022,0.10242,0.0993,0.1005,66268410.923648,6670926.499774204
2026-05-28 00:00:00,0.10048,0.10086,0.098,0.09823,90110867.636567,8958999.490520066
2026-05-28 04:00:00,0.09824,0.09883,0.09711,0.09874,78368787.28433,7669586.164580837
2026-05-28 08:00:00,0.09874,0.09885,0.0978,0.09808,27318112.707161,2686598.5808864147
2026-05-28 12:00:00,0.09808,0.09872,0.09651,0.09846,95673867.865614,9348880.831790028
2026-05-28 16:00:00,0.09846,0.10051,0.09796,0.09951,49904663.479162,4967101.4993897565
2026-05-28 20:00:00,0.09952,0.1005,0.09913,0.09956,27121305.981413,2706549.1233540727
2026-05-29 00:00:00,0.09957,0.1001,0.09888,0.09909,33049451.308526,3287231.6162957456
2026-05-29 04:00:00,0.0991,0.09987,0.09866,0.09963,30137194.846626,2994199.348590307
2026-05-29 08:00:00,0.09963,0.0999,0.09872,0.09913,24859582.922462,2471935.3932556
2026-05-29 12:00:00,0.09913,0.10118,0.09744,0.10039,113183100.262747,11223155.060298963
2026-05-29 16:00:00,0.10043,0.10093,0.0992,0.1001,42372523.288201,4250103.419906879
2026-05-29 20:00:00,0.10009,0.10051,0.09942,0.0997,18061542.304851,1804536.1154047356
2026-05-30 00:00:00,0.0997,0.1018,0.09949,0.10111,49719436.087084,5025568.730350265
2026-05-30 04:00:00,0.10112,0.10173,0.1002,0.10129,39656355.423709,4001634.3516110578
2026-05-30 08:00:00,0.1013,0.10132,0.10057,0.10087,18384629.549534,1855224.4350259048
2026-05-30 12:00:00,0.10087,0.10154,0.10071,0.10134,27568457.859259,2787934.6915494935
2026-05-30 16:00:00,0.10135,0.10169,0.10119,0.1014,14854508.698435,1507071.94606842
2026-05-30 20:00:00,0.10141,0.10155,0.1004,0.10062,32348432.493062,3269840.3300565565
2026-05-31 00:00:00,0.10063,0.10143,0.10049,0.10133,22759757.363401,2298026.8898411416
2026-05-31 04:00:00,0.10133,0.10137,0.10021,0.1006,19681026.741932,1985248.578630334
2026-05-31 08:00:00,0.10061,0.10103,0.10025,0.10079,24073760.379629,2421903.8889988316
2026-05-31 12:00:00,0.10079,0.10121,0.0996,0.09988,36628427.282356,3672956.6852285014
2026-05-31 16:00:00,0.09989,0.1,0.09905,0.09955,28283914.224535,2812291.210302173
2026-05-31 20:00:00,0.09955,0.10102,0.09953,0.10041,22579351.927687,2264198.9457543623
2026-06-01 00:00:00,0.10044,0.10155,0.09971,0.10109,69811618.102853,7040629.069869847
2026-06-01 04:00:00,0.10109,0.10129,0.09913,0.09921,66597923.364842,6669463.514479389
2026-06-01 08:00:00,0.09921,0.10032,0.0991,0.09992,36188755.037173,3610305.4908148544
2026-06-01 12:00:00,0.09993,0.10014,0.09801,0.09833,99377088.248231,9836303.065232813
2026-06-01 16:00:00,0.09833,0.10063,0.0978,0.10061,55620391.77952,5542230.313931541
2026-06-01 20:00:00,0.10061,0.1011,0.09954,0.10109,41629434.283198,4188937.875624585
2026-06-02 00:00:00,0.1011,0.10124,0.09944,0.10093,52504701.408453,5273089.420372714
2026-06-02 04:00:00,0.10093,0.10102,0.09866,0.09924,51454199.280035,5126435.938426292
2026-06-02 08:00:00,0.09924,0.09948,0.0985,0.09877,41021780.518298,4061336.848621418
2026-06-02 12:00:00,0.09877,0.099,0.09351,0.09489,175679172.365722,16901287.20190006
2026-06-02 16:00:00,0.09488,0.09637,0.0925,0.09408,125862827.660287,11898396.19882312
2026-06-02 20:00:00,0.09408,0.09494,0.0912,0.09275,146598496.930281,13627309.77739452
2026-06-03 00:00:00,0.09275,0.09356,0.09085,0.09157,92877918.65767,8576984.333637504
2026-06-03 04:00:00,0.0916,0.09453,0.09159,0.09417,79524000.725535,7425875.381249965
2026-06-03 08:00:00,0.09417,0.09451,0.09347,0.09398,37987170.536278,3571862.7234084057
2026-06-03 12:00:00,0.09398,0.09439,0.09275,0.0928,54225586.46212,5077488.577185885
2026-06-03 16:00:00,0.09281,0.09306,0.09159,0.09181,97846420.871698,9032485.570690606
2026-06-03 20:00:00,0.09179,0.09326,0.0906,0.09138,84728240.05543,7773710.519092145
2026-06-04 00:00:00,0.09138,0.09186,0.08575,0.09134,299864111.874476,26643666.741643485
2026-06-04 04:00:00,0.09134,0.09158,0.08876,0.08877,88754524.870087,8000853.135037128
2026-06-04 08:00:00,0.08877,0.08921,0.08668,0.08794,130578227.562143,11455927.110128552
2026-06-04 12:00:00,0.08795,0.09018,0.08766,0.08953,89218131.433209,7957782.846451789
2026-06-04 16:00:00,0.08953,0.09003,0.08845,0.08907,73332731.244353,6538420.90181317
2026-06-04 20:00:00,0.08907,0.08912,0.087,0.08856,66699292.520997,5858429.484601976
2026-06-05 00:00:00,0.08855,0.08878,0.0859,0.08593,82194873.965816,7143960.656560434
2026-06-05 04:00:00,0.08595,0.08718,0.08204,0.085,243321707.26728,20535889.731584236
2026-06-05 08:00:00,0.08501,0.08537,0.08332,0.08403,84052204.139587,7092062.993811454
2026-06-05 12:00:00,0.08403,0.0849,0.08097,0.08154,264424737.988426,21875220.994270407
2026-06-05 16:00:00,0.08154,0.08346,0.07895,0.08104,276310359.528143,22435318.73099208
2026-06-05 20:00:00,0.08104,0.08362,0.08009,0.08149,105565069.881803,8669185.259163225
2026-06-06 00:00:00,0.0815,0.08305,0.0805,0.08106,94380283.310404,7717794.637628069
2026-06-06 04:00:00,0.08106,0.08179,0.07762,0.08148,182302147.671638,14523158.763696004
2026-06-06 08:00:00,0.08152,0.08256,0.07986,0.08127,107454357.139345,8737473.155051922
2026-06-06 12:00:00,0.08128,0.08258,0.08089,0.08167,91079199.964363,7451597.386660326
2026-06-06 16:00:00,0.08168,0.08206,0.08046,0.08071,46535844.027328,3772918.0737967207
2026-06-06 20:00:00,0.08071,0.08193,0.08048,0.08193,44044961.689677,3575500.983437357
2026-06-07 00:00:00,0.08193,0.08385,0.08163,0.08352,67127789.804605,5575054.438694165
2026-06-07 04:00:00,0.08352,0.08501,0.08297,0.08495,77193579.472389,6494254.789858915
2026-06-07 08:00:00,0.08496,0.08599,0.08414,0.08457,101312717.611878,8606451.01511887
2026-06-07 12:00:00,0.08458,0.08498,0.08313,0.08464,127382156.889888,10696405.251626443
2026-06-07 16:00:00,0.08465,0.08531,0.083,0.08337,48186969.070427,4067770.1760199466
2026-06-07 20:00:00,0.08334,0.08759,0.08315,0.08627,97431730.541406,8362109.701342844
2026-06-08 00:00:00,0.08627,0.08681,0.08482,0.08592,59540238.029124,5109433.793965849
2026-06-08 04:00:00,0.08594,0.08599,0.08436,0.08566,52604158.1443,4478468.829032128
2026-06-08 08:00:00,0.08565,0.08683,0.08492,0.08641,58797427.850119,5039213.7613353925
2026-06-08 12:00:00,0.08642,0.08745,0.08581,0.08693,78141150.565578,6770023.764872731
2026-06-08 16:00:00,0.087,0.08752,0.08615,0.0868,45418835.057947,3945198.659358484
2026-06-08 20:00:00,0.08683,0.08748,0.08613,0.08633,31843552.410878,2766432.952151373
2026-06-09 00:00:00,0.08633,0.08647,0.08458,0.08531,76019742.485117,6478430.379060773
2026-06-09 04:00:00,0.0853,0.08674,0.08506,0.0864,54109160.174801,4659054.840147484
2026-06-09 08:00:00,0.08641,0.08644,0.0852,0.08553,62865185.288341,5381889.945039399
2026-06-09 12:00:00,0.08552,0.08615,0.08408,0.08412,104423939.97977,8889803.17193426
2026-06-09 16:00:00,0.08411,0.08548,0.08317,0.08523,80157664.435957,6759334.698831391
2026-06-09 20:00:00,0.08524,0.08571,0.08445,0.08479,35334645.585563,3008134.6931970543
2026-06-10 00:00:00,0.08481,0.08517,0.08364,0.08396,42028845.708155,3546809.1621077717
2026-06-10 04:00:00,0.08397,0.08436,0.08326,0.08421,26531623.208367,2223078.59622193
2026-06-10 08:00:00,0.08425,0.08425,0.08284,0.08331,55571331.716949,4632655.302229183
2026-06-10 12:00:00,0.08331,0.08548,0.08304,0.08513,83362637.457822,7029236.984675277
2026-06-10 16:00:00,0.08514,0.08521,0.08303,0.08316,55657182.158248,4673238.09081036
2026-06-10 20:00:00,0.08315,0.0833,0.08185,0.08293,60267378.703621,4972870.938111376
2026-06-11 00:00:00,0.08296,0.08529,0.08296,0.08503,46044755.699713,3874460.3451193753
2026-06-11 04:00:00,0.08504,0.0854,0.0846,0.08487,32237509.914562,2739122.9373132647
2026-06-11 08:00:00,0.08487,0.08558,0.08479,0.08531,44717393.982559,3807708.6944870776
2026-06-11 12:00:00,0.08534,0.08546,0.08425,0.08494,69824580.644809,5925804.114337031
2026-06-11 16:00:00,0.08495,0.08709,0.08441,0.08652,87489989.080122,7534567.415016456
2026-06-11 20:00:00,0.08652,0.08674,0.08601,0.08608,34094131.885051,2945426.932464266
2026-06-12 00:00:00,0.08609,0.08659,0.08557,0.08659,43839891.921728,3774367.4371899418
2026-06-12 04:00:00,0.08659,0.08745,0.0851,0.08595,109205180.197048,9427531.55523202
2026-06-12 08:00:00,0.08596,0.08728,0.08594,0.08695,52624128.571684,4561820.257443825
2026-06-12 12:00:00,0.08696,0.09249,0.08668,0.08746,285791681.557295,25579447.16306639
2026-06-12 16:00:00,0.08745,0.08905,0.08723,0.08748,63740894.071731,5611865.452175239
2026-06-12 20:00:00,0.08743,0.08783,0.08558,0.086,64501534.935887,5579531.231771039
2026-06-13 00:00:00,0.086,0.08693,0.08583,0.08629,42476388.200763,3668915.392766573
2026-06-13 04:00:00,0.0863,0.08724,0.08581,0.08705,43800676.676847,3788535.1855462617
2026-06-13 08:00:00,0.08706,0.08796,0.08692,0.08796,33577834.680692,2933746.799017156
2026-06-13 12:00:00,0.08796,0.08881,0.08774,0.08836,64587926.972625,5705133.534514089
2026-06-13 16:00:00,0.08837,0.08839,0.08738,0.0876,32764514.996828,2878196.919084856
