timestamp,open,high,low,close,volume,turnover
2025-06-12 04:00:00,2765.1,2776.5,2732.66,2740.74,34903.686674,96245246.59265149
2025-06-12 08:00:00,2740.73,2762.06,2720.38,2729.68,35239.366417,96648687.17701057
2025-06-12 12:00:00,2729.69,2773.23,2711.85,2719.7,54490.694279,149518804.79389724
2025-06-12 16:00:00,2719.7,2771.11,2691.84,2694.48,46046.276303,125796859.0159604
2025-06-12 20:00:00,2694.4,2703.55,2616.33,2642.7,78304.14063,207697221.25133425
2025-06-13 00:00:00,2642.69,2645.55,2436.0,2514.66,203070.050764,511516649.1059292
2025-06-13 04:00:00,2514.61,2542.58,2491.38,2527.05,62652.670157,157705679.98073703
2025-06-13 08:00:00,2527.03,2545.29,2506.46,2545.04,45081.963646,113885851.568781
2025-06-13 12:00:00,2545.05,2563.09,2503.03,2551.19,70365.585118,178852263.523047
2025-06-13 16:00:00,2551.36,2585.23,2510.0,2527.49,49699.139179,126384579.1693498
2025-06-13 20:00:00,2527.47,2583.59,2524.08,2579.15,21508.621009,55009241.54522543
2025-06-14 00:00:00,2579.29,2579.46,2547.0,2548.85,21675.252241,55511756.46454016
2025-06-14 04:00:00,2548.86,2556.62,2525.66,2537.32,17406.151652,44292222.94749825
2025-06-14 08:00:00,2537.32,2539.98,2519.0,2538.62,20796.788576,52616455.80786623
2025-06-14 12:00:00,2538.6,2547.23,2505.24,2519.51,19937.616478,50326096.3304655
2025-06-14 16:00:00,2519.5,2526.57,2488.17,2507.5,32342.862073,81044951.33825485
2025-06-14 20:00:00,2507.7,2540.44,2496.75,2530.8,12222.490348,30817622.68285426
2025-06-15 00:00:00,2530.8,2540.99,2525.0,2530.3,9894.828747,25066217.98932577
2025-06-15 04:00:00,2530.3,2553.04,2522.29,2528.49,20257.171923,51414813.63941056
2025-06-15 08:00:00,2528.5,2530.19,2508.68,2516.35,12849.273807,32348670.7010207
2025-06-15 12:00:00,2516.35,2554.99,2515.84,2541.8,25685.918027,65202933.38823422
2025-06-15 16:00:00,2541.72,2559.65,2530.9,2536.55,14436.157433,36734975.18912773
2025-06-15 20:00:00,2536.58,2549.98,2491.82,2547.53,31818.411874,80187046.93132217
2025-06-16 00:00:00,2547.49,2578.82,2514.28,2568.47,39360.036421,100527198.93574575
2025-06-16 04:00:00,2568.61,2638.66,2566.5,2628.88,65548.582652,171046711.64536014
2025-06-16 08:00:00,2628.88,2634.17,2592.61,2617.05,35221.700973,92210238.32603613
2025-06-16 12:00:00,2617.0,2657.83,2605.0,2632.08,50886.648636,133967258.45808646
2025-06-16 16:00:00,2632.09,2670.13,2627.6,2660.2,33189.014941,87859185.07387897
2025-06-16 20:00:00,2660.68,2680.26,2534.48,2544.22,92992.720173,241733759.49767637
2025-06-17 00:00:00,2544.49,2619.0,2522.28,2607.35,56879.548832,146322278.69831133
2025-06-17 04:00:00,2607.36,2610.63,2570.35,2582.44,26118.597968,67558948.60002936
2025-06-17 08:00:00,2582.44,2585.49,2541.31,2552.19,27810.05802,71232078.88414536
2025-06-17 12:00:00,2552.19,2568.3,2482.0,2498.95,80399.36659,203111522.1799155
2025-06-17 16:00:00,2498.95,2543.99,2453.56,2528.38,70266.43315,174955743.57742727
2025-06-17 20:00:00,2528.02,2534.22,2492.09,2509.85,29406.259553,73960751.57306421
2025-06-18 00:00:00,2510.0,2536.74,2505.67,2527.85,20584.119324,51946495.49142823
2025-06-18 04:00:00,2527.85,2547.0,2517.65,2533.6,18074.375913,45754432.67053905
2025-06-18 08:00:00,2533.6,2548.72,2488.44,2514.06,28549.670644,71857063.42801955
2025-06-18 12:00:00,2514.06,2538.87,2465.63,2509.03,57591.921023,144336250.16189072
2025-06-18 16:00:00,2509.03,2519.17,2467.25,2492.39,41069.712652,102411373.87652972
2025-06-18 20:00:00,2492.31,2537.61,2482.62,2524.71,22083.999635,55689962.05536561
2025-06-19 00:00:00,2524.68,2548.0,2506.04,2525.53,16251.188727,41022617.95183401
2025-06-19 04:00:00,2525.53,2531.19,2514.36,2519.01,11537.193404,29102976.40995221
2025-06-19 08:00:00,2519.0,2544.58,2519.0,2531.77,17681.011081,44773781.7703613
2025-06-19 12:00:00,2531.77,2536.71,2490.0,2492.99,23861.128332,59921644.47926654
2025-06-19 16:00:00,2493.0,2523.34,2485.13,2504.69,19022.461124,47625613.45904857
2025-06-19 20:00:00,2504.8,2532.2,2502.77,2520.71,16933.7991,42634712.37463204
2025-06-20 00:00:00,2520.72,2531.41,2512.49,2517.1,10409.171644,26243710.50794254
2025-06-20 04:00:00,2517.11,2550.96,2503.12,2549.49,25536.737668,64556291.25630821
2025-06-20 08:00:00,2549.52,2569.06,2540.96,2549.79,28046.340508,71644816.25062405
2025-06-20 12:00:00,2549.8,2559.5,2488.0,2494.19,54062.810672,136126907.90175548
2025-06-20 16:00:00,2494.2,2496.4,2365.0,2414.56,105445.057687,255619087.92657351
2025-06-20 20:00:00,2414.89,2437.93,2382.2,2406.74,24304.684429,58522202.9363328
2025-06-21 00:00:00,2406.78,2432.52,2396.07,2425.65,16396.535906,39664147.34816677
2025-06-21 04:00:00,2425.66,2428.52,2419.27,2427.0,10565.756285,25610571.2753307
2025-06-21 08:00:00,2427.0,2448.22,2423.69,2442.59,15464.647388,37718087.94893272
2025-06-21 12:00:00,2442.6,2445.19,2412.01,2423.72,19376.533301,47003298.64941072
2025-06-21 16:00:00,2423.55,2428.3,2381.99,2384.69,23968.776261,57540400.43984119
2025-06-21 20:00:00,2384.7,2409.38,2215.3,2295.55,141201.556453,323347130.4301157
2025-06-22 00:00:00,2296.0,2314.39,2244.24,2264.8,61079.683267,139171511.1596411
2025-06-22 04:00:00,2264.79,2298.31,2262.11,2270.73,25099.814022,57248827.579559
2025-06-22 08:00:00,2270.73,2280.46,2236.67,2273.05,28346.08043,64077662.12093759
2025-06-22 12:00:00,2273.05,2287.49,2155.55,2175.01,129090.268802,283887933.79769874
2025-06-22 16:00:00,2175.0,2220.0,2170.53,2183.85,47709.512349,104457295.41245562
2025-06-22 20:00:00,2183.85,2237.2,2111.0,2227.58,76223.427651,165667265.6176681
2025-06-23 00:00:00,2227.58,2260.23,2221.8,2234.59,26434.744549,59194792.84528317
2025-06-23 04:00:00,2234.75,2276.24,2227.75,2258.7,32806.752123,73848427.5221271
2025-06-23 08:00:00,2258.68,2274.39,2238.88,2253.3,22631.95414,51021197.778608
2025-06-23 12:00:00,2253.32,2313.8,2232.0,2248.6,71553.016159,163158594.23965013
2025-06-23 16:00:00,2248.49,2325.76,2188.41,2312.92,96967.077752,219485169.60604137
2025-06-23 20:00:00,2313.33,2439.0,2303.51,2411.52,91642.454303,218609758.3380756
2025-06-24 00:00:00,2411.52,2418.0,2388.88,2398.87,40836.319946,98083904.04888354
2025-06-24 04:00:00,2398.86,2434.87,2390.91,2392.91,41390.37204,99852919.34375168
2025-06-24 08:00:00,2392.81,2450.0,2376.0,2409.25,43105.353626,103899911.11251108
2025-06-24 12:00:00,2409.49,2454.8,2402.74,2438.3,59873.033979,145466171.85966134
2025-06-24 16:00:00,2438.4,2483.0,2416.61,2434.4,49250.097171,120802156.142155
2025-06-24 20:00:00,2434.3,2450.56,2430.57,2448.7,11537.665355,28159272.62665298
2025-06-25 00:00:00,2448.77,2469.0,2436.72,2444.3,22569.281116,55401625.82099786
2025-06-25 04:00:00,2444.31,2450.81,2424.24,2444.59,22116.762336,53924081.46527828
2025-06-25 08:00:00,2444.59,2448.79,2407.69,2429.14,35322.715798,85717382.98883961
2025-06-25 12:00:00,2429.19,2446.45,2389.8,2405.61,53256.417923,128915643.26398872
2025-06-25 16:00:00,2405.62,2439.59,2401.37,2432.43,22567.544979,54621922.80233364
2025-06-25 20:00:00,2432.71,2454.96,2407.72,2418.54,17116.203952,41565969.45394293
2025-06-26 00:00:00,2418.55,2520.48,2416.82,2489.05,54454.93293,134762182.21587574
2025-06-26 04:00:00,2489.19,2500.24,2467.08,2489.89,28591.652461,70951289.07352787
2025-06-26 08:00:00,2489.89,2500.35,2439.24,2450.65,34678.250513,85547843.98780188
2025-06-26 12:00:00,2450.86,2459.98,2409.94,2433.53,45901.752388,111694069.9254632
2025-06-26 16:00:00,2433.19,2443.32,2418.13,2436.22,16222.87611,39397806.15959785
2025-06-26 20:00:00,2435.84,2458.62,2394.11,2416.35,27255.221752,65993480.72268379
2025-06-27 00:00:00,2416.08,2448.55,2382.27,2446.69,25064.423918,60667230.621495
2025-06-27 04:00:00,2446.58,2459.32,2434.32,2442.09,26999.237352,66003086.16967665
2025-06-27 08:00:00,2442.09,2464.23,2435.51,2447.51,17927.423174,43938644.08926065
2025-06-27 12:00:00,2447.51,2457.4,2413.95,2438.52,30294.018992,73631401.42235588
2025-06-27 16:00:00,2438.6,2449.56,2388.0,2412.68,33194.826908,80105404.88347146
2025-06-27 20:00:00,2412.66,2429.7,2411.34,2423.27,8264.626163,20013884.04460712
2025-06-28 00:00:00,2423.35,2423.97,2405.5,2420.9,9833.670593,23769369.3381965
2025-06-28 04:00:00,2420.91,2434.46,2417.53,2432.0,8544.757301,20726324.3511674
2025-06-28 08:00:00,2432.07,2432.5,2419.74,2427.63,7230.493325,17538717.39684126
2025-06-28 12:00:00,2427.64,2443.11,2420.0,2436.12,19554.027574,47463448.53352801
2025-06-28 16:00:00,2436.12,2448.0,2431.52,2433.35,11200.087459,27308725.65957702
2025-06-28 20:00:00,2433.36,2442.22,2427.42,2435.77,8270.538305,20135055.69364945
2025-06-29 00:00:00,2435.77,2443.08,2424.6,2427.96,7035.051738,17118315.46569806
2025-06-29 04:00:00,2427.96,2440.38,2426.79,2440.37,8481.465471,20654680.08653266
2025-06-29 08:00:00,2440.38,2463.63,2438.0,2462.1,22469.800843,55074918.57890611
2025-06-29 12:00:00,2462.1,2463.26,2433.13,2436.6,16058.769147,39319497.9691273
2025-06-29 16:00:00,2436.56,2442.76,2429.28,2438.2,7396.161223,18024186.87273322
2025-06-29 20:00:00,2438.19,2525.34,2411.05,2500.57,51469.693203,127693256.98136008
2025-06-30 00:00:00,2500.57,2524.6,2495.13,2499.64,30680.465614,76979716.03381796
2025-06-30 04:00:00,2499.65,2505.8,2456.0,2480.87,33363.223678,82761529.661252
2025-06-30 08:00:00,2480.87,2486.51,2446.41,2458.67,26606.14413,65499869.74878771
2025-06-30 12:00:00,2458.67,2488.29,2433.47,2474.71,45011.056721,110676517.46373513
2025-06-30 16:00:00,2474.72,2518.68,2461.34,2515.64,31196.298392,77598819.32317439
2025-06-30 20:00:00,2515.64,2522.0,2482.26,2485.1,25890.090185,64753864.65027565
2025-07-01 00:00:00,2485.3,2500.71,2477.34,2485.44,13036.727271,32441171.60344307
2025-07-01 04:00:00,2485.68,2486.07,2444.94,2465.47,43203.361469,106385530.985485
2025-07-01 08:00:00,2465.27,2465.28,2442.01,2449.48,18079.159191,44371520.07917617
2025-07-01 12:00:00,2449.47,2456.51,2407.0,2423.61,58111.535283,141369796.6000243
2025-07-01 16:00:00,2423.65,2434.4,2396.9,2403.09,22882.144235,55322141.45036305
2025-07-01 20:00:00,2402.95,2418.78,2385.69,2405.13,22226.847205,53383157.87226881
2025-07-02 00:00:00,2405.13,2432.6,2372.67,2430.31,24749.693386,59417075.71656745
2025-07-02 04:00:00,2430.3,2454.46,2425.01,2447.03,24387.096112,59585877.3868299
2025-07-02 08:00:00,2447.02,2460.45,2441.16,2445.59,18662.096012,45719295.68605363
2025-07-02 12:00:00,2445.59,2502.85,2431.5,2498.92,50691.363917,125371592.30282547
2025-07-02 16:00:00,2498.86,2608.37,2495.32,2604.95,114011.635345,291897614.0162724
2025-07-02 20:00:00,2604.92,2619.94,2569.18,2570.59,39395.809382,102191837.21840212
2025-07-03 00:00:00,2570.43,2589.15,2556.37,2561.3,28502.497442,73265610.98580235
2025-07-03 04:00:00,2561.3,2605.5,2559.33,2600.09,32295.263993,83589005.7158479
2025-07-03 08:00:00,2600.09,2616.85,2581.48,2597.27,28605.633176,74321588.12203957
2025-07-03 12:00:00,2597.27,2636.36,2565.18,2570.39,79687.512562,207126289.98368612
2025-07-03 16:00:00,2570.4,2592.34,2565.0,2586.0,19206.139684,49493538.79936854
2025-07-03 20:00:00,2586.16,2603.83,2585.47,2590.92,8282.464479,21483504.46517862
2025-07-04 00:00:00,2591.07,2603.04,2571.6,2578.01,21176.738508,54775965.63150716
2025-07-04 04:00:00,2578.01,2584.69,2530.27,2535.34,35736.803131,91321158.79137008
2025-07-04 08:00:00,2535.34,2558.75,2527.4,2549.06,27486.986962,69957509.061776
2025-07-04 12:00:00,2549.06,2555.99,2497.34,2500.8,37924.22827,95560139.32723598
2025-07-04 16:00:00,2500.71,2503.8,2474.4,2482.74,29822.841546,74190675.22544608
2025-07-04 20:00:00,2482.74,2520.99,2481.37,2508.07,13232.067316,33150306.48517717
2025-07-05 00:00:00,2508.07,2524.96,2498.0,2518.39,10055.218232,25282736.06552922
2025-07-05 04:00:00,2518.44,2529.8,2512.39,2521.48,10615.528672,26773716.70817734
2025-07-05 08:00:00,2521.47,2526.0,2508.6,2517.88,7633.387845,19225695.6847499
2025-07-05 12:00:00,2517.88,2521.9,2501.73,2507.9,7393.058129,18579574.30859187
2025-07-05 16:00:00,2507.95,2513.58,2487.9,2505.66,13027.340727,32560624.83271422
2025-07-05 20:00:00,2505.53,2522.9,2498.11,2516.21,4806.543601,12089250.89433878
2025-07-06 00:00:00,2516.21,2521.0,2509.32,2514.69,5520.581511,13885584.13250372
2025-07-06 04:00:00,2514.69,2527.0,2508.69,2517.79,10331.453968,26020781.46133826
2025-07-06 08:00:00,2517.79,2518.4,2503.19,2516.11,8317.034673,20886845.24852238
2025-07-06 12:00:00,2516.11,2570.59,2511.54,2558.37,37839.659633,96445479.25830038
2025-07-06 16:00:00,2558.36,2560.75,2523.93,2541.0,18665.148063,47494825.82793308
2025-07-06 20:00:00,2541.01,2605.47,2540.0,2570.62,32413.260968,83690914.1277399
2025-07-07 00:00:00,2570.4,2590.73,2550.44,2577.19,17617.068418,45295548.5917372
2025-07-07 04:00:00,2577.2,2580.6,2559.81,2578.18,12171.152788,31295088.31875597
2025-07-07 08:00:00,2578.19,2588.19,2552.43,2563.22,15489.122853,39798849.60750894
2025-07-07 12:00:00,2563.21,2569.41,2527.05,2533.79,32054.050115,81633144.98027217
2025-07-07 16:00:00,2533.74,2557.69,2511.22,2543.71,31506.982349,79763088.6295054
2025-07-07 20:00:00,2543.71,2545.57,2523.06,2542.37,8968.264194,22740720.33046166
2025-07-08 00:00:00,2542.38,2554.52,2523.57,2538.01,16373.727968,41549961.41878266
2025-07-08 04:00:00,2538.01,2563.57,2532.1,2553.5,17441.466464,44486741.82808235
2025-07-08 08:00:00,2553.5,2586.0,2543.52,2575.21,23464.109952,60206731.23899792
2025-07-08 12:00:00,2575.21,2600.91,2557.68,2564.7,27001.976658,69618159.4981241
2025-07-08 16:00:00,2564.89,2628.42,2559.56,2610.21,34885.839874,90952134.55805776
2025-07-08 20:00:00,2610.2,2617.62,2596.71,2615.18,13433.504132,35039762.92634598
2025-07-09 00:00:00,2615.18,2627.28,2590.0,2591.5,16453.444863,42892291.11449793
2025-07-09 04:00:00,2591.5,2647.69,2590.6,2624.69,33335.910438,87521690.88468207
2025-07-09 08:00:00,2624.7,2630.89,2604.05,2626.13,16410.120564,42966336.72015795
2025-07-09 12:00:00,2626.14,2674.9,2623.83,2656.84,48459.555715,128573625.32957654
2025-07-09 16:00:00,2656.87,2796.0,2652.2,2764.99,71828.479174,195585512.6615185
2025-07-09 20:00:00,2764.99,2782.99,2731.77,2768.49,51356.104993,141740051.1249788
2025-07-10 00:00:00,2768.5,2798.34,2755.44,2775.9,29583.414112,82112010.44572224
2025-07-10 04:00:00,2775.9,2824.44,2765.8,2790.75,45068.366695,126052561.98594128
2025-07-10 08:00:00,2790.74,2797.13,2771.99,2778.9,21784.200477,60634303.16968767
2025-07-10 12:00:00,2778.91,2795.24,2758.0,2769.6,46492.44517,129012498.76823398
2025-07-10 16:00:00,2769.73,2840.62,2768.85,2815.88,62844.115563,176622958.25966683
2025-07-10 20:00:00,2815.85,3002.99,2813.08,2951.1,119109.149559,349376764.8173022
2025-07-11 00:00:00,2951.11,2974.99,2914.1,2969.89,45608.267566,134648903.29057863
2025-07-11 04:00:00,2969.9,3029.71,2945.23,2968.71,84965.031691,254467898.8410813
2025-07-11 08:00:00,2968.7,3039.95,2962.85,2984.21,50604.331995,151859276.1027423
2025-07-11 12:00:00,2984.22,3010.0,2938.65,2951.62,55631.836756,165892718.3414457
2025-07-11 16:00:00,2951.66,3010.95,2936.49,3008.09,53173.549199,158675655.31525353
2025-07-11 20:00:00,3008.09,3010.23,2923.41,2958.49,42567.833569,126201930.99387915
2025-07-12 00:00:00,2958.04,2971.35,2931.9,2966.63,13478.057289,39828683.21273583
2025-07-12 04:00:00,2966.6,2978.87,2941.81,2963.26,21900.014914,64795681.97708586
2025-07-12 08:00:00,2963.26,2980.77,2957.63,2963.49,18145.236798,53899133.39689456
2025-07-12 12:00:00,2963.49,2967.99,2904.39,2916.09,50113.543589,146908237.4473794
2025-07-12 16:00:00,2916.1,2946.0,2910.55,2940.94,18312.176841,53691150.38575595
2025-07-12 20:00:00,2940.95,2948.3,2915.0,2943.28,7745.340758,22724597.30551014
2025-07-13 00:00:00,2943.5,2960.77,2936.26,2955.01,13892.480667,40964570.11801423
2025-07-13 04:00:00,2955.05,2967.94,2949.01,2962.7,16282.208791,48175433.79575866
2025-07-13 08:00:00,2962.71,2966.85,2944.45,2964.38,10074.377871,29786364.74500573
2025-07-13 12:00:00,2964.37,3020.38,2958.42,2992.61,54145.638651,162025759.9874094
2025-07-13 16:00:00,2992.61,3010.75,2962.0,2989.05,34363.442469,102728731.15063898
2025-07-13 20:00:00,2989.06,2998.77,2940.0,2972.01,23597.362578,70023638.53260195
2025-07-14 00:00:00,2972.22,3053.41,2963.28,3037.46,45216.204644,136296559.33644015
2025-07-14 04:00:00,3037.46,3066.0,3017.13,3044.82,56589.761319,172066537.53265223
2025-07-14 08:00:00,3044.83,3083.33,3023.39,3051.72,55118.491172,168426994.57553393
2025-07-14 12:00:00,3051.71,3068.07,2992.83,3012.3,70834.529725,214951070.5652272
2025-07-14 16:00:00,3012.21,3030.14,2983.31,3000.43,42515.871517,127912839.26094411
2025-07-14 20:00:00,3000.46,3019.09,2981.03,3013.79,14413.408973,43343385.8957541
2025-07-15 00:00:00,3013.79,3023.4,2932.73,2952.0,55070.078905,163398389.28822902
2025-07-15 04:00:00,2952.01,2995.82,2934.93,2977.57,34400.927708,102285861.82838964
2025-07-15 08:00:00,2977.57,2989.68,2958.5,2980.94,15683.963458,46630532.77241839
2025-07-15 12:00:00,2981.0,3067.34,2966.75,3039.72,113292.952149,341930151.7710511
2025-07-15 16:00:00,3039.72,3098.01,3033.19,3041.41,71705.329121,219560610.23958048
2025-07-15 20:00:00,3040.93,3144.36,3028.61,3137.65,39595.164471,122576766.97313876
2025-07-16 00:00:00,3137.6,3152.7,3103.2,3116.48,39849.512623,124636614.24090631
2025-07-16 04:00:00,3116.48,3175.0,3101.31,3162.08,48228.546213,151818750.03428587
2025-07-16 08:00:00,3162.0,3173.53,3143.33,3151.04,48418.096389,153061873.86569756
2025-07-16 12:00:00,3151.04,3266.93,3148.0,3244.76,96126.161779,309347588.6878498
2025-07-16 16:00:00,3244.76,3383.58,3234.37,3383.57,93037.084481,308676149.42767006
2025-07-16 20:00:00,3383.41,3423.99,3342.39,3371.4,67344.73389,227927930.3266099
2025-07-17 00:00:00,3371.4,3398.72,3310.91,3330.3,50004.666275,167659874.51787072
2025-07-17 04:00:00,3330.17,3470.19,3320.61,3448.51,71943.349457,245548130.0081265
2025-07-17 08:00:00,3448.52,3482.35,3425.71,3433.46,51533.149464,178050968.3045163
2025-07-17 12:00:00,3433.4,3441.24,3363.02,3420.39,71012.026503,242244499.2597389
2025-07-17 16:00:00,3420.0,3456.0,3365.63,3412.01,58574.485011,199865935.62472165
2025-07-17 20:00:00,3412.18,3524.12,3372.3,3476.89,72702.423857,252021374.32562485
2025-07-18 00:00:00,3476.88,3626.74,3459.06,3596.53,95533.581956,341120349.951608
2025-07-18 04:00:00,3596.53,3674.19,3576.03,3605.52,77288.921638,280826863.5570417
2025-07-18 08:00:00,3605.51,3628.57,3582.82,3610.41,48059.652808,173469636.54807666
2025-07-18 12:00:00,3610.42,3671.83,3530.23,3563.96,102481.975885,368281217.3922753
2025-07-18 16:00:00,3563.91,3624.52,3537.33,3551.16,50232.105425,179594780.16755402
2025-07-18 20:00:00,3551.52,3577.09,3476.34,3547.16,55178.223774,194705308.93624324
2025-07-19 00:00:00,3546.91,3599.0,3507.18,3593.0,30557.213032,108776544.6811354
2025-07-19 04:00:00,3593.0,3608.58,3566.74,3571.22,18931.278214,67825815.6083151
2025-07-19 08:00:00,3571.22,3577.94,3537.73,3552.41,19940.270958,70970064.41782187
2025-07-19 12:00:00,3552.53,3572.71,3526.42,3552.19,25039.746244,88923010.59240185
2025-07-19 16:00:00,3552.22,3582.23,3532.75,3578.01,21357.429685,75941712.39957382
2025-07-19 20:00:00,3578.01,3598.75,3539.08,3592.11,17903.040129,63970660.99937997
2025-07-20 00:00:00,3592.11,3694.0,3579.49,3657.81,45140.742978,164119639.7012785
2025-07-20 04:00:00,3657.45,3689.89,3633.01,3668.01,32633.233814,119351864.54148816
2025-07-20 08:00:00,3668.01,3767.91,3668.01,3755.95,68075.148402,252856316.69126987
2025-07-20 12:00:00,3755.94,3790.0,3724.38,3785.88,48753.328551,182917749.7956643
2025-07-20 16:00:00,3785.89,3824.15,3730.57,3750.21,67981.302186,256412869.10549685
2025-07-20 20:00:00,3750.27,3773.32,3681.93,3756.92,57608.520368,215224547.42139187
2025-07-21 00:00:00,3757.0,3766.31,3701.17,3757.6,42054.946175,157151578.69824323
2025-07-21 04:00:00,3757.44,3812.98,3748.02,3787.99,46902.143384,177412323.8191707
2025-07-21 08:00:00,3788.0,3837.58,3755.96,3808.26,46754.422125,177462563.66341966
2025-07-21 12:00:00,3808.26,3858.88,3775.76,3810.29,61022.711797,233088666.52239615
2025-07-21 16:00:00,3810.29,3818.26,3719.0,3736.7,65440.686991,246458945.01180303
2025-07-21 20:00:00,3736.0,3781.8,3719.39,3762.77,20389.887559,76604841.6084785
2025-07-22 00:00:00,3762.77,3798.94,3695.55,3732.09,54654.017646,204548043.68487507
2025-07-22 04:00:00,3732.1,3734.75,3650.41,3677.2,69765.008311,257397759.0813273
2025-07-22 08:00:00,3677.17,3720.0,3617.1,3705.71,62491.617717,228722910.69818303
2025-07-22 12:00:00,3705.96,3729.4,3625.01,3717.92,84635.856889,311861228.93563396
2025-07-22 16:00:00,3718.0,3749.66,3655.0,3669.7,49896.177884,184840500.3467369
2025-07-22 20:00:00,3669.5,3750.83,3661.42,3746.39,25693.365396,95438594.84093322
2025-07-23 00:00:00,3746.59,3764.12,3712.09,3729.01,36255.374867,135635520.43630564
2025-07-23 04:00:00,3729.01,3738.33,3663.0,3673.13,33300.026779,123277847.58885652
2025-07-23 08:00:00,3673.13,3697.97,3640.0,3671.79,40727.887756,149313273.57697418
2025-07-23 12:00:00,3671.79,3681.0,3579.11,3644.79,97432.985845,352668464.0352768
2025-07-23 16:00:00,3644.76,3644.76,3552.58,3588.01,57019.153272,204631732.40516475
2025-07-23 20:00:00,3588.01,3636.6,3527.0,3628.82,49835.461714,178388553.8856209
2025-07-24 00:00:00,3628.83,3665.08,3612.63,3640.8,25759.8752,93853597.73246288
2025-07-24 04:00:00,3640.81,3657.93,3507.02,3592.0,73244.792559,261251519.62788135
2025-07-24 08:00:00,3591.98,3660.79,3580.44,3655.0,52367.511724,190048344.63067883
2025-07-24 12:00:00,3655.0,3770.74,3611.79,3730.73,78116.167704,288897944.15950286
2025-07-24 16:00:00,3730.74,3754.35,3666.57,3733.28,43249.894244,160698657.94719675
2025-07-24 20:00:00,3733.06,3743.5,3695.16,3707.19,36486.117151,135811786.67258367
2025-07-25 00:00:00,3707.37,3708.5,3573.72,3595.62,70649.617181,257082275.9234736
2025-07-25 04:00:00,3595.62,3667.44,3579.42,3631.7,53398.847421,193527739.39105377
2025-07-25 08:00:00,3631.78,3746.69,3628.61,3720.71,52143.73308,192578325.79074785
2025-07-25 12:00:00,3720.96,3734.72,3601.86,3634.13,55583.578392,204037081.24848443
2025-07-25 16:00:00,3634.21,3659.76,3616.18,3640.88,27054.585802,98463189.78863718
2025-07-25 20:00:00,3641.04,3730.54,3639.53,3724.71,24703.138475,91569975.87144382
2025-07-26 00:00:00,3724.94,3767.79,3697.04,3739.26,30352.517545,113338708.43583836
2025-07-26 04:00:00,3739.26,3757.0,3730.87,3742.12,14557.717325,54506038.46084671
2025-07-26 08:00:00,3742.12,3783.75,3730.07,3739.75,30073.21665,113029210.56626442
2025-07-26 12:00:00,3739.75,3754.98,3716.31,3736.03,26283.740978,98194953.87620658
2025-07-26 16:00:00,3736.04,3757.21,3709.15,3750.46,19712.762559,73593785.40239067
2025-07-26 20:00:00,3750.46,3795.0,3733.56,3741.67,23227.614088,87387862.38699768
2025-07-27 00:00:00,3741.83,3788.43,3730.72,3774.18,14874.867344,56004914.68671369
2025-07-27 04:00:00,3774.19,3811.87,3762.86,3768.17,26184.686678,99141328.93547614
2025-07-27 08:00:00,3768.17,3841.48,3750.74,3815.39,36245.430877,137858176.09169167
2025-07-27 12:00:00,3815.33,3837.05,3792.0,3819.01,23094.448741,88126455.10489292
2025-07-27 16:00:00,3819.16,3868.99,3808.75,3829.25,33099.655901,127097277.80854994
2025-07-27 20:00:00,3828.8,3880.18,3816.06,3872.99,20167.651128,77683830.92905596
2025-07-28 00:00:00,3872.9,3907.0,3843.0,3879.91,41821.975035,162263714.78094423
2025-07-28 04:00:00,3879.76,3941.79,3868.3,3893.17,42681.712926,166922477.50983992
2025-07-28 08:00:00,3893.17,3903.86,3858.48,3879.25,28599.101471,111076236.44758949
2025-07-28 12:00:00,3879.25,3890.02,3773.0,3807.63,68336.313045,261189399.1836519
2025-07-28 16:00:00,3807.62,3822.6,3753.27,3797.69,34005.508291,128771884.65858796
2025-07-28 20:00:00,3797.46,3804.02,3765.81,3798.32,26058.971924,98673459.3682188
2025-07-29 00:00:00,3798.32,3822.21,3730.59,3791.63,52483.994402,198021859.64300895
2025-07-29 04:00:00,3791.81,3881.72,3774.82,3877.21,40733.254238,156098199.1745988
2025-07-29 08:00:00,3877.21,3886.19,3811.71,3825.47,34214.41261,131884921.78912225
2025-07-29 12:00:00,3825.73,3874.99,3747.0,3761.42,59600.601962,227043275.3199424
2025-07-29 16:00:00,3761.42,3797.0,3716.51,3766.0,51881.996115,195067491.13098887
2025-07-29 20:00:00,3765.52,3802.75,3741.0,3794.0,30601.353958,115410792.62247796
2025-07-30 00:00:00,3794.0,3829.02,3755.27,3817.38,24605.138196,93402341.96505024
2025-07-30 04:00:00,3817.38,3834.26,3786.01,3811.15,25693.671272,97994712.6011548
2025-07-30 08:00:00,3811.05,3826.0,3744.55,3758.79,34080.46907,129037143.59715576
2025-07-30 12:00:00,3758.7,3832.1,3749.52,3797.71,41688.191459,157753231.61477607
2025-07-30 16:00:00,3797.72,3822.86,3675.98,3760.69,75792.62936,284238031.69122046
2025-07-30 20:00:00,3760.49,3812.03,3742.4,3810.43,23129.521541,87402504.3095723
2025-07-31 00:00:00,3810.43,3868.32,3801.17,3863.63,35547.234763,136564918.00541914
2025-07-31 04:00:00,3863.64,3883.06,3854.37,3864.09,24626.277754,95197140.91900088
2025-07-31 08:00:00,3864.11,3874.66,3826.3,3838.48,23864.52307,91971279.91138816
2025-07-31 12:00:00,3838.48,3845.64,3762.85,3788.35,45039.790505,171183003.87936258
2025-07-31 16:00:00,3788.35,3821.02,3735.09,3737.87,34294.280131,129468221.7404583
2025-07-31 20:00:00,3737.87,3758.78,3685.0,3698.64,33804.30212,125815213.0585734
2025-08-01 00:00:00,3698.24,3724.67,3615.85,3704.72,64605.689483,237674368.17088217
2025-08-01 04:00:00,3704.71,3704.71,3625.0,3650.86,43696.411621,159923862.97220436
2025-08-01 08:00:00,3650.85,3650.85,3586.0,3642.92,50032.965024,181045230.8913923
2025-08-01 12:00:00,3642.8,3675.87,3564.44,3616.0,68337.513943,247788896.1539716
2025-08-01 16:00:00,3616.0,3634.19,3515.0,3518.4,63073.412458,224854723.984406
2025-08-01 20:00:00,3518.27,3552.93,3430.02,3487.88,59625.340322,208274811.19107172
2025-08-02 00:00:00,3487.88,3532.26,3477.84,3528.59,33485.428576,117423677.62733015
2025-08-02 04:00:00,3528.6,3537.76,3453.88,3519.51,33497.676518,117208818.15763322
2025-08-02 08:00:00,3519.5,3524.52,3474.21,3508.53,19274.573111,67408368.78430136
2025-08-02 12:00:00,3508.3,3517.66,3451.01,3459.3,22802.676442,79539951.49601805
2025-08-02 16:00:00,3459.15,3480.93,3371.9,3382.95,54494.07768,186299526.80869544
2025-08-02 20:00:00,3382.95,3441.57,3368.0,3394.3,30843.035114,104970622.08608729
2025-08-03 00:00:00,3394.31,3452.28,3355.27,3443.55,37313.743061,127148993.25020231
2025-08-03 04:00:00,3443.56,3459.65,3433.84,3456.13,17385.874375,59911568.53235162
2025-08-03 08:00:00,3456.13,3516.61,3453.73,3484.81,20830.737295,72548065.5423799
2025-08-03 12:00:00,3484.82,3504.39,3454.54,3476.23,22141.737258,77040064.7277332
2025-08-03 16:00:00,3476.11,3514.97,3467.37,3496.94,13884.728713,48495211.94885138
2025-08-03 20:00:00,3496.94,3522.0,3483.27,3496.98,13698.364297,47952232.13507949
2025-08-04 00:00:00,3497.0,3576.46,3491.25,3556.92,31681.702607,112233127.11758304
2025-08-04 04:00:00,3556.88,3565.69,3520.24,3552.2,23318.616234,82569539.04187678
2025-08-04 08:00:00,3552.26,3574.47,3542.27,3555.81,15037.062606,53480873.37385318
2025-08-04 12:00:00,3555.84,3666.0,3551.05,3648.75,62308.332573,225650088.95260185
2025-08-04 16:00:00,3648.76,3718.98,3648.61,3669.92,50147.269013,184637841.96437475
2025-08-04 20:00:00,3669.61,3737.11,3660.93,3721.2,35416.664969,131417754.27499267
2025-08-05 00:00:00,3721.2,3723.16,3647.7,3652.2,25982.358249,95652870.58967248
2025-08-05 04:00:00,3652.01,3680.5,3601.54,3613.44,44404.380958,161820795.8854147
2025-08-05 08:00:00,3613.43,3694.26,3608.41,3673.85,27167.874616,99296759.77875789
2025-08-05 12:00:00,3673.92,3682.1,3557.08,3570.64,67978.336929,244712717.68175048
2025-08-05 16:00:00,3570.61,3612.79,3559.33,3571.15,23453.406807,84065839.10463946
2025-08-05 20:00:00,3571.15,3624.78,3545.0,3612.16,19247.531719,69062130.66156836
2025-08-06 00:00:00,3612.16,3614.29,3564.41,3583.69,15729.984234,56415955.64301658
2025-08-06 04:00:00,3583.61,3662.7,3569.47,3640.14,27263.796347,98978522.02275012
2025-08-06 08:00:00,3640.19,3644.99,3609.38,3619.73,22081.479391,80027492.24266997
2025-08-06 12:00:00,3619.59,3669.75,3573.06,3664.81,38947.558629,140685818.23622376
2025-08-06 16:00:00,3664.81,3698.79,3638.37,3683.79,21564.943412,79066305.53182328
2025-08-06 20:00:00,3683.79,3686.08,3652.12,3683.11,11077.650504,40706304.93715345
2025-08-07 00:00:00,3683.11,3716.92,3647.84,3657.2,17519.61644,64419019.37703678
2025-08-07 04:00:00,3657.21,3711.0,3655.6,3702.2,19883.10858,73398617.83646718
2025-08-07 08:00:00,3702.2,3843.62,3702.2,3827.2,67982.777026,257247221.28596988
2025-08-07 12:00:00,3827.2,3866.0,3802.89,3836.8,52723.469745,202237501.6563387
2025-08-07 16:00:00,3836.91,3877.3,3780.55,3868.05,31777.336568,121678231.3043713
2025-08-07 20:00:00,3868.01,3927.5,3851.65,3910.1,36348.639429,141397640.85292196
2025-08-08 00:00:00,3910.08,3969.99,3879.34,3939.41,62335.294061,243933302.30247927
2025-08-08 04:00:00,3939.42,3939.74,3895.15,3915.66,29734.55284,116415127.0129112
2025-08-08 08:00:00,3915.66,3927.4,3884.63,3918.07,19169.835203,74818843.35593008
2025-08-08 12:00:00,3918.0,4013.0,3891.43,3954.49,85192.312493,337388435.20880014
2025-08-08 16:00:00,3954.63,4066.0,3950.27,4060.53,56593.2766,227442942.8750432
2025-08-08 20:00:00,4060.71,4071.38,4006.53,4009.95,20349.846071,82180801.14024638
2025-08-09 00:00:00,4009.99,4051.99,4006.52,4050.79,19687.458978,79352680.91594587
2025-08-09 04:00:00,4050.8,4214.96,4044.59,4170.0,84541.948932,350781681.94784266
2025-08-09 08:00:00,4169.99,4247.28,4165.75,4190.29,44452.679085,187086873.9209225
2025-08-09 12:00:00,4190.29,4227.0,4153.4,4209.01,40092.452496,167931026.73457268
2025-08-09 16:00:00,4209.01,4271.0,4193.2,4258.55,27906.679116,118185572.63841031
2025-08-09 20:00:00,4258.54,4326.69,4242.14,4260.97,48507.896919,207617127.9445829
2025-08-10 00:00:00,4260.98,4332.52,4206.31,4242.64,55128.844401,235281995.08967683
2025-08-10 04:00:00,4242.67,4264.54,4175.56,4184.6,31757.664199,133906611.17521544
2025-08-10 08:00:00,4184.6,4232.4,4160.07,4180.29,30313.711484,127364501.24153404
2025-08-10 12:00:00,4180.29,4237.82,4160.51,4217.52,27316.084428,114772967.82239828
2025-08-10 16:00:00,4217.4,4259.71,4214.01,4249.2,15761.770919,66748622.18149295
2025-08-10 20:00:00,4249.18,4254.94,4185.85,4251.13,22257.482472,94058815.33959818
2025-08-11 00:00:00,4250.91,4342.99,4238.1,4309.59,60621.007728,260758075.96375823
2025-08-11 04:00:00,4309.59,4350.0,4266.66,4274.18,29953.084347,129042538.10295203
2025-08-11 08:00:00,4274.17,4285.22,4171.1,4185.05,33117.536659,140293765.43354496
2025-08-11 12:00:00,4185.05,4332.0,4166.07,4329.72,66521.641623,283176800.7677421
2025-08-11 16:00:00,4329.72,4367.05,4234.0,4259.52,58323.815003,251285558.27040288
2025-08-11 20:00:00,4259.5,4259.5,4189.0,4223.69,24334.240448,102799734.01797359
2025-08-12 00:00:00,4223.68,4311.91,4218.24,4285.88,29597.597993,126506593.09950273
2025-08-12 04:00:00,4285.88,4322.0,4266.13,4315.79,31071.741695,133576992.39994448
2025-08-12 08:00:00,4315.79,4332.82,4257.88,4290.99,26394.356985,113323202.72170666
2025-08-12 12:00:00,4290.96,4481.35,4277.94,4472.2,112470.285383,494178195.7139838
2025-08-12 16:00:00,4472.2,4519.35,4440.56,4517.16,68375.367693,306673489.6130051
2025-08-12 20:00:00,4517.23,4640.42,4504.15,4590.2,70107.945838,321621371.74447966
2025-08-13 00:00:00,4590.2,4656.76,4564.66,4646.75,54266.684362,250230825.3277273
2025-08-13 04:00:00,4646.76,4683.36,4608.0,4625.31,46918.260128,217986692.4199149
2025-08-13 08:00:00,4625.32,4716.42,4608.86,4689.72,42707.783908,199385647.93107188
2025-08-13 12:00:00,4689.72,4737.0,4615.51,4664.39,80074.033595,374508411.0365859
2025-08-13 16:00:00,4664.5,4751.46,4660.66,4739.73,52206.494429,246221090.1733113
2025-08-13 20:00:00,4739.29,4784.69,4698.0,4749.94,41881.203566,198735819.67127505
2025-08-14 00:00:00,4750.0,4779.25,4709.0,4774.29,45696.123896,216966274.2181529
2025-08-14 04:00:00,4774.29,4790.66,4716.53,4748.29,40344.215125,191799812.08138672
2025-08-14 08:00:00,4748.29,4766.01,4673.84,4718.59,42073.762398,198631800.66781715
2025-08-14 12:00:00,4718.58,4736.36,4451.16,4618.9,199542.177364,916382978.1200113
2025-08-14 16:00:00,4619.16,4623.91,4479.37,4537.48,60560.793141,275222270.49830776
2025-08-14 20:00:00,4537.49,4573.31,4454.0,4546.7,33947.898524,153354696.22861773
2025-08-15 00:00:00,4546.7,4650.0,4537.36,4634.59,36591.265122,168356426.87858433
2025-08-15 04:00:00,4634.6,4663.0,4605.49,4641.0,26350.195658,122122612.51617268
2025-08-15 08:00:00,4641.0,4666.48,4612.5,4634.3,23771.046671,110255482.7077722
2025-08-15 12:00:00,4634.3,4670.68,4395.26,4431.25,97073.368747,440127176.10503286
2025-08-15 16:00:00,4431.24,4461.66,4372.61,4383.34,48400.430453,213400677.83455807
2025-08-15 20:00:00,4383.36,4493.57,4367.66,4439.4,28719.333367,127278446.9155431
2025-08-16 00:00:00,4439.4,4490.0,4425.27,4432.76,24686.199851,110173389.61413328
2025-08-16 04:00:00,4432.76,4464.76,4408.05,4451.65,23593.651845,104660247.61407407
2025-08-16 08:00:00,4451.7,4459.25,4373.61,4387.89,28522.679389,125923999.32987164
2025-08-16 12:00:00,4387.9,4428.27,4375.5,4400.99,19193.677119,84478665.20157821
2025-08-16 16:00:00,4400.32,4442.15,4391.0,4418.47,9835.625326,43401351.7844401
2025-08-16 20:00:00,4418.47,4437.84,4402.82,4422.4,7711.386347,34102392.98481327
2025-08-17 00:00:00,4422.48,4459.22,4394.56,4452.53,16482.614581,72912991.33620854
2025-08-17 04:00:00,4452.54,4491.14,4443.96,4467.15,24905.976532,111385783.44881427
2025-08-17 08:00:00,4467.15,4575.82,4458.85,4551.8,32313.579678,146570100.02185726
2025-08-17 12:00:00,4551.81,4565.63,4518.32,4561.54,16285.367506,74009431.24235111
2025-08-17 16:00:00,4561.42,4566.43,4425.76,4459.5,33081.916712,148578674.44617024
2025-08-17 20:00:00,4459.51,4534.37,4456.97,4472.9,16427.265618,73792842.54110418
2025-08-18 00:00:00,4472.89,4482.96,4278.1,4321.01,80581.251067,352254413.1310528
2025-08-18 04:00:00,4321.0,4349.32,4230.0,4257.51,55768.856103,238703911.20312637
2025-08-18 08:00:00,4257.5,4319.89,4226.03,4274.21,49532.079621,211720554.683563
2025-08-18 12:00:00,4274.21,4369.86,4270.72,4345.7,68003.36816,293886056.3963437
2025-08-18 16:00:00,4345.71,4385.77,4300.11,4355.2,28357.365654,123317709.15412392
2025-08-18 20:00:00,4354.93,4388.18,4305.36,4313.9,28174.70177,122502117.6180004
2025-08-19 00:00:00,4313.83,4356.23,4214.24,4219.1,60747.307366,259726344.6555521
2025-08-19 04:00:00,4219.09,4250.37,4194.0,4234.71,44698.394543,188815686.9544272
2025-08-19 08:00:00,4234.7,4317.13,4218.66,4309.01,24007.738959,102621504.03501575
2025-08-19 12:00:00,4309.01,4340.0,4170.0,4191.81,62762.290862,265930326.3861184
2025-08-19 16:00:00,4191.82,4206.41,4114.18,4141.86,44866.233803,186573392.15730888
2025-08-19 20:00:00,4142.08,4164.85,4067.41,4075.71,38091.645006,156861939.0539519
2025-08-20 00:00:00,4075.61,4158.88,4062.66,4141.28,44141.756039,181532146.90268487
2025-08-20 04:00:00,4141.29,4212.35,4139.52,4185.5,39056.247932,163218793.67969447
2025-08-20 08:00:00,4185.5,4241.91,4150.08,4195.29,35743.649236,150482250.37504497
2025-08-20 12:00:00,4195.4,4309.65,4106.8,4255.19,67163.947533,282977313.0802965
2025-08-20 16:00:00,4254.9,4365.11,4254.31,4346.59,44951.032521,193958640.93221116
2025-08-20 20:00:00,4346.19,4377.6,4321.09,4336.25,35257.293873,153270061.47737265
2025-08-21 00:00:00,4336.24,4340.12,4277.78,4294.8,26590.080925,114574898.85763858
2025-08-21 04:00:00,4294.85,4321.29,4271.0,4311.0,14299.457901,61474223.55073726
2025-08-21 08:00:00,4311.0,4315.15,4256.46,4278.99,21397.181684,91761277.49602184
2025-08-21 12:00:00,4278.99,4328.45,4226.26,4243.06,40314.197154,172220813.13863847
2025-08-21 16:00:00,4243.07,4274.88,4208.2,4223.91,25089.066472,106317026.21729368
2025-08-21 20:00:00,4223.83,4261.59,4204.02,4225.93,16506.108308,69894847.89287728
2025-08-22 00:00:00,4225.7,4315.4,4222.5,4279.31,24332.876559,103994199.85928842
2025-08-22 04:00:00,4279.29,4345.4,4272.06,4328.0,26539.107357,114314594.09353134
2025-08-22 08:00:00,4328.0,4354.12,4273.35,4274.6,26013.0293,112222667.84669988
2025-08-22 12:00:00,4274.61,4668.14,4207.74,4616.17,166836.505467,751919105.5927285
2025-08-22 16:00:00,4616.16,4858.62,4616.16,4832.46,123076.972776,587987427.4554896
2025-08-22 20:00:00,4832.59,4887.5,4795.44,4831.6,50685.780054,245479942.7909834
2025-08-23 00:00:00,4831.7,4831.7,4662.85,4694.95,58385.175063,277418170.0676562
2025-08-23 04:00:00,4694.96,4765.42,4693.72,4713.17,32298.771039,152847819.665769
2025-08-23 08:00:00,4713.25,4745.4,4690.91,4704.74,20591.038428,97167463.70756868
2025-08-23 12:00:00,4704.8,4768.29,4693.0,4750.51,35033.51784,165712484.9516481
2025-08-23 16:00:00,4750.51,4761.59,4727.15,4758.31,12261.8011,58252076.70380864
2025-08-23 20:00:00,4758.3,4798.83,4737.86,4778.76,10994.457487,52441899.41396695
2025-08-24 00:00:00,4778.76,4817.69,4753.62,4788.89,22510.654804,107690118.36185461
2025-08-24 04:00:00,4789.08,4800.54,4757.69,4759.29,17587.254651,84048157.09946378
2025-08-24 08:00:00,4759.29,4786.8,4720.14,4747.86,36468.589098,173350520.96259996
2025-08-24 12:00:00,4747.86,4830.0,4738.49,4798.42,40268.343463,192858030.99647725
2025-08-24 16:00:00,4798.42,4957.98,4743.33,4812.2,111132.525634,540129757.4034578
2025-08-24 20:00:00,4812.21,4824.87,4708.43,4780.31,65880.165232,314291116.9237304
2025-08-25 00:00:00,4780.35,4797.92,4670.03,4727.18,51543.670495,243988844.17541468
2025-08-25 04:00:00,4727.21,4739.54,4582.63,4591.8,52205.882595,243153606.6472036
2025-08-25 08:00:00,4591.81,4616.0,4520.74,4599.78,58373.824572,267187685.02983305
2025-08-25 12:00:00,4599.78,4684.2,4586.0,4612.28,52083.983793,241552939.67572555
2025-08-25 16:00:00,4612.54,4645.64,4416.09,4420.63,45392.326529,206411573.7529612
2025-08-25 20:00:00,4420.67,4446.8,4333.34,4376.72,60273.212772,264042696.93483767
2025-08-26 00:00:00,4376.78,4452.2,4311.48,4402.71,48618.227858,213012227.54495627
2025-08-26 04:00:00,4403.0,4454.44,4394.12,4429.6,28795.204218,127467079.70768662
2025-08-26 08:00:00,4429.6,4466.38,4405.32,4427.74,26492.031126,117344372.34902804
2025-08-26 12:00:00,4427.75,4578.59,4405.79,4518.79,65812.235667,296452741.98613405
2025-08-26 16:00:00,4519.0,4598.0,4497.99,4596.6,33067.978166,150158071.9402946
2025-08-26 20:00:00,4596.52,4634.0,4562.62,4600.41,27935.295073,128404992.35260314
2025-08-27 00:00:00,4600.4,4626.66,4540.15,4603.05,25839.051173,118237389.7260148
2025-08-27 04:00:00,4603.01,4645.22,4559.96,4580.29,25594.531155,117891754.96032156
2025-08-27 08:00:00,4580.3,4620.33,4555.92,4608.56,18407.176202,84484546.36873984
2025-08-27 12:00:00,4608.56,4664.0,4575.38,4657.69,44663.532213,206485473.15151256
2025-08-27 16:00:00,4657.7,4658.29,4533.11,4565.48,26993.839457,124152613.13761377
2025-08-27 20:00:00,4565.29,4613.71,4481.94,4507.13,38250.591354,173740751.44057703
2025-08-28 00:00:00,4507.14,4548.99,4466.99,4541.81,22565.897531,101819856.1512037
2025-08-28 04:00:00,4541.8,4600.74,4534.92,4596.77,20795.019412,95060222.47224385
2025-08-28 08:00:00,4596.7,4634.58,4581.04,4594.99,21186.292773,97515520.226107
2025-08-28 12:00:00,4594.99,4614.95,4485.02,4504.5,45693.089305,208480499.6074152
2025-08-28 16:00:00,4504.49,4530.6,4437.0,4438.89,39529.471284,176963927.33080503
2025-08-28 20:00:00,4439.16,4516.32,4429.88,4511.68,15132.900268,67786812.92530258
2025-08-29 00:00:00,4511.69,4517.68,4434.9,4490.0,23766.626548,106406067.43041994
2025-08-29 04:00:00,4490.0,4498.2,4368.35,4381.56,41344.64561,183252331.04037836
2025-08-29 08:00:00,4381.56,4399.13,4319.07,4346.51,41301.054231,179602755.14403746
2025-08-29 12:00:00,4346.51,4455.25,4263.85,4316.29,82372.673223,357937873.916177
2025-08-29 16:00:00,4316.3,4367.0,4296.16,4340.81,28329.41007,122751664.61260916
2025-08-29 20:00:00,4340.81,4380.14,4305.45,4360.71,14576.736205,63372390.10664009
2025-08-30 00:00:00,4360.6,4382.53,4257.36,4352.4,30130.652195,129970654.78144749
2025-08-30 04:00:00,4352.42,4415.88,4347.5,4402.22,28247.072678,124048857.03125608
2025-08-30 08:00:00,4402.21,4407.41,4376.82,4392.15,12255.192041,53839325.13239777
2025-08-30 12:00:00,4392.0,4393.65,4331.93,4376.97,15525.166459,67688606.3962518
2025-08-30 16:00:00,4376.97,4376.97,4336.0,4354.6,6824.8215,29763160.18541917
2025-08-30 20:00:00,4354.61,4379.32,4333.18,4374.56,5043.984592,21975504.44461906
2025-08-31 00:00:00,4374.56,4488.77,4372.55,4487.93,25144.900797,111794841.64810155
2025-08-31 04:00:00,4487.93,4491.23,4432.36,4450.86,16812.889838,74957981.77898148
2025-08-31 08:00:00,4450.86,4483.57,4440.6,4476.44,12945.067833,57780522.27838785
2025-08-31 12:00:00,4476.44,4498.8,4450.54,4484.9,21803.451908,97582754.79080832
2025-08-31 16:00:00,4484.91,4490.79,4455.0,4455.71,10105.302814,45213817.49460116
2025-08-31 20:00:00,4455.72,4477.25,4378.22,4391.91,21446.243097,95073721.67979294
2025-09-01 00:00:00,4391.92,4432.09,4360.0,4404.01,26882.939286,118050152.53165378
2025-09-01 04:00:00,4404.0,4463.26,4357.76,4463.14,21485.385722,94640425.47124805
2025-09-01 08:00:00,4463.0,4491.56,4382.54,4393.21,31693.997495,140937707.46694356
2025-09-01 12:00:00,4393.21,4424.99,4345.99,4362.13,16779.177076,73613099.82225978
2025-09-01 16:00:00,4361.83,4372.0,4310.0,4368.02,19539.680524,84783878.53120923
2025-09-01 20:00:00,4368.16,4368.16,4211.11,4314.59,39276.185516,168081271.61275303
2025-09-02 00:00:00,4314.6,4396.41,4291.01,4367.16,27119.627694,117954450.2192506
2025-09-02 04:00:00,4367.17,4416.94,4361.05,4377.3,17539.819331,76994253.89976074
2025-09-02 08:00:00,4377.23,4407.77,4340.74,4347.71,18641.698944,81688581.68392803
2025-09-02 12:00:00,4347.7,4397.5,4270.37,4295.89,64818.424664,280885329.72355133
2025-09-02 16:00:00,4295.99,4331.68,4258.0,4274.51,32156.965458,138048021.65938875
2025-09-02 20:00:00,4274.51,4337.69,4266.4,4326.7,19701.054011,85012815.85864943
2025-09-03 00:00:00,4326.71,4356.23,4283.33,4334.98,21467.111685,92778425.60685673
2025-09-03 04:00:00,4334.97,4342.93,4289.51,4310.88,16960.945902,73124503.59498198
2025-09-03 08:00:00,4310.87,4386.0,4303.19,4371.62,22624.57978,98391650.31378338
2025-09-03 12:00:00,4371.63,4486.4,4341.33,4479.75,43095.925486,190898045.19251812
2025-09-03 16:00:00,4479.73,4490.49,4455.06,4475.83,16400.719361,73306192.565598
2025-09-03 20:00:00,4475.37,4482.99,4434.34,4450.28,8478.554962,37835288.55867118
2025-09-04 00:00:00,4450.29,4483.0,4389.73,4398.13,27218.279293,120613598.90677682
2025-09-04 04:00:00,4398.14,4416.08,4356.0,4371.45,23281.91152,101917377.95970078
2025-09-04 08:00:00,4371.44,4434.03,4365.75,4406.66,16842.196223,74098218.4808057
2025-09-04 12:00:00,4406.67,4428.76,4294.41,4305.21,46955.901123,204277331.697014
2025-09-04 16:00:00,4305.13,4324.64,4265.44,4275.67,25807.058216,110741799.48730786
2025-09-04 20:00:00,4275.72,4353.19,4272.06,4297.61,17807.740726,76952182.42533237
2025-09-05 00:00:00,4297.62,4335.99,4291.43,4328.93,13959.086918,60214141.13136394
2025-09-05 04:00:00,4329.0,4430.43,4316.8,4417.44,47006.476283,206620516.5832455
2025-09-05 08:00:00,4417.43,4426.52,4373.6,4417.93,31748.077479,139808182.10856107
2025-09-05 12:00:00,4417.92,4494.43,4256.14,4283.18,94483.888359,414207729.1548477
2025-09-05 16:00:00,4283.18,4332.06,4272.72,4331.55,23391.17226,100507511.46425281
2025-09-05 20:00:00,4331.44,4343.12,4285.34,4307.36,14830.530954,63949774.2587209
2025-09-06 00:00:00,4307.5,4329.0,4302.81,4320.5,5923.829225,25580338.68394803
2025-09-06 04:00:00,4320.51,4321.9,4290.42,4312.71,9045.009872,38924530.96450574
2025-09-06 08:00:00,4312.71,4315.56,4286.25,4300.0,6011.44743,25842039.63162186
2025-09-06 12:00:00,4299.99,4309.58,4263.46,4270.05,14002.815781,60026863.97585222
2025-09-06 16:00:00,4270.05,4304.37,4234.07,4255.53,23876.334399,101840173.34779616
2025-09-06 20:00:00,4255.73,4288.19,4253.41,4273.68,5961.718029,25484748.56481877
2025-09-07 00:00:00,4273.68,4304.3,4271.03,4296.98,6874.276944,29507034.48514949
2025-09-07 04:00:00,4296.99,4307.47,4278.71,4295.02,6510.715319,27959030.21860269
2025-09-07 08:00:00,4295.02,4314.88,4291.0,4310.4,8000.241337,34431785.40656747
2025-09-07 12:00:00,4310.4,4312.53,4288.96,4299.21,8030.359336,34536993.86398185
2025-09-07 16:00:00,4299.2,4301.49,4270.34,4293.55,8273.551889,35432671.20377433
2025-09-07 20:00:00,4293.55,4336.62,4281.2,4306.14,13274.139899,57185172.40498749
2025-09-08 00:00:00,4306.14,4330.99,4279.3,4311.78,14254.323986,61322636.91519066
2025-09-08 04:00:00,4311.78,4313.99,4287.97,4292.48,9045.680259,38878060.03367617
2025-09-08 08:00:00,4292.48,4337.74,4288.17,4312.37,22900.726331,98822275.10452436
2025-09-08 12:00:00,4312.38,4384.36,4306.01,4371.83,36481.835602,158871567.4118965
2025-09-08 16:00:00,4371.84,4373.66,4284.2,4293.33,23213.669452,100361265.8396066
2025-09-08 20:00:00,4293.49,4333.0,4282.36,4305.99,16997.371386,73196618.60050295
2025-09-09 00:00:00,4306.0,4315.52,4277.01,4306.61,23226.484531,99676815.2590342
2025-09-09 04:00:00,4306.61,4381.69,4302.01,4361.46,32683.764389,142248266.39348865
2025-09-09 08:00:00,4361.46,4368.33,4341.11,4346.99,13377.961213,58240545.27873309
2025-09-09 12:00:00,4347.0,4367.33,4277.76,4285.08,39548.95108,170608727.38785523
2025-09-09 16:00:00,4285.08,4299.2,4277.71,4294.64,19724.947353,84562541.147345
2025-09-09 20:00:00,4294.61,4320.0,4281.23,4310.31,8374.6812,36068549.43229933
2025-09-10 00:00:00,4310.32,4326.5,4285.06,4320.19,11438.877242,49293411.92962212
2025-09-10 04:00:00,4320.2,4334.21,4294.11,4329.59,11579.233583,49955364.7585164
2025-09-10 08:00:00,4329.58,4334.19,4308.4,4331.99,16094.375545,69635459.84614636
2025-09-10 12:00:00,4331.99,4453.33,4330.5,4404.92,66379.098205,291577506.49168533
2025-09-10 16:00:00,4404.96,4409.2,4300.05,4322.7,41712.474157,181590349.38469607
2025-09-10 20:00:00,4322.61,4357.0,4321.04,4349.98,12051.041178,52330864.03320682
2025-09-11 00:00:00,4349.99,4408.86,4338.67,4404.46,15112.751547,66117222.02262679
2025-09-11 04:00:00,4404.45,4450.0,4395.61,4440.04,31859.15198,140847205.80356744
2025-09-11 08:00:00,4440.05,4442.49,4406.09,4429.89,13755.168292,60847793.40473124
2025-09-11 12:00:00,4429.9,4482.0,4351.0,4412.64,56353.226379,248989516.13933656
2025-09-11 16:00:00,4412.89,4441.91,4407.59,4423.93,21428.278103,94823657.83967598
2025-09-11 20:00:00,4423.96,4469.08,4415.18,4458.66,12803.098657,56905390.595119
2025-09-12 00:00:00,4458.66,4540.0,4450.55,4505.87,37267.575206,167955821.8706254
2025-09-12 04:00:00,4505.87,4563.18,4499.95,4526.14,21446.877997,97245819.99265859
2025-09-12 08:00:00,4526.15,4536.89,4503.0,4520.89,15767.685437,71254524.18325406
2025-09-12 12:00:00,4520.89,4571.67,4503.16,4542.03,23114.528628,104891857.6872378
2025-09-12 16:00:00,4542.03,4661.25,4533.33,4657.84,38372.265177,176750279.83649564
2025-09-12 20:00:00,4657.84,4754.44,4631.17,4712.51,43133.625626,202209279.47174147
2025-09-13 00:00:00,4712.5,4766.77,4692.14,4756.25,25841.970414,121921849.68809643
2025-09-13 04:00:00,4756.24,4756.32,4702.01,4711.1,19671.079849,92945414.38372508
2025-09-13 08:00:00,4711.1,4739.04,4706.41,4719.99,12296.246654,58077429.83573725
2025-09-13 12:00:00,4720.0,4730.2,4642.52,4654.55,37234.088309,174300363.64498645
2025-09-13 16:00:00,4654.56,4668.0,4605.85,4638.11,23156.288487,107311658.37212332
2025-09-13 20:00:00,4638.11,4673.62,4637.35,4667.2,13277.493103,61869636.44915224
2025-09-14 00:00:00,4667.21,4693.25,4651.27,4663.61,10637.114368,49708134.08788333
2025-09-14 04:00:00,4663.62,4681.99,4634.48,4651.42,11822.244471,55103562.0416473
2025-09-14 08:00:00,4651.42,4674.59,4625.3,4635.23,10444.658881,48587548.72660818
2025-09-14 12:00:00,4635.22,4645.35,4576.49,4582.3,40629.957813,187249628.46342567
2025-09-14 16:00:00,4582.31,4628.98,4579.6,4615.84,28165.358307,129729333.4169485
2025-09-14 20:00:00,4615.85,4636.53,4598.31,4604.52,11775.206178,54381140.40372971
2025-09-15 00:00:00,4604.51,4643.68,4580.01,4636.0,14532.980381,67054385.84266139
2025-09-15 04:00:00,4636.0,4670.14,4588.0,4597.73,24148.467714,111830398.48173153
2025-09-15 08:00:00,4597.73,4597.8,4497.11,4530.47,48812.230034,221631031.4062146
2025-09-15 12:00:00,4530.47,4542.33,4465.1,4500.07,38012.450862,171262745.51450145
2025-09-15 16:00:00,4500.07,4514.27,4474.36,4493.89,18547.826447,83370264.40596002
2025-09-15 20:00:00,4493.9,4530.0,4488.01,4523.2,9284.059385,41924451.61662199
2025-09-16 00:00:00,4523.2,4537.76,4504.3,4520.62,10822.352886,48932673.52551021
2025-09-16 04:00:00,4520.63,4535.6,4487.82,4512.65,22662.675261,102311515.28070097
2025-09-16 08:00:00,4512.7,4531.6,4493.07,4501.28,10143.264795,45733332.3633804
2025-09-16 12:00:00,4501.28,4512.64,4423.32,4467.45,68891.332963,306611240.14264905
2025-09-16 16:00:00,4467.44,4512.1,4446.54,4490.92,43394.667086,194540642.64807087
2025-09-16 20:00:00,4490.92,4524.89,4483.02,4501.28,13574.95276,61164870.57288261
2025-09-17 00:00:00,4501.28,4552.37,4492.51,4497.05,17952.752102,81159270.68061526
2025-09-17 04:00:00,4497.06,4555.03,4463.15,4543.89,26439.616395,119454952.8321902
2025-09-17 08:00:00,4543.89,4545.4,4479.05,4491.62,20938.069133,94271304.47082344
2025-09-17 12:00:00,4491.63,4513.53,4467.3,4489.84,25113.84621,112711340.61813223
2025-09-17 16:00:00,4489.83,4534.2,4407.0,4517.79,93061.610416,416886130.4236293
2025-09-17 20:00:00,4517.7,4616.99,4486.94,4589.95,31365.397952,143020486.62195578
2025-09-18 00:00:00,4590.21,4644.85,4580.02,4614.33,32212.037385,148576028.2600589
2025-09-18 04:00:00,4614.34,4620.0,4553.59,4574.99,20212.791824,92649120.85657008
2025-09-18 08:00:00,4574.99,4608.0,4569.1,4576.55,11145.545237,51142348.43918581
2025-09-18 12:00:00,4576.54,4625.19,4558.86,4599.58,18766.435468,86215697.65656298
2025-09-18 16:00:00,4599.58,4636.45,4580.62,4588.79,23456.670906,108159243.07156055
2025-09-18 20:00:00,4588.78,4605.85,4570.71,4587.6,7424.133821,34086398.67773272
2025-09-19 00:00:00,4587.61,4621.0,4543.42,4550.36,18112.435549,82976813.16532724
2025-09-19 04:00:00,4550.35,4559.36,4517.89,4539.25,18881.00356,85665723.98182467
2025-09-19 08:00:00,4539.24,4549.52,4508.31,4514.01,17813.881197,80679048.12837113
2025-09-19 12:00:00,4514.01,4544.4,4445.55,4475.33,32060.341258,144066287.72158495
2025-09-19 16:00:00,4475.34,4490.0,4435.12,4440.66,20334.130528,90742835.1085536
2025-09-19 20:00:00,4440.66,4478.44,4438.55,4469.09,7451.767545,33247029.56870447
2025-09-20 00:00:00,4469.1,4477.68,4454.56,4465.67,7508.348898,33540165.83685926
2025-09-20 04:00:00,4465.67,4485.0,4463.25,4483.6,7247.148166,32428577.62413362
2025-09-20 08:00:00,4483.59,4483.59,4456.46,4470.32,4754.30143,21251653.75701773
2025-09-20 12:00:00,4470.32,4507.04,4463.53,4498.03,9373.281629,42058956.37822533
2025-09-20 16:00:00,4498.03,4508.7,4470.0,4480.39,8631.243538,38721755.98347511
2025-09-20 20:00:00,4480.38,4501.62,4478.0,4480.6,6908.311912,31011929.86534954
2025-09-21 00:00:00,4480.61,4490.14,4457.76,4478.35,6631.468503,29681447.17169278
2025-09-21 04:00:00,4478.36,4492.4,4467.01,4478.23,8383.266207,37545702.54654281
2025-09-21 08:00:00,4478.24,4480.1,4445.0,4461.14,18481.711768,82485811.86999401
2025-09-21 12:00:00,4461.15,4486.51,4461.08,4482.91,10926.95327,48898858.9262315
2025-09-21 16:00:00,4482.91,4498.38,4464.55,4494.23,11751.667418,52656181.30550553
2025-09-21 20:00:00,4494.24,4494.88,4443.45,4445.4,14459.69309,64525207.32503432
2025-09-22 00:00:00,4445.24,4455.99,4262.0,4305.61,68683.341135,297916729.12550515
2025-09-22 04:00:00,4305.61,4310.65,4045.01,4192.95,160502.556116,669923796.1139137
2025-09-22 08:00:00,4192.94,4207.02,4135.97,4181.62,29559.284386,123444015.76796524
2025-09-22 12:00:00,4181.63,4219.0,4158.6,4168.05,27575.54154,115559051.38193747
2025-09-22 16:00:00,4168.05,4183.08,4120.32,4135.18,29198.551791,121330997.39839394
2025-09-22 20:00:00,4135.16,4208.22,4134.35,4198.87,13792.501323,57703673.43691677
2025-09-23 00:00:00,4198.87,4211.76,4114.28,4187.77,25491.969165,106198866.2375519
2025-09-23 04:00:00,4187.72,4215.21,4154.27,4205.44,17449.965442,73231500.41807818
2025-09-23 08:00:00,4205.45,4229.0,4178.73,4191.77,14023.115578,58925200.45143698
2025-09-23 12:00:00,4191.56,4211.63,4162.0,4180.56,19905.718054,83347570.16790034
2025-09-23 16:00:00,4180.57,4207.3,4136.36,4153.46,30399.114223,126605855.63606662
2025-09-23 20:00:00,4153.46,4192.0,4139.45,4164.28,7984.773681,33302799.65251589
2025-09-24 00:00:00,4164.29,4194.9,4129.26,4147.64,24561.25348,102204121.07384968
2025-09-24 04:00:00,4147.63,4184.1,4073.91,4175.31,32614.516087,134674166.47780472
2025-09-24 08:00:00,4175.32,4198.06,4163.27,4181.61,14245.792504,59551982.52325552
2025-09-24 12:00:00,4181.61,4206.99,4146.84,4165.75,23523.353373,98247533.25774533
2025-09-24 16:00:00,4165.92,4193.58,4153.91,4160.58,16921.002356,70569835.23303328
2025-09-24 20:00:00,4160.58,4171.3,4129.0,4152.25,13678.25018,56857494.26903183
2025-09-25 00:00:00,4152.22,4160.85,4021.86,4062.13,59062.322594,241212898.79185867
2025-09-25 04:00:00,4062.14,4071.14,3962.69,4008.54,69867.586721,280249142.0256505
2025-09-25 08:00:00,4008.53,4052.7,3990.65,4002.24,27795.888933,111850346.43700188
2025-09-25 12:00:00,4002.24,4022.39,3924.0,4002.69,64748.849636,257901105.80419883
2025-09-25 16:00:00,4002.7,4005.88,3823.43,3911.53,80769.899185,314990167.10693854
2025-09-25 20:00:00,3911.65,3936.65,3849.24,3874.19,31089.840725,121052175.37626629
2025-09-26 00:00:00,3874.43,3971.07,3866.58,3965.17,26291.3137,103202692.43530984
2025-09-26 04:00:00,3965.35,3977.0,3907.5,3939.48,45826.914916,180009865.20872888
2025-09-26 08:00:00,3939.47,3944.99,3873.15,3906.15,42543.70324,166163093.86728713
2025-09-26 12:00:00,3905.86,3985.4,3875.34,3945.92,52383.212233,206358108.66428843
2025-09-26 16:00:00,3945.9,4069.01,3942.75,4023.91,35499.973389,142752126.9972189
2025-09-26 20:00:00,4023.84,4040.35,4005.16,4032.28,10615.325637,42703027.30264554
2025-09-27 00:00:00,4032.28,4033.17,4005.64,4019.13,7970.671145,32033288.23019403
2025-09-27 04:00:00,4019.1,4028.15,4006.2,4008.3,7814.90459,31379066.25015944
2025-09-27 08:00:00,4008.3,4018.02,3972.81,4001.87,17041.645685,68102152.46692455
2025-09-27 12:00:00,4002.12,4039.23,3993.91,4018.69,15292.531399,61404512.1843018
2025-09-27 16:00:00,4018.69,4019.69,3980.31,4002.5,9464.510825,37830064.23199558
2025-09-27 20:00:00,4002.5,4034.0,4000.35,4019.0,8176.909762,32865776.17676398
2025-09-28 00:00:00,4019.0,4033.0,3994.16,4002.74,12109.891042,48557048.74612691
2025-09-28 04:00:00,4002.74,4020.36,3996.46,4014.25,6921.549799,27736160.81838484
2025-09-28 08:00:00,4014.25,4016.12,3984.76,3992.85,7853.013169,31389137.36374073
2025-09-28 12:00:00,3992.82,4029.0,3965.83,4021.55,16727.902967,66989670.29356868
2025-09-28 16:00:00,4021.56,4055.55,4021.56,4039.02,14922.341214,60234322.19970272
2025-09-28 20:00:00,4039.02,4144.81,4035.08,4141.48,25849.629401,105977149.0920726
2025-09-29 00:00:00,4141.55,4146.66,4103.2,4121.99,14945.358945,61638676.82432813
2025-09-29 04:00:00,4122.0,4123.82,4087.74,4108.05,25389.037665,104225240.54259588
2025-09-29 08:00:00,4108.05,4140.0,4093.92,4103.54,15891.009352,65477576.91179613
2025-09-29 12:00:00,4103.53,4206.66,4082.0,4165.04,36480.145099,151769181.41589588
2025-09-29 16:00:00,4165.06,4194.0,4128.5,4188.67,14098.101043,58650528.70646248
2025-09-29 20:00:00,4188.67,4236.28,4182.29,4214.75,16443.040311,69340667.46397503
2025-09-30 00:00:00,4214.76,4246.57,4188.39,4199.05,24803.614934,104365941.61654171
2025-09-30 04:00:00,4199.05,4207.78,4170.01,4182.78,15211.920942,63735065.8881577
2025-09-30 08:00:00,4182.78,4183.8,4133.6,4165.1,19961.846287,83029832.03494392
2025-09-30 12:00:00,4165.1,4175.92,4094.54,4120.24,23157.891862,95706192.9010122
2025-09-30 16:00:00,4120.24,4170.4,4092.45,4160.55,26333.258577,108391316.0468041
2025-09-30 20:00:00,4160.58,4201.51,4117.41,4145.3,20033.586797,83315485.53413309
2025-10-01 00:00:00,4145.3,4175.08,4124.37,4129.2,13778.857093,57209467.44009244
2025-10-01 04:00:00,4129.35,4157.31,4123.51,4146.11,11655.383479,48273660.18953736
2025-10-01 08:00:00,4146.1,4330.0,4143.1,4298.19,61247.727396,261646684.96770513
2025-10-01 12:00:00,4298.2,4345.0,4278.14,4327.34,39266.288943,169305453.0703995
2025-10-01 16:00:00,4327.34,4340.25,4288.12,4334.31,20165.665869,87157716.98874363
2025-10-01 20:00:00,4334.41,4356.4,4287.55,4348.31,16261.364248,70292042.34850706
2025-10-02 00:00:00,4348.33,4399.99,4332.8,4376.74,25914.281702,113295299.48146886
2025-10-02 04:00:00,4376.75,4423.71,4359.49,4376.22,27131.46977,119197511.39894345
2025-10-02 08:00:00,4376.23,4396.46,4369.53,4379.21,10302.150293,45160927.05044647
2025-10-02 12:00:00,4379.21,4442.94,4335.34,4437.59,43070.089264,189289625.68875924
2025-10-02 16:00:00,4437.58,4517.12,4426.0,4495.37,35776.546135,159996665.69545907
2025-10-02 20:00:00,4495.59,4497.58,4457.43,4484.64,14579.377718,65256674.94308029
2025-10-03 00:00:00,4484.64,4560.0,4461.76,4500.77,30647.903955,138240803.6204924
2025-10-03 04:00:00,4500.77,4510.87,4454.01,4462.78,27344.086761,122317365.93541484
2025-10-03 08:00:00,4462.78,4495.88,4428.38,4478.93,29923.694616,133634783.91230623
2025-10-03 12:00:00,4478.95,4542.2,4436.66,4535.35,29355.54951,131518165.34547284
2025-10-03 16:00:00,4535.36,4592.87,4450.59,4519.77,55994.892411,252871275.34154668
2025-10-03 20:00:00,4519.78,4543.76,4493.7,4512.79,10204.37077,46149715.61163055
2025-10-04 00:00:00,4512.8,4517.17,4462.35,4487.01,13801.306647,61911240.58497587
2025-10-04 04:00:00,4487.01,4518.14,4480.0,4498.42,10098.485816,45453290.72497714
2025-10-04 08:00:00,4498.42,4504.65,4480.82,4484.09,6984.272342,31374627.53726499
2025-10-04 12:00:00,4484.09,4512.0,4441.82,4455.16,16849.001263,75431813.611158
2025-10-04 16:00:00,4455.16,4477.5,4440.61,4467.8,9006.881545,40168977.91912077
2025-10-04 20:00:00,4467.8,4494.83,4467.8,4487.62,5444.176181,24417610.49884634
2025-10-05 00:00:00,4487.49,4574.81,4467.19,4531.76,29183.989643,132238086.65298057
2025-10-05 04:00:00,4531.76,4615.0,4528.55,4606.6,46415.052225,212364514.3606965
2025-10-05 08:00:00,4606.41,4619.0,4523.53,4551.3,34939.570881,159614680.7078783
2025-10-05 12:00:00,4551.24,4551.24,4526.8,4532.19,12870.311737,58414944.76009711
2025-10-05 16:00:00,4532.2,4541.3,4482.5,4487.25,16095.940337,72644964.96011254
2025-10-05 20:00:00,4487.26,4523.73,4473.04,4514.63,11876.104248,53508763.83109726
2025-10-06 00:00:00,4514.64,4553.09,4487.5,4536.9,24588.006116,111231783.71450336
2025-10-06 04:00:00,4536.91,4577.8,4509.1,4533.53,16810.694002,76423706.27185974
2025-10-06 08:00:00,4533.27,4594.71,4533.27,4571.83,15211.308914,69496452.32873908
2025-10-06 12:00:00,4572.0,4693.8,4570.42,4673.02,46120.909295,214002504.00924888
2025-10-06 16:00:00,4672.94,4734.02,4658.99,4722.99,31542.954334,148205241.59381887
2025-10-06 20:00:00,4722.98,4736.25,4671.11,4684.25,17714.494633,83252592.77824453
2025-10-07 00:00:00,4684.25,4699.19,4663.64,4691.0,17292.639279,80966701.89059521
2025-10-07 04:00:00,4690.81,4731.95,4665.26,4678.59,23624.519947,110868066.92324938
2025-10-07 08:00:00,4678.6,4713.52,4639.04,4708.71,20437.546618,95528458.88084684
2025-10-07 12:00:00,4708.72,4755.77,4477.61,4512.26,96675.071856,445938613.55680805
2025-10-07 16:00:00,4512.26,4523.82,4446.66,4479.69,60242.499819,270153553.7750811
2025-10-07 20:00:00,4479.7,4516.86,4428.8,4447.3,29394.939712,131741251.09659316
2025-10-08 00:00:00,4447.26,4499.46,4433.43,4443.99,26523.246552,118457023.82809566
2025-10-08 04:00:00,4443.99,4465.92,4411.23,4463.67,24957.915729,110935344.15692449
2025-10-08 08:00:00,4463.66,4507.0,4458.44,4487.59,20907.721593,93775442.68812688
2025-10-08 12:00:00,4487.42,4523.01,4437.35,4447.77,38855.013933,173810784.70375943
2025-10-08 16:00:00,4447.78,4557.59,4439.04,4515.04,36116.377158,162869712.46857184
2025-10-08 20:00:00,4515.34,4539.58,4498.06,4525.98,8903.588929,40247055.14063117
2025-10-09 00:00:00,4525.67,4531.52,4401.4,4451.01,26052.115138,116249862.16929556
2025-10-09 04:00:00,4451.17,4461.73,4411.44,4426.64,17887.872182,79375874.6825105
2025-10-09 08:00:00,4426.63,4427.11,4320.0,4373.17,46228.862522,201510396.54989937
2025-10-09 12:00:00,4373.32,4413.19,4289.99,4314.57,58447.370521,253771814.1231644
2025-10-09 16:00:00,4314.46,4344.87,4264.68,4338.41,29779.444551,128302743.1125669
2025-10-09 20:00:00,4338.42,4382.84,4327.86,4368.2,11616.351357,50631749.87718256
2025-10-10 00:00:00,4368.2,4393.68,4342.78,4346.92,17731.125282,77465452.90587638
2025-10-10 04:00:00,4346.92,4377.08,4315.46,4323.8,20687.902258,89831894.98521636
2025-10-10 08:00:00,4323.83,4351.76,4313.6,4343.47,11718.072915,50800511.59887291
2025-10-10 12:00:00,4343.55,4390.7,4071.01,4103.57,103572.520528,435872116.2194878
2025-10-10 16:00:00,4102.85,4138.81,3950.0,3997.61,74113.285546,301136455.74518305
2025-10-10 20:00:00,3997.89,4024.76,3373.67,3822.49,430465.567593,1619550510.3509283
2025-10-11 00:00:00,3822.48,3878.0,3726.04,3792.61,127130.51314,483659907.4656394
2025-10-11 04:00:00,3792.61,3833.0,3734.94,3759.82,76111.139497,287976270.9814541
2025-10-11 08:00:00,3759.61,3857.14,3750.38,3839.55,48157.901036,183823363.42935944
2025-10-11 12:00:00,3839.54,3855.0,3783.6,3825.01,38373.60893,146695621.69886646
2025-10-11 16:00:00,3825.01,3847.72,3729.0,3760.15,27914.868737,105827659.82430196
2025-10-11 20:00:00,3760.15,3766.52,3642.1,3747.38,46006.992141,170826778.3130687
2025-10-12 00:00:00,3747.44,3819.95,3694.8,3781.66,46087.043398,172494763.9703288
2025-10-12 04:00:00,3781.74,3844.52,3776.26,3827.59,27073.698295,103428274.76501448
2025-10-12 08:00:00,3827.59,3866.93,3806.29,3820.53,25724.821441,98582479.87824348
2025-10-12 12:00:00,3820.53,4080.17,3793.72,4034.31,125458.447692,496824253.6518536
2025-10-12 16:00:00,4034.7,4175.0,4034.7,4135.75,86088.821519,354035795.35445046
2025-10-12 20:00:00,4135.75,4198.0,4081.05,4152.11,47595.415533,196969863.8485612
2025-10-13 00:00:00,4152.11,4220.56,4124.8,4140.4,44839.148541,186675865.0566686
2025-10-13 04:00:00,4140.4,4198.0,4116.26,4178.35,33509.63465,139236083.23074856
2025-10-13 08:00:00,4178.35,4195.99,4041.36,4080.64,39201.162372,161535932.83212855
2025-10-13 12:00:00,4080.47,4181.6,4056.65,4135.69,69956.196481,288506955.4694666
2025-10-13 16:00:00,4135.71,4272.86,4129.44,4252.74,44984.644168,188950068.58855093
2025-10-13 20:00:00,4252.73,4292.85,4235.49,4241.8,19326.830948,82344693.6214557
2025-10-14 00:00:00,4241.8,4263.83,4137.83,4153.85,34167.864538,143402177.8767685
2025-10-14 04:00:00,4153.85,4161.03,3964.96,3980.84,114268.919574,460227137.8134351
2025-10-14 08:00:00,3980.98,4015.45,3888.41,3971.85,74320.679479,294396618.60525256
2025-10-14 12:00:00,3972.29,4089.05,3895.68,4085.94,97099.580001,386206515.16857725
2025-10-14 16:00:00,4086.59,4164.8,4047.83,4102.91,97111.114438,398978304.6398519
2025-10-14 20:00:00,4103.23,4145.01,4072.0,4124.95,28099.773832,115622864.29001416
2025-10-15 00:00:00,4124.93,4146.01,4061.26,4081.63,38228.087009,156986602.1057332
2025-10-15 04:00:00,4081.63,4130.0,4072.23,4121.8,29024.799012,119186488.87296525
2025-10-15 08:00:00,4121.75,4216.66,4086.43,4100.35,49063.729852,203878708.42506868
2025-10-15 12:00:00,4100.34,4108.0,3959.0,3981.08,72293.364231,292139935.9427605
2025-10-15 16:00:00,3981.39,4013.52,3928.84,3983.59,48616.622453,193347272.86613584
2025-10-15 20:00:00,3983.36,3996.35,3925.0,3986.15,37330.415753,148061023.02716073
2025-10-16 00:00:00,3986.14,4037.4,3976.0,4015.0,20317.002434,81443628.32337525
2025-10-16 04:00:00,4015.01,4050.9,3978.86,4004.25,32463.482638,130346553.0017812
2025-10-16 08:00:00,4004.5,4079.62,3940.0,4062.09,48327.398281,194044081.78855985
2025-10-16 12:00:00,4062.1,4087.51,3891.69,3907.26,73779.135673,295031066.02022827
2025-10-16 16:00:00,3907.26,3968.24,3851.43,3867.21,66984.608001,261393181.8922491
2025-10-16 20:00:00,3867.21,3898.56,3825.83,3894.62,27074.994338,104562144.0991988
2025-10-17 00:00:00,3894.83,3950.64,3888.69,3933.21,17983.103123,70492309.27902485
2025-10-17 04:00:00,3933.19,3935.99,3753.05,3757.36,71889.589265,274639471.51260453
2025-10-17 08:00:00,3757.6,3818.0,3674.0,3778.5,81438.629088,304443795.4580652
2025-10-17 12:00:00,3778.27,3811.51,3714.28,3797.86,71817.719548,270674873.04334414
2025-10-17 16:00:00,3797.86,3850.71,3779.26,3828.13,46216.233205,176472700.8491522
2025-10-17 20:00:00,3828.03,3883.99,3818.04,3831.88,25274.085023,97468141.7246622
2025-10-18 00:00:00,3831.69,3882.58,3819.24,3870.74,18429.495067,71109849.96744436
2025-10-18 04:00:00,3870.56,3928.27,3841.71,3892.7,31960.466064,124116607.85612732
2025-10-18 08:00:00,3892.79,3905.82,3862.7,3882.54,15442.361498,59913325.98396439
2025-10-18 12:00:00,3882.55,3895.06,3847.01,3877.83,11352.79485,43939349.57730232
2025-10-18 16:00:00,3878.06,3899.52,3853.82,3893.92,9966.014174,38666217.44144698
2025-10-18 20:00:00,3893.92,3909.26,3869.32,3888.96,6991.863641,27185378.60562612
2025-10-19 00:00:00,3888.95,3906.62,3855.25,3905.99,12666.956198,49129061.67156373
2025-10-19 04:00:00,3906.0,3920.59,3874.01,3888.0,13908.259386,54181589.16947956
2025-10-19 08:00:00,3888.0,3958.94,3822.8,3924.07,66166.774371,258609691.8747517
2025-10-19 12:00:00,3924.07,4002.66,3908.37,3979.46,35539.735759,140855598.1716776
2025-10-19 16:00:00,3979.45,4027.9,3959.01,3985.95,36494.433232,145736642.37594032
2025-10-19 20:00:00,3985.95,4031.96,3970.13,3982.74,18286.497992,73104614.90384483
2025-10-20 00:00:00,3982.8,4041.07,3908.99,4027.41,31090.994833,123157663.99701448
2025-10-20 04:00:00,4027.6,4085.83,4022.84,4054.55,38803.356667,157460219.4394554
2025-10-20 08:00:00,4054.54,4072.28,4012.02,4035.19,26249.388629,106083106.17471492
2025-10-20 12:00:00,4035.3,4050.49,4003.24,4004.29,25688.303694,103552627.33350378
2025-10-20 16:00:00,4004.19,4004.2,3922.76,3980.89,51113.93735,202276827.7132315
2025-10-20 20:00:00,3980.75,4003.12,3970.66,3979.43,10254.988422,40865636.49513007
2025-10-21 00:00:00,3979.43,3985.91,3916.61,3923.02,14346.948201,56629928.26397711
2025-10-21 04:00:00,3923.02,3923.02,3840.19,3892.56,35317.161167,136870537.88977927
2025-10-21 08:00:00,3892.62,3897.76,3851.63,3890.2,15804.429412,61259166.32890534
2025-10-21 12:00:00,3890.2,4085.47,3852.3,4082.01,62688.118213,249125623.79912773
2025-10-21 16:00:00,4082.01,4110.14,3964.31,3996.15,65335.959669,263705752.0650312
2025-10-21 20:00:00,3996.16,4001.34,3858.0,3873.09,54348.495305,213018104.6207691
2025-10-22 00:00:00,3873.1,3889.8,3820.17,3859.83,34547.708353,133242550.86222827
2025-10-22 04:00:00,3859.87,3884.39,3837.5,3869.56,20179.300964,77904397.79644519
2025-10-22 08:00:00,3869.3,3869.53,3769.0,3829.17,32718.990798,124948962.70415813
2025-10-22 12:00:00,3829.17,3877.31,3780.0,3841.34,57772.486391,221107951.43889016
2025-10-22 16:00:00,3841.5,3861.61,3781.16,3804.26,38458.943027,146944916.91016692
2025-10-22 20:00:00,3804.93,3817.08,3707.56,3805.43,38100.764468,143360860.96189168
2025-10-23 00:00:00,3805.79,3836.58,3796.72,3826.88,11942.215893,45639488.02077352
2025-10-23 04:00:00,3826.94,3897.32,3822.87,3880.98,22772.728527,88097921.20873547
2025-10-23 08:00:00,3880.99,3907.08,3859.0,3863.55,22630.548584,87955211.57842514
2025-10-23 12:00:00,3863.55,3888.89,3809.04,3877.13,36215.216161,139473409.6708773
2025-10-23 16:00:00,3877.13,3936.0,3845.01,3860.01,41185.677583,160275861.88995415
2025-10-23 20:00:00,3860.01,3861.93,3818.83,3857.38,20002.155399,76855280.0273615
2025-10-24 00:00:00,3857.39,3895.88,3845.91,3891.07,14805.460798,57345148.55442501
2025-10-24 04:00:00,3891.08,3989.83,3885.78,3949.46,38214.302392,151176261.72248825
2025-10-24 08:00:00,3949.46,3969.62,3926.15,3946.83,13732.524654,54266468.1438782
2025-10-24 12:00:00,3946.84,4030.53,3871.42,3889.33,60883.797598,240132323.10833105
2025-10-24 16:00:00,3889.34,3938.74,3865.92,3927.02,17025.734573,66364400.49857902
2025-10-24 20:00:00,3927.19,3945.99,3924.35,3935.2,7867.551007,30949578.20541686
2025-10-25 00:00:00,3934.74,3939.25,3912.12,3921.34,6450.736432,25331253.40792879
2025-10-25 04:00:00,3921.34,3960.5,3919.81,3929.12,10191.069865,40100357.33018846
2025-10-25 08:00:00,3929.12,3956.8,3928.0,3940.34,7431.670171,29309450.1515269
2025-10-25 12:00:00,3940.35,3956.74,3923.55,3933.29,6816.816173,26867531.80994908
2025-10-25 16:00:00,3933.29,3969.06,3928.0,3957.64,6271.017976,24759510.52342288
2025-10-25 20:00:00,3957.43,3965.25,3935.41,3953.94,4463.625114,17640834.7206357
2025-10-26 00:00:00,3953.94,3961.66,3918.6,3931.84,8026.2478,31596625.01106078
2025-10-26 04:00:00,3931.85,3956.18,3929.01,3951.43,4112.993461,16217832.29526986
2025-10-26 08:00:00,3951.43,4057.19,3950.46,4045.12,29232.282463,117011788.58389784
2025-10-26 12:00:00,4044.95,4100.0,4041.1,4074.82,27932.860377,113709826.25247385
2025-10-26 16:00:00,4074.83,4080.27,4045.83,4067.49,11023.938194,44806794.73658221
2025-10-26 20:00:00,4067.49,4180.82,4054.1,4159.27,38479.348244,159181410.55322856
2025-10-27 00:00:00,4159.41,4226.0,4147.9,4204.69,39510.098518,165638042.86451504
2025-10-27 04:00:00,4204.92,4254.04,4193.89,4201.27,31293.160817,132134807.18514752
2025-10-27 08:00:00,4201.27,4201.47,4132.56,4162.52,27915.471374,116291855.90088856
2025-10-27 12:00:00,4162.52,4187.84,4122.51,4173.26,27186.939165,112954104.15745331
2025-10-27 16:00:00,4173.26,4233.45,4172.75,4193.67,24186.27497,101715738.85443684
2025-10-27 20:00:00,4193.69,4195.82,4094.0,4120.39,28395.460064,117341024.57871546
2025-10-28 00:00:00,4120.39,4142.35,4067.15,4094.37,27693.540655,113764570.96931818
2025-10-28 04:00:00,4094.36,4127.0,4066.0,4117.12,16329.252703,66929328.84351242
2025-10-28 08:00:00,4117.12,4136.0,4103.42,4112.22,11352.902886,46768118.9582271
2025-10-28 12:00:00,4112.21,4175.78,4070.0,4097.25,40978.31753,169096696.36755428
2025-10-28 16:00:00,4097.24,4151.42,4027.01,4039.34,35556.451421,145477913.1847574
2025-10-28 20:00:00,4039.13,4042.67,3931.03,3979.72,45862.165049,182574197.46577087
2025-10-29 00:00:00,3979.71,4009.93,3964.0,3998.14,17081.855157,68101084.2045119
2025-10-29 04:00:00,3998.14,4036.98,3996.21,4024.83,20595.89651,82860169.57048663
2025-10-29 08:00:00,4024.84,4028.0,3983.84,4011.47,17001.06088,68072113.02659824
2025-10-29 12:00:00,4011.46,4030.12,3941.28,3952.01,28373.290199,113125930.05946992
2025-10-29 16:00:00,3952.01,4018.98,3838.83,3905.13,90957.02766,357761822.96901333
2025-10-29 20:00:00,3905.4,3963.96,3873.93,3903.27,22254.838141,87262927.20825592
2025-10-30 00:00:00,3903.4,3949.0,3885.56,3934.46,16022.150011,62906270.8970111
2025-10-30 04:00:00,3934.47,3945.37,3838.8,3939.78,40411.570666,157347043.89731303
2025-10-30 08:00:00,3939.69,3939.88,3876.7,3880.77,31322.860503,122195652.50622337
2025-10-30 12:00:00,3880.94,3884.93,3756.88,3773.81,68025.109986,258824190.3660221
2025-10-30 16:00:00,3773.8,3802.35,3679.0,3686.61,48886.043826,182747027.89173335
2025-10-30 20:00:00,3686.43,3806.91,3679.37,3804.63,28052.394952,105235083.84608544
2025-10-31 00:00:00,3804.81,3860.66,3796.15,3829.08,31031.74242,118894311.61511248
2025-10-31 04:00:00,3829.08,3873.95,3821.37,3831.41,24887.183048,95721907.66202901
2025-10-31 08:00:00,3831.41,3885.0,3817.92,3874.01,25635.155336,98587988.0391732
2025-10-31 12:00:00,3874.14,3887.67,3831.84,3860.51,37360.538554,144214480.31192836
2025-10-31 16:00:00,3860.54,3906.51,3804.63,3885.38,36203.752099,139372467.1337925
2025-10-31 20:00:00,3886.11,3893.13,3840.44,3847.89,10394.14121,40171560.6804642
2025-11-01 00:00:00,3847.89,3864.21,3830.64,3861.67,6774.607794,26070939.20556192
2025-11-01 04:00:00,3861.67,3869.27,3852.37,3860.56,7540.305984,29111709.88353084
2025-11-01 08:00:00,3860.63,3883.09,3859.4,3877.69,12621.921404,48892856.57000065
2025-11-01 12:00:00,3877.69,3902.84,3857.39,3894.29,13369.359253,51885227.05910649
2025-11-01 16:00:00,3894.7,3910.0,3862.58,3879.99,10334.988752,40136224.9359926
2025-11-01 20:00:00,3880.0,3891.5,3864.03,3873.9,4100.824189,15902435.9343921
2025-11-02 00:00:00,3873.9,3887.14,3861.29,3880.61,3822.033837,14802992.60200953
2025-11-02 04:00:00,3880.61,3918.45,3876.0,3906.25,11240.858241,43850789.35089651
2025-11-02 08:00:00,3906.25,3910.66,3852.32,3890.55,19413.310888,75285888.89842235
2025-11-02 12:00:00,3890.56,3894.71,3839.0,3853.21,16021.795149,61857242.34200955
2025-11-02 16:00:00,3853.21,3867.59,3840.36,3856.25,5838.870803,22508025.27267178
2025-11-02 20:00:00,3856.26,3917.45,3844.67,3906.52,15266.424163,59265561.19356537
2025-11-03 00:00:00,3906.48,3914.42,3728.07,3736.48,44538.982979,169650063.95052624
2025-11-03 04:00:00,3736.5,3765.9,3683.25,3714.61,37839.665075,140875074.16254097
2025-11-03 08:00:00,3714.67,3740.91,3660.68,3711.48,40738.433242,150812191.20106736
2025-11-03 12:00:00,3711.6,3748.64,3582.22,3588.92,71915.994843,263061435.64133832
2025-11-03 16:00:00,3588.93,3682.44,3562.69,3631.06,51700.635007,187414679.4171152
2025-11-03 20:00:00,3631.32,3636.49,3557.24,3603.75,26766.570866,96119725.54257564
2025-11-04 00:00:00,3603.66,3654.38,3567.0,3642.41,24867.899507,90142340.58595334
2025-11-04 04:00:00,3642.41,3647.82,3473.75,3494.86,91195.768731,321393269.63425744
2025-11-04 08:00:00,3494.85,3533.97,3460.26,3529.21,46757.886537,163347876.14080533
2025-11-04 12:00:00,3529.21,3587.59,3473.74,3507.5,51951.747294,183381339.64282727
2025-11-04 16:00:00,3507.76,3520.48,3225.78,3231.01,138139.565484,462957237.5165352
2025-11-04 20:00:00,3231.01,3305.0,3056.01,3286.91,167609.443765,534785084.5591897
2025-11-05 00:00:00,3286.91,3349.47,3166.45,3334.97,92053.609086,300028821.51826453
2025-11-05 04:00:00,3334.97,3354.87,3304.0,3331.16,36717.96322,122253890.73319267
2025-11-05 08:00:00,3331.3,3331.59,3274.9,3322.81,33794.123004,111585199.56586124
2025-11-05 12:00:00,3322.84,3398.91,3312.72,3397.99,55843.09556,187304464.5839016
2025-11-05 16:00:00,3397.99,3479.48,3370.0,3454.85,48616.746797,166531651.46215475
2025-11-05 20:00:00,3454.84,3480.66,3411.0,3424.34,31986.568143,110104052.55468336
2025-11-06 00:00:00,3424.35,3450.65,3373.27,3433.15,33285.334727,113422011.35887212
2025-11-06 04:00:00,3433.15,3456.25,3364.0,3380.53,28282.768018,96163982.74776632
2025-11-06 08:00:00,3380.52,3415.0,3367.08,3399.67,20435.245567,69286706.39475457
2025-11-06 12:00:00,3399.67,3405.0,3277.2,3300.81,53518.60482,178946309.20039603
2025-11-06 16:00:00,3300.57,3352.39,3245.64,3325.8,53957.155918,178305956.20011577
2025-11-06 20:00:00,3325.94,3336.84,3287.29,3315.43,24126.295642,79862060.23620889
2025-11-07 00:00:00,3315.44,3365.51,3275.55,3344.75,34035.487534,113077598.18562716
2025-11-07 04:00:00,3344.79,3370.18,3319.88,3358.54,22880.665375,76662272.99071164
2025-11-07 08:00:00,3358.54,3360.85,3225.67,3260.3,32415.766851,106295747.17212692
2025-11-07 12:00:00,3260.26,3318.71,3194.0,3297.65,69754.037281,227214009.28549108
2025-11-07 16:00:00,3297.62,3450.0,3273.87,3443.52,50961.42662,171641484.12654907
2025-11-07 20:00:00,3443.46,3473.0,3429.16,3435.66,29800.295237,102847745.79777484
2025-11-08 00:00:00,3435.6,3467.21,3406.66,3453.89,24551.580095,84456570.51895317
2025-11-08 04:00:00,3453.89,3487.84,3417.99,3447.7,29815.862194,102764968.18370187
2025-11-08 08:00:00,3447.7,3470.55,3406.83,3413.16,17782.061754,61218523.87883941
2025-11-08 12:00:00,3413.16,3418.26,3369.78,3377.44,23037.889876,78244582.63036361
2025-11-08 16:00:00,3377.45,3408.21,3356.04,3389.4,17723.001983,59892484.13266563
2025-11-08 20:00:00,3389.36,3416.0,3380.93,3401.79,5523.699438,18791995.28462957
2025-11-09 00:00:00,3401.8,3404.32,3358.85,3376.32,12637.662899,42736455.0729485
2025-11-09 04:00:00,3376.33,3427.82,3370.0,3422.75,21981.525952,74636009.79315628
2025-11-09 08:00:00,3422.78,3435.37,3382.41,3428.7,16308.49363,55685502.44955537
2025-11-09 12:00:00,3428.69,3563.99,3424.81,3515.29,56366.800839,197430455.54732585
2025-11-09 16:00:00,3515.29,3580.0,3500.44,3579.98,20139.683777,71119064.30641495
2025-11-09 20:00:00,3579.98,3623.98,3562.03,3583.51,31871.545047,114233411.0996442
2025-11-10 00:00:00,3583.5,3658.66,3554.05,3627.47,44246.206117,160308486.2983655
2025-11-10 04:00:00,3627.34,3631.84,3589.0,3609.1,21434.2078,77399138.48086105
2025-11-10 08:00:00,3609.12,3631.22,3586.66,3610.27,15349.579355,55374734.23709423
2025-11-10 12:00:00,3610.27,3622.22,3508.6,3519.79,41154.328533,146572004.3822013
2025-11-10 16:00:00,3519.73,3577.44,3506.05,3558.79,24132.598485,85423025.74020144
2025-11-10 20:00:00,3558.79,3583.91,3528.93,3567.91,16452.305348,58551554.00657525
2025-11-11 00:00:00,3568.11,3647.97,3552.68,3606.07,39056.228119,140790335.03131714
2025-11-11 04:00:00,3606.05,3610.33,3531.08,3544.58,26148.377691,93073118.36376701
2025-11-11 08:00:00,3544.59,3586.59,3543.01,3574.07,15039.952144,53631825.36540679
2025-11-11 12:00:00,3574.08,3594.25,3466.88,3481.2,44859.023959,157884566.5630154
2025-11-11 16:00:00,3481.21,3502.77,3446.08,3456.95,28651.206786,99503183.34393851
2025-11-11 20:00:00,3456.95,3462.37,3405.14,3418.25,25934.371869,88968990.00501683
2025-11-12 00:00:00,3418.26,3455.94,3410.15,3439.44,18278.853625,62778976.38952114
2025-11-12 04:00:00,3439.37,3457.14,3424.64,3428.31,13062.092769,44997868.64078263
2025-11-12 08:00:00,3428.31,3569.83,3426.3,3549.6,29025.632365,101807546.72970416
2025-11-12 12:00:00,3549.6,3588.0,3418.8,3428.17,46652.363118,163656967.509808
2025-11-12 16:00:00,3428.18,3454.78,3372.09,3408.28,55520.446674,189400379.0860328
2025-11-12 20:00:00,3408.28,3439.89,3392.07,3414.91,17161.530824,58628080.42861636
2025-11-13 00:00:00,3414.82,3473.7,3376.48,3452.99,45583.518288,156385983.5818635
2025-11-13 04:00:00,3452.76,3565.64,3433.07,3538.07,57452.834573,201526943.48237243
2025-11-13 08:00:00,3538.0,3549.86,3477.66,3501.5,26455.789196,92902836.3608222
2025-11-13 12:00:00,3501.51,3511.71,3366.66,3387.01,77077.053142,264631493.05948883
2025-11-13 16:00:00,3387.0,3398.87,3175.41,3197.72,83807.94548,273982910.0386736
2025-11-13 20:00:00,3197.93,3272.84,3154.31,3231.66,47703.631757,152904552.68964717
2025-11-14 00:00:00,3231.61,3251.74,3186.04,3228.11,32907.967449,105906991.91997977
2025-11-14 04:00:00,3227.96,3241.15,3107.69,3215.81,75639.030879,240280815.0730446
2025-11-14 08:00:00,3215.61,3219.46,3117.03,3144.61,33006.199535,104646497.00321966
2025-11-14 12:00:00,3144.79,3235.2,3070.32,3196.78,94381.934275,297260943.9300697
2025-11-14 16:00:00,3196.77,3257.4,3155.09,3207.74,41685.710157,133726194.46818256
2025-11-14 20:00:00,3207.92,3213.21,3090.0,3112.4,23483.261757,73818149.04069933
2025-11-15 00:00:00,3112.56,3193.95,3110.87,3179.08,16962.406435,53602991.94003122
2025-11-15 04:00:00,3179.21,3192.2,3158.52,3176.8,13056.83438,41464667.97827024
2025-11-15 08:00:00,3176.8,3178.74,3134.95,3152.57,13603.73075,42947712.3810984
2025-11-15 12:00:00,3152.58,3197.3,3147.29,3185.82,13248.388661,42090937.92784167
2025-11-15 16:00:00,3185.78,3231.11,3163.03,3197.9,18913.362288,60585389.66249391
2025-11-15 20:00:00,3197.91,3200.94,3152.64,3167.99,8879.680092,28165646.47250345
2025-11-16 00:00:00,3168.0,3209.99,3131.77,3202.45,22803.149932,72144508.95124824
2025-11-16 04:00:00,3202.41,3220.99,3186.32,3219.66,13074.702717,41933324.60395898
2025-11-16 08:00:00,3219.66,3249.1,3160.32,3168.67,22978.485908,73813541.55680826
2025-11-16 12:00:00,3168.68,3182.72,3098.85,3105.65,26273.930068,82723086.43021107
2025-11-16 16:00:00,3105.36,3128.1,3024.71,3091.36,63758.312565,196293317.99015304
2025-11-16 20:00:00,3091.36,3118.19,3003.01,3095.44,35264.061501,108012702.98691112
2025-11-17 00:00:00,3095.36,3180.54,3069.15,3177.09,37678.788571,118183684.41062756
2025-11-17 04:00:00,3177.09,3208.65,3165.64,3198.99,23134.469735,73772801.17046157
2025-11-17 08:00:00,3198.98,3223.33,3179.6,3203.82,16057.578764,51394659.37909735
2025-11-17 12:00:00,3203.94,3211.57,3094.49,3120.8,56917.455061,179385550.39768797
2025-11-17 16:00:00,3120.94,3142.76,2971.27,2982.4,61417.180319,187191744.460686
2025-11-17 20:00:00,2982.55,3032.07,2959.76,3031.53,37101.142173,111297156.71691725
2025-11-18 00:00:00,3031.54,3049.99,2945.78,3024.21,64557.657055,193924303.07657447
2025-11-18 04:00:00,3024.17,3034.69,2958.1,3024.33,48342.915285,145018736.7086292
2025-11-18 08:00:00,3024.7,3074.07,3024.7,3057.54,28459.840622,86888525.32723743
2025-11-18 12:00:00,3057.7,3124.12,3021.87,3106.83,50366.994395,154767038.35110185
2025-11-18 16:00:00,3106.8,3170.09,3099.12,3145.68,32937.353633,103601248.56812157
2025-11-18 20:00:00,3145.8,3150.47,3096.66,3123.67,11307.047383,35255602.84763733
2025-11-19 00:00:00,3123.68,3126.72,3070.01,3073.39,20897.489612,64772509.28048239
2025-11-19 04:00:00,3073.32,3088.05,2992.5,3085.13,39967.707714,121407262.43114316
2025-11-19 08:00:00,3085.11,3112.59,3053.33,3083.44,25524.824674,78666600.80399004
2025-11-19 12:00:00,3083.43,3108.52,2967.03,2973.32,45952.786109,139898532.0175956
2025-11-19 16:00:00,2973.31,2987.19,2872.78,2881.87,55934.574658,163370691.76725098
2025-11-19 20:00:00,2881.88,3028.21,2874.5,3025.71,40208.76459,119365500.70631532
2025-11-20 00:00:00,3025.63,3058.17,3004.81,3039.13,25429.194007,77250493.24637288
2025-11-20 04:00:00,3039.04,3063.69,3007.21,3039.66,22673.073006,68750728.67022964
2025-11-20 08:00:00,3039.66,3045.0,2993.37,3023.55,20675.824961,62364541.84227795
2025-11-20 12:00:00,3023.59,3050.0,2952.25,2955.84,50015.689664,149967661.3252929
2025-11-20 16:00:00,2955.75,2961.34,2788.2,2848.11,110538.989722,315578469.01392716
2025-11-20 20:00:00,2847.94,2905.81,2819.55,2834.15,29138.345212,83385756.82777146
2025-11-21 00:00:00,2834.04,2886.66,2772.68,2809.26,45777.160857,129679247.94683851
2025-11-21 04:00:00,2809.14,2833.0,2649.2,2720.56,95495.359729,261475708.5820008
2025-11-21 08:00:00,2720.64,2754.8,2663.54,2688.6,54418.578558,147489332.1912846
2025-11-21 12:00:00,2688.56,2781.12,2622.87,2705.17,97983.286349,266783033.02629295
2025-11-21 16:00:00,2705.47,2806.7,2675.3,2752.4,54088.757604,148636413.20148364
2025-11-21 20:00:00,2752.04,2776.32,2708.42,2765.94,19985.809728,54860459.75517343
2025-11-22 00:00:00,2765.94,2784.08,2739.25,2752.49,12171.848895,33615298.89834118
2025-11-22 04:00:00,2752.47,2770.84,2727.0,2756.34,14765.617307,40574901.64315286
2025-11-22 08:00:00,2756.35,2756.76,2704.23,2735.02,16357.420068,44627856.19066821
2025-11-22 12:00:00,2734.91,2754.44,2711.26,2738.92,15156.004545,41431536.67292583
2025-11-22 16:00:00,2738.92,2759.0,2735.25,2750.57,8057.36218,22159099.22504631
2025-11-22 20:00:00,2750.5,2799.61,2733.33,2770.18,14611.779731,40439831.79605662
2025-11-23 00:00:00,2770.18,2834.16,2768.19,2824.8,20472.624031,57470254.43672043
2025-11-23 04:00:00,2824.79,2852.45,2777.04,2793.95,27421.596202,77291718.03353298
2025-11-23 08:00:00,2793.71,2824.64,2793.65,2816.0,15976.454353,44875407.13472812
2025-11-23 12:00:00,2815.99,2858.82,2810.04,2836.5,21877.623928,61993396.4543564
2025-11-23 16:00:00,2836.51,2846.85,2786.89,2822.65,18598.702444,52308074.09420139
2025-11-23 20:00:00,2822.78,2845.6,2794.94,2802.19,16591.222173,46788560.75273657
2025-11-24 00:00:00,2802.09,2867.33,2763.18,2856.57,35665.147145,100572513.11738898
2025-11-24 04:00:00,2856.41,2885.88,2803.14,2829.99,32230.574642,91784298.18126422
2025-11-24 08:00:00,2829.99,2843.02,2788.0,2803.47,17998.71484,50545026.86212417
2025-11-24 12:00:00,2803.26,2860.17,2784.93,2846.5,32113.934667,90586236.15985917
2025-11-24 16:00:00,2846.44,2979.56,2842.69,2958.8,59934.110715,174964796.204781
2025-11-24 20:00:00,2958.91,2986.2,2947.68,2953.32,25513.613824,75716592.8866603
2025-11-25 00:00:00,2953.33,2953.33,2903.0,2911.81,24371.773835,71398175.55955052
2025-11-25 04:00:00,2911.92,2943.74,2902.06,2902.77,17442.040996,50967065.17177177
2025-11-25 08:00:00,2902.78,2910.53,2865.59,2891.19,19153.872489,55330291.92509028
2025-11-25 12:00:00,2891.2,2934.21,2856.65,2895.64,35852.672449,103909480.35607816
2025-11-25 16:00:00,2895.56,2958.05,2871.8,2922.8,28760.592568,84027936.37421753
2025-11-25 20:00:00,2922.67,2980.0,2906.71,2959.38,17437.142706,51328333.84735906
2025-11-26 00:00:00,2959.38,2984.0,2921.13,2926.99,19941.319933,58926981.83694901
2025-11-26 04:00:00,2927.0,2954.37,2920.63,2944.29,12359.330118,36328937.70656169
2025-11-26 08:00:00,2944.29,2948.79,2902.5,2914.43,13666.701192,39859145.87400674
2025-11-26 12:00:00,2914.25,2947.92,2888.02,2927.61,26360.635224,76977008.32620709
2025-11-26 16:00:00,2927.61,3044.99,2926.41,3032.23,41279.686582,123892551.31535804
2025-11-26 20:00:00,3032.24,3035.92,3008.32,3026.5,14327.117921,43328409.76073335
2025-11-27 00:00:00,3026.5,3071.2,3005.0,3033.41,39506.391149,120279313.7502616
2025-11-27 04:00:00,3033.41,3053.87,3017.43,3033.46,17228.145288,52258321.62602595
2025-11-27 08:00:00,3033.47,3044.76,3018.0,3028.29,13805.623507,41823237.91531665
2025-11-27 12:00:00,3028.29,3030.45,2986.19,3011.26,18007.169917,54067394.29526881
2025-11-27 16:00:00,3011.25,3039.44,3004.93,3032.0,8838.874905,26719382.26451627
2025-11-27 20:00:00,3031.99,3044.58,3003.83,3015.39,11219.481805,33969038.53095926
2025-11-28 00:00:00,3015.39,3023.97,2993.9,3008.57,13240.325818,39793058.35978736
2025-11-28 04:00:00,3008.57,3029.38,3000.06,3001.69,16519.879044,49818370.96037082
2025-11-28 08:00:00,3001.69,3077.68,3001.4,3033.61,26405.824856,80388828.84117109
2025-11-28 12:00:00,3033.61,3099.0,3025.02,3073.7,42771.976667,131118099.5295226
2025-11-28 16:00:00,3073.62,3074.28,3011.23,3049.98,25244.811269,76685901.331677
2025-11-28 20:00:00,3049.98,3059.31,3020.0,3031.18,9799.100507,29814950.71269407
2025-11-29 00:00:00,3031.19,3052.54,3017.23,3022.72,8825.283506,26787373.41887205
2025-11-29 04:00:00,3022.82,3044.97,2993.0,3004.97,15480.042588,46644425.01532601
2025-11-29 08:00:00,3004.97,3011.54,2985.0,3000.25,10779.895436,32343372.92809572
2025-11-29 12:00:00,3000.25,3014.53,2985.3,3007.53,12017.494618,36015103.83447656
2025-11-29 16:00:00,3007.54,3012.26,2962.0,2988.6,19106.365033,56992384.14643705
2025-11-29 20:00:00,2988.6,2999.0,2982.5,2989.26,5559.471123,16622472.20059879
2025-11-30 00:00:00,2989.3,3012.43,2975.22,3001.73,9749.744372,29226426.19863911
2025-11-30 04:00:00,3001.73,3009.3,2985.04,3004.65,5826.854425,17467896.96514576
2025-11-30 08:00:00,3004.84,3018.76,2998.02,3002.84,7566.457124,22761800.16043808
2025-11-30 12:00:00,3003.08,3052.94,2999.72,3028.81,14235.348551,43178951.58938336
2025-11-30 16:00:00,3028.8,3049.6,3028.28,3034.72,6583.06162,19997874.41832403
2025-11-30 20:00:00,3034.72,3041.0,2989.58,2991.59,9585.444353,28896579.3288749
2025-12-01 00:00:00,2991.41,2999.75,2813.88,2826.1,72471.993807,208270860.40108
2025-12-01 04:00:00,2825.92,2844.22,2807.19,2840.31,31406.241929,88682649.93626048
2025-12-01 08:00:00,2840.3,2853.8,2828.86,2837.9,20773.423363,59010866.3413855
2025-12-01 12:00:00,2837.91,2839.77,2719.43,2745.78,62373.194476,173998801.97604507
2025-12-01 16:00:00,2745.97,2758.46,2720.0,2740.7,27677.543893,75845888.68987189
2025-12-01 20:00:00,2740.7,2819.28,2740.01,2798.75,23149.092384,64383544.21577687
2025-12-02 00:00:00,2798.75,2825.25,2783.0,2804.5,17504.777821,49026216.6327431
2025-12-02 04:00:00,2804.49,2815.82,2797.4,2805.78,11409.982711,32019259.40313499
2025-12-02 08:00:00,2805.65,2834.85,2782.15,2826.05,14214.92837,39925064.2470831
2025-12-02 12:00:00,2826.05,3024.9,2816.2,3006.22,74200.802117,216575640.9793384
2025-12-02 16:00:00,3006.22,3034.65,2987.0,3015.94,38740.460751,116665521.50449392
2025-12-02 20:00:00,3015.94,3022.0,2972.97,2996.12,20676.689546,61973485.41551523
2025-12-03 00:00:00,2996.14,3049.89,2985.55,3030.55,27764.371446,83915635.52908878
2025-12-03 04:00:00,3030.55,3085.79,3029.5,3057.57,34792.466343,106454012.17563727
2025-12-03 08:00:00,3057.58,3079.49,3043.6,3073.08,17726.690041,54249155.8546196
2025-12-03 12:00:00,3073.08,3146.0,3028.87,3086.3,67034.041556,206893370.9684796
2025-12-03 16:00:00,3086.29,3143.1,3064.46,3128.6,26375.008103,82071041.07314561
2025-12-03 20:00:00,3128.62,3218.05,3117.76,3188.22,42409.073443,134218499.06957573
2025-12-04 00:00:00,3188.49,3240.74,3174.17,3209.9,33892.276838,108680674.31718329
2025-12-04 04:00:00,3209.89,3219.99,3170.34,3190.3,34825.708601,111235920.71319798
2025-12-04 08:00:00,3190.3,3209.0,3175.43,3186.72,13778.007691,43954262.6616905
2025-12-04 12:00:00,3186.72,3224.87,3139.76,3208.0,35144.751278,111726773.82160048
2025-12-04 16:00:00,3208.0,3226.24,3066.73,3119.46,49353.272971,155236766.70429468
2025-12-04 20:00:00,3119.1,3151.88,3105.92,3133.2,17278.580568,54113478.06715388
2025-12-05 00:00:00,3133.21,3192.98,3132.78,3171.08,16789.240515,53133951.76382452
2025-12-05 04:00:00,3171.08,3182.1,3151.63,3173.71,18126.700736,57420387.95975812
2025-12-05 08:00:00,3173.72,3173.72,3108.0,3131.55,30214.498351,94723475.49008837
2025-12-05 12:00:00,3131.56,3158.02,3082.66,3106.41,39372.90438,122798409.11154725
2025-12-05 16:00:00,3106.41,3108.49,2982.62,3038.29,54019.793864,163934024.90955016
2025-12-05 20:00:00,3038.59,3049.17,3006.57,3021.67,13142.3739,39774174.9395272
2025-12-06 00:00:00,3021.84,3048.11,3012.0,3039.98,10045.036762,30465482.98184255
2025-12-06 04:00:00,3039.99,3042.61,3024.06,3026.73,9570.479923,29051190.46408192
2025-12-06 08:00:00,3026.72,3041.87,3013.33,3038.62,7059.789909,21365911.70678644
2025-12-06 12:00:00,3038.61,3069.13,3026.1,3041.72,13402.694959,40811952.22127687
2025-12-06 16:00:00,3041.72,3066.65,3025.2,3030.62,7090.791825,21598932.44012759
2025-12-06 20:00:00,3030.61,3054.91,3026.59,3038.09,10289.957428,31267350.41090752
2025-12-07 00:00:00,3038.09,3057.65,3032.25,3054.01,6742.728212,20543888.50392322
2025-12-07 04:00:00,3054.02,3058.11,3031.26,3037.56,5392.74096,16407438.81268027
2025-12-07 08:00:00,3037.56,3044.34,3024.52,3035.89,7729.252733,23453878.09177269
2025-12-07 12:00:00,3035.99,3053.41,2908.0,3026.96,66984.316911,199267408.5675464
2025-12-07 16:00:00,3026.62,3150.0,2999.48,3137.8,39275.003591,121111435.11167848
2025-12-07 20:00:00,3138.07,3147.14,3013.14,3060.01,26430.271606,81069892.6804106
2025-12-08 00:00:00,3060.01,3134.59,3040.98,3110.73,24070.069327,74535839.08224884
2025-12-08 04:00:00,3110.72,3140.9,3108.13,3133.86,19066.661017,59657946.69599553
2025-12-08 08:00:00,3133.86,3180.0,3125.01,3142.03,20132.981133,63484685.13270738
2025-12-08 12:00:00,3142.04,3179.06,3088.63,3101.61,41681.002154,130493915.88801102
2025-12-08 16:00:00,3101.56,3133.2,3075.25,3118.73,24218.946056,75330808.46539639
2025-12-08 20:00:00,3118.8,3153.44,3112.88,3124.4,12444.224331,38983114.93647306
2025-12-09 00:00:00,3124.58,3143.54,3090.67,3129.19,20251.841876,63015712.33581058
2025-12-09 04:00:00,3129.2,3131.07,3095.83,3123.32,14025.720156,43647944.37078411
2025-12-09 08:00:00,3123.33,3130.16,3092.69,3118.59,11330.56637,35255449.937224
2025-12-09 12:00:00,3118.6,3257.14,3098.93,3245.96,48413.351216,153422230.9215665
2025-12-09 16:00:00,3245.7,3398.66,3245.68,3357.84,74702.330173,249785813.74034753
2025-12-09 20:00:00,3357.98,3361.11,3285.04,3318.3,28559.753323,94876893.89203204
2025-12-10 00:00:00,3318.0,3327.99,3288.3,3309.22,15407.708996,50943794.79290518
2025-12-10 04:00:00,3309.47,3334.39,3306.66,3326.84,13049.038797,43329241.93561861
2025-12-10 08:00:00,3326.85,3376.08,3297.26,3318.47,25202.033071,83948804.88779457
2025-12-10 12:00:00,3318.52,3339.8,3303.06,3328.52,24902.802671,82764717.95036057
2025-12-10 16:00:00,3328.41,3435.27,3321.12,3390.41,70063.910588,236866408.27605256
2025-12-10 20:00:00,3390.41,3448.0,3318.4,3323.97,39494.226587,133127526.83116652
2025-12-11 00:00:00,3323.98,3327.41,3167.37,3191.71,50704.107017,164122759.77569455
2025-12-11 04:00:00,3191.44,3216.22,3180.04,3201.5,28295.086888,90598903.93793412
2025-12-11 08:00:00,3201.51,3213.19,3178.62,3193.03,22470.589481,71831391.01749888
2025-12-11 12:00:00,3193.03,3209.99,3145.01,3179.11,34616.303336,110047493.51706558
2025-12-11 16:00:00,3179.25,3234.0,3155.42,3194.42,33807.670075,108094373.20021914
2025-12-11 20:00:00,3194.28,3273.33,3192.71,3237.44,36850.995965,119340045.341892
2025-12-12 00:00:00,3237.45,3265.66,3185.0,3245.77,20053.594303,64810438.86767599
2025-12-12 04:00:00,3245.5,3265.0,3232.65,3246.39,13104.453554,42596934.0414724
2025-12-12 08:00:00,3246.4,3255.99,3227.11,3242.85,13258.378081,43006347.92406781
2025-12-12 12:00:00,3242.85,3251.49,3057.23,3071.22,61914.827361,194865782.57244357
2025-12-12 16:00:00,3071.24,3099.84,3037.58,3073.4,55905.119092,171734664.56056184
2025-12-12 20:00:00,3073.41,3096.0,3067.16,3084.59,15020.711588,46309247.10062677
2025-12-13 00:00:00,3084.59,3095.0,3078.19,3090.1,8740.215312,26983616.50671882
2025-12-13 04:00:00,3090.09,3095.82,3084.51,3094.9,15170.802508,46889018.17410875
2025-12-13 08:00:00,3094.9,3135.36,3092.61,3119.23,14458.540469,45068427.43173576
2025-12-13 12:00:00,3119.24,3127.47,3095.0,3109.73,12729.632162,39594250.06343776
2025-12-13 16:00:00,3109.73,3116.64,3096.1,3108.55,10243.394707,31798618.10038853
2025-12-13 20:00:00,3108.56,3119.69,3078.31,3114.27,6826.118456,21181072.09222098
2025-12-14 00:00:00,3114.27,3129.51,3103.65,3118.77,5997.675781,18703575.60226045
2025-12-14 04:00:00,3118.84,3122.38,3104.22,3115.36,5848.645547,18196957.99388826
2025-12-14 08:00:00,3115.36,3119.7,3050.0,3084.85,16827.610981,51993955.29575677
2025-12-14 12:00:00,3084.85,3108.0,3070.01,3084.56,20634.707601,63744553.75288063
2025-12-14 16:00:00,3084.59,3108.0,3074.02,3093.18,16204.055202,50096870.7122997
2025-12-14 20:00:00,3093.17,3097.0,3025.0,3063.26,28352.338396,86950919.34578861
2025-12-15 00:00:00,3063.25,3150.98,3056.78,3108.48,36707.653544,113898800.8830678
2025-12-15 04:00:00,3108.56,3145.06,3104.38,3128.72,13374.947724,41797918.03258591
2025-12-15 08:00:00,3128.71,3177.78,3125.05,3157.0,15902.097555,50156624.2012231
2025-12-15 12:00:00,3156.99,3159.79,2986.4,3011.11,67500.770599,206442492.02186623
2025-12-15 16:00:00,3011.36,3017.85,2895.0,2940.71,53956.516695,159316685.46329373
2025-12-15 20:00:00,2940.71,2970.0,2917.17,2965.15,27425.225912,80716895.94103713
2025-12-16 00:00:00,2965.14,2978.97,2923.08,2937.35,37070.57398,109374443.12103952
2025-12-16 04:00:00,2937.35,2952.36,2878.18,2924.4,45431.986405,132810385.36137736
2025-12-16 08:00:00,2924.4,2964.39,2920.55,2957.89,23946.584603,70371355.17016004
2025-12-16 12:00:00,2957.93,2983.11,2886.52,2963.24,56031.765844,164646198.4199085
2025-12-16 16:00:00,2963.33,2967.97,2912.21,2945.6,28526.168107,83880683.25839548
2025-12-16 20:00:00,2945.6,2966.14,2938.13,2962.5,9357.58978,27645741.72783831
2025-12-17 00:00:00,2962.5,2974.21,2938.46,2947.69,9660.471002,28539790.27386723
2025-12-17 04:00:00,2947.7,2954.44,2914.02,2947.9,21124.894345,61997923.24180335
2025-12-17 08:00:00,2947.91,2947.91,2908.4,2928.99,13782.727888,40320746.78824704
2025-12-17 12:00:00,2929.0,3031.03,2886.67,2904.87,81310.305668,240436507.82105583
2025-12-17 16:00:00,2904.53,2926.15,2790.64,2820.73,78924.335905,224258169.58223376
2025-12-17 20:00:00,2820.73,2838.17,2806.0,2834.19,32820.521565,92654878.530955
2025-12-18 00:00:00,2834.19,2848.38,2822.0,2832.41,13919.225966,39424796.26720578
2025-12-18 04:00:00,2832.41,2842.12,2823.3,2836.6,16352.580863,46309671.51999289
2025-12-18 08:00:00,2836.8,2864.76,2832.05,2858.76,17071.419357,48656065.33270694
2025-12-18 12:00:00,2858.9,2997.65,2854.45,2965.37,80946.155021,238432948.163284
2025-12-18 16:00:00,2965.36,2967.9,2775.01,2782.2,79167.824371,225450102.7512625
2025-12-18 20:00:00,2782.15,2838.15,2780.02,2828.45,27678.577667,77817835.19511957
2025-12-19 00:00:00,2828.46,2936.42,2808.79,2908.82,48995.104887,140562229.9662847
2025-12-19 04:00:00,2909.0,2984.6,2907.01,2951.69,45320.663313,133416827.0419602
2025-12-19 08:00:00,2951.69,2971.0,2938.01,2965.01,19390.460729,57284468.77267277
2025-12-19 12:00:00,2965.04,3018.79,2942.86,2964.55,52207.482667,155275081.6936114
2025-12-19 16:00:00,2964.72,3007.76,2935.3,2985.43,37783.692638,112283492.5484169
2025-12-19 20:00:00,2985.29,3003.24,2974.91,2979.85,9195.284363,27477427.82929706
2025-12-20 00:00:00,2979.85,2994.4,2971.01,2989.75,12654.919616,37777696.08571731
2025-12-20 04:00:00,2989.75,2991.34,2975.2,2981.55,9744.996561,29067597.82415826
2025-12-20 08:00:00,2981.56,2990.16,2975.21,2987.42,7017.320295,20937897.49407434
2025-12-20 12:00:00,2987.42,2993.74,2967.2,2977.22,11743.792963,34971067.71847271
2025-12-20 16:00:00,2977.23,2981.49,2973.21,2978.25,3001.507078,8938119.85544273
2025-12-20 20:00:00,2978.26,2986.12,2973.01,2978.1,5580.948674,16625931.07959944
2025-12-21 00:00:00,2978.15,2983.29,2961.69,2973.1,10616.199444,31545219.36086341
2025-12-21 04:00:00,2973.09,2982.75,2972.05,2981.49,2671.503368,7952874.22109335
2025-12-21 08:00:00,2981.49,3013.7,2977.7,2996.7,14411.443465,43202485.48775189
2025-12-21 12:00:00,2996.69,3005.72,2944.03,2974.66,28003.93305,83079006.84330231
2025-12-21 16:00:00,2974.67,2997.98,2967.59,2991.39,13014.859912,38808354.32759541
2025-12-21 20:00:00,2991.39,3012.5,2971.04,3002.07,9145.487297,27407026.61003067
2025-12-22 00:00:00,3002.07,3061.21,2973.06,3021.69,34869.945461,105360825.24332333
2025-12-22 04:00:00,3021.82,3042.76,3020.0,3030.2,12441.384197,37720506.8523298
2025-12-22 08:00:00,3030.2,3058.92,3025.38,3049.15,18283.850377,55635130.4049236
2025-12-22 12:00:00,3049.15,3077.98,3021.73,3052.49,30613.275341,93376344.226061
2025-12-22 16:00:00,3052.81,3059.58,2974.62,2981.01,19297.114653,58215457.34343993
2025-12-22 20:00:00,2981.01,3015.99,2963.2,3009.98,24116.967381,72121365.48228472
2025-12-23 00:00:00,3009.97,3036.1,2972.34,2992.05,25999.040978,78207960.49213487
2025-12-23 04:00:00,2992.01,3000.39,2946.85,2965.26,35297.027549,104793731.76350416
2025-12-23 08:00:00,2965.25,2975.62,2952.9,2973.61,10557.635768,31313797.96717469
2025-12-23 12:00:00,2973.65,2974.79,2897.6,2928.45,44747.730428,131246012.43107052
2025-12-23 16:00:00,2928.46,2966.35,2908.81,2943.56,42391.688107,124792521.54133847
2025-12-23 20:00:00,2943.94,2988.14,2940.0,2964.57,18028.837013,53448835.17535102
2025-12-24 00:00:00,2964.9,2978.0,2921.21,2945.86,18564.657346,54674198.87439287
2025-12-24 04:00:00,2945.87,2959.04,2918.21,2932.72,15102.227875,44354905.20646165
2025-12-24 08:00:00,2932.71,2940.13,2914.77,2925.45,12260.275743,35914457.18313817
2025-12-24 12:00:00,2925.46,2938.89,2888.88,2925.6,27014.890248,78831451.1456802
2025-12-24 16:00:00,2925.56,2954.41,2921.38,2945.99,15212.722531,44710579.29098541
2025-12-24 20:00:00,2945.99,2963.44,2941.77,2947.48,7567.685412,22341195.29240811
2025-12-25 00:00:00,2947.48,2956.99,2936.8,2947.25,5648.00108,16644277.29742276
2025-12-25 04:00:00,2947.26,2948.53,2938.3,2942.25,5637.848022,16587609.94273894
2025-12-25 08:00:00,2942.25,2947.23,2912.12,2924.95,12455.937988,36441294.19228179
2025-12-25 12:00:00,2924.95,2971.34,2920.11,2960.99,16563.471693,48787704.00391157
2025-12-25 16:00:00,2960.99,2967.44,2943.52,2956.28,11152.628249,32960928.78429757
2025-12-25 20:00:00,2956.28,2956.7,2891.2,2904.01,16207.04528,47343213.44713444
2025-12-26 00:00:00,2904.01,2994.44,2894.75,2964.87,36193.015759,107047687.50609592
2025-12-26 04:00:00,2964.87,2993.5,2952.24,2956.84,17460.496895,51895449.2856741
2025-12-26 08:00:00,2956.85,2976.06,2954.7,2964.64,9988.130295,29629191.34991234
2025-12-26 12:00:00,2964.74,2986.8,2895.0,2923.39,45673.350449,134219581.35130203
2025-12-26 16:00:00,2923.4,2935.64,2907.21,2925.95,11598.943851,33901377.53826783
2025-12-26 20:00:00,2925.95,2938.81,2922.01,2928.09,6154.534289,18032475.37106005
2025-12-27 00:00:00,2928.1,2933.68,2921.54,2933.39,5311.424506,15551115.38384041
2025-12-27 04:00:00,2933.39,2938.0,2927.77,2933.06,4998.239475,14656113.32905446
2025-12-27 08:00:00,2933.05,2940.36,2918.02,2931.01,6761.073706,19810317.85564752
2025-12-27 12:00:00,2931.01,2933.84,2925.34,2927.09,4703.531341,13779274.17947964
2025-12-27 16:00:00,2927.1,2930.95,2917.6,2930.78,4222.455133,12346848.49447791
2025-12-27 20:00:00,2930.79,2961.15,2928.49,2948.65,9263.836313,27272461.27399016
2025-12-28 00:00:00,2948.79,2951.76,2941.19,2943.35,3868.160986,11396458.41853745
2025-12-28 04:00:00,2943.36,2946.99,2929.69,2939.29,7700.199204,22626600.9954438
2025-12-28 08:00:00,2939.29,2947.77,2931.62,2944.19,6729.928984,19792437.0690747
2025-12-28 12:00:00,2944.19,2960.68,2937.55,2949.25,8427.909438,24842788.91036005
2025-12-28 16:00:00,2949.25,2954.78,2925.0,2933.65,9172.315473,26942529.28610859
2025-12-28 20:00:00,2933.56,2955.96,2928.92,2950.95,7963.3633,23419390.14691447
2025-12-29 00:00:00,2951.05,3049.0,2944.38,3043.7,39145.61852,117546580.49478668
2025-12-29 04:00:00,3043.7,3057.16,3009.16,3019.44,32048.554669,97222700.85038152
2025-12-29 08:00:00,3019.44,3026.65,2957.02,2960.3,29672.15665,88524604.45336457
2025-12-29 12:00:00,2960.28,2965.8,2910.74,2935.68,48487.392203,142326397.30007115
2025-12-29 16:00:00,2935.68,2946.14,2913.59,2932.55,16761.429261,49137142.76988215
2025-12-29 20:00:00,2932.55,2945.0,2926.05,2938.31,36368.055815,106747858.69520643
2025-12-30 00:00:00,2938.31,2955.6,2919.39,2951.59,16436.224557,48292819.58147778
2025-12-30 04:00:00,2951.59,2958.6,2937.24,2951.15,13651.91282,40249081.1626265
2025-12-30 08:00:00,2951.15,3003.05,2950.14,2978.72,24545.673791,73181891.08780195
2025-12-30 12:00:00,2978.72,3009.92,2958.75,2989.44,31076.898869,92672428.4696764
2025-12-30 16:00:00,2989.35,2994.76,2944.44,2971.0,18118.640444,53838664.53602432
2025-12-30 20:00:00,2971.16,2975.96,2954.07,2973.74,7171.016445,21268135.19921186
2025-12-31 00:00:00,2973.74,2985.19,2962.3,2970.83,8633.097861,25685323.37104669
2025-12-31 04:00:00,2970.84,2980.08,2968.62,2977.0,7230.662843,21511103.01018857
2025-12-31 08:00:00,2977.0,3003.44,2963.86,3001.85,13184.13961,39368462.03470754
2025-12-31 12:00:00,3001.85,3028.57,2966.93,2985.8,25457.646653,76234346.86107408
2025-12-31 16:00:00,2985.79,2997.97,2957.91,2971.26,14782.000235,43988760.24080042
2025-12-31 20:00:00,2971.31,2984.92,2963.61,2971.6,8931.576256,26569340.47811638
2026-01-01 00:00:00,2971.63,2989.07,2971.36,2980.44,4986.007887,14871960.43968749
2026-01-01 04:00:00,2980.54,2983.97,2973.55,2978.56,7672.910575,22855830.78734044
2026-01-01 08:00:00,2978.56,2993.4,2978.2,2989.61,5259.811475,15698332.57898718
2026-01-01 12:00:00,2989.61,2995.42,2977.85,2989.81,6356.138189,18977684.44829244
2026-01-01 16:00:00,2989.82,3006.0,2980.46,2995.4,9896.385211,29602003.47698197
2026-01-01 20:00:00,2995.4,3009.73,2987.5,3004.21,5741.175012,17213878.90373831
2026-01-02 00:00:00,3004.22,3035.39,2992.4,3022.6,13890.66342,41857257.76873338
2026-01-02 04:00:00,3022.59,3039.11,3009.0,3018.11,12522.860298,37845706.55709968
2026-01-02 08:00:00,3018.11,3069.0,3016.0,3047.55,26159.165933,79765058.59153317
2026-01-02 12:00:00,3047.54,3109.54,3020.35,3086.34,44475.482061,136416217.9226139
2026-01-02 16:00:00,3086.29,3150.0,3078.84,3123.5,40958.277659,128007130.6911591
2026-01-02 20:00:00,3123.88,3146.3,3111.26,3125.44,8006.096913,25046543.80890397
2026-01-03 00:00:00,3125.44,3136.56,3119.08,3125.46,6897.591665,21564442.18631842
2026-01-03 04:00:00,3125.5,3127.93,3075.82,3090.62,19772.582687,61296987.41723475
2026-01-03 08:00:00,3090.62,3110.78,3084.23,3098.47,9547.583998,29593225.20770441
2026-01-03 12:00:00,3098.55,3114.52,3093.6,3101.54,8193.181965,25432332.38682535
2026-01-03 16:00:00,3101.22,3118.63,3098.36,3113.26,4308.03427,13394809.75303522
2026-01-03 20:00:00,3113.26,3131.0,3107.42,3126.89,6102.984392,19054357.98245823
2026-01-04 00:00:00,3126.9,3170.52,3125.93,3147.38,17503.224598,55118232.61846205
2026-01-04 04:00:00,3147.38,3163.61,3134.29,3140.94,11276.157611,35486300.71302117
2026-01-04 08:00:00,3140.95,3148.97,3125.27,3139.81,8913.822017,27972165.31843807
2026-01-04 12:00:00,3139.81,3147.39,3118.2,3135.59,9294.755578,29135103.55429993
2026-01-04 16:00:00,3135.59,3144.18,3119.04,3133.0,7767.061797,24323170.1123701
2026-01-04 20:00:00,3133.0,3155.54,3131.02,3144.78,7210.883227,22667690.84832798
2026-01-05 00:00:00,3144.71,3222.0,3143.7,3186.23,33809.858786,107783858.3223322
2026-01-05 04:00:00,3186.23,3188.57,3135.77,3157.49,20883.134993,66029912.31179557
2026-01-05 08:00:00,3157.48,3184.28,3153.56,3180.26,11169.182409,35390544.54524667
2026-01-05 12:00:00,3180.26,3205.7,3135.23,3195.76,35086.416165,111090609.73818676
2026-01-05 16:00:00,3195.71,3229.6,3159.33,3223.15,28183.568502,90168178.87160124
2026-01-05 20:00:00,3223.1,3265.88,3220.08,3225.0,17948.203877,58172971.03778303
2026-01-06 00:00:00,3225.01,3247.42,3203.41,3225.08,11532.388397,37163993.91316367
2026-01-06 04:00:00,3225.14,3254.89,3211.49,3219.54,16613.08655,53660733.67939433
2026-01-06 08:00:00,3219.54,3243.2,3214.34,3237.9,13587.531102,43840403.33640201
2026-01-06 12:00:00,3237.91,3309.05,3229.61,3272.21,40982.685668,134379331.99866048
2026-01-06 16:00:00,3272.2,3279.39,3181.96,3223.59,32295.775426,104313516.85252623
2026-01-06 20:00:00,3223.59,3302.28,3223.51,3296.81,17620.62772,57735569.67319588
2026-01-07 00:00:00,3296.85,3297.02,3239.24,3266.6,14294.963626,46659801.97728644
2026-01-07 04:00:00,3266.6,3271.7,3246.7,3255.26,7812.696851,25450452.61850635
2026-01-07 08:00:00,3255.27,3263.3,3196.21,3220.8,20449.248121,65876753.58928234
2026-01-07 12:00:00,3220.63,3229.45,3144.78,3164.63,31786.02249,101129976.50940885
2026-01-07 16:00:00,3164.77,3179.41,3125.27,3145.66,21508.31718,67782504.65676504
2026-01-07 20:00:00,3145.66,3181.58,3128.32,3168.97,15450.243809,48724966.67842301
2026-01-08 00:00:00,3168.97,3184.3,3133.44,3142.69,11649.628389,36835844.26941935
2026-01-08 04:00:00,3142.7,3161.31,3090.23,3128.0,27089.763609,84602051.70442823
2026-01-08 08:00:00,3128.0,3136.9,3096.14,3121.21,16202.914993,50553984.0156323
2026-01-08 12:00:00,3121.21,3121.3,3055.0,3104.26,32968.992621,101773181.23934022
2026-01-08 16:00:00,3104.14,3139.0,3090.4,3111.35,12855.606769,40052183.81715682
2026-01-08 20:00:00,3111.34,3130.4,3089.23,3106.6,8007.52653,24904533.23669656
2026-01-09 00:00:00,3106.7,3148.2,3081.23,3119.71,18766.969234,58420456.42525251
2026-01-09 04:00:00,3119.7,3125.43,3110.42,3111.11,4882.99674,15225268.02678285
2026-01-09 08:00:00,3111.11,3115.51,3066.8,3090.15,11564.45682,35752940.71539883
2026-01-09 12:00:00,3090.34,3143.14,3058.8,3112.5,26680.119802,82777359.02258994
2026-01-09 16:00:00,3112.57,3145.75,3069.23,3080.55,14930.233312,46442298.1671015
2026-01-09 20:00:00,3080.43,3093.56,3065.0,3088.49,8250.951359,25433267.66452196
2026-01-10 00:00:00,3088.49,3095.33,3080.42,3086.82,3810.721484,11764359.99078216
2026-01-10 04:00:00,3086.82,3093.87,3078.88,3093.12,4466.757483,13787823.95899849
2026-01-10 08:00:00,3093.11,3103.63,3087.22,3097.0,3268.688398,10120730.95757478
2026-01-10 12:00:00,3096.99,3103.99,3089.06,3095.55,3590.046594,11110330.03976688
2026-01-10 16:00:00,3095.55,3099.02,3090.25,3092.19,2115.933174,6547782.44212034
2026-01-10 20:00:00,3092.2,3093.62,3078.79,3086.84,3845.368541,11867321.12468974
2026-01-11 00:00:00,3086.85,3097.64,3084.7,3096.91,2158.134359,6674004.54957059
2026-01-11 04:00:00,3096.9,3102.4,3090.01,3095.36,3191.647555,9885050.44145462
2026-01-11 08:00:00,3095.35,3109.5,3093.0,3105.04,3483.577963,10811387.71259062
2026-01-11 12:00:00,3105.07,3131.06,3104.9,3118.1,8179.032352,25493535.79933065
2026-01-11 16:00:00,3118.14,3147.21,3116.02,3124.7,10505.789016,32889632.61180222
2026-01-11 20:00:00,3124.65,3126.4,3093.0,3123.62,13461.142411,41890950.68523818
2026-01-12 00:00:00,3123.51,3171.62,3097.51,3152.49,25718.256815,80723339.78356658
2026-01-12 04:00:00,3152.49,3167.0,3133.78,3135.6,13597.320132,42868524.94797904
2026-01-12 08:00:00,3135.6,3147.92,3101.63,3115.62,19770.593756,61659696.15056957
2026-01-12 12:00:00,3115.6,3133.99,3066.0,3130.58,30993.123938,96195529.85113068
2026-01-12 16:00:00,3130.42,3146.82,3084.21,3121.76,22753.315666,70919298.0071234
2026-01-12 20:00:00,3121.76,3127.9,3084.77,3095.65,12084.486463,37469569.04750311
2026-01-13 00:00:00,3095.66,3119.0,3092.02,3116.29,9146.799521,28403687.22390851
2026-01-13 04:00:00,3116.29,3147.3,3112.37,3122.29,13913.882637,43558135.80777655
2026-01-13 08:00:00,3122.29,3148.5,3121.75,3133.98,11561.536013,36256224.76193514
2026-01-13 12:00:00,3134.04,3188.8,3129.49,3184.41,35451.352301,111706666.41563743
2026-01-13 16:00:00,3184.42,3218.75,3171.81,3215.98,23176.803172,73948246.23435013
2026-01-13 20:00:00,3216.0,3380.0,3190.66,3325.3,64436.303376,212520135.1282384
2026-01-14 00:00:00,3325.29,3358.18,3315.0,3352.47,25851.584177,86164195.93613683
2026-01-14 04:00:00,3352.46,3365.0,3320.0,3335.41,34235.763697,114183923.61585534
2026-01-14 08:00:00,3335.41,3343.19,3282.84,3286.35,18667.766262,61827134.60182059
2026-01-14 12:00:00,3286.34,3362.45,3280.27,3345.67,50329.000748,167728558.6089302
2026-01-14 16:00:00,3345.67,3403.36,3315.39,3367.54,53705.763684,180603071.36324123
2026-01-14 20:00:00,3367.53,3392.76,3347.33,3354.75,16860.731701,56788930.17247321
2026-01-15 00:00:00,3354.75,3355.65,3276.0,3286.46,22580.055064,74758751.16666742
2026-01-15 04:00:00,3286.46,3335.28,3284.8,3330.01,18540.532752,61469981.64369994
2026-01-15 08:00:00,3330.01,3378.69,3320.12,3349.46,25511.573123,85539431.25046901
2026-01-15 12:00:00,3349.45,3384.76,3286.0,3331.25,41534.585124,138665423.27230388
2026-01-15 16:00:00,3331.25,3337.6,3274.21,3295.79,27119.127002,89610109.60952108
2026-01-15 20:00:00,3295.68,3323.68,3277.11,3318.75,18844.565407,62164897.99418169
2026-01-16 00:00:00,3318.75,3327.72,3292.03,3295.26,10027.792714,33172937.56091392
2026-01-16 04:00:00,3295.26,3317.18,3277.0,3309.35,17471.348874,57639222.81962002
2026-01-16 08:00:00,3309.35,3320.33,3293.5,3302.11,10228.840816,33851497.17230619
2026-01-16 12:00:00,3302.11,3319.36,3253.44,3264.51,31000.915928,101948308.75762388
2026-01-16 16:00:00,3264.5,3289.06,3260.08,3276.7,14312.973304,46895759.46960679
2026-01-16 20:00:00,3276.8,3299.98,3264.46,3296.27,10171.6004,33451249.09236013
2026-01-17 00:00:00,3296.26,3297.76,3284.0,3289.4,3714.496724,12223759.95184702
2026-01-17 04:00:00,3289.41,3294.29,3286.02,3291.87,4695.128229,15450425.95188146
2026-01-17 08:00:00,3291.87,3305.36,3289.29,3302.51,9421.019205,31074120.92971787
2026-01-17 12:00:00,3302.5,3330.0,3299.69,3329.79,15083.528368,49993050.8455565
2026-01-17 16:00:00,3329.79,3330.0,3312.35,3316.45,9549.993959,31704753.75528348
2026-01-17 20:00:00,3316.46,3320.3,3297.14,3310.59,5098.21621,16869097.76278009
2026-01-18 00:00:00,3310.59,3319.99,3296.31,3316.1,6798.727421,22469531.93353571
2026-01-18 04:00:00,3316.09,3317.99,3306.4,3307.23,5359.531593,17755148.08326032
2026-01-18 08:00:00,3307.23,3325.97,3303.3,3322.22,6660.973679,22096717.93063337
2026-01-18 12:00:00,3322.22,3347.9,3314.64,3334.01,11272.53393,37534142.47951801
2026-01-18 16:00:00,3334.01,3369.0,3330.0,3346.76,12849.676145,43066436.981645
2026-01-18 20:00:00,3346.75,3356.67,3279.18,3284.35,19366.875277,64227061.58608064
2026-01-19 00:00:00,3284.16,3284.8,3176.0,3212.25,84947.704217,273329660.4360959
2026-01-19 04:00:00,3212.26,3217.82,3187.77,3207.25,27466.607987,87997517.04076554
2026-01-19 08:00:00,3207.25,3231.16,3196.78,3223.84,19553.333222,62880469.72011316
2026-01-19 12:00:00,3223.83,3236.0,3202.1,3215.96,19236.427961,61920554.94350054
2026-01-19 16:00:00,3215.96,3227.0,3208.03,3219.68,8238.439255,26508143.35177099
2026-01-19 20:00:00,3219.68,3225.63,3166.0,3189.23,16085.686343,51353037.50847267
2026-01-20 00:00:00,3189.2,3200.39,3176.0,3188.84,17057.855839,54399756.67464713
2026-01-20 04:00:00,3188.84,3189.45,3110.11,3123.46,41396.199659,130199287.35896768
2026-01-20 08:00:00,3123.46,3124.09,3086.0,3109.64,29430.494596,91274489.18519887
2026-01-20 12:00:00,3109.65,3115.0,2995.27,3032.84,57768.5173,176087579.90291995
2026-01-20 16:00:00,3032.85,3043.0,2980.21,2996.45,26721.785742,80306304.1815644
2026-01-20 20:00:00,2996.46,3007.59,2907.4,2939.91,38366.184457,113105330.05419669
2026-01-21 00:00:00,2939.91,2984.69,2921.98,2981.81,26217.158958,77575774.97657235
2026-01-21 04:00:00,2981.81,3002.47,2966.04,2970.74,20499.938292,61132297.10574213
2026-01-21 08:00:00,2970.5,2974.84,2938.0,2943.4,16085.425268,47627784.86469193
2026-01-21 12:00:00,2943.4,3026.47,2902.64,3002.62,64440.019968,190974551.7305738
2026-01-21 16:00:00,3002.62,3069.5,2866.36,3055.45,73907.752763,217844993.96087107
2026-01-21 20:00:00,3055.46,3058.0,2970.0,2982.18,31804.155769,95987015.22153714
2026-01-22 00:00:00,2982.18,3038.45,2980.64,3013.53,19950.202515,60168207.70357399
2026-01-22 04:00:00,3013.52,3027.8,3000.57,3001.05,11128.618008,33567052.94831359
2026-01-22 08:00:00,3001.05,3016.51,2978.16,2986.84,16751.021189,50269331.69663918
2026-01-22 12:00:00,2986.84,3010.77,2905.4,2942.24,44192.228578,130769009.33531156
2026-01-22 16:00:00,2942.07,2972.93,2924.0,2954.09,15428.84546,45501575.81411873
2026-01-22 20:00:00,2954.08,2959.77,2930.83,2952.89,11163.79275,32897817.39357678
2026-01-23 00:00:00,2952.89,2972.28,2946.4,2964.46,7342.300061,21727508.7633832
2026-01-23 04:00:00,2964.5,2984.57,2935.4,2948.76,20959.715773,61965344.24990191
2026-01-23 08:00:00,2948.85,2951.39,2915.06,2940.91,19680.330797,57678873.20100074
2026-01-23 12:00:00,2940.92,2965.43,2892.12,2952.52,40840.233313,119524865.81285396
2026-01-23 16:00:00,2952.64,3019.53,2938.42,2959.98,40600.999333,121036826.9193292
2026-01-23 20:00:00,2960.0,2964.02,2930.66,2956.25,7727.607185,22788232.13662003
2026-01-24 00:00:00,2956.26,2970.13,2949.31,2962.63,4642.767024,13738466.41035637
2026-01-24 04:00:00,2962.63,2966.66,2954.11,2957.01,5650.756349,16729360.44753303
2026-01-24 08:00:00,2957.0,2964.89,2954.82,2961.1,4049.631259,11987182.0553036
2026-01-24 12:00:00,2961.1,2968.54,2943.64,2957.17,10946.718544,32388574.31318001
2026-01-24 16:00:00,2957.18,2968.54,2952.11,2954.0,6718.727916,19880040.10209783
2026-01-24 20:00:00,2954.0,2964.71,2949.41,2953.5,4617.124952,13652706.36702279
2026-01-25 00:00:00,2953.5,2960.58,2936.8,2942.72,6976.487695,20586322.22221118
2026-01-25 04:00:00,2942.73,2949.5,2933.7,2939.85,7243.268522,21320049.81434638
2026-01-25 08:00:00,2939.86,2948.24,2920.7,2937.45,12643.877978,37131411.2216812
2026-01-25 12:00:00,2937.31,2945.42,2922.08,2926.95,9097.465752,26699464.33777728
2026-01-25 16:00:00,2926.95,2927.86,2797.0,2813.0,78319.49437,223887707.79872045
2026-01-25 20:00:00,2813.0,2825.45,2786.34,2817.36,45474.344636,127579548.61691435
2026-01-26 00:00:00,2817.37,2898.53,2812.58,2850.92,37148.082434,106243882.83769248
2026-01-26 04:00:00,2850.93,2911.0,2850.0,2904.26,17516.870337,50488626.18717344
2026-01-26 08:00:00,2904.26,2934.76,2881.28,2892.21,16965.874058,49276558.55807074
2026-01-26 12:00:00,2892.2,2951.42,2875.78,2899.5,41825.070996,121748750.93345743
2026-01-26 16:00:00,2899.5,2936.66,2886.15,2923.36,26104.428081,75981527.85839726
2026-01-26 20:00:00,2923.36,2945.44,2893.71,2930.0,15896.640994,46504655.71948004
2026-01-27 00:00:00,2930.0,2948.99,2912.5,2940.95,9066.434266,26599823.83173316
2026-01-27 04:00:00,2940.96,2957.0,2924.5,2928.99,8470.161171,24896077.02368155
2026-01-27 08:00:00,2928.99,2932.69,2900.0,2917.25,10829.60447,31556105.61673765
2026-01-27 12:00:00,2917.25,2943.97,2906.01,2937.6,15430.962797,45126194.29759467
2026-01-27 16:00:00,2937.6,2999.0,2918.31,2980.36,42083.844412,124794284.51769008
2026-01-27 20:00:00,2980.37,3035.0,2979.01,3025.84,27407.470621,82628583.10582373
2026-01-28 00:00:00,3025.84,3029.32,2996.98,3004.89,12195.02883,36740449.87220221
2026-01-28 04:00:00,3004.9,3018.32,2992.91,3004.9,14654.533197,44022804.58257758
2026-01-28 08:00:00,3004.9,3045.79,2986.4,3039.94,22207.671833,66996925.43781099
2026-01-28 12:00:00,3039.81,3046.0,2983.06,3007.83,32370.571949,97743068.99072643
2026-01-28 16:00:00,3007.89,3032.0,2989.31,3016.75,20904.708658,62924434.78013292
2026-01-28 20:00:00,3016.74,3038.45,2996.74,3010.79,10362.687332,31279196.74442125
2026-01-29 00:00:00,3010.69,3013.52,2944.62,2952.86,24741.269674,73510024.5378575
2026-01-29 04:00:00,2952.86,2965.64,2937.86,2961.9,9909.652165,29289558.18264451
2026-01-29 08:00:00,2961.94,2969.87,2923.81,2929.35,17990.502785,52944771.82953454
2026-01-29 12:00:00,2929.36,2939.33,2796.55,2824.55,51894.993775,147956591.11948052
2026-01-29 16:00:00,2824.54,2860.39,2754.32,2797.5,61183.381478,171527208.38880146
2026-01-29 20:00:00,2797.65,2827.91,2789.41,2822.58,14845.29123,41719974.84785909
2026-01-30 00:00:00,2822.58,2828.93,2682.32,2741.06,68417.647372,187133395.51523563
2026-01-30 04:00:00,2741.06,2774.83,2696.29,2740.44,37139.440893,101735984.62452832
2026-01-30 08:00:00,2740.44,2769.06,2710.04,2759.89,20940.624936,57270717.87354837
2026-01-30 12:00:00,2759.89,2766.81,2693.66,2729.47,37075.995321,101359720.50071624
2026-01-30 16:00:00,2729.37,2761.47,2636.8,2742.36,70191.383136,190560739.99659535
2026-01-30 20:00:00,2742.35,2742.86,2665.0,2707.22,34758.398459,93713251.66769873
2026-01-31 00:00:00,2707.25,2714.81,2684.21,2696.07,11477.211204,30988032.71252007
2026-01-31 04:00:00,2696.06,2705.08,2668.0,2680.5,14097.044192,37917860.99635279
2026-01-31 08:00:00,2680.49,2683.85,2609.64,2640.73,42741.169986,112979237.89858024
2026-01-31 12:00:00,2640.71,2644.53,2508.0,2534.34,87015.182007,222762246.28320876
2026-01-31 16:00:00,2534.31,2551.28,2240.2,2382.73,262676.916139,630476614.9298066
2026-01-31 20:00:00,2382.81,2473.92,2354.1,2452.2,56851.276503,136948162.11650974
2026-02-01 00:00:00,2451.95,2476.3,2429.03,2445.62,25257.193356,61892334.19195891
2026-02-01 04:00:00,2445.56,2454.95,2393.62,2411.61,34140.052876,82810150.77697192
2026-02-01 08:00:00,2411.6,2439.15,2376.48,2412.04,33536.662859,80799106.18618365
2026-02-01 12:00:00,2412.05,2412.65,2286.58,2315.85,98005.205542,230119241.46808928
2026-02-01 16:00:00,2315.89,2378.71,2284.0,2320.62,62857.634381,146084081.1051981
2026-02-01 20:00:00,2320.62,2349.65,2220.0,2270.47,89349.618028,204081798.5847174
2026-02-02 00:00:00,2270.48,2324.49,2165.79,2238.56,105023.204965,234980522.6607405
2026-02-02 04:00:00,2238.91,2268.4,2156.97,2228.87,106514.041566,235788646.8773382
2026-02-02 08:00:00,2228.68,2319.52,2227.42,2282.3,69132.677015,157281571.66153246
2026-02-02 12:00:00,2282.35,2396.78,2282.2,2372.66,101748.059561,237822758.20457903
2026-02-02 16:00:00,2372.71,2387.89,2327.65,2331.11,48883.914297,115328329.3539157
2026-02-02 20:00:00,2331.1,2356.1,2312.24,2347.0,20178.575307,47094002.30155104
2026-02-03 00:00:00,2346.99,2359.78,2284.0,2343.9,32985.493943,76597015.8957927
2026-02-03 04:00:00,2343.81,2355.76,2297.9,2323.14,29937.569471,69591343.55704027
2026-02-03 08:00:00,2323.15,2332.99,2261.78,2276.56,43193.249135,99061187.5601406
2026-02-03 12:00:00,2276.65,2317.51,2252.0,2303.32,51534.791144,118038734.63124473
2026-02-03 16:00:00,2303.36,2303.9,2108.0,2205.75,143627.735216,314053374.59851635
2026-02-03 20:00:00,2205.71,2345.0,2188.12,2233.81,75094.766247,170766860.86394134
2026-02-04 00:00:00,2233.81,2295.8,2223.83,2283.49,29441.871571,66623159.5175616
2026-02-04 04:00:00,2283.49,2293.27,2256.03,2283.95,30111.269215,68537720.6715827
2026-02-04 08:00:00,2283.94,2286.72,2226.36,2254.88,30082.970779,67771798.97572096
2026-02-04 12:00:00,2254.94,2263.32,2136.7,2151.96,77293.387351,169578051.70483628
2026-02-04 16:00:00,2152.01,2197.03,2076.88,2188.46,163756.009305,349275792.394025
2026-02-04 20:00:00,2188.51,2193.13,2087.69,2148.11,55063.154391,118058398.86029921
2026-02-05 00:00:00,2148.1,2174.62,2098.55,2110.19,45148.092054,96477810.0025728
2026-02-05 04:00:00,2110.15,2125.7,2068.0,2091.89,79506.364055,166867778.0713224
2026-02-05 08:00:00,2091.9,2149.99,2062.01,2079.88,71325.858961,149938841.1248559
2026-02-05 12:00:00,2079.91,2106.84,1926.97,1961.0,182049.112757,365925885.4210954
2026-02-05 16:00:00,1961.01,2018.28,1913.47,1928.77,121926.779392,239092627.61392283
2026-02-05 20:00:00,1928.92,1942.89,1816.15,1826.71,212439.397836,396694354.12027913
2026-02-06 00:00:00,1826.7,1947.98,1744.0,1892.1,220336.987781,406741882.1064274
2026-02-06 04:00:00,1892.1,1975.91,1886.19,1899.9,80525.170013,154730040.82945645
2026-02-06 08:00:00,1899.71,1939.83,1866.73,1933.2,70506.185728,134147184.52278093
2026-02-06 12:00:00,1932.8,2003.79,1915.05,1980.66,82732.901859,162438734.89931104
2026-02-06 16:00:00,1980.66,2091.0,1971.52,2066.11,101650.470451,207690198.28372467
2026-02-06 20:00:00,2066.11,2094.57,2041.98,2063.3,53879.002949,111284627.60467613
2026-02-07 00:00:00,2063.41,2086.35,2033.0,2080.94,50667.66016,104299370.60327996
2026-02-07 04:00:00,2080.93,2119.79,1993.61,2027.03,74516.286774,153020126.7053109
2026-02-07 08:00:00,2027.19,2032.52,1999.91,2018.92,24577.546773,49559581.86388065
2026-02-07 12:00:00,2018.93,2076.13,2009.41,2052.58,58921.256096,120422217.2944233
2026-02-07 16:00:00,2052.58,2125.0,2006.88,2091.36,260345.851198,536865963.60514766
2026-02-07 20:00:00,2091.21,2115.0,2071.53,2087.31,19430.314203,40735775.97172127
2026-02-08 00:00:00,2087.34,2107.66,2076.83,2078.84,17347.992431,36260501.5150063
2026-02-08 04:00:00,2078.85,2089.1,2066.23,2084.58,16660.352199,34637499.06736544
2026-02-08 08:00:00,2084.58,2138.0,2078.16,2132.15,41578.517658,87723556.56213586
2026-02-08 12:00:00,2132.16,2145.72,2097.17,2108.61,34941.592681,74228530.32857364
2026-02-08 16:00:00,2108.64,2129.71,2072.86,2126.74,23454.711923,49285656.03566904
2026-02-08 20:00:00,2127.0,2152.46,2071.37,2090.01,26936.624867,56747423.22517066
2026-02-09 00:00:00,2090.0,2103.43,2054.19,2100.01,30609.056862,63664306.33955786
2026-02-09 04:00:00,2100.0,2101.79,2065.06,2065.9,20771.865273,43254396.60274508
2026-02-09 08:00:00,2065.9,2070.43,2013.66,2028.3,41347.45691,84288738.07563996
2026-02-09 12:00:00,2028.31,2073.8,2009.0,2061.7,41538.616019,84731815.98860607
2026-02-09 16:00:00,2061.56,2142.98,2047.66,2131.6,46397.103297,97835911.18232812
2026-02-09 20:00:00,2131.59,2148.23,2088.67,2104.79,27997.823347,59307661.46188555
2026-02-10 00:00:00,2104.9,2124.85,2051.65,2065.04,27197.018811,56797250.34094001
2026-02-10 04:00:00,2065.05,2074.7,1998.01,2007.78,68830.345434,139259142.29403347
2026-02-10 08:00:00,2007.8,2032.8,1995.65,2003.2,39265.183511,79030088.78287168
2026-02-10 12:00:00,2003.28,2040.75,1987.9,2022.75,45897.525877,92409851.13903636
2026-02-10 16:00:00,2022.8,2047.0,1996.0,2017.91,25845.010733,52315371.52546283
2026-02-10 20:00:00,2017.91,2022.96,1997.01,2022.84,13692.585732,27533657.50085626
2026-02-11 00:00:00,2022.85,2032.55,1997.59,2009.55,19731.277446,39765440.90701384
2026-02-11 04:00:00,2009.53,2011.19,1939.0,1951.01,53068.052611,104409261.09337316
2026-02-11 08:00:00,1951.06,1956.43,1932.0,1953.57,21540.412817,41911145.34121286
2026-02-11 12:00:00,1953.57,2015.84,1902.23,1929.11,101483.906911,198464025.57796127
2026-02-11 16:00:00,1929.22,1959.6,1909.0,1952.29,33591.51816,64984509.25492054
2026-02-11 20:00:00,1952.29,1987.96,1932.07,1941.03,22876.557603,44780774.96582353
2026-02-12 00:00:00,1941.2,1977.73,1941.2,1968.58,12532.72532,24593353.63327622
2026-02-12 04:00:00,1968.51,1983.27,1953.17,1967.89,17349.690613,34182566.05302266
2026-02-12 08:00:00,1967.89,2001.67,1957.51,1989.02,25070.955997,49696816.86474416
2026-02-12 12:00:00,1989.0,1996.72,1945.23,1948.8,32688.493345,64575105.02233532
2026-02-12 16:00:00,1948.81,1950.47,1896.4,1925.42,55037.167595,105501249.8716386
2026-02-12 20:00:00,1925.41,1952.85,1909.5,1947.94,15763.028231,30467840.23683939
2026-02-13 00:00:00,1947.99,1958.7,1927.77,1953.57,16244.85891,31579159.26930476
2026-02-13 04:00:00,1953.59,1955.73,1924.72,1935.99,14138.170038,27433045.12913411
2026-02-13 08:00:00,1936.0,1969.33,1934.0,1960.32,18436.379626,36070766.7550969
2026-02-13 12:00:00,1960.25,2050.58,1952.73,2035.07,57956.402338,115984626.54326388
2026-02-13 16:00:00,2034.81,2072.8,2031.26,2058.8,85979.159843,176878048.94471464
2026-02-13 20:00:00,2058.8,2060.79,2038.75,2048.91,27728.894047,56966240.64541769
2026-02-14 00:00:00,2048.82,2057.76,2042.23,2054.44,9091.929558,18643031.60414276
2026-02-14 04:00:00,2054.45,2060.73,2048.49,2056.95,14220.548707,29208597.36890849
2026-02-14 08:00:00,2056.96,2107.95,2056.96,2099.41,25832.124511,53850998.73657326
2026-02-14 12:00:00,2099.41,2100.0,2064.8,2087.51,21234.505983,44191606.36251623
2026-02-14 16:00:00,2087.51,2090.77,2067.78,2088.52,8515.973164,17725221.38177598
2026-02-14 20:00:00,2088.53,2099.41,2078.5,2086.69,10180.752029,21269633.22340876
2026-02-15 00:00:00,2086.7,2091.2,2036.0,2059.26,32006.522759,65870171.89283001
2026-02-15 04:00:00,2059.26,2103.83,2059.26,2091.51,33119.46919,68965240.96478024
2026-02-15 08:00:00,2091.5,2096.82,2054.45,2061.99,16111.792495,33367828.06137556
2026-02-15 12:00:00,2062.0,2069.23,1993.0,2011.64,42502.611214,85841540.4058571
2026-02-15 16:00:00,2011.61,2011.64,1929.39,1942.33,65314.302103,128288322.23971815
2026-02-15 20:00:00,1942.34,1974.99,1934.5,1966.59,20185.577009,39504634.30437523
2026-02-16 00:00:00,1966.59,1981.47,1948.94,1958.94,16882.305152,33159176.68812709
2026-02-16 04:00:00,1958.95,1978.85,1953.0,1971.49,14644.839667,28816786.71575007
2026-02-16 08:00:00,1971.49,1994.0,1957.4,1976.25,17549.445996,34699301.392253
2026-02-16 12:00:00,1976.26,2023.78,1937.36,1956.61,42712.159319,84355448.25178339
2026-02-16 16:00:00,1956.76,1988.59,1956.28,1974.17,13707.152245,27059104.12213618
2026-02-16 20:00:00,1974.3,2004.39,1971.33,1998.32,13013.643643,25918069.77864278
2026-02-17 00:00:00,1998.32,2008.88,1979.71,1985.85,16382.594344,32693858.65315554
2026-02-17 04:00:00,1985.86,1998.43,1964.67,1985.96,14558.507633,28837788.43803042
2026-02-17 08:00:00,1985.99,1990.9,1961.54,1968.73,12434.582925,24543986.08858534
2026-02-17 12:00:00,1968.72,2002.95,1941.67,1968.75,38524.015562,75850851.95953657
2026-02-17 16:00:00,1968.78,2015.89,1954.06,1998.26,39289.157682,78123896.02042232
2026-02-17 20:00:00,1998.26,2004.38,1987.38,1991.69,11029.974845,22013702.12778865
2026-02-18 00:00:00,1991.8,2000.24,1968.57,1996.67,13876.34196,27535096.336549
2026-02-18 04:00:00,1996.67,2023.67,1993.24,2017.8,15539.775493,31167860.96347196
2026-02-18 08:00:00,2017.86,2039.0,1976.5,1981.41,26146.113752,52491928.25402682
2026-02-18 12:00:00,1981.41,2010.1,1954.0,1985.46,36424.410099,72098536.8856786
2026-02-18 16:00:00,1985.46,1987.74,1923.44,1941.09,44810.756742,87695738.80046445
2026-02-18 20:00:00,1941.1,1956.7,1935.79,1956.02,14629.705963,28461619.21209747
2026-02-19 00:00:00,1956.06,1975.75,1950.51,1972.35,12204.314313,23991970.30809258
2026-02-19 04:00:00,1972.4,1987.4,1964.25,1981.77,13020.84494,25755898.01970996
2026-02-19 08:00:00,1981.75,1982.48,1948.0,1949.77,15530.332942,30542844.95074318
2026-02-19 12:00:00,1949.67,1956.3,1911.36,1926.53,39828.81617,76851693.31371641
2026-02-19 16:00:00,1926.47,1947.67,1906.2,1941.43,28187.353659,54352035.08888968
2026-02-19 20:00:00,1941.18,1952.54,1934.87,1948.75,11925.242206,23202489.22660331
2026-02-20 00:00:00,1948.83,1964.58,1947.2,1954.9,16104.056255,31496625.36065173
2026-02-20 04:00:00,1954.89,1968.8,1930.86,1960.91,22370.23049,43692554.56161362
2026-02-20 08:00:00,1960.9,1973.46,1940.54,1943.96,18001.293837,35309352.63420013
2026-02-20 12:00:00,1943.97,1980.51,1923.23,1963.97,38505.066163,75146915.68986689
2026-02-20 16:00:00,1963.83,1981.57,1939.2,1963.69,35972.95388,70642865.34373301
2026-02-20 20:00:00,1963.7,1974.99,1961.6,1968.84,7611.142498,14991540.1850847
2026-02-21 00:00:00,1968.85,1970.65,1955.62,1959.21,5916.768002,11625725.42146063
2026-02-21 04:00:00,1959.25,1966.23,1956.25,1962.96,5591.716756,10973431.90612073
2026-02-21 08:00:00,1962.95,1988.5,1962.26,1977.09,13427.098515,26520679.6229073
2026-02-21 12:00:00,1977.06,1996.26,1969.26,1987.95,14839.172293,29450427.17793393
2026-02-21 16:00:00,1988.06,1995.5,1976.5,1988.54,11647.561874,23144656.64669333
2026-02-21 20:00:00,1988.55,1990.64,1970.0,1973.6,9647.498469,19087606.49015143
2026-02-22 00:00:00,1973.56,1983.29,1967.49,1975.01,7270.435832,14352492.67759737
2026-02-22 04:00:00,1975.0,1979.53,1971.1,1976.2,5264.175737,10398064.34396895
2026-02-22 08:00:00,1976.19,1983.21,1970.6,1980.7,5171.663565,10225095.70706236
2026-02-22 12:00:00,1980.7,1981.48,1943.78,1954.05,21008.989573,41115932.37702075
2026-02-22 16:00:00,1954.06,1955.82,1935.03,1944.04,9830.614658,19114373.08303946
2026-02-22 20:00:00,1944.05,1962.14,1940.16,1957.97,7541.392786,14722423.57021464
2026-02-23 00:00:00,1957.98,1958.4,1846.67,1862.9,98585.006143,185380209.3333169
2026-02-23 04:00:00,1862.9,1888.85,1853.65,1885.26,31856.965225,59661840.22978835
2026-02-23 08:00:00,1885.26,1928.0,1876.5,1915.26,38492.608754,73394029.34118912
2026-02-23 12:00:00,1915.25,1935.36,1892.6,1895.61,57241.61342,109499348.73304142
2026-02-23 16:00:00,1895.61,1900.0,1837.43,1857.11,41735.669411,77853185.4285453
2026-02-23 20:00:00,1857.15,1870.13,1846.92,1856.51,15173.813804,28238148.72567338
2026-02-24 00:00:00,1856.51,1869.69,1811.6,1831.95,43822.461998,80545522.1364421
2026-02-24 04:00:00,1831.95,1840.6,1813.72,1825.85,31406.539549,57322089.6632241
2026-02-24 08:00:00,1825.81,1836.36,1815.17,1826.81,25252.532026,46077037.74463552
2026-02-24 12:00:00,1826.81,1850.0,1798.16,1847.35,47868.093321,87202219.56388319
2026-02-24 16:00:00,1847.36,1865.29,1838.12,1852.32,28793.443509,53419590.4371733
2026-02-24 20:00:00,1852.32,1864.16,1845.46,1851.8,8906.230307,16524352.63813506
2026-02-25 00:00:00,1851.88,1945.38,1846.46,1906.24,62470.721266,119197485.966523
2026-02-25 04:00:00,1906.24,1914.44,1878.27,1893.42,25464.382809,48321237.64246822
2026-02-25 08:00:00,1893.35,1928.56,1890.22,1926.51,22555.044053,43160112.77993405
2026-02-25 12:00:00,1926.56,2028.77,1922.26,2013.73,78143.182352,154877369.00558552
2026-02-25 16:00:00,2013.84,2087.41,2013.56,2071.05,73195.640418,150434934.3624243
2026-02-25 20:00:00,2071.1,2150.0,2034.41,2057.5,96632.038584,202161266.2104584
2026-02-26 00:00:00,2057.5,2076.54,2039.36,2054.19,25909.176738,53287815.62797533
2026-02-26 04:00:00,2054.35,2082.74,2051.7,2053.13,23458.78452,48451276.56465346
2026-02-26 08:00:00,2053.12,2083.62,2044.85,2057.55,21492.464036,44332569.42770721
2026-02-26 12:00:00,2057.55,2077.99,2011.6,2033.32,42988.782942,87869093.73898843
2026-02-26 16:00:00,2033.33,2037.85,1975.3,2029.96,53297.71117,106745081.32334556
2026-02-26 20:00:00,2029.92,2041.94,2017.89,2027.62,12101.984141,24566150.46564115
2026-02-27 00:00:00,2027.56,2049.53,2000.44,2045.2,28803.124154,58157543.49613173
2026-02-27 04:00:00,2045.21,2063.65,2022.4,2032.6,22639.868781,46250809.73241096
2026-02-27 08:00:00,2032.59,2045.89,1953.42,1962.06,39462.473583,78719101.38115688
2026-02-27 12:00:00,1962.06,1969.0,1938.87,1948.65,36770.742901,71822812.70157017
2026-02-27 16:00:00,1948.64,1948.89,1907.31,1921.3,25571.969374,49285304.07601656
2026-02-27 20:00:00,1921.3,1933.97,1886.48,1929.81,15524.432103,29721380.49282788
2026-02-28 00:00:00,1929.81,1937.0,1919.66,1924.35,8752.387445,16883317.82211745
2026-02-28 04:00:00,1924.36,1932.45,1835.47,1866.72,67257.632307,125899678.11623698
2026-02-28 08:00:00,1866.73,1881.13,1845.0,1863.41,29647.516861,55164847.85018999
2026-02-28 12:00:00,1863.46,1916.1,1862.61,1898.67,42876.001939,81191903.33007947
2026-02-28 16:00:00,1898.67,1955.21,1885.71,1947.29,38604.782808,74150374.30826826
2026-02-28 20:00:00,1947.23,1985.0,1938.78,1964.3,26771.953597,52483521.78362938
2026-03-01 00:00:00,1964.31,2055.0,1943.54,2022.95,53858.812359,108555816.86253774
2026-03-01 04:00:00,2022.98,2030.11,1988.92,2007.03,35187.690625,70643317.45573735
2026-03-01 08:00:00,2007.02,2010.2,1972.02,1983.15,20714.401225,41173896.00913907
2026-03-01 12:00:00,1983.16,2028.0,1968.5,1993.34,32549.059931,65233953.66481315
2026-03-01 16:00:00,1993.35,2009.5,1947.0,1954.12,35326.922638,69853139.45433214
2026-03-01 20:00:00,1954.11,1970.19,1907.4,1939.68,38800.354605,75015697.15765397
2026-03-02 00:00:00,1939.7,1989.44,1937.41,1972.09,33776.886652,66190607.1090521
2026-03-02 04:00:00,1972.1,1984.13,1925.76,1941.63,20307.472601,39693429.4122221
2026-03-02 08:00:00,1941.69,1967.26,1919.71,1947.85,27460.952852,53443750.19483885
2026-03-02 12:00:00,1947.79,2065.54,1921.7,2047.7,70406.579028,140787325.46564344
2026-03-02 16:00:00,2047.73,2090.9,2016.72,2043.6,44897.741867,92149455.94434482
2026-03-02 20:00:00,2043.51,2058.69,2024.94,2027.5,21461.726714,43822524.70186119
2026-03-03 00:00:00,2027.5,2041.71,1998.04,2008.85,24550.939273,49540743.25805709
2026-03-03 04:00:00,2008.85,2019.57,1987.5,1996.42,20082.744269,40152413.69382661
2026-03-03 08:00:00,1996.43,2000.85,1939.41,1961.35,41130.043754,80621239.1828584
2026-03-03 12:00:00,1961.36,1990.35,1929.0,1969.46,41625.764926,81405362.56206737
2026-03-03 16:00:00,1969.17,2013.94,1958.73,1986.08,37959.093153,75320242.4168226
2026-03-03 20:00:00,1986.09,2001.61,1959.35,1982.82,13121.927583,26003314.5580586
2026-03-04 00:00:00,1982.82,1998.76,1945.01,1961.29,23430.759785,46190278.99238449
2026-03-04 04:00:00,1961.17,2010.29,1950.63,2006.61,21056.37076,41667075.6978453
2026-03-04 08:00:00,2006.64,2093.55,2000.49,2054.72,73714.111659,151753171.04754877
2026-03-04 12:00:00,2054.89,2157.23,2036.37,2150.26,88955.458747,186824411.33094025
2026-03-04 16:00:00,2150.25,2200.0,2126.56,2177.84,81554.639924,176189938.1322812
2026-03-04 20:00:00,2177.85,2180.0,2116.67,2127.41,25338.172836,54438060.75607322
2026-03-05 00:00:00,2127.3,2142.11,2107.5,2119.88,22985.920342,48784192.05470063
2026-03-05 04:00:00,2120.14,2144.44,2095.8,2105.0,31808.747016,67476249.3840322
2026-03-05 08:00:00,2105.15,2163.68,2093.78,2138.06,41589.154422,88457037.57649101
2026-03-05 12:00:00,2138.06,2142.92,2067.0,2087.09,55113.775776,115948205.6404544
2026-03-05 16:00:00,2087.09,2094.0,2054.35,2074.48,26490.396122,54886696.77766879
2026-03-05 20:00:00,2074.6,2099.6,2068.98,2072.66,15034.363508,31311189.21771311
2026-03-06 00:00:00,2072.66,2093.3,2061.77,2083.91,17794.202057,36968839.10258459
2026-03-06 04:00:00,2083.91,2087.5,2059.47,2082.82,18142.454146,37619096.79624084
2026-03-06 08:00:00,2082.84,2082.85,2045.7,2051.18,22107.541905,45598305.54463721
2026-03-06 12:00:00,2051.19,2063.06,1966.0,1977.74,69965.109648,140717809.92931217
2026-03-06 16:00:00,1977.73,1993.28,1955.96,1983.7,25374.117792,50062395.27462711
2026-03-06 20:00:00,1983.71,1990.2,1969.01,1978.89,11232.243459,22241499.01979107
2026-03-07 00:00:00,1978.79,1996.0,1972.28,1980.01,12816.969259,25393614.21221173
2026-03-07 04:00:00,1980.11,1984.67,1964.1,1983.49,13389.567616,26436801.59333834
2026-03-07 08:00:00,1983.5,1994.66,1975.23,1988.6,8388.503655,16657848.97002911
2026-03-07 12:00:00,1988.6,1990.95,1970.01,1981.07,9193.618296,18219294.55204852
2026-03-07 16:00:00,1981.08,1983.65,1947.38,1955.22,12394.569709,24350675.83923356
2026-03-07 20:00:00,1955.14,1974.24,1955.0,1969.75,19376.63103,38130000.11271682
2026-03-08 00:00:00,1969.75,1977.42,1935.6,1947.66,26279.262543,51337859.63747939
2026-03-08 04:00:00,1947.63,1960.43,1929.37,1955.39,20009.651967,38958948.8937802
2026-03-08 08:00:00,1955.2,1979.89,1944.7,1951.27,22165.994838,43539403.39285741
2026-03-08 12:00:00,1951.3,1954.66,1922.85,1943.06,26310.166023,51032003.57291968
2026-03-08 16:00:00,1943.06,1969.96,1927.18,1964.49,19569.684536,38132660.43766126
2026-03-08 20:00:00,1964.49,1971.19,1910.0,1936.87,48219.968974,93328881.3566394
2026-03-09 00:00:00,1936.87,2005.74,1928.86,1977.56,47229.316588,93182578.89770806
2026-03-09 04:00:00,1977.6,2014.36,1963.41,1983.85,32590.510836,64954604.6322618
2026-03-09 08:00:00,1983.94,2022.72,1978.87,1992.2,26182.041277,52334576.57162892
2026-03-09 12:00:00,1992.2,2032.89,1992.2,2022.34,44300.502433,89383333.12742937
2026-03-09 16:00:00,2022.46,2054.06,2005.42,2034.04,38102.311947,77136551.75603656
2026-03-09 20:00:00,2033.92,2037.46,1989.3,1993.32,21932.415759,44154584.67464149
2026-03-10 00:00:00,1993.25,2054.48,1991.11,2027.01,26413.436493,53585061.04365597
2026-03-10 04:00:00,2027.02,2059.98,2026.51,2051.11,22828.278194,46696923.198201
2026-03-10 08:00:00,2051.12,2074.71,2051.12,2061.8,45472.922611,93831597.142101
2026-03-10 12:00:00,2061.81,2086.16,2008.11,2079.7,66226.930252,135865759.7466038
2026-03-10 16:00:00,2079.66,2088.69,2027.17,2037.01,31858.380351,65646322.98774621
2026-03-10 20:00:00,2037.01,2048.66,2019.49,2036.71,14016.016628,28485716.08529702
2026-03-11 00:00:00,2036.71,2041.95,2018.21,2021.22,13461.417937,27331005.22037201
2026-03-11 04:00:00,2021.21,2041.74,2007.36,2012.51,18991.25941,38432599.32047377
2026-03-11 08:00:00,2012.52,2034.3,2009.41,2018.14,20590.392051,41618164.47986149
2026-03-11 12:00:00,2018.1,2083.11,2013.0,2050.05,59479.786373,121922404.8102227
2026-03-11 16:00:00,2050.05,2085.9,2046.41,2076.4,27927.007354,57800792.32276144
2026-03-11 20:00:00,2076.39,2084.68,2045.56,2052.09,16398.507144,33866500.34952234
2026-03-12 00:00:00,2052.08,2058.38,2017.95,2023.44,24925.56451,50757860.65250506
2026-03-12 04:00:00,2023.5,2042.44,2019.15,2040.98,17654.547915,35810468.99760242
2026-03-12 08:00:00,2040.8,2076.96,2038.06,2062.73,24560.944712,50514908.81907044
2026-03-12 12:00:00,2062.72,2095.55,2037.99,2072.43,49119.678214,101484235.74138127
2026-03-12 16:00:00,2072.34,2078.17,2045.34,2069.6,16733.524054,34525524.51051738
2026-03-12 20:00:00,2069.6,2093.6,2055.64,2073.62,14081.930488,29214828.04548064
2026-03-13 00:00:00,2073.62,2149.66,2070.14,2118.85,47221.162445,100099485.35687476
2026-03-13 04:00:00,2118.86,2120.19,2090.0,2099.3,19567.022277,41127986.72721038
2026-03-13 08:00:00,2099.3,2133.04,2091.41,2120.73,28800.677586,60868713.22213519
2026-03-13 12:00:00,2120.72,2209.96,2120.38,2128.06,95568.787943,207101112.53145695
2026-03-13 16:00:00,2128.16,2143.53,2090.62,2102.54,34477.673587,72914600.64405426
2026-03-13 20:00:00,2102.71,2116.88,2078.57,2092.28,16047.867043,33621068.07657401
2026-03-14 00:00:00,2092.26,2104.26,2081.5,2101.49,11790.44861,24673464.35504463
2026-03-14 04:00:00,2101.5,2106.09,2068.52,2077.7,18954.188138,39545511.44601788
2026-03-14 08:00:00,2077.73,2081.99,2061.62,2073.86,14479.125277,29994562.83581022
2026-03-14 12:00:00,2073.85,2081.03,2069.7,2074.72,7847.194744,16285359.7496583
2026-03-14 16:00:00,2074.7,2079.47,2069.04,2077.55,4160.790099,8635147.91502123
2026-03-14 20:00:00,2077.56,2099.91,2076.01,2096.29,9467.493686,19770837.84831757
2026-03-15 00:00:00,2096.3,2108.05,2083.4,2096.25,13190.024767,27655875.67595375
2026-03-15 04:00:00,2096.25,2115.68,2096.02,2105.65,11138.482202,23477017.77084121
2026-03-15 08:00:00,2105.67,2124.04,2105.67,2119.7,9934.913667,21025531.00840052
2026-03-15 12:00:00,2119.7,2119.95,2086.44,2093.84,15653.451127,32822019.70267884
2026-03-15 16:00:00,2093.84,2118.25,2088.78,2113.57,11764.350817,24752766.66561489
2026-03-15 20:00:00,2113.6,2202.8,2110.01,2178.17,45057.157925,97527490.59575364
2026-03-16 00:00:00,2178.16,2253.75,2164.36,2235.64,47786.16379,105647881.88923872
2026-03-16 04:00:00,2235.64,2288.46,2235.64,2248.5,63616.454302,143965863.7782016
2026-03-16 08:00:00,2248.51,2280.34,2234.41,2269.9,35455.675421,80187860.0866053
2026-03-16 12:00:00,2269.91,2308.0,2255.0,2273.37,84683.228946,193395740.6769672
2026-03-16 16:00:00,2273.37,2348.18,2269.54,2331.08,54038.309235,125158219.23441248
2026-03-16 20:00:00,2330.85,2387.23,2323.74,2352.68,40127.413495,94534538.8550992
2026-03-17 00:00:00,2352.68,2377.0,2308.11,2320.16,57014.434628,134029588.292724
2026-03-17 04:00:00,2320.17,2339.83,2296.32,2327.94,34674.538808,80284011.0558953
2026-03-17 08:00:00,2327.87,2335.47,2303.7,2326.86,25248.633685,58565900.22508404
2026-03-17 12:00:00,2326.84,2357.74,2304.55,2316.24,46162.867446,107562532.74841672
2026-03-17 16:00:00,2316.19,2343.26,2312.53,2320.44,15386.174803,35877664.79694828
2026-03-17 20:00:00,2320.43,2345.15,2316.4,2317.54,14110.956585,32900494.0488286
2026-03-18 00:00:00,2317.55,2350.0,2307.15,2340.73,15112.655937,35205785.63367088
2026-03-18 04:00:00,2340.74,2342.2,2312.07,2317.65,11779.38782,27373140.58727541
2026-03-18 08:00:00,2317.64,2333.45,2263.33,2269.19,35943.950137,82449248.18791787
2026-03-18 12:00:00,2269.18,2270.5,2170.0,2187.77,66235.435744,146892138.5152465
2026-03-18 16:00:00,2187.76,2220.45,2166.38,2186.04,36599.439348,80264832.80004226
2026-03-18 20:00:00,2185.87,2207.12,2152.58,2203.42,22779.951341,49757021.27080532
2026-03-19 00:00:00,2203.43,2234.08,2187.4,2212.08,20276.805838,44813791.22671869
2026-03-19 04:00:00,2212.08,2213.14,2142.85,2166.68,33188.40305,72176207.71641672
2026-03-19 08:00:00,2166.68,2192.69,2158.12,2166.94,19049.50655,41413578.24331394
2026-03-19 12:00:00,2166.97,2167.37,2099.27,2118.88,56879.825978,120920302.24398704
2026-03-19 16:00:00,2118.89,2157.01,2105.0,2141.45,25471.220124,54150838.62625716
2026-03-19 20:00:00,2141.29,2155.8,2130.54,2137.87,10842.089841,23249926.44599344
2026-03-20 00:00:00,2137.82,2160.75,2131.23,2151.57,12557.986406,26982203.85242342
2026-03-20 04:00:00,2151.57,2159.3,2121.44,2150.69,16243.600416,34813590.5203157
2026-03-20 08:00:00,2150.69,2176.57,2131.39,2141.56,20801.960888,44800079.87657092
2026-03-20 12:00:00,2141.54,2152.9,2116.89,2134.01,23954.666801,51082891.19029006
2026-03-20 16:00:00,2134.02,2144.64,2117.51,2133.32,12990.188043,27669154.80590554
2026-03-20 20:00:00,2133.21,2168.0,2124.03,2146.28,9012.18964,19362060.54766588
2026-03-21 00:00:00,2146.05,2159.73,2144.19,2153.6,4366.915314,9397712.48035351
2026-03-21 04:00:00,2153.48,2161.77,2150.46,2155.59,4638.510186,9998627.83970167
2026-03-21 08:00:00,2155.58,2159.57,2148.82,2157.41,4075.755515,8785393.20062826
2026-03-21 12:00:00,2157.41,2168.5,2146.74,2155.48,6310.889116,13616794.93670855
2026-03-21 16:00:00,2155.49,2155.91,2142.02,2152.41,5505.342023,11839000.15010513
2026-03-21 20:00:00,2152.42,2157.0,2070.09,2084.7,25546.518208,53830644.05364023
2026-03-22 00:00:00,2084.69,2126.88,2049.38,2113.84,46039.240981,95884667.6189974
2026-03-22 04:00:00,2113.85,2123.07,2092.41,2093.33,13163.733919,27787038.72053583
2026-03-22 08:00:00,2093.54,2096.72,2066.58,2069.84,16087.685302,33496543.15718473
2026-03-22 12:00:00,2069.87,2092.6,2068.2,2083.2,11182.538262,23265134.39177061
2026-03-22 16:00:00,2083.2,2084.61,2054.18,2063.11,10671.956504,22079851.57899157
2026-03-22 20:00:00,2063.11,2074.72,2025.75,2053.9,35775.377273,73268178.37430981
2026-03-23 00:00:00,2053.91,2072.37,2035.71,2052.7,15195.018137,31221093.05024391
2026-03-23 04:00:00,2052.7,2072.02,2022.21,2044.73,19462.76802,39817922.34950162
2026-03-23 08:00:00,2044.79,2198.34,2028.84,2134.92,97519.517772,208483937.5260598
2026-03-23 12:00:00,2134.8,2192.22,2108.11,2128.6,63423.004755,136681483.75755084
2026-03-23 16:00:00,2128.55,2178.85,2118.0,2154.31,30386.023153,65234094.15089603
2026-03-23 20:00:00,2154.32,2166.88,2140.32,2152.04,7452.244568,16051341.45178648
2026-03-24 00:00:00,2152.05,2156.34,2124.46,2141.81,14298.127201,30598080.96193653
2026-03-24 04:00:00,2141.75,2170.73,2129.04,2165.44,20301.638428,43655974.26405266
2026-03-24 08:00:00,2165.43,2176.04,2145.86,2165.97,20956.624261,45325262.42893956
2026-03-24 12:00:00,2166.0,2170.49,2120.09,2135.17,29089.724405,62276018.89889635
2026-03-24 16:00:00,2135.12,2140.79,2102.86,2116.68,22341.255625,47318928.2782328
2026-03-24 20:00:00,2116.99,2166.03,2115.42,2156.33,22861.177859,49098571.88608286
2026-03-25 00:00:00,2156.33,2169.17,2145.8,2158.6,23000.835147,49645139.28985089
2026-03-25 04:00:00,2158.61,2180.0,2156.65,2164.93,25034.860625,54289913.12694183
2026-03-25 08:00:00,2164.93,2199.62,2164.48,2186.54,29445.094267,64312588.27628218
2026-03-25 12:00:00,2186.35,2198.22,2148.0,2162.53,29721.855059,64696680.72050364
2026-03-25 16:00:00,2162.5,2186.5,2156.19,2172.98,14590.056468,31673787.48859225
2026-03-25 20:00:00,2172.98,2183.88,2159.39,2169.26,9786.293855,21238053.45655853
2026-03-26 00:00:00,2169.28,2172.3,2143.73,2153.35,12296.884737,26516365.67774184
2026-03-26 04:00:00,2153.36,2154.55,2112.5,2123.91,29376.760113,62520369.93339698
2026-03-26 08:00:00,2123.9,2127.27,2063.08,2068.75,33382.850775,69749033.35799856
2026-03-26 12:00:00,2068.76,2094.0,2051.71,2070.46,30141.101865,62525264.41868488
2026-03-26 16:00:00,2070.44,2071.14,2034.2,2048.74,27627.32566,56716344.57688568
2026-03-26 20:00:00,2048.74,2080.58,2046.34,2060.16,20851.134785,43117762.70127604
2026-03-27 00:00:00,2060.16,2077.39,2056.75,2061.56,8446.551716,17460410.67231622
2026-03-27 04:00:00,2061.6,2073.5,2042.2,2065.97,15226.165865,31363122.99583211
2026-03-27 08:00:00,2065.86,2069.65,1980.25,1991.53,55081.701381,111010966.65683182
2026-03-27 12:00:00,1991.58,2009.99,1966.88,1990.98,50322.940666,99986493.07539172
2026-03-27 16:00:00,1990.88,1998.25,1974.48,1991.36,19616.070466,38939959.70144346
2026-03-27 20:00:00,1991.56,1996.0,1979.98,1992.95,8321.495646,16532065.81278771
2026-03-28 00:00:00,1992.81,1995.45,1982.6,1989.09,6130.416273,12196488.63752968
2026-03-28 04:00:00,1989.1,2008.45,1987.09,2007.2,11473.698862,22936029.61851451
2026-03-28 08:00:00,2007.21,2008.45,1992.65,1997.81,6825.55276,13644171.05173241
2026-03-28 12:00:00,1997.62,2046.51,1992.0,2027.19,32315.660516,65428980.28626179
2026-03-28 16:00:00,2027.2,2030.24,2016.7,2020.63,6402.774173,12958051.15777296
2026-03-28 20:00:00,2020.63,2026.61,1989.0,1994.66,10195.825881,20473814.42889742
2026-03-29 00:00:00,1994.66,2019.71,1991.47,2011.13,9428.50933,18898935.2853451
2026-03-29 04:00:00,2011.14,2012.79,1997.7,2006.06,5444.955176,10915053.39344915
2026-03-29 08:00:00,2006.06,2008.72,1991.72,2003.91,7114.755807,14233038.08624443
2026-03-29 12:00:00,2003.91,2005.11,1983.33,1993.08,12629.082156,25167182.75307107
2026-03-29 16:00:00,1993.15,2004.97,1987.85,1996.01,6831.160034,13645119.44561904
2026-03-29 20:00:00,1996.01,2009.67,1938.36,1984.75,31841.504432,62672082.02798671
2026-03-30 00:00:00,1984.86,2044.54,1980.12,2035.82,31120.472022,62796408.70146149
2026-03-30 04:00:00,2036.11,2068.33,2036.1,2059.8,26665.851181,54697771.56921211
2026-03-30 08:00:00,2059.82,2081.81,2048.49,2071.55,21492.835304,44384631.05992217
2026-03-30 12:00:00,2071.61,2085.57,2044.01,2074.66,28725.451073,59399943.31075049
2026-03-30 16:00:00,2074.55,2075.0,2013.59,2024.11,19777.692854,40385624.73085902
2026-03-30 20:00:00,2024.2,2049.99,2014.22,2026.73,13809.359533,28046078.10344638
2026-03-31 00:00:00,2026.78,2092.64,2016.37,2066.89,35251.499107,72529477.8308028
2026-03-31 04:00:00,2066.9,2072.51,2042.13,2055.86,14443.951344,29703050.5635632
2026-03-31 08:00:00,2055.85,2059.12,2012.55,2041.3,29549.734487,60102083.0890836
2026-03-31 12:00:00,2041.35,2092.0,2035.55,2055.0,37549.162395,77564663.05605571
2026-03-31 16:00:00,2054.82,2124.78,2054.41,2096.8,48141.066445,101021466.16692083
2026-03-31 20:00:00,2096.88,2110.77,2087.82,2105.79,19292.948396,40518618.9995311
2026-04-01 00:00:00,2105.61,2117.88,2081.57,2102.96,22159.949549,46522108.30523425
2026-04-01 04:00:00,2102.97,2158.5,2100.63,2130.74,36908.07425,78764802.62258504
2026-04-01 08:00:00,2130.7,2143.2,2125.0,2135.7,21561.497946,46006343.30767914
2026-04-01 12:00:00,2135.68,2149.71,2108.36,2135.07,40813.880248,86788483.16244367
2026-04-01 16:00:00,2135.01,2168.0,2123.77,2141.29,26055.1811,55835319.04800125
2026-04-01 20:00:00,2141.36,2165.43,2130.39,2140.22,19230.113774,41282184.88558636
2026-04-02 00:00:00,2140.11,2159.07,2046.12,2056.21,54894.908584,115138844.9860546
2026-04-02 04:00:00,2056.21,2058.71,2038.5,2056.31,20334.969638,41680694.33723593
2026-04-02 08:00:00,2056.31,2056.31,2023.69,2033.2,16335.792957,33330737.6890105
2026-04-02 12:00:00,2033.2,2072.27,2017.09,2059.51,36946.338013,75594687.47622219
2026-04-02 16:00:00,2059.52,2076.54,2043.64,2065.39,15452.755279,31847320.81536165
2026-04-02 20:00:00,2065.63,2074.15,2053.45,2057.09,7754.827045,15997808.74304307
2026-04-03 00:00:00,2057.1,2062.49,2040.61,2053.95,7563.834065,15520670.38697019
2026-04-03 04:00:00,2053.94,2075.52,2047.31,2066.27,8462.20989,17447562.9623282
2026-04-03 08:00:00,2066.29,2072.33,2053.5,2063.16,11130.088708,22948842.36258742
2026-04-03 12:00:00,2063.16,2082.38,2041.79,2051.4,13582.748967,27960688.68981231
2026-04-03 16:00:00,2051.41,2056.79,2043.79,2052.8,5574.242878,11433445.99279771
2026-04-03 20:00:00,2052.81,2061.47,2049.49,2054.02,3587.942086,7372244.17221716
2026-04-04 00:00:00,2054.02,2054.19,2048.06,2050.05,5421.154771,11116762.27551335
2026-04-04 04:00:00,2050.05,2058.06,2048.51,2053.87,4062.753459,8340697.36427613
2026-04-04 08:00:00,2053.91,2055.44,2047.56,2052.02,3877.79932,7954911.29558625
2026-04-04 12:00:00,2052.02,2062.17,2044.02,2056.29,5664.993388,11632006.94508964
2026-04-04 16:00:00,2056.29,2084.05,2052.79,2064.66,8932.489194,18447650.62306896
2026-04-04 20:00:00,2064.66,2072.32,2060.03,2065.57,4301.328017,8886212.94670366
2026-04-05 00:00:00,2065.57,2065.7,2053.61,2056.65,4279.820192,8812078.74661702
2026-04-05 04:00:00,2056.68,2058.18,2026.84,2037.26,13621.448786,27784762.66367168
2026-04-05 08:00:00,2037.25,2052.76,2035.81,2041.95,5256.242385,10738110.62163638
2026-04-05 12:00:00,2041.96,2070.0,2021.66,2053.84,19742.649705,40367281.07365588
2026-04-05 16:00:00,2053.85,2069.88,2048.1,2061.95,6786.863802,13976377.83316546
2026-04-05 20:00:00,2061.95,2123.47,2049.93,2110.0,24754.493213,51671449.45887454
2026-04-06 00:00:00,2110.0,2147.4,2110.0,2129.15,27216.498486,57889898.87584269
2026-04-06 04:00:00,2129.16,2141.38,2120.04,2134.84,16793.226407,35783673.47114939
2026-04-06 08:00:00,2134.85,2174.38,2133.44,2151.34,28982.228409,62380044.55119311
2026-04-06 12:00:00,2151.34,2169.55,2137.74,2164.75,32668.270848,70314576.2674646
2026-04-06 16:00:00,2164.75,2168.58,2123.42,2144.69,22617.117792,48442797.33306482
2026-04-06 20:00:00,2144.69,2155.11,2088.0,2107.25,22357.505618,47335614.23233466
2026-04-07 00:00:00,2107.29,2120.15,2093.3,2108.15,11708.417734,24693951.61853096
2026-04-07 04:00:00,2108.14,2119.37,2096.8,2104.1,7185.457761,15127520.31521034
2026-04-07 08:00:00,2104.11,2133.98,2081.96,2089.61,24830.421386,52288308.8326588
2026-04-07 12:00:00,2089.61,2093.45,2060.11,2080.61,28668.02543,59557185.7578467
2026-04-07 16:00:00,2080.51,2117.17,2077.51,2113.55,24063.391206,50452647.32386249
2026-04-07 20:00:00,2113.6,2273.44,2110.62,2240.01,91763.172693,201777397.4624378
2026-04-08 00:00:00,2240.0,2250.82,2227.26,2234.63,30461.00313,68156450.85757922
2026-04-08 04:00:00,2234.64,2260.59,2234.64,2253.55,29271.953038,65859354.82339613
2026-04-08 08:00:00,2253.59,2263.37,2237.56,2247.44,14674.987172,33034725.42801015
2026-04-08 12:00:00,2247.48,2270.29,2186.4,2215.62,55094.753208,122570630.36786944
2026-04-08 16:00:00,2215.62,2239.47,2197.27,2211.0,23536.411313,52192077.23084182
2026-04-08 20:00:00,2210.89,2223.0,2179.68,2190.1,14087.873458,30973456.42086028
2026-04-09 00:00:00,2190.19,2193.89,2161.81,2182.71,15232.812362,33196266.79571713
2026-04-09 04:00:00,2182.71,2188.85,2175.55,2181.08,9228.189091,20137377.54541405
2026-04-09 08:00:00,2181.08,2197.0,2176.55,2180.1,12351.90577,27008546.38479621
2026-04-09 12:00:00,2180.11,2225.0,2157.49,2218.05,34016.816524,74344701.92584883
2026-04-09 16:00:00,2218.09,2230.0,2193.25,2216.49,25478.745823,56384732.60524634
2026-04-09 20:00:00,2216.4,2246.15,2183.38,2190.14,17776.512013,39311405.035087
2026-04-10 00:00:00,2190.15,2204.63,2176.08,2186.37,12586.890088,27573037.77415698
2026-04-10 04:00:00,2186.37,2203.73,2176.31,2179.78,11146.171645,24404660.00291902
2026-04-10 08:00:00,2179.77,2224.13,2177.36,2215.56,17103.176864,37655903.42217731
2026-04-10 12:00:00,2215.57,2257.99,2207.93,2224.45,35773.921197,79857268.78358264
2026-04-10 16:00:00,2224.48,2255.71,2220.14,2252.93,20164.322825,45241559.79894722
2026-04-10 20:00:00,2252.91,2257.5,2235.24,2245.25,11977.964722,26928635.99486591
2026-04-11 00:00:00,2245.26,2252.24,2234.5,2237.31,7093.325432,15911545.67481723
2026-04-11 04:00:00,2237.31,2243.05,2228.53,2232.7,5746.294602,12840922.73577384
2026-04-11 08:00:00,2232.8,2249.0,2232.0,2246.07,8088.817551,18113854.47870119
2026-04-11 12:00:00,2246.08,2256.15,2232.29,2249.46,6936.881739,15564541.70220996
2026-04-11 16:00:00,2249.46,2330.34,2246.42,2315.97,37343.761997,85604186.55456612
2026-04-11 20:00:00,2315.98,2317.07,2276.69,2285.05,13193.555161,30299899.71627483
2026-04-12 00:00:00,2285.09,2290.0,2207.27,2214.18,33040.706289,73869986.20354328
2026-04-12 04:00:00,2214.18,2221.05,2208.75,2218.49,10417.897145,23078734.86022429
2026-04-12 08:00:00,2218.48,2219.3,2193.7,2204.51,17807.005834,39302317.3823382
2026-04-12 12:00:00,2204.51,2208.23,2175.0,2186.65,34208.340172,74934731.04481475
2026-04-12 16:00:00,2186.65,2207.57,2183.1,2198.36,12283.625807,26973227.55506528
2026-04-12 20:00:00,2198.37,2217.94,2183.33,2191.21,18914.749617,41583745.88100011
2026-04-13 00:00:00,2191.39,2208.89,2187.04,2194.25,10114.968175,22244733.25667577
2026-04-13 04:00:00,2194.26,2201.61,2182.5,2187.14,12473.455662,27325469.71466097
2026-04-13 08:00:00,2187.15,2195.6,2179.31,2187.45,10601.539574,23176560.88029149
2026-04-13 12:00:00,2187.46,2236.36,2175.3,2209.46,45892.725998,101309682.2430303
2026-04-13 16:00:00,2209.46,2269.0,2200.31,2262.47,46257.443292,103542466.04569012
2026-04-13 20:00:00,2262.47,2394.5,2247.68,2369.44,104099.779992,243064336.46199352
2026-04-14 00:00:00,2369.44,2378.35,2353.88,2365.15,26362.354154,62397761.3714059
2026-04-14 04:00:00,2365.16,2390.0,2354.5,2377.44,27529.463459,65272810.34116333
2026-04-14 08:00:00,2377.45,2395.55,2367.44,2374.01,28462.804451,67865958.33258341
2026-04-14 12:00:00,2374.18,2415.5,2333.11,2364.81,72824.436224,172885789.44938785
2026-04-14 16:00:00,2364.8,2371.86,2303.47,2313.25,30588.24231,71270673.0537549
2026-04-14 20:00:00,2313.28,2332.25,2308.92,2322.21,14682.167694,34059564.75521538
2026-04-15 00:00:00,2322.3,2344.38,2317.5,2328.9,11211.725352,26155283.37013401
2026-04-15 04:00:00,2328.9,2338.73,2309.0,2316.54,12039.785,27931930.44832388
2026-04-15 08:00:00,2316.57,2339.83,2312.17,2337.25,13787.680454,32059969.87159764
2026-04-15 12:00:00,2337.25,2349.77,2317.85,2331.9,22828.465685,53268178.05404704
2026-04-15 16:00:00,2331.9,2385.92,2329.4,2375.02,25885.571634,60985101.89133557
2026-04-15 20:00:00,2375.02,2380.37,2346.68,2360.0,17476.28963,41270825.08936971
2026-04-16 00:00:00,2360.06,2369.49,2344.75,2357.98,8183.115429,19291355.1551882
2026-04-16 04:00:00,2357.99,2364.08,2335.23,2341.66,11513.762515,27071849.83523669
2026-04-16 08:00:00,2341.66,2348.34,2328.75,2336.25,13973.341615,32669040.69337855
2026-04-16 12:00:00,2336.18,2352.39,2284.5,2339.07,50156.261819,116170179.08104701
2026-04-16 16:00:00,2339.08,2361.96,2310.18,2359.74,22444.918692,52395492.33403603
2026-04-16 20:00:00,2359.74,2364.96,2336.31,2348.15,15350.675972,36046287.05339573
2026-04-17 00:00:00,2348.15,2350.88,2323.71,2325.63,8791.380766,20536712.74590676
2026-04-17 04:00:00,2325.63,2342.31,2317.01,2334.04,8657.75572,20163447.31814867
2026-04-17 08:00:00,2334.09,2377.7,2332.93,2354.58,24123.252189,56744171.34608974
2026-04-17 12:00:00,2354.65,2457.0,2349.0,2441.97,96884.739281,234276719.8024965
2026-04-17 16:00:00,2442.0,2466.0,2415.5,2427.83,41802.491055,101941824.55644898
2026-04-17 20:00:00,2427.73,2442.54,2415.8,2419.01,11666.849216,28328141.49824779
2026-04-18 00:00:00,2418.88,2427.51,2400.0,2405.14,10334.05076,24963661.26025734
2026-04-18 04:00:00,2405.29,2413.91,2400.0,2403.8,10575.598864,25458314.33444532
2026-04-18 08:00:00,2403.8,2405.23,2343.94,2353.17,39419.439409,93403872.94917664
2026-04-18 12:00:00,2353.17,2369.95,2345.55,2363.68,15412.252501,36340891.82135826
2026-04-18 16:00:00,2363.69,2379.01,2338.77,2348.35,17789.49972,41904634.56255196
2026-04-18 20:00:00,2348.35,2360.43,2344.8,2350.53,7218.853206,16983398.20489228
2026-04-19 00:00:00,2350.54,2355.52,2332.15,2339.72,7449.704779,17455753.07150297
2026-04-19 04:00:00,2339.72,2345.98,2296.6,2316.1,28412.985692,65965196.02728604
2026-04-19 08:00:00,2316.1,2331.09,2306.0,2329.11,22471.056905,52016561.42582373
2026-04-19 12:00:00,2329.22,2349.75,2315.02,2330.45,22345.207793,52184363.41402645
2026-04-19 16:00:00,2330.53,2331.48,2287.53,2299.82,25689.563735,59141125.94051279
2026-04-19 20:00:00,2299.78,2300.4,2252.05,2263.6,33762.622569,76761690.34446014
2026-04-20 00:00:00,2263.62,2294.43,2259.79,2286.28,14961.159716,34133389.13187239
2026-04-20 04:00:00,2286.27,2332.55,2263.08,2298.13,18478.243996,42405802.48016472
2026-04-20 08:00:00,2298.24,2320.0,2289.93,2308.23,11213.559143,25848778.34978642
2026-04-20 12:00:00,2308.23,2326.72,2275.0,2313.85,33190.747989,76494702.49946941
2026-04-20 16:00:00,2314.02,2344.03,2297.81,2331.62,18255.274302,42433834.63187216
2026-04-20 20:00:00,2331.65,2346.67,2307.1,2313.62,14558.330946,33857998.4954566
2026-04-21 00:00:00,2313.58,2326.86,2300.0,2311.52,7299.64543,16877329.10272799
2026-04-21 04:00:00,2311.52,2327.07,2304.3,2318.21,8379.857349,19418058.2238297
2026-04-21 08:00:00,2318.21,2338.88,2313.6,2320.0,13475.439685,31332854.42203817
2026-04-21 12:00:00,2320.0,2327.68,2290.32,2310.41,27932.663977,64452176.23466664
2026-04-21 16:00:00,2310.44,2331.82,2283.46,2298.66,23564.4011,54395185.86602561
2026-04-21 20:00:00,2298.69,2330.02,2295.76,2327.58,17387.406434,40275411.43907213
2026-04-22 00:00:00,2327.58,2379.46,2313.22,2363.82,28359.685629,66689361.97666966
2026-04-22 04:00:00,2363.73,2413.33,2358.39,2390.05,37077.755322,88721775.26310088
2026-04-22 08:00:00,2390.05,2400.72,2383.1,2398.52,10935.288402,26143848.72783291
2026-04-22 12:00:00,2398.52,2424.09,2390.51,2403.8,39571.141539,95298134.51245436
2026-04-22 16:00:00,2403.8,2413.77,2384.09,2397.73,17794.651189,42666478.73415502
2026-04-22 20:00:00,2397.74,2406.04,2373.92,2374.06,12728.638264,30441177.06846612
2026-04-23 00:00:00,2374.07,2382.46,2331.73,2341.07,27306.709946,64351112.96780836
2026-04-23 04:00:00,2341.07,2360.0,2336.97,2344.42,18913.937743,44431724.77906199
2026-04-23 08:00:00,2344.46,2345.0,2306.21,2329.62,25863.586185,60088127.23113731
2026-04-23 12:00:00,2329.62,2343.97,2314.65,2333.34,20009.815865,46590564.44219302
2026-04-23 16:00:00,2333.4,2335.95,2285.01,2312.99,28369.458738,65533970.25594048
2026-04-23 20:00:00,2313.06,2339.38,2312.86,2330.46,10658.429005,24805840.21124422
2026-04-24 00:00:00,2330.46,2337.5,2301.06,2308.72,11923.707263,27675745.85025401
2026-04-24 04:00:00,2308.72,2317.0,2299.99,2311.73,20476.262475,47253561.26185064
2026-04-24 08:00:00,2311.77,2332.5,2303.6,2328.27,15651.351492,36309556.48240548
2026-04-24 12:00:00,2328.23,2331.95,2301.68,2323.88,22291.867786,51657535.56238538
2026-04-24 16:00:00,2323.87,2325.0,2308.81,2321.45,9898.364895,22941848.62868224
2026-04-24 20:00:00,2321.5,2328.47,2307.6,2315.09,8294.433887,19231267.23491881
2026-04-25 00:00:00,2315.08,2321.32,2311.27,2318.61,3466.938128,8030054.39275678
2026-04-25 04:00:00,2318.61,2319.24,2313.33,2316.43,2160.757776,5004416.01146993
2026-04-25 08:00:00,2316.42,2323.14,2311.0,2313.65,4051.341617,9391080.44747188
2026-04-25 12:00:00,2313.65,2318.99,2303.0,2308.01,8207.124639,18986232.16710897
2026-04-25 16:00:00,2308.01,2314.16,2300.69,2310.24,6897.540245,15927530.50315003
2026-04-25 20:00:00,2310.24,2320.93,2309.1,2319.71,4162.283887,9639714.6081387
2026-04-26 00:00:00,2319.72,2319.91,2306.77,2310.02,3902.978539,9032913.71089301
2026-04-26 04:00:00,2310.01,2336.18,2309.22,2331.15,9704.404398,22586466.56108713
2026-04-26 08:00:00,2331.15,2337.55,2329.4,2335.62,5879.970408,13722285.38994046
2026-04-26 12:00:00,2335.61,2352.17,2324.64,2348.23,15170.823753,35517254.87695353
2026-04-26 16:00:00,2348.23,2376.2,2340.45,2367.49,17106.599062,40368124.33735542
2026-04-26 20:00:00,2367.5,2380.0,2348.28,2369.35,17662.293116,41784276.90614401
2026-04-27 00:00:00,2369.36,2404.42,2358.84,2394.61,26852.477175,64135574.49292041
2026-04-27 04:00:00,2394.61,2396.0,2312.59,2316.18,37249.119336,87200873.07765397
2026-04-27 08:00:00,2316.18,2325.44,2309.22,2320.09,11190.68524,25939429.81675037
2026-04-27 12:00:00,2320.04,2329.37,2265.68,2275.08,47673.508165,109606718.09613211
2026-04-27 16:00:00,2275.08,2292.5,2270.31,2289.28,17747.772863,40537103.05098961
2026-04-27 20:00:00,2289.37,2308.4,2284.55,2303.74,9583.734684,21992868.31524211
2026-04-28 00:00:00,2303.72,2310.76,2280.39,2290.71,9626.356558,22079667.67184135
2026-04-28 04:00:00,2290.71,2297.01,2270.0,2287.99,13160.558685,30049176.21026103
2026-04-28 08:00:00,2287.99,2291.72,2270.57,2275.51,7934.750686,18108146.95765246
2026-04-28 12:00:00,2275.53,2286.63,2258.48,2279.93,19690.253894,44734324.95848435
2026-04-28 16:00:00,2279.96,2305.52,2274.26,2301.79,12102.602901,27723612.12500429
2026-04-28 20:00:00,2301.8,2305.64,2283.31,2289.24,5416.347006,12410757.77315179
2026-04-29 00:00:00,2289.24,2316.74,2279.01,2311.63,16744.202559,38459733.42862136
2026-04-29 04:00:00,2311.63,2342.79,2309.38,2323.8,23165.08928,53920602.66092413
2026-04-29 08:00:00,2323.81,2347.08,2320.96,2331.7,17975.4446,42001724.50004952
2026-04-29 12:00:00,2331.7,2332.09,2263.48,2272.88,28092.298929,64565891.3714888
2026-04-29 16:00:00,2272.89,2286.53,2220.33,2233.59,47930.638611,107608756.48418766
2026-04-29 20:00:00,2233.56,2266.11,2230.05,2253.09,19280.413562,43358043.98743148
2026-04-30 00:00:00,2253.08,2279.34,2236.05,2253.67,20531.28929,46368480.52253359
2026-04-30 04:00:00,2253.68,2262.83,2232.01,2260.68,16627.496932,37421520.60540624
2026-04-30 08:00:00,2260.69,2273.5,2251.4,2258.37,10220.785367,23114507.91411021
2026-04-30 12:00:00,2258.3,2275.46,2246.52,2265.71,16102.583499,36435252.36232086
2026-04-30 16:00:00,2265.71,2267.29,2251.62,2261.8,7765.248835,17547124.30475148
2026-04-30 20:00:00,2261.8,2267.32,2252.44,2257.95,4194.875092,9480771.27305538
2026-05-01 00:00:00,2258.0,2295.56,2257.41,2282.79,14317.963422,32624663.96529079
2026-05-01 04:00:00,2282.86,2286.59,2272.47,2279.63,10642.305043,24262142.18440161
2026-05-01 08:00:00,2279.63,2293.08,2277.18,2286.56,18289.024251,41760742.84598443
2026-05-01 12:00:00,2286.57,2325.56,2284.03,2307.86,39107.869547,90269061.28718343
2026-05-01 16:00:00,2307.86,2314.28,2298.25,2304.81,13561.232784,31267268.49654994
2026-05-01 20:00:00,2304.81,2306.4,2279.1,2295.57,12597.036978,28883205.89620251
2026-05-02 00:00:00,2295.57,2308.52,2292.88,2304.29,4953.511524,11395892.61627872
2026-05-02 04:00:00,2304.52,2306.59,2296.58,2300.72,5319.388647,12245779.46272097
2026-05-02 08:00:00,2300.72,2307.69,2298.73,2302.0,3316.013858,7635723.42155073
2026-05-02 12:00:00,2302.0,2312.25,2301.37,2309.1,4122.43789,9511409.34899715
2026-05-02 16:00:00,2309.11,2313.53,2303.62,2311.5,3374.835319,7793422.09012676
2026-05-02 20:00:00,2311.51,2343.12,2309.68,2317.05,12803.258885,29780167.19554474
2026-05-03 00:00:00,2317.17,2317.95,2299.16,2302.27,7773.464662,17932312.9789488
2026-05-03 04:00:00,2302.26,2314.07,2297.7,2309.47,4097.96916,9447982.66433887
2026-05-03 08:00:00,2309.47,2327.51,2307.51,2319.63,5315.705436,12314201.16341403
2026-05-03 12:00:00,2319.64,2333.66,2319.64,2328.31,15637.531623,36382970.49505333
2026-05-03 16:00:00,2328.24,2338.2,2322.07,2335.7,16489.967009,38418544.22179593
2026-05-03 20:00:00,2335.56,2356.71,2314.82,2323.1,20106.489149,46991711.91809539
2026-05-04 00:00:00,2323.12,2391.53,2309.23,2385.09,46731.215127,110290426.20194356
2026-05-04 04:00:00,2385.09,2399.0,2354.43,2362.69,23114.377428,54966269.53479953
2026-05-04 08:00:00,2362.69,2370.9,2314.49,2337.11,34051.048295,79619383.52983633
2026-05-04 12:00:00,2337.11,2382.02,2325.76,2350.19,40916.61603,96159204.40911797
2026-05-04 16:00:00,2350.24,2380.02,2336.71,2356.4,25940.362379,61239998.11452899
2026-05-04 20:00:00,2356.54,2366.37,2344.69,2347.24,7228.216413,17019510.48161968
2026-05-05 00:00:00,2347.25,2389.29,2344.94,2382.14,13953.163445,33083405.56009056
2026-05-05 04:00:00,2382.13,2390.49,2367.26,2380.56,17579.832414,41855371.40901904
2026-05-05 08:00:00,2380.55,2384.45,2367.0,2379.78,9094.702704,21605847.68441213
2026-05-05 12:00:00,2379.79,2399.56,2369.27,2381.32,25476.936015,60790917.39253582
2026-05-05 16:00:00,2381.43,2383.37,2359.81,2372.0,12298.365037,29131248.63503656
2026-05-05 20:00:00,2371.99,2388.56,2354.36,2361.01,18398.039,43636426.57197383
2026-05-06 00:00:00,2361.0,2380.87,2354.17,2376.5,12466.396658,29536420.11728971
2026-05-06 04:00:00,2376.5,2379.37,2354.7,2371.69,10211.280703,24168527.57188669
2026-05-06 08:00:00,2371.68,2423.69,2369.4,2410.54,44171.430386,106251442.96979156
2026-05-06 12:00:00,2410.55,2413.87,2346.0,2359.06,48794.552077,115799329.2170851
2026-05-06 16:00:00,2359.06,2368.0,2337.78,2348.72,20387.047417,47954857.98172617
2026-05-06 20:00:00,2348.69,2357.71,2338.72,2351.29,16272.418795,38240735.0186017
2026-05-07 00:00:00,2351.29,2352.91,2313.81,2322.35,28051.952929,65292719.37662601
2026-05-07 04:00:00,2322.36,2347.2,2317.8,2344.81,16164.11294,37744825.65581235
2026-05-07 08:00:00,2344.8,2346.87,2317.53,2330.23,13481.697428,31435167.10429549
2026-05-07 12:00:00,2330.22,2337.55,2285.0,2295.17,40793.195024,94046890.00013769
2026-05-07 16:00:00,2294.81,2304.44,2280.0,2296.19,19294.488793,44248802.27005327
2026-05-07 20:00:00,2296.24,2303.04,2281.31,2291.55,17090.931554,39130901.99155451
2026-05-08 00:00:00,2291.55,2294.72,2265.0,2278.97,14877.076258,33900365.03900625
2026-05-08 04:00:00,2278.97,2284.92,2267.1,2281.54,14355.872789,32694476.24084864
2026-05-08 08:00:00,2281.54,2298.29,2279.87,2295.51,14410.384732,32962878.96667265
2026-05-08 12:00:00,2295.51,2303.03,2270.0,2293.57,18887.302114,43157041.17371473
2026-05-08 16:00:00,2293.65,2321.51,2286.56,2316.25,20885.874053,48224893.97819922
2026-05-08 20:00:00,2316.32,2319.33,2303.45,2307.54,7173.73231,16578839.93985071
2026-05-09 00:00:00,2307.55,2321.2,2304.5,2315.38,6671.547498,15442304.09197117
2026-05-09 04:00:00,2315.38,2325.42,2311.28,2314.72,6480.909981,15013948.02183073
2026-05-09 08:00:00,2314.72,2320.0,2310.25,2314.82,5881.66802,13622971.35274196
2026-05-09 12:00:00,2314.83,2318.63,2299.87,2317.49,7267.846398,16788037.35954096
2026-05-09 16:00:00,2317.5,2338.45,2315.12,2332.05,15761.627929,36694013.43511415
2026-05-09 20:00:00,2332.05,2333.5,2324.46,2326.43,3452.451438,8042560.63775531
2026-05-10 00:00:00,2326.43,2333.82,2318.41,2327.93,5848.514658,13600900.20518194
2026-05-10 04:00:00,2327.93,2332.0,2326.14,2327.5,4150.764044,9666073.69760242
2026-05-10 08:00:00,2327.51,2333.59,2319.0,2322.32,12054.752963,28027938.74959558
2026-05-10 12:00:00,2322.32,2351.78,2320.76,2347.78,14872.478656,34750864.53709319
2026-05-10 16:00:00,2347.82,2367.89,2340.24,2365.81,21568.13138,50823524.98098542
2026-05-10 20:00:00,2365.81,2382.99,2311.46,2371.4,37978.232727,89405695.44173568
2026-05-11 00:00:00,2371.4,2375.0,2320.01,2330.53,24932.414262,58491379.48429831
2026-05-11 04:00:00,2330.68,2342.6,2326.78,2330.86,7071.57447,16502848.65090873
2026-05-11 08:00:00,2330.86,2339.9,2326.96,2336.1,5636.947782,13151357.41123035
2026-05-11 12:00:00,2336.11,2339.14,2304.0,2333.49,73555.051764,171001399.02149457
2026-05-11 16:00:00,2333.49,2344.33,2323.75,2340.59,12403.345942,28984850.73106926
2026-05-11 20:00:00,2340.6,2345.76,2335.2,2339.85,6501.994287,15212797.39528827
2026-05-12 00:00:00,2339.89,2340.8,2295.2,2309.52,16514.028494,38208670.03578728
2026-05-12 04:00:00,2309.6,2314.58,2291.1,2295.12,16603.987785,38252368.93077964
2026-05-12 08:00:00,2295.24,2296.3,2278.0,2287.22,23410.520895,53535175.50651427
2026-05-12 12:00:00,2287.12,2294.96,2256.76,2262.02,74643.573472,169903203.8149787
2026-05-12 16:00:00,2262.03,2287.81,2256.24,2285.26,40538.345057,92269044.04635663
2026-05-12 20:00:00,2285.26,2291.52,2273.53,2275.02,34313.618663,78397514.14706054
2026-05-13 00:00:00,2275.03,2303.57,2273.34,2301.77,13885.610212,31838516.08503277
2026-05-13 04:00:00,2301.77,2309.15,2295.68,2301.43,7860.597934,18093351.81415376
2026-05-13 08:00:00,2301.42,2323.7,2298.78,2301.9,30251.441958,69975021.2584295
2026-05-13 12:00:00,2301.9,2307.89,2234.45,2236.68,44025.702398,99825599.68032362
2026-05-13 16:00:00,2236.69,2268.46,2235.48,2256.52,13051.64306,29406469.25399873
2026-05-13 20:00:00,2256.53,2264.46,2251.0,2258.78,5566.616481,12566279.76194699
2026-05-14 00:00:00,2258.78,2269.63,2238.59,2242.15,21691.65495,48946520.81021056
2026-05-14 04:00:00,2242.21,2275.09,2239.03,2265.44,19148.560891,43364466.54791907
2026-05-14 08:00:00,2265.45,2271.17,2252.67,2254.01,11910.545104,26942162.43422288
2026-05-14 12:00:00,2254.0,2299.5,2246.46,2298.39,35682.1846,81073525.31602472
2026-05-14 16:00:00,2298.39,2319.26,2293.86,2298.37,31322.406844,72275347.22733101
2026-05-14 20:00:00,2298.38,2302.13,2280.62,2283.59,10917.680825,25040053.52684305
2026-05-15 00:00:00,2283.6,2300.29,2260.22,2273.52,18091.102104,41205801.43522125
2026-05-15 04:00:00,2273.53,2274.06,2237.85,2265.15,24158.537893,54477378.5725788
2026-05-15 08:00:00,2265.15,2265.56,2250.0,2257.46,11863.892519,26783588.94848962
2026-05-15 12:00:00,2257.45,2260.52,2205.34,2222.78,45177.214503,100479128.3794003
2026-05-15 16:00:00,2222.78,2233.24,2218.89,2223.11,12714.757709,28316603.71991476
2026-05-15 20:00:00,2223.04,2226.17,2215.04,2224.51,5807.723093,12904494.9182203
2026-05-16 00:00:00,2224.64,2231.38,2223.33,2227.49,5516.968253,12293648.60307955
2026-05-16 04:00:00,2227.5,2228.78,2181.62,2194.85,31055.298151,68331283.07395665
2026-05-16 08:00:00,2194.86,2196.86,2161.75,2176.26,26823.070859,58364123.4308581
2026-05-16 12:00:00,2176.27,2188.57,2172.45,2180.14,8072.861091,17589420.1679727
2026-05-16 16:00:00,2180.14,2185.0,2170.33,2179.73,6317.545842,13762052.07269886
2026-05-16 20:00:00,2179.73,2183.75,2179.16,2180.74,7406.314143,16160609.69350441
2026-05-17 00:00:00,2180.75,2185.65,2168.0,2181.58,15605.744672,34012233.56312697
2026-05-17 04:00:00,2181.52,2195.21,2181.01,2186.64,6313.841392,13806514.54264131
2026-05-17 08:00:00,2186.57,2198.57,2182.81,2192.16,10529.458439,23080581.76521834
2026-05-17 12:00:00,2192.17,2198.39,2178.05,2186.28,7581.5344,16600296.03223053
2026-05-17 16:00:00,2186.29,2193.62,2176.52,2192.4,5553.929082,12132631.48120635
2026-05-17 20:00:00,2192.41,2195.0,2084.46,2130.75,68471.174922,146673651.87368017
2026-05-18 00:00:00,2130.63,2131.67,2104.71,2118.6,33526.470206,70959339.03602247
2026-05-18 04:00:00,2118.6,2125.81,2110.0,2120.92,14414.106036,30534830.46989512
2026-05-18 08:00:00,2120.92,2139.84,2110.48,2133.99,14974.379343,31794035.10256194
2026-05-18 12:00:00,2133.99,2157.46,2093.73,2107.93,41484.449889,88144067.86303073
2026-05-18 16:00:00,2107.94,2128.5,2077.83,2124.86,31916.623461,67002345.99114404
2026-05-18 20:00:00,2125.32,2142.72,2114.55,2130.09,15612.039256,33285610.73420533
2026-05-19 00:00:00,2130.08,2147.02,2119.36,2131.81,56195.69362,119647358.98455255
2026-05-19 04:00:00,2131.8,2145.0,2123.44,2140.83,18928.485386,40413205.71817421
2026-05-19 08:00:00,2140.83,2141.39,2107.1,2110.72,19838.920526,42089968.00986862
2026-05-19 12:00:00,2110.71,2127.5,2093.98,2110.5,27560.997955,58185222.96664278
2026-05-19 16:00:00,2110.58,2125.16,2107.15,2113.31,19324.149922,40909089.97468559
2026-05-19 20:00:00,2113.31,2120.54,2102.67,2112.04,10161.695683,21471895.19257706
2026-05-20 00:00:00,2112.03,2119.34,2103.3,2111.54,32773.721558,69223804.61050183
2026-05-20 04:00:00,2111.54,2136.44,2107.12,2129.6,20274.450974,43073678.30450892
2026-05-20 08:00:00,2129.59,2138.31,2124.01,2128.12,9725.013236,20728181.19675792
2026-05-20 12:00:00,2128.12,2149.0,2113.57,2136.78,35307.166736,75320718.13138334
2026-05-20 16:00:00,2136.78,2149.0,2124.0,2139.4,21129.04706,45136245.66443179
2026-05-20 20:00:00,2139.39,2140.93,2118.45,2129.58,10295.336737,21924469.41713483
2026-05-21 00:00:00,2129.58,2157.59,2128.5,2146.02,15052.755929,32275246.01774602
2026-05-21 04:00:00,2145.97,2148.78,2124.42,2135.15,24027.499053,51249686.56340107
2026-05-21 08:00:00,2135.15,2148.61,2110.0,2115.09,126720.268332,268901207.78320867
2026-05-21 12:00:00,2115.09,2138.32,2105.14,2132.58,23925.938517,50722674.7611453
2026-05-21 16:00:00,2132.6,2153.6,2121.06,2142.61,20827.116024,44519711.34511851
2026-05-21 20:00:00,2142.91,2143.39,2127.28,2133.93,5025.106651,10735402.12700305
2026-05-22 00:00:00,2133.93,2141.34,2125.49,2137.94,5882.287367,12551477.58642575
2026-05-22 04:00:00,2137.94,2141.5,2122.34,2128.9,8319.460071,17725072.22945497
2026-05-22 08:00:00,2128.9,2133.74,2119.15,2130.69,11258.313806,23925617.25158678
2026-05-22 12:00:00,2130.7,2138.32,2112.5,2119.6,18321.041386,38956683.21783119
2026-05-22 16:00:00,2119.61,2130.09,2057.27,2065.75,38561.480321,80578969.99794059
2026-05-22 20:00:00,2065.75,2079.68,2057.5,2066.08,19142.199313,39646155.29306906
2026-05-23 00:00:00,2066.09,2072.69,2052.03,2070.92,11991.282061,24761187.43734341
2026-05-23 04:00:00,2070.92,2071.33,2008.34,2028.79,37419.882897,76190098.84670314
2026-05-23 08:00:00,2028.79,2035.63,2021.44,2031.49,15771.122482,31996381.70867413
2026-05-23 12:00:00,2031.49,2068.54,2027.24,2060.23,19683.737078,40326558.79999798
2026-05-23 16:00:00,2060.23,2083.8,2057.0,2077.4,14464.334179,29966376.61151199
2026-05-23 20:00:00,2077.39,2149.99,2074.62,2117.86,46272.872399,98069938.51808724
2026-05-24 00:00:00,2117.94,2127.29,2112.53,2119.01,7817.219772,16575687.18375714
2026-05-24 04:00:00,2119.02,2129.87,2113.53,2120.87,8700.160145,18453735.58431435
2026-05-24 08:00:00,2120.91,2131.91,2119.01,2126.06,9434.36011,20033592.95086719
2026-05-24 12:00:00,2126.07,2126.49,2079.79,2095.97,21832.162776,45891026.9851905
2026-05-24 16:00:00,2095.97,2109.09,2095.2,2100.98,5691.958821,11962895.01750877
2026-05-24 20:00:00,2101.04,2106.87,2062.13,2100.0,16879.582265,35246251.67061919
2026-05-25 00:00:00,2099.97,2113.33,2092.49,2095.6,8863.690724,18639072.47902748
2026-05-25 04:00:00,2095.6,2117.8,2092.41,2116.31,25753.001115,54270409.35957688
2026-05-25 08:00:00,2116.32,2124.56,2111.63,2114.83,7931.722607,16793562.52243705
2026-05-25 12:00:00,2114.84,2138.56,2112.05,2126.95,12389.353909,26316831.49156151
2026-05-25 16:00:00,2126.9,2141.99,2116.71,2121.5,10166.643777,21655319.88247325
2026-05-25 20:00:00,2121.49,2123.43,2102.45,2112.92,7817.545324,16498977.12851926
2026-05-26 00:00:00,2112.92,2114.05,2084.69,2093.37,13087.655858,27408107.45474097
2026-05-26 04:00:00,2093.37,2104.74,2088.64,2095.39,10226.157149,21442078.63580105
2026-05-26 08:00:00,2095.39,2137.38,2094.11,2120.85,18075.601619,38315165.58232092
2026-05-26 12:00:00,2120.85,2140.35,2078.57,2087.61,32657.412345,68960605.5604953
2026-05-26 16:00:00,2087.61,2090.18,2055.23,2074.5,28939.93944,60018436.83964415
2026-05-26 20:00:00,2074.68,2078.61,2065.89,2073.85,6106.01893,12657566.00876845
2026-05-27 00:00:00,2074.05,2084.59,2068.72,2069.81,7964.634788,16534006.71159874
2026-05-27 04:00:00,2069.81,2084.4,2056.5,2083.83,10701.167591,22186238.71126025
2026-05-27 08:00:00,2083.8,2096.59,2078.42,2080.64,15545.887947,32423514.9187689
2026-05-27 12:00:00,2080.77,2097.39,2051.96,2071.67,26411.739492,54643720.37636841
2026-05-27 16:00:00,2071.69,2074.56,2043.56,2057.64,14556.511749,29942064.59262133
2026-05-27 20:00:00,2057.72,2066.12,2016.0,2025.11,30342.1188,61615635.58733725
2026-05-28 00:00:00,2025.1,2029.42,1968.01,1981.67,46271.607979,92316064.44159774
2026-05-28 04:00:00,1981.68,1996.59,1967.71,1995.48,33268.666602,65943081.20896668
2026-05-28 08:00:00,1995.49,1998.59,1984.61,1989.86,11220.633552,22342932.56424226
2026-05-28 12:00:00,1989.86,2002.37,1967.71,1990.72,37247.275277,74027758.82218365
2026-05-28 16:00:00,1990.72,2030.4,1985.13,2014.71,20953.358415,42220391.51369768
2026-05-28 20:00:00,2014.7,2024.49,2005.41,2009.77,8453.42896,17022877.47542524
2026-05-29 00:00:00,2009.78,2017.22,1997.35,2002.86,7028.815695,14110275.27452208
2026-05-29 04:00:00,2002.87,2021.58,1998.45,2007.88,13655.729016,27447757.01575191
2026-05-29 08:00:00,2007.88,2016.41,2002.51,2007.68,9178.029535,18448178.29906724
2026-05-29 12:00:00,2007.68,2046.25,1975.9,2031.6,39414.043945,79310736.52290238
2026-05-29 16:00:00,2031.6,2044.15,2004.99,2016.96,18023.504284,36549404.2677139
2026-05-29 20:00:00,2016.94,2023.96,2007.0,2014.47,8964.147242,18060376.85802889
2026-05-30 00:00:00,2014.47,2023.54,2010.79,2016.97,4902.626014,9894748.67513189
2026-05-30 04:00:00,2016.98,2020.62,2002.0,2016.35,8777.271239,17668004.60127604
2026-05-30 08:00:00,2016.35,2022.07,2013.81,2017.47,3306.001878,6672019.81381972
2026-05-30 12:00:00,2017.47,2032.29,2017.11,2026.9,7534.50132,15258578.70458729
2026-05-30 16:00:00,2026.9,2030.22,2019.52,2028.84,4697.715814,9518126.9657839
2026-05-30 20:00:00,2028.86,2031.39,2020.1,2022.49,4012.163942,8128016.81361359
2026-05-31 00:00:00,2022.49,2037.91,2020.61,2033.32,6657.46259,13521663.54874121
2026-05-31 04:00:00,2033.33,2034.97,2022.6,2023.81,3647.065147,7396633.26289834
2026-05-31 08:00:00,2023.81,2029.04,2015.13,2023.16,7648.264032,15464518.96854152
2026-05-31 12:00:00,2023.16,2026.49,2006.0,2010.54,13554.385332,27282069.91085739
2026-05-31 16:00:00,2010.55,2012.58,1994.02,1999.78,9251.127539,18520457.20824869
2026-05-31 20:00:00,1999.79,2022.99,1999.79,2007.35,9210.954965,18502356.21078373
2026-06-01 00:00:00,2007.36,2021.46,1991.5,2009.15,14951.964221,30046839.67721733
2026-06-01 04:00:00,2009.15,2011.99,1971.78,1976.46,19710.844613,39187224.16643703
2026-06-01 08:00:00,1976.45,1990.39,1972.0,1981.57,12797.071199,25365608.97614002
2026-06-01 12:00:00,1981.58,1994.41,1956.42,1968.47,37876.923781,74709720.48155586
2026-06-01 16:00:00,1968.47,2008.71,1958.68,2004.63,19921.418356,39545548.46614322
2026-06-01 20:00:00,2004.63,2009.3,1984.49,2006.56,12328.043651,24657064.74734216
2026-06-02 00:00:00,2006.55,2006.89,1963.01,2003.9,16794.017432,33404338.21543213
2026-06-02 04:00:00,2003.91,2006.53,1974.07,1981.97,15055.509546,29940783.58454899
2026-06-02 08:00:00,1981.96,1989.13,1966.68,1978.74,27866.494787,55116209.1094663
2026-06-02 12:00:00,1978.74,1982.99,1888.29,1915.11,95391.886929,184641889.47521156
2026-06-02 16:00:00,1915.04,1944.2,1880.93,1912.23,41394.811556,79322460.72300859
2026-06-02 20:00:00,1912.49,1918.57,1838.88,1859.91,70880.057468,132957414.4627939
2026-06-03 00:00:00,1859.91,1874.36,1816.85,1828.18,46276.460707,85584625.8194432
2026-06-03 04:00:00,1828.18,1884.29,1827.67,1878.59,34773.817348,64824929.08203267
2026-06-03 08:00:00,1878.58,1892.97,1870.0,1878.24,16084.27111,30251280.32551794
2026-06-03 12:00:00,1878.3,1880.0,1835.0,1837.15,32861.561292,61053692.95114702
2026-06-03 16:00:00,1837.16,1844.04,1795.34,1803.53,37308.030518,67913493.0576361
2026-06-03 20:00:00,1803.53,1852.54,1768.11,1813.23,46163.964709,83623392.53328876
2026-06-04 00:00:00,1813.25,1820.61,1717.0,1809.12,87604.542596,155120565.7726729
2026-06-04 04:00:00,1809.12,1818.0,1773.51,1777.57,38881.977546,69683769.96191753
2026-06-04 08:00:00,1777.57,1783.51,1730.32,1751.77,45087.189548,79069340.03138822
2026-06-04 12:00:00,1751.41,1794.72,1744.4,1776.94,40020.864771,71000100.30177158
2026-06-04 16:00:00,1777.01,1787.32,1754.0,1776.94,21604.950584,38286784.84712776
2026-06-04 20:00:00,1777.04,1782.98,1752.65,1770.68,15718.813776,27764723.37133306
2026-06-05 00:00:00,1770.72,1774.93,1722.44,1729.8,34177.677795,59696918.09311513
2026-06-05 04:00:00,1729.81,1747.86,1622.0,1679.52,140594.445847,235579739.48514137
2026-06-05 08:00:00,1679.54,1690.0,1659.4,1663.18,44192.913481,74017003.34984858
2026-06-05 12:00:00,1663.14,1677.5,1571.61,1582.99,266600.41678,429397300.6018165
2026-06-05 16:00:00,1582.98,1612.7,1539.28,1573.83,120793.316812,190256619.9018908
2026-06-05 20:00:00,1573.92,1619.49,1557.31,1583.59,67052.556177,106940457.47867835
2026-06-06 00:00:00,1583.59,1601.21,1555.0,1563.35,27770.324561,43845154.40294557
2026-06-06 04:00:00,1563.33,1581.72,1504.4,1575.44,97531.656853,150918489.55417532
2026-06-06 08:00:00,1575.44,1593.38,1535.59,1558.82,35417.647213,55387843.51936924
2026-06-06 12:00:00,1558.82,1576.15,1545.0,1560.52,19774.329684,30862783.63954754
2026-06-06 16:00:00,1560.52,1566.4,1546.87,1554.54,21187.24237,32995571.6537404
2026-06-06 20:00:00,1554.53,1570.0,1551.02,1569.65,13185.779328,20564847.62288732
2026-06-07 00:00:00,1569.65,1600.9,1564.03,1594.88,21308.070334,33783778.91649393
2026-06-07 04:00:00,1594.88,1623.35,1584.66,1615.38,29797.624068,47921121.74136199
2026-06-07 08:00:00,1615.23,1648.57,1608.54,1630.27,33606.412213,54814109.86081957
2026-06-07 12:00:00,1630.28,1640.0,1606.67,1630.0,30119.768957,48804131.47292544
2026-06-07 16:00:00,1630.0,1637.99,1603.3,1613.14,21999.579548,35723667.44246127
2026-06-07 20:00:00,1613.14,1723.03,1609.35,1690.6,64862.881296,108992122.70853628
2026-06-08 00:00:00,1690.56,1711.84,1671.28,1679.97,29029.564221,49006980.30792381
2026-06-08 04:00:00,1679.97,1681.16,1645.0,1673.58,29228.238319,48602108.11923869
2026-06-08 08:00:00,1673.46,1696.8,1656.29,1683.64,27215.350364,45548356.0012708
2026-06-08 12:00:00,1683.65,1706.17,1666.59,1691.61,38315.444416,64681965.59087552
2026-06-08 16:00:00,1691.61,1703.82,1675.61,1684.69,27367.473381,46180388.34000273
2026-06-08 20:00:00,1684.69,1714.39,1678.85,1690.24,24828.294922,42164427.05745292
2026-06-09 00:00:00,1690.22,1696.82,1654.58,1669.5,26610.237987,44446193.93825435
2026-06-09 04:00:00,1669.49,1696.33,1664.45,1680.04,25396.500159,42754394.37491008
2026-06-09 08:00:00,1680.05,1680.84,1664.9,1671.83,28155.826159,47115169.5764302
2026-06-09 12:00:00,1671.73,1683.22,1633.59,1636.17,52962.808036,87677646.8463716
2026-06-09 16:00:00,1636.35,1658.68,1614.19,1657.47,32099.862245,52578251.90917134
2026-06-09 20:00:00,1657.48,1663.98,1630.48,1639.53,13249.112506,21839653.39254322
2026-06-10 00:00:00,1639.53,1647.34,1621.68,1630.77,12233.09394,19998624.67220432
2026-06-10 04:00:00,1630.77,1643.96,1616.48,1640.31,14877.967449,24226411.82677528
2026-06-10 08:00:00,1640.32,1640.95,1606.04,1620.07,19089.046764,30971545.42283038
2026-06-10 12:00:00,1620.1,1668.07,1615.81,1658.01,45028.955047,74088527.34615096
2026-06-10 16:00:00,1658.01,1658.95,1622.6,1630.18,19924.658028,32595486.61625462
2026-06-10 20:00:00,1630.22,1636.19,1603.66,1621.38,18579.538621,30062281.59235599
2026-06-11 00:00:00,1621.56,1661.51,1621.56,1653.89,24407.879167,40039721.8846875
2026-06-11 04:00:00,1653.95,1663.49,1646.22,1654.47,19021.68309,31493538.36000704
2026-06-11 08:00:00,1654.47,1673.5,1654.02,1666.79,17973.268172,29859636.51330589
2026-06-11 12:00:00,1666.79,1666.9,1636.17,1645.58,35030.303001,57805582.95006452
2026-06-11 16:00:00,1645.56,1693.73,1632.8,1681.2,51983.098069,86947342.98296705
2026-06-11 20:00:00,1681.18,1683.38,1667.25,1673.56,15149.542509,25368530.79853338
2026-06-12 00:00:00,1673.56,1678.4,1660.5,1673.14,10548.204373,17624278.01996551
2026-06-12 04:00:00,1673.15,1682.07,1652.12,1662.14,13634.028635,22703723.96174925
2026-06-12 08:00:00,1662.14,1685.57,1662.08,1673.7,16437.751259,27546983.81367758
2026-06-12 12:00:00,1673.71,1691.0,1653.6,1660.15,33162.291862,55493603.34772744
2026-06-12 16:00:00,1660.18,1678.16,1657.4,1665.75,12898.433778,21525258.11297338
2026-06-12 20:00:00,1665.74,1668.11,1658.79,1666.59,6860.815131,11424274.75228447
2026-06-13 00:00:00,1666.6,1676.0,1663.2,1665.25,7735.912446,12916081.71559059
2026-06-13 04:00:00,1665.26,1677.77,1662.26,1676.37,6731.401123,11243002.88306971
2026-06-13 08:00:00,1676.31,1679.54,1672.69,1678.45,10915.661295,18283143.65937622
2026-06-13 12:00:00,1678.46,1686.66,1676.49,1682.19,15231.609828,25588400.35503153
2026-06-13 16:00:00,1682.19,1682.66,1670.81,1676.16,6633.550681,11111717.17687407
