timestamp,open,high,low,close,volume,turnover
2025-06-12 04:00:00,14.656,14.672,14.42,14.43,74186.962383,1081910.501784303
2025-06-12 08:00:00,14.424,14.48,14.045,14.122,189928.476341,2707465.595206476
2025-06-12 12:00:00,14.124,14.512,14.081,14.253,85748.338315,1227210.195005855
2025-06-12 16:00:00,14.252,14.572,14.091,14.133,67664.01789,970804.700392746
2025-06-12 20:00:00,14.13,14.185,13.834,13.974,79230.132993,1109796.161862245
2025-06-13 00:00:00,13.974,13.986,12.763,13.251,458188.389942,6005757.355980279
2025-06-13 04:00:00,13.254,13.291,13.026,13.236,123606.142559,1630462.915327284
2025-06-13 08:00:00,13.236,13.4,13.128,13.322,96256.108936,1273219.020425612
2025-06-13 12:00:00,13.322,13.482,13.112,13.405,98253.673705,1306581.715124158
2025-06-13 16:00:00,13.406,13.599,13.023,13.13,151558.446504,2001633.673936938
2025-06-13 20:00:00,13.134,13.454,13.088,13.443,56511.175915,753330.723915159
2025-06-14 00:00:00,13.445,13.465,13.245,13.26,54894.29273,733238.068796125
2025-06-14 04:00:00,13.261,13.334,13.129,13.213,44430.143142,587830.111380366
2025-06-14 08:00:00,13.213,13.218,13.092,13.159,52826.207767,694741.188250769
2025-06-14 12:00:00,13.158,13.198,12.937,13.002,124671.247997,1628429.544448045
2025-06-14 16:00:00,12.999,13.082,12.836,12.993,116170.290179,1506127.691840246
2025-06-14 20:00:00,12.996,13.204,12.921,13.151,25201.241135,329908.578461151
2025-06-15 00:00:00,13.155,13.27,13.139,13.222,33690.378396,445264.064031494
2025-06-15 04:00:00,13.221,13.324,13.115,13.152,37026.83629,488942.985343245
2025-06-15 08:00:00,13.158,13.164,13.021,13.073,48369.446897,632710.455963187
2025-06-15 12:00:00,13.074,13.306,13.053,13.173,62808.722014,827148.058933453
2025-06-15 16:00:00,13.179,13.24,13.1,13.135,33875.473767,446248.33839185
2025-06-15 20:00:00,13.139,13.309,12.99,13.296,73672.485283,970211.402051817
2025-06-16 00:00:00,13.296,13.479,13.173,13.378,54083.478111,721793.874278234
2025-06-16 04:00:00,13.38,13.734,13.373,13.678,82503.296719,1122732.476196483
2025-06-16 08:00:00,13.688,13.747,13.556,13.683,39901.085894,544897.496791465
2025-06-16 12:00:00,13.684,13.892,13.626,13.797,68619.791045,944640.443328175
2025-06-16 16:00:00,13.801,14.087,13.788,14.061,34410.38782,480011.340394638
2025-06-16 20:00:00,14.061,14.16,13.526,13.563,126624.187202,1752758.668278458
2025-06-17 00:00:00,13.566,13.78,13.311,13.666,116602.76409,1581827.407316707
2025-06-17 04:00:00,13.67,13.728,13.466,13.496,89023.265646,1207760.553945664
2025-06-17 08:00:00,13.496,13.515,13.198,13.253,67847.744896,906814.425393356
2025-06-17 12:00:00,13.254,13.361,12.927,13.05,127657.379601,1680463.72485609
2025-06-17 16:00:00,13.052,13.242,12.8,13.161,187346.722288,2430985.679717288
2025-06-17 20:00:00,13.158,13.194,12.853,12.988,89695.080872,1164500.479821799
2025-06-18 00:00:00,12.996,13.154,12.962,13.077,104418.409459,1363106.906166312
2025-06-18 04:00:00,13.076,13.225,13.025,13.091,80774.059391,1057642.095020026
2025-06-18 08:00:00,13.092,13.126,12.682,12.853,97019.104651,1249043.326972992
2025-06-18 12:00:00,12.859,13.002,12.629,12.897,172864.576302,2215457.904759142
2025-06-18 16:00:00,12.891,12.943,12.69,12.771,61657.824675,790299.329008672
2025-06-18 20:00:00,12.774,13.147,12.739,13.119,44779.882791,582431.905555505
2025-06-19 00:00:00,13.116,13.254,13.02,13.2,78374.565247,1031926.323044166
2025-06-19 04:00:00,13.2,13.281,13.123,13.126,32474.309544,428410.34028496
2025-06-19 08:00:00,13.127,13.381,13.127,13.172,97698.929311,1300834.440966528
2025-06-19 12:00:00,13.175,13.221,12.936,12.952,180475.685282,2356148.726029198
2025-06-19 16:00:00,12.953,13.163,12.909,13.023,24938.971508,324990.652731959
2025-06-19 20:00:00,13.02,13.152,12.994,13.065,47244.227292,616409.932597448
2025-06-20 00:00:00,13.069,13.117,12.993,13.0,17505.719256,228513.199729942
2025-06-20 04:00:00,12.999,13.186,12.885,13.173,33994.018352,442338.289418317
2025-06-20 08:00:00,13.185,13.278,13.076,13.135,40207.420199,529907.35683308
2025-06-20 12:00:00,13.137,13.244,12.826,12.904,80155.757017,1041817.187128262
2025-06-20 16:00:00,12.899,12.91,12.297,12.578,113379.868562,1424203.068008384
2025-06-20 20:00:00,12.574,12.725,12.367,12.51,45525.000228,569298.880702675
2025-06-21 00:00:00,12.508,12.732,12.492,12.686,29244.131316,369169.442283655
2025-06-21 04:00:00,12.683,12.711,12.58,12.634,24722.466254,313018.993010072
2025-06-21 08:00:00,12.64,12.743,12.632,12.672,22766.773477,288937.765846432
2025-06-21 12:00:00,12.673,12.699,12.396,12.495,35253.219992,441909.441234328
2025-06-21 16:00:00,12.491,12.555,12.186,12.196,44366.618257,547851.010726392
2025-06-21 20:00:00,12.2,12.333,11.685,12.029,175659.056312,2094066.037573951
2025-06-22 00:00:00,12.029,12.198,11.832,11.907,83771.599494,1004675.824428653
2025-06-22 04:00:00,11.905,12.099,11.875,11.962,25565.021671,307049.167756871
2025-06-22 08:00:00,11.97,12.009,11.777,11.893,52488.806642,623848.723534079
2025-06-22 12:00:00,11.891,11.973,11.295,11.44,230255.563509,2651414.86348841
2025-06-22 16:00:00,11.435,11.584,11.2,11.226,80428.140239,913366.459918477
2025-06-22 20:00:00,11.226,11.674,10.934,11.655,181396.25639,2033218.109403836
2025-06-23 00:00:00,11.656,11.765,11.555,11.639,45244.485384,527802.353711116
2025-06-23 04:00:00,11.639,11.919,11.626,11.857,52312.643661,617233.212454121
2025-06-23 08:00:00,11.855,11.911,11.754,11.848,56978.629359,674535.702818253
2025-06-23 12:00:00,11.847,12.095,11.679,11.758,115136.445404,1369118.198255016
2025-06-23 16:00:00,11.76,12.184,11.403,12.15,177913.829083,2091241.359432947
2025-06-23 20:00:00,12.147,12.94,12.113,12.83,166468.581935,2105684.943263081
2025-06-24 00:00:00,12.827,13.044,12.776,12.95,122977.241892,1587284.117081277
2025-06-24 04:00:00,12.946,13.322,12.92,13.03,106047.548511,1391491.327805303
2025-06-24 08:00:00,13.031,13.275,12.937,13.154,68254.033186,893410.788008716
2025-06-24 12:00:00,13.158,13.429,13.065,13.346,207187.84527,2748588.125859417
2025-06-24 16:00:00,13.355,13.73,13.269,13.341,174641.635728,2358896.839681694
2025-06-24 20:00:00,13.341,13.416,13.281,13.41,43398.840703,579438.082394416
2025-06-25 00:00:00,13.412,13.51,13.287,13.353,49726.116653,666907.92494409
2025-06-25 04:00:00,13.358,13.466,13.253,13.456,56266.260629,751687.977238002
2025-06-25 08:00:00,13.46,13.476,13.192,13.275,52290.023678,694981.395702313
2025-06-25 12:00:00,13.279,13.325,13.021,13.055,88361.46922,1163016.721260545
2025-06-25 16:00:00,13.055,13.25,12.992,13.233,71945.64854,944672.32240836
2025-06-25 20:00:00,13.224,13.306,13.04,13.14,43588.432186,573675.254347788
2025-06-26 00:00:00,13.14,13.56,13.07,13.345,90262.334566,1200855.103809662
2025-06-26 04:00:00,13.347,13.432,13.203,13.38,38623.573632,514089.005019952
2025-06-26 08:00:00,13.377,13.452,13.141,13.204,48391.939774,641944.025269514
2025-06-26 12:00:00,13.198,13.201,12.939,13.117,57489.882215,752430.813046111
2025-06-26 16:00:00,13.113,13.166,12.995,13.115,23814.204181,311365.709851011
2025-06-26 20:00:00,13.111,13.278,12.88,12.939,51648.089243,671835.382217636
2025-06-27 00:00:00,12.938,13.168,12.771,13.13,44331.598873,573990.933487132
2025-06-27 04:00:00,13.13,13.236,13.004,13.026,25053.500454,328582.9266434
2025-06-27 08:00:00,13.03,13.205,13.014,13.044,34444.444879,450606.410779266
2025-06-27 12:00:00,13.043,13.117,12.86,13.04,45311.301535,587888.554583727
2025-06-27 16:00:00,13.045,13.187,12.731,12.883,56811.10105,736523.610845747
2025-06-27 20:00:00,12.883,13.069,12.864,13.049,24787.900466,322299.624703638
2025-06-28 00:00:00,13.05,13.183,12.999,13.16,30408.909047,398915.826056882
2025-06-28 04:00:00,13.159,13.175,13.085,13.169,19950.661908,261878.870645958
2025-06-28 08:00:00,13.171,13.192,13.093,13.097,22693.638163,297999.667726732
2025-06-28 12:00:00,13.101,13.293,13.048,13.273,15481.537055,203456.75531916
2025-06-28 16:00:00,13.274,13.407,13.223,13.308,52267.017282,696420.453433051
2025-06-28 20:00:00,13.311,13.449,13.29,13.399,36391.116707,487154.347471082
2025-06-29 00:00:00,13.4,13.442,13.275,13.281,30295.411421,404802.960846158
2025-06-29 04:00:00,13.285,13.441,13.266,13.441,30346.785025,404336.623239816
2025-06-29 08:00:00,13.441,13.481,13.384,13.452,47843.499203,642849.684853767
2025-06-29 12:00:00,13.45,13.455,13.265,13.281,29793.094927,398306.357677569
2025-06-29 16:00:00,13.28,13.417,13.242,13.346,24643.805257,328514.616500577
2025-06-29 20:00:00,13.348,13.868,13.254,13.707,90118.033296,1228046.881913067
2025-06-30 00:00:00,13.71,13.783,13.483,13.495,70385.087382,959723.620812272
2025-06-30 04:00:00,13.492,13.502,13.191,13.337,51486.581961,688192.42514884
2025-06-30 08:00:00,13.334,13.363,13.173,13.201,41253.451135,546015.766909934
2025-06-30 12:00:00,13.203,13.453,13.124,13.373,104454.820686,1385566.730087189
2025-06-30 16:00:00,13.377,13.64,13.259,13.625,43658.912483,585419.145341814
2025-06-30 20:00:00,13.625,13.671,13.37,13.377,31906.036121,430723.791604792
2025-07-01 00:00:00,13.377,13.43,13.228,13.317,41687.818642,554544.133362541
2025-07-01 04:00:00,13.315,13.318,13.085,13.225,32043.637992,422990.460925734
2025-07-01 08:00:00,13.225,13.262,13.11,13.13,18087.815718,238522.005051249
2025-07-01 12:00:00,13.135,13.172,12.943,13.009,53315.306647,695771.44731604
2025-07-01 16:00:00,13.012,13.066,12.82,12.82,25395.670196,328583.797984627
2025-07-01 20:00:00,12.821,12.934,12.786,12.895,30202.857103,387919.10859931
2025-07-02 00:00:00,12.895,12.96,12.731,12.911,33124.445609,426088.708398163
2025-07-02 04:00:00,12.911,13.092,12.888,13.032,28734.122681,373911.9197711
2025-07-02 08:00:00,13.045,13.183,13.039,13.079,26413.029,346006.418888218
2025-07-02 12:00:00,13.087,13.375,12.995,13.364,61142.701121,806678.072266102
2025-07-02 16:00:00,13.365,13.787,13.365,13.773,117794.437856,1605193.28007697
2025-07-02 20:00:00,13.775,13.849,13.547,13.551,75587.936759,1037509.452513358
2025-07-03 00:00:00,13.554,13.607,13.442,13.469,27767.464867,375961.628847688
2025-07-03 04:00:00,13.467,13.909,13.456,13.884,72899.539358,1001969.163375317
2025-07-03 08:00:00,13.885,13.968,13.714,13.814,38332.5186,531130.413407262
2025-07-03 12:00:00,13.812,14.079,13.584,13.614,133087.236387,1844733.538031723
2025-07-03 16:00:00,13.611,13.779,13.608,13.704,74295.263445,1017775.291408855
2025-07-03 20:00:00,13.708,13.793,13.646,13.664,16280.945099,223390.676492406
2025-07-04 00:00:00,13.67,13.786,13.564,13.594,36556.405331,499278.622914921
2025-07-04 04:00:00,13.598,13.615,13.364,13.374,38796.169202,523229.874446432
2025-07-04 08:00:00,13.372,13.475,13.225,13.34,124190.949643,1658362.917087215
2025-07-04 12:00:00,13.344,13.399,13.056,13.076,108065.239799,1424890.333977847
2025-07-04 16:00:00,13.074,13.106,12.94,13.012,44546.977242,580428.276441163
2025-07-04 20:00:00,13.012,13.249,12.998,13.165,18152.529231,238104.946640758
2025-07-05 00:00:00,13.165,13.224,13.075,13.194,23941.615235,315361.815777512
2025-07-05 04:00:00,13.198,13.264,13.155,13.185,10924.378733,144324.933808642
2025-07-05 08:00:00,13.185,13.258,13.107,13.236,32669.896775,431684.748535411
2025-07-05 12:00:00,13.24,13.244,13.116,13.128,25886.306819,341689.066134318
2025-07-05 16:00:00,13.128,13.16,12.99,13.115,17950.860822,234911.215016593
2025-07-05 20:00:00,13.113,13.269,13.103,13.225,19371.985086,255726.931195765
2025-07-06 00:00:00,13.228,13.236,13.153,13.207,14067.922427,185754.825097799
2025-07-06 04:00:00,13.204,13.258,13.149,13.154,8717.241512,115007.04787608
2025-07-06 08:00:00,13.152,13.205,13.101,13.198,55904.708467,734123.374440452
2025-07-06 12:00:00,13.206,13.496,13.168,13.434,50777.622485,678447.615257232
2025-07-06 16:00:00,13.437,13.493,13.283,13.389,23643.826128,317375.289558691
2025-07-06 20:00:00,13.389,13.698,13.387,13.488,62251.767028,846112.97707113
2025-07-07 00:00:00,13.486,13.675,13.413,13.556,98384.382144,1337117.84490482
2025-07-07 04:00:00,13.557,13.736,13.496,13.624,127576.107083,1737416.536518138
2025-07-07 08:00:00,13.627,13.668,13.527,13.58,36117.68029,490733.646778747
2025-07-07 12:00:00,13.58,13.684,13.446,13.533,79505.586985,1075593.893009876
2025-07-07 16:00:00,13.534,13.584,13.312,13.435,56768.950448,763861.212584166
2025-07-07 20:00:00,13.432,13.438,13.249,13.435,22417.957182,299499.411760065
2025-07-08 00:00:00,13.435,13.471,13.203,13.247,51465.354102,685003.517473738
2025-07-08 04:00:00,13.247,13.359,13.203,13.355,15322.528933,203696.947850187
2025-07-08 08:00:00,13.355,13.532,13.254,13.504,27077.506892,362458.643519275
2025-07-08 12:00:00,13.505,13.672,13.423,13.49,90747.724189,1228240.109638164
2025-07-08 16:00:00,13.493,13.948,13.451,13.913,116693.335783,1607498.507589853
2025-07-08 20:00:00,13.913,13.999,13.787,13.964,89118.651437,1239090.832113631
2025-07-09 00:00:00,13.969,13.988,13.816,13.846,128100.555065,1780987.734286363
2025-07-09 04:00:00,13.844,14.225,13.814,14.147,143464.256295,2014509.294474078
2025-07-09 08:00:00,14.15,14.188,13.981,14.03,49148.967404,691012.186857569
2025-07-09 12:00:00,14.03,14.186,13.9,14.015,78327.600336,1100979.47801892
2025-07-09 16:00:00,14.019,14.359,13.93,14.297,107659.706126,1518289.950798006
2025-07-09 20:00:00,14.295,14.379,14.105,14.255,55704.067981,793737.475171688
2025-07-10 00:00:00,14.255,14.387,14.156,14.321,231589.274004,3305929.126941115
2025-07-10 04:00:00,14.319,14.482,14.226,14.399,175831.207948,2522986.754939355
2025-07-10 08:00:00,14.398,14.478,14.303,14.329,30297.919883,435453.866053566
2025-07-10 12:00:00,14.324,14.403,14.217,14.34,51112.505967,731029.479716496
2025-07-10 16:00:00,14.343,14.745,14.322,14.659,118493.814547,1727765.490720993
2025-07-10 20:00:00,14.655,15.344,14.65,15.239,208179.554618,3142719.480615577
2025-07-11 00:00:00,15.238,15.433,15.014,15.366,63629.59609,970434.394781939
2025-07-11 04:00:00,15.35,15.604,15.227,15.264,113374.075008,1749202.76025731
2025-07-11 08:00:00,15.269,15.613,15.233,15.44,69131.530998,1067512.02700411
2025-07-11 12:00:00,15.444,15.877,15.419,15.48,116609.173044,1825546.38917664
2025-07-11 16:00:00,15.483,15.85,15.421,15.806,87631.802687,1372924.80368353
2025-07-11 20:00:00,15.804,15.819,15.023,15.288,101375.384586,1554695.370105368
2025-07-12 00:00:00,15.283,15.474,15.039,15.37,94550.115515,1446266.217884231
2025-07-12 04:00:00,15.37,15.388,15.094,15.246,60394.474864,920731.125027402
2025-07-12 08:00:00,15.246,15.412,15.19,15.262,30628.861627,469218.003865181
2025-07-12 12:00:00,15.261,15.3,14.705,14.818,154745.87143,2318499.854520334
2025-07-12 16:00:00,14.83,15.086,14.762,15.054,23552.123013,352572.184473001
2025-07-12 20:00:00,15.054,15.138,14.857,15.105,28014.321547,420686.386329455
2025-07-13 00:00:00,15.105,15.204,15.04,15.133,18374.772078,277849.809181033
2025-07-13 04:00:00,15.144,15.372,15.097,15.354,32294.308022,492078.989491016
2025-07-13 08:00:00,15.355,15.418,15.258,15.414,53025.540265,814192.225557782
2025-07-13 12:00:00,15.409,15.952,15.37,15.696,171151.093118,2689665.132266325
2025-07-13 16:00:00,15.702,15.919,15.544,15.786,77484.549126,1216247.102597176
2025-07-13 20:00:00,15.786,15.902,15.471,15.654,110497.158144,1727649.655807068
2025-07-14 00:00:00,15.653,16.276,15.62,16.152,118492.810019,1889167.931730156
2025-07-14 04:00:00,16.159,16.3,15.937,16.158,110260.081186,1779255.792821335
2025-07-14 08:00:00,16.162,16.311,15.93,16.243,96750.869088,1562163.350913153
2025-07-14 12:00:00,16.241,16.47,15.812,15.966,135681.590126,2203205.47144065
2025-07-14 16:00:00,15.957,16.156,15.693,15.76,62776.023859,999439.491428205
2025-07-14 20:00:00,15.757,15.876,15.567,15.753,182587.026755,2871200.399666853
2025-07-15 00:00:00,15.756,15.885,15.174,15.271,130511.649483,2018573.740451442
2025-07-15 04:00:00,15.274,15.51,15.143,15.406,58148.166998,895982.26759768
2025-07-15 08:00:00,15.409,15.529,15.279,15.372,30480.090463,469139.913471944
2025-07-15 12:00:00,15.37,15.724,15.178,15.565,102655.00259,1591397.404321268
2025-07-15 16:00:00,15.571,16.193,15.57,15.612,130925.603945,2075944.313437353
2025-07-15 20:00:00,15.619,16.17,15.575,16.108,65076.335366,1036089.351582823
2025-07-16 00:00:00,16.107,16.217,15.851,15.924,94684.000608,1516837.372189515
2025-07-16 04:00:00,15.93,16.391,15.824,16.311,78906.710754,1270328.295593012
2025-07-16 08:00:00,16.312,16.62,16.31,16.402,171747.29223,2830467.276247636
2025-07-16 12:00:00,16.404,16.836,16.393,16.611,115952.299492,1924994.955144069
2025-07-16 16:00:00,16.61,17.111,16.583,16.872,150520.247813,2535263.815291665
2025-07-16 20:00:00,16.873,17.034,16.595,16.664,81949.623123,1378809.641161316
2025-07-17 00:00:00,16.674,16.855,16.324,16.427,61654.636023,1020386.828987029
2025-07-17 04:00:00,16.42,17.011,16.362,16.978,85780.336525,1439276.741550554
2025-07-17 08:00:00,16.985,17.278,16.88,17.083,95821.019773,1639425.220913774
2025-07-17 12:00:00,17.086,17.322,16.79,17.143,83076.828748,1418115.856382859
2025-07-17 16:00:00,17.137,17.325,16.776,17.065,67066.798972,1142793.43730751
2025-07-17 20:00:00,17.064,18.116,16.83,17.993,218269.71567,3833008.705732276
2025-07-18 00:00:00,17.994,18.763,17.859,18.743,287783.500775,5302209.982194265
2025-07-18 04:00:00,18.744,19.22,18.493,18.508,201839.934281,3812027.166705854
2025-07-18 08:00:00,18.508,18.799,18.249,18.345,148828.401995,2755050.095896802
2025-07-18 12:00:00,18.35,18.71,17.73,17.92,261281.388011,4757368.654508929
2025-07-18 16:00:00,17.916,18.147,17.646,17.731,104768.068549,1876637.172887955
2025-07-18 20:00:00,17.729,17.915,17.317,17.815,149308.895238,2643645.826329326
2025-07-19 00:00:00,17.823,18.227,17.535,18.193,108208.249813,1939811.001390895
2025-07-19 04:00:00,18.196,18.341,17.926,17.961,72021.69077,1306756.610683774
2025-07-19 08:00:00,17.961,18.014,17.691,17.715,58823.614756,1051025.08208952
2025-07-19 12:00:00,17.719,17.959,17.589,17.924,66789.475765,1183550.27483955
2025-07-19 16:00:00,17.923,18.51,17.856,18.362,111088.112732,2022946.355163365
2025-07-19 20:00:00,18.361,18.546,18.121,18.396,117606.712691,2159259.861518422
2025-07-20 00:00:00,18.389,18.83,18.326,18.671,126568.589255,2342054.610893165
2025-07-20 04:00:00,18.673,18.966,18.505,18.809,129849.621188,2429050.596959971
2025-07-20 08:00:00,18.818,19.653,18.815,19.392,189981.554742,3675843.511387008
2025-07-20 12:00:00,19.384,19.95,19.178,19.71,252796.08199,4931630.732477539
2025-07-20 16:00:00,19.712,19.792,19.199,19.439,163820.887702,3187746.208658181
2025-07-20 20:00:00,19.443,19.502,18.882,19.28,131542.915421,2532430.397618799
2025-07-21 00:00:00,19.285,19.587,18.983,19.582,135181.93249,2607150.988039443
2025-07-21 04:00:00,19.567,19.945,19.388,19.747,132383.774891,2611701.821719623
2025-07-21 08:00:00,19.743,20.29,19.59,20.053,396608.918606,7942023.961684453
2025-07-21 12:00:00,20.056,20.301,19.694,19.797,364785.761044,7334175.902286359
2025-07-21 16:00:00,19.803,19.846,19.182,19.266,141992.731593,2766068.126628991
2025-07-21 20:00:00,19.262,19.617,19.187,19.499,100632.427693,1952097.388347456
2025-07-22 00:00:00,19.504,19.996,19.015,19.558,248321.134813,4847636.794043925
2025-07-22 04:00:00,19.558,19.563,18.842,19.059,294775.159646,5636359.145601051
2025-07-22 08:00:00,19.061,19.331,18.627,19.219,154017.81271,2911708.754651862
2025-07-22 12:00:00,19.223,19.477,18.745,19.349,137699.348672,2637459.939603204
2025-07-22 16:00:00,19.345,19.563,18.974,19.056,92554.194237,1790373.820884063
2025-07-22 20:00:00,19.048,19.685,19.009,19.676,110982.407783,2156500.73333614
2025-07-23 00:00:00,19.658,19.757,19.415,19.464,153569.513287,3006546.07277968
2025-07-23 04:00:00,19.465,19.71,19.002,19.141,66780.643768,1293034.07087019
2025-07-23 08:00:00,19.141,19.253,18.772,18.91,99159.30771,1879182.266325153
2025-07-23 12:00:00,18.913,18.94,17.836,18.497,376600.011638,6876308.645251904
2025-07-23 16:00:00,18.496,18.496,17.677,17.984,187298.538207,3381973.4159778
2025-07-23 20:00:00,17.984,18.29,17.547,18.17,130048.86528,2332733.94740663
2025-07-24 00:00:00,18.169,18.47,18.044,18.223,193661.66976,3534746.472910921
2025-07-24 04:00:00,18.232,18.3,17.156,17.735,272949.003555,4825664.599927087
2025-07-24 08:00:00,17.73,18.148,17.582,18.076,172660.955003,3092425.895132776
2025-07-24 12:00:00,18.07,18.687,17.783,18.466,164493.86602,3002412.734071063
2025-07-24 16:00:00,18.473,18.589,18.095,18.34,63963.131194,1175628.250581328
2025-07-24 20:00:00,18.336,18.427,17.848,17.911,47571.027916,861436.123140592
2025-07-25 00:00:00,17.913,17.913,17.258,17.493,174352.210427,3073574.162805601
2025-07-25 04:00:00,17.493,17.7,17.288,17.493,366436.965058,6415066.571390285
2025-07-25 08:00:00,17.491,18.42,17.45,18.312,171490.943429,3092129.863597118
2025-07-25 12:00:00,18.312,18.485,17.409,17.606,129538.55756,2310240.282199721
2025-07-25 16:00:00,17.608,17.864,17.451,17.72,54159.58949,957807.858098069
2025-07-25 20:00:00,17.719,18.416,17.688,18.28,151578.032126,2762452.06117122
2025-07-26 00:00:00,18.28,18.458,18.181,18.362,52276.545342,957386.98876977
2025-07-26 04:00:00,18.362,18.405,18.204,18.222,43224.034743,790832.018669046
2025-07-26 08:00:00,18.225,18.492,18.225,18.258,47819.231345,877666.325141586
2025-07-26 12:00:00,18.259,18.455,18.166,18.403,57693.885066,1057705.394390995
2025-07-26 16:00:00,18.403,18.579,18.221,18.552,38361.849345,706220.342831172
2025-07-26 20:00:00,18.555,18.726,18.332,18.415,777828.341624,14414274.621774731
2025-07-27 00:00:00,18.416,18.78,18.355,18.7,148454.051341,2760155.668871357
2025-07-27 04:00:00,18.699,19.074,18.669,18.781,97392.086509,1838499.997166043
2025-07-27 08:00:00,18.782,18.997,18.556,18.757,62630.306646,1175044.886218147
2025-07-27 12:00:00,18.753,18.944,18.647,18.851,33279.141528,624903.682313877
2025-07-27 16:00:00,18.853,19.114,18.842,19.007,52981.926621,1006603.060340814
2025-07-27 20:00:00,19.006,19.291,18.902,19.229,83855.308999,1605220.111081087
2025-07-28 00:00:00,19.242,19.419,18.928,19.13,111202.764196,2133737.506994301
2025-07-28 04:00:00,19.127,19.559,19.043,19.294,86423.930986,1675201.03904356
2025-07-28 08:00:00,19.293,19.346,18.928,19.086,63606.366293,1216527.246523188
2025-07-28 12:00:00,19.088,19.121,18.288,18.389,139519.462174,2594008.3863627
2025-07-28 16:00:00,18.389,18.503,18.093,18.214,83792.773781,1528609.334361613
2025-07-28 20:00:00,18.229,18.27,17.969,18.113,58612.375696,1061649.841336532
2025-07-29 00:00:00,18.116,18.309,17.886,18.265,135345.982457,2450760.678245321
2025-07-29 04:00:00,18.268,18.596,18.109,18.588,63961.998184,1173538.506488039
2025-07-29 08:00:00,18.594,18.665,18.007,18.131,113039.875937,2074659.120820585
2025-07-29 12:00:00,18.138,18.349,17.609,17.69,129918.01912,2327428.084357743
2025-07-29 16:00:00,17.687,17.927,17.479,17.703,134846.660703,2385960.801998693
2025-07-29 20:00:00,17.707,17.892,17.551,17.837,73302.677183,1300226.504481092
2025-07-30 00:00:00,17.831,17.958,17.622,17.838,54889.415437,978897.317743906
2025-07-30 04:00:00,17.844,17.894,17.628,17.705,46367.504559,823947.887455478
2025-07-30 08:00:00,17.709,17.824,17.209,17.299,96265.767223,1681850.224240822
2025-07-30 12:00:00,17.311,17.721,17.205,17.588,114480.072601,1997712.936235604
2025-07-30 16:00:00,17.6,17.794,16.762,17.472,180194.056616,3111782.34263366
2025-07-30 20:00:00,17.468,17.779,17.353,17.705,69000.911259,1216504.33775224
2025-07-31 00:00:00,17.705,18.085,17.636,18.059,113694.790771,2030586.561914186
2025-07-31 04:00:00,18.06,18.111,17.94,18.025,65434.441747,1179030.013227132
2025-07-31 08:00:00,18.029,18.232,17.924,17.977,53473.134052,969055.547867843
2025-07-31 12:00:00,17.98,18.004,17.323,17.524,103939.766665,1826283.779395376
2025-07-31 16:00:00,17.524,17.864,17.204,17.234,97878.943848,1709002.821893049
2025-07-31 20:00:00,17.227,17.293,16.852,16.927,92775.057548,1581955.348593764
2025-08-01 00:00:00,16.93,17.038,16.439,16.871,964166.836553,16156954.489478752
2025-08-01 04:00:00,16.871,16.873,16.503,16.636,156307.604405,2602473.85456035
2025-08-01 08:00:00,16.627,16.631,16.289,16.618,112483.428641,1853618.346741854
2025-08-01 12:00:00,16.61,16.802,16.154,16.634,154997.133144,2559372.775678632
2025-08-01 16:00:00,16.627,16.752,16.154,16.383,159329.960935,2607546.893357509
2025-08-01 20:00:00,16.38,16.435,15.661,16.071,384104.512394,6131224.109474963
2025-08-02 00:00:00,16.069,16.248,16.032,16.202,70454.873925,1139253.944330627
2025-08-02 04:00:00,16.198,16.249,15.78,16.148,48305.474689,773597.184088018
2025-08-02 08:00:00,16.142,16.172,15.835,16.034,48174.22173,768507.234107219
2025-08-02 12:00:00,16.028,16.096,15.728,15.786,40523.988213,645478.397802753
2025-08-02 16:00:00,15.78,15.923,15.434,15.582,119751.709129,1876300.420661602
2025-08-02 20:00:00,15.582,15.804,15.52,15.642,46479.442468,728006.593313175
2025-08-03 00:00:00,15.641,15.927,15.442,15.9,43457.170327,684150.009623183
2025-08-03 04:00:00,15.895,16.025,15.825,16.011,37275.756309,594234.132245133
2025-08-03 08:00:00,16.014,16.241,16.0,16.163,33177.329146,534733.454647981
2025-08-03 12:00:00,16.162,16.235,16.083,16.233,35576.919702,574820.877910628
2025-08-03 16:00:00,16.233,16.34,16.182,16.273,26385.005764,429082.203868284
2025-08-03 20:00:00,16.267,16.398,16.201,16.293,30883.518064,503158.767622387
2025-08-04 00:00:00,16.297,16.652,16.273,16.581,52222.690308,862988.74127119
2025-08-04 04:00:00,16.583,16.665,16.438,16.632,44979.134898,744564.631529178
2025-08-04 08:00:00,16.639,16.738,16.554,16.594,41307.637933,687378.141221169
2025-08-04 12:00:00,16.594,16.955,16.541,16.923,150090.918718,2522275.523444915
2025-08-04 16:00:00,16.923,17.2,16.809,16.847,75721.184983,1288905.299324434
2025-08-04 20:00:00,16.849,17.173,16.825,17.108,49488.073874,844729.440925987
2025-08-05 00:00:00,17.116,17.122,16.75,16.783,72132.378092,1220111.362727033
2025-08-05 04:00:00,16.783,16.904,16.441,16.504,78442.164686,1305959.260575595
2025-08-05 08:00:00,16.498,16.98,16.455,16.865,52806.574871,885039.159941579
2025-08-05 12:00:00,16.875,16.898,16.206,16.261,121102.260389,1995050.050054077
2025-08-05 16:00:00,16.256,16.44,16.214,16.267,53623.880558,875529.233812802
2025-08-05 20:00:00,16.274,16.428,16.079,16.385,36512.403103,594475.342653819
2025-08-06 00:00:00,16.387,16.388,16.056,16.102,26946.982635,435991.844175615
2025-08-06 04:00:00,16.099,16.53,16.033,16.506,63326.938521,1038134.385563261
2025-08-06 08:00:00,16.515,16.534,16.327,16.402,41720.803702,684561.757501782
2025-08-06 12:00:00,16.401,16.806,16.243,16.772,198000.527757,3273794.116402741
2025-08-06 16:00:00,16.773,16.9,16.615,16.784,101228.007676,1695723.828144555
2025-08-06 20:00:00,16.787,16.792,16.67,16.676,43967.338289,735737.034980173
2025-08-07 00:00:00,16.672,16.809,16.582,16.603,72628.403501,1211111.445001261
2025-08-07 04:00:00,16.597,16.84,16.595,16.825,88694.776826,1484605.674888958
2025-08-07 08:00:00,16.833,17.416,16.816,17.351,154707.951045,2647093.755456474
2025-08-07 12:00:00,17.346,18.093,17.307,17.836,236898.355665,4211431.108981264
2025-08-07 16:00:00,17.841,18.299,17.622,18.295,160390.499811,2878976.861168334
2025-08-07 20:00:00,18.296,18.5,18.183,18.472,162134.203061,2981940.138857586
2025-08-08 00:00:00,18.471,19.204,18.083,19.2,1659465.344889,30491842.9509565
2025-08-08 04:00:00,19.201,19.427,18.767,19.333,227277.856552,4355625.950003177
2025-08-08 08:00:00,19.326,19.511,19.158,19.495,157542.626713,3045118.774270667
2025-08-08 12:00:00,19.493,19.93,19.07,19.209,254129.871034,4973195.832964285
2025-08-08 16:00:00,19.208,19.75,19.078,19.748,116731.281871,2262683.78547177
2025-08-08 20:00:00,19.747,19.966,19.532,19.894,101239.666537,2003461.569254053
2025-08-09 00:00:00,19.89,20.942,19.786,20.876,327126.766131,6678505.570307499
2025-08-09 04:00:00,20.873,21.476,20.678,20.809,620472.340668,13068939.096554317
2025-08-09 08:00:00,20.805,21.185,20.708,20.884,183398.881075,3842267.277009384
2025-08-09 12:00:00,20.885,21.427,20.836,21.061,229411.120297,4844009.902423482
2025-08-09 16:00:00,21.069,21.454,21.069,21.221,132071.139797,2803653.536317753
2025-08-09 20:00:00,21.221,21.994,21.13,21.944,295342.717909,6374162.053712351
2025-08-10 00:00:00,21.945,22.202,21.241,21.492,301764.122308,6537491.5395348
2025-08-10 04:00:00,21.494,22.7,21.386,21.89,468772.36825,10361606.481304152
2025-08-10 08:00:00,21.892,22.308,21.535,21.572,342603.926062,7517038.866005884
2025-08-10 12:00:00,21.568,22.537,21.158,22.491,386857.794088,8478143.473965488
2025-08-10 16:00:00,22.489,22.673,22.024,22.134,247197.328522,5512926.385602662
2025-08-10 20:00:00,22.136,22.226,21.788,22.071,152590.647905,3360138.367785982
2025-08-11 00:00:00,22.071,22.431,21.815,22.32,284640.256461,6300929.688371274
2025-08-11 04:00:00,22.333,22.613,21.893,21.954,164177.015813,3657998.896499162
2025-08-11 08:00:00,21.951,22.071,21.207,21.288,199264.561539,4306064.110853147
2025-08-11 12:00:00,21.282,22.081,21.192,21.964,349531.184006,7572992.703220106
2025-08-11 16:00:00,21.963,22.261,21.25,21.384,181225.195093,3942573.357301129
2025-08-11 20:00:00,21.384,21.434,20.847,21.067,195428.872013,4125275.024590916
2025-08-12 00:00:00,21.067,21.725,21.038,21.45,171348.725635,3651382.83899733
2025-08-12 04:00:00,21.452,21.739,21.321,21.476,105659.641323,2271381.437367862
2025-08-12 08:00:00,21.491,21.659,21.006,21.291,166394.975266,3530596.374567966
2025-08-12 12:00:00,21.29,24.107,21.285,24.023,900325.8581,20552463.849156305
2025-08-12 16:00:00,24.03,24.2,23.168,23.416,280362.950147,6624729.218846689
2025-08-12 20:00:00,23.418,23.7,23.115,23.604,260600.797751,6107248.892574354
2025-08-13 00:00:00,23.604,24.576,23.303,24.538,401541.155037,9608530.115328047
2025-08-13 04:00:00,24.54,24.73,23.231,23.413,358196.581259,8567070.949352063
2025-08-13 08:00:00,23.41,24.398,23.341,24.182,478679.441228,11417809.674130524
2025-08-13 12:00:00,24.176,24.22,23.357,23.618,332552.738189,7871815.139967598
2025-08-13 16:00:00,23.616,23.939,23.493,23.771,215375.500259,5105835.751836579
2025-08-13 20:00:00,23.771,24.164,23.608,23.971,134047.10561,3210179.58643522
2025-08-14 00:00:00,23.976,24.312,23.774,24.246,209239.464509,5021792.80394053
2025-08-14 04:00:00,24.25,24.273,23.408,23.528,258673.250957,6152849.990830006
2025-08-14 08:00:00,23.539,23.808,23.207,23.345,214974.403248,5041544.009335255
2025-08-14 12:00:00,23.345,23.562,21.493,22.761,1044904.455606,23557300.92800545
2025-08-14 16:00:00,22.762,22.787,22.084,22.401,265933.965669,5963971.991910019
2025-08-14 20:00:00,22.403,22.567,21.852,22.453,99364.84401,2204760.619832212
2025-08-15 00:00:00,22.455,22.864,22.178,22.797,124453.543621,2804177.225654093
2025-08-15 04:00:00,22.801,23.04,22.442,22.579,171940.694173,3904237.358786745
2025-08-15 08:00:00,22.578,22.675,22.141,22.19,130439.745937,2921514.253113848
2025-08-15 12:00:00,22.194,22.623,21.425,21.594,409031.30007,9040550.484753532
2025-08-15 16:00:00,21.585,21.888,21.37,21.453,199365.542916,4310049.260732948
2025-08-15 20:00:00,21.456,22.034,21.367,21.758,93924.799283,2034429.729060072
2025-08-16 00:00:00,21.753,22.137,21.684,21.807,59096.603546,1296013.988600815
2025-08-16 04:00:00,21.811,22.147,21.513,22.05,89925.657114,1956718.066156871
2025-08-16 08:00:00,22.053,22.174,21.439,21.447,117126.540753,2549277.169349278
2025-08-16 12:00:00,21.457,22.133,21.403,22.008,129147.439536,2820718.643236663
2025-08-16 16:00:00,22.005,22.892,21.937,22.697,222441.842459,4994551.489438344
2025-08-16 20:00:00,22.698,22.969,22.555,22.636,82601.185324,1878429.4898247
2025-08-17 00:00:00,22.636,23.412,22.373,23.378,170917.185847,3926134.849172634
2025-08-17 04:00:00,23.382,24.555,23.358,24.286,488986.932441,11789701.112559106
2025-08-17 08:00:00,24.288,24.837,24.165,24.696,247569.912499,6085095.046648386
2025-08-17 12:00:00,24.696,26.311,24.432,26.294,781773.599862,19791239.757530645
2025-08-17 16:00:00,26.29,26.349,25.304,25.459,574375.204221,14885737.337241828
2025-08-17 20:00:00,25.458,25.943,25.413,25.642,261425.67614,6725226.769956395
2025-08-18 00:00:00,25.642,26.209,24.577,25.096,902475.1054,22859918.1062036
2025-08-18 04:00:00,25.094,25.122,24.276,24.706,461308.968219,11375439.438906088
2025-08-18 08:00:00,24.7,25.295,24.376,24.55,345162.760398,8554848.376905043
2025-08-18 12:00:00,24.545,25.941,24.48,25.375,726348.476523,18364522.887573868
2025-08-18 16:00:00,25.373,25.938,24.806,25.526,376714.4833,9536401.15323617
2025-08-18 20:00:00,25.52,26.727,25.118,25.787,510301.56232,13290999.8067508
2025-08-19 00:00:00,25.78,25.82,24.081,24.208,418690.717827,10442012.82370094
2025-08-19 04:00:00,24.203,24.649,23.901,24.29,414852.610849,10038226.872874059
2025-08-19 08:00:00,24.296,24.912,24.084,24.691,324275.742734,7910550.00885281
2025-08-19 12:00:00,24.691,24.943,23.858,24.276,502290.957697,12242371.082808807
2025-08-19 16:00:00,24.277,24.52,23.444,23.871,408505.625352,9764691.015408678
2025-08-19 20:00:00,23.875,24.055,23.464,23.561,211701.165979,5046314.713745482
2025-08-20 00:00:00,23.558,24.424,23.371,23.996,314265.678404,7482652.792137951
2025-08-20 04:00:00,23.994,24.848,23.987,24.425,220085.378793,5383889.468682135
2025-08-20 08:00:00,24.428,25.28,24.339,24.955,480706.81741,11997054.361273775
2025-08-20 12:00:00,24.952,26.464,24.576,25.95,801342.440598,20406652.378271922
2025-08-20 16:00:00,25.95,26.371,25.445,26.15,531561.161748,13739398.990837736
2025-08-20 20:00:00,26.156,26.888,26.036,26.46,392365.705551,10371785.080318885
2025-08-21 00:00:00,26.459,26.598,25.78,25.806,389970.448255,10215416.595136289
2025-08-21 04:00:00,25.814,25.869,25.499,25.71,198491.789548,5096688.338154119
2025-08-21 08:00:00,25.717,26.39,25.622,26.111,424819.171992,11065578.614462037
2025-08-21 12:00:00,26.11,26.239,24.973,25.082,534871.973794,13748968.154810535
2025-08-21 16:00:00,25.083,25.252,24.696,24.935,198943.415822,4962553.828225936
2025-08-21 20:00:00,24.94,25.147,24.642,24.822,127680.119206,3180630.342035665
2025-08-22 00:00:00,24.812,25.226,24.525,24.664,221066.878795,5498908.712055664
2025-08-22 04:00:00,24.671,25.197,24.628,25.043,153782.915939,3830680.642922716
2025-08-22 08:00:00,25.043,25.292,24.249,24.31,234610.412655,5821946.293384827
2025-08-22 12:00:00,24.306,26.76,24.112,26.461,1184937.532582,30582086.083920427
2025-08-22 16:00:00,26.459,27.859,26.456,27.173,667469.356028,18255570.06581405
2025-08-22 20:00:00,27.174,27.332,26.63,26.797,213543.337786,5755599.905208047
2025-08-23 00:00:00,26.801,26.827,25.856,25.94,264392.943067,6941864.929433137
2025-08-23 04:00:00,25.955,26.237,25.734,25.877,183839.890041,4787321.285417036
2025-08-23 08:00:00,25.878,26.019,25.584,25.668,165501.147642,4257104.646708651
2025-08-23 12:00:00,25.664,26.213,25.531,25.999,236538.50224,6128188.810001678
2025-08-23 16:00:00,26.003,26.205,25.831,26.128,96497.910416,2511263.89088431
2025-08-23 20:00:00,26.125,26.375,25.992,26.279,82793.055338,2168315.235712718
2025-08-24 00:00:00,26.28,26.325,25.714,25.911,154795.125062,4020287.503524539
2025-08-24 04:00:00,25.914,25.96,25.56,25.598,118985.04589,3062010.904129219
2025-08-24 08:00:00,25.608,25.756,25.281,25.476,123190.209165,3137773.670085243
2025-08-24 12:00:00,25.473,25.873,25.463,25.571,175865.22628,4513225.542667329
2025-08-24 16:00:00,25.567,26.619,25.23,26.08,508262.292312,13172565.499747686
2025-08-24 20:00:00,26.08,26.249,25.408,25.824,226504.909106,5856716.136457473
2025-08-25 00:00:00,25.824,26.464,25.324,25.94,297412.294664,7726104.849269115
2025-08-25 04:00:00,25.948,26.437,24.821,24.961,436710.511803,11194446.262207191
2025-08-25 08:00:00,24.976,25.176,24.334,24.597,255785.832976,6329856.251898213
2025-08-25 12:00:00,24.597,24.69,24.24,24.426,211412.624145,5178668.91639592
2025-08-25 16:00:00,24.421,24.806,23.639,23.663,255831.759743,6175546.541246878
2025-08-25 20:00:00,23.664,23.841,23.092,23.389,300463.451724,7025773.853407501
2025-08-26 00:00:00,23.386,23.632,23.076,23.165,219481.574324,5120566.833892808
2025-08-26 04:00:00,23.163,23.497,22.881,23.146,116147.835554,2694059.854322986
2025-08-26 08:00:00,23.143,23.76,22.902,23.552,219487.226579,5097706.365473241
2025-08-26 12:00:00,23.55,24.52,23.393,24.173,367211.092729,8831754.953137439
2025-08-26 16:00:00,24.179,24.457,23.946,24.355,88445.406781,2138636.392135785
2025-08-26 20:00:00,24.352,24.748,24.203,24.383,118409.799321,2897158.973437473
2025-08-27 00:00:00,24.384,24.535,24.005,24.341,110682.642281,2684328.897307401
2025-08-27 04:00:00,24.342,24.682,24.007,24.164,138357.937216,3361466.790178984
2025-08-27 08:00:00,24.166,24.657,23.97,24.37,122552.059222,2984519.587424446
2025-08-27 12:00:00,24.36,24.668,24.075,24.296,250875.930551,6101548.920343287
2025-08-27 16:00:00,24.3,24.594,24.028,24.18,134481.344998,3274201.914900158
2025-08-27 20:00:00,24.19,24.488,23.587,23.778,377766.00301,9078766.423538402
2025-08-28 00:00:00,23.775,23.948,23.566,23.91,109053.450058,2592831.019971282
2025-08-28 04:00:00,23.914,24.371,23.815,24.22,122929.239738,2970654.432065397
2025-08-28 08:00:00,24.229,24.462,23.595,23.888,177785.351463,4259283.916265434
2025-08-28 12:00:00,23.888,26.025,23.793,24.791,1741564.427243,43954010.46841028
2025-08-28 16:00:00,24.79,25.276,24.476,24.494,278074.131355,6927515.526488303
2025-08-28 20:00:00,24.497,25.408,24.425,25.18,160320.822212,3994208.279539149
2025-08-29 00:00:00,25.181,25.226,24.123,24.228,189844.494449,4652730.467038894
2025-08-29 04:00:00,24.226,24.279,23.397,23.544,518096.156996,12343548.600892637
2025-08-29 08:00:00,23.542,23.586,23.233,23.443,299173.631686,7004716.227019658
2025-08-29 12:00:00,23.444,24.132,23.121,23.443,391341.406289,9219192.291609664
2025-08-29 16:00:00,23.447,23.608,23.119,23.369,97333.833565,2275332.357600895
2025-08-29 20:00:00,23.36,23.51,23.129,23.412,95667.119212,2233220.874197514
2025-08-30 00:00:00,23.429,23.523,22.829,23.246,183921.826389,4248402.824559851
2025-08-30 04:00:00,23.246,23.53,23.177,23.372,103790.392722,2424774.643058807
2025-08-30 08:00:00,23.364,23.499,23.204,23.398,64051.40445,1495612.811736145
2025-08-30 12:00:00,23.396,23.447,22.959,23.414,87206.894591,2023787.029368978
2025-08-30 16:00:00,23.413,23.46,23.277,23.362,32922.473552,769192.041955822
2025-08-30 20:00:00,23.362,23.508,23.276,23.504,24310.561869,569507.504252527
2025-08-31 00:00:00,23.506,23.901,23.417,23.877,106796.336846,2532950.845869674
2025-08-31 04:00:00,23.885,23.951,23.645,23.724,106018.049389,2520182.333811141
2025-08-31 08:00:00,23.725,23.891,23.556,23.805,96695.611315,2292357.859157499
2025-08-31 12:00:00,23.801,24.059,23.602,23.78,148510.265456,3539840.481728663
2025-08-31 16:00:00,23.788,23.873,23.609,23.652,44458.52737,1055083.866106244
2025-08-31 20:00:00,23.658,23.732,23.187,23.205,109734.705471,2575083.871645927
2025-09-01 00:00:00,23.2,23.37,22.928,23.056,177243.387581,4095460.162129161
2025-09-01 04:00:00,23.053,23.633,22.715,23.595,177735.008124,4093218.734835638
2025-09-01 08:00:00,23.591,23.863,23.165,23.222,152574.923835,3593317.680655622
2025-09-01 12:00:00,23.221,23.353,22.731,22.789,102534.37297,2362782.612384924
2025-09-01 16:00:00,22.794,22.849,22.534,22.83,84785.553107,1925038.385820795
2025-09-01 20:00:00,22.834,22.834,22.086,22.518,214682.75721,4793323.956252259
2025-09-02 00:00:00,22.525,23.227,22.346,23.139,144580.699374,3289257.536660279
2025-09-02 04:00:00,23.135,23.525,23.089,23.236,106860.398296,2492768.26632818
2025-09-02 08:00:00,23.236,23.446,23.074,23.105,65747.707936,1529350.287706148
2025-09-02 12:00:00,23.1,23.538,22.641,22.845,315629.777453,7280194.764524152
2025-09-02 16:00:00,22.844,23.157,22.786,23.063,96240.086293,2211423.766836857
2025-09-02 20:00:00,23.059,23.598,23.022,23.495,69216.033312,1620103.822227681
2025-09-03 00:00:00,23.491,23.612,23.218,23.418,64174.925089,1504313.358207424
2025-09-03 04:00:00,23.413,23.497,23.22,23.285,47797.283616,1115721.897486047
2025-09-03 08:00:00,23.283,23.612,23.225,23.496,65593.617969,1537713.676881718
2025-09-03 12:00:00,23.496,23.83,23.375,23.815,182067.393159,4300985.464762823
2025-09-03 16:00:00,23.818,23.91,23.618,23.844,104075.54608,2473997.542045274
2025-09-03 20:00:00,23.85,23.854,23.666,23.697,42511.21542,1009400.386218032
2025-09-04 00:00:00,23.694,23.96,23.498,23.538,64861.818492,1538072.502361775
2025-09-04 04:00:00,23.54,23.567,23.142,23.28,75303.347958,1755199.580305583
2025-09-04 08:00:00,23.274,23.436,23.186,23.292,71964.029514,1678590.452792194
2025-09-04 12:00:00,23.292,23.4,22.457,22.482,143338.328109,3286364.633531476
2025-09-04 16:00:00,22.478,22.553,22.191,22.267,71135.765208,1594276.192018929
2025-09-04 20:00:00,22.268,22.627,22.239,22.316,91902.263513,2065160.673554061
2025-09-05 00:00:00,22.311,22.499,22.266,22.496,67937.67199,1520281.445797705
2025-09-05 04:00:00,22.496,23.102,22.4,23.076,102241.280708,2326547.836194385
2025-09-05 08:00:00,23.073,23.08,22.668,22.824,129603.26535,2954537.589185007
2025-09-05 12:00:00,22.828,23.234,22.1,22.238,390145.422393,8877216.531343212
2025-09-05 16:00:00,22.235,22.478,22.044,22.478,105550.236549,2346982.327876507
2025-09-05 20:00:00,22.477,22.554,22.218,22.293,61251.925772,1369920.570334555
2025-09-06 00:00:00,22.288,22.518,22.253,22.407,30857.116707,692060.709779538
2025-09-06 04:00:00,22.406,22.414,22.139,22.217,43403.014516,965001.949755427
2025-09-06 08:00:00,22.217,22.285,22.073,22.276,58959.550523,1307132.027389799
2025-09-06 12:00:00,22.277,22.338,22.042,22.072,44063.486554,977701.43830471
2025-09-06 16:00:00,22.064,22.295,21.867,21.896,63797.546926,1407088.585508878
2025-09-06 20:00:00,21.903,22.296,21.889,22.199,30100.066064,666560.295421366
2025-09-07 00:00:00,22.201,22.442,22.183,22.373,43788.427109,978099.972566441
2025-09-07 04:00:00,22.384,22.465,22.251,22.302,36524.590743,816236.270367786
2025-09-07 08:00:00,22.302,22.465,22.134,22.381,101505.665284,2261212.646959428
2025-09-07 12:00:00,22.374,22.465,22.226,22.41,63132.389118,1409438.112697376
2025-09-07 16:00:00,22.411,22.416,22.126,22.212,19062.064752,424192.39092629
2025-09-07 20:00:00,22.212,22.613,22.173,22.461,42414.567702,951026.092335379
2025-09-08 00:00:00,22.462,22.795,22.232,22.594,112424.50357,2524309.438764899
2025-09-08 04:00:00,22.598,22.621,22.336,22.405,39916.571798,895897.791003647
2025-09-08 08:00:00,22.406,23.201,22.361,22.986,225075.529714,5149595.433796542
2025-09-08 12:00:00,22.993,23.3,22.899,23.217,136763.988433,3162306.537864844
2025-09-08 16:00:00,23.211,23.304,22.896,22.986,52996.944261,1224346.076007206
2025-09-08 20:00:00,22.988,23.187,22.843,23.046,55878.623711,1287773.846027239
2025-09-09 00:00:00,23.04,23.306,22.852,23.181,115463.50008,2664475.334250166
2025-09-09 04:00:00,23.179,23.785,23.085,23.668,188104.477325,4428302.918167807
2025-09-09 08:00:00,23.679,23.817,23.518,23.526,108945.893655,2576744.080226669
2025-09-09 12:00:00,23.53,23.76,22.828,22.93,257034.140058,6005861.586047969
2025-09-09 16:00:00,22.931,23.111,22.85,23.076,55937.091914,1285745.678575207
2025-09-09 20:00:00,23.073,23.195,22.951,23.055,42908.562831,991007.131043082
2025-09-10 00:00:00,23.053,23.419,22.885,23.392,104545.827925,2422608.876640806
2025-09-10 04:00:00,23.392,23.666,23.15,23.442,106574.010886,2493141.307070619
2025-09-10 08:00:00,23.44,23.529,23.289,23.355,61134.141054,1429526.731945948
2025-09-10 12:00:00,23.359,23.945,23.343,23.681,250390.373246,5932161.731412837
2025-09-10 16:00:00,23.679,23.703,23.205,23.323,75331.441591,1767819.975097506
2025-09-10 20:00:00,23.321,23.625,23.306,23.572,72127.05211,1695685.312958754
2025-09-11 00:00:00,23.576,23.846,23.43,23.805,88752.360117,2097629.061334805
2025-09-11 04:00:00,23.808,23.899,23.652,23.827,71678.025849,1703998.686661067
2025-09-11 08:00:00,23.823,23.85,23.687,23.76,75021.647169,1783528.97551986
2025-09-11 12:00:00,23.765,24.262,23.311,23.52,484543.374598,11497738.96163878
2025-09-11 16:00:00,23.526,23.984,23.517,23.94,83841.483317,1991011.089528802
2025-09-11 20:00:00,23.941,24.494,23.885,24.463,113055.669906,2740811.750429609
2025-09-12 00:00:00,24.463,24.749,24.348,24.685,165748.615473,4071583.907688399
2025-09-12 04:00:00,24.675,24.822,24.522,24.529,107159.005371,2643619.983695066
2025-09-12 08:00:00,24.532,24.545,24.294,24.315,136536.454918,3332040.71772664
2025-09-12 12:00:00,24.316,24.669,24.17,24.489,176693.255912,4326699.138421413
2025-09-12 16:00:00,24.483,25.147,24.429,25.119,130253.915953,3229103.950259121
2025-09-12 20:00:00,25.12,25.326,24.921,25.121,108941.914847,2735789.939360817
2025-09-13 00:00:00,25.125,25.299,24.932,25.235,122922.100734,3088997.704519716
2025-09-13 04:00:00,25.231,25.235,25.0,25.167,77214.065813,1940121.35907411
2025-09-13 08:00:00,25.179,25.637,25.101,25.29,229139.237549,5812068.598007713
2025-09-13 12:00:00,25.288,25.4,24.695,24.827,164164.722494,4100805.042033624
2025-09-13 16:00:00,24.831,24.912,24.436,24.751,87936.38808,2171976.425495316
2025-09-13 20:00:00,24.754,24.979,24.752,24.89,54220.247105,1349179.949196653
2025-09-14 00:00:00,24.885,25.018,24.636,24.67,65244.507426,1619371.138510591
2025-09-14 04:00:00,24.673,24.886,24.48,24.608,78375.400737,1936450.968449386
2025-09-14 08:00:00,24.605,24.77,24.321,24.358,69178.895369,1700869.546019219
2025-09-14 12:00:00,24.366,24.492,23.841,24.045,120415.424175,2904027.588794783
2025-09-14 16:00:00,24.039,24.264,24.001,24.16,64106.352776,1548457.894118692
2025-09-14 20:00:00,24.154,24.393,24.046,24.096,70237.313152,1702087.371458643
2025-09-15 00:00:00,24.09,24.311,23.906,24.266,61969.96101,1496655.375877249
2025-09-15 04:00:00,24.264,24.428,23.758,23.857,136128.824146,3290217.125418479
2025-09-15 08:00:00,23.855,23.859,23.187,23.422,260455.538896,6105713.903345049
2025-09-15 12:00:00,23.422,23.448,22.994,23.171,161179.263274,3750127.648920463
2025-09-15 16:00:00,23.165,23.41,22.977,23.35,56227.645115,1302774.27060014
2025-09-15 20:00:00,23.35,23.866,23.327,23.567,48149.885408,1138484.624831858
2025-09-16 00:00:00,23.56,23.63,23.364,23.364,57044.022693,1341220.969358693
2025-09-16 04:00:00,23.365,23.579,23.158,23.49,49597.656684,1160512.512438808
2025-09-16 08:00:00,23.492,23.761,23.491,23.617,94226.402249,2228193.676262188
2025-09-16 12:00:00,23.62,23.695,23.1,23.461,83594.273316,1951556.253939655
2025-09-16 16:00:00,23.467,23.742,23.254,23.58,101762.34023,2397122.417487047
2025-09-16 20:00:00,23.58,23.753,23.461,23.49,64160.960246,1514451.82742348
2025-09-17 00:00:00,23.487,23.635,23.295,23.302,72545.749698,1703790.016601718
2025-09-17 04:00:00,23.309,23.616,23.201,23.554,58950.335492,1380652.822972653
2025-09-17 08:00:00,23.563,23.568,23.011,23.086,124757.802413,2893061.725513317
2025-09-17 12:00:00,23.081,23.117,22.77,22.971,167229.305435,3835709.655569033
2025-09-17 16:00:00,22.963,23.498,22.75,23.455,311322.928491,7187776.091018725
2025-09-17 20:00:00,23.45,24.24,23.246,23.985,172505.823802,4099211.414212038
2025-09-18 00:00:00,24.0,24.185,23.834,24.129,71232.236355,1709563.475404274
2025-09-18 04:00:00,24.13,24.163,23.684,23.963,95317.745833,2278984.619543659
2025-09-18 08:00:00,23.963,24.426,23.92,24.209,90207.002993,2184733.046759005
2025-09-18 12:00:00,24.208,24.496,24.063,24.462,107101.614318,2603511.694692008
2025-09-18 16:00:00,24.465,24.602,24.341,24.487,55624.190408,1362041.32984864
2025-09-18 20:00:00,24.486,24.746,24.455,24.63,58783.26087,1446153.207873959
2025-09-19 00:00:00,24.63,24.882,24.418,24.47,97958.881556,2418378.745292871
2025-09-19 04:00:00,24.47,24.842,24.232,24.743,148162.542125,3627082.975298012
2025-09-19 08:00:00,24.726,24.855,23.809,23.86,141520.68134,3437274.830895356
2025-09-19 12:00:00,23.853,23.993,23.331,23.604,178864.247034,4235914.019497336
2025-09-19 16:00:00,23.6,23.715,23.271,23.391,50633.547955,1189238.507015358
2025-09-19 20:00:00,23.385,23.668,23.367,23.477,56570.764608,1330270.696499546
2025-09-20 00:00:00,23.478,23.654,23.345,23.417,51084.290005,1199362.121506617
2025-09-20 04:00:00,23.419,23.586,23.365,23.507,58550.772686,1373096.323229278
2025-09-20 08:00:00,23.507,23.507,23.142,23.3,83950.30435,1953723.360351161
2025-09-20 12:00:00,23.298,23.58,23.092,23.417,80597.291802,1879948.072829691
2025-09-20 16:00:00,23.427,23.487,23.232,23.299,31244.679714,729688.210251154
2025-09-20 20:00:00,23.293,23.459,23.279,23.332,12793.187386,298972.793351413
2025-09-21 00:00:00,23.332,23.421,23.24,23.377,18538.902852,432616.029870461
2025-09-21 04:00:00,23.383,23.486,23.277,23.35,36378.741937,849961.266352533
2025-09-21 08:00:00,23.36,23.402,23.03,23.119,72705.267922,1684609.605490543
2025-09-21 12:00:00,23.119,23.268,23.05,23.084,27932.504453,646560.025152485
2025-09-21 16:00:00,23.089,23.198,22.903,23.172,37863.367864,871958.357253549
2025-09-21 20:00:00,23.175,23.192,22.924,22.954,14957.982994,344525.370456276
2025-09-22 00:00:00,22.952,23.048,21.87,22.176,259919.581561,5805639.327172151
2025-09-22 04:00:00,22.176,22.239,20.121,21.276,700007.728071,14719344.047325252
2025-09-22 08:00:00,21.283,21.397,21.051,21.195,197520.409711,4198725.240634202
2025-09-22 12:00:00,21.201,21.607,21.163,21.194,191883.780756,4106086.237579581
2025-09-22 16:00:00,21.197,21.348,21.111,21.168,77534.060463,1647004.053093403
2025-09-22 20:00:00,21.168,21.671,21.143,21.654,69627.269565,1497835.365809707
2025-09-23 00:00:00,21.651,21.762,21.18,21.568,95046.764768,2043743.742949458
2025-09-23 04:00:00,21.569,21.897,21.36,21.796,86621.868476,1879157.652284421
2025-09-23 08:00:00,21.799,21.878,21.684,21.783,46467.499326,1012153.518935301
2025-09-23 12:00:00,21.781,22.043,21.699,21.854,124402.503101,2715784.132182868
2025-09-23 16:00:00,21.866,21.995,21.536,21.582,101546.512266,2209729.308636482
2025-09-23 20:00:00,21.568,21.814,21.473,21.514,69829.583241,1510704.808503312
2025-09-24 00:00:00,21.518,21.684,21.15,21.283,111905.717365,2396839.209596607
2025-09-24 04:00:00,21.283,21.831,20.986,21.718,858895.878283,18606516.10523998
2025-09-24 08:00:00,21.72,21.885,21.633,21.776,59950.811474,1302314.227700299
2025-09-24 12:00:00,21.776,21.959,21.552,21.761,106626.231673,2318641.937578558
2025-09-24 16:00:00,21.765,21.962,21.713,21.831,62776.84658,1370284.05793063
2025-09-24 20:00:00,21.825,21.853,21.555,21.608,37505.856941,813625.522553413
2025-09-25 00:00:00,21.609,21.66,21.129,21.303,154376.121294,3301700.771033429
2025-09-25 04:00:00,21.294,21.357,20.896,20.965,132685.937941,2796632.231295298
2025-09-25 08:00:00,20.967,21.157,20.715,20.748,151711.40678,3176150.211911434
2025-09-25 12:00:00,20.744,21.146,20.38,20.883,243427.700008,5052366.88636551
2025-09-25 16:00:00,20.871,20.903,19.833,20.398,204553.452098,4144180.46494005
2025-09-25 20:00:00,20.408,20.546,19.987,20.147,164825.817028,3341193.135360461
2025-09-26 00:00:00,20.144,20.607,20.1,20.554,91038.466948,1859968.131036016
2025-09-26 04:00:00,20.551,20.636,20.23,20.356,69595.525238,1420058.578790492
2025-09-26 08:00:00,20.365,20.538,19.934,20.186,151174.182546,3055011.583242323
2025-09-26 12:00:00,20.175,20.655,20.002,20.597,227561.841916,4644137.855727445
2025-09-26 16:00:00,20.59,21.241,20.575,20.971,245852.258987,5138361.501900477
2025-09-26 20:00:00,20.978,21.125,20.897,21.078,29890.576845,627709.393388637
2025-09-27 00:00:00,21.072,21.12,20.964,21.08,42406.84188,893179.084801302
2025-09-27 04:00:00,21.081,21.152,20.901,20.953,66818.328624,1402631.076204062
2025-09-27 08:00:00,20.953,21.103,20.828,20.989,42925.017194,900322.833231638
2025-09-27 12:00:00,20.997,21.056,20.849,20.948,47802.799725,1001254.669877632
2025-09-27 16:00:00,20.949,20.954,20.726,20.845,48234.296653,1003177.606229128
2025-09-27 20:00:00,20.845,21.087,20.815,20.903,42575.83942,891431.138348272
2025-09-28 00:00:00,20.917,20.943,20.64,20.715,34761.365229,721378.132004585
2025-09-28 04:00:00,20.717,20.822,20.634,20.735,53149.163315,1102138.327842502
2025-09-28 08:00:00,20.728,20.784,20.499,20.557,52567.992197,1082170.839720305
2025-09-28 12:00:00,20.561,20.989,20.428,20.98,154265.173778,3178147.963565588
2025-09-28 16:00:00,20.98,21.328,20.98,21.211,81610.965623,1727371.97212926
2025-09-28 20:00:00,21.212,21.714,21.184,21.678,64250.790719,1379414.55858277
2025-09-29 00:00:00,21.676,21.685,21.384,21.48,40841.179346,878330.148364548
2025-09-29 04:00:00,21.488,21.488,21.15,21.25,61530.001281,1312792.425852655
2025-09-29 08:00:00,21.258,21.405,21.062,21.191,61890.418289,1316417.331003704
2025-09-29 12:00:00,21.189,21.691,20.91,21.387,172715.570538,3693294.982344898
2025-09-29 16:00:00,21.397,21.748,21.201,21.718,76676.647794,1648402.665576477
2025-09-29 20:00:00,21.712,21.893,21.677,21.73,61700.064681,1345298.327347764
2025-09-30 00:00:00,21.728,21.869,21.438,21.468,90444.607857,1955595.490234623
2025-09-30 04:00:00,21.472,21.694,21.35,21.418,99634.328963,2147466.431179176
2025-09-30 08:00:00,21.416,21.503,21.24,21.416,82222.031367,1754775.682425847
2025-09-30 12:00:00,21.412,21.499,20.963,21.096,113846.482104,2416444.578694652
2025-09-30 16:00:00,21.102,21.553,20.999,21.538,151197.625558,3205894.237147353
2025-09-30 20:00:00,21.538,21.688,21.291,21.309,76541.599638,1643119.555439996
2025-10-01 00:00:00,21.311,21.579,21.065,21.173,143376.130401,3057667.006301284
2025-10-01 04:00:00,21.176,21.392,21.13,21.331,64988.169922,1382240.82152011
2025-10-01 08:00:00,21.331,22.285,21.312,22.231,253215.592784,5589457.135416674
2025-10-01 12:00:00,22.233,22.488,22.12,22.399,90161.130027,2011125.024367116
2025-10-01 16:00:00,22.4,22.631,22.296,22.537,74576.114048,1676061.747561431
2025-10-01 20:00:00,22.536,22.613,22.257,22.577,76762.404725,1721395.331767122
2025-10-02 00:00:00,22.584,22.8,22.424,22.699,107510.084962,2433685.626751242
2025-10-02 04:00:00,22.7,22.851,22.556,22.567,62451.160963,1419341.844979741
2025-10-02 08:00:00,22.576,22.623,22.367,22.41,81816.953821,1840269.216586671
2025-10-02 12:00:00,22.401,22.57,21.937,22.42,192349.065155,4286882.305381913
2025-10-02 16:00:00,22.422,23.134,22.384,22.927,153830.065065,3508840.406157537
2025-10-02 20:00:00,22.933,22.969,22.652,22.777,66817.66831,1522076.127758346
2025-10-03 00:00:00,22.778,22.873,22.543,22.59,109575.884963,2484080.788086064
2025-10-03 04:00:00,22.599,22.707,22.298,22.384,82528.802133,1856196.188555427
2025-10-03 08:00:00,22.384,22.43,22.224,22.269,69045.584014,1542327.009953417
2025-10-03 12:00:00,22.27,22.751,22.094,22.716,127263.549884,2844375.146467343
2025-10-03 16:00:00,22.725,23.085,22.105,22.626,268492.513882,6046253.524601299
2025-10-03 20:00:00,22.626,22.713,22.486,22.503,73215.158718,1653589.577477496
2025-10-04 00:00:00,22.505,22.615,22.153,22.222,78053.136307,1744604.657402745
2025-10-04 04:00:00,22.222,22.283,22.05,22.078,64648.080252,1433871.444841604
2025-10-04 08:00:00,22.075,22.075,21.765,21.855,72270.013779,1582460.628554283
2025-10-04 12:00:00,21.848,22.176,21.781,21.842,107053.772896,2353109.88997964
2025-10-04 16:00:00,21.845,22.029,21.824,21.997,52273.447605,1145478.755566861
2025-10-04 20:00:00,21.997,22.136,21.985,22.021,25290.119861,557872.862730125
2025-10-05 00:00:00,22.021,22.602,21.933,22.362,88716.416288,1980638.120379864
2025-10-05 04:00:00,22.352,22.846,22.333,22.815,122843.996778,2777296.24384834
2025-10-05 08:00:00,22.824,22.941,22.489,22.752,158379.749488,3602934.395039189
2025-10-05 12:00:00,22.752,22.76,22.401,22.467,50807.085602,1146910.64030161
2025-10-05 16:00:00,22.468,22.638,21.895,21.942,100452.984084,2233205.918596302
2025-10-05 20:00:00,21.936,22.148,21.891,22.0,40232.905528,886565.620133776
2025-10-06 00:00:00,22.009,22.209,21.504,21.888,250505.653135,5467967.767168466
2025-10-06 04:00:00,21.891,22.157,21.749,21.925,59379.933994,1304589.501051431
2025-10-06 08:00:00,21.927,22.24,21.927,22.122,81103.367585,1792991.635626668
2025-10-06 12:00:00,22.122,22.98,22.122,22.833,184147.465157,4180881.116025684
2025-10-06 16:00:00,22.835,23.523,22.781,23.445,241213.665421,5602582.760649132
2025-10-06 20:00:00,23.439,23.599,23.263,23.374,147899.927486,3466991.054335255
2025-10-07 00:00:00,23.375,23.729,23.331,23.355,158256.962624,3719613.192112224
2025-10-07 04:00:00,23.353,23.65,22.821,22.854,183824.469509,4268330.537753594
2025-10-07 08:00:00,22.857,22.907,22.569,22.859,130617.064003,2972725.725608152
2025-10-07 12:00:00,22.855,23.081,21.849,21.996,430730.517918,9648115.603132049
2025-10-07 16:00:00,21.998,22.2,21.799,21.869,94807.149528,2081977.103998347
2025-10-07 20:00:00,21.88,22.186,21.749,21.809,136928.533995,3016003.201933189
2025-10-08 00:00:00,21.807,22.153,21.656,21.746,95564.081194,2097496.437890024
2025-10-08 04:00:00,21.749,21.967,21.628,21.91,100736.849347,2196500.080620805
2025-10-08 08:00:00,21.912,22.163,21.868,22.06,70145.564505,1544858.548770523
2025-10-08 12:00:00,22.06,22.354,21.845,21.994,127815.331088,2825746.504167843
2025-10-08 16:00:00,22.0,22.567,21.954,22.491,116402.698525,2607746.741613002
2025-10-08 20:00:00,22.487,22.672,22.394,22.628,57676.455851,1300099.478459336
2025-10-09 00:00:00,22.63,22.677,21.952,22.265,150428.798304,3356404.942722981
2025-10-09 04:00:00,22.267,22.492,21.937,21.964,75728.67855,1685640.210020027
2025-10-09 08:00:00,21.972,21.973,21.59,21.725,104483.986313,2270165.268996055
2025-10-09 12:00:00,21.732,22.035,21.326,21.5,144826.505895,3128478.773208787
2025-10-09 16:00:00,21.501,21.909,21.321,21.726,96003.16834,2075835.659378791
2025-10-09 20:00:00,21.729,22.126,21.7,21.993,40482.147276,888340.905348902
2025-10-10 00:00:00,21.993,22.599,21.979,22.406,144541.075068,3219489.258310302
2025-10-10 04:00:00,22.4,22.617,22.253,22.3,93968.309809,2107226.127729602
2025-10-10 08:00:00,22.3,22.778,22.266,22.407,117805.374341,2655289.808903319
2025-10-10 12:00:00,22.407,22.782,21.214,21.366,379614.890895,8305561.982213625
2025-10-10 16:00:00,21.372,21.548,20.391,20.494,322103.577404,6771278.164919294
2025-10-10 20:00:00,20.494,20.694,8.0,17.229,4936870.688467,78259656.4319576
2025-10-11 00:00:00,17.238,18.125,16.821,17.465,1451089.285685,25267191.607141864
2025-10-11 04:00:00,17.468,17.844,17.312,17.73,425113.785379,7476793.516545362
2025-10-11 08:00:00,17.728,18.508,17.644,18.052,383633.321315,6970659.205920512
2025-10-11 12:00:00,18.046,18.12,17.405,17.975,259989.999776,4620686.0572922
2025-10-11 16:00:00,17.973,18.145,17.106,17.276,284800.650592,5041865.038712114
2025-10-11 20:00:00,17.273,17.317,16.6,17.194,384884.906913,6562838.637913832
2025-10-12 00:00:00,17.196,17.247,16.685,17.074,209521.637075,3560577.213775906
2025-10-12 04:00:00,17.081,17.518,17.035,17.395,144247.38762,2503612.693464034
2025-10-12 08:00:00,17.401,17.571,17.174,17.4,145181.419815,2522042.172464933
2025-10-12 12:00:00,17.4,18.806,17.227,18.77,572704.983907,10358954.524536064
2025-10-12 16:00:00,18.773,19.369,18.769,19.358,324031.255426,6189102.288774089
2025-10-12 20:00:00,19.357,19.427,18.809,18.992,166069.201963,3172774.727992938
2025-10-13 00:00:00,18.998,19.258,18.744,19.022,139340.53315,2648043.397728398
2025-10-13 04:00:00,19.025,19.677,18.902,19.536,180977.279824,3488974.443351646
2025-10-13 08:00:00,19.537,19.774,18.951,19.204,206975.298471,4026884.128128271
2025-10-13 12:00:00,19.197,19.839,19.067,19.73,530557.467185,10351167.6087283
2025-10-13 16:00:00,19.738,20.116,19.466,20.051,252073.039689,4984411.000057255
2025-10-13 20:00:00,20.046,20.193,19.832,19.841,70789.613594,1419321.142407771
2025-10-14 00:00:00,19.852,20.067,19.311,19.469,184488.639048,3635791.367187609
2025-10-14 04:00:00,19.469,19.534,18.292,18.56,390073.400325,7349681.631201903
2025-10-14 08:00:00,18.56,18.753,18.083,18.581,218394.085952,4035647.190234798
2025-10-14 12:00:00,18.584,19.05,18.15,19.042,342586.966945,6341422.485476615
2025-10-14 16:00:00,19.048,19.365,18.627,18.882,250364.962193,4767162.564226886
2025-10-14 20:00:00,18.885,19.176,18.805,19.11,69219.212203,1315024.252642856
2025-10-15 00:00:00,19.103,19.247,18.839,18.918,133684.777194,2543237.924871797
2025-10-15 04:00:00,18.918,19.152,18.837,18.871,109497.532236,2077630.549294063
2025-10-15 08:00:00,18.867,19.253,18.563,18.689,222838.141488,4218254.875856832
2025-10-15 12:00:00,18.684,18.732,18.0,18.128,274148.151738,5049129.273496235
2025-10-15 16:00:00,18.128,18.251,17.844,18.035,180145.884248,3253962.365359682
2025-10-15 20:00:00,18.035,18.121,17.728,18.061,136981.607874,2459074.614427911
2025-10-16 00:00:00,18.055,18.2,17.922,18.035,85385.841694,1543077.983460099
2025-10-16 04:00:00,18.038,18.208,17.913,18.045,90985.659887,1645592.394258747
2025-10-16 08:00:00,18.053,18.493,17.538,18.487,250749.988158,4514212.612964287
2025-10-16 12:00:00,18.489,18.625,17.601,17.66,256762.559031,4676204.120622427
2025-10-16 16:00:00,17.659,18.083,17.26,17.395,247730.303372,4374835.033234486
2025-10-16 20:00:00,17.395,17.472,17.109,17.429,172112.109766,2977689.33561125
2025-10-17 00:00:00,17.429,17.689,17.361,17.513,75888.726524,1328609.473028732
2025-10-17 04:00:00,17.518,17.53,16.179,16.207,299060.682799,4998074.791528899
2025-10-17 08:00:00,16.209,16.593,15.692,16.535,959843.190325,15312357.695337616
2025-10-17 12:00:00,16.53,16.695,16.143,16.627,307295.632842,5063844.9967353
2025-10-17 16:00:00,16.628,16.86,16.247,16.384,176436.042914,2916247.833083085
2025-10-17 20:00:00,16.385,16.768,16.334,16.605,201864.594643,3340278.3922881
2025-10-18 00:00:00,16.605,16.895,16.588,16.779,112300.240549,1882987.901347621
2025-10-18 04:00:00,16.796,17.004,16.575,16.706,111392.352442,1867135.881340812
2025-10-18 08:00:00,16.71,16.936,16.693,16.877,76512.616493,1289147.079900028
2025-10-18 12:00:00,16.879,16.978,16.616,16.789,60659.866423,1018241.557522298
2025-10-18 16:00:00,16.794,16.901,16.636,16.848,80072.576053,1342738.704434231
2025-10-18 20:00:00,16.847,16.955,16.757,16.815,25777.678016,434327.03050142
2025-10-19 00:00:00,16.814,16.891,16.645,16.859,43108.98865,722187.808033062
2025-10-19 04:00:00,16.859,16.912,16.663,16.796,78334.171708,1315635.869881412
2025-10-19 08:00:00,16.799,17.3,16.533,17.144,268763.500311,4542029.464164472
2025-10-19 12:00:00,17.15,17.544,17.035,17.408,162122.302182,2806608.636871006
2025-10-19 16:00:00,17.406,17.661,17.319,17.451,171396.433714,2996921.661521818
2025-10-19 20:00:00,17.451,17.55,17.242,17.283,72961.153109,1269338.452417249
2025-10-20 00:00:00,17.282,17.683,16.934,17.616,142576.939168,2452109.973091281
2025-10-20 04:00:00,17.619,18.959,17.576,18.619,539757.15152,9898807.815903053
2025-10-20 08:00:00,18.621,19.038,18.569,19.006,307928.420795,5794427.852532447
2025-10-20 12:00:00,19.005,19.183,18.756,18.769,376146.300432,7143298.357574626
2025-10-20 16:00:00,18.767,18.93,18.431,18.844,244795.602941,4569798.277663402
2025-10-20 20:00:00,18.851,18.951,18.605,18.654,115183.464694,2158970.992722655
2025-10-21 00:00:00,18.656,18.96,18.131,18.148,359367.503396,6697086.11056517
2025-10-21 04:00:00,18.153,18.165,17.672,18.069,320647.672904,5729824.85958186
2025-10-21 08:00:00,18.068,18.107,17.801,18.068,134909.467315,2423295.043819448
2025-10-21 12:00:00,18.065,18.964,17.834,18.803,472211.647677,8712912.337412858
2025-10-21 16:00:00,18.804,18.9,18.067,18.175,296361.735038,5463178.075905527
2025-10-21 20:00:00,18.184,18.214,17.539,17.607,286982.37843,5107241.331801196
2025-10-22 00:00:00,17.605,17.734,17.428,17.633,113022.758459,1990472.066263263
2025-10-22 04:00:00,17.63,17.842,17.435,17.614,173490.090512,3056564.176501613
2025-10-22 08:00:00,17.619,17.619,17.13,17.408,193368.028369,3364419.205811064
2025-10-22 12:00:00,17.414,17.603,17.145,17.477,279201.246496,4844403.857114298
2025-10-22 16:00:00,17.476,17.504,17.096,17.253,164990.178969,2853641.697123285
2025-10-22 20:00:00,17.253,17.28,16.711,17.204,319005.116773,5429840.946022115
2025-10-23 00:00:00,17.206,17.369,17.178,17.262,50347.702527,870027.254279176
2025-10-23 04:00:00,17.274,17.678,17.252,17.57,117237.963364,2054646.117342835
2025-10-23 08:00:00,17.582,17.706,17.266,17.301,176448.669205,3074334.284158037
2025-10-23 12:00:00,17.296,17.548,17.102,17.407,187542.837404,3240588.33973112
2025-10-23 16:00:00,17.414,17.791,17.357,17.472,140541.946438,2470748.010303284
2025-10-23 20:00:00,17.471,17.472,17.185,17.431,101063.167822,1753706.01687297
2025-10-24 00:00:00,17.431,17.486,17.291,17.343,91852.443828,1598113.862601024
2025-10-24 04:00:00,17.344,17.74,17.307,17.647,101537.631571,1788346.459781679
2025-10-24 08:00:00,17.644,17.8,17.539,17.735,89109.614308,1575722.735340654
2025-10-24 12:00:00,17.733,18.098,17.459,17.559,204251.361735,3630188.62549819
2025-10-24 16:00:00,17.556,17.862,17.474,17.784,208612.835536,3710029.548916136
2025-10-24 20:00:00,17.788,17.991,17.774,17.902,54996.123222,984028.860688577
2025-10-25 00:00:00,17.898,17.973,17.796,17.808,37823.643184,675695.295817786
2025-10-25 04:00:00,17.802,18.02,17.802,17.877,74079.216413,1326902.488381951
2025-10-25 08:00:00,17.88,18.036,17.865,17.995,44970.269435,807450.55052205
2025-10-25 12:00:00,17.992,18.085,17.943,17.989,40826.299845,735664.980900813
2025-10-25 16:00:00,17.99,18.202,17.953,18.19,32815.366971,593990.271186893
2025-10-25 20:00:00,18.199,18.248,17.987,18.015,42697.689552,772837.345023629
2025-10-26 00:00:00,18.019,18.029,17.69,17.736,63267.919391,1128714.009311772
2025-10-26 04:00:00,17.742,17.869,17.718,17.865,40803.973235,725882.958774351
2025-10-26 08:00:00,17.857,18.342,17.857,18.312,103318.071909,1870962.551462117
2025-10-26 12:00:00,18.331,18.49,18.232,18.336,104484.024985,1916694.244003829
2025-10-26 16:00:00,18.337,18.341,18.102,18.177,90649.145388,1648384.773178667
2025-10-26 20:00:00,18.179,18.688,18.059,18.542,149409.912506,2761609.004757844
2025-10-27 00:00:00,18.54,19.047,18.498,18.947,210432.318609,3967581.2526047
2025-10-27 04:00:00,18.957,19.06,18.701,18.83,160598.168936,3037050.50297384
2025-10-27 08:00:00,18.831,18.913,18.38,18.487,181633.01363,3377726.420580174
2025-10-27 12:00:00,18.497,18.517,18.18,18.412,122948.200036,2256279.386299931
2025-10-27 16:00:00,18.411,18.921,18.411,18.492,148484.584074,2773409.770997229
2025-10-27 20:00:00,18.482,18.492,18.08,18.214,179657.180831,3289961.7853489
2025-10-28 00:00:00,18.214,18.403,18.073,18.227,71765.640423,1308665.752785162
2025-10-28 04:00:00,18.23,18.511,18.02,18.319,78823.364936,1438046.632713325
2025-10-28 08:00:00,18.333,18.557,18.294,18.391,103370.859527,1908665.81495673
2025-10-28 12:00:00,18.384,18.824,18.072,18.385,283125.909399,5244292.414064475
2025-10-28 16:00:00,18.375,18.662,17.888,17.997,153116.848402,2802308.733796676
2025-10-28 20:00:00,17.998,17.998,17.435,17.831,376041.059154,6667788.077524193
2025-10-29 00:00:00,17.829,18.003,17.744,17.811,91383.618018,1631728.93913177
2025-10-29 04:00:00,17.802,17.982,17.78,17.926,48741.859991,870814.447511056
2025-10-29 08:00:00,17.927,18.162,17.74,18.108,111208.719966,1996970.397122481
2025-10-29 12:00:00,18.109,18.317,17.894,18.025,165426.892261,3000952.293299788
2025-10-29 16:00:00,18.025,18.526,17.532,18.267,397915.926185,7204943.586040323
2025-10-29 20:00:00,18.268,18.683,17.982,18.135,232279.864984,4255727.33428735
2025-10-30 00:00:00,18.139,18.315,18.01,18.165,93311.398831,1696283.545117146
2025-10-30 04:00:00,18.16,18.428,17.474,18.364,351427.644575,6297228.031539649
2025-10-30 08:00:00,18.365,18.382,17.648,17.664,150437.250949,2698404.807239979
2025-10-30 12:00:00,17.664,17.719,16.854,16.907,336724.90231,5806560.44258784
2025-10-30 16:00:00,16.903,17.016,16.348,16.401,270513.590957,4515737.449317212
2025-10-30 20:00:00,16.394,16.82,16.324,16.8,157301.483562,2618273.507934987
2025-10-31 00:00:00,16.806,17.088,16.738,16.942,276480.832133,4677201.4262647
2025-10-31 04:00:00,16.945,17.312,16.934,17.226,118210.781521,2029483.148146865
2025-10-31 08:00:00,17.226,17.353,17.145,17.339,63738.110554,1099448.479861978
2025-10-31 12:00:00,17.335,17.454,17.082,17.289,170563.441973,2947971.131737986
2025-10-31 16:00:00,17.284,17.37,16.775,17.306,157075.056053,2678106.585407327
2025-10-31 20:00:00,17.304,17.364,17.129,17.245,75720.408119,1305668.343565272
2025-11-01 00:00:00,17.244,17.33,17.062,17.321,77229.446393,1328413.069331152
2025-11-01 04:00:00,17.321,17.339,17.126,17.329,56055.303911,967292.106560561
2025-11-01 08:00:00,17.326,17.44,17.249,17.352,59399.813958,1030355.195017406
2025-11-01 12:00:00,17.348,17.416,17.137,17.258,69744.46351,1203867.377400544
2025-11-01 16:00:00,17.255,17.338,17.038,17.232,58333.836832,1000659.840970946
2025-11-01 20:00:00,17.243,17.317,17.061,17.151,28595.428107,491136.736885454
2025-11-02 00:00:00,17.147,17.218,17.05,17.162,25795.106018,441624.097207994
2025-11-02 04:00:00,17.157,17.597,17.112,17.534,139706.993722,2432554.652121528
2025-11-02 08:00:00,17.537,17.641,17.249,17.58,140139.440628,2446059.182117821
2025-11-02 12:00:00,17.579,17.598,17.062,17.139,113855.511139,1971171.807881698
2025-11-02 16:00:00,17.138,17.289,16.992,17.059,79049.758223,1354898.934589056
2025-11-02 20:00:00,17.056,17.636,16.996,17.586,123936.08824,2150657.78194776
2025-11-03 00:00:00,17.589,17.673,16.332,16.364,277116.03176,4702719.592360941
2025-11-03 04:00:00,16.365,16.524,15.865,16.121,239601.648708,3879712.846302697
2025-11-03 08:00:00,16.122,16.237,15.8,16.063,269980.851283,4325703.124183793
2025-11-03 12:00:00,16.066,16.346,14.515,15.298,818852.215117,12788663.175114391
2025-11-03 16:00:00,15.299,15.865,15.246,15.35,580725.087622,9046458.59378519
2025-11-03 20:00:00,15.35,15.428,15.059,15.244,188811.862637,2877319.737508828
2025-11-04 00:00:00,15.245,15.506,15.114,15.429,158100.028631,2430040.725213077
2025-11-04 04:00:00,15.429,15.504,14.564,14.634,444380.348701,6618399.572651006
2025-11-04 08:00:00,14.628,15.263,14.528,15.057,275783.265341,4094903.551366463
2025-11-04 12:00:00,15.067,15.432,14.681,15.12,469921.246894,7033137.370905701
2025-11-04 16:00:00,15.122,15.234,14.142,14.295,459862.213913,6723773.040990999
2025-11-04 20:00:00,14.297,14.875,13.685,14.688,475897.586597,6802244.619877934
2025-11-05 00:00:00,14.687,14.902,13.988,14.848,337903.324577,4913173.079324761
2025-11-05 04:00:00,14.85,15.017,14.758,14.907,101597.081347,1509970.554833982
2025-11-05 08:00:00,14.91,14.91,14.541,14.829,157936.196992,2324722.662129011
2025-11-05 12:00:00,14.829,15.111,14.745,15.095,215633.044708,3222755.142662556
2025-11-05 16:00:00,15.101,15.398,14.913,15.255,229363.934461,3486841.311078491
2025-11-05 20:00:00,15.256,15.358,15.056,15.086,248120.433996,3768774.852711955
2025-11-06 00:00:00,15.088,15.213,14.846,15.13,178044.636497,2676918.197891361
2025-11-06 04:00:00,15.13,15.231,14.821,14.904,142865.552212,2135831.455257205
2025-11-06 08:00:00,14.9,14.972,14.751,14.934,132426.619281,1971059.937448964
2025-11-06 12:00:00,14.933,15.106,14.381,14.468,214328.329288,3172015.204446477
2025-11-06 16:00:00,14.469,14.784,14.249,14.733,186301.148521,2709127.840592427
2025-11-06 20:00:00,14.732,14.852,14.495,14.746,262608.648864,3865268.894676492
2025-11-07 00:00:00,14.748,15.033,14.581,14.962,173940.456141,2579381.831305683
2025-11-07 04:00:00,14.955,15.169,14.836,15.166,100020.737104,1502805.161775418
2025-11-07 08:00:00,15.162,15.189,14.502,14.682,152032.10236,2250737.746958435
2025-11-07 12:00:00,14.682,15.107,14.307,15.033,224212.828628,3297416.959000967
2025-11-07 16:00:00,15.035,16.223,14.954,16.065,331031.168949,5198272.712534541
2025-11-07 20:00:00,16.064,16.185,15.749,15.795,137685.980559,2198536.921303377
2025-11-08 00:00:00,15.794,16.035,15.617,15.765,163020.566276,2582104.319775981
2025-11-08 04:00:00,15.767,15.935,15.535,15.725,105815.872407,1664646.26575216
2025-11-08 08:00:00,15.724,15.925,15.602,15.684,134743.110594,2124795.674356217
2025-11-08 12:00:00,15.682,15.719,15.177,15.213,172210.509798,2664669.676051894
2025-11-08 16:00:00,15.212,15.444,15.117,15.37,88249.285399,1349293.729983186
2025-11-08 20:00:00,15.368,15.55,15.28,15.525,59987.084817,925000.314356012
2025-11-09 00:00:00,15.523,15.527,15.025,15.091,146905.595365,2250052.594604237
2025-11-09 04:00:00,15.104,15.435,15.053,15.37,94447.761356,1438792.271026444
2025-11-09 08:00:00,15.372,15.495,15.078,15.436,118863.61119,1818966.677855593
2025-11-09 12:00:00,15.438,15.943,15.395,15.828,180287.068611,2828323.230640025
2025-11-09 16:00:00,15.823,16.092,15.73,16.084,96372.861961,1529396.340553518
2025-11-09 20:00:00,16.093,16.135,15.83,15.928,87765.747284,1401993.716982953
2025-11-10 00:00:00,15.925,16.309,15.781,16.24,155862.535255,2518099.366874409
2025-11-10 04:00:00,16.242,16.425,16.157,16.362,127829.264099,2084973.737159808
2025-11-10 08:00:00,16.362,16.649,16.188,16.516,148953.971587,2450911.238244566
2025-11-10 12:00:00,16.517,16.671,15.981,16.087,249670.252733,4069131.74549359
2025-11-10 16:00:00,16.087,16.28,15.93,16.15,72253.589558,1163541.111086223
2025-11-10 20:00:00,16.15,16.461,15.967,16.371,117628.423875,1913450.608116282
2025-11-11 00:00:00,16.372,16.8,16.18,16.642,254333.238981,4201341.524656837
2025-11-11 04:00:00,16.638,16.683,15.988,15.99,141598.630667,2299269.851132276
2025-11-11 08:00:00,15.99,16.227,15.964,16.199,85574.510277,1377091.169545671
2025-11-11 12:00:00,16.2,16.292,15.71,15.804,218146.535842,3479609.708814783
2025-11-11 16:00:00,15.802,15.888,15.591,15.637,77164.035947,1215539.206648117
2025-11-11 20:00:00,15.642,15.651,15.244,15.287,119492.756835,1839964.429022266
2025-11-12 00:00:00,15.291,15.464,15.185,15.399,100088.565391,1534454.155795434
2025-11-12 04:00:00,15.393,15.551,15.307,15.336,91728.136186,1416689.859281725
2025-11-12 08:00:00,15.342,16.175,15.342,16.112,249543.271491,3955266.325323875
2025-11-12 12:00:00,16.11,16.25,15.339,15.378,264489.453547,4194044.356100042
2025-11-12 16:00:00,15.378,15.422,14.925,15.09,358815.971741,5443717.800734101
2025-11-12 20:00:00,15.079,15.317,15.034,15.15,95163.705298,1448016.597917562
2025-11-13 00:00:00,15.152,15.659,15.072,15.534,155151.136817,2376854.023644206
2025-11-13 04:00:00,15.534,16.02,15.439,15.884,155264.992508,2450620.897661022
2025-11-13 08:00:00,15.884,15.954,15.646,15.741,119226.775085,1879501.852030203
2025-11-13 12:00:00,15.745,15.777,15.249,15.32,199520.359344,3100305.521896982
2025-11-13 16:00:00,15.318,15.371,14.206,14.287,510742.044653,7546238.328734816
2025-11-13 20:00:00,14.284,14.732,14.151,14.55,394248.381114,5667836.618562965
2025-11-14 00:00:00,14.552,14.611,14.357,14.433,172727.893374,2501360.058407601
2025-11-14 04:00:00,14.434,14.566,13.906,14.451,318870.541308,4550287.240265222
2025-11-14 08:00:00,14.451,14.458,14.119,14.194,130072.883942,1857036.199965381
2025-11-14 12:00:00,14.186,14.46,13.829,14.295,506133.544725,7164429.980048785
2025-11-14 16:00:00,14.298,14.501,14.068,14.3,156667.910713,2234270.666065782
2025-11-14 20:00:00,14.304,14.31,13.586,13.811,158025.046256,2197320.982487277
2025-11-15 00:00:00,13.808,14.291,13.796,14.206,124833.733638,1762388.556632126
2025-11-15 04:00:00,14.208,14.29,14.069,14.084,123575.835858,1750629.211496663
2025-11-15 08:00:00,14.087,14.106,13.837,14.022,125940.056078,1761983.097914553
2025-11-15 12:00:00,14.016,14.302,13.974,14.175,88212.874464,1250530.561271355
2025-11-15 16:00:00,14.172,14.339,14.067,14.215,72763.806148,1034559.211951414
2025-11-15 20:00:00,14.216,14.22,13.999,14.139,80280.902799,1132165.752405165
2025-11-16 00:00:00,14.137,14.255,13.856,14.196,84421.691475,1186417.58509647
2025-11-16 04:00:00,14.191,14.338,14.105,14.336,44349.83545,631411.855646753
2025-11-16 08:00:00,14.336,14.526,14.029,14.068,173267.47356,2480277.184303868
2025-11-16 12:00:00,14.058,14.187,13.76,13.783,206630.473236,2894646.379500499
2025-11-16 16:00:00,13.784,13.888,13.399,13.633,245273.642938,3340235.147509044
2025-11-16 20:00:00,13.633,13.851,13.403,13.737,150897.741146,2057347.630266853
2025-11-17 00:00:00,13.735,13.998,13.584,13.981,158054.431257,2187250.256443701
2025-11-17 04:00:00,13.986,14.166,13.924,14.124,75286.532611,1055064.831955155
2025-11-17 08:00:00,14.122,14.208,14.022,14.17,50604.121738,714917.004300605
2025-11-17 12:00:00,14.163,14.284,13.596,13.716,326176.968739,4544823.547930287
2025-11-17 16:00:00,13.716,13.797,13.094,13.222,234353.076136,3141467.015925293
2025-11-17 20:00:00,13.221,13.355,13.086,13.33,187533.934044,2483747.944965552
2025-11-18 00:00:00,13.332,13.517,13.061,13.456,230476.25914,3067600.172103504
2025-11-18 04:00:00,13.457,13.588,13.242,13.39,230666.836594,3090418.71928331
2025-11-18 08:00:00,13.392,13.593,13.379,13.486,67756.235007,915735.930166355
2025-11-18 12:00:00,13.488,13.832,13.291,13.71,220857.619775,2989244.077720757
2025-11-18 16:00:00,13.709,13.989,13.677,13.911,120027.613509,1663354.582281501
2025-11-18 20:00:00,13.908,13.957,13.711,13.803,56600.077541,783056.227434778
2025-11-19 00:00:00,13.802,13.84,13.469,13.509,166312.026941,2272160.221625534
2025-11-19 04:00:00,13.503,13.544,13.121,13.487,131053.474805,1753225.075272936
2025-11-19 08:00:00,13.483,13.564,13.331,13.406,76078.7544,1024495.201986415
2025-11-19 12:00:00,13.389,13.507,12.985,13.019,154432.2551,2045836.706449827
2025-11-19 16:00:00,13.02,13.137,12.772,12.878,180639.799954,2335978.243768788
2025-11-19 20:00:00,12.884,13.588,12.855,13.525,124498.589462,1658473.387840149
2025-11-20 00:00:00,13.526,13.711,13.464,13.659,101070.500574,1374215.264484495
2025-11-20 04:00:00,13.659,13.956,13.591,13.943,155053.981376,2135159.695222847
2025-11-20 08:00:00,13.943,14.004,13.578,13.707,131551.741451,1814279.937201863
2025-11-20 12:00:00,13.709,13.919,13.405,13.421,195657.35523,2668622.001974194
2025-11-20 16:00:00,13.412,13.441,12.766,12.998,336718.279393,4379368.943956722
2025-11-20 20:00:00,13.003,13.343,12.843,12.93,122632.492245,1606794.282419177
2025-11-21 00:00:00,12.938,13.21,12.794,12.867,136083.024465,1766439.439389728
2025-11-21 04:00:00,12.867,12.929,11.762,12.279,724660.131821,8896116.354677677
2025-11-21 08:00:00,12.273,12.433,11.856,11.897,279147.420267,3388096.479162469
2025-11-21 12:00:00,11.899,12.321,11.613,11.91,381197.027633,4574549.476569496
2025-11-21 16:00:00,11.915,12.367,11.731,12.123,242252.940468,2923478.803884937
2025-11-21 20:00:00,12.12,12.249,11.794,12.114,116950.379653,1406114.552920219
2025-11-22 00:00:00,12.118,12.248,12.035,12.114,73848.067504,897005.77042733
2025-11-22 04:00:00,12.111,12.116,11.842,11.999,108353.152634,1297075.219390541
2025-11-22 08:00:00,11.999,12.027,11.756,11.968,118690.875974,1408368.302320789
2025-11-22 12:00:00,11.967,12.013,11.743,11.92,86702.413353,1031222.686364068
2025-11-22 16:00:00,11.925,12.098,11.915,12.0,49248.589221,591285.69888112
2025-11-22 20:00:00,12.002,12.308,11.942,12.178,88372.852869,1072854.351167537
2025-11-23 00:00:00,12.172,12.474,12.115,12.462,121274.195511,1497440.696788493
2025-11-23 04:00:00,12.466,12.603,12.303,12.364,115285.954838,1436878.041901632
2025-11-23 08:00:00,12.363,12.612,12.363,12.515,223941.438446,2797500.972533532
2025-11-23 12:00:00,12.522,12.727,12.496,12.681,79544.172351,1002814.112603996
2025-11-23 16:00:00,12.681,12.75,12.455,12.639,100348.529567,1265939.505518912
2025-11-23 20:00:00,12.639,12.75,12.492,12.522,100738.111236,1274267.860838207
2025-11-24 00:00:00,12.522,12.841,12.355,12.687,172709.275208,2175396.596170719
2025-11-24 04:00:00,12.687,12.857,12.479,12.585,148038.521612,1873183.802388552
2025-11-24 08:00:00,12.584,12.649,12.361,12.502,122818.519746,1532212.749124651
2025-11-24 12:00:00,12.495,12.692,12.302,12.619,159232.750669,1993063.874772716
2025-11-24 16:00:00,12.62,13.203,12.609,12.997,312550.349718,4066465.921244641
2025-11-24 20:00:00,13.0,13.16,12.955,12.97,95636.761821,1248168.024855365
2025-11-25 00:00:00,12.968,13.039,12.866,12.905,86314.097347,1117318.359857944
2025-11-25 04:00:00,12.906,13.045,12.806,12.82,67278.190407,869152.875443641
2025-11-25 08:00:00,12.82,12.88,12.661,12.777,111162.533271,1420642.18810348
2025-11-25 12:00:00,12.778,12.947,12.547,12.735,171362.172067,2188454.465626965
2025-11-25 16:00:00,12.735,13.142,12.729,12.979,198716.685138,2574038.675135499
2025-11-25 20:00:00,12.981,13.217,12.861,13.083,611786.392987,7977400.506520811
2025-11-26 00:00:00,13.083,13.162,12.936,12.951,129714.496247,1696203.233660466
2025-11-26 04:00:00,12.954,13.078,12.922,13.076,42313.278641,550624.035026666
2025-11-26 08:00:00,13.075,13.086,12.799,12.845,108858.749926,1403495.310865698
2025-11-26 12:00:00,12.844,13.006,12.751,12.877,101966.83881,1311649.948150717
2025-11-26 16:00:00,12.877,13.506,12.877,13.452,185912.777275,2474645.10746166
2025-11-26 20:00:00,13.452,13.497,13.361,13.454,61328.058825,823180.021082953
2025-11-27 00:00:00,13.454,13.566,13.361,13.373,100903.915638,1358433.032778231
2025-11-27 04:00:00,13.373,13.454,13.281,13.357,58718.450222,783967.682934312
2025-11-27 08:00:00,13.357,13.435,13.266,13.346,48764.280169,650568.141921381
2025-11-27 12:00:00,13.345,13.477,13.233,13.465,86127.070634,1148140.083891609
2025-11-27 16:00:00,13.465,13.536,13.404,13.461,49118.30474,661772.469498759
2025-11-27 20:00:00,13.47,13.514,13.308,13.34,32504.443733,436513.100925212
2025-11-28 00:00:00,13.337,13.391,13.148,13.288,65976.354278,874159.685400399
2025-11-28 04:00:00,13.288,13.334,13.195,13.224,34805.821966,461834.809792051
2025-11-28 08:00:00,13.223,13.542,13.223,13.304,84536.511213,1133331.832757674
2025-11-28 12:00:00,13.303,13.526,13.256,13.418,111603.003166,1495998.552943397
2025-11-28 16:00:00,13.42,13.423,13.042,13.208,96398.160799,1269391.957707792
2025-11-28 20:00:00,13.202,13.217,13.072,13.124,84855.631289,1115887.016409778
2025-11-29 00:00:00,13.122,13.207,13.056,13.071,46870.74733,614827.686879216
2025-11-29 04:00:00,13.072,13.16,12.995,13.098,57358.408487,749103.316769698
2025-11-29 08:00:00,13.098,13.172,13.027,13.155,44432.409755,582117.172299341
2025-11-29 12:00:00,13.157,13.221,13.047,13.17,43755.426624,574466.918020811
2025-11-29 16:00:00,13.172,13.172,12.915,13.018,61884.11779,806599.993308207
2025-11-29 20:00:00,13.021,13.05,12.951,12.983,22439.056414,291892.009644408
2025-11-30 00:00:00,12.982,13.12,12.939,13.103,30002.900632,391078.381585301
2025-11-30 04:00:00,13.104,13.109,12.977,13.05,34334.075523,447341.85562698
2025-11-30 08:00:00,13.052,13.11,12.996,12.999,41772.109612,545280.144308171
2025-11-30 12:00:00,13.003,13.331,12.972,13.242,82842.150537,1097146.199046854
2025-11-30 16:00:00,13.248,13.416,13.245,13.314,30236.545933,403448.521669458
2025-11-30 20:00:00,13.314,13.364,12.941,12.956,48270.026805,636578.913274509
2025-12-01 00:00:00,12.955,12.982,12.101,12.14,323479.931464,4024417.566802015
2025-12-01 04:00:00,12.141,12.274,12.041,12.185,139149.16993,1691295.775678328
2025-12-01 08:00:00,12.188,12.214,12.109,12.116,93437.260994,1136486.95549074
2025-12-01 12:00:00,12.119,12.212,11.814,11.999,190124.671539,2288254.243392906
2025-12-01 16:00:00,11.999,12.004,11.744,11.839,108725.047021,1289006.275371111
2025-12-01 20:00:00,11.839,12.166,11.839,12.074,98741.855878,1189062.122644718
2025-12-02 00:00:00,12.072,12.228,11.978,12.095,51333.826376,620515.701981744
2025-12-02 04:00:00,12.098,12.188,12.083,12.133,65838.987922,798816.313353719
2025-12-02 08:00:00,12.131,12.276,12.0,12.255,93353.732831,1133359.717709122
2025-12-02 12:00:00,12.259,13.413,12.192,13.291,321070.153935,4109102.339990466
2025-12-02 16:00:00,13.292,13.495,13.23,13.412,183264.516992,2446799.664995792
2025-12-02 20:00:00,13.42,13.584,13.274,13.467,178401.412299,2398265.99072671
2025-12-03 00:00:00,13.468,14.001,13.433,13.946,302692.505104,4163916.87892506
2025-12-03 04:00:00,13.944,14.422,13.915,14.382,378634.838812,5379397.44678919
2025-12-03 08:00:00,14.385,14.593,14.283,14.437,242502.05261,3494746.672812054
2025-12-03 12:00:00,14.437,14.675,14.203,14.396,420249.10198,6066983.147942724
2025-12-03 16:00:00,14.395,14.557,14.288,14.43,130050.930404,1875559.742680682
2025-12-03 20:00:00,14.428,14.739,14.356,14.636,217415.052801,3155637.440913858
2025-12-04 00:00:00,14.637,14.931,14.524,14.619,201115.511344,2961575.611529315
2025-12-04 04:00:00,14.62,14.637,14.352,14.539,119044.27242,1723622.011771216
2025-12-04 08:00:00,14.545,14.788,14.444,14.477,155714.566485,2276293.851043092
2025-12-04 12:00:00,14.478,14.592,14.223,14.479,148368.025846,2136702.278427083
2025-12-04 16:00:00,14.478,14.546,13.968,14.199,140707.765776,2005291.535363679
2025-12-04 20:00:00,14.202,14.379,14.161,14.252,51838.39894,740423.345299807
2025-12-05 00:00:00,14.255,14.398,14.195,14.259,102503.954234,1464071.525311207
2025-12-05 04:00:00,14.259,14.308,14.147,14.252,72651.945804,1033447.551226619
2025-12-05 08:00:00,14.252,14.33,13.971,14.048,109385.023499,1544635.939771808
2025-12-05 12:00:00,14.049,14.167,13.745,13.941,177225.220754,2473648.132613258
2025-12-05 16:00:00,13.941,13.953,13.365,13.567,221197.299543,3004447.016974142
2025-12-05 20:00:00,13.567,13.651,13.48,13.595,44767.591496,608133.914978154
2025-12-06 00:00:00,13.595,13.771,13.5,13.674,74588.487666,1018153.569232066
2025-12-06 04:00:00,13.675,13.684,13.532,13.599,90729.606794,1235188.140235882
2025-12-06 08:00:00,13.599,13.775,13.501,13.755,126844.730387,1733108.641878613
2025-12-06 12:00:00,13.751,13.935,13.636,13.818,269420.265259,3709507.292946245
2025-12-06 16:00:00,13.818,14.084,13.804,13.877,192922.28334,2692829.872325453
2025-12-06 20:00:00,13.879,14.025,13.855,13.92,51465.436278,717409.876473849
2025-12-07 00:00:00,13.921,14.014,13.891,14.01,78258.861541,1091948.81140963
2025-12-07 04:00:00,14.011,14.036,13.864,13.934,44286.333529,617991.771981567
2025-12-07 08:00:00,13.932,13.937,13.744,13.786,54813.889933,758078.335348642
2025-12-07 12:00:00,13.789,13.956,13.183,13.614,372957.275692,5031014.53718164
2025-12-07 16:00:00,13.611,14.171,13.466,14.058,195203.960464,2711527.554690915
2025-12-07 20:00:00,14.062,14.12,13.425,13.65,140625.603526,1927326.806878225
2025-12-08 00:00:00,13.651,14.043,13.581,13.891,117072.601966,1622869.831505289
2025-12-08 04:00:00,13.892,14.069,13.877,14.01,102696.968023,1438065.031716924
2025-12-08 08:00:00,14.011,14.291,13.913,13.939,123909.132292,1747800.366821179
2025-12-08 12:00:00,13.942,14.098,13.678,13.742,157670.125585,2190623.125251041
2025-12-08 16:00:00,13.74,13.897,13.568,13.701,90657.064193,1244384.787873417
2025-12-08 20:00:00,13.705,13.916,13.705,13.763,59421.456647,820677.719921373
2025-12-09 00:00:00,13.764,13.857,13.547,13.71,115626.165007,1579364.461591088
2025-12-09 04:00:00,13.715,13.845,13.57,13.831,100621.891536,1376021.431108814
2025-12-09 08:00:00,13.832,13.861,13.62,13.736,77352.541259,1063217.742618923
2025-12-09 12:00:00,13.735,14.435,13.644,14.411,256026.312074,3587869.837891558
2025-12-09 16:00:00,14.409,15.006,14.409,14.652,349139.808376,5151147.798465923
2025-12-09 20:00:00,14.651,14.651,14.231,14.411,121405.397706,1753709.046600443
2025-12-10 00:00:00,14.408,14.458,14.213,14.215,77725.102268,1111078.313652869
2025-12-10 04:00:00,14.214,14.278,14.111,14.176,84666.982727,1201361.100008113
2025-12-10 08:00:00,14.177,14.435,14.053,14.18,142625.769924,2028861.122623496
2025-12-10 12:00:00,14.176,14.184,13.942,14.021,108873.509613,1532093.361351427
2025-12-10 16:00:00,14.021,14.646,13.984,14.496,318393.890531,4579078.88486977
2025-12-10 20:00:00,14.497,14.892,14.082,14.097,301287.647909,4375039.29483657
2025-12-11 00:00:00,14.097,14.132,13.444,13.528,226982.694501,3111213.851102827
2025-12-11 04:00:00,13.526,13.679,13.465,13.534,120145.148858,1632301.269141099
2025-12-11 08:00:00,13.534,13.63,13.429,13.605,64183.887884,868663.235049162
2025-12-11 12:00:00,13.604,13.725,13.432,13.52,169483.274532,2299911.517464609
2025-12-11 16:00:00,13.519,13.855,13.395,13.705,123253.148446,1679909.357058554
2025-12-11 20:00:00,13.702,14.207,13.701,14.062,189346.388273,2658461.814912716
2025-12-12 00:00:00,14.063,14.178,13.828,14.006,133711.086926,1870550.884855491
2025-12-12 04:00:00,14.003,14.201,13.953,14.065,53035.550932,747190.42689467
2025-12-12 08:00:00,14.061,14.128,13.93,14.118,52786.715337,739668.169583167
2025-12-12 12:00:00,14.118,14.358,13.441,13.535,639123.150121,9033834.82673552
2025-12-12 16:00:00,13.535,13.67,13.285,13.586,174563.261145,2353571.69928277
2025-12-12 20:00:00,13.585,13.695,13.542,13.637,84227.451737,1146622.827070431
2025-12-13 00:00:00,13.638,13.738,13.605,13.708,44992.129891,615447.094921165
2025-12-13 04:00:00,13.709,13.798,13.693,13.786,42172.923951,579369.333337204
2025-12-13 08:00:00,13.789,13.967,13.789,13.809,72706.43586,1009409.041723449
2025-12-13 12:00:00,13.81,13.848,13.652,13.822,79052.476434,1088107.284380451
2025-12-13 16:00:00,13.818,13.863,13.692,13.748,31368.457861,432071.733910673
2025-12-13 20:00:00,13.749,13.761,13.62,13.734,25989.789389,355898.718893208
2025-12-14 00:00:00,13.735,13.796,13.701,13.712,18480.812469,254008.88242589
2025-12-14 04:00:00,13.712,13.735,13.622,13.717,21652.632249,296468.131228763
2025-12-14 08:00:00,13.718,13.753,13.436,13.573,80420.697382,1093654.115459031
2025-12-14 12:00:00,13.57,13.664,13.424,13.472,84955.559081,1150340.238951526
2025-12-14 16:00:00,13.471,13.569,13.343,13.399,44453.295142,596814.20424075
2025-12-14 20:00:00,13.398,13.443,13.096,13.282,88530.129066,1176617.437198182
2025-12-15 00:00:00,13.28,13.712,13.261,13.532,115119.447926,1556303.545954109
2025-12-15 04:00:00,13.534,13.699,13.475,13.574,54918.61688,746292.842629741
2025-12-15 08:00:00,13.575,13.741,13.556,13.618,50439.338463,688076.019158079
2025-12-15 12:00:00,13.617,13.695,12.732,12.78,335438.147339,4435359.918392691
2025-12-15 16:00:00,12.783,12.835,12.471,12.746,136477.688342,1731390.847731517
2025-12-15 20:00:00,12.745,12.898,12.613,12.858,78069.804727,995305.7051964
2025-12-16 00:00:00,12.859,12.892,12.674,12.744,110589.392417,1413019.677068934
2025-12-16 04:00:00,12.745,12.884,12.551,12.696,78891.868876,1003116.822786139
2025-12-16 08:00:00,12.697,12.982,12.687,12.957,83164.700885,1069260.368910746
2025-12-16 12:00:00,12.956,13.13,12.692,13.046,480275.181917,6213421.50300859
2025-12-16 16:00:00,13.045,13.058,12.778,12.941,90233.107687,1165514.460188324
2025-12-16 20:00:00,12.94,12.999,12.876,12.929,26883.800617,347788.217519439
2025-12-17 00:00:00,12.928,12.993,12.766,12.825,74921.471501,964232.185167024
2025-12-17 04:00:00,12.826,12.835,12.651,12.78,64199.811235,818092.180053666
2025-12-17 08:00:00,12.779,12.779,12.589,12.69,49285.521404,623979.723792667
2025-12-17 12:00:00,12.699,13.18,12.493,12.571,368397.282341,4726786.359701763
2025-12-17 16:00:00,12.57,12.651,12.122,12.283,319383.822434,3951360.99355636
2025-12-17 20:00:00,12.285,12.375,12.166,12.269,77885.928927,953551.137828328
2025-12-18 00:00:00,12.27,12.298,12.141,12.196,80765.570545,988017.428724025
2025-12-18 04:00:00,12.196,12.247,12.066,12.176,56096.651665,681141.174470595
2025-12-18 08:00:00,12.177,12.305,12.162,12.289,55739.170523,682728.600345089
2025-12-18 12:00:00,12.292,12.879,12.24,12.634,269246.740485,3395578.598114786
2025-12-18 16:00:00,12.634,12.66,11.741,11.759,273743.804751,3315558.32085168
2025-12-18 20:00:00,11.76,12.064,11.747,11.934,94494.759658,1127301.050186333
2025-12-19 00:00:00,11.935,12.345,11.841,12.223,134118.257982,1618355.642168007
2025-12-19 04:00:00,12.224,12.503,12.197,12.375,92150.210508,1134237.826773891
2025-12-19 08:00:00,12.378,12.459,12.342,12.442,51780.444023,642178.836940781
2025-12-19 12:00:00,12.449,12.753,12.378,12.473,164826.810117,2061917.368024694
2025-12-19 16:00:00,12.47,12.706,12.379,12.63,97511.010348,1223711.953854458
2025-12-19 20:00:00,12.63,12.676,12.527,12.538,43588.392664,549001.95792949
2025-12-20 00:00:00,12.539,12.581,12.485,12.55,25194.043512,315745.792724733
2025-12-20 04:00:00,12.549,12.626,12.481,12.613,28572.807047,358175.024795767
2025-12-20 08:00:00,12.614,12.711,12.595,12.682,65577.817058,830645.494757773
2025-12-20 12:00:00,12.683,12.697,12.554,12.62,64726.318723,816155.701536088
2025-12-20 16:00:00,12.623,12.645,12.561,12.583,30095.389317,379145.593240645
2025-12-20 20:00:00,12.58,12.643,12.534,12.552,32590.591331,410059.311997878
2025-12-21 00:00:00,12.554,12.599,12.384,12.484,70250.797521,876873.216665425
2025-12-21 04:00:00,12.486,12.557,12.486,12.514,32700.002965,409367.166536901
2025-12-21 08:00:00,12.516,12.712,12.487,12.575,49305.371931,622077.724718006
2025-12-21 12:00:00,12.579,12.635,12.225,12.334,139235.48363,1723024.340265357
2025-12-21 16:00:00,12.334,12.438,12.272,12.406,38244.82762,472952.262279217
2025-12-21 20:00:00,12.407,12.487,12.281,12.436,37690.12076,466413.294471528
2025-12-22 00:00:00,12.44,12.719,12.33,12.548,193182.230104,2424198.331523833
2025-12-22 04:00:00,12.549,12.646,12.48,12.583,208221.861012,2614997.148202042
2025-12-22 08:00:00,12.583,12.744,12.561,12.695,103729.121502,1313291.137199182
2025-12-22 12:00:00,12.697,12.959,12.636,12.806,163340.075169,2085878.953631667
2025-12-22 16:00:00,12.81,12.86,12.427,12.454,85706.75381,1086012.59777512
2025-12-22 20:00:00,12.449,12.675,12.361,12.585,69632.65971,870154.801971866
2025-12-23 00:00:00,12.589,12.701,12.438,12.499,60291.483265,759031.193644396
2025-12-23 04:00:00,12.498,12.529,12.23,12.335,85832.338857,1061465.908928252
2025-12-23 08:00:00,12.329,12.406,12.274,12.364,46103.519035,568982.43724073
2025-12-23 12:00:00,12.365,12.365,12.075,12.288,122190.135443,1492362.502042213
2025-12-23 16:00:00,12.287,12.446,12.239,12.362,78083.45546,965465.02860503
2025-12-23 20:00:00,12.361,12.521,12.322,12.398,26575.596376,329627.008167024
2025-12-24 00:00:00,12.398,12.435,12.173,12.27,52803.649941,648734.71836685
2025-12-24 04:00:00,12.27,12.319,12.124,12.191,39330.290482,479875.659155376
2025-12-24 08:00:00,12.189,12.249,12.131,12.228,62534.978369,763959.914000711
2025-12-24 12:00:00,12.227,12.292,12.006,12.184,151725.801373,1844394.077640461
2025-12-24 16:00:00,12.183,12.28,12.124,12.25,44931.50456,547670.577106928
2025-12-24 20:00:00,12.255,12.378,12.228,12.272,84209.589388,1036941.103432858
2025-12-25 00:00:00,12.273,12.36,12.231,12.332,26193.859376,322060.619205395
2025-12-25 04:00:00,12.332,12.35,12.281,12.307,29867.445958,367848.40076875
2025-12-25 08:00:00,12.305,12.359,12.114,12.192,44450.82493,542743.882872268
2025-12-25 12:00:00,12.191,12.424,12.177,12.37,38324.46846,471030.059336139
2025-12-25 16:00:00,12.375,12.423,12.27,12.385,49617.386473,613177.066813495
2025-12-25 20:00:00,12.385,12.391,11.985,12.066,80884.920653,980844.728775386
2025-12-26 00:00:00,12.062,12.538,12.025,12.387,98968.72296,1216879.246803386
2025-12-26 04:00:00,12.39,12.48,12.32,12.346,42725.206346,529994.940434914
2025-12-26 08:00:00,12.348,12.462,12.344,12.416,28742.445393,356551.680209349
2025-12-26 12:00:00,12.416,12.499,12.053,12.174,107139.129727,1310708.489777249
2025-12-26 16:00:00,12.176,12.257,12.124,12.2,19499.349617,237713.936639012
2025-12-26 20:00:00,12.199,12.255,12.159,12.186,15905.768711,194054.337862855
2025-12-27 00:00:00,12.187,12.268,12.162,12.246,29747.932575,363437.016045701
2025-12-27 04:00:00,12.247,12.272,12.179,12.255,25532.60994,311959.026120836
2025-12-27 08:00:00,12.256,12.291,12.17,12.267,29888.950957,365717.364217002
2025-12-27 12:00:00,12.266,12.345,12.236,12.317,49313.772673,606256.510479968
2025-12-27 16:00:00,12.316,12.341,12.261,12.337,27137.659901,333434.332495309
2025-12-27 20:00:00,12.338,12.545,12.312,12.512,86697.755463,1076461.673140169
2025-12-28 00:00:00,12.516,12.548,12.436,12.5,58255.500349,727474.505698071
2025-12-28 04:00:00,12.5,12.519,12.42,12.429,40141.145188,500246.81638644
2025-12-28 08:00:00,12.431,12.503,12.377,12.442,35519.165191,442025.052397631
2025-12-28 12:00:00,12.445,12.563,12.436,12.522,44185.188187,551659.000093237
2025-12-28 16:00:00,12.526,12.594,12.336,12.356,52762.191692,655936.356576279
2025-12-28 20:00:00,12.352,12.498,12.323,12.494,22394.606859,277381.832595009
2025-12-29 00:00:00,12.496,12.988,12.464,12.942,176090.178332,2251117.140817956
2025-12-29 04:00:00,12.94,13.025,12.735,12.795,127413.819018,1642272.274696451
2025-12-29 08:00:00,12.798,12.841,12.48,12.511,85637.979497,1080795.745092015
2025-12-29 12:00:00,12.511,12.511,12.252,12.402,123731.587531,1530653.858472629
2025-12-29 16:00:00,12.401,12.456,12.28,12.305,39192.178004,484863.542940226
2025-12-29 20:00:00,12.304,12.362,12.265,12.305,38006.43334,467737.839556247
2025-12-30 00:00:00,12.303,12.412,12.26,12.385,40900.002684,503926.161993912
2025-12-30 04:00:00,12.386,12.415,12.304,12.37,47015.504621,581290.241769641
2025-12-30 08:00:00,12.369,12.556,12.369,12.485,77305.651776,965252.825459629
2025-12-30 12:00:00,12.489,12.602,12.379,12.526,117014.820191,1462580.024843675
2025-12-30 16:00:00,12.529,12.585,12.348,12.424,52551.439301,654136.132899234
2025-12-30 20:00:00,12.424,12.435,12.348,12.422,22353.038851,277294.914884205
2025-12-31 00:00:00,12.422,12.469,12.362,12.394,44028.778727,546240.04393345
2025-12-31 04:00:00,12.395,12.431,12.331,12.421,78732.343217,975842.93575816
2025-12-31 08:00:00,12.42,12.482,12.378,12.475,93414.606349,1161557.626654062
2025-12-31 12:00:00,12.474,12.55,12.329,12.395,67577.644313,840680.92671565
2025-12-31 16:00:00,12.393,12.414,12.192,12.24,90489.408814,1110608.02867513
2025-12-31 20:00:00,12.241,12.322,12.199,12.204,73194.645491,896475.710074449
2026-01-01 00:00:00,12.205,12.279,12.204,12.219,35797.450314,438316.457827985
2026-01-01 04:00:00,12.219,12.283,12.153,12.183,53437.233738,652463.807590986
2026-01-01 08:00:00,12.184,12.309,12.181,12.295,20050.008716,245763.292746633
2026-01-01 12:00:00,12.297,12.45,12.247,12.389,34913.979392,430095.570718254
2026-01-01 16:00:00,12.394,12.525,12.331,12.525,52329.774332,651065.077638556
2026-01-01 20:00:00,12.526,12.635,12.472,12.609,59570.313227,747436.810217502
2026-01-02 00:00:00,12.609,12.945,12.587,12.924,172150.435741,2196142.732693862
2026-01-02 04:00:00,12.925,12.988,12.84,12.844,158836.919858,2051477.332585961
2026-01-02 08:00:00,12.844,13.152,12.844,12.948,142798.721304,1856385.587152843
2026-01-02 12:00:00,12.948,13.192,12.831,13.077,129761.263065,1688707.238339806
2026-01-02 16:00:00,13.077,13.349,13.059,13.28,114033.566518,1509618.943110615
2026-01-02 20:00:00,13.282,13.44,13.218,13.277,95217.818548,1268703.060235079
2026-01-03 00:00:00,13.278,13.373,13.225,13.328,125464.277822,1666576.889660735
2026-01-03 04:00:00,13.32,13.326,12.969,13.02,63379.267069,832684.324282084
2026-01-03 08:00:00,13.018,13.143,12.998,13.074,65508.472778,856493.731693552
2026-01-03 12:00:00,13.074,13.179,13.053,13.065,38744.079589,508185.997412863
2026-01-03 16:00:00,13.068,13.225,13.064,13.174,48131.353209,633320.913249971
2026-01-03 20:00:00,13.174,13.26,13.117,13.234,35910.598145,474401.75813898
2026-01-04 00:00:00,13.235,13.389,13.216,13.366,58565.49351,780363.941512966
2026-01-04 04:00:00,13.367,13.458,13.273,13.346,62070.105137,829334.684265915
2026-01-04 08:00:00,13.345,13.442,13.26,13.438,91607.223799,1224192.220128018
2026-01-04 12:00:00,13.436,13.558,13.364,13.492,89996.039443,1210964.80108369
2026-01-04 16:00:00,13.493,13.578,13.316,13.39,55885.188534,752855.689879755
2026-01-04 20:00:00,13.39,13.5,13.36,13.428,33784.932593,454147.551278872
2026-01-05 00:00:00,13.423,13.876,13.42,13.676,164768.755522,2254047.401235569
2026-01-05 04:00:00,13.669,13.693,13.404,13.581,99550.29549,1346291.101039147
2026-01-05 08:00:00,13.583,13.622,13.44,13.586,58810.001111,795713.189482437
2026-01-05 12:00:00,13.587,13.746,13.394,13.724,133287.559945,1807105.676881805
2026-01-05 16:00:00,13.724,13.883,13.552,13.774,144186.451087,1981470.550367787
2026-01-05 20:00:00,13.774,14.135,13.758,13.91,260667.975171,3648175.154448706
2026-01-06 00:00:00,13.911,13.96,13.578,13.795,216721.305846,2983359.690051678
2026-01-06 04:00:00,13.796,13.98,13.684,13.724,124217.791475,1718586.800170559
2026-01-06 08:00:00,13.724,13.908,13.703,13.902,63553.915449,877640.934283782
2026-01-06 12:00:00,13.901,14.235,13.826,13.999,209046.191311,2934774.481169024
2026-01-06 16:00:00,13.996,14.029,13.471,13.636,192946.819408,2645841.367595929
2026-01-06 20:00:00,13.636,14.07,13.636,14.033,68243.390266,950122.315336873
2026-01-07 00:00:00,14.037,14.044,13.688,13.813,80654.282563,1116394.540847137
2026-01-07 04:00:00,13.817,13.884,13.704,13.875,46320.019769,637449.671121403
2026-01-07 08:00:00,13.877,13.943,13.587,13.692,75624.416236,1039256.571454837
2026-01-07 12:00:00,13.691,13.73,13.296,13.37,141061.101568,1899889.101993764
2026-01-07 16:00:00,13.371,13.505,13.306,13.4,64772.186088,867906.233869755
2026-01-07 20:00:00,13.399,13.474,13.308,13.447,45722.122107,612068.400412116
2026-01-08 00:00:00,13.449,13.558,13.318,13.341,44736.843495,602505.232401171
2026-01-08 04:00:00,13.342,13.478,13.069,13.319,121669.569053,1613061.629161979
2026-01-08 08:00:00,13.317,13.367,13.088,13.226,75474.439723,999482.649788655
2026-01-08 12:00:00,13.225,13.303,13.026,13.303,105965.805127,1394333.462998719
2026-01-08 16:00:00,13.303,13.347,13.162,13.193,43149.16252,572383.768225508
2026-01-08 20:00:00,13.194,13.338,13.101,13.215,48278.764243,639160.426503227
2026-01-09 00:00:00,13.217,13.373,13.164,13.318,64684.030758,857940.921657286
2026-01-09 04:00:00,13.318,13.324,13.19,13.269,46179.461155,612338.882810774
2026-01-09 08:00:00,13.272,13.295,13.067,13.179,84023.488385,1107562.795515085
2026-01-09 12:00:00,13.179,13.429,13.033,13.287,123970.043589,1639569.840855176
2026-01-09 16:00:00,13.288,13.44,13.062,13.096,84731.773772,1123352.072566838
2026-01-09 20:00:00,13.094,13.189,13.078,13.143,41897.329687,550640.968676414
2026-01-10 00:00:00,13.143,13.168,13.066,13.127,41697.119608,546912.567323093
2026-01-10 04:00:00,13.127,13.177,13.071,13.169,26561.821195,348784.645140197
2026-01-10 08:00:00,13.167,13.229,13.11,13.179,32163.365625,424033.959901573
2026-01-10 12:00:00,13.179,13.255,13.144,13.166,22215.275314,293222.820181649
2026-01-10 16:00:00,13.163,13.219,13.132,13.215,12420.230744,163759.256842622
2026-01-10 20:00:00,13.217,13.237,13.088,13.138,51328.364689,675985.172748838
2026-01-11 00:00:00,13.139,13.246,13.112,13.233,10859.978243,143193.099262277
2026-01-11 04:00:00,13.235,13.281,13.181,13.239,38515.75641,509376.501728972
2026-01-11 08:00:00,13.239,13.245,13.186,13.205,33216.088086,439119.53606
2026-01-11 12:00:00,13.209,13.295,13.151,13.209,22369.942903,295957.614422265
2026-01-11 16:00:00,13.21,13.371,13.204,13.261,43781.979114,582353.766589749
2026-01-11 20:00:00,13.255,13.256,13.05,13.21,56712.939718,745916.620752998
2026-01-12 00:00:00,13.209,13.518,13.116,13.364,112163.080251,1499499.234039947
2026-01-12 04:00:00,13.366,13.456,13.253,13.274,52502.243557,701287.044273614
2026-01-12 08:00:00,13.271,13.335,13.106,13.169,80941.088662,1069149.353646366
2026-01-12 12:00:00,13.168,13.265,12.923,13.242,105588.409544,1383436.419323406
2026-01-12 16:00:00,13.246,13.329,13.102,13.186,50339.797022,665381.915766323
2026-01-12 20:00:00,13.188,13.239,13.002,13.081,50724.411723,663899.722704202
2026-01-13 00:00:00,13.081,13.16,13.058,13.117,36657.469212,480425.921577109
2026-01-13 04:00:00,13.117,13.296,13.117,13.193,46777.681089,617827.772861035
2026-01-13 08:00:00,13.193,13.317,13.189,13.27,28591.016483,379058.01632725
2026-01-13 12:00:00,13.269,13.579,13.236,13.575,170709.38422,2290225.607582862
2026-01-13 16:00:00,13.578,13.708,13.536,13.687,132229.832561,1799882.757562473
2026-01-13 20:00:00,13.691,14.177,13.682,14.056,213177.359622,2984179.471584966
2026-01-14 00:00:00,14.057,14.193,14.019,14.137,121968.761021,1721594.484104468
2026-01-14 04:00:00,14.137,14.161,13.944,14.054,96125.507444,1349560.337806108
2026-01-14 08:00:00,14.055,14.117,13.857,13.879,106255.335941,1487975.918758442
2026-01-14 12:00:00,13.877,14.277,13.865,14.232,118945.824284,1676529.143247497
2026-01-14 16:00:00,14.241,14.4,14.048,14.224,186377.258183,2658858.109899443
2026-01-14 20:00:00,14.223,14.316,14.082,14.108,61053.425946,866186.24177647
2026-01-15 00:00:00,14.11,14.115,13.735,13.761,88110.699545,1227037.63132639
2026-01-15 04:00:00,13.761,13.963,13.75,13.927,59327.247047,823044.948877032
2026-01-15 08:00:00,13.931,14.088,13.863,13.956,66582.768682,930806.460794884
2026-01-15 12:00:00,13.956,14.209,13.727,13.966,164246.529856,2305501.625847293
2026-01-15 16:00:00,13.96,13.998,13.586,13.686,106603.539563,1467449.874007992
2026-01-15 20:00:00,13.683,13.794,13.562,13.794,49934.010027,683669.979942574
2026-01-16 00:00:00,13.792,13.866,13.675,13.683,49756.073175,685071.38985437
2026-01-16 04:00:00,13.682,13.819,13.598,13.796,55033.956416,756105.324052926
2026-01-16 08:00:00,13.796,13.858,13.694,13.735,43572.806453,600078.883690683
2026-01-16 12:00:00,13.735,13.789,13.431,13.492,89873.819102,1224033.327484033
2026-01-16 16:00:00,13.487,13.665,13.454,13.597,54615.064221,741601.747897808
2026-01-16 20:00:00,13.599,13.748,13.531,13.732,38125.386478,521716.995615318
2026-01-17 00:00:00,13.729,13.748,13.635,13.68,19997.29904,273916.086098793
2026-01-17 04:00:00,13.68,13.739,13.659,13.706,34938.072216,479106.992246245
2026-01-17 08:00:00,13.704,13.788,13.676,13.708,40245.276061,552892.014770383
2026-01-17 12:00:00,13.705,13.892,13.701,13.888,57841.364778,797836.739738802
2026-01-17 16:00:00,13.889,13.894,13.768,13.79,34935.941585,482338.59617863
2026-01-17 20:00:00,13.789,13.815,13.667,13.745,24921.522148,342171.840783286
2026-01-18 00:00:00,13.743,13.777,13.63,13.704,37724.285213,516102.791340568
2026-01-18 04:00:00,13.705,13.76,13.673,13.736,18344.039506,251575.378886584
2026-01-18 08:00:00,13.736,13.823,13.719,13.73,33495.006261,461342.724513609
2026-01-18 12:00:00,13.729,13.832,13.701,13.779,49564.948889,682306.021312863
2026-01-18 16:00:00,13.78,13.879,13.748,13.777,22047.768228,304398.2550398
2026-01-18 20:00:00,13.773,13.858,13.299,13.307,128724.557405,1739722.454216115
2026-01-19 00:00:00,13.31,13.31,12.335,12.865,686741.252312,8795289.750747908
2026-01-19 04:00:00,12.865,12.865,12.723,12.765,91395.422934,1168082.653604795
2026-01-19 08:00:00,12.766,12.861,12.747,12.776,75065.100979,960515.891273782
2026-01-19 12:00:00,12.776,12.869,12.733,12.774,80020.203879,1023087.298244542
2026-01-19 16:00:00,12.771,12.969,12.761,12.937,62353.505411,802980.8354427
2026-01-19 20:00:00,12.937,13.0,12.777,12.877,60029.410948,773986.08814542
2026-01-20 00:00:00,12.883,12.904,12.799,12.861,32298.531813,414902.831981171
2026-01-20 04:00:00,12.863,12.874,12.614,12.625,93285.116188,1186766.329064519
2026-01-20 08:00:00,12.616,12.623,12.483,12.516,106641.736552,1337907.088714407
2026-01-20 12:00:00,12.515,12.614,12.353,12.436,148909.057109,1854657.605733896
2026-01-20 16:00:00,12.437,12.479,12.188,12.279,94213.045107,1159003.903687968
2026-01-20 20:00:00,12.278,12.355,12.028,12.128,95599.175258,1164528.803831966
2026-01-21 00:00:00,12.13,12.36,12.105,12.315,89953.167107,1104073.30919456
2026-01-21 04:00:00,12.316,12.469,12.294,12.32,42132.789892,521406.149937956
2026-01-21 08:00:00,12.318,12.338,12.171,12.177,65558.932211,804906.134227801
2026-01-21 12:00:00,12.18,12.541,12.071,12.435,160001.751362,1970614.089081626
2026-01-21 16:00:00,12.437,12.618,11.9,12.604,205503.416971,2506340.330108071
2026-01-21 20:00:00,12.61,12.671,12.369,12.399,78074.524802,978414.377759737
2026-01-22 00:00:00,12.4,12.579,12.4,12.444,40866.090644,510202.113322907
2026-01-22 04:00:00,12.445,12.53,12.41,12.427,48903.563069,610431.643925187
2026-01-22 08:00:00,12.428,12.487,12.373,12.392,54526.655949,677749.066085352
2026-01-22 12:00:00,12.387,12.483,12.125,12.233,86161.325465,1060300.600164659
2026-01-22 16:00:00,12.229,12.329,12.199,12.284,36833.837098,451648.119942136
2026-01-22 20:00:00,12.284,12.307,12.203,12.263,31499.734058,385731.735448582
2026-01-23 00:00:00,12.263,12.357,12.226,12.331,25829.148812,317768.688859935
2026-01-23 04:00:00,12.334,12.408,12.256,12.28,30269.456946,373461.445328071
2026-01-23 08:00:00,12.28,12.296,12.173,12.258,32693.186746,399449.805906295
2026-01-23 12:00:00,12.262,12.284,12.048,12.251,87399.386674,1063839.240700281
2026-01-23 16:00:00,12.254,12.498,12.203,12.249,76230.516205,941262.017225479
2026-01-23 20:00:00,12.25,12.278,12.127,12.221,35588.862225,434568.397637555
2026-01-24 00:00:00,12.22,12.276,12.188,12.255,43377.68111,530754.7732963
2026-01-24 04:00:00,12.255,12.286,12.206,12.209,25008.865652,305996.414537669
2026-01-24 08:00:00,12.209,12.24,12.191,12.211,23477.988978,286824.465146928
2026-01-24 12:00:00,12.211,12.231,12.151,12.154,39965.323234,487313.381401379
2026-01-24 16:00:00,12.153,12.236,12.131,12.187,35720.439573,434953.12961325
2026-01-24 20:00:00,12.186,12.257,12.186,12.205,31609.844577,386381.617338966
2026-01-25 00:00:00,12.205,12.222,12.073,12.091,32392.4282,393728.787985111
2026-01-25 04:00:00,12.09,12.125,12.05,12.09,26422.733192,319439.460858369
2026-01-25 08:00:00,12.091,12.132,12.008,12.081,102280.088894,1232502.398278221
2026-01-25 12:00:00,12.081,12.108,11.943,11.965,68224.220556,819180.918532699
2026-01-25 16:00:00,11.966,11.966,11.388,11.435,303293.50438,3545282.61708962
2026-01-25 20:00:00,11.435,11.538,11.365,11.523,111483.344724,1278027.230099473
2026-01-26 00:00:00,11.523,11.862,11.51,11.702,86986.795908,1018615.630780837
2026-01-26 04:00:00,11.703,11.884,11.703,11.861,44062.384729,520110.29873116
2026-01-26 08:00:00,11.865,11.958,11.766,11.805,64960.640666,769595.811352917
2026-01-26 12:00:00,11.806,12.131,11.804,11.919,148775.336485,1776535.317759046
2026-01-26 16:00:00,11.921,12.027,11.825,11.931,101921.501815,1216346.457974298
2026-01-26 20:00:00,11.929,12.037,11.87,11.948,55804.646423,667738.856449403
2026-01-27 00:00:00,11.948,12.058,11.929,11.993,31704.84002,380537.412988191
2026-01-27 04:00:00,11.996,12.06,11.944,11.983,26554.555207,318396.024284827
2026-01-27 08:00:00,11.983,12.012,11.879,11.903,24329.227988,289928.498368064
2026-01-27 12:00:00,11.902,12.008,11.842,11.998,54916.600693,655291.18664746
2026-01-27 16:00:00,11.999,12.187,11.859,11.977,93580.423091,1127586.129269766
2026-01-27 20:00:00,11.976,12.162,11.974,12.047,84997.842704,1026575.700550075
2026-01-28 00:00:00,12.044,12.063,11.962,11.982,27947.7133,335512.741773712
2026-01-28 04:00:00,11.982,11.997,11.893,11.943,22228.065348,265367.456048747
2026-01-28 08:00:00,11.944,12.052,11.864,12.038,56345.687716,673193.654369822
2026-01-28 12:00:00,12.038,12.038,11.713,11.766,311778.102989,3696908.752918362
2026-01-28 16:00:00,11.764,11.901,11.693,11.845,60674.143378,714932.841678979
2026-01-28 20:00:00,11.845,11.942,11.755,11.843,39949.267703,473865.742736769
2026-01-29 00:00:00,11.844,11.87,11.611,11.647,70683.477535,827680.431826972
2026-01-29 04:00:00,11.645,11.661,11.547,11.631,29751.912907,345991.63066939
2026-01-29 08:00:00,11.631,11.66,11.51,11.547,86529.336546,1000692.893252699
2026-01-29 12:00:00,11.547,11.608,10.868,11.032,371863.285934,4166499.345600064
2026-01-29 16:00:00,11.033,11.204,10.829,10.948,293908.582005,3227843.18638072
2026-01-29 20:00:00,10.949,11.141,10.926,11.123,76659.13702,847741.497403795
2026-01-30 00:00:00,11.124,11.164,10.613,10.867,429076.188999,4641820.606614929
2026-01-30 04:00:00,10.867,10.996,10.662,10.84,205918.408438,2218364.119056747
2026-01-30 08:00:00,10.841,10.903,10.732,10.865,89824.604407,969052.66697606
2026-01-30 12:00:00,10.866,10.874,10.587,10.773,200236.249389,2146736.511070913
2026-01-30 16:00:00,10.772,10.992,10.503,10.906,173218.076461,1867120.865230443
2026-01-30 20:00:00,10.905,10.905,10.7,10.792,122609.301235,1320936.215693428
2026-01-31 00:00:00,10.792,10.835,10.729,10.745,46902.943125,505664.283197583
2026-01-31 04:00:00,10.745,10.786,10.561,10.616,68050.842421,727427.754726401
2026-01-31 08:00:00,10.621,10.637,10.366,10.498,171037.058405,1790498.110525285
2026-01-31 12:00:00,10.497,10.508,9.922,10.047,535151.207449,5408851.969038755
2026-01-31 16:00:00,10.047,10.177,8.958,9.669,1721414.466077,16420307.66498596
2026-01-31 20:00:00,9.671,10.035,9.562,9.991,213301.157978,2090069.276538943
2026-02-01 00:00:00,9.989,10.075,9.917,10.045,166735.551186,1668827.891189916
2026-02-01 04:00:00,10.046,10.078,9.866,9.943,125241.808313,1249488.151271136
2026-02-01 08:00:00,9.943,10.019,9.772,9.876,131799.048128,1306315.419457728
2026-02-01 12:00:00,9.877,9.914,9.415,9.537,219527.066481,2122038.535143841
2026-02-01 16:00:00,9.537,9.72,9.405,9.531,297613.200577,2840944.903175516
2026-02-01 20:00:00,9.53,9.66,9.216,9.407,292323.158588,2755056.106649543
2026-02-02 00:00:00,9.408,9.641,9.025,9.377,400800.373889,3748537.021715227
2026-02-02 04:00:00,9.378,9.492,9.072,9.393,443476.857404,4129117.816945115
2026-02-02 08:00:00,9.394,9.647,9.383,9.531,222667.205857,2120353.269729656
2026-02-02 12:00:00,9.538,10.027,9.538,9.93,507521.726758,4960301.573786622
2026-02-02 16:00:00,9.932,10.002,9.774,9.788,214253.118739,2123718.617659052
2026-02-02 20:00:00,9.788,9.865,9.709,9.808,108368.731074,1062423.126783495
2026-02-03 00:00:00,9.809,9.848,9.586,9.777,155666.51639,1515486.231000823
2026-02-03 04:00:00,9.779,9.856,9.651,9.735,231142.317773,2250459.057284124
2026-02-03 08:00:00,9.734,9.746,9.525,9.585,291012.478993,2810540.34277165
2026-02-03 12:00:00,9.585,9.767,9.496,9.747,253114.883737,2440275.860434425
2026-02-03 16:00:00,9.749,9.749,9.083,9.477,570640.050944,5347098.54744839
2026-02-03 20:00:00,9.473,9.893,9.395,9.49,363290.564191,3521066.875313883
2026-02-04 00:00:00,9.489,9.772,9.452,9.73,115746.140446,1115315.605693629
2026-02-04 04:00:00,9.73,9.752,9.585,9.677,112361.015711,1085713.436753369
2026-02-04 08:00:00,9.681,9.737,9.484,9.582,172046.554819,1656637.388480614
2026-02-04 12:00:00,9.584,9.611,9.135,9.22,288559.808698,2700940.028979743
2026-02-04 16:00:00,9.22,9.462,9.025,9.441,500763.27423,4606682.201337335
2026-02-04 20:00:00,9.442,9.466,9.05,9.257,210478.134331,1948614.229019118
2026-02-05 00:00:00,9.255,9.35,9.078,9.096,214644.343624,1978964.132835308
2026-02-05 04:00:00,9.094,9.22,8.972,9.055,279184.225463,2535072.288445789
2026-02-05 08:00:00,9.056,9.261,8.803,8.941,209966.112353,1895548.607159612
2026-02-05 12:00:00,8.941,9.066,8.306,8.467,688677.852875,5976907.614591442
2026-02-05 16:00:00,8.467,8.67,8.221,8.257,672032.961407,5663334.334450227
2026-02-05 20:00:00,8.258,8.323,7.854,7.916,655875.869899,5263652.859842812
2026-02-06 00:00:00,7.918,8.24,7.159,8.034,1433442.154642,10912659.078364858
2026-02-06 04:00:00,8.033,8.37,8.0,8.076,242052.384354,1976707.692764932
2026-02-06 08:00:00,8.082,8.353,7.99,8.328,293130.756553,2390806.098518461
2026-02-06 12:00:00,8.325,8.632,8.27,8.583,304225.276739,2575374.977329462
2026-02-06 16:00:00,8.584,9.002,8.554,8.847,336318.086363,2965182.495945862
2026-02-06 20:00:00,8.845,9.007,8.764,8.884,224457.795436,1992056.071286579
2026-02-07 00:00:00,8.885,8.953,8.787,8.934,123441.161392,1094255.692106635
2026-02-07 04:00:00,8.933,9.044,8.596,8.689,351632.638125,3102138.177578312
2026-02-07 08:00:00,8.689,8.744,8.584,8.655,157485.547613,1364630.838827705
2026-02-07 12:00:00,8.655,8.945,8.649,8.822,253503.611288,2227809.921122634
2026-02-07 16:00:00,8.824,9.034,8.785,8.938,851983.714586,7588720.745819633
2026-02-07 20:00:00,8.946,9.025,8.852,8.91,79345.0434,710027.612327108
2026-02-08 00:00:00,8.909,8.965,8.823,8.828,103128.308843,916784.215942153
2026-02-08 04:00:00,8.828,8.875,8.785,8.833,66926.647687,591273.199306923
2026-02-08 08:00:00,8.833,9.015,8.8,9.001,124312.775438,1107548.400986939
2026-02-08 12:00:00,9.006,9.05,8.852,8.888,102474.483054,918566.000935536
2026-02-08 16:00:00,8.888,8.97,8.722,8.957,76875.834282,680337.617355416
2026-02-08 20:00:00,8.959,9.023,8.754,8.824,94839.436189,838649.584308232
2026-02-09 00:00:00,8.823,8.897,8.731,8.888,164165.539088,1445606.617640954
2026-02-09 04:00:00,8.884,8.884,8.722,8.734,79130.599117,696157.33551086
2026-02-09 08:00:00,8.734,8.758,8.454,8.564,198260.106329,1701331.399006717
2026-02-09 12:00:00,8.565,8.759,8.524,8.758,261544.268522,2256723.070776189
2026-02-09 16:00:00,8.757,8.994,8.662,8.967,275936.118568,2433184.727704607
2026-02-09 20:00:00,8.967,9.018,8.793,8.837,131260.889555,1166242.251211116
2026-02-10 00:00:00,8.837,8.883,8.64,8.687,132353.039696,1159611.27027611
2026-02-10 04:00:00,8.688,8.728,8.483,8.543,155959.318449,1338831.764784346
2026-02-10 08:00:00,8.544,8.625,8.502,8.507,84332.913546,721610.363522725
2026-02-10 12:00:00,8.508,8.672,8.476,8.575,148045.512866,1266795.239699738
2026-02-10 16:00:00,8.577,8.656,8.475,8.547,66905.312766,572895.259487539
2026-02-10 20:00:00,8.547,8.583,8.482,8.574,86027.343015,734486.718137443
2026-02-11 00:00:00,8.576,8.613,8.461,8.541,82901.750046,708977.838179265
2026-02-11 04:00:00,8.539,8.55,8.277,8.321,188688.412682,1580673.511465543
2026-02-11 08:00:00,8.321,8.322,8.195,8.276,96956.58561,800944.731679783
2026-02-11 12:00:00,8.277,8.565,8.127,8.237,384954.117087,3203051.802315671
2026-02-11 16:00:00,8.239,8.371,8.142,8.315,216117.860701,1786877.812429643
2026-02-11 20:00:00,8.313,8.457,8.254,8.322,189436.091895,1580395.20247261
2026-02-12 00:00:00,8.324,8.466,8.324,8.43,84548.100671,709644.936843088
2026-02-12 04:00:00,8.43,8.517,8.354,8.46,72821.994275,614763.482790484
2026-02-12 08:00:00,8.461,8.595,8.405,8.56,84131.181592,716064.934875712
2026-02-12 12:00:00,8.56,8.581,8.342,8.355,134028.439011,1136380.472051677
2026-02-12 16:00:00,8.354,8.424,8.173,8.308,190243.870501,1573811.357908512
2026-02-12 20:00:00,8.309,8.431,8.223,8.413,98260.867632,816093.592665859
2026-02-13 00:00:00,8.415,8.452,8.348,8.428,61727.672164,518871.185714676
2026-02-13 04:00:00,8.431,8.431,8.305,8.38,48104.415661,402801.454583986
2026-02-13 08:00:00,8.382,8.474,8.368,8.436,35281.190229,297696.683949663
2026-02-13 12:00:00,8.436,8.824,8.402,8.706,158391.441668,1358516.347538396
2026-02-13 16:00:00,8.71,8.913,8.689,8.802,126298.952674,1113486.648363601
2026-02-13 20:00:00,8.803,8.868,8.763,8.767,60249.662907,530881.70819486
2026-02-14 00:00:00,8.768,8.893,8.76,8.85,178221.606094,1574745.050885883
2026-02-14 04:00:00,8.85,8.899,8.803,8.886,47459.839445,419649.848149898
2026-02-14 08:00:00,8.887,9.044,8.887,9.039,134909.274544,1209754.782195892
2026-02-14 12:00:00,9.041,9.046,8.905,9.039,105517.586646,947420.07316508
2026-02-14 16:00:00,9.041,9.187,8.971,9.17,89790.883045,814820.665596306
2026-02-14 20:00:00,9.172,9.209,9.079,9.091,87917.301336,804356.040036495
2026-02-15 00:00:00,9.093,9.122,8.936,9.068,93636.278107,845774.66650109
2026-02-15 04:00:00,9.069,9.243,9.066,9.203,105214.546142,962951.908326015
2026-02-15 08:00:00,9.204,9.244,9.037,9.055,83198.934191,758760.330954798
2026-02-15 12:00:00,9.055,9.063,8.762,8.867,130493.893273,1161112.216615798
2026-02-15 16:00:00,8.868,8.883,8.602,8.643,142377.672629,1243797.881837514
2026-02-15 20:00:00,8.635,8.791,8.613,8.783,59815.843219,521180.106342785
2026-02-16 00:00:00,8.784,8.855,8.7,8.752,44944.811957,393701.759410284
2026-02-16 04:00:00,8.752,8.824,8.67,8.767,68843.699722,603523.991005483
2026-02-16 08:00:00,8.768,8.89,8.697,8.792,41967.015499,369759.352872278
2026-02-16 12:00:00,8.793,8.991,8.649,8.71,142306.55628,1253384.295919403
2026-02-16 16:00:00,8.706,8.835,8.705,8.785,56719.023704,497790.951350408
2026-02-16 20:00:00,8.784,8.966,8.764,8.935,63461.142122,564444.535174906
2026-02-17 00:00:00,8.936,8.991,8.861,8.925,58497.48849,523112.303423923
2026-02-17 04:00:00,8.924,8.961,8.8,8.869,34502.096141,305798.655163058
2026-02-17 08:00:00,8.869,8.894,8.732,8.768,56353.622101,494702.810743293
2026-02-17 12:00:00,8.767,8.912,8.664,8.775,146063.358307,1283416.646299289
2026-02-17 16:00:00,8.776,8.951,8.694,8.88,91830.306319,812334.58609301
2026-02-17 20:00:00,8.88,8.899,8.82,8.828,42418.140299,375633.906001525
2026-02-18 00:00:00,8.829,8.904,8.745,8.886,70585.190143,623319.176655624
2026-02-18 04:00:00,8.885,8.933,8.826,8.916,50502.069786,447934.287853476
2026-02-18 08:00:00,8.916,8.999,8.761,8.768,64916.891855,576239.99008025
2026-02-18 12:00:00,8.767,8.898,8.666,8.802,132651.186075,1160863.172758458
2026-02-18 16:00:00,8.802,8.804,8.517,8.576,132957.23708,1153992.932651402
2026-02-18 20:00:00,8.576,8.616,8.526,8.604,69210.840115,593444.86019262
2026-02-19 00:00:00,8.605,8.687,8.572,8.671,65850.645533,569445.913747243
2026-02-19 04:00:00,8.672,8.751,8.624,8.701,53101.434945,461717.782209995
2026-02-19 08:00:00,8.701,8.702,8.56,8.569,136788.927946,1179345.832334722
2026-02-19 12:00:00,8.57,8.603,8.368,8.442,180571.288328,1528373.090465585
2026-02-19 16:00:00,8.441,8.546,8.345,8.508,61481.737714,520453.449643989
2026-02-19 20:00:00,8.512,8.58,8.478,8.579,57610.15678,491225.909256562
2026-02-20 00:00:00,8.579,8.651,8.565,8.605,40050.147749,344970.636296719
2026-02-20 04:00:00,8.608,8.679,8.526,8.654,59734.728227,515028.739137562
2026-02-20 08:00:00,8.654,8.729,8.605,8.622,49040.718236,425603.352935092
2026-02-20 12:00:00,8.624,8.841,8.458,8.828,206073.269416,1783242.953162092
2026-02-20 16:00:00,8.829,8.972,8.697,8.903,177918.980207,1575836.179976147
2026-02-20 20:00:00,8.904,9.012,8.885,8.942,74148.877414,663216.494007953
2026-02-21 00:00:00,8.943,8.983,8.857,8.891,67189.273354,599187.505809976
2026-02-21 04:00:00,8.892,8.922,8.859,8.868,44237.923561,392592.153386117
2026-02-21 08:00:00,8.868,8.984,8.863,8.942,63078.453571,563115.219968662
2026-02-21 12:00:00,8.943,9.048,8.899,8.936,79527.512629,713247.315670832
2026-02-21 16:00:00,8.936,8.995,8.844,8.933,130050.731208,1158268.376750749
2026-02-21 20:00:00,8.933,8.951,8.865,8.873,63192.893018,561929.768803025
2026-02-22 00:00:00,8.872,8.898,8.798,8.841,46447.288007,410945.631345924
2026-02-22 04:00:00,8.841,8.873,8.806,8.853,36633.549227,323804.983110315
2026-02-22 08:00:00,8.854,8.869,8.795,8.837,52918.916524,467131.83016348
2026-02-22 12:00:00,8.835,8.843,8.685,8.71,155675.890749,1361201.406668393
2026-02-22 16:00:00,8.71,8.712,8.607,8.644,61481.663376,532163.196550137
2026-02-22 20:00:00,8.643,8.708,8.606,8.682,42265.869215,366090.270450652
2026-02-23 00:00:00,8.683,8.694,8.174,8.254,366782.808675,3044623.796392621
2026-02-23 04:00:00,8.255,8.377,8.177,8.355,81945.000178,679792.261077698
2026-02-23 08:00:00,8.354,8.559,8.31,8.474,66979.016567,565753.097926993
2026-02-23 12:00:00,8.475,8.582,8.401,8.421,113323.69715,961633.138420103
2026-02-23 16:00:00,8.419,8.459,8.184,8.232,113512.021722,941755.985466532
2026-02-23 20:00:00,8.231,8.346,8.206,8.269,61780.9961,513081.675610034
2026-02-24 00:00:00,8.269,8.341,8.119,8.209,143602.289074,1183076.659848604
2026-02-24 04:00:00,8.21,8.233,8.125,8.151,158234.895404,1293984.365746627
2026-02-24 08:00:00,8.152,8.203,8.109,8.175,72779.468836,594587.682507462
2026-02-24 12:00:00,8.177,8.232,8.056,8.216,163450.393163,1329955.978172838
2026-02-24 16:00:00,8.217,8.281,8.178,8.234,80427.035741,662249.116557728
2026-02-24 20:00:00,8.233,8.263,8.168,8.197,67978.044581,558442.781691789
2026-02-25 00:00:00,8.198,8.63,8.185,8.503,254707.203815,2170229.232858697
2026-02-25 04:00:00,8.504,8.555,8.358,8.478,154164.232464,1303475.238667994
2026-02-25 08:00:00,8.479,8.666,8.439,8.659,87958.942521,753493.357064386
2026-02-25 12:00:00,8.657,9.332,8.642,9.281,494383.746106,4457421.471732325
2026-02-25 16:00:00,9.281,9.507,9.281,9.475,386551.277204,3640164.139146149
2026-02-25 20:00:00,9.475,9.589,9.183,9.267,196514.687756,1848522.394831887
2026-02-26 00:00:00,9.267,9.335,9.151,9.224,139168.309604,1284222.866169999
2026-02-26 04:00:00,9.224,9.344,9.17,9.208,148889.87404,1379404.309801858
2026-02-26 08:00:00,9.208,9.32,9.169,9.214,130487.618828,1206045.421575327
2026-02-26 12:00:00,9.215,9.31,9.027,9.12,240280.463791,2199603.760454159
2026-02-26 16:00:00,9.122,9.141,8.856,9.1,295829.13579,2661335.540018967
2026-02-26 20:00:00,9.099,9.144,9.043,9.097,79944.116699,727129.520281557
2026-02-27 00:00:00,9.099,9.199,9.002,9.185,89383.030089,810894.805028231
2026-02-27 04:00:00,9.186,9.298,9.125,9.178,132797.040517,1221598.140278439
2026-02-27 08:00:00,9.179,9.239,8.805,8.848,243207.100423,2189663.659332242
2026-02-27 12:00:00,8.847,8.867,8.734,8.816,326451.162645,2875176.314202326
2026-02-27 16:00:00,8.815,8.819,8.645,8.673,164526.997583,1434528.640931487
2026-02-27 20:00:00,8.674,8.737,8.547,8.713,123166.855702,1067605.41697807
2026-02-28 00:00:00,8.713,8.751,8.67,8.68,105660.260571,920743.834315002
2026-02-28 04:00:00,8.681,8.697,8.225,8.352,615395.690603,5186187.540128886
2026-02-28 08:00:00,8.351,8.352,8.213,8.276,238561.762516,1976344.441422391
2026-02-28 12:00:00,8.276,8.543,8.276,8.435,272517.451799,2289558.477357116
2026-02-28 16:00:00,8.434,8.733,8.403,8.689,191262.256586,1633594.595961421
2026-02-28 20:00:00,8.689,8.943,8.667,8.848,236367.637599,2085370.213602954
2026-03-01 00:00:00,8.848,9.208,8.742,9.055,249490.05403,2251163.376214165
2026-03-01 04:00:00,9.056,9.096,8.929,8.977,141219.16727,1271323.356879908
2026-03-01 08:00:00,8.978,8.996,8.84,8.876,122734.630711,1093904.58315404
2026-03-01 12:00:00,8.874,9.057,8.786,8.916,207126.552694,1852410.572641136
2026-03-01 16:00:00,8.917,8.974,8.678,8.696,299684.914762,2642886.400926356
2026-03-01 20:00:00,8.696,8.787,8.541,8.675,268664.674953,2328703.844013044
2026-03-02 00:00:00,8.676,8.888,8.666,8.825,131223.216501,1152010.439851707
2026-03-02 04:00:00,8.826,8.853,8.611,8.675,124339.98195,1089860.908263153
2026-03-02 08:00:00,8.677,8.772,8.59,8.692,145815.89972,1266116.122806476
2026-03-02 12:00:00,8.693,9.181,8.588,9.108,332170.556388,2951777.634398908
2026-03-02 16:00:00,9.11,9.273,8.95,9.037,266564.674161,2421260.314699006
2026-03-02 20:00:00,9.038,9.108,8.925,8.952,166399.055184,1500748.007783008
2026-03-03 00:00:00,8.953,9.014,8.847,8.886,152332.815024,1360727.239631384
2026-03-03 04:00:00,8.887,8.936,8.773,8.795,111442.014981,984510.531161271
2026-03-03 08:00:00,8.794,8.808,8.602,8.675,162741.919387,1411574.250832526
2026-03-03 12:00:00,8.675,8.79,8.56,8.746,178992.511377,1551319.230661902
2026-03-03 16:00:00,8.748,8.929,8.708,8.808,206796.694663,1823205.299681799
2026-03-03 20:00:00,8.808,8.887,8.683,8.808,147379.388283,1293995.108090353
2026-03-04 00:00:00,8.809,8.895,8.687,8.759,228202.588877,2006962.191482332
2026-03-04 04:00:00,8.76,8.923,8.689,8.902,194795.388605,1708251.930452692
2026-03-04 08:00:00,8.903,9.3,8.887,9.13,412448.548204,3773338.32659529
2026-03-04 12:00:00,9.131,9.513,9.027,9.503,427918.4766,3960976.274498496
2026-03-04 16:00:00,9.503,9.633,9.362,9.531,338546.997602,3211971.340979722
2026-03-04 20:00:00,9.533,9.563,9.298,9.35,171116.168164,1612216.492317189
2026-03-05 00:00:00,9.349,9.392,9.238,9.264,219264.164894,2041623.68873726
2026-03-05 04:00:00,9.265,9.359,9.181,9.219,138153.699945,1281763.505788626
2026-03-05 08:00:00,9.219,9.465,9.2,9.399,192543.786113,1800254.488165883
2026-03-05 12:00:00,9.4,9.488,9.173,9.233,397924.723672,3729040.385957719
2026-03-05 16:00:00,9.234,9.273,9.07,9.187,197486.500699,1807867.567378264
2026-03-05 20:00:00,9.187,9.324,9.171,9.205,126867.593841,1172665.928969269
2026-03-06 00:00:00,9.206,9.317,9.169,9.264,188590.618381,1745329.448419779
2026-03-06 04:00:00,9.266,9.293,9.153,9.278,102248.776724,942390.628119312
2026-03-06 08:00:00,9.278,9.279,9.06,9.077,108772.040293,995952.346829958
2026-03-06 12:00:00,9.076,9.139,8.746,8.792,400321.790418,3583475.268707514
2026-03-06 16:00:00,8.789,8.831,8.67,8.79,154531.540117,1354292.662499715
2026-03-06 20:00:00,8.79,8.823,8.738,8.797,85773.434815,753164.016715405
2026-03-07 00:00:00,8.797,8.856,8.758,8.79,72717.433055,639971.961143463
2026-03-07 04:00:00,8.791,8.819,8.735,8.807,74321.311936,652346.773795901
2026-03-07 08:00:00,8.808,8.824,8.747,8.8,190923.200084,1678240.972792461
2026-03-07 12:00:00,8.8,8.819,8.729,8.754,86748.84006,762012.924008582
2026-03-07 16:00:00,8.754,8.809,8.643,8.659,142541.125832,1242640.157665516
2026-03-07 20:00:00,8.66,8.715,8.641,8.697,69618.503124,604667.206580066
2026-03-08 00:00:00,8.699,8.715,8.58,8.6,115355.898323,997585.516538361
2026-03-08 04:00:00,8.601,8.667,8.529,8.636,80936.128823,696056.085295862
2026-03-08 08:00:00,8.634,8.775,8.592,8.654,90782.603975,787751.739974911
2026-03-08 12:00:00,8.654,8.675,8.54,8.568,148364.982048,1274859.760670578
2026-03-08 16:00:00,8.568,8.664,8.502,8.642,179205.534969,1532505.189162808
2026-03-08 20:00:00,8.643,8.7,8.391,8.513,172245.407729,1468043.412521143
2026-03-09 00:00:00,8.514,8.797,8.505,8.683,196695.042072,1695743.990073233
2026-03-09 04:00:00,8.684,8.875,8.647,8.739,160158.702979,1403309.337109065
2026-03-09 08:00:00,8.741,8.854,8.712,8.775,100743.789052,883616.00913526
2026-03-09 12:00:00,8.777,8.97,8.777,8.927,183258.456427,1631324.446972629
2026-03-09 16:00:00,8.928,9.103,8.866,9.007,138629.548939,1241293.179967301
2026-03-09 20:00:00,9.007,9.037,8.847,8.866,97312.903152,870662.714065387
2026-03-10 00:00:00,8.865,9.08,8.854,8.937,110406.792759,991544.192779694
2026-03-10 04:00:00,8.939,9.08,8.937,9.077,74241.730382,669613.044857355
2026-03-10 08:00:00,9.079,9.161,9.065,9.069,123943.494279,1129479.705626275
2026-03-10 12:00:00,9.07,9.182,8.86,9.135,163266.712343,1475709.764081018
2026-03-10 16:00:00,9.133,9.179,8.919,8.973,126499.551236,1147259.094148474
2026-03-10 20:00:00,8.972,9.01,8.909,8.982,76416.523361,685177.872220756
2026-03-11 00:00:00,8.984,9.008,8.914,8.928,129590.917794,1160033.507070245
2026-03-11 04:00:00,8.928,9.036,8.865,8.891,132343.791283,1183826.424440128
2026-03-11 08:00:00,8.891,8.968,8.882,8.914,75077.218014,669530.996063552
2026-03-11 12:00:00,8.911,9.169,8.886,8.995,240846.282059,2174185.261148713
2026-03-11 16:00:00,8.997,9.152,8.971,9.086,119854.792649,1086038.660474301
2026-03-11 20:00:00,9.087,9.114,8.98,8.999,50857.819021,460326.307987827
2026-03-12 00:00:00,8.999,9.02,8.836,8.869,88783.764606,793504.670889238
2026-03-12 04:00:00,8.866,8.961,8.845,8.948,84167.082721,748612.559920359
2026-03-12 08:00:00,8.947,9.108,8.926,9.029,178639.506187,1611008.455686658
2026-03-12 12:00:00,9.029,9.099,8.897,9.037,170381.91451,1534975.086954617
2026-03-12 16:00:00,9.036,9.082,8.963,9.035,71821.079072,647778.548902301
2026-03-12 20:00:00,9.034,9.088,8.967,9.056,82786.293868,746897.488487482
2026-03-13 00:00:00,9.057,9.398,9.036,9.285,228097.638799,2115262.589723209
2026-03-13 04:00:00,9.286,9.297,9.172,9.195,90970.78754,840261.98246195
2026-03-13 08:00:00,9.197,9.327,9.162,9.272,101417.666886,939939.180059468
2026-03-13 12:00:00,9.272,9.597,9.24,9.269,424306.948067,4011010.798573535
2026-03-13 16:00:00,9.269,9.331,9.1,9.146,179389.607755,1648921.232414867
2026-03-13 20:00:00,9.148,9.202,9.019,9.089,102738.679365,935278.40231586
2026-03-14 00:00:00,9.088,9.13,9.025,9.118,91626.27203,832596.468169363
2026-03-14 04:00:00,9.119,9.143,8.963,8.979,76820.643349,694876.721104955
2026-03-14 08:00:00,8.978,9.011,8.913,8.993,116812.306379,1045807.905020218
2026-03-14 12:00:00,8.993,9.017,8.963,9.004,171565.418144,1544192.32054429
2026-03-14 16:00:00,9.004,9.052,8.982,9.027,49846.139503,449573.055636729
2026-03-14 20:00:00,9.028,9.172,9.018,9.17,59172.825428,538345.919842264
2026-03-15 00:00:00,9.17,9.258,9.114,9.207,107638.874637,988183.982040112
2026-03-15 04:00:00,9.208,9.267,9.188,9.216,122093.270078,1126094.794438169
2026-03-15 08:00:00,9.217,9.32,9.217,9.276,61327.836796,568734.577264849
2026-03-15 12:00:00,9.277,9.278,9.138,9.153,200815.577182,1841493.996845813
2026-03-15 16:00:00,9.153,9.239,9.121,9.2,64166.778678,588299.438443927
2026-03-15 20:00:00,9.199,9.556,9.176,9.494,221095.57236,2078483.462258319
2026-03-16 00:00:00,9.496,9.813,9.412,9.7,310874.622435,2991996.479920583
2026-03-16 04:00:00,9.7,9.833,9.675,9.688,382906.901253,3732064.821250576
2026-03-16 08:00:00,9.689,9.735,9.562,9.661,131723.790214,1270860.390974956
2026-03-16 12:00:00,9.662,9.821,9.598,9.719,189813.085603,1845098.877234982
2026-03-16 16:00:00,9.719,9.972,9.708,9.934,248239.409587,2448077.241582764
2026-03-16 20:00:00,9.935,10.08,9.863,9.923,203610.869539,2029974.006739627
2026-03-17 00:00:00,9.923,10.021,9.778,9.83,359519.051648,3567171.871937169
2026-03-17 04:00:00,9.83,9.856,9.687,9.798,120217.431735,1175186.57801329
2026-03-17 08:00:00,9.798,9.835,9.73,9.766,97999.991646,958251.652687349
2026-03-17 12:00:00,9.767,9.943,9.715,9.803,156396.943856,1533478.967084697
2026-03-17 16:00:00,9.802,9.915,9.793,9.806,76428.37416,753341.321400023
2026-03-17 20:00:00,9.808,9.913,9.774,9.793,84663.897408,832950.647813497
2026-03-18 00:00:00,9.793,9.926,9.756,9.893,71624.938362,704709.05624409
2026-03-18 04:00:00,9.892,9.897,9.779,9.813,106666.511297,1048337.285271295
2026-03-18 08:00:00,9.814,9.888,9.525,9.557,236480.717766,2303253.966273172
2026-03-18 12:00:00,9.556,9.556,9.125,9.204,374095.675249,3489498.318074557
2026-03-18 16:00:00,9.204,9.31,9.095,9.168,235439.73619,2165510.160985961
2026-03-18 20:00:00,9.17,9.266,9.084,9.23,104080.533576,957129.182040668
2026-03-19 00:00:00,9.23,9.337,9.16,9.254,58514.701286,540338.296475569
2026-03-19 04:00:00,9.253,9.26,9.036,9.093,91682.615525,838648.284619913
2026-03-19 08:00:00,9.093,9.172,9.066,9.096,91523.932687,834877.385939961
2026-03-19 12:00:00,9.095,9.096,8.896,8.962,174539.354662,1564287.814076493
2026-03-19 16:00:00,8.961,9.093,8.899,9.033,114247.49728,1028003.150307481
2026-03-19 20:00:00,9.032,9.096,9.012,9.043,89517.239102,810747.652997031
2026-03-20 00:00:00,9.044,9.159,9.039,9.118,83074.145625,755847.546226914
2026-03-20 04:00:00,9.119,9.152,9.031,9.115,49396.508832,449919.876751982
2026-03-20 08:00:00,9.114,9.208,9.058,9.088,93222.509906,850218.296081339
2026-03-20 12:00:00,9.088,9.127,8.971,9.028,144254.868422,1304132.66491235
2026-03-20 16:00:00,9.026,9.067,8.96,9.042,100680.718259,907438.924093276
2026-03-20 20:00:00,9.043,9.163,8.981,9.114,108954.993847,990560.236601152
2026-03-21 00:00:00,9.113,9.175,9.113,9.128,76093.509318,695276.27962489
2026-03-21 04:00:00,9.128,9.15,9.104,9.126,75768.458952,691753.920821383
2026-03-21 08:00:00,9.127,9.166,9.091,9.105,36859.291158,336430.574684448
2026-03-21 12:00:00,9.107,9.141,9.051,9.103,59437.880279,540531.003268999
2026-03-21 16:00:00,9.104,9.106,9.041,9.07,65177.180301,590772.452516853
2026-03-21 20:00:00,9.069,9.11,8.758,8.824,137693.444076,1228233.202780162
2026-03-22 00:00:00,8.823,8.969,8.673,8.905,147753.653263,1303437.036939024
2026-03-22 04:00:00,8.905,8.945,8.837,8.84,70074.725541,623502.423180562
2026-03-22 08:00:00,8.84,8.865,8.745,8.754,129719.471707,1142097.858975049
2026-03-22 12:00:00,8.755,8.837,8.755,8.794,93341.04537,820583.251623631
2026-03-22 16:00:00,8.795,8.805,8.687,8.706,77385.000201,677148.167351268
2026-03-22 20:00:00,8.707,8.761,8.572,8.687,153038.566594,1326239.64448487
2026-03-23 00:00:00,8.688,8.778,8.633,8.702,105720.727908,920575.191867901
2026-03-23 04:00:00,8.702,8.78,8.575,8.645,95361.385467,828529.376103547
2026-03-23 08:00:00,8.647,9.252,8.578,8.975,461142.953012,4139486.414392568
2026-03-23 12:00:00,8.976,9.289,8.909,9.044,252553.241395,2302605.35558593
2026-03-23 16:00:00,9.045,9.221,8.992,9.129,168609.039457,1535693.598190788
2026-03-23 20:00:00,9.13,9.177,9.071,9.109,100872.202112,920623.075608644
2026-03-24 00:00:00,9.11,9.143,9.012,9.092,159355.200512,1445586.29191825
2026-03-24 04:00:00,9.093,9.257,9.007,9.242,192770.481478,1756245.324921452
2026-03-24 08:00:00,9.242,9.259,9.166,9.247,101580.642911,937097.483468526
2026-03-24 12:00:00,9.248,9.252,9.048,9.119,132946.3533,1215404.236115903
2026-03-24 16:00:00,9.119,9.165,9.017,9.06,89743.817497,814632.154906648
2026-03-24 20:00:00,9.058,9.269,9.057,9.247,75888.406271,698468.511593354
2026-03-25 00:00:00,9.247,9.312,9.178,9.242,91016.385474,841519.703290666
2026-03-25 04:00:00,9.243,9.362,9.231,9.285,148541.286191,1380314.058703887
2026-03-25 08:00:00,9.287,9.464,9.287,9.416,102442.13753,961418.824620326
2026-03-25 12:00:00,9.419,9.498,9.293,9.368,167221.886667,1572754.192841687
2026-03-25 16:00:00,9.369,9.478,9.302,9.348,162654.516123,1523657.166381467
2026-03-25 20:00:00,9.349,9.406,9.281,9.377,76355.427534,712540.056386955
2026-03-26 00:00:00,9.376,9.391,9.225,9.256,58670.24201,546323.467823862
2026-03-26 04:00:00,9.256,9.256,9.07,9.109,65657.0703,600525.981895809
2026-03-26 08:00:00,9.107,9.111,8.923,8.945,142564.450997,1282164.779525854
2026-03-26 12:00:00,8.947,9.029,8.855,8.933,111919.86062,1001937.608387424
2026-03-26 16:00:00,8.934,8.952,8.812,8.835,77708.002296,689420.898013783
2026-03-26 20:00:00,8.834,8.987,8.823,8.913,146794.332518,1311028.717098786
2026-03-27 00:00:00,8.913,8.983,8.887,8.915,78800.123818,703037.072550814
2026-03-27 04:00:00,8.914,8.947,8.845,8.91,73230.562518,651698.92684446
2026-03-27 08:00:00,8.91,8.926,8.551,8.596,181676.75714,1581604.858582604
2026-03-27 12:00:00,8.596,8.681,8.523,8.611,153190.228691,1316363.980919131
2026-03-27 16:00:00,8.609,8.637,8.486,8.545,108790.627209,931411.933357082
2026-03-27 20:00:00,8.544,8.578,8.491,8.57,41456.388014,353760.882308345
2026-03-28 00:00:00,8.569,8.571,8.502,8.517,49747.739618,424361.459209797
2026-03-28 04:00:00,8.519,8.604,8.503,8.603,61723.19957,527839.775611533
2026-03-28 08:00:00,8.603,8.614,8.483,8.539,76398.274134,652842.888991528
2026-03-28 12:00:00,8.54,8.696,8.514,8.639,173889.871635,1498667.558169714
2026-03-28 16:00:00,8.64,8.652,8.584,8.6,87904.303082,757413.469082458
2026-03-28 20:00:00,8.602,8.624,8.375,8.437,271488.402071,2302089.248397031
2026-03-29 00:00:00,8.437,8.59,8.415,8.543,128663.188507,1093387.821508883
2026-03-29 04:00:00,8.543,8.543,8.493,8.516,56716.177785,483317.37745007
2026-03-29 08:00:00,8.517,8.542,8.456,8.508,58433.262756,496969.175657693
2026-03-29 12:00:00,8.506,8.512,8.391,8.425,116409.985279,982800.541588367
2026-03-29 16:00:00,8.427,8.465,8.394,8.417,59180.400531,498918.093942027
2026-03-29 20:00:00,8.417,8.488,8.195,8.414,211381.190816,1766571.144621648
2026-03-30 00:00:00,8.415,8.673,8.4,8.634,131875.599629,1127199.592319545
2026-03-30 04:00:00,8.636,8.755,8.636,8.743,137544.531157,1195464.242302588
2026-03-30 08:00:00,8.746,8.905,8.729,8.868,148048.908761,1304638.084837568
2026-03-30 12:00:00,8.869,8.926,8.779,8.825,203445.34397,1803518.57116696
2026-03-30 16:00:00,8.826,8.842,8.566,8.625,198812.464181,1736531.154874005
2026-03-30 20:00:00,8.624,8.726,8.585,8.627,79776.629819,690638.355773703
2026-03-31 00:00:00,8.628,8.857,8.6,8.749,84414.5123,736560.98080904
2026-03-31 04:00:00,8.755,8.78,8.668,8.709,87721.104908,765231.236640033
2026-03-31 08:00:00,8.71,8.715,8.505,8.615,151500.069775,1302823.35694748
2026-03-31 12:00:00,8.617,8.808,8.587,8.626,149970.596524,1303379.189740143
2026-03-31 16:00:00,8.625,8.889,8.622,8.778,172742.270775,1516378.380022974
2026-03-31 20:00:00,8.776,8.817,8.712,8.782,63616.695721,557948.322413612
2026-04-01 00:00:00,8.781,8.834,8.742,8.821,46447.657071,408322.035242083
2026-04-01 04:00:00,8.82,9.202,8.795,9.06,166498.673095,1507531.152630043
2026-04-01 08:00:00,9.06,9.104,8.989,9.024,91764.981438,829918.553103225
2026-04-01 12:00:00,9.023,9.092,8.923,9.008,128159.38415,1154685.808917017
2026-04-01 16:00:00,9.009,9.14,8.954,9.019,69019.116725,621489.154927235
2026-04-01 20:00:00,9.019,9.039,8.928,8.942,71769.41057,644481.198008712
2026-04-02 00:00:00,8.944,9.009,8.524,8.567,206575.882833,1806516.067130542
2026-04-02 04:00:00,8.567,8.571,8.502,8.562,101772.508086,869077.391214991
2026-04-02 08:00:00,8.562,8.562,8.451,8.484,95142.980296,808694.934419923
2026-04-02 12:00:00,8.484,8.642,8.419,8.565,166720.921348,1418323.907026019
2026-04-02 16:00:00,8.565,8.655,8.524,8.613,51620.198748,443275.298607438
2026-04-02 20:00:00,8.613,8.654,8.59,8.63,41130.546823,354897.482895401
2026-04-03 00:00:00,8.631,8.674,8.59,8.651,42451.882263,366546.470408355
2026-04-03 04:00:00,8.65,8.766,8.64,8.714,40239.942702,349625.827098718
2026-04-03 08:00:00,8.715,8.743,8.662,8.721,26042.338568,226736.605873298
2026-04-03 12:00:00,8.724,8.811,8.652,8.698,63334.389079,552434.263336144
2026-04-03 16:00:00,8.697,8.731,8.647,8.677,48147.761669,418439.376639497
2026-04-03 20:00:00,8.675,8.714,8.641,8.659,22103.500995,191816.647918144
2026-04-04 00:00:00,8.659,8.659,8.616,8.642,46171.341032,398680.265916694
2026-04-04 04:00:00,8.642,8.678,8.632,8.658,26709.771241,231096.980177406
2026-04-04 08:00:00,8.659,8.678,8.628,8.66,19998.539743,173176.737765305
2026-04-04 12:00:00,8.661,8.71,8.611,8.685,41196.149035,356614.67096112
2026-04-04 16:00:00,8.688,8.779,8.667,8.726,35713.549538,311066.71222577
2026-04-04 20:00:00,8.726,8.728,8.679,8.694,33653.127646,292842.867631885
2026-04-05 00:00:00,8.694,8.698,8.641,8.65,34840.005066,301985.791344943
2026-04-05 04:00:00,8.651,8.659,8.517,8.532,76300.745731,652890.063825648
2026-04-05 08:00:00,8.532,8.58,8.525,8.548,39831.149511,340388.224710523
2026-04-05 12:00:00,8.546,8.68,8.477,8.595,54595.741668,467584.931382205
2026-04-05 16:00:00,8.6,8.646,8.575,8.62,31533.428599,271488.804336659
2026-04-05 20:00:00,8.626,8.87,8.566,8.821,74110.253496,644423.887002909
2026-04-06 00:00:00,8.822,9.027,8.822,8.929,116376.334282,1040242.398217186
2026-04-06 04:00:00,8.929,9.004,8.904,8.963,164429.534654,1470651.68007422
2026-04-06 08:00:00,8.964,9.153,8.957,9.046,124442.823953,1127458.692961139
2026-04-06 12:00:00,9.046,9.089,8.995,9.087,105220.167169,951194.878262123
2026-04-06 16:00:00,9.086,9.101,8.938,8.986,71698.846764,645091.784457971
2026-04-06 20:00:00,8.985,9.019,8.724,8.802,72396.894483,642100.471403199
2026-04-07 00:00:00,8.797,8.848,8.728,8.793,54926.183116,482900.3088113
2026-04-07 04:00:00,8.792,8.829,8.732,8.767,38926.095751,341441.238180097
2026-04-07 08:00:00,8.766,8.899,8.673,8.685,96621.58462,850136.339578946
2026-04-07 12:00:00,8.681,8.713,8.573,8.62,234326.926071,2026815.587291012
2026-04-07 16:00:00,8.619,8.753,8.595,8.745,96888.972388,839093.692731503
2026-04-07 20:00:00,8.745,9.416,8.712,9.287,318915.777266,2914307.427814508
2026-04-08 00:00:00,9.287,9.337,9.176,9.18,116550.289787,1077438.813055568
2026-04-08 04:00:00,9.181,9.274,9.181,9.255,65844.327474,607783.590993724
2026-04-08 08:00:00,9.256,9.274,9.149,9.187,61822.324195,569396.351303585
2026-04-08 12:00:00,9.188,9.269,8.969,9.032,136698.842566,1246025.954506522
2026-04-08 16:00:00,9.031,9.118,8.939,8.989,63508.71253,574077.158032919
2026-04-08 20:00:00,8.987,9.038,8.838,8.86,36251.573632,324330.744230465
2026-04-09 00:00:00,8.859,8.86,8.693,8.764,161739.672177,1415673.437308707
2026-04-09 04:00:00,8.762,8.799,8.749,8.756,125369.90742,1099331.947862132
2026-04-09 08:00:00,8.755,8.805,8.74,8.765,64505.910473,565801.534078714
2026-04-09 12:00:00,8.765,8.972,8.689,8.942,144989.528151,1276935.215582371
2026-04-09 16:00:00,8.943,9.036,8.864,9.007,101732.404019,911469.066403279
2026-04-09 20:00:00,9.007,9.185,8.932,8.945,70797.774365,640596.651096349
2026-04-10 00:00:00,8.948,9.004,8.89,8.916,39867.038506,356395.523001822
2026-04-10 04:00:00,8.917,8.994,8.889,8.897,24433.724575,218436.758664588
2026-04-10 08:00:00,8.898,9.018,8.882,8.987,39383.688955,352450.407155885
2026-04-10 12:00:00,8.985,9.168,8.964,9.057,127226.956932,1153789.933884349
2026-04-10 16:00:00,9.057,9.163,9.033,9.158,49301.700882,448128.09177721
2026-04-10 20:00:00,9.158,9.174,9.066,9.085,42887.037549,391143.889356047
2026-04-11 00:00:00,9.085,9.113,9.031,9.052,34035.495656,308877.497349587
2026-04-11 04:00:00,9.053,9.078,8.973,9.01,22600.377999,203950.779144079
2026-04-11 08:00:00,9.011,9.053,8.991,9.016,26268.311848,236697.456674814
2026-04-11 12:00:00,9.013,9.046,8.951,9.025,52008.514253,467739.918236899
2026-04-11 16:00:00,9.026,9.288,9.021,9.264,84673.030462,776580.783382467
2026-04-11 20:00:00,9.264,9.272,9.046,9.069,63167.193743,579079.946397865
2026-04-12 00:00:00,9.07,9.08,8.747,8.793,161135.173684,1425177.64954145
2026-04-12 04:00:00,8.794,8.812,8.76,8.797,53722.931974,472204.159362321
2026-04-12 08:00:00,8.798,8.811,8.75,8.785,34706.119133,305247.788908492
2026-04-12 12:00:00,8.785,8.826,8.685,8.715,93227.672689,816020.29801436
2026-04-12 16:00:00,8.712,8.801,8.702,8.763,45995.394212,402461.626860732
2026-04-12 20:00:00,8.763,8.84,8.713,8.734,54917.883534,481274.104184632
2026-04-13 00:00:00,8.734,8.834,8.721,8.777,62388.865824,547644.672929494
2026-04-13 04:00:00,8.776,8.809,8.715,8.729,70684.785212,618642.627163901
2026-04-13 08:00:00,8.728,8.753,8.697,8.73,29227.707854,254906.095437877
2026-04-13 12:00:00,8.729,8.917,8.686,8.823,219145.719305,1929465.896366724
2026-04-13 16:00:00,8.823,9.039,8.779,9.02,88055.09383,784196.036230329
2026-04-13 20:00:00,9.021,9.437,8.954,9.358,248657.515757,2302122.473653687
2026-04-14 00:00:00,9.359,9.384,9.18,9.215,109653.675367,1016755.602588963
2026-04-14 04:00:00,9.216,9.248,9.138,9.217,68463.285552,630659.323551053
2026-04-14 08:00:00,9.217,9.256,9.163,9.176,50264.903865,462836.859932578
2026-04-14 12:00:00,9.176,9.296,9.068,9.131,133203.729905,1220784.013358456
2026-04-14 16:00:00,9.129,9.179,8.927,8.991,204341.66121,1842526.838597865
2026-04-14 20:00:00,8.992,9.057,8.972,9.021,87104.264484,784878.508449171
2026-04-15 00:00:00,9.021,9.115,9.02,9.072,42111.80653,381888.981064265
2026-04-15 04:00:00,9.072,9.111,8.994,9.017,54490.022095,493711.769299051
2026-04-15 08:00:00,9.019,9.158,9.008,9.142,38504.152672,349742.491923018
2026-04-15 12:00:00,9.14,9.246,9.106,9.161,117551.924737,1078350.44888528
2026-04-15 16:00:00,9.162,9.373,9.151,9.325,129553.804005,1200897.904832994
2026-04-15 20:00:00,9.327,9.356,9.223,9.26,68612.096947,636914.572161138
2026-04-16 00:00:00,9.26,9.332,9.208,9.283,57960.04841,537578.292185288
2026-04-16 04:00:00,9.282,9.367,9.256,9.297,197462.228501,1838951.102186759
2026-04-16 08:00:00,9.296,9.329,9.214,9.287,81995.045272,760469.378787482
2026-04-16 12:00:00,9.287,9.47,9.123,9.459,221786.922745,2062859.124368853
2026-04-16 16:00:00,9.459,9.656,9.306,9.649,219027.299504,2078166.162406586
2026-04-16 20:00:00,9.649,9.677,9.467,9.6,115063.082025,1097553.622313503
2026-04-17 00:00:00,9.601,9.616,9.39,9.416,93300.632983,887740.85628828
2026-04-17 04:00:00,9.417,9.472,9.342,9.469,44583.277283,419035.177690062
2026-04-17 08:00:00,9.472,9.607,9.459,9.522,122290.154144,1164253.393529704
2026-04-17 12:00:00,9.523,9.868,9.456,9.754,302478.962267,2927811.874960388
2026-04-17 16:00:00,9.753,9.832,9.632,9.668,129589.075117,1262718.953375844
2026-04-17 20:00:00,9.669,9.708,9.584,9.614,61002.236227,588445.38695708
2026-04-18 00:00:00,9.612,9.65,9.546,9.561,59787.788163,573709.557552781
2026-04-18 04:00:00,9.563,9.634,9.55,9.603,40342.459209,387271.451060955
2026-04-18 08:00:00,9.603,9.604,9.339,9.406,177150.222751,1673550.715631548
2026-04-18 12:00:00,9.405,9.456,9.313,9.387,178095.005217,1671581.905948453
2026-04-18 16:00:00,9.387,9.421,9.259,9.283,73323.21623,683788.340951066
2026-04-18 20:00:00,9.283,9.348,9.262,9.281,42688.648806,396751.000304222
2026-04-19 00:00:00,9.282,9.297,9.164,9.228,131977.983408,1218092.787897055
2026-04-19 04:00:00,9.228,9.288,9.103,9.175,100099.221573,920626.829492894
2026-04-19 08:00:00,9.174,9.223,9.112,9.218,69218.589008,634448.818397805
2026-04-19 12:00:00,9.218,9.377,9.201,9.287,97977.408501,909633.975467826
2026-04-19 16:00:00,9.287,9.296,9.111,9.182,69428.281243,637447.785021286
2026-04-19 20:00:00,9.182,9.182,9.001,9.062,177222.436171,1610123.299418417
2026-04-20 00:00:00,9.062,9.204,9.052,9.193,53095.343958,485600.788898257
2026-04-20 04:00:00,9.192,9.363,9.097,9.25,117147.611243,1079890.355246059
2026-04-20 08:00:00,9.249,9.314,9.155,9.215,252838.603521,2338062.270652722
2026-04-20 12:00:00,9.215,9.296,9.138,9.267,105572.851979,974645.124292244
2026-04-20 16:00:00,9.268,9.356,9.209,9.326,63322.227597,588724.504129283
2026-04-20 20:00:00,9.324,9.404,9.264,9.288,57896.232669,540177.199165823
2026-04-21 00:00:00,9.289,9.359,9.24,9.288,45786.085832,425775.325796953
2026-04-21 04:00:00,9.289,9.392,9.272,9.366,109172.819023,1020161.48225946
2026-04-21 08:00:00,9.366,9.488,9.352,9.412,111797.859315,1052039.110042954
2026-04-21 12:00:00,9.413,9.478,9.333,9.418,177167.284735,1666315.298074115
2026-04-21 16:00:00,9.42,9.44,9.242,9.269,76965.305941,717916.690537808
2026-04-21 20:00:00,9.269,9.414,9.263,9.399,115265.183559,1077496.70064562
2026-04-22 00:00:00,9.4,9.527,9.378,9.506,88861.832472,841919.974346054
2026-04-22 04:00:00,9.507,9.557,9.473,9.504,80267.009145,764274.112592349
2026-04-22 08:00:00,9.504,9.545,9.477,9.527,39512.716408,376024.306306264
2026-04-22 12:00:00,9.529,9.555,9.464,9.492,87206.451737,829822.37355417
2026-04-22 16:00:00,9.493,9.51,9.379,9.42,90791.543062,858285.50862696
2026-04-22 20:00:00,9.419,9.421,9.282,9.29,68849.197044,644149.145744267
2026-04-23 00:00:00,9.292,9.317,9.143,9.181,69713.527599,643375.404210978
2026-04-23 04:00:00,9.18,9.265,9.167,9.237,72840.970675,671751.821620179
2026-04-23 08:00:00,9.238,9.274,9.166,9.26,119758.854991,1101604.23870489
2026-04-23 12:00:00,9.262,9.389,9.244,9.349,52834.448425,491718.252734174
2026-04-23 16:00:00,9.35,9.357,9.154,9.276,127389.874793,1178691.275817779
2026-04-23 20:00:00,9.275,9.361,9.274,9.349,42866.43689,399116.328046928
2026-04-24 00:00:00,9.353,9.394,9.257,9.294,67643.308643,632255.244355648
2026-04-24 04:00:00,9.294,9.318,9.247,9.293,74504.505801,691682.492593615
2026-04-24 08:00:00,9.294,9.382,9.252,9.355,50961.96327,474785.898153923
2026-04-24 12:00:00,9.358,9.398,9.3,9.373,92726.263128,866918.546221095
2026-04-24 16:00:00,9.372,9.437,9.332,9.408,50648.992941,474986.352624217
2026-04-24 20:00:00,9.408,9.447,9.357,9.377,27513.870475,258825.319655496
2026-04-25 00:00:00,9.377,9.43,9.35,9.423,30370.049921,285312.130278148
2026-04-25 04:00:00,9.424,9.446,9.395,9.403,27988.854508,263714.967482897
2026-04-25 08:00:00,9.401,9.439,9.374,9.39,25977.644003,244583.171186388
2026-04-25 12:00:00,9.391,9.419,9.331,9.348,34331.520738,322370.524573611
2026-04-25 16:00:00,9.347,9.362,9.286,9.306,47705.52534,444373.846706364
2026-04-25 20:00:00,9.306,9.36,9.291,9.345,30641.914723,285979.348096784
2026-04-26 00:00:00,9.346,9.346,9.299,9.325,22836.90939,212820.664256986
2026-04-26 04:00:00,9.322,9.423,9.313,9.42,38020.277146,357278.755259883
2026-04-26 08:00:00,9.42,9.485,9.406,9.467,39435.326759,372844.585131109
2026-04-26 12:00:00,9.47,9.499,9.417,9.495,38483.675747,364225.732380354
2026-04-26 16:00:00,9.496,9.537,9.432,9.481,22452.230118,212958.260149048
2026-04-26 20:00:00,9.482,9.524,9.415,9.482,113641.127144,1077054.66875731
2026-04-27 00:00:00,9.483,9.591,9.438,9.545,133721.230941,1275056.234666389
2026-04-27 04:00:00,9.544,9.561,9.3,9.309,149372.057768,1403961.96803613
2026-04-27 08:00:00,9.308,9.356,9.301,9.333,25978.73061,242386.212131891
2026-04-27 12:00:00,9.334,9.369,9.154,9.186,105879.173686,981195.572114185
2026-04-27 16:00:00,9.184,9.25,9.16,9.218,49806.251049,458915.665762505
2026-04-27 20:00:00,9.22,9.333,9.213,9.321,18894.765801,174905.295238213
2026-04-28 00:00:00,9.322,9.329,9.248,9.284,31762.926194,295226.671920521
2026-04-28 04:00:00,9.285,9.315,9.209,9.255,25472.81883,235874.928158675
2026-04-28 08:00:00,9.256,9.277,9.181,9.2,32472.342631,299380.317978173
2026-04-28 12:00:00,9.201,9.248,9.146,9.222,33449.476622,307637.171830959
2026-04-28 16:00:00,9.223,9.284,9.193,9.277,34946.893732,322594.676280079
2026-04-28 20:00:00,9.278,9.288,9.225,9.242,22179.045447,205204.361035358
2026-04-29 00:00:00,9.242,9.319,9.215,9.309,40527.843249,375094.003001368
2026-04-29 04:00:00,9.313,9.398,9.301,9.319,49314.326752,460868.279830334
2026-04-29 08:00:00,9.32,9.415,9.267,9.358,56029.021271,524665.455817495
2026-04-29 12:00:00,9.358,9.36,9.08,9.097,162190.133712,1491026.832099135
2026-04-29 16:00:00,9.097,9.165,8.91,9.011,185575.432799,1672556.653236418
2026-04-29 20:00:00,9.013,9.135,9.009,9.112,71200.79303,646408.455147878
2026-04-30 00:00:00,9.112,9.188,9.06,9.108,62932.144617,574590.156717333
2026-04-30 04:00:00,9.108,9.128,9.021,9.126,58332.161207,529437.252127317
2026-04-30 08:00:00,9.127,9.166,9.095,9.127,81790.116259,746211.378666943
2026-04-30 12:00:00,9.126,9.177,9.086,9.134,57914.385112,529181.170352801
2026-04-30 16:00:00,9.136,9.152,9.091,9.132,27994.646825,255598.605769459
2026-04-30 20:00:00,9.131,9.146,9.085,9.105,28845.996353,263033.102403975
2026-05-01 00:00:00,9.106,9.208,9.102,9.165,29562.675121,270492.120747633
2026-05-01 04:00:00,9.166,9.182,9.13,9.152,60123.241641,550479.108530013
2026-05-01 08:00:00,9.151,9.19,9.119,9.148,62572.869212,573677.742664044
2026-05-01 12:00:00,9.148,9.28,9.142,9.228,76623.227429,707103.632444606
2026-05-01 16:00:00,9.229,9.253,9.169,9.176,27395.158013,252150.957315454
2026-05-01 20:00:00,9.177,9.18,9.068,9.097,44108.810823,401724.55844167
2026-05-02 00:00:00,9.097,9.133,9.085,9.12,20592.939516,187539.319840498
2026-05-02 04:00:00,9.118,9.119,9.069,9.083,15532.958959,141203.35670293
2026-05-02 08:00:00,9.081,9.103,9.074,9.078,27010.606213,245565.146495901
2026-05-02 12:00:00,9.078,9.204,9.076,9.163,133448.921574,1219042.507094781
2026-05-02 16:00:00,9.164,9.177,9.119,9.166,51532.124787,471760.542471175
2026-05-02 20:00:00,9.167,9.257,9.162,9.178,62679.164157,576022.740791764
2026-05-03 00:00:00,9.177,9.184,9.08,9.096,30126.157147,274851.627054957
2026-05-03 04:00:00,9.091,9.133,9.072,9.116,36456.5248,331760.917831251
2026-05-03 08:00:00,9.117,9.201,9.11,9.177,36973.457207,338387.312677793
2026-05-03 12:00:00,9.178,9.212,9.121,9.154,210682.569862,1931107.23678466
2026-05-03 16:00:00,9.157,9.177,9.135,9.161,30886.44687,282910.122506385
2026-05-03 20:00:00,9.16,9.228,9.115,9.131,101751.535443,934109.087649787
2026-05-04 00:00:00,9.13,9.36,9.09,9.349,145422.90733,1343964.623479269
2026-05-04 04:00:00,9.35,9.405,9.254,9.322,123411.050286,1150809.662608633
2026-05-04 08:00:00,9.321,9.657,9.287,9.428,509452.10225,4809287.443101947
2026-05-04 12:00:00,9.426,9.543,9.352,9.416,154208.553316,1454580.851843746
2026-05-04 16:00:00,9.418,9.512,9.348,9.395,97798.293796,921872.699782841
2026-05-04 20:00:00,9.396,9.425,9.319,9.36,46572.743395,436282.74945848
2026-05-05 00:00:00,9.361,9.55,9.358,9.511,72481.57815,685429.703892479
2026-05-05 04:00:00,9.511,9.632,9.499,9.605,74824.192913,715249.042856693
2026-05-05 08:00:00,9.605,9.737,9.511,9.733,323089.792087,3104403.197953595
2026-05-05 12:00:00,9.736,9.815,9.641,9.729,190598.852529,1855474.253140776
2026-05-05 16:00:00,9.729,9.742,9.668,9.729,51504.534134,500325.598610102
2026-05-05 20:00:00,9.73,9.848,9.728,9.767,124068.234168,1213756.62898805
2026-05-06 00:00:00,9.767,9.87,9.762,9.861,116303.138193,1142104.079390892
2026-05-06 04:00:00,9.861,9.916,9.789,9.874,84381.396756,832210.923211504
2026-05-06 08:00:00,9.873,10.249,9.865,10.182,335122.345847,3388474.589769233
2026-05-06 12:00:00,10.182,10.21,9.88,10.038,189052.782785,1895715.771461884
2026-05-06 16:00:00,10.038,10.081,9.947,10.019,101194.694296,1011451.161445773
2026-05-06 20:00:00,10.02,10.061,9.943,9.999,55627.04972,556308.49852551
2026-05-07 00:00:00,9.999,10.014,9.851,9.867,91341.172922,905005.011792357
2026-05-07 04:00:00,9.866,10.132,9.863,10.121,121024.279961,1213054.978408077
2026-05-07 08:00:00,10.121,10.122,9.957,10.026,95099.878629,953630.450141282
2026-05-07 12:00:00,10.026,10.076,9.8,9.868,153845.52306,1525142.545205558
2026-05-07 16:00:00,9.868,9.952,9.811,9.896,92880.027103,919160.062006059
2026-05-07 20:00:00,9.899,9.953,9.814,9.851,70293.697548,693523.423971313
2026-05-08 00:00:00,9.852,9.889,9.773,9.863,73086.560078,719106.081834487
2026-05-08 04:00:00,9.863,9.895,9.802,9.893,43332.718582,426927.061563742
2026-05-08 08:00:00,9.894,9.95,9.839,9.939,152143.311104,1505940.727729313
2026-05-08 12:00:00,9.939,10.102,9.888,10.095,101722.479017,1015834.654501894
2026-05-08 16:00:00,10.096,10.497,10.039,10.376,261289.687739,2695012.396643816
2026-05-08 20:00:00,10.377,10.394,10.282,10.348,72194.771514,746492.547864123
2026-05-09 00:00:00,10.348,10.604,10.318,10.543,188356.6254,1977121.106294691
2026-05-09 04:00:00,10.544,10.61,10.454,10.466,92654.086901,974023.066990594
2026-05-09 08:00:00,10.466,10.51,10.398,10.463,52265.664458,545794.430711013
2026-05-09 12:00:00,10.462,10.483,10.284,10.335,65572.272604,679852.726275795
2026-05-09 16:00:00,10.335,10.457,10.296,10.442,47780.582725,495382.353464951
2026-05-09 20:00:00,10.445,10.448,10.359,10.378,23281.598765,242256.993316469
2026-05-10 00:00:00,10.376,10.397,10.28,10.354,38178.52933,394581.48390508
2026-05-10 04:00:00,10.353,10.456,10.339,10.422,45968.426215,477363.314756929
2026-05-10 08:00:00,10.421,10.55,10.418,10.481,55456.758115,581770.041068671
2026-05-10 12:00:00,10.48,10.623,10.448,10.62,87051.485052,918258.458833499
2026-05-10 16:00:00,10.622,10.866,10.593,10.841,119763.290747,1285883.52503401
2026-05-10 20:00:00,10.842,10.872,10.437,10.72,186781.297828,1991057.608565643
2026-05-11 00:00:00,10.719,10.759,10.435,10.524,112417.659517,1192885.556890407
2026-05-11 04:00:00,10.525,10.615,10.463,10.528,77229.955311,813903.701383572
2026-05-11 08:00:00,10.527,10.649,10.515,10.575,58269.92294,616379.983396203
2026-05-11 12:00:00,10.576,10.597,10.401,10.583,100458.101908,1055926.36412744
2026-05-11 16:00:00,10.583,10.698,10.54,10.687,116322.152905,1238339.874695865
2026-05-11 20:00:00,10.688,10.708,10.541,10.598,41935.638156,445168.891503974
2026-05-12 00:00:00,10.598,10.598,10.4,10.466,47903.585327,503060.73635698
2026-05-12 04:00:00,10.465,10.529,10.388,10.438,34377.608522,359901.718613819
2026-05-12 08:00:00,10.438,10.448,10.23,10.265,63317.694918,653858.677375372
2026-05-12 12:00:00,10.266,10.361,10.112,10.158,179835.447849,1844151.867329148
2026-05-12 16:00:00,10.159,10.326,10.126,10.319,57325.761771,586549.527501929
2026-05-12 20:00:00,10.32,10.353,10.283,10.287,55982.944427,577176.492362912
2026-05-13 00:00:00,10.287,10.482,10.271,10.468,81711.662067,848038.515498858
2026-05-13 04:00:00,10.469,10.582,10.4,10.576,108112.750716,1135525.384156495
2026-05-13 08:00:00,10.577,10.803,10.474,10.489,138576.781113,1475541.788007706
2026-05-13 12:00:00,10.487,10.514,10.041,10.069,323219.475673,3310560.232555481
2026-05-13 16:00:00,10.069,10.246,10.064,10.17,55111.569372,560915.269846177
2026-05-13 20:00:00,10.17,10.233,10.115,10.216,63331.627926,644367.597346701
2026-05-14 00:00:00,10.217,10.273,10.094,10.11,64911.141728,662630.340417331
2026-05-14 04:00:00,10.111,10.326,10.095,10.227,72819.854152,746674.120032392
2026-05-14 08:00:00,10.226,10.294,10.186,10.239,57601.626846,589818.365777604
2026-05-14 12:00:00,10.237,10.662,10.202,10.638,165479.339002,1720762.07122068
2026-05-14 16:00:00,10.639,10.77,10.568,10.625,157081.989061,1676048.88954218
2026-05-14 20:00:00,10.628,10.648,10.465,10.482,84644.516161,893944.229515748
2026-05-15 00:00:00,10.483,10.557,10.358,10.418,54940.251764,573967.936175995
2026-05-15 04:00:00,10.417,10.419,10.207,10.377,84028.964737,866677.700316657
2026-05-15 08:00:00,10.377,10.377,10.251,10.306,66536.809137,686182.320848484
2026-05-15 12:00:00,10.304,10.315,9.968,10.029,166591.801976,1684712.900828185
2026-05-15 16:00:00,10.03,10.138,10.007,10.063,45718.109814,461097.691040146
2026-05-15 20:00:00,10.063,10.087,10.026,10.073,31031.238848,312259.304714181
2026-05-16 00:00:00,10.074,10.103,10.045,10.068,34020.611421,342885.674249327
2026-05-16 04:00:00,10.068,10.068,9.734,9.825,107961.898915,1067522.217356785
2026-05-16 08:00:00,9.825,9.838,9.62,9.654,113979.281164,1104709.40936174
2026-05-16 12:00:00,9.653,9.718,9.626,9.71,53995.89973,521744.782353008
2026-05-16 16:00:00,9.709,9.779,9.702,9.748,37936.093948,369944.517056149
2026-05-16 20:00:00,9.748,9.774,9.711,9.717,37247.016073,362692.872090641
2026-05-17 00:00:00,9.717,9.733,9.631,9.722,42057.672327,406704.086266352
2026-05-17 04:00:00,9.722,9.826,9.717,9.778,47590.299091,465001.809609575
2026-05-17 08:00:00,9.78,9.853,9.752,9.794,42707.868317,418833.908691785
2026-05-17 12:00:00,9.794,9.844,9.658,9.715,208466.691787,2033965.832625147
2026-05-17 16:00:00,9.715,9.764,9.654,9.754,37095.81942,359842.770861897
2026-05-17 20:00:00,9.754,9.777,9.325,9.568,192356.361611,1836481.42191132
2026-05-18 00:00:00,9.566,9.582,9.454,9.514,89183.098947,847998.293309213
2026-05-18 04:00:00,9.514,9.574,9.424,9.474,136975.699302,1299082.012378195
2026-05-18 08:00:00,9.476,9.566,9.401,9.513,89508.467589,846218.442460149
2026-05-18 12:00:00,9.515,9.605,9.346,9.424,201108.030158,1904549.092974726
2026-05-18 16:00:00,9.424,9.535,9.312,9.512,119217.519607,1122346.137682237
2026-05-18 20:00:00,9.514,9.619,9.473,9.606,94007.3645,898700.247320023
2026-05-19 00:00:00,9.607,9.731,9.587,9.705,173501.060718,1674439.885939605
2026-05-19 04:00:00,9.706,9.824,9.664,9.799,115724.627425,1128474.878999481
2026-05-19 08:00:00,9.798,9.798,9.536,9.545,117488.040096,1132792.898239325
2026-05-19 12:00:00,9.544,9.62,9.438,9.49,113919.19791,1084632.473882291
2026-05-19 16:00:00,9.492,9.564,9.452,9.469,105288.325297,1001284.685142431
2026-05-19 20:00:00,9.471,9.497,9.437,9.448,50945.655534,482422.683531999
2026-05-20 00:00:00,9.448,9.513,9.381,9.49,157280.82693,1484214.527363623
2026-05-20 04:00:00,9.491,9.631,9.465,9.577,104536.016706,999557.674618991
2026-05-20 08:00:00,9.579,9.638,9.528,9.542,69026.8889,662040.35965112
2026-05-20 12:00:00,9.541,9.661,9.481,9.629,134110.349827,1285503.453585529
2026-05-20 16:00:00,9.631,9.694,9.561,9.657,84837.684851,817637.45842392
2026-05-20 20:00:00,9.657,9.668,9.566,9.633,61957.605081,596311.836278173
2026-05-21 00:00:00,9.634,9.766,9.626,9.762,109284.663525,1060527.933489919
2026-05-21 04:00:00,9.762,9.782,9.622,9.692,123942.313992,1199711.539906172
2026-05-21 08:00:00,9.692,9.759,9.518,9.549,90470.128159,871314.816838252
2026-05-21 12:00:00,9.549,9.684,9.523,9.648,78482.804581,752676.463502467
2026-05-21 16:00:00,9.649,9.854,9.611,9.802,130177.584319,1269346.717100987
2026-05-21 20:00:00,9.804,9.813,9.699,9.755,104086.602616,1016316.843015614
2026-05-22 00:00:00,9.756,9.837,9.713,9.828,41244.37537,403736.053053956
2026-05-22 04:00:00,9.828,9.864,9.754,9.825,53834.870161,528729.58705966
2026-05-22 08:00:00,9.826,9.896,9.766,9.893,53790.416576,528755.900924784
2026-05-22 12:00:00,9.894,10.036,9.74,9.813,140715.894522,1395009.873655298
2026-05-22 16:00:00,9.81,9.856,9.371,9.467,171178.752349,1641108.822239889
2026-05-22 20:00:00,9.467,9.575,9.366,9.42,123710.05333,1173161.846830935
2026-05-23 00:00:00,9.421,9.44,9.344,9.409,52968.045384,498060.620318836
2026-05-23 04:00:00,9.41,9.414,9.057,9.128,161915.469851,1491617.595415856
2026-05-23 08:00:00,9.128,9.221,9.101,9.187,71613.882585,655571.664746262
2026-05-23 12:00:00,9.185,9.368,9.163,9.318,58046.759339,537864.359182403
2026-05-23 16:00:00,9.32,9.431,9.288,9.405,46659.276925,436740.451258925
2026-05-23 20:00:00,9.41,9.786,9.392,9.563,153934.111331,1478405.45870768
2026-05-24 00:00:00,9.564,9.622,9.526,9.541,35558.156345,340478.27653188
2026-05-24 04:00:00,9.546,9.635,9.487,9.559,174017.602502,1663640.271795893
2026-05-24 08:00:00,9.561,9.649,9.543,9.596,30372.920703,291573.145353292
2026-05-24 12:00:00,9.598,9.598,9.338,9.431,45670.410311,432750.738920244
2026-05-24 16:00:00,9.432,9.486,9.413,9.432,22831.897824,215893.338255706
2026-05-24 20:00:00,9.434,9.459,9.251,9.431,66115.340848,618075.905449474
2026-05-25 00:00:00,9.433,9.492,9.37,9.392,21900.740269,206679.48205835
2026-05-25 04:00:00,9.393,9.546,9.387,9.522,37536.31862,356302.309007082
2026-05-25 08:00:00,9.521,9.627,9.498,9.534,117097.408865,1121282.310747048
2026-05-25 12:00:00,9.534,9.663,9.522,9.604,58860.706523,564712.278117964
2026-05-25 16:00:00,9.604,9.674,9.53,9.554,41683.851915,400434.126871254
2026-05-25 20:00:00,9.554,9.573,9.45,9.506,39664.03898,376919.883330148
2026-05-26 00:00:00,9.507,9.51,9.361,9.413,36808.052282,346715.608560565
2026-05-26 04:00:00,9.415,9.566,9.408,9.484,49842.481751,473556.051890713
2026-05-26 08:00:00,9.485,9.646,9.46,9.578,174961.122786,1674219.115237605
2026-05-26 12:00:00,9.577,9.684,9.407,9.477,207816.820964,1987103.210551005
2026-05-26 16:00:00,9.477,9.491,9.342,9.403,124674.722458,1174720.643534733
2026-05-26 20:00:00,9.404,9.431,9.35,9.387,29817.972905,279619.371858988
2026-05-27 00:00:00,9.389,9.474,9.387,9.399,30323.357022,285922.412418698
2026-05-27 04:00:00,9.396,9.456,9.291,9.444,52609.378709,494654.702616533
2026-05-27 08:00:00,9.444,9.451,9.337,9.362,76048.566578,713335.77759723
2026-05-27 12:00:00,9.364,9.485,9.276,9.433,170305.3014,1600425.372767987
2026-05-27 16:00:00,9.436,9.456,9.224,9.324,70885.475677,660477.105625837
2026-05-27 20:00:00,9.325,9.355,9.108,9.138,111995.861046,1032504.458989746
2026-05-28 00:00:00,9.135,9.154,8.885,8.892,195014.728253,1754090.777371436
2026-05-28 04:00:00,8.892,8.916,8.767,8.902,241781.606646,2138268.912099403
2026-05-28 08:00:00,8.904,8.936,8.845,8.867,61779.087194,548677.561592791
2026-05-28 12:00:00,8.865,8.966,8.793,8.899,113350.247217,1005522.837733749
2026-05-28 16:00:00,8.897,9.093,8.866,8.992,61599.770412,553599.704711364
2026-05-28 20:00:00,8.992,9.066,8.963,9.004,18512.973456,166888.562826763
2026-05-29 00:00:00,9.004,9.049,8.938,8.943,36154.887324,325196.650770589
2026-05-29 04:00:00,8.944,9.041,8.91,9.003,55351.83066,497483.803522702
2026-05-29 08:00:00,9.002,9.058,8.918,8.941,48802.337449,439450.916991422
2026-05-29 12:00:00,8.941,9.136,8.792,9.069,136648.752258,1222971.44625013
2026-05-29 16:00:00,9.07,9.133,8.927,9.001,59942.701788,543120.170139132
2026-05-29 20:00:00,9.001,9.054,8.954,9.023,34949.82539,314760.53156274
2026-05-30 00:00:00,9.023,9.312,9.021,9.243,77436.15595,709968.335999076
2026-05-30 04:00:00,9.244,9.276,9.09,9.164,95996.831437,879862.917052722
2026-05-30 08:00:00,9.163,9.181,9.116,9.139,18671.359091,170637.923855879
2026-05-30 12:00:00,9.14,9.239,9.13,9.204,40416.23511,371668.538616998
2026-05-30 16:00:00,9.203,9.267,9.19,9.264,20098.392592,185601.621964935
2026-05-30 20:00:00,9.263,9.287,9.162,9.192,28081.193448,259557.29064451
2026-05-31 00:00:00,9.194,9.301,9.185,9.261,18054.69971,166891.267815349
2026-05-31 04:00:00,9.259,9.264,9.173,9.203,36970.045665,341066.645074728
2026-05-31 08:00:00,9.204,9.274,9.164,9.23,26793.44016,246821.530242662
2026-05-31 12:00:00,9.229,9.267,9.069,9.095,63004.796954,575315.657475889
2026-05-31 16:00:00,9.096,9.112,8.994,9.044,33004.374398,298453.012313377
2026-05-31 20:00:00,9.042,9.224,9.042,9.147,30327.406154,276619.257713871
2026-06-01 00:00:00,9.149,9.212,9.03,9.179,68601.654283,628445.219585175
2026-06-01 04:00:00,9.179,9.198,8.958,8.968,55421.694511,502482.863958933
2026-06-01 08:00:00,8.969,9.047,8.929,8.999,40788.2157,367000.487988907
2026-06-01 12:00:00,9.003,9.036,8.842,8.913,208114.162616,1855830.41621661
2026-06-01 16:00:00,8.912,9.114,8.865,9.084,73109.12905,660650.430213921
2026-06-01 20:00:00,9.084,9.088,8.948,9.058,56912.866259,513908.86222939
2026-06-02 00:00:00,9.059,9.072,8.807,9.017,90699.419999,810283.147866089
2026-06-02 04:00:00,9.018,9.029,8.788,8.848,55882.56306,496519.925792576
2026-06-02 08:00:00,8.849,8.87,8.775,8.821,52044.511817,459398.684643376
2026-06-02 12:00:00,8.818,8.874,8.482,8.568,250716.681148,2172074.847708055
2026-06-02 16:00:00,8.568,8.743,8.382,8.523,93784.23317,804793.983926551
2026-06-02 20:00:00,8.526,8.589,8.246,8.375,182783.587864,1533369.313674182
2026-06-03 00:00:00,8.376,8.44,8.173,8.23,138060.330337,1151955.425041211
2026-06-03 04:00:00,8.228,8.57,8.228,8.549,108574.106337,917354.911075319
2026-06-03 08:00:00,8.548,8.617,8.471,8.537,116851.78134,997150.580671564
2026-06-03 12:00:00,8.537,8.562,8.376,8.38,89430.049061,758643.926273306
2026-06-03 16:00:00,8.382,8.394,8.192,8.215,111329.801806,921888.660806101
2026-06-03 20:00:00,8.212,8.466,8.108,8.333,117635.337248,975165.672785727
2026-06-04 00:00:00,8.331,8.399,7.794,8.294,328609.681616,2656652.554568338
2026-06-04 04:00:00,8.295,8.331,8.065,8.069,110161.405627,900368.261081376
2026-06-04 08:00:00,8.067,8.095,7.806,7.941,195060.949435,1541129.854088115
2026-06-04 12:00:00,7.942,8.132,7.903,8.046,135802.911711,1093416.617953188
2026-06-04 16:00:00,8.047,8.132,7.959,8.061,49521.745525,398585.251433135
2026-06-04 20:00:00,8.059,8.077,7.89,8.017,79529.573884,633982.756778257
2026-06-05 00:00:00,8.016,8.042,7.767,7.79,108237.909656,851559.332888645
2026-06-05 04:00:00,7.793,7.896,7.337,7.63,210930.983032,1603112.77463172
2026-06-05 08:00:00,7.631,7.681,7.504,7.559,87440.594387,663261.230695531
2026-06-05 12:00:00,7.56,7.658,7.241,7.291,225297.714275,1669101.960692738
2026-06-05 16:00:00,7.29,7.514,7.117,7.302,238149.720226,1743828.491159937
2026-06-05 20:00:00,7.304,7.543,7.217,7.365,123559.707263,918089.209606045
2026-06-06 00:00:00,7.366,7.455,7.25,7.275,80032.715022,589304.811148966
2026-06-06 04:00:00,7.273,7.404,6.995,7.397,171624.610803,1229539.645090331
2026-06-06 08:00:00,7.398,7.468,7.2,7.321,90245.698775,661924.005732424
2026-06-06 12:00:00,7.322,7.437,7.28,7.383,76759.304481,564273.409958736
2026-06-06 16:00:00,7.377,7.415,7.295,7.301,61223.477033,449575.216163235
2026-06-06 20:00:00,7.301,7.406,7.286,7.396,45418.908314,333570.935397703
2026-06-07 00:00:00,7.397,7.604,7.37,7.58,106532.70335,799556.879558676
2026-06-07 04:00:00,7.58,7.725,7.53,7.716,86825.914526,664701.030433049
2026-06-07 08:00:00,7.715,7.85,7.671,7.764,77496.440589,600862.181979451
2026-06-07 12:00:00,7.763,7.795,7.617,7.724,83038.763421,639227.368296486
2026-06-07 16:00:00,7.726,7.775,7.529,7.59,86686.601251,664802.645582276
2026-06-07 20:00:00,7.59,8.035,7.571,7.918,174611.8166,1373826.712245517
2026-06-08 00:00:00,7.917,8.016,7.822,7.857,112373.972418,889839.786480649
2026-06-08 04:00:00,7.858,7.933,7.72,7.907,86836.018542,677630.245918927
2026-06-08 08:00:00,7.906,8.005,7.835,7.967,80848.268769,637988.232494147
2026-06-08 12:00:00,7.968,8.11,7.882,8.023,91665.761646,734393.76742885
2026-06-08 16:00:00,8.027,8.077,7.964,8.063,53601.847488,430255.567164648
2026-06-08 20:00:00,8.064,8.125,7.975,7.997,75287.560416,606216.987006229
2026-06-09 00:00:00,7.997,8.011,7.796,7.885,97992.837586,771098.421086949
2026-06-09 04:00:00,7.881,8.025,7.851,7.929,130392.564837,1037785.360056532
2026-06-09 08:00:00,7.93,7.933,7.838,7.888,80142.724256,631324.699082398
2026-06-09 12:00:00,7.885,7.953,7.714,7.725,106090.337495,830207.886198782
2026-06-09 16:00:00,7.72,7.899,7.651,7.879,73841.204403,573383.020807963
2026-06-09 20:00:00,7.874,7.93,7.804,7.839,26951.428645,212058.638954393
2026-06-10 00:00:00,7.84,7.874,7.717,7.751,25551.04487,199483.177907355
2026-06-10 04:00:00,7.752,7.806,7.658,7.779,34648.937552,267487.360778664
2026-06-10 08:00:00,7.781,7.782,7.613,7.647,76641.381443,587869.782684631
2026-06-10 12:00:00,7.642,7.898,7.63,7.808,94513.970855,733771.094195436
2026-06-10 16:00:00,7.809,7.852,7.597,7.617,70816.71727,546087.183496916
2026-06-10 20:00:00,7.617,7.637,7.482,7.56,71901.373754,542159.009520508
2026-06-11 00:00:00,7.562,7.835,7.561,7.804,108358.092556,835488.549019486
2026-06-11 04:00:00,7.803,7.82,7.747,7.769,58384.635338,454460.356716595
2026-06-11 08:00:00,7.773,7.881,7.772,7.856,35942.998236,281227.711549907
2026-06-11 12:00:00,7.859,7.859,7.714,7.756,50087.544109,390049.772948679
2026-06-11 16:00:00,7.759,7.982,7.688,7.942,107888.75568,848098.552651183
2026-06-11 20:00:00,7.944,7.956,7.873,7.887,57014.103905,451541.021521817
2026-06-12 00:00:00,7.888,7.936,7.849,7.903,26971.012615,212972.113193957
2026-06-12 04:00:00,7.905,7.932,7.754,7.814,28468.083471,223365.492935111
2026-06-12 08:00:00,7.813,7.939,7.813,7.9,23293.083877,183811.288432479
2026-06-12 12:00:00,7.898,8.009,7.784,7.815,73196.768137,577608.094572713
2026-06-12 16:00:00,7.817,7.923,7.801,7.841,36265.189237,285219.073461923
2026-06-12 20:00:00,7.842,7.877,7.819,7.866,15417.688105,121011.263820103
2026-06-13 00:00:00,7.867,7.949,7.86,7.894,28622.268382,226417.835296969
2026-06-13 04:00:00,7.893,7.972,7.859,7.962,33695.058056,266418.109460201
2026-06-13 08:00:00,7.964,7.991,7.946,7.99,22006.199409,175342.39157608
2026-06-13 12:00:00,7.99,8.043,7.977,8.027,31936.342629,255753.47649751
2026-06-13 16:00:00,8.028,8.029,7.947,8.004,18019.526454,143842.502810625
