timestamp,open,high,low,close,volume,turnover
2025-06-12 04:00:00,90.35,90.45,89.25,89.54,17584.608506,1580030.9534992
2025-06-12 08:00:00,89.53,90.08,88.12,88.18,22129.485968,1970406.4665627
2025-06-12 12:00:00,88.19,89.4,87.81,87.92,18818.707973,1668704.6673069
2025-06-12 16:00:00,87.92,89.9,87.26,87.45,25119.133625,2224555.45556705
2025-06-12 20:00:00,87.44,87.75,86.01,86.15,30417.825896,2636150.85241306
2025-06-13 00:00:00,86.14,86.14,81.31,83.32,136248.014959,11298237.64992235
2025-06-13 04:00:00,83.32,84.02,82.43,83.8,23853.785692,1983620.38500822
2025-06-13 08:00:00,83.82,84.43,83.23,84.23,16275.02385,1363695.63736591
2025-06-13 12:00:00,84.23,84.55,82.82,84.17,29413.675902,2465540.20397707
2025-06-13 16:00:00,84.18,85.08,83.78,84.76,30029.743767,2538194.92060162
2025-06-13 20:00:00,84.76,86.82,84.71,86.56,18184.580159,1563348.52855237
2025-06-14 00:00:00,86.54,86.54,85.62,86.15,17814.818071,1533394.24554142
2025-06-14 04:00:00,86.15,86.48,85.78,86.43,12094.943751,1042637.25254614
2025-06-14 08:00:00,86.42,86.88,85.9,86.01,26059.307296,2249522.05735934
2025-06-14 12:00:00,86.01,86.56,85.07,85.33,14090.664971,1208238.72626474
2025-06-14 16:00:00,85.32,85.47,84.22,84.72,13777.590274,1167837.15024781
2025-06-14 20:00:00,84.74,85.43,84.25,85.17,7463.829624,634247.33538561
2025-06-15 00:00:00,85.18,85.93,85.03,85.81,8051.220256,688955.83274145
2025-06-15 04:00:00,85.82,86.25,85.34,85.51,7595.759644,652036.13484221
2025-06-15 08:00:00,85.52,85.54,85.02,85.33,9566.533217,815903.97442796
2025-06-15 12:00:00,85.36,86.56,85.29,86.14,9648.737179,830516.92920688
2025-06-15 16:00:00,86.15,86.35,85.63,86.08,8009.984653,688468.07169956
2025-06-15 20:00:00,86.08,86.37,84.91,86.3,10112.623532,866954.7956929
2025-06-16 00:00:00,86.3,87.03,85.34,86.53,17412.231136,1503907.20571195
2025-06-16 04:00:00,86.53,87.75,86.51,87.54,14887.882672,1298602.83281152
2025-06-16 08:00:00,87.56,87.77,86.63,87.13,15842.818022,1382673.92453227
2025-06-16 12:00:00,87.12,88.8,86.98,87.97,24666.059067,2170818.28933712
2025-06-16 16:00:00,87.95,88.91,87.91,88.82,13537.007583,1196015.24339808
2025-06-16 20:00:00,88.8,88.92,86.49,86.68,23550.292718,2064717.34645307
2025-06-17 00:00:00,86.68,87.76,85.32,87.14,32451.447996,2811205.55207094
2025-06-17 04:00:00,87.15,87.16,86.01,86.37,21607.836023,1867239.34618083
2025-06-17 08:00:00,86.37,86.45,84.81,85.11,21543.10633,1844047.3321446
2025-06-17 12:00:00,85.12,85.9,83.75,84.1,25263.008872,2143934.97002204
2025-06-17 16:00:00,84.1,85.18,82.5,84.82,42828.351887,3578345.39044019
2025-06-17 20:00:00,84.8,84.98,83.7,84.21,18256.911517,1539623.14051015
2025-06-18 00:00:00,84.22,85.77,84.14,85.27,18044.303235,1536478.67129036
2025-06-18 04:00:00,85.29,85.6,84.7,85.12,12232.557848,1042179.27114475
2025-06-18 08:00:00,85.13,85.37,83.3,84.43,23965.608803,2014693.74919711
2025-06-18 12:00:00,84.44,85.34,83.34,84.83,38942.459018,3285271.26648107
2025-06-18 16:00:00,84.83,85.13,83.73,84.2,15488.930436,1308149.30906206
2025-06-18 20:00:00,84.22,85.45,84.06,85.07,8994.08083,764938.02804402
2025-06-19 00:00:00,85.1,85.61,84.47,85.19,9532.62084,810421.83102724
2025-06-19 04:00:00,85.2,85.47,84.83,84.99,13315.776449,1133663.35456252
2025-06-19 08:00:00,85.0,85.95,84.67,85.49,12519.295155,1069886.00747866
2025-06-19 12:00:00,85.47,85.76,84.37,84.8,11864.754679,1008360.08748862
2025-06-19 16:00:00,84.84,85.38,84.22,85.24,14602.818985,1240734.98713745
2025-06-19 20:00:00,85.27,85.44,84.75,85.12,12542.07962,1067499.26416081
2025-06-20 00:00:00,85.13,85.23,84.51,85.07,15552.637297,1320189.31706704
2025-06-20 04:00:00,85.1,85.57,84.12,85.52,16491.867283,1398807.10967719
2025-06-20 08:00:00,85.52,85.94,85.28,85.69,14719.877324,1260680.1715426
2025-06-20 12:00:00,85.7,85.98,83.64,83.78,45411.418683,3835981.63043091
2025-06-20 16:00:00,83.78,83.87,80.96,82.9,56719.378323,4669969.37932631
2025-06-20 20:00:00,82.89,83.65,82.35,82.9,22108.809816,1832550.49259731
2025-06-21 00:00:00,82.9,83.72,82.73,83.57,7258.796616,605054.86948565
2025-06-21 04:00:00,83.56,84.12,83.27,83.31,9422.631781,788842.71094398
2025-06-21 08:00:00,83.32,83.61,83.03,83.2,10208.08714,850275.49677149
2025-06-21 12:00:00,83.21,83.38,82.26,82.79,19572.259877,1621169.72471532
2025-06-21 16:00:00,82.79,83.13,80.68,81.01,23587.154077,1928490.35504681
2025-06-21 20:00:00,81.02,81.79,78.6,80.27,54608.685963,4362481.21038415
2025-06-22 00:00:00,80.27,81.42,79.69,80.5,22609.170536,1818702.25522105
2025-06-22 04:00:00,80.5,82.03,80.37,81.31,17167.198559,1397961.93364989
2025-06-22 08:00:00,81.32,81.7,80.26,81.03,21118.151993,1710370.73934924
2025-06-22 12:00:00,81.03,81.52,77.43,77.65,69285.12168,5469347.26711391
2025-06-22 16:00:00,77.64,79.43,77.36,78.16,37103.601523,2914222.38629852
2025-06-22 20:00:00,78.17,80.32,76.17,80.21,40488.6478,3174463.34300058
2025-06-23 00:00:00,80.21,81.03,79.7,79.93,94619.210911,7578558.96935507
2025-06-23 04:00:00,79.96,81.14,79.8,81.03,17094.715006,1376386.72578956
2025-06-23 08:00:00,81.02,81.21,80.51,80.79,17653.634694,1426937.81755136
2025-06-23 12:00:00,80.79,82.27,80.53,81.1,52492.764587,4271964.12580274
2025-06-23 16:00:00,81.11,83.16,79.47,83.04,28295.158157,2302986.84211061
2025-06-23 20:00:00,83.05,85.42,82.89,84.9,34952.468641,2956488.11551972
2025-06-24 00:00:00,84.9,85.36,84.29,84.47,26388.131601,2235904.65825563
2025-06-24 04:00:00,84.5,85.29,84.18,84.36,24159.453743,2046555.78030262
2025-06-24 08:00:00,84.37,85.12,83.82,84.3,14823.44174,1251345.88424633
2025-06-24 12:00:00,84.3,84.75,83.82,84.36,23996.94886,2021922.75952702
2025-06-24 16:00:00,84.38,85.1,84.19,84.49,13928.926111,1178679.0583799
2025-06-24 20:00:00,84.47,85.16,84.4,84.84,13028.709275,1106040.26968219
2025-06-25 00:00:00,84.83,85.38,84.45,84.9,14728.937494,1251443.78836065
2025-06-25 04:00:00,84.91,85.48,84.56,85.16,27046.709175,2299900.70581649
2025-06-25 08:00:00,85.17,85.25,83.98,84.42,22014.955059,1863338.29306972
2025-06-25 12:00:00,84.41,85.33,83.95,84.13,45350.352747,3841202.68413731
2025-06-25 16:00:00,84.14,84.95,83.98,84.82,17721.365973,1494887.63953331
2025-06-25 20:00:00,84.82,85.15,84.07,84.67,7679.296697,649958.49535037
2025-06-26 00:00:00,84.67,85.69,84.52,85.16,20209.88886,1719905.13718282
2025-06-26 04:00:00,85.18,85.75,84.66,85.51,15292.721793,1303587.49820356
2025-06-26 08:00:00,85.5,85.93,84.91,84.93,19015.100825,1624092.18767906
2025-06-26 12:00:00,84.93,85.37,83.77,84.78,45518.342914,3847722.90083218
2025-06-26 16:00:00,84.79,85.22,84.04,84.99,10427.572008,881502.30256181
2025-06-26 20:00:00,84.98,85.52,84.09,84.29,11993.127909,1018019.81032046
2025-06-27 00:00:00,84.29,85.65,83.58,85.37,16599.546595,1408170.85245633
2025-06-27 04:00:00,85.37,85.57,84.58,84.67,11158.274792,948988.38605231
2025-06-27 08:00:00,84.66,84.84,84.22,84.4,10492.986037,886896.38775603
2025-06-27 12:00:00,84.39,84.72,83.31,84.3,22755.974105,1908524.6932249
2025-06-27 16:00:00,84.3,85.0,83.18,84.12,13693.698634,1149653.11077238
2025-06-27 20:00:00,84.11,85.3,84.03,84.81,10982.286943,931844.29078321
2025-06-28 00:00:00,84.83,85.26,84.57,85.16,10928.898347,928277.62987456
2025-06-28 04:00:00,85.15,85.62,85.06,85.37,9807.85606,836848.1195535
2025-06-28 08:00:00,85.38,85.84,85.05,85.4,12310.633656,1051997.88628728
2025-06-28 12:00:00,85.41,86.63,85.22,86.48,14888.240499,1277824.40431765
2025-06-28 16:00:00,86.48,87.36,86.33,86.35,23352.225632,2027223.02871481
2025-06-28 20:00:00,86.35,86.44,85.84,86.31,8000.050898,689306.64660095
2025-06-29 00:00:00,86.32,86.77,85.87,86.41,8056.456987,694992.12252692
2025-06-29 04:00:00,86.42,86.83,86.17,86.72,6679.704768,577938.94597982
2025-06-29 08:00:00,86.74,86.93,86.55,86.78,11498.552026,997679.61850611
2025-06-29 12:00:00,86.77,86.99,86.24,86.63,14938.067788,1293781.22990269
2025-06-29 16:00:00,86.64,87.08,86.34,86.84,5000.248989,433345.03564625
2025-06-29 20:00:00,86.84,88.49,86.33,87.98,22414.396733,1967185.44946911
2025-06-30 00:00:00,87.96,88.34,87.31,87.35,13920.074414,1223184.16099677
2025-06-30 04:00:00,87.4,87.6,85.86,86.48,17008.667057,1475808.3138484
2025-06-30 08:00:00,86.47,86.59,85.4,85.5,17629.60944,1513322.80172865
2025-06-30 12:00:00,85.48,86.27,84.76,85.97,29497.977038,2520246.64290378
2025-06-30 16:00:00,85.97,87.13,85.74,87.09,16020.814357,1379859.36184118
2025-06-30 20:00:00,87.08,87.12,85.89,86.01,12217.603887,1059799.1955893
2025-07-01 00:00:00,86.0,86.82,85.72,86.64,12129.723812,1047365.96499354
2025-07-01 04:00:00,86.64,86.71,85.6,86.65,9996.391429,861181.34630507
2025-07-01 08:00:00,86.67,86.67,85.29,85.71,13521.433228,1162247.84316041
2025-07-01 12:00:00,85.68,85.88,84.11,84.34,20512.56281,1742494.10914914
2025-07-01 16:00:00,84.33,84.65,83.69,83.86,12693.31486,1068854.83511978
2025-07-01 20:00:00,83.87,83.92,82.41,83.21,19987.400451,1658915.40183124
2025-07-02 00:00:00,83.2,83.94,82.96,83.8,8443.480951,704816.40489207
2025-07-02 04:00:00,83.81,84.33,83.69,84.09,6804.070113,572310.88911147
2025-07-02 08:00:00,84.09,84.51,83.94,84.23,13111.178237,1104368.31819477
2025-07-02 12:00:00,84.22,86.2,83.92,86.14,26140.457386,2228304.55486838
2025-07-02 16:00:00,86.15,87.97,86.11,87.94,34941.09864,3054228.2895142
2025-07-02 20:00:00,87.94,88.66,87.22,87.3,24220.442058,2127491.05050544
2025-07-03 00:00:00,87.3,88.62,86.86,88.06,109852.067571,9649441.59983463
2025-07-03 04:00:00,88.06,91.05,88.0,91.04,95293.553473,8504256.40775097
2025-07-03 08:00:00,91.05,92.29,90.64,91.33,62234.568181,5692665.58331048
2025-07-03 12:00:00,91.31,91.91,88.86,88.94,55342.739142,5013673.19662595
2025-07-03 16:00:00,88.95,90.13,88.66,89.63,28257.388003,2529532.92333238
2025-07-03 20:00:00,89.64,89.91,88.79,89.08,12732.891403,1137721.86238231
2025-07-04 00:00:00,89.09,89.35,88.07,88.76,24436.231215,2163275.65443706
2025-07-04 04:00:00,88.76,89.2,87.08,87.3,30498.44209,2684456.13278862
2025-07-04 08:00:00,87.3,88.66,87.02,88.16,16283.260774,1427757.75626577
2025-07-04 12:00:00,88.16,88.62,86.28,86.6,29615.0506,2583717.85821411
2025-07-04 16:00:00,86.62,87.33,85.66,86.34,113511.911604,9801516.04863738
2025-07-04 20:00:00,86.34,87.1,86.2,86.82,16434.70035,1423429.038857
2025-07-05 00:00:00,86.82,87.1,85.98,86.76,8480.125149,733946.56402599
2025-07-05 04:00:00,86.77,87.05,86.1,86.24,7308.237924,631882.97466163
2025-07-05 08:00:00,86.24,86.78,85.83,86.55,7519.641403,648322.00515553
2025-07-05 12:00:00,86.55,86.92,86.21,86.45,7413.425752,641653.58940873
2025-07-05 16:00:00,86.45,86.79,85.99,86.75,6564.307812,567359.38918088
2025-07-05 20:00:00,86.72,87.82,86.66,87.56,38521.327357,3366524.03437308
2025-07-06 00:00:00,87.56,87.69,86.86,87.05,7374.489409,643190.29381624
2025-07-06 04:00:00,87.06,87.2,86.53,86.73,6718.208936,583642.02909164
2025-07-06 08:00:00,86.74,87.57,86.48,87.48,11088.446207,964720.013644
2025-07-06 12:00:00,87.48,88.43,87.05,87.98,23191.597619,2033562.653814
2025-07-06 16:00:00,87.98,88.08,87.14,87.52,17274.775713,1512948.39048321
2025-07-06 20:00:00,87.53,88.51,87.32,87.35,71971.481955,6325381.5095192
2025-07-07 00:00:00,87.36,88.17,87.06,87.65,19213.292324,1683367.09324392
2025-07-07 04:00:00,87.65,88.49,87.43,87.94,86277.207112,7584494.96260109
2025-07-07 08:00:00,87.91,88.08,86.85,86.92,28539.633297,2503006.84433976
2025-07-07 12:00:00,86.95,87.35,85.88,86.11,41446.237626,3581258.32080607
2025-07-07 16:00:00,86.11,86.39,85.15,85.87,63103.585484,5419788.51943971
2025-07-07 20:00:00,85.88,86.2,85.32,86.04,12573.837624,1079949.76651186
2025-07-08 00:00:00,86.04,86.18,85.53,85.98,10749.885161,923240.2770341
2025-07-08 04:00:00,85.99,86.64,85.83,86.62,8460.552177,730205.88521721
2025-07-08 08:00:00,86.62,86.91,86.06,86.53,9921.328591,858250.26088699
2025-07-08 12:00:00,86.56,87.09,86.11,86.36,26920.103377,2330183.36222869
2025-07-08 16:00:00,86.36,87.59,86.25,87.31,38407.201645,3349314.27721545
2025-07-08 20:00:00,87.31,88.0,87.03,87.74,20684.261212,1811556.93332276
2025-07-09 00:00:00,87.76,87.83,87.14,87.61,21770.442955,1905869.0668871
2025-07-09 04:00:00,87.6,88.3,87.54,88.07,21579.538761,1897527.91764072
2025-07-09 08:00:00,88.08,88.48,87.6,88.38,11852.390396,1042900.73220747
2025-07-09 12:00:00,88.38,89.08,87.96,88.52,23695.214916,2100315.34316317
2025-07-09 16:00:00,88.52,90.43,88.29,90.38,35129.089302,3135806.58010816
2025-07-09 20:00:00,90.38,91.38,89.8,90.62,30849.908073,2796265.95587966
2025-07-10 00:00:00,90.62,91.45,90.1,90.91,22936.710905,2082668.39894827
2025-07-10 04:00:00,90.9,91.25,90.33,90.95,16100.54197,1461557.74745549
2025-07-10 08:00:00,90.96,91.4,90.65,90.93,15364.021581,1397584.42995533
2025-07-10 12:00:00,90.92,91.25,90.29,91.2,28715.802452,2606742.46753338
2025-07-10 16:00:00,91.2,93.18,91.16,92.56,50701.238301,4674418.18851924
2025-07-10 20:00:00,92.55,95.31,92.48,94.86,54094.944661,5101734.75297485
2025-07-11 00:00:00,94.84,95.92,93.57,95.47,44699.060166,4243118.51947723
2025-07-11 04:00:00,95.46,96.58,94.51,94.91,55309.897295,5282999.82409297
2025-07-11 08:00:00,94.92,96.02,94.86,95.44,24783.302091,2367599.17703333
2025-07-11 12:00:00,95.46,98.34,95.12,96.67,72271.819357,7003552.07380851
2025-07-11 16:00:00,96.69,97.79,95.73,97.05,53390.154663,5160887.87469648
2025-07-11 20:00:00,97.05,97.18,92.47,94.23,56164.736787,5296870.8796639
2025-07-12 00:00:00,94.26,95.44,93.14,94.79,19778.424062,1870401.18039112
2025-07-12 04:00:00,94.8,94.84,92.44,93.2,47001.145315,4379032.61797982
2025-07-12 08:00:00,93.19,94.09,92.56,93.44,27452.140436,2565141.90819548
2025-07-12 12:00:00,93.45,93.64,90.73,91.15,55352.780339,5094605.38618521
2025-07-12 16:00:00,91.15,92.88,90.97,92.83,18369.475304,1693450.03064393
2025-07-12 20:00:00,92.84,92.98,91.88,92.76,6468.282437,598757.74827744
2025-07-13 00:00:00,92.78,93.64,92.52,93.11,8200.105447,763086.07860352
2025-07-13 04:00:00,93.14,94.65,92.99,94.36,20095.740638,1892523.24399175
2025-07-13 08:00:00,94.37,94.94,93.97,94.82,12847.736109,1213931.44983473
2025-07-13 12:00:00,94.82,96.62,94.69,96.14,27475.244631,2627152.43609588
2025-07-13 16:00:00,96.14,96.87,95.27,96.33,37680.825781,3625241.29394182
2025-07-13 20:00:00,96.36,96.55,93.85,94.61,21035.312042,1993684.7424263
2025-07-14 00:00:00,94.64,97.14,94.41,96.78,26126.372723,2501827.58571301
2025-07-14 04:00:00,96.8,97.93,96.1,97.16,40811.725058,3962915.92853992
2025-07-14 08:00:00,97.19,97.98,95.97,96.99,62492.260291,6059375.99411151
2025-07-14 12:00:00,96.98,97.56,94.86,95.45,54188.84713,5219860.13663841
2025-07-14 16:00:00,95.43,96.45,94.69,94.99,24277.757755,2320507.70672466
2025-07-14 20:00:00,94.99,95.76,94.11,95.64,7064.505646,671417.72452203
2025-07-15 00:00:00,95.62,96.1,91.28,91.88,51772.826441,4816968.88156711
2025-07-15 04:00:00,91.87,93.15,91.2,92.5,21534.538607,1991842.62241916
2025-07-15 08:00:00,92.5,93.4,91.95,92.68,10389.84997,963228.95715661
2025-07-15 12:00:00,92.7,93.96,91.69,93.44,41593.44749,3865035.14458163
2025-07-15 16:00:00,93.44,96.35,93.36,95.18,40771.558743,3870883.79823822
2025-07-15 20:00:00,95.18,96.72,94.77,96.37,22529.125322,2162646.63037477
2025-07-16 00:00:00,96.37,97.22,95.19,95.49,23610.231334,2268916.77444381
2025-07-16 04:00:00,95.48,96.6,95.07,96.38,21704.99196,2079850.23141438
2025-07-16 08:00:00,96.38,97.94,96.1,96.95,39306.142493,3817217.43158623
2025-07-16 12:00:00,96.96,98.02,95.83,96.84,53601.465242,5214360.2318166
2025-07-16 16:00:00,96.84,99.8,96.53,98.52,63511.261961,6259264.65930894
2025-07-16 20:00:00,98.52,99.95,97.07,97.46,46309.00878,4544287.80419186
2025-07-17 00:00:00,97.48,98.81,95.33,96.12,57414.829396,5567708.36989211
2025-07-17 04:00:00,96.11,98.65,95.9,98.23,30845.012734,3008590.84107132
2025-07-17 08:00:00,98.22,101.39,98.05,99.67,65645.626292,6550640.21368189
2025-07-17 12:00:00,99.67,101.73,98.21,101.31,56536.118701,5676895.84726561
2025-07-17 16:00:00,101.3,102.38,100.0,100.96,86548.746829,8772459.42772931
2025-07-17 20:00:00,100.98,103.59,99.83,101.59,53068.291876,5410585.45203513
2025-07-18 00:00:00,101.59,107.78,101.07,107.78,110735.873222,11606591.91912495
2025-07-18 04:00:00,107.77,110.2,106.16,107.64,146836.201115,15935922.91652294
2025-07-18 08:00:00,107.64,112.15,107.63,108.45,117305.826954,12835679.40487823
2025-07-18 12:00:00,108.47,110.42,103.06,103.85,252890.421559,26882236.36597204
2025-07-18 16:00:00,103.85,105.75,102.04,102.27,68132.637693,7079596.59607156
2025-07-18 20:00:00,102.27,102.55,100.07,101.76,65836.796999,6674027.03479764
2025-07-19 00:00:00,101.73,102.82,100.08,102.51,62148.525159,6326504.31736834
2025-07-19 04:00:00,102.52,104.3,101.72,102.76,101755.467244,10469431.56488335
2025-07-19 08:00:00,102.77,103.02,100.92,101.27,34167.862547,3484952.33569125
2025-07-19 12:00:00,101.31,101.55,99.66,101.19,44897.753458,4518387.17277549
2025-07-19 16:00:00,101.2,113.49,101.08,112.63,178105.360069,19405770.11765044
2025-07-19 20:00:00,112.62,114.18,108.99,113.19,206599.666159,23204279.56575539
2025-07-20 00:00:00,113.2,113.45,110.55,112.49,107932.828538,12095948.28446804
2025-07-20 04:00:00,112.48,118.64,112.33,117.56,191265.054094,22143424.28528169
2025-07-20 08:00:00,117.51,120.12,115.46,116.12,184222.15937,21754055.28774868
2025-07-20 12:00:00,116.13,118.36,115.73,117.17,140391.960963,16407757.30003981
2025-07-20 16:00:00,117.15,121.46,116.51,117.42,126791.262302,15027671.66347063
2025-07-20 20:00:00,117.43,117.62,113.94,116.57,53729.439636,6245760.63424041
2025-07-21 00:00:00,116.58,118.31,115.46,117.33,66520.985695,7783177.50886992
2025-07-21 04:00:00,117.33,121.94,117.16,120.7,84084.027351,10045897.379037
2025-07-21 08:00:00,120.68,121.14,117.73,117.84,48674.963485,5808640.83299839
2025-07-21 12:00:00,117.81,119.34,116.32,118.24,78320.809993,9235086.02155322
2025-07-21 16:00:00,118.25,118.39,114.58,115.17,73258.52017,8517387.32224248
2025-07-21 20:00:00,115.21,116.45,114.8,115.43,38713.504936,4480707.9603757
2025-07-22 00:00:00,115.45,117.16,112.76,115.75,99650.580426,11481268.04130661
2025-07-22 04:00:00,115.72,116.66,114.07,115.27,80710.892673,9324742.0760548
2025-07-22 08:00:00,115.27,115.68,112.59,115.6,71844.270237,8181108.64802176
2025-07-22 12:00:00,115.61,116.43,112.77,115.82,66953.920931,7706859.09950268
2025-07-22 16:00:00,115.82,119.86,115.62,116.95,80976.554046,9555765.9662296
2025-07-22 20:00:00,116.95,119.81,116.05,119.63,40415.867446,4766964.09498899
2025-07-23 00:00:00,119.64,122.28,117.4,119.95,86331.896698,10388510.84762042
2025-07-23 04:00:00,119.96,120.28,116.89,117.61,52647.788766,6248805.43331588
2025-07-23 08:00:00,117.61,118.16,116.22,116.9,66035.197122,7739896.19609194
2025-07-23 12:00:00,116.9,117.24,110.88,114.61,153533.692778,17398323.3285582
2025-07-23 16:00:00,114.62,114.91,110.88,112.16,66850.818189,7548353.09153701
2025-07-23 20:00:00,112.14,112.78,108.9,112.06,73530.526541,8152708.2188298
2025-07-24 00:00:00,112.06,114.33,111.45,112.96,30817.893602,3497051.97584194
2025-07-24 04:00:00,113.0,113.22,106.6,110.98,97591.292394,10719654.14045938
2025-07-24 08:00:00,110.97,114.33,110.47,113.7,73344.794604,8292869.85207691
2025-07-24 12:00:00,113.69,115.44,110.86,113.46,65169.113969,7392913.58194055
2025-07-24 16:00:00,113.48,114.09,111.15,113.2,43430.453727,4897431.12151213
2025-07-24 20:00:00,113.2,114.95,111.88,112.26,27644.076591,3129490.26294548
2025-07-25 00:00:00,112.28,112.33,108.21,109.37,96565.063334,10634514.70533943
2025-07-25 04:00:00,109.37,112.73,108.36,111.14,50642.503753,5596679.33945466
2025-07-25 08:00:00,111.14,116.1,110.89,115.66,84015.115283,9593160.19641717
2025-07-25 12:00:00,115.66,116.4,109.44,110.56,77100.387253,8731719.22529813
2025-07-25 16:00:00,110.54,112.17,109.33,111.2,23599.20907,2620950.20886223
2025-07-25 20:00:00,111.2,113.9,110.95,113.8,21132.771944,2389222.14895948
2025-07-26 00:00:00,113.81,113.84,112.1,113.23,25175.339856,2844048.40992374
2025-07-26 04:00:00,113.23,113.88,112.86,113.17,12385.025609,1403174.90177032
2025-07-26 08:00:00,113.18,114.38,113.15,113.64,18063.046476,2057373.53309478
2025-07-26 12:00:00,113.64,114.62,113.04,113.82,31718.641508,3611441.10027926
2025-07-26 16:00:00,113.82,115.46,113.27,114.9,26060.651177,2983608.84333342
2025-07-26 20:00:00,114.92,115.33,113.84,113.91,12446.183497,1423235.57997812
2025-07-27 00:00:00,113.93,115.24,113.63,114.58,14159.917006,1621071.65626226
2025-07-27 04:00:00,114.57,115.6,114.07,114.24,16239.92056,1867144.39167682
2025-07-27 08:00:00,114.23,114.4,112.33,113.19,39631.818825,4491188.00689079
2025-07-27 12:00:00,113.18,114.14,112.63,113.54,29122.157382,3300417.30056534
2025-07-27 16:00:00,113.51,115.3,113.32,113.84,34573.715079,3954511.50401644
2025-07-27 20:00:00,113.85,115.38,113.19,114.78,23072.401089,2641038.29637452
2025-07-28 00:00:00,114.78,116.23,113.77,115.32,65774.496226,7571521.45464465
2025-07-28 04:00:00,115.3,116.43,114.48,114.88,53218.710666,6143245.59398762
2025-07-28 08:00:00,114.86,115.19,112.95,113.48,40450.617011,4612953.17278437
2025-07-28 12:00:00,113.47,113.82,109.82,110.36,68156.668498,7589912.56745287
2025-07-28 16:00:00,110.38,111.0,108.64,109.5,32136.744133,3526163.18955815
2025-07-28 20:00:00,109.51,110.11,108.29,109.05,25728.216953,2807640.24440251
2025-07-29 00:00:00,109.07,110.13,107.62,109.28,48344.956341,5260895.82883435
2025-07-29 04:00:00,109.26,110.78,108.71,110.59,30853.2191,3390584.08881773
2025-07-29 08:00:00,110.61,110.62,108.28,109.18,20494.212877,2244519.10322865
2025-07-29 12:00:00,109.2,110.55,107.06,108.09,52120.559338,5659721.56045515
2025-07-29 16:00:00,108.08,109.94,106.74,108.1,34634.000409,3764097.63021032
2025-07-29 20:00:00,108.12,108.92,107.27,108.55,20418.724455,2208726.97751483
2025-07-30 00:00:00,108.51,109.62,107.2,108.94,18741.121105,2033163.02116657
2025-07-30 04:00:00,108.92,109.6,107.47,109.3,19557.328488,2126242.21131071
2025-07-30 08:00:00,109.3,110.4,106.82,107.42,48253.652743,5229990.35174559
2025-07-30 12:00:00,107.44,109.86,106.83,109.41,39935.414448,4322461.68676869
2025-07-30 16:00:00,109.42,110.58,105.3,108.91,149058.89002,15917256.303616
2025-07-30 20:00:00,108.91,111.34,108.42,110.5,29540.118452,3249262.70852821
2025-07-31 00:00:00,110.52,111.87,110.23,110.62,28012.330412,3107700.52452919
2025-07-31 04:00:00,110.63,111.36,110.32,110.69,15114.449925,1672952.83245211
2025-07-31 08:00:00,110.69,111.4,109.51,109.99,19537.056533,2162069.68975246
2025-07-31 12:00:00,110.0,110.12,108.51,109.24,34672.857492,3792049.24909157
2025-07-31 16:00:00,109.25,110.43,107.95,108.25,21959.338677,2394826.0009667
2025-07-31 20:00:00,108.23,108.72,105.77,106.08,35206.806645,3777071.98586763
2025-08-01 00:00:00,106.07,107.02,103.8,106.47,123667.517148,13066276.14986008
2025-08-01 04:00:00,106.47,106.47,104.37,105.09,36325.116235,3826692.34527317
2025-08-01 08:00:00,105.07,105.6,103.13,105.51,78175.795492,8149963.66738691
2025-08-01 12:00:00,105.51,106.97,103.87,106.36,59618.720923,6295203.11641281
2025-08-01 16:00:00,106.35,106.93,104.01,106.33,35546.465427,3756003.13007096
2025-08-01 20:00:00,106.33,108.38,104.0,106.63,67510.829655,7177420.4553235
2025-08-02 00:00:00,106.61,108.45,105.83,107.64,43186.196029,4622862.36710856
2025-08-02 04:00:00,107.62,108.5,106.2,108.32,22897.094769,2464367.97979807
2025-08-02 08:00:00,108.35,108.48,106.11,107.04,34059.704807,3654684.63479276
2025-08-02 12:00:00,107.04,110.12,106.5,108.14,62002.162604,6749506.23497256
2025-08-02 16:00:00,108.13,108.13,104.07,104.78,57662.427626,6098173.68788643
2025-08-02 20:00:00,104.78,107.14,104.55,106.12,34664.619029,3678752.60703912
2025-08-03 00:00:00,106.1,109.13,104.17,107.62,40754.162268,4358354.89549441
2025-08-03 04:00:00,107.62,108.53,106.78,108.14,12709.467355,1368172.43574798
2025-08-03 08:00:00,108.13,110.15,107.78,109.15,35035.661632,3830652.12994575
2025-08-03 12:00:00,109.16,110.26,108.42,109.91,18078.878745,1978292.92034296
2025-08-03 16:00:00,109.9,110.11,108.57,108.94,15681.16506,1714025.55787035
2025-08-03 20:00:00,108.94,111.45,108.81,110.37,15314.954251,1685342.60008874
2025-08-04 00:00:00,110.39,111.91,110.15,111.51,20799.532417,2311627.0292715
2025-08-04 04:00:00,111.5,112.51,110.36,111.46,26605.916992,2963224.41875356
2025-08-04 08:00:00,111.5,114.26,111.08,114.15,50149.844026,5648337.76333868
2025-08-04 12:00:00,114.17,119.7,113.78,117.84,160163.818593,18784205.75418805
2025-08-04 16:00:00,117.83,119.9,117.5,119.82,44594.891323,5306325.52145365
2025-08-04 20:00:00,119.82,121.47,118.94,121.23,46712.906929,5617967.11145548
2025-08-05 00:00:00,121.23,123.75,120.08,121.79,97525.103013,11871321.85082065
2025-08-05 04:00:00,121.8,125.12,120.4,120.86,165824.87012,20276482.58969678
2025-08-05 08:00:00,120.84,129.16,120.74,127.59,267353.804073,33587732.78175545
2025-08-05 12:00:00,127.61,128.33,121.02,122.05,167770.559275,20728540.83122521
2025-08-05 16:00:00,122.04,123.92,119.39,120.05,58835.902402,7138157.54760303
2025-08-05 20:00:00,120.08,121.43,119.66,120.29,30132.534332,3635633.18926391
2025-08-06 00:00:00,120.27,120.51,117.83,118.21,57694.129822,6845016.15409113
2025-08-06 04:00:00,118.22,119.0,117.19,118.38,67586.277769,7979921.80158272
2025-08-06 08:00:00,118.37,118.75,116.29,116.46,48544.653251,5683743.05431504
2025-08-06 12:00:00,116.46,118.52,115.18,118.28,81295.306778,9437722.90862418
2025-08-06 16:00:00,118.3,121.12,116.97,120.02,49255.490073,5830691.87096239
2025-08-06 20:00:00,120.05,120.3,118.47,119.18,12541.980181,1497357.97065624
2025-08-07 00:00:00,119.21,121.13,117.86,119.47,32110.905968,3840604.26834462
2025-08-07 04:00:00,119.44,122.32,119.35,119.52,49855.303229,6022796.74070185
2025-08-07 08:00:00,119.52,121.25,117.33,121.11,70593.185535,8403062.97806964
2025-08-07 12:00:00,121.12,121.7,119.49,121.15,52719.374517,6346905.68601551
2025-08-07 16:00:00,121.14,122.43,119.83,122.2,36204.074704,4389949.43200402
2025-08-07 20:00:00,122.19,123.1,121.2,122.9,32217.629451,3935227.8343949
2025-08-08 00:00:00,122.91,124.46,121.03,121.48,234218.802554,28633979.30406524
2025-08-08 04:00:00,121.48,122.62,119.3,122.32,71499.174364,8649746.37834422
2025-08-08 08:00:00,122.3,123.96,120.5,121.87,54107.066293,6619144.28381038
2025-08-08 12:00:00,121.84,124.2,120.67,121.38,50219.505135,6144173.40150795
2025-08-08 16:00:00,121.37,126.41,121.29,125.63,57634.712488,7150807.55013435
2025-08-08 20:00:00,125.62,125.82,123.68,123.77,16472.556879,2053499.57438754
2025-08-09 00:00:00,123.78,124.24,122.86,123.09,20829.558852,2572559.82398324
2025-08-09 04:00:00,123.08,125.95,122.78,125.21,68457.200343,8543974.86332124
2025-08-09 08:00:00,125.19,125.62,124.44,125.12,33537.216083,4192657.60024164
2025-08-09 12:00:00,125.14,126.37,120.89,121.15,85151.786701,10487402.95759764
2025-08-09 16:00:00,121.15,122.75,121.15,121.76,25100.607981,3061097.00642278
2025-08-09 20:00:00,121.77,122.66,120.16,120.2,42072.337447,5109930.13134239
2025-08-10 00:00:00,120.19,123.51,120.18,122.76,45490.294926,5537430.91203345
2025-08-10 04:00:00,122.78,123.88,118.23,119.2,53521.165011,6485156.82102955
2025-08-10 08:00:00,119.2,122.54,118.29,122.08,42759.116239,5166711.82129447
2025-08-10 12:00:00,122.08,126.0,120.44,124.24,75757.549955,9374136.51008541
2025-08-10 16:00:00,124.23,125.21,122.89,124.55,35485.377674,4409347.12095373
2025-08-10 20:00:00,124.55,125.09,123.35,123.78,23179.226649,2879647.8608746
2025-08-11 00:00:00,123.78,127.33,122.09,125.88,66371.795841,8287513.0046904
2025-08-11 04:00:00,125.88,126.48,123.13,123.35,76889.21467,9587386.52243232
2025-08-11 08:00:00,123.34,128.1,122.88,126.51,85153.304754,10741749.07327169
2025-08-11 12:00:00,126.55,127.69,123.26,125.23,103463.63247,12980138.80045642
2025-08-11 16:00:00,125.23,127.12,120.8,121.5,67803.1688,8428841.61111372
2025-08-11 20:00:00,121.49,121.71,119.56,120.04,37128.855341,4479500.95227518
2025-08-12 00:00:00,120.06,121.51,119.29,119.43,44025.845389,5304347.47018837
2025-08-12 04:00:00,119.42,120.26,118.6,119.33,43666.180659,5213974.19454164
2025-08-12 08:00:00,119.34,120.2,118.34,119.56,19210.969416,2291869.95301288
2025-08-12 12:00:00,119.56,124.88,119.05,124.46,82109.905176,10022258.74719668
2025-08-12 16:00:00,124.44,128.89,123.78,128.85,74113.401204,9346343.76396777
2025-08-12 20:00:00,128.87,131.95,128.38,130.43,108894.252142,14176647.26800525
2025-08-13 00:00:00,130.43,131.5,128.58,131.28,61207.672985,7972820.66186946
2025-08-13 04:00:00,131.28,134.14,130.49,131.66,66101.777385,8727114.65476683
2025-08-13 08:00:00,131.66,134.1,131.08,131.93,53418.262179,7078233.51323453
2025-08-13 12:00:00,131.94,132.49,129.37,130.06,64701.894009,8489308.51466599
2025-08-13 16:00:00,130.06,131.17,128.86,130.24,42221.843173,5482875.91114257
2025-08-13 20:00:00,130.23,131.28,128.98,130.89,30022.558943,3914367.3756996
2025-08-14 00:00:00,130.91,133.32,130.6,133.02,61208.266721,8105931.37711712
2025-08-14 04:00:00,133.04,133.89,129.32,129.53,75544.757682,9926889.16701874
2025-08-14 08:00:00,129.53,129.57,126.82,127.64,53642.585287,6879353.78542748
2025-08-14 12:00:00,127.63,128.19,120.31,122.78,155501.221362,19173519.32090462
2025-08-14 16:00:00,122.76,122.76,119.4,121.75,48183.624746,5835178.64085577
2025-08-14 20:00:00,121.74,122.01,119.56,121.32,33801.910699,4088099.71401667
2025-08-15 00:00:00,121.32,123.04,120.74,122.77,21197.374314,2585137.28808703
2025-08-15 04:00:00,122.78,123.25,120.94,121.46,21470.218856,2621973.02616396
2025-08-15 08:00:00,121.46,121.85,120.28,121.08,32900.577194,3985338.50105189
2025-08-15 12:00:00,121.07,121.78,116.54,117.64,66978.517179,7989026.57354251
2025-08-15 16:00:00,117.61,119.16,116.61,117.56,57050.226153,6714776.5407717
2025-08-15 20:00:00,117.54,119.9,117.25,119.16,18049.988135,2142802.70982413
2025-08-16 00:00:00,119.15,120.81,119.0,119.85,27289.669364,3276459.48196005
2025-08-16 04:00:00,119.86,120.39,117.99,118.78,26942.192184,3201567.39812004
2025-08-16 08:00:00,118.8,119.08,117.16,117.26,24118.580089,2854287.29660654
2025-08-16 12:00:00,117.28,119.36,117.16,118.86,21990.703769,2603951.86368947
2025-08-16 16:00:00,118.87,120.57,118.73,119.97,20601.88852,2462294.37104621
2025-08-16 20:00:00,119.97,121.05,119.49,121.04,10985.284929,1319675.14154234
2025-08-17 00:00:00,121.04,121.04,119.77,120.63,11166.933298,1344008.54042935
2025-08-17 04:00:00,120.64,123.22,120.64,123.0,31906.679241,3891544.07311259
2025-08-17 08:00:00,123.01,123.05,121.63,122.46,26241.40737,3206685.71525675
2025-08-17 12:00:00,122.44,122.53,120.74,122.36,31703.281882,3857705.26857631
2025-08-17 16:00:00,122.37,123.0,120.49,120.67,31696.932754,3854618.79559562
2025-08-17 20:00:00,120.68,121.73,120.58,120.74,7577.230841,917403.69127964
2025-08-18 00:00:00,120.73,120.93,115.31,116.57,75012.658385,8839881.1243897
2025-08-18 04:00:00,116.56,117.33,115.37,116.11,25524.09727,2967832.06723859
2025-08-18 08:00:00,116.13,117.04,115.26,116.4,20151.320198,2342538.55032773
2025-08-18 12:00:00,116.37,118.53,116.24,118.09,28303.85448,3328157.97191846
2025-08-18 16:00:00,118.08,118.78,116.65,117.83,22789.728171,2683593.39207033
2025-08-18 20:00:00,117.86,119.11,117.13,117.74,13994.931788,1654354.10879458
2025-08-19 00:00:00,117.75,119.05,115.13,115.5,25973.006139,3035706.72716095
2025-08-19 04:00:00,115.46,117.4,113.41,115.0,44249.238724,5111116.77326783
2025-08-19 08:00:00,115.01,116.41,114.3,116.2,36048.673444,4153463.30305183
2025-08-19 12:00:00,116.2,116.76,113.22,114.13,35786.818988,4108352.72644749
2025-08-19 16:00:00,114.12,114.52,112.22,113.08,28152.573101,3191829.54583595
2025-08-19 20:00:00,113.08,115.51,112.37,112.65,25291.594515,2877170.5881404
2025-08-20 00:00:00,112.69,114.48,112.46,113.67,25291.217369,2873926.1013873
2025-08-20 04:00:00,113.69,114.66,113.62,113.91,13124.946124,1497979.59832705
2025-08-20 08:00:00,113.93,115.5,113.45,114.74,61607.25885,7078624.04617539
2025-08-20 12:00:00,114.75,116.04,112.07,114.96,76512.204996,8730947.77658028
2025-08-20 16:00:00,114.98,117.11,114.41,117.06,54582.569899,6321882.35709807
2025-08-20 20:00:00,117.05,117.14,115.95,116.04,15024.584686,1748221.30338439
2025-08-21 00:00:00,116.03,117.3,115.57,116.05,26877.22382,3129272.52906022
2025-08-21 04:00:00,116.03,116.41,115.09,116.1,16423.820955,1904121.10632589
2025-08-21 08:00:00,116.1,116.37,114.53,114.76,15036.254422,1731485.8454809
2025-08-21 12:00:00,114.73,116.21,114.01,114.14,30775.581126,3540166.7966522
2025-08-21 16:00:00,114.15,115.45,113.47,114.63,16100.044057,1840430.35090162
2025-08-21 20:00:00,114.66,115.65,114.28,114.75,16739.26529,1925080.21438031
2025-08-22 00:00:00,114.77,116.52,114.25,115.54,22139.119427,2556767.11854644
2025-08-22 04:00:00,115.57,116.69,115.57,116.31,19076.542135,2218170.18522197
2025-08-22 08:00:00,116.31,116.83,114.3,114.35,18250.204395,2108684.11217716
2025-08-22 12:00:00,114.38,120.51,112.55,119.46,101658.31299,11948618.38124493
2025-08-22 16:00:00,119.46,122.8,119.46,122.48,50638.980557,6172350.77674995
2025-08-22 20:00:00,122.52,123.64,122.3,122.98,28470.540267,3501094.20454998
2025-08-23 00:00:00,122.97,123.35,119.79,120.2,32397.122972,3941439.09012908
2025-08-23 04:00:00,120.21,122.75,120.21,121.76,32842.153728,4006663.93417313
2025-08-23 08:00:00,121.77,122.14,121.1,121.26,11603.388007,1411053.02161337
2025-08-23 12:00:00,121.27,121.84,120.47,120.86,28111.310185,3403057.64631403
2025-08-23 16:00:00,120.88,121.38,120.39,121.11,12027.28112,1453136.7800071
2025-08-23 20:00:00,121.09,121.63,120.64,121.45,6239.022051,755698.42571306
2025-08-24 00:00:00,121.45,122.09,120.61,121.19,8485.038467,1030622.66462628
2025-08-24 04:00:00,121.22,121.81,119.45,119.49,12662.148605,1528159.32908264
2025-08-24 08:00:00,119.51,120.14,118.29,118.51,28977.274031,3462129.45306105
2025-08-24 12:00:00,118.52,120.4,118.38,119.31,18478.20072,2206349.45002081
2025-08-24 16:00:00,119.35,124.77,118.7,120.73,80001.574091,9733398.12418464
2025-08-24 20:00:00,120.73,120.85,117.05,118.2,167692.734668,19942677.14980093
2025-08-25 00:00:00,118.22,118.64,115.52,117.35,25339.672171,2968998.66085587
2025-08-25 04:00:00,117.37,117.54,112.08,112.55,52788.315495,6041166.45900245
2025-08-25 08:00:00,112.54,112.99,110.5,111.47,101783.916658,11382040.41142667
2025-08-25 12:00:00,111.48,112.65,110.69,111.7,53159.225563,5946582.62256102
2025-08-25 16:00:00,111.72,112.66,109.15,109.32,45781.676629,5088867.49059862
2025-08-25 20:00:00,109.33,109.81,106.71,109.19,91479.173706,9929842.6110915
2025-08-26 00:00:00,109.19,110.36,108.84,110.08,70256.298301,7703560.71762244
2025-08-26 04:00:00,110.1,111.35,109.91,110.6,20483.301333,2263832.09586655
2025-08-26 08:00:00,110.62,110.91,110.02,110.57,10718.26301,1183866.5934087
2025-08-26 12:00:00,110.59,112.71,110.05,111.99,32485.983602,3629114.43641999
2025-08-26 16:00:00,112.0,114.68,111.82,114.54,21349.096624,2416498.38446952
2025-08-26 20:00:00,114.53,114.8,112.99,113.44,59999.130597,6834411.65977634
2025-08-27 00:00:00,113.44,114.62,112.77,114.33,13826.835885,1568011.79515432
2025-08-27 04:00:00,114.33,116.27,112.65,113.0,47608.184809,5435135.19513169
2025-08-27 08:00:00,113.02,113.4,112.17,113.01,47286.159173,5323293.90121866
2025-08-27 12:00:00,113.01,114.58,112.67,113.71,23809.730043,2705363.5165259
2025-08-27 16:00:00,113.74,114.38,112.63,113.19,13659.867461,1550899.47055747
2025-08-27 20:00:00,113.18,114.29,111.96,112.19,22223.76878,2512809.49905246
2025-08-28 00:00:00,112.19,113.13,111.32,112.96,9945.578209,1116853.48169268
2025-08-28 04:00:00,112.96,114.25,112.75,113.48,43623.890072,4964209.95909735
2025-08-28 08:00:00,113.49,114.12,113.01,113.48,13737.462708,1558159.96558232
2025-08-28 12:00:00,113.48,114.62,112.19,112.63,45754.185141,5199598.86260586
2025-08-28 16:00:00,112.61,113.45,111.44,111.74,17946.74517,2020647.31306453
2025-08-28 20:00:00,111.74,113.94,111.62,113.65,7204.82045,815724.46194966
2025-08-29 00:00:00,113.65,113.84,112.36,113.26,20803.543326,2355857.78903693
2025-08-29 04:00:00,113.26,113.47,110.12,110.42,30466.38188,3398429.44172368
2025-08-29 08:00:00,110.42,110.79,108.88,110.02,23629.444765,2596477.2661179
2025-08-29 12:00:00,110.03,112.12,108.77,109.92,34374.768917,3790835.16441038
2025-08-29 16:00:00,109.93,110.29,108.64,109.63,21535.722538,2361383.94545591
2025-08-29 20:00:00,109.64,110.17,109.04,109.93,10383.001087,1137829.48508427
2025-08-30 00:00:00,109.94,110.93,108.31,110.61,19987.150752,2192030.05922526
2025-08-30 04:00:00,110.61,110.91,110.3,110.7,8636.817171,955148.25991736
2025-08-30 08:00:00,110.72,111.28,110.23,110.55,8738.144657,967690.2265232
2025-08-30 12:00:00,110.57,110.65,109.27,110.64,10836.54678,1190639.75198014
2025-08-30 16:00:00,110.63,110.76,109.69,110.26,6560.5246,723289.44583023
2025-08-30 20:00:00,110.27,110.96,109.71,110.8,6171.836838,681170.60415726
2025-08-31 00:00:00,110.82,111.89,110.82,111.89,9777.964062,1089947.80780884
2025-08-31 04:00:00,111.89,111.93,110.73,111.12,5379.36274,597677.03451976
2025-08-31 08:00:00,111.13,111.87,110.88,111.41,7823.909206,871148.5135658
2025-08-31 12:00:00,111.38,111.44,110.13,110.71,9010.066457,998149.16846
2025-08-31 16:00:00,110.73,110.83,110.09,110.22,7841.92994,865866.71583466
2025-08-31 20:00:00,110.23,110.64,108.78,108.88,10520.187043,1155088.71157662
2025-09-01 00:00:00,108.89,109.32,107.35,108.1,23769.376626,2571017.36268554
2025-09-01 04:00:00,108.1,110.51,107.26,110.48,14719.690221,1599745.76017199
2025-09-01 08:00:00,110.5,111.36,109.19,109.47,21038.637216,2325737.15039129
2025-09-01 12:00:00,109.48,110.58,109.25,109.52,11459.444398,1259854.0879586
2025-09-01 16:00:00,109.53,109.61,108.3,109.34,17695.67247,1927106.55756495
2025-09-01 20:00:00,109.34,109.64,106.38,108.72,42591.30319,4591122.99728118
2025-09-02 00:00:00,108.73,110.41,108.6,110.31,29797.560385,3261683.27305773
2025-09-02 04:00:00,110.32,111.43,110.11,110.57,19945.484492,2210237.02841188
2025-09-02 08:00:00,110.55,111.05,110.21,110.41,12520.15242,1384656.67020561
2025-09-02 12:00:00,110.41,112.0,108.72,109.52,36527.698638,4033992.03625966
2025-09-02 16:00:00,109.56,110.96,109.33,109.47,10883.044604,1198931.56951499
2025-09-02 20:00:00,109.47,112.13,109.44,111.78,56537.233225,6305445.62144534
2025-09-03 00:00:00,111.78,112.25,110.65,111.46,51081.800337,5677237.56886102
2025-09-03 04:00:00,111.45,111.78,110.87,111.75,11500.132404,1279888.61118761
2025-09-03 08:00:00,111.76,112.53,111.5,111.93,10665.531077,1194819.68455042
2025-09-03 12:00:00,111.95,113.33,111.5,112.84,18621.456947,2096679.57639899
2025-09-03 16:00:00,112.85,113.21,112.17,112.79,11337.679335,1277046.59825875
2025-09-03 20:00:00,112.79,113.28,112.38,112.99,5529.287453,623817.87967344
2025-09-04 00:00:00,112.99,113.49,111.58,111.65,16762.479231,1887558.94203125
2025-09-04 04:00:00,111.65,111.9,110.84,111.37,12508.519806,1392560.56954925
2025-09-04 08:00:00,111.38,111.6,110.75,111.03,6087.757132,677167.60523969
2025-09-04 12:00:00,111.02,111.48,109.74,110.05,15243.264923,1685136.45724685
2025-09-04 16:00:00,110.04,110.34,109.53,109.86,7125.288534,783351.33404184
2025-09-04 20:00:00,109.85,111.84,109.75,111.04,7710.570748,856116.58419166
2025-09-05 00:00:00,111.04,112.54,111.0,111.29,15921.109105,1777654.68023448
2025-09-05 04:00:00,111.3,113.2,111.13,113.17,11834.295201,1327973.91737958
2025-09-05 08:00:00,113.19,113.39,112.58,112.88,12950.478244,1462905.80163558
2025-09-05 12:00:00,112.88,115.08,111.49,112.32,74707.463911,8460708.39424646
2025-09-05 16:00:00,112.34,113.26,111.9,113.22,8991.819448,1012773.95740407
2025-09-05 20:00:00,113.23,113.35,111.9,112.01,9523.253437,1072395.60464614
2025-09-06 00:00:00,112.05,112.53,111.79,112.19,5088.257377,571228.34247475
2025-09-06 04:00:00,112.2,112.2,111.31,111.65,6367.022738,710102.36863537
2025-09-06 08:00:00,111.72,111.78,111.23,111.68,5234.94594,583783.2555468
2025-09-06 12:00:00,111.66,112.23,111.31,111.44,12827.74991,1431740.37456688
2025-09-06 16:00:00,111.45,112.42,111.34,112.3,8629.86947,966417.46640392
2025-09-06 20:00:00,112.3,112.43,111.46,112.12,10322.466028,1154805.83244692
2025-09-07 00:00:00,112.14,113.1,112.14,112.81,10584.227085,1192281.60836578
2025-09-07 04:00:00,112.82,114.06,112.64,113.76,13158.664533,1493283.20190907
2025-09-07 08:00:00,113.76,114.37,113.55,114.2,29007.356087,3305533.42713324
2025-09-07 12:00:00,114.21,115.42,114.15,114.72,57273.527637,6571022.00105987
2025-09-07 16:00:00,114.71,115.13,113.95,114.4,15272.527874,1747897.15680171
2025-09-07 20:00:00,114.4,115.19,114.04,114.94,13980.068153,1605439.01014484
2025-09-08 00:00:00,114.95,115.5,113.78,114.75,46803.931136,5378833.81291275
2025-09-08 04:00:00,114.74,114.74,112.01,112.88,86131.800593,9766931.48446215
2025-09-08 08:00:00,112.89,113.82,112.76,113.36,23554.13971,2669605.74062973
2025-09-08 12:00:00,113.36,113.91,112.91,113.46,31787.368303,3605411.8054244
2025-09-08 16:00:00,113.46,113.52,112.22,112.43,14639.498984,1653591.49815006
2025-09-08 20:00:00,112.44,112.87,111.66,112.76,13287.71571,1492991.40128731
2025-09-09 00:00:00,112.77,113.98,111.59,112.34,19824.529103,2233936.74154416
2025-09-09 04:00:00,112.34,114.31,112.03,114.01,28196.702689,3197203.07619634
2025-09-09 08:00:00,114.0,114.69,113.32,113.47,18146.899839,2069667.34255366
2025-09-09 12:00:00,113.48,114.0,110.84,111.39,37628.088268,4237434.78131162
2025-09-09 16:00:00,111.4,112.19,110.98,111.87,12474.373398,1392056.00585095
2025-09-09 20:00:00,111.88,112.29,111.37,111.95,9174.630645,1025660.7055118
2025-09-10 00:00:00,111.94,113.23,111.54,112.92,14949.519726,1681071.10871815
2025-09-10 04:00:00,112.91,113.31,112.2,113.13,14547.277749,1641375.22469445
2025-09-10 08:00:00,113.13,113.23,112.62,113.0,10694.985955,1208639.31795255
2025-09-10 12:00:00,113.0,115.26,112.96,114.33,40030.242886,4579928.13945874
2025-09-10 16:00:00,114.35,118.74,114.33,115.48,108519.228077,12654222.47315732
2025-09-10 20:00:00,115.46,117.7,115.13,117.66,22051.425821,2566325.83223639
2025-09-11 00:00:00,117.62,117.8,116.0,116.63,23528.612755,2744949.16845626
2025-09-11 04:00:00,116.63,117.66,116.05,117.24,25547.16413,2981810.09553654
2025-09-11 08:00:00,117.22,117.48,116.48,116.92,15541.397351,1817214.89744671
2025-09-11 12:00:00,116.93,117.54,113.0,113.92,98116.851913,11307920.5417092
2025-09-11 16:00:00,113.94,115.22,113.83,115.02,10395.015148,1190001.42932951
2025-09-11 20:00:00,115.04,116.13,114.91,115.83,17576.013834,2030838.1201983
2025-09-12 00:00:00,115.82,116.91,114.59,115.53,150262.294418,17323871.61169438
2025-09-12 04:00:00,115.52,116.45,115.27,115.71,29584.090453,3424940.37940079
2025-09-12 08:00:00,115.74,116.2,115.39,115.43,27477.636951,3179228.07745132
2025-09-12 12:00:00,115.44,116.89,114.93,116.54,32142.234232,3729800.3960965
2025-09-12 16:00:00,116.53,117.8,116.4,117.27,40511.107608,4750519.76609667
2025-09-12 20:00:00,117.27,118.27,116.86,118.01,24342.004717,2862816.93643857
2025-09-13 00:00:00,118.04,118.58,117.48,118.08,25485.851727,3009063.66841911
2025-09-13 04:00:00,118.07,119.5,117.66,118.79,34451.10272,4086633.26943119
2025-09-13 08:00:00,118.81,120.64,118.68,120.62,57287.503815,6872340.4485055
2025-09-13 12:00:00,120.62,120.82,118.12,119.12,57193.176771,6846971.58600964
2025-09-13 16:00:00,119.12,120.71,117.8,119.34,38824.124459,4626648.30822045
2025-09-13 20:00:00,119.33,120.18,119.1,119.24,19760.980535,2362845.98263506
2025-09-14 00:00:00,119.23,119.32,116.1,116.38,61262.741435,7214459.36967898
2025-09-14 04:00:00,116.39,117.55,116.01,116.81,17351.587468,2026562.89601851
2025-09-14 08:00:00,116.79,117.24,115.43,115.53,23800.310271,2770179.52431738
2025-09-14 12:00:00,115.55,115.99,113.81,114.75,46382.715346,5326183.8062996
2025-09-14 16:00:00,114.75,115.54,114.61,115.15,11830.380565,1362037.49729039
2025-09-14 20:00:00,115.14,116.12,114.89,115.11,9263.743095,1069366.21091439
2025-09-15 00:00:00,115.1,116.18,114.6,115.68,11253.917464,1300007.50575233
2025-09-15 04:00:00,115.67,116.75,114.62,114.92,25054.514961,2897759.44985996
2025-09-15 08:00:00,114.91,114.91,112.42,113.91,47940.006323,5446511.22979528
2025-09-15 12:00:00,113.9,114.07,112.4,113.14,30916.730177,3502094.84639127
2025-09-15 16:00:00,113.13,113.73,111.75,113.27,22912.934681,2579656.03353573
2025-09-15 20:00:00,113.28,113.8,113.16,113.73,7431.360959,843768.50333781
2025-09-16 00:00:00,113.73,114.03,112.56,112.56,22237.827523,2512107.92002954
2025-09-16 04:00:00,112.55,115.18,112.0,114.79,24125.609254,2741955.12942294
2025-09-16 08:00:00,114.8,115.24,114.0,114.34,12904.006209,1480174.59230618
2025-09-16 12:00:00,114.35,115.1,113.23,115.08,26151.278739,2986263.70169289
2025-09-16 16:00:00,115.06,115.8,114.49,115.23,16483.401886,1897915.2003161
2025-09-16 20:00:00,115.2,115.57,114.75,115.03,11670.365433,1343516.05750898
2025-09-17 00:00:00,115.03,115.89,114.62,114.7,15721.262528,1814099.88206847
2025-09-17 04:00:00,114.7,115.44,113.79,115.26,28334.410399,3248508.35423109
2025-09-17 08:00:00,115.25,115.36,113.97,114.21,18524.130717,2123389.35905049
2025-09-17 12:00:00,114.2,114.66,113.54,113.89,22943.105871,2618225.66406311
2025-09-17 16:00:00,113.87,115.3,113.14,114.96,43901.456556,5021319.7642664
2025-09-17 20:00:00,114.98,117.6,114.01,117.01,26131.213167,3042375.18835303
2025-09-18 00:00:00,117.01,118.13,116.8,117.8,30715.979573,3607565.05643015
2025-09-18 04:00:00,117.8,118.01,114.91,115.51,40850.274121,4741831.57313617
2025-09-18 08:00:00,115.51,116.26,115.16,115.76,21148.369445,2444743.60088398
2025-09-18 12:00:00,115.77,117.49,115.4,117.05,24329.736135,2831937.78381806
2025-09-18 16:00:00,117.05,118.79,117.01,118.49,20570.256812,2424831.99975289
2025-09-18 20:00:00,118.5,119.11,117.63,118.2,19469.322427,2303790.44947978
2025-09-19 00:00:00,118.21,119.47,117.13,117.18,22980.871466,2719354.87914853
2025-09-19 04:00:00,117.18,117.73,116.3,117.53,35026.575425,4098888.16949087
2025-09-19 08:00:00,117.55,117.8,115.52,115.78,18033.294842,2101602.29087985
2025-09-19 12:00:00,115.78,116.53,114.56,115.48,24793.247612,2864933.96508799
2025-09-19 16:00:00,115.49,115.84,113.83,113.84,32011.556285,3668192.25931115
2025-09-19 20:00:00,113.84,114.58,113.38,114.03,32935.441944,3755261.90305363
2025-09-20 00:00:00,114.03,114.57,113.5,114.27,15423.993611,1760788.25759392
2025-09-20 04:00:00,114.28,115.3,114.22,115.14,23842.579484,2732497.93579894
2025-09-20 08:00:00,115.14,115.15,113.42,113.99,12590.012196,1436701.92565494
2025-09-20 12:00:00,113.98,114.84,113.45,114.69,14799.94708,1690108.31453056
2025-09-20 16:00:00,114.7,114.91,113.62,113.81,10688.189202,1221217.1643512
2025-09-20 20:00:00,113.81,114.45,113.7,113.93,7248.428066,826552.26696624
2025-09-21 00:00:00,113.93,114.44,113.71,114.44,10715.505544,1222704.8394544
2025-09-21 04:00:00,114.44,115.46,114.05,115.43,33652.118419,3866133.39064148
2025-09-21 08:00:00,115.42,116.31,114.5,114.77,53697.823823,6190955.67937103
2025-09-21 12:00:00,114.77,115.6,114.61,115.47,24160.895356,2780435.33162269
2025-09-21 16:00:00,115.48,115.96,114.66,115.28,29614.815774,3414138.61031674
2025-09-21 20:00:00,115.27,115.38,113.98,114.02,14326.922401,1641013.57536895
2025-09-22 00:00:00,113.99,114.52,110.02,111.35,64419.123151,7201795.92613699
2025-09-22 04:00:00,111.35,111.53,101.99,105.48,167216.175633,17840323.44869301
2025-09-22 08:00:00,105.49,106.0,104.82,105.62,30643.02001,3231092.48577348
2025-09-22 12:00:00,105.65,106.71,104.83,105.28,28610.362656,3031429.61116783
2025-09-22 16:00:00,105.28,105.75,104.59,104.77,16602.444834,1745560.0646132
2025-09-22 20:00:00,104.77,106.2,104.62,105.69,6368.373625,673442.75637961
2025-09-23 00:00:00,105.68,106.66,104.43,106.18,29283.631444,3091772.52636187
2025-09-23 04:00:00,106.17,106.58,105.49,106.24,18945.053478,2009237.58560924
2025-09-23 08:00:00,106.25,106.69,105.78,106.51,9982.213021,1060436.5732403
2025-09-23 12:00:00,106.51,107.24,106.09,106.75,21575.207013,2301490.42191415
2025-09-23 16:00:00,106.76,106.84,105.36,106.02,41490.8148,4397204.000201
2025-09-23 20:00:00,106.0,106.75,105.68,106.08,15946.121339,1694273.33476735
2025-09-24 00:00:00,106.08,107.6,105.73,105.81,24273.244304,2590736.8681727
2025-09-24 04:00:00,105.82,107.48,104.57,106.87,123075.083611,13152962.70994811
2025-09-24 08:00:00,106.88,107.42,106.6,107.19,12338.959683,1319971.11341598
2025-09-24 12:00:00,107.19,107.67,105.98,106.84,22762.671075,2431208.80325114
2025-09-24 16:00:00,106.84,107.11,105.84,106.12,10555.516601,1123925.16407495
2025-09-24 20:00:00,106.14,106.53,105.47,105.54,9996.586307,1060443.9029033
2025-09-25 00:00:00,105.55,105.84,104.18,104.87,22623.96826,2377683.1996335
2025-09-25 04:00:00,104.83,105.13,103.3,103.98,26276.453851,2734502.30149402
2025-09-25 08:00:00,103.98,104.67,102.93,103.47,16045.316434,1667033.64835834
2025-09-25 12:00:00,103.47,105.26,101.81,104.53,38834.793513,4020182.53052468
2025-09-25 16:00:00,104.53,104.72,100.23,102.8,52188.038695,5331234.01138566
2025-09-25 20:00:00,102.8,103.2,101.52,102.28,19837.341162,2032175.63158695
2025-09-26 00:00:00,102.29,103.94,102.29,103.21,12014.128669,1239798.08205432
2025-09-26 04:00:00,103.22,103.64,102.4,103.09,29169.212132,3000432.35631291
2025-09-26 08:00:00,103.1,103.3,100.98,101.94,23286.404812,2374148.4492848
2025-09-26 12:00:00,101.93,103.71,101.32,103.39,27665.649149,2841255.51060506
2025-09-26 16:00:00,103.38,104.91,103.36,104.13,14672.825643,1530157.23188022
2025-09-26 20:00:00,104.13,104.79,103.82,104.56,10469.22175,1092177.19005205
2025-09-27 00:00:00,104.55,104.55,103.49,103.85,13872.855954,1441190.25900548
2025-09-27 04:00:00,103.83,104.03,103.56,103.74,13781.542979,1429880.57375042
2025-09-27 08:00:00,103.73,104.51,103.33,103.95,14515.651168,1508834.63225846
2025-09-27 12:00:00,103.97,104.93,103.93,104.91,7676.021476,802321.39886205
2025-09-27 16:00:00,104.92,104.95,104.08,104.57,9262.687859,969289.24057451
2025-09-27 20:00:00,104.57,104.96,104.42,104.46,5315.268634,556435.16862934
2025-09-28 00:00:00,104.48,104.63,103.57,103.89,6549.573051,680924.95587494
2025-09-28 04:00:00,103.88,104.23,103.71,104.1,6095.647616,633682.47718703
2025-09-28 08:00:00,104.1,104.18,103.13,103.34,6328.525551,654962.32730972
2025-09-28 12:00:00,103.34,104.57,102.76,104.57,9277.661513,961234.92466821
2025-09-28 16:00:00,104.58,105.62,104.38,105.62,8654.225646,909162.30564984
2025-09-28 20:00:00,105.62,107.1,105.61,106.84,11288.252642,1202502.23750015
2025-09-29 00:00:00,106.86,107.22,106.46,106.58,9777.433757,1044098.7870775
2025-09-29 04:00:00,106.58,106.59,105.57,106.02,11678.522469,1239740.69933897
2025-09-29 08:00:00,106.04,106.48,105.45,105.73,7828.17425,829648.56606832
2025-09-29 12:00:00,105.73,107.62,105.3,106.36,23631.277287,2518777.89291816
2025-09-29 16:00:00,106.39,106.77,105.47,106.37,13924.610504,1476271.95324027
2025-09-29 20:00:00,106.37,107.21,106.27,106.75,11884.703372,1269088.01542316
2025-09-30 00:00:00,106.77,107.33,106.23,106.39,15637.193024,1668848.9651948
2025-09-30 04:00:00,106.41,106.7,105.54,105.85,19840.213752,2107537.22361528
2025-09-30 08:00:00,105.85,106.01,105.12,105.42,22304.890833,2351970.88355599
2025-09-30 12:00:00,105.43,105.87,103.84,104.51,20143.120852,2110959.47164394
2025-09-30 16:00:00,104.52,106.85,104.2,106.85,27083.971544,2838692.29373509
2025-09-30 20:00:00,106.85,107.61,106.23,106.88,19331.670566,2068534.00058772
2025-10-01 00:00:00,106.89,107.11,105.78,105.8,11180.193524,1189124.5413239
2025-10-01 04:00:00,105.81,106.69,105.39,105.98,25397.520572,2694029.18494277
2025-10-01 08:00:00,105.96,110.78,105.83,110.35,65203.367008,7120134.44864402
2025-10-01 12:00:00,110.36,111.73,109.97,111.34,45676.42298,5068812.84362934
2025-10-01 16:00:00,111.36,112.61,110.47,112.14,28695.16532,3197541.4991721
2025-10-01 20:00:00,112.14,115.32,111.62,115.09,38785.343803,4415378.53432392
2025-10-02 00:00:00,115.12,121.48,115.12,118.46,167321.858644,19896416.15587554
2025-10-02 04:00:00,118.45,120.14,117.42,119.38,40035.621875,4742594.88278015
2025-10-02 08:00:00,119.36,122.66,118.73,119.83,89906.716129,10874123.36369689
2025-10-02 12:00:00,119.83,120.21,117.24,118.79,73191.241871,8694607.06401857
2025-10-02 16:00:00,118.81,119.86,117.94,119.44,46191.006902,5505174.36718025
2025-10-02 20:00:00,119.46,120.16,118.96,119.53,19874.430968,2375301.43492221
2025-10-03 00:00:00,119.53,119.53,117.21,117.39,35503.604065,4191109.36469874
2025-10-03 04:00:00,117.35,118.52,115.91,116.46,32070.110925,3747535.0683908
2025-10-03 08:00:00,116.45,117.7,115.8,117.41,18291.16636,2137687.04584465
2025-10-03 12:00:00,117.4,120.18,117.32,120.04,43022.99958,5107326.74763424
2025-10-03 16:00:00,120.03,124.84,118.51,122.39,150098.651254,18261246.41838557
2025-10-03 20:00:00,122.41,122.53,120.24,120.51,38623.469443,4682930.87193789
2025-10-04 00:00:00,120.52,120.96,119.02,119.48,36632.452698,4395240.47269811
2025-10-04 04:00:00,119.48,119.64,118.31,118.52,17263.587447,2055251.91195396
2025-10-04 08:00:00,118.52,118.93,117.68,117.84,14199.360628,1679933.8379157
2025-10-04 12:00:00,117.81,118.94,117.44,117.81,15878.505572,1876407.55019752
2025-10-04 16:00:00,117.82,119.28,117.79,118.8,10941.104614,1296528.96145762
2025-10-04 20:00:00,118.8,120.56,118.8,120.48,12964.985153,1553981.85758321
2025-10-05 00:00:00,120.49,124.14,120.19,122.68,54938.02098,6730442.10298585
2025-10-05 04:00:00,122.68,122.83,120.42,122.1,182059.796283,22093109.14928172
2025-10-05 08:00:00,122.11,122.55,119.64,120.09,57819.962329,7012128.29485375
2025-10-05 12:00:00,120.08,120.61,119.4,119.82,16039.69317,1925508.78671704
2025-10-05 16:00:00,119.82,120.33,118.35,118.56,14914.176296,1777873.76275368
2025-10-05 20:00:00,118.57,119.1,118.47,118.86,10995.203301,1306338.32025445
2025-10-06 00:00:00,118.86,121.25,118.05,120.66,39415.113619,4720314.40981042
2025-10-06 04:00:00,120.66,121.46,119.41,119.92,32649.534754,3932012.46166951
2025-10-06 08:00:00,119.91,120.92,119.75,119.96,20727.518889,2492979.93814895
2025-10-06 12:00:00,119.96,121.39,119.68,120.54,46854.86842,5642719.22291816
2025-10-06 16:00:00,120.54,120.67,118.75,119.9,52849.667595,6332218.71592626
2025-10-06 20:00:00,119.89,120.2,118.1,118.32,20945.799105,2489705.1881028
2025-10-07 00:00:00,118.33,119.05,117.68,118.2,18172.975345,2149663.30117935
2025-10-07 04:00:00,118.19,119.25,117.35,117.79,39489.263957,4670794.96772289
2025-10-07 08:00:00,117.79,118.71,117.42,118.2,14976.627507,1767561.89567526
2025-10-07 12:00:00,118.21,119.18,115.14,116.13,70748.255001,8290191.14644549
2025-10-07 16:00:00,116.13,116.83,115.4,115.97,21919.629377,2540924.41646197
2025-10-07 20:00:00,115.98,117.48,115.98,116.88,17445.96276,2041079.11395086
2025-10-08 00:00:00,116.91,118.31,116.52,116.96,19099.322787,2244729.23318424
2025-10-08 04:00:00,116.96,117.56,115.33,116.32,23847.944963,2772414.92105659
2025-10-08 08:00:00,116.33,117.38,115.76,116.22,15807.830825,1842168.66703717
2025-10-08 12:00:00,116.23,117.66,115.8,116.37,18090.189501,2111875.87783722
2025-10-08 16:00:00,116.37,119.59,116.21,118.67,43872.747903,5203762.02343048
2025-10-08 20:00:00,118.67,118.85,117.75,118.65,17695.774356,2093595.65483951
2025-10-09 00:00:00,118.64,119.79,116.87,118.44,32715.595434,3875191.86982877
2025-10-09 04:00:00,118.43,119.69,117.21,117.32,43380.020875,5146010.7211108
2025-10-09 08:00:00,117.32,117.33,115.42,116.69,50124.938914,5824885.41857408
2025-10-09 12:00:00,116.68,119.15,116.63,118.31,88888.52808,10502057.79199591
2025-10-09 16:00:00,118.31,119.02,115.58,118.99,29618.389451,3475606.3956493
2025-10-09 20:00:00,119.0,128.07,118.4,125.86,140198.017882,17453345.00966456
2025-10-10 00:00:00,125.87,132.76,125.66,131.24,198937.668271,25731797.43621788
2025-10-10 04:00:00,131.22,132.15,125.84,128.32,237846.086753,30701966.39160358
2025-10-10 08:00:00,128.33,133.12,128.17,132.18,113939.178003,14869542.64784634
2025-10-10 12:00:00,132.18,135.86,125.93,127.1,327914.325161,43113222.61715355
2025-10-10 16:00:00,127.09,129.26,125.0,126.78,178618.91649,22677336.26551013
2025-10-10 20:00:00,126.78,127.64,51.73,96.82,1442434.912129,139133106.59688568
2025-10-11 00:00:00,96.82,102.5,94.36,100.55,496197.764641,48384126.86018364
2025-10-11 04:00:00,100.49,100.95,97.65,98.44,261555.404396,25971542.15643778
2025-10-11 08:00:00,98.45,100.68,97.3,98.12,122423.306692,12104266.22629063
2025-10-11 12:00:00,98.11,98.17,95.32,96.04,87645.550195,8464562.29855427
2025-10-11 16:00:00,96.04,97.99,93.13,93.75,136073.047376,13085227.38326403
2025-10-11 20:00:00,93.74,94.27,90.06,93.32,79174.460254,7330917.3712991
2025-10-12 00:00:00,93.33,94.31,91.62,93.77,60255.342825,5598666.27018334
2025-10-12 04:00:00,93.77,96.58,93.54,95.26,74151.327198,7072786.3040653
2025-10-12 08:00:00,95.29,95.96,94.0,95.61,68454.046426,6520161.76360446
2025-10-12 12:00:00,95.58,98.6,94.13,98.2,188646.904396,18335128.28803739
2025-10-12 16:00:00,98.21,101.24,97.73,100.83,169070.477772,16784294.8911044
2025-10-12 20:00:00,100.85,102.14,98.0,98.99,128942.645586,12853578.74612543
2025-10-13 00:00:00,98.96,100.1,97.65,99.01,101566.507678,10049366.78406791
2025-10-13 04:00:00,99.02,99.15,95.8,97.39,112040.051393,10913100.40194268
2025-10-13 08:00:00,97.4,98.65,94.81,96.33,92653.876751,9006802.61899827
2025-10-13 12:00:00,96.29,98.8,95.63,97.86,110083.221623,10700723.83453632
2025-10-13 16:00:00,97.87,100.45,97.26,100.24,67305.854692,6663541.48825999
2025-10-13 20:00:00,100.21,101.37,99.12,99.44,58374.883979,5850990.33196956
2025-10-14 00:00:00,99.45,100.51,97.79,98.17,76381.553559,7558991.36007849
2025-10-14 04:00:00,98.2,98.4,91.8,93.68,133653.34657,12680121.66758656
2025-10-14 08:00:00,93.68,95.0,91.89,93.23,80501.855731,7535785.89653635
2025-10-14 12:00:00,93.26,95.69,91.16,95.58,123479.924123,11497791.12085701
2025-10-14 16:00:00,95.59,98.22,94.15,98.13,196243.845463,18905217.05938531
2025-10-14 20:00:00,98.13,98.51,97.21,97.35,43280.137246,4234463.98050733
2025-10-15 00:00:00,97.35,98.37,96.51,97.2,65944.629252,6419630.24314022
2025-10-15 04:00:00,97.21,98.71,96.75,98.17,76030.181134,7450305.13086168
2025-10-15 08:00:00,98.18,99.94,96.81,97.05,74190.326703,7290974.02288709
2025-10-15 12:00:00,97.05,97.9,94.31,94.7,83976.263656,8072563.78788898
2025-10-15 16:00:00,94.71,95.41,93.38,94.47,47425.013159,4478865.19932052
2025-10-15 20:00:00,94.48,95.55,93.4,95.51,33904.398514,3206976.95873351
2025-10-16 00:00:00,95.54,96.37,94.58,94.8,24814.892963,2372256.16604893
2025-10-16 04:00:00,94.83,95.58,93.85,94.84,35288.289697,3344656.31363225
2025-10-16 08:00:00,94.87,96.25,92.05,96.04,95163.611628,8964940.61320203
2025-10-16 12:00:00,96.05,96.92,91.46,91.78,96527.030167,9134581.81308991
2025-10-16 16:00:00,91.78,93.24,89.61,90.52,106933.018956,9777778.15562328
2025-10-16 20:00:00,90.54,91.85,89.8,91.81,67910.854354,6160176.87993566
2025-10-17 00:00:00,91.81,93.14,91.53,92.14,24015.406546,2214677.99646206
2025-10-17 04:00:00,92.14,92.18,84.54,85.23,188351.409759,16603258.55137375
2025-10-17 08:00:00,85.24,88.13,84.26,87.64,132105.111873,11320450.69126685
2025-10-17 12:00:00,87.65,90.01,87.46,89.98,112285.333982,9944120.78163352
2025-10-17 16:00:00,90.0,91.18,89.5,90.59,45388.537398,4102580.43075963
2025-10-17 20:00:00,90.6,91.86,89.88,90.11,53014.413994,4831715.42636836
2025-10-18 00:00:00,90.12,91.5,89.98,90.52,43134.780202,3918065.4423836
2025-10-18 04:00:00,90.52,91.91,89.9,90.95,30605.552995,2782406.34022245
2025-10-18 08:00:00,90.97,91.67,90.65,91.49,35858.479794,3270102.10153564
2025-10-18 12:00:00,91.47,91.58,90.03,91.11,24395.871759,2213970.95852576
2025-10-18 16:00:00,91.11,92.18,90.45,91.96,17459.827906,1598746.970755
2025-10-18 20:00:00,91.93,92.2,91.47,91.72,12186.08607,1119112.80055318
2025-10-19 00:00:00,91.69,92.6,90.76,92.23,24343.815578,2230265.64398738
2025-10-19 04:00:00,92.24,92.64,91.69,91.86,23161.139984,2132060.70784269
2025-10-19 08:00:00,91.86,93.79,90.72,93.43,52679.431234,4867060.51066551
2025-10-19 12:00:00,93.43,94.63,92.89,94.15,43397.655089,4078490.45274626
2025-10-19 16:00:00,94.14,94.78,93.7,94.15,29301.242937,2758686.35945554
2025-10-19 20:00:00,94.15,94.38,93.15,93.32,18930.776357,1776392.14514984
2025-10-20 00:00:00,93.31,94.8,92.27,94.62,63163.209963,5880427.66688283
2025-10-20 04:00:00,94.64,95.8,94.4,95.08,34890.355463,3315049.89870766
2025-10-20 08:00:00,95.07,95.4,94.14,94.56,25691.154109,2432403.21074789
2025-10-20 12:00:00,94.56,95.73,94.33,94.85,23387.940263,2225222.10919274
2025-10-20 16:00:00,94.84,95.53,93.39,95.28,33275.917948,3139201.98171394
2025-10-20 20:00:00,95.28,95.4,93.98,94.01,18672.841513,1769843.1815599
2025-10-21 00:00:00,94.0,94.09,92.76,92.91,34644.718977,3234876.9481805
2025-10-21 04:00:00,92.91,93.23,91.65,93.04,48929.254178,4521265.79602637
2025-10-21 08:00:00,93.03,93.04,91.75,92.9,25558.112006,2358452.14832907
2025-10-21 12:00:00,92.91,96.66,92.41,96.29,83284.657162,7933160.48402739
2025-10-21 16:00:00,96.29,96.95,94.93,96.08,59761.5448,5750493.61962368
2025-10-21 20:00:00,96.08,96.15,92.4,92.47,74415.789936,7042974.55329339
2025-10-22 00:00:00,92.46,93.25,91.93,92.95,51775.22161,4795372.20647734
2025-10-22 04:00:00,92.93,93.44,91.9,93.17,43013.126065,3992346.21144113
2025-10-22 08:00:00,93.16,93.16,90.92,92.29,44274.350272,4073316.28421526
2025-10-22 12:00:00,92.28,93.71,91.88,92.89,59289.73941,5502144.12035571
2025-10-22 16:00:00,92.9,94.98,92.2,93.84,70644.365986,6629791.56941883
2025-10-22 20:00:00,93.84,94.01,89.94,91.88,84386.593381,7731975.10860353
2025-10-23 00:00:00,91.88,92.97,91.81,92.59,26982.203175,2494937.50574736
2025-10-23 04:00:00,92.6,94.02,92.13,93.32,31546.264751,2943434.77754636
2025-10-23 08:00:00,93.32,94.0,93.17,93.29,19291.828403,1804300.02511581
2025-10-23 12:00:00,93.29,94.49,92.56,94.03,26164.464617,2446889.7763959
2025-10-23 16:00:00,94.04,94.76,93.54,93.88,46428.333503,4363949.71007501
2025-10-23 20:00:00,93.86,94.06,92.91,94.02,13015.429276,1218129.22576498
2025-10-24 00:00:00,94.04,95.3,93.94,94.78,19968.037982,1890207.99337524
2025-10-24 04:00:00,94.76,96.13,94.4,96.08,39840.357394,3799780.93383448
2025-10-24 08:00:00,96.08,96.67,95.13,96.15,26223.450708,2514588.56021446
2025-10-24 12:00:00,96.17,97.46,94.92,95.24,88188.114602,8466107.09419374
2025-10-24 16:00:00,95.24,96.33,94.95,96.19,18782.091768,1797554.31026677
2025-10-24 20:00:00,96.2,97.07,96.12,96.47,14088.825672,1362439.86137099
2025-10-25 00:00:00,96.44,96.98,96.07,96.13,15952.514305,1538297.74615045
2025-10-25 04:00:00,96.13,97.0,95.87,96.55,12229.743879,1178131.68479405
2025-10-25 08:00:00,96.54,96.58,95.69,96.24,10568.675161,1016412.58389131
2025-10-25 12:00:00,96.23,96.47,95.98,96.11,13062.261421,1256571.57784026
2025-10-25 16:00:00,96.11,97.1,96.02,96.95,18697.730904,1803089.96279289
2025-10-25 20:00:00,96.96,97.04,96.5,96.92,7932.435161,768208.25496971
2025-10-26 00:00:00,96.95,97.07,96.39,96.45,21157.004792,2045802.89809485
2025-10-26 04:00:00,96.47,97.65,96.35,97.45,17446.079266,1694172.87287166
2025-10-26 08:00:00,97.45,98.79,97.45,98.65,27912.671677,2734707.74936743
2025-10-26 12:00:00,98.68,99.64,98.53,99.2,47056.080604,4659414.02703612
2025-10-26 16:00:00,99.21,99.52,98.88,99.23,22598.161646,2239117.53529737
2025-10-26 20:00:00,99.23,101.03,98.72,100.0,39158.410789,3918937.31985918
2025-10-27 00:00:00,100.0,100.94,99.89,100.03,39237.150962,3938419.12692376
2025-10-27 04:00:00,100.06,101.22,99.26,99.78,27114.050355,2718641.55105078
2025-10-27 08:00:00,99.79,99.93,98.36,99.25,42743.538112,4235260.24745602
2025-10-27 12:00:00,99.24,102.46,98.13,102.04,80930.874084,8115234.16531099
2025-10-27 16:00:00,102.05,103.09,101.39,102.01,69258.184731,7077602.98822473
2025-10-27 20:00:00,102.03,102.04,98.66,99.4,43502.097305,4358236.585703
2025-10-28 00:00:00,99.39,100.79,98.91,100.04,33596.488125,3350837.44208986
2025-10-28 04:00:00,100.04,106.94,99.15,102.46,156134.934284,16222483.53265903
2025-10-28 08:00:00,102.47,102.8,100.86,102.23,96294.550265,9802574.28494153
2025-10-28 12:00:00,102.22,102.82,97.06,99.1,158555.523587,15824570.51118313
2025-10-28 16:00:00,99.09,100.06,97.87,98.31,45514.205814,4513588.44878705
2025-10-28 20:00:00,98.3,98.3,95.31,96.63,68709.394936,6645205.95478746
2025-10-29 00:00:00,96.64,97.14,96.22,96.43,25368.095117,2451319.70444378
2025-10-29 04:00:00,96.43,98.79,96.32,98.7,32193.60938,3136828.23795689
2025-10-29 08:00:00,98.71,98.72,97.06,98.4,77753.985308,7623889.36042898
2025-10-29 12:00:00,98.4,100.71,97.72,98.19,127931.402692,12698440.43426049
2025-10-29 16:00:00,98.2,99.75,95.61,98.74,116933.08398,11479013.21326346
2025-10-29 20:00:00,98.73,99.86,98.28,98.52,53139.348164,5262116.38856239
2025-10-30 00:00:00,98.52,99.74,97.79,98.94,40585.847901,4015125.82745747
2025-10-30 04:00:00,98.93,98.99,95.65,98.73,72711.254343,7070002.18546188
2025-10-30 08:00:00,98.73,98.8,96.53,96.7,27600.626975,2690969.3931955
2025-10-30 12:00:00,96.7,97.08,91.68,92.14,123113.991329,11590830.69434536
2025-10-30 16:00:00,92.15,92.84,90.4,90.66,64456.592779,5907138.53287793
2025-10-30 20:00:00,90.66,93.47,90.44,93.39,51032.889,4690773.58283533
2025-10-31 00:00:00,93.39,94.54,92.96,93.87,39672.192507,3718308.0215684
2025-10-31 04:00:00,93.87,94.8,93.69,94.25,22503.602497,2119676.43363682
2025-10-31 08:00:00,94.26,95.06,93.95,95.02,23758.526672,2243871.44278417
2025-10-31 12:00:00,95.01,96.11,94.64,95.64,36214.998721,3452585.72648445
2025-10-31 16:00:00,95.63,96.26,93.98,96.14,35293.166896,3356221.17797635
2025-10-31 20:00:00,96.13,96.3,95.29,95.38,21752.51068,2083298.97320865
2025-11-01 00:00:00,95.38,96.24,95.03,96.13,24082.639317,2304674.7156254
2025-11-01 04:00:00,96.13,99.4,95.63,99.1,53822.564572,5251576.56618201
2025-11-01 08:00:00,99.09,99.32,97.83,98.68,99252.735852,9773505.28634372
2025-11-01 12:00:00,98.68,99.76,98.44,98.66,50858.732504,5035166.49824935
2025-11-01 16:00:00,98.69,99.8,98.48,99.74,29857.536278,2964560.53109493
2025-11-01 20:00:00,99.75,101.89,99.58,101.38,51771.156671,5202579.62570297
2025-11-02 00:00:00,101.35,101.5,99.43,99.53,53441.442114,5366261.79275195
2025-11-02 04:00:00,99.53,100.85,99.43,100.71,28049.436526,2807189.96897386
2025-11-02 08:00:00,100.72,101.24,99.85,100.87,65434.942908,6581630.71645948
2025-11-02 12:00:00,100.91,100.91,98.25,98.38,33719.824843,3343979.23099116
2025-11-02 16:00:00,98.39,98.62,97.49,98.29,22949.126842,2251366.82723868
2025-11-02 20:00:00,98.29,99.62,98.05,99.41,14202.389406,1403541.49408968
2025-11-03 00:00:00,99.43,99.75,93.9,94.12,74147.443333,7139655.52530483
2025-11-03 04:00:00,94.14,95.08,92.39,93.22,53028.578633,4972414.97496331
2025-11-03 08:00:00,93.2,93.9,91.46,91.73,54321.462945,5025335.86015924
2025-11-03 12:00:00,91.73,92.79,85.32,87.69,239292.529838,21339955.8604148
2025-11-03 16:00:00,87.7,90.08,87.34,87.37,79123.094043,7018797.82212346
2025-11-03 20:00:00,87.41,87.74,86.2,87.44,49818.272107,4339289.39074951
2025-11-04 00:00:00,87.42,89.89,86.93,89.48,47783.562504,4246970.20070659
2025-11-04 04:00:00,89.48,91.2,85.2,86.17,124170.975653,10870216.75501149
2025-11-04 08:00:00,86.17,87.84,85.6,87.09,60834.579321,5289618.63606706
2025-11-04 12:00:00,87.09,89.02,85.94,87.5,75866.225728,6630176.2162344
2025-11-04 16:00:00,87.52,88.33,82.4,83.51,113270.657367,9618211.73551108
2025-11-04 20:00:00,83.52,86.0,79.66,85.21,188303.560143,15538435.68936116
2025-11-05 00:00:00,85.21,87.26,82.0,86.99,92289.838253,7823669.03854341
2025-11-05 04:00:00,86.99,87.72,86.41,87.01,35891.524952,3122995.83365105
2025-11-05 08:00:00,87.03,87.07,85.36,86.57,31568.726968,2724947.56787872
2025-11-05 12:00:00,86.57,87.82,86.05,87.79,59886.117224,5202028.13092243
2025-11-05 16:00:00,87.79,89.31,87.01,89.01,43707.715876,3861265.40434175
2025-11-05 20:00:00,89.02,89.95,88.43,89.38,22358.288887,1992066.32370702
2025-11-06 00:00:00,89.38,89.38,87.56,88.49,38094.726816,3367634.64761516
2025-11-06 04:00:00,88.5,88.74,86.57,86.77,25598.117475,2239175.72992681
2025-11-06 08:00:00,86.77,87.7,86.54,87.4,26885.185846,2342822.0674024
2025-11-06 12:00:00,87.4,88.56,86.27,86.63,63182.776975,5521167.1152552
2025-11-06 16:00:00,86.64,88.14,85.2,87.47,51684.388465,4489424.62464123
2025-11-06 20:00:00,87.47,87.91,86.31,86.99,26566.690471,2312209.93378244
2025-11-07 00:00:00,87.01,89.21,86.91,89.02,42416.30304,3738146.62962542
2025-11-07 04:00:00,89.02,90.85,88.37,90.75,34951.813982,3138190.97554007
2025-11-07 08:00:00,90.75,90.85,86.93,87.94,57766.796268,5131304.77273712
2025-11-07 12:00:00,87.95,94.44,85.98,93.12,129670.769164,11701753.87418126
2025-11-07 16:00:00,93.12,104.83,92.44,100.67,406732.374829,41188117.05541496
2025-11-07 20:00:00,100.67,103.67,99.68,101.87,66297.495195,6738706.39038805
2025-11-08 00:00:00,101.88,102.88,99.98,100.89,109529.464529,11138902.67494177
2025-11-08 04:00:00,100.89,102.58,98.44,99.9,75576.494609,7597136.47040926
2025-11-08 08:00:00,99.93,100.8,98.12,99.77,69038.318805,6870896.92453544
2025-11-08 12:00:00,99.75,100.91,98.3,98.72,59845.854579,5964960.78719025
2025-11-08 16:00:00,98.67,101.28,98.05,100.66,64941.239854,6477054.67840929
2025-11-08 20:00:00,100.69,107.6,100.57,106.93,81645.458532,8466419.28107929
2025-11-09 00:00:00,106.92,109.86,99.54,100.04,276372.663638,29036770.66502897
2025-11-09 04:00:00,100.07,102.0,99.42,101.52,66477.048513,6691192.13201227
2025-11-09 08:00:00,101.54,106.51,98.79,102.01,192570.311262,19897083.86016505
2025-11-09 12:00:00,102.02,109.85,100.91,106.84,222788.319509,23627804.07617388
2025-11-09 16:00:00,106.78,109.68,104.51,109.53,91351.101456,9753449.2439623
2025-11-09 20:00:00,109.48,113.68,108.9,110.28,128364.862775,14259901.2653678
2025-11-10 00:00:00,110.27,112.23,107.55,108.35,124913.504731,13706098.54281975
2025-11-10 04:00:00,108.33,109.18,107.13,107.27,69996.268296,7570879.43080916
2025-11-10 08:00:00,107.28,108.63,106.78,107.17,53553.146333,5762934.76079039
2025-11-10 12:00:00,107.17,109.74,105.26,107.46,99599.216752,10670515.65818152
2025-11-10 16:00:00,107.41,109.11,106.43,107.59,67744.101996,7298917.40367754
2025-11-10 20:00:00,107.6,108.23,103.53,104.24,74806.446652,7888234.91702192
2025-11-11 00:00:00,104.24,106.98,102.8,105.22,96139.563424,10064860.03540433
2025-11-11 04:00:00,105.21,105.48,102.06,102.13,77923.059876,8062241.9217881
2025-11-11 08:00:00,102.12,103.3,101.89,102.67,37782.202136,3871428.54808396
2025-11-11 12:00:00,102.68,103.04,99.7,101.02,104585.12661,10622256.87243167
2025-11-11 16:00:00,101.02,101.79,99.44,100.21,46157.356567,4643187.18372544
2025-11-11 20:00:00,100.21,100.77,99.02,99.66,52431.419269,5235561.00692166
2025-11-12 00:00:00,99.67,100.27,98.79,99.45,102899.632388,10243988.10503242
2025-11-12 04:00:00,99.46,100.2,99.22,99.61,15996.225243,1593366.5870784
2025-11-12 08:00:00,99.61,103.02,99.61,102.05,84283.995582,8584181.8994625
2025-11-12 12:00:00,102.04,104.28,99.64,100.04,98136.69103,10002825.30858172
2025-11-12 16:00:00,100.03,100.3,94.91,97.16,125787.007318,12168769.52240029
2025-11-12 20:00:00,97.16,98.87,96.88,97.61,42926.68357,4206778.0818195
2025-11-13 00:00:00,97.61,100.01,97.5,99.04,39164.281561,3872321.82774563
2025-11-13 04:00:00,99.04,101.78,98.5,100.59,53178.710304,5348339.36791077
2025-11-13 08:00:00,100.59,101.06,98.98,100.21,40226.184105,4016160.18024261
2025-11-13 12:00:00,100.22,102.7,98.62,99.52,81237.178063,8184735.36479772
2025-11-13 16:00:00,99.55,100.12,93.58,94.99,101512.7833,9786621.77869815
2025-11-13 20:00:00,94.98,97.56,94.22,96.57,57209.394634,5484182.63952191
2025-11-14 00:00:00,96.59,97.3,95.53,96.36,33717.522821,3245534.22698945
2025-11-14 04:00:00,96.37,99.11,93.26,98.2,115173.756505,11067962.12495478
2025-11-14 08:00:00,98.2,98.24,95.33,96.11,55545.296814,5364373.28604094
2025-11-14 12:00:00,96.06,97.84,93.7,96.89,106796.010211,10212272.74906177
2025-11-14 16:00:00,96.92,100.17,95.83,99.96,98156.358519,9576985.66229621
2025-11-14 20:00:00,99.96,100.18,96.14,97.7,88327.659416,8691861.22984513
2025-11-15 00:00:00,97.72,106.55,97.62,104.03,190855.215742,19621006.42350009
2025-11-15 04:00:00,104.04,106.04,102.34,102.8,98412.083331,10230725.3646056
2025-11-15 08:00:00,102.8,103.44,101.4,102.8,57680.143653,5906983.62280496
2025-11-15 12:00:00,102.8,109.54,102.3,104.2,157475.174726,16774640.32198933
2025-11-15 16:00:00,104.18,104.39,102.21,103.36,39464.15827,4079568.922846
2025-11-15 20:00:00,103.37,103.58,101.63,101.78,29711.627855,3041618.21675187
2025-11-16 00:00:00,101.73,103.39,99.88,102.51,62881.038134,6380368.67410122
2025-11-16 04:00:00,102.51,103.0,101.36,102.02,31388.817832,3206840.67012599
2025-11-16 08:00:00,102.03,102.77,100.17,100.55,42724.788657,4339553.23993071
2025-11-16 12:00:00,100.6,101.83,97.7,97.8,69700.038583,6957238.47319416
2025-11-16 16:00:00,97.85,98.67,95.07,95.94,87874.786692,8513153.03569918
2025-11-16 20:00:00,95.97,97.0,94.18,95.79,57865.289216,5523104.15283807
2025-11-17 00:00:00,95.8,97.91,95.12,97.2,39779.022089,3853474.77116884
2025-11-17 04:00:00,97.2,97.57,96.2,97.05,35969.403846,3489765.18832412
2025-11-17 08:00:00,97.06,97.25,96.05,96.55,25568.630437,2472843.85060013
2025-11-17 12:00:00,96.56,97.48,93.72,94.69,81184.743017,7738089.35770591
2025-11-17 16:00:00,94.71,95.96,91.53,92.01,76944.407951,7202226.02607612
2025-11-17 20:00:00,91.98,92.67,90.61,91.27,50042.148079,4579924.35941242
2025-11-18 00:00:00,91.27,93.22,90.48,93.12,66517.861016,6109697.35925776
2025-11-18 04:00:00,93.14,95.87,91.99,95.46,58227.704751,5462341.42855791
2025-11-18 08:00:00,95.47,96.5,94.35,95.29,38307.671978,3659411.03371903
2025-11-18 12:00:00,95.3,97.54,94.35,96.36,68854.066366,6607108.46252828
2025-11-18 16:00:00,96.36,97.37,94.65,95.11,41925.60208,4025506.3607426
2025-11-18 20:00:00,95.12,96.61,94.77,95.66,23263.168209,2223723.50796969
2025-11-19 00:00:00,95.67,95.95,94.41,94.51,27539.739252,2623500.7803718
2025-11-19 04:00:00,94.49,94.99,92.33,94.49,43076.572489,4037253.44549494
2025-11-19 08:00:00,94.47,94.9,93.43,93.52,20784.199465,1952566.93472287
2025-11-19 12:00:00,93.52,94.6,91.52,91.73,56974.591411,5295492.32701769
2025-11-19 16:00:00,91.69,92.14,88.88,89.91,84726.793616,7641674.7267657
2025-11-19 20:00:00,89.93,93.25,89.67,92.91,38912.816676,3569729.83946678
2025-11-20 00:00:00,92.91,93.84,92.27,93.22,60220.356751,5608628.84418909
2025-11-20 04:00:00,93.22,93.73,92.32,93.12,22961.570954,2135383.05961013
2025-11-20 08:00:00,93.1,93.13,92.12,92.63,12574.804446,1164027.85246791
2025-11-20 12:00:00,92.62,93.2,90.29,90.4,51161.578362,4705018.84808749
2025-11-20 16:00:00,90.39,90.49,86.0,87.08,115486.114295,10100819.45450827
2025-11-20 20:00:00,87.04,89.08,86.4,87.26,31821.559989,2793406.61885756
2025-11-21 00:00:00,87.24,88.66,86.43,87.06,39973.836502,3501550.49816066
2025-11-21 04:00:00,87.05,87.58,80.32,84.65,133519.705531,11222972.77981535
2025-11-21 08:00:00,84.63,85.93,81.75,81.76,84046.201545,7013008.53793568
2025-11-21 12:00:00,81.77,84.44,80.04,82.05,119729.621555,9898519.56272944
2025-11-21 16:00:00,82.04,84.54,81.03,82.99,69077.305214,5717016.97594029
2025-11-21 20:00:00,82.98,83.25,80.35,82.65,45521.921134,3737905.27236037
2025-11-22 00:00:00,82.64,83.92,82.57,83.26,29613.310542,2464565.77643242
2025-11-22 04:00:00,83.29,83.54,81.7,83.22,26695.984618,2205824.98396233
2025-11-22 08:00:00,83.21,83.22,81.28,82.9,30786.036754,2528391.94331887
2025-11-22 12:00:00,82.9,82.91,80.82,81.52,30427.373152,2488933.00062065
2025-11-22 16:00:00,81.53,82.55,81.46,82.08,12224.394593,1003125.65769085
2025-11-22 20:00:00,82.11,83.06,81.31,82.13,13559.798492,1113998.93146529
2025-11-23 00:00:00,82.12,84.16,81.85,83.73,60227.93543,4998979.6936972
2025-11-23 04:00:00,83.72,84.38,82.53,83.15,53338.924164,4461333.29538264
2025-11-23 08:00:00,83.13,83.68,82.6,83.11,17968.016057,1494712.63903703
2025-11-23 12:00:00,83.11,84.15,82.88,83.77,27473.824943,2295908.4999674
2025-11-23 16:00:00,83.77,84.18,82.93,83.85,13302.832186,1112279.47496696
2025-11-23 20:00:00,83.85,84.44,82.85,83.09,17655.762335,1478188.98324952
2025-11-24 00:00:00,83.07,85.0,82.19,84.2,39065.41396,3266414.26573703
2025-11-24 04:00:00,84.21,84.92,83.04,83.89,30348.976706,2545958.0249344
2025-11-24 08:00:00,83.82,84.5,82.64,83.22,29865.670341,2492429.17668201
2025-11-24 12:00:00,83.21,84.53,82.25,84.18,34919.929674,2905903.6002386
2025-11-24 16:00:00,84.19,86.97,84.13,86.03,62167.652553,5340937.91646943
2025-11-24 20:00:00,86.08,87.24,85.43,85.49,41375.452503,3569641.5035837
2025-11-25 00:00:00,85.49,86.51,85.24,85.39,36139.028799,3102288.95121023
2025-11-25 04:00:00,85.4,85.8,84.02,84.1,38050.473037,3232341.69167882
2025-11-25 08:00:00,84.12,84.59,83.48,83.74,35060.603245,2947439.66604836
2025-11-25 12:00:00,83.76,84.58,83.03,84.2,31384.154402,2635132.31367723
2025-11-25 16:00:00,84.21,86.75,84.21,85.42,36395.105222,3114211.60684044
2025-11-25 20:00:00,85.43,86.12,84.14,85.31,37179.710564,3172592.17948849
2025-11-26 00:00:00,85.31,86.19,84.53,84.53,19575.19779,1667994.40633191
2025-11-26 04:00:00,84.55,85.49,84.45,85.37,15283.102467,1300009.96674363
2025-11-26 08:00:00,85.37,85.46,83.91,84.18,16065.648767,1359665.09868195
2025-11-26 12:00:00,84.17,84.77,83.32,83.83,28992.79258,2436521.03747691
2025-11-26 16:00:00,83.82,87.08,83.82,86.59,53827.812531,4628769.12895379
2025-11-26 20:00:00,86.59,87.71,86.12,86.85,24154.994357,2101443.5577973
2025-11-27 00:00:00,86.85,87.17,85.86,86.17,27565.94738,2387520.89378789
2025-11-27 04:00:00,86.19,86.74,86.15,86.47,20088.201896,1736786.29788287
2025-11-27 08:00:00,86.48,87.32,86.04,86.43,17606.795979,1526119.76405057
2025-11-27 12:00:00,86.44,87.28,86.03,87.22,22767.654074,1970096.33390993
2025-11-27 16:00:00,87.24,87.63,86.84,87.3,12590.847368,1097581.93379896
2025-11-27 20:00:00,87.31,87.78,86.45,86.61,13872.57241,1210294.05829225
2025-11-28 00:00:00,86.6,86.74,84.68,85.31,19484.492419,1664818.10712438
2025-11-28 04:00:00,85.3,85.45,84.43,84.64,17668.871062,1498681.11225398
2025-11-28 08:00:00,84.63,86.29,84.59,85.08,23507.610476,2007975.6920391
2025-11-28 12:00:00,85.07,86.76,84.7,85.97,21797.932192,1868661.64640797
2025-11-28 16:00:00,85.98,86.0,83.15,84.77,34984.761914,2947818.55433022
2025-11-28 20:00:00,84.77,84.89,84.22,84.24,14122.257446,1194502.34439911
2025-11-29 00:00:00,84.23,84.96,84.11,84.4,8294.455781,700753.83809022
2025-11-29 04:00:00,84.42,85.7,84.0,84.23,20581.31816,1746845.25851144
2025-11-29 08:00:00,84.23,84.7,84.01,84.65,8168.419405,689033.70848763
2025-11-29 12:00:00,84.65,84.69,83.93,84.4,9091.304368,766009.84018326
2025-11-29 16:00:00,84.42,84.52,83.13,83.72,16360.057075,1368853.70857365
2025-11-29 20:00:00,83.73,84.24,83.53,83.92,5903.11599,495636.72063968
2025-11-30 00:00:00,83.94,84.51,83.4,84.15,11437.523056,961782.98510477
2025-11-30 04:00:00,84.16,84.24,83.51,84.12,6632.375851,556727.88166451
2025-11-30 08:00:00,84.13,84.69,83.75,83.9,7525.981596,633617.66416957
2025-11-30 12:00:00,83.91,84.84,83.75,83.92,26363.109869,2219202.69281769
2025-11-30 16:00:00,83.93,84.51,83.85,83.99,8342.975599,702113.71971969
2025-11-30 20:00:00,83.97,84.27,82.3,82.36,20513.674086,1711555.78828962
2025-12-01 00:00:00,82.39,82.51,77.7,78.04,109752.814782,8714379.11931628
2025-12-01 04:00:00,78.04,78.16,76.96,77.51,34588.980708,2677549.49326076
2025-12-01 08:00:00,77.52,78.17,77.37,77.45,12595.543602,979151.49193919
2025-12-01 12:00:00,77.48,77.52,74.7,75.64,54445.598259,4145595.52508664
2025-12-01 16:00:00,75.65,76.24,75.05,76.03,22402.567723,1693834.68796832
2025-12-01 20:00:00,76.04,77.96,76.04,77.56,21245.677955,1638150.06196544
2025-12-02 00:00:00,77.56,78.5,77.29,77.85,22965.188935,1786374.5559058
2025-12-02 04:00:00,77.85,78.07,77.39,78.05,10349.866391,804976.49298789
2025-12-02 08:00:00,78.05,78.78,77.32,78.6,14313.659861,1117439.336135
2025-12-02 12:00:00,78.63,83.06,78.32,82.48,78733.340926,6328545.30932551
2025-12-02 16:00:00,82.5,83.2,81.75,82.78,32241.73279,2655125.46744324
2025-12-02 20:00:00,82.79,83.3,82.25,82.82,18901.92616,1565075.63497383
2025-12-03 00:00:00,82.82,84.2,82.55,84.0,22311.931948,1863049.83639502
2025-12-03 04:00:00,84.01,85.97,83.73,85.15,49918.601845,4247153.14401568
2025-12-03 08:00:00,85.16,85.87,84.9,85.46,20776.102281,1770316.48195953
2025-12-03 12:00:00,85.46,85.98,83.69,85.14,38701.561591,3286829.04733345
2025-12-03 16:00:00,85.15,86.18,84.66,85.76,22541.824144,1925587.12542094
2025-12-03 20:00:00,85.77,86.74,85.57,85.84,21269.774309,1832481.07111922
2025-12-04 00:00:00,85.85,86.79,85.51,86.15,19063.334342,1642965.8429671
2025-12-04 04:00:00,86.19,86.2,85.21,85.58,21677.828484,1860161.87887771
2025-12-04 08:00:00,85.6,85.74,84.0,84.07,19452.997373,1649722.3745183
2025-12-04 12:00:00,84.07,84.83,83.3,84.49,25934.160833,2180403.62812355
2025-12-04 16:00:00,84.48,84.67,82.18,83.32,27065.132878,2260454.39274242
2025-12-04 20:00:00,83.32,84.14,83.18,83.53,10205.34904,854389.38386726
2025-12-05 00:00:00,83.54,84.12,83.29,83.41,13457.580122,1126782.82683238
2025-12-05 04:00:00,83.41,83.9,83.06,83.59,13928.714667,1162202.40928317
2025-12-05 08:00:00,83.6,83.65,81.72,82.22,25278.130066,2084547.47275489
2025-12-05 12:00:00,82.22,82.98,81.58,82.01,21762.713284,1789684.13146299
2025-12-05 16:00:00,82.01,82.04,79.62,80.41,36460.102013,2939407.67339522
2025-12-05 20:00:00,80.41,80.49,79.8,80.42,9141.846491,732836.60241412
2025-12-06 00:00:00,80.42,80.9,79.94,80.66,5940.351116,477531.86466317
2025-12-06 04:00:00,80.67,80.71,80.06,80.18,4268.632542,343053.66405824
2025-12-06 08:00:00,80.18,81.29,79.93,81.13,10141.614814,818318.31446622
2025-12-06 12:00:00,81.12,82.01,80.85,80.85,28004.93354,2279338.40631626
2025-12-06 16:00:00,80.9,82.48,80.84,81.64,29732.504618,2429505.5719135
2025-12-06 20:00:00,81.66,82.07,81.3,81.69,6842.243048,559090.98682772
2025-12-07 00:00:00,81.7,82.32,81.7,82.18,15065.013226,1234836.05647013
2025-12-07 04:00:00,82.19,82.75,81.92,82.38,9613.830142,791088.59990592
2025-12-07 08:00:00,82.38,82.46,81.35,81.7,23760.73154,1944119.51562084
2025-12-07 12:00:00,81.69,82.38,79.9,81.62,29317.140054,2372249.39446415
2025-12-07 16:00:00,81.63,83.73,81.03,83.25,27251.321674,2245597.73533674
2025-12-07 20:00:00,83.26,83.34,80.14,81.44,25366.50928,2073403.86773556
2025-12-08 00:00:00,81.44,82.96,81.01,82.44,17170.352291,1411838.83840423
2025-12-08 04:00:00,82.46,83.86,82.46,83.23,23797.596934,1983495.67131324
2025-12-08 08:00:00,83.22,84.17,83.19,83.6,22508.087307,1882819.69037488
2025-12-08 12:00:00,83.59,84.0,82.74,83.36,26812.847309,2239590.44997624
2025-12-08 16:00:00,83.36,84.24,82.99,83.24,15643.234721,1308980.34418315
2025-12-08 20:00:00,83.26,84.46,83.26,83.89,7937.962279,666325.55544645
2025-12-09 00:00:00,83.89,84.36,82.76,83.52,13877.435051,1157939.80131929
2025-12-09 04:00:00,83.56,83.6,82.46,83.41,23652.065385,1964619.68778266
2025-12-09 08:00:00,83.43,83.82,82.81,83.33,14282.53704,1190005.24947469
2025-12-09 12:00:00,83.33,85.91,83.22,85.87,34618.905108,2928306.68619601
2025-12-09 16:00:00,85.87,87.54,85.87,86.4,47383.123665,4113923.73748462
2025-12-09 20:00:00,86.41,86.46,84.88,85.85,14513.142587,1246032.25452719
2025-12-10 00:00:00,85.85,85.98,84.45,84.66,21206.335523,1803229.77076811
2025-12-10 04:00:00,84.65,84.87,83.97,84.25,16731.735862,1412039.09461819
2025-12-10 08:00:00,84.25,85.08,83.74,84.17,18402.90236,1550512.89017853
2025-12-10 12:00:00,84.16,84.58,83.93,84.21,11006.342363,927279.63252114
2025-12-10 16:00:00,84.21,85.91,84.05,85.66,31721.556476,2701028.98682601
2025-12-10 20:00:00,85.68,87.08,84.21,84.33,33587.812877,2874949.32909425
2025-12-11 00:00:00,84.3,84.58,80.25,80.66,85462.009763,6998297.02317739
2025-12-11 04:00:00,80.65,81.68,80.32,80.89,14976.982598,1216946.04486924
2025-12-11 08:00:00,80.88,81.24,80.44,81.0,11490.217315,929612.38186693
2025-12-11 12:00:00,80.99,81.5,80.52,81.05,23799.235433,1924924.08221669
2025-12-11 16:00:00,81.04,82.36,80.58,81.68,14076.171362,1147419.37414625
2025-12-11 20:00:00,81.66,83.49,81.64,82.95,13024.395919,1077704.54831607
2025-12-12 00:00:00,82.94,83.4,82.25,82.94,8501.508505,705550.50763874
2025-12-12 04:00:00,82.93,83.65,82.57,83.4,7533.1214,625958.40477648
2025-12-12 08:00:00,83.4,84.4,83.13,84.09,15729.867458,1317975.52744479
2025-12-12 12:00:00,84.06,84.46,81.0,81.39,29621.47469,2455238.96004388
2025-12-12 16:00:00,81.36,82.2,80.5,81.3,26829.276105,2181717.21755617
2025-12-12 20:00:00,81.32,82.15,81.24,81.95,6424.502517,524817.80582418
2025-12-13 00:00:00,81.95,82.45,81.77,82.36,9317.319794,764384.67304856
2025-12-13 04:00:00,82.36,82.43,81.63,81.84,11248.814006,921991.22054812
2025-12-13 08:00:00,81.85,82.28,81.59,81.63,11228.067127,919424.64102167
2025-12-13 12:00:00,81.63,81.9,81.23,81.75,7930.610559,646522.03323623
2025-12-13 16:00:00,81.75,81.99,81.29,81.39,7224.274375,589844.63808275
2025-12-13 20:00:00,81.41,81.59,80.78,81.46,4905.007563,397957.12188589
2025-12-14 00:00:00,81.47,82.02,81.25,81.52,5944.086038,485266.76534189
2025-12-14 04:00:00,81.5,81.56,80.74,81.07,5450.740917,441619.62402148
2025-12-14 08:00:00,81.07,81.26,79.41,80.03,16011.877777,1286822.15147402
2025-12-14 12:00:00,80.03,80.53,78.79,78.9,18845.722422,1500128.70987041
2025-12-14 16:00:00,78.9,79.54,78.81,79.14,8361.275357,661642.53940596
2025-12-14 20:00:00,79.13,79.5,78.0,78.97,18062.531587,1420711.6931225
2025-12-15 00:00:00,78.97,81.01,78.96,80.37,14921.289523,1193754.69181879
2025-12-15 04:00:00,80.38,81.31,80.38,80.77,11396.793691,921901.66770289
2025-12-15 08:00:00,80.77,81.44,80.68,81.05,17905.436972,1450526.21122249
2025-12-15 12:00:00,81.05,81.12,77.5,77.88,52412.376873,4154731.52185134
2025-12-15 16:00:00,77.85,78.22,75.78,77.01,38191.53108,2940686.79254907
2025-12-15 20:00:00,76.99,77.81,76.23,77.53,11321.054281,870730.13038741
2025-12-16 00:00:00,77.53,77.87,76.82,77.86,11942.072001,923918.52062876
2025-12-16 04:00:00,77.86,78.08,76.46,77.18,13093.620694,1013774.82191292
2025-12-16 08:00:00,77.18,79.12,77.13,78.98,14134.875338,1105398.1544943
2025-12-16 12:00:00,78.98,79.58,77.2,79.43,37683.608789,2960127.89231938
2025-12-16 16:00:00,79.43,79.86,78.6,79.2,20257.967879,1604375.4116222
2025-12-16 20:00:00,79.2,79.47,78.77,79.08,8887.79496,703194.61696602
2025-12-17 00:00:00,79.08,79.74,78.83,79.15,5681.457545,450192.54845831
2025-12-17 04:00:00,79.15,79.4,78.45,78.87,7277.867568,574754.25605178
2025-12-17 08:00:00,78.86,78.95,77.92,78.79,9841.028493,771854.3991835
2025-12-17 12:00:00,78.8,81.08,78.03,78.3,46827.619628,3720982.54854018
2025-12-17 16:00:00,78.26,78.66,75.16,76.19,43163.877708,3309464.14184255
2025-12-17 20:00:00,76.19,76.72,75.37,76.02,10176.042999,772726.85563024
2025-12-18 00:00:00,76.03,76.42,75.52,75.77,11480.651261,871039.34031703
2025-12-18 04:00:00,75.79,76.03,74.8,75.36,14111.099611,1062469.0007724
2025-12-18 08:00:00,75.37,76.36,75.36,76.2,11421.520819,867364.94279185
2025-12-18 12:00:00,76.22,78.52,75.94,77.67,41686.838657,3228176.14128453
2025-12-18 16:00:00,77.67,77.89,72.67,72.78,58918.092658,4402804.99394903
2025-12-18 20:00:00,72.78,74.69,72.73,74.29,19055.033316,1407320.21386102
2025-12-19 00:00:00,74.29,76.24,73.6,75.74,18515.289813,1387154.40807094
2025-12-19 04:00:00,75.77,76.56,75.24,75.85,20103.978295,1523225.63268616
2025-12-19 08:00:00,75.87,76.31,75.62,76.24,10644.922048,809467.23003672
2025-12-19 12:00:00,76.25,77.44,75.88,76.24,27370.862082,2091533.43282194
2025-12-19 16:00:00,76.23,77.74,76.02,77.67,16242.296279,1247807.8523896
2025-12-19 20:00:00,77.66,77.99,77.32,77.48,4636.84707,360216.16516246
2025-12-20 00:00:00,77.48,77.67,76.93,76.93,7701.950993,595702.65045809
2025-12-20 04:00:00,76.94,77.15,76.45,77.12,3397.288002,260728.30350028
2025-12-20 08:00:00,77.11,77.74,77.1,77.38,7008.914419,542451.86994879
2025-12-20 12:00:00,77.38,77.39,76.68,76.71,6577.991529,505901.4435884
2025-12-20 16:00:00,76.71,77.44,76.59,77.32,3888.890445,299139.57056564
2025-12-20 20:00:00,77.33,79.45,77.32,77.84,16770.215596,1317272.31685083
2025-12-21 00:00:00,77.85,78.03,76.81,77.21,7037.240227,545124.87884001
2025-12-21 04:00:00,77.23,77.48,77.0,77.18,5615.033248,433317.38127395
2025-12-21 08:00:00,77.17,77.91,76.94,77.44,5731.068376,444111.89832517
2025-12-21 12:00:00,77.44,77.61,75.46,75.97,15689.746371,1195344.28616359
2025-12-21 16:00:00,75.92,76.8,75.82,76.63,10054.525807,767276.23892598
2025-12-21 20:00:00,76.63,76.97,75.99,76.79,5358.370529,409737.00495062
2025-12-22 00:00:00,76.8,78.3,76.44,77.99,20589.439147,1593803.62312313
2025-12-22 04:00:00,78.0,78.28,77.43,77.8,10808.214541,840659.64658363
2025-12-22 08:00:00,77.81,78.34,77.69,77.93,7979.194162,621907.52192484
2025-12-22 12:00:00,77.95,79.5,77.73,79.32,25900.603647,2033339.47379388
2025-12-22 16:00:00,79.32,79.43,76.95,77.1,20597.944563,1608836.14314248
2025-12-22 20:00:00,77.09,77.28,76.36,77.02,83485.100328,6411759.58258978
2025-12-23 00:00:00,77.03,77.43,76.16,76.78,11521.233227,885534.22960767
2025-12-23 04:00:00,76.78,77.08,76.3,76.8,10915.124453,837322.65192802
2025-12-23 08:00:00,76.79,77.02,76.32,76.93,8089.033517,620130.94412067
2025-12-23 12:00:00,76.92,77.08,75.54,76.71,17859.648955,1364638.8393083
2025-12-23 16:00:00,76.69,77.72,76.42,77.23,17794.353271,1372654.77519292
2025-12-23 20:00:00,77.25,77.97,76.64,77.02,7742.317227,597849.86495577
2025-12-24 00:00:00,77.02,77.42,76.0,76.6,8812.738609,676514.46846626
2025-12-24 04:00:00,76.6,76.9,75.58,75.66,9295.060454,706988.8977973
2025-12-24 08:00:00,75.68,76.43,75.3,76.16,6603.967547,500663.26048331
2025-12-24 12:00:00,76.16,76.85,75.23,75.97,19309.351623,1469286.26445663
2025-12-24 16:00:00,75.92,76.14,75.41,75.78,8795.305301,665900.05161389
2025-12-24 20:00:00,75.8,76.14,75.44,75.81,9335.354207,706815.4717628
2025-12-25 00:00:00,75.8,76.48,75.56,76.27,4263.161127,324107.93185152
2025-12-25 04:00:00,76.27,77.03,76.11,76.95,6910.647365,529391.90278087
2025-12-25 08:00:00,76.95,77.29,75.96,76.17,12824.866504,979789.41657382
2025-12-25 12:00:00,76.16,77.31,76.04,76.97,11848.432059,909275.9814462
2025-12-25 16:00:00,77.02,77.56,76.72,77.39,9985.021406,771030.73016677
2025-12-25 20:00:00,77.41,77.51,75.35,75.69,18080.041613,1382120.22288607
2025-12-26 00:00:00,75.67,77.91,75.67,77.54,25126.137493,1937546.96363979
2025-12-26 04:00:00,77.55,77.99,77.16,77.23,7207.149318,559691.59829601
2025-12-26 08:00:00,77.23,77.46,76.77,77.1,9286.25688,715799.52621377
2025-12-26 12:00:00,77.12,77.49,75.5,76.65,17441.252165,1330898.14268351
2025-12-26 16:00:00,76.65,76.93,76.1,76.82,7786.92293,596157.10340917
2025-12-26 20:00:00,76.81,77.2,76.57,76.89,3138.172127,241234.68242511
2025-12-27 00:00:00,76.87,77.64,76.75,77.53,7460.441649,575431.10134205
2025-12-27 04:00:00,77.54,77.59,77.05,77.05,6576.538395,508146.10525802
2025-12-27 08:00:00,77.06,77.89,77.02,77.88,7537.801883,583866.70129553
2025-12-27 12:00:00,77.88,78.77,77.88,78.64,12857.244148,1006114.32917862
2025-12-27 16:00:00,78.68,79.15,78.56,79.14,10158.46342,801114.77716589
2025-12-27 20:00:00,79.15,80.55,78.94,80.31,11976.445644,954566.76179494
2025-12-28 00:00:00,80.32,80.56,79.34,79.38,21054.403842,1681536.60956679
2025-12-28 04:00:00,79.36,79.92,79.06,79.67,12829.775468,1018254.96769547
2025-12-28 08:00:00,79.68,80.08,79.16,79.27,10992.339456,875130.17606107
2025-12-28 12:00:00,79.27,79.56,78.91,79.35,9293.291356,736234.34978781
2025-12-28 16:00:00,79.37,79.67,78.18,78.29,17440.81966,1375420.59703866
2025-12-28 20:00:00,78.28,78.74,77.87,78.72,10011.54625,782947.66097842
2025-12-29 00:00:00,78.72,80.2,78.48,80.15,30075.001137,2396618.06136709
2025-12-29 04:00:00,80.14,80.24,78.63,79.23,29733.944997,2371973.01930226
2025-12-29 08:00:00,79.23,79.26,77.64,77.87,24971.88752,1954003.98649201
2025-12-29 12:00:00,77.87,78.53,76.94,78.24,24746.453574,1922374.52747756
2025-12-29 16:00:00,78.27,78.44,77.42,77.94,9329.462523,727593.74671353
2025-12-29 20:00:00,77.93,78.62,77.86,78.35,7777.021346,608894.23309275
2025-12-30 00:00:00,78.36,78.64,77.74,78.23,8067.071155,631071.81173119
2025-12-30 04:00:00,78.22,78.56,78.05,78.26,17250.793349,1350044.10440235
2025-12-30 08:00:00,78.25,78.8,77.92,78.02,36370.661034,2849173.64606866
2025-12-30 12:00:00,78.03,78.76,77.75,78.68,12545.927124,980934.46137986
2025-12-30 16:00:00,78.7,78.78,77.65,78.18,6921.557081,541297.88831961
2025-12-30 20:00:00,78.17,79.06,77.75,78.88,14415.384123,1131271.08497145
2025-12-31 00:00:00,78.88,78.89,77.84,78.09,18944.564315,1482656.48987451
2025-12-31 04:00:00,78.1,78.4,77.95,78.22,4634.76403,362304.70288729
2025-12-31 08:00:00,78.23,78.44,77.8,78.26,11300.89558,882336.96803992
2025-12-31 12:00:00,78.25,78.5,77.15,77.6,38589.02823,2993867.10323306
2025-12-31 16:00:00,77.59,77.59,76.35,76.58,14939.934185,1147817.77338107
2025-12-31 20:00:00,76.57,77.0,76.08,76.86,10173.707478,779971.9320034
2026-01-01 00:00:00,76.86,77.35,76.79,76.9,4491.380511,346228.27813138
2026-01-01 04:00:00,76.92,77.34,76.72,77.16,4830.257466,372324.05890605
2026-01-01 08:00:00,77.16,77.79,77.16,77.79,5602.481309,434147.598194
2026-01-01 12:00:00,77.78,79.17,77.51,78.84,10670.876362,835847.67478861
2026-01-01 16:00:00,78.85,79.44,78.58,79.41,20184.6098,1594648.0833925
2026-01-01 20:00:00,79.42,80.0,79.27,79.94,9827.628936,782644.11418429
2026-01-02 00:00:00,79.96,80.35,79.08,80.15,12011.138692,957192.25622029
2026-01-02 04:00:00,80.16,80.27,79.22,79.32,7049.51806,561691.04694831
2026-01-02 08:00:00,79.32,80.59,79.3,79.68,22010.516571,1763160.00547578
2026-01-02 12:00:00,79.69,81.13,79.63,80.54,24828.00384,1996147.05706895
2026-01-02 16:00:00,80.53,81.6,80.45,81.31,18975.519232,1539603.52820115
2026-01-02 20:00:00,81.31,82.23,81.02,81.91,7784.183225,636471.26034434
2026-01-03 00:00:00,81.9,82.8,81.85,82.64,23011.96619,1892630.56858948
2026-01-03 04:00:00,82.65,82.77,81.04,81.36,23360.178225,1916229.59770346
2026-01-03 08:00:00,81.35,81.81,81.17,81.39,9758.558101,794544.03819322
2026-01-03 12:00:00,81.38,81.93,80.72,81.24,11957.159769,972048.07630802
2026-01-03 16:00:00,81.24,82.5,81.16,82.2,10837.897428,888959.98724383
2026-01-03 20:00:00,82.2,82.48,81.9,82.05,5532.97422,455174.138748
2026-01-04 00:00:00,82.06,82.77,81.98,82.51,10298.699584,848472.6695182
2026-01-04 04:00:00,82.5,82.81,82.07,82.2,24000.459491,1978424.46691524
2026-01-04 08:00:00,82.2,82.7,81.67,82.59,31613.401399,2594050.5183232
2026-01-04 12:00:00,82.54,83.06,82.14,82.67,18564.62607,1533116.47180307
2026-01-04 16:00:00,82.66,83.18,81.63,82.15,14773.163453,1219794.18196511
2026-01-04 20:00:00,82.16,82.44,81.75,82.26,6839.279836,561515.18092915
2026-01-05 00:00:00,82.26,83.6,82.16,82.6,30550.243272,2527186.59424682
2026-01-05 04:00:00,82.64,82.76,81.43,82.39,20552.978074,1683606.64176562
2026-01-05 08:00:00,82.38,82.49,81.63,82.02,11827.182713,969020.50885576
2026-01-05 12:00:00,82.01,83.65,81.65,83.42,23660.856476,1956058.67712985
2026-01-05 16:00:00,83.42,84.1,82.08,83.66,15433.620121,1284747.70393429
2026-01-05 20:00:00,83.67,84.6,83.46,83.47,11150.913877,936488.59687757
2026-01-06 00:00:00,83.47,84.1,82.81,83.83,10429.145996,871527.65733592
2026-01-06 04:00:00,83.82,83.99,82.83,83.08,10021.427731,836364.81621533
2026-01-06 08:00:00,83.08,83.8,82.9,83.79,6612.119336,550317.41816881
2026-01-06 12:00:00,83.78,84.88,83.25,83.53,24930.203967,2098241.90987866
2026-01-06 16:00:00,83.52,83.61,81.2,82.48,25448.891508,2098090.60512691
2026-01-06 20:00:00,82.45,84.14,82.45,83.97,18906.796898,1582038.02539596
2026-01-07 00:00:00,83.96,83.97,82.72,83.33,38915.170345,3247176.64984413
2026-01-07 04:00:00,83.34,83.62,82.88,83.48,9189.001984,764888.86419895
2026-01-07 08:00:00,83.5,83.92,82.59,82.77,23509.052163,1954346.36097225
2026-01-07 12:00:00,82.78,82.9,81.27,81.56,28716.233302,2356029.14649806
2026-01-07 16:00:00,81.55,81.91,80.95,81.47,43041.683599,3507991.0766438
2026-01-07 20:00:00,81.49,81.96,81.18,81.69,6414.753235,523038.21241289
2026-01-08 00:00:00,81.7,82.29,81.21,81.33,9363.74998,766044.55315438
2026-01-08 04:00:00,81.32,82.03,80.3,81.31,28783.254839,2330619.36821376
2026-01-08 08:00:00,81.31,81.59,80.24,80.91,11381.928164,920494.37826941
2026-01-08 12:00:00,80.9,81.4,80.0,81.38,16116.501341,1299474.06891388
2026-01-08 16:00:00,81.37,81.66,80.8,81.02,7531.61031,612406.0274448
2026-01-08 20:00:00,81.01,81.64,80.46,81.31,3783.747325,307249.69988894
2026-01-09 00:00:00,81.32,82.1,81.17,81.84,8252.16224,673149.88666828
2026-01-09 04:00:00,81.84,81.99,81.38,81.57,4544.943515,371390.80002079
2026-01-09 08:00:00,81.56,81.77,80.56,81.18,11144.209494,903312.35337547
2026-01-09 12:00:00,81.19,81.81,79.93,81.31,31748.996171,2567996.52987279
2026-01-09 16:00:00,81.32,81.97,80.77,81.02,11436.02569,932321.387954
2026-01-09 20:00:00,81.01,81.66,80.85,81.5,4305.545579,350347.56139148
2026-01-10 00:00:00,81.49,81.57,80.92,81.14,4208.524093,341899.44649361
2026-01-10 04:00:00,81.13,81.62,80.81,81.6,4570.215885,371225.80129854
2026-01-10 08:00:00,81.6,81.81,81.32,81.81,5256.315995,429186.14119724
2026-01-10 12:00:00,81.81,82.4,81.46,81.56,13833.090834,1134002.3300019
2026-01-10 16:00:00,81.54,81.69,81.02,81.37,4454.904001,362209.29771294
2026-01-10 20:00:00,81.37,81.42,80.9,81.18,4088.337805,331947.45175442
2026-01-11 00:00:00,81.19,81.85,81.1,81.75,4560.144139,371996.2288242
2026-01-11 04:00:00,81.75,81.75,81.05,81.26,7072.278681,575096.89967884
2026-01-11 08:00:00,81.26,81.47,80.96,81.03,4475.333772,363414.66506302
2026-01-11 12:00:00,81.04,81.32,80.41,80.54,10555.588733,854409.26454329
2026-01-11 16:00:00,80.57,81.17,80.25,80.29,11879.184082,957811.79073418
2026-01-11 20:00:00,80.28,80.29,78.5,78.78,33890.201122,2687354.1850649
2026-01-12 00:00:00,78.78,80.0,77.77,79.27,59727.918829,4710934.1963601
2026-01-12 04:00:00,79.27,80.78,78.58,78.62,30888.369547,2458552.55198079
2026-01-12 08:00:00,78.59,79.0,77.33,77.62,34000.368237,2656111.93724899
2026-01-12 12:00:00,77.61,77.62,75.63,77.19,82831.726899,6357481.68538782
2026-01-12 16:00:00,77.18,77.72,75.92,76.21,43410.519136,3326463.77791492
2026-01-12 20:00:00,76.24,76.74,75.89,76.14,27976.367437,2132250.88518913
2026-01-13 00:00:00,76.13,76.61,75.76,76.24,49271.009354,3748038.69218718
2026-01-13 04:00:00,76.24,77.19,76.18,76.81,29658.564227,2271252.25190874
2026-01-13 08:00:00,76.8,77.0,75.26,76.33,54283.287915,4131108.02393344
2026-01-13 12:00:00,76.33,77.47,75.98,77.05,81679.450934,6267567.14091787
2026-01-13 16:00:00,77.05,77.93,75.93,77.23,82622.775601,6376834.3595757
2026-01-13 20:00:00,77.26,78.98,76.37,78.21,99880.681548,7788835.87011386
2026-01-14 00:00:00,78.16,79.36,77.74,79.34,58643.036984,4598244.44743993
2026-01-14 04:00:00,79.33,79.43,78.09,79.07,41507.978904,3271666.07950172
2026-01-14 08:00:00,79.07,79.58,77.8,77.9,45876.695131,3616114.90655735
2026-01-14 12:00:00,77.89,80.95,77.85,79.74,69708.726022,5536736.89274373
2026-01-14 16:00:00,79.73,80.28,77.45,77.53,96690.670061,7597764.02823548
2026-01-14 20:00:00,77.53,78.04,76.14,76.69,60819.730027,4690966.11564324
2026-01-15 00:00:00,76.69,76.83,73.09,73.97,137969.56054,10369419.70016856
2026-01-15 04:00:00,73.98,74.87,73.91,74.54,82116.087664,6118343.25236228
2026-01-15 08:00:00,74.56,76.9,74.4,75.65,98342.493169,7428545.94003203
2026-01-15 12:00:00,75.65,76.12,69.51,72.35,142771.602668,10419468.27380067
2026-01-15 16:00:00,72.34,73.36,71.66,72.03,88137.196536,6382674.77025886
2026-01-15 20:00:00,72.02,72.56,71.16,72.23,33998.737327,2449381.14207113
2026-01-16 00:00:00,72.23,72.62,71.54,72.36,28584.542564,2061081.94336264
2026-01-16 04:00:00,72.37,72.48,71.28,72.2,31428.752423,2262150.25006868
2026-01-16 08:00:00,72.21,72.89,71.91,72.86,16776.736339,1213113.83984421
2026-01-16 12:00:00,72.88,72.96,70.89,71.98,47379.363643,3417343.81705472
2026-01-16 16:00:00,71.96,74.8,71.64,74.24,58091.439297,4251905.32394514
2026-01-16 20:00:00,74.22,76.05,73.59,75.21,42340.067512,3176345.95652134
2026-01-17 00:00:00,75.2,75.98,74.16,74.36,32931.927406,2468705.71975233
2026-01-17 04:00:00,74.34,74.98,73.85,74.76,18865.157913,1404871.30617385
2026-01-17 08:00:00,74.75,75.2,74.5,74.53,15884.546193,1189926.45139681
2026-01-17 12:00:00,74.52,75.06,73.97,74.9,23881.882255,1779483.96855535
2026-01-17 16:00:00,74.89,75.15,74.37,75.13,10070.061508,752570.45458655
2026-01-17 20:00:00,75.13,75.32,74.56,74.9,7746.398401,580732.41387108
2026-01-18 00:00:00,74.89,75.2,74.28,74.96,16430.329443,1227600.122773
2026-01-18 04:00:00,74.96,75.16,74.38,74.94,19223.238672,1438027.60832212
2026-01-18 08:00:00,74.94,75.77,74.75,75.46,31796.374249,2398072.62019172
2026-01-18 12:00:00,75.46,75.86,74.33,74.87,24634.990832,1848597.03237172
2026-01-18 16:00:00,74.88,75.54,74.63,75.09,11168.321961,839015.17170212
2026-01-18 20:00:00,75.09,75.41,72.11,72.28,41036.751153,3013076.29254436
2026-01-19 00:00:00,72.28,72.28,65.34,70.24,217304.172419,14984106.43508285
2026-01-19 04:00:00,70.23,70.6,69.8,70.58,32109.799077,2250212.60149585
2026-01-19 08:00:00,70.58,71.26,69.92,70.23,40566.903312,2859955.37304717
2026-01-19 12:00:00,70.24,71.11,69.67,70.69,44495.358507,3133125.9892552
2026-01-19 16:00:00,70.71,71.74,70.31,71.58,20732.879145,1474009.23070637
2026-01-19 20:00:00,71.59,71.73,70.17,70.8,22351.232743,1584249.97476539
2026-01-20 00:00:00,70.82,71.03,70.06,70.25,14991.451351,1057376.23014394
2026-01-20 04:00:00,70.23,70.73,69.45,69.51,32653.134626,2288607.44465113
2026-01-20 08:00:00,69.53,69.93,68.99,69.45,29384.308364,2040641.54615042
2026-01-20 12:00:00,69.45,70.04,68.41,68.69,50877.09491,3513433.2069356
2026-01-20 16:00:00,68.7,69.14,67.33,67.57,63985.932108,4360884.21843532
2026-01-20 20:00:00,67.56,67.8,65.88,67.13,52444.210443,3514569.03704166
2026-01-21 00:00:00,67.14,69.0,67.11,68.86,26706.554411,1824184.46005083
2026-01-21 04:00:00,68.86,69.38,68.76,68.93,18445.482756,1273182.09989498
2026-01-21 08:00:00,68.93,68.93,67.99,68.05,32710.03369,2238167.23269943
2026-01-21 12:00:00,68.05,69.3,67.26,69.14,55909.665901,3824451.55192431
2026-01-21 16:00:00,69.15,69.29,66.03,69.18,117164.313332,7890145.6652982
2026-01-21 20:00:00,69.19,69.72,68.29,68.47,31692.0851,2185745.26240076
2026-01-22 00:00:00,68.47,69.66,68.46,68.66,16020.225074,1107941.00240746
2026-01-22 04:00:00,68.65,68.97,68.0,68.43,14196.926373,972981.61140888
2026-01-22 08:00:00,68.43,69.03,68.24,68.44,18594.744021,1276718.22499445
2026-01-22 12:00:00,68.43,68.77,67.18,68.05,42212.731099,2879191.33282049
2026-01-22 16:00:00,68.06,68.61,67.78,68.33,16653.512496,1135310.77175933
2026-01-22 20:00:00,68.33,68.43,67.73,68.19,9117.240773,620708.51633149
2026-01-23 00:00:00,68.2,69.64,68.12,69.35,58181.462671,4032390.19097216
2026-01-23 04:00:00,69.36,69.48,68.62,68.84,13821.950179,954468.29335189
2026-01-23 08:00:00,68.84,68.86,68.11,68.52,10052.717268,687842.46820968
2026-01-23 12:00:00,68.52,68.59,67.0,68.22,20332.63074,1377195.99679861
2026-01-23 16:00:00,68.23,69.17,67.8,67.93,20623.852768,1411901.55610078
2026-01-23 20:00:00,67.92,68.13,67.09,68.07,11550.898866,780336.6486382
2026-01-24 00:00:00,68.07,68.68,67.89,68.62,7114.136667,485338.80495171
2026-01-24 04:00:00,68.63,68.88,68.48,68.52,12393.320881,851087.92890207
2026-01-24 08:00:00,68.52,68.81,68.36,68.5,7822.113443,536096.04377509
2026-01-24 12:00:00,68.51,68.96,68.25,68.3,13421.280816,921317.36124042
2026-01-24 16:00:00,68.3,68.3,67.72,67.82,49702.534724,3373518.71751972
2026-01-24 20:00:00,67.83,68.28,67.83,68.18,8534.719263,581036.75014646
2026-01-25 00:00:00,68.2,68.63,67.83,68.14,18691.71291,1275959.23047315
2026-01-25 04:00:00,68.13,68.8,68.06,68.66,13752.677458,941391.3949905
2026-01-25 08:00:00,68.65,70.33,68.29,69.98,49489.336527,3437437.57718315
2026-01-25 12:00:00,69.99,70.28,68.67,69.51,51320.440288,3562623.96275149
2026-01-25 16:00:00,69.5,69.5,65.63,66.01,74553.543087,5046022.58381569
2026-01-25 20:00:00,66.0,67.4,65.23,67.3,30867.796142,2046809.18181427
2026-01-26 00:00:00,67.3,68.16,67.0,67.4,22551.344389,1525707.8312174
2026-01-26 04:00:00,67.4,68.49,67.4,68.36,15770.289371,1071506.19375184
2026-01-26 08:00:00,68.36,68.8,67.85,68.25,14591.844834,996362.30540073
2026-01-26 12:00:00,68.25,70.05,68.25,69.06,78843.442153,5457915.11179638
2026-01-26 16:00:00,69.08,69.92,68.69,69.14,33315.674425,2309488.55374354
2026-01-26 20:00:00,69.14,70.07,68.82,69.72,16872.283438,1172752.5247839
2026-01-27 00:00:00,69.71,70.13,69.52,69.58,14025.04358,978702.97303936
2026-01-27 04:00:00,69.57,69.87,69.07,69.12,8815.959151,612335.94170617
2026-01-27 08:00:00,69.12,69.5,68.99,69.03,27162.552256,1880809.72315242
2026-01-27 12:00:00,69.03,69.99,68.64,69.93,15518.84178,1075965.29411327
2026-01-27 16:00:00,69.95,70.22,69.11,69.67,23645.652227,1648793.19317342
2026-01-27 20:00:00,69.66,70.48,69.66,70.01,13957.053774,978398.03052143
2026-01-28 00:00:00,70.04,70.32,69.47,69.57,14071.315988,982107.71762944
2026-01-28 04:00:00,69.57,70.0,69.18,69.64,39337.084632,2730859.79535751
2026-01-28 08:00:00,69.63,70.01,69.29,69.98,9728.557928,677257.52267877
2026-01-28 12:00:00,69.96,70.06,68.43,69.0,18593.159784,1289376.74450537
2026-01-28 16:00:00,69.02,69.87,68.74,69.52,13172.231899,913531.36315339
2026-01-28 20:00:00,69.51,69.88,68.92,69.42,10121.329779,703069.14682974
2026-01-29 00:00:00,69.43,69.57,67.93,68.01,39683.052951,2720598.08274774
2026-01-29 04:00:00,68.01,68.44,67.72,68.15,9381.924258,638606.29205978
2026-01-29 08:00:00,68.18,68.3,67.38,67.51,25452.839251,1723243.35790597
2026-01-29 12:00:00,67.49,67.63,64.74,65.46,65871.528798,4340539.45350819
2026-01-29 16:00:00,65.44,66.71,64.45,65.05,39794.412099,2604271.59446578
2026-01-29 20:00:00,65.06,66.25,64.96,66.22,12015.447455,790513.09900588
2026-01-30 00:00:00,66.23,66.48,62.66,64.0,81729.181576,5259598.53008857
2026-01-30 04:00:00,64.0,64.78,63.13,64.3,22340.480557,1432037.5697188
2026-01-30 08:00:00,64.29,65.19,63.77,64.96,14149.501718,909415.03146773
2026-01-30 12:00:00,64.99,65.25,63.91,64.84,26832.435489,1733821.14087234
2026-01-30 16:00:00,64.83,66.0,63.68,65.74,33414.266274,2171460.05438292
2026-01-30 20:00:00,65.74,65.74,64.75,65.48,16999.022689,1108669.30433571
2026-01-31 00:00:00,65.47,65.48,64.8,64.95,5654.420004,368223.94477932
2026-01-31 04:00:00,64.95,65.15,63.6,63.89,16235.215743,1044298.84316593
2026-01-31 08:00:00,63.91,63.98,62.39,63.07,32451.710371,2048262.32679967
2026-01-31 12:00:00,63.06,63.1,59.43,60.2,115301.484574,6996306.6232432
2026-01-31 16:00:00,60.21,61.18,55.0,58.12,247066.436282,14307984.16934519
2026-01-31 20:00:00,58.17,59.84,57.55,59.52,55036.919933,3223892.22367678
2026-02-01 00:00:00,59.52,59.92,59.02,59.68,31260.092272,1863931.84300088
2026-02-01 04:00:00,59.68,59.89,58.97,59.4,27141.974142,1612968.54024457
2026-02-01 08:00:00,59.4,59.8,58.7,59.3,24119.481752,1431682.03142325
2026-02-01 12:00:00,59.32,59.73,57.63,58.41,50201.744702,2946983.04636323
2026-02-01 16:00:00,58.4,59.62,57.85,58.76,33679.28478,1976561.54388156
2026-02-01 20:00:00,58.74,59.36,57.18,58.5,42048.71866,2457135.92730718
2026-02-02 00:00:00,58.51,59.74,56.58,58.33,54823.687393,3194806.87410371
2026-02-02 04:00:00,58.34,58.88,56.51,58.23,59602.899004,3437938.35931623
2026-02-02 08:00:00,58.23,59.49,58.23,59.13,25107.917867,1481720.68557386
2026-02-02 12:00:00,59.14,61.15,59.14,61.06,47893.731589,2877359.71496473
2026-02-02 16:00:00,61.04,61.16,59.87,59.92,14991.096828,907392.42171844
2026-02-02 20:00:00,59.92,60.16,59.48,60.0,15593.927392,933828.99380802
2026-02-03 00:00:00,60.0,60.13,58.93,59.97,15160.031104,902837.63906087
2026-02-03 04:00:00,59.97,60.45,59.48,60.25,17937.455422,1075458.10531571
2026-02-03 08:00:00,60.26,60.48,59.36,59.84,18581.64509,1111715.28473767
2026-02-03 12:00:00,59.86,60.44,59.12,60.35,20449.957357,1225029.15205463
2026-02-03 16:00:00,60.38,60.38,56.89,59.33,44089.159189,2580963.83850682
2026-02-03 20:00:00,59.31,61.42,58.84,59.48,35313.508529,2130027.80617809
2026-02-04 00:00:00,59.48,60.78,59.25,60.74,17590.472376,1059011.08502654
2026-02-04 04:00:00,60.74,60.98,60.06,60.8,17497.166346,1061060.96183516
2026-02-04 08:00:00,60.78,60.88,59.62,60.09,19433.995761,1171577.59971687
2026-02-04 12:00:00,60.1,60.19,57.63,58.18,53157.430161,3132845.64892313
2026-02-04 16:00:00,58.18,59.66,57.08,59.47,55074.241127,3201181.2603211
2026-02-04 20:00:00,59.47,59.55,57.81,58.89,24621.771536,1448847.66104133
2026-02-05 00:00:00,58.9,59.48,58.07,58.22,29506.999537,1735156.98842043
2026-02-05 04:00:00,58.23,58.64,57.42,57.62,42847.9932,2489323.38686811
2026-02-05 08:00:00,57.63,58.6,55.71,56.48,44595.489171,2550045.45821602
2026-02-05 12:00:00,56.48,57.23,52.68,53.91,136201.009506,7445114.61045783
2026-02-05 16:00:00,53.94,54.95,52.23,52.43,84015.638111,4492087.63298937
2026-02-05 20:00:00,52.44,52.86,50.18,50.78,133002.705205,6815701.48198194
2026-02-06 00:00:00,50.77,51.31,45.03,50.06,324533.225614,15608637.00248762
2026-02-06 04:00:00,50.06,52.5,49.84,50.97,73750.743161,3769610.54796749
2026-02-06 08:00:00,50.96,52.63,50.55,52.54,43318.803769,2232283.75793467
2026-02-06 12:00:00,52.54,54.66,52.12,54.36,65773.823605,3522598.4715071
2026-02-06 16:00:00,54.37,56.46,54.18,55.21,44539.256559,2462063.82122681
2026-02-06 20:00:00,55.2,55.78,54.66,55.04,21147.828007,1167115.72733676
2026-02-07 00:00:00,55.03,55.09,54.2,54.9,26055.050601,1426948.13673685
2026-02-07 04:00:00,54.89,55.39,52.87,53.62,31863.864558,1723498.91471214
2026-02-07 08:00:00,53.62,54.11,53.04,53.25,25486.422474,1362881.65764699
2026-02-07 12:00:00,53.24,54.63,53.19,54.38,24933.953497,1346933.07797637
2026-02-07 16:00:00,54.39,55.98,54.14,55.45,91693.407628,5048322.87690561
2026-02-07 20:00:00,55.46,55.91,55.01,55.21,10571.954371,586859.69482381
2026-02-08 00:00:00,55.21,55.55,54.94,55.03,11186.474024,618073.45129912
2026-02-08 04:00:00,55.03,55.41,54.79,55.01,12712.814505,701020.89110062
2026-02-08 08:00:00,55.01,55.83,54.89,55.47,23315.438142,1294129.36074133
2026-02-08 12:00:00,55.48,55.54,54.72,54.9,22441.117442,1238596.19944886
2026-02-08 16:00:00,54.89,54.98,53.66,54.94,11200.893634,609385.29223975
2026-02-08 20:00:00,54.95,55.5,53.98,54.53,18283.398254,1002068.28881584
2026-02-09 00:00:00,54.53,55.03,54.12,54.95,11653.731824,635378.31565305
2026-02-09 04:00:00,54.95,55.02,54.07,54.07,9020.052221,492268.01112481
2026-02-09 08:00:00,54.08,54.1,52.37,52.99,34441.130452,1831103.57605592
2026-02-09 12:00:00,53.0,54.39,52.96,54.39,18477.106385,988925.01279283
2026-02-09 16:00:00,54.38,55.03,53.92,54.95,23109.322764,1260324.04210714
2026-02-09 20:00:00,54.95,55.11,54.26,54.46,7849.150099,429373.20149382
2026-02-10 00:00:00,54.46,54.67,53.56,53.95,8711.246543,471206.62558886
2026-02-10 04:00:00,53.94,54.18,52.98,53.19,15900.86565,850145.08196867
2026-02-10 08:00:00,53.19,53.72,53.08,53.09,12707.454318,678505.57195422
2026-02-10 12:00:00,53.11,53.79,52.84,53.37,19538.979097,1041110.1602709
2026-02-10 16:00:00,53.38,53.84,52.86,53.29,11795.943802,630593.37304435
2026-02-10 20:00:00,53.28,53.44,52.99,53.35,5848.994901,311472.38884753
2026-02-11 00:00:00,53.37,53.7,52.86,53.13,7138.615595,380468.99528899
2026-02-11 04:00:00,53.12,53.2,51.96,52.07,19903.936428,1042309.40975226
2026-02-11 08:00:00,52.07,52.34,51.62,52.13,16098.828988,835324.16676719
2026-02-11 12:00:00,52.14,53.5,51.0,51.23,54717.21946,2849249.10529535
2026-02-11 16:00:00,51.24,52.55,51.13,52.25,13182.287895,683233.79262663
2026-02-11 20:00:00,52.24,52.89,51.94,52.31,10837.84032,568179.56626757
2026-02-12 00:00:00,52.32,53.13,52.32,52.86,8457.466777,446350.91239977
2026-02-12 04:00:00,52.86,53.37,52.62,53.31,9851.685583,522316.36482982
2026-02-12 08:00:00,53.32,53.8,53.11,53.39,9891.264936,528646.62685767
2026-02-12 12:00:00,53.4,53.43,52.72,52.84,12120.877437,643255.09175914
2026-02-12 16:00:00,52.85,52.9,51.53,52.38,17403.69105,906784.80643737
2026-02-12 20:00:00,52.39,53.28,51.84,53.14,10913.117656,574904.2337969
2026-02-13 00:00:00,53.14,53.35,52.79,53.05,10004.998524,531013.49583722
2026-02-13 04:00:00,53.07,53.07,52.37,52.84,7401.434969,390603.14883704
2026-02-13 08:00:00,52.86,53.55,52.81,53.54,11525.647148,613964.41616988
2026-02-13 12:00:00,53.55,54.81,52.95,54.38,24843.967723,1334821.95079691
2026-02-13 16:00:00,54.38,55.53,54.25,55.12,18946.153154,1041586.00545328
2026-02-13 20:00:00,55.1,55.7,54.96,55.04,10245.953884,566637.15040484
2026-02-14 00:00:00,55.04,55.46,54.88,55.33,10970.717148,606281.17471102
2026-02-14 04:00:00,55.31,55.43,54.99,55.31,5270.762631,291054.50139128
2026-02-14 08:00:00,55.3,55.9,55.28,55.76,10183.558817,565959.1761613
2026-02-14 12:00:00,55.77,56.3,55.05,56.12,23373.836562,1305188.13579449
2026-02-14 16:00:00,56.14,56.65,55.78,56.35,28712.451426,1609120.19610098
2026-02-14 20:00:00,56.36,56.63,55.92,55.99,14489.34718,814747.41570967
2026-02-15 00:00:00,56.0,56.05,55.19,55.87,22473.958369,1250378.14562324
2026-02-15 04:00:00,55.88,56.69,55.88,56.49,19783.571375,1111822.68702
2026-02-15 08:00:00,56.51,56.56,55.32,55.91,21388.476699,1196009.85129208
2026-02-15 12:00:00,55.92,55.97,54.33,55.08,26013.684945,1433997.72467369
2026-02-15 16:00:00,55.07,55.32,54.19,54.52,16866.888794,923327.43520894
2026-02-15 20:00:00,54.52,55.14,54.3,55.07,10147.52765,556318.72313657
2026-02-16 00:00:00,55.07,55.36,54.3,54.49,9516.731717,521331.75745098
2026-02-16 04:00:00,54.48,54.79,53.77,54.19,10947.209719,592936.18520257
2026-02-16 08:00:00,54.17,54.71,53.38,53.91,8343.9318,451975.535588
2026-02-16 12:00:00,53.92,54.93,53.38,53.61,22103.730827,1196778.2535405
2026-02-16 16:00:00,53.6,54.36,53.35,54.2,16503.017451,889008.80931126
2026-02-16 20:00:00,54.22,55.64,54.16,55.13,22775.535383,1253819.06566292
2026-02-17 00:00:00,55.13,55.46,54.66,55.14,7727.275251,426030.85642687
2026-02-17 04:00:00,55.14,55.66,54.69,55.53,10060.480824,555810.24790576
2026-02-17 08:00:00,55.54,55.84,54.59,54.99,12511.237992,690603.84181934
2026-02-17 12:00:00,54.98,55.19,53.18,53.8,26393.428265,1429152.3541916
2026-02-17 16:00:00,53.81,54.88,53.74,54.25,11702.056705,634895.12245269
2026-02-17 20:00:00,54.25,54.5,53.82,53.94,10274.276116,556268.8455306
2026-02-18 00:00:00,53.94,54.38,53.59,54.28,7911.198019,427380.27791554
2026-02-18 04:00:00,54.28,54.54,54.06,54.46,5770.7826,313147.50475108
2026-02-18 08:00:00,54.47,54.77,53.65,53.91,9133.028003,495367.86198231
2026-02-18 12:00:00,53.91,54.93,53.44,54.5,13728.690053,741936.97167274
2026-02-18 16:00:00,54.49,54.63,52.96,53.24,15150.075448,814425.55923051
2026-02-18 20:00:00,53.24,53.47,52.95,53.32,8439.180999,449267.33900256
2026-02-19 00:00:00,53.33,53.68,53.08,53.58,8745.946962,466946.42282408
2026-02-19 04:00:00,53.58,53.72,53.15,53.38,12928.424709,689552.94301584
2026-02-19 08:00:00,53.38,53.38,52.51,52.57,11300.284255,597597.55456929
2026-02-19 12:00:00,52.57,52.61,51.49,51.84,22131.922533,1151834.74976319
2026-02-19 16:00:00,51.83,52.82,51.43,52.63,13697.387687,715687.53486403
2026-02-19 20:00:00,52.63,52.77,52.39,52.7,6285.22948,330606.08689599
2026-02-20 00:00:00,52.69,53.37,52.67,53.23,7891.699283,418648.65226825
2026-02-20 04:00:00,53.25,53.69,52.86,53.5,9222.045587,492093.66364421
2026-02-20 08:00:00,53.5,54.31,53.41,53.6,12729.403302,684804.99304768
2026-02-20 12:00:00,53.6,54.96,52.72,54.88,30896.802811,1669416.35192565
2026-02-20 16:00:00,54.87,55.45,54.27,54.97,37301.908291,2053555.79402726
2026-02-20 20:00:00,54.95,55.4,54.91,55.2,8963.530609,494730.08711245
2026-02-21 00:00:00,55.21,55.37,54.83,55.05,4542.738306,250226.64355947
2026-02-21 04:00:00,55.06,55.26,54.86,55.06,4427.203391,243706.81439083
2026-02-21 08:00:00,55.07,55.61,54.91,55.07,12619.889882,697602.5233922
2026-02-21 12:00:00,55.06,55.82,54.93,55.69,12507.252441,693291.30694552
2026-02-21 16:00:00,55.7,55.99,55.14,55.25,17903.481821,995512.00775644
2026-02-21 20:00:00,55.26,55.4,54.85,54.89,7531.17116,414588.85162595
2026-02-22 00:00:00,54.9,54.9,54.33,54.51,13867.797635,757179.54852232
2026-02-22 04:00:00,54.5,54.82,54.3,54.72,7116.09159,388162.91742792
2026-02-22 08:00:00,54.73,54.88,54.54,54.66,6218.221702,340145.63262878
2026-02-22 12:00:00,54.64,54.67,52.96,53.32,43048.991767,2300498.71693474
2026-02-22 16:00:00,53.31,53.62,53.08,53.21,9578.497916,510815.08041418
2026-02-22 20:00:00,53.2,53.58,52.93,53.46,6565.042663,349813.94030661
2026-02-23 00:00:00,53.48,53.54,50.88,51.37,46490.230883,2402854.45913066
2026-02-23 04:00:00,51.37,52.28,51.01,52.05,12962.633204,668886.22513313
2026-02-23 08:00:00,52.05,53.03,51.86,52.64,21527.75092,1133443.82588445
2026-02-23 12:00:00,52.64,53.09,52.09,52.13,29092.759855,1529950.61742177
2026-02-23 16:00:00,52.13,52.35,50.72,51.24,24466.34985,1259190.64238229
2026-02-23 20:00:00,51.23,51.98,51.06,51.36,9804.229029,505722.42742344
2026-02-24 00:00:00,51.35,51.9,50.67,50.97,19838.627817,1016674.83582169
2026-02-24 04:00:00,50.98,51.01,50.21,50.76,35752.990898,1809770.76287504
2026-02-24 08:00:00,50.76,51.13,50.44,50.8,25033.639745,1272735.94133889
2026-02-24 12:00:00,50.81,51.49,50.2,51.27,33321.707427,1692290.41606156
2026-02-24 16:00:00,51.28,51.85,51.07,51.68,12279.114738,632423.77456534
2026-02-24 20:00:00,51.69,51.77,51.05,51.15,9416.695961,483537.71199258
2026-02-25 00:00:00,51.18,52.98,51.05,52.41,32397.546844,1697819.83950684
2026-02-25 04:00:00,52.41,52.81,52.01,52.73,15982.539892,839234.99335124
2026-02-25 08:00:00,52.73,53.48,52.58,53.32,17170.735217,912594.06667064
2026-02-25 12:00:00,53.31,58.19,53.17,57.8,109619.703141,6132953.28624911
2026-02-25 16:00:00,57.79,58.61,57.69,58.27,40410.055148,2350102.75911529
2026-02-25 20:00:00,58.29,59.0,56.13,56.78,34028.679426,1965229.10441784
2026-02-26 00:00:00,56.76,57.06,56.0,56.47,13224.231867,748253.04333431
2026-02-26 04:00:00,56.46,56.95,56.12,56.22,12303.767938,696187.07844485
2026-02-26 08:00:00,56.23,56.44,55.73,55.84,17310.089743,970603.06655622
2026-02-26 12:00:00,55.83,56.36,55.34,55.79,35824.048195,1998474.1391422
2026-02-26 16:00:00,55.79,55.83,54.42,55.74,37642.64972,2077910.07001513
2026-02-26 20:00:00,55.73,55.9,55.08,55.61,6627.22203,367526.45874804
2026-02-27 00:00:00,55.61,56.07,55.3,55.97,9921.865967,552172.58482967
2026-02-27 04:00:00,55.96,56.38,55.68,55.91,10210.904682,572247.05323211
2026-02-27 08:00:00,55.89,56.19,54.4,54.64,17278.838967,955600.52907347
2026-02-27 12:00:00,54.64,55.06,54.46,54.74,20567.94016,1125962.44544124
2026-02-27 16:00:00,54.73,54.75,53.8,54.15,15148.349082,822219.39527013
2026-02-27 20:00:00,54.14,54.57,53.41,54.57,9770.385406,527546.39394409
2026-02-28 00:00:00,54.57,54.95,54.52,54.63,6056.788049,331488.73369207
2026-02-28 04:00:00,54.64,54.83,51.86,52.41,43423.964238,2307590.52104183
2026-02-28 08:00:00,52.4,52.4,51.49,51.65,17628.046253,915180.64371447
2026-02-28 12:00:00,51.66,53.21,51.57,52.58,23740.005506,1244588.49539465
2026-02-28 16:00:00,52.59,54.37,52.36,54.08,26073.3787,1388509.67937329
2026-02-28 20:00:00,54.08,54.97,53.96,54.41,17419.233224,949251.59870107
2026-03-01 00:00:00,54.42,55.53,53.75,54.88,23599.982791,1294519.84887058
2026-03-01 04:00:00,54.9,55.01,54.25,54.59,13278.708938,726017.58625209
2026-03-01 08:00:00,54.62,54.73,53.83,53.95,11500.859005,622255.53935899
2026-03-01 12:00:00,53.94,54.72,53.6,54.25,12251.992187,663037.94349363
2026-03-01 16:00:00,54.28,54.52,53.14,53.25,17428.57205,934962.86113225
2026-03-01 20:00:00,53.25,53.87,52.46,53.24,20702.117279,1099751.46764786
2026-03-02 00:00:00,53.25,54.38,53.21,54.14,9677.5987,521584.4848531
2026-03-02 04:00:00,54.16,54.18,52.95,53.34,9955.976773,533329.74119285
2026-03-02 08:00:00,53.35,53.83,52.97,53.34,16143.200921,862514.63049597
2026-03-02 12:00:00,53.36,55.5,53.0,55.02,27794.721894,1513804.26107899
2026-03-02 16:00:00,55.02,55.73,54.24,54.87,41613.084057,2288874.39403796
2026-03-02 20:00:00,54.88,55.49,54.42,54.59,13038.884103,715704.33124267
2026-03-03 00:00:00,54.6,54.78,54.07,54.27,14506.926058,789836.41896449
2026-03-03 04:00:00,54.28,54.42,53.78,54.09,11107.893861,600431.77400707
2026-03-03 08:00:00,54.09,54.16,53.03,53.44,19699.963198,1056295.571067
2026-03-03 12:00:00,53.47,54.37,53.07,54.03,27044.771649,1452088.33355815
2026-03-03 16:00:00,54.04,55.21,53.87,54.69,22248.985731,1216918.05532659
2026-03-03 20:00:00,54.68,55.24,54.27,54.76,10502.920446,574786.02156179
2026-03-04 00:00:00,54.77,55.38,54.28,54.66,14567.641509,798148.48953639
2026-03-04 04:00:00,54.66,55.31,54.36,55.29,17301.14707,947113.31966472
2026-03-04 08:00:00,55.3,56.64,55.12,55.77,51406.731652,2879769.51981145
2026-03-04 12:00:00,55.78,57.0,55.32,56.93,46963.868734,2631630.90054667
2026-03-04 16:00:00,56.92,57.65,56.35,57.56,28754.061818,1636844.36654941
2026-03-04 20:00:00,57.56,57.64,56.34,56.78,28860.069427,1646065.44451845
2026-03-05 00:00:00,56.77,57.25,56.3,56.47,14615.782116,828285.67235581
2026-03-05 04:00:00,56.47,56.87,55.73,55.96,25414.484397,1433412.02429021
2026-03-05 08:00:00,55.97,57.22,55.88,56.02,27928.578182,1579652.76032375
2026-03-05 12:00:00,56.02,56.61,55.49,55.89,41913.645546,2347283.81366881
2026-03-05 16:00:00,55.89,55.9,55.04,55.25,19682.780279,1090639.10902905
2026-03-05 20:00:00,55.25,56.05,55.25,55.46,8374.313931,466455.77688922
2026-03-06 00:00:00,55.46,55.88,55.27,55.66,9191.188333,510598.25230498
2026-03-06 04:00:00,55.66,55.69,55.12,55.6,13241.041762,734365.48726795
2026-03-06 08:00:00,55.6,55.7,54.86,54.91,13073.819649,722614.77161135
2026-03-06 12:00:00,54.9,55.02,53.46,53.68,35084.960554,1902279.50901886
2026-03-06 16:00:00,53.67,53.79,53.12,53.55,13607.373913,728473.9937395
2026-03-06 20:00:00,53.54,54.11,53.53,53.78,7045.085402,379509.60806961
2026-03-07 00:00:00,53.8,54.23,53.77,53.84,7056.963039,380760.78710103
2026-03-07 04:00:00,53.86,53.93,53.44,53.73,9015.012648,483708.51713091
2026-03-07 08:00:00,53.71,54.29,53.7,54.0,15126.848051,816670.50035599
2026-03-07 12:00:00,54.0,54.23,53.69,53.76,9779.30248,527356.93371738
2026-03-07 16:00:00,53.76,53.99,53.21,53.37,8018.606255,429936.51353105
2026-03-07 20:00:00,53.36,53.7,53.25,53.57,7201.30038,385287.53075379
2026-03-08 00:00:00,53.58,53.74,52.97,53.2,17694.338764,944490.78819711
2026-03-08 04:00:00,53.22,53.41,52.8,53.13,14869.442596,790446.64221226
2026-03-08 08:00:00,53.13,53.9,52.69,53.58,30065.683878,1599413.35093272
2026-03-08 12:00:00,53.56,53.85,52.51,52.69,15157.886167,805656.85735763
2026-03-08 16:00:00,52.68,53.19,52.22,53.09,15437.074216,811654.065599
2026-03-08 20:00:00,53.1,53.43,51.86,52.59,19702.661348,1036366.86729424
2026-03-09 00:00:00,52.58,53.81,52.48,53.29,24524.159174,1302637.41944405
2026-03-09 04:00:00,53.32,54.05,52.86,53.31,16156.55059,864939.44472195
2026-03-09 08:00:00,53.32,53.83,53.01,53.39,14206.238748,758337.37488469
2026-03-09 12:00:00,53.4,54.42,53.32,53.92,24154.579616,1303124.08489415
2026-03-09 16:00:00,53.9,54.75,53.81,54.19,10664.690172,577187.04546924
2026-03-09 20:00:00,54.19,54.27,53.64,53.77,10716.863121,578492.91276681
2026-03-10 00:00:00,53.76,54.68,53.73,54.03,17498.937542,948519.92441952
2026-03-10 04:00:00,54.03,54.27,53.81,54.06,11204.889424,605238.6544578
2026-03-10 08:00:00,54.08,54.52,54.0,54.1,23227.544252,1259723.01796242
2026-03-10 12:00:00,54.12,55.0,53.67,54.75,35248.872205,1917763.83918414
2026-03-10 16:00:00,54.77,54.97,53.55,53.79,22209.407375,1206745.32404391
2026-03-10 20:00:00,53.77,54.11,53.43,53.86,13982.557064,752074.34034495
2026-03-11 00:00:00,53.87,54.02,53.67,53.82,7681.095322,414011.59131799
2026-03-11 04:00:00,53.82,54.12,53.53,53.85,9246.522252,497648.25220576
2026-03-11 08:00:00,53.87,54.04,53.65,53.87,8392.048173,452094.04464079
2026-03-11 12:00:00,53.87,55.08,53.77,54.56,29980.724873,1636933.3849744
2026-03-11 16:00:00,54.56,55.17,54.54,55.05,13786.444172,756872.71014577
2026-03-11 20:00:00,55.04,55.28,54.68,54.79,10430.644145,573620.38543678
2026-03-12 00:00:00,54.82,54.99,54.05,54.16,31400.064254,1714853.9993105
2026-03-12 04:00:00,54.14,54.34,53.98,54.28,13080.139759,707809.16648233
2026-03-12 08:00:00,54.26,54.68,54.13,54.32,12514.791128,681143.42430245
2026-03-12 12:00:00,54.34,54.65,53.76,54.33,19084.42356,1035712.28411164
2026-03-12 16:00:00,54.32,54.48,54.04,54.3,5886.020208,319387.55719905
2026-03-12 20:00:00,54.31,54.81,54.03,54.57,7687.694155,418854.25461406
2026-03-13 00:00:00,54.57,55.46,54.48,55.26,21084.864803,1161867.95540735
2026-03-13 04:00:00,55.26,55.4,54.96,55.06,13693.591899,755373.12759845
2026-03-13 08:00:00,55.04,56.19,54.99,55.92,28557.024397,1590809.75697777
2026-03-13 12:00:00,55.91,56.71,55.26,55.33,61560.086243,3452171.79194068
2026-03-13 16:00:00,55.31,55.94,55.16,55.62,19439.465471,1078781.15664968
2026-03-13 20:00:00,55.62,56.07,55.1,55.32,16790.392991,932978.46018434
2026-03-14 00:00:00,55.31,55.78,55.07,55.72,15395.243946,853104.49138816
2026-03-14 04:00:00,55.71,55.82,54.64,54.71,14835.428858,817421.15777161
2026-03-14 08:00:00,54.71,54.81,54.37,54.7,11345.691915,619514.81344496
2026-03-14 12:00:00,54.69,54.78,54.38,54.48,6717.996429,366644.8814697
2026-03-14 16:00:00,54.46,54.81,54.38,54.67,5600.065247,306064.17807939
2026-03-14 20:00:00,54.67,55.02,54.52,55.0,6560.58201,359119.3539251
2026-03-15 00:00:00,54.98,55.32,54.7,55.15,10157.565706,559121.29500352
2026-03-15 04:00:00,55.16,55.45,55.02,55.25,6884.183632,380378.69538621
2026-03-15 08:00:00,55.26,55.58,55.2,55.41,10389.815262,575759.13645884
2026-03-15 12:00:00,55.41,55.5,55.06,55.1,14677.225417,810643.62885679
2026-03-15 16:00:00,55.09,55.35,54.93,55.24,8294.594028,457434.3614535
2026-03-15 20:00:00,55.23,56.4,55.07,56.26,24794.594241,1386402.52196841
2026-03-16 00:00:00,56.26,57.0,55.81,56.65,32251.890587,1821042.53359438
2026-03-16 04:00:00,56.67,57.66,56.67,57.39,42383.475207,2425141.52023976
2026-03-16 08:00:00,57.39,57.83,57.1,57.36,24408.3524,1401166.33589141
2026-03-16 12:00:00,57.35,58.42,57.34,57.83,43113.035939,2496097.70799945
2026-03-16 16:00:00,57.83,58.85,57.82,58.43,22544.096552,1317150.03952052
2026-03-16 20:00:00,58.44,59.2,58.31,58.69,25052.700629,1470383.16400744
2026-03-17 00:00:00,58.68,59.26,57.89,58.07,48275.266148,2832079.35332384
2026-03-17 04:00:00,58.06,58.2,57.4,57.88,27065.595495,1563847.75853223
2026-03-17 08:00:00,57.89,58.07,57.5,57.68,16451.908141,951197.84104852
2026-03-17 12:00:00,57.68,58.34,57.31,58.07,44125.573044,2553823.98302819
2026-03-17 16:00:00,58.08,58.63,57.95,58.18,11246.37494,655613.53730172
2026-03-17 20:00:00,58.18,58.7,58.05,58.09,12900.921257,753489.86005871
2026-03-18 00:00:00,58.09,58.55,57.95,58.37,11479.5859,668914.19677985
2026-03-18 04:00:00,58.37,58.39,57.71,57.83,11592.599105,672301.73261463
2026-03-18 08:00:00,57.83,57.97,56.33,56.57,35766.084572,2047306.59690661
2026-03-18 12:00:00,56.56,56.63,55.32,55.51,31913.049427,1785922.28590413
2026-03-18 16:00:00,55.51,56.28,55.33,55.79,13807.617379,769822.47875699
2026-03-18 20:00:00,55.78,56.33,55.46,56.07,9917.811979,554901.94874232
2026-03-19 00:00:00,56.08,56.35,55.72,55.99,7855.094337,439804.04563628
2026-03-19 04:00:00,55.99,56.02,54.87,55.17,11785.315836,652346.94262195
2026-03-19 08:00:00,55.16,55.69,55.04,55.37,10588.618494,586593.08872431
2026-03-19 12:00:00,55.37,55.37,54.63,55.02,28721.028607,1577976.50611741
2026-03-19 16:00:00,55.02,55.91,54.79,55.64,8432.209044,465616.18963857
2026-03-19 20:00:00,55.64,55.94,55.34,55.54,8728.016971,485418.51080589
2026-03-20 00:00:00,55.54,55.95,55.53,55.88,7831.565969,436935.43541636
2026-03-20 04:00:00,55.87,56.15,55.62,55.98,7905.888364,442175.29138623
2026-03-20 08:00:00,55.99,56.29,55.29,55.44,25849.462322,1440030.84243204
2026-03-20 12:00:00,55.45,55.67,55.21,55.6,14052.184596,778972.23642932
2026-03-20 16:00:00,55.61,55.71,55.27,55.66,5740.900932,318474.9051444
2026-03-20 20:00:00,55.67,56.46,55.41,56.19,12450.709775,697375.44936473
2026-03-21 00:00:00,56.18,56.53,56.13,56.19,8580.221701,483074.0980523
2026-03-21 04:00:00,56.2,56.55,56.16,56.3,5160.107189,290800.40267274
2026-03-21 08:00:00,56.33,56.59,55.96,56.02,7026.997213,394817.43528463
2026-03-21 12:00:00,56.02,56.07,55.61,55.75,8650.004812,482814.05705725
2026-03-21 16:00:00,55.77,56.38,55.57,55.86,14554.420819,815952.79348249
2026-03-21 20:00:00,55.86,56.03,54.4,54.81,16005.708289,883804.75165315
2026-03-22 00:00:00,54.79,55.04,54.12,54.72,19633.821005,1071962.66743387
2026-03-22 04:00:00,54.72,54.91,54.4,54.4,7039.863417,384604.8007261
2026-03-22 08:00:00,54.39,54.4,53.78,53.95,13368.367229,723157.7313373
2026-03-22 12:00:00,53.94,54.34,53.94,54.24,15091.351518,816876.43166787
2026-03-22 16:00:00,54.24,54.25,53.67,53.77,11510.06964,621040.56929608
2026-03-22 20:00:00,53.78,53.87,53.02,53.51,9910.787431,529866.00673931
2026-03-23 00:00:00,53.52,54.18,53.33,53.93,9019.472665,485289.40875512
2026-03-23 04:00:00,53.94,54.28,53.29,53.64,9577.244214,515178.72535436
2026-03-23 08:00:00,53.65,56.17,53.43,54.94,59124.260539,3261591.17961917
2026-03-23 12:00:00,54.95,56.0,54.7,55.08,17445.269747,966269.57947802
2026-03-23 16:00:00,55.1,55.83,55.02,55.34,9320.433569,516337.61526838
2026-03-23 20:00:00,55.34,55.86,55.27,55.72,10351.702547,575885.76708777
2026-03-24 00:00:00,55.73,55.81,55.04,55.57,8937.707761,495498.46984097
2026-03-24 04:00:00,55.58,56.02,55.31,55.95,26510.016743,1474152.37896193
2026-03-24 08:00:00,55.97,56.01,55.58,55.7,9121.656053,509061.4757581
2026-03-24 12:00:00,55.7,55.92,55.16,55.7,25684.42773,1426370.84185789
2026-03-24 16:00:00,55.7,55.94,55.35,55.74,8457.112724,470335.40277238
2026-03-24 20:00:00,55.74,56.48,55.71,56.38,9825.289394,551645.36013546
2026-03-25 00:00:00,56.4,56.68,55.98,56.27,16266.322691,917259.91460617
2026-03-25 04:00:00,56.27,56.64,56.22,56.41,5651.599394,319040.4293521
2026-03-25 08:00:00,56.4,56.73,56.28,56.41,16704.025888,943786.4778156
2026-03-25 12:00:00,56.45,56.74,55.8,56.04,27363.157538,1541605.64068527
2026-03-25 16:00:00,56.03,56.5,55.95,56.32,8726.808958,491493.31501508
2026-03-25 20:00:00,56.33,56.78,56.15,56.65,10535.214642,594823.41044691
2026-03-26 00:00:00,56.63,56.67,55.83,55.95,4828.899843,271432.33790983
2026-03-26 04:00:00,55.93,55.95,55.08,55.28,16279.586188,902580.94941042
2026-03-26 08:00:00,55.28,55.33,54.53,54.62,12171.912927,667699.71510271
2026-03-26 12:00:00,54.6,55.22,54.41,54.71,10422.915047,571188.9420896
2026-03-26 16:00:00,54.7,54.91,54.24,54.27,17062.243843,928893.03552741
2026-03-26 20:00:00,54.29,55.02,54.23,54.59,15375.742381,841797.03178747
2026-03-27 00:00:00,54.59,55.04,54.52,54.95,4468.353695,244842.95869264
2026-03-27 04:00:00,54.94,55.2,54.65,54.92,5224.522384,286967.21115104
2026-03-27 08:00:00,54.92,54.99,53.49,53.82,24301.727829,1317198.43473551
2026-03-27 12:00:00,53.82,54.68,53.6,54.34,28450.861844,1536714.11147927
2026-03-27 16:00:00,54.32,54.5,53.54,53.71,14277.47331,771842.1369929
2026-03-27 20:00:00,53.68,53.74,53.3,53.72,7679.030903,411230.71090339
2026-03-28 00:00:00,53.73,53.78,53.27,53.57,8021.481552,429534.6971448
2026-03-28 04:00:00,53.57,53.9,53.48,53.89,4026.404365,216303.98322565
2026-03-28 08:00:00,53.9,54.07,53.7,54.05,6717.776497,362347.89002361
2026-03-28 12:00:00,54.06,54.93,53.91,54.55,11188.799589,610166.74362043
2026-03-28 16:00:00,54.57,54.79,53.92,54.16,16246.919807,882178.51714808
2026-03-28 20:00:00,54.16,54.31,53.64,53.86,10774.784977,582614.63222041
2026-03-29 00:00:00,53.85,54.38,53.74,54.3,4564.315068,246691.3663753
2026-03-29 04:00:00,54.31,54.31,53.95,54.07,3322.092838,179782.15197453
2026-03-29 08:00:00,54.07,54.1,53.7,53.88,9690.345249,521930.41457817
2026-03-29 12:00:00,53.89,53.95,53.42,53.52,9076.830589,487278.25210683
2026-03-29 16:00:00,53.51,53.63,53.09,53.36,5816.117619,310250.06776646
2026-03-29 20:00:00,53.37,53.8,52.24,53.33,14431.551093,766023.05162204
2026-03-30 00:00:00,53.35,54.32,53.25,54.04,14633.544791,788550.61752153
2026-03-30 04:00:00,54.05,54.25,53.4,54.13,36889.085514,1984747.46943767
2026-03-30 08:00:00,54.13,54.41,53.69,53.75,14987.09708,809631.34581391
2026-03-30 12:00:00,53.76,54.17,53.55,53.92,24233.142423,1304596.72587797
2026-03-30 16:00:00,53.91,54.17,53.07,53.36,24413.511429,1313229.7234284
2026-03-30 20:00:00,53.37,53.63,53.17,53.35,10832.233865,578529.73920861
2026-03-31 00:00:00,53.36,54.14,53.3,53.74,28939.180981,1554187.24546349
2026-03-31 04:00:00,53.74,53.97,53.56,53.85,6270.754279,337199.07522707
2026-03-31 08:00:00,53.85,54.02,53.14,53.51,22330.207129,1192782.47927697
2026-03-31 12:00:00,53.51,54.24,53.3,53.4,18314.614128,983892.49519281
2026-03-31 16:00:00,53.41,54.27,53.31,54.06,15819.086306,852086.07060507
2026-03-31 20:00:00,54.06,54.17,53.73,53.95,9451.731847,510070.763175
2026-04-01 00:00:00,53.95,54.19,53.83,54.11,7389.401837,399037.42772517
2026-04-01 04:00:00,54.1,54.78,53.92,54.31,14731.701775,800802.55284615
2026-04-01 08:00:00,54.29,54.43,53.94,54.04,14759.079457,798895.69836262
2026-04-01 12:00:00,54.04,54.45,53.75,54.26,19048.920196,1030617.88415397
2026-04-01 16:00:00,54.25,54.59,54.06,54.2,8011.364215,434730.70421817
2026-04-01 20:00:00,54.21,54.42,53.79,53.81,5347.036689,289543.12624514
2026-04-02 00:00:00,53.82,54.12,52.3,52.48,24952.215062,1322610.02681175
2026-04-02 04:00:00,52.47,52.61,51.96,52.46,16901.841494,883806.89360053
2026-04-02 08:00:00,52.45,52.45,51.54,51.72,23891.054854,1242823.37147867
2026-04-02 12:00:00,51.7,52.33,51.41,51.97,25619.087491,1328795.82719377
2026-04-02 16:00:00,51.98,52.32,51.62,52.06,8184.633963,425223.02076998
2026-04-02 20:00:00,52.06,52.3,51.95,52.28,5940.506187,309409.88098508
2026-04-03 00:00:00,52.29,52.53,52.13,52.53,9497.002523,497142.96378849
2026-04-03 04:00:00,52.53,53.16,52.53,52.85,19158.752701,1012700.40066525
2026-04-03 08:00:00,52.86,53.08,52.8,52.97,10164.891535,538240.88312304
2026-04-03 12:00:00,52.98,53.27,52.73,52.92,12133.937362,642633.87929667
2026-04-03 16:00:00,52.93,53.36,52.9,53.13,6444.232681,342480.75156115
2026-04-03 20:00:00,53.14,53.48,53.12,53.22,6757.909328,360410.85311903
2026-04-04 00:00:00,53.23,53.36,53.09,53.23,5254.564885,279622.59001377
2026-04-04 04:00:00,53.22,53.31,53.0,53.19,3099.166952,164797.50023886
2026-04-04 08:00:00,53.2,53.35,53.08,53.35,5431.202685,289072.0574426
2026-04-04 12:00:00,53.36,53.63,53.25,53.48,8031.712507,429039.98226791
2026-04-04 16:00:00,53.48,53.87,53.42,53.55,9436.854128,506047.29084022
2026-04-04 20:00:00,53.55,53.64,53.45,53.59,2484.082317,133025.26746569
2026-04-05 00:00:00,53.59,53.65,53.35,53.36,5196.639483,277951.8666634
2026-04-05 04:00:00,53.36,53.4,52.62,52.73,14529.967828,769043.74433669
2026-04-05 08:00:00,52.73,53.02,52.69,52.89,8088.073823,427061.78004615
2026-04-05 12:00:00,52.88,53.48,52.6,53.22,7655.39496,405259.78794697
2026-04-05 16:00:00,53.23,53.55,53.09,53.49,3432.980144,183083.88324205
2026-04-05 20:00:00,53.51,54.23,53.39,54.13,16907.01467,911149.18464829
2026-04-06 00:00:00,54.15,54.49,54.0,54.27,10408.821902,564943.4358548
2026-04-06 04:00:00,54.27,54.51,53.99,54.06,21943.162452,1190742.2389294
2026-04-06 08:00:00,54.08,54.61,54.04,54.34,19758.09341,1073945.23140406
2026-04-06 12:00:00,54.35,54.42,54.02,54.28,14688.518273,796503.58602022
2026-04-06 16:00:00,54.27,54.4,53.83,54.02,8006.861174,433148.23938227
2026-04-06 20:00:00,54.02,54.05,53.22,53.53,6705.327469,359950.63997834
2026-04-07 00:00:00,53.53,53.64,53.3,53.52,3441.249357,184160.33406968
2026-04-07 04:00:00,53.5,53.61,53.2,53.33,4585.369879,244544.80583024
2026-04-07 08:00:00,53.33,53.58,53.01,53.21,19741.144396,1050694.25453854
2026-04-07 12:00:00,53.21,53.68,52.93,53.43,23118.918924,1232855.18232339
2026-04-07 16:00:00,53.43,53.95,53.29,53.73,9434.534603,505721.08229092
2026-04-07 20:00:00,53.76,55.76,53.72,55.38,55183.408113,3036661.51516829
2026-04-08 00:00:00,55.39,55.6,54.92,55.01,29483.771195,1629143.77653289
2026-04-08 04:00:00,55.02,55.26,55.0,55.13,15413.15289,849590.32371963
2026-04-08 08:00:00,55.14,55.27,54.8,55.1,7450.067349,410427.21092406
2026-04-08 12:00:00,55.09,55.39,54.32,54.65,16617.632704,912541.62872376
2026-04-08 16:00:00,54.64,54.73,53.97,54.33,8528.942764,463351.05283063
2026-04-08 20:00:00,54.34,54.52,53.88,53.95,5977.121967,324070.84287465
2026-04-09 00:00:00,53.95,54.13,53.62,53.97,9728.698997,524709.70568613
2026-04-09 04:00:00,53.96,54.09,53.83,53.98,4999.037572,269773.72460829
2026-04-09 08:00:00,53.97,54.05,53.69,53.78,10741.035449,578645.38708699
2026-04-09 12:00:00,53.77,54.9,53.67,54.7,11613.691303,629866.30256336
2026-04-09 16:00:00,54.72,54.88,54.4,54.77,10483.267374,572636.84599353
2026-04-09 20:00:00,54.78,55.26,54.45,54.54,12032.219658,660100.78901252
2026-04-10 00:00:00,54.55,54.67,54.27,54.43,7113.743031,387414.65177068
2026-04-10 04:00:00,54.44,54.7,54.3,54.32,4235.691828,230826.63105098
2026-04-10 08:00:00,54.34,54.76,54.24,54.68,8610.208193,469653.22854039
2026-04-10 12:00:00,54.67,55.52,54.67,54.9,18476.135212,1016477.84917691
2026-04-10 16:00:00,54.91,55.27,54.91,55.25,7523.962286,414326.99534006
2026-04-10 20:00:00,55.24,55.45,54.9,54.96,6801.245666,374950.7713845
2026-04-11 00:00:00,54.96,54.98,54.61,54.74,4826.876786,264271.43812255
2026-04-11 04:00:00,54.74,54.8,54.41,54.6,3974.107109,216975.07022571
2026-04-11 08:00:00,54.61,54.71,54.5,54.55,3746.834252,204529.36087671
2026-04-11 12:00:00,54.56,54.69,54.35,54.58,6508.805035,354989.97767581
2026-04-11 16:00:00,54.6,55.7,54.53,55.65,13652.174264,753969.89687483
2026-04-11 20:00:00,55.65,55.65,54.96,55.05,6272.209103,346789.44541717
2026-04-12 00:00:00,55.06,55.07,53.76,54.03,11156.948988,605844.66734406
2026-04-12 04:00:00,54.04,54.1,53.76,53.84,5928.063563,319829.75103644
2026-04-12 08:00:00,53.83,53.98,53.64,53.87,4785.952639,257591.08015924
2026-04-12 12:00:00,53.86,53.95,53.48,53.57,7452.297,400103.1357231
2026-04-12 16:00:00,53.55,53.94,53.53,53.73,4979.312492,267640.65147088
2026-04-12 20:00:00,53.73,53.97,53.38,53.5,5178.420839,277539.57685615
2026-04-13 00:00:00,53.5,53.87,53.45,53.72,5189.348249,278743.72645501
2026-04-13 04:00:00,53.72,53.89,53.13,53.18,11725.052094,626170.04674222
2026-04-13 08:00:00,53.19,53.28,52.67,52.82,19871.701114,1051553.49784664
2026-04-13 12:00:00,52.8,53.43,52.75,52.95,26590.55278,1411602.67818408
2026-04-13 16:00:00,52.94,53.79,52.74,53.72,19943.908764,1059391.4822793
2026-04-13 20:00:00,53.74,54.75,53.37,54.62,23797.703018,1289238.77109473
2026-04-14 00:00:00,54.63,54.66,54.06,54.2,11692.47523,635074.90827783
2026-04-14 04:00:00,54.2,54.41,54.02,54.38,9383.48388,508642.56085181
2026-04-14 08:00:00,54.38,54.9,54.32,54.54,13125.204033,716658.95298065
2026-04-14 12:00:00,54.54,55.28,54.41,54.73,33900.47467,1859365.921389
2026-04-14 16:00:00,54.74,54.97,54.17,54.52,26100.428841,1424084.83436261
2026-04-14 20:00:00,54.53,54.65,54.2,54.29,14617.410041,795976.72071669
2026-04-15 00:00:00,54.29,54.52,54.03,54.08,9671.009779,524641.02112074
2026-04-15 04:00:00,54.09,54.29,53.83,54.03,12795.020075,691584.35067044
2026-04-15 08:00:00,54.04,54.61,53.98,54.52,8558.612853,465086.27451656
2026-04-15 12:00:00,54.52,55.25,54.45,55.07,22781.513556,1250741.53687757
2026-04-15 16:00:00,55.06,55.66,54.94,55.53,12308.594318,680145.97744839
2026-04-15 20:00:00,55.53,55.59,55.0,55.16,8626.151756,476426.87924007
2026-04-16 00:00:00,55.18,55.44,54.83,55.31,10561.538944,582245.28902308
2026-04-16 04:00:00,55.3,55.73,55.24,55.57,19583.611862,1087407.30476803
2026-04-16 08:00:00,55.56,55.72,55.21,55.31,12615.120622,699013.62074061
2026-04-16 12:00:00,55.31,55.99,54.58,55.88,42773.792928,2368700.73244444
2026-04-16 16:00:00,55.88,56.61,55.24,56.53,31982.389109,1788585.87191305
2026-04-16 20:00:00,56.54,56.58,55.7,56.36,12934.198813,726519.4113018
2026-04-17 00:00:00,56.35,56.41,55.59,55.59,19151.149604,1070918.21593594
2026-04-17 04:00:00,55.59,56.05,55.35,55.99,9175.940279,511075.22032348
2026-04-17 08:00:00,55.99,56.43,55.84,56.2,23447.224299,1315385.93558408
2026-04-17 12:00:00,56.21,57.42,56.09,56.55,53585.99379,3052590.34442587
2026-04-17 16:00:00,56.56,57.13,56.34,56.78,22829.864032,1295935.71422893
2026-04-17 20:00:00,56.78,56.87,56.31,56.4,11034.41099,624202.77677961
2026-04-18 00:00:00,56.4,56.6,56.21,56.24,9013.897651,508060.40647566
2026-04-18 04:00:00,56.25,56.67,56.08,56.6,5683.458746,320308.97957938
2026-04-18 08:00:00,56.59,56.63,55.74,56.0,25236.450841,1414643.18871579
2026-04-18 12:00:00,55.99,56.1,55.58,55.85,14680.758016,820218.85300373
2026-04-18 16:00:00,55.84,56.0,55.23,55.42,15985.763103,888948.27851803
2026-04-18 20:00:00,55.43,55.85,55.34,55.65,5629.209594,313091.69588557
2026-04-19 00:00:00,55.67,55.77,55.32,55.48,4649.064193,258229.84635705
2026-04-19 04:00:00,55.51,55.81,54.68,55.11,16257.497841,898043.44152636
2026-04-19 08:00:00,55.1,55.28,54.89,55.22,12405.935345,683488.57074487
2026-04-19 12:00:00,55.22,55.71,55.08,55.46,11223.623858,621941.2229339
2026-04-19 16:00:00,55.47,55.55,54.5,54.74,14188.879809,778240.65201214
2026-04-19 20:00:00,54.73,54.81,53.92,54.06,18085.016479,983181.77110897
2026-04-20 00:00:00,54.07,54.65,54.0,54.65,9099.350439,494998.49015328
2026-04-20 04:00:00,54.65,55.43,54.45,54.96,8216.702954,450976.59995144
2026-04-20 08:00:00,54.97,55.25,54.77,54.89,10433.646223,573206.92970586
2026-04-20 12:00:00,54.89,55.35,54.64,55.17,16760.875452,922518.08614935
2026-04-20 16:00:00,55.15,55.41,54.85,55.2,11793.495286,650545.20767526
2026-04-20 20:00:00,55.18,55.37,54.91,55.03,6683.552174,368357.70555973
2026-04-21 00:00:00,55.03,55.25,54.68,54.81,5298.210352,291081.86816717
2026-04-21 04:00:00,54.81,55.42,54.8,55.31,15830.010466,873546.19928529
2026-04-21 08:00:00,55.31,55.66,55.17,55.46,9435.947928,523487.98494383
2026-04-21 12:00:00,55.46,55.86,55.21,55.37,8260.870588,458657.44381054
2026-04-21 16:00:00,55.38,55.47,54.73,54.85,23813.403726,1312753.8415223
2026-04-21 20:00:00,54.85,55.6,54.84,55.57,9334.602379,515293.57364408
2026-04-22 00:00:00,55.59,56.09,55.49,55.84,11510.267152,642237.5986029
2026-04-22 04:00:00,55.85,56.47,55.8,56.18,26020.782428,1460383.40359292
2026-04-22 08:00:00,56.19,56.34,55.79,56.23,17060.577075,956429.93948852
2026-04-22 12:00:00,56.23,56.54,56.02,56.46,27775.636074,1564121.32365087
2026-04-22 16:00:00,56.47,56.5,55.86,55.98,8008.432615,449712.74257795
2026-04-22 20:00:00,55.98,56.12,55.48,55.5,9320.008268,520211.92137673
2026-04-23 00:00:00,55.51,55.97,54.91,55.14,32912.35022,1824035.9732586
2026-04-23 04:00:00,55.11,55.35,55.06,55.16,9182.239108,506420.47383738
2026-04-23 08:00:00,55.17,55.51,54.97,55.45,9893.150595,545348.81142709
2026-04-23 12:00:00,55.47,55.97,55.43,55.87,13707.26115,761909.54099203
2026-04-23 16:00:00,55.87,55.88,55.11,55.5,12077.011052,670154.35254584
2026-04-23 20:00:00,55.49,56.25,55.46,56.22,13116.814519,733915.11560878
2026-04-24 00:00:00,56.22,56.3,55.74,55.86,6130.594551,343408.54761978
2026-04-24 04:00:00,55.86,56.14,55.77,56.11,2905.152029,162576.16629465
2026-04-24 08:00:00,56.13,56.52,55.81,56.4,17173.597402,966120.49138606
2026-04-24 12:00:00,56.39,56.7,56.05,56.59,21121.200748,1188857.37694357
2026-04-24 16:00:00,56.59,56.76,56.36,56.7,14661.684327,828737.08680862
2026-04-24 20:00:00,56.72,56.78,56.35,56.53,6168.76839,349151.04776076
2026-04-25 00:00:00,56.54,56.7,56.34,56.68,6529.238276,369345.14624025
2026-04-25 04:00:00,56.67,56.72,56.28,56.42,10545.510077,595030.16680256
2026-04-25 08:00:00,56.42,56.6,56.18,56.27,6547.435938,369273.15687256
2026-04-25 12:00:00,56.27,56.61,56.16,56.45,6485.626416,365542.79395125
2026-04-25 16:00:00,56.44,56.54,55.91,56.07,6193.277438,347683.30279073
2026-04-25 20:00:00,56.06,56.12,55.93,56.05,6407.518717,358903.80763261
2026-04-26 00:00:00,56.04,56.04,55.76,55.85,5922.771712,331226.33656246
2026-04-26 04:00:00,55.84,56.33,55.78,56.3,5311.50687,298164.99941926
2026-04-26 08:00:00,56.32,56.35,56.14,56.29,4390.381638,246994.05885831
2026-04-26 12:00:00,56.29,56.32,55.87,56.06,3932.90783,220446.56044123
2026-04-26 16:00:00,56.06,56.41,55.77,56.31,4326.456055,242439.13713652
2026-04-26 20:00:00,56.32,56.46,55.98,56.27,5833.504157,328343.14013382
2026-04-27 00:00:00,56.28,56.79,56.05,56.65,15424.331346,871587.65777079
2026-04-27 04:00:00,56.64,56.65,55.22,55.29,21437.403431,1196561.54337986
2026-04-27 08:00:00,55.28,55.51,55.21,55.43,4010.318239,222151.04423269
2026-04-27 12:00:00,55.43,55.91,54.95,55.18,15221.2073,842989.68939786
2026-04-27 16:00:00,55.18,55.54,55.05,55.32,11359.747932,628300.30698467
2026-04-27 20:00:00,55.33,55.6,55.23,55.56,8722.104442,483136.8158298
2026-04-28 00:00:00,55.57,55.64,55.31,55.41,3526.359935,195641.47486342
2026-04-28 04:00:00,55.42,55.5,55.02,55.23,6838.394498,378049.54841363
2026-04-28 08:00:00,55.23,55.41,54.95,54.97,7339.122994,404493.65766893
2026-04-28 12:00:00,54.98,55.15,54.69,55.08,9992.886884,549144.4461358
2026-04-28 16:00:00,55.08,55.47,54.99,55.44,12087.989171,666845.74635132
2026-04-28 20:00:00,55.45,55.76,55.4,55.69,7428.388063,412930.58833151
2026-04-29 00:00:00,55.71,55.93,55.47,55.93,7094.639612,395278.35569824
2026-04-29 04:00:00,55.93,56.1,55.81,56.0,7239.057391,405122.2816146
2026-04-29 08:00:00,56.03,57.71,55.87,56.81,51625.158652,2937107.42428681
2026-04-29 12:00:00,56.81,57.07,55.0,55.21,37267.610807,2093081.66644636
2026-04-29 16:00:00,55.21,55.59,54.33,54.76,32957.396372,1812427.43920024
2026-04-29 20:00:00,54.78,55.37,54.7,55.32,7148.171464,393539.73571873
2026-04-30 00:00:00,55.33,55.72,55.14,55.34,8342.08683,462787.72077724
2026-04-30 04:00:00,55.33,55.69,54.94,55.61,7747.089456,428726.60461127
2026-04-30 08:00:00,55.6,55.96,55.49,55.71,10513.720694,586022.11185087
2026-04-30 12:00:00,55.72,55.98,55.51,55.62,26116.317763,1454960.13322886
2026-04-30 16:00:00,55.62,55.7,55.3,55.3,5148.754524,285715.60115115
2026-04-30 20:00:00,55.29,55.37,55.05,55.2,7995.385591,441303.69046328
2026-05-01 00:00:00,55.18,55.65,55.16,55.43,5038.761786,278874.29833574
2026-05-01 04:00:00,55.43,55.52,55.15,55.31,10132.055371,560725.89175294
2026-05-01 08:00:00,55.3,55.37,54.89,55.16,9937.405735,548605.33524871
2026-05-01 12:00:00,55.17,55.84,55.11,55.63,18509.959141,1027530.51273342
2026-05-01 16:00:00,55.67,56.01,55.43,55.75,18911.150659,1054983.04993141
2026-05-01 20:00:00,55.76,55.8,55.29,55.4,9699.876012,539041.82846834
2026-05-02 00:00:00,55.4,55.71,55.36,55.64,4607.096698,255834.37459362
2026-05-02 04:00:00,55.65,55.65,55.28,55.41,4035.896936,223606.46174794
2026-05-02 08:00:00,55.39,55.48,55.13,55.23,5246.729236,290287.03307202
2026-05-02 12:00:00,55.21,55.41,55.15,55.38,5502.347418,304258.95549565
2026-05-02 16:00:00,55.39,55.45,55.15,55.3,4541.889089,251166.19611991
2026-05-02 20:00:00,55.31,55.44,55.04,55.38,14092.582272,778231.41353636
2026-05-03 00:00:00,55.4,55.41,54.9,55.06,4825.78524,265765.59407425
2026-05-03 04:00:00,55.05,55.14,54.89,55.03,6500.754173,357505.43864534
2026-05-03 08:00:00,55.04,55.36,54.86,55.18,7921.406373,436126.55045539
2026-05-03 12:00:00,55.18,55.39,55.13,55.35,7913.767358,437553.48790961
2026-05-03 16:00:00,55.35,55.46,55.24,55.43,7603.399538,420925.92971823
2026-05-03 20:00:00,55.44,55.75,55.27,55.3,7481.522357,415562.06799372
2026-05-04 00:00:00,55.3,56.25,55.0,56.13,17910.215157,998497.27711578
2026-05-04 04:00:00,56.13,56.42,55.81,55.9,13382.03965,751633.22418489
2026-05-04 08:00:00,55.89,55.95,54.95,55.24,24528.713067,1359500.09332556
2026-05-04 12:00:00,55.24,55.75,54.96,55.25,14894.365346,823849.39881937
2026-05-04 16:00:00,55.26,55.52,55.06,55.21,11391.919965,629278.9112393
2026-05-04 20:00:00,55.21,55.38,54.92,54.98,19029.727795,1048862.63804219
2026-05-05 00:00:00,54.97,55.28,54.8,55.12,14692.886691,808739.8030048
2026-05-05 04:00:00,55.11,55.39,55.03,55.31,9649.733712,532245.04464415
2026-05-05 08:00:00,55.3,55.56,55.21,55.54,9297.878354,514848.3404963
2026-05-05 12:00:00,55.54,55.93,55.41,55.62,21189.000472,1179666.75133092
2026-05-05 16:00:00,55.62,56.1,55.41,56.08,10437.230309,582488.06005751
2026-05-05 20:00:00,56.07,56.63,56.07,56.33,26226.850119,1479107.06863494
2026-05-06 00:00:00,56.34,56.77,56.07,56.73,17121.662485,967139.36501464
2026-05-06 04:00:00,56.74,57.25,56.55,57.13,21950.552987,1249290.08366214
2026-05-06 08:00:00,57.15,57.94,57.14,57.69,44244.681999,2551041.80043208
2026-05-06 12:00:00,57.69,57.85,56.45,57.1,46805.158357,2669692.96445542
2026-05-06 16:00:00,57.09,57.25,56.75,56.97,15938.559816,908565.06296052
2026-05-06 20:00:00,56.94,57.12,56.42,56.76,8014.030519,455110.76953139
2026-05-07 00:00:00,56.76,56.83,56.18,56.19,12724.855867,716998.37526261
2026-05-07 04:00:00,56.2,57.13,56.17,57.13,8803.506303,500449.84241096
2026-05-07 08:00:00,57.12,57.23,56.63,57.13,30092.903158,1715162.88067716
2026-05-07 12:00:00,57.13,57.39,56.08,56.24,34309.02395,1952953.17084943
2026-05-07 16:00:00,56.24,56.76,56.07,56.46,10042.255917,566974.00436505
2026-05-07 20:00:00,56.46,56.78,56.09,56.44,14544.812249,819886.17508013
2026-05-08 00:00:00,56.45,56.66,56.07,56.43,7544.170554,425182.72023222
2026-05-08 04:00:00,56.42,56.64,56.21,56.53,7554.635969,426108.89855723
2026-05-08 08:00:00,56.54,56.71,56.4,56.58,15664.824055,885582.7575255
2026-05-08 12:00:00,56.59,57.87,56.45,57.82,22210.713432,1268120.64344402
2026-05-08 16:00:00,57.82,58.98,57.38,58.46,36132.810673,2101677.87169356
2026-05-08 20:00:00,58.47,58.55,58.0,58.33,12959.281132,755035.17792791
2026-05-09 00:00:00,58.31,59.14,58.26,58.69,19269.574073,1132970.34386806
2026-05-09 04:00:00,58.69,58.87,58.43,58.52,10101.178328,592036.50960601
2026-05-09 08:00:00,58.52,58.76,58.17,58.24,12511.997735,729825.33237564
2026-05-09 12:00:00,58.26,58.35,57.63,57.79,10040.909318,581995.276272
2026-05-09 16:00:00,57.79,58.24,57.71,58.13,7379.065609,428331.88430542
2026-05-09 20:00:00,58.14,58.31,57.97,57.98,3984.558163,231661.43019021
2026-05-10 00:00:00,57.99,58.16,57.67,57.94,6857.182397,396822.89956123
2026-05-10 04:00:00,57.94,58.38,57.84,58.33,6485.98904,376834.65698227
2026-05-10 08:00:00,58.33,58.74,58.19,58.39,7105.711716,415425.26250907
2026-05-10 12:00:00,58.4,59.08,58.24,59.07,7529.397582,441952.54750121
2026-05-10 16:00:00,59.07,60.0,59.01,59.71,29864.298246,1779851.13414657
2026-05-10 20:00:00,59.73,60.58,58.02,60.41,44941.213217,2666537.63636374
2026-05-11 00:00:00,60.41,60.57,58.43,58.72,26832.938422,1590750.28826036
2026-05-11 04:00:00,58.73,59.08,58.52,58.87,10585.145961,622455.53561024
2026-05-11 08:00:00,58.87,58.91,58.38,58.72,18664.903249,1094609.30040945
2026-05-11 12:00:00,58.73,59.04,58.08,59.01,18489.927826,1082265.27138634
2026-05-11 16:00:00,59.01,59.33,58.65,58.97,17167.039418,1011699.78595068
2026-05-11 20:00:00,58.98,59.11,58.39,58.51,11155.136551,655352.18916716
2026-05-12 00:00:00,58.52,58.66,57.7,58.05,16432.852574,955112.10943832
2026-05-12 04:00:00,58.04,58.5,58.02,58.41,9313.817092,542672.67109608
2026-05-12 08:00:00,58.41,58.45,57.65,57.88,16156.42491,936571.49492925
2026-05-12 12:00:00,57.88,57.91,57.06,57.29,15385.951302,884128.71809845
2026-05-12 16:00:00,57.29,57.86,57.1,57.78,7407.699697,426140.93205263
2026-05-12 20:00:00,57.79,58.31,57.77,58.12,9995.432207,580000.45063087
2026-05-13 00:00:00,58.11,58.55,57.63,58.53,18315.204641,1064256.57124584
2026-05-13 04:00:00,58.52,58.6,58.07,58.47,9764.01795,569381.52082289
2026-05-13 08:00:00,58.47,58.97,58.08,58.14,12478.150022,730927.28216176
2026-05-13 12:00:00,58.15,58.25,56.29,56.35,37750.471398,2162020.39291065
2026-05-13 16:00:00,56.34,57.17,56.34,56.8,9031.156528,513756.95969958
2026-05-13 20:00:00,56.8,57.09,56.56,56.99,5637.326555,320612.04234683
2026-05-14 00:00:00,57.0,57.25,56.64,56.71,8194.43411,467333.17546614
2026-05-14 04:00:00,56.71,57.38,56.63,57.09,8584.559993,490215.58930864
2026-05-14 08:00:00,57.11,57.23,56.86,56.94,9182.859929,523566.01566078
2026-05-14 12:00:00,56.93,58.26,56.9,58.09,21142.669079,1220903.16899578
2026-05-14 16:00:00,58.1,59.54,57.79,58.92,18865.023528,1107760.39549298
2026-05-14 20:00:00,58.93,58.97,58.13,58.21,23456.254074,1371879.69459635
2026-05-15 00:00:00,58.22,58.5,57.86,58.1,5457.397367,317322.47256517
2026-05-15 04:00:00,58.09,58.41,57.34,58.24,14454.000458,836205.81300451
2026-05-15 08:00:00,58.26,58.51,57.89,58.1,16654.135364,969037.62665946
2026-05-15 12:00:00,58.09,58.18,56.39,56.92,40262.134659,2293060.73413589
2026-05-15 16:00:00,56.92,57.5,56.84,57.27,12310.315157,704642.9232588
2026-05-15 20:00:00,57.28,57.56,57.17,57.51,5484.274001,314669.36924719
2026-05-16 00:00:00,57.51,57.71,57.1,57.14,17588.015813,1010714.72384836
2026-05-16 04:00:00,57.12,57.16,55.68,56.12,35460.943525,2001228.21171435
2026-05-16 08:00:00,56.12,56.31,55.59,55.95,31428.985282,1754761.90862895
2026-05-16 12:00:00,55.95,56.31,55.9,56.23,8334.758069,467717.61679779
2026-05-16 16:00:00,56.22,56.37,56.12,56.14,4315.384202,242650.99289107
2026-05-16 20:00:00,56.15,56.26,56.03,56.14,4365.01655,244966.77796282
2026-05-17 00:00:00,56.14,56.25,55.77,56.19,6052.660611,338811.4895875
2026-05-17 04:00:00,56.2,56.43,56.14,56.33,8634.596126,485936.31090449
2026-05-17 08:00:00,56.35,56.51,56.19,56.36,4293.428531,241925.74408695
2026-05-17 12:00:00,56.35,56.46,55.77,56.0,5599.580469,313776.96454746
2026-05-17 16:00:00,56.0,56.1,55.68,56.06,3795.857559,212088.75529934
2026-05-17 20:00:00,56.07,56.25,53.75,54.58,37936.456306,2080068.89950574
2026-05-18 00:00:00,54.58,54.58,53.83,54.19,22364.666134,1211730.42314725
2026-05-18 04:00:00,54.19,54.35,53.49,53.74,16818.656317,906357.46473545
2026-05-18 08:00:00,53.74,54.05,53.36,53.84,10685.901544,573468.61628457
2026-05-18 12:00:00,53.85,54.13,53.18,53.54,13210.11821,708608.38695061
2026-05-18 16:00:00,53.53,54.29,53.41,54.22,7432.607038,399610.98953509
2026-05-18 20:00:00,54.22,54.57,54.07,54.37,5843.222559,317612.73900865
2026-05-19 00:00:00,54.38,54.6,54.11,54.3,3704.960012,201398.77237918
2026-05-19 04:00:00,54.31,54.54,54.14,54.48,5419.176787,294868.82558976
2026-05-19 08:00:00,54.48,54.48,53.94,53.94,9308.270244,504019.60313982
2026-05-19 12:00:00,53.96,54.36,53.5,53.83,7583.854747,409412.8407542
2026-05-19 16:00:00,53.84,54.24,53.78,54.08,6244.595397,337679.79839296
2026-05-19 20:00:00,54.08,54.53,54.01,54.51,6592.859232,358135.99267341
2026-05-20 00:00:00,54.5,54.55,53.3,53.81,34000.731434,1834845.39808977
2026-05-20 04:00:00,53.82,54.3,53.66,54.16,7695.141757,416337.78762625
2026-05-20 08:00:00,54.15,54.3,53.76,53.85,11954.478159,646354.59472444
2026-05-20 12:00:00,53.85,54.48,53.56,54.26,15644.562569,846200.45733846
2026-05-20 16:00:00,54.29,54.45,54.01,54.22,7985.440696,433235.42374669
2026-05-20 20:00:00,54.23,54.32,53.81,53.96,8291.853539,448725.8632241
2026-05-21 00:00:00,53.96,54.5,53.9,54.47,12808.334739,695829.03405249
2026-05-21 04:00:00,54.47,54.54,54.24,54.47,12604.506804,685764.95292707
2026-05-21 08:00:00,54.47,54.67,53.33,53.52,22498.98527,1214097.21753633
2026-05-21 12:00:00,53.53,54.05,53.5,53.96,7029.491692,378034.35708819
2026-05-21 16:00:00,53.96,54.43,53.61,54.22,13962.067753,755517.73101118
2026-05-21 20:00:00,54.22,54.42,54.07,54.17,4368.088989,236955.1714086
2026-05-22 00:00:00,54.19,54.44,54.11,54.35,6098.996109,331031.46205926
2026-05-22 04:00:00,54.35,54.49,54.04,54.38,4900.287226,266218.21688948
2026-05-22 08:00:00,54.38,54.59,53.97,54.25,11221.333488,608474.49977749
2026-05-22 12:00:00,54.25,54.39,53.67,54.03,17854.821348,965708.49832894
2026-05-22 16:00:00,54.03,54.45,52.77,53.28,20283.30309,1085267.71186275
2026-05-22 20:00:00,53.25,53.49,52.28,52.66,13329.633794,705066.98616609
2026-05-23 00:00:00,52.66,53.14,52.42,52.95,10176.567935,536515.21135059
2026-05-23 04:00:00,52.96,52.98,51.47,51.92,20061.753241,1048048.84616702
2026-05-23 08:00:00,51.92,52.19,51.78,51.97,16137.749729,839032.22687443
2026-05-23 12:00:00,51.98,52.9,51.88,52.87,14637.26549,769100.19688904
2026-05-23 16:00:00,52.9,53.4,52.74,53.34,9239.699322,489496.91566905
2026-05-23 20:00:00,53.35,54.23,53.22,53.48,15710.465962,843043.50258706
2026-05-24 00:00:00,53.49,53.55,53.28,53.36,2481.825466,132603.57796863
2026-05-24 04:00:00,53.4,53.59,53.23,53.39,3051.93246,163035.8583142
2026-05-24 08:00:00,53.39,53.67,53.33,53.62,5631.646195,301401.16580612
2026-05-24 12:00:00,53.64,53.64,52.58,52.81,9842.299524,521928.74980478
2026-05-24 16:00:00,52.79,52.93,52.7,52.82,5552.336824,293388.65125526
2026-05-24 20:00:00,52.83,52.89,52.0,52.76,6804.998595,357551.29886823
2026-05-25 00:00:00,52.78,52.98,52.5,52.58,4074.877305,214994.63883802
2026-05-25 04:00:00,52.6,53.02,52.51,52.97,3958.962299,209138.12871747
2026-05-25 08:00:00,52.98,53.13,52.68,52.69,4473.704517,236767.19830561
2026-05-25 12:00:00,52.69,53.01,52.59,52.74,10738.090525,566942.42779024
2026-05-25 16:00:00,52.76,53.16,52.76,52.87,5623.147081,297699.1659754
2026-05-25 20:00:00,52.87,52.98,52.45,52.73,8276.976874,436416.42167878
2026-05-26 00:00:00,52.74,52.75,52.13,52.31,6467.564791,338538.0733902
2026-05-26 04:00:00,52.31,52.69,52.23,52.36,5805.757451,304533.42219793
2026-05-26 08:00:00,52.34,52.98,52.27,52.79,9471.761522,498649.82699273
2026-05-26 12:00:00,52.8,53.11,52.16,52.4,21124.896951,1112877.00013793
2026-05-26 16:00:00,52.4,52.4,51.63,51.94,12937.893467,672690.29569452
2026-05-26 20:00:00,51.95,52.17,51.84,51.92,5888.332257,306138.35805417
2026-05-27 00:00:00,51.93,52.21,51.93,52.04,4147.631094,215969.23572079
2026-05-27 04:00:00,52.01,52.38,51.71,52.38,3570.373344,186204.75490767
2026-05-27 08:00:00,52.38,52.53,52.16,52.2,7237.286344,378620.39245339
2026-05-27 12:00:00,52.2,52.9,51.94,52.68,22370.627767,1172954.19506622
2026-05-27 16:00:00,52.68,52.74,52.0,52.45,6450.396293,337642.91569296
2026-05-27 20:00:00,52.46,52.57,51.68,51.98,9129.371587,475037.08990791
2026-05-28 00:00:00,51.97,52.13,50.92,51.01,15960.654926,821128.81204791
2026-05-28 04:00:00,51.03,51.03,50.35,50.85,22546.730689,1141882.00696857
2026-05-28 08:00:00,50.85,51.03,50.63,50.73,9160.512485,465401.21213803
2026-05-28 12:00:00,50.74,51.42,50.57,51.41,12760.093844,650417.86004748
2026-05-28 16:00:00,51.42,52.13,51.28,51.76,14592.857196,756579.9277445
2026-05-28 20:00:00,51.76,52.08,51.63,51.66,4331.335135,224663.16233516
2026-05-29 00:00:00,51.68,51.85,51.57,51.68,6924.004633,358119.18527926
2026-05-29 04:00:00,51.68,51.99,51.36,51.72,13115.104399,677370.26238967
2026-05-29 08:00:00,51.72,51.89,51.56,51.66,8295.07736,429419.49747496
2026-05-29 12:00:00,51.66,52.32,51.15,52.21,15269.718125,790283.64493649
2026-05-29 16:00:00,52.22,52.33,51.54,51.92,9510.148015,495025.95492106
2026-05-29 20:00:00,51.92,52.09,51.69,51.9,4844.002857,251389.20235019
2026-05-30 00:00:00,51.89,52.53,51.83,52.45,11383.736895,595973.51333095
2026-05-30 04:00:00,52.45,52.5,52.11,52.43,5630.681166,294683.13218879
2026-05-30 08:00:00,52.43,52.74,52.4,52.5,6321.559977,332466.26177896
2026-05-30 12:00:00,52.51,52.78,52.34,52.4,9162.64588,481777.15774163
2026-05-30 16:00:00,52.39,52.56,52.2,52.53,6315.628693,330711.47011198
2026-05-30 20:00:00,52.53,52.6,52.32,52.46,3218.974891,168946.03628935
2026-05-31 00:00:00,52.46,52.75,52.39,52.65,4116.47299,216533.82698448
2026-05-31 04:00:00,52.66,52.73,52.22,52.32,6366.298313,334114.49687632
2026-05-31 08:00:00,52.34,52.57,52.26,52.33,4934.049403,258566.03505233
2026-05-31 12:00:00,52.33,52.62,51.82,51.96,9407.634463,490279.67340704
2026-05-31 16:00:00,51.96,51.98,51.4,51.63,7600.400612,392487.15334755
2026-05-31 20:00:00,51.63,52.32,51.63,52.09,4883.821009,253912.91219336
2026-06-01 00:00:00,52.07,52.29,51.41,51.98,11296.563428,587278.29743523
2026-06-01 04:00:00,52.0,52.05,50.99,51.0,9879.202993,508256.64495586
2026-06-01 08:00:00,51.01,51.43,50.79,51.0,16425.557437,838582.84064918
2026-06-01 12:00:00,51.01,51.18,50.12,50.41,22164.69532,1124110.94837959
2026-06-01 16:00:00,50.41,51.05,50.11,50.9,8075.412928,409146.02230843
2026-06-01 20:00:00,50.9,51.0,50.48,50.8,5398.952881,273857.35895962
2026-06-02 00:00:00,50.81,50.84,49.88,50.28,17102.053951,857768.3199819
2026-06-02 04:00:00,50.28,50.32,49.14,49.47,13100.618827,649453.04713866
2026-06-02 08:00:00,49.47,49.68,49.17,49.37,7208.150355,356404.54764863
2026-06-02 12:00:00,49.36,49.58,47.43,47.84,33099.396948,1600709.9394449
2026-06-02 16:00:00,47.81,48.55,47.37,48.12,13147.290871,633170.86378784
2026-06-02 20:00:00,48.11,48.51,46.29,46.9,74634.119537,3563821.86034945
2026-06-03 00:00:00,46.91,47.77,46.82,47.02,20355.074806,965366.03237096
2026-06-03 04:00:00,47.03,48.53,47.03,48.41,20076.202451,967205.94113579
2026-06-03 08:00:00,48.37,48.54,48.0,48.21,19131.358095,923266.17984559
2026-06-03 12:00:00,48.18,48.3,47.55,47.66,30203.561301,1445839.50062408
2026-06-03 16:00:00,47.69,47.82,47.12,47.3,8775.449174,416556.98947645
2026-06-03 20:00:00,47.3,48.01,46.88,47.13,9366.953329,444382.65966877
2026-06-04 00:00:00,47.14,47.48,43.87,46.81,53540.833485,2446681.42934959
2026-06-04 04:00:00,46.82,46.96,46.04,46.22,16801.77284,780352.81781607
2026-06-04 08:00:00,46.22,46.53,45.05,45.62,27515.808977,1253723.28192215
2026-06-04 12:00:00,45.63,46.92,45.5,46.36,14882.266764,690674.66800198
2026-06-04 16:00:00,46.35,46.66,45.81,46.28,9701.288778,448615.37164063
2026-06-04 20:00:00,46.29,46.32,45.09,45.65,15158.535054,689945.02114139
2026-06-05 00:00:00,45.63,45.83,44.64,44.85,17329.12552,782842.37616766
2026-06-05 04:00:00,44.89,45.48,42.66,44.17,51098.747849,2237890.9203408
2026-06-05 08:00:00,44.19,44.66,43.67,44.05,17554.879636,775790.66209256
2026-06-05 12:00:00,44.05,44.58,42.72,43.2,82579.300677,3582614.39414433
2026-06-05 16:00:00,43.19,44.18,41.95,43.02,58987.392805,2538660.95631804
2026-06-05 20:00:00,43.01,44.01,42.53,43.32,22027.045182,957636.58297935
2026-06-06 00:00:00,43.32,44.01,42.64,42.68,11534.745435,500686.90194606
2026-06-06 04:00:00,42.68,42.93,40.5,42.82,38844.800344,1617962.20215111
2026-06-06 08:00:00,42.83,43.52,42.14,42.79,19793.442747,847828.89398115
2026-06-06 12:00:00,42.8,43.04,42.01,42.37,8362.933507,356507.32802382
2026-06-06 16:00:00,42.33,42.54,40.94,41.15,23428.078646,977808.07152674
2026-06-06 20:00:00,41.16,41.87,40.81,41.4,13311.775304,548645.92500284
2026-06-07 00:00:00,41.4,42.21,41.14,41.94,17788.669474,742331.73082657
2026-06-07 04:00:00,41.94,42.23,41.27,41.95,18390.565021,768855.22958261
2026-06-07 08:00:00,41.94,42.71,41.69,42.38,38914.258798,1646899.59936931
2026-06-07 12:00:00,42.38,42.46,41.52,42.09,25743.524849,1081752.32275703
2026-06-07 16:00:00,42.09,42.19,41.1,41.36,32015.197282,1337555.65966566
2026-06-07 20:00:00,41.36,43.43,41.24,42.82,40405.367879,1721026.32603236
2026-06-08 00:00:00,42.82,43.15,42.05,42.52,31037.587627,1321611.79018808
2026-06-08 04:00:00,42.53,42.9,42.1,42.83,10589.925336,450487.30591947
2026-06-08 08:00:00,42.85,43.3,42.44,43.16,30981.85853,1327361.56918105
2026-06-08 12:00:00,43.15,43.53,42.8,43.15,19603.919386,846808.72179236
2026-06-08 16:00:00,43.13,43.57,42.9,43.4,21145.672345,915190.52934899
2026-06-08 20:00:00,43.4,43.82,43.01,43.04,19647.615205,852606.61017479
2026-06-09 00:00:00,43.03,43.15,42.22,42.52,25252.662671,1075511.73412523
2026-06-09 04:00:00,42.51,43.08,42.45,42.89,7939.352107,340535.62808634
2026-06-09 08:00:00,42.9,42.92,42.27,42.49,10725.715872,456861.69646041
2026-06-09 12:00:00,42.5,42.82,41.91,41.98,46385.857369,1966620.23590174
2026-06-09 16:00:00,41.97,43.5,41.82,43.41,14983.223719,639549.08373332
2026-06-09 20:00:00,43.41,43.52,42.89,43.02,11887.86621,513908.29112474
2026-06-10 00:00:00,43.04,43.23,42.43,42.67,7483.824152,320931.65731697
2026-06-10 04:00:00,42.68,42.78,42.29,42.57,9941.561202,422435.50615242
2026-06-10 08:00:00,42.57,42.58,41.87,42.11,15125.094765,638152.63989373
2026-06-10 12:00:00,42.11,43.09,41.99,42.84,23214.056792,989457.41193896
2026-06-10 16:00:00,42.85,42.85,41.54,41.66,18985.140031,796925.53023587
2026-06-10 20:00:00,41.63,41.81,41.26,41.74,9904.873211,411327.33825111
2026-06-11 00:00:00,41.75,42.91,41.73,42.79,10754.85998,455862.53051323
2026-06-11 04:00:00,42.79,42.86,42.46,42.54,8370.02526,357281.2593152
2026-06-11 08:00:00,42.54,42.81,42.44,42.63,14452.908819,615040.47901404
2026-06-11 12:00:00,42.64,42.71,41.92,42.11,20560.311509,870224.52746693
2026-06-11 16:00:00,42.12,42.94,41.99,42.62,16898.35799,718801.67286097
2026-06-11 20:00:00,42.63,42.8,42.37,42.47,6323.499513,269424.27093999
2026-06-12 00:00:00,42.47,42.75,42.4,42.67,7134.281163,303604.69674224
2026-06-12 04:00:00,42.67,42.79,42.17,42.6,6481.335338,275805.47236579
2026-06-12 08:00:00,42.58,43.19,42.58,43.02,13759.588372,590834.52377911
2026-06-12 12:00:00,43.01,43.53,42.7,42.84,37709.700016,1628379.90264027
2026-06-12 16:00:00,42.85,43.25,42.73,42.98,8377.198536,360633.82046182
2026-06-12 20:00:00,42.99,43.09,42.86,43.08,8219.576313,353417.3414104
2026-06-13 00:00:00,43.08,43.56,42.96,43.38,7148.887582,309416.53300574
2026-06-13 04:00:00,43.38,43.55,43.06,43.49,8307.736737,359611.00043776
2026-06-13 08:00:00,43.51,43.92,43.43,43.76,9626.30814,420810.79436734
2026-06-13 12:00:00,43.76,44.12,43.76,44.06,7693.722352,337833.76902327
2026-06-13 16:00:00,44.06,44.08,43.69,43.84,2190.690872,95989.59512568
