timestamp,open,high,low,close,volume,turnover
2025-06-12 04:00:00,0.6907,0.6917,0.6716,0.6753,2584498.6056,1759926.52801895
2025-06-12 08:00:00,0.6753,0.6818,0.6647,0.6671,1498581.1467,1008587.701037
2025-06-12 12:00:00,0.6671,0.6922,0.6621,0.6647,1992615.7922,1349258.52542203
2025-06-12 16:00:00,0.6645,0.6807,0.6459,0.6487,2857903.5815,1904745.12713772
2025-06-12 20:00:00,0.6485,0.6507,0.6278,0.6292,2150022.7365,1368015.41273772
2025-06-13 00:00:00,0.6292,0.6296,0.5722,0.5854,10578175.0109,6276217.69324032
2025-06-13 04:00:00,0.5853,0.5905,0.5771,0.5826,4708653.0848,2753329.27253802
2025-06-13 08:00:00,0.5827,0.6003,0.5746,0.586,3914352.0135,2288017.66738847
2025-06-13 12:00:00,0.586,0.5919,0.574,0.5841,4742868.4322,2769291.19647446
2025-06-13 16:00:00,0.5842,0.5943,0.5592,0.5664,6228566.8762,3591786.76148273
2025-06-13 20:00:00,0.5666,0.5918,0.5636,0.5902,2028928.6873,1178596.88537538
2025-06-14 00:00:00,0.5904,0.5939,0.5828,0.5902,1998463.3669,1176989.52729532
2025-06-14 04:00:00,0.5902,0.6065,0.5901,0.5955,2478125.8617,1481918.21946064
2025-06-14 08:00:00,0.5954,0.6065,0.5937,0.5995,3278250.7726,1970421.22190255
2025-06-14 12:00:00,0.5993,0.6041,0.5897,0.5948,3797745.5957,2271388.92372563
2025-06-14 16:00:00,0.5944,0.5992,0.5857,0.5892,1668524.1991,987311.4660242
2025-06-14 20:00:00,0.5892,0.603,0.5833,0.5991,998530.3223,594984.98348062
2025-06-15 00:00:00,0.5994,0.603,0.5971,0.6004,859057.5508,515649.22200675
2025-06-15 04:00:00,0.6004,0.6022,0.5901,0.595,1537240.8647,917524.09544663
2025-06-15 08:00:00,0.5953,0.596,0.585,0.5884,1338669.463,787446.13287496
2025-06-15 12:00:00,0.5886,0.5997,0.5844,0.5907,1901325.4677,1127190.20016981
2025-06-15 16:00:00,0.5907,0.5934,0.58,0.5836,1570978.529,923140.94464525
2025-06-15 20:00:00,0.5837,0.594,0.5757,0.5926,1306928.9749,764742.16351332
2025-06-16 00:00:00,0.5927,0.6039,0.5852,0.5934,2137483.8095,1272521.328423
2025-06-16 04:00:00,0.5938,0.6086,0.5935,0.6065,2548685.1614,1535093.52147045
2025-06-16 08:00:00,0.6068,0.6124,0.5948,0.6015,6542004.5086,3940839.22972147
2025-06-16 12:00:00,0.6014,0.6148,0.5967,0.6053,2554379.8738,1550484.51054226
2025-06-16 16:00:00,0.6057,0.616,0.6034,0.6092,1338382.1187,815007.41820687
2025-06-16 20:00:00,0.6094,0.6177,0.581,0.5831,3074103.5853,1844814.26884356
2025-06-17 00:00:00,0.5829,0.5974,0.5673,0.5907,3430394.4201,2002445.27445764
2025-06-17 04:00:00,0.5912,0.5923,0.5784,0.579,1642407.7571,958096.53468118
2025-06-17 08:00:00,0.5788,0.5796,0.568,0.5715,1478576.1621,846847.80007276
2025-06-17 12:00:00,0.5718,0.5778,0.5567,0.5625,2468043.9183,1401374.00541558
2025-06-17 16:00:00,0.5625,0.5746,0.5455,0.5693,3574148.2676,1992580.65568539
2025-06-17 20:00:00,0.5695,0.5725,0.5537,0.5594,1317818.4856,741521.68390859
2025-06-18 00:00:00,0.5596,0.5706,0.5573,0.5628,1358359.9624,765234.36911948
2025-06-18 04:00:00,0.5628,0.5704,0.5593,0.5636,1099241.6532,620527.16071666
2025-06-18 08:00:00,0.5638,0.5651,0.5331,0.5448,2902899.9109,1582579.81187049
2025-06-18 12:00:00,0.5449,0.5582,0.5347,0.5517,4214525.715,2285510.43566671
2025-06-18 16:00:00,0.5515,0.5572,0.5431,0.5496,2818309.7408,1548750.43539248
2025-06-18 20:00:00,0.5498,0.5696,0.548,0.5637,1528106.5737,860841.70884786
2025-06-19 00:00:00,0.5637,0.5728,0.5607,0.5656,1584544.1206,896701.95808451
2025-06-19 04:00:00,0.5657,0.5708,0.5629,0.5656,969183.5783,549723.56284333
2025-06-19 08:00:00,0.5659,0.5752,0.564,0.5654,1855260.9354,1056727.53045446
2025-06-19 12:00:00,0.5656,0.5697,0.5592,0.5597,1194658.2437,673762.73098695
2025-06-19 16:00:00,0.5598,0.5677,0.5558,0.5598,1094891.9062,614664.19328977
2025-06-19 20:00:00,0.5599,0.5687,0.5572,0.5651,865562.0455,487403.04860051
2025-06-20 00:00:00,0.5652,0.571,0.5643,0.5703,1288570.2907,732369.07325323
2025-06-20 04:00:00,0.57,0.5766,0.5593,0.5762,1365247.7758,776305.22784998
2025-06-20 08:00:00,0.5764,0.58,0.5674,0.5714,2173172.9208,1247101.49808502
2025-06-20 12:00:00,0.5716,0.576,0.5574,0.5615,1621867.658,919278.43063917
2025-06-20 16:00:00,0.5615,0.5619,0.5346,0.5484,2821809.3742,1548304.60620388
2025-06-20 20:00:00,0.5482,0.5547,0.5359,0.5427,1931794.8373,1050812.08164575
2025-06-21 00:00:00,0.5429,0.5534,0.542,0.5493,1369269.6439,750344.49070597
2025-06-21 04:00:00,0.5493,0.5508,0.5436,0.5457,799551.3783,437324.19272429
2025-06-21 08:00:00,0.5457,0.5499,0.5425,0.5446,1040178.6851,568008.95561452
2025-06-21 12:00:00,0.5448,0.5466,0.5284,0.5345,2270611.906,1213229.27613363
2025-06-21 16:00:00,0.5345,0.5363,0.521,0.5215,1429442.3629,752454.80071746
2025-06-21 20:00:00,0.5215,0.5301,0.4955,0.5068,4377360.7861,2227411.72743364
2025-06-22 00:00:00,0.5067,0.5206,0.5024,0.5057,2811516.2987,1434652.97886055
2025-06-22 04:00:00,0.5053,0.5145,0.5041,0.5063,1373762.8381,700174.77531589
2025-06-22 08:00:00,0.5064,0.5076,0.4892,0.4999,2233116.8645,1109480.83491787
2025-06-22 12:00:00,0.4999,0.5042,0.4683,0.4767,5924381.8654,2847663.20108475
2025-06-22 16:00:00,0.4766,0.4812,0.4689,0.4734,2357061.9408,1119291.28010704
2025-06-22 20:00:00,0.4737,0.4879,0.4577,0.4864,2983791.6171,1420691.26595978
2025-06-23 00:00:00,0.4863,0.4945,0.486,0.4895,1734087.0367,850078.96260214
2025-06-23 04:00:00,0.49,0.4982,0.4889,0.4935,1448995.0602,714874.55508698
2025-06-23 08:00:00,0.4939,0.4954,0.4893,0.4933,1249937.9406,615832.44653064
2025-06-23 12:00:00,0.4936,0.5135,0.4909,0.4976,2411938.2326,1212784.23304566
2025-06-23 16:00:00,0.498,0.5277,0.4833,0.5253,3087908.5703,1564613.23872861
2025-06-23 20:00:00,0.5251,0.5526,0.5242,0.5469,5538088.3306,2982757.73362708
2025-06-24 00:00:00,0.5471,0.5511,0.5437,0.5475,1477397.1842,808681.66522524
2025-06-24 04:00:00,0.5477,0.5639,0.5468,0.5493,2029760.6367,1128126.26399388
2025-06-24 08:00:00,0.5496,0.5587,0.5471,0.5485,2248827.7894,1240109.81145743
2025-06-24 12:00:00,0.5485,0.5595,0.5468,0.5576,1908017.279,1055069.15438361
2025-06-24 16:00:00,0.5578,0.5757,0.5533,0.5578,2662607.1737,1501986.75463386
2025-06-24 20:00:00,0.5576,0.5626,0.5532,0.5555,697710.316,388880.50297109
2025-06-25 00:00:00,0.5557,0.5589,0.551,0.5545,2501023.8624,1388583.63710252
2025-06-25 04:00:00,0.5544,0.5585,0.551,0.5538,1832414.4459,1015443.48517181
2025-06-25 08:00:00,0.5539,0.555,0.5445,0.5537,2990262.0059,1643106.71214628
2025-06-25 12:00:00,0.5535,0.559,0.5403,0.5414,3240385.8617,1783892.92580968
2025-06-25 16:00:00,0.5415,0.5532,0.5387,0.5447,2285185.129,1243145.68010545
2025-06-25 20:00:00,0.5449,0.5513,0.536,0.5396,1456816.7735,789838.56248008
2025-06-26 00:00:00,0.5397,0.5587,0.5389,0.5467,4344513.8536,2381985.64385869
2025-06-26 04:00:00,0.5468,0.5521,0.5401,0.5487,2266812.539,1236911.11313072
2025-06-26 08:00:00,0.5488,0.5499,0.5329,0.5352,2880819.4483,1552507.94738972
2025-06-26 12:00:00,0.535,0.5356,0.52,0.5329,3984731.3465,2103146.75162285
2025-06-26 16:00:00,0.5327,0.5377,0.5242,0.5356,3054636.495,1617892.8159058
2025-06-26 20:00:00,0.5354,0.5459,0.5273,0.5294,3599732.3365,1931526.042645
2025-06-27 00:00:00,0.5294,0.5352,0.5236,0.5329,2072287.6561,1099240.49810879
2025-06-27 04:00:00,0.5327,0.5399,0.5285,0.5294,1393849.2461,742746.56755781
2025-06-27 08:00:00,0.5295,0.5389,0.529,0.5304,1801182.1578,959053.50574706
2025-06-27 12:00:00,0.5304,0.5363,0.5245,0.5342,1872838.6471,991253.0106013
2025-06-27 16:00:00,0.5345,0.5411,0.5227,0.5284,1404010.6484,746118.06082308
2025-06-27 20:00:00,0.5282,0.5391,0.5268,0.5347,1485576.4762,793892.34451172
2025-06-28 00:00:00,0.5349,0.5395,0.5337,0.5347,1208905.2369,647940.16872245
2025-06-28 04:00:00,0.5347,0.538,0.5323,0.5373,1002320.2811,536267.47980731
2025-06-28 08:00:00,0.5373,0.5399,0.533,0.5382,620299.4856,332971.48834552
2025-06-28 12:00:00,0.5383,0.5434,0.5364,0.5431,830480.0123,447413.21580829
2025-06-28 16:00:00,0.5433,0.5535,0.5422,0.5482,970776.1598,531697.95921343
2025-06-28 20:00:00,0.5483,0.5557,0.5464,0.5517,810762.1737,446269.10363994
2025-06-29 00:00:00,0.5517,0.554,0.5477,0.5492,892761.349,491530.557247
2025-06-29 04:00:00,0.5496,0.5585,0.5491,0.5585,739123.0055,408970.32137757
2025-06-29 08:00:00,0.5585,0.5631,0.5567,0.5583,1238870.701,693244.62067227
2025-06-29 12:00:00,0.558,0.562,0.5483,0.5508,1725976.6022,959647.85393667
2025-06-29 16:00:00,0.5512,0.5726,0.55,0.5716,2944242.393,1646456.62868351
2025-06-29 20:00:00,0.5716,0.6227,0.5657,0.6059,5473863.9798,3292858.52397918
2025-06-30 00:00:00,0.606,0.6093,0.5846,0.5868,3634662.4085,2168250.2048377
2025-06-30 04:00:00,0.5866,0.5929,0.5766,0.5893,2040669.8269,1192679.0242597
2025-06-30 08:00:00,0.5897,0.5928,0.5789,0.5806,1866157.9648,1087529.22874118
2025-06-30 12:00:00,0.58,0.5822,0.5636,0.5677,3146656.7649,1798470.03795501
2025-06-30 16:00:00,0.5681,0.5773,0.5651,0.576,1344740.6288,769080.49656013
2025-06-30 20:00:00,0.5756,0.5789,0.565,0.567,1299836.1111,743058.03532439
2025-07-01 00:00:00,0.5672,0.5715,0.5555,0.5571,1564029.2458,879876.68827342
2025-07-01 04:00:00,0.5568,0.558,0.5451,0.5536,1733896.7765,955258.86497419
2025-07-01 08:00:00,0.5534,0.5535,0.5428,0.5441,1681881.5358,920678.22187534
2025-07-01 12:00:00,0.544,0.5484,0.5385,0.5394,1507971.2016,818202.16819435
2025-07-01 16:00:00,0.5396,0.5414,0.5333,0.5348,903022.3995,484771.14634173
2025-07-01 20:00:00,0.5346,0.5373,0.5244,0.5272,1349198.6565,716875.72666428
2025-07-02 00:00:00,0.5272,0.537,0.5238,0.5326,2208392.5704,1172477.97802594
2025-07-02 04:00:00,0.5327,0.5493,0.5296,0.5456,3060460.1861,1656879.46651205
2025-07-02 08:00:00,0.5458,0.5471,0.5373,0.539,3404921.0895,1846632.08256461
2025-07-02 12:00:00,0.5388,0.5526,0.5379,0.5499,2989969.3494,1629998.30584498
2025-07-02 16:00:00,0.5499,0.5722,0.5495,0.5717,3091207.7113,1745555.27338993
2025-07-02 20:00:00,0.5716,0.5749,0.563,0.5634,1932064.7632,1098816.22120404
2025-07-03 00:00:00,0.5635,0.5733,0.5612,0.5675,1298143.3265,736515.5765344
2025-07-03 04:00:00,0.5676,0.5881,0.5665,0.5856,3354088.477,1947642.48345678
2025-07-03 08:00:00,0.5859,0.5902,0.5744,0.5763,2495846.6019,1453567.48672232
2025-07-03 12:00:00,0.5762,0.5868,0.5653,0.5671,3105204.5285,1788248.63940407
2025-07-03 16:00:00,0.5669,0.5736,0.5667,0.5725,1442445.8536,821695.99251891
2025-07-03 20:00:00,0.5725,0.5786,0.5723,0.5738,1074700.4799,618976.90906958
2025-07-04 00:00:00,0.5739,0.5802,0.5661,0.5667,1129874.9731,646826.51888371
2025-07-04 04:00:00,0.5663,0.5692,0.5502,0.5504,1270363.1062,711581.74709546
2025-07-04 08:00:00,0.5503,0.5562,0.546,0.5476,1216944.8384,670083.0876717
2025-07-04 12:00:00,0.5475,0.5508,0.5329,0.5331,2523495.2392,1365974.56935868
2025-07-04 16:00:00,0.5331,0.5345,0.5252,0.5277,2819560.9946,1493065.98010865
2025-07-04 20:00:00,0.5277,0.5343,0.5271,0.5302,1233818.6124,654857.32779517
2025-07-05 00:00:00,0.5305,0.5381,0.5301,0.5342,1105324.8138,590741.29836649
2025-07-05 04:00:00,0.5343,0.5363,0.5274,0.5328,1182534.7417,629212.14454018
2025-07-05 08:00:00,0.5325,0.5346,0.5289,0.531,746787.2228,396819.62928297
2025-07-05 12:00:00,0.5314,0.5316,0.5237,0.5265,1112154.9132,586403.83272876
2025-07-05 16:00:00,0.5265,0.5295,0.5191,0.5232,1240432.2962,649879.86203481
2025-07-05 20:00:00,0.5234,0.5348,0.5224,0.5327,893170.8471,472892.02867726
2025-07-06 00:00:00,0.5329,0.5333,0.5267,0.5286,819847.809,434405.87094543
2025-07-06 04:00:00,0.5284,0.5332,0.5265,0.5315,716787.7108,380202.02882766
2025-07-06 08:00:00,0.5317,0.5364,0.5202,0.5343,3755824.2246,1985727.95219453
2025-07-06 12:00:00,0.5343,0.5478,0.5318,0.5414,2303083.9555,1246201.53782494
2025-07-06 16:00:00,0.5415,0.5437,0.5363,0.5405,1240427.8226,669871.83810909
2025-07-06 20:00:00,0.5407,0.5552,0.5398,0.5437,1563240.9017,856666.79938116
2025-07-07 00:00:00,0.5438,0.5547,0.5419,0.5499,1307390.0152,715573.92496619
2025-07-07 04:00:00,0.5498,0.5515,0.5422,0.5509,2119503.5916,1157813.96092445
2025-07-07 08:00:00,0.5507,0.5538,0.5417,0.5435,1133783.9513,620112.97484085
2025-07-07 12:00:00,0.5437,0.5504,0.5369,0.5411,1445987.1663,785947.38463421
2025-07-07 16:00:00,0.5411,0.5489,0.5356,0.5455,1784716.4302,964926.5710406
2025-07-07 20:00:00,0.5453,0.5457,0.537,0.5457,1046853.6002,566511.88767369
2025-07-08 00:00:00,0.5455,0.548,0.5349,0.5373,1800639.734,972806.83298287
2025-07-08 04:00:00,0.5373,0.5381,0.533,0.5357,943991.8434,505470.60076958
2025-07-08 08:00:00,0.5359,0.5454,0.5303,0.5429,1876895.4456,1010935.1421333
2025-07-08 12:00:00,0.5431,0.5495,0.5322,0.5345,1459339.3239,788720.65245845
2025-07-08 16:00:00,0.5346,0.5526,0.5318,0.5493,1894955.4409,1034569.5217134
2025-07-08 20:00:00,0.5491,0.5527,0.5456,0.5485,723393.2948,396744.65916369
2025-07-09 00:00:00,0.5487,0.5498,0.5356,0.5365,1424732.0754,774073.1970562
2025-07-09 04:00:00,0.5364,0.5526,0.5353,0.5512,1855763.9454,1013008.75850924
2025-07-09 08:00:00,0.5512,0.5556,0.5466,0.5536,2231793.7983,1231633.38456066
2025-07-09 12:00:00,0.5538,0.567,0.5524,0.5558,2746245.3372,1537171.77407055
2025-07-09 16:00:00,0.556,0.5817,0.553,0.5793,2433074.9642,1378070.88718398
2025-07-09 20:00:00,0.5793,0.5969,0.5741,0.5874,2923109.0677,1714349.62562231
2025-07-10 00:00:00,0.5875,0.5926,0.5795,0.5919,1552460.2314,911668.21256318
2025-07-10 04:00:00,0.5913,0.5996,0.5841,0.5928,1568900.4917,926908.28748393
2025-07-10 08:00:00,0.5929,0.5957,0.5884,0.5911,1060796.6725,628388.22784423
2025-07-10 12:00:00,0.5912,0.6018,0.5874,0.589,2041084.9567,1214614.63131206
2025-07-10 16:00:00,0.5895,0.6192,0.5882,0.6144,2836600.0104,1722361.27743736
2025-07-10 20:00:00,0.6143,0.6616,0.6143,0.657,5289816.6143,3414146.25401676
2025-07-11 00:00:00,0.6574,0.6795,0.646,0.6754,3208236.5054,2127351.0627993
2025-07-11 04:00:00,0.6753,0.7012,0.6677,0.669,4210633.7641,2878054.4231493
2025-07-11 08:00:00,0.669,0.6932,0.669,0.683,1660216.7739,1131246.20540848
2025-07-11 12:00:00,0.6836,0.7008,0.6727,0.6753,2636376.5286,1820033.61539412
2025-07-11 16:00:00,0.6756,0.6959,0.674,0.6943,3194509.1867,2194184.16428858
2025-07-11 20:00:00,0.6941,0.6948,0.646,0.6587,2653573.0187,1766124.69764468
2025-07-12 00:00:00,0.6588,0.6679,0.6425,0.6642,2511455.4729,1648094.01026366
2025-07-12 04:00:00,0.6642,0.6655,0.6423,0.6553,1882867.6457,1228580.09300313
2025-07-12 08:00:00,0.6556,0.6603,0.6498,0.6568,1494321.0646,979006.75730756
2025-07-12 12:00:00,0.6564,0.6601,0.6239,0.6292,2921176.1557,1868274.00836898
2025-07-12 16:00:00,0.6293,0.6468,0.6263,0.6458,878895.0303,562292.67826674
2025-07-12 20:00:00,0.6459,0.6504,0.6345,0.6479,607257.2894,390058.90130051
2025-07-13 00:00:00,0.6481,0.6526,0.6426,0.6474,771344.3437,499740.89178841
2025-07-13 04:00:00,0.6476,0.6613,0.6438,0.6574,1616124.4471,1058275.4802488
2025-07-13 08:00:00,0.6571,0.6627,0.6481,0.6623,1290705.9159,845246.41930629
2025-07-13 12:00:00,0.6621,0.6744,0.6562,0.6636,3008885.6928,2002969.61497343
2025-07-13 16:00:00,0.664,0.6699,0.6554,0.6641,1474726.0899,977943.86020339
2025-07-13 20:00:00,0.6638,0.6691,0.6481,0.654,1056792.292,692960.25176668
2025-07-14 00:00:00,0.6539,0.6898,0.65,0.6858,2501916.0839,1677147.2413659
2025-07-14 04:00:00,0.686,0.7007,0.6757,0.6868,4024036.2226,2771249.86944723
2025-07-14 08:00:00,0.6869,0.6887,0.6715,0.6807,2259462.0629,1537717.43988445
2025-07-14 12:00:00,0.6806,0.6931,0.6607,0.6665,2794482.5919,1894931.44313428
2025-07-14 16:00:00,0.6662,0.674,0.6505,0.6538,1931409.0607,1279809.86320134
2025-07-14 20:00:00,0.654,0.6628,0.6438,0.6582,1026507.8471,673016.82363602
2025-07-15 00:00:00,0.658,0.6722,0.6337,0.6407,2995033.1466,1949862.3603231
2025-07-15 04:00:00,0.6408,0.6517,0.6336,0.642,1438046.293,927850.41936115
2025-07-15 08:00:00,0.6423,0.6508,0.6374,0.6496,1095559.5515,706624.00374456
2025-07-15 12:00:00,0.6494,0.6772,0.643,0.6689,4818334.0923,3183160.33450841
2025-07-15 16:00:00,0.6692,0.6951,0.6655,0.6697,2914581.3052,1978724.6537523
2025-07-15 20:00:00,0.6693,0.7088,0.665,0.7058,2632534.6461,1808925.74270211
2025-07-16 00:00:00,0.7059,0.7168,0.6887,0.6957,2851415.1644,2005804.27498908
2025-07-16 04:00:00,0.6956,0.723,0.6874,0.7165,3208319.511,2259766.34387487
2025-07-16 08:00:00,0.7164,0.7168,0.7025,0.7102,2067294.1916,1464697.24761874
2025-07-16 12:00:00,0.7104,0.7371,0.7073,0.7164,4254589.5415,3068441.94480148
2025-07-16 16:00:00,0.7158,0.7293,0.7094,0.7188,4243859.9951,3059146.01070442
2025-07-16 20:00:00,0.7192,0.7302,0.7009,0.7054,2884190.3751,2066119.57586892
2025-07-17 00:00:00,0.7054,0.7209,0.6834,0.687,3120878.693,2189034.31470141
2025-07-17 04:00:00,0.6869,0.7126,0.6848,0.7096,4138464.6269,2901188.88433327
2025-07-17 08:00:00,0.7098,0.7298,0.7056,0.7111,3303485.3712,2373832.26700078
2025-07-17 12:00:00,0.7112,0.7223,0.6975,0.7141,2643984.393,1884646.52381215
2025-07-17 16:00:00,0.714,0.7188,0.6897,0.7003,2736354.2019,1931156.45985312
2025-07-17 20:00:00,0.7004,0.7313,0.6874,0.7201,2028786.0242,1451400.54798716
2025-07-18 00:00:00,0.7199,0.7537,0.7142,0.7487,5600565.6539,4155549.21385867
2025-07-18 04:00:00,0.7487,0.8,0.745,0.7777,6228604.7356,4837788.8790609
2025-07-18 08:00:00,0.7775,0.7866,0.7606,0.7856,3045666.8427,2360061.42086621
2025-07-18 12:00:00,0.7857,0.8204,0.7721,0.7799,7414746.4939,5915813.23064357
2025-07-18 16:00:00,0.7806,0.7887,0.7466,0.7523,4902207.2499,3773313.43197627
2025-07-18 20:00:00,0.7529,0.7574,0.7267,0.7481,3183372.823,2364428.95971087
2025-07-19 00:00:00,0.7477,0.7812,0.7219,0.779,3451011.0181,2586051.13531357
2025-07-19 04:00:00,0.7789,0.791,0.7518,0.7526,3703791.5254,2847448.50061381
2025-07-19 08:00:00,0.7529,0.7538,0.7371,0.74,2317113.3676,1728938.86337532
2025-07-19 12:00:00,0.74,0.7466,0.7256,0.7358,2403614.7469,1772234.7629087
2025-07-19 16:00:00,0.736,0.761,0.7301,0.7576,1775070.2135,1317495.34650894
2025-07-19 20:00:00,0.7577,0.7656,0.7455,0.7622,1881301.5665,1425165.15515071
2025-07-20 00:00:00,0.7623,0.7769,0.7519,0.7656,3156453.5391,2410243.51577548
2025-07-20 04:00:00,0.7656,0.7791,0.7594,0.7687,2794612.6593,2147669.25386862
2025-07-20 08:00:00,0.769,0.7887,0.7689,0.7846,3708946.1372,2884688.72866649
2025-07-20 12:00:00,0.7847,0.7978,0.7759,0.7961,2625561.879,2062342.78178042
2025-07-20 16:00:00,0.7963,0.8127,0.7852,0.7942,3688215.9049,2949651.83537514
2025-07-20 20:00:00,0.7943,0.8,0.7716,0.7839,1898706.3306,1491579.83401974
2025-07-21 00:00:00,0.7842,0.7973,0.7637,0.7967,2171658.6072,1691795.29389144
2025-07-21 04:00:00,0.7969,0.8051,0.7836,0.7947,2030625.5524,1615052.51395707
2025-07-21 08:00:00,0.7945,0.8097,0.7832,0.8006,2355981.5856,1876441.96873218
2025-07-21 12:00:00,0.8005,0.8215,0.7895,0.8026,4379920.5394,3535857.68056643
2025-07-21 16:00:00,0.8028,0.8046,0.7714,0.7782,3917578.7466,3074914.13305771
2025-07-21 20:00:00,0.7785,0.8092,0.7746,0.8065,2114914.6605,1673616.09168822
2025-07-22 00:00:00,0.8066,0.8122,0.767,0.7772,6081953.7754,4772448.55475428
2025-07-22 04:00:00,0.7769,0.7786,0.7507,0.7578,4272028.4522,3257754.49339045
2025-07-22 08:00:00,0.7576,0.7691,0.7342,0.7646,3978270.9617,2990834.31659646
2025-07-22 12:00:00,0.7648,0.8045,0.7477,0.7997,5088914.8025,3968920.61983868
2025-07-22 16:00:00,0.8,0.814,0.7729,0.7778,3451286.7747,2733414.75436697
2025-07-22 20:00:00,0.7773,0.8013,0.7756,0.8002,1570040.8112,1242955.10268939
2025-07-23 00:00:00,0.8006,0.8033,0.7791,0.7854,2082141.7975,1640192.9732678
2025-07-23 04:00:00,0.7856,0.7991,0.7625,0.7658,2467156.0862,1922698.34407376
2025-07-23 08:00:00,0.7657,0.7718,0.7458,0.7528,2988887.0544,2261168.59891073
2025-07-23 12:00:00,0.7527,0.7561,0.7083,0.7256,7409176.6767,5401439.46844378
2025-07-23 16:00:00,0.7252,0.7253,0.69,0.7022,4115077.5559,2901500.21395632
2025-07-23 20:00:00,0.7022,0.707,0.6697,0.6899,3658768.1078,2514517.23062202
2025-07-24 00:00:00,0.6898,0.7082,0.6853,0.6962,2314350.9483,1619501.9745475
2025-07-24 04:00:00,0.6963,0.7001,0.6483,0.6723,6548648.2959,4388754.12311582
2025-07-24 08:00:00,0.6723,0.6989,0.6672,0.6956,3615912.1448,2465875.62584363
2025-07-24 12:00:00,0.6954,0.7306,0.6833,0.7167,3994707.1504,2813703.12162948
2025-07-24 16:00:00,0.7169,0.719,0.6938,0.7099,2146095.8556,1520051.57385714
2025-07-24 20:00:00,0.7098,0.7214,0.69,0.6927,2624946.8033,1844335.79255625
2025-07-25 00:00:00,0.6928,0.6948,0.6638,0.6742,3105103.9297,2115400.98826037
2025-07-25 04:00:00,0.6741,0.6913,0.6669,0.682,1991825.6775,1354558.21938223
2025-07-25 08:00:00,0.682,0.7204,0.6814,0.7141,2427059.8433,1711564.87281226
2025-07-25 12:00:00,0.714,0.7181,0.6787,0.6901,2664219.5321,1870968.05628276
2025-07-25 16:00:00,0.6901,0.702,0.6831,0.6933,1744525.6504,1207680.86525002
2025-07-25 20:00:00,0.6931,0.7244,0.6924,0.7194,1471685.1854,1053251.40016887
2025-07-26 00:00:00,0.7197,0.73,0.7154,0.7259,1915683.1803,1381199.68245985
2025-07-26 04:00:00,0.7261,0.7279,0.7175,0.7215,556510.0438,401817.98511048
2025-07-26 08:00:00,0.7218,0.7277,0.7181,0.7193,855364.7458,617572.53414291
2025-07-26 12:00:00,0.7191,0.7299,0.7143,0.7299,1377035.065,994269.95096804
2025-07-26 16:00:00,0.73,0.7339,0.7159,0.7315,1517740.1943,1100501.84595225
2025-07-26 20:00:00,0.7319,0.7368,0.721,0.7229,616815.0527,449425.11292642
2025-07-27 00:00:00,0.7228,0.7395,0.7192,0.7296,1131460.8857,826259.84197782
2025-07-27 04:00:00,0.7293,0.742,0.7245,0.7254,1241283.5558,910634.00889999
2025-07-27 08:00:00,0.7255,0.7353,0.7164,0.7232,1791110.8704,1298350.15409404
2025-07-27 12:00:00,0.7234,0.7383,0.72,0.7281,1675062.7409,1219731.86527965
2025-07-27 16:00:00,0.7282,0.7429,0.7238,0.7303,1599299.885,1171107.99914639
2025-07-27 20:00:00,0.7302,0.7508,0.7252,0.7427,1308390.4751,966406.11724171
2025-07-28 00:00:00,0.7426,0.761,0.7291,0.7453,3620487.8627,2691379.06184892
2025-07-28 04:00:00,0.7451,0.849,0.7387,0.822,25293142.0475,20595225.29831201
2025-07-28 08:00:00,0.8221,0.8722,0.8015,0.8216,11887528.1537,9925065.18880528
2025-07-28 12:00:00,0.8215,0.8228,0.7804,0.7916,8601707.6618,6877164.17801938
2025-07-28 16:00:00,0.7916,0.8062,0.767,0.775,6031595.7927,4768480.88431679
2025-07-28 20:00:00,0.7747,0.7757,0.7448,0.7586,2355333.0098,1785003.39307567
2025-07-29 00:00:00,0.7588,0.7589,0.7241,0.7489,5319101.0489,3937239.19843162
2025-07-29 04:00:00,0.7491,0.7869,0.7435,0.7813,4948959.5893,3820108.89904292
2025-07-29 08:00:00,0.7813,0.7822,0.7517,0.7553,3241985.0227,2481649.01261575
2025-07-29 12:00:00,0.7556,0.7729,0.7225,0.7321,4707521.6744,3504132.07245961
2025-07-29 16:00:00,0.7322,0.734,0.7142,0.72,2807616.628,2031844.63519668
2025-07-29 20:00:00,0.7199,0.7356,0.7106,0.7258,2371143.6156,1714432.0704228
2025-07-30 00:00:00,0.7258,0.7273,0.7089,0.7195,2201069.7723,1584018.13425837
2025-07-30 04:00:00,0.7196,0.7246,0.7095,0.7123,1596602.6516,1144975.79732467
2025-07-30 08:00:00,0.7118,0.7177,0.6808,0.6841,2423266.8151,1691943.03632867
2025-07-30 12:00:00,0.6843,0.7056,0.6793,0.6978,3955885.763,2732733.16325458
2025-07-30 16:00:00,0.698,0.7178,0.6671,0.7017,4601047.0985,3195156.971737
2025-07-30 20:00:00,0.7016,0.7118,0.6926,0.7064,1335808.4788,937875.48776268
2025-07-31 00:00:00,0.7062,0.7199,0.7009,0.7175,1668254.5747,1188879.25153818
2025-07-31 04:00:00,0.7177,0.7278,0.7155,0.725,1964845.8134,1418988.17505322
2025-07-31 08:00:00,0.725,0.7299,0.7133,0.7162,1430247.8262,1034062.9041868
2025-07-31 12:00:00,0.7165,0.7175,0.68,0.6923,2907867.2169,2020642.0297609
2025-07-31 16:00:00,0.6925,0.7108,0.6842,0.6868,1474818.082,1026688.57672879
2025-07-31 20:00:00,0.6867,0.689,0.662,0.6668,1565773.0215,1057675.43454818
2025-08-01 00:00:00,0.667,0.6728,0.6461,0.6671,3502240.8975,2310647.96974658
2025-08-01 04:00:00,0.6671,0.6671,0.6487,0.6546,2224363.6792,1462177.49738107
2025-08-01 08:00:00,0.6541,0.6572,0.6375,0.6563,2403013.9485,1559812.12904187
2025-08-01 12:00:00,0.6561,0.6661,0.6367,0.6597,3661252.5204,2398850.29886918
2025-08-01 16:00:00,0.6593,0.6639,0.6392,0.6603,1999780.3405,1302262.9195863
2025-08-01 20:00:00,0.6605,0.6629,0.6221,0.6474,3615857.2287,2325187.9327186
2025-08-02 00:00:00,0.6474,0.6547,0.6462,0.6523,1517477.1132,988320.90971623
2025-08-02 04:00:00,0.6525,0.6542,0.6294,0.6469,1902860.0392,1221531.96658843
2025-08-02 08:00:00,0.6473,0.6477,0.6288,0.6394,3001301.2971,1913728.36274881
2025-08-02 12:00:00,0.6392,0.641,0.6253,0.6284,1375701.3518,871719.34460174
2025-08-02 16:00:00,0.6284,0.6385,0.6145,0.6244,3035099.3251,1900715.06665306
2025-08-02 20:00:00,0.6246,0.6369,0.6243,0.6316,1169883.3423,738380.62365542
2025-08-03 00:00:00,0.6314,0.6437,0.6228,0.6406,1751413.6674,1115967.19189626
2025-08-03 04:00:00,0.6404,0.6442,0.6371,0.6426,1464232.0053,939502.07517962
2025-08-03 08:00:00,0.6426,0.6526,0.6413,0.6477,1191865.1286,771273.75263985
2025-08-03 12:00:00,0.6481,0.6525,0.6455,0.6507,999394.2432,648573.92824331
2025-08-03 16:00:00,0.6505,0.6564,0.6481,0.6521,1239022.9297,806993.06901561
2025-08-03 20:00:00,0.6522,0.6597,0.6503,0.6562,1014455.9824,664348.81053843
2025-08-04 00:00:00,0.6563,0.6703,0.6556,0.6662,1753685.7544,1166328.8519652
2025-08-04 04:00:00,0.6665,0.6732,0.663,0.6682,2158778.066,1442339.20412398
2025-08-04 08:00:00,0.6688,0.671,0.6631,0.6652,1129063.3154,752490.07475342
2025-08-04 12:00:00,0.6653,0.6917,0.6642,0.6913,2517764.4879,1710218.27535634
2025-08-04 16:00:00,0.6913,0.7152,0.6895,0.6976,2855239.832,2009474.56405094
2025-08-04 20:00:00,0.6975,0.7149,0.6975,0.7045,1903224.6559,1347251.82547607
2025-08-05 00:00:00,0.7046,0.7058,0.6881,0.6892,2848613.9744,1987834.78480599
2025-08-05 04:00:00,0.689,0.6914,0.6687,0.6715,2079889.1839,1418847.87340171
2025-08-05 08:00:00,0.6714,0.6934,0.6703,0.6897,1488866.7189,1021797.85804516
2025-08-05 12:00:00,0.69,0.6907,0.6612,0.6648,3547699.7503,2396819.40891209
2025-08-05 16:00:00,0.6643,0.6721,0.6581,0.6594,1540823.6898,1026126.59304346
2025-08-05 20:00:00,0.6595,0.666,0.6446,0.6613,1828686.5574,1201164.44977438
2025-08-06 00:00:00,0.6615,0.6615,0.643,0.6457,981561.9584,637059.9289074
2025-08-06 04:00:00,0.6455,0.6704,0.6416,0.6681,2065539.7068,1364365.53015109
2025-08-06 08:00:00,0.668,0.6697,0.6593,0.6625,1276400.424,847431.13430058
2025-08-06 12:00:00,0.6629,0.6776,0.6549,0.6754,1592405.8701,1057374.01581533
2025-08-06 16:00:00,0.6755,0.678,0.6639,0.6694,1399109.9147,937346.11258623
2025-08-06 20:00:00,0.6694,0.6719,0.6648,0.6678,483902.8644,323354.91134478
2025-08-07 00:00:00,0.6677,0.6762,0.6646,0.6648,559182.8825,374000.38315461
2025-08-07 04:00:00,0.6644,0.6764,0.6643,0.6733,1704900.5818,1145155.37484805
2025-08-07 08:00:00,0.6734,0.7003,0.6726,0.6989,2681341.8205,1847664.52343635
2025-08-07 12:00:00,0.6988,0.7067,0.6914,0.6971,2941416.734,2055381.41200655
2025-08-07 16:00:00,0.6971,0.7059,0.6817,0.7048,1106680.8144,767462.10691318
2025-08-07 20:00:00,0.7052,0.7192,0.7027,0.7165,1308390.9241,932475.09813541
2025-08-08 00:00:00,0.7166,0.7329,0.7057,0.7319,9935084.8992,7118772.34772367
2025-08-08 04:00:00,0.7321,0.7421,0.7191,0.7363,2691833.5738,1964410.64867918
2025-08-08 08:00:00,0.7365,0.7453,0.7332,0.7357,3884077.73,2869657.96700251
2025-08-08 12:00:00,0.7356,0.7533,0.7271,0.7425,4037073.9015,2990938.97640591
2025-08-08 16:00:00,0.7427,0.7698,0.7367,0.7606,4645453.0709,3503092.41297339
2025-08-08 20:00:00,0.7606,0.7626,0.7554,0.7578,782922.6199,594540.99223614
2025-08-09 00:00:00,0.7578,0.7744,0.7567,0.7695,1102867.7399,845823.19656352
2025-08-09 04:00:00,0.7697,0.7994,0.7664,0.7911,3001110.7102,2365719.70359163
2025-08-09 08:00:00,0.7911,0.8018,0.7862,0.7973,2803614.3205,2228755.50905545
2025-08-09 12:00:00,0.7974,0.801,0.779,0.7918,1909218.6221,1507804.47071358
2025-08-09 16:00:00,0.7919,0.8094,0.79,0.8055,1173748.4755,935881.35344079
2025-08-09 20:00:00,0.8058,0.8155,0.801,0.809,1868614.1264,1508697.06040424
2025-08-10 00:00:00,0.809,0.8176,0.7866,0.7937,2890881.0706,2314515.31510465
2025-08-10 04:00:00,0.7939,0.7977,0.7602,0.7611,4223848.2976,3277478.28175403
2025-08-10 08:00:00,0.7612,0.7749,0.7536,0.7611,2902052.2907,2227141.74240735
2025-08-10 12:00:00,0.7611,0.7875,0.7594,0.7774,1618879.7916,1251918.27237635
2025-08-10 16:00:00,0.7772,0.788,0.7741,0.7831,1792059.5638,1403322.95845733
2025-08-10 20:00:00,0.783,0.7895,0.7717,0.7888,978332.5478,764272.54734004
2025-08-11 00:00:00,0.7888,0.8109,0.7817,0.8017,3705472.2057,2963332.36678254
2025-08-11 04:00:00,0.8018,0.8118,0.7815,0.7837,2663999.6799,2117219.7207558
2025-08-11 08:00:00,0.7836,0.7944,0.7575,0.76,3056334.9214,2371890.22192229
2025-08-11 12:00:00,0.76,0.7782,0.7517,0.7705,3002583.5441,2293008.84077753
2025-08-11 16:00:00,0.7709,0.7872,0.7611,0.7671,2743886.1639,2125365.87043458
2025-08-11 20:00:00,0.767,0.7705,0.742,0.7484,2121171.2444,1597524.79093592
2025-08-12 00:00:00,0.7484,0.7693,0.7479,0.7578,2963273.8434,2254268.63966466
2025-08-12 04:00:00,0.7578,0.761,0.744,0.7606,1672982.938,1261363.39441793
2025-08-12 08:00:00,0.7606,0.7609,0.7374,0.7512,1656310.2671,1239367.73197633
2025-08-12 12:00:00,0.751,0.785,0.7456,0.7822,4606876.4877,3551553.13980001
2025-08-12 16:00:00,0.7825,0.7918,0.7785,0.7877,1865232.7635,1464074.1511019
2025-08-12 20:00:00,0.7882,0.7998,0.7831,0.7867,2129864.0742,1681769.91318832
2025-08-13 00:00:00,0.7868,0.7991,0.7744,0.7946,3314174.9504,2608791.1788484
2025-08-13 04:00:00,0.7946,0.8003,0.777,0.7942,3056747.8433,2403669.05636233
2025-08-13 08:00:00,0.7939,0.8218,0.7932,0.8148,4742070.6034,3840430.75719699
2025-08-13 12:00:00,0.8149,0.8482,0.8113,0.8383,7589509.8281,6286309.29098198
2025-08-13 16:00:00,0.8386,0.8642,0.8253,0.8327,5417696.5207,4597087.37541341
2025-08-13 20:00:00,0.8331,0.8836,0.8269,0.873,4527520.7729,3908333.90718502
2025-08-14 00:00:00,0.8733,0.8738,0.8389,0.8548,4200443.3791,3580731.95627271
2025-08-14 04:00:00,0.8546,0.8596,0.8222,0.8284,4409737.1568,3694361.14161893
2025-08-14 08:00:00,0.8284,0.829,0.8109,0.8155,2666323.0476,2183731.58535009
2025-08-14 12:00:00,0.8156,0.8207,0.7555,0.7763,11510088.2984,8981695.2440366
2025-08-14 16:00:00,0.7762,0.7765,0.7477,0.7589,3389824.2793,2582005.48654515
2025-08-14 20:00:00,0.7583,0.7583,0.7392,0.7521,2475095.5511,1858799.79386635
2025-08-15 00:00:00,0.7523,0.7675,0.749,0.7606,3354150.1611,2538626.54068873
2025-08-15 04:00:00,0.7605,0.7726,0.7524,0.7599,1915343.6777,1458467.05228277
2025-08-15 08:00:00,0.7596,0.7644,0.7476,0.7509,2713102.8355,2048143.18199417
2025-08-15 12:00:00,0.7509,0.7651,0.7115,0.7174,4998590.0733,3687182.2169655
2025-08-15 16:00:00,0.7174,0.7303,0.709,0.7173,3406167.328,2450445.0306902
2025-08-15 20:00:00,0.7174,0.7353,0.7146,0.7235,1008968.6067,730508.13701971
2025-08-16 00:00:00,0.7231,0.734,0.7221,0.726,1241021.5641,904047.55181067
2025-08-16 04:00:00,0.7262,0.731,0.7211,0.7243,962283.3859,698129.85256144
2025-08-16 08:00:00,0.7247,0.7265,0.7134,0.7178,1184133.4773,853028.69936366
2025-08-16 12:00:00,0.718,0.7377,0.7148,0.7338,1013738.9591,737202.13904958
2025-08-16 16:00:00,0.7341,0.7385,0.7281,0.732,834466.3818,611617.46270876
2025-08-16 20:00:00,0.732,0.7425,0.7317,0.7403,471259.9658,347795.29615554
2025-08-17 00:00:00,0.7405,0.745,0.7334,0.7439,728464.4122,538155.18520569
2025-08-17 04:00:00,0.7439,0.7647,0.7423,0.7603,1723321.969,1297123.67998595
2025-08-17 08:00:00,0.7604,0.775,0.757,0.7667,2226547.0493,1711121.53451829
2025-08-17 12:00:00,0.7668,0.7795,0.7575,0.779,1732235.2974,1330117.3293764
2025-08-17 16:00:00,0.7792,0.7858,0.7533,0.7585,2677682.7391,2064216.68691684
2025-08-17 20:00:00,0.7586,0.7708,0.7579,0.761,743107.8397,567093.55274351
2025-08-18 00:00:00,0.7609,0.7636,0.7228,0.7323,3685489.812,2727381.79819511
2025-08-18 04:00:00,0.7322,0.7436,0.7218,0.7248,2124272.3068,1555480.61529127
2025-08-18 08:00:00,0.7249,0.7309,0.7144,0.7251,1369526.4653,991055.6126492
2025-08-18 12:00:00,0.7248,0.7412,0.7179,0.729,1859583.7916,1357233.87044378
2025-08-18 16:00:00,0.7287,0.7374,0.7181,0.728,1644898.9355,1196186.42321473
2025-08-18 20:00:00,0.7282,0.7394,0.7197,0.7214,1046039.9004,761481.86386021
2025-08-19 00:00:00,0.7216,0.7356,0.704,0.7071,1732713.2824,1243784.72439088
2025-08-19 04:00:00,0.7067,0.7169,0.7011,0.7058,1037602.5347,734296.23700733
2025-08-19 08:00:00,0.7058,0.7243,0.6988,0.7236,1841436.1704,1310599.8519613
2025-08-19 12:00:00,0.7232,0.726,0.6942,0.7024,2141906.7968,1519442.31707418
2025-08-19 16:00:00,0.7025,0.705,0.685,0.6932,2271674.0613,1577431.09470433
2025-08-19 20:00:00,0.6933,0.6995,0.6857,0.6876,787549.7392,545829.70604212
2025-08-20 00:00:00,0.6877,0.7019,0.6828,0.6976,1267729.1339,877301.28490537
2025-08-20 04:00:00,0.6976,0.7202,0.6976,0.7064,1615884.4366,1146341.69703457
2025-08-20 08:00:00,0.7064,0.7163,0.6981,0.7086,1062754.7677,754340.10504297
2025-08-20 12:00:00,0.7085,0.7235,0.6894,0.7175,1910202.5132,1354483.80322882
2025-08-20 16:00:00,0.7177,0.7318,0.7147,0.7294,1628612.6185,1177405.71436555
2025-08-20 20:00:00,0.73,0.731,0.7246,0.7262,509483.5045,370694.7886516
2025-08-21 00:00:00,0.7264,0.7328,0.7193,0.7247,1111906.781,807366.49305282
2025-08-21 04:00:00,0.7247,0.7303,0.7164,0.7229,777878.065,563373.89311601
2025-08-21 08:00:00,0.7227,0.7236,0.7123,0.7155,665111.709,477069.7080553
2025-08-21 12:00:00,0.7152,0.7232,0.7031,0.7071,1505071.0193,1073917.02963615
2025-08-21 16:00:00,0.7073,0.7172,0.7041,0.7094,687575.8798,487878.16896855
2025-08-21 20:00:00,0.7098,0.7265,0.7067,0.7134,1047991.632,752143.0925286
2025-08-22 00:00:00,0.7137,0.7257,0.706,0.7136,727583.6286,521538.65122077
2025-08-22 04:00:00,0.7138,0.7242,0.7111,0.7225,886836.5974,636312.83335663
2025-08-22 08:00:00,0.7226,0.7251,0.7044,0.7044,591729.3341,423312.89203171
2025-08-22 12:00:00,0.7047,0.7575,0.6864,0.7508,4772452.5326,3491766.44942605
2025-08-22 16:00:00,0.7516,0.805,0.7509,0.7977,4446702.0152,3466259.13585639
2025-08-22 20:00:00,0.7979,0.804,0.7871,0.789,1498521.5055,1190250.72875229
2025-08-23 00:00:00,0.789,0.7924,0.7604,0.7683,2163108.5319,1674809.11414796
2025-08-23 04:00:00,0.7683,0.7858,0.7677,0.776,1290003.2722,1006115.33032345
2025-08-23 08:00:00,0.7762,0.7904,0.7736,0.7804,1312855.9163,1029993.54413054
2025-08-23 12:00:00,0.7806,0.7975,0.7771,0.7947,1811237.3441,1427432.04557532
2025-08-23 16:00:00,0.7944,0.8285,0.7894,0.8221,1694112.9675,1370264.53237246
2025-08-23 20:00:00,0.8222,0.8238,0.8037,0.8108,1354464.6901,1099407.38374065
2025-08-24 00:00:00,0.811,0.8162,0.7876,0.7949,1161420.1567,933928.86561888
2025-08-24 04:00:00,0.7947,0.7958,0.7763,0.7781,1157117.2741,907564.65030995
2025-08-24 08:00:00,0.7782,0.7862,0.7666,0.773,1596319.5276,1239461.31078286
2025-08-24 12:00:00,0.773,0.791,0.7679,0.7797,1064833.0391,827712.25290655
2025-08-24 16:00:00,0.7797,0.8184,0.7652,0.7881,3933609.7886,3107949.27835881
2025-08-24 20:00:00,0.7871,0.788,0.7638,0.7756,1348253.4923,1046233.23204078
2025-08-25 00:00:00,0.7757,0.785,0.7548,0.7752,1075277.6566,828075.65792706
2025-08-25 04:00:00,0.7753,0.7773,0.7367,0.7407,1540675.2363,1168439.14810067
2025-08-25 08:00:00,0.7407,0.7459,0.7218,0.7299,3380409.6413,2468841.4864355
2025-08-25 12:00:00,0.73,0.7376,0.7212,0.7232,2468266.5445,1802281.26941375
2025-08-25 16:00:00,0.7233,0.7286,0.7005,0.7011,2007753.0938,1439852.95846782
2025-08-25 20:00:00,0.7014,0.7052,0.6788,0.6879,2588618.905,1777350.75246136
2025-08-26 00:00:00,0.6876,0.7102,0.6834,0.6997,1554836.0936,1084664.64495866
2025-08-26 04:00:00,0.6998,0.7064,0.6924,0.6976,1356122.3033,949314.35025248
2025-08-26 08:00:00,0.6976,0.7019,0.6906,0.6939,739190.5295,514049.27371005
2025-08-26 12:00:00,0.6935,0.7105,0.6858,0.6954,2787363.6948,1951260.48248748
2025-08-26 16:00:00,0.6956,0.7138,0.6931,0.7124,1006895.3088,706478.4165758
2025-08-26 20:00:00,0.7125,0.7169,0.7041,0.7056,1508546.2479,1070312.94399615
2025-08-27 00:00:00,0.7057,0.7127,0.6943,0.7073,1588683.9272,1110985.43131251
2025-08-27 04:00:00,0.7073,0.7137,0.696,0.6995,2281986.5412,1608801.27694142
2025-08-27 08:00:00,0.6997,0.707,0.6952,0.7017,611678.7578,428592.04520981
2025-08-27 12:00:00,0.7016,0.7126,0.6932,0.7079,1208273.7649,848608.20246993
2025-08-27 16:00:00,0.7083,0.7126,0.6971,0.7027,1209065.1669,853948.66508705
2025-08-27 20:00:00,0.7026,0.713,0.6936,0.6975,1647655.0576,1158697.04851799
2025-08-28 00:00:00,0.6974,0.7076,0.6913,0.7056,1024312.4343,719357.42222687
2025-08-28 04:00:00,0.7056,0.7145,0.7038,0.7131,800385.9816,567111.39255792
2025-08-28 08:00:00,0.7133,0.7201,0.7115,0.7191,1726944.4851,1238007.32572778
2025-08-28 12:00:00,0.7193,0.7347,0.7101,0.7128,1896499.2054,1369781.1162937
2025-08-28 16:00:00,0.7128,0.7209,0.7035,0.7095,686577.0737,489822.37539307
2025-08-28 20:00:00,0.7096,0.741,0.7087,0.738,1017297.9611,743111.59295988
2025-08-29 00:00:00,0.7382,0.7392,0.7211,0.7279,689007.7136,501625.79599082
2025-08-29 04:00:00,0.7277,0.7307,0.7002,0.7015,3635731.0773,2611591.21549871
2025-08-29 08:00:00,0.7017,0.7047,0.6871,0.6953,1226591.4351,854527.17106824
2025-08-29 12:00:00,0.6956,0.7161,0.6796,0.6906,2522752.5954,1748521.41867493
2025-08-29 16:00:00,0.6904,0.6943,0.6749,0.6861,1316451.1969,898328.13716785
2025-08-29 20:00:00,0.6859,0.6971,0.6811,0.693,592188.5443,408278.48367262
2025-08-30 00:00:00,0.6935,0.7034,0.6786,0.7014,712268.6722,491757.65546605
2025-08-30 04:00:00,0.7018,0.722,0.6981,0.7217,840225.2923,598373.02980026
2025-08-30 08:00:00,0.7217,0.7222,0.7073,0.7101,624543.3406,445330.88978054
2025-08-30 12:00:00,0.7103,0.7105,0.6958,0.7047,541626.2782,379998.2911099
2025-08-30 16:00:00,0.7045,0.7045,0.6958,0.7033,254197.9909,177821.05821132
2025-08-30 20:00:00,0.7033,0.7099,0.7,0.7066,215051.5923,151889.81018175
2025-08-31 00:00:00,0.7067,0.7189,0.7055,0.7189,620970.9836,443024.30790758
2025-08-31 04:00:00,0.7189,0.7196,0.7054,0.7057,510140.4507,363541.39346726
2025-08-31 08:00:00,0.7057,0.7122,0.6913,0.708,1327139.704,932365.28833476
2025-08-31 12:00:00,0.708,0.7118,0.6995,0.7067,599159.7118,422538.18738968
2025-08-31 16:00:00,0.7065,0.7087,0.7013,0.7021,570130.994,401684.45311036
2025-08-31 20:00:00,0.7021,0.7062,0.6911,0.692,677372.263,474230.77676293
2025-09-01 00:00:00,0.692,0.6925,0.676,0.6808,1085370.3112,742389.88005197
2025-09-01 04:00:00,0.6808,0.7093,0.6714,0.7088,1516544.9346,1038223.31367715
2025-09-01 08:00:00,0.7089,0.7238,0.7021,0.7041,2469438.0766,1762140.63661314
2025-09-01 12:00:00,0.7041,0.7094,0.6864,0.6879,936495.4405,653790.12579763
2025-09-01 16:00:00,0.6878,0.6881,0.6761,0.6862,612587.4382,417943.01389868
2025-09-01 20:00:00,0.686,0.6862,0.6536,0.673,1918130.4099,1274075.31256521
2025-09-02 00:00:00,0.6732,0.6927,0.6684,0.691,959808.4337,650770.69510716
2025-09-02 04:00:00,0.6914,0.6978,0.6863,0.6872,720928.7106,499047.22956788
2025-09-02 08:00:00,0.6871,0.7,0.6863,0.6943,764345.4462,531408.24137965
2025-09-02 12:00:00,0.6943,0.7134,0.6821,0.6914,1974402.8378,1379444.82170339
2025-09-02 16:00:00,0.6915,0.7017,0.6881,0.6943,762428.7762,529231.49476953
2025-09-02 20:00:00,0.694,0.7128,0.6928,0.7104,614656.3592,434935.33198351
2025-09-03 00:00:00,0.7105,0.7175,0.7021,0.7165,496994.4193,353466.23552315
2025-09-03 04:00:00,0.7167,0.717,0.7059,0.7115,439272.6001,312169.59167985
2025-09-03 08:00:00,0.7116,0.7208,0.7057,0.7148,779585.5057,557331.47209921
2025-09-03 12:00:00,0.7154,0.7265,0.71,0.7237,1340985.7363,966425.45225059
2025-09-03 16:00:00,0.724,0.727,0.72,0.7252,550524.4383,398201.32804381
2025-09-03 20:00:00,0.7253,0.7279,0.7178,0.7188,390665.498,282548.87515325
2025-09-04 00:00:00,0.7188,0.7224,0.7055,0.7062,892655.7619,635794.45152922
2025-09-04 04:00:00,0.7063,0.7103,0.6982,0.7025,404989.8331,284630.88215277
2025-09-04 08:00:00,0.702,0.7072,0.7001,0.7016,336932.4262,237024.54917104
2025-09-04 12:00:00,0.7017,0.7051,0.6865,0.6885,834220.7266,578984.3739162
2025-09-04 16:00:00,0.6886,0.6929,0.6814,0.6851,469437.7828,322694.80683203
2025-09-04 20:00:00,0.685,0.6996,0.6843,0.6897,286370.7462,198423.15187145
2025-09-05 00:00:00,0.69,0.6984,0.6887,0.6978,303463.4968,210431.16148321
2025-09-05 04:00:00,0.6979,0.7153,0.697,0.7143,738603.1079,520271.73994804
2025-09-05 08:00:00,0.7141,0.7172,0.7056,0.7148,989032.8096,703851.01550377
2025-09-05 12:00:00,0.715,0.7326,0.7016,0.7085,3211563.8449,2304862.93714879
2025-09-05 16:00:00,0.7084,0.7173,0.7063,0.7171,446311.5642,317375.02744312
2025-09-05 20:00:00,0.7171,0.7241,0.7123,0.7197,521774.0033,374748.42640116
2025-09-06 00:00:00,0.72,0.7235,0.7143,0.7178,288993.3361,207749.9584939
2025-09-06 04:00:00,0.7175,0.718,0.7118,0.715,417998.5842,298689.09721341
2025-09-06 08:00:00,0.7152,0.7165,0.7084,0.7148,642074.561,457203.13916176
2025-09-06 12:00:00,0.7142,0.721,0.7108,0.7136,807186.609,577762.70098534
2025-09-06 16:00:00,0.7135,0.7233,0.7094,0.7104,879425.8748,630252.18252985
2025-09-06 20:00:00,0.7103,0.7178,0.7098,0.7124,603593.5504,430820.308389
2025-09-07 00:00:00,0.7126,0.7241,0.7122,0.7203,804960.2308,579383.65771072
2025-09-07 04:00:00,0.7207,0.725,0.7169,0.718,459974.7139,331509.57692829
2025-09-07 08:00:00,0.7182,0.7234,0.7157,0.7202,232939.2122,167514.38445164
2025-09-07 12:00:00,0.7198,0.7215,0.7161,0.7169,375021.194,269681.5248337
2025-09-07 16:00:00,0.7167,0.7177,0.7107,0.7153,291020.1074,207696.51023973
2025-09-07 20:00:00,0.7152,0.727,0.714,0.7209,268559.6273,193701.27090654
2025-09-08 00:00:00,0.721,0.7371,0.7177,0.7327,1089849.5025,791312.58024281
2025-09-08 04:00:00,0.7327,0.7331,0.7203,0.7234,904184.5411,656469.26993952
2025-09-08 08:00:00,0.7235,0.7465,0.7234,0.7348,1847804.1282,1364411.7281217
2025-09-08 12:00:00,0.7352,0.7542,0.7325,0.7508,1239099.1378,921031.447324
2025-09-08 16:00:00,0.7506,0.7583,0.7463,0.7487,1156070.9322,869959.16509717
2025-09-08 20:00:00,0.7489,0.7574,0.7444,0.7514,937238.4664,702116.67417228
2025-09-09 00:00:00,0.752,0.7966,0.7409,0.7532,7256758.3767,5593949.44151916
2025-09-09 04:00:00,0.7533,0.7817,0.7496,0.7811,1854366.6839,1427731.34815473
2025-09-09 08:00:00,0.7809,0.7894,0.7774,0.7826,1933770.248,1515587.83142146
2025-09-09 12:00:00,0.7829,0.7898,0.7494,0.7556,2490699.7337,1915506.70438848
2025-09-09 16:00:00,0.7555,0.7615,0.7473,0.758,698379.4463,526555.32390515
2025-09-09 20:00:00,0.758,0.7663,0.7537,0.764,505781.1153,384660.64856249
2025-09-10 00:00:00,0.7642,0.7756,0.7582,0.7711,1601509.8257,1230916.6346765
2025-09-10 04:00:00,0.7709,0.775,0.7615,0.7688,1093843.0115,839759.73252722
2025-09-10 08:00:00,0.769,0.7725,0.7656,0.7676,487798.0025,375401.39108201
2025-09-10 12:00:00,0.768,0.7915,0.7673,0.7795,2601428.9199,2031712.16402182
2025-09-10 16:00:00,0.7796,0.7834,0.7631,0.7658,1474216.5197,1140780.26156622
2025-09-10 20:00:00,0.7656,0.7738,0.7652,0.7737,368189.633,283760.91348639
2025-09-11 00:00:00,0.7732,0.7956,0.7703,0.7948,1837608.2374,1443417.73829201
2025-09-11 04:00:00,0.7949,0.7954,0.7831,0.7896,1224394.3409,965704.24368022
2025-09-11 08:00:00,0.7893,0.7906,0.7766,0.7774,1100394.8602,861764.23067186
2025-09-11 12:00:00,0.7777,0.7925,0.766,0.7699,2554076.7572,1979659.18577644
2025-09-11 16:00:00,0.7701,0.7825,0.7694,0.7807,793306.8319,615839.7444575
2025-09-11 20:00:00,0.7811,0.7917,0.7786,0.79,560084.4113,440267.9936467
2025-09-12 00:00:00,0.7901,0.7997,0.7781,0.7817,1678148.6675,1325107.27863159
2025-09-12 04:00:00,0.7813,0.7905,0.7785,0.7821,1672344.0556,1311963.53554456
2025-09-12 08:00:00,0.7823,0.783,0.7708,0.7718,1214329.0241,942380.63170545
2025-09-12 12:00:00,0.7719,0.7853,0.768,0.777,1901455.5931,1477447.73123781
2025-09-12 16:00:00,0.7771,0.8088,0.7771,0.8037,2355770.0251,1871198.44225878
2025-09-12 20:00:00,0.8036,0.8083,0.796,0.8011,1024606.4213,821741.84067193
2025-09-13 00:00:00,0.8013,0.8089,0.7952,0.8063,1295834.5146,1040035.11414628
2025-09-13 04:00:00,0.8064,0.8153,0.8021,0.8084,986484.3199,798540.44495666
2025-09-13 08:00:00,0.8086,0.834,0.8083,0.8316,2999739.1738,2469647.32991079
2025-09-13 12:00:00,0.8318,0.8358,0.8095,0.8231,2932094.827,2415368.81020564
2025-09-13 16:00:00,0.8233,0.8273,0.8063,0.8192,1313694.2861,1074112.30367873
2025-09-13 20:00:00,0.8191,0.8266,0.8185,0.8203,441929.89,363759.14401209
2025-09-14 00:00:00,0.8202,0.8221,0.8029,0.8045,786124.9382,636980.15457087
2025-09-14 04:00:00,0.8041,0.8156,0.797,0.8043,901940.0094,725529.22050147
2025-09-14 08:00:00,0.8039,0.8087,0.7873,0.7894,1288094.3316,1028028.88433755
2025-09-14 12:00:00,0.7896,0.7955,0.7687,0.7758,2401933.2116,1874391.9004351
2025-09-14 16:00:00,0.7753,0.7894,0.7743,0.7848,781704.2429,612922.2512114
2025-09-14 20:00:00,0.7849,0.7965,0.7836,0.7855,627740.232,496041.8714203
2025-09-15 00:00:00,0.7854,0.8006,0.7759,0.799,841020.3357,663638.94395793
2025-09-15 04:00:00,0.799,0.8076,0.7722,0.7735,1794778.1383,1417824.83166092
2025-09-15 08:00:00,0.7734,0.7734,0.7461,0.7502,3902983.6409,2948400.82554023
2025-09-15 12:00:00,0.7499,0.7531,0.7339,0.7396,1774016.1403,1322179.52528312
2025-09-15 16:00:00,0.7392,0.7437,0.7313,0.7404,933142.5369,688317.47430185
2025-09-15 20:00:00,0.7405,0.7456,0.7392,0.7434,320470.2554,238121.48860362
2025-09-16 00:00:00,0.7436,0.7471,0.7384,0.7399,348954.3827,259025.05018512
2025-09-16 04:00:00,0.7403,0.7575,0.7322,0.7522,968510.302,722108.43586179
2025-09-16 08:00:00,0.7524,0.7624,0.7517,0.7562,1064484.4326,806687.19361191
2025-09-16 12:00:00,0.7564,0.7676,0.7457,0.7673,1861032.0947,1408588.16400417
2025-09-16 16:00:00,0.7674,0.7785,0.7601,0.7773,1776205.9955,1369018.97237751
2025-09-16 20:00:00,0.7774,0.7874,0.7745,0.779,1099076.0838,858389.64753914
2025-09-17 00:00:00,0.779,0.787,0.774,0.7772,1071569.453,836661.80442758
2025-09-17 04:00:00,0.7773,0.7836,0.7686,0.7778,1100631.7146,853515.93405096
2025-09-17 08:00:00,0.7779,0.778,0.7619,0.7671,929429.5103,713463.76472079
2025-09-17 12:00:00,0.7672,0.7706,0.761,0.7627,750183.219,574461.15153531
2025-09-17 16:00:00,0.7625,0.7944,0.7569,0.7932,3484533.5584,2692958.29112621
2025-09-17 20:00:00,0.7934,0.8196,0.7855,0.8122,2404416.4715,1937148.56806762
2025-09-18 00:00:00,0.8124,0.8272,0.808,0.8194,2715826.764,2216883.42315204
2025-09-18 04:00:00,0.8198,0.8266,0.8052,0.8117,2671694.9069,2174637.04250886
2025-09-18 08:00:00,0.8117,0.8166,0.8057,0.8153,938121.2987,761492.54362383
2025-09-18 12:00:00,0.8156,0.8305,0.8119,0.8219,1712985.4506,1406145.10864859
2025-09-18 16:00:00,0.8223,0.8382,0.8219,0.8309,1284812.8184,1065996.68996622
2025-09-18 20:00:00,0.8309,0.8396,0.8262,0.8315,634671.9799,528540.91925758
2025-09-19 00:00:00,0.8316,0.8561,0.8316,0.8345,3205022.5589,2708701.78587601
2025-09-19 04:00:00,0.8344,0.837,0.8207,0.8316,1623166.3177,1345454.4089536
2025-09-19 08:00:00,0.8316,0.8363,0.8061,0.8106,2432303.9137,1993012.57399235
2025-09-19 12:00:00,0.8106,0.8166,0.7915,0.8027,2744887.0166,2208917.09822015
2025-09-19 16:00:00,0.8025,0.8087,0.7917,0.7947,929987.0958,745142.41704402
2025-09-19 20:00:00,0.7946,0.7999,0.7844,0.7918,678056.7086,537699.11622172
2025-09-20 00:00:00,0.7917,0.7984,0.7859,0.7959,993111.356,787793.85779574
2025-09-20 04:00:00,0.7957,0.8103,0.7943,0.8077,930292.3164,748361.33908925
2025-09-20 08:00:00,0.8072,0.808,0.7946,0.8012,1255125.2234,1003871.95722134
2025-09-20 12:00:00,0.8012,0.8266,0.799,0.8176,1322153.5624,1074813.33261841
2025-09-20 16:00:00,0.8178,0.8218,0.8033,0.8049,1127951.9406,916532.56621085
2025-09-20 20:00:00,0.8047,0.8153,0.8039,0.8088,473536.9708,383692.62035403
2025-09-21 00:00:00,0.8088,0.8163,0.8057,0.8149,901350.602,731305.22906993
2025-09-21 04:00:00,0.8154,0.8198,0.8047,0.8128,975211.363,791493.8731523
2025-09-21 08:00:00,0.8129,0.8142,0.787,0.7952,1225901.2039,977693.01694994
2025-09-21 12:00:00,0.7954,0.8023,0.7867,0.788,1520448.9504,1206655.5778989
2025-09-21 16:00:00,0.7879,0.7896,0.7766,0.7856,901412.0466,706525.12757937
2025-09-21 20:00:00,0.7852,0.7854,0.7767,0.7786,441691.2872,344745.4679726
2025-09-22 00:00:00,0.7786,0.7815,0.7346,0.7464,3520840.9322,2651932.74111206
2025-09-22 04:00:00,0.7467,0.7508,0.6808,0.7095,7966378.6717,5660812.74557913
2025-09-22 08:00:00,0.7097,0.7123,0.6996,0.7048,1625386.2851,1148215.05043189
2025-09-22 12:00:00,0.7051,0.7094,0.6929,0.6938,2781597.9648,1946935.75606686
2025-09-22 16:00:00,0.6938,0.7002,0.6869,0.6885,1592933.023,1105397.47443287
2025-09-22 20:00:00,0.6885,0.7038,0.688,0.7037,816234.6487,570075.84932675
2025-09-23 00:00:00,0.7032,0.7066,0.6837,0.7024,1466355.8608,1020929.26367877
2025-09-23 04:00:00,0.7026,0.7131,0.6946,0.7074,946851.3536,666770.22102976
2025-09-23 08:00:00,0.7078,0.7103,0.6994,0.7029,855913.7064,603583.01466512
2025-09-23 12:00:00,0.7028,0.7083,0.6959,0.7007,1310704.1176,920358.90811966
2025-09-23 16:00:00,0.7007,0.7078,0.6865,0.6883,1221004.1026,851627.98917205
2025-09-23 20:00:00,0.6883,0.6944,0.68,0.6825,565157.2679,388762.35210492
2025-09-24 00:00:00,0.6828,0.6987,0.6821,0.6847,1066298.5616,736457.16159498
2025-09-24 04:00:00,0.6845,0.7048,0.673,0.7022,2034187.5284,1405838.86964051
2025-09-24 08:00:00,0.702,0.7084,0.6987,0.7061,1301193.6691,915050.29746888
2025-09-24 12:00:00,0.7062,0.7104,0.694,0.6951,1433506.5511,1007655.59075274
2025-09-24 16:00:00,0.6953,0.6988,0.687,0.6897,963589.9108,668768.13409471
2025-09-24 20:00:00,0.6898,0.6909,0.68,0.6822,995042.257,679964.98805031
2025-09-25 00:00:00,0.6821,0.6859,0.6713,0.6787,1543067.2127,1045990.45980148
2025-09-25 04:00:00,0.6783,0.6802,0.6623,0.6674,2049545.2356,1373033.06597028
2025-09-25 08:00:00,0.6677,0.6768,0.6652,0.668,1497140.9085,1005922.63515048
2025-09-25 12:00:00,0.6681,0.6788,0.6556,0.6694,2486321.4612,1656336.70173994
2025-09-25 16:00:00,0.6693,0.6698,0.6336,0.6522,3940085.2524,2559968.45525517
2025-09-25 20:00:00,0.6524,0.6531,0.6344,0.6412,904197.9798,581274.03593351
2025-09-26 00:00:00,0.6413,0.6536,0.6398,0.6518,1156600.0976,749565.95095786
2025-09-26 04:00:00,0.6522,0.6546,0.6443,0.6508,820877.9827,532900.0581862
2025-09-26 08:00:00,0.651,0.6546,0.6377,0.6436,1331323.5395,858220.49227057
2025-09-26 12:00:00,0.6434,0.6573,0.636,0.6543,1711578.7791,1111108.35203592
2025-09-26 16:00:00,0.6539,0.6686,0.6538,0.6635,1675731.5967,1110799.49534722
2025-09-26 20:00:00,0.6633,0.673,0.6616,0.6699,573882.6113,383187.03774172
2025-09-27 00:00:00,0.6697,0.67,0.6657,0.6659,429964.5517,287061.22944556
2025-09-27 04:00:00,0.6657,0.674,0.6649,0.6691,637320.0755,427467.44725524
2025-09-27 08:00:00,0.6689,0.6767,0.6601,0.6756,978246.5016,654265.91076725
2025-09-27 12:00:00,0.6757,0.676,0.6655,0.6734,1314610.7368,882480.90751452
2025-09-27 16:00:00,0.6734,0.6734,0.6642,0.6696,758575.1354,507385.02282834
2025-09-27 20:00:00,0.6698,0.6807,0.6693,0.6727,694707.3857,469103.33292112
2025-09-28 00:00:00,0.673,0.6735,0.6631,0.6678,713821.6996,476346.88424559
2025-09-28 04:00:00,0.6675,0.6677,0.6583,0.6585,699913.0542,463305.14620463
2025-09-28 08:00:00,0.6584,0.6605,0.6546,0.6567,804916.8053,529127.25392811
2025-09-28 12:00:00,0.6566,0.6673,0.6522,0.664,523939.8851,346638.88426107
2025-09-28 16:00:00,0.6641,0.673,0.6633,0.6709,384502.0085,257003.86840899
2025-09-28 20:00:00,0.671,0.6855,0.6703,0.6833,646517.2211,439275.07917242
2025-09-29 00:00:00,0.6828,0.683,0.6763,0.6802,349426.2091,237656.83789501
2025-09-29 04:00:00,0.6805,0.6807,0.6691,0.6738,543789.6851,366353.86154286
2025-09-29 08:00:00,0.6741,0.6799,0.666,0.67,637037.0752,429344.54342455
2025-09-29 12:00:00,0.6697,0.6859,0.6598,0.6731,845564.1464,570619.50741961
2025-09-29 16:00:00,0.6733,0.6765,0.6626,0.6747,352997.4902,235941.40512294
2025-09-29 20:00:00,0.6745,0.6842,0.6735,0.674,319488.0141,216664.16900508
2025-09-30 00:00:00,0.6742,0.6757,0.6618,0.6642,600494.8753,400918.92754575
2025-09-30 04:00:00,0.6638,0.6704,0.6607,0.6631,404904.0826,270031.2843058
2025-09-30 08:00:00,0.6632,0.6668,0.6587,0.6664,580640.0578,384350.97875673
2025-09-30 12:00:00,0.6662,0.667,0.6507,0.6567,861578.4537,567875.60904427
2025-09-30 16:00:00,0.6564,0.6721,0.6521,0.6713,821222.3751,540853.75362794
2025-09-30 20:00:00,0.6715,0.6778,0.6654,0.6708,529715.8326,356275.91874993
2025-10-01 00:00:00,0.671,0.6735,0.6628,0.664,619257.8743,413263.8840101
2025-10-01 04:00:00,0.6634,0.6747,0.663,0.6669,879137.5277,588181.25761278
2025-10-01 08:00:00,0.6667,0.6959,0.6665,0.6883,1899742.4763,1308828.12705124
2025-10-01 12:00:00,0.6886,0.6975,0.6849,0.6964,807554.2061,557803.18232944
2025-10-01 16:00:00,0.6966,0.7058,0.6936,0.705,916429.9272,640646.7997813
2025-10-01 20:00:00,0.7053,0.7058,0.6972,0.7048,1024061.1874,718647.23738511
2025-10-02 00:00:00,0.7049,0.7173,0.7014,0.7147,1339432.0659,949472.77159071
2025-10-02 04:00:00,0.7146,0.7259,0.7138,0.7159,1789171.7248,1289330.14980622
2025-10-02 08:00:00,0.7159,0.7306,0.7126,0.7274,902497.6799,649616.9870362
2025-10-02 12:00:00,0.7273,0.7391,0.7081,0.7241,2660499.4045,1921453.68438497
2025-10-02 16:00:00,0.7244,0.7488,0.7223,0.7464,1639847.4056,1205738.33116225
2025-10-02 20:00:00,0.7466,0.7546,0.7444,0.7505,918620.7436,687871.80254671
2025-10-03 00:00:00,0.751,0.751,0.7351,0.7375,1166815.6937,865101.57326837
2025-10-03 04:00:00,0.7374,0.7456,0.7289,0.732,636719.175,467652.86102987
2025-10-03 08:00:00,0.732,0.7353,0.7266,0.7286,715608.7176,522831.94040077
2025-10-03 12:00:00,0.7285,0.7488,0.7235,0.7467,998641.0121,733190.87628131
2025-10-03 16:00:00,0.7467,0.7602,0.7315,0.7503,2410158.7723,1793613.70302886
2025-10-03 20:00:00,0.7502,0.7546,0.7428,0.7442,533363.5935,398927.24875394
2025-10-04 00:00:00,0.7445,0.749,0.7305,0.7321,730540.5036,539668.81587333
2025-10-04 04:00:00,0.7317,0.7418,0.7285,0.7333,649021.592,477116.35313688
2025-10-04 08:00:00,0.7334,0.7341,0.7175,0.7199,638220.271,462296.17078651
2025-10-04 12:00:00,0.7201,0.7333,0.7133,0.7165,594513.4042,429818.35519649
2025-10-04 16:00:00,0.7163,0.726,0.7147,0.7237,634876.859,457540.49397225
2025-10-04 20:00:00,0.7238,0.7272,0.722,0.7248,233924.259,169433.90682337
2025-10-05 00:00:00,0.7249,0.742,0.7207,0.7353,1110870.1549,814697.7557373
2025-10-05 04:00:00,0.7354,0.7535,0.7347,0.7535,1709327.0579,1271830.32622083
2025-10-05 08:00:00,0.7536,0.7572,0.7325,0.7386,1286407.7119,958229.57306842
2025-10-05 12:00:00,0.7384,0.7412,0.7307,0.7366,634129.9341,466575.64072235
2025-10-05 16:00:00,0.7366,0.7381,0.7136,0.7144,1291456.5205,934698.63584363
2025-10-05 20:00:00,0.7145,0.7219,0.7126,0.7185,491183.1765,352828.52135176
2025-10-06 00:00:00,0.7187,0.7329,0.7139,0.7295,1061301.4211,767855.93062661
2025-10-06 04:00:00,0.7293,0.7388,0.7198,0.7283,969109.9574,707879.51680904
2025-10-06 08:00:00,0.7295,0.7435,0.7285,0.7393,943242.8566,693603.56007786
2025-10-06 12:00:00,0.7399,0.7633,0.7397,0.7591,2732738.7485,2064135.45483088
2025-10-06 16:00:00,0.7595,0.7654,0.7545,0.7634,2644141.4593,2011769.866807
2025-10-06 20:00:00,0.7634,0.7665,0.7561,0.7581,752017.7618,572147.97101048
2025-10-07 00:00:00,0.7582,0.7631,0.7473,0.7484,898781.0568,678560.98216431
2025-10-07 04:00:00,0.748,0.755,0.7364,0.7385,986124.025,736086.50604727
2025-10-07 08:00:00,0.7383,0.7451,0.7293,0.7438,1105606.2666,814198.4174765
2025-10-07 12:00:00,0.7437,0.7468,0.7071,0.7094,3041059.8061,2199078.17129177
2025-10-07 16:00:00,0.7095,0.7182,0.7026,0.7106,1572112.8718,1115955.28073485
2025-10-07 20:00:00,0.7108,0.7227,0.7089,0.7118,670261.806,479715.32138583
2025-10-08 00:00:00,0.7119,0.7239,0.7008,0.7068,985702.9901,703202.58604759
2025-10-08 04:00:00,0.7063,0.7126,0.7017,0.7122,727245.1103,514492.40803485
2025-10-08 08:00:00,0.7124,0.7209,0.7111,0.714,700849.5667,502610.48221663
2025-10-08 12:00:00,0.7143,0.7257,0.7095,0.7163,743288.8763,532381.87356191
2025-10-08 16:00:00,0.7168,0.745,0.7148,0.7346,1623989.8578,1193449.891945
2025-10-08 20:00:00,0.7347,0.7361,0.7282,0.731,393218.618,287817.30935332
2025-10-09 00:00:00,0.7312,0.733,0.7073,0.7183,1288282.3144,926399.32062517
2025-10-09 04:00:00,0.7181,0.7223,0.7054,0.7066,519884.72,370876.55470203
2025-10-09 08:00:00,0.7063,0.7077,0.6912,0.7002,1557436.108,1087049.29937829
2025-10-09 12:00:00,0.7,0.7084,0.6854,0.6907,1373835.8664,956620.95807916
2025-10-09 16:00:00,0.6903,0.6998,0.6833,0.698,547700.0914,379599.73013502
2025-10-09 20:00:00,0.6982,0.7096,0.6959,0.7068,702219.129,495005.43624294
2025-10-10 00:00:00,0.707,0.7292,0.7047,0.7198,1264664.2599,903552.77293033
2025-10-10 04:00:00,0.7197,0.7292,0.7138,0.714,1067305.0413,769908.42563213
2025-10-10 08:00:00,0.7142,0.7273,0.7132,0.7238,609101.4553,439224.2573046
2025-10-10 12:00:00,0.724,0.7342,0.6773,0.6876,4638954.1368,3276031.86338867
2025-10-10 16:00:00,0.6877,0.6955,0.6596,0.6653,1958443.5572,1326332.34937767
2025-10-10 20:00:00,0.6655,0.6707,0.2247,0.4948,47077127.1117,21673874.2396591
2025-10-11 00:00:00,0.4947,0.5086,0.4714,0.4836,8198002.9662,4025692.16756217
2025-10-11 04:00:00,0.4834,0.4924,0.4744,0.4832,9577924.3558,4632107.35322901
2025-10-11 08:00:00,0.4829,0.5059,0.4781,0.4922,6665067.7625,3301776.34265263
2025-10-11 12:00:00,0.4917,0.4935,0.469,0.4845,4676805.1718,2252909.38549433
2025-10-11 16:00:00,0.4848,0.4877,0.4536,0.459,3504286.6628,1663595.16631576
2025-10-11 20:00:00,0.4588,0.46,0.4382,0.4562,3290150.262,1485247.98770807
2025-10-12 00:00:00,0.4562,0.4613,0.445,0.4564,2928461.462,1327078.25905621
2025-10-12 04:00:00,0.4565,0.4668,0.4544,0.4629,2296131.4151,1060978.93927706
2025-10-12 08:00:00,0.4628,0.4649,0.4525,0.4572,2149404.5325,986812.46504227
2025-10-12 12:00:00,0.4569,0.4879,0.4498,0.4826,5484163.5707,2568880.28086273
2025-10-12 16:00:00,0.4827,0.4962,0.4796,0.496,3934250.7199,1920502.53454271
2025-10-12 20:00:00,0.4958,0.4998,0.4822,0.4873,2531484.8447,1241152.62640281
2025-10-13 00:00:00,0.4872,0.4917,0.478,0.4792,1871111.7188,903446.63344361
2025-10-13 04:00:00,0.4794,0.4946,0.4742,0.4865,2241497.353,1085232.68060662
2025-10-13 08:00:00,0.4869,0.4988,0.4713,0.4806,5422535.2264,2645268.64714023
2025-10-13 12:00:00,0.4808,0.4954,0.4702,0.479,5023517.0326,2420485.19306919
2025-10-13 16:00:00,0.479,0.5044,0.4719,0.5036,5504267.9694,2681565.29814057
2025-10-13 20:00:00,0.5034,0.5116,0.5006,0.5023,1989175.4348,1007573.22816749
2025-10-14 00:00:00,0.5023,0.5059,0.4856,0.4862,4284821.2433,2126651.55439984
2025-10-14 04:00:00,0.4861,0.488,0.4501,0.4588,6411907.2599,2995230.48548476
2025-10-14 08:00:00,0.4588,0.4792,0.4526,0.459,5837501.1142,2715185.56245118
2025-10-14 12:00:00,0.4595,0.4771,0.4492,0.4762,3264827.569,1501379.42696287
2025-10-14 16:00:00,0.4763,0.4886,0.469,0.479,3989603.3657,1917557.19118904
2025-10-14 20:00:00,0.4793,0.4878,0.4767,0.4853,1048507.1686,506118.34193326
2025-10-15 00:00:00,0.4853,0.4881,0.4761,0.4793,1644445.6443,793517.1414881
2025-10-15 04:00:00,0.4791,0.4876,0.4768,0.4873,1627680.6553,785843.03451181
2025-10-15 08:00:00,0.487,0.494,0.4723,0.4754,2628655.5224,1269757.89508351
2025-10-15 12:00:00,0.4752,0.4771,0.4595,0.4642,2531857.2335,1185120.66866532
2025-10-15 16:00:00,0.464,0.4652,0.4559,0.4582,1614504.4774,745059.70244932
2025-10-15 20:00:00,0.4584,0.4602,0.4487,0.4562,1444871.8757,657035.94273087
2025-10-16 00:00:00,0.456,0.4629,0.4535,0.4565,920148.3759,421767.53100678
2025-10-16 04:00:00,0.4567,0.4635,0.4544,0.4577,879002.3462,402710.75341814
2025-10-16 08:00:00,0.4583,0.4642,0.4368,0.4608,2952267.817,1332442.76285372
2025-10-16 12:00:00,0.4611,0.465,0.4346,0.4371,3367681.4036,1524175.24575377
2025-10-16 16:00:00,0.4369,0.4496,0.4263,0.4301,4427995.5054,1934664.18855898
2025-10-16 20:00:00,0.4301,0.4318,0.4207,0.4278,1807123.0213,769081.93927053
2025-10-17 00:00:00,0.4279,0.4332,0.4244,0.4323,1185615.0973,508283.5777564
2025-10-17 04:00:00,0.4324,0.4346,0.3995,0.4023,4450618.5968,1850113.77516774
2025-10-17 08:00:00,0.4022,0.4193,0.3945,0.4171,5252025.3439,2129256.30252875
2025-10-17 12:00:00,0.4171,0.4223,0.4104,0.422,2331666.4944,972896.81992363
2025-10-17 16:00:00,0.4218,0.4285,0.4169,0.4191,2341816.1962,989329.03520511
2025-10-17 20:00:00,0.4191,0.4278,0.418,0.4194,4122895.826,1750180.28743441
2025-10-18 00:00:00,0.4195,0.4268,0.418,0.4241,983284.304,416118.3902994
2025-10-18 04:00:00,0.4239,0.4304,0.4184,0.4225,907534.5241,384763.77715992
2025-10-18 08:00:00,0.4224,0.4291,0.4212,0.4283,770061.2383,327546.09748211
2025-10-18 12:00:00,0.4284,0.4298,0.4197,0.4222,739759.1584,313583.84495909
2025-10-18 16:00:00,0.4224,0.4269,0.4183,0.4258,750285.5919,317503.10980553
2025-10-18 20:00:00,0.4261,0.4298,0.4237,0.4278,288501.1324,123221.57221712
2025-10-19 00:00:00,0.4278,0.4323,0.4242,0.4314,405140.1567,173011.36186654
2025-10-19 04:00:00,0.4315,0.4323,0.4242,0.4274,367574.2925,156980.18717341
2025-10-19 08:00:00,0.4275,0.4407,0.4209,0.4346,3021563.0654,1304190.2558458
2025-10-19 12:00:00,0.4349,0.443,0.4314,0.4393,1530418.0691,670622.35681575
2025-10-19 16:00:00,0.4394,0.4451,0.437,0.4417,1865101.8929,823088.58677102
2025-10-19 20:00:00,0.4418,0.4444,0.4379,0.4387,776176.4454,342888.47447455
2025-10-20 00:00:00,0.4385,0.4513,0.4306,0.449,1210251.9846,529082.54231923
2025-10-20 04:00:00,0.4493,0.4565,0.4476,0.4492,2305445.2307,1040181.0602054
2025-10-20 08:00:00,0.4489,0.4534,0.4458,0.4501,1395731.1706,627902.47940867
2025-10-20 12:00:00,0.45,0.4581,0.4489,0.4492,2371216.4502,1076898.82231773
2025-10-20 16:00:00,0.449,0.4522,0.4394,0.4507,1818170.9662,810245.85398297
2025-10-20 20:00:00,0.4505,0.4527,0.447,0.4477,602043.9266,270966.37523238
2025-10-21 00:00:00,0.4474,0.4481,0.4359,0.4368,1364788.8161,604756.0477238
2025-10-21 04:00:00,0.4366,0.4372,0.4262,0.4338,1196837.434,515265.14757927
2025-10-21 08:00:00,0.4337,0.4385,0.4272,0.4359,776272.6996,335526.64629909
2025-10-21 12:00:00,0.4357,0.467,0.4344,0.4625,6391389.7736,2923579.0490441
2025-10-21 16:00:00,0.4627,0.467,0.4531,0.4575,3871844.2865,1786141.64323435
2025-10-21 20:00:00,0.4577,0.4583,0.432,0.4336,1837195.857,822088.40068091
2025-10-22 00:00:00,0.4334,0.4362,0.4295,0.4355,2259205.2166,979594.87340802
2025-10-22 04:00:00,0.4354,0.4387,0.428,0.4335,1435742.8218,622603.44489662
2025-10-22 08:00:00,0.4336,0.436,0.4223,0.4322,1571856.7685,674699.59073061
2025-10-22 12:00:00,0.4319,0.4373,0.4271,0.433,1843317.1087,794974.25050164
2025-10-22 16:00:00,0.4327,0.4344,0.4189,0.4234,2060768.164,879467.42822106
2025-10-22 20:00:00,0.4233,0.4251,0.405,0.4194,2606761.3846,1075416.62748268
2025-10-23 00:00:00,0.4195,0.4235,0.4183,0.4212,574978.1189,242098.31837148
2025-10-23 04:00:00,0.4215,0.4303,0.4207,0.4282,617929.6558,263793.7380497
2025-10-23 08:00:00,0.4284,0.4342,0.4274,0.4282,987705.5278,425648.20827114
2025-10-23 12:00:00,0.4282,0.4349,0.4238,0.4327,1189009.843,510460.71210052
2025-10-23 16:00:00,0.4329,0.4402,0.4316,0.4347,855145.4893,372126.38641068
2025-10-23 20:00:00,0.4344,0.4347,0.4278,0.4338,578136.0266,249471.89276095
2025-10-24 00:00:00,0.4339,0.4358,0.431,0.4321,384463.8371,166605.78093654
2025-10-24 04:00:00,0.4321,0.4444,0.4312,0.4404,1135084.7943,499425.74682614
2025-10-24 08:00:00,0.4405,0.4452,0.4362,0.4415,561790.4093,247626.25691405
2025-10-24 12:00:00,0.4416,0.4533,0.435,0.4367,1477731.4714,656305.26517347
2025-10-24 16:00:00,0.437,0.4458,0.4335,0.4452,537875.3547,236063.41632693
2025-10-24 20:00:00,0.4449,0.45,0.4444,0.4485,579245.9388,259538.08315302
2025-10-25 00:00:00,0.4482,0.4486,0.4431,0.4432,375568.7167,167454.76541722
2025-10-25 04:00:00,0.4432,0.4452,0.4402,0.4407,360816.284,159688.51668518
2025-10-25 08:00:00,0.4406,0.4434,0.4385,0.4434,390945.0673,172591.23550273
2025-10-25 12:00:00,0.4431,0.4473,0.4431,0.4467,436983.7073,194668.91831287
2025-10-25 16:00:00,0.4467,0.4506,0.4453,0.4506,660146.4186,295516.52287695
2025-10-25 20:00:00,0.4507,0.4511,0.4468,0.4468,307906.8816,138114.18141381
2025-10-26 00:00:00,0.4471,0.4479,0.4397,0.4411,642536.6534,284762.28965478
2025-10-26 04:00:00,0.4412,0.4473,0.4409,0.4463,432065.5309,192106.66319403
2025-10-26 08:00:00,0.4466,0.4607,0.4466,0.4589,1323812.009,600612.28361793
2025-10-26 12:00:00,0.4594,0.4641,0.4578,0.4631,2252679.6229,1038613.37006642
2025-10-26 16:00:00,0.4632,0.4634,0.4593,0.4613,1312032.0489,604729.90303591
2025-10-26 20:00:00,0.4614,0.4716,0.4568,0.4648,1450458.0943,674809.06438119
2025-10-27 00:00:00,0.4651,0.4715,0.4637,0.4691,962587.3303,451329.00679349
2025-10-27 04:00:00,0.4691,0.4762,0.4646,0.4676,1103799.4091,518910.15014637
2025-10-27 08:00:00,0.4673,0.4692,0.4562,0.4607,1205195.5431,556949.53764546
2025-10-27 12:00:00,0.4606,0.4609,0.4521,0.4569,1219399.5511,557591.94104179
2025-10-27 16:00:00,0.4574,0.4686,0.4572,0.4594,975228.9886,451843.60958121
2025-10-27 20:00:00,0.4599,0.4599,0.4483,0.4522,908355.0082,413063.18916535
2025-10-28 00:00:00,0.4521,0.4553,0.4484,0.451,657795.9068,296830.31566038
2025-10-28 04:00:00,0.4506,0.4615,0.4478,0.4544,869593.3001,394387.32000131
2025-10-28 08:00:00,0.4551,0.4583,0.4519,0.4523,393868.7308,179279.01901473
2025-10-28 12:00:00,0.4523,0.4623,0.4453,0.4521,1094519.0008,497047.86577785
2025-10-28 16:00:00,0.4519,0.4572,0.44,0.4422,865906.5486,388284.91330182
2025-10-28 20:00:00,0.4419,0.442,0.4267,0.4355,1724545.5434,747391.56551554
2025-10-29 00:00:00,0.4354,0.4389,0.434,0.435,397349.6499,173199.34608818
2025-10-29 04:00:00,0.4347,0.4391,0.4347,0.4377,374821.1684,163627.26473856
2025-10-29 08:00:00,0.4375,0.448,0.4346,0.4456,711404.5071,315542.83879485
2025-10-29 12:00:00,0.4457,0.45,0.4369,0.4401,780846.141,347679.26262614
2025-10-29 16:00:00,0.4395,0.4523,0.4256,0.4482,3249178.6911,1428260.62739468
2025-10-29 20:00:00,0.4486,0.456,0.4383,0.4405,879575.588,393907.49327594
2025-10-30 00:00:00,0.4403,0.4476,0.4374,0.4424,457487.9317,202827.53135111
2025-10-30 04:00:00,0.4418,0.4419,0.423,0.4378,1337134.8353,577166.80849345
2025-10-30 08:00:00,0.4376,0.4376,0.4244,0.4245,561027.2518,241205.99156785
2025-10-30 12:00:00,0.4245,0.4249,0.3998,0.4009,3283028.6719,1349158.15627071
2025-10-30 16:00:00,0.4012,0.4043,0.3864,0.3884,4967130.0058,1957196.01077204
2025-10-30 20:00:00,0.3886,0.4008,0.387,0.4004,1692495.793,666686.01657384
2025-10-31 00:00:00,0.4003,0.4083,0.399,0.4021,2162157.1059,873009.51351774
2025-10-31 04:00:00,0.4019,0.405,0.3982,0.3989,1172860.89,471314.64181399
2025-10-31 08:00:00,0.3987,0.4064,0.3966,0.4063,796459.3134,318385.99825901
2025-10-31 12:00:00,0.406,0.4077,0.3983,0.4047,2691557.4071,1081757.8428478
2025-10-31 16:00:00,0.4044,0.4049,0.3876,0.4029,1612880.3721,638267.48017246
2025-10-31 20:00:00,0.4029,0.4035,0.3953,0.3992,587025.3362,234181.98884399
2025-11-01 00:00:00,0.3993,0.4031,0.396,0.4022,508369.6422,203505.16291122
2025-11-01 04:00:00,0.4021,0.4073,0.3972,0.4059,736926.3686,295600.54572691
2025-11-01 08:00:00,0.406,0.4104,0.4039,0.41,1144744.5556,465935.93831471
2025-11-01 12:00:00,0.41,0.4138,0.4048,0.4104,1795193.2396,736263.79635681
2025-11-01 16:00:00,0.4105,0.4163,0.4092,0.4147,851254.9071,352599.02827639
2025-11-01 20:00:00,0.415,0.4183,0.4122,0.417,1018169.6244,422495.72115271
2025-11-02 00:00:00,0.4172,0.4174,0.411,0.4118,322873.4163,133636.66511213
2025-11-02 04:00:00,0.4115,0.4268,0.4111,0.4264,1781121.0211,749823.72569144
2025-11-02 08:00:00,0.4264,0.4291,0.4204,0.429,1787113.5518,758706.94984914
2025-11-02 12:00:00,0.4292,0.4305,0.4088,0.412,3032512.8875,1273591.24692072
2025-11-02 16:00:00,0.4119,0.4153,0.4057,0.4092,1077862.469,442394.81323245
2025-11-02 20:00:00,0.4093,0.4219,0.4075,0.4205,992417.566,412040.38306977
2025-11-03 00:00:00,0.4206,0.4217,0.3861,0.3876,2665358.3793,1073315.18767078
2025-11-03 04:00:00,0.3876,0.3911,0.3759,0.3846,3294263.8621,1263229.92787643
2025-11-03 08:00:00,0.3845,0.3876,0.3759,0.3804,2024090.9965,771179.47417894
2025-11-03 12:00:00,0.3808,0.3876,0.3434,0.354,8462910.1908,3081570.19795718
2025-11-03 16:00:00,0.3542,0.3683,0.3515,0.3548,3373974.4771,1220263.62362066
2025-11-03 20:00:00,0.3552,0.3557,0.3433,0.3523,2961102.9813,1034224.69839621
2025-11-04 00:00:00,0.3526,0.364,0.3482,0.3636,3020864.5537,1076486.37690484
2025-11-04 04:00:00,0.3638,0.3675,0.3431,0.347,3269176.1618,1154801.78672744
2025-11-04 08:00:00,0.3469,0.3683,0.3453,0.3624,2419234.9515,868224.33809197
2025-11-04 12:00:00,0.3622,0.3686,0.3535,0.3573,4455062.8936,1604470.26446705
2025-11-04 16:00:00,0.3577,0.3604,0.3289,0.3353,5084952.0543,1737074.84886819
2025-11-04 20:00:00,0.3354,0.35,0.318,0.3454,5075553.4389,1689005.67978383
2025-11-05 00:00:00,0.3454,0.3551,0.3282,0.3533,2862644.4148,985099.10112311
2025-11-05 04:00:00,0.3532,0.3552,0.3487,0.3524,1174646.3638,412969.06044026
2025-11-05 08:00:00,0.3522,0.3576,0.3459,0.3567,1528994.6987,537957.4812591
2025-11-05 12:00:00,0.3566,0.3638,0.3545,0.3637,2937311.3122,1053646.09597928
2025-11-05 16:00:00,0.3638,0.3767,0.3596,0.3743,2533395.7142,933250.25048699
2025-11-05 20:00:00,0.3743,0.3774,0.3693,0.3724,1346730.817,501547.35588037
2025-11-06 00:00:00,0.3728,0.3728,0.3637,0.3673,1278177.7701,469769.36094856
2025-11-06 04:00:00,0.3673,0.37,0.3598,0.3607,847321.404,308241.05632656
2025-11-06 08:00:00,0.3605,0.3637,0.358,0.3613,670178.1447,242104.69338332
2025-11-06 12:00:00,0.3613,0.369,0.3536,0.3555,2898266.9806,1045389.67325615
2025-11-06 16:00:00,0.3559,0.366,0.3493,0.3641,2123796.2277,763296.70196043
2025-11-06 20:00:00,0.3642,0.3667,0.3596,0.3648,2038380.2081,739313.39747106
2025-11-07 00:00:00,0.3648,0.3804,0.3644,0.3757,2462442.9006,910870.20935274
2025-11-07 04:00:00,0.3763,0.3871,0.3694,0.387,2233388.3068,845308.8823418
2025-11-07 08:00:00,0.3872,0.39,0.3758,0.3811,2758353.6253,1057103.89237599
2025-11-07 12:00:00,0.3817,0.4013,0.3691,0.4001,3066382.9161,1182940.0815942
2025-11-07 16:00:00,0.4,0.4372,0.3993,0.4286,6331588.4746,2666026.850726
2025-11-07 20:00:00,0.4285,0.4382,0.4224,0.4235,3832015.996,1654622.22205181
2025-11-08 00:00:00,0.4236,0.4369,0.4172,0.4281,1979955.3307,847518.92643936
2025-11-08 04:00:00,0.4282,0.4358,0.4173,0.4258,2905957.1773,1248372.89045332
2025-11-08 08:00:00,0.4257,0.434,0.4208,0.4306,1122946.3358,480465.67505718
2025-11-08 12:00:00,0.4304,0.435,0.4119,0.4137,2488219.0283,1056551.15630168
2025-11-08 16:00:00,0.4138,0.4211,0.4105,0.4185,654919.9524,272135.65218562
2025-11-08 20:00:00,0.4185,0.4241,0.4155,0.4233,483868.462,203863.60582868
2025-11-09 00:00:00,0.4234,0.4237,0.4028,0.4052,1062230.0317,438366.09535487
2025-11-09 04:00:00,0.4052,0.4156,0.4044,0.4144,621414.9432,254746.20893676
2025-11-09 08:00:00,0.4145,0.419,0.4043,0.4156,983375.8873,405824.96767781
2025-11-09 12:00:00,0.4158,0.4296,0.415,0.4247,1742883.1717,737646.10346971
2025-11-09 16:00:00,0.4246,0.4349,0.4206,0.4348,2477655.3275,1056930.02700937
2025-11-09 20:00:00,0.4348,0.4348,0.4262,0.4285,1196708.8391,515179.82409227
2025-11-10 00:00:00,0.4288,0.4371,0.4247,0.4351,1378541.7967,596813.31340635
2025-11-10 04:00:00,0.4353,0.4412,0.4308,0.4354,1022249.0655,446130.96999973
2025-11-10 08:00:00,0.4356,0.4426,0.4291,0.4385,1539006.3723,670599.6182072
2025-11-10 12:00:00,0.4387,0.4426,0.4266,0.4326,2247875.2356,978479.12361418
2025-11-10 16:00:00,0.4327,0.4428,0.4253,0.4385,1688534.2817,730540.40253798
2025-11-10 20:00:00,0.4384,0.4536,0.4348,0.4447,2387033.866,1056772.78159379
2025-11-11 00:00:00,0.4446,0.454,0.4353,0.4473,3341277.6819,1492181.19280291
2025-11-11 04:00:00,0.447,0.4482,0.4244,0.4245,2487847.7494,1082906.10870039
2025-11-11 08:00:00,0.4245,0.4298,0.4221,0.4257,1494068.8012,636474.06916107
2025-11-11 12:00:00,0.4257,0.43,0.4205,0.4229,1759841.8179,745803.90206825
2025-11-11 16:00:00,0.4227,0.4263,0.4132,0.4139,1974311.7586,828364.44264364
2025-11-11 20:00:00,0.4139,0.4149,0.405,0.4064,1468575.248,601440.22850688
2025-11-12 00:00:00,0.4066,0.4141,0.4033,0.4131,1051087.3789,430119.47020358
2025-11-12 04:00:00,0.4133,0.4185,0.4102,0.4124,786594.1416,326329.91021848
2025-11-12 08:00:00,0.4124,0.4312,0.4124,0.4277,2017015.1376,859198.18852105
2025-11-12 12:00:00,0.4278,0.4337,0.4078,0.4093,2700247.0823,1142490.93685929
2025-11-12 16:00:00,0.4091,0.4102,0.3925,0.3968,2440875.8581,975199.44167592
2025-11-12 20:00:00,0.3965,0.4048,0.3953,0.3997,720343.0023,288853.43535993
2025-11-13 00:00:00,0.3997,0.4131,0.3967,0.4084,1234107.0378,498551.58708483
2025-11-13 04:00:00,0.4083,0.4185,0.4054,0.4149,1663387.4334,687997.01809292
2025-11-13 08:00:00,0.4149,0.419,0.41,0.4138,1153263.8422,477723.36786904
2025-11-13 12:00:00,0.4139,0.4298,0.4116,0.4205,2873322.6583,1205608.57565213
2025-11-13 16:00:00,0.4203,0.4206,0.3772,0.3792,5214068.6196,2065537.37145431
2025-11-13 20:00:00,0.3781,0.3948,0.3742,0.3903,4314501.4828,1645945.81367502
2025-11-14 00:00:00,0.3905,0.3943,0.3823,0.3845,2286204.7934,888564.42285026
2025-11-14 04:00:00,0.3842,0.3926,0.3664,0.388,3642522.4409,1384288.60636109
2025-11-14 08:00:00,0.3878,0.3889,0.376,0.3794,1555404.8612,593091.50892388
2025-11-14 12:00:00,0.3795,0.3949,0.3702,0.3902,2843951.0321,1084211.39268067
2025-11-14 16:00:00,0.3901,0.3946,0.3838,0.3925,2301645.0592,896565.9399665
2025-11-14 20:00:00,0.3926,0.3939,0.3702,0.3787,2182664.2306,833846.96400258
2025-11-15 00:00:00,0.3788,0.3956,0.3784,0.3937,1696715.7326,658428.72956292
2025-11-15 04:00:00,0.3939,0.4028,0.3922,0.3934,1140150.4171,451510.82233109
2025-11-15 08:00:00,0.3934,0.3935,0.385,0.3897,1316774.1231,512425.92509596
2025-11-15 12:00:00,0.3896,0.3981,0.3887,0.3908,845691.5157,332545.59655867
2025-11-15 16:00:00,0.3906,0.3978,0.3876,0.3939,671945.067,264364.95725951
2025-11-15 20:00:00,0.394,0.3953,0.3882,0.3896,501517.3276,196474.94078355
2025-11-16 00:00:00,0.3897,0.3986,0.3826,0.3966,934688.3152,364879.15272056
2025-11-16 04:00:00,0.3965,0.399,0.392,0.399,524685.6747,207984.55486123
2025-11-16 08:00:00,0.399,0.4003,0.3868,0.3878,1277994.9771,504172.17734337
2025-11-16 12:00:00,0.3877,0.3908,0.3776,0.3776,1445870.788,556752.81676449
2025-11-16 16:00:00,0.3783,0.3824,0.3661,0.3746,2921557.7504,1090538.74566313
2025-11-16 20:00:00,0.3748,0.3862,0.3694,0.3828,1824647.8442,688794.36924159
2025-11-17 00:00:00,0.3828,0.3907,0.379,0.3888,1439833.5765,557077.15774842
2025-11-17 04:00:00,0.3888,0.3928,0.3854,0.392,1002670.0396,390028.3764106
2025-11-17 08:00:00,0.3917,0.3939,0.3877,0.391,1225494.7042,478540.68934743
2025-11-17 12:00:00,0.3906,0.3947,0.3748,0.3793,3029829.7487,1162789.51903128
2025-11-17 16:00:00,0.3797,0.3835,0.3578,0.3598,3659386.4005,1346430.3349708
2025-11-17 20:00:00,0.3595,0.3659,0.3562,0.3658,3168883.1973,1142249.61535965
2025-11-18 00:00:00,0.3655,0.3798,0.3598,0.3795,3391149.3952,1258355.34350443
2025-11-18 04:00:00,0.3796,0.3859,0.3693,0.3725,2468125.297,930969.46513943
2025-11-18 08:00:00,0.3733,0.3786,0.3703,0.3746,1566098.7444,587745.39917636
2025-11-18 12:00:00,0.3751,0.3845,0.3713,0.3811,1841511.8806,695185.91375168
2025-11-18 16:00:00,0.3811,0.3899,0.3796,0.3827,1976716.3976,760658.92657142
2025-11-18 20:00:00,0.383,0.3845,0.3774,0.3812,969921.4968,369544.26192214
2025-11-19 00:00:00,0.3806,0.3852,0.3764,0.3774,1049373.9688,399127.5073463
2025-11-19 04:00:00,0.3771,0.3787,0.3673,0.3786,1159904.9587,434433.94285822
2025-11-19 08:00:00,0.3785,0.385,0.3763,0.3813,1656882.005,630150.85309114
2025-11-19 12:00:00,0.3812,0.3833,0.3687,0.369,1933914.6296,730252.1132495
2025-11-19 16:00:00,0.369,0.3728,0.3553,0.3582,1865330.7135,675968.54424037
2025-11-19 20:00:00,0.3584,0.3772,0.3575,0.3753,1970647.0248,730248.75549912
2025-11-20 00:00:00,0.3752,0.378,0.3729,0.376,731922.6315,274846.31635362
2025-11-20 04:00:00,0.376,0.3873,0.376,0.3871,1290229.4469,493552.08946908
2025-11-20 08:00:00,0.387,0.3881,0.3823,0.3859,1306106.2268,502370.33080692
2025-11-20 12:00:00,0.386,0.3979,0.3855,0.3892,3257271.6939,1276235.20981315
2025-11-20 16:00:00,0.3889,0.3896,0.3524,0.3642,4233690.5093,1561747.80006729
2025-11-20 20:00:00,0.3639,0.376,0.359,0.3607,1777107.4078,648160.56580109
2025-11-21 00:00:00,0.3608,0.3685,0.3532,0.3612,1780445.2568,642873.8027149
2025-11-21 04:00:00,0.361,0.3614,0.3161,0.3336,8010171.7253,2692835.8774299
2025-11-21 08:00:00,0.3337,0.3388,0.3198,0.3212,2824819.0069,932704.52416379
2025-11-21 12:00:00,0.3214,0.3286,0.3115,0.3129,7843986.3347,2514522.83088776
2025-11-21 16:00:00,0.313,0.3247,0.3065,0.3123,5642865.5958,1774562.68592576
2025-11-21 20:00:00,0.3122,0.3123,0.2926,0.3082,5016994.9591,1520533.8682304
2025-11-22 00:00:00,0.3082,0.3093,0.3021,0.3029,2376920.5578,726301.21861879
2025-11-22 04:00:00,0.3029,0.3035,0.2877,0.3032,4138325.7315,1220695.3454191
2025-11-22 08:00:00,0.3031,0.3037,0.2965,0.2999,2247828.0906,674638.85788237
2025-11-22 12:00:00,0.2996,0.3043,0.2947,0.2973,2993830.564,895498.13064609
2025-11-22 16:00:00,0.2974,0.3018,0.297,0.2994,7029638.502,2105521.08488262
2025-11-22 20:00:00,0.2991,0.3071,0.2972,0.3023,944338.5491,285103.12062293
2025-11-23 00:00:00,0.3029,0.3085,0.3011,0.3043,1384778.0822,422718.54024934
2025-11-23 04:00:00,0.305,0.3084,0.3002,0.3032,1290556.1364,393629.28733675
2025-11-23 08:00:00,0.3032,0.3073,0.3023,0.3068,970400.8527,295386.26232169
2025-11-23 12:00:00,0.3067,0.3093,0.3031,0.3075,1000461.7783,306678.01626078
2025-11-23 16:00:00,0.3074,0.3086,0.3018,0.3063,674845.6813,206098.10475137
2025-11-23 20:00:00,0.3062,0.3079,0.3008,0.3012,906930.7749,276803.09588151
2025-11-24 00:00:00,0.3012,0.3124,0.2984,0.3096,1706135.3997,520821.70097133
2025-11-24 04:00:00,0.3096,0.314,0.3036,0.3072,1615842.6618,498408.09209003
2025-11-24 08:00:00,0.3069,0.3092,0.3016,0.3063,1027251.6193,313469.05298844
2025-11-24 12:00:00,0.3062,0.3134,0.3022,0.3115,1923036.9449,591307.65479222
2025-11-24 16:00:00,0.3117,0.325,0.3117,0.3209,2155723.576,688366.52307459
2025-11-24 20:00:00,0.3208,0.3249,0.3183,0.3186,1309788.5223,421220.99305957
2025-11-25 00:00:00,0.3186,0.3207,0.3155,0.3175,1524801.5862,484845.92203174
2025-11-25 04:00:00,0.3174,0.3191,0.3132,0.3133,959844.8135,302976.02732979
2025-11-25 08:00:00,0.3142,0.3178,0.3134,0.3158,577641.3729,182393.99629548
2025-11-25 12:00:00,0.3166,0.3208,0.3099,0.3155,1574626.5463,496383.35981807
2025-11-25 16:00:00,0.3155,0.3227,0.3137,0.3191,1262278.3974,402638.01253242
2025-11-25 20:00:00,0.3189,0.3275,0.3165,0.3249,1187611.858,383879.46645811
2025-11-26 00:00:00,0.325,0.3266,0.3177,0.318,1526076.0304,491454.2759991
2025-11-26 04:00:00,0.318,0.3228,0.3173,0.3218,708401.084,226882.56227744
2025-11-26 08:00:00,0.3216,0.3218,0.315,0.3162,1439510.1921,457187.39025666
2025-11-26 12:00:00,0.3161,0.3168,0.3104,0.3121,832943.5245,261951.32539359
2025-11-26 16:00:00,0.3122,0.3286,0.3108,0.3238,1495971.6164,483008.2719684
2025-11-26 20:00:00,0.3239,0.3278,0.3218,0.3252,1228098.3168,399116.51215318
2025-11-27 00:00:00,0.3254,0.3301,0.3233,0.3248,1400284.7149,457154.12108276
2025-11-27 04:00:00,0.3249,0.3295,0.3247,0.329,1021660.2499,334132.65021558
2025-11-27 08:00:00,0.3288,0.3339,0.3273,0.3331,900080.7726,298192.54301251
2025-11-27 12:00:00,0.3333,0.3423,0.3298,0.3422,1214560.8308,407508.94733798
2025-11-27 16:00:00,0.3424,0.3432,0.3367,0.3369,1256064.6769,427514.15781534
2025-11-27 20:00:00,0.3372,0.3407,0.3326,0.334,717631.098,242522.63781177
2025-11-28 00:00:00,0.334,0.3349,0.3286,0.3298,753929.3947,249781.17270885
2025-11-28 04:00:00,0.33,0.3327,0.3272,0.3295,780302.9029,256687.95942718
2025-11-28 08:00:00,0.3298,0.3407,0.3297,0.3312,1413612.3556,474194.9084013
2025-11-28 12:00:00,0.3309,0.339,0.3298,0.3362,960831.3439,321203.93753462
2025-11-28 16:00:00,0.3371,0.3371,0.3261,0.3326,1112652.5677,367454.11631449
2025-11-28 20:00:00,0.332,0.3347,0.3298,0.3311,848617.3342,281528.79534892
2025-11-29 00:00:00,0.3316,0.3354,0.3303,0.3332,461361.7469,153498.52105765
2025-11-29 04:00:00,0.3329,0.3356,0.3271,0.3306,774196.6913,255595.86208546
2025-11-29 08:00:00,0.3295,0.3326,0.3262,0.3324,486495.2157,160091.45727544
2025-11-29 12:00:00,0.3327,0.3329,0.3265,0.3278,376684.1896,123764.34440853
2025-11-29 16:00:00,0.3278,0.3287,0.3223,0.3254,722860.7521,234903.05619728
2025-11-29 20:00:00,0.3254,0.3289,0.3246,0.3268,316698.5508,103630.33035251
2025-11-30 00:00:00,0.3267,0.3304,0.3239,0.3279,431094.2992,140939.42384516
2025-11-30 04:00:00,0.3282,0.3287,0.3239,0.3274,489129.3568,159406.18870262
2025-11-30 08:00:00,0.3276,0.3293,0.3229,0.3232,562793.8795,184036.57061204
2025-11-30 12:00:00,0.3234,0.3279,0.3182,0.3211,1222458.6695,394368.60269475
2025-11-30 16:00:00,0.3211,0.3265,0.3211,0.325,659938.9386,214529.41766421
2025-11-30 20:00:00,0.3251,0.3271,0.3183,0.3183,940754.2869,304825.5500212
2025-12-01 00:00:00,0.3188,0.3194,0.2914,0.2917,3686942.4868,1108016.1828658
2025-12-01 04:00:00,0.2913,0.2958,0.2899,0.294,2174311.6675,635893.39116364
2025-12-01 08:00:00,0.294,0.2966,0.2877,0.288,684751.5053,199864.755509
2025-12-01 12:00:00,0.2882,0.2936,0.2795,0.2841,3341886.9036,954114.26934396
2025-12-01 16:00:00,0.284,0.2848,0.2777,0.2812,1588207.9671,446085.8012074
2025-12-01 20:00:00,0.2814,0.2888,0.2814,0.287,953301.7346,272253.73189018
2025-12-02 00:00:00,0.2872,0.2898,0.2841,0.2887,858638.6171,245837.62421669
2025-12-02 04:00:00,0.2893,0.2903,0.2862,0.288,460365.5102,132690.59607853
2025-12-02 08:00:00,0.2882,0.2915,0.2839,0.2912,845511.5289,243330.72213544
2025-12-02 12:00:00,0.2912,0.3206,0.29,0.3193,2482297.6076,758276.44069646
2025-12-02 16:00:00,0.3202,0.3224,0.3146,0.317,1468118.2187,467416.07354451
2025-12-02 20:00:00,0.317,0.3194,0.312,0.3165,693095.5262,218703.82841393
2025-12-03 00:00:00,0.3171,0.3199,0.3155,0.3167,1130355.4198,358798.8714266
2025-12-03 04:00:00,0.3167,0.3262,0.3162,0.3194,2193649.1001,705064.39725583
2025-12-03 08:00:00,0.3195,0.3242,0.3195,0.3216,750458.1064,241629.34694417
2025-12-03 12:00:00,0.3217,0.3246,0.3113,0.321,3620226.6654,1155121.074713
2025-12-03 16:00:00,0.3211,0.3275,0.3185,0.3242,917279.0654,296703.49718602
2025-12-03 20:00:00,0.324,0.3329,0.3223,0.3274,1065549.4668,349304.05167443
2025-12-04 00:00:00,0.3274,0.3307,0.325,0.3256,592106.5801,193557.86160712
2025-12-04 04:00:00,0.3258,0.3285,0.3236,0.3282,540059.9923,175934.24441847
2025-12-04 08:00:00,0.3273,0.3299,0.3243,0.3256,343525.6258,112289.92969182
2025-12-04 12:00:00,0.3257,0.3302,0.3213,0.3289,918809.5389,298646.8240209
2025-12-04 16:00:00,0.3289,0.33,0.3156,0.3217,1807414.455,584637.27561907
2025-12-04 20:00:00,0.3218,0.324,0.3187,0.3189,364983.8357,117202.13742357
2025-12-05 00:00:00,0.3192,0.3241,0.3189,0.3206,359375.7835,115436.29807905
2025-12-05 04:00:00,0.3212,0.3257,0.3174,0.3255,497778.2263,159588.9886355
2025-12-05 08:00:00,0.3252,0.326,0.3153,0.3169,1249858.9473,398146.47629248
2025-12-05 12:00:00,0.3168,0.3203,0.3104,0.3125,1677858.93,528526.1761476
2025-12-05 16:00:00,0.3125,0.3128,0.293,0.2991,2771774.3668,834551.94960829
2025-12-05 20:00:00,0.2988,0.302,0.2972,0.3007,587469.9529,176032.10537195
2025-12-06 00:00:00,0.3007,0.3041,0.2993,0.3041,351265.1435,105875.77127725
2025-12-06 04:00:00,0.3041,0.3043,0.3,0.3038,286173.8944,86367.50746428
2025-12-06 08:00:00,0.3037,0.3052,0.3002,0.3044,493047.028,149273.75447429
2025-12-06 12:00:00,0.3047,0.3109,0.3044,0.3064,635776.0718,195274.59363843
2025-12-06 16:00:00,0.3065,0.3182,0.3065,0.314,818338.1932,256936.40346753
2025-12-06 20:00:00,0.3141,0.3184,0.3121,0.3145,662774.5084,208667.3497858
2025-12-07 00:00:00,0.3147,0.3192,0.3141,0.3173,1293723.379,409824.7839395
2025-12-07 04:00:00,0.3173,0.3216,0.315,0.3161,1207839.2907,384763.93848194
2025-12-07 08:00:00,0.3161,0.3163,0.3096,0.3102,831120.6686,260084.28899396
2025-12-07 12:00:00,0.3099,0.3118,0.2976,0.3074,2296892.5552,697093.58049804
2025-12-07 16:00:00,0.3073,0.316,0.3027,0.3142,1669857.3407,519704.95597644
2025-12-07 20:00:00,0.3147,0.3178,0.2997,0.3051,1270518.9551,390311.95547644
2025-12-08 00:00:00,0.305,0.3155,0.3033,0.3139,952347.9132,294726.08866212
2025-12-08 04:00:00,0.3143,0.3234,0.3142,0.3213,1345858.6939,428648.28949491
2025-12-08 08:00:00,0.3215,0.3291,0.3205,0.3214,1126481.3106,365261.28243535
2025-12-08 12:00:00,0.3218,0.3267,0.3182,0.3216,2497902.4879,808407.90983932
2025-12-08 16:00:00,0.3212,0.3261,0.3159,0.3177,1080437.3199,346238.13452284
2025-12-08 20:00:00,0.318,0.3225,0.3166,0.3184,367785.5529,117642.77418688
2025-12-09 00:00:00,0.3184,0.3197,0.3141,0.3191,701129.7351,222094.54342788
2025-12-09 04:00:00,0.3186,0.3193,0.3137,0.318,423260.9595,133949.65413485
2025-12-09 08:00:00,0.3181,0.3181,0.3128,0.3156,462385.7575,145768.48145737
2025-12-09 12:00:00,0.3156,0.3327,0.3152,0.3313,1152822.8017,372800.94685699
2025-12-09 16:00:00,0.3325,0.349,0.3325,0.3448,2874798.4764,988321.13636271
2025-12-09 20:00:00,0.3445,0.3446,0.3327,0.3389,1646990.5271,556789.13346329
2025-12-10 00:00:00,0.339,0.3404,0.3317,0.3345,1020306.6083,342643.28742167
2025-12-10 04:00:00,0.3344,0.3368,0.332,0.3327,557329.3359,186502.47558426
2025-12-10 08:00:00,0.3332,0.3358,0.3277,0.3294,736592.4964,243515.00943931
2025-12-10 12:00:00,0.3293,0.3354,0.3282,0.3303,1393397.0864,460342.08093456
2025-12-10 16:00:00,0.3303,0.3415,0.3294,0.3372,1530677.9108,512885.69251668
2025-12-10 20:00:00,0.3379,0.3453,0.3224,0.3234,1813638.8546,606766.47470135
2025-12-11 00:00:00,0.3231,0.3241,0.3047,0.3058,3814981.5398,1194007.11262812
2025-12-11 04:00:00,0.3058,0.3115,0.3043,0.3085,907553.9493,279836.89460788
2025-12-11 08:00:00,0.3085,0.3085,0.3049,0.3072,645529.8272,197915.1542198
2025-12-11 12:00:00,0.307,0.3071,0.3011,0.3027,5228768.0421,1594591.15038897
2025-12-11 16:00:00,0.3025,0.3125,0.3002,0.3083,1100433.9839,336420.64170568
2025-12-11 20:00:00,0.3085,0.3219,0.3085,0.3141,1825279.1127,578497.58687725
2025-12-12 00:00:00,0.3142,0.3167,0.3087,0.3112,1574796.256,491797.03859507
2025-12-12 04:00:00,0.3112,0.32,0.3108,0.3147,1219719.3851,384382.05365307
2025-12-12 08:00:00,0.3149,0.3193,0.3132,0.3184,1060394.1597,334733.79874511
2025-12-12 12:00:00,0.3186,0.3222,0.2991,0.3008,2185810.6854,681081.02305107
2025-12-12 16:00:00,0.3008,0.3041,0.2942,0.301,3904677.831,1167243.46328877
2025-12-12 20:00:00,0.3011,0.3086,0.301,0.3075,858019.8231,260668.64697053
2025-12-13 00:00:00,0.3078,0.3122,0.3063,0.3106,535644.8113,165362.41089255
2025-12-13 04:00:00,0.3108,0.3121,0.308,0.3116,483474.6335,149741.11757436
2025-12-13 08:00:00,0.3116,0.3157,0.3115,0.3147,614696.1429,192872.04410655
2025-12-13 12:00:00,0.3148,0.3169,0.311,0.3155,1196344.1426,376375.76974346
2025-12-13 16:00:00,0.3157,0.3179,0.3144,0.3144,438212.6396,138610.19875706
2025-12-13 20:00:00,0.3147,0.3168,0.3125,0.3153,479966.3492,151178.132314
2025-12-14 00:00:00,0.3154,0.3159,0.3131,0.3136,264949.6773,83364.28901059
2025-12-14 04:00:00,0.3134,0.3135,0.3077,0.3086,856192.5293,266540.15214015
2025-12-14 08:00:00,0.3088,0.3104,0.3022,0.3056,865257.139,265173.41873377
2025-12-14 12:00:00,0.3058,0.3088,0.3029,0.3038,1308235.1856,400389.4524687
2025-12-14 16:00:00,0.3036,0.306,0.2996,0.3003,674390.9998,203516.11204851
2025-12-14 20:00:00,0.3005,0.3036,0.2964,0.3007,1030664.6227,309872.75920002
2025-12-15 00:00:00,0.3009,0.313,0.2998,0.3086,721934.3187,221812.65688158
2025-12-15 04:00:00,0.3087,0.3147,0.3084,0.3097,1398767.3177,435302.9030351
2025-12-15 08:00:00,0.3099,0.3127,0.3086,0.3099,1020783.8426,316571.30676377
2025-12-15 12:00:00,0.3098,0.317,0.2911,0.2923,2698813.3836,828279.76394465
2025-12-15 16:00:00,0.292,0.2932,0.2814,0.2877,2065059.4929,592899.71078103
2025-12-15 20:00:00,0.2877,0.2934,0.2837,0.2931,821662.6902,237125.48927169
2025-12-16 00:00:00,0.2931,0.2936,0.2865,0.2893,524833.2445,151703.29054125
2025-12-16 04:00:00,0.2896,0.29,0.2831,0.2847,507327.6015,145142.8464162
2025-12-16 08:00:00,0.2845,0.2965,0.2845,0.2962,638547.3684,186403.48478978
2025-12-16 12:00:00,0.2961,0.2977,0.2878,0.2964,1541380.7334,452855.22201895
2025-12-16 16:00:00,0.2965,0.2979,0.2912,0.2938,824839.5669,242982.83838914
2025-12-16 20:00:00,0.2939,0.2951,0.2922,0.2935,417761.8118,122675.17364658
2025-12-17 00:00:00,0.2933,0.2958,0.2906,0.292,902745.3763,264020.44540899
2025-12-17 04:00:00,0.2922,0.2926,0.2888,0.2898,486969.8639,141544.65800195
2025-12-17 08:00:00,0.2897,0.29,0.2864,0.2896,512269.0835,147621.09613047
2025-12-17 12:00:00,0.2895,0.3062,0.2868,0.2875,4765206.0802,1410386.87286645
2025-12-17 16:00:00,0.2875,0.2899,0.2716,0.276,4646072.1771,1294290.99687622
2025-12-17 20:00:00,0.276,0.2788,0.269,0.2734,1314810.8923,358672.1839907
2025-12-18 00:00:00,0.2736,0.2749,0.2692,0.2702,797763.9979,216762.10437825
2025-12-18 04:00:00,0.2704,0.2717,0.2666,0.2704,1069513.9827,287894.10193613
2025-12-18 08:00:00,0.2704,0.2753,0.2704,0.2743,1191345.9355,325815.2181494
2025-12-18 12:00:00,0.2743,0.2872,0.2735,0.2825,3478942.0115,980876.40593953
2025-12-18 16:00:00,0.2827,0.2827,0.255,0.2559,3434127.9526,916315.35127882
2025-12-18 20:00:00,0.2558,0.2651,0.2556,0.2599,1502170.2005,391865.21225863
2025-12-19 00:00:00,0.2599,0.2688,0.2561,0.2649,2311844.4728,604945.07105215
2025-12-19 04:00:00,0.2651,0.2713,0.2634,0.2682,2464620.9129,655511.58126558
2025-12-19 08:00:00,0.2683,0.27,0.266,0.2678,1020724.8197,273718.43424095
2025-12-19 12:00:00,0.268,0.28,0.2671,0.2743,2831678.3986,770574.38519013
2025-12-19 16:00:00,0.2743,0.284,0.2718,0.2824,1523666.3862,422425.39601197
2025-12-19 20:00:00,0.2823,0.2842,0.2796,0.2796,1287391.495,362128.72703532
2025-12-20 00:00:00,0.2798,0.2805,0.2775,0.2785,484572.0125,135156.77068297
2025-12-20 04:00:00,0.2786,0.281,0.2756,0.2809,918707.4933,254705.86319597
2025-12-20 08:00:00,0.2809,0.2845,0.2793,0.2822,1109094.2653,312533.78606542
2025-12-20 12:00:00,0.2823,0.2826,0.2783,0.2796,2076040.8783,582276.58271814
2025-12-20 16:00:00,0.2796,0.282,0.2789,0.2791,311028.4057,87152.91280588
2025-12-20 20:00:00,0.2791,0.2804,0.2781,0.2787,436531.8871,121874.34377883
2025-12-21 00:00:00,0.2786,0.2792,0.2738,0.2761,860057.0891,237455.73633803
2025-12-21 04:00:00,0.2761,0.2777,0.2755,0.2763,530256.6568,146409.70960425
2025-12-21 08:00:00,0.2763,0.2783,0.2747,0.2748,408474.976,112983.92878969
2025-12-21 12:00:00,0.2748,0.276,0.2638,0.2668,977448.9444,261351.19628121
2025-12-21 16:00:00,0.2668,0.2714,0.2659,0.2709,782197.0007,210393.39806508
2025-12-21 20:00:00,0.271,0.2741,0.268,0.2722,311245.1204,84350.28082223
2025-12-22 00:00:00,0.2724,0.2796,0.2693,0.2742,1209352.128,332159.85298286
2025-12-22 04:00:00,0.2744,0.2768,0.2732,0.2761,949964.4136,260789.61600827
2025-12-22 08:00:00,0.276,0.2799,0.2748,0.2764,436784.1116,121037.86669926
2025-12-22 12:00:00,0.2764,0.2795,0.2741,0.2774,1096519.9575,303679.73913843
2025-12-22 16:00:00,0.2773,0.2783,0.2698,0.2703,607933.3922,167073.83960914
2025-12-22 20:00:00,0.27,0.2727,0.2683,0.2718,693737.9244,187078.43267621
2025-12-23 00:00:00,0.2719,0.2747,0.2684,0.2704,462046.8736,125636.84283535
2025-12-23 04:00:00,0.2699,0.2707,0.2667,0.268,655169.0599,175804.35323829
2025-12-23 08:00:00,0.2675,0.2703,0.2658,0.2689,491786.6351,131511.45870091
2025-12-23 12:00:00,0.2687,0.2687,0.2613,0.2655,1036050.1381,274950.29977897
2025-12-23 16:00:00,0.2656,0.2724,0.2649,0.2698,951298.6359,255713.65499012
2025-12-23 20:00:00,0.2702,0.2748,0.2686,0.2704,446590.0095,121042.65112831
2025-12-24 00:00:00,0.2706,0.2723,0.2648,0.2681,215752.4344,57928.63217752
2025-12-24 04:00:00,0.2682,0.2694,0.262,0.2621,1415289.8432,373618.24368171
2025-12-24 08:00:00,0.2621,0.2635,0.2611,0.2627,432646.8839,113595.57829008
2025-12-24 12:00:00,0.2628,0.2675,0.2598,0.2661,1157855.5932,305526.74354356
2025-12-24 16:00:00,0.2661,0.2673,0.2614,0.2631,666461.1502,175850.77221549
2025-12-24 20:00:00,0.2634,0.2663,0.2628,0.2636,396112.1817,104694.96194218
2025-12-25 00:00:00,0.2636,0.2655,0.261,0.2651,447405.4063,117573.01456231
2025-12-25 04:00:00,0.2653,0.2669,0.2636,0.2655,629079.025,166889.82459343
2025-12-25 08:00:00,0.2656,0.2675,0.2589,0.2606,571915.0898,150552.28112502
2025-12-25 12:00:00,0.2604,0.2637,0.2596,0.2619,854200.0703,223116.4586852
2025-12-25 16:00:00,0.2622,0.2639,0.2569,0.2628,879339.4742,228790.92877158
2025-12-25 20:00:00,0.2629,0.2636,0.251,0.2521,1684862.8929,435014.39385071
2025-12-26 00:00:00,0.2522,0.2676,0.2513,0.2647,1398654.3932,363943.05237757
2025-12-26 04:00:00,0.2646,0.2686,0.2624,0.264,1055996.3391,280620.99821063
2025-12-26 08:00:00,0.2638,0.2683,0.2638,0.2673,690358.0277,184075.77693668
2025-12-26 12:00:00,0.2676,0.2733,0.2613,0.2635,1178054.2038,314649.36263632
2025-12-26 16:00:00,0.2638,0.2681,0.2593,0.2674,912391.0291,239674.48248961
2025-12-26 20:00:00,0.2676,0.2691,0.2663,0.268,398973.7963,106654.05172927
2025-12-27 00:00:00,0.2679,0.2726,0.2678,0.2719,289035.7884,78023.08914723
2025-12-27 04:00:00,0.2723,0.2723,0.2696,0.2707,130280.8457,35266.41202844
2025-12-27 08:00:00,0.2707,0.2745,0.2684,0.2744,1655917.8958,449079.25509
2025-12-27 12:00:00,0.2745,0.2753,0.2712,0.2739,1562017.8481,426666.91658975
2025-12-27 16:00:00,0.2741,0.276,0.2731,0.2732,1327216.8725,364738.24560742
2025-12-27 20:00:00,0.2733,0.2803,0.2728,0.2784,674219.0568,186822.70191653
2025-12-28 00:00:00,0.2786,0.2795,0.2756,0.2771,290169.2605,80374.8587601
2025-12-28 04:00:00,0.2769,0.2785,0.2764,0.2775,385151.5781,106908.3371386
2025-12-28 08:00:00,0.2775,0.2788,0.275,0.2755,310231.482,85747.83491535
2025-12-28 12:00:00,0.2756,0.2777,0.274,0.2757,927711.8238,255794.99872113
2025-12-28 16:00:00,0.2756,0.2767,0.27,0.271,1109104.3722,303087.75598089
2025-12-28 20:00:00,0.2708,0.2741,0.2696,0.2738,482758.2152,131266.27326789
2025-12-29 00:00:00,0.274,0.2837,0.2732,0.2827,2384405.5237,665048.41978771
2025-12-29 04:00:00,0.2828,0.2839,0.2787,0.2817,928129.5831,261309.21688001
2025-12-29 08:00:00,0.2818,0.2825,0.2739,0.2759,1065229.8064,295215.84924157
2025-12-29 12:00:00,0.2759,0.2761,0.2695,0.2733,1536445.5136,419605.4758606
2025-12-29 16:00:00,0.2731,0.2748,0.2705,0.271,602757.1078,164253.75772493
2025-12-29 20:00:00,0.271,0.272,0.2682,0.2692,394649.6804,106675.10386914
2025-12-30 00:00:00,0.2692,0.2709,0.2663,0.2686,445195.9756,119529.63017104
2025-12-30 04:00:00,0.2683,0.2703,0.2664,0.2687,165064.6356,44355.01596206
2025-12-30 08:00:00,0.2688,0.2757,0.2688,0.2744,1542868.4063,422096.77885861
2025-12-30 12:00:00,0.2745,0.2755,0.2699,0.2747,1649129.1287,450068.83081907
2025-12-30 16:00:00,0.275,0.2764,0.2692,0.2727,754477.9912,205240.71172796
2025-12-30 20:00:00,0.2727,0.2728,0.2698,0.272,682639.2665,185183.46814326
2025-12-31 00:00:00,0.2718,0.2728,0.2691,0.2698,446902.3357,121045.19242861
2025-12-31 04:00:00,0.2699,0.2712,0.2692,0.2705,326981.4279,88358.42611932
2025-12-31 08:00:00,0.2705,0.2715,0.2676,0.2707,639805.4625,172266.7303116
2025-12-31 12:00:00,0.2706,0.2731,0.2671,0.268,1104295.2296,298259.02257603
2025-12-31 16:00:00,0.2681,0.269,0.26,0.2652,1096448.7887,287928.49867237
2025-12-31 20:00:00,0.2644,0.2698,0.2624,0.2678,460317.4851,122887.01960339
2026-01-01 00:00:00,0.2681,0.2712,0.2661,0.2663,695552.2524,186986.61443187
2026-01-01 04:00:00,0.266,0.2705,0.2644,0.2702,422304.6915,113486.67378551
2026-01-01 08:00:00,0.2699,0.2756,0.2695,0.2742,676874.6012,184897.78997468
2026-01-01 12:00:00,0.2745,0.2839,0.2721,0.282,1297444.7711,359311.4020622
2026-01-01 16:00:00,0.2824,0.2926,0.2812,0.2925,1792945.9636,513358.4456474
2026-01-01 20:00:00,0.2926,0.2981,0.2892,0.2969,1010662.3121,296024.78784588
2026-01-02 00:00:00,0.297,0.3019,0.2958,0.2996,1011402.8309,301548.54899296
2026-01-02 04:00:00,0.2997,0.3001,0.2944,0.2945,438429.4486,130188.17338805
2026-01-02 08:00:00,0.2945,0.3004,0.2943,0.2964,871811.1116,258930.59444558
2026-01-02 12:00:00,0.2963,0.3029,0.2955,0.2985,1315806.9277,394259.40671975
2026-01-02 16:00:00,0.2989,0.3051,0.298,0.3041,1478767.4418,446701.62222306
2026-01-02 20:00:00,0.3041,0.3068,0.3022,0.3062,681231.507,207331.44824025
2026-01-03 00:00:00,0.3062,0.3086,0.3034,0.3083,756409.9071,231430.07400898
2026-01-03 04:00:00,0.3081,0.3098,0.3008,0.3022,794186.7564,242408.5023634
2026-01-03 08:00:00,0.302,0.3073,0.3009,0.3033,2139310.3609,651743.9659368
2026-01-03 12:00:00,0.3032,0.3085,0.3024,0.3058,613123.7864,187848.62659425
2026-01-03 16:00:00,0.3063,0.3114,0.3062,0.3097,745636.3453,230793.44702618
2026-01-03 20:00:00,0.3098,0.3121,0.3074,0.3104,490283.0182,151960.78073067
2026-01-04 00:00:00,0.3104,0.3159,0.3096,0.3149,781756.3943,244471.95405624
2026-01-04 04:00:00,0.3144,0.3167,0.3122,0.3146,838698.6319,263633.01503118
2026-01-04 08:00:00,0.3146,0.3177,0.312,0.3165,894900.6132,281680.94027711
2026-01-04 12:00:00,0.3166,0.3219,0.3154,0.3205,1093767.555,348591.20576073
2026-01-04 16:00:00,0.3202,0.3251,0.3154,0.3184,1785797.3724,572858.57686181
2026-01-04 20:00:00,0.3183,0.321,0.3164,0.3194,716548.518,228503.01778894
2026-01-05 00:00:00,0.3195,0.3236,0.3171,0.32,815808.6424,261580.79649189
2026-01-05 04:00:00,0.3203,0.3209,0.3135,0.3189,868188.3655,274825.46185906
2026-01-05 08:00:00,0.3189,0.3195,0.3122,0.3151,400322.1939,125960.80653162
2026-01-05 12:00:00,0.3151,0.3241,0.3135,0.3236,857482.3541,272424.13101947
2026-01-05 16:00:00,0.3235,0.3299,0.318,0.326,1425440.2989,463913.25469406
2026-01-05 20:00:00,0.3262,0.334,0.3259,0.3297,984058.5959,324623.49250537
2026-01-06 00:00:00,0.3295,0.3328,0.3254,0.3305,1000416.5861,329137.88852932
2026-01-06 04:00:00,0.3305,0.3318,0.3247,0.3261,794456.2658,261082.76044236
2026-01-06 08:00:00,0.3262,0.3323,0.3259,0.3315,594577.0488,195831.420446
2026-01-06 12:00:00,0.3315,0.3407,0.3264,0.3285,2921470.2317,976059.09213641
2026-01-06 16:00:00,0.3286,0.3291,0.3138,0.3188,1804920.9114,580421.97146687
2026-01-06 20:00:00,0.3195,0.3332,0.3195,0.3315,813594.4176,267596.54434156
2026-01-07 00:00:00,0.3315,0.3319,0.3223,0.3239,521771.4594,169967.74479229
2026-01-07 04:00:00,0.3239,0.3302,0.3232,0.3302,426639.3438,138716.48706318
2026-01-07 08:00:00,0.3301,0.3327,0.3238,0.3257,839530.6973,274961.70593622
2026-01-07 12:00:00,0.3255,0.3255,0.3127,0.3153,1655580.1347,526551.82352299
2026-01-07 16:00:00,0.3153,0.32,0.3145,0.3186,717105.7098,227706.84934094
2026-01-07 20:00:00,0.3189,0.319,0.3138,0.317,825467.1898,261392.84921315
2026-01-08 00:00:00,0.317,0.3189,0.3122,0.3137,893851.2583,283664.94958973
2026-01-08 04:00:00,0.3137,0.3186,0.3078,0.3147,1152962.3657,362107.38368949
2026-01-08 08:00:00,0.3147,0.3164,0.307,0.3093,1009518.1094,314214.06642717
2026-01-08 12:00:00,0.3092,0.3205,0.304,0.319,7027377.9577,2200712.1403013
2026-01-08 16:00:00,0.3193,0.3199,0.3136,0.3145,1111717.5054,352258.42484868
2026-01-08 20:00:00,0.3142,0.3187,0.3113,0.3144,822871.6211,259618.36647232
2026-01-09 00:00:00,0.3145,0.318,0.3117,0.3179,802331.1482,252653.7103506
2026-01-09 04:00:00,0.3181,0.3185,0.3147,0.3159,301557.5119,95406.02236155
2026-01-09 08:00:00,0.316,0.317,0.3105,0.3146,718259.0196,225740.52212259
2026-01-09 12:00:00,0.3147,0.3215,0.3087,0.3178,1479820.2771,466700.81414719
2026-01-09 16:00:00,0.318,0.3242,0.3116,0.3134,855673.6291,272306.17375
2026-01-09 20:00:00,0.313,0.3176,0.313,0.3151,284170.7436,89672.01588272
2026-01-10 00:00:00,0.3152,0.3159,0.312,0.3142,233762.4439,73401.04735896
2026-01-10 04:00:00,0.3141,0.3179,0.3114,0.3177,502867.5995,157980.22918485
2026-01-10 08:00:00,0.3173,0.3226,0.3173,0.3226,503752.5163,161114.67800872
2026-01-10 12:00:00,0.3226,0.3282,0.3201,0.3222,1362700.9009,440083.00234988
2026-01-10 16:00:00,0.322,0.324,0.3181,0.3229,542046.9023,173826.41857468
2026-01-10 20:00:00,0.3231,0.324,0.3162,0.3179,517073.3159,164880.69945178
2026-01-11 00:00:00,0.3184,0.32,0.3168,0.3188,277623.8147,88271.66011477
2026-01-11 04:00:00,0.3186,0.3213,0.3172,0.3213,462041.425,147789.44720667
2026-01-11 08:00:00,0.3212,0.3217,0.3197,0.3211,349451.8071,111946.78297005
2026-01-11 12:00:00,0.3211,0.3238,0.3171,0.3185,624950.794,200355.95042581
2026-01-11 16:00:00,0.3186,0.3238,0.318,0.3186,1082506.6096,347452.29495134
2026-01-11 20:00:00,0.3184,0.3184,0.3102,0.3159,1281811.6456,403524.69797691
2026-01-12 00:00:00,0.3159,0.3328,0.3112,0.3259,1878486.753,604776.32464084
2026-01-12 04:00:00,0.3261,0.3285,0.3178,0.3187,693853.7413,225038.76338794
2026-01-12 08:00:00,0.3185,0.3204,0.312,0.3145,1104401.3505,348542.14238696
2026-01-12 12:00:00,0.3142,0.316,0.3062,0.3153,1155506.658,360034.91756447
2026-01-12 16:00:00,0.315,0.32,0.3112,0.3138,541743.4287,171050.67307054
2026-01-12 20:00:00,0.3138,0.3161,0.3067,0.309,501726.7369,155771.81717734
2026-01-13 00:00:00,0.3087,0.3141,0.3086,0.3129,458447.7039,142823.40846326
2026-01-13 04:00:00,0.313,0.3208,0.313,0.3179,726203.5137,230912.6244419
2026-01-13 08:00:00,0.318,0.327,0.317,0.3249,1232867.8305,397690.09740677
2026-01-13 12:00:00,0.3251,0.3446,0.3251,0.3441,4464026.3575,1490337.1141521
2026-01-13 16:00:00,0.3443,0.3653,0.3438,0.3554,6338663.2264,2248789.08625152
2026-01-13 20:00:00,0.3559,0.3764,0.3516,0.3668,4100557.1838,1493857.59863328
2026-01-14 00:00:00,0.3669,0.3705,0.3597,0.3625,1635030.4086,595956.19629168
2026-01-14 04:00:00,0.3623,0.3629,0.357,0.3605,1469179.365,529182.91509126
2026-01-14 08:00:00,0.3606,0.3649,0.3596,0.3618,1029009.1282,372562.58750807
2026-01-14 12:00:00,0.362,0.3636,0.355,0.359,2967259.1422,1065326.02280996
2026-01-14 16:00:00,0.359,0.3622,0.3499,0.3545,2029118.9317,725427.79100011
2026-01-14 20:00:00,0.3548,0.357,0.3505,0.3514,544884.6991,192455.39968647
2026-01-15 00:00:00,0.3515,0.3556,0.344,0.3477,1407653.3795,493433.1813189
2026-01-15 04:00:00,0.3475,0.3559,0.3469,0.3539,819124.0487,287192.59342131
2026-01-15 08:00:00,0.3539,0.3579,0.3509,0.3558,1162623.7638,412442.2319624
2026-01-15 12:00:00,0.3557,0.365,0.3398,0.3445,2950784.2631,1047085.55986083
2026-01-15 16:00:00,0.3442,0.3485,0.3365,0.3395,2162917.6205,739540.32319687
2026-01-15 20:00:00,0.3393,0.3423,0.3361,0.3411,522617.4542,177652.49549434
2026-01-16 00:00:00,0.3411,0.3446,0.3376,0.3411,862261.3629,293839.63737508
2026-01-16 04:00:00,0.3412,0.342,0.3367,0.3401,412672.4889,140011.09625321
2026-01-16 08:00:00,0.3401,0.3422,0.3381,0.3395,351404.6081,119497.64113903
2026-01-16 12:00:00,0.3396,0.3396,0.3255,0.3283,1035564.0063,344790.97044224
2026-01-16 16:00:00,0.3277,0.3334,0.326,0.3331,680567.4471,224421.36223678
2026-01-16 20:00:00,0.3331,0.34,0.3307,0.34,520770.6817,176125.57207752
2026-01-17 00:00:00,0.3401,0.344,0.3388,0.3417,778527.5088,265774.31417689
2026-01-17 04:00:00,0.3417,0.348,0.3399,0.3473,665578.8992,228973.77026175
2026-01-17 08:00:00,0.3473,0.3528,0.3473,0.3483,1310020.8683,457872.74462989
2026-01-17 12:00:00,0.348,0.3556,0.3477,0.3536,1814150.8757,639696.71495391
2026-01-17 16:00:00,0.3536,0.3547,0.3479,0.3497,723775.8526,254342.85128747
2026-01-17 20:00:00,0.3498,0.3502,0.345,0.347,440969.0327,153451.59795144
2026-01-18 00:00:00,0.3469,0.3503,0.3416,0.3423,571282.3954,196739.94009519
2026-01-18 04:00:00,0.3422,0.347,0.3366,0.3395,1085204.8674,370390.32764547
2026-01-18 08:00:00,0.3394,0.342,0.3383,0.3409,461392.2995,156988.14965968
2026-01-18 12:00:00,0.3404,0.342,0.3357,0.342,842074.3139,285659.92653207
2026-01-18 16:00:00,0.3419,0.3457,0.339,0.3412,712306.8151,243172.95357262
2026-01-18 20:00:00,0.341,0.3456,0.323,0.3236,1819263.9649,604897.15670318
2026-01-19 00:00:00,0.3235,0.3236,0.2925,0.3128,10429654.9361,3176305.70738391
2026-01-19 04:00:00,0.3125,0.3127,0.3076,0.3105,1355059.0018,419729.31454576
2026-01-19 08:00:00,0.3106,0.3138,0.3086,0.309,827226.978,257432.21736928
2026-01-19 12:00:00,0.3097,0.3125,0.307,0.31,1305833.3058,404127.83696004
2026-01-19 16:00:00,0.3091,0.3241,0.3088,0.3222,927990.3253,293864.40376121
2026-01-19 20:00:00,0.3226,0.3229,0.3148,0.3196,1045068.7658,333328.03441927
2026-01-20 00:00:00,0.3199,0.3236,0.3156,0.3202,929915.9597,297534.25708713
2026-01-20 04:00:00,0.3198,0.3206,0.3103,0.3103,1843911.4104,581806.96078147
2026-01-20 08:00:00,0.3102,0.3188,0.3067,0.3082,3448876.6249,1076562.82808843
2026-01-20 12:00:00,0.3084,0.3126,0.3014,0.303,2121549.8817,652577.13369575
2026-01-20 16:00:00,0.3041,0.3058,0.2973,0.3002,1394750.9997,419027.52668589
2026-01-20 20:00:00,0.3002,0.3069,0.2966,0.2999,1319810.6994,398353.51910393
2026-01-21 00:00:00,0.3,0.3146,0.3,0.3126,1312960.4092,406452.24342764
2026-01-21 04:00:00,0.3126,0.3142,0.3087,0.3111,1739003.6443,540624.160363
2026-01-21 08:00:00,0.311,0.3131,0.3071,0.3076,1235126.8396,383104.15413688
2026-01-21 12:00:00,0.3077,0.3164,0.3023,0.3141,2305444.2714,712878.3436542
2026-01-21 16:00:00,0.3141,0.3161,0.2947,0.3148,3521262.7189,1076834.13038918
2026-01-21 20:00:00,0.3149,0.3175,0.307,0.3088,1931728.6324,603270.38242033
2026-01-22 00:00:00,0.3089,0.3222,0.3089,0.3191,1292087.1704,408281.8019363
2026-01-22 04:00:00,0.319,0.3264,0.3148,0.3152,2124871.9795,681997.76357727
2026-01-22 08:00:00,0.3154,0.3202,0.3112,0.3112,1630813.3177,515236.24661687
2026-01-22 12:00:00,0.3112,0.3141,0.3028,0.3057,1746399.0837,540042.09731886
2026-01-22 16:00:00,0.3058,0.3114,0.3046,0.3077,857579.2465,264686.64115217
2026-01-22 20:00:00,0.3077,0.3092,0.3045,0.3073,691884.3777,212256.51503217
2026-01-23 00:00:00,0.3073,0.3168,0.3062,0.3145,851913.1481,265354.17971053
2026-01-23 04:00:00,0.3145,0.3194,0.3105,0.3115,1068926.9368,336348.03281917
2026-01-23 08:00:00,0.3113,0.3122,0.3068,0.3085,651328.3631,200905.71914381
2026-01-23 12:00:00,0.3091,0.3094,0.2996,0.3085,881926.3416,269274.84356808
2026-01-23 16:00:00,0.3088,0.3178,0.3046,0.3064,1128195.8273,351273.6395567
2026-01-23 20:00:00,0.306,0.3064,0.3013,0.3044,476424.1658,144921.79165186
2026-01-24 00:00:00,0.3045,0.3071,0.3024,0.3057,478965.3689,146019.98246549
2026-01-24 04:00:00,0.3061,0.3063,0.3032,0.3044,425178.7683,129633.18856552
2026-01-24 08:00:00,0.3042,0.3059,0.3036,0.3047,502311.9291,153022.54143355
2026-01-24 12:00:00,0.3046,0.3057,0.3009,0.3013,437470.2516,132723.67478399
2026-01-24 16:00:00,0.3011,0.3036,0.2994,0.3017,856615.7028,258040.55977873
2026-01-24 20:00:00,0.3017,0.3052,0.3017,0.304,270757.6634,82319.02946913
2026-01-25 00:00:00,0.3038,0.3066,0.2993,0.3,758753.1966,230322.70673217
2026-01-25 04:00:00,0.3,0.3023,0.2982,0.3008,349160.348,104891.16879344
2026-01-25 08:00:00,0.3006,0.3058,0.2976,0.3022,864665.9691,261644.27564468
2026-01-25 12:00:00,0.3021,0.3037,0.2971,0.2988,725791.4342,217441.487113
2026-01-25 16:00:00,0.2986,0.2986,0.2788,0.2808,2661205.3567,768203.46755439
2026-01-25 20:00:00,0.2809,0.2872,0.2807,0.2865,1081027.1602,306432.65120753
2026-01-26 00:00:00,0.2865,0.295,0.2858,0.2892,737418.4495,214359.12455358
2026-01-26 04:00:00,0.2893,0.2976,0.2893,0.2959,681865.1204,200355.19461243
2026-01-26 08:00:00,0.2956,0.299,0.293,0.2951,921984.5365,271895.87093631
2026-01-26 12:00:00,0.2952,0.3019,0.2942,0.2965,1828769.0489,543882.23592619
2026-01-26 16:00:00,0.2969,0.2994,0.293,0.2963,1516369.6441,449318.73534819
2026-01-26 20:00:00,0.2964,0.3008,0.2948,0.2977,715531.7131,213216.63033729
2026-01-27 00:00:00,0.2976,0.3003,0.2964,0.2967,405227.4549,120934.21803807
2026-01-27 04:00:00,0.2968,0.2985,0.2945,0.2956,529270.2453,156492.51903939
2026-01-27 08:00:00,0.2957,0.2971,0.294,0.2963,652020.724,192574.58550643
2026-01-27 12:00:00,0.2963,0.2977,0.2926,0.2968,693362.3655,204683.07638698
2026-01-27 16:00:00,0.2968,0.3022,0.292,0.2981,1803808.9171,534999.89197474
2026-01-27 20:00:00,0.2981,0.3045,0.2981,0.3019,883218.6424,265952.81158698
2026-01-28 00:00:00,0.3021,0.3038,0.3004,0.3019,390322.9583,117868.50316868
2026-01-28 04:00:00,0.3017,0.3033,0.2987,0.3003,897225.8356,269447.14247656
2026-01-28 08:00:00,0.3004,0.3035,0.2979,0.3035,562858.2923,168971.20594024
2026-01-28 12:00:00,0.3034,0.3036,0.2959,0.2964,814522.0672,245461.39491537
2026-01-28 16:00:00,0.2966,0.2999,0.2938,0.2989,1784681.462,529940.09443789
2026-01-28 20:00:00,0.2982,0.3048,0.2962,0.3014,1042761.389,314593.16614157
2026-01-29 00:00:00,0.3015,0.3026,0.2873,0.2877,1901427.0935,554524.83397497
2026-01-29 04:00:00,0.2879,0.2905,0.2859,0.2879,647430.0827,186427.48411926
2026-01-29 08:00:00,0.2879,0.2885,0.2841,0.2844,2433724.299,696710.21353013
2026-01-29 12:00:00,0.2841,0.286,0.2655,0.2681,2643796.1191,726645.09392647
2026-01-29 16:00:00,0.2681,0.2759,0.2606,0.264,3043614.9535,811114.52336475
2026-01-29 20:00:00,0.2641,0.2719,0.2634,0.2697,1597006.242,430426.879128
2026-01-30 00:00:00,0.27,0.2732,0.2597,0.2629,4491770.1625,1188365.94192465
2026-01-30 04:00:00,0.2628,0.2677,0.2589,0.265,1458421.6582,384258.03858897
2026-01-30 08:00:00,0.265,0.2697,0.2622,0.2685,671129.7158,177779.81764066
2026-01-30 12:00:00,0.2687,0.2687,0.2612,0.2647,1344148.3436,356177.8336967
2026-01-30 16:00:00,0.2646,0.2708,0.2578,0.2678,1742893.8228,462890.59824731
2026-01-30 20:00:00,0.2677,0.2677,0.2608,0.2628,1549651.5212,408649.56213457
2026-01-31 00:00:00,0.2627,0.2639,0.2614,0.2619,317434.0417,83275.34302813
2026-01-31 04:00:00,0.2619,0.2624,0.2549,0.2575,1050109.8744,271737.54849801
2026-01-31 08:00:00,0.2577,0.2579,0.2509,0.2527,1914343.9871,485506.37526479
2026-01-31 12:00:00,0.2527,0.2532,0.235,0.2387,5213331.5636,1261514.92255064
2026-01-31 16:00:00,0.2389,0.2428,0.2096,0.2252,15342488.6354,3458088.15834343
2026-01-31 20:00:00,0.2256,0.2357,0.2235,0.2345,1586177.3109,362910.89066692
2026-02-01 00:00:00,0.2345,0.239,0.2331,0.2381,1465959.7502,346021.56534557
2026-02-01 04:00:00,0.2382,0.2407,0.2368,0.2393,1770470.9796,422401.62943961
2026-02-01 08:00:00,0.2394,0.2408,0.2342,0.2358,2379875.5301,564719.27698307
2026-02-01 12:00:00,0.2359,0.2359,0.224,0.2272,2068369.9447,477544.87542092
2026-02-01 16:00:00,0.2271,0.2338,0.225,0.2284,1421469.9117,325207.68747436
2026-02-01 20:00:00,0.2286,0.232,0.2219,0.2276,1489953.7765,339139.4603481
2026-02-02 00:00:00,0.2276,0.2352,0.2202,0.2298,2355221.833,537693.75816994
2026-02-02 04:00:00,0.2298,0.2329,0.2204,0.2255,2554084.1549,577763.51558832
2026-02-02 08:00:00,0.2257,0.2315,0.2257,0.2293,2918775.0115,669099.68598656
2026-02-02 12:00:00,0.2295,0.2373,0.2289,0.2351,2177177.7778,504970.05068762
2026-02-02 16:00:00,0.2351,0.2356,0.229,0.229,1257755.6233,291510.47552498
2026-02-02 20:00:00,0.229,0.232,0.2283,0.2301,609541.7964,140397.34559167
2026-02-03 00:00:00,0.2304,0.2305,0.2245,0.2299,841849.9211,191305.75285085
2026-02-03 04:00:00,0.2299,0.2317,0.2266,0.2297,616200.1413,141090.19675509
2026-02-03 08:00:00,0.2298,0.2313,0.2255,0.2281,1124742.3388,256571.57315663
2026-02-03 12:00:00,0.2281,0.23,0.2223,0.224,2413599.0951,546208.96484515
2026-02-03 16:00:00,0.224,0.224,0.2066,0.2148,5900598.2962,1263093.7596126
2026-02-03 20:00:00,0.2147,0.2241,0.2106,0.213,4096228.4993,891414.69886281
2026-02-04 00:00:00,0.213,0.2234,0.2121,0.2222,1129549.0394,247781.552513
2026-02-04 04:00:00,0.2222,0.2239,0.2206,0.2226,1389098.9918,309114.88442194
2026-02-04 08:00:00,0.2226,0.2285,0.222,0.2275,1343851.0265,302588.54212152
2026-02-04 12:00:00,0.2278,0.2302,0.2159,0.2199,2767385.7449,613870.84203969
2026-02-04 16:00:00,0.2198,0.2245,0.2152,0.2243,3626947.1672,796905.24832354
2026-02-04 20:00:00,0.2243,0.2247,0.2139,0.2191,2336401.3291,511558.02134256
2026-02-05 00:00:00,0.2193,0.2223,0.2151,0.2155,2087705.4809,456361.35546168
2026-02-05 04:00:00,0.2155,0.218,0.2111,0.2115,3494159.4518,748892.24171032
2026-02-05 08:00:00,0.2116,0.2155,0.2035,0.2069,2389518.3063,499798.97503393
2026-02-05 12:00:00,0.207,0.2108,0.1901,0.1947,6871144.7263,1374533.3751513
2026-02-05 16:00:00,0.1948,0.2009,0.1897,0.1907,6030733.8621,1175260.29081077
2026-02-05 20:00:00,0.1908,0.1924,0.18,0.1819,11877857.6265,2187276.89688765
2026-02-06 00:00:00,0.1821,0.1834,0.1576,0.1747,18765706.2156,3198225.515857
2026-02-06 04:00:00,0.1747,0.1806,0.1707,0.1735,3191012.7004,561389.73599502
2026-02-06 08:00:00,0.1735,0.1841,0.1701,0.1832,2118289.9418,372881.40585142
2026-02-06 12:00:00,0.1831,0.1925,0.1821,0.1901,4408627.5586,828674.57915552
2026-02-06 16:00:00,0.19,0.2007,0.189,0.1945,4361112.913,850264.11903843
2026-02-06 20:00:00,0.1944,0.1983,0.1918,0.1973,2144600.0916,417497.7065098
2026-02-07 00:00:00,0.1972,0.1979,0.1921,0.1973,1519523.7983,296353.07364306
2026-02-07 04:00:00,0.1973,0.1989,0.1867,0.1894,2443340.3978,471226.38394552
2026-02-07 08:00:00,0.1893,0.1913,0.1884,0.1904,966798.5627,183777.22911261
2026-02-07 12:00:00,0.1903,0.1986,0.1902,0.1968,1731275.5138,338062.75348434
2026-02-07 16:00:00,0.1969,0.203,0.1953,0.1969,6381315.2508,1272846.36868694
2026-02-07 20:00:00,0.197,0.1985,0.1957,0.1966,1157027.0335,228655.23868741
2026-02-08 00:00:00,0.1964,0.1966,0.1935,0.1936,344273.359,67280.60406124
2026-02-08 04:00:00,0.1938,0.1947,0.1916,0.1931,399624.5865,77241.04625902
2026-02-08 08:00:00,0.1929,0.1964,0.1919,0.196,1090312.6281,211978.27462274
2026-02-08 12:00:00,0.1959,0.196,0.1924,0.1929,1529734.6768,297016.12569421
2026-02-08 16:00:00,0.1931,0.1934,0.1865,0.1925,1707672.4953,323354.93401563
2026-02-08 20:00:00,0.1925,0.1951,0.1883,0.1902,1176768.5104,223886.47748885
2026-02-09 00:00:00,0.1903,0.1935,0.1885,0.1932,1028584.4699,195893.8763747
2026-02-09 04:00:00,0.1932,0.1932,0.1887,0.1888,651164.9302,124201.84007343
2026-02-09 08:00:00,0.1887,0.1892,0.1815,0.1837,1218152.1222,225032.80271894
2026-02-09 12:00:00,0.1838,0.1878,0.1818,0.1876,1727558.5885,318693.6854352
2026-02-09 16:00:00,0.1876,0.1928,0.1857,0.1909,2358952.2752,445910.61658482
2026-02-09 20:00:00,0.1908,0.1915,0.1872,0.1891,660787.797,125236.70886598
2026-02-10 00:00:00,0.1894,0.1898,0.1843,0.1861,387728.2352,72533.39170646
2026-02-10 04:00:00,0.186,0.1875,0.1813,0.1829,906161.4481,167275.79081645
2026-02-10 08:00:00,0.1829,0.1846,0.1816,0.1819,698341.4747,127943.49350978
2026-02-10 12:00:00,0.1818,0.1857,0.1805,0.1844,1961300.6114,358258.71452002
2026-02-10 16:00:00,0.1844,0.1853,0.1804,0.1821,915667.4477,167244.2469528
2026-02-10 20:00:00,0.182,0.1833,0.1811,0.1829,720260.8005,131225.2052695
2026-02-11 00:00:00,0.1829,0.1856,0.1821,0.1834,838479.1456,154320.44695087
2026-02-11 04:00:00,0.1832,0.1835,0.1762,0.1773,1044995.8418,186449.41774096
2026-02-11 08:00:00,0.1773,0.1773,0.1746,0.1768,1036030.2676,182401.95048543
2026-02-11 12:00:00,0.1769,0.1865,0.1731,0.1753,2604594.6837,466090.43225097
2026-02-11 16:00:00,0.1754,0.1792,0.1737,0.1772,1931864.461,341651.98137248
2026-02-11 20:00:00,0.1771,0.1818,0.1761,0.1778,1584858.5271,283932.45110115
2026-02-12 00:00:00,0.1783,0.1813,0.1781,0.1809,709226.4769,127620.77429554
2026-02-12 04:00:00,0.1809,0.1846,0.18,0.1845,727737.0217,132185.34886497
2026-02-12 08:00:00,0.1845,0.1861,0.1822,0.1845,1660121.5866,304798.74257195
2026-02-12 12:00:00,0.1845,0.1846,0.1792,0.1792,2059910.8077,373917.41902063
2026-02-12 16:00:00,0.1794,0.1835,0.1757,0.1804,1913642.5706,340778.49516746
2026-02-12 20:00:00,0.1805,0.1835,0.1782,0.1828,801965.0028,144662.77800696
2026-02-13 00:00:00,0.1826,0.1837,0.1803,0.1807,795967.9906,144586.4885948
2026-02-13 04:00:00,0.1807,0.1816,0.1786,0.1805,693778.3376,124835.52572863
2026-02-13 08:00:00,0.1807,0.1831,0.1807,0.1818,1013488.1672,184338.68630049
2026-02-13 12:00:00,0.1818,0.1897,0.1808,0.1859,2440488.6593,448876.98111493
2026-02-13 16:00:00,0.1862,0.1908,0.1857,0.1898,1731186.302,327285.86785978
2026-02-13 20:00:00,0.1898,0.1918,0.1892,0.1893,841288.073,160180.68951738
2026-02-14 00:00:00,0.1893,0.1924,0.1893,0.1917,529483.6608,100958.68852681
2026-02-14 04:00:00,0.1917,0.192,0.1898,0.1912,378061.7396,72182.56132098
2026-02-14 08:00:00,0.1912,0.1945,0.1912,0.1942,599203.2486,115623.68727492
2026-02-14 12:00:00,0.1942,0.1963,0.1922,0.1962,1041018.62,202143.41122404
2026-02-14 16:00:00,0.1963,0.2002,0.1947,0.1999,859537.4301,169913.9702112
2026-02-14 20:00:00,0.2,0.2007,0.1971,0.1972,1159267.0437,230543.57977382
2026-02-15 00:00:00,0.1973,0.1977,0.1925,0.1958,1283920.0499,250335.56348329
2026-02-15 04:00:00,0.1957,0.1984,0.1955,0.1975,595237.6152,117152.01971603
2026-02-15 08:00:00,0.1976,0.1981,0.193,0.1943,595260.6468,115666.19971053
2026-02-15 12:00:00,0.1943,0.1944,0.1866,0.1894,1227445.9819,232312.94062055
2026-02-15 16:00:00,0.1891,0.19,0.185,0.1866,1020673.5445,191106.53990769
2026-02-15 20:00:00,0.1862,0.1895,0.1859,0.1894,346303.5274,65061.06609304
2026-02-16 00:00:00,0.1894,0.1905,0.1874,0.1884,163118.139,30816.59218409
2026-02-16 04:00:00,0.1884,0.1904,0.1865,0.1879,563310.3557,105600.37678268
2026-02-16 08:00:00,0.1878,0.1898,0.1856,0.1882,304881.4173,57302.00995068
2026-02-16 12:00:00,0.1882,0.1922,0.1844,0.1854,1712036.7395,321686.48898002
2026-02-16 16:00:00,0.1853,0.1883,0.185,0.1879,754507.5594,140698.22240997
2026-02-16 20:00:00,0.1878,0.1915,0.1873,0.1902,379263.2357,72021.88791603
2026-02-17 00:00:00,0.1904,0.1906,0.1874,0.189,265359.0887,50212.36908358
2026-02-17 04:00:00,0.189,0.19,0.1866,0.1885,208343.4679,39258.87682412
2026-02-17 08:00:00,0.1885,0.1894,0.1856,0.1875,2270648.3181,424050.63721908
2026-02-17 12:00:00,0.1874,0.1894,0.1839,0.1868,845382.5455,157880.63523317
2026-02-17 16:00:00,0.1869,0.1902,0.1846,0.1876,779322.9414,146627.04246145
2026-02-17 20:00:00,0.1874,0.1877,0.1861,0.1869,459628.4861,85906.06188445
2026-02-18 00:00:00,0.1871,0.1881,0.1854,0.188,245239.4552,45812.42081719
2026-02-18 04:00:00,0.188,0.1896,0.1874,0.1888,591913.8209,111434.32251754
2026-02-18 08:00:00,0.189,0.1896,0.1855,0.1866,224962.7922,42230.97922752
2026-02-18 12:00:00,0.1866,0.1889,0.183,0.1866,1083976.4505,200764.61155715
2026-02-18 16:00:00,0.1868,0.1868,0.172,0.1732,11104702.0061,1987159.81120261
2026-02-18 20:00:00,0.1731,0.1744,0.165,0.1653,4138928.1852,698603.25871804
2026-02-19 00:00:00,0.1655,0.1664,0.1585,0.1602,5996373.7339,974605.48342424
2026-02-19 04:00:00,0.1602,0.1602,0.1461,0.1465,16761672.1882,2546957.37657663
2026-02-19 08:00:00,0.1465,0.1469,0.1401,0.1419,23363694.9112,3347596.23579379
2026-02-19 12:00:00,0.1418,0.1447,0.1365,0.1396,18681169.2576,2626610.41097548
2026-02-19 16:00:00,0.1397,0.1407,0.1343,0.1387,9014344.5813,1238973.02374352
2026-02-19 20:00:00,0.1386,0.1404,0.1369,0.1397,4419450.8851,612920.54326409
2026-02-20 00:00:00,0.1396,0.1401,0.1275,0.1294,16910991.6134,2259548.99368802
2026-02-20 04:00:00,0.1296,0.134,0.1276,0.1301,8073919.2796,1054125.06313409
2026-02-20 08:00:00,0.1301,0.1322,0.1261,0.1278,8706101.2588,1123913.08212649
2026-02-20 12:00:00,0.1277,0.1346,0.1247,0.133,15696616.2134,2023716.44540902
2026-02-20 16:00:00,0.133,0.1338,0.1269,0.1286,14078273.6473,1823494.1229004
2026-02-20 20:00:00,0.1286,0.1291,0.1267,0.1284,4821647.9824,615652.87700943
2026-02-21 00:00:00,0.1286,0.133,0.1274,0.1311,9630961.8178,1253394.50677811
2026-02-21 04:00:00,0.1312,0.1336,0.1294,0.1317,7450524.1414,978026.38390637
2026-02-21 08:00:00,0.1317,0.1356,0.131,0.1316,7483112.4734,999251.57989747
2026-02-21 12:00:00,0.1316,0.1322,0.1287,0.13,6711666.8051,873967.35702979
2026-02-21 16:00:00,0.1301,0.1302,0.1268,0.1286,5255362.0537,675671.46222786
2026-02-21 20:00:00,0.1285,0.1297,0.1275,0.1286,2386736.1884,307208.02074333
2026-02-22 00:00:00,0.1284,0.1284,0.1234,0.1251,9134492.7218,1147887.92153742
2026-02-22 04:00:00,0.125,0.1264,0.1244,0.125,3064396.8489,384435.98634683
2026-02-22 08:00:00,0.1249,0.1257,0.1236,0.1243,4198698.2198,523163.94246023
2026-02-22 12:00:00,0.1242,0.1243,0.121,0.1236,8041176.3756,982617.1294512
2026-02-22 16:00:00,0.1236,0.1256,0.1224,0.1229,4805911.1765,596490.40144998
2026-02-22 20:00:00,0.123,0.123,0.1205,0.1224,3006405.2638,366372.70996973
2026-02-23 00:00:00,0.1223,0.1231,0.1144,0.1156,16495137.0656,1929989.24002557
2026-02-23 04:00:00,0.1156,0.1221,0.115,0.1213,7301953.9204,869733.58962107
2026-02-23 08:00:00,0.1211,0.1264,0.1207,0.1246,6889292.106,853717.36426152
2026-02-23 12:00:00,0.1246,0.126,0.1211,0.1212,4592755.3607,566184.7065185
2026-02-23 16:00:00,0.1212,0.1225,0.1169,0.1171,4030631.5241,483739.25242831
2026-02-23 20:00:00,0.1171,0.122,0.1167,0.122,2763345.5951,330839.62088409
2026-02-24 00:00:00,0.122,0.1225,0.1181,0.1185,5084126.0786,611872.37500205
2026-02-24 04:00:00,0.1185,0.1188,0.1156,0.1169,2963045.344,347351.76980613
2026-02-24 08:00:00,0.1168,0.1176,0.1151,0.1176,4329503.3514,503421.81179446
2026-02-24 12:00:00,0.1176,0.1183,0.1142,0.118,8738838.626,1015867.58131846
2026-02-24 16:00:00,0.1179,0.119,0.1161,0.1172,7038746.5547,828058.75237518
2026-02-24 20:00:00,0.1172,0.119,0.1162,0.1178,2525761.8254,296946.25948488
2026-02-25 00:00:00,0.1176,0.1229,0.1175,0.1178,7551393.8014,906840.15298097
2026-02-25 04:00:00,0.1179,0.1199,0.1164,0.1182,4936182.6041,581599.97378228
2026-02-25 08:00:00,0.1182,0.1197,0.1167,0.1192,4517394.8461,534022.38038461
2026-02-25 12:00:00,0.1193,0.1248,0.1188,0.1234,8400690.0514,1020169.0086839
2026-02-25 16:00:00,0.1234,0.1295,0.1234,0.1288,10952138.2426,1383287.17922398
2026-02-25 20:00:00,0.1289,0.1338,0.1228,0.1242,17572868.1653,2280636.12439556
2026-02-26 00:00:00,0.1241,0.1264,0.1225,0.1259,5544043.1763,690540.433579
2026-02-26 04:00:00,0.1259,0.1268,0.1226,0.1239,3125341.685,389637.2547968
2026-02-26 08:00:00,0.1239,0.1252,0.1211,0.1215,4133411.3919,508405.64751746
2026-02-26 12:00:00,0.1214,0.1235,0.1206,0.1219,4759717.8143,580721.89690496
2026-02-26 16:00:00,0.1217,0.122,0.1153,0.1195,11440902.2977,1350667.09391589
2026-02-26 20:00:00,0.1194,0.1201,0.1181,0.1194,2147058.2419,255727.82671724
2026-02-27 00:00:00,0.1196,0.1208,0.1183,0.12,1754121.6231,209700.58626948
2026-02-27 04:00:00,0.12,0.1252,0.12,0.1246,3749546.6429,460820.19412533
2026-02-27 08:00:00,0.1248,0.1286,0.1218,0.1229,7634978.9318,961205.30892832
2026-02-27 12:00:00,0.1228,0.1235,0.1208,0.1215,4637857.5854,566794.13990759
2026-02-27 16:00:00,0.1214,0.1221,0.1183,0.1191,1461892.4388,175950.75969756
2026-02-27 20:00:00,0.1191,0.1199,0.1159,0.1198,1199760.812,141945.7380053
2026-02-28 00:00:00,0.1197,0.1206,0.1181,0.1184,1045259.9556,125019.00416712
2026-02-28 04:00:00,0.1183,0.1187,0.11,0.1123,8259284.3646,941832.73194321
2026-02-28 08:00:00,0.1122,0.1122,0.1091,0.11,2050526.8985,226903.52030454
2026-02-28 12:00:00,0.11,0.1148,0.1097,0.1136,2266660.4139,255134.04023394
2026-02-28 16:00:00,0.1136,0.12,0.1122,0.1184,1855937.1485,212716.3721036
2026-02-28 20:00:00,0.1185,0.1227,0.1182,0.1226,2837662.1623,342489.81061822
2026-03-01 00:00:00,0.1226,0.1268,0.1199,0.1241,4904485.3424,607739.1295284
2026-03-01 04:00:00,0.1241,0.1254,0.1228,0.1254,1799094.3472,223244.11943713
2026-03-01 08:00:00,0.1254,0.1263,0.1221,0.1231,1522201.01,188238.06906065
2026-03-01 12:00:00,0.1232,0.1251,0.1208,0.1228,2684268.5551,331586.72885394
2026-03-01 16:00:00,0.123,0.1242,0.1198,0.1208,2949390.2417,358988.13056719
2026-03-01 20:00:00,0.1209,0.1232,0.1185,0.1216,4715696.5065,571109.61188261
2026-03-02 00:00:00,0.1217,0.1252,0.1216,0.1238,1852134.3596,228433.08944719
2026-03-02 04:00:00,0.1239,0.1244,0.1198,0.1205,1208325.6797,147674.82691071
2026-03-02 08:00:00,0.1204,0.1233,0.1188,0.1229,2673593.9719,323508.44098426
2026-03-02 12:00:00,0.1229,0.1301,0.1217,0.1287,6058014.3726,765594.13393181
2026-03-02 16:00:00,0.1287,0.13,0.1251,0.127,4084491.6917,521655.64161983
2026-03-02 20:00:00,0.127,0.1276,0.124,0.1246,1046262.7586,131808.31436885
2026-03-03 00:00:00,0.1245,0.1271,0.1237,0.1269,1781521.059,223010.30078893
2026-03-03 04:00:00,0.127,0.1283,0.1249,0.1253,1684806.298,213534.52075208
2026-03-03 08:00:00,0.1253,0.1259,0.1218,0.1226,2664998.6676,328428.23664254
2026-03-03 12:00:00,0.1225,0.1252,0.1219,0.1248,2497376.9544,308041.03774447
2026-03-03 16:00:00,0.1247,0.1288,0.1237,0.1268,1587266.4806,200614.63928595
2026-03-03 20:00:00,0.1269,0.1272,0.1248,0.1265,1098967.4756,138732.67623224
2026-03-04 00:00:00,0.1265,0.1285,0.1253,0.1269,1525544.1002,194041.45572211
2026-03-04 04:00:00,0.127,0.1287,0.1257,0.1277,1583686.2332,201358.02879027
2026-03-04 08:00:00,0.1276,0.1314,0.1269,0.1289,3872369.2915,502162.65179733
2026-03-04 12:00:00,0.1288,0.1321,0.1276,0.132,2787718.6558,360930.05302898
2026-03-04 16:00:00,0.132,0.1323,0.1283,0.1307,2228796.6131,289725.18824681
2026-03-04 20:00:00,0.1307,0.1307,0.127,0.1286,1945051.3,249937.47600544
2026-03-05 00:00:00,0.1286,0.1291,0.1271,0.1281,957570.2622,122694.50825397
2026-03-05 04:00:00,0.1281,0.1291,0.1268,0.1276,1164978.2241,149461.26809944
2026-03-05 08:00:00,0.1276,0.1305,0.1267,0.1274,2225321.0285,286798.19584286
2026-03-05 12:00:00,0.1274,0.13,0.1266,0.1271,2224335.4419,284861.30134876
2026-03-05 16:00:00,0.1271,0.1272,0.1233,0.1254,1943162.3636,242196.81499306
2026-03-05 20:00:00,0.1256,0.1274,0.1251,0.1252,368446.3091,46343.04199372
2026-03-06 00:00:00,0.1253,0.1279,0.1251,0.1278,395439.5578,49991.3089757
2026-03-06 04:00:00,0.1278,0.1279,0.1254,0.1273,793957.3796,100657.80063139
2026-03-06 08:00:00,0.1273,0.1274,0.1246,0.125,1079499.431,136290.19865724
2026-03-06 12:00:00,0.1249,0.1253,0.1193,0.1198,5196507.1192,634154.86611551
2026-03-06 16:00:00,0.1196,0.1202,0.1167,0.1199,2027377.9069,240428.73524008
2026-03-06 20:00:00,0.1199,0.1211,0.1194,0.1205,820015.5425,98727.1791122
2026-03-07 00:00:00,0.1205,0.1212,0.1193,0.12,398180.5145,47797.80614263
2026-03-07 04:00:00,0.1201,0.121,0.1185,0.1196,568427.9734,67904.29180106
2026-03-07 08:00:00,0.1194,0.1205,0.119,0.1196,856051.5809,102703.87234644
2026-03-07 12:00:00,0.1198,0.1199,0.1167,0.1174,1302509.092,154362.98916036
2026-03-07 16:00:00,0.1172,0.1186,0.116,0.1163,1016945.0636,119202.24782537
2026-03-07 20:00:00,0.1164,0.117,0.1151,0.1164,530246.2958,61632.64426098
2026-03-08 00:00:00,0.1165,0.1165,0.1139,0.1146,976206.0483,112320.5965529
2026-03-08 04:00:00,0.1146,0.1152,0.1133,0.1149,687035.3433,78372.67064866
2026-03-08 08:00:00,0.1148,0.1165,0.114,0.1157,795866.294,91729.31994875
2026-03-08 12:00:00,0.1157,0.1169,0.1142,0.1148,1414199.5925,163350.89662117
2026-03-08 16:00:00,0.1147,0.1176,0.1139,0.1172,947308.0866,109161.72653733
2026-03-08 20:00:00,0.1172,0.1175,0.1136,0.1154,1981481.6233,229304.78362292
2026-03-09 00:00:00,0.1154,0.1183,0.115,0.1165,1526560.6876,178139.61342144
2026-03-09 04:00:00,0.1167,0.1202,0.1165,0.1187,990216.2189,117332.8496269
2026-03-09 08:00:00,0.1187,0.1193,0.1168,0.1177,783333.2754,92496.32200262
2026-03-09 12:00:00,0.1178,0.1208,0.1178,0.1192,2008741.4721,239600.20804862
2026-03-09 16:00:00,0.1191,0.1227,0.1187,0.1205,1421129.1049,170350.08069279
2026-03-09 20:00:00,0.1205,0.1209,0.1181,0.1184,1017951.1406,121914.26868404
2026-03-10 00:00:00,0.1184,0.122,0.1183,0.1197,1500879.0464,180807.91423024
2026-03-10 04:00:00,0.1196,0.1216,0.1193,0.1211,836961.4158,100766.23101857
2026-03-10 08:00:00,0.1212,0.1225,0.1206,0.1215,1049164.2311,127486.24830143
2026-03-10 12:00:00,0.1214,0.1235,0.1197,0.1225,1916465.7366,232375.67381547
2026-03-10 16:00:00,0.1226,0.1228,0.1184,0.1188,1430406.864,172549.59827518
2026-03-10 20:00:00,0.1188,0.1197,0.1177,0.1187,508777.8921,60413.57482134
2026-03-11 00:00:00,0.1187,0.1192,0.1181,0.1187,354953.0459,42171.18208703
2026-03-11 04:00:00,0.1187,0.1194,0.1169,0.1186,600202.5036,71013.33008003
2026-03-11 08:00:00,0.1186,0.1204,0.1186,0.1194,811471.879,96737.83422072
2026-03-11 12:00:00,0.1194,0.1226,0.1191,0.1203,2227788.8035,269345.12241118
2026-03-11 16:00:00,0.1204,0.1217,0.1195,0.1205,725344.5391,87443.49591362
2026-03-11 20:00:00,0.1206,0.1216,0.12,0.1203,623653.6418,75174.68128338
2026-03-12 00:00:00,0.1205,0.1207,0.1188,0.119,681010.9062,81527.01270218
2026-03-12 04:00:00,0.119,0.1195,0.118,0.1189,486013.8521,57672.1274806
2026-03-12 08:00:00,0.1189,0.1205,0.1179,0.1183,863241.8089,102711.75056338
2026-03-12 12:00:00,0.1184,0.1188,0.1158,0.1175,2298055.9081,269978.81144709
2026-03-12 16:00:00,0.1174,0.1192,0.1166,0.1191,979279.0044,115422.84818594
2026-03-12 20:00:00,0.119,0.121,0.1177,0.1199,1279363.8423,153311.07510591
2026-03-13 00:00:00,0.1203,0.1243,0.1198,0.1242,2288501.1923,280522.54937077
2026-03-13 04:00:00,0.1242,0.1253,0.1231,0.124,1545813.4591,191849.7017675
2026-03-13 08:00:00,0.1237,0.126,0.1234,0.1253,1406675.4912,175337.978835
2026-03-13 12:00:00,0.1253,0.1276,0.1251,0.1259,3073311.1836,387757.87463284
2026-03-13 16:00:00,0.1259,0.1264,0.1234,0.1242,1641397.8402,204566.39192553
2026-03-13 20:00:00,0.1243,0.1252,0.1224,0.1237,736074.8533,91198.94723414
2026-03-14 00:00:00,0.1236,0.1254,0.1222,0.1252,764187.5114,94746.34973052
2026-03-14 04:00:00,0.1253,0.1267,0.1217,0.1227,2108493.7397,261943.59197811
2026-03-14 08:00:00,0.1227,0.1238,0.1221,0.1237,1017685.4207,124805.48938634
2026-03-14 12:00:00,0.1236,0.1242,0.1222,0.1227,790164.7253,97311.16510159
2026-03-14 16:00:00,0.1226,0.1235,0.1225,0.1225,198575.5271,24419.1794634
2026-03-14 20:00:00,0.1225,0.1239,0.1222,0.1238,1100582.4638,135607.9791227
2026-03-15 00:00:00,0.1238,0.1275,0.1231,0.1262,1180142.9587,147866.42586985
2026-03-15 04:00:00,0.1263,0.1276,0.1258,0.1268,2198389.5253,278369.35807135
2026-03-15 08:00:00,0.1269,0.1278,0.1259,0.1269,1611497.4452,204359.702109
2026-03-15 12:00:00,0.1269,0.1283,0.1249,0.1253,1806530.132,228943.89801182
2026-03-15 16:00:00,0.1255,0.1279,0.1253,0.1276,811005.7081,103005.00071771
2026-03-15 20:00:00,0.1275,0.1292,0.1273,0.1283,1673083.1324,214759.82973208
2026-03-16 00:00:00,0.1284,0.1308,0.1272,0.1292,1925363.3407,247960.57888359
2026-03-16 04:00:00,0.1293,0.1325,0.129,0.1312,3581756.5605,467534.47330496
2026-03-16 08:00:00,0.1313,0.1327,0.1303,0.1308,3050228.8302,400590.60291671
2026-03-16 12:00:00,0.1309,0.1324,0.1295,0.13,2195513.4607,287741.13000419
2026-03-16 16:00:00,0.13,0.135,0.13,0.1345,2564547.8626,341125.90652657
2026-03-16 20:00:00,0.1346,0.1396,0.1341,0.1375,2949402.7304,405332.98667375
2026-03-17 00:00:00,0.1376,0.1379,0.1342,0.1355,3340933.1678,455929.03365316
2026-03-17 04:00:00,0.1355,0.1361,0.1335,0.1353,2051569.8531,276623.27153215
2026-03-17 08:00:00,0.1353,0.1364,0.1346,0.135,1717450.6301,232616.52949791
2026-03-17 12:00:00,0.135,0.1355,0.1332,0.1349,2086783.4537,280205.1851034
2026-03-17 16:00:00,0.1348,0.1359,0.1346,0.135,684988.3991,92681.54138873
2026-03-17 20:00:00,0.1351,0.1387,0.135,0.1361,1422456.3323,194589.96458989
2026-03-18 00:00:00,0.1362,0.1367,0.1352,0.1358,885293.8644,120469.31261616
2026-03-18 04:00:00,0.1358,0.1364,0.1343,0.135,1592489.3955,215405.87222249
2026-03-18 08:00:00,0.1352,0.1361,0.1312,0.1319,1497321.9046,199971.87111993
2026-03-18 12:00:00,0.132,0.132,0.1255,0.1267,3063539.5235,394312.25259796
2026-03-18 16:00:00,0.1266,0.1283,0.1248,0.1261,1206619.0045,152737.10355662
2026-03-18 20:00:00,0.1261,0.1276,0.1248,0.1264,671802.8722,84936.09611809
2026-03-19 00:00:00,0.1264,0.1275,0.1249,0.1261,620763.9482,78048.30147223
2026-03-19 04:00:00,0.126,0.1261,0.1214,0.1219,1533532.6885,189546.747581
2026-03-19 08:00:00,0.1217,0.1235,0.1215,0.1223,769364.4309,94291.75068212
2026-03-19 12:00:00,0.1223,0.1223,0.1187,0.1202,1716939.7452,206966.93918296
2026-03-19 16:00:00,0.12,0.1218,0.1192,0.1206,438185.4341,52726.93243802
2026-03-19 20:00:00,0.1204,0.1219,0.1203,0.1215,747139.226,90476.60957143
2026-03-20 00:00:00,0.1216,0.1236,0.1215,0.1228,639078.0865,78480.84556101
2026-03-20 04:00:00,0.1228,0.1246,0.1227,0.124,915585.4886,113306.38881058
2026-03-20 08:00:00,0.1241,0.1261,0.1233,0.1248,1364728.167,170209.08207478
2026-03-20 12:00:00,0.1249,0.1261,0.1223,0.1232,1632785.9981,202948.54606326
2026-03-20 16:00:00,0.1233,0.1249,0.1224,0.1235,1585369.0173,195952.61877377
2026-03-20 20:00:00,0.1235,0.1254,0.1224,0.1237,629605.5923,78332.20330576
2026-03-21 00:00:00,0.124,0.1241,0.1228,0.1229,223362.0656,27599.15976912
2026-03-21 04:00:00,0.1231,0.1234,0.1224,0.1224,254081.5212,31233.92298591
2026-03-21 08:00:00,0.1225,0.1236,0.1214,0.1218,1314777.1958,160440.68751942
2026-03-21 12:00:00,0.1218,0.1242,0.1215,0.1241,756955.2557,92383.63402441
2026-03-21 16:00:00,0.1242,0.1242,0.1221,0.1222,266210.6014,32692.545429
2026-03-21 20:00:00,0.1222,0.123,0.1168,0.1176,1429538.9446,170444.07992941
2026-03-22 00:00:00,0.1176,0.12,0.1154,0.119,1782512.6988,209732.81317827
2026-03-22 04:00:00,0.119,0.1199,0.117,0.1171,818571.4356,97194.7172528
2026-03-22 08:00:00,0.117,0.1175,0.1154,0.1157,1949711.7148,227425.17788623
2026-03-22 12:00:00,0.1157,0.1167,0.1155,0.1163,622357.3396,72187.67241568
2026-03-22 16:00:00,0.1162,0.1164,0.1138,0.1147,363994.6267,41964.70528099
2026-03-22 20:00:00,0.1148,0.1154,0.1127,0.1146,1381303.0834,157373.96910519
2026-03-23 00:00:00,0.1149,0.1166,0.1141,0.1155,1867089.7591,215033.56200142
2026-03-23 04:00:00,0.1155,0.1169,0.1131,0.114,1077010.5657,123871.31595751
2026-03-23 08:00:00,0.1139,0.1197,0.1124,0.1167,3512309.0289,411163.15564899
2026-03-23 12:00:00,0.1168,0.118,0.1151,0.1152,2076093.6341,242123.91617305
2026-03-23 16:00:00,0.1152,0.1159,0.1134,0.1142,944908.1326,108245.97250195
2026-03-23 20:00:00,0.1143,0.1151,0.1119,0.1134,2545079.3402,289808.79377901
2026-03-24 00:00:00,0.1135,0.1141,0.1108,0.1129,1637987.592,184129.53517541
2026-03-24 04:00:00,0.113,0.1147,0.1119,0.1146,1106531.1761,125352.70702229
2026-03-24 08:00:00,0.1148,0.1172,0.1141,0.1153,3096789.7054,358111.76926047
2026-03-24 12:00:00,0.1153,0.1153,0.1115,0.1115,1625095.5493,184022.21063916
2026-03-24 16:00:00,0.1116,0.1124,0.1095,0.1116,1307893.0092,144927.03621991
2026-03-24 20:00:00,0.1116,0.1147,0.1114,0.1137,1349211.8945,153124.09400876
2026-03-25 00:00:00,0.1137,0.1151,0.1127,0.1144,1211730.3319,138216.35360302
2026-03-25 04:00:00,0.1145,0.1145,0.1125,0.113,1125514.7404,127534.68492165
2026-03-25 08:00:00,0.1131,0.1153,0.1127,0.1148,1691040.5328,192542.96649604
2026-03-25 12:00:00,0.115,0.1158,0.1133,0.1139,1234987.5822,141143.7140133
2026-03-25 16:00:00,0.1136,0.1147,0.113,0.1134,582898.49,66303.24010767
2026-03-25 20:00:00,0.1135,0.1142,0.1123,0.1135,588548.7503,66501.22209036
2026-03-26 00:00:00,0.1135,0.114,0.1115,0.112,1158402.0647,130532.44387247
2026-03-26 04:00:00,0.112,0.112,0.1097,0.1107,1068334.7391,118337.64969602
2026-03-26 08:00:00,0.1105,0.1107,0.1079,0.1084,3275948.3204,355936.92882488
2026-03-26 12:00:00,0.1083,0.1097,0.1076,0.1086,1782720.2336,193350.46743114
2026-03-26 16:00:00,0.1087,0.1123,0.1062,0.1066,6133615.7661,668147.59101504
2026-03-26 20:00:00,0.1066,0.1101,0.1056,0.1088,1831086.0966,198131.27788625
2026-03-27 00:00:00,0.1087,0.1097,0.1085,0.1094,870598.9792,94886.62073025
2026-03-27 04:00:00,0.1094,0.1104,0.1085,0.11,1000642.4921,109465.44261651
2026-03-27 08:00:00,0.11,0.1104,0.1046,0.1055,2240809.1829,239879.79025378
2026-03-27 12:00:00,0.1056,0.1057,0.1035,0.104,1761167.0337,184546.24216687
2026-03-27 16:00:00,0.104,0.1047,0.1024,0.1044,1830387.9201,189305.68924957
2026-03-27 20:00:00,0.1045,0.1047,0.1035,0.1042,886729.4372,92244.81324134
2026-03-28 00:00:00,0.1042,0.1043,0.102,0.1034,835245.0967,86176.94837415
2026-03-28 04:00:00,0.1034,0.1044,0.1029,0.1044,780931.3543,80928.88045141
2026-03-28 08:00:00,0.1044,0.1051,0.104,0.1047,392376.2648,41070.6980915
2026-03-28 12:00:00,0.1048,0.1063,0.1038,0.1045,910274.801,95570.08757838
2026-03-28 16:00:00,0.1046,0.1057,0.1045,0.1045,1174327.7176,123357.1424683
2026-03-28 20:00:00,0.1047,0.1049,0.1021,0.1025,1532470.1111,158955.33090463
2026-03-29 00:00:00,0.1025,0.1044,0.1017,0.1032,1774062.3342,182930.11033752
2026-03-29 04:00:00,0.1032,0.1034,0.1022,0.1023,736106.3322,75517.70643878
2026-03-29 08:00:00,0.1022,0.1028,0.1013,0.1025,638594.1001,65376.3406887
2026-03-29 12:00:00,0.1025,0.1025,0.1005,0.1015,1193348.6822,120755.50133904
2026-03-29 16:00:00,0.1015,0.1024,0.1012,0.1019,458353.9093,46687.43686277
2026-03-29 20:00:00,0.1019,0.1037,0.0984,0.1019,2602395.8876,262162.37048663
2026-03-30 00:00:00,0.1022,0.1064,0.1019,0.1057,688576.4995,72012.58673259
2026-03-30 04:00:00,0.1058,0.1091,0.1058,0.1086,1997645.2553,215096.12897524
2026-03-30 08:00:00,0.1087,0.1088,0.1066,0.1081,1999755.7393,215362.10522442
2026-03-30 12:00:00,0.1081,0.1102,0.1066,0.1073,2503637.5755,272216.03047547
2026-03-30 16:00:00,0.1073,0.1079,0.1056,0.1065,1123996.19,120023.09604332
2026-03-30 20:00:00,0.1066,0.1072,0.1054,0.1059,315099.395,33472.07873573
2026-03-31 00:00:00,0.1059,0.1085,0.1057,0.1082,1027050.7774,109956.13860177
2026-03-31 04:00:00,0.1085,0.1091,0.1077,0.109,1543861.7476,167134.61731388
2026-03-31 08:00:00,0.1092,0.1098,0.1067,0.1097,2064680.7609,222817.76982679
2026-03-31 12:00:00,0.1098,0.1123,0.1091,0.1094,2917872.5354,322195.7746761
2026-03-31 16:00:00,0.1095,0.1119,0.1086,0.1103,1517198.2855,167136.30891082
2026-03-31 20:00:00,0.1104,0.1112,0.1099,0.1108,1188866.8063,131196.79095396
2026-04-01 00:00:00,0.1107,0.1108,0.1085,0.1103,1091026.9304,119337.09503302
2026-04-01 04:00:00,0.1104,0.1129,0.1102,0.1127,1145273.069,127903.23393174
2026-04-01 08:00:00,0.1128,0.1134,0.1107,0.1114,3684853.1404,412311.44472707
2026-04-01 12:00:00,0.1115,0.1136,0.1106,0.112,1752278.0144,196188.20279274
2026-04-01 16:00:00,0.112,0.1126,0.1105,0.111,623727.9524,69593.97235591
2026-04-01 20:00:00,0.111,0.112,0.1096,0.1101,1386176.3166,153560.55927205
2026-04-02 00:00:00,0.1102,0.1113,0.1064,0.1068,2107070.33,229188.09570171
2026-04-02 04:00:00,0.1067,0.1083,0.1061,0.1075,706436.1816,75539.33413141
2026-04-02 08:00:00,0.1074,0.1075,0.1062,0.1069,424435.4737,45285.95896093
2026-04-02 12:00:00,0.1068,0.1073,0.1046,0.1066,2621616.4048,278298.13237968
2026-04-02 16:00:00,0.1066,0.1079,0.1059,0.1064,543628.1375,57985.34925805
2026-04-02 20:00:00,0.1063,0.1071,0.1058,0.1064,313075.5936,33282.41308418
2026-04-03 00:00:00,0.1064,0.1081,0.1061,0.1076,993029.23,106658.87220391
2026-04-03 04:00:00,0.1077,0.1102,0.1075,0.1092,817620.348,89153.87402706
2026-04-03 08:00:00,0.1092,0.1112,0.1092,0.1108,1927908.645,212222.75580672
2026-04-03 12:00:00,0.1108,0.1119,0.1095,0.1099,1367385.4868,151508.9668037
2026-04-03 16:00:00,0.1099,0.1113,0.1098,0.1105,997865.5007,110278.93507332
2026-04-03 20:00:00,0.1105,0.111,0.1098,0.1101,464585.066,51338.31655894
2026-04-04 00:00:00,0.1101,0.1108,0.1095,0.1104,905512.8647,99679.96890164
2026-04-04 04:00:00,0.1102,0.111,0.1095,0.1105,760803.2515,83988.43159743
2026-04-04 08:00:00,0.1105,0.1105,0.1088,0.1099,1817689.9081,198962.05962241
2026-04-04 12:00:00,0.1098,0.1102,0.1085,0.1094,1411602.1119,154408.00032153
2026-04-04 16:00:00,0.1095,0.1115,0.1092,0.1105,458216.7152,50590.63641489
2026-04-04 20:00:00,0.1105,0.1108,0.1099,0.1106,293107.4467,32386.8328081
2026-04-05 00:00:00,0.1106,0.1108,0.109,0.1093,675870.3804,73891.88276923
2026-04-05 04:00:00,0.1092,0.1092,0.1069,0.1071,393085.7981,42476.71295828
2026-04-05 08:00:00,0.1071,0.1078,0.1069,0.1073,262750.3017,28234.75468405
2026-04-05 12:00:00,0.1072,0.1081,0.1059,0.107,1168902.3346,125144.51349369
2026-04-05 16:00:00,0.107,0.1073,0.1062,0.1069,327641.3624,35044.86149825
2026-04-05 20:00:00,0.1069,0.1103,0.1066,0.1103,1076480.295,115808.70616703
2026-04-06 00:00:00,0.1104,0.1124,0.1102,0.1116,2171638.8675,241892.12098404
2026-04-06 04:00:00,0.1117,0.1126,0.111,0.1121,1187859.3957,132762.70974775
2026-04-06 08:00:00,0.1122,0.1148,0.112,0.1147,813336.8719,92131.67128773
2026-04-06 12:00:00,0.1148,0.1151,0.1121,0.1136,1039608.4036,118256.63242265
2026-04-06 16:00:00,0.1136,0.1137,0.1121,0.1123,931770.4066,105113.83768989
2026-04-06 20:00:00,0.1122,0.1126,0.1088,0.1098,977414.0406,108094.06016206
2026-04-07 00:00:00,0.1098,0.1102,0.1081,0.1095,971670.6908,105665.578763
2026-04-07 04:00:00,0.1095,0.1102,0.109,0.1099,523186.2879,57239.65784643
2026-04-07 08:00:00,0.1098,0.1106,0.1085,0.1091,1154052.8147,126245.3106336
2026-04-07 12:00:00,0.1091,0.1092,0.1075,0.1084,2039091.4655,220743.03985379
2026-04-07 16:00:00,0.1084,0.1117,0.1082,0.1116,456327.959,50193.13751977
2026-04-07 20:00:00,0.1117,0.1199,0.1113,0.1187,4367775.4848,506134.29099046
2026-04-08 00:00:00,0.1188,0.1208,0.1179,0.1196,1645629.8062,196370.99961487
2026-04-08 04:00:00,0.1196,0.121,0.1191,0.1199,1275166.6998,153038.72423048
2026-04-08 08:00:00,0.1199,0.12,0.1176,0.118,1440796.0766,171615.42267054
2026-04-08 12:00:00,0.1181,0.1184,0.1153,0.1163,728609.009,85088.5872182
2026-04-08 16:00:00,0.1165,0.1179,0.1149,0.1157,971138.0622,113355.87564112
2026-04-08 20:00:00,0.1158,0.1169,0.1143,0.115,420139.8397,48709.88139921
2026-04-09 00:00:00,0.1149,0.1149,0.1126,0.1134,599745.3284,68065.40062472
2026-04-09 04:00:00,0.1134,0.1147,0.1132,0.1135,1288077.6669,146895.34951368
2026-04-09 08:00:00,0.1135,0.1138,0.1122,0.1124,836904.598,94381.68901726
2026-04-09 12:00:00,0.1123,0.1147,0.111,0.1142,760859.4298,85729.59562893
2026-04-09 16:00:00,0.1143,0.1148,0.1126,0.1141,704418.5507,80327.02737316
2026-04-09 20:00:00,0.1142,0.1169,0.1134,0.1141,1604307.1032,185588.20535124
2026-04-10 00:00:00,0.1142,0.1153,0.1134,0.114,617877.0538,70620.91235706
2026-04-10 04:00:00,0.114,0.1163,0.114,0.1145,882152.1092,101725.49523009
2026-04-10 08:00:00,0.1145,0.1156,0.1139,0.1141,360195.0292,41266.20254215
2026-04-10 12:00:00,0.1142,0.116,0.1134,0.1145,607772.5897,69754.51415397
2026-04-10 16:00:00,0.1149,0.1162,0.1143,0.116,446875.8319,51683.83612674
2026-04-10 20:00:00,0.116,0.1162,0.1145,0.1152,547221.3514,63148.84047769
2026-04-11 00:00:00,0.1151,0.1151,0.112,0.1135,1130533.6776,127953.5240053
2026-04-11 04:00:00,0.1136,0.114,0.112,0.1123,392108.7857,44238.94361174
2026-04-11 08:00:00,0.1122,0.1129,0.1119,0.1125,504534.5851,56755.34641118
2026-04-11 12:00:00,0.1124,0.1124,0.1102,0.1118,467022.0421,51911.63346601
2026-04-11 16:00:00,0.1118,0.1162,0.1116,0.1162,931938.1164,106271.90463254
2026-04-11 20:00:00,0.1163,0.1164,0.114,0.1145,572864.0506,66140.96578713
2026-04-12 00:00:00,0.1146,0.1147,0.109,0.1092,1415796.741,156206.46689708
2026-04-12 04:00:00,0.1091,0.1094,0.108,0.1082,704186.4808,76518.52920462
2026-04-12 08:00:00,0.1081,0.109,0.1074,0.1085,375403.7979,40629.33352964
2026-04-12 12:00:00,0.1084,0.1093,0.107,0.1076,525209.1727,56637.14730344
2026-04-12 16:00:00,0.1075,0.1096,0.1074,0.1089,329546.8838,35747.00013411
2026-04-12 20:00:00,0.1091,0.1097,0.1066,0.1069,407364.0476,43796.77949521
2026-04-13 00:00:00,0.107,0.1082,0.1061,0.1066,457723.0102,49071.63558284
2026-04-13 04:00:00,0.1067,0.108,0.1057,0.1061,434473.4116,46227.46679489
2026-04-13 08:00:00,0.1061,0.1074,0.1055,0.107,500995.7681,53351.08934807
2026-04-13 12:00:00,0.1069,0.1097,0.1065,0.1088,837970.5231,90977.1333664
2026-04-13 16:00:00,0.1089,0.1125,0.1082,0.1121,685690.6834,75121.19720872
2026-04-13 20:00:00,0.1121,0.1167,0.1104,0.1162,1907432.3227,217807.29103406
2026-04-14 00:00:00,0.1163,0.117,0.114,0.1143,1096238.7155,126434.85632952
2026-04-14 04:00:00,0.1144,0.1149,0.113,0.1136,590985.6224,67349.63937364
2026-04-14 08:00:00,0.1136,0.1141,0.1127,0.113,797346.1784,90343.51951033
2026-04-14 12:00:00,0.113,0.1167,0.1128,0.1133,3162444.2568,363303.92353097
2026-04-14 16:00:00,0.1133,0.1147,0.1102,0.1111,1396833.8526,157151.28797105
2026-04-14 20:00:00,0.1112,0.1117,0.1103,0.1112,1032439.0371,114510.41627065
2026-04-15 00:00:00,0.1113,0.113,0.1113,0.1122,764382.8037,85732.96371389
2026-04-15 04:00:00,0.1122,0.1133,0.1115,0.1119,705732.1351,79225.05500429
2026-04-15 08:00:00,0.1119,0.116,0.1118,0.1154,1243996.8858,142067.44315736
2026-04-15 12:00:00,0.1152,0.1178,0.1145,0.1167,2365297.7263,274929.78564006
2026-04-15 16:00:00,0.1168,0.1224,0.1168,0.1216,2686825.1723,320786.53972787
2026-04-15 20:00:00,0.1214,0.1216,0.119,0.1198,978475.3703,117877.08330975
2026-04-16 00:00:00,0.12,0.1215,0.1186,0.1211,1054899.693,126988.6532357
2026-04-16 04:00:00,0.1211,0.1237,0.1208,0.1226,2104493.4687,257483.52327254
2026-04-16 08:00:00,0.1227,0.1232,0.121,0.1232,1605223.3637,196011.97942907
2026-04-16 12:00:00,0.1233,0.1311,0.1227,0.1305,4718903.6476,599679.21942944
2026-04-16 16:00:00,0.1305,0.1327,0.1251,0.1325,3336460.0012,430092.54455519
2026-04-16 20:00:00,0.1325,0.1331,0.1296,0.1324,1602191.585,211217.87447341
2026-04-17 00:00:00,0.1323,0.1343,0.1304,0.1309,2560844.2365,338655.99942822
2026-04-17 04:00:00,0.131,0.1315,0.1284,0.1309,1331991.3515,172754.42650733
2026-04-17 08:00:00,0.131,0.1325,0.1294,0.1313,1636666.1069,214776.32750408
2026-04-17 12:00:00,0.1315,0.1374,0.1308,0.1334,4957451.5367,664616.44230757
2026-04-17 16:00:00,0.1335,0.1348,0.1323,0.1346,2028499.702,270931.52879588
2026-04-17 20:00:00,0.1346,0.1354,0.1332,0.1343,1031404.2884,138507.33680449
2026-04-18 00:00:00,0.1344,0.1351,0.1314,0.1319,1422185.332,189621.13261286
2026-04-18 04:00:00,0.1318,0.1345,0.1313,0.1339,920186.4103,121890.82165261
2026-04-18 08:00:00,0.1339,0.1343,0.1277,0.1289,2533640.2665,333479.02463248
2026-04-18 12:00:00,0.1286,0.1292,0.1271,0.1282,1230025.0141,157626.69599724
2026-04-18 16:00:00,0.1282,0.129,0.1262,0.1266,761804.8975,96989.61949204
2026-04-18 20:00:00,0.1264,0.127,0.1258,0.1259,954936.8324,120676.89928056
2026-04-19 00:00:00,0.126,0.126,0.1224,0.1236,1253779.6208,155599.63793247
2026-04-19 04:00:00,0.1236,0.1246,0.1227,0.1236,646001.3212,79762.4011086
2026-04-19 08:00:00,0.1235,0.125,0.123,0.1246,411905.8009,50943.1563238
2026-04-19 12:00:00,0.1245,0.127,0.1236,0.125,1472899.3589,185145.61903762
2026-04-19 16:00:00,0.1251,0.1251,0.1217,0.123,709950.0999,87180.22635166
2026-04-19 20:00:00,0.1232,0.1234,0.12,0.1204,964295.4163,117036.33677527
2026-04-20 00:00:00,0.1205,0.1228,0.1203,0.1224,1410238.0508,172079.29964902
2026-04-20 04:00:00,0.1224,0.1244,0.1204,0.1228,597080.0715,72948.78558045
2026-04-20 08:00:00,0.1229,0.124,0.1214,0.1228,688888.5286,84730.92056633
2026-04-20 12:00:00,0.1227,0.1246,0.1218,0.1232,723205.3559,89036.90295469
2026-04-20 16:00:00,0.1233,0.1257,0.1229,0.1248,425228.7466,52806.88448864
2026-04-20 20:00:00,0.1248,0.1261,0.1238,0.124,776470.2664,97113.21081094
2026-04-21 00:00:00,0.124,0.1245,0.1224,0.1229,409820.069,50525.86695094
2026-04-21 04:00:00,0.1229,0.1242,0.1224,0.1232,477343.2608,58872.45360765
2026-04-21 08:00:00,0.1232,0.1259,0.1228,0.1239,1191028.9552,148269.69866204
2026-04-21 12:00:00,0.124,0.1243,0.1217,0.124,1408217.5072,172950.8713565
2026-04-21 16:00:00,0.124,0.1245,0.1199,0.1205,699120.0997,85082.42395557
2026-04-21 20:00:00,0.1205,0.1235,0.1204,0.1232,1367432.9885,166305.80890501
2026-04-22 00:00:00,0.1232,0.1258,0.1223,0.1257,880842.0116,109844.50575502
2026-04-22 04:00:00,0.1258,0.1288,0.1255,0.1269,1146021.2393,145803.88234504
2026-04-22 08:00:00,0.127,0.128,0.1264,0.1274,563212.4544,71528.41174477
2026-04-22 12:00:00,0.1274,0.1274,0.1258,0.1262,678531.7382,85755.04843337
2026-04-22 16:00:00,0.1261,0.1281,0.1246,0.1257,1254857.255,158502.98415057
2026-04-22 20:00:00,0.1258,0.1258,0.1209,0.1209,1417187.1864,174627.91253275
2026-04-23 00:00:00,0.1211,0.1213,0.1176,0.1182,1481702.8567,177207.34010951
2026-04-23 04:00:00,0.1182,0.1195,0.1178,0.1187,1231843.9217,146154.49374148
2026-04-23 08:00:00,0.1187,0.1195,0.1181,0.119,2111306.5553,250954.98355782
2026-04-23 12:00:00,0.119,0.1228,0.1189,0.1224,1190437.2889,143590.24358462
2026-04-23 16:00:00,0.1224,0.1226,0.1176,0.119,1276207.2219,152754.83236207
2026-04-23 20:00:00,0.1189,0.122,0.1189,0.1215,538595.3294,65068.59554328
2026-04-24 00:00:00,0.1216,0.1226,0.1198,0.1205,1140765.9605,138263.74783424
2026-04-24 04:00:00,0.1206,0.1216,0.1198,0.121,715420.6791,86407.28831746
2026-04-24 08:00:00,0.1212,0.1233,0.1207,0.123,819188.6126,99907.57535088
2026-04-24 12:00:00,0.123,0.1241,0.1211,0.124,999909.3026,122486.63882439
2026-04-24 16:00:00,0.1241,0.1253,0.1228,0.125,1524042.6754,188393.20870214
2026-04-24 20:00:00,0.1252,0.1266,0.124,0.1251,2185936.6683,273383.36110702
2026-04-25 00:00:00,0.1251,0.1288,0.1243,0.1282,2172674.2126,274899.51334673
2026-04-25 04:00:00,0.1282,0.1302,0.1274,0.1286,1936669.2121,249423.65672223
2026-04-25 08:00:00,0.1285,0.1333,0.128,0.1286,5309668.8531,695382.42907517
2026-04-25 12:00:00,0.1284,0.1285,0.125,0.1255,1911000.7362,242126.69032049
2026-04-25 16:00:00,0.1255,0.126,0.1239,0.1241,843391.8038,105177.18053262
2026-04-25 20:00:00,0.1241,0.1255,0.1236,0.125,924624.217,115261.75024722
2026-04-26 00:00:00,0.125,0.1251,0.1232,0.1238,1573475.4846,194755.98840885
2026-04-26 04:00:00,0.1238,0.1267,0.1236,0.1261,2359816.267,295163.3204971
2026-04-26 08:00:00,0.1261,0.1273,0.1254,0.1266,892706.7762,112589.06153065
2026-04-26 12:00:00,0.1267,0.1268,0.1247,0.1266,1045449.1413,131435.24675176
2026-04-26 16:00:00,0.1266,0.1276,0.1257,0.1267,314263.31,39809.85375366
2026-04-26 20:00:00,0.1268,0.127,0.1248,0.1258,483833.05,61019.48411594
2026-04-27 00:00:00,0.1258,0.129,0.1252,0.1284,1113168.8045,141323.05698586
2026-04-27 04:00:00,0.1283,0.1284,0.1218,0.1221,3502745.2369,434371.39860338
2026-04-27 08:00:00,0.122,0.123,0.1214,0.1219,824134.4246,100688.36783296
2026-04-27 12:00:00,0.1222,0.123,0.119,0.1199,2295636.904,276993.85703594
2026-04-27 16:00:00,0.1197,0.1214,0.1193,0.1208,486326.2117,58581.87746677
2026-04-27 20:00:00,0.1209,0.1226,0.1208,0.1225,425552.597,51676.33309848
2026-04-28 00:00:00,0.1225,0.1227,0.1215,0.1223,237911.7932,29050.73020671
2026-04-28 04:00:00,0.1223,0.1232,0.1212,0.1218,770256.0227,94277.73480547
2026-04-28 08:00:00,0.1218,0.1224,0.1202,0.1206,786902.5613,95452.65667228
2026-04-28 12:00:00,0.1206,0.122,0.1202,0.1215,691782.9115,83567.68665308
2026-04-28 16:00:00,0.1214,0.1221,0.1205,0.1217,530025.55,64283.76444867
2026-04-28 20:00:00,0.122,0.122,0.1209,0.1211,398494.3512,48421.48546474
2026-04-29 00:00:00,0.1212,0.1229,0.1203,0.1226,503231.3293,61024.67856789
2026-04-29 04:00:00,0.1226,0.1245,0.1225,0.1236,1478376.5381,182847.40431034
2026-04-29 08:00:00,0.1236,0.126,0.1229,0.1238,964571.0029,120087.84905641
2026-04-29 12:00:00,0.1239,0.1239,0.1182,0.1184,1439743.6078,174303.269062
2026-04-29 16:00:00,0.1184,0.1202,0.1155,0.1176,1050241.0706,123221.33616029
2026-04-29 20:00:00,0.1177,0.1203,0.1176,0.1197,293641.9068,35019.28306322
2026-04-30 00:00:00,0.1198,0.1219,0.1193,0.1206,458527.4597,55314.58319038
2026-04-30 04:00:00,0.1205,0.1207,0.1187,0.1206,552410.1779,66202.85030682
2026-04-30 08:00:00,0.1206,0.1224,0.1203,0.122,1922679.4472,232924.78174899
2026-04-30 12:00:00,0.122,0.1227,0.12,0.1213,517005.2354,62678.117389
2026-04-30 16:00:00,0.1213,0.1215,0.1202,0.1212,358349.5416,43288.68566352
2026-04-30 20:00:00,0.121,0.1211,0.1194,0.1203,202710.3626,24379.74772371
2026-05-01 00:00:00,0.1204,0.1228,0.1203,0.1221,575045.3032,69921.2229204
2026-05-01 04:00:00,0.1221,0.1229,0.1204,0.1212,474041.7922,57545.07502789
2026-05-01 08:00:00,0.1212,0.1215,0.1197,0.1207,452508.8425,54641.74621974
2026-05-01 12:00:00,0.1207,0.1229,0.1206,0.1223,475975.8626,58050.4929048
2026-05-01 16:00:00,0.1224,0.1233,0.1216,0.1225,904820.636,110839.87540499
2026-05-01 20:00:00,0.1225,0.1227,0.1204,0.121,741896.6481,90283.65375488
2026-05-02 00:00:00,0.121,0.1214,0.12,0.1205,395556.3016,47783.93342825
2026-05-02 04:00:00,0.1206,0.1206,0.1192,0.1202,311004.7609,37321.650765
2026-05-02 08:00:00,0.1201,0.1214,0.1199,0.1206,258834.0404,31308.08576217
2026-05-02 12:00:00,0.1207,0.1233,0.1205,0.1233,464172.6454,56498.58054547
2026-05-02 16:00:00,0.1234,0.1261,0.1229,0.1259,940105.6107,116982.89132159
2026-05-02 20:00:00,0.126,0.127,0.1252,0.1254,888403.9487,111902.74936543
2026-05-03 00:00:00,0.1256,0.1257,0.122,0.1224,631165.7641,77806.22184838
2026-05-03 04:00:00,0.1224,0.1229,0.1216,0.1223,241254.6315,29497.20096105
2026-05-03 08:00:00,0.1223,0.1228,0.1212,0.1221,591511.8782,72211.38988636
2026-05-03 12:00:00,0.1221,0.1229,0.1212,0.122,424622.0114,51875.53313671
2026-05-03 16:00:00,0.1221,0.1234,0.1217,0.1233,505390.6772,61740.51218443
2026-05-03 20:00:00,0.1231,0.1248,0.1223,0.1229,734672.5519,90854.75050721
2026-05-04 00:00:00,0.1229,0.1273,0.1212,0.1269,2043249.89,252910.89942121
2026-05-04 04:00:00,0.1269,0.1277,0.1244,0.1252,650354.8277,82296.787429
2026-05-04 08:00:00,0.1252,0.1258,0.1206,0.1214,1746189.8989,213869.06608512
2026-05-04 12:00:00,0.1213,0.1254,0.1205,0.1227,1974564.8522,243233.2497699
2026-05-04 16:00:00,0.1228,0.1258,0.1217,0.1248,1297778.358,160872.82965368
2026-05-04 20:00:00,0.1249,0.1261,0.1232,0.1241,1220783.4939,151952.60096753
2026-05-05 00:00:00,0.1242,0.1286,0.1235,0.1274,2045906.7152,256822.86594777
2026-05-05 04:00:00,0.1273,0.1281,0.1262,0.1272,1561292.6307,198219.13147806
2026-05-05 08:00:00,0.1272,0.1302,0.1271,0.1296,1214592.6899,156293.2664645
2026-05-05 12:00:00,0.1299,0.1306,0.127,0.1273,1144582.7376,147115.938668
2026-05-05 16:00:00,0.1274,0.1282,0.1265,0.1278,719017.1892,91507.23251581
2026-05-05 20:00:00,0.1279,0.1309,0.1276,0.1285,1287724.5468,166139.89019361
2026-05-06 00:00:00,0.1285,0.1329,0.1279,0.1325,925045.5615,120908.32940297
2026-05-06 04:00:00,0.1325,0.1334,0.1308,0.1325,1141363.8117,150878.10053465
2026-05-06 08:00:00,0.1324,0.1365,0.1323,0.1362,1904683.0585,257532.85196396
2026-05-06 12:00:00,0.1363,0.1375,0.1323,0.1363,2498878.4462,338246.77618941
2026-05-06 16:00:00,0.1362,0.1391,0.1356,0.1386,2021192.7141,277315.67881953
2026-05-06 20:00:00,0.1387,0.1488,0.1386,0.1424,4809549.3525,690139.64170572
2026-05-07 00:00:00,0.1424,0.1442,0.1376,0.1388,6693556.8046,940802.70379664
2026-05-07 04:00:00,0.1389,0.1507,0.1387,0.1449,5735851.5654,842181.66257647
2026-05-07 08:00:00,0.1449,0.1478,0.1438,0.1456,2126266.0017,310515.52685298
2026-05-07 12:00:00,0.1455,0.1492,0.1426,0.1443,2931574.3917,428536.78718276
2026-05-07 16:00:00,0.1444,0.1475,0.1439,0.1469,2044108.7507,298349.12971525
2026-05-07 20:00:00,0.147,0.1498,0.1452,0.1479,1511501.3532,223286.3277665
2026-05-08 00:00:00,0.1481,0.1514,0.1464,0.1488,1760913.2079,262315.21342208
2026-05-08 04:00:00,0.1488,0.1512,0.1459,0.1506,2558573.3784,380975.33731208
2026-05-08 08:00:00,0.1504,0.1528,0.1479,0.152,3449071.8922,517626.9684758
2026-05-08 12:00:00,0.1519,0.1525,0.1487,0.1523,2298978.657,347305.60173775
2026-05-08 16:00:00,0.1524,0.1651,0.1517,0.1618,7232741.4477,1152783.96270808
2026-05-08 20:00:00,0.1618,0.1817,0.1613,0.1718,15227594.862,2648255.45837962
2026-05-09 00:00:00,0.1717,0.1725,0.1664,0.1693,4003627.7007,676569.07897504
2026-05-09 04:00:00,0.1693,0.1714,0.1645,0.1647,4596641.0665,769897.54849366
2026-05-09 08:00:00,0.1648,0.1667,0.1626,0.1652,2159796.7331,356228.0770813
2026-05-09 12:00:00,0.1653,0.1681,0.1636,0.1662,2486575.1146,412981.64332544
2026-05-09 16:00:00,0.1662,0.1665,0.1639,0.1646,760454.2551,125750.60925001
2026-05-09 20:00:00,0.1647,0.1661,0.1632,0.1633,711920.369,117212.02881986
2026-05-10 00:00:00,0.1632,0.1637,0.1608,0.1623,1240856.7861,201405.93267177
2026-05-10 04:00:00,0.1623,0.1632,0.1606,0.1608,582990.2829,94315.3655895
2026-05-10 08:00:00,0.1607,0.1645,0.1606,0.1623,997820.3272,162166.39300237
2026-05-10 12:00:00,0.1622,0.1645,0.1614,0.163,1376699.1074,224119.73543049
2026-05-10 16:00:00,0.1631,0.1662,0.1628,0.1649,1564555.671,257574.78017437
2026-05-10 20:00:00,0.1649,0.1661,0.1572,0.1632,1558546.0291,250856.91366347
2026-05-11 00:00:00,0.1633,0.1637,0.1585,0.1594,671978.6499,108074.61858438
2026-05-11 04:00:00,0.1593,0.1611,0.1587,0.1595,459889.1573,73540.32175449
2026-05-11 08:00:00,0.1596,0.161,0.1575,0.1587,1592999.0797,253712.32908406
2026-05-11 12:00:00,0.1587,0.159,0.1561,0.1578,1135903.9405,178731.29421932
2026-05-11 16:00:00,0.1578,0.1584,0.1565,0.1581,427433.4508,67351.01013893
2026-05-11 20:00:00,0.1582,0.1589,0.1562,0.157,464554.8379,73209.00111098
2026-05-12 00:00:00,0.1568,0.1579,0.1547,0.1552,561203.0931,87311.19491111
2026-05-12 04:00:00,0.1551,0.1567,0.155,0.1565,321754.4748,50161.5950887
2026-05-12 08:00:00,0.1563,0.1565,0.1535,0.1541,690295.0028,106798.04121306
2026-05-12 12:00:00,0.1542,0.1544,0.15,0.1504,2208981.2272,336272.64449995
2026-05-12 16:00:00,0.1503,0.1531,0.1489,0.1525,833179.8755,126413.70129544
2026-05-12 20:00:00,0.1525,0.1531,0.1516,0.1521,285539.6633,43523.0473482
2026-05-13 00:00:00,0.1522,0.1553,0.1518,0.1549,989354.472,152420.25271546
2026-05-13 04:00:00,0.155,0.1554,0.1537,0.1551,991546.9894,153155.98906824
2026-05-13 08:00:00,0.1553,0.1579,0.1526,0.1529,3037743.2669,472507.81839295
2026-05-13 12:00:00,0.1529,0.1532,0.1445,0.1446,6623326.974,984609.77156251
2026-05-13 16:00:00,0.1446,0.148,0.1446,0.1463,3324528.4764,488426.78288617
2026-05-13 20:00:00,0.1464,0.1468,0.1448,0.1461,912011.4526,133097.61482904
2026-05-14 00:00:00,0.1461,0.1467,0.1439,0.1441,517355.6162,75288.39644698
2026-05-14 04:00:00,0.1442,0.1474,0.1439,0.1458,851831.0962,124317.11926687
2026-05-14 08:00:00,0.1459,0.1466,0.1434,0.1435,1985128.5215,287054.97799982
2026-05-14 12:00:00,0.1434,0.1479,0.1433,0.1476,1538046.7258,223303.07036734
2026-05-14 16:00:00,0.1477,0.1484,0.1452,0.1468,1286212.4842,188373.94081721
2026-05-14 20:00:00,0.1467,0.1471,0.1447,0.1449,813831.7649,118683.39403219
2026-05-15 00:00:00,0.1449,0.146,0.143,0.1434,955053.3174,137771.95763664
2026-05-15 04:00:00,0.1432,0.1434,0.1395,0.1416,1022006.7508,144164.88233138
2026-05-15 08:00:00,0.1415,0.1425,0.1408,0.1417,425063.9442,60234.14855871
2026-05-15 12:00:00,0.1416,0.1416,0.1345,0.1355,3311980.8525,452934.14714991
2026-05-15 16:00:00,0.1354,0.1385,0.1352,0.1376,820490.0388,112602.34184593
2026-05-15 20:00:00,0.1375,0.1375,0.1362,0.1367,292600.0378,40110.07784307
2026-05-16 00:00:00,0.1367,0.1381,0.1364,0.1373,258485.6863,35465.30058215
2026-05-16 04:00:00,0.1372,0.1372,0.1316,0.1328,1884857.1471,252204.37154898
2026-05-16 08:00:00,0.1329,0.1336,0.131,0.1325,1056886.667,139567.86327584
2026-05-16 12:00:00,0.1324,0.1347,0.1323,0.1343,554198.4579,73985.67953916
2026-05-16 16:00:00,0.1341,0.1355,0.1337,0.1338,575991.2927,77688.75825843
2026-05-16 20:00:00,0.1339,0.1339,0.133,0.1333,470191.9435,62765.03030271
2026-05-17 00:00:00,0.1331,0.1334,0.1318,0.133,233558.5855,30944.60857565
2026-05-17 04:00:00,0.133,0.134,0.1328,0.1334,256673.5936,34224.90624353
2026-05-17 08:00:00,0.1335,0.1344,0.1324,0.1324,175126.5178,23312.64764514
2026-05-17 12:00:00,0.1325,0.1327,0.1305,0.1316,532723.3399,69952.42429294
2026-05-17 16:00:00,0.1316,0.1319,0.1306,0.1314,356503.784,46747.78381178
2026-05-17 20:00:00,0.1314,0.1316,0.123,0.1283,2923685.5747,369923.73052363
2026-05-18 00:00:00,0.1283,0.1292,0.1266,0.1283,1145457.976,146850.04086165
2026-05-18 04:00:00,0.1284,0.1288,0.1262,0.1266,463461.9461,59003.33552206
2026-05-18 08:00:00,0.1267,0.1285,0.1259,0.1277,343056.3851,43498.49081136
2026-05-18 12:00:00,0.1277,0.1287,0.1239,0.1252,1143607.989,144014.37032334
2026-05-18 16:00:00,0.1252,0.128,0.1249,0.1276,745865.9445,93997.1654765
2026-05-18 20:00:00,0.1277,0.1299,0.1274,0.1295,566676.4112,72958.5665656
2026-05-19 00:00:00,0.1296,0.1302,0.1273,0.1285,628207.9024,80881.52334976
2026-05-19 04:00:00,0.1285,0.1299,0.1281,0.1297,417411.7551,53828.2117337
2026-05-19 08:00:00,0.1297,0.1301,0.127,0.1273,1098283.2717,141106.53894039
2026-05-19 12:00:00,0.1274,0.1282,0.1259,0.1268,983747.6269,125124.85176975
2026-05-19 16:00:00,0.1269,0.1281,0.1266,0.1267,191495.6297,24415.53878103
2026-05-19 20:00:00,0.1268,0.1275,0.1257,0.126,309340.3241,39085.11523544
2026-05-20 00:00:00,0.1261,0.1263,0.1251,0.1255,309070.6413,38893.0743329
2026-05-20 04:00:00,0.1257,0.1281,0.1255,0.1275,413419.3752,52491.77634573
2026-05-20 08:00:00,0.1277,0.1283,0.1264,0.1265,248356.0029,31590.41451716
2026-05-20 12:00:00,0.1266,0.1298,0.1243,0.1292,1365168.2017,173919.24235229
2026-05-20 16:00:00,0.1293,0.1305,0.128,0.1292,922676.9317,119287.38562251
2026-05-20 20:00:00,0.1291,0.1302,0.1274,0.129,629975.4261,81046.46497377
2026-05-21 00:00:00,0.129,0.1314,0.1288,0.1313,969554.7129,126627.91296024
2026-05-21 04:00:00,0.1314,0.1316,0.1289,0.1302,644165.8324,83812.0031031
2026-05-21 08:00:00,0.1302,0.1308,0.1278,0.1281,507439.3703,65679.55229365
2026-05-21 12:00:00,0.1282,0.1302,0.128,0.1295,689625.2285,88991.53604511
2026-05-21 16:00:00,0.1296,0.133,0.1288,0.1326,945103.7217,124342.97135675
2026-05-21 20:00:00,0.1326,0.1336,0.1316,0.1324,516011.4087,68369.04289978
2026-05-22 00:00:00,0.1324,0.1338,0.131,0.1338,687254.7034,90920.89595471
2026-05-22 04:00:00,0.1339,0.1347,0.1324,0.1336,312672.6574,41736.86906515
2026-05-22 08:00:00,0.1336,0.1352,0.1332,0.1348,466683.7882,62633.2701479
2026-05-22 12:00:00,0.1349,0.1368,0.1328,0.1343,1203348.6965,162780.97899462
2026-05-22 16:00:00,0.1342,0.1347,0.1275,0.1287,1746973.2056,228528.12237307
2026-05-22 20:00:00,0.1287,0.1298,0.1258,0.1269,1040584.403,133455.67380969
2026-05-23 00:00:00,0.1269,0.1284,0.1256,0.128,626367.1887,79601.08187345
2026-05-23 04:00:00,0.1279,0.1279,0.1211,0.1228,1309609.9857,161624.98355124
2026-05-23 08:00:00,0.1227,0.1231,0.1215,0.1222,1184217.8816,145149.54400948
2026-05-23 12:00:00,0.1222,0.1263,0.1215,0.1262,978489.5253,120934.89188626
2026-05-23 16:00:00,0.1261,0.1312,0.1256,0.1297,753125.0724,97448.99870541
2026-05-23 20:00:00,0.1297,0.134,0.1292,0.1303,805214.7677,105634.10362447
2026-05-24 00:00:00,0.1304,0.1306,0.1283,0.1286,771629.1809,99583.96611199
2026-05-24 04:00:00,0.1287,0.1289,0.1272,0.1284,468994.4087,60123.33274679
2026-05-24 08:00:00,0.1286,0.1295,0.1278,0.128,982245.2176,126382.85300463
2026-05-24 12:00:00,0.128,0.128,0.1244,0.1262,667382.1508,84367.93201562
2026-05-24 16:00:00,0.1261,0.1271,0.1261,0.1265,248167.2539,31453.24982688
2026-05-24 20:00:00,0.1264,0.1265,0.1228,0.1256,541260.3448,67442.32167682
2026-05-25 00:00:00,0.1257,0.1263,0.1248,0.125,637818.7316,80280.99974643
2026-05-25 04:00:00,0.125,0.1278,0.1249,0.1273,456566.1781,57869.95349326
2026-05-25 08:00:00,0.1273,0.1295,0.1273,0.1286,431302.4165,55403.30607791
2026-05-25 12:00:00,0.1287,0.1315,0.1284,0.1305,1017481.9282,132593.74593902
2026-05-25 16:00:00,0.1306,0.1323,0.1303,0.131,891387.7084,116705.02346885
2026-05-25 20:00:00,0.131,0.1317,0.1287,0.1297,583290.8901,75905.60911299
2026-05-26 00:00:00,0.1297,0.1298,0.1272,0.128,1095815.5196,140411.5544818
2026-05-26 04:00:00,0.1281,0.1308,0.1275,0.1298,368364.3065,47584.48587378
2026-05-26 08:00:00,0.1299,0.1344,0.1298,0.1332,1026512.8895,135855.93257536
2026-05-26 12:00:00,0.1332,0.1344,0.1305,0.1317,909639.3784,120590.72696138
2026-05-26 16:00:00,0.1316,0.1316,0.1274,0.1292,732232.2942,94508.17909349
2026-05-26 20:00:00,0.1292,0.1294,0.1276,0.1278,261739.1455,33594.41939646
2026-05-27 00:00:00,0.1279,0.1291,0.1268,0.1272,595043.5794,76330.02236314
2026-05-27 04:00:00,0.127,0.1286,0.1251,0.1283,522381.3497,66367.5553858
2026-05-27 08:00:00,0.1283,0.129,0.1262,0.1268,776079.8682,99021.91784277
2026-05-27 12:00:00,0.1268,0.1303,0.1255,0.1297,927892.5207,118608.24761314
2026-05-27 16:00:00,0.1298,0.1304,0.126,0.1283,283545.1081,36334.67138015
2026-05-27 20:00:00,0.1283,0.1286,0.1227,0.1237,1341140.6848,167975.338283
2026-05-28 00:00:00,0.1237,0.1241,0.1185,0.1199,3230082.3897,390378.85853296
2026-05-28 04:00:00,0.1198,0.1198,0.1158,0.1177,2520503.1348,295055.68479119
2026-05-28 08:00:00,0.1181,0.1185,0.1162,0.1167,1015552.9389,118718.13290297
2026-05-28 12:00:00,0.1168,0.1174,0.1138,0.1152,1927057.1137,223431.50599062
2026-05-28 16:00:00,0.1152,0.1211,0.1143,0.1195,1129004.4041,134267.65718532
2026-05-28 20:00:00,0.1197,0.1204,0.1178,0.1185,977034.4257,116180.34326796
2026-05-29 00:00:00,0.1186,0.1196,0.1169,0.1175,1007971.155,119299.6184575
2026-05-29 04:00:00,0.1175,0.1195,0.1166,0.1182,968862.1464,114908.91909401
2026-05-29 08:00:00,0.1182,0.119,0.1168,0.1173,649655.1034,76710.17549626
2026-05-29 12:00:00,0.1173,0.1213,0.1136,0.1201,3312594.8537,388869.77513409
2026-05-29 16:00:00,0.1202,0.1221,0.1178,0.1193,969182.7066,116604.22091681
2026-05-29 20:00:00,0.1193,0.1197,0.1178,0.1187,507402.9212,60235.97072368
2026-05-30 00:00:00,0.1188,0.1233,0.1186,0.1221,736416.424,89382.33060787
2026-05-30 04:00:00,0.1221,0.1224,0.1194,0.1211,854067.5178,103185.91510759
2026-05-30 08:00:00,0.1211,0.1215,0.1204,0.1208,399086.2131,48221.11801391
2026-05-30 12:00:00,0.1207,0.1219,0.1199,0.1213,686035.0443,83138.65009275
2026-05-30 16:00:00,0.1213,0.122,0.1205,0.1215,274692.516,33362.97713543
2026-05-30 20:00:00,0.1216,0.1223,0.12,0.1206,258963.0945,31338.21977366
2026-05-31 00:00:00,0.1207,0.1218,0.1202,0.1213,239167.5973,28958.61975995
2026-05-31 04:00:00,0.1214,0.1218,0.1188,0.1192,592066.1323,71396.69656043
2026-05-31 08:00:00,0.1192,0.12,0.1183,0.1193,588258.6624,69967.94840337
2026-05-31 12:00:00,0.1191,0.12,0.1165,0.1173,980505.2889,115287.15993797
2026-05-31 16:00:00,0.1173,0.1176,0.1148,0.1155,1643174.0372,190669.76288146
2026-05-31 20:00:00,0.1156,0.1194,0.1154,0.1186,848482.6375,99395.58892394
2026-06-01 00:00:00,0.1187,0.1211,0.1165,0.1205,1419448.1698,169456.62619878
2026-06-01 04:00:00,0.1205,0.121,0.1153,0.1156,993815.9469,116594.67320462
2026-06-01 08:00:00,0.1156,0.117,0.1151,0.1163,437143.3533,50729.80819556
2026-06-01 12:00:00,0.1165,0.1171,0.1142,0.1165,1646271.6501,190936.85982161
2026-06-01 16:00:00,0.1166,0.125,0.1159,0.1248,1884795.8599,230365.51822733
2026-06-01 20:00:00,0.1249,0.1249,0.1215,0.1244,963603.3468,118826.24625437
2026-06-02 00:00:00,0.1244,0.1252,0.1189,0.1239,1757658.1475,214040.53312001
2026-06-02 04:00:00,0.1238,0.1246,0.1209,0.1237,2210012.605,270188.95209054
2026-06-02 08:00:00,0.1237,0.1255,0.1214,0.124,908149.5697,111965.49489122
2026-06-02 12:00:00,0.1239,0.1265,0.1153,0.1169,3844033.2091,460928.54023369
2026-06-02 16:00:00,0.1168,0.1232,0.1156,0.1187,2486222.6325,298595.33114453
2026-06-02 20:00:00,0.1186,0.1212,0.1131,0.1157,2398027.0296,281046.78110396
2026-06-03 00:00:00,0.1157,0.1192,0.1144,0.1151,2300488.8178,268646.14815278
2026-06-03 04:00:00,0.1152,0.1268,0.1152,0.1266,2026174.8854,249809.7826401
2026-06-03 08:00:00,0.1266,0.1332,0.1249,0.1289,5526328.6655,715429.91354683
2026-06-03 12:00:00,0.129,0.1293,0.1253,0.1254,2329338.6987,297384.49079323
2026-06-03 16:00:00,0.1255,0.1257,0.1217,0.1229,1014904.5583,125451.387553
2026-06-03 20:00:00,0.1228,0.1261,0.1197,0.1228,794252.7633,97850.881839
2026-06-04 00:00:00,0.1227,0.1244,0.1073,0.1153,7389652.6301,834879.9039673
2026-06-04 04:00:00,0.1154,0.116,0.1076,0.1077,3810763.9252,423100.52312743
2026-06-04 08:00:00,0.1079,0.1088,0.1043,0.107,5224863.6077,554196.09009813
2026-06-04 12:00:00,0.1071,0.1152,0.1055,0.1151,4005752.9054,443496.59362002
2026-06-04 16:00:00,0.1151,0.1192,0.1126,0.1174,2707985.2699,313204.58689375
2026-06-04 20:00:00,0.1174,0.1174,0.1096,0.1122,1461487.1567,164125.56667196
2026-06-05 00:00:00,0.112,0.1128,0.1072,0.1074,2273074.8785,248865.08853809
2026-06-05 04:00:00,0.1075,0.1103,0.1,0.1068,4407533.5418,464724.6868902
2026-06-05 08:00:00,0.1067,0.1073,0.1026,0.1028,3243090.7097,341193.22809186
2026-06-05 12:00:00,0.1028,0.1045,0.0987,0.0996,3719240.3129,376907.14837424
2026-06-05 16:00:00,0.0995,0.1002,0.0915,0.0959,8072285.6208,777245.52311784
2026-06-05 20:00:00,0.0959,0.1006,0.095,0.0979,3633189.359,357060.15100819
2026-06-06 00:00:00,0.0979,0.1,0.0951,0.0955,1277699.0267,124288.36826987
2026-06-06 04:00:00,0.0954,0.0969,0.0898,0.0958,3723609.8467,348822.899993
2026-06-06 08:00:00,0.0958,0.0988,0.0937,0.0965,1491404.902,143244.19446158
2026-06-06 12:00:00,0.0967,0.0976,0.0943,0.0948,1215629.5696,116303.73115322
2026-06-06 16:00:00,0.0947,0.0955,0.0931,0.0931,1274660.1597,120233.90928588
2026-06-06 20:00:00,0.093,0.0941,0.0924,0.0938,1291289.8813,120324.1448105
2026-06-07 00:00:00,0.0938,0.0965,0.0934,0.0948,1093993.3848,103846.12670299
2026-06-07 04:00:00,0.0948,0.0963,0.0938,0.0955,2162851.938,205857.07929697
2026-06-07 08:00:00,0.0955,0.0977,0.0945,0.0963,1363857.463,131281.7695936
2026-06-07 12:00:00,0.0962,0.0968,0.0928,0.0958,2249318.7247,213415.96965003
2026-06-07 16:00:00,0.0959,0.0961,0.0918,0.0924,2342935.7296,221332.31688732
2026-06-07 20:00:00,0.0925,0.1008,0.0922,0.0975,1818340.6873,175669.99238355
2026-06-08 00:00:00,0.0975,0.0981,0.095,0.0968,1127020.005,108320.20057433
2026-06-08 04:00:00,0.0968,0.0972,0.0947,0.097,715340.2938,68670.87908934
2026-06-08 08:00:00,0.097,0.0993,0.096,0.0988,1128321.4952,109883.22154407
2026-06-08 12:00:00,0.0988,0.1003,0.0976,0.0977,2215458.3839,220029.56235401
2026-06-08 16:00:00,0.0977,0.0989,0.0968,0.0977,1039918.9685,101770.11876029
2026-06-08 20:00:00,0.0977,0.0987,0.0956,0.096,722653.395,70055.86472271
2026-06-09 00:00:00,0.0961,0.0961,0.0927,0.0939,1671115.0961,156512.67328349
2026-06-09 04:00:00,0.0939,0.0966,0.0937,0.0964,919019.6452,87993.48477032
2026-06-09 08:00:00,0.0964,0.0965,0.0944,0.0956,639945.8608,60904.83179035
2026-06-09 12:00:00,0.0956,0.0967,0.093,0.0932,1459280.3153,138424.26986534
2026-06-09 16:00:00,0.0932,0.0962,0.0914,0.0959,1481114.6395,139028.89808814
2026-06-09 20:00:00,0.096,0.0975,0.0957,0.0967,777193.5077,75175.03007705
2026-06-10 00:00:00,0.0969,0.0978,0.0954,0.0964,683962.6377,66015.84530523
2026-06-10 04:00:00,0.0965,0.0968,0.0946,0.0964,841381.6781,80293.83642468
2026-06-10 08:00:00,0.0963,0.0963,0.093,0.0937,859998.7863,81317.37701972
2026-06-10 12:00:00,0.0937,0.0978,0.0933,0.0953,1937996.5351,185780.62070718
2026-06-10 16:00:00,0.0955,0.096,0.0914,0.0917,2540389.278,238805.2509257
2026-06-10 20:00:00,0.0917,0.092,0.0886,0.0911,1181469.442,106763.35456089
2026-06-11 00:00:00,0.0909,0.0936,0.0909,0.0932,1366086.2616,125918.66012388
2026-06-11 04:00:00,0.0933,0.0946,0.0927,0.0931,755144.5091,70818.9356859
2026-06-11 08:00:00,0.0931,0.0953,0.0929,0.0948,1429500.4042,134224.2261832
2026-06-11 12:00:00,0.0948,0.0949,0.0925,0.0936,1407818.7459,131940.92392385
2026-06-11 16:00:00,0.0936,0.0971,0.0925,0.0957,1292324.2783,122730.63259698
2026-06-11 20:00:00,0.0957,0.0964,0.0945,0.0954,576880.0287,55090.14407589
2026-06-12 00:00:00,0.0956,0.09673,0.0949,0.09665,670669.5946,64397.14385988
2026-06-12 04:00:00,0.0967,0.09756,0.09495,0.09594,794296.8691,76429.578739244
2026-06-12 08:00:00,0.09594,0.10086,0.09593,0.09984,2652953.4393,262822.010250664
2026-06-12 12:00:00,0.09983,0.10098,0.0966,0.09869,2732857.1946,271319.137212846
2026-06-12 16:00:00,0.09869,0.10198,0.09844,0.10055,2058050.8241,207522.758663614
2026-06-12 20:00:00,0.10058,0.10105,0.09893,0.09982,625275.9973,62615.435671545
2026-06-13 00:00:00,0.09982,0.10117,0.09945,0.10073,544883.6044,54690.873227813
2026-06-13 04:00:00,0.10066,0.10736,0.09991,0.10585,4201140.7484,439326.246014831
2026-06-13 08:00:00,0.10583,0.10999,0.10574,0.10774,8948278.42,965877.403283898
2026-06-13 12:00:00,0.10773,0.1127,0.10685,0.10778,7820859.1185,852321.908874911
2026-06-13 16:00:00,0.10773,0.10887,0.10603,0.1088,1194577.785,128292.402913296
