timestamp,open,high,low,close,volume,turnover
2025-06-12 03:00:00,0.6967,0.6986,0.6876,0.6902,1723610.0,1192679.4556
2025-06-12 04:00:00,0.6902,0.691,0.6841,0.6869,1275758.0,876448.7895
2025-06-12 05:00:00,0.6869,0.6913,0.6824,0.6862,807285.0,553985.0653
2025-06-12 06:00:00,0.6862,0.6879,0.6789,0.6842,2731108.0,1864490.0063
2025-06-12 07:00:00,0.6842,0.6858,0.6745,0.6753,3842007.0,2610394.1034
2025-06-12 08:00:00,0.6753,0.6815,0.6715,0.6796,3212113.0,2171579.6137
2025-06-12 09:00:00,0.6796,0.6814,0.6749,0.678,2580896.0,1748778.4741
2025-06-12 10:00:00,0.678,0.678,0.6694,0.6719,3447745.0,2319214.6071
2025-06-12 11:00:00,0.6719,0.6728,0.6647,0.6667,3500485.0,2337779.4059
2025-06-12 12:00:00,0.6667,0.6766,0.665,0.6722,2959435.0,1986219.9689
2025-06-12 13:00:00,0.6722,0.6851,0.6717,0.6848,3228393.0,2194578.4439
2025-06-12 14:00:00,0.6848,0.6918,0.6817,0.6831,4739053.0,3257554.3089
2025-06-12 15:00:00,0.6831,0.6857,0.662,0.6645,4854207.0,3275745.2596
2025-06-12 16:00:00,0.6645,0.6756,0.6635,0.6733,2946924.0,1977841.9797
2025-06-12 17:00:00,0.6733,0.6803,0.6726,0.6761,2746472.0,1859154.8773
2025-06-12 18:00:00,0.6761,0.6763,0.6618,0.6663,3702737.0,2477971.8671
2025-06-12 19:00:00,0.6663,0.6739,0.646,0.6485,4929351.0,3249115.0496
2025-06-12 20:00:00,0.6485,0.6503,0.6269,0.6325,3938482.0,2528252.2618
2025-06-12 21:00:00,0.6325,0.6384,0.6297,0.6326,3317572.0,2101088.1454
2025-06-12 22:00:00,0.6326,0.6379,0.6312,0.6327,1213903.0,769267.8026
2025-06-12 23:00:00,0.6327,0.6369,0.6286,0.6289,2409243.0,1522618.0496
2025-06-13 00:00:00,0.6289,0.6292,0.5974,0.6,7059671.0,4307028.133
2025-06-13 01:00:00,0.6,0.6,0.5773,0.5816,5764295.0,3390046.0374
2025-06-13 02:00:00,0.5816,0.5829,0.5719,0.5814,2195087.0,1266987.5361
2025-06-13 03:00:00,0.5814,0.5908,0.5776,0.5854,2351227.0,1375133.8229
2025-06-13 04:00:00,0.5854,0.5877,0.5797,0.5852,1794537.0,1046399.8922
2025-06-13 05:00:00,0.5852,0.5897,0.5828,0.5839,1798120.0,1054094.6216
2025-06-13 06:00:00,0.5839,0.5869,0.5768,0.5869,4140205.0,2403701.0069
2025-06-13 07:00:00,0.5869,0.5869,0.5802,0.5823,3254240.0,1898676.9904
2025-06-13 08:00:00,0.5823,0.6001,0.5801,0.5828,4658587.0,2731590.8024
2025-06-13 09:00:00,0.5828,0.5837,0.5777,0.5815,3900619.0,2264407.5241
2025-06-13 10:00:00,0.5815,0.5839,0.5742,0.5836,4677046.0,2704247.46
2025-06-13 11:00:00,0.5836,0.5869,0.579,0.5856,3340994.0,1949358.8649
2025-06-13 12:00:00,0.5856,0.5913,0.5799,0.5818,2904246.0,1702652.5768
2025-06-13 13:00:00,0.5818,0.5904,0.5785,0.5811,3428355.0,1996177.4927
2025-06-13 14:00:00,0.5811,0.5845,0.5745,0.5819,4862450.0,2810620.7335
2025-06-13 15:00:00,0.5819,0.5884,0.5789,0.5839,3500976.0,2048418.6504
2025-06-13 16:00:00,0.5839,0.5941,0.5764,0.5835,6851153.0,3997441.8634
2025-06-13 17:00:00,0.5835,0.5835,0.5742,0.58,4040682.0,2334991.156
2025-06-13 18:00:00,0.58,0.581,0.5588,0.5659,9708752.0,5508706.632
2025-06-13 19:00:00,0.5659,0.571,0.563,0.566,5727496.0,3243347.3676
2025-06-13 20:00:00,0.566,0.5758,0.5632,0.5737,4935641.0,2812637.5711
2025-06-13 21:00:00,0.5737,0.5804,0.5718,0.5782,3071319.0,1768626.6793
2025-06-13 22:00:00,0.5782,0.5883,0.5782,0.5843,2541640.0,1484719.3521
2025-06-13 23:00:00,0.5843,0.591,0.5836,0.5897,1866679.0,1096549.9305
2025-06-14 00:00:00,0.5897,0.5934,0.5863,0.5866,3411986.0,2011546.4207
2025-06-14 01:00:00,0.5866,0.5924,0.5823,0.5888,2413138.0,1417337.8113
2025-06-14 02:00:00,0.5888,0.5921,0.5849,0.5874,1439827.0,847188.7244
2025-06-14 03:00:00,0.5874,0.593,0.5868,0.5898,3118757.0,1842759.9092
2025-06-14 04:00:00,0.5898,0.6005,0.5897,0.6002,4716933.0,2807559.5613
2025-06-14 05:00:00,0.6002,0.6057,0.5985,0.6016,7886540.0,4751040.0573
2025-06-14 06:00:00,0.6016,0.6022,0.5943,0.5944,6773317.0,4045396.6119
2025-06-14 07:00:00,0.5944,0.5976,0.5897,0.5952,4087102.0,2424176.3388
2025-06-14 08:00:00,0.5952,0.6057,0.5931,0.6002,4071946.0,2438600.6966
2025-06-14 09:00:00,0.6002,0.6024,0.594,0.5947,2784791.0,1667533.1918
2025-06-14 10:00:00,0.5947,0.5999,0.5947,0.5976,2683252.0,1602558.7817
2025-06-14 11:00:00,0.5976,0.6015,0.5971,0.5992,2146965.0,1286314.1742
2025-06-14 12:00:00,0.5992,0.6012,0.5961,0.6008,1729037.0,1035200.7436
2025-06-14 13:00:00,0.6008,0.6037,0.5978,0.601,3665093.0,2203828.023
2025-06-14 14:00:00,0.601,0.6024,0.5974,0.6003,2936222.0,1760854.238
2025-06-14 15:00:00,0.6003,0.601,0.5895,0.5945,4159010.0,2476994.4191
2025-06-14 16:00:00,0.5945,0.5968,0.5855,0.5874,3050482.0,1804043.9229
2025-06-14 17:00:00,0.5874,0.594,0.5866,0.5933,2698529.0,1596920.86
2025-06-14 18:00:00,0.5933,0.5986,0.5862,0.5913,3042890.0,1805391.8489
2025-06-14 19:00:00,0.5913,0.5942,0.5885,0.5889,2560194.0,1513758.9808
2025-06-14 20:00:00,0.5889,0.5913,0.583,0.5893,2597926.0,1524931.7487
2025-06-14 21:00:00,0.5893,0.5997,0.588,0.5985,2596793.0,1544217.0484
2025-06-14 22:00:00,0.5985,0.6028,0.5959,0.598,1796581.0,1076717.6393
2025-06-14 23:00:00,0.598,0.6023,0.5977,0.5988,597453.0,358187.8636
2025-06-15 00:00:00,0.5988,0.6022,0.5988,0.601,782202.0,469698.7323
2025-06-15 01:00:00,0.601,0.6024,0.5967,0.5997,2490684.0,1494089.0149
2025-06-15 02:00:00,0.5997,0.6022,0.5975,0.5976,1592245.0,955363.2017
2025-06-15 03:00:00,0.5976,0.6014,0.5975,0.6002,1093909.0,655239.2454
2025-06-15 04:00:00,0.6002,0.602,0.5986,0.6006,1139415.0,684122.044
2025-06-15 05:00:00,0.6006,0.6019,0.5972,0.6002,1170983.0,701797.396
2025-06-15 06:00:00,0.6002,0.6013,0.5924,0.5929,3054660.0,1819737.776
2025-06-15 07:00:00,0.5929,0.5961,0.59,0.5945,1522184.0,903677.9418
2025-06-15 08:00:00,0.5945,0.5952,0.5889,0.5893,2346959.0,1387464.9818
2025-06-15 09:00:00,0.5893,0.5893,0.5848,0.5854,1933871.0,1134334.2095
2025-06-15 10:00:00,0.5854,0.5899,0.585,0.5893,1710394.0,1006475.6829
2025-06-15 11:00:00,0.5893,0.59,0.585,0.5881,1376291.0,808938.8952
2025-06-15 12:00:00,0.5881,0.5909,0.5866,0.5902,2050355.0,1207362.5611
2025-06-15 13:00:00,0.5902,0.5935,0.5875,0.5921,2279120.0,1347726.5641
2025-06-15 14:00:00,0.5921,0.5982,0.5838,0.5956,3129066.0,1849056.9985
2025-06-15 15:00:00,0.5956,0.5995,0.5898,0.5904,3895015.0,2323143.2842
2025-06-15 16:00:00,0.5904,0.5931,0.5865,0.5896,2560482.0,1509680.6018
2025-06-15 17:00:00,0.5896,0.5915,0.5862,0.5892,1288642.0,758986.1115
2025-06-15 18:00:00,0.5892,0.5894,0.5853,0.5874,1508082.0,885612.1258
2025-06-15 19:00:00,0.5874,0.5887,0.5796,0.5832,2950543.0,1720236.9498
2025-06-15 20:00:00,0.5832,0.5833,0.5754,0.5799,2122676.0,1229002.9388
2025-06-15 21:00:00,0.5799,0.5805,0.5759,0.5804,1136389.0,657680.7236
2025-06-15 22:00:00,0.5804,0.5931,0.5804,0.5885,3118914.0,1838053.183
2025-06-15 23:00:00,0.5885,0.5935,0.5878,0.5921,1442073.0,852320.1033
2025-06-16 00:00:00,0.5921,0.5931,0.5879,0.5906,1247676.0,736849.7216
2025-06-16 01:00:00,0.5906,0.5982,0.5848,0.5975,2524500.0,1492376.1246
2025-06-16 02:00:00,0.5975,0.6036,0.5931,0.5952,3780848.0,2263043.5761
2025-06-16 03:00:00,0.5952,0.5967,0.5929,0.593,1233960.0,734504.5896
2025-06-16 04:00:00,0.593,0.601,0.593,0.5982,2254352.0,1349087.7274
2025-06-16 05:00:00,0.5982,0.6079,0.597,0.6016,2446895.0,1473961.0533
2025-06-16 06:00:00,0.6016,0.6046,0.5998,0.601,1643347.0,989163.8932
2025-06-16 07:00:00,0.601,0.607,0.601,0.6064,3964662.0,2395666.1917
2025-06-16 08:00:00,0.6064,0.6074,0.6027,0.6059,2018721.0,1220703.8491
2025-06-16 09:00:00,0.6059,0.6109,0.6047,0.6063,2070487.0,1258570.9896
2025-06-16 10:00:00,0.6063,0.6077,0.5978,0.6004,3578467.0,2155106.3976
2025-06-16 11:00:00,0.6004,0.6022,0.5946,0.6012,4157418.0,2488871.4354
2025-06-16 12:00:00,0.6012,0.6035,0.5965,0.6009,2450633.0,1471250.2213
2025-06-16 13:00:00,0.6009,0.6101,0.6007,0.6094,5088684.0,3076162.174
2025-06-16 14:00:00,0.6094,0.6143,0.6069,0.6086,7978954.0,4872500.1482
2025-06-16 15:00:00,0.6086,0.6112,0.6046,0.6052,5826373.0,3543949.9507
2025-06-16 16:00:00,0.6052,0.6108,0.6036,0.6061,2796336.0,1698601.798
2025-06-16 17:00:00,0.6061,0.608,0.6032,0.6055,2253628.0,1364887.0764
2025-06-16 18:00:00,0.6055,0.6111,0.6047,0.611,3881173.0,2360267.8689
2025-06-16 19:00:00,0.611,0.6158,0.6064,0.6089,2561970.0,1565720.0044
2025-06-16 20:00:00,0.6089,0.6159,0.608,0.6142,1603346.0,981334.5102
2025-06-16 21:00:00,0.6142,0.6155,0.611,0.6151,1344273.0,824391.6444
2025-06-16 22:00:00,0.6151,0.6174,0.5903,0.5968,4711992.0,2853362.8658
2025-06-16 23:00:00,0.5968,0.6008,0.5806,0.582,2601439.0,1539001.8117
2025-06-17 00:00:00,0.582,0.591,0.5668,0.5907,6151075.0,3563899.8636
2025-06-17 01:00:00,0.5907,0.5942,0.587,0.5875,2268097.0,1341409.1872
2025-06-17 02:00:00,0.5875,0.596,0.5846,0.5945,1465082.0,861211.1659
2025-06-17 03:00:00,0.5945,0.5966,0.5894,0.591,1516829.0,899060.967
2025-06-17 04:00:00,0.591,0.5921,0.5848,0.5853,1204963.0,708886.7998
2025-06-17 05:00:00,0.5853,0.5869,0.5805,0.5821,1649537.0,963468.5747
2025-06-17 06:00:00,0.5821,0.5835,0.5784,0.5807,1687851.0,979355.5857
2025-06-17 07:00:00,0.5807,0.5828,0.5781,0.5786,1936093.0,1123362.4485
2025-06-17 08:00:00,0.5786,0.5794,0.5726,0.5737,3320497.0,1910540.8544
2025-06-17 09:00:00,0.5737,0.577,0.5724,0.5743,3169290.0,1821046.0965
2025-06-17 10:00:00,0.5743,0.5743,0.5676,0.5733,3230850.0,1844227.6123
2025-06-17 11:00:00,0.5733,0.5737,0.5683,0.5715,2612676.0,1490019.2187
2025-06-17 12:00:00,0.5715,0.5744,0.5689,0.5707,1822315.0,1041331.1757
2025-06-17 13:00:00,0.5707,0.5745,0.5697,0.5712,2308218.0,1320310.3004
2025-06-17 14:00:00,0.5712,0.5775,0.5699,0.5703,3963923.0,2279623.9192
2025-06-17 15:00:00,0.5703,0.5706,0.5565,0.5623,7645663.0,4303843.2334
2025-06-17 16:00:00,0.5623,0.5626,0.5471,0.5475,5008791.0,2788150.8544
2025-06-17 17:00:00,0.5475,0.5588,0.5454,0.5541,3484337.0,1921800.1257
2025-06-17 18:00:00,0.5541,0.5611,0.552,0.5606,1894202.0,1054239.3141
2025-06-17 19:00:00,0.5606,0.574,0.5598,0.5691,3765014.0,2135451.6261
2025-06-17 20:00:00,0.5691,0.5716,0.5646,0.5649,1944191.0,1104957.6368
2025-06-17 21:00:00,0.5649,0.5658,0.5572,0.5609,3190788.0,1790503.6971
2025-06-17 22:00:00,0.5609,0.5612,0.554,0.5543,3802808.0,2118238.8896
2025-06-17 23:00:00,0.5543,0.5625,0.5534,0.559,2152789.0,1201461.4758
2025-06-18 00:00:00,0.559,0.5683,0.559,0.5661,1898963.0,1071975.0001
2025-06-18 01:00:00,0.5661,0.5702,0.5614,0.562,1604648.0,909250.1773
2025-06-18 02:00:00,0.562,0.5643,0.5579,0.5583,1003736.0,563209.7892
2025-06-18 03:00:00,0.5583,0.5644,0.5572,0.5625,593783.0,333381.0037
2025-06-18 04:00:00,0.5625,0.5697,0.562,0.5676,1487738.0,841341.8111
2025-06-18 05:00:00,0.5676,0.5703,0.5649,0.5651,1273663.0,722634.1992
2025-06-18 06:00:00,0.5651,0.5662,0.5591,0.5611,1977276.0,1112504.7004
2025-06-18 07:00:00,0.5611,0.5637,0.5599,0.5634,1551718.0,871436.9307
2025-06-18 08:00:00,0.5634,0.5648,0.5547,0.5574,4066241.0,2271835.6377
2025-06-18 09:00:00,0.5574,0.5588,0.552,0.5549,4458702.0,2473660.898
2025-06-18 10:00:00,0.5549,0.555,0.5374,0.5376,8627314.0,4713869.6464
2025-06-18 11:00:00,0.5376,0.5454,0.533,0.5447,5470750.0,2950162.91
2025-06-18 12:00:00,0.5447,0.5451,0.5384,0.5398,2601564.0,1406598.8324
2025-06-18 13:00:00,0.5398,0.5467,0.5344,0.5464,6563550.0,3538371.3883
2025-06-18 14:00:00,0.5464,0.5578,0.5434,0.5496,5139105.0,2839179.2552
2025-06-18 15:00:00,0.5496,0.5552,0.5456,0.5512,3634641.0,2002898.7356
2025-06-18 16:00:00,0.5512,0.5517,0.5447,0.5468,4248358.0,2327293.8903
2025-06-18 17:00:00,0.5468,0.5536,0.5428,0.5512,4250357.0,2324227.7145
2025-06-18 18:00:00,0.5512,0.5567,0.5456,0.5456,3911911.0,2154396.4548
2025-06-18 19:00:00,0.5456,0.5546,0.5443,0.5492,2126316.0,1169042.2469
2025-06-18 20:00:00,0.5492,0.5689,0.5475,0.5678,3498747.0,1960174.235
2025-06-18 21:00:00,0.5678,0.569,0.5625,0.5666,4380874.0,2479016.9698
2025-06-18 22:00:00,0.5666,0.5686,0.5642,0.5666,1798523.0,1018171.3072
2025-06-18 23:00:00,0.5666,0.5682,0.5606,0.5633,1158086.0,652199.4906
2025-06-19 00:00:00,0.5633,0.5726,0.5622,0.5667,1096186.0,623798.5429
2025-06-19 01:00:00,0.5667,0.5677,0.5623,0.5635,551989.0,311457.5589
2025-06-19 02:00:00,0.5635,0.5651,0.5604,0.5612,776954.0,437473.5702
2025-06-19 03:00:00,0.5612,0.5656,0.5612,0.5655,666595.0,375631.6751
2025-06-19 04:00:00,0.5655,0.5675,0.5625,0.5674,1257899.0,709691.8406
2025-06-19 05:00:00,0.5674,0.5706,0.5662,0.5664,696006.0,395567.7361
2025-06-19 06:00:00,0.5664,0.5689,0.5652,0.5663,1235998.0,700136.8473
2025-06-19 07:00:00,0.5663,0.5686,0.565,0.5654,2449443.0,1388371.2757
2025-06-19 08:00:00,0.5654,0.5705,0.5652,0.567,3666505.0,2084198.5902
2025-06-19 09:00:00,0.567,0.5748,0.5664,0.5733,1749732.0,998902.8251
2025-06-19 10:00:00,0.5733,0.5737,0.5667,0.5674,1885250.0,1074045.1418
2025-06-19 11:00:00,0.5674,0.5674,0.5638,0.5651,1731707.0,978600.7281
2025-06-19 12:00:00,0.5651,0.5685,0.5637,0.568,1220101.0,691703.5946
2025-06-19 13:00:00,0.568,0.5695,0.561,0.5629,3494924.0,1977515.7258
2025-06-19 14:00:00,0.5629,0.5656,0.5588,0.5599,5188429.0,2914482.3481
2025-06-19 15:00:00,0.5599,0.5627,0.559,0.5594,2152446.0,1206439.9291
2025-06-19 16:00:00,0.5594,0.5621,0.5553,0.5561,3384655.0,1892251.9822
2025-06-19 17:00:00,0.5561,0.5671,0.5556,0.5633,3218658.0,1805349.5091
2025-06-19 18:00:00,0.5633,0.5674,0.5593,0.5612,1388614.0,782388.8897
2025-06-19 19:00:00,0.5612,0.563,0.5591,0.5595,648326.0,363550.1966
2025-06-19 20:00:00,0.5595,0.562,0.5569,0.5595,1052387.0,588254.8079
2025-06-19 21:00:00,0.5595,0.5627,0.5582,0.5618,533866.0,299033.6121
2025-06-19 22:00:00,0.5618,0.5685,0.5618,0.5659,2120051.0,1198793.8545
2025-06-19 23:00:00,0.5659,0.5667,0.5626,0.5651,1380999.0,779764.7943
2025-06-20 00:00:00,0.5651,0.5694,0.564,0.5672,1936202.0,1096359.3504
2025-06-20 01:00:00,0.5672,0.5706,0.564,0.5691,676023.0,383830.5766
2025-06-20 02:00:00,0.5691,0.5698,0.5658,0.5677,661868.0,375834.7032
2025-06-20 03:00:00,0.5677,0.5701,0.5657,0.5697,727190.0,413418.7762
2025-06-20 04:00:00,0.5697,0.5714,0.5619,0.5622,1120028.0,634487.1529
2025-06-20 05:00:00,0.5622,0.5648,0.5591,0.5645,803253.0,451776.624
2025-06-20 06:00:00,0.5645,0.5686,0.5643,0.568,1502324.0,850972.4261
2025-06-20 07:00:00,0.568,0.5765,0.5668,0.576,3885230.0,2226024.3864
2025-06-20 08:00:00,0.576,0.5799,0.5717,0.5732,4478036.0,2578240.4645
2025-06-20 09:00:00,0.5732,0.5744,0.5698,0.5714,2863293.0,1637647.8872
2025-06-20 10:00:00,0.5714,0.5729,0.5678,0.5683,2086999.0,1190031.6542
2025-06-20 11:00:00,0.5683,0.5722,0.567,0.5711,1856962.0,1057294.8216
2025-06-20 12:00:00,0.5711,0.5748,0.5699,0.5718,1498569.0,857390.5451
2025-06-20 13:00:00,0.5718,0.5758,0.5681,0.5717,5491809.0,3149611.7421
2025-06-20 14:00:00,0.5717,0.5742,0.5571,0.5575,8602698.0,4844360.0682
2025-06-20 15:00:00,0.5575,0.5632,0.5574,0.561,3455022.0,1935602.8168
2025-06-20 16:00:00,0.561,0.5617,0.5519,0.5526,11529371.0,6402068.9072
2025-06-20 17:00:00,0.5526,0.5547,0.5342,0.5492,7523328.0,4094606.4169
2025-06-20 18:00:00,0.5492,0.5555,0.548,0.5515,2450974.0,1352275.7085
2025-06-20 19:00:00,0.5515,0.5519,0.5462,0.5482,1600431.0,878036.9947
2025-06-20 20:00:00,0.5482,0.5544,0.548,0.551,1848739.0,1020481.3599
2025-06-20 21:00:00,0.551,0.551,0.5439,0.5443,2493624.0,1364103.6305
2025-06-20 22:00:00,0.5443,0.5446,0.5364,0.5377,5312683.0,2866554.2072
2025-06-20 23:00:00,0.5377,0.5429,0.5355,0.5424,1561468.0,840426.57
2025-06-21 00:00:00,0.5424,0.548,0.5414,0.5449,706509.0,384835.2326
2025-06-21 01:00:00,0.5449,0.5531,0.5442,0.5517,877113.0,481786.005
2025-06-21 02:00:00,0.5517,0.5523,0.5479,0.5483,837795.0,460136.4249
2025-06-21 03:00:00,0.5483,0.5522,0.548,0.5492,488934.0,268919.1108
2025-06-21 04:00:00,0.5492,0.5506,0.5479,0.5484,1299420.0,713147.7255
2025-06-21 05:00:00,0.5484,0.5495,0.546,0.5466,1013477.0,554934.1929
2025-06-21 06:00:00,0.5466,0.5477,0.5451,0.5462,1568879.0,857209.8112
2025-06-21 07:00:00,0.5462,0.5466,0.5434,0.5454,683828.0,372793.9816
2025-06-21 08:00:00,0.5454,0.5483,0.5431,0.5481,1297739.0,707278.8402
2025-06-21 09:00:00,0.5481,0.5497,0.5453,0.546,2101089.0,1149724.8017
2025-06-21 10:00:00,0.546,0.5477,0.5417,0.5431,3344524.0,1817435.3411
2025-06-21 11:00:00,0.5431,0.5463,0.5425,0.5445,2230893.0,1214570.5024
2025-06-21 12:00:00,0.5445,0.5464,0.5396,0.5399,2815531.0,1525993.512
2025-06-21 13:00:00,0.5399,0.542,0.5302,0.5321,7935138.0,4259213.5449
2025-06-21 14:00:00,0.5321,0.5355,0.5279,0.5307,7309157.0,3879112.6386
2025-06-21 15:00:00,0.5307,0.5348,0.528,0.5345,3909140.0,2074371.4399
2025-06-21 16:00:00,0.5345,0.5361,0.5292,0.5302,3065388.0,1632429.5813
2025-06-21 17:00:00,0.5302,0.5332,0.5214,0.5238,4088094.0,2149647.5743
2025-06-21 18:00:00,0.5238,0.5281,0.5224,0.5249,3189420.0,1675399.7116
2025-06-21 19:00:00,0.5249,0.527,0.5207,0.521,6592585.0,3451132.0604
2025-06-21 20:00:00,0.521,0.5298,0.521,0.5269,7714278.0,4052436.2912
2025-06-21 21:00:00,0.5269,0.5281,0.4963,0.503,14265008.0,7292853.2965
2025-06-21 22:00:00,0.503,0.511,0.5016,0.5099,8886635.0,4501285.258
2025-06-21 23:00:00,0.5099,0.5109,0.4954,0.5061,14107053.0,7106109.301
2025-06-22 00:00:00,0.5061,0.519,0.5024,0.5161,9406608.0,4816970.2999
2025-06-22 01:00:00,0.5161,0.5202,0.512,0.5121,1879854.0,969734.901
2025-06-22 02:00:00,0.5121,0.5162,0.5049,0.5091,2031024.0,1037522.4173
2025-06-22 03:00:00,0.5091,0.5111,0.5023,0.5052,2784345.0,1409274.8361
2025-06-22 04:00:00,0.5052,0.5122,0.5039,0.5089,1582638.0,804931.6819
2025-06-22 05:00:00,0.5089,0.5134,0.5063,0.51,1643657.0,837334.757
2025-06-22 06:00:00,0.51,0.5142,0.5075,0.5125,1070969.0,548208.0237
2025-06-22 07:00:00,0.5125,0.5132,0.5046,0.5062,813655.0,413741.5746
2025-06-22 08:00:00,0.5062,0.5072,0.4989,0.501,1724700.0,867946.3436
2025-06-22 09:00:00,0.501,0.5026,0.489,0.4909,7152985.0,3529199.517
2025-06-22 10:00:00,0.4909,0.4996,0.4904,0.4971,2411080.0,1194465.5381
2025-06-22 11:00:00,0.4971,0.5038,0.4964,0.4997,2135135.0,1066754.6502
2025-06-22 12:00:00,0.4997,0.5039,0.4925,0.5004,4529563.0,2247581.5127
2025-06-22 13:00:00,0.5004,0.5021,0.4703,0.4792,12532767.0,6031786.8267
2025-06-22 14:00:00,0.4792,0.4883,0.4683,0.4854,6517700.0,3102188.2216
2025-06-22 15:00:00,0.4854,0.4872,0.4743,0.4763,2977952.0,1430116.986
2025-06-22 16:00:00,0.4763,0.4794,0.4714,0.4734,4197687.0,1993708.0247
2025-06-22 17:00:00,0.4734,0.4807,0.469,0.477,4669300.0,2212010.8148
2025-06-22 18:00:00,0.477,0.4806,0.4729,0.4731,1714265.0,816420.4202
2025-06-22 19:00:00,0.4731,0.4754,0.4699,0.4732,3533665.0,1671646.3732
2025-06-22 20:00:00,0.4732,0.4778,0.4577,0.4765,6392034.0,2996543.3504
2025-06-22 21:00:00,0.4765,0.4814,0.4718,0.4727,3330817.0,1585499.8714
2025-06-22 22:00:00,0.4727,0.4863,0.4727,0.4854,2332063.0,1121747.1353
2025-06-22 23:00:00,0.4854,0.4876,0.4839,0.4859,334143.0,162306.3593
2025-06-23 00:00:00,0.4859,0.4937,0.4857,0.4893,1458763.0,712183.8111
2025-06-23 01:00:00,0.4893,0.4909,0.4864,0.4904,924852.0,451769.2675
2025-06-23 02:00:00,0.4904,0.4921,0.489,0.4919,1460781.0,716528.5597
2025-06-23 03:00:00,0.4919,0.4934,0.4891,0.4895,419215.0,205976.8043
2025-06-23 04:00:00,0.4895,0.4924,0.4886,0.4893,342599.0,167959.29
2025-06-23 05:00:00,0.4893,0.4955,0.4893,0.4944,342459.0,168865.3691
2025-06-23 06:00:00,0.4944,0.4967,0.4903,0.494,1277039.0,629771.2201
2025-06-23 07:00:00,0.494,0.4979,0.492,0.4934,484410.0,239460.5751
2025-06-23 08:00:00,0.4934,0.4951,0.4905,0.4939,694244.0,341739.3776
2025-06-23 09:00:00,0.4939,0.4949,0.4921,0.4941,496788.0,245033.1516
2025-06-23 10:00:00,0.4941,0.4944,0.4897,0.4909,781434.0,384062.0879
2025-06-23 11:00:00,0.4909,0.4936,0.4891,0.493,1697869.0,833610.5194
2025-06-23 12:00:00,0.493,0.5012,0.4906,0.5012,1325978.0,657298.837
2025-06-23 13:00:00,0.5012,0.5105,0.4938,0.5094,3158893.0,1587185.2651
2025-06-23 14:00:00,0.5094,0.5132,0.5015,0.5022,11254822.0,5704700.5248
2025-06-23 15:00:00,0.5022,0.5045,0.4958,0.4972,7312721.0,3653219.1604
2025-06-23 16:00:00,0.4972,0.498,0.4829,0.4897,10349097.0,5074728.2504
2025-06-23 17:00:00,0.4897,0.5099,0.4882,0.5077,6908190.0,3466471.0711
2025-06-23 18:00:00,0.5077,0.5224,0.5074,0.5192,3279773.0,1692505.9174
2025-06-23 19:00:00,0.5192,0.5271,0.5191,0.525,5215074.0,2726197.8247
2025-06-23 20:00:00,0.525,0.5361,0.5244,0.5307,8592350.0,4569594.773
2025-06-23 21:00:00,0.5307,0.5334,0.5292,0.531,1294368.0,686996.6859
2025-06-23 22:00:00,0.531,0.5521,0.5309,0.55,5245106.0,2865539.7167
2025-06-23 23:00:00,0.55,0.5512,0.5463,0.547,2494975.0,1369983.1212
2025-06-24 00:00:00,0.547,0.5494,0.5438,0.5473,1318531.0,719357.1742
2025-06-24 01:00:00,0.5473,0.5502,0.5454,0.5492,776993.0,425375.671
2025-06-24 02:00:00,0.5492,0.5497,0.5449,0.5478,893622.0,489576.5237
2025-06-24 03:00:00,0.5478,0.5509,0.5461,0.5473,630051.0,345322.8984
2025-06-24 04:00:00,0.5473,0.5494,0.5464,0.5486,603717.0,330734.9669
2025-06-24 05:00:00,0.5486,0.561,0.5479,0.5601,1294926.0,720407.4005
2025-06-24 06:00:00,0.5601,0.5633,0.5577,0.5599,1508795.0,845737.7654
2025-06-24 07:00:00,0.5599,0.5603,0.5489,0.549,4890214.0,2713893.7355
2025-06-24 08:00:00,0.549,0.5548,0.5479,0.5505,1487301.0,818845.5177
2025-06-24 09:00:00,0.5505,0.558,0.5493,0.5531,2262941.0,1252541.8849
2025-06-24 10:00:00,0.5531,0.5531,0.5488,0.5495,1496884.0,824146.9313
2025-06-24 11:00:00,0.5495,0.5522,0.547,0.5485,1438004.0,789917.3419
2025-06-24 12:00:00,0.5485,0.5505,0.5466,0.5489,2323405.0,1274273.4139
2025-06-24 13:00:00,0.5489,0.5537,0.5467,0.552,2756811.0,1518464.515
2025-06-24 14:00:00,0.552,0.559,0.5515,0.5546,2713728.0,1506187.3675
2025-06-24 15:00:00,0.5546,0.5578,0.5523,0.5569,1414042.0,783787.6406
2025-06-24 16:00:00,0.5569,0.5741,0.5557,0.5735,3134084.0,1770380.7801
2025-06-24 17:00:00,0.5735,0.5752,0.5586,0.5599,3511535.0,1983621.7293
2025-06-24 18:00:00,0.5599,0.5612,0.5548,0.5573,1403596.0,782404.3923
2025-06-24 19:00:00,0.5573,0.5588,0.5531,0.5576,1605668.0,893758.3885
2025-06-24 20:00:00,0.5576,0.5623,0.5559,0.561,2162558.0,1210356.3901
2025-06-24 21:00:00,0.561,0.561,0.5564,0.5601,4418968.0,2468138.1226
2025-06-24 22:00:00,0.5601,0.5601,0.5551,0.5572,2379625.0,1324156.4884
2025-06-24 23:00:00,0.5572,0.5572,0.5531,0.5558,1410736.0,782649.916
2025-06-25 00:00:00,0.5558,0.5574,0.5512,0.5564,553591.0,306798.527
2025-06-25 01:00:00,0.5564,0.5576,0.5508,0.5547,1076380.0,597158.2485
2025-06-25 02:00:00,0.5547,0.5588,0.5523,0.554,904165.0,501945.2701
2025-06-25 03:00:00,0.554,0.5581,0.5528,0.5542,1139337.0,633804.6972
2025-06-25 04:00:00,0.5542,0.5581,0.5532,0.5544,1071586.0,594638.5211
2025-06-25 05:00:00,0.5544,0.5554,0.5508,0.5521,717073.0,396605.7153
2025-06-25 06:00:00,0.5521,0.5557,0.5508,0.5541,1321422.0,731559.8798
2025-06-25 07:00:00,0.5541,0.5562,0.5524,0.5539,1035823.0,573620.5286
2025-06-25 08:00:00,0.5539,0.5549,0.5474,0.5506,2803949.0,1542626.5214
2025-06-25 09:00:00,0.5506,0.5538,0.5445,0.5465,2793405.0,1535037.329
2025-06-25 10:00:00,0.5465,0.5491,0.5441,0.5485,1380283.0,754799.8618
2025-06-25 11:00:00,0.5485,0.5542,0.5464,0.5534,1339910.0,736947.5119
2025-06-25 12:00:00,0.5534,0.5534,0.5489,0.5516,877205.0,483584.9796
2025-06-25 13:00:00,0.5516,0.5585,0.5508,0.5565,3305529.0,1835234.7157
2025-06-25 14:00:00,0.5565,0.5576,0.5444,0.552,4590619.0,2528581.4549
2025-06-25 15:00:00,0.552,0.5523,0.5398,0.541,3293811.0,1796529.3346
2025-06-25 16:00:00,0.541,0.5444,0.5385,0.5405,2856936.0,1546844.5246
2025-06-25 17:00:00,0.5405,0.5529,0.5398,0.5463,3734617.0,2044229.8851
2025-06-25 18:00:00,0.5463,0.5466,0.5416,0.5426,2457475.0,1337607.0323
2025-06-25 19:00:00,0.5426,0.5476,0.5418,0.5446,1440538.0,784502.9443
2025-06-25 20:00:00,0.5446,0.5484,0.543,0.5482,1245697.0,679929.8084
2025-06-25 21:00:00,0.5482,0.5509,0.5416,0.5429,1092579.0,597328.4677
2025-06-25 22:00:00,0.5429,0.5429,0.5369,0.539,1450782.0,781989.9563
2025-06-25 23:00:00,0.539,0.5401,0.5358,0.5393,1568607.0,844028.6671
2025-06-26 00:00:00,0.5393,0.5438,0.5387,0.542,1420550.0,768040.6913
2025-06-26 01:00:00,0.542,0.5516,0.5389,0.5478,1990597.0,1086596.6562
2025-06-26 02:00:00,0.5478,0.552,0.5438,0.5514,1532589.0,840728.1621
2025-06-26 03:00:00,0.5514,0.5584,0.5443,0.5467,3085629.0,1702993.9643
2025-06-26 04:00:00,0.5467,0.5467,0.5409,0.5439,1039621.0,564923.69
2025-06-26 05:00:00,0.5439,0.5439,0.5398,0.5425,1252136.0,678069.0805
2025-06-26 06:00:00,0.5425,0.5472,0.5412,0.5471,1424999.0,776874.9443
2025-06-26 07:00:00,0.5471,0.5517,0.545,0.5485,2374800.0,1304786.7297
2025-06-26 08:00:00,0.5485,0.5496,0.544,0.5443,1834602.0,1001806.9921
2025-06-26 09:00:00,0.5443,0.5453,0.5358,0.5369,1955808.0,1054851.4479
2025-06-26 10:00:00,0.5369,0.5375,0.5338,0.5356,2413843.0,1292652.2822
2025-06-26 11:00:00,0.5356,0.537,0.5327,0.535,1699856.0,908986.7847
2025-06-26 12:00:00,0.535,0.5352,0.5274,0.5281,2966026.0,1574958.4082
2025-06-26 13:00:00,0.5281,0.5293,0.5203,0.5221,4461910.0,2339436.2063
2025-06-26 14:00:00,0.5221,0.5326,0.5195,0.5279,3285211.0,1729289.8099
2025-06-26 15:00:00,0.5279,0.5332,0.5245,0.5326,4600671.0,2434915.0189
2025-06-26 16:00:00,0.5326,0.5326,0.5258,0.528,3128782.0,1653202.5086
2025-06-26 17:00:00,0.528,0.5336,0.524,0.5243,1641015.0,868153.0118
2025-06-26 18:00:00,0.5243,0.5285,0.5237,0.528,2916688.0,1535088.1319
2025-06-26 19:00:00,0.528,0.5374,0.5271,0.5349,2280689.0,1214240.4672
2025-06-26 20:00:00,0.5349,0.5455,0.5332,0.5382,4919828.0,2650746.9374
2025-06-26 21:00:00,0.5382,0.5392,0.5296,0.5331,3508184.0,1878655.3494
2025-06-26 22:00:00,0.5331,0.536,0.5283,0.5284,7577596.0,4027641.5617
2025-06-26 23:00:00,0.5284,0.5311,0.5271,0.5291,539234.0,285091.3583
2025-06-27 00:00:00,0.5291,0.5329,0.5248,0.525,410648.0,216903.2618
2025-06-27 01:00:00,0.525,0.5348,0.5236,0.5327,917140.0,487446.16
2025-06-27 02:00:00,0.5327,0.5347,0.5306,0.5332,1482368.0,790389.0513
2025-06-27 03:00:00,0.5332,0.5343,0.5308,0.5325,974034.0,519233.0849
2025-06-27 04:00:00,0.5325,0.5367,0.5302,0.5348,579906.0,309047.2609
2025-06-27 05:00:00,0.5348,0.5397,0.5313,0.5314,768152.0,409793.7313
2025-06-27 06:00:00,0.5314,0.5353,0.5299,0.5324,1140842.0,607587.9859
2025-06-27 07:00:00,0.5324,0.5354,0.5283,0.529,1230970.0,653784.825
2025-06-27 08:00:00,0.529,0.5384,0.5287,0.5363,1364414.0,726700.9531
2025-06-27 09:00:00,0.5363,0.5374,0.5329,0.5349,620562.0,331821.1958
2025-06-27 10:00:00,0.5349,0.5353,0.529,0.5292,1424872.0,755911.7723
2025-06-27 11:00:00,0.5292,0.5324,0.529,0.5304,1259021.0,667278.2775
2025-06-27 12:00:00,0.5304,0.5337,0.5245,0.5259,4556570.0,2408587.8919
2025-06-27 13:00:00,0.5259,0.5301,0.5245,0.5295,4706477.0,2482511.1583
2025-06-27 14:00:00,0.5295,0.5333,0.526,0.5274,9647360.0,5101909.067
2025-06-27 15:00:00,0.5274,0.536,0.5258,0.5342,3044853.0,1611446.1097
2025-06-27 16:00:00,0.5342,0.5407,0.5316,0.535,2420706.0,1294724.6071
2025-06-27 17:00:00,0.535,0.5358,0.5276,0.53,4331615.0,2302020.9278
2025-06-27 18:00:00,0.53,0.5313,0.5226,0.525,2780126.0,1463747.8101
2025-06-27 19:00:00,0.525,0.529,0.5238,0.5279,1837058.0,967347.6441
2025-06-27 20:00:00,0.5279,0.5338,0.5266,0.5335,1624681.0,862186.5251
2025-06-27 21:00:00,0.5335,0.5387,0.5331,0.5363,903904.0,484321.057
2025-06-27 22:00:00,0.5363,0.5386,0.5362,0.5377,1151518.0,618424.3058
2025-06-27 23:00:00,0.5377,0.5377,0.5323,0.5343,864603.0,461789.9291
2025-06-28 00:00:00,0.5343,0.5361,0.5333,0.5338,1204092.0,643665.5826
2025-06-28 01:00:00,0.5338,0.5385,0.5336,0.5382,1707088.0,915043.4481
2025-06-28 02:00:00,0.5382,0.5388,0.5359,0.5362,529903.0,284727.9078
2025-06-28 03:00:00,0.5362,0.5366,0.5341,0.5344,259831.0,139127.9517
2025-06-28 04:00:00,0.5344,0.5353,0.532,0.5324,464736.0,248178.7128
2025-06-28 05:00:00,0.5324,0.537,0.5324,0.5343,1219879.0,652251.0501
2025-06-28 06:00:00,0.5343,0.536,0.5329,0.536,1283332.0,685598.943
2025-06-28 07:00:00,0.536,0.5373,0.5343,0.5368,956078.0,512043.2714
2025-06-28 08:00:00,0.5368,0.5376,0.533,0.5341,606650.0,324241.6412
2025-06-28 09:00:00,0.5341,0.5383,0.5328,0.537,2179696.0,1169833.7492
2025-06-28 10:00:00,0.537,0.5392,0.5367,0.5381,1509711.0,812233.1939
2025-06-28 11:00:00,0.5381,0.5398,0.5377,0.5378,2982076.0,1606338.5243
2025-06-28 12:00:00,0.5378,0.5395,0.5366,0.5384,846909.0,455589.9883
2025-06-28 13:00:00,0.5384,0.5401,0.5361,0.5364,993508.0,534120.6466
2025-06-28 14:00:00,0.5364,0.5396,0.5364,0.5381,1137020.0,611448.0517
2025-06-28 15:00:00,0.5381,0.5432,0.5369,0.5429,1025727.0,553001.4612
2025-06-28 16:00:00,0.5429,0.5491,0.5429,0.5442,2520519.0,1377585.736
2025-06-28 17:00:00,0.5442,0.5497,0.5419,0.5492,1746570.0,953551.4021
2025-06-28 18:00:00,0.5492,0.5501,0.5469,0.5496,902597.0,494880.3827
2025-06-28 19:00:00,0.5496,0.5529,0.5476,0.5479,992970.0,546197.0152
2025-06-28 20:00:00,0.5479,0.5496,0.5463,0.5476,914899.0,501495.9288
2025-06-28 21:00:00,0.5476,0.5519,0.5473,0.5512,912816.0,501558.3974
2025-06-28 22:00:00,0.5512,0.5551,0.5501,0.5541,1823643.0,1008904.3924
2025-06-28 23:00:00,0.5541,0.5553,0.5509,0.5512,1687517.0,933724.4714
2025-06-29 00:00:00,0.5512,0.5536,0.5498,0.5519,3500172.0,1932046.3181
2025-06-29 01:00:00,0.5519,0.5521,0.5479,0.5488,1011356.0,556411.1333
2025-06-29 02:00:00,0.5488,0.5516,0.5475,0.5512,304216.0,167156.7315
2025-06-29 03:00:00,0.5512,0.5523,0.5488,0.5489,564844.0,311300.663
2025-06-29 04:00:00,0.5489,0.5506,0.5487,0.5502,454342.0,249744.8624
2025-06-29 05:00:00,0.5502,0.554,0.5491,0.5532,566450.0,312394.4299
2025-06-29 06:00:00,0.5532,0.5546,0.5519,0.5544,581885.0,322006.851
2025-06-29 07:00:00,0.5544,0.5582,0.5532,0.5581,1167740.0,648743.4416
2025-06-29 08:00:00,0.5581,0.5606,0.5566,0.56,1073882.0,599748.9425
2025-06-29 09:00:00,0.56,0.5627,0.5578,0.56,1167305.0,654066.9187
2025-06-29 10:00:00,0.56,0.5615,0.5573,0.5586,1949781.0,1090785.2861
2025-06-29 11:00:00,0.5586,0.5592,0.5567,0.5577,979950.0,546354.3704
2025-06-29 12:00:00,0.5577,0.5597,0.556,0.5596,1271124.0,709983.9459
2025-06-29 13:00:00,0.5596,0.5617,0.5565,0.557,1035237.0,578768.8038
2025-06-29 14:00:00,0.557,0.5581,0.5516,0.5516,986690.0,547454.8552
2025-06-29 15:00:00,0.5516,0.5526,0.5479,0.5508,1371186.0,754012.5295
2025-06-29 16:00:00,0.5508,0.5602,0.5497,0.5541,4720564.0,2620490.8032
2025-06-29 17:00:00,0.5541,0.5604,0.5513,0.5602,1198833.0,667537.2599
2025-06-29 18:00:00,0.5602,0.5675,0.5579,0.5649,2951107.0,1659547.2349
2025-06-29 19:00:00,0.5649,0.5724,0.5617,0.5713,2367013.0,1344398.3599
2025-06-29 20:00:00,0.5713,0.5731,0.5671,0.5712,6096756.0,3476528.3939
2025-06-29 21:00:00,0.5712,0.5886,0.5654,0.5878,6365724.0,3684651.2501
2025-06-29 22:00:00,0.5878,0.6226,0.5878,0.6141,23133773.0,14087443.2766
2025-06-29 23:00:00,0.6141,0.619,0.6055,0.6055,2670558.0,1636787.3698
2025-06-30 00:00:00,0.6055,0.6091,0.6009,0.6018,2449618.0,1481194.1337
2025-06-30 01:00:00,0.6018,0.6022,0.5905,0.5911,1609340.0,957817.9408
2025-06-30 02:00:00,0.5911,0.5922,0.5849,0.5852,1551608.0,913379.2446
2025-06-30 03:00:00,0.5852,0.5894,0.5843,0.5863,648317.0,380354.1742
2025-06-30 04:00:00,0.5863,0.5864,0.5819,0.5844,759629.0,443747.8345
2025-06-30 05:00:00,0.5844,0.5862,0.5814,0.5832,1268821.0,740391.2049
2025-06-30 06:00:00,0.5832,0.5852,0.5762,0.5792,2084962.0,1210587.5628
2025-06-30 07:00:00,0.5792,0.5924,0.5785,0.5887,1785722.0,1047422.0002
2025-06-30 08:00:00,0.5887,0.5924,0.5835,0.5844,2650761.0,1557032.914
2025-06-30 09:00:00,0.5844,0.5866,0.5813,0.5813,1281805.0,748254.6522
2025-06-30 10:00:00,0.5813,0.5826,0.5789,0.581,803671.0,467010.6526
2025-06-30 11:00:00,0.581,0.5856,0.5784,0.5796,1715938.0,998447.2869
2025-06-30 12:00:00,0.5796,0.5818,0.5719,0.5744,2394287.0,1380074.1723
2025-06-30 13:00:00,0.5744,0.5782,0.5719,0.5734,1559554.0,896171.9964
2025-06-30 14:00:00,0.5734,0.5746,0.5656,0.5662,4870244.0,2769329.5033
2025-06-30 15:00:00,0.5662,0.5726,0.5633,0.5677,3353308.0,1901888.2219
2025-06-30 16:00:00,0.5677,0.5742,0.5671,0.5737,1145543.0,654434.9083
2025-06-30 17:00:00,0.5737,0.5771,0.5689,0.5706,3166846.0,1816474.4608
2025-06-30 18:00:00,0.5706,0.5722,0.5648,0.5651,4680928.0,2658357.8136
2025-06-30 19:00:00,0.5651,0.5764,0.5648,0.5754,3417469.0,1950083.2701
2025-06-30 20:00:00,0.5754,0.5786,0.5714,0.5719,2286101.0,1312459.2231
2025-06-30 21:00:00,0.5719,0.5736,0.567,0.569,3112166.0,1777799.093
2025-06-30 22:00:00,0.569,0.5707,0.5662,0.5662,1418091.0,805453.6824
2025-06-30 23:00:00,0.5662,0.5692,0.5649,0.5669,2239711.0,1267835.4141
2025-07-01 00:00:00,0.5669,0.5713,0.5637,0.566,1114920.0,631829.7249
2025-07-01 01:00:00,0.566,0.5686,0.5615,0.5625,877441.0,495213.2355
2025-07-01 02:00:00,0.5625,0.5652,0.5588,0.5593,1009695.0,567301.2426
2025-07-01 03:00:00,0.5593,0.5605,0.5554,0.557,1325587.0,739637.1735
2025-07-01 04:00:00,0.557,0.5576,0.5512,0.5513,1573858.0,873194.8888
2025-07-01 05:00:00,0.5513,0.5524,0.547,0.5493,1446284.0,794632.3479
2025-07-01 06:00:00,0.5493,0.5509,0.5469,0.5496,2428326.0,1332417.5971
2025-07-01 07:00:00,0.5496,0.5535,0.5449,0.5531,3312981.0,1821036.3327
2025-07-01 08:00:00,0.5531,0.5531,0.5478,0.5495,1219572.0,670925.3345
2025-07-01 09:00:00,0.5495,0.5519,0.5492,0.5503,1759547.0,968390.0594
2025-07-01 10:00:00,0.5503,0.5513,0.5475,0.5491,2321067.0,1274844.6822
2025-07-01 11:00:00,0.5491,0.5491,0.5426,0.544,1829227.0,998320.7403
2025-07-01 12:00:00,0.544,0.5454,0.5411,0.5413,2267558.0,1231104.4881
2025-07-01 13:00:00,0.5413,0.5453,0.5387,0.5446,2834398.0,1536230.0135
2025-07-01 14:00:00,0.5446,0.5481,0.5396,0.543,2736244.0,1484635.5432
2025-07-01 15:00:00,0.543,0.5435,0.5381,0.5395,1874200.0,1012097.4687
2025-07-01 16:00:00,0.5395,0.5415,0.5366,0.5379,1955730.0,1053980.9873
2025-07-01 17:00:00,0.5379,0.5397,0.5359,0.5374,1438821.0,773109.4703
2025-07-01 18:00:00,0.5374,0.5377,0.5329,0.5343,2969368.0,1588006.3314
2025-07-01 19:00:00,0.5343,0.5371,0.533,0.5342,1547513.0,829418.1647
2025-07-01 20:00:00,0.5342,0.5366,0.5321,0.5357,2344039.0,1252404.102
2025-07-01 21:00:00,0.5357,0.537,0.5328,0.5336,1512460.0,807650.1565
2025-07-01 22:00:00,0.5336,0.5342,0.5288,0.5291,2160759.0,1149419.4983
2025-07-01 23:00:00,0.5291,0.5291,0.5243,0.5269,2881540.0,1514556.728
2025-07-02 00:00:00,0.5269,0.5295,0.526,0.5272,449105.0,236844.8256
2025-07-02 01:00:00,0.5272,0.5352,0.5236,0.5335,1561879.0,827710.6224
2025-07-02 02:00:00,0.5335,0.534,0.5289,0.5308,927233.0,492705.0398
2025-07-02 03:00:00,0.5308,0.5368,0.5306,0.5327,603997.0,322101.5893
2025-07-02 04:00:00,0.5327,0.5407,0.5294,0.5402,579853.0,310652.3039
2025-07-02 05:00:00,0.5402,0.5437,0.5379,0.5429,856661.0,463670.6054
2025-07-02 06:00:00,0.5429,0.5484,0.5389,0.5483,1317552.0,716543.9846
2025-07-02 07:00:00,0.5483,0.5491,0.5436,0.5456,1362323.0,743525.9418
2025-07-02 08:00:00,0.5456,0.5466,0.5418,0.5435,795501.0,432866.6736
2025-07-02 09:00:00,0.5435,0.5446,0.5408,0.5416,1320563.0,716845.3365
2025-07-02 10:00:00,0.5416,0.5438,0.5382,0.5422,1449794.0,783887.093
2025-07-02 11:00:00,0.5422,0.5451,0.5372,0.5386,1273428.0,688865.6908
2025-07-02 12:00:00,0.5386,0.5401,0.5376,0.5393,1574930.0,848923.2235
2025-07-02 13:00:00,0.5393,0.5464,0.5391,0.5434,1369141.0,744059.428
2025-07-02 14:00:00,0.5434,0.5465,0.5415,0.5458,1094333.0,595067.7047
2025-07-02 15:00:00,0.5458,0.5523,0.5456,0.5499,2596885.0,1425825.2461
2025-07-02 16:00:00,0.5499,0.5706,0.5493,0.5684,3871169.0,2175177.0548
2025-07-02 17:00:00,0.5684,0.5716,0.5596,0.5649,4366380.0,2466708.1767
2025-07-02 18:00:00,0.5649,0.5693,0.5649,0.5691,1299117.0,737230.4397
2025-07-02 19:00:00,0.5691,0.5721,0.5658,0.5716,1922220.0,1092565.0087
2025-07-02 20:00:00,0.5716,0.5735,0.5672,0.5693,1486423.0,848693.2082
2025-07-02 21:00:00,0.5693,0.5725,0.5675,0.5714,770341.0,438834.1041
2025-07-02 22:00:00,0.5714,0.5747,0.5696,0.5697,697984.0,399044.8626
2025-07-02 23:00:00,0.5697,0.5701,0.5627,0.5634,3274595.0,1848314.1757
2025-07-03 00:00:00,0.5634,0.5674,0.5617,0.5649,1350284.0,761793.431
2025-07-03 01:00:00,0.5649,0.5716,0.5634,0.5712,522866.0,297063.4076
2025-07-03 02:00:00,0.5712,0.5715,0.567,0.5712,1252475.0,712574.7192
2025-07-03 03:00:00,0.5712,0.5732,0.5666,0.5675,2342752.0,1338721.8414
2025-07-03 04:00:00,0.5675,0.5735,0.5665,0.5726,755779.0,431083.9473
2025-07-03 05:00:00,0.5726,0.5818,0.5726,0.5803,971062.0,560777.2531
2025-07-03 06:00:00,0.5803,0.5861,0.5793,0.5844,1198748.0,698682.7505
2025-07-03 07:00:00,0.5844,0.5878,0.5834,0.5856,703498.0,411918.664
2025-07-03 08:00:00,0.5856,0.5898,0.5831,0.5832,1386159.0,811678.6058
2025-07-03 09:00:00,0.5832,0.5861,0.5814,0.5834,1719809.0,1003833.4058
2025-07-03 10:00:00,0.5834,0.5836,0.5754,0.5776,1541666.0,893106.2737
2025-07-03 11:00:00,0.5776,0.5788,0.5746,0.5763,2528687.0,1457999.5529
2025-07-03 12:00:00,0.5763,0.5843,0.5699,0.5774,3791917.0,2184778.8035
2025-07-03 13:00:00,0.5774,0.5866,0.5746,0.5846,4375582.0,2548790.4539
2025-07-03 14:00:00,0.5846,0.5866,0.5755,0.5782,2312027.0,1341817.9517
2025-07-03 15:00:00,0.5782,0.5788,0.5654,0.5672,2349974.0,1340748.5305
2025-07-03 16:00:00,0.5672,0.5714,0.5668,0.5695,1303461.0,741726.7197
2025-07-03 17:00:00,0.5695,0.5721,0.5681,0.5696,410259.0,233844.3001
2025-07-03 18:00:00,0.5696,0.5727,0.5681,0.5718,584298.0,333414.7845
2025-07-03 19:00:00,0.5718,0.5737,0.5714,0.5725,578743.0,331329.8159
2025-07-03 20:00:00,0.5725,0.5774,0.5723,0.5758,845970.0,486466.4246
2025-07-03 21:00:00,0.5758,0.5781,0.5743,0.5778,798783.0,460455.5483
2025-07-03 22:00:00,0.5778,0.5786,0.5753,0.5761,574759.0,331549.2885
2025-07-03 23:00:00,0.5761,0.5772,0.5723,0.5739,706684.0,405619.5875
2025-07-04 00:00:00,0.5739,0.5771,0.5716,0.5746,717735.0,411994.9029
2025-07-04 01:00:00,0.5746,0.5804,0.5743,0.5754,572286.0,330089.6583
2025-07-04 02:00:00,0.5754,0.5754,0.5666,0.5674,669799.0,381925.2898
2025-07-04 03:00:00,0.5674,0.5695,0.5662,0.5667,441530.0,250904.0672
2025-07-04 04:00:00,0.5667,0.5691,0.5627,0.5632,708553.0,401148.9104
2025-07-04 05:00:00,0.5632,0.5684,0.5628,0.5647,953308.0,539218.7237
2025-07-04 06:00:00,0.5647,0.5647,0.5573,0.5582,2025398.0,1132693.5282
2025-07-04 07:00:00,0.5582,0.5594,0.55,0.5503,3587688.0,1988739.9393
2025-07-04 08:00:00,0.5503,0.5545,0.5461,0.5537,4127003.0,2267313.2753
2025-07-04 09:00:00,0.5537,0.5562,0.5517,0.5525,1181540.0,654449.9048
2025-07-04 10:00:00,0.5525,0.5534,0.5468,0.5473,2473302.0,1359944.7772
2025-07-04 11:00:00,0.5473,0.5504,0.547,0.5477,3047728.0,1671209.7603
2025-07-04 12:00:00,0.5477,0.5506,0.5451,0.5472,2991355.0,1639482.9988
2025-07-04 13:00:00,0.5472,0.5502,0.5429,0.5442,4744355.0,2589077.1462
2025-07-04 14:00:00,0.5442,0.545,0.5375,0.5399,4084489.0,2211396.1259
2025-07-04 15:00:00,0.5399,0.541,0.5327,0.533,3430369.0,1837841.1569
2025-07-04 16:00:00,0.533,0.5342,0.5249,0.5298,4250308.0,2245869.7709
2025-07-04 17:00:00,0.5298,0.534,0.5278,0.5318,2057444.0,1093278.3829
2025-07-04 18:00:00,0.5318,0.532,0.5275,0.529,1065486.0,563247.5596
2025-07-04 19:00:00,0.529,0.5304,0.5258,0.5274,513874.0,271327.5421
2025-07-04 20:00:00,0.5274,0.5308,0.5267,0.5299,868707.0,459680.2599
2025-07-04 21:00:00,0.5299,0.5313,0.5274,0.531,716661.0,379054.166
2025-07-04 22:00:00,0.531,0.5338,0.53,0.5335,2723694.0,1448804.2175
2025-07-04 23:00:00,0.5335,0.5336,0.5286,0.5301,1317904.0,699529.6433
2025-07-05 00:00:00,0.5301,0.5364,0.5299,0.5356,825605.0,441177.1695
2025-07-05 01:00:00,0.5356,0.5356,0.5314,0.534,1365630.0,728914.1674
2025-07-05 02:00:00,0.534,0.5354,0.53,0.5351,1848808.0,985341.9208
2025-07-05 03:00:00,0.5351,0.538,0.5336,0.5339,1636357.0,876791.0826
2025-07-05 04:00:00,0.5339,0.534,0.5279,0.528,1262411.0,670045.7856
2025-07-05 05:00:00,0.528,0.5314,0.527,0.5312,391090.0,206964.8705
2025-07-05 06:00:00,0.5312,0.5355,0.5298,0.5353,1910121.0,1017204.1449
2025-07-05 07:00:00,0.5353,0.536,0.5317,0.5324,780244.0,416999.9901
2025-07-05 08:00:00,0.5324,0.534,0.5287,0.5314,1095335.0,581683.6126
2025-07-05 09:00:00,0.5314,0.534,0.5286,0.5334,2230815.0,1183684.7937
2025-07-05 10:00:00,0.5334,0.5337,0.5301,0.5302,2806881.0,1492622.2049
2025-07-05 11:00:00,0.5302,0.5327,0.5301,0.5308,878220.0,466639.5213
2025-07-05 12:00:00,0.5308,0.5311,0.5266,0.5292,1776840.0,939802.0541
2025-07-05 13:00:00,0.5292,0.5309,0.5251,0.5254,1249928.0,660129.8508
2025-07-05 14:00:00,0.5254,0.5276,0.5236,0.5276,4958896.0,2605653.4658
2025-07-05 15:00:00,0.5276,0.5286,0.5252,0.5263,1795679.0,946042.7831
2025-07-05 16:00:00,0.5263,0.5292,0.5229,0.5269,2663441.0,1399969.9685
2025-07-05 17:00:00,0.5269,0.5286,0.5224,0.5253,1676026.0,878784.0331
2025-07-05 18:00:00,0.5253,0.5254,0.5191,0.5195,2522130.0,1312761.1046
2025-07-05 19:00:00,0.5195,0.5241,0.5187,0.5232,2132792.0,1112768.2423
2025-07-05 20:00:00,0.5232,0.5272,0.5221,0.527,1376500.0,720938.7011
2025-07-05 21:00:00,0.527,0.5307,0.5258,0.5294,1073806.0,567102.1357
2025-07-05 22:00:00,0.5294,0.5342,0.5278,0.534,1778375.0,943811.4009
2025-07-05 23:00:00,0.534,0.5345,0.5304,0.5325,2007131.0,1068427.5161
2025-07-06 00:00:00,0.5325,0.5329,0.5296,0.5318,839880.0,445733.1325
2025-07-06 01:00:00,0.5318,0.5321,0.5284,0.5301,1285167.0,680825.0883
2025-07-06 02:00:00,0.5301,0.5317,0.5272,0.5272,2381946.0,1262407.457
2025-07-06 03:00:00,0.5272,0.5285,0.5265,0.5279,592409.0,312524.2499
2025-07-06 04:00:00,0.5279,0.5308,0.5276,0.5285,1409316.0,746173.2095
2025-07-06 05:00:00,0.5285,0.5289,0.5261,0.5265,449469.0,236870.9191
2025-07-06 06:00:00,0.5265,0.532,0.5265,0.5307,900876.0,478029.7053
2025-07-06 07:00:00,0.5307,0.5329,0.5307,0.5313,1127266.0,599273.263
2025-07-06 08:00:00,0.5313,0.536,0.5199,0.5323,4344141.0,2304102.7157
2025-07-06 09:00:00,0.5323,0.5362,0.5296,0.5297,2215947.0,1181449.9762
2025-07-06 10:00:00,0.5297,0.5329,0.5288,0.5315,3229434.0,1714803.2133
2025-07-06 11:00:00,0.5315,0.5342,0.5303,0.534,1209833.0,644171.867
2025-07-06 12:00:00,0.534,0.5376,0.5315,0.5372,1864391.0,997218.1709
2025-07-06 13:00:00,0.5372,0.5471,0.5351,0.5445,4016218.0,2178525.1165
2025-07-06 14:00:00,0.5445,0.5461,0.5377,0.5417,4673185.0,2532605.7281
2025-07-06 15:00:00,0.5417,0.5428,0.538,0.541,2153381.0,1163751.7814
2025-07-06 16:00:00,0.541,0.5433,0.5391,0.5422,5852079.0,3166732.0197
2025-07-06 17:00:00,0.5422,0.5425,0.5381,0.541,1095872.0,592132.8559
2025-07-06 18:00:00,0.541,0.5423,0.5359,0.5391,1752651.0,944119.4733
2025-07-06 19:00:00,0.5391,0.5413,0.5381,0.5402,978792.0,528286.4379
2025-07-06 20:00:00,0.5402,0.5444,0.5398,0.5424,1072369.0,581323.1284
2025-07-06 21:00:00,0.5424,0.5546,0.542,0.5494,2669164.0,1465638.6959
2025-07-06 22:00:00,0.5494,0.5549,0.5483,0.5485,2363730.0,1302930.5183
2025-07-06 23:00:00,0.5485,0.5488,0.5404,0.5435,2498818.0,1360586.5439
2025-07-07 00:00:00,0.5435,0.5461,0.5419,0.5454,983154.0,534680.859
2025-07-07 01:00:00,0.5454,0.5471,0.5433,0.5454,1394904.0,760193.6125
2025-07-07 02:00:00,0.5454,0.5514,0.5454,0.5501,1419611.0,779095.79
2025-07-07 03:00:00,0.5501,0.5544,0.5492,0.5496,1182301.0,651604.0813
2025-07-07 04:00:00,0.5496,0.5512,0.5472,0.5476,906445.0,498127.5019
2025-07-07 05:00:00,0.5476,0.5496,0.5447,0.5456,713761.0,390365.0772
2025-07-07 06:00:00,0.5456,0.5487,0.5435,0.5443,1318938.0,719895.0537
2025-07-07 07:00:00,0.5443,0.5512,0.542,0.5508,2445972.0,1335370.5113
2025-07-07 08:00:00,0.5508,0.5536,0.5492,0.5521,1819734.0,1002592.6875
2025-07-07 09:00:00,0.5521,0.5521,0.5454,0.5462,2377306.0,1303672.5811
2025-07-07 10:00:00,0.5462,0.5462,0.5426,0.5432,2241622.0,1219326.5671
2025-07-07 11:00:00,0.5432,0.5461,0.5414,0.5434,1720916.0,935416.3076
2025-07-07 12:00:00,0.5434,0.5449,0.5397,0.5442,2248840.0,1219388.8008
2025-07-07 13:00:00,0.5442,0.5501,0.5428,0.549,4150544.0,2266374.1594
2025-07-07 14:00:00,0.549,0.5495,0.5367,0.5385,3157448.0,1710284.8867
2025-07-07 15:00:00,0.5385,0.5416,0.5379,0.5409,3312108.0,1787879.2243
2025-07-07 16:00:00,0.5409,0.5432,0.5356,0.5385,2616630.0,1413773.7526
2025-07-07 17:00:00,0.5385,0.5433,0.5368,0.5415,2451317.0,1321585.5095
2025-07-07 18:00:00,0.5415,0.5425,0.5362,0.5424,1465325.0,789489.1904
2025-07-07 19:00:00,0.5424,0.5488,0.542,0.5451,1580870.0,862550.4656
2025-07-07 20:00:00,0.5451,0.5453,0.5367,0.5394,2425735.0,1312073.8256
2025-07-07 21:00:00,0.5394,0.5435,0.5369,0.5417,1330444.0,718683.3711
2025-07-07 22:00:00,0.5417,0.5428,0.538,0.5395,1633631.0,882455.1606
2025-07-07 23:00:00,0.5395,0.5455,0.5389,0.5453,797127.0,432426.0154
2025-07-08 00:00:00,0.5453,0.5478,0.5404,0.5416,1467246.0,798616.747
2025-07-08 01:00:00,0.5416,0.5416,0.5355,0.5374,1332673.0,718028.4029
2025-07-08 02:00:00,0.5374,0.5408,0.5346,0.5374,1903463.0,1023085.9694
2025-07-08 03:00:00,0.5374,0.5396,0.5372,0.5373,635018.0,341727.1695
2025-07-08 04:00:00,0.5373,0.5374,0.5328,0.5365,1844213.0,985792.2282
2025-07-08 05:00:00,0.5365,0.5371,0.5341,0.536,1085663.0,581394.0146
2025-07-08 06:00:00,0.536,0.5376,0.5341,0.5355,718168.0,384496.0305
2025-07-08 07:00:00,0.5355,0.5362,0.5332,0.5356,616289.0,329637.3713
2025-07-08 08:00:00,0.5356,0.5358,0.5301,0.5309,1721775.0,915898.8368
2025-07-08 09:00:00,0.5309,0.5345,0.5301,0.5344,1251925.0,665843.2273
2025-07-08 10:00:00,0.5344,0.5401,0.5335,0.5398,959248.0,515070.4751
2025-07-08 11:00:00,0.5398,0.545,0.5398,0.5427,2790155.0,1515653.489
2025-07-08 12:00:00,0.5427,0.5458,0.5406,0.5455,2277245.0,1236481.4828
2025-07-08 13:00:00,0.5455,0.5494,0.5422,0.5466,3940398.0,2151438.4978
2025-07-08 14:00:00,0.5466,0.5469,0.5349,0.5356,2759841.0,1491946.174
2025-07-08 15:00:00,0.5356,0.5362,0.5317,0.5341,3118351.0,1665486.8846
2025-07-08 16:00:00,0.5341,0.5399,0.5315,0.5383,2721096.0,1459032.4484
2025-07-08 17:00:00,0.5383,0.5509,0.5378,0.5475,2698565.0,1475354.2594
2025-07-08 18:00:00,0.5475,0.5519,0.5473,0.5518,927373.0,509609.0762
2025-07-08 19:00:00,0.5518,0.5525,0.5468,0.549,689612.0,379094.0259
2025-07-08 20:00:00,0.549,0.55,0.5454,0.5454,815691.0,447019.3271
2025-07-08 21:00:00,0.5454,0.5506,0.5454,0.5501,1437174.0,788149.4376
2025-07-08 22:00:00,0.5501,0.5525,0.5473,0.5501,844528.0,464188.7162
2025-07-08 23:00:00,0.5501,0.5504,0.5468,0.5485,621772.0,340768.6276
2025-07-09 00:00:00,0.5485,0.5497,0.5444,0.5456,2001340.0,1095197.4487
2025-07-09 01:00:00,0.5456,0.5489,0.5399,0.5415,1180533.0,641392.7074
2025-07-09 02:00:00,0.5415,0.5429,0.5401,0.5409,442632.0,239598.4518
2025-07-09 03:00:00,0.5409,0.5437,0.5355,0.5363,958347.0,516267.2302
2025-07-09 04:00:00,0.5363,0.5416,0.5351,0.5412,1240391.0,667918.5018
2025-07-09 05:00:00,0.5412,0.5505,0.5387,0.5462,2205861.0,1202570.2016
2025-07-09 06:00:00,0.5462,0.5503,0.5438,0.5485,2015897.0,1101430.9842
2025-07-09 07:00:00,0.5485,0.5524,0.5472,0.5512,1108898.0,608886.896
2025-07-09 08:00:00,0.5512,0.5552,0.5485,0.5521,2104806.0,1160050.0952
2025-07-09 09:00:00,0.5521,0.5529,0.5471,0.5488,810954.0,445412.2531
2025-07-09 10:00:00,0.5488,0.5512,0.5464,0.5512,743148.0,408006.3544
2025-07-09 11:00:00,0.5512,0.5555,0.5507,0.5537,3425980.0,1894414.6193
2025-07-09 12:00:00,0.5537,0.566,0.5525,0.5594,3952857.0,2216933.6139
2025-07-09 13:00:00,0.5594,0.5629,0.5576,0.559,2218118.0,1243648.6641
2025-07-09 14:00:00,0.559,0.5646,0.5524,0.5575,2614373.0,1459277.1507
2025-07-09 15:00:00,0.5575,0.5601,0.5544,0.5556,844698.0,470948.7266
2025-07-09 16:00:00,0.5556,0.5601,0.5556,0.5594,1246154.0,695575.7928
2025-07-09 17:00:00,0.5594,0.5594,0.5529,0.5557,1169604.0,649774.4155
2025-07-09 18:00:00,0.5557,0.5661,0.5551,0.5638,2207899.0,1242121.2525
2025-07-09 19:00:00,0.5638,0.5817,0.5632,0.579,6695682.0,3837238.5684
2025-07-09 20:00:00,0.579,0.5821,0.5743,0.5809,5818993.0,3368326.0787
2025-07-09 21:00:00,0.5809,0.5893,0.5795,0.5862,4354854.0,2550605.5011
2025-07-09 22:00:00,0.5862,0.5961,0.5862,0.5925,6387388.0,3771141.3121
2025-07-09 23:00:00,0.5925,0.5925,0.5858,0.5876,2695464.0,1587192.9938
2025-07-10 00:00:00,0.5876,0.5911,0.5798,0.5806,1685627.0,987189.5514
2025-07-10 01:00:00,0.5806,0.587,0.5806,0.5846,675776.0,394644.2198
2025-07-10 02:00:00,0.5846,0.5897,0.5846,0.5885,1224908.0,718878.979
2025-07-10 03:00:00,0.5885,0.5926,0.5883,0.5917,919875.0,543248.3051
2025-07-10 04:00:00,0.5917,0.5922,0.5867,0.5909,1225535.0,722325.0151
2025-07-10 05:00:00,0.5909,0.5922,0.5853,0.5855,2908781.0,1716866.9845
2025-07-10 06:00:00,0.5855,0.595,0.584,0.5949,3027843.0,1789367.5828
2025-07-10 07:00:00,0.5949,0.5996,0.5919,0.5927,3515550.0,2092476.5256
2025-07-10 08:00:00,0.5927,0.5953,0.5894,0.5952,1444041.0,854236.6898
2025-07-10 09:00:00,0.5952,0.5957,0.5906,0.592,613220.0,363843.5637
2025-07-10 10:00:00,0.592,0.5955,0.5883,0.5936,1286014.0,760767.1253
2025-07-10 11:00:00,0.5936,0.5936,0.5898,0.5911,1023341.0,605144.8616
2025-07-10 12:00:00,0.5911,0.5955,0.5876,0.5954,1008698.0,595390.6803
2025-07-10 13:00:00,0.5954,0.6019,0.594,0.599,2201413.0,1317913.1504
2025-07-10 14:00:00,0.599,0.5994,0.5909,0.5957,1885689.0,1121860.2171
2025-07-10 15:00:00,0.5957,0.5958,0.588,0.5892,1648715.0,976016.9979
2025-07-10 16:00:00,0.5892,0.604,0.588,0.6033,4020629.0,2403998.2411
2025-07-10 17:00:00,0.6033,0.6154,0.6015,0.6139,8858679.0,5404540.3854
2025-07-10 18:00:00,0.6139,0.619,0.6113,0.6163,3160023.0,1942532.1708
2025-07-10 19:00:00,0.6163,0.6183,0.6118,0.6143,1084050.0,665800.8588
2025-07-10 20:00:00,0.6143,0.6246,0.6142,0.6229,2511190.0,1561197.2697
2025-07-10 21:00:00,0.6229,0.6496,0.6219,0.6465,3834075.0,2441371.134
2025-07-10 22:00:00,0.6465,0.661,0.6463,0.6592,2489682.0,1624739.4258
2025-07-10 23:00:00,0.6592,0.6617,0.6543,0.6575,1670269.0,1098950.9934
2025-07-11 00:00:00,0.6575,0.6617,0.6467,0.6509,1717855.0,1121771.6697
2025-07-11 01:00:00,0.6509,0.6718,0.6507,0.6718,2169062.0,1437967.328
2025-07-11 02:00:00,0.6718,0.6773,0.6684,0.6744,2190562.0,1474500.8878
2025-07-11 03:00:00,0.6744,0.6793,0.6693,0.6754,1682456.0,1135003.2718
2025-07-11 04:00:00,0.6754,0.6855,0.6709,0.6843,1979659.0,1344911.2692
2025-07-11 05:00:00,0.6843,0.6974,0.6835,0.6904,3704795.0,2558308.9915
2025-07-11 06:00:00,0.6904,0.7009,0.6729,0.6742,4362992.0,3013350.7536
2025-07-11 07:00:00,0.6742,0.6776,0.6679,0.669,2851062.0,1921216.2697
2025-07-11 08:00:00,0.669,0.6838,0.669,0.6838,2653146.0,1801369.7503
2025-07-11 09:00:00,0.6838,0.6931,0.6808,0.6856,2591489.0,1783741.4388
2025-07-11 10:00:00,0.6856,0.6877,0.6812,0.6864,1590542.0,1088002.5665
2025-07-11 11:00:00,0.6864,0.6874,0.6788,0.6833,1405193.0,958933.9392
2025-07-11 12:00:00,0.6833,0.692,0.6819,0.692,1962885.0,1348793.2146
2025-07-11 13:00:00,0.692,0.6945,0.6825,0.6925,3223868.0,2228052.4905
2025-07-11 14:00:00,0.6925,0.7011,0.6874,0.6926,1758967.0,1221195.606
2025-07-11 15:00:00,0.6926,0.6965,0.673,0.6757,4024006.0,2774932.3567
2025-07-11 16:00:00,0.6757,0.6874,0.6749,0.6849,2710621.0,1850554.9197
2025-07-11 17:00:00,0.6849,0.6945,0.6837,0.694,1378779.0,951471.1046
2025-07-11 18:00:00,0.694,0.6948,0.6883,0.6931,1776730.0,1228365.4046
2025-07-11 19:00:00,0.6931,0.6959,0.6886,0.6947,1228731.0,851624.6486
2025-07-11 20:00:00,0.6947,0.6953,0.6824,0.6826,2028875.0,1403193.0481
2025-07-11 21:00:00,0.6826,0.6843,0.6651,0.6695,3017720.0,2032529.2398
2025-07-11 22:00:00,0.6695,0.6718,0.6467,0.656,2882861.0,1896399.8203
2025-07-11 23:00:00,0.656,0.6645,0.6548,0.659,2930920.0,1935220.5395
2025-07-12 00:00:00,0.659,0.6629,0.6434,0.6489,1274468.0,828104.9548
2025-07-12 01:00:00,0.6489,0.6621,0.6489,0.6596,1024697.0,674490.9351
2025-07-12 02:00:00,0.6596,0.6681,0.658,0.66,695310.0,461061.7319
2025-07-12 03:00:00,0.66,0.6661,0.6592,0.6645,639318.0,423783.8683
2025-07-12 04:00:00,0.6645,0.6659,0.6471,0.6485,1667746.0,1089548.6656
2025-07-12 05:00:00,0.6485,0.6541,0.6426,0.6503,1399463.0,906048.9142
2025-07-12 06:00:00,0.6503,0.6567,0.6457,0.6548,1125114.0,733718.6261
2025-07-12 07:00:00,0.6548,0.6581,0.6519,0.6559,1688630.0,1106046.7101
2025-07-12 08:00:00,0.6559,0.6591,0.65,0.6524,2066866.0,1355072.7973
2025-07-12 09:00:00,0.6524,0.6588,0.6499,0.6585,1822511.0,1192621.0967
2025-07-12 10:00:00,0.6585,0.6597,0.6535,0.6569,714386.0,468819.5169
2025-07-12 11:00:00,0.6569,0.6606,0.6544,0.657,1130728.0,743345.4743
2025-07-12 12:00:00,0.657,0.6604,0.6359,0.6446,3022946.0,1959700.9163
2025-07-12 13:00:00,0.6446,0.6446,0.6327,0.6431,2483440.0,1585866.7626
2025-07-12 14:00:00,0.6431,0.6485,0.6381,0.6387,2911309.0,1870320.4778
2025-07-12 15:00:00,0.6387,0.639,0.6239,0.6293,5109416.0,3221759.6499
2025-07-12 16:00:00,0.6293,0.6395,0.6262,0.6331,2998432.0,1906083.929
2025-07-12 17:00:00,0.6331,0.6465,0.6321,0.6449,1597935.0,1024357.3413
2025-07-12 18:00:00,0.6449,0.6468,0.6414,0.6446,1812560.0,1167428.5102
2025-07-12 19:00:00,0.6446,0.6469,0.6419,0.646,832473.0,536287.4578
2025-07-12 20:00:00,0.646,0.646,0.6346,0.6349,980815.0,626882.543
2025-07-12 21:00:00,0.6349,0.6465,0.6348,0.6455,705962.0,452738.7442
2025-07-12 22:00:00,0.6455,0.6481,0.6397,0.6464,1081528.0,697288.4164
2025-07-12 23:00:00,0.6464,0.6503,0.6431,0.648,929200.0,600590.1279
2025-07-13 00:00:00,0.648,0.6523,0.6445,0.6475,1256747.0,815849.9766
2025-07-13 01:00:00,0.6475,0.652,0.6458,0.6493,898312.0,583243.884
2025-07-13 02:00:00,0.6493,0.6508,0.6426,0.6489,1086374.0,702483.1351
2025-07-13 03:00:00,0.6489,0.6491,0.6443,0.6472,509081.0,329106.0896
2025-07-13 04:00:00,0.6472,0.6562,0.6436,0.6552,1594881.0,1035541.3229
2025-07-13 05:00:00,0.6552,0.6562,0.649,0.6497,933319.0,608858.6676
2025-07-13 06:00:00,0.6497,0.658,0.6491,0.6523,2587279.0,1692750.1676
2025-07-13 07:00:00,0.6523,0.6611,0.6506,0.657,1654832.0,1084665.4211
2025-07-13 08:00:00,0.657,0.6574,0.6504,0.6533,1149287.0,751571.8989
2025-07-13 09:00:00,0.6533,0.656,0.6478,0.6504,1377840.0,897895.3228
2025-07-13 10:00:00,0.6504,0.6549,0.6499,0.6519,1253967.0,818737.2958
2025-07-13 11:00:00,0.6519,0.6622,0.6516,0.6621,1430632.0,942421.8519
2025-07-13 12:00:00,0.6621,0.6683,0.6562,0.6648,2468460.0,1635273.2818
2025-07-13 13:00:00,0.6648,0.668,0.659,0.6643,1322227.0,877692.7729
2025-07-13 14:00:00,0.6643,0.6742,0.658,0.6622,3554539.0,2367465.4108
2025-07-13 15:00:00,0.6622,0.6727,0.6617,0.6638,2812168.0,1872559.9497
2025-07-13 16:00:00,0.6638,0.6689,0.6574,0.6587,3452272.0,2289122.1665
2025-07-13 17:00:00,0.6587,0.6645,0.6559,0.6616,1744133.0,1151138.6125
2025-07-13 18:00:00,0.6616,0.669,0.6606,0.6656,1860954.0,1237956.5855
2025-07-13 19:00:00,0.6656,0.6698,0.6634,0.6638,3044587.0,2028057.6835
2025-07-13 20:00:00,0.6638,0.6692,0.6606,0.6667,2843329.0,1892435.9251
2025-07-13 21:00:00,0.6667,0.667,0.6511,0.6544,1673334.0,1101556.6947
2025-07-13 22:00:00,0.6544,0.6561,0.6479,0.651,1223443.0,797347.0951
2025-07-13 23:00:00,0.651,0.6554,0.6495,0.6539,754408.0,491949.5369
2025-07-14 00:00:00,0.6539,0.6612,0.65,0.6554,1030695.0,676524.1405
2025-07-14 01:00:00,0.6554,0.667,0.6526,0.6668,464266.0,306850.8161
2025-07-14 02:00:00,0.6668,0.6782,0.6634,0.6703,1473692.0,990436.3099
2025-07-14 03:00:00,0.6703,0.6897,0.6691,0.6859,1408990.0,960723.1109
2025-07-14 04:00:00,0.6859,0.6987,0.6814,0.6984,2654148.0,1835042.5387
2025-07-14 05:00:00,0.6984,0.7006,0.6768,0.6847,2907368.0,2009418.9824
2025-07-14 06:00:00,0.6847,0.686,0.676,0.6798,1395458.0,949721.5476
2025-07-14 07:00:00,0.6798,0.6884,0.6794,0.6863,1484763.0,1017757.3609
2025-07-14 08:00:00,0.6863,0.6871,0.672,0.6774,2309232.0,1562439.3047
2025-07-14 09:00:00,0.6774,0.687,0.6741,0.6825,1662370.0,1127957.1548
2025-07-14 10:00:00,0.6825,0.6874,0.6735,0.6845,1398901.0,951291.6136
2025-07-14 11:00:00,0.6845,0.689,0.679,0.681,1777557.0,1216697.6616
2025-07-14 12:00:00,0.681,0.6844,0.6758,0.6823,1037063.0,705152.3852
2025-07-14 13:00:00,0.6823,0.6896,0.678,0.6834,5048184.0,3455462.8651
2025-07-14 14:00:00,0.6834,0.693,0.6706,0.6794,4198375.0,2860026.6882
2025-07-14 15:00:00,0.6794,0.6794,0.6613,0.6667,2494893.0,1673927.8479
2025-07-14 16:00:00,0.6667,0.6742,0.6603,0.6719,2444146.0,1636387.2807
2025-07-14 17:00:00,0.6719,0.6723,0.6628,0.6661,2947862.0,1967730.2935
2025-07-14 18:00:00,0.6661,0.6665,0.6539,0.6548,2939855.0,1938050.2061
2025-07-14 19:00:00,0.6548,0.658,0.6505,0.6539,2214384.0,1448259.0866
2025-07-14 20:00:00,0.6539,0.6587,0.6438,0.6564,2578582.0,1677503.8007
2025-07-14 21:00:00,0.6564,0.6628,0.6552,0.6608,993177.0,654854.3707
2025-07-14 22:00:00,0.6608,0.6617,0.6539,0.659,1608240.0,1058329.1911
2025-07-14 23:00:00,0.659,0.6595,0.6536,0.6582,1395653.0,915073.9321
2025-07-15 00:00:00,0.6582,0.6721,0.6503,0.6514,2090650.0,1375592.1879
2025-07-15 01:00:00,0.6514,0.6585,0.6423,0.6505,2185774.0,1420002.5101
2025-07-15 02:00:00,0.6505,0.6553,0.6446,0.6471,1753286.0,1138902.3897
2025-07-15 03:00:00,0.6471,0.6471,0.6338,0.6404,1525136.0,975480.2674
2025-07-15 04:00:00,0.6404,0.6489,0.6338,0.6464,1408082.0,906777.3017
2025-07-15 05:00:00,0.6464,0.6482,0.6436,0.6466,834926.0,539423.9568
2025-07-15 06:00:00,0.6466,0.651,0.6426,0.6469,1372599.0,887206.9067
2025-07-15 07:00:00,0.6469,0.6518,0.6419,0.6419,1351334.0,873127.9413
2025-07-15 08:00:00,0.6419,0.6466,0.6375,0.6423,1606248.0,1031687.3402
2025-07-15 09:00:00,0.6423,0.6505,0.6422,0.6466,698123.0,451664.6586
2025-07-15 10:00:00,0.6466,0.6498,0.644,0.6462,1051987.0,679509.6699
2025-07-15 11:00:00,0.6462,0.6503,0.6422,0.6498,1321313.0,851997.9549
2025-07-15 12:00:00,0.6498,0.6583,0.6434,0.655,2039789.0,1327440.6481
2025-07-15 13:00:00,0.655,0.6721,0.6542,0.6686,3576762.0,2378466.048
2025-07-15 14:00:00,0.6686,0.676,0.647,0.649,3880521.0,2563592.6343
2025-07-15 15:00:00,0.649,0.672,0.6475,0.6691,3706000.0,2426953.5347
2025-07-15 16:00:00,0.6691,0.6802,0.6687,0.6759,2136436.0,1442816.7149
2025-07-15 17:00:00,0.6759,0.6933,0.6715,0.6919,3169836.0,2168108.6605
2025-07-15 18:00:00,0.6919,0.695,0.6739,0.68,3167853.0,2173626.2152
2025-07-15 19:00:00,0.68,0.6859,0.6663,0.6698,1661356.0,1126040.8166
2025-07-15 20:00:00,0.6698,0.6753,0.6649,0.6721,1997169.0,1342093.0623
2025-07-15 21:00:00,0.6721,0.683,0.6714,0.6808,1470958.0,997532.9513
2025-07-15 22:00:00,0.6808,0.6833,0.6766,0.6832,1069277.0,727165.8538
2025-07-15 23:00:00,0.6832,0.709,0.683,0.706,2147201.0,1500914.3537
2025-07-16 00:00:00,0.706,0.7157,0.6976,0.7127,2002525.0,1414121.9539
2025-07-16 01:00:00,0.7127,0.7172,0.7067,0.7123,1392847.0,990378.3411
2025-07-16 02:00:00,0.7123,0.7123,0.6889,0.6929,2219363.0,1549095.8688
2025-07-16 03:00:00,0.6929,0.699,0.6908,0.6962,926853.0,643823.4544
2025-07-16 04:00:00,0.6962,0.7028,0.6881,0.7014,1274957.0,884858.8878
2025-07-16 05:00:00,0.7014,0.7061,0.6989,0.7009,1762540.0,1238244.318
2025-07-16 06:00:00,0.7009,0.7079,0.6955,0.7071,1794813.0,1260755.7668
2025-07-16 07:00:00,0.7071,0.7231,0.7042,0.7167,2502491.0,1786346.4511
2025-07-16 08:00:00,0.7167,0.7167,0.7056,0.7077,2302219.0,1635986.3408
2025-07-16 09:00:00,0.7077,0.714,0.7043,0.7102,1563435.0,1108488.4522
2025-07-16 10:00:00,0.7102,0.7107,0.7028,0.7033,2073491.0,1462495.6633
2025-07-16 11:00:00,0.7033,0.7134,0.7024,0.7105,1503480.0,1063116.3636
2025-07-16 12:00:00,0.7105,0.7206,0.7076,0.7149,3400626.0,2429378.3068
2025-07-16 13:00:00,0.7149,0.7212,0.7073,0.7183,2649520.0,1892669.0167
2025-07-16 14:00:00,0.7183,0.7371,0.7115,0.7293,3476293.0,2520694.7557
2025-07-16 15:00:00,0.7293,0.7333,0.7084,0.7161,4403722.0,3172581.4886
2025-07-16 16:00:00,0.7161,0.7274,0.7103,0.7264,2708688.0,1950914.6169
2025-07-16 17:00:00,0.7264,0.7279,0.7146,0.7219,2651632.0,1911674.7571
2025-07-16 18:00:00,0.7219,0.7296,0.7194,0.7212,4516382.0,3275918.6017
2025-07-16 19:00:00,0.7212,0.7238,0.7148,0.7193,2900357.0,2085541.0582
2025-07-16 20:00:00,0.7193,0.7306,0.7166,0.7202,2791299.0,2022706.7381
2025-07-16 21:00:00,0.7202,0.7293,0.7174,0.7233,2136344.0,1544709.3447
2025-07-16 22:00:00,0.7233,0.7287,0.7112,0.713,1629217.0,1172006.8679
2025-07-16 23:00:00,0.713,0.7139,0.7016,0.7056,1896455.0,1338372.5789
2025-07-17 00:00:00,0.7056,0.7206,0.7039,0.7085,1742683.0,1241149.3932
2025-07-17 01:00:00,0.7085,0.7146,0.6907,0.6988,2664766.0,1866044.7364
2025-07-17 02:00:00,0.6988,0.7035,0.6938,0.6995,903352.0,631801.7998
2025-07-17 03:00:00,0.6995,0.6998,0.6837,0.6875,2130175.0,1466273.8118
2025-07-17 04:00:00,0.6875,0.691,0.6853,0.6905,1451448.0,998858.8754
2025-07-17 05:00:00,0.6905,0.7004,0.6861,0.7004,1036286.0,719454.013
2025-07-17 06:00:00,0.7004,0.7123,0.6926,0.7063,2628875.0,1852584.7998
2025-07-17 07:00:00,0.7063,0.7121,0.6969,0.7097,2877144.0,2028155.3497
2025-07-17 08:00:00,0.7097,0.7187,0.7057,0.7146,3907008.0,2780048.3731
2025-07-17 09:00:00,0.7146,0.7303,0.7113,0.7238,4447303.0,3211113.7696
2025-07-17 10:00:00,0.7238,0.7257,0.7132,0.7168,3007477.0,2160529.3131
2025-07-17 11:00:00,0.7168,0.7173,0.7097,0.7112,1799114.0,1283421.2992
2025-07-17 12:00:00,0.7112,0.7212,0.7042,0.719,2315042.0,1651099.3848
2025-07-17 13:00:00,0.719,0.7224,0.6979,0.7107,3018511.0,2145826.6046
2025-07-17 14:00:00,0.7107,0.7221,0.7079,0.7176,1537681.0,1101222.1963
2025-07-17 15:00:00,0.7176,0.7194,0.704,0.7141,2175251.0,1548966.6904
2025-07-17 16:00:00,0.7141,0.717,0.6903,0.7024,2987186.0,2093609.5104
2025-07-17 17:00:00,0.7024,0.7156,0.6986,0.7137,1682656.0,1193547.3173
2025-07-17 18:00:00,0.7137,0.7165,0.7074,0.7124,1229413.0,875682.735
2025-07-17 19:00:00,0.7124,0.719,0.7005,0.7005,2043355.0,1454480.1409
2025-07-17 20:00:00,0.7005,0.703,0.6873,0.701,2922625.0,2037576.1985
2025-07-17 21:00:00,0.701,0.721,0.7005,0.7122,2576732.0,1836005.8152
2025-07-17 22:00:00,0.7122,0.7309,0.71,0.7222,2173824.0,1570061.4518
2025-07-17 23:00:00,0.7222,0.7317,0.7167,0.72,1873487.0,1359704.5242
2025-07-18 00:00:00,0.72,0.7418,0.7146,0.7373,2525778.0,1838808.3334
2025-07-18 01:00:00,0.7373,0.7545,0.7345,0.7491,3836061.0,2857315.1004
2025-07-18 02:00:00,0.7491,0.753,0.741,0.75,1759673.0,1316416.4715
2025-07-18 03:00:00,0.75,0.751,0.7434,0.7492,1200199.0,896670.7654
2025-07-18 04:00:00,0.7492,0.7728,0.7456,0.7722,2750775.0,2084671.4856
2025-07-18 05:00:00,0.7722,0.7964,0.7693,0.7945,2374609.0,1846239.1313
2025-07-18 06:00:00,0.7945,0.7945,0.7764,0.7852,2771195.0,2174413.1799
2025-07-18 07:00:00,0.7852,0.7986,0.7773,0.7783,4594233.0,3604826.7628
2025-07-18 08:00:00,0.7783,0.7875,0.7685,0.7783,4014782.0,3117571.0318
2025-07-18 09:00:00,0.7783,0.7798,0.7678,0.7776,1304817.0,1010465.6585
2025-07-18 10:00:00,0.7776,0.7784,0.7615,0.7779,2267977.0,1745481.488
2025-07-18 11:00:00,0.7779,0.7864,0.7689,0.7864,4270860.0,3328149.355
2025-07-18 12:00:00,0.7864,0.8027,0.7811,0.8027,3638854.0,2873454.4038
2025-07-18 13:00:00,0.8027,0.8172,0.794,0.808,4774105.0,3850212.7055
2025-07-18 14:00:00,0.808,0.8207,0.7847,0.8046,5813531.0,4653246.6075
2025-07-18 15:00:00,0.8046,0.8046,0.7728,0.7806,3616263.0,2840973.2326
2025-07-18 16:00:00,0.7806,0.7886,0.7707,0.7768,4762799.0,3711719.0978
2025-07-18 17:00:00,0.7768,0.7822,0.7707,0.7744,2099785.0,1627549.518
2025-07-18 18:00:00,0.7744,0.7754,0.7592,0.7607,1667082.0,1274604.3062
2025-07-18 19:00:00,0.7607,0.7624,0.7467,0.7533,2567964.0,1935637.535
2025-07-18 20:00:00,0.7533,0.7534,0.727,0.7391,5331884.0,3930784.7983
2025-07-18 21:00:00,0.7391,0.7559,0.738,0.7488,3107026.0,2325942.1921
2025-07-18 22:00:00,0.7488,0.7578,0.7412,0.7421,3429120.0,2567987.9826
2025-07-18 23:00:00,0.7421,0.7481,0.733,0.7481,1451265.0,1074268.2536
2025-07-19 00:00:00,0.7481,0.752,0.7296,0.7297,1955274.0,1455279.6367
2025-07-19 01:00:00,0.7297,0.7425,0.7219,0.7386,1461294.0,1070053.8342
2025-07-19 02:00:00,0.7386,0.7554,0.7336,0.755,1388551.0,1036552.7328
2025-07-19 03:00:00,0.755,0.7816,0.7545,0.779,1884663.0,1443306.7329
2025-07-19 04:00:00,0.779,0.791,0.766,0.7706,2223968.0,1725128.0822
2025-07-19 05:00:00,0.7706,0.7737,0.7622,0.7646,811464.0,622455.351
2025-07-19 06:00:00,0.7646,0.767,0.7581,0.7612,1490487.0,1135268.2281
2025-07-19 07:00:00,0.7612,0.7655,0.752,0.7525,1796197.0,1361821.121
2025-07-19 08:00:00,0.7525,0.7541,0.7446,0.7487,1790990.0,1341359.4506
2025-07-19 09:00:00,0.7487,0.752,0.7429,0.7454,1490566.0,1115587.1331
2025-07-19 10:00:00,0.7454,0.7512,0.7417,0.744,1831677.0,1367301.0494
2025-07-19 11:00:00,0.744,0.7477,0.7374,0.7401,1715909.0,1273225.8197
2025-07-19 12:00:00,0.7401,0.747,0.736,0.7457,2028249.0,1503778.5993
2025-07-19 13:00:00,0.7457,0.7457,0.7365,0.7398,2322431.0,1720729.3824
2025-07-19 14:00:00,0.7398,0.741,0.7255,0.7276,4952276.0,3634413.9295
2025-07-19 15:00:00,0.7276,0.7408,0.7276,0.736,2892007.0,2126939.4215
2025-07-19 16:00:00,0.736,0.7457,0.7313,0.7397,2791936.0,2062689.9057
2025-07-19 17:00:00,0.7397,0.7402,0.7302,0.7343,4704883.0,3453207.8197
2025-07-19 18:00:00,0.7343,0.7425,0.733,0.7401,2083181.0,1538290.4434
2025-07-19 19:00:00,0.7401,0.7609,0.7389,0.7578,3857487.0,2896701.1699
2025-07-19 20:00:00,0.7578,0.7633,0.7537,0.7563,2925922.0,2218963.8397
2025-07-19 21:00:00,0.7563,0.7588,0.7456,0.7556,2315970.0,1740702.6463
2025-07-19 22:00:00,0.7556,0.7627,0.7513,0.7556,844118.0,639354.2682
2025-07-19 23:00:00,0.7556,0.7657,0.7549,0.762,947776.0,721535.9875
2025-07-20 00:00:00,0.762,0.7652,0.7529,0.7547,1772041.0,1342720.3151
2025-07-20 01:00:00,0.7547,0.7661,0.7531,0.7542,1525284.0,1159299.5748
2025-07-20 02:00:00,0.7542,0.765,0.7518,0.7597,1469861.0,1116432.2953
2025-07-20 03:00:00,0.7597,0.7772,0.7567,0.7656,1844177.0,1416962.4015
2025-07-20 04:00:00,0.7656,0.7791,0.7594,0.7648,1023154.0,786201.315
2025-07-20 05:00:00,0.7648,0.7742,0.7602,0.7722,2106800.0,1612895.7759
2025-07-20 06:00:00,0.7722,0.7758,0.7644,0.765,2014693.0,1552547.0504
2025-07-20 07:00:00,0.765,0.7767,0.765,0.7688,3047169.0,2349907.9685
2025-07-20 08:00:00,0.7688,0.7831,0.7688,0.7791,3356310.0,2602227.7813
2025-07-20 09:00:00,0.7791,0.7879,0.7723,0.7779,3993196.0,3119615.7891
2025-07-20 10:00:00,0.7779,0.7835,0.7696,0.7706,2497851.0,1939075.3784
2025-07-20 11:00:00,0.7706,0.7883,0.7697,0.7847,2112574.0,1642511.3467
2025-07-20 12:00:00,0.7847,0.788,0.7779,0.7852,2121034.0,1659250.5205
2025-07-20 13:00:00,0.7852,0.7921,0.7813,0.7901,2757238.0,2166572.8461
2025-07-20 14:00:00,0.7901,0.7901,0.7759,0.7836,4072460.0,3184813.2109
2025-07-20 15:00:00,0.7836,0.7982,0.7807,0.7965,2008230.0,1587551.6486
2025-07-20 16:00:00,0.7965,0.8133,0.7936,0.8071,2169432.0,1743241.6656
2025-07-20 17:00:00,0.8071,0.8095,0.7882,0.7888,2462176.0,1968164.429
2025-07-20 18:00:00,0.7888,0.7976,0.7855,0.7963,1931424.0,1530134.4102
2025-07-20 19:00:00,0.7963,0.8035,0.794,0.7947,1500474.0,1198514.3859
2025-07-20 20:00:00,0.7947,0.7988,0.7862,0.7925,1189029.0,943047.7564
2025-07-20 21:00:00,0.7925,0.7998,0.7821,0.7995,1214086.0,959630.6575
2025-07-20 22:00:00,0.7995,0.8003,0.7721,0.7859,3008240.0,2360263.9027
2025-07-20 23:00:00,0.7859,0.793,0.7783,0.7845,1224351.0,961398.8599
2025-07-21 00:00:00,0.7845,0.7857,0.7692,0.7801,2140204.0,1660699.3205
2025-07-21 01:00:00,0.7801,0.7848,0.7642,0.7727,1596439.0,1234241.5829
2025-07-21 02:00:00,0.7727,0.7867,0.7727,0.7867,1521937.0,1185175.3705
2025-07-21 03:00:00,0.7867,0.798,0.786,0.7972,1251725.0,994647.4676
2025-07-21 04:00:00,0.7972,0.798,0.7886,0.7912,790225.0,626481.8019
2025-07-21 05:00:00,0.7912,0.795,0.7839,0.7945,2038436.0,1609967.4736
2025-07-21 06:00:00,0.7945,0.8057,0.7915,0.7964,1566564.0,1252013.6514
2025-07-21 07:00:00,0.7964,0.8025,0.7927,0.7949,1987125.0,1584018.4662
2025-07-21 08:00:00,0.7949,0.8034,0.7882,0.7935,3805861.0,3038437.2955
2025-07-21 09:00:00,0.7935,0.7951,0.7869,0.792,1852619.0,1465408.6471
2025-07-21 10:00:00,0.792,0.8026,0.7835,0.8009,3276006.0,2597229.1923
2025-07-21 11:00:00,0.8009,0.8104,0.799,0.8009,4598380.0,3693109.2874
2025-07-21 12:00:00,0.8009,0.8064,0.7943,0.7992,2787544.0,2227940.6569
2025-07-21 13:00:00,0.7992,0.8139,0.7897,0.8105,3165130.0,2528879.1771
2025-07-21 14:00:00,0.8105,0.8186,0.8015,0.8105,2601604.0,2114890.7545
2025-07-21 15:00:00,0.8105,0.8225,0.8007,0.8031,3211179.0,2606218.1763
2025-07-21 16:00:00,0.8031,0.8052,0.7749,0.7847,3389000.0,2664630.627
2025-07-21 17:00:00,0.7847,0.791,0.7792,0.7892,1554335.0,1219508.0722
2025-07-21 18:00:00,0.7892,0.7997,0.7804,0.7824,1471962.0,1163687.0907
2025-07-21 19:00:00,0.7824,0.7908,0.7715,0.7786,1734420.0,1353624.2366
2025-07-21 20:00:00,0.7786,0.788,0.775,0.7817,1203742.0,941107.3684
2025-07-21 21:00:00,0.7817,0.7921,0.7782,0.7891,741967.0,584700.926
2025-07-21 22:00:00,0.7891,0.8035,0.7884,0.798,674484.0,537036.3045
2025-07-21 23:00:00,0.798,0.8097,0.7933,0.8071,972088.0,779984.9816
2025-07-22 00:00:00,0.8071,0.8089,0.7905,0.7917,1813622.0,1451870.6587
2025-07-22 01:00:00,0.7917,0.8126,0.7671,0.8079,3080554.0,2432402.4997
2025-07-22 02:00:00,0.8079,0.8085,0.779,0.783,1599966.0,1275209.12
2025-07-22 03:00:00,0.783,0.7861,0.7685,0.7771,2500743.0,1940149.7945
2025-07-22 04:00:00,0.7771,0.778,0.7509,0.7516,3385815.0,2585199.8518
2025-07-22 05:00:00,0.7516,0.7676,0.7516,0.76,4541349.0,3435492.4581
2025-07-22 06:00:00,0.76,0.7672,0.756,0.7603,2659319.0,2028202.0412
2025-07-22 07:00:00,0.7603,0.7711,0.7551,0.758,1631519.0,1247675.5401
2025-07-22 08:00:00,0.758,0.758,0.7365,0.7477,3873818.0,2888227.578
2025-07-22 09:00:00,0.7477,0.7524,0.7348,0.7497,2555422.0,1900099.9713
2025-07-22 10:00:00,0.7497,0.7676,0.7469,0.7671,1971783.0,1492016.0092
2025-07-22 11:00:00,0.7671,0.7692,0.7559,0.7645,1754896.0,1338976.3557
2025-07-22 12:00:00,0.7645,0.7654,0.7576,0.7604,862103.0,656446.781
2025-07-22 13:00:00,0.7604,0.7733,0.7515,0.7587,3647185.0,2774689.5689
2025-07-22 14:00:00,0.7587,0.7917,0.7476,0.7917,6639478.0,5117314.7271
2025-07-22 15:00:00,0.7917,0.8044,0.7909,0.8009,5946732.0,4740477.5061
2025-07-22 16:00:00,0.8009,0.8145,0.7959,0.799,3050699.0,2453498.4989
2025-07-22 17:00:00,0.799,0.8011,0.7795,0.7819,2159121.0,1701855.5396
2025-07-22 18:00:00,0.7819,0.7956,0.7734,0.7893,2487136.0,1942248.903
2025-07-22 19:00:00,0.7893,0.7916,0.7735,0.7774,2268493.0,1777952.4245
2025-07-22 20:00:00,0.7774,0.7927,0.7756,0.7907,1198869.0,943152.0813
2025-07-22 21:00:00,0.7907,0.794,0.7848,0.7921,770701.0,608361.0369
2025-07-22 22:00:00,0.7921,0.7972,0.7903,0.7933,803988.0,637863.0688
2025-07-22 23:00:00,0.7933,0.8018,0.7923,0.8008,1258933.0,1005040.5842
2025-07-23 00:00:00,0.8008,0.8037,0.7843,0.7848,1788157.0,1421334.0049
2025-07-23 01:00:00,0.7848,0.7921,0.7795,0.7869,1308778.0,1027182.5566
2025-07-23 02:00:00,0.7869,0.7919,0.781,0.7869,4010330.0,3155964.1986
2025-07-23 03:00:00,0.7869,0.794,0.7817,0.7856,3371310.0,2647222.8474
2025-07-23 04:00:00,0.7856,0.7991,0.784,0.7989,1085710.0,862516.7356
2025-07-23 05:00:00,0.7989,0.7997,0.7919,0.7924,2619313.0,2082967.3226
2025-07-23 06:00:00,0.7924,0.7944,0.7751,0.7801,2364267.0,1848306.2908
2025-07-23 07:00:00,0.7801,0.7851,0.7626,0.7658,3706876.0,2862184.3594
2025-07-23 08:00:00,0.7658,0.7717,0.7636,0.7711,2378758.0,1825108.9852
2025-07-23 09:00:00,0.7711,0.772,0.753,0.7531,4456830.0,3399473.6164
2025-07-23 10:00:00,0.7531,0.7539,0.7457,0.7536,3050893.0,2290172.1159
2025-07-23 11:00:00,0.7536,0.7555,0.7471,0.7528,1929351.0,1449461.5881
2025-07-23 12:00:00,0.7528,0.756,0.7361,0.7382,4621508.0,3446295.0171
2025-07-23 13:00:00,0.7382,0.7416,0.7081,0.7158,8021525.0,5833808.1634
2025-07-23 14:00:00,0.7158,0.727,0.7134,0.725,3119099.0,2252374.0542
2025-07-23 15:00:00,0.725,0.7282,0.7133,0.7254,3121340.0,2249048.2861
2025-07-23 16:00:00,0.7254,0.7254,0.7015,0.703,3613457.0,2567269.3572
2025-07-23 17:00:00,0.703,0.7066,0.6899,0.7008,4748379.0,3311875.0378
2025-07-23 18:00:00,0.7008,0.7098,0.7,0.7096,1151948.0,813730.1082
2025-07-23 19:00:00,0.7096,0.7097,0.7013,0.7013,1156503.0,814890.9116
2025-07-23 20:00:00,0.7013,0.7065,0.6789,0.6904,5127066.0,3530197.0689
2025-07-23 21:00:00,0.6904,0.6939,0.6698,0.6858,4514924.0,3085743.356
2025-07-23 22:00:00,0.6858,0.6931,0.6792,0.6882,2085868.0,1435016.1025
2025-07-23 23:00:00,0.6882,0.6943,0.6878,0.6896,1417960.0,979845.8099
2025-07-24 00:00:00,0.6896,0.7044,0.6851,0.7041,2559340.0,1790264.3321
2025-07-24 01:00:00,0.7041,0.7051,0.6942,0.7045,1090173.0,762463.6451
2025-07-24 02:00:00,0.7045,0.7064,0.6985,0.701,850899.0,597532.2142
2025-07-24 03:00:00,0.701,0.708,0.6954,0.6959,2007764.0,1407969.8452
2025-07-24 04:00:00,0.6959,0.6998,0.683,0.6847,1674447.0,1157751.0016
2025-07-24 05:00:00,0.6847,0.6853,0.6582,0.661,4449584.0,2990091.8999
2025-07-24 06:00:00,0.661,0.6777,0.648,0.6589,4390877.0,2894913.8959
2025-07-24 07:00:00,0.6589,0.6727,0.6506,0.6721,2355362.0,1563757.6714
2025-07-24 08:00:00,0.6721,0.6845,0.6667,0.6819,1390725.0,944629.9269
2025-07-24 09:00:00,0.6819,0.6858,0.676,0.6794,1137071.0,774591.7963
2025-07-24 10:00:00,0.6794,0.6854,0.6689,0.679,2374814.0,1607971.9832
2025-07-24 11:00:00,0.679,0.6987,0.6789,0.695,3320514.0,2292262.6529
2025-07-24 12:00:00,0.695,0.6982,0.6886,0.6917,2535807.0,1758423.1018
2025-07-24 13:00:00,0.6917,0.6993,0.6876,0.6884,3291163.0,2284496.2207
2025-07-24 14:00:00,0.6884,0.724,0.6828,0.7232,4254687.0,2985883.7241
2025-07-24 15:00:00,0.7232,0.7302,0.7137,0.7163,4668405.0,3368253.9835
2025-07-24 16:00:00,0.7163,0.7163,0.6936,0.6971,3689570.0,2599540.9897
2025-07-24 17:00:00,0.6971,0.7181,0.696,0.7128,2473411.0,1747718.2778
2025-07-24 18:00:00,0.7128,0.7156,0.7055,0.7135,3468197.0,2468241.8473
2025-07-24 19:00:00,0.7135,0.7188,0.709,0.7096,2170351.0,1549677.4817
2025-07-24 20:00:00,0.7096,0.7211,0.709,0.7185,1782065.0,1276032.1061
2025-07-24 21:00:00,0.7185,0.7189,0.7059,0.7069,1330915.0,946264.5919
2025-07-24 22:00:00,0.7069,0.709,0.6948,0.7053,1931235.0,1360667.059
2025-07-24 23:00:00,0.7053,0.7053,0.6897,0.6923,2502614.0,1739259.2665
2025-07-25 00:00:00,0.6923,0.6926,0.6796,0.6842,1307855.0,896210.3988
2025-07-25 01:00:00,0.6842,0.6931,0.6769,0.69,1581888.0,1084701.0594
2025-07-25 02:00:00,0.69,0.6942,0.6743,0.6771,1220921.0,832957.5442
2025-07-25 03:00:00,0.6771,0.6822,0.6633,0.6736,2424023.0,1628679.5785
2025-07-25 04:00:00,0.6736,0.6876,0.6667,0.687,2405094.0,1632921.7074
2025-07-25 05:00:00,0.687,0.6891,0.6786,0.6789,3227737.0,2210896.6832
2025-07-25 06:00:00,0.6789,0.6862,0.6728,0.6806,2733544.0,1857276.5255
2025-07-25 07:00:00,0.6806,0.6909,0.673,0.6819,2654591.0,1811388.1513
2025-07-25 08:00:00,0.6819,0.6957,0.681,0.6924,2662266.0,1838193.2315
2025-07-25 09:00:00,0.6924,0.7141,0.6897,0.7139,3270962.0,2290470.5566
2025-07-25 10:00:00,0.7139,0.7202,0.7089,0.713,3299178.0,2355921.0788
2025-07-25 11:00:00,0.713,0.7176,0.7103,0.7137,1964336.0,1401834.3634
2025-07-25 12:00:00,0.7137,0.7178,0.7068,0.7113,1843538.0,1312564.6671
2025-07-25 13:00:00,0.7113,0.7167,0.7054,0.7147,2004796.0,1426456.7536
2025-07-25 14:00:00,0.7147,0.7156,0.6879,0.6885,3370843.0,2362998.3713
2025-07-25 15:00:00,0.6885,0.6969,0.6786,0.6899,3501789.0,2406501.2669
2025-07-25 16:00:00,0.6899,0.6973,0.6828,0.6951,5515847.0,3802484.6282
2025-07-25 17:00:00,0.6951,0.7001,0.6861,0.6879,3248789.0,2251740.9883
2025-07-25 18:00:00,0.6879,0.694,0.6879,0.6907,1052529.0,726896.3624
2025-07-25 19:00:00,0.6907,0.7011,0.6884,0.6926,1410030.0,977882.0677
2025-07-25 20:00:00,0.6926,0.7138,0.692,0.711,3458091.0,2435910.385
2025-07-25 21:00:00,0.711,0.7211,0.711,0.7201,1911395.0,1372681.9186
2025-07-25 22:00:00,0.7201,0.7242,0.7186,0.721,1576258.0,1137002.4836
2025-07-25 23:00:00,0.721,0.721,0.7172,0.7194,1482258.0,1065429.2512
2025-07-26 00:00:00,0.7194,0.7223,0.7167,0.7205,3182323.0,2291051.0812
2025-07-26 01:00:00,0.7205,0.722,0.716,0.716,608749.0,437778.0541
2025-07-26 02:00:00,0.716,0.73,0.716,0.7232,1462025.0,1058969.9163
2025-07-26 03:00:00,0.7232,0.7274,0.7178,0.7262,1821141.0,1315698.869
2025-07-26 04:00:00,0.7262,0.728,0.7212,0.7216,1180530.0,854737.4216
2025-07-26 05:00:00,0.7216,0.7238,0.7189,0.7213,2109275.0,1520700.6283
2025-07-26 06:00:00,0.7213,0.7222,0.7174,0.7193,1292593.0,929441.4341
2025-07-26 07:00:00,0.7193,0.7237,0.7189,0.7213,2918129.0,2104590.1071
2025-07-26 08:00:00,0.7213,0.7275,0.7207,0.7224,2788036.0,2018885.5736
2025-07-26 09:00:00,0.7224,0.7233,0.7191,0.7222,1624233.0,1170368.2589
2025-07-26 10:00:00,0.7222,0.7253,0.7204,0.7213,1013357.0,732564.9526
2025-07-26 11:00:00,0.7213,0.7255,0.7179,0.7188,3022937.0,2179648.9601
2025-07-26 12:00:00,0.7188,0.7222,0.714,0.7211,1818885.0,1305166.7818
2025-07-26 13:00:00,0.7211,0.7286,0.7194,0.7235,1980444.0,1434695.6311
2025-07-26 14:00:00,0.7235,0.7271,0.7197,0.7216,2498463.0,1807626.7741
2025-07-26 15:00:00,0.7216,0.7298,0.7201,0.7298,3298362.0,2389119.7273
2025-07-26 16:00:00,0.7298,0.7338,0.7219,0.7238,3498238.0,2544241.4908
2025-07-26 17:00:00,0.7238,0.724,0.7172,0.719,3549555.0,2556079.899
2025-07-26 18:00:00,0.719,0.7291,0.7159,0.7283,3262857.0,2355559.4553
2025-07-26 19:00:00,0.7283,0.7324,0.7279,0.7312,1512135.0,1104769.999
2025-07-26 20:00:00,0.7312,0.7326,0.7276,0.728,1125668.0,821042.2709
2025-07-26 21:00:00,0.728,0.7306,0.7244,0.7298,1066909.0,775762.721
2025-07-26 22:00:00,0.7298,0.7367,0.724,0.7246,1875732.0,1367187.58
2025-07-26 23:00:00,0.7246,0.726,0.7207,0.7225,3891515.0,2813584.8955
2025-07-27 00:00:00,0.7225,0.725,0.719,0.725,1301390.0,938058.8046
2025-07-27 01:00:00,0.725,0.7321,0.7224,0.7271,914274.0,665590.4665
2025-07-27 02:00:00,0.7271,0.7393,0.7255,0.7358,772317.0,564167.1535
2025-07-27 03:00:00,0.7358,0.7375,0.7286,0.7292,850280.0,622648.0643
2025-07-27 04:00:00,0.7292,0.7354,0.7284,0.7348,925007.0,677084.331
2025-07-27 05:00:00,0.7348,0.7416,0.7331,0.7366,1681592.0,1238638.7826
2025-07-27 06:00:00,0.7366,0.737,0.7287,0.7315,1189292.0,869742.5405
2025-07-27 07:00:00,0.7315,0.7352,0.7245,0.7251,2370589.0,1730829.0917
2025-07-27 08:00:00,0.7251,0.7272,0.7208,0.7231,2014692.0,1459279.6653
2025-07-27 09:00:00,0.7231,0.7231,0.7161,0.7176,2550863.0,1836320.9276
2025-07-27 10:00:00,0.7176,0.7343,0.7175,0.7316,3164633.0,2303314.6919
2025-07-27 11:00:00,0.7316,0.7353,0.7217,0.7233,2538042.0,1848023.3754
2025-07-27 12:00:00,0.7233,0.7334,0.7193,0.7331,2595517.0,1882334.6216
2025-07-27 13:00:00,0.7331,0.7383,0.7253,0.7265,2407190.0,1760763.4509
2025-07-27 14:00:00,0.7265,0.7338,0.7226,0.7263,3844192.0,2795374.8935
2025-07-27 15:00:00,0.7263,0.7279,0.7208,0.7279,3706418.0,2685382.7016
2025-07-27 16:00:00,0.7279,0.7429,0.7269,0.73,3714588.0,2733210.4231
2025-07-27 17:00:00,0.73,0.7317,0.7234,0.7306,1580549.0,1149442.8585
2025-07-27 18:00:00,0.7306,0.7365,0.728,0.7326,1843745.0,1349761.1953
2025-07-27 19:00:00,0.7326,0.7329,0.7256,0.7298,2106929.0,1534722.2815
2025-07-27 20:00:00,0.7298,0.7348,0.7287,0.7304,1102234.0,806684.0067
2025-07-27 21:00:00,0.7304,0.7365,0.7251,0.7365,1078774.0,786700.964
2025-07-27 22:00:00,0.7365,0.751,0.7364,0.7461,1973504.0,1470205.3031
2025-07-27 23:00:00,0.7461,0.7461,0.736,0.7426,1172066.0,867731.0911
2025-07-28 00:00:00,0.7426,0.7603,0.7396,0.741,1182501.0,887769.7991
2025-07-28 01:00:00,0.741,0.7415,0.7287,0.7317,4604852.0,3370619.83
2025-07-28 02:00:00,0.7317,0.753,0.7289,0.7463,2763219.0,2056395.2718
2025-07-28 03:00:00,0.7463,0.7495,0.7417,0.7454,842477.0,627425.5132
2025-07-28 04:00:00,0.7454,0.8399,0.7383,0.8081,14340168.0,11494669.8017
2025-07-28 05:00:00,0.8081,0.8479,0.8068,0.8079,15629394.0,12876301.2796
2025-07-28 06:00:00,0.8079,0.821,0.8014,0.8163,5576510.0,4518454.1226
2025-07-28 07:00:00,0.8163,0.84,0.8075,0.8218,13850735.0,11388780.7432
2025-07-28 08:00:00,0.8218,0.8234,0.8015,0.8233,8172771.0,6651905.3239
2025-07-28 09:00:00,0.8233,0.8722,0.823,0.8259,21016536.0,17782243.1382
2025-07-28 10:00:00,0.8259,0.8316,0.8153,0.8283,8736437.0,7200797.4225
2025-07-28 11:00:00,0.8283,0.8344,0.8166,0.8211,4862798.0,4010870.7369
2025-07-28 12:00:00,0.8211,0.8219,0.809,0.8124,4704994.0,3836368.8152
2025-07-28 13:00:00,0.8124,0.8167,0.7988,0.8035,7206434.0,5814332.024
2025-07-28 14:00:00,0.8035,0.8041,0.7808,0.7913,10252257.0,8103968.5465
2025-07-28 15:00:00,0.7913,0.803,0.7857,0.7909,4490017.0,3563758.5476
2025-07-28 16:00:00,0.7909,0.7981,0.7841,0.7911,2995233.0,2368119.432
2025-07-28 17:00:00,0.7911,0.8017,0.7861,0.7945,3081978.0,2450142.1668
2025-07-28 18:00:00,0.7945,0.8048,0.7865,0.7878,4114265.0,3271230.2566
2025-07-28 19:00:00,0.7878,0.792,0.768,0.7742,4349940.0,3387502.7757
2025-07-28 20:00:00,0.7742,0.7752,0.7567,0.7631,5722547.0,4382602.8961
2025-07-28 21:00:00,0.7631,0.7652,0.7519,0.757,4237842.0,3217370.7136
2025-07-28 22:00:00,0.757,0.7618,0.7442,0.7498,2929826.0,2204557.2871
2025-07-28 23:00:00,0.7498,0.758,0.7478,0.758,1808195.0,1362076.9309
2025-07-29 00:00:00,0.758,0.758,0.731,0.7371,4643697.0,3450098.7148
2025-07-29 01:00:00,0.7371,0.7446,0.7321,0.7331,2413936.0,1781495.4482
2025-07-29 02:00:00,0.7331,0.7344,0.7236,0.7265,1692117.0,1234093.2304
2025-07-29 03:00:00,0.7265,0.7506,0.7265,0.7485,2728602.0,2016123.763
2025-07-29 04:00:00,0.7485,0.7564,0.7429,0.7434,3119474.0,2336662.719
2025-07-29 05:00:00,0.7434,0.7844,0.7433,0.7831,3759282.0,2865377.8378
2025-07-29 06:00:00,0.7831,0.7861,0.7708,0.7826,2618881.0,2033990.4674
2025-07-29 07:00:00,0.7826,0.7862,0.7746,0.7808,8742201.0,6840494.0901
2025-07-29 08:00:00,0.7808,0.7818,0.7676,0.7748,4098082.0,3165384.7271
2025-07-29 09:00:00,0.7748,0.7766,0.7637,0.7672,1968993.0,1515168.2151
2025-07-29 10:00:00,0.7672,0.7678,0.7517,0.7531,2869973.0,2175908.2582
2025-07-29 11:00:00,0.7531,0.7586,0.7513,0.755,3060435.0,2310327.3131
2025-07-29 12:00:00,0.755,0.7726,0.754,0.7653,5860853.0,4468611.6653
2025-07-29 13:00:00,0.7653,0.7703,0.7527,0.754,3873665.0,2959130.4824
2025-07-29 14:00:00,0.754,0.7545,0.7232,0.7277,9220891.0,6814198.7292
2025-07-29 15:00:00,0.7277,0.7342,0.722,0.7319,4059663.0,2952148.5649
2025-07-29 16:00:00,0.7319,0.7331,0.7139,0.724,4020365.0,2897838.3695
2025-07-29 17:00:00,0.724,0.7336,0.7197,0.7214,2507504.0,1819702.5025
2025-07-29 18:00:00,0.7214,0.7274,0.7174,0.7241,3194348.0,2306934.2631
2025-07-29 19:00:00,0.7241,0.7294,0.7165,0.7195,3151756.0,2273776.3619
2025-07-29 20:00:00,0.7195,0.7268,0.7098,0.7162,3696065.0,2648130.5998
2025-07-29 21:00:00,0.7162,0.7281,0.7123,0.7258,1979915.0,1421473.7302
2025-07-29 22:00:00,0.7258,0.7322,0.7189,0.73,1727334.0,1252031.6768
2025-07-29 23:00:00,0.73,0.7351,0.7211,0.7258,2517133.0,1828340.3459
2025-07-30 00:00:00,0.7258,0.7261,0.7114,0.7177,2493675.0,1789702.3152
2025-07-30 01:00:00,0.7177,0.7268,0.7088,0.7195,3636496.0,2603257.8637
2025-07-30 02:00:00,0.7195,0.7263,0.7156,0.7233,2078824.0,1499341.0182
2025-07-30 03:00:00,0.7233,0.726,0.7187,0.719,2125513.0,1534825.0799
2025-07-30 04:00:00,0.719,0.7243,0.7121,0.7139,2802049.0,2009708.6645
2025-07-30 05:00:00,0.7139,0.7225,0.7106,0.719,2623910.0,1879032.7675
2025-07-30 06:00:00,0.719,0.7213,0.7143,0.7182,2019294.0,1450306.8618
2025-07-30 07:00:00,0.7182,0.722,0.7088,0.7116,2656326.0,1893560.8783
2025-07-30 08:00:00,0.7116,0.7174,0.7057,0.7129,2934067.0,2085922.1742
2025-07-30 09:00:00,0.7129,0.7155,0.7021,0.7039,3954013.0,2796538.8935
2025-07-30 10:00:00,0.7039,0.7093,0.6954,0.6974,3695255.0,2597411.1431
2025-07-30 11:00:00,0.6974,0.7014,0.6804,0.6839,6260493.0,4313583.4724
2025-07-30 12:00:00,0.6839,0.694,0.6787,0.6871,4798496.0,3289555.0069
2025-07-30 13:00:00,0.6871,0.6909,0.6823,0.6861,2495698.0,1712744.396
2025-07-30 14:00:00,0.6861,0.7053,0.6826,0.7038,4372793.0,3024237.5486
2025-07-30 15:00:00,0.7038,0.704,0.6904,0.6967,2544638.0,1770721.8364
2025-07-30 16:00:00,0.6967,0.7113,0.6948,0.7068,3025781.0,2133186.1818
2025-07-30 17:00:00,0.7068,0.7131,0.7017,0.7122,1483937.0,1050448.6892
2025-07-30 18:00:00,0.7122,0.7171,0.6939,0.6949,3177170.0,2246852.7547
2025-07-30 19:00:00,0.6949,0.7036,0.6668,0.7011,6608332.0,4533413.2532
2025-07-30 20:00:00,0.7011,0.7113,0.6989,0.7023,3589720.0,2527436.9132
2025-07-30 21:00:00,0.7023,0.7075,0.6925,0.6984,3198916.0,2234222.2084
2025-07-30 22:00:00,0.6984,0.7,0.692,0.6947,1020193.0,708816.9381
2025-07-30 23:00:00,0.6947,0.7087,0.6942,0.706,1238123.0,870283.9843
2025-07-31 00:00:00,0.706,0.714,0.7004,0.7137,1331626.0,942891.8851
2025-07-31 01:00:00,0.7137,0.7169,0.7099,0.7124,1165605.0,830664.8186
2025-07-31 02:00:00,0.7124,0.7166,0.7093,0.7148,732875.0,522506.7381
2025-07-31 03:00:00,0.7148,0.7195,0.7132,0.717,503338.0,360759.512
2025-07-31 04:00:00,0.717,0.7213,0.7152,0.7205,710427.0,510134.7163
2025-07-31 05:00:00,0.7205,0.7231,0.719,0.7223,1466990.0,1058009.5141
2025-07-31 06:00:00,0.7223,0.7274,0.7183,0.7266,1297501.0,938243.6768
2025-07-31 07:00:00,0.7266,0.7272,0.7206,0.7247,1402581.0,1016144.5178
2025-07-31 08:00:00,0.7247,0.7294,0.7224,0.7242,999347.0,724752.1726
2025-07-31 09:00:00,0.7242,0.7271,0.7211,0.7255,1395860.0,1010772.3163
2025-07-31 10:00:00,0.7255,0.7261,0.7194,0.7201,2108165.0,1522342.5587
2025-07-31 11:00:00,0.7201,0.7211,0.7132,0.7159,2702541.0,1938804.795
2025-07-31 12:00:00,0.7159,0.7174,0.705,0.7088,2681995.0,1905014.4072
2025-07-31 13:00:00,0.7088,0.7089,0.691,0.696,3968599.0,2766808.9768
2025-07-31 14:00:00,0.696,0.6989,0.6797,0.684,4257573.0,2931043.2668
2025-07-31 15:00:00,0.684,0.6969,0.6822,0.692,2783958.0,1921896.3885
2025-07-31 16:00:00,0.692,0.7106,0.6902,0.7045,6700630.0,4702415.2338
2025-07-31 17:00:00,0.7045,0.7045,0.6905,0.6931,5683184.0,3962111.0734
2025-07-31 18:00:00,0.6931,0.697,0.6847,0.6912,3246280.0,2243360.2526
2025-07-31 19:00:00,0.6912,0.6932,0.6836,0.6863,2544450.0,1750028.8854
2025-07-31 20:00:00,0.6863,0.688,0.6793,0.6838,2344795.0,1602218.4974
2025-07-31 21:00:00,0.6838,0.6888,0.6731,0.6802,2399073.0,1632803.676
2025-07-31 22:00:00,0.6802,0.6802,0.6662,0.6689,2920928.0,1961243.3205
2025-07-31 23:00:00,0.6689,0.6757,0.6617,0.6664,2058112.0,1373241.1791
2025-08-01 00:00:00,0.6664,0.67,0.646,0.6622,4434036.0,2918943.9376
2025-08-01 01:00:00,0.6622,0.6666,0.653,0.6605,1983093.0,1308386.1987
2025-08-01 02:00:00,0.6605,0.6705,0.6577,0.669,1012790.0,674503.5867
2025-08-01 03:00:00,0.669,0.6725,0.6645,0.6668,885019.0,591194.2487
2025-08-01 04:00:00,0.6668,0.6668,0.6593,0.6603,967775.0,640767.9765
2025-08-01 05:00:00,0.6603,0.6632,0.6524,0.6553,1467521.0,965229.6828
2025-08-01 06:00:00,0.6553,0.6576,0.6486,0.6562,1190148.0,777198.8313
2025-08-01 07:00:00,0.6562,0.6596,0.6503,0.6541,1710959.0,1118796.4335
2025-08-01 08:00:00,0.6541,0.6541,0.6373,0.647,3176138.0,2050675.1062
2025-08-01 09:00:00,0.647,0.656,0.6463,0.6471,1567150.0,1018290.009
2025-08-01 10:00:00,0.6471,0.653,0.6463,0.6528,1282155.0,833076.5945
2025-08-01 11:00:00,0.6528,0.657,0.649,0.6557,1373693.0,896854.3291
2025-08-01 12:00:00,0.6557,0.6658,0.6534,0.6572,2172293.0,1431161.7015
2025-08-01 13:00:00,0.6572,0.6624,0.6372,0.6432,4119566.0,2694365.8999
2025-08-01 14:00:00,0.6432,0.6646,0.6388,0.6613,4176804.0,2747665.6511
2025-08-01 15:00:00,0.6613,0.6624,0.6486,0.6592,2677969.0,1754397.8229
2025-08-01 16:00:00,0.6592,0.6638,0.648,0.6503,2353498.0,1544798.345
2025-08-01 17:00:00,0.6503,0.6551,0.6434,0.6456,1811887.0,1172526.1944
2025-08-01 18:00:00,0.6456,0.6538,0.639,0.6477,2887979.0,1866444.3981
2025-08-01 19:00:00,0.6477,0.6607,0.6465,0.6601,1876836.0,1228916.7239
2025-08-01 20:00:00,0.6601,0.6621,0.6425,0.656,2081460.0,1356832.9168
2025-08-01 21:00:00,0.656,0.6617,0.6548,0.6554,1512045.0,996223.8185
2025-08-01 22:00:00,0.6554,0.6566,0.621,0.6367,4708018.0,3005169.7273
2025-08-01 23:00:00,0.6367,0.6498,0.6349,0.6471,2127465.0,1369520.8685
2025-08-02 00:00:00,0.6471,0.6533,0.6457,0.6531,1166563.0,758507.065
2025-08-02 01:00:00,0.6531,0.6538,0.6477,0.6532,596506.0,388431.2123
2025-08-02 02:00:00,0.6532,0.6543,0.6498,0.651,410219.0,267440.7678
2025-08-02 03:00:00,0.651,0.6527,0.6499,0.6522,407961.0,265641.1651
2025-08-02 04:00:00,0.6522,0.6537,0.6504,0.6531,763078.0,497898.3289
2025-08-02 05:00:00,0.6531,0.6536,0.6501,0.6503,438057.0,285527.5964
2025-08-02 06:00:00,0.6503,0.6504,0.6307,0.6361,2667010.0,1704447.6147
2025-08-02 07:00:00,0.6361,0.6483,0.6294,0.6475,3905600.0,2495231.2653
2025-08-02 08:00:00,0.6475,0.6476,0.6344,0.6345,4338976.0,2771408.8672
2025-08-02 09:00:00,0.6345,0.6382,0.6323,0.6362,2482539.0,1578733.7313
2025-08-02 10:00:00,0.6362,0.6365,0.6284,0.6349,2253275.0,1425539.7715
2025-08-02 11:00:00,0.6349,0.6424,0.631,0.6387,1962755.0,1250375.0669
2025-08-02 12:00:00,0.6387,0.6392,0.6319,0.638,1314967.0,836648.7354
2025-08-02 13:00:00,0.638,0.6409,0.6322,0.6388,2480265.0,1580958.0754
2025-08-02 14:00:00,0.6388,0.6393,0.6259,0.6294,1812336.0,1144366.011
2025-08-02 15:00:00,0.6294,0.6368,0.6255,0.628,1931742.0,1219872.3099
2025-08-02 16:00:00,0.628,0.6375,0.6234,0.6329,2283481.0,1436689.6049
2025-08-02 17:00:00,0.6329,0.6381,0.6196,0.6239,2324155.0,1462396.8637
2025-08-02 18:00:00,0.6239,0.6261,0.6139,0.6185,4563130.0,2828408.1489
2025-08-02 19:00:00,0.6185,0.6324,0.6149,0.624,1642002.0,1025173.5933
2025-08-02 20:00:00,0.624,0.6321,0.624,0.6319,1417375.0,891561.7958
2025-08-02 21:00:00,0.6319,0.6361,0.6273,0.6308,1048263.0,661343.9189
2025-08-02 22:00:00,0.6308,0.6366,0.6273,0.6343,1123446.0,710460.1137
2025-08-02 23:00:00,0.6343,0.6357,0.6257,0.6309,1299511.0,819646.9992
2025-08-03 00:00:00,0.6309,0.6374,0.6226,0.637,1290399.0,812957.2814
2025-08-03 01:00:00,0.637,0.6384,0.6334,0.6355,679445.0,432068.6719
2025-08-03 02:00:00,0.6355,0.643,0.6353,0.642,234256.0,150080.2394
2025-08-03 03:00:00,0.642,0.6423,0.64,0.6402,263696.0,169115.9104
2025-08-03 04:00:00,0.6402,0.6411,0.6367,0.6404,437569.0,279543.3164
2025-08-03 05:00:00,0.6404,0.6425,0.6397,0.6417,1090349.0,699160.4272
2025-08-03 06:00:00,0.6417,0.6426,0.6394,0.6409,448490.0,287506.9989
2025-08-03 07:00:00,0.6409,0.6435,0.6409,0.6422,1471283.0,944571.3151
2025-08-03 08:00:00,0.6422,0.6441,0.6407,0.6431,1120470.0,720028.2374
2025-08-03 09:00:00,0.6431,0.6464,0.6418,0.646,1475002.0,950420.564
2025-08-03 10:00:00,0.646,0.649,0.6454,0.6472,1180697.0,764054.6016
2025-08-03 11:00:00,0.6472,0.6521,0.6472,0.6479,1109252.0,720275.3146
2025-08-03 12:00:00,0.6479,0.6519,0.6457,0.6496,1185338.0,769659.6005
2025-08-03 13:00:00,0.6496,0.6512,0.6475,0.6492,1013098.0,657867.6818
2025-08-03 14:00:00,0.6492,0.6511,0.6456,0.6495,2066239.0,1338519.5387
2025-08-03 15:00:00,0.6495,0.6511,0.6469,0.6505,1221226.0,792257.8102
2025-08-03 16:00:00,0.6505,0.6525,0.6479,0.6515,1878238.0,1220430.5879
2025-08-03 17:00:00,0.6515,0.6523,0.6479,0.6504,1589458.0,1033054.2009
2025-08-03 18:00:00,0.6504,0.6525,0.6486,0.6519,1100556.0,715623.8817
2025-08-03 19:00:00,0.6519,0.6557,0.6508,0.6517,1329174.0,868874.6706
2025-08-03 20:00:00,0.6517,0.6539,0.6498,0.6527,901027.0,587514.4942
2025-08-03 21:00:00,0.6527,0.6551,0.6522,0.6548,789576.0,516375.2644
2025-08-03 22:00:00,0.6548,0.6571,0.6514,0.6551,3064521.0,2003776.7674
2025-08-03 23:00:00,0.6551,0.6595,0.654,0.6558,805963.0,529376.2438
2025-08-04 00:00:00,0.6558,0.6689,0.6552,0.6687,1863536.0,1232486.1187
2025-08-04 01:00:00,0.6687,0.6698,0.6619,0.6641,1573583.0,1046497.0542
2025-08-04 02:00:00,0.6641,0.6689,0.6614,0.6682,2001400.0,1333312.0176
2025-08-04 03:00:00,0.6682,0.669,0.6642,0.666,626792.0,417623.0784
2025-08-04 04:00:00,0.666,0.669,0.6627,0.6631,290501.0,193139.3526
2025-08-04 05:00:00,0.6631,0.6712,0.6626,0.6696,477384.0,318071.139
2025-08-04 06:00:00,0.6696,0.6728,0.664,0.6667,745609.0,497143.3532
2025-08-04 07:00:00,0.6667,0.6699,0.6658,0.6682,566080.0,378242.2925
2025-08-04 08:00:00,0.6682,0.6708,0.6652,0.6672,1090838.0,728667.0375
2025-08-04 09:00:00,0.6672,0.6683,0.6633,0.6642,1012497.0,673927.6
2025-08-04 10:00:00,0.6642,0.6676,0.6628,0.6655,1377033.0,915154.2047
2025-08-04 11:00:00,0.6655,0.6668,0.6627,0.6648,1549462.0,1029847.0331
2025-08-04 12:00:00,0.6648,0.6695,0.6638,0.6679,1163126.0,775762.6536
2025-08-04 13:00:00,0.6679,0.6781,0.6659,0.6776,2154825.0,1448116.8768
2025-08-04 14:00:00,0.6776,0.687,0.6771,0.6839,2694371.0,1838411.6573
2025-08-04 15:00:00,0.6839,0.6916,0.6829,0.6912,3450935.0,2372842.9475
2025-08-04 16:00:00,0.6912,0.7071,0.6892,0.7065,4984834.0,3482768.0844
2025-08-04 17:00:00,0.7065,0.7149,0.7048,0.7117,3042718.0,2159696.525
2025-08-04 18:00:00,0.7117,0.713,0.7001,0.7034,1854509.0,1306608.7971
2025-08-04 19:00:00,0.7034,0.7034,0.6963,0.6971,884701.0,617857.808
2025-08-04 20:00:00,0.6971,0.7057,0.6971,0.703,1533272.0,1075048.0101
2025-08-04 21:00:00,0.703,0.7112,0.7023,0.7089,1159631.0,819919.3398
2025-08-04 22:00:00,0.7089,0.7147,0.7085,0.7122,1073062.0,763654.8522
2025-08-04 23:00:00,0.7122,0.7124,0.7036,0.7043,1001169.0,708192.0025
2025-08-05 00:00:00,0.7043,0.7056,0.7012,0.7017,1001316.0,704448.7328
2025-08-05 01:00:00,0.7017,0.705,0.6998,0.7006,826343.0,580577.3203
2025-08-05 02:00:00,0.7006,0.7027,0.6965,0.6984,493226.0,344997.4101
2025-08-05 03:00:00,0.6984,0.6984,0.688,0.6891,940976.0,651717.3353
2025-08-05 04:00:00,0.6891,0.6911,0.6832,0.6846,1773196.0,1215041.3291
2025-08-05 05:00:00,0.6846,0.6899,0.6841,0.6891,1037364.0,711423.0313
2025-08-05 06:00:00,0.6891,0.6907,0.6803,0.6818,1679796.0,1149706.3231
2025-08-05 07:00:00,0.6818,0.6829,0.6688,0.6714,4949918.0,3344382.5139
2025-08-05 08:00:00,0.6714,0.6782,0.6699,0.6778,1319488.0,890313.0125
2025-08-05 09:00:00,0.6778,0.6872,0.6778,0.6858,1485388.0,1013537.6043
2025-08-05 10:00:00,0.6858,0.6929,0.6824,0.6916,1665163.0,1146231.567
2025-08-05 11:00:00,0.6916,0.6928,0.689,0.6896,1591714.0,1100064.8879
2025-08-05 12:00:00,0.6896,0.6904,0.6757,0.6816,2722887.0,1863216.7824
2025-08-05 13:00:00,0.6816,0.686,0.6794,0.6845,1354692.0,924500.2842
2025-08-05 14:00:00,0.6845,0.6847,0.6665,0.6704,2650478.0,1784252.2599
2025-08-05 15:00:00,0.6704,0.6749,0.6609,0.6644,2907683.0,1935924.5966
2025-08-05 16:00:00,0.6644,0.6704,0.6617,0.6654,2069226.0,1378046.0293
2025-08-05 17:00:00,0.6654,0.6717,0.6641,0.6694,1348891.0,901722.8005
2025-08-05 18:00:00,0.6694,0.6709,0.6626,0.6649,1086362.0,723500.6145
2025-08-05 19:00:00,0.6649,0.6677,0.6578,0.6593,2378425.0,1572832.7731
2025-08-05 20:00:00,0.6593,0.6659,0.6587,0.659,697353.0,461222.0378
2025-08-05 21:00:00,0.659,0.6626,0.6545,0.6551,823381.0,541287.7769
2025-08-05 22:00:00,0.6551,0.6572,0.6454,0.6559,1997976.0,1303870.0576
2025-08-05 23:00:00,0.6559,0.664,0.6554,0.6611,826938.0,546379.2573
2025-08-06 00:00:00,0.6611,0.6612,0.6468,0.6481,1062139.0,694142.6044
2025-08-06 01:00:00,0.6481,0.6495,0.643,0.6495,1430884.0,925695.6352
2025-08-06 02:00:00,0.6495,0.6509,0.644,0.6472,1266921.0,821970.4286
2025-08-06 03:00:00,0.6472,0.6479,0.6429,0.6453,1128653.0,727612.72
2025-08-06 04:00:00,0.6453,0.6466,0.6414,0.6463,1275025.0,820193.0631
2025-08-06 05:00:00,0.6463,0.6651,0.6446,0.6593,1739641.0,1145206.3219
2025-08-06 06:00:00,0.6593,0.6628,0.653,0.6614,1257072.0,826360.328
2025-08-06 07:00:00,0.6614,0.6684,0.6606,0.6676,1167672.0,776768.4953
2025-08-06 08:00:00,0.6676,0.6694,0.6589,0.662,3075621.0,2040379.6917
2025-08-06 09:00:00,0.662,0.669,0.6598,0.6651,1311939.0,872093.4161
2025-08-06 10:00:00,0.6651,0.6676,0.6607,0.6622,2501618.0,1659800.4364
2025-08-06 11:00:00,0.6622,0.6678,0.6602,0.6621,1629468.0,1081170.2454
2025-08-06 12:00:00,0.6621,0.6642,0.6556,0.6572,1888758.0,1245659.677
2025-08-06 13:00:00,0.6572,0.6627,0.6546,0.6596,2021878.0,1333524.6208
2025-08-06 14:00:00,0.6596,0.6709,0.6557,0.6709,3192649.0,2118999.9299
2025-08-06 15:00:00,0.6709,0.6768,0.6659,0.6753,2481674.0,1662525.0019
2025-08-06 16:00:00,0.6753,0.6778,0.6649,0.6664,1954537.0,1308010.4614
2025-08-06 17:00:00,0.6664,0.6722,0.664,0.672,1570131.0,1048796.8192
2025-08-06 18:00:00,0.672,0.6762,0.6679,0.6681,2381346.0,1602058.7652
2025-08-06 19:00:00,0.6681,0.6698,0.6656,0.6687,1109251.0,740660.1009
2025-08-06 20:00:00,0.6687,0.6691,0.6647,0.6679,871143.0,580786.7921
2025-08-06 21:00:00,0.6679,0.6707,0.6658,0.6694,880019.0,588019.9598
2025-08-06 22:00:00,0.6694,0.6716,0.6684,0.67,1429968.0,957982.6731
2025-08-06 23:00:00,0.67,0.6703,0.6659,0.6674,869117.0,580513.0445
2025-08-07 00:00:00,0.6674,0.6723,0.6669,0.6692,1082781.0,724783.6714
2025-08-07 01:00:00,0.6692,0.676,0.6666,0.6674,1627846.0,1092583.7787
2025-08-07 02:00:00,0.6674,0.6696,0.6648,0.6661,1331092.0,887747.7692
2025-08-07 03:00:00,0.6661,0.6677,0.6643,0.6646,405417.0,269999.9892
2025-08-07 04:00:00,0.6646,0.6731,0.6641,0.6702,696183.0,466562.1727
2025-08-07 05:00:00,0.6702,0.674,0.6672,0.671,823343.0,551761.8569
2025-08-07 06:00:00,0.671,0.6763,0.6697,0.6717,1463324.0,984691.4869
2025-08-07 07:00:00,0.6717,0.6751,0.671,0.673,720090.0,484877.3357
2025-08-07 08:00:00,0.673,0.6788,0.673,0.674,1355405.0,915774.6239
2025-08-07 09:00:00,0.674,0.6782,0.6724,0.6781,778202.0,526063.3642
2025-08-07 10:00:00,0.6781,0.699,0.6776,0.6984,3437629.0,2372690.4093
2025-08-07 11:00:00,0.6984,0.7,0.6945,0.6985,2592594.0,1809015.8323
2025-08-07 12:00:00,0.6985,0.7014,0.6949,0.7011,2362987.0,1650801.6133
2025-08-07 13:00:00,0.7011,0.706,0.7001,0.7014,3130779.0,2198922.5075
2025-08-07 14:00:00,0.7014,0.702,0.6915,0.6943,3090479.0,2150214.1557
2025-08-07 15:00:00,0.6943,0.6977,0.6913,0.697,2003707.0,1392738.4739
2025-08-07 16:00:00,0.697,0.6988,0.6818,0.6915,2779086.0,1921259.8751
2025-08-07 17:00:00,0.6915,0.694,0.6895,0.6929,1159770.0,801946.3044
2025-08-07 18:00:00,0.6929,0.6957,0.6896,0.6952,733296.0,507363.9893
2025-08-07 19:00:00,0.6952,0.7054,0.6941,0.7045,1743915.0,1222183.6312
2025-08-07 20:00:00,0.7045,0.712,0.7024,0.7107,1582436.0,1119986.0925
2025-08-07 21:00:00,0.7107,0.714,0.7073,0.7106,2286974.0,1626239.8828
2025-08-07 22:00:00,0.7106,0.7189,0.7096,0.7177,2397229.0,1710196.5869
2025-08-07 23:00:00,0.7177,0.7179,0.7127,0.7166,971471.0,694617.9539
2025-08-08 00:00:00,0.7166,0.7264,0.7058,0.7172,2851220.0,2039245.2373
2025-08-08 01:00:00,0.7172,0.7231,0.7077,0.7176,1894376.0,1357290.266
2025-08-08 02:00:00,0.7176,0.724,0.7138,0.7196,874805.0,628532.5825
2025-08-08 03:00:00,0.7196,0.7323,0.7184,0.7318,1156971.0,842505.8629
2025-08-08 04:00:00,0.7318,0.7325,0.7236,0.7241,1491478.0,1084856.2587
2025-08-08 05:00:00,0.7241,0.727,0.7191,0.7195,827971.0,597575.2621
2025-08-08 06:00:00,0.7195,0.7348,0.7195,0.7348,1816542.0,1323561.5162
2025-08-08 07:00:00,0.7348,0.7418,0.7289,0.7363,3219108.0,2367919.7342
2025-08-08 08:00:00,0.7363,0.7435,0.734,0.7368,3189317.0,2357060.0962
2025-08-08 09:00:00,0.7368,0.7448,0.7331,0.7416,2192330.0,1622576.423
2025-08-08 10:00:00,0.7416,0.7454,0.7355,0.7391,5088339.0,3763339.083
2025-08-08 11:00:00,0.7391,0.74,0.7345,0.7356,1766750.0,1301668.23
2025-08-08 12:00:00,0.7356,0.7361,0.727,0.7288,2263021.0,1652757.8253
2025-08-08 13:00:00,0.7288,0.7488,0.7281,0.7488,2497145.0,1845556.8667
2025-08-08 14:00:00,0.7488,0.753,0.7398,0.7486,4606352.0,3441981.3365
2025-08-08 15:00:00,0.7486,0.7504,0.7343,0.7424,4251590.0,3156603.9543
2025-08-08 16:00:00,0.7424,0.7481,0.7375,0.7449,1798571.0,1334876.4292
2025-08-08 17:00:00,0.7449,0.7652,0.7445,0.7633,2946391.0,2230979.0581
2025-08-08 18:00:00,0.7633,0.769,0.7564,0.7574,3201664.0,2440929.7625
2025-08-08 19:00:00,0.7574,0.7614,0.7539,0.7607,1818891.0,1376782.6316
2025-08-08 20:00:00,0.7607,0.7628,0.7569,0.7593,1252505.0,950844.2402
2025-08-08 21:00:00,0.7593,0.761,0.7554,0.7581,998519.0,756541.7108
2025-08-08 22:00:00,0.7581,0.7629,0.7564,0.7594,712851.0,541705.7662
2025-08-08 23:00:00,0.7594,0.7602,0.7563,0.7576,1196629.0,907918.987
2025-08-09 00:00:00,0.7576,0.7615,0.7568,0.7611,1154053.0,876776.1737
2025-08-09 01:00:00,0.7611,0.7726,0.7602,0.7714,1219012.0,935868.3952
2025-08-09 02:00:00,0.7714,0.7742,0.764,0.7648,1530846.0,1176226.7669
2025-08-09 03:00:00,0.7648,0.7705,0.7642,0.7695,1158780.0,890083.8067
2025-08-09 04:00:00,0.7695,0.777,0.766,0.7735,1608137.0,1242595.8008
2025-08-09 05:00:00,0.7735,0.798,0.7733,0.7976,4508475.0,3559735.557
2025-08-09 06:00:00,0.7976,0.7993,0.7843,0.7868,6790935.0,5400963.4215
2025-08-09 07:00:00,0.7868,0.7965,0.7842,0.7914,1836361.0,1450372.2666
2025-08-09 08:00:00,0.7914,0.797,0.7865,0.7891,2865033.0,2271137.1154
2025-08-09 09:00:00,0.7891,0.7968,0.7866,0.7954,1642346.0,1302203.7674
2025-08-09 10:00:00,0.7954,0.8019,0.792,0.7965,3230604.0,2575558.0596
2025-08-09 11:00:00,0.7965,0.8011,0.794,0.7977,9795853.0,7829624.5564
2025-08-09 12:00:00,0.7977,0.8012,0.7948,0.7969,8452463.0,6755064.6815
2025-08-09 13:00:00,0.7969,0.7969,0.7865,0.7871,2301063.0,1816626.9121
2025-08-09 14:00:00,0.7871,0.7895,0.7793,0.7884,1735492.0,1361715.9564
2025-08-09 15:00:00,0.7884,0.796,0.7845,0.7921,1862847.0,1472088.9861
2025-08-09 16:00:00,0.7921,0.7967,0.7898,0.7956,6096606.0,4836129.8927
2025-08-09 17:00:00,0.7956,0.7978,0.7918,0.7972,5262187.0,4181954.7166
2025-08-09 18:00:00,0.7972,0.8022,0.7936,0.8004,8698154.0,6958895.2961
2025-08-09 19:00:00,0.8004,0.8088,0.7999,0.8059,11229488.0,9014684.0219
2025-08-09 20:00:00,0.8059,0.8152,0.8053,0.8095,1926334.0,1561443.0572
2025-08-09 21:00:00,0.8095,0.8124,0.8034,0.8086,2691511.0,2170327.3136
2025-08-09 22:00:00,0.8086,0.816,0.8027,0.807,3637001.0,2942116.5345
2025-08-09 23:00:00,0.807,0.8136,0.8014,0.8097,2430339.0,1954455.7559
2025-08-10 00:00:00,0.8097,0.8164,0.7984,0.8122,3520141.0,2830970.092
2025-08-10 01:00:00,0.8122,0.8179,0.7995,0.8003,1503310.0,1211444.6328
2025-08-10 02:00:00,0.8003,0.8026,0.7906,0.792,1563970.0,1245809.5183
2025-08-10 03:00:00,0.792,0.7964,0.7872,0.794,2434317.0,1928739.5906
2025-08-10 04:00:00,0.794,0.798,0.79,0.795,906550.0,721128.5558
2025-08-10 05:00:00,0.795,0.7963,0.7855,0.7855,1684550.0,1332884.4347
2025-08-10 06:00:00,0.7855,0.7858,0.7694,0.7696,7531867.0,5837017.3791
2025-08-10 07:00:00,0.7696,0.7777,0.7606,0.7614,5914444.0,4543548.5014
2025-08-10 08:00:00,0.7614,0.7718,0.7535,0.7703,5506437.0,4186912.8906
2025-08-10 09:00:00,0.7703,0.7755,0.7679,0.7719,2956669.0,2285140.7388
2025-08-10 10:00:00,0.7719,0.772,0.7619,0.7648,1881161.0,1443217.5049
2025-08-10 11:00:00,0.7648,0.7687,0.7614,0.7616,2740224.0,2095103.2275
2025-08-10 12:00:00,0.7616,0.7677,0.7598,0.7669,773954.0,591041.8452
2025-08-10 13:00:00,0.7669,0.7712,0.7624,0.7631,1255940.0,963514.5094
2025-08-10 14:00:00,0.7631,0.7833,0.7622,0.7799,3282708.0,2549030.8248
2025-08-10 15:00:00,0.7799,0.7878,0.7767,0.7775,3387523.0,2645456.2248
2025-08-10 16:00:00,0.7775,0.7834,0.7755,0.7817,2183333.0,1699250.0574
2025-08-10 17:00:00,0.7817,0.7838,0.7764,0.78,1157842.0,902257.9662
2025-08-10 18:00:00,0.78,0.7853,0.7795,0.7824,510214.0,398734.9307
2025-08-10 19:00:00,0.7824,0.7869,0.7805,0.7829,883754.0,693323.9037
2025-08-10 20:00:00,0.7829,0.7841,0.7779,0.781,1428395.0,1116424.3112
2025-08-10 21:00:00,0.781,0.7812,0.7718,0.781,1794045.0,1392041.4285
2025-08-10 22:00:00,0.781,0.7828,0.7756,0.7816,986124.0,769410.0899
2025-08-10 23:00:00,0.7816,0.7897,0.78,0.7888,965037.0,756696.1581
2025-08-11 00:00:00,0.7888,0.7938,0.7831,0.7832,1328438.0,1047965.407
2025-08-11 01:00:00,0.7832,0.8104,0.7819,0.7964,1596019.0,1272230.4148
2025-08-11 02:00:00,0.7964,0.8072,0.7961,0.8017,2606012.0,2095191.1846
2025-08-11 03:00:00,0.8017,0.807,0.7978,0.8017,1788418.0,1433356.7641
2025-08-11 04:00:00,0.8017,0.812,0.7983,0.7983,2064775.0,1660338.6762
2025-08-11 05:00:00,0.7983,0.8011,0.7912,0.7945,1493995.0,1190086.5233
2025-08-11 06:00:00,0.7945,0.7997,0.7913,0.7915,785017.0,623840.0115
2025-08-11 07:00:00,0.7915,0.7932,0.7816,0.7837,1609774.0,1265884.1505
2025-08-11 08:00:00,0.7837,0.7922,0.7815,0.7906,2722914.0,2149507.5965
2025-08-11 09:00:00,0.7906,0.7946,0.7857,0.7884,956467.0,755912.0992
2025-08-11 10:00:00,0.7884,0.7907,0.7795,0.7823,4259259.0,3349697.1287
2025-08-11 11:00:00,0.7823,0.7829,0.7561,0.7595,3669572.0,2820080.3505
2025-08-11 12:00:00,0.7595,0.7631,0.7547,0.7623,2389368.0,1815170.5749
2025-08-11 13:00:00,0.7623,0.7732,0.7511,0.7691,4143248.0,3155325.6188
2025-08-11 14:00:00,0.7691,0.7779,0.7646,0.7651,1792064.0,1379599.1539
2025-08-11 15:00:00,0.7651,0.7708,0.7604,0.7704,2257500.0,1726368.9782
2025-08-11 16:00:00,0.7704,0.7865,0.7702,0.774,4027974.0,3133645.0779
2025-08-11 17:00:00,0.774,0.775,0.7658,0.7684,1610993.0,1239632.5115
2025-08-11 18:00:00,0.7684,0.773,0.762,0.7699,1017780.0,780957.7945
2025-08-11 19:00:00,0.7699,0.7711,0.7607,0.7671,843689.0,646746.5871
2025-08-11 20:00:00,0.7671,0.7693,0.762,0.7669,1240008.0,949629.9608
2025-08-11 21:00:00,0.7669,0.77,0.7449,0.7542,3288328.0,2483906.9819
2025-08-11 22:00:00,0.7542,0.7544,0.7415,0.7494,1882000.0,1405392.0891
2025-08-11 23:00:00,0.7494,0.754,0.7476,0.748,1402843.0,1052498.4959
2025-08-12 00:00:00,0.748,0.759,0.7477,0.7565,1123763.0,846552.5039
2025-08-12 01:00:00,0.7565,0.7648,0.7526,0.7601,1174916.0,893262.7108
2025-08-12 02:00:00,0.7601,0.7692,0.758,0.7626,2741719.0,2094397.3226
2025-08-12 03:00:00,0.7626,0.7627,0.7568,0.7577,1858987.0,1411874.7422
2025-08-12 04:00:00,0.7577,0.761,0.7565,0.759,1027213.0,778982.9518
2025-08-12 05:00:00,0.759,0.7594,0.7466,0.7505,2698677.0,2025558.7074
2025-08-12 06:00:00,0.7505,0.7546,0.7434,0.7485,1918127.0,1437258.3531
2025-08-12 07:00:00,0.7485,0.7604,0.7482,0.7604,7621077.0,5756096.8089
2025-08-12 08:00:00,0.7604,0.7608,0.7502,0.7523,2497498.0,1884538.7843
2025-08-12 09:00:00,0.7523,0.7536,0.7457,0.746,3622972.0,2714367.1735
2025-08-12 10:00:00,0.746,0.747,0.7406,0.7438,1727590.0,1285113.4445
2025-08-12 11:00:00,0.7438,0.7519,0.7372,0.751,2350812.0,1748362.5286
2025-08-12 12:00:00,0.751,0.7814,0.7455,0.7703,4803962.0,3681537.6526
2025-08-12 13:00:00,0.7703,0.778,0.7557,0.7627,3685241.0,2824136.1469
2025-08-12 14:00:00,0.7627,0.7729,0.7609,0.7718,1904145.0,1461933.9456
2025-08-12 15:00:00,0.7718,0.7842,0.7716,0.7819,3590906.0,2792219.5443
2025-08-12 16:00:00,0.7819,0.7858,0.7782,0.7832,3064176.0,2395178.811
2025-08-12 17:00:00,0.7832,0.789,0.7808,0.7825,3421764.0,2685593.8409
2025-08-12 18:00:00,0.7825,0.7918,0.7805,0.7843,1671640.0,1314807.859
2025-08-12 19:00:00,0.7843,0.7893,0.7824,0.7876,1057483.0,831233.3428
2025-08-12 20:00:00,0.7876,0.7996,0.7866,0.7946,5184659.0,4109145.5942
2025-08-12 21:00:00,0.7946,0.795,0.7878,0.7903,1876415.0,1483872.2934
2025-08-12 22:00:00,0.7903,0.7923,0.7839,0.7871,1421404.0,1119726.1428
2025-08-12 23:00:00,0.7871,0.7898,0.783,0.7865,993061.0,780955.671
2025-08-13 00:00:00,0.7865,0.7924,0.7854,0.7874,1263428.0,996791.2475
2025-08-13 01:00:00,0.7874,0.7879,0.7743,0.7799,2053035.0,1598979.9041
2025-08-13 02:00:00,0.7799,0.7921,0.7753,0.7917,1460378.0,1146396.8753
2025-08-13 03:00:00,0.7917,0.7992,0.788,0.7946,2495860.0,1979323.7045
2025-08-13 04:00:00,0.7946,0.8001,0.7916,0.7953,2412367.0,1920918.4888
2025-08-13 05:00:00,0.7953,0.7964,0.7831,0.7834,1955388.0,1543774.9192
2025-08-13 06:00:00,0.7834,0.7868,0.7772,0.7827,1956464.0,1529762.9452
2025-08-13 07:00:00,0.7827,0.7946,0.7827,0.7944,1620494.0,1275416.7595
2025-08-13 08:00:00,0.7944,0.8111,0.7936,0.8021,4095091.0,3286081.469
2025-08-13 09:00:00,0.8021,0.816,0.8021,0.8135,3995245.0,3229862.5627
2025-08-13 10:00:00,0.8135,0.8219,0.8113,0.8162,5175223.0,4234074.1216
2025-08-13 11:00:00,0.8162,0.8216,0.8082,0.8151,5577251.0,4534712.8067
2025-08-13 12:00:00,0.8151,0.8209,0.8119,0.8127,3734361.0,3048451.2485
2025-08-13 13:00:00,0.8127,0.8423,0.8124,0.8286,7040395.0,5834094.2367
2025-08-13 14:00:00,0.8286,0.8484,0.8144,0.8287,11495811.0,9583467.897
2025-08-13 15:00:00,0.8287,0.8426,0.82,0.8387,5646703.0,4701821.7816
2025-08-13 16:00:00,0.8387,0.8641,0.8366,0.8495,6213053.0,5294996.2586
2025-08-13 17:00:00,0.8495,0.863,0.8495,0.8555,3087968.0,2645308.22
2025-08-13 18:00:00,0.8555,0.858,0.8282,0.8302,3669106.0,3086611.4587
2025-08-13 19:00:00,0.8302,0.8336,0.8255,0.833,2336958.0,1938981.8406
2025-08-13 20:00:00,0.833,0.844,0.8268,0.8384,2470757.0,2062822.7579
2025-08-13 21:00:00,0.8384,0.8511,0.8376,0.8485,1932389.0,1630562.5774
2025-08-13 22:00:00,0.8485,0.8834,0.844,0.8794,6921369.0,6012040.0313
2025-08-13 23:00:00,0.8794,0.883,0.8585,0.873,7202982.0,6260871.9809
2025-08-14 00:00:00,0.873,0.8737,0.8451,0.8458,3927144.0,3373567.3442
2025-08-14 01:00:00,0.8458,0.8538,0.8396,0.8495,2933640.0,2480449.6244
2025-08-14 02:00:00,0.8495,0.8581,0.8425,0.8543,2131309.0,1812466.5777
2025-08-14 03:00:00,0.8543,0.8586,0.8509,0.8549,1161366.0,991790.3533
2025-08-14 04:00:00,0.8549,0.8596,0.8442,0.845,3172033.0,2706683.793
2025-08-14 05:00:00,0.845,0.85,0.8333,0.8376,2929207.0,2463645.763
2025-08-14 06:00:00,0.8376,0.8438,0.8284,0.8374,3538281.0,2953690.7681
2025-08-14 07:00:00,0.8374,0.8385,0.8227,0.8286,3330128.0,2754672.1018
2025-08-14 08:00:00,0.8286,0.8289,0.8152,0.8182,3659996.0,3001819.2504
2025-08-14 09:00:00,0.8182,0.8293,0.8139,0.8254,3353418.0,2757000.0587
2025-08-14 10:00:00,0.8254,0.826,0.8113,0.8193,3356716.0,2749636.652
2025-08-14 11:00:00,0.8193,0.821,0.8118,0.8157,2293560.0,1871548.7255
2025-08-14 12:00:00,0.8157,0.8206,0.7561,0.7726,9132479.0,7201022.3134
2025-08-14 13:00:00,0.7726,0.784,0.7554,0.7795,8326285.0,6440736.7102
2025-08-14 14:00:00,0.7795,0.794,0.7751,0.7843,6715989.0,5262381.0735
2025-08-14 15:00:00,0.7843,0.7894,0.7745,0.7758,4271573.0,3337330.8595
2025-08-14 16:00:00,0.7758,0.7761,0.7587,0.7614,5621817.0,4297215.9955
2025-08-14 17:00:00,0.7614,0.7639,0.7546,0.7624,3515684.0,2670466.5295
2025-08-14 18:00:00,0.7624,0.7624,0.7475,0.7567,3880022.0,2934570.4601
2025-08-14 19:00:00,0.7567,0.763,0.7567,0.7585,1813513.0,1378456.8959
2025-08-14 20:00:00,0.7585,0.7585,0.7496,0.7564,2872388.0,2167611.9123
2025-08-14 21:00:00,0.7564,0.7564,0.7389,0.7459,6205351.0,4630089.6471
2025-08-14 22:00:00,0.7459,0.7538,0.7407,0.7515,3067592.0,2298474.0163
2025-08-14 23:00:00,0.7515,0.7557,0.7505,0.7517,1776862.0,1338498.81
2025-08-15 00:00:00,0.7517,0.761,0.7485,0.7519,2182016.0,1648255.8567
2025-08-15 01:00:00,0.7519,0.7598,0.7485,0.7576,1261766.0,953532.6839
2025-08-15 02:00:00,0.7576,0.7585,0.7541,0.755,431064.0,325920.7867
2025-08-15 03:00:00,0.755,0.7671,0.7529,0.7601,1620423.0,1232168.9443
2025-08-15 04:00:00,0.7601,0.765,0.7541,0.755,2153417.0,1633584.5465
2025-08-15 05:00:00,0.755,0.7587,0.7518,0.7585,2228947.0,1681845.1057
2025-08-15 06:00:00,0.7585,0.7719,0.7585,0.7652,2727939.0,2088514.9475
2025-08-15 07:00:00,0.7652,0.7654,0.7547,0.7597,2257812.0,1716543.1033
2025-08-15 08:00:00,0.7597,0.764,0.7555,0.7581,1662062.0,1262507.7524
2025-08-15 09:00:00,0.7581,0.7599,0.7472,0.7502,2657860.0,2005250.249
2025-08-15 10:00:00,0.7502,0.7574,0.7493,0.7514,3227845.0,2430082.7962
2025-08-15 11:00:00,0.7514,0.7549,0.7485,0.7505,2245719.0,1687599.6736
2025-08-15 12:00:00,0.7505,0.7647,0.7439,0.7538,5465743.0,4113251.99
2025-08-15 13:00:00,0.7538,0.757,0.7427,0.7443,3413247.0,2558688.1188
2025-08-15 14:00:00,0.7443,0.7483,0.7282,0.7316,6685039.0,4924618.8859
2025-08-15 15:00:00,0.7316,0.733,0.7112,0.7174,7381733.0,5330417.375
2025-08-15 16:00:00,0.7174,0.724,0.7089,0.72,3285909.0,2355049.9197
2025-08-15 17:00:00,0.72,0.7297,0.7147,0.7241,1978430.0,1429540.8764
2025-08-15 18:00:00,0.7241,0.7262,0.7128,0.7162,3807572.0,2740899.6198
2025-08-15 19:00:00,0.7162,0.7232,0.7148,0.7172,1247950.0,896114.906
2025-08-15 20:00:00,0.7172,0.7228,0.7143,0.7219,2083179.0,1497841.5471
2025-08-15 21:00:00,0.7219,0.7242,0.7176,0.7239,470649.0,339660.9507
2025-08-15 22:00:00,0.7239,0.7332,0.7213,0.7331,1250022.0,908715.192
2025-08-15 23:00:00,0.7331,0.7348,0.7191,0.7228,1626448.0,1179386.1546
2025-08-16 00:00:00,0.7228,0.7333,0.7217,0.731,1408844.0,1026073.7019
2025-08-16 01:00:00,0.731,0.7336,0.7273,0.7318,511329.0,373547.2654
2025-08-16 02:00:00,0.7318,0.732,0.7265,0.7276,252189.0,183963.1967
2025-08-16 03:00:00,0.7276,0.7296,0.725,0.7257,1933216.0,1405532.8357
2025-08-16 04:00:00,0.7257,0.7306,0.7239,0.7302,714394.0,519409.7423
2025-08-16 05:00:00,0.7302,0.7302,0.7227,0.7232,767015.0,556304.5194
2025-08-16 06:00:00,0.7232,0.7249,0.7206,0.7215,587083.0,424364.508
2025-08-16 07:00:00,0.7215,0.7278,0.721,0.7242,449039.0,325355.6593
2025-08-16 08:00:00,0.7242,0.7257,0.7202,0.7209,1178272.0,851032.6226
2025-08-16 09:00:00,0.7209,0.7257,0.7147,0.7152,1368147.0,985673.3636
2025-08-16 10:00:00,0.7152,0.7195,0.7131,0.7178,2301298.0,1650651.3632
2025-08-16 11:00:00,0.7178,0.7252,0.717,0.7173,1367827.0,987008.6997
2025-08-16 12:00:00,0.7173,0.7243,0.7146,0.7241,1381536.0,993991.2034
2025-08-16 13:00:00,0.7241,0.73,0.7214,0.7215,2241215.0,1628689.6634
2025-08-16 14:00:00,0.7215,0.7322,0.72,0.731,3559378.0,2580486.5317
2025-08-16 15:00:00,0.731,0.7372,0.7307,0.7332,2591258.0,1900963.4324
2025-08-16 16:00:00,0.7332,0.738,0.7308,0.7327,2484540.0,1822792.6357
2025-08-16 17:00:00,0.7327,0.7329,0.7278,0.7292,2525021.0,1842439.4859
2025-08-16 18:00:00,0.7292,0.735,0.7272,0.7332,2315155.0,1691054.9918
2025-08-16 19:00:00,0.7332,0.7352,0.7312,0.7314,593975.0,435521.9781
2025-08-16 20:00:00,0.7314,0.7398,0.7311,0.7378,1218718.0,896861.5504
2025-08-16 21:00:00,0.7378,0.7378,0.7344,0.7345,667700.0,491586.4745
2025-08-16 22:00:00,0.7345,0.7423,0.7327,0.7408,1094522.0,808742.396
2025-08-16 23:00:00,0.7408,0.7412,0.737,0.7399,664896.0,491746.3335
2025-08-17 00:00:00,0.7399,0.741,0.7351,0.7359,942063.0,695565.737
2025-08-17 01:00:00,0.7359,0.7376,0.7334,0.7361,626908.0,460823.274
2025-08-17 02:00:00,0.7361,0.7412,0.733,0.741,1264651.0,931469.3175
2025-08-17 03:00:00,0.741,0.7447,0.7365,0.7434,1444035.0,1070450.7695
2025-08-17 04:00:00,0.7434,0.7542,0.7417,0.7524,2438847.0,1824887.9973
2025-08-17 05:00:00,0.7524,0.76,0.7475,0.749,3345093.0,2524698.8611
2025-08-17 06:00:00,0.749,0.7542,0.7482,0.7484,1717840.0,1289723.7095
2025-08-17 07:00:00,0.7484,0.764,0.7479,0.76,1589963.0,1203357.9424
2025-08-17 08:00:00,0.76,0.7729,0.7566,0.7712,1777443.0,1360361.5798
2025-08-17 09:00:00,0.7712,0.7727,0.7664,0.7711,2523423.0,1943524.8482
2025-08-17 10:00:00,0.7711,0.7746,0.764,0.7697,1743139.0,1338605.9609
2025-08-17 11:00:00,0.7697,0.7697,0.7645,0.7665,1057470.0,810262.4083
2025-08-17 12:00:00,0.7665,0.7674,0.7587,0.7602,1204930.0,920008.9942
2025-08-17 13:00:00,0.7602,0.7653,0.7573,0.7622,1919917.0,1461604.1029
2025-08-17 14:00:00,0.7622,0.7728,0.7602,0.7725,2900978.0,2218431.6412
2025-08-17 15:00:00,0.7725,0.7797,0.7681,0.7789,3175085.0,2462354.0413
2025-08-17 16:00:00,0.7789,0.7856,0.7659,0.769,3438044.0,2667328.4217
2025-08-17 17:00:00,0.769,0.7744,0.7661,0.771,1555388.0,1198779.5109
2025-08-17 18:00:00,0.771,0.7723,0.7531,0.7619,1950137.0,1489575.2714
2025-08-17 19:00:00,0.7619,0.7642,0.7569,0.758,1961780.0,1491833.1818
2025-08-17 20:00:00,0.758,0.7646,0.7579,0.7614,866806.0,659753.3022
2025-08-17 21:00:00,0.7614,0.7626,0.7578,0.7597,276377.0,210146.3001
2025-08-17 22:00:00,0.7597,0.7704,0.7587,0.7689,814669.0,624245.5189
2025-08-17 23:00:00,0.7689,0.769,0.7592,0.7605,689123.0,526032.9151
2025-08-18 00:00:00,0.7605,0.7623,0.7532,0.7609,994614.0,754276.1272
2025-08-18 01:00:00,0.7609,0.7634,0.7452,0.7468,1720689.0,1293852.0067
2025-08-18 02:00:00,0.7468,0.7482,0.7286,0.7307,2934765.0,2162171.0011
2025-08-18 03:00:00,0.7307,0.7336,0.7227,0.7319,3072972.0,2238993.9452
2025-08-18 04:00:00,0.7319,0.7434,0.7284,0.7389,3295881.0,2424973.479
2025-08-18 05:00:00,0.7389,0.7414,0.728,0.7372,2924680.0,2150586.7745
2025-08-18 06:00:00,0.7372,0.739,0.7212,0.7269,7291082.0,5303067.3511
2025-08-18 07:00:00,0.7269,0.7299,0.7223,0.7244,2875665.0,2087216.9919
2025-08-18 08:00:00,0.7244,0.7289,0.7208,0.7212,3582625.0,2591557.3129
2025-08-18 09:00:00,0.7212,0.7307,0.7144,0.7264,4939989.0,3556083.3601
2025-08-18 10:00:00,0.7264,0.7292,0.7239,0.7249,1895374.0,1376195.9457
2025-08-18 11:00:00,0.7249,0.7273,0.722,0.7247,3353932.0,2428680.1139
2025-08-18 12:00:00,0.7247,0.7388,0.7223,0.7387,2665666.0,1946689.0781
2025-08-18 13:00:00,0.7387,0.7409,0.7246,0.7246,2691313.0,1974341.984
2025-08-18 14:00:00,0.7246,0.7293,0.7171,0.7274,2471521.0,1789607.2176
2025-08-18 15:00:00,0.7274,0.7286,0.7197,0.7285,2144050.0,1552291.1922
2025-08-18 16:00:00,0.7285,0.7317,0.7178,0.7196,2528242.0,1827489.6846
2025-08-18 17:00:00,0.7196,0.737,0.7191,0.7261,2211727.0,1610958.3527
2025-08-18 18:00:00,0.7261,0.7323,0.7226,0.7319,1523530.0,1106449.1183
2025-08-18 19:00:00,0.7319,0.7345,0.7252,0.7274,1484940.0,1082196.9531
2025-08-18 20:00:00,0.7274,0.7301,0.7206,0.725,1110931.0,806125.5243
2025-08-18 21:00:00,0.725,0.733,0.7229,0.731,1319186.0,960446.9096
2025-08-18 22:00:00,0.731,0.7391,0.727,0.7273,1241963.0,912985.9138
2025-08-18 23:00:00,0.7273,0.7295,0.7197,0.7211,1379783.0,997613.3659
2025-08-19 00:00:00,0.7211,0.731,0.7115,0.731,1262302.0,908487.5394
2025-08-19 01:00:00,0.731,0.7352,0.7174,0.7195,1154763.0,839959.226
2025-08-19 02:00:00,0.7195,0.7219,0.716,0.7174,583667.0,419181.506
2025-08-19 03:00:00,0.7174,0.7181,0.7037,0.7068,1272054.0,903717.0674
2025-08-19 04:00:00,0.7068,0.7145,0.7009,0.7145,1587163.0,1121453.527
2025-08-19 05:00:00,0.7145,0.7164,0.7107,0.7107,1035099.0,738516.9519
2025-08-19 06:00:00,0.7107,0.7119,0.7066,0.7082,1776280.0,1260292.4728
2025-08-19 07:00:00,0.7082,0.7086,0.7017,0.7055,1126438.0,793989.3082
2025-08-19 08:00:00,0.7055,0.7102,0.6986,0.7064,1631198.0,1145672.4775
2025-08-19 09:00:00,0.7064,0.7163,0.7064,0.713,1790911.0,1275434.531
2025-08-19 10:00:00,0.713,0.7212,0.7118,0.7184,2452683.0,1761764.465
2025-08-19 11:00:00,0.7184,0.7241,0.717,0.7234,1208726.0,871421.6996
2025-08-19 12:00:00,0.7234,0.7242,0.7168,0.7198,1319075.0,950458.4048
2025-08-19 13:00:00,0.7198,0.7256,0.7084,0.7145,1812872.0,1297416.9373
2025-08-19 14:00:00,0.7145,0.7182,0.6935,0.7,3036952.0,2130761.5392
2025-08-19 15:00:00,0.7,0.7104,0.6959,0.7022,1928006.0,1357986.7545
2025-08-19 16:00:00,0.7022,0.7048,0.6903,0.6924,3092776.0,2162899.4573
2025-08-19 17:00:00,0.6924,0.6987,0.6869,0.6968,2298246.0,1594485.1908
2025-08-19 18:00:00,0.6968,0.6971,0.6853,0.6888,1804713.0,1248311.1398
2025-08-19 19:00:00,0.6888,0.6977,0.6847,0.6926,1602753.0,1109377.1528
2025-08-19 20:00:00,0.6926,0.6993,0.6892,0.6991,1109734.0,771320.2194
2025-08-19 21:00:00,0.6991,0.6991,0.694,0.6972,831511.0,579181.1019
2025-08-19 22:00:00,0.6972,0.6975,0.6918,0.6936,1301858.0,903686.5728
2025-08-19 23:00:00,0.6936,0.6941,0.6852,0.6873,963240.0,663315.4581
2025-08-20 00:00:00,0.6873,0.6952,0.687,0.6889,972157.0,672061.6271
2025-08-20 01:00:00,0.6889,0.6942,0.6819,0.6931,1263489.0,867105.6583
2025-08-20 02:00:00,0.6931,0.6967,0.6913,0.6941,322565.0,224108.2974
2025-08-20 03:00:00,0.6941,0.7013,0.6922,0.697,619040.0,432027.4789
2025-08-20 04:00:00,0.697,0.7067,0.697,0.7049,1100351.0,773880.4171
2025-08-20 05:00:00,0.7049,0.7171,0.7038,0.717,806722.0,571312.9373
2025-08-20 06:00:00,0.717,0.7195,0.7033,0.7086,2609429.0,1852056.2748
2025-08-20 07:00:00,0.7086,0.7114,0.7048,0.7061,1921335.0,1361331.3057
2025-08-20 08:00:00,0.7061,0.7158,0.7048,0.7151,841908.0,598385.459
2025-08-20 09:00:00,0.7151,0.7151,0.708,0.7089,1409201.0,1002642.4717
2025-08-20 10:00:00,0.7089,0.7138,0.7083,0.712,1118358.0,794666.1102
2025-08-20 11:00:00,0.712,0.7128,0.698,0.7082,2066984.0,1457652.6403
2025-08-20 12:00:00,0.7082,0.7154,0.7028,0.7067,2405304.0,1703460.2729
2025-08-20 13:00:00,0.7067,0.7084,0.6926,0.6959,2554684.0,1790042.1499
2025-08-20 14:00:00,0.6959,0.7148,0.6892,0.7089,3974526.0,2799622.6644
2025-08-20 15:00:00,0.7089,0.723,0.708,0.7171,3601840.0,2589752.6879
2025-08-20 16:00:00,0.7171,0.7292,0.7171,0.722,1663353.0,1203919.3359
2025-08-20 17:00:00,0.722,0.7313,0.722,0.7277,1288046.0,934282.3832
2025-08-20 18:00:00,0.7277,0.7281,0.7143,0.721,2307450.0,1661298.2365
2025-08-20 19:00:00,0.721,0.7297,0.7202,0.729,1730347.0,1255365.0723
2025-08-20 20:00:00,0.729,0.7299,0.7255,0.7274,1385692.0,1007950.1999
2025-08-20 21:00:00,0.7274,0.7304,0.7242,0.7277,1338843.0,974666.6763
2025-08-20 22:00:00,0.7277,0.7305,0.7259,0.728,713129.0,519020.0889
2025-08-20 23:00:00,0.728,0.728,0.724,0.7258,629442.0,456895.0556
2025-08-21 00:00:00,0.7258,0.7278,0.7225,0.7274,610830.0,443504.4985
2025-08-21 01:00:00,0.7274,0.7317,0.723,0.7312,1194369.0,868265.8273
2025-08-21 02:00:00,0.7312,0.7327,0.7187,0.7221,1975098.0,1431864.0328
2025-08-21 03:00:00,0.7221,0.7322,0.7221,0.7244,1142113.0,830645.7803
2025-08-21 04:00:00,0.7244,0.7267,0.7218,0.7242,1297443.0,939267.1413
2025-08-21 05:00:00,0.7242,0.7297,0.7218,0.7297,796722.0,579125.1771
2025-08-21 06:00:00,0.7297,0.7297,0.722,0.7228,878219.0,636051.8165
2025-08-21 07:00:00,0.7228,0.7237,0.7159,0.7227,1667317.0,1201664.4344
2025-08-21 08:00:00,0.7227,0.7235,0.7154,0.7155,1378506.0,990946.2881
2025-08-21 09:00:00,0.7155,0.7197,0.7119,0.7158,1242308.0,889002.8373
2025-08-21 10:00:00,0.7158,0.7185,0.7142,0.7175,3089849.0,2213953.8166
2025-08-21 11:00:00,0.7175,0.7207,0.7126,0.715,1150753.0,824559.5811
2025-08-21 12:00:00,0.715,0.7164,0.7058,0.7093,2393007.0,1701534.5089
2025-08-21 13:00:00,0.7093,0.7202,0.7079,0.7123,2186824.0,1562936.3325
2025-08-21 14:00:00,0.7123,0.7228,0.7066,0.7098,3130871.0,2238360.8105
2025-08-21 15:00:00,0.7098,0.7122,0.7025,0.7068,2336127.0,1653449.0749
2025-08-21 16:00:00,0.7068,0.713,0.7045,0.7051,3822631.0,2707101.8202
2025-08-21 17:00:00,0.7051,0.7119,0.7036,0.71,1108323.0,783542.2696
2025-08-21 18:00:00,0.71,0.716,0.7091,0.7148,653060.0,465526.7855
2025-08-21 19:00:00,0.7148,0.717,0.7069,0.7092,1384946.0,985967.0353
2025-08-21 20:00:00,0.7092,0.7176,0.7062,0.715,1186791.0,843765.9462
2025-08-21 21:00:00,0.715,0.7223,0.711,0.7206,875321.0,627827.8694
2025-08-21 22:00:00,0.7206,0.7261,0.7202,0.7228,1051941.0,760931.605
2025-08-21 23:00:00,0.7228,0.723,0.7109,0.7136,1494083.0,1069685.5262
2025-08-22 00:00:00,0.7136,0.7168,0.7095,0.7105,634547.0,453055.2147
2025-08-22 01:00:00,0.7105,0.7164,0.7055,0.7155,1676104.0,1193136.5662
2025-08-22 02:00:00,0.7155,0.7254,0.7144,0.7225,2711025.0,1956330.2869
2025-08-22 03:00:00,0.7225,0.7243,0.7111,0.7134,1400557.0,1003922.1996
2025-08-22 04:00:00,0.7134,0.7209,0.7124,0.7147,998026.0,715089.8183
2025-08-22 05:00:00,0.7147,0.7168,0.7106,0.7151,938208.0,669682.4932
2025-08-22 06:00:00,0.7151,0.72,0.7105,0.7123,1652244.0,1181055.2979
2025-08-22 07:00:00,0.7123,0.7238,0.7116,0.7216,1514384.0,1089564.7258
2025-08-22 08:00:00,0.7216,0.7248,0.7168,0.7175,2232628.0,1610332.916
2025-08-22 09:00:00,0.7175,0.72,0.7143,0.7183,1070417.0,767030.9813
2025-08-22 10:00:00,0.7183,0.7184,0.7104,0.7122,1397464.0,997515.0551
2025-08-22 11:00:00,0.7122,0.7122,0.7037,0.7039,1611199.0,1140212.7477
2025-08-22 12:00:00,0.7039,0.7041,0.6861,0.6951,5957257.0,4140432.4473
2025-08-22 13:00:00,0.6951,0.7073,0.6899,0.6985,4218465.0,2939937.8341
2025-08-22 14:00:00,0.6985,0.7497,0.6985,0.7439,8461139.0,6219093.9938
2025-08-22 15:00:00,0.7439,0.757,0.7439,0.7507,4183305.0,3147608.2236
2025-08-22 16:00:00,0.7507,0.7732,0.7504,0.7721,4482516.0,3442293.8178
2025-08-22 17:00:00,0.7721,0.7863,0.7721,0.7797,6913885.0,5385832.7785
2025-08-22 18:00:00,0.7797,0.7929,0.7782,0.7913,5415702.0,4251517.4546
2025-08-22 19:00:00,0.7913,0.804,0.7897,0.7978,3886933.0,3102943.0638
2025-08-22 20:00:00,0.7978,0.8007,0.7941,0.8001,1817431.0,1449353.9512
2025-08-22 21:00:00,0.8001,0.8041,0.7942,0.7952,2379596.0,1901164.5729
2025-08-22 22:00:00,0.7952,0.797,0.7872,0.7895,4157602.0,3288556.4976
2025-08-22 23:00:00,0.7895,0.7927,0.7872,0.7892,1309568.0,1033734.9773
2025-08-23 00:00:00,0.7892,0.7925,0.7829,0.7839,1407475.0,1107427.8053
2025-08-23 01:00:00,0.7839,0.7853,0.7714,0.7784,2527793.0,1967083.7654
2025-08-23 02:00:00,0.7784,0.78,0.7606,0.7701,2138811.0,1642336.3403
2025-08-23 03:00:00,0.7701,0.774,0.7662,0.7684,2314290.0,1784273.9028
2025-08-23 04:00:00,0.7684,0.7807,0.768,0.7806,886032.0,686748.8486
2025-08-23 05:00:00,0.7806,0.7849,0.7781,0.7838,945380.0,739156.7048
2025-08-23 06:00:00,0.7838,0.7861,0.7796,0.7844,2034524.0,1594350.3593
2025-08-23 07:00:00,0.7844,0.7861,0.7752,0.7765,958533.0,747705.4509
2025-08-23 08:00:00,0.7765,0.7797,0.7738,0.7774,547917.0,425902.3057
2025-08-23 09:00:00,0.7774,0.7901,0.7747,0.7884,1108495.0,867796.8286
2025-08-23 10:00:00,0.7884,0.7904,0.781,0.7814,1423045.0,1118215.3386
2025-08-23 11:00:00,0.7814,0.7848,0.779,0.781,1487577.0,1162964.0011
2025-08-23 12:00:00,0.781,0.7902,0.7775,0.7844,1216754.0,955693.9542
2025-08-23 13:00:00,0.7844,0.7894,0.7829,0.7862,1880474.0,1478019.4098
2025-08-23 14:00:00,0.7862,0.7969,0.7843,0.7908,6638762.0,5251688.4429
2025-08-23 15:00:00,0.7908,0.7977,0.7878,0.7945,4615973.0,3652410.2757
2025-08-23 16:00:00,0.7945,0.796,0.7897,0.791,2384092.0,1890818.2437
2025-08-23 17:00:00,0.791,0.7952,0.7897,0.7951,1114615.0,883043.0045
2025-08-23 18:00:00,0.7951,0.8046,0.795,0.8044,1405740.0,1124536.5822
2025-08-23 19:00:00,0.8044,0.8287,0.804,0.8221,10653752.0,8724040.2431
2025-08-23 20:00:00,0.8221,0.824,0.8076,0.8125,7088062.0,5770892.4453
2025-08-23 21:00:00,0.8125,0.8133,0.8036,0.8057,6046049.0,4883035.18
2025-08-23 22:00:00,0.8057,0.8152,0.8057,0.8145,3570979.0,2887732.2135
2025-08-23 23:00:00,0.8145,0.8163,0.8086,0.811,1526208.0,1240953.1684
2025-08-24 00:00:00,0.811,0.8163,0.8073,0.808,1831566.0,1486528.3337
2025-08-24 01:00:00,0.808,0.808,0.7995,0.8002,3012458.0,2424808.5726
2025-08-24 02:00:00,0.8002,0.8003,0.7938,0.7942,2361406.0,1881126.8616
2025-08-24 03:00:00,0.7942,0.7955,0.7878,0.7948,1687645.0,1335377.3243
2025-08-24 04:00:00,0.7948,0.7957,0.7914,0.7943,1352149.0,1073075.2954
2025-08-24 05:00:00,0.7943,0.7943,0.7848,0.7861,1854717.0,1463876.0703
2025-08-24 06:00:00,0.7861,0.7864,0.7767,0.7773,3743944.0,2924402.4667
2025-08-24 07:00:00,0.7773,0.7829,0.7764,0.7782,3143477.0,2452225.7311
2025-08-24 08:00:00,0.7782,0.7858,0.7754,0.7824,2188501.0,1711137.8394
2025-08-24 09:00:00,0.7824,0.7843,0.7765,0.7772,1835566.0,1431101.8185
2025-08-24 10:00:00,0.7772,0.7778,0.7664,0.768,4702898.0,3628752.4144
2025-08-24 11:00:00,0.768,0.7746,0.7667,0.7731,2419257.0,1866849.2973
2025-08-24 12:00:00,0.7731,0.7734,0.7679,0.771,1488639.0,1146242.8602
2025-08-24 13:00:00,0.771,0.7755,0.7698,0.7714,2309994.0,1785106.8477
2025-08-24 14:00:00,0.7714,0.7763,0.7679,0.7758,5361655.0,4143197.0674
2025-08-24 15:00:00,0.7758,0.7907,0.7745,0.7792,6477275.0,5072295.9907
2025-08-24 16:00:00,0.7792,0.7844,0.7712,0.7768,3291504.0,2558086.7703
2025-08-24 17:00:00,0.7768,0.7988,0.7768,0.7934,4174671.0,3297302.5476
2025-08-24 18:00:00,0.7934,0.8152,0.7916,0.8096,6709851.0,5413452.06
2025-08-24 19:00:00,0.8096,0.8182,0.7718,0.787,10622664.0,8483100.0531
2025-08-24 20:00:00,0.787,0.787,0.7655,0.7769,6480344.0,5045435.8697
2025-08-24 21:00:00,0.7769,0.7854,0.7712,0.776,3333719.0,2591565.7668
2025-08-24 22:00:00,0.776,0.777,0.7633,0.776,1961355.0,1510397.4711
2025-08-24 23:00:00,0.776,0.7797,0.7734,0.7752,1345464.0,1045866.2711
2025-08-25 00:00:00,0.7752,0.7802,0.7542,0.7629,3245902.0,2479166.3973
2025-08-25 01:00:00,0.7629,0.7742,0.7619,0.7706,1071619.0,825026.5867
2025-08-25 02:00:00,0.7706,0.7837,0.7703,0.7802,1846924.0,1437771.8904
2025-08-25 03:00:00,0.7802,0.7848,0.7735,0.7749,4022602.0,3138373.5923
2025-08-25 04:00:00,0.7749,0.7774,0.7693,0.7708,959482.0,740844.7564
2025-08-25 05:00:00,0.7708,0.7733,0.764,0.7642,1359762.0,1042282.8202
2025-08-25 06:00:00,0.7642,0.7649,0.7489,0.7497,3005435.0,2271992.2937
2025-08-25 07:00:00,0.7497,0.7546,0.7366,0.7404,4954366.0,3694428.8068
2025-08-25 08:00:00,0.7404,0.7452,0.7321,0.7419,2817642.0,2084379.4421
2025-08-25 09:00:00,0.7419,0.7432,0.7361,0.7396,2391404.0,1766985.7695
2025-08-25 10:00:00,0.7396,0.7396,0.722,0.7234,3104151.0,2263416.1523
2025-08-25 11:00:00,0.7234,0.7293,0.7215,0.7293,2432277.0,1761989.2708
2025-08-25 12:00:00,0.7293,0.7327,0.7259,0.7313,1768617.0,1289638.7415
2025-08-25 13:00:00,0.7313,0.7319,0.7208,0.728,4189270.0,3041607.3779
2025-08-25 14:00:00,0.728,0.7373,0.7259,0.7321,2739877.0,2009267.0177
2025-08-25 15:00:00,0.7321,0.734,0.7211,0.7231,4400823.0,3195878.6075
2025-08-25 16:00:00,0.7231,0.7283,0.7175,0.7206,3964427.0,2867398.68
2025-08-25 17:00:00,0.7206,0.7214,0.715,0.7189,4183370.0,3004054.2479
2025-08-25 18:00:00,0.7189,0.7212,0.715,0.7168,2206880.0,1583077.4499
2025-08-25 19:00:00,0.7168,0.7183,0.7002,0.7009,4433401.0,3141313.6971
2025-08-25 20:00:00,0.7009,0.7048,0.6814,0.6817,6296718.0,4364216.2574
2025-08-25 21:00:00,0.6817,0.6869,0.6785,0.6796,2900614.0,1979876.2601
2025-08-25 22:00:00,0.6796,0.6913,0.6787,0.6888,1806218.0,1236490.5866
2025-08-25 23:00:00,0.6888,0.6888,0.682,0.6873,966301.0,662077.398
2025-08-26 00:00:00,0.6873,0.6935,0.6828,0.6909,1873905.0,1291308.1979
2025-08-26 01:00:00,0.6909,0.7057,0.688,0.7047,2358109.0,1646060.8787
2025-08-26 02:00:00,0.7047,0.7094,0.6982,0.7001,472267.0,332153.9643
2025-08-26 03:00:00,0.7001,0.7011,0.6953,0.6993,698900.0,488743.5168
2025-08-26 04:00:00,0.6993,0.706,0.6986,0.7016,613457.0,431000.8842
2025-08-26 05:00:00,0.7016,0.7036,0.6973,0.6973,1429823.0,1002408.3644
2025-08-26 06:00:00,0.6973,0.7,0.6931,0.6944,1443213.0,1004952.1499
2025-08-26 07:00:00,0.6944,0.704,0.6919,0.6976,2067515.0,1439419.6015
2025-08-26 08:00:00,0.6976,0.6981,0.6913,0.6924,1497257.0,1040506.3104
2025-08-26 09:00:00,0.6924,0.6953,0.6903,0.6935,1506651.0,1043876.2061
2025-08-26 10:00:00,0.6935,0.7013,0.693,0.6968,2329820.0,1621603.5555
2025-08-26 11:00:00,0.6968,0.6985,0.6904,0.6935,1975965.0,1370004.7663
2025-08-26 12:00:00,0.6935,0.7102,0.6889,0.7018,4556988.0,3185577.03
2025-08-26 13:00:00,0.7018,0.7036,0.6855,0.6939,4091639.0,2842526.8213
2025-08-26 14:00:00,0.6939,0.7019,0.6875,0.7009,4642418.0,3222479.6209
2025-08-26 15:00:00,0.7009,0.7051,0.6923,0.6948,3664013.0,2554458.5191
2025-08-26 16:00:00,0.6948,0.7038,0.6925,0.7031,2944113.0,2053544.5012
2025-08-26 17:00:00,0.7031,0.7041,0.6932,0.6978,4426558.0,3085406.2541
2025-08-26 18:00:00,0.6978,0.7041,0.6973,0.7022,2412231.0,1691651.0659
2025-08-26 19:00:00,0.7022,0.7135,0.698,0.712,3780576.0,2670403.8126
2025-08-26 20:00:00,0.712,0.7158,0.7081,0.7109,2624455.0,1868422.3234
2025-08-26 21:00:00,0.7109,0.7127,0.7053,0.7125,1399805.0,991329.4746
2025-08-26 22:00:00,0.7125,0.7141,0.7072,0.7104,2781121.0,1976112.2753
2025-08-26 23:00:00,0.7104,0.7139,0.7038,0.7056,2276546.0,1611348.7275
2025-08-27 00:00:00,0.7056,0.7062,0.6969,0.6978,2411533.0,1693633.6359
2025-08-27 01:00:00,0.6978,0.7006,0.6938,0.7004,1101695.0,767072.0251
2025-08-27 02:00:00,0.7004,0.7057,0.6956,0.7018,763245.0,536218.98
2025-08-27 03:00:00,0.7018,0.7124,0.6963,0.7067,1659810.0,1167745.4306
2025-08-27 04:00:00,0.7067,0.7132,0.7051,0.711,1727625.0,1226292.8304
2025-08-27 05:00:00,0.711,0.712,0.7022,0.7038,1982101.0,1400913.6844
2025-08-27 06:00:00,0.7038,0.7052,0.6989,0.7003,1884208.0,1321449.5732
2025-08-27 07:00:00,0.7003,0.7013,0.6958,0.6994,1934774.0,1351191.1847
2025-08-27 08:00:00,0.6994,0.702,0.6946,0.7015,1749309.0,1220687.0407
2025-08-27 09:00:00,0.7015,0.7065,0.6999,0.7007,3783415.0,2660846.6855
2025-08-27 10:00:00,0.7007,0.704,0.696,0.6978,4198081.0,2937686.1226
2025-08-27 11:00:00,0.6978,0.7023,0.6973,0.7011,2383464.0,1666762.1056
2025-08-27 12:00:00,0.7011,0.703,0.6934,0.6994,3381672.0,2355898.1005
2025-08-27 13:00:00,0.6994,0.7081,0.6941,0.6991,4131130.0,2889423.6166
2025-08-27 14:00:00,0.6991,0.712,0.6956,0.7038,2852357.0,2007482.7368
2025-08-27 15:00:00,0.7038,0.71,0.7019,0.7076,1411756.0,996418.6733
2025-08-27 16:00:00,0.7076,0.7081,0.6987,0.7044,2593716.0,1822521.7044
2025-08-27 17:00:00,0.7044,0.7118,0.7005,0.7095,2109997.0,1488229.348
2025-08-27 18:00:00,0.7095,0.7122,0.7053,0.7053,2570341.0,1825050.8833
2025-08-27 19:00:00,0.7053,0.7078,0.697,0.7023,2379640.0,1673421.1781
2025-08-27 20:00:00,0.7023,0.7117,0.6931,0.711,5498595.0,3862624.1739
2025-08-27 21:00:00,0.711,0.7128,0.7006,0.702,1516969.0,1072163.8236
2025-08-27 22:00:00,0.702,0.7043,0.6938,0.7012,2855149.0,1993794.7228
2025-08-27 23:00:00,0.7012,0.7027,0.6953,0.6971,2726268.0,1906421.7677
2025-08-28 00:00:00,0.6971,0.7013,0.6909,0.6981,2817563.0,1962222.7973
2025-08-28 01:00:00,0.6981,0.7066,0.6975,0.7032,1043942.0,733640.9768
2025-08-28 02:00:00,0.7032,0.7072,0.6997,0.7011,762156.0,535612.4461
2025-08-28 03:00:00,0.7011,0.7073,0.7001,0.7053,725452.0,511023.1212
2025-08-28 04:00:00,0.7053,0.7104,0.7033,0.71,692275.0,489387.8771
2025-08-28 05:00:00,0.71,0.7117,0.7056,0.7079,1098107.0,778721.5888
2025-08-28 06:00:00,0.7079,0.7118,0.7058,0.7115,706225.0,500615.9214
2025-08-28 07:00:00,0.7115,0.7139,0.7075,0.7131,2315228.0,1646738.3187
2025-08-28 08:00:00,0.7131,0.7194,0.7129,0.7188,2257700.0,1617705.9015
2025-08-28 09:00:00,0.7188,0.7191,0.7139,0.7149,1355904.0,970628.6855
2025-08-28 10:00:00,0.7149,0.7195,0.7109,0.7193,1758067.0,1257752.0234
2025-08-28 11:00:00,0.7193,0.7199,0.7143,0.7188,1261691.0,905349.2009
2025-08-28 12:00:00,0.7188,0.7226,0.7168,0.7203,2766850.0,1991903.7689
2025-08-28 13:00:00,0.7203,0.7249,0.7173,0.7209,2465185.0,1776634.1341
2025-08-28 14:00:00,0.7209,0.7341,0.716,0.7212,5371587.0,3889303.8868
2025-08-28 15:00:00,0.7212,0.7247,0.7101,0.7126,3684921.0,2641177.8818
2025-08-28 16:00:00,0.7126,0.7206,0.7044,0.7044,2639518.0,1886341.8876
2025-08-28 17:00:00,0.7044,0.7135,0.7032,0.7118,2673983.0,1896091.4969
2025-08-28 18:00:00,0.7118,0.7188,0.7103,0.7162,1773812.0,1266234.2871
2025-08-28 19:00:00,0.7162,0.7206,0.7092,0.7092,1686515.0,1204413.0565
2025-08-28 20:00:00,0.7092,0.7153,0.7083,0.7135,1152768.0,821163.0163
2025-08-28 21:00:00,0.7135,0.7244,0.7134,0.7243,1073808.0,773132.212
2025-08-28 22:00:00,0.7243,0.7405,0.7243,0.7401,4294982.0,3152254.9336
2025-08-28 23:00:00,0.7401,0.7402,0.7317,0.7373,4531505.0,3332961.9555
2025-08-29 00:00:00,0.7373,0.739,0.7288,0.7312,1611507.0,1182313.8363
2025-08-29 01:00:00,0.7312,0.7327,0.7207,0.7228,1721453.0,1250401.1558
2025-08-29 02:00:00,0.7228,0.7304,0.7215,0.7257,853920.0,618920.9577
2025-08-29 03:00:00,0.7257,0.7302,0.7225,0.7274,672442.0,488418.3489
2025-08-29 04:00:00,0.7274,0.7306,0.7224,0.7237,1021773.0,742108.6214
2025-08-29 05:00:00,0.7237,0.7266,0.7191,0.7251,2418739.0,1748130.697
2025-08-29 06:00:00,0.7251,0.7267,0.7097,0.7185,2655832.0,1910235.2696
2025-08-29 07:00:00,0.7185,0.7186,0.6997,0.7013,4281915.0,3020421.7375
2025-08-29 08:00:00,0.7013,0.7043,0.6905,0.6913,4528006.0,3155473.6749
2025-08-29 09:00:00,0.6913,0.6956,0.6866,0.6945,3042690.0,2106018.7381
2025-08-29 10:00:00,0.6945,0.7006,0.6935,0.6985,1805213.0,1258869.1249
2025-08-29 11:00:00,0.6985,0.7017,0.6947,0.6952,1447888.0,1010102.7074
2025-08-29 12:00:00,0.6952,0.7152,0.6944,0.7026,2529768.0,1778737.5039
2025-08-29 13:00:00,0.7026,0.7033,0.6841,0.6897,2949658.0,2041418.2241
2025-08-29 14:00:00,0.6897,0.6954,0.6795,0.6903,4139764.0,2846780.4615
2025-08-29 15:00:00,0.6903,0.698,0.6887,0.6903,2024210.0,1404369.7869
2025-08-29 16:00:00,0.6903,0.6939,0.6848,0.6881,3296213.0,2273377.3494
2025-08-29 17:00:00,0.6881,0.6881,0.6788,0.6812,2641301.0,1804654.6854
2025-08-29 18:00:00,0.6812,0.6823,0.6744,0.6759,2760130.0,1870664.0214
2025-08-29 19:00:00,0.6759,0.6887,0.6751,0.6853,3693049.0,2523035.6496
2025-08-29 20:00:00,0.6853,0.6872,0.6812,0.6837,1852417.0,1267755.5945
2025-08-29 21:00:00,0.6837,0.6965,0.6809,0.6959,1843725.0,1270336.3587
2025-08-29 22:00:00,0.6959,0.6963,0.6903,0.6954,1081417.0,750537.0998
2025-08-29 23:00:00,0.6954,0.6955,0.6922,0.6928,1006165.0,698244.9828
2025-08-30 00:00:00,0.6928,0.6931,0.6873,0.6892,924523.0,638659.0959
2025-08-30 01:00:00,0.6892,0.6905,0.678,0.6793,1075042.0,736409.3735
2025-08-30 02:00:00,0.6793,0.6904,0.678,0.6888,383760.0,262822.2148
2025-08-30 03:00:00,0.6888,0.7031,0.6886,0.7011,949418.0,663832.723
2025-08-30 04:00:00,0.7011,0.7018,0.6978,0.7003,417202.0,292077.2686
2025-08-30 05:00:00,0.7003,0.71,0.6999,0.7066,661278.0,466710.6082
2025-08-30 06:00:00,0.7066,0.7129,0.7053,0.7109,919090.0,651286.1066
2025-08-30 07:00:00,0.7109,0.7215,0.7106,0.7215,1444401.0,1034435.533
2025-08-30 08:00:00,0.7215,0.7219,0.7113,0.7128,1150006.0,822545.6487
2025-08-30 09:00:00,0.7128,0.713,0.7073,0.7081,952029.0,675265.8248
2025-08-30 10:00:00,0.7081,0.7124,0.7079,0.7114,1455488.0,1034247.0782
2025-08-30 11:00:00,0.7114,0.7125,0.707,0.7098,874708.0,620750.9305
2025-08-30 12:00:00,0.7098,0.7104,0.7004,0.7028,1487374.0,1047395.8398
2025-08-30 13:00:00,0.7028,0.703,0.6954,0.7016,2384111.0,1666026.9094
2025-08-30 14:00:00,0.7016,0.7027,0.6975,0.7011,1298353.0,908572.9778
2025-08-30 15:00:00,0.7011,0.7065,0.6997,0.7041,1700649.0,1195969.2569
2025-08-30 16:00:00,0.7041,0.7042,0.6965,0.6969,1593104.0,1114461.7524
2025-08-30 17:00:00,0.6969,0.6993,0.6956,0.6976,1325701.0,924604.4298
2025-08-30 18:00:00,0.6976,0.6996,0.6954,0.6981,756670.0,528052.4486
2025-08-30 19:00:00,0.6981,0.7029,0.6968,0.7029,821003.0,574093.9901
2025-08-30 20:00:00,0.7029,0.7033,0.6993,0.7022,1049604.0,735979.2738
2025-08-30 21:00:00,0.7022,0.7041,0.701,0.7024,1829756.0,1285016.2534
2025-08-30 22:00:00,0.7024,0.7069,0.7004,0.7063,660438.0,465473.9304
2025-08-30 23:00:00,0.7063,0.7095,0.7056,0.7063,1225553.0,867211.2567
2025-08-31 00:00:00,0.7063,0.7135,0.7049,0.7132,750275.0,530801.9629
2025-08-31 01:00:00,0.7132,0.7157,0.7114,0.7142,1405204.0,1001239.9083
2025-08-31 02:00:00,0.7142,0.7154,0.7118,0.7141,356688.0,254417.2349
2025-08-31 03:00:00,0.7141,0.7183,0.7133,0.7183,392763.0,281320.5211
2025-08-31 04:00:00,0.7183,0.7193,0.7129,0.7145,709854.0,507822.512
2025-08-31 05:00:00,0.7145,0.7155,0.7114,0.7134,960412.0,684553.4405
2025-08-31 06:00:00,0.7134,0.7145,0.7078,0.7079,704480.0,500922.1456
2025-08-31 07:00:00,0.7079,0.7096,0.7052,0.7058,848550.0,600452.3142
2025-08-31 08:00:00,0.7058,0.7118,0.7056,0.7115,961545.0,680841.2082
2025-08-31 09:00:00,0.7115,0.7115,0.701,0.7014,1625998.0,1146816.4524
2025-08-31 10:00:00,0.7014,0.7027,0.6909,0.7016,3978647.0,2776686.8162
2025-08-31 11:00:00,0.7016,0.7081,0.6999,0.7081,639285.0,449836.3091
2025-08-31 12:00:00,0.7081,0.7111,0.7036,0.7098,1227804.0,867330.4635
2025-08-31 13:00:00,0.7098,0.7116,0.7033,0.7049,1738696.0,1228814.9415
2025-08-31 14:00:00,0.7049,0.7054,0.6992,0.7003,1364005.0,956502.6578
2025-08-31 15:00:00,0.7003,0.7072,0.7002,0.7062,1473515.0,1038324.049
2025-08-31 16:00:00,0.7062,0.7066,0.7012,0.703,1238757.0,871733.6425
2025-08-31 17:00:00,0.703,0.7041,0.7008,0.7017,567952.0,399027.1107
2025-08-31 18:00:00,0.7017,0.7082,0.7015,0.7078,1492506.0,1050978.6769
2025-08-31 19:00:00,0.7078,0.7082,0.7016,0.7019,1287753.0,906414.9261
2025-08-31 20:00:00,0.7019,0.7054,0.7,0.7026,1103343.0,775515.083
2025-08-31 21:00:00,0.7026,0.7062,0.7013,0.705,483514.0,340704.981
2025-08-31 22:00:00,0.705,0.7058,0.6976,0.7,556724.0,390086.933
2025-08-31 23:00:00,0.7,0.7,0.6907,0.6918,1309901.0,909327.2325
2025-09-01 00:00:00,0.6918,0.6923,0.6818,0.6858,2679324.0,1843109.9964
2025-09-01 01:00:00,0.6858,0.6915,0.6825,0.6883,1570997.0,1077629.0027
2025-09-01 02:00:00,0.6883,0.6885,0.6753,0.6775,2016681.0,1370602.8338
2025-09-01 03:00:00,0.6775,0.6813,0.6753,0.6805,852598.0,577930.5021
2025-09-01 04:00:00,0.6805,0.683,0.6714,0.6744,1738616.0,1174451.7514
2025-09-01 05:00:00,0.6744,0.6806,0.671,0.6782,1281420.0,864597.5915
2025-09-01 06:00:00,0.6782,0.6828,0.6732,0.6823,1397766.0,947149.0231
2025-09-01 07:00:00,0.6823,0.709,0.6779,0.7087,2483739.0,1718362.6076
2025-09-01 08:00:00,0.7087,0.7177,0.7059,0.7177,2342618.0,1664936.623
2025-09-01 09:00:00,0.7177,0.7237,0.7114,0.7117,2565062.0,1844114.8693
2025-09-01 10:00:00,0.7117,0.7129,0.7018,0.7105,4929400.0,3485120.8105
2025-09-01 11:00:00,0.7105,0.7116,0.7023,0.7039,3564025.0,2517447.3494
2025-09-01 12:00:00,0.7039,0.7094,0.701,0.7035,2038186.0,1438693.7644
2025-09-01 13:00:00,0.7035,0.7069,0.6977,0.7005,3827626.0,2686235.4766
2025-09-01 14:00:00,0.7005,0.7038,0.6913,0.6948,2453866.0,1710065.9854
2025-09-01 15:00:00,0.6948,0.6962,0.6861,0.6878,2176038.0,1503117.6083
2025-09-01 16:00:00,0.6878,0.6878,0.6801,0.6816,3344412.0,2286115.8439
2025-09-01 17:00:00,0.6816,0.6844,0.6757,0.6787,5021607.0,3409055.5809
2025-09-01 18:00:00,0.6787,0.6861,0.6786,0.6815,1549046.0,1057188.5221
2025-09-01 19:00:00,0.6815,0.686,0.6801,0.6856,1635392.0,1115879.259
2025-09-01 20:00:00,0.6856,0.686,0.6614,0.6673,4262289.0,2852803.6501
2025-09-01 21:00:00,0.6673,0.6678,0.6531,0.6574,3720331.0,2454372.1623
2025-09-01 22:00:00,0.6574,0.6643,0.6552,0.6617,2455754.0,1618848.4037
2025-09-01 23:00:00,0.6617,0.6741,0.6617,0.6728,1713755.0,1146404.0013
2025-09-02 00:00:00,0.6728,0.6753,0.6682,0.67,1082262.0,727061.4
2025-09-02 01:00:00,0.67,0.6812,0.6678,0.6764,1025988.0,690319.3377
2025-09-02 02:00:00,0.6764,0.6849,0.6757,0.6847,1070443.0,728315.5225
2025-09-02 03:00:00,0.6847,0.6922,0.6832,0.6908,1618597.0,1113530.275
2025-09-02 04:00:00,0.6908,0.6975,0.6892,0.6965,2212880.0,1535393.8158
2025-09-02 05:00:00,0.6965,0.6967,0.6909,0.6914,2560885.0,1775112.5309
2025-09-02 06:00:00,0.6914,0.6969,0.6903,0.6943,1998986.0,1386221.4648
2025-09-02 07:00:00,0.6943,0.6945,0.6862,0.6872,1826153.0,1258492.6136
2025-09-02 08:00:00,0.6872,0.6934,0.6861,0.6897,1215165.0,838044.4537
2025-09-02 09:00:00,0.6897,0.696,0.6888,0.696,881266.0,610584.3305
2025-09-02 10:00:00,0.696,0.6996,0.6928,0.6995,1584456.0,1103455.8113
2025-09-02 11:00:00,0.6995,0.7,0.6932,0.6943,1425870.0,993322.9475
2025-09-02 12:00:00,0.6943,0.6967,0.6821,0.6826,4386845.0,3029041.4758
2025-09-02 13:00:00,0.6826,0.7086,0.6819,0.7069,4729110.0,3296448.1589
2025-09-02 14:00:00,0.7069,0.7135,0.7035,0.7072,3345559.0,2372034.3675
2025-09-02 15:00:00,0.7072,0.7073,0.6897,0.6913,2558954.0,1785367.705
2025-09-02 16:00:00,0.6913,0.6977,0.6891,0.6945,1562765.0,1084466.1262
2025-09-02 17:00:00,0.6945,0.7018,0.6945,0.6978,1136425.0,793666.7502
2025-09-02 18:00:00,0.6978,0.6986,0.6878,0.6946,2209438.0,1533432.9595
2025-09-02 19:00:00,0.6946,0.6992,0.6904,0.6942,1232599.0,856367.8646
2025-09-02 20:00:00,0.6942,0.7065,0.6925,0.7051,2897779.0,2036241.5003
2025-09-02 21:00:00,0.7051,0.7119,0.7051,0.7105,620701.0,440033.143
2025-09-02 22:00:00,0.7105,0.7125,0.7068,0.7101,883817.0,627023.1637
2025-09-02 23:00:00,0.7101,0.7106,0.7073,0.7103,1222265.0,866516.3129
2025-09-03 00:00:00,0.7103,0.7118,0.705,0.7058,1233178.0,873553.3241
2025-09-03 01:00:00,0.7058,0.7117,0.7022,0.7117,755796.0,533570.1622
2025-09-03 02:00:00,0.7117,0.7156,0.7083,0.7145,651293.0,464356.1268
2025-09-03 03:00:00,0.7145,0.7174,0.7126,0.7164,821190.0,587155.9535
2025-09-03 04:00:00,0.7164,0.7167,0.7119,0.7125,488074.0,348410.3571
2025-09-03 05:00:00,0.7125,0.7128,0.7073,0.7091,607422.0,430871.2958
2025-09-03 06:00:00,0.7091,0.7134,0.7059,0.7112,1253657.0,889977.3467
2025-09-03 07:00:00,0.7112,0.713,0.7084,0.7115,770990.0,547981.2637
2025-09-03 08:00:00,0.7115,0.7159,0.7082,0.7095,1270344.0,904472.0556
2025-09-03 09:00:00,0.7095,0.7162,0.7054,0.7162,1243040.0,882831.7021
2025-09-03 10:00:00,0.7162,0.7192,0.7138,0.7169,1123487.0,805572.9965
2025-09-03 11:00:00,0.7169,0.7207,0.7146,0.7147,1517871.0,1089646.6402
2025-09-03 12:00:00,0.7147,0.7172,0.7099,0.712,1418608.0,1012243.9485
2025-09-03 13:00:00,0.712,0.7256,0.7115,0.7178,2462898.0,1771535.8148
2025-09-03 14:00:00,0.7178,0.7253,0.7158,0.7239,2546866.0,1835203.5093
2025-09-03 15:00:00,0.7239,0.7259,0.7193,0.7237,1235371.0,892487.2939
2025-09-03 16:00:00,0.7237,0.7259,0.7198,0.7209,836843.0,604461.2719
2025-09-03 17:00:00,0.7209,0.7269,0.7209,0.7228,683138.0,494600.0027
2025-09-03 18:00:00,0.7228,0.7249,0.7212,0.7232,920269.0,665456.3689
2025-09-03 19:00:00,0.7232,0.7251,0.7206,0.7248,918913.0,663422.758
2025-09-03 20:00:00,0.7248,0.7255,0.723,0.7235,754237.0,546512.6189
2025-09-03 21:00:00,0.7235,0.7247,0.7213,0.724,940984.0,680353.8068
2025-09-03 22:00:00,0.724,0.728,0.7207,0.7221,999202.0,723841.5258
2025-09-03 23:00:00,0.7221,0.7224,0.7175,0.7188,644792.0,463871.5077
2025-09-04 00:00:00,0.7188,0.7225,0.7178,0.718,732639.0,527011.689
2025-09-04 01:00:00,0.718,0.7181,0.7134,0.7151,1075194.0,769778.468
2025-09-04 02:00:00,0.7151,0.7153,0.7105,0.7111,1073090.0,764427.4287
2025-09-04 03:00:00,0.7111,0.7113,0.7053,0.7061,1149102.0,814126.3798
2025-09-04 04:00:00,0.7061,0.7104,0.705,0.7076,733599.0,518981.4771
2025-09-04 05:00:00,0.7076,0.7076,0.7007,0.7027,1397979.0,982814.0582
2025-09-04 06:00:00,0.7027,0.7034,0.6977,0.6992,1241854.0,869239.4657
2025-09-04 07:00:00,0.6992,0.7028,0.6989,0.7015,914680.0,641327.4759
2025-09-04 08:00:00,0.7015,0.7057,0.6996,0.7002,1115287.0,783726.0051
2025-09-04 09:00:00,0.7002,0.7023,0.6996,0.7022,511390.0,358501.2333
2025-09-04 10:00:00,0.7022,0.7069,0.7015,0.7018,925416.0,651697.9182
2025-09-04 11:00:00,0.7018,0.7068,0.7005,0.701,1208878.0,850082.8385
2025-09-04 12:00:00,0.701,0.7048,0.6965,0.7027,2457363.0,1718785.9146
2025-09-04 13:00:00,0.7027,0.7027,0.6962,0.699,2591296.0,1809911.414
2025-09-04 14:00:00,0.699,0.6995,0.6909,0.6938,3001936.0,2084415.2894
2025-09-04 15:00:00,0.6938,0.694,0.6859,0.6881,2346609.0,1616517.0088
2025-09-04 16:00:00,0.6881,0.6897,0.6846,0.6891,2493520.0,1713520.3886
2025-09-04 17:00:00,0.6891,0.6924,0.6871,0.6879,2129909.0,1470162.1609
2025-09-04 18:00:00,0.6879,0.6898,0.6807,0.6846,2010873.0,1376840.4841
2025-09-04 19:00:00,0.6846,0.6872,0.683,0.6847,1228766.0,841782.563
2025-09-04 20:00:00,0.6847,0.6915,0.684,0.6896,684031.0,471153.9847
2025-09-04 21:00:00,0.6896,0.695,0.6894,0.6944,513869.0,355828.1146
2025-09-04 22:00:00,0.6944,0.6987,0.6929,0.6976,546571.0,380238.5133
2025-09-04 23:00:00,0.6976,0.6991,0.6895,0.6895,1069259.0,741553.9272
2025-09-05 00:00:00,0.6895,0.6923,0.6881,0.6897,939308.0,648250.1297
2025-09-05 01:00:00,0.6897,0.6961,0.6884,0.696,664902.0,460361.0986
2025-09-05 02:00:00,0.696,0.6981,0.6933,0.6938,352918.0,245245.2176
2025-09-05 03:00:00,0.6938,0.6975,0.691,0.6973,470842.0,326438.8641
2025-09-05 04:00:00,0.6973,0.6989,0.6965,0.6985,436766.0,304859.1056
2025-09-05 05:00:00,0.6985,0.7017,0.6971,0.7016,579862.0,405736.4127
2025-09-05 06:00:00,0.7016,0.7023,0.6975,0.6997,294498.0,206069.6199
2025-09-05 07:00:00,0.6997,0.7151,0.6991,0.7139,1806022.0,1280199.3416
2025-09-05 08:00:00,0.7139,0.7143,0.7074,0.7105,1364583.0,969823.8216
2025-09-05 09:00:00,0.7105,0.7113,0.7051,0.7109,890750.0,631065.0145
2025-09-05 10:00:00,0.7109,0.7149,0.7108,0.7138,1065636.0,760042.8683
2025-09-05 11:00:00,0.7138,0.717,0.7124,0.7148,1056400.0,754988.973
2025-09-05 12:00:00,0.7148,0.7303,0.7137,0.73,4259278.0,3072292.665
2025-09-05 13:00:00,0.73,0.7324,0.7235,0.7269,2630501.0,1914362.5646
2025-09-05 14:00:00,0.7269,0.727,0.7016,0.7064,3759240.0,2666427.5225
2025-09-05 15:00:00,0.7064,0.7131,0.7018,0.7081,2672283.0,1895442.3129
2025-09-05 16:00:00,0.7081,0.7128,0.7059,0.712,1632030.0,1159344.991
2025-09-05 17:00:00,0.712,0.7121,0.706,0.7097,652374.0,462337.7954
2025-09-05 18:00:00,0.7097,0.7148,0.7063,0.7132,764643.0,544027.5049
2025-09-05 19:00:00,0.7132,0.7169,0.7122,0.7166,1056398.0,754420.4094
2025-09-05 20:00:00,0.7166,0.7206,0.7135,0.7206,3870504.0,2779628.8874
2025-09-05 21:00:00,0.7206,0.7211,0.7129,0.7161,3349188.0,2402533.8727
2025-09-05 22:00:00,0.7161,0.7235,0.7159,0.723,3042279.0,2187716.0053
2025-09-05 23:00:00,0.723,0.7241,0.7187,0.7196,735960.0,530425.808
2025-09-06 00:00:00,0.7196,0.7234,0.7175,0.7211,1707465.0,1229295.8131
2025-09-06 01:00:00,0.7211,0.7212,0.7166,0.7172,413949.0,297300.9611
2025-09-06 02:00:00,0.7172,0.7194,0.7139,0.7182,2160399.0,1547543.5083
2025-09-06 03:00:00,0.7182,0.7196,0.7168,0.7176,673340.0,483648.3658
2025-09-06 04:00:00,0.7176,0.7179,0.7128,0.7152,312858.0,223637.0981
2025-09-06 05:00:00,0.7152,0.7153,0.7116,0.7124,1933519.0,1378479.2262
2025-09-06 06:00:00,0.7124,0.7173,0.7118,0.7173,319686.0,228658.0168
2025-09-06 07:00:00,0.7173,0.7174,0.7122,0.7147,1052442.0,751144.0469
2025-09-06 08:00:00,0.7147,0.7151,0.7116,0.7118,1537537.0,1095613.1938
2025-09-06 09:00:00,0.7118,0.7119,0.7081,0.7094,2218434.0,1574182.5769
2025-09-06 10:00:00,0.7094,0.7162,0.7082,0.716,2168458.0,1540352.291
2025-09-06 11:00:00,0.716,0.7162,0.7114,0.7143,700851.0,499849.379
2025-09-06 12:00:00,0.7143,0.716,0.7121,0.7125,984437.0,702987.9051
2025-09-06 13:00:00,0.7125,0.7137,0.7104,0.7135,1052165.0,748977.5467
2025-09-06 14:00:00,0.7135,0.7208,0.7131,0.7194,1403597.0,1008326.5799
2025-09-06 15:00:00,0.7194,0.7201,0.7123,0.7132,1699025.0,1216494.572
2025-09-06 16:00:00,0.7132,0.7227,0.7116,0.7224,2658367.0,1908466.55
2025-09-06 17:00:00,0.7224,0.7224,0.7159,0.7191,741722.0,532568.6309
2025-09-06 18:00:00,0.7191,0.7199,0.7145,0.7158,765675.0,548784.1655
2025-09-06 19:00:00,0.7158,0.7165,0.709,0.7098,981390.0,699040.9176
2025-09-06 20:00:00,0.7098,0.7142,0.7092,0.7138,949880.0,675837.6505
2025-09-06 21:00:00,0.7138,0.7139,0.7108,0.7138,1396927.0,994865.4425
2025-09-06 22:00:00,0.7138,0.7174,0.7137,0.7143,975033.0,696715.304
2025-09-06 23:00:00,0.7143,0.7164,0.7118,0.7119,1317496.0,940449.4558
2025-09-07 00:00:00,0.7119,0.7168,0.7118,0.7151,561731.0,401135.5526
2025-09-07 01:00:00,0.7151,0.7224,0.7147,0.7208,518055.0,372738.6748
2025-09-07 02:00:00,0.7208,0.7239,0.7185,0.721,660692.0,476636.2607
2025-09-07 03:00:00,0.721,0.7216,0.719,0.7199,774017.0,557492.3631
2025-09-07 04:00:00,0.7199,0.7224,0.7199,0.7207,331620.0,239115.3959
2025-09-07 05:00:00,0.7207,0.7248,0.7191,0.7243,749881.0,540594.2209
2025-09-07 06:00:00,0.7243,0.7248,0.7181,0.7183,686907.0,495683.8509
2025-09-07 07:00:00,0.7183,0.721,0.7164,0.7177,936297.0,672793.9188
2025-09-07 08:00:00,0.7177,0.7234,0.7177,0.72,1776405.0,1279250.1388
2025-09-07 09:00:00,0.72,0.7214,0.7152,0.7172,1214253.0,872676.4539
2025-09-07 10:00:00,0.7172,0.7193,0.7171,0.7189,335749.0,241130.2752
2025-09-07 11:00:00,0.7189,0.7203,0.7175,0.7201,528588.0,380188.9288
2025-09-07 12:00:00,0.7201,0.7202,0.7166,0.7189,1059573.0,760637.6854
2025-09-07 13:00:00,0.7189,0.7213,0.7183,0.7196,1327917.0,955589.3557
2025-09-07 14:00:00,0.7196,0.7208,0.7166,0.7195,1363564.0,979415.8095
2025-09-07 15:00:00,0.7195,0.72,0.7158,0.7167,3572054.0,2565361.9589
2025-09-07 16:00:00,0.7167,0.7174,0.7133,0.715,1244292.0,889219.1262
2025-09-07 17:00:00,0.715,0.7156,0.7107,0.7118,1840884.0,1311391.0368
2025-09-07 18:00:00,0.7118,0.7144,0.7104,0.7127,380245.0,270767.2905
2025-09-07 19:00:00,0.7127,0.7176,0.7124,0.7148,512380.0,366502.4805
2025-09-07 20:00:00,0.7148,0.7185,0.7133,0.7184,629507.0,450691.7712
2025-09-07 21:00:00,0.7184,0.7185,0.7158,0.7166,166871.0,119637.2054
2025-09-07 22:00:00,0.7166,0.7216,0.7159,0.7213,973934.0,700720.2549
2025-09-07 23:00:00,0.7213,0.7266,0.7204,0.7207,1759455.0,1274096.283
2025-09-08 00:00:00,0.7207,0.7228,0.7173,0.7187,761615.0,548311.1144
2025-09-08 01:00:00,0.7187,0.7213,0.7177,0.7198,588335.0,423493.5202
2025-09-08 02:00:00,0.7198,0.7314,0.7186,0.7314,1720338.0,1249833.2213
2025-09-08 03:00:00,0.7314,0.737,0.7299,0.7327,3211360.0,2356372.695
2025-09-08 04:00:00,0.7327,0.733,0.7238,0.7256,1005434.0,731624.8427
2025-09-08 05:00:00,0.7256,0.7269,0.7213,0.7243,649100.0,470206.5224
2025-09-08 06:00:00,0.7243,0.7268,0.7199,0.7235,602805.0,436080.2653
2025-09-08 07:00:00,0.7235,0.7293,0.7214,0.7233,1192879.0,864905.9503
2025-09-08 08:00:00,0.7233,0.7421,0.7232,0.7399,8144676.0,5987908.6336
2025-09-08 09:00:00,0.7399,0.7436,0.7333,0.7382,2122153.0,1569059.076
2025-09-08 10:00:00,0.7382,0.7465,0.7366,0.7392,2406145.0,1785257.5201
2025-09-08 11:00:00,0.7392,0.74,0.7307,0.7347,1611705.0,1183645.6203
2025-09-08 12:00:00,0.7347,0.7381,0.7323,0.7362,1358963.0,997880.2482
2025-09-08 13:00:00,0.7362,0.743,0.7332,0.7338,1836987.0,1354097.7455
2025-09-08 14:00:00,0.7338,0.7469,0.7336,0.7469,3019990.0,2241813.2763
2025-09-08 15:00:00,0.7469,0.7541,0.7466,0.7507,4008380.0,3005348.173
2025-09-08 16:00:00,0.7507,0.7581,0.7485,0.7517,9725185.0,7326823.9275
2025-09-08 17:00:00,0.7517,0.7578,0.7487,0.749,3172153.0,2389085.8041
2025-09-08 18:00:00,0.749,0.7537,0.7474,0.7529,2103337.0,1579640.0428
2025-09-08 19:00:00,0.7529,0.7532,0.746,0.7484,1278264.0,958622.2486
2025-09-08 20:00:00,0.7484,0.7517,0.7445,0.7483,839197.0,627734.5428
2025-09-08 21:00:00,0.7483,0.7549,0.7441,0.7548,1271093.0,953625.7664
2025-09-08 22:00:00,0.7548,0.7573,0.7525,0.7529,2140359.0,1614975.8747
2025-09-08 23:00:00,0.7529,0.7542,0.7476,0.7515,1181652.0,887157.6146
2025-09-09 00:00:00,0.7515,0.7962,0.7515,0.7627,11051515.0,8554218.8517
2025-09-09 01:00:00,0.7627,0.7643,0.7471,0.7484,3198954.0,2407701.9105
2025-09-09 02:00:00,0.7484,0.752,0.7405,0.7443,2100018.0,1567593.2411
2025-09-09 03:00:00,0.7443,0.7532,0.7429,0.7528,1877366.0,1401805.8689
2025-09-09 04:00:00,0.7528,0.7599,0.7489,0.7586,1056522.0,796749.7188
2025-09-09 05:00:00,0.7586,0.763,0.7533,0.7619,2906173.0,2204125.7986
2025-09-09 06:00:00,0.7619,0.7771,0.7607,0.7745,4050003.0,3129662.4906
2025-09-09 07:00:00,0.7745,0.7814,0.7736,0.7809,4925686.0,3830148.337
2025-09-09 08:00:00,0.7809,0.7851,0.7771,0.7839,3781175.0,2952505.1202
2025-09-09 09:00:00,0.7839,0.7893,0.7804,0.7862,10086898.0,7915928.2162
2025-09-09 10:00:00,0.7862,0.7884,0.7793,0.7803,1782739.0,1397231.9009
2025-09-09 11:00:00,0.7803,0.788,0.7793,0.7825,4555707.0,3573629.4685
2025-09-09 12:00:00,0.7825,0.7896,0.7725,0.773,8684109.0,6774480.5602
2025-09-09 13:00:00,0.773,0.7782,0.7683,0.7744,5121906.0,3962350.301
2025-09-09 14:00:00,0.7744,0.7769,0.7557,0.7625,6504543.0,4975538.5319
2025-09-09 15:00:00,0.7625,0.7636,0.7489,0.7552,3633271.0,2748952.5433
2025-09-09 16:00:00,0.7552,0.7576,0.7472,0.7519,2663063.0,2004368.203
2025-09-09 17:00:00,0.7519,0.7566,0.7486,0.7507,2442816.0,1837200.1448
2025-09-09 18:00:00,0.7507,0.7567,0.7485,0.7552,6041914.0,4544713.7422
2025-09-09 19:00:00,0.7552,0.7611,0.7541,0.7573,3380773.0,2560955.112
2025-09-09 20:00:00,0.7573,0.7587,0.7533,0.7581,2324430.0,1755028.8492
2025-09-09 21:00:00,0.7581,0.7609,0.755,0.756,1606896.0,1217805.247
2025-09-09 22:00:00,0.756,0.7628,0.7544,0.7628,991025.0,751814.474
2025-09-09 23:00:00,0.7628,0.7661,0.7592,0.7637,1032074.0,786668.3166
2025-09-10 00:00:00,0.7637,0.7658,0.7579,0.76,987286.0,752615.2664
2025-09-10 01:00:00,0.76,0.7736,0.7586,0.7672,1309626.0,1004536.6337
2025-09-10 02:00:00,0.7672,0.7755,0.7662,0.7716,1504031.0,1158673.3283
2025-09-10 03:00:00,0.7716,0.7736,0.7676,0.7709,2474526.0,1909206.9435
2025-09-10 04:00:00,0.7709,0.7741,0.768,0.771,2442875.0,1885775.1352
2025-09-10 05:00:00,0.771,0.7712,0.7635,0.7671,1254038.0,961503.3543
2025-09-10 06:00:00,0.7671,0.7687,0.7609,0.7671,3006838.0,2301713.1961
2025-09-10 07:00:00,0.7671,0.7751,0.7663,0.769,5163913.0,3981902.1755
2025-09-10 08:00:00,0.769,0.772,0.7671,0.7697,1216853.0,936511.4769
2025-09-10 09:00:00,0.7697,0.7725,0.7654,0.7701,6498438.0,5001919.5885
2025-09-10 10:00:00,0.7701,0.7723,0.7667,0.7673,1427835.0,1098575.4401
2025-09-10 11:00:00,0.7673,0.7704,0.7658,0.7677,4252903.0,3266288.9335
2025-09-10 12:00:00,0.7677,0.7823,0.7672,0.7781,4467385.0,3470477.9168
2025-09-10 13:00:00,0.7781,0.7889,0.7762,0.7843,6656121.0,5201282.1068
2025-09-10 14:00:00,0.7843,0.7912,0.7771,0.779,2849018.0,2233605.5683
2025-09-10 15:00:00,0.779,0.782,0.7766,0.7788,1050852.0,819467.0908
2025-09-10 16:00:00,0.7788,0.7818,0.7714,0.7815,1757932.0,1364954.0119
2025-09-10 17:00:00,0.7815,0.7829,0.7737,0.777,1450126.0,1127557.4896
2025-09-10 18:00:00,0.777,0.7778,0.7719,0.7753,1319852.0,1022152.9642
2025-09-10 19:00:00,0.7753,0.7759,0.7628,0.7661,3020493.0,2317150.0737
2025-09-10 20:00:00,0.7661,0.769,0.7649,0.7684,817251.0,627513.1856
2025-09-10 21:00:00,0.7684,0.7722,0.7679,0.7708,2729649.0,2102510.8358
2025-09-10 22:00:00,0.7708,0.773,0.7698,0.7712,1624080.0,1252069.3206
2025-09-10 23:00:00,0.7712,0.7736,0.7697,0.7735,2755168.0,2127131.8627
2025-09-11 00:00:00,0.7735,0.7754,0.7704,0.7751,542224.0,419166.1307
2025-09-11 01:00:00,0.7751,0.7811,0.7739,0.7807,730340.0,567986.4871
2025-09-11 02:00:00,0.7807,0.7942,0.7788,0.7866,3554364.0,2802465.8919
2025-09-11 03:00:00,0.7866,0.7952,0.7836,0.7944,1858195.0,1467701.6499
2025-09-11 04:00:00,0.7944,0.7951,0.7896,0.7909,905086.0,717176.4128
2025-09-11 05:00:00,0.7909,0.791,0.7832,0.7864,1665589.0,1310171.4147
2025-09-11 06:00:00,0.7864,0.7912,0.7829,0.7907,1463107.0,1150793.7677
2025-09-11 07:00:00,0.7907,0.7924,0.7877,0.7891,1450704.0,1145459.3665
2025-09-11 08:00:00,0.7891,0.7905,0.7866,0.7883,1764419.0,1391980.2682
2025-09-11 09:00:00,0.7883,0.7884,0.7814,0.7833,1599297.0,1253948.3201
2025-09-11 10:00:00,0.7833,0.7848,0.7802,0.7821,4072659.0,3185382.0266
2025-09-11 11:00:00,0.7821,0.7838,0.7762,0.7774,1975295.0,1541246.8185
2025-09-11 12:00:00,0.7774,0.7918,0.7654,0.7789,7674649.0,5975795.3626
2025-09-11 13:00:00,0.7789,0.7822,0.7689,0.7819,3495031.0,2709271.7061
2025-09-11 14:00:00,0.7819,0.7827,0.7676,0.7737,3236216.0,2501959.6581
2025-09-11 15:00:00,0.7737,0.7765,0.769,0.7699,5487015.0,4239717.6101
2025-09-11 16:00:00,0.7699,0.7769,0.7693,0.7722,2056408.0,1588034.802
2025-09-11 17:00:00,0.7722,0.7794,0.7709,0.7777,1068931.0,829940.4921
2025-09-11 18:00:00,0.7777,0.7793,0.7751,0.7777,650142.0,505367.1473
2025-09-11 19:00:00,0.7777,0.7821,0.7755,0.7809,946880.0,737011.9326
2025-09-11 20:00:00,0.7809,0.7837,0.7782,0.7807,1657567.0,1295219.5649
2025-09-11 21:00:00,0.7807,0.7844,0.7798,0.7838,1108880.0,867787.1259
2025-09-11 22:00:00,0.7838,0.7892,0.7833,0.7878,762744.0,600327.2551
2025-09-11 23:00:00,0.7878,0.7912,0.7877,0.7896,919807.0,726356.9995
2025-09-12 00:00:00,0.7896,0.7998,0.7875,0.7946,2247974.0,1789245.0131
2025-09-12 01:00:00,0.7946,0.7979,0.7862,0.7867,967062.0,766230.2664
2025-09-12 02:00:00,0.7867,0.7906,0.7843,0.7851,867255.0,682949.1011
2025-09-12 03:00:00,0.7851,0.7857,0.7781,0.7817,3288236.0,2569722.5593
2025-09-12 04:00:00,0.7817,0.7832,0.7782,0.7803,881961.0,688937.2802
2025-09-12 05:00:00,0.7803,0.7893,0.7786,0.7891,1269757.0,996547.6653
2025-09-12 06:00:00,0.7891,0.7902,0.7819,0.7833,1646032.0,1293892.8045
2025-09-12 07:00:00,0.7833,0.7883,0.7805,0.7816,3563605.0,2793706.53
2025-09-12 08:00:00,0.7816,0.7829,0.7758,0.7796,4278774.0,3333653.9214
2025-09-12 09:00:00,0.7796,0.7801,0.7721,0.7744,4162438.0,3228806.8614
2025-09-12 10:00:00,0.7744,0.7759,0.7707,0.7753,5695664.0,4402868.871
2025-09-12 11:00:00,0.7753,0.7787,0.7711,0.7714,3769255.0,2922786.3075
2025-09-12 12:00:00,0.7714,0.7769,0.7677,0.7755,6534282.0,5044520.1132
2025-09-12 13:00:00,0.7755,0.7795,0.774,0.7787,7419473.0,5757906.0273
2025-09-12 14:00:00,0.7787,0.7854,0.7762,0.781,5250299.0,4101088.8632
2025-09-12 15:00:00,0.781,0.7815,0.7722,0.777,2351961.0,1824526.0304
2025-09-12 16:00:00,0.777,0.7902,0.7768,0.7902,6363388.0,4993539.285
2025-09-12 17:00:00,0.7902,0.8022,0.7881,0.7983,6215384.0,4937600.4926
2025-09-12 18:00:00,0.7983,0.8076,0.7971,0.8054,5406993.0,4340125.0544
2025-09-12 19:00:00,0.8054,0.8055,0.7998,0.8039,4017613.0,3223210.2199
2025-09-12 20:00:00,0.8039,0.8041,0.7971,0.8021,2739227.0,2194478.1473
2025-09-12 21:00:00,0.8021,0.8021,0.7959,0.7986,1189979.0,949976.7019
2025-09-12 22:00:00,0.7986,0.8084,0.7986,0.8031,2385766.0,1917335.1576
2025-09-12 23:00:00,0.8031,0.8042,0.7998,0.8014,538676.0,431891.7324
2025-09-13 00:00:00,0.8014,0.8031,0.7969,0.803,571918.0,457448.7275
2025-09-13 01:00:00,0.803,0.809,0.7986,0.799,1246677.0,1004248.7388
2025-09-13 02:00:00,0.799,0.8053,0.7952,0.8047,811537.0,649310.7823
2025-09-13 03:00:00,0.8047,0.8092,0.8034,0.8065,888466.0,716732.9683
2025-09-13 04:00:00,0.8065,0.8085,0.8041,0.8044,1209052.0,974223.1792
2025-09-13 05:00:00,0.8044,0.8085,0.8021,0.8085,749842.0,604504.501
2025-09-13 06:00:00,0.8085,0.8153,0.8085,0.813,2812261.0,2283522.3498
2025-09-13 07:00:00,0.813,0.8136,0.8082,0.8085,922876.0,748678.475
2025-09-13 08:00:00,0.8085,0.8181,0.8083,0.8179,3066387.0,2497612.4615
2025-09-13 09:00:00,0.8179,0.8272,0.8176,0.8263,7706977.0,6340760.7193
2025-09-13 10:00:00,0.8263,0.8343,0.8238,0.8262,3121886.0,2588623.3043
2025-09-13 11:00:00,0.8262,0.8325,0.8208,0.8317,1907809.0,1574407.2197
2025-09-13 12:00:00,0.8317,0.8343,0.8267,0.8326,1520017.0,1262049.8115
2025-09-13 13:00:00,0.8326,0.8362,0.8104,0.8209,2878252.0,2375288.8349
2025-09-13 14:00:00,0.8209,0.8272,0.8129,0.8245,2255617.0,1852133.6827
2025-09-13 15:00:00,0.8245,0.8327,0.8189,0.8235,2910729.0,2403093.5472
2025-09-13 16:00:00,0.8235,0.8277,0.8132,0.8161,2057838.0,1685523.4674
2025-09-13 17:00:00,0.8161,0.82,0.8067,0.8196,4868949.0,3958918.6851
2025-09-13 18:00:00,0.8196,0.8203,0.8139,0.8196,803870.0,657107.9439
2025-09-13 19:00:00,0.8196,0.821,0.8148,0.8193,1263850.0,1033988.7501
2025-09-13 20:00:00,0.8193,0.8266,0.8185,0.8241,2037025.0,1678327.0679
2025-09-13 21:00:00,0.8241,0.8271,0.8232,0.8241,568192.0,468487.6782
2025-09-13 22:00:00,0.8241,0.8262,0.8209,0.8228,490476.0,404110.0499
2025-09-13 23:00:00,0.8228,0.8239,0.8194,0.8204,396305.0,325603.1899
2025-09-14 00:00:00,0.8204,0.8222,0.8097,0.8126,923407.0,754531.5346
2025-09-14 01:00:00,0.8126,0.8136,0.8031,0.8134,2255078.0,1819452.6419
2025-09-14 02:00:00,0.8134,0.8188,0.8113,0.8175,603952.0,492696.3312
2025-09-14 03:00:00,0.8175,0.8183,0.8033,0.8045,490319.0,397643.7477
2025-09-14 04:00:00,0.8045,0.8083,0.797,0.8064,899011.0,721980.0894
2025-09-14 05:00:00,0.8064,0.8144,0.8058,0.8138,513170.0,416653.3775
2025-09-14 06:00:00,0.8138,0.8157,0.8045,0.8083,4810463.0,3884195.5449
2025-09-14 07:00:00,0.8083,0.8095,0.8012,0.804,814741.0,656205.8116
2025-09-14 08:00:00,0.804,0.8069,0.8003,0.8037,1175664.0,944517.1518
2025-09-14 09:00:00,0.8037,0.8089,0.8016,0.8064,5803972.0,4671229.6186
2025-09-14 10:00:00,0.8064,0.8069,0.8026,0.8042,1006630.0,809730.5728
2025-09-14 11:00:00,0.8042,0.8054,0.7873,0.7894,5434726.0,4319039.9428
2025-09-14 12:00:00,0.7894,0.7953,0.7825,0.7857,2903316.0,2293332.9516
2025-09-14 13:00:00,0.7857,0.7876,0.7763,0.7792,3087399.0,2416925.4878
2025-09-14 14:00:00,0.7792,0.7853,0.7701,0.775,5945968.0,4630321.0801
2025-09-14 15:00:00,0.775,0.7779,0.7679,0.7756,5870411.0,4534190.3535
2025-09-14 16:00:00,0.7756,0.7837,0.7741,0.7802,1145059.0,894029.7269
2025-09-14 17:00:00,0.7802,0.7891,0.7792,0.7873,1250163.0,983503.5958
2025-09-14 18:00:00,0.7873,0.7874,0.7818,0.7837,860348.0,674401.5082
2025-09-14 19:00:00,0.7837,0.7884,0.7811,0.7848,1289406.0,1012798.7177
2025-09-14 20:00:00,0.7848,0.7898,0.7844,0.7879,641319.0,505315.8787
2025-09-14 21:00:00,0.7879,0.7918,0.7835,0.7896,803118.0,633517.2582
2025-09-14 22:00:00,0.7896,0.7961,0.7866,0.7937,424147.0,335213.1344
2025-09-14 23:00:00,0.7937,0.794,0.7832,0.7853,477159.0,375964.7884
2025-09-15 00:00:00,0.7853,0.7916,0.7841,0.7844,562773.0,443107.8354
2025-09-15 01:00:00,0.7844,0.7896,0.7757,0.7875,929426.0,728732.4103
2025-09-15 02:00:00,0.7875,0.7928,0.7859,0.7863,583106.0,460187.7152
2025-09-15 03:00:00,0.7863,0.8004,0.786,0.7989,1296491.0,1031587.4643
2025-09-15 04:00:00,0.7989,0.8056,0.7969,0.7975,1142126.0,914588.5766
2025-09-15 05:00:00,0.7975,0.8077,0.7966,0.8037,1706634.0,1372505.0195
2025-09-15 06:00:00,0.8037,0.8037,0.7806,0.7849,4782468.0,3794963.3238
2025-09-15 07:00:00,0.7849,0.7922,0.7718,0.7733,4364434.0,3400807.502
2025-09-15 08:00:00,0.7733,0.7733,0.7459,0.7471,6632790.0,5032402.1604
2025-09-15 09:00:00,0.7471,0.7575,0.7462,0.7549,2664606.0,2007172.433
2025-09-15 10:00:00,0.7549,0.7549,0.7466,0.7524,3857581.0,2898580.3256
2025-09-15 11:00:00,0.7524,0.7542,0.7464,0.7497,8585392.0,6445196.3473
2025-09-15 12:00:00,0.7497,0.7529,0.7439,0.745,3643395.0,2722882.8104
2025-09-15 13:00:00,0.745,0.752,0.7429,0.7473,3561881.0,2659266.7251
2025-09-15 14:00:00,0.7473,0.752,0.7408,0.7412,5138620.0,3828249.6731
2025-09-15 15:00:00,0.7412,0.7448,0.7333,0.7391,4066437.0,3000676.728
2025-09-15 16:00:00,0.7391,0.7404,0.7316,0.7335,2548497.0,1874714.4658
2025-09-15 17:00:00,0.7335,0.74,0.7309,0.7399,1918100.0,1409727.4197
2025-09-15 18:00:00,0.7399,0.7404,0.7354,0.7393,727290.0,536619.7865
2025-09-15 19:00:00,0.7393,0.7431,0.7359,0.7401,1492888.0,1104372.6879
2025-09-15 20:00:00,0.7401,0.7439,0.7389,0.7434,715496.0,531176.2258
2025-09-15 21:00:00,0.7434,0.7446,0.7409,0.7438,681642.0,506600.0211
2025-09-15 22:00:00,0.7438,0.7452,0.7396,0.742,829455.0,615438.9487
2025-09-15 23:00:00,0.742,0.745,0.7403,0.7428,386247.0,287005.4282
2025-09-16 00:00:00,0.7428,0.743,0.7394,0.7421,1656023.0,1227516.426
2025-09-16 01:00:00,0.7421,0.7466,0.7387,0.7388,1663313.0,1236467.4497
2025-09-16 02:00:00,0.7388,0.7426,0.7385,0.739,701342.0,519476.3441
2025-09-16 03:00:00,0.739,0.7429,0.7379,0.7394,1033249.0,764381.0054
2025-09-16 04:00:00,0.7394,0.7404,0.7316,0.7403,4213123.0,3101099.8041
2025-09-16 05:00:00,0.7403,0.7485,0.7389,0.7484,1449138.0,1078786.8838
2025-09-16 06:00:00,0.7484,0.7514,0.7422,0.7452,3628770.0,2708585.8744
2025-09-16 07:00:00,0.7452,0.7573,0.7452,0.7517,2047190.0,1540967.2597
2025-09-16 08:00:00,0.7517,0.762,0.7517,0.7605,3377107.0,2560571.9232
2025-09-16 09:00:00,0.7605,0.7614,0.7555,0.7607,2930120.0,2223130.1398
2025-09-16 10:00:00,0.7607,0.7621,0.7539,0.754,2266202.0,1715340.4855
2025-09-16 11:00:00,0.754,0.7578,0.7515,0.7558,1771564.0,1336108.7823
2025-09-16 12:00:00,0.7558,0.7594,0.7547,0.7566,2190272.0,1656358.7589
2025-09-16 13:00:00,0.7566,0.7654,0.7484,0.7575,4056043.0,3069018.28
2025-09-16 14:00:00,0.7575,0.7583,0.7452,0.7567,1687786.0,1267972.2046
2025-09-16 15:00:00,0.7567,0.7675,0.7537,0.7675,2640015.0,2014000.238
2025-09-16 16:00:00,0.7675,0.7678,0.7599,0.7629,1882525.0,1437540.0608
2025-09-16 17:00:00,0.7629,0.7759,0.7627,0.7701,3526063.0,2718541.0476
2025-09-16 18:00:00,0.7701,0.7757,0.7701,0.774,2651074.0,2049928.001
2025-09-16 19:00:00,0.774,0.7782,0.772,0.777,1359291.0,1054876.3796
2025-09-16 20:00:00,0.777,0.7792,0.7742,0.7768,1179041.0,915957.3305
2025-09-16 21:00:00,0.7768,0.7802,0.7755,0.78,2318128.0,1804075.0524
2025-09-16 22:00:00,0.78,0.7869,0.7796,0.7847,2934430.0,2299724.4092
2025-09-16 23:00:00,0.7847,0.7849,0.7775,0.7784,2044183.0,1595767.1511
2025-09-17 00:00:00,0.7784,0.7822,0.7766,0.7775,955610.0,744577.1543
2025-09-17 01:00:00,0.7775,0.7791,0.7737,0.7771,1428560.0,1108867.0419
2025-09-17 02:00:00,0.7771,0.7869,0.7749,0.7823,1828763.0,1429253.9727
2025-09-17 03:00:00,0.7823,0.7855,0.7757,0.7771,1733486.0,1355635.8596
2025-09-17 04:00:00,0.7771,0.7807,0.7683,0.772,2142392.0,1662324.7988
2025-09-17 05:00:00,0.772,0.7789,0.7697,0.7789,1226737.0,948870.1882
2025-09-17 06:00:00,0.7789,0.7835,0.7749,0.7831,1487539.0,1158503.9187
2025-09-17 07:00:00,0.7831,0.7831,0.7761,0.7775,1527595.0,1188552.3035
2025-09-17 08:00:00,0.7775,0.7776,0.7702,0.7741,1425286.0,1101882.5822
2025-09-17 09:00:00,0.7741,0.7751,0.7655,0.7655,2437976.0,1876737.5391
2025-09-17 10:00:00,0.7655,0.7684,0.7613,0.7636,1478220.0,1130548.4815
2025-09-17 11:00:00,0.7636,0.7695,0.7634,0.7669,1311600.0,1005450.6667
2025-09-17 12:00:00,0.7669,0.7705,0.7626,0.7673,2554994.0,1956742.1564
2025-09-17 13:00:00,0.7673,0.7693,0.7626,0.766,1592548.0,1219620.7293
2025-09-17 14:00:00,0.766,0.7683,0.7615,0.7636,2053722.0,1571300.7634
2025-09-17 15:00:00,0.7636,0.7648,0.7607,0.7622,1345245.0,1026234.511
2025-09-17 16:00:00,0.7622,0.7681,0.7564,0.7674,2210940.0,1683286.9082
2025-09-17 17:00:00,0.7674,0.7782,0.7625,0.7625,2624432.0,2024705.5874
2025-09-17 18:00:00,0.7625,0.7807,0.759,0.7672,8029994.0,6189204.5822
2025-09-17 19:00:00,0.7672,0.7941,0.767,0.7931,4888642.0,3828026.1535
2025-09-17 20:00:00,0.7931,0.8044,0.7907,0.7927,5695633.0,4541169.1016
2025-09-17 21:00:00,0.7927,0.8156,0.7855,0.8101,3298903.0,2646672.4782
2025-09-17 22:00:00,0.8101,0.8169,0.8101,0.8147,3344786.0,2721072.0868
2025-09-17 23:00:00,0.8147,0.8192,0.8101,0.8117,1906664.0,1552653.1469
2025-09-18 00:00:00,0.8117,0.8269,0.8101,0.8127,2688882.0,2198233.8262
2025-09-18 01:00:00,0.8127,0.8188,0.8111,0.8141,916505.0,747189.8839
2025-09-18 02:00:00,0.8141,0.8149,0.8079,0.8144,608354.0,492974.1511
2025-09-18 03:00:00,0.8144,0.8243,0.8116,0.8193,2002170.0,1642704.1053
2025-09-18 04:00:00,0.8193,0.8261,0.8164,0.8235,1668432.0,1368286.4116
2025-09-18 05:00:00,0.8235,0.8235,0.8173,0.8184,2944273.0,2412792.246
2025-09-18 06:00:00,0.8184,0.8197,0.8054,0.8103,1996012.0,1617362.3583
2025-09-18 07:00:00,0.8103,0.8175,0.8103,0.8119,2537469.0,2067086.3742
2025-09-18 08:00:00,0.8119,0.8166,0.8094,0.8131,1455250.0,1182806.9006
2025-09-18 09:00:00,0.8131,0.8144,0.8103,0.8133,1477492.0,1200596.2778
2025-09-18 10:00:00,0.8133,0.8141,0.8056,0.8089,2361365.0,1911267.3791
2025-09-18 11:00:00,0.8089,0.8155,0.8083,0.8155,2167566.0,1760621.1479
2025-09-18 12:00:00,0.8155,0.8189,0.8127,0.8155,2383334.0,1944248.1733
2025-09-18 13:00:00,0.8155,0.8199,0.8119,0.819,2290358.0,1869726.1323
2025-09-18 14:00:00,0.819,0.8304,0.8169,0.8192,5402406.0,4452793.6263
2025-09-18 15:00:00,0.8192,0.8258,0.8178,0.8219,2853243.0,2343526.5548
2025-09-18 16:00:00,0.8219,0.8291,0.8219,0.8255,2834345.0,2340046.5554
2025-09-18 17:00:00,0.8255,0.834,0.8242,0.8333,2973366.0,2464232.1367
2025-09-18 18:00:00,0.8333,0.8376,0.8296,0.8367,3208580.0,2675570.6677
2025-09-18 19:00:00,0.8367,0.8372,0.8256,0.8309,2919071.0,2430417.8385
2025-09-18 20:00:00,0.8309,0.8345,0.8299,0.833,4214505.0,3507145.1691
2025-09-18 21:00:00,0.833,0.8385,0.8304,0.8365,2071334.0,1728124.1734
2025-09-18 22:00:00,0.8365,0.8397,0.8327,0.8331,4005167.0,3350354.3376
2025-09-18 23:00:00,0.8331,0.8338,0.8263,0.8316,2318698.0,1924833.9706
2025-09-19 00:00:00,0.8316,0.8508,0.8315,0.8496,12803482.0,10801127.5729
2025-09-19 01:00:00,0.8496,0.8563,0.8442,0.8469,6050790.0,5146707.7296
2025-09-19 02:00:00,0.8469,0.8556,0.8425,0.8459,2288182.0,1943198.4747
2025-09-19 03:00:00,0.8459,0.8502,0.8344,0.835,2812339.0,2362792.8825
2025-09-19 04:00:00,0.835,0.8367,0.8199,0.8361,8173893.0,6752941.7698
2025-09-19 05:00:00,0.8361,0.8372,0.8264,0.8321,2268837.0,1887804.5426
2025-09-19 06:00:00,0.8321,0.8341,0.824,0.8244,1340123.0,1112527.5305
2025-09-19 07:00:00,0.8244,0.8342,0.8213,0.8316,2433365.0,2017913.0299
2025-09-19 08:00:00,0.8316,0.8361,0.8254,0.8269,2318854.0,1929546.6095
2025-09-19 09:00:00,0.8269,0.836,0.8208,0.8246,7039104.0,5849629.8019
2025-09-19 10:00:00,0.8246,0.8252,0.8148,0.8198,3700697.0,3032101.5156
2025-09-19 11:00:00,0.8198,0.8198,0.8067,0.8108,5187491.0,4211153.8845
2025-09-19 12:00:00,0.8108,0.8163,0.8096,0.8103,4876962.0,3962974.1067
2025-09-19 13:00:00,0.8103,0.8167,0.8086,0.8127,3322263.0,2700282.7096
2025-09-19 14:00:00,0.8127,0.8152,0.8015,0.8061,4631963.0,3753842.3526
2025-09-19 15:00:00,0.8061,0.8067,0.7925,0.8022,6586700.0,5260066.6013
2025-09-19 16:00:00,0.8022,0.8084,0.8015,0.8059,2809825.0,2263126.3246
2025-09-19 17:00:00,0.8059,0.8063,0.7966,0.7973,3226868.0,2588615.1961
2025-09-19 18:00:00,0.7973,0.799,0.7914,0.7957,2802099.0,2229235.5233
2025-09-19 19:00:00,0.7957,0.8005,0.7941,0.7944,1290659.0,1029307.6165
2025-09-19 20:00:00,0.7944,0.7997,0.7942,0.7944,1908276.0,1521008.1329
2025-09-19 21:00:00,0.7944,0.7987,0.7921,0.7981,1943309.0,1544407.4335
2025-09-19 22:00:00,0.7981,0.7992,0.796,0.7963,355949.0,283673.8073
2025-09-19 23:00:00,0.7963,0.7966,0.7845,0.7913,5183048.0,4080785.8072
2025-09-20 00:00:00,0.7913,0.7979,0.7882,0.7979,1174044.0,928654.0165
2025-09-20 01:00:00,0.7979,0.7979,0.7901,0.7924,543839.0,431980.1229
2025-09-20 02:00:00,0.7924,0.7943,0.7854,0.7936,1650272.0,1302091.6703
2025-09-20 03:00:00,0.7936,0.7966,0.7912,0.7954,1702950.0,1352429.9841
2025-09-20 04:00:00,0.7954,0.8036,0.7938,0.7994,1631074.0,1304441.1879
2025-09-20 05:00:00,0.7994,0.804,0.7994,0.8033,2465127.0,1977589.2201
2025-09-20 06:00:00,0.8033,0.8095,0.8011,0.8058,3538320.0,2854340.9452
2025-09-20 07:00:00,0.8058,0.8086,0.8033,0.807,1989822.0,1604051.2485
2025-09-20 08:00:00,0.807,0.8076,0.7987,0.7995,1515653.0,1218377.5116
2025-09-20 09:00:00,0.7995,0.8016,0.7948,0.7964,1369227.0,1093563.5893
2025-09-20 10:00:00,0.7964,0.802,0.7946,0.7951,2792776.0,2230582.8182
2025-09-20 11:00:00,0.7951,0.8008,0.7941,0.8008,1176977.0,938285.0158
2025-09-20 12:00:00,0.8008,0.8029,0.7986,0.8028,1065591.0,853056.4698
2025-09-20 13:00:00,0.8028,0.8051,0.7996,0.8033,1840733.0,1477232.2214
2025-09-20 14:00:00,0.8033,0.8176,0.799,0.8156,3649922.0,2948835.3243
2025-09-20 15:00:00,0.8156,0.8259,0.8149,0.8169,5251582.0,4306516.3401
2025-09-20 16:00:00,0.8169,0.8211,0.8134,0.8192,2534630.0,2071269.5908
2025-09-20 17:00:00,0.8192,0.8201,0.8117,0.8146,1503646.0,1225610.4738
2025-09-20 18:00:00,0.8146,0.8149,0.8054,0.8058,1343493.0,1086643.6225
2025-09-20 19:00:00,0.8058,0.8086,0.8028,0.8045,2037731.0,1641942.7127
2025-09-20 20:00:00,0.8045,0.8104,0.8035,0.8089,1643434.0,1329064.9492
2025-09-20 21:00:00,0.8089,0.8148,0.8082,0.8117,1948220.0,1581876.6575
2025-09-20 22:00:00,0.8117,0.8141,0.8089,0.8131,1001112.0,811671.1563
2025-09-20 23:00:00,0.8131,0.8132,0.8063,0.8082,1525020.0,1232343.9686
2025-09-21 00:00:00,0.8082,0.8164,0.8076,0.8124,2216859.0,1803919.176
2025-09-21 01:00:00,0.8124,0.8156,0.8074,0.8085,1287973.0,1045993.9458
2025-09-21 02:00:00,0.8085,0.815,0.8053,0.8144,1014690.0,822569.0007
2025-09-21 03:00:00,0.8144,0.8156,0.8113,0.8148,1857233.0,1510828.6555
2025-09-21 04:00:00,0.8148,0.8151,0.8046,0.806,1036232.0,838912.4402
2025-09-21 05:00:00,0.806,0.8136,0.8054,0.8135,976709.0,790049.2213
2025-09-21 06:00:00,0.8135,0.8188,0.8135,0.8147,3506683.0,2863456.6481
2025-09-21 07:00:00,0.8147,0.8198,0.8116,0.8122,1425438.0,1163336.7927
2025-09-21 08:00:00,0.8122,0.8139,0.8031,0.804,2510619.0,2025347.5509
2025-09-21 09:00:00,0.804,0.8047,0.7865,0.7948,4741822.0,3764397.9154
2025-09-21 10:00:00,0.7948,0.798,0.791,0.791,2295758.0,1824812.2732
2025-09-21 11:00:00,0.791,0.7977,0.7902,0.7948,1061932.0,843909.3532
2025-09-21 12:00:00,0.7948,0.8018,0.7944,0.7964,1705759.0,1362380.5613
2025-09-21 13:00:00,0.7964,0.7993,0.7946,0.7975,1600775.0,1275790.3031
2025-09-21 14:00:00,0.7975,0.7988,0.7888,0.7888,2586089.0,2052893.7783
2025-09-21 15:00:00,0.7888,0.7921,0.7864,0.7874,1708611.0,1348010.4283
2025-09-21 16:00:00,0.7874,0.7892,0.7777,0.7811,2729211.0,2137662.6633
2025-09-21 17:00:00,0.7811,0.7866,0.7762,0.7863,2964299.0,2312817.8251
2025-09-21 18:00:00,0.7863,0.7888,0.7838,0.7887,1275963.0,1004046.7662
2025-09-21 19:00:00,0.7887,0.7888,0.7813,0.7852,913548.0,716960.8274
2025-09-21 20:00:00,0.7852,0.7853,0.7796,0.7803,1329969.0,1040441.7891
2025-09-21 21:00:00,0.7803,0.7833,0.7788,0.7811,666465.0,520809.9004
2025-09-21 22:00:00,0.7811,0.785,0.7762,0.7844,2019238.0,1573889.7177
2025-09-21 23:00:00,0.7844,0.7845,0.7776,0.7784,2381004.0,1856637.8782
2025-09-22 00:00:00,0.7784,0.7814,0.7525,0.7551,6206906.0,4750723.8492
2025-09-22 01:00:00,0.7551,0.7607,0.7493,0.7533,2804783.0,2119809.159
2025-09-22 02:00:00,0.7533,0.7568,0.7344,0.7398,6797579.0,5063071.6826
2025-09-22 03:00:00,0.7398,0.7477,0.7397,0.7461,3803030.0,2829694.2968
2025-09-22 04:00:00,0.7461,0.7503,0.7432,0.747,2011119.0,1502817.7188
2025-09-22 05:00:00,0.747,0.7482,0.7322,0.7322,3466773.0,2574570.1542
2025-09-22 06:00:00,0.7322,0.7322,0.6834,0.7161,11002771.0,7784384.9821
2025-09-22 07:00:00,0.7161,0.7173,0.7084,0.7091,2660297.0,1898121.963
2025-09-22 08:00:00,0.7091,0.7116,0.7022,0.7078,2864218.0,2026638.2414
2025-09-22 09:00:00,0.7078,0.7079,0.6992,0.7001,3702640.0,2607841.4396
2025-09-22 10:00:00,0.7001,0.7115,0.6991,0.7113,2106391.0,1490395.3852
2025-09-22 11:00:00,0.7113,0.7117,0.7027,0.7043,1609222.0,1136430.3093
2025-09-22 12:00:00,0.7043,0.7079,0.7014,0.7045,1445922.0,1019091.4074
2025-09-22 13:00:00,0.7045,0.7082,0.7003,0.708,2129188.0,1499799.983
2025-09-22 14:00:00,0.708,0.7088,0.6962,0.6985,3204354.0,2251954.1985
2025-09-22 15:00:00,0.6985,0.7002,0.6926,0.6935,3398780.0,2364259.4262
2025-09-22 16:00:00,0.6935,0.6974,0.6909,0.6936,2919378.0,2027387.1463
2025-09-22 17:00:00,0.6936,0.7,0.6907,0.6978,3086177.0,2142375.1888
2025-09-22 18:00:00,0.6978,0.6996,0.6942,0.6942,1766237.0,1231335.4532
2025-09-22 19:00:00,0.6942,0.6958,0.6866,0.6883,3447173.0,2382073.9626
2025-09-22 20:00:00,0.6883,0.6975,0.6877,0.6965,1059816.0,733262.2045
2025-09-22 21:00:00,0.6965,0.7004,0.6937,0.6999,1812782.0,1264195.9748
2025-09-22 22:00:00,0.6999,0.7008,0.6972,0.7004,1455688.0,1017444.3127
2025-09-22 23:00:00,0.7004,0.7034,0.6991,0.703,479645.0,336314.3104
2025-09-23 00:00:00,0.703,0.7062,0.6983,0.6984,1210922.0,850105.2479
2025-09-23 01:00:00,0.6984,0.7015,0.6939,0.694,1555712.0,1084169.758
2025-09-23 02:00:00,0.694,0.6982,0.6884,0.6886,932452.0,645695.6089
2025-09-23 03:00:00,0.6886,0.7044,0.6837,0.7022,2119539.0,1475888.4578
2025-09-23 04:00:00,0.7022,0.7051,0.6952,0.6985,2889860.0,2024757.1437
2025-09-23 05:00:00,0.6985,0.7022,0.6942,0.6984,2278432.0,1589460.0537
2025-09-23 06:00:00,0.6984,0.7125,0.6984,0.7115,3997822.0,2828412.6626
2025-09-23 07:00:00,0.7115,0.713,0.7069,0.7072,1494477.0,1060786.3062
2025-09-23 08:00:00,0.7072,0.7102,0.7051,0.7055,2063916.0,1460361.5001
2025-09-23 09:00:00,0.7055,0.7087,0.6991,0.7003,1797418.0,1265193.8782
2025-09-23 10:00:00,0.7003,0.7051,0.699,0.7037,1956221.0,1373455.197
2025-09-23 11:00:00,0.7037,0.704,0.6993,0.7024,1663096.0,1167504.2152
2025-09-23 12:00:00,0.7024,0.7055,0.6994,0.7022,2722228.0,1912460.5291
2025-09-23 13:00:00,0.7022,0.7052,0.6988,0.7016,3388275.0,2375519.0661
2025-09-23 14:00:00,0.7016,0.7081,0.6986,0.6999,1730800.0,1216956.6274
2025-09-23 15:00:00,0.6999,0.7067,0.6954,0.7005,2076397.0,1455362.6908
2025-09-23 16:00:00,0.7005,0.7076,0.6969,0.7048,5236190.0,3677731.4012
2025-09-23 17:00:00,0.7048,0.7048,0.6918,0.6931,2425963.0,1688309.6611
2025-09-23 18:00:00,0.6931,0.6958,0.6885,0.6904,2598527.0,1800712.7887
2025-09-23 19:00:00,0.6904,0.6957,0.6864,0.6878,1256042.0,867203.7701
2025-09-23 20:00:00,0.6878,0.693,0.6863,0.693,1549679.0,1068320.9257
2025-09-23 21:00:00,0.693,0.6943,0.6888,0.6924,1819907.0,1258575.435
2025-09-23 22:00:00,0.6924,0.6925,0.6862,0.6869,1098511.0,756833.2439
2025-09-23 23:00:00,0.6869,0.6878,0.6797,0.6821,1523153.0,1039635.3639
2025-09-24 00:00:00,0.6821,0.6917,0.6817,0.6885,591474.0,406917.2967
2025-09-24 01:00:00,0.6885,0.6983,0.6867,0.6978,656166.0,455086.6024
2025-09-24 02:00:00,0.6978,0.6985,0.6927,0.6959,713234.0,496030.9226
2025-09-24 03:00:00,0.6959,0.6971,0.682,0.6841,1731986.0,1189340.6708
2025-09-24 04:00:00,0.6841,0.6954,0.6732,0.69,2706320.0,1847657.8885
2025-09-24 05:00:00,0.69,0.7046,0.6892,0.7038,1330661.0,927151.2671
2025-09-24 06:00:00,0.7038,0.7046,0.6993,0.703,1265316.0,888910.0337
2025-09-24 07:00:00,0.703,0.7036,0.6978,0.7019,1252729.0,878157.1907
2025-09-24 08:00:00,0.7019,0.7026,0.6983,0.7005,1666793.0,1167895.4055
2025-09-24 09:00:00,0.7005,0.7043,0.699,0.7031,1461855.0,1026499.013
2025-09-24 10:00:00,0.7031,0.7052,0.7004,0.7051,976731.0,686199.4758
2025-09-24 11:00:00,0.7051,0.7081,0.7036,0.7058,1518796.0,1071757.9467
2025-09-24 12:00:00,0.7058,0.7079,0.7037,0.7056,1789700.0,1262299.3409
2025-09-24 13:00:00,0.7056,0.71,0.6997,0.6999,2789424.0,1970405.9551
2025-09-24 14:00:00,0.6999,0.7097,0.6999,0.7053,1966488.0,1385298.589
2025-09-24 15:00:00,0.7053,0.7065,0.6939,0.695,1771523.0,1238760.0689
2025-09-24 16:00:00,0.695,0.697,0.6919,0.695,1534090.0,1066062.5769
2025-09-24 17:00:00,0.695,0.6986,0.6923,0.694,2225029.0,1545531.8908
2025-09-24 18:00:00,0.694,0.6941,0.6895,0.6912,1404946.0,971877.8979
2025-09-24 19:00:00,0.6912,0.6919,0.6867,0.6893,3219784.0,2216586.4485
2025-09-24 20:00:00,0.6893,0.6906,0.6847,0.6878,1964468.0,1351489.3895
2025-09-24 21:00:00,0.6878,0.6881,0.6797,0.6813,2146867.0,1470120.6523
2025-09-24 22:00:00,0.6813,0.6848,0.6796,0.6805,2496319.0,1703311.6801
2025-09-24 23:00:00,0.6805,0.6831,0.6794,0.6817,997290.0,678825.2104
2025-09-25 00:00:00,0.6817,0.683,0.6749,0.676,1760730.0,1197076.1752
2025-09-25 01:00:00,0.676,0.6787,0.6738,0.6771,1229084.0,830224.6459
2025-09-25 02:00:00,0.6771,0.6853,0.6716,0.6827,1590591.0,1077972.9774
2025-09-25 03:00:00,0.6827,0.6827,0.6707,0.6779,2340484.0,1577960.4333
2025-09-25 04:00:00,0.6779,0.6797,0.6628,0.6681,3279362.0,2199016.8708
2025-09-25 05:00:00,0.6681,0.6769,0.6648,0.6731,1524377.0,1026988.6403
2025-09-25 06:00:00,0.6731,0.6743,0.6657,0.6662,2459078.0,1644340.6867
2025-09-25 07:00:00,0.6662,0.6711,0.6652,0.6672,1940723.0,1296905.7032
2025-09-25 08:00:00,0.6672,0.6733,0.6667,0.6707,1799470.0,1205444.0224
2025-09-25 09:00:00,0.6707,0.6765,0.6682,0.6688,1986699.0,1337682.004
2025-09-25 10:00:00,0.6688,0.6757,0.6684,0.6705,1133915.0,761840.1838
2025-09-25 11:00:00,0.6705,0.6729,0.6651,0.6678,1952444.0,1305119.5908
2025-09-25 12:00:00,0.6678,0.6729,0.6554,0.668,3819044.0,2542540.8976
2025-09-25 13:00:00,0.668,0.6739,0.6615,0.6677,2570257.0,1713838.8628
2025-09-25 14:00:00,0.6677,0.6785,0.6677,0.6693,2031621.0,1366087.2998
2025-09-25 15:00:00,0.6693,0.6707,0.6651,0.6689,1352903.0,903316.9381
2025-09-25 16:00:00,0.6689,0.6696,0.6524,0.6548,2737925.0,1805773.9314
2025-09-25 17:00:00,0.6548,0.6548,0.6334,0.6373,4825391.0,3122642.4251
2025-09-25 18:00:00,0.6373,0.6557,0.6335,0.6556,3723511.0,2407308.1402
2025-09-25 19:00:00,0.6556,0.6595,0.6509,0.6519,3335292.0,2182176.5908
2025-09-25 20:00:00,0.6519,0.6529,0.6429,0.6442,2088609.0,1353483.3416
2025-09-25 21:00:00,0.6442,0.651,0.6403,0.6465,2810832.0,1815973.2008
2025-09-25 22:00:00,0.6465,0.6501,0.6401,0.6432,5173686.0,3341478.6226
2025-09-25 23:00:00,0.6432,0.6467,0.6345,0.641,2089992.0,1340257.4743
2025-09-26 00:00:00,0.641,0.6523,0.6394,0.6509,872502.0,562911.6402
2025-09-26 01:00:00,0.6509,0.6533,0.6473,0.65,414653.0,269568.6551
2025-09-26 02:00:00,0.65,0.6532,0.6459,0.6486,812041.0,527410.1716
2025-09-26 03:00:00,0.6486,0.6525,0.6463,0.6516,828378.0,538029.0874
2025-09-26 04:00:00,0.6516,0.6542,0.6481,0.6494,573656.0,373737.3918
2025-09-26 05:00:00,0.6494,0.6543,0.6473,0.6479,946260.0,616004.1189
2025-09-26 06:00:00,0.6479,0.6523,0.6439,0.6462,1961714.0,1271564.413
2025-09-26 07:00:00,0.6462,0.6515,0.6443,0.6506,2876586.0,1865303.8158
2025-09-26 08:00:00,0.6506,0.6543,0.6504,0.6515,1724748.0,1125099.3813
2025-09-26 09:00:00,0.6515,0.6532,0.6431,0.6465,2530670.0,1640571.2412
2025-09-26 10:00:00,0.6465,0.6466,0.6389,0.6419,2443620.0,1568648.7994
2025-09-26 11:00:00,0.6419,0.6456,0.6372,0.643,1605591.0,1030069.8929
2025-09-26 12:00:00,0.643,0.6536,0.6355,0.6485,4695113.0,3024370.56
2025-09-26 13:00:00,0.6485,0.6576,0.6439,0.6552,2256412.0,1470879.9524
2025-09-26 14:00:00,0.6552,0.6564,0.6478,0.6499,3128640.0,2037414.9318
2025-09-26 15:00:00,0.6499,0.6562,0.6499,0.6541,1808809.0,1181893.3568
2025-09-26 16:00:00,0.6541,0.6622,0.6533,0.6609,3476205.0,2290490.1104
2025-09-26 17:00:00,0.6609,0.6662,0.6584,0.665,4006846.0,2654090.774
2025-09-26 18:00:00,0.665,0.6684,0.6634,0.6659,3493658.0,2328577.1236
2025-09-26 19:00:00,0.6659,0.6662,0.6597,0.663,2203164.0,1460673.7066
2025-09-26 20:00:00,0.663,0.6654,0.6612,0.6634,440455.0,292380.4253
2025-09-26 21:00:00,0.6634,0.6691,0.6625,0.6687,1526528.0,1017704.0534
2025-09-26 22:00:00,0.6687,0.6726,0.6683,0.6686,594096.0,398477.2007
2025-09-26 23:00:00,0.6686,0.6697,0.6668,0.6691,335186.0,223842.7038
2025-09-27 00:00:00,0.6691,0.6698,0.6666,0.6692,275647.0,184240.6674
2025-09-27 01:00:00,0.6692,0.6693,0.6657,0.6672,258337.0,172358.8123
2025-09-27 02:00:00,0.6672,0.6691,0.6658,0.6665,397477.0,265244.1225
2025-09-27 03:00:00,0.6665,0.6689,0.6651,0.6655,585324.0,390314.6047
2025-09-27 04:00:00,0.6655,0.6682,0.6648,0.667,483777.0,322545.792
2025-09-27 05:00:00,0.667,0.6712,0.6644,0.6707,808710.0,539884.2659
2025-09-27 06:00:00,0.6707,0.6724,0.6695,0.6719,1575965.0,1057098.2211
2025-09-27 07:00:00,0.6719,0.6735,0.6685,0.6688,543973.0,364704.4112
2025-09-27 08:00:00,0.6688,0.6688,0.6629,0.6631,432567.0,288138.7879
2025-09-27 09:00:00,0.6631,0.671,0.6599,0.6704,3681089.0,2454731.8552
2025-09-27 10:00:00,0.6704,0.6754,0.6684,0.6739,1881405.0,1264949.1227
2025-09-27 11:00:00,0.6739,0.6765,0.6726,0.675,2995567.0,2021485.8503
2025-09-27 12:00:00,0.675,0.6758,0.6688,0.6731,6276139.0,4209373.3648
2025-09-27 13:00:00,0.6731,0.6733,0.6694,0.6697,896652.0,601660.1625
2025-09-27 14:00:00,0.6697,0.6712,0.6683,0.6692,611021.0,409123.5652
2025-09-27 15:00:00,0.6692,0.6734,0.6651,0.6728,2375642.0,1587693.5368
2025-09-27 16:00:00,0.6728,0.6732,0.6679,0.6686,495519.0,332304.0058
2025-09-27 17:00:00,0.6686,0.6688,0.6637,0.6685,2081602.0,1387984.0255
2025-09-27 18:00:00,0.6685,0.6692,0.6647,0.6678,608323.0,405681.0092
2025-09-27 19:00:00,0.6678,0.6703,0.6663,0.6693,845582.0,564811.17
2025-09-27 20:00:00,0.6693,0.6718,0.6689,0.6696,939217.0,629131.3015
2025-09-27 21:00:00,0.6696,0.6737,0.6688,0.673,669868.0,450105.7966
2025-09-27 22:00:00,0.673,0.6803,0.6729,0.6757,2846621.0,1926686.2574
2025-09-27 23:00:00,0.6757,0.6766,0.6719,0.6725,708365.0,476718.3336
2025-09-28 00:00:00,0.6725,0.6731,0.6675,0.6679,469433.0,314536.8797
2025-09-28 01:00:00,0.6679,0.6684,0.6629,0.6648,1093913.0,727599.0968
2025-09-28 02:00:00,0.6648,0.6674,0.6638,0.6658,619596.0,412205.394
2025-09-28 03:00:00,0.6658,0.6675,0.6644,0.6672,296770.0,197740.5943
2025-09-28 04:00:00,0.6672,0.6673,0.664,0.6648,376601.0,250582.0095
2025-09-28 05:00:00,0.6648,0.6664,0.6624,0.663,523014.0,347312.0505
2025-09-28 06:00:00,0.663,0.664,0.6584,0.6602,670968.0,443495.2326
2025-09-28 07:00:00,0.6602,0.662,0.6579,0.6582,1484999.0,979686.5497
2025-09-28 08:00:00,0.6582,0.6594,0.6551,0.6565,1341709.0,881456.5795
2025-09-28 09:00:00,0.6565,0.6592,0.6543,0.6576,696331.0,457162.2463
2025-09-28 10:00:00,0.6576,0.6602,0.6544,0.6589,1068713.0,702344.1695
2025-09-28 11:00:00,0.6589,0.6593,0.6542,0.6564,1126401.0,738661.4668
2025-09-28 12:00:00,0.6564,0.6567,0.6519,0.6545,1306152.0,855032.0962
2025-09-28 13:00:00,0.6545,0.6659,0.6541,0.6654,2234784.0,1476998.7022
2025-09-28 14:00:00,0.6654,0.6668,0.6635,0.6644,2805872.0,1865589.5332
2025-09-28 15:00:00,0.6644,0.666,0.6624,0.6637,1896696.0,1259627.6673
2025-09-28 16:00:00,0.6637,0.6696,0.6631,0.6656,1268707.0,845182.1
2025-09-28 17:00:00,0.6656,0.6718,0.6642,0.6697,2837662.0,1892067.8915
2025-09-28 18:00:00,0.6697,0.6714,0.6686,0.6714,1146585.0,767710.8019
2025-09-28 19:00:00,0.6714,0.6725,0.6678,0.6707,2177031.0,1457712.2341
2025-09-28 20:00:00,0.6707,0.6762,0.6698,0.6726,2142470.0,1442866.8968
2025-09-28 21:00:00,0.6726,0.6754,0.6714,0.673,2204551.0,1485401.7627
2025-09-28 22:00:00,0.673,0.6851,0.673,0.6835,1697687.0,1156303.112
2025-09-28 23:00:00,0.6835,0.6854,0.6805,0.6823,1126988.0,768962.4795
2025-09-29 00:00:00,0.6823,0.6826,0.6787,0.6792,1291143.0,878051.5038
2025-09-29 01:00:00,0.6792,0.6799,0.6766,0.6768,1519102.0,1031285.8729
2025-09-29 02:00:00,0.6768,0.6815,0.6758,0.6792,812170.0,551342.7354
2025-09-29 03:00:00,0.6792,0.681,0.677,0.6798,541008.0,367547.6096
2025-09-29 04:00:00,0.6798,0.6802,0.6758,0.676,618215.0,419491.856
2025-09-29 05:00:00,0.676,0.6763,0.6718,0.6748,477006.0,321474.027
2025-09-29 06:00:00,0.6748,0.6748,0.6702,0.6703,811633.0,545584.3612
2025-09-29 07:00:00,0.6703,0.6752,0.6687,0.6736,667270.0,447995.7836
2025-09-29 08:00:00,0.6736,0.6792,0.672,0.6771,1712165.0,1156980.9615
2025-09-29 09:00:00,0.6771,0.6798,0.6735,0.6752,1056270.0,714543.4076
2025-09-29 10:00:00,0.6752,0.6773,0.6696,0.6701,1616686.0,1088237.7175
2025-09-29 11:00:00,0.6701,0.6707,0.6654,0.6696,6823800.0,4559599.3617
2025-09-29 12:00:00,0.6696,0.6717,0.6613,0.6626,2209846.0,1472010.3912
2025-09-29 13:00:00,0.6626,0.6768,0.6594,0.6745,2416920.0,1609668.1229
2025-09-29 14:00:00,0.6745,0.6856,0.6735,0.6824,4057071.0,2755140.1216
2025-09-29 15:00:00,0.6824,0.6845,0.6722,0.6729,5751502.0,3896393.9259
2025-09-29 16:00:00,0.6729,0.6761,0.6658,0.6663,1921542.0,1288942.4137
2025-09-29 17:00:00,0.6663,0.6694,0.6625,0.668,1940453.0,1291690.4049
2025-09-29 18:00:00,0.668,0.6681,0.6632,0.6657,1144375.0,761005.0786
2025-09-29 19:00:00,0.6657,0.6749,0.6649,0.6742,2079047.0,1394143.5031
2025-09-29 20:00:00,0.6742,0.6827,0.6739,0.682,1251934.0,850264.8459
2025-09-29 21:00:00,0.682,0.6838,0.6795,0.68,861860.0,587820.7773
2025-09-29 22:00:00,0.68,0.6807,0.6752,0.6767,666064.0,451189.6623
2025-09-29 23:00:00,0.6767,0.6774,0.6732,0.6738,237621.0,160358.2201
2025-09-30 00:00:00,0.6738,0.6757,0.6654,0.6662,866138.0,579839.1551
2025-09-30 01:00:00,0.6662,0.672,0.6613,0.6657,497645.0,331742.6703
2025-09-30 02:00:00,0.6657,0.6679,0.6623,0.6624,452570.0,301178.9264
2025-09-30 03:00:00,0.6624,0.6678,0.6611,0.6641,582283.0,386748.453
2025-09-30 04:00:00,0.6641,0.668,0.6632,0.6658,544889.0,362689.499
2025-09-30 05:00:00,0.6658,0.6702,0.664,0.6684,1143789.0,762878.5122
2025-09-30 06:00:00,0.6684,0.6701,0.6652,0.6655,744298.0,497018.8507
2025-09-30 07:00:00,0.6655,0.6674,0.6605,0.6631,1027772.0,681752.179
2025-09-30 08:00:00,0.6631,0.6644,0.6603,0.6605,744140.0,492825.5105
2025-09-30 09:00:00,0.6605,0.6646,0.6586,0.6597,1424561.0,941229.5485
2025-09-30 10:00:00,0.6597,0.6646,0.6587,0.6632,1145214.0,758549.1197
2025-09-30 11:00:00,0.6632,0.6664,0.6596,0.666,2447808.0,1623695.0143
2025-09-30 12:00:00,0.666,0.6666,0.6616,0.6618,2658301.0,1764729.2979
2025-09-30 13:00:00,0.6618,0.6669,0.6595,0.6626,4662762.0,3090306.0758
2025-09-30 14:00:00,0.6626,0.6652,0.6594,0.6629,4706769.0,3115069.1627
2025-09-30 15:00:00,0.6629,0.6629,0.6501,0.6564,4213396.0,2762065.9066
2025-09-30 16:00:00,0.6564,0.6572,0.6518,0.6549,1079027.0,706222.9602
2025-09-30 17:00:00,0.6549,0.659,0.6535,0.654,1760502.0,1155847.6842
2025-09-30 18:00:00,0.654,0.6587,0.6521,0.658,996525.0,654206.5318
2025-09-30 19:00:00,0.658,0.672,0.6577,0.6708,1700707.0,1131573.3091
2025-09-30 20:00:00,0.6708,0.6765,0.6697,0.6754,2049463.0,1378032.7772
2025-09-30 21:00:00,0.6754,0.6775,0.6708,0.6708,2481788.0,1674687.8963
2025-09-30 22:00:00,0.6708,0.6749,0.6663,0.6673,1100769.0,739326.8522
2025-09-30 23:00:00,0.6673,0.6709,0.665,0.6707,1015399.0,679442.089
2025-10-01 00:00:00,0.6707,0.6727,0.6639,0.668,671382.0,448698.179
2025-10-01 01:00:00,0.668,0.6726,0.6662,0.6724,353465.0,236297.477
2025-10-01 02:00:00,0.6724,0.6736,0.6691,0.6694,476363.0,320452.4404
2025-10-01 03:00:00,0.6694,0.6705,0.6626,0.6633,771792.0,514314.9563
2025-10-01 04:00:00,0.6633,0.671,0.6627,0.6671,776150.0,518645.2084
2025-10-01 05:00:00,0.6671,0.6748,0.6668,0.6711,1139333.0,765070.2995
2025-10-01 06:00:00,0.6711,0.6714,0.6649,0.6656,1288546.0,860790.0223
2025-10-01 07:00:00,0.6656,0.67,0.6642,0.6664,1170565.0,781424.7655
2025-10-01 08:00:00,0.6664,0.6941,0.6662,0.6922,7127262.0,4880233.0624
2025-10-01 09:00:00,0.6922,0.6956,0.691,0.6936,3674466.0,2550114.9403
2025-10-01 10:00:00,0.6936,0.6946,0.6873,0.688,2256561.0,1557628.2761
2025-10-01 11:00:00,0.688,0.6899,0.6864,0.6881,1686514.0,1160777.2745
2025-10-01 12:00:00,0.6881,0.6903,0.6849,0.6853,1662138.0,1143394.0757
2025-10-01 13:00:00,0.6853,0.6919,0.6853,0.6884,1141950.0,785715.3639
2025-10-01 14:00:00,0.6884,0.694,0.6868,0.6909,2065736.0,1427677.3583
2025-10-01 15:00:00,0.6909,0.6973,0.6892,0.6961,1437607.0,998040.8844
2025-10-01 16:00:00,0.6961,0.6992,0.694,0.6959,1623622.0,1131329.3728
2025-10-01 17:00:00,0.6959,0.6979,0.6935,0.6944,1135113.0,789926.1296
2025-10-01 18:00:00,0.6944,0.7032,0.6943,0.7013,1442430.0,1009915.6221
2025-10-01 19:00:00,0.7013,0.7058,0.7006,0.7047,1890809.0,1331372.3123
2025-10-01 20:00:00,0.7047,0.7054,0.7017,0.7023,2642147.0,1857056.7758
2025-10-01 21:00:00,0.7023,0.7023,0.6973,0.6985,1769270.0,1239547.9161
2025-10-01 22:00:00,0.6985,0.702,0.6982,0.7012,854120.0,597914.0622
2025-10-01 23:00:00,0.7012,0.7055,0.6999,0.7047,1464491.0,1029843.7661
2025-10-02 00:00:00,0.7047,0.707,0.7029,0.7033,2270406.0,1600508.8056
2025-10-02 01:00:00,0.7033,0.7141,0.7012,0.7134,1686030.0,1191288.7757
2025-10-02 02:00:00,0.7134,0.7166,0.7092,0.7138,525242.0,374158.8914
2025-10-02 03:00:00,0.7138,0.7171,0.7129,0.714,1469758.0,1050776.225
2025-10-02 04:00:00,0.714,0.721,0.7132,0.7209,1504622.0,1076707.9623
2025-10-02 05:00:00,0.7209,0.7227,0.7169,0.7186,1205419.0,867569.9387
2025-10-02 06:00:00,0.7186,0.7257,0.7168,0.7221,2532423.0,1824838.6947
2025-10-02 07:00:00,0.7221,0.7233,0.7154,0.7157,1244742.0,894981.1135
2025-10-02 08:00:00,0.7157,0.7201,0.7145,0.7191,4027929.0,2889037.8248
2025-10-02 09:00:00,0.7191,0.7191,0.7154,0.7165,579712.0,415317.9641
2025-10-02 10:00:00,0.7165,0.7193,0.7124,0.7186,1930259.0,1382736.6907
2025-10-02 11:00:00,0.7186,0.7304,0.7166,0.7272,12443053.0,9007766.0189
2025-10-02 12:00:00,0.7272,0.7392,0.7156,0.7182,23240586.0,16918978.6887
2025-10-02 13:00:00,0.7182,0.7212,0.7103,0.7185,4197346.0,3005287.5046
2025-10-02 14:00:00,0.7185,0.7199,0.7131,0.7161,2585772.0,1854362.9914
2025-10-02 15:00:00,0.7161,0.7249,0.7078,0.7238,4719436.0,3384924.8197
2025-10-02 16:00:00,0.7238,0.7305,0.7219,0.7258,2539282.0,1844805.2965
2025-10-02 17:00:00,0.7258,0.738,0.7239,0.7356,1676185.0,1226186.7437
2025-10-02 18:00:00,0.7356,0.7439,0.7356,0.7412,2545450.0,1883551.8326
2025-10-02 19:00:00,0.7412,0.7485,0.7401,0.7462,2907499.0,2166574.3055
2025-10-02 20:00:00,0.7462,0.75,0.7439,0.7498,1550802.0,1158547.2199
2025-10-02 21:00:00,0.7498,0.7547,0.747,0.7494,2573114.0,1932143.0116
2025-10-02 22:00:00,0.7494,0.7529,0.7465,0.7489,1947947.0,1460162.0362
2025-10-02 23:00:00,0.7489,0.752,0.7463,0.7504,1207572.0,903785.6345
2025-10-03 00:00:00,0.7504,0.7508,0.7403,0.7419,1793438.0,1334944.7406
2025-10-03 01:00:00,0.7419,0.7452,0.7359,0.7364,530414.0,392448.7466
2025-10-03 02:00:00,0.7364,0.7422,0.7349,0.7413,675844.0,499143.0766
2025-10-03 03:00:00,0.7413,0.7488,0.7363,0.7376,607860.0,451006.6142
2025-10-03 04:00:00,0.7376,0.7453,0.7372,0.7417,727395.0,539052.7726
2025-10-03 05:00:00,0.7417,0.7425,0.7345,0.7372,566196.0,417654.3559
2025-10-03 06:00:00,0.7372,0.738,0.7292,0.7337,1194553.0,877583.3926
2025-10-03 07:00:00,0.7337,0.734,0.7285,0.7319,1351942.0,988468.9476
2025-10-03 08:00:00,0.7319,0.7321,0.7266,0.7313,1400605.0,1022788.6175
2025-10-03 09:00:00,0.7313,0.7352,0.7287,0.7345,2049322.0,1500858.3377
2025-10-03 10:00:00,0.7345,0.7349,0.7309,0.7314,4788590.0,3507518.1838
2025-10-03 11:00:00,0.7314,0.732,0.7271,0.7283,2245259.0,1636891.0465
2025-10-03 12:00:00,0.7283,0.7313,0.7267,0.7291,1214620.0,885198.1717
2025-10-03 13:00:00,0.7291,0.735,0.7232,0.7316,2904548.0,2121332.0446
2025-10-03 14:00:00,0.7316,0.7362,0.7251,0.7332,3559828.0,2598516.3072
2025-10-03 15:00:00,0.7332,0.7476,0.7296,0.7464,3162379.0,2333636.9912
2025-10-03 16:00:00,0.7464,0.7599,0.7461,0.7484,4329540.0,3256231.1803
2025-10-03 17:00:00,0.7484,0.7484,0.7319,0.7354,8439555.0,6240199.24
2025-10-03 18:00:00,0.7354,0.7471,0.7311,0.7471,1963554.0,1454341.542
2025-10-03 19:00:00,0.7471,0.753,0.7436,0.7497,1976645.0,1479251.6477
2025-10-03 20:00:00,0.7497,0.7513,0.7473,0.751,1996610.0,1496244.6689
2025-10-03 21:00:00,0.751,0.7544,0.7467,0.7485,794564.0,596539.8779
2025-10-03 22:00:00,0.7485,0.7499,0.7457,0.7461,724034.0,541027.0786
2025-10-03 23:00:00,0.7461,0.7462,0.7425,0.7442,309295.0,230345.7948
2025-10-04 00:00:00,0.7442,0.7485,0.7414,0.7457,318691.0,237396.8616
2025-10-04 01:00:00,0.7457,0.7462,0.7378,0.7412,451350.0,334474.8885
2025-10-04 02:00:00,0.7412,0.7429,0.7351,0.736,222825.0,164641.5567
2025-10-04 03:00:00,0.736,0.7364,0.7302,0.7316,359919.0,263575.6678
2025-10-04 04:00:00,0.7316,0.7332,0.7281,0.7314,508007.0,371520.3041
2025-10-04 05:00:00,0.7314,0.7383,0.7309,0.7376,694922.0,510392.2002
2025-10-04 06:00:00,0.7376,0.7416,0.7356,0.741,1981606.0,1465309.706
2025-10-04 07:00:00,0.741,0.741,0.7319,0.7331,1346837.0,992408.6788
2025-10-04 08:00:00,0.7331,0.734,0.7251,0.7272,1666615.0,1214498.0759
2025-10-04 09:00:00,0.7272,0.7297,0.7227,0.7232,3278007.0,2382679.5211
2025-10-04 10:00:00,0.7232,0.7265,0.7173,0.7189,2339372.0,1689239.0479
2025-10-04 11:00:00,0.7189,0.722,0.7178,0.7199,1328031.0,955676.971
2025-10-04 12:00:00,0.7199,0.7252,0.7196,0.7222,1134372.0,820543.2948
2025-10-04 13:00:00,0.7222,0.733,0.7218,0.7281,1935781.0,1411624.3011
2025-10-04 14:00:00,0.7281,0.7315,0.7199,0.7199,1950186.0,1415788.6914
2025-10-04 15:00:00,0.7199,0.7225,0.7125,0.7158,7459935.0,5346517.2684
2025-10-04 16:00:00,0.7158,0.7231,0.7143,0.7225,2038334.0,1463898.7584
2025-10-04 17:00:00,0.7225,0.7257,0.7195,0.7224,1186342.0,856717.8697
2025-10-04 18:00:00,0.7224,0.7228,0.7192,0.7203,790273.0,569554.8253
2025-10-04 19:00:00,0.7203,0.7234,0.7203,0.7233,485063.0,350221.5337
2025-10-04 20:00:00,0.7233,0.7254,0.7216,0.7216,1487415.0,1076311.8595
2025-10-04 21:00:00,0.7216,0.7252,0.7215,0.7226,1721071.0,1245819.1025
2025-10-04 22:00:00,0.7226,0.7268,0.7217,0.7251,1940456.0,1405252.0109
2025-10-04 23:00:00,0.7251,0.7258,0.723,0.7244,747189.0,540961.6761
2025-10-05 00:00:00,0.7244,0.7304,0.7206,0.7207,883849.0,641393.3909
2025-10-05 01:00:00,0.7207,0.7252,0.7204,0.7241,1176753.0,850935.3511
2025-10-05 02:00:00,0.7241,0.7378,0.7225,0.7377,1839210.0,1344003.6724
2025-10-05 03:00:00,0.7377,0.7415,0.7343,0.7351,1245706.0,919881.7164
2025-10-05 04:00:00,0.7351,0.7478,0.7344,0.7439,1714256.0,1270258.5404
2025-10-05 05:00:00,0.7439,0.7486,0.7427,0.7447,932419.0,695292.9449
2025-10-05 06:00:00,0.7447,0.7462,0.7392,0.7406,1180790.0,877062.037
2025-10-05 07:00:00,0.7406,0.7532,0.7406,0.7532,2294008.0,1714828.1661
2025-10-05 08:00:00,0.7532,0.7567,0.7471,0.7496,2486619.0,1870122.4465
2025-10-05 09:00:00,0.7496,0.7509,0.74,0.7417,4955067.0,3704627.023
2025-10-05 10:00:00,0.7417,0.742,0.7349,0.7365,2614306.0,1929212.6607
2025-10-05 11:00:00,0.7365,0.7385,0.7322,0.7382,2039075.0,1499463.8734
2025-10-05 12:00:00,0.7382,0.7387,0.7324,0.7332,1129389.0,829952.2062
2025-10-05 13:00:00,0.7332,0.7376,0.7328,0.736,986214.0,725182.2159
2025-10-05 14:00:00,0.736,0.7411,0.7304,0.7341,1753969.0,1288843.9001
2025-10-05 15:00:00,0.7341,0.7388,0.7329,0.7367,1251682.0,921377.8391
2025-10-05 16:00:00,0.7367,0.7381,0.7279,0.7347,1234276.0,905455.7258
2025-10-05 17:00:00,0.7347,0.7366,0.7238,0.7246,524978.0,382970.1012
2025-10-05 18:00:00,0.7246,0.7269,0.7212,0.7235,936830.0,678648.0413
2025-10-05 19:00:00,0.7235,0.7236,0.7131,0.7141,1670231.0,1199499.4286
2025-10-05 20:00:00,0.7141,0.7195,0.712,0.7166,2012247.0,1439377.1425
2025-10-05 21:00:00,0.7166,0.7193,0.715,0.7187,555333.0,398528.0909
2025-10-05 22:00:00,0.7187,0.7215,0.7157,0.7198,1024385.0,735371.3938
2025-10-05 23:00:00,0.7198,0.7213,0.718,0.7182,676352.0,486947.8158
2025-10-06 00:00:00,0.7182,0.7255,0.7134,0.7163,2469162.0,1775250.536
2025-10-06 01:00:00,0.7163,0.7291,0.7135,0.7249,679081.0,491575.1106
2025-10-06 02:00:00,0.7249,0.7323,0.7201,0.7278,532460.0,387127.639
2025-10-06 03:00:00,0.7278,0.7315,0.7263,0.729,1124250.0,818950.6589
2025-10-06 04:00:00,0.729,0.7295,0.7214,0.7218,535303.0,388333.4892
2025-10-06 05:00:00,0.7218,0.7267,0.7191,0.7263,1383617.0,998566.3905
2025-10-06 06:00:00,0.7263,0.7386,0.7259,0.7352,4804821.0,3521133.2092
2025-10-06 07:00:00,0.7352,0.7367,0.7267,0.7294,1585940.0,1161617.3818
2025-10-06 08:00:00,0.7294,0.7346,0.7279,0.7341,2626999.0,1916447.8212
2025-10-06 09:00:00,0.7341,0.7379,0.7327,0.7367,510125.0,375114.2432
2025-10-06 10:00:00,0.7367,0.7376,0.7318,0.7361,1670849.0,1227179.0333
2025-10-06 11:00:00,0.7361,0.7433,0.7335,0.7387,3274475.0,2423526.0111
2025-10-06 12:00:00,0.7387,0.7487,0.7387,0.7474,2595028.0,1931037.1641
2025-10-06 13:00:00,0.7474,0.7628,0.7456,0.762,5750288.0,4338693.144
2025-10-06 14:00:00,0.762,0.7628,0.7522,0.7541,3928163.0,2976433.8949
2025-10-06 15:00:00,0.7541,0.763,0.7531,0.759,3073013.0,2334581.2958
2025-10-06 16:00:00,0.759,0.7628,0.7547,0.7588,2006700.0,1522244.2616
2025-10-06 17:00:00,0.7588,0.7654,0.7574,0.7612,1670186.0,1271497.6207
2025-10-06 18:00:00,0.7612,0.7635,0.7569,0.7618,2473092.0,1880904.0278
2025-10-06 19:00:00,0.7618,0.7639,0.7597,0.7632,1312277.0,998990.3656
2025-10-06 20:00:00,0.7632,0.7664,0.7603,0.7616,1597718.0,1218659.8012
2025-10-06 21:00:00,0.7616,0.7632,0.7561,0.76,2233404.0,1696088.7127
2025-10-06 22:00:00,0.76,0.763,0.759,0.7614,972673.0,739990.3987
2025-10-06 23:00:00,0.7614,0.7627,0.7567,0.7582,481491.0,365361.9594
2025-10-07 00:00:00,0.7582,0.762,0.757,0.7617,1185150.0,900474.6709
2025-10-07 01:00:00,0.7617,0.7629,0.7534,0.7549,1300565.0,984971.2325
2025-10-07 02:00:00,0.7549,0.7567,0.7509,0.752,906296.0,682380.1593
2025-10-07 03:00:00,0.752,0.753,0.7467,0.7483,2593586.0,1943748.8998
2025-10-07 04:00:00,0.7483,0.7553,0.7426,0.7533,2747276.0,2054468.9389
2025-10-07 05:00:00,0.7533,0.7533,0.7487,0.7495,1584700.0,1190265.5576
2025-10-07 06:00:00,0.7495,0.7508,0.7385,0.7399,5093165.0,3784650.6734
2025-10-07 07:00:00,0.7399,0.7432,0.7363,0.7384,5744731.0,4248497.3303
2025-10-07 08:00:00,0.7384,0.7384,0.7291,0.7359,5073940.0,3722658.1719
2025-10-07 09:00:00,0.7359,0.7397,0.7351,0.7368,2197612.0,1621603.7719
2025-10-07 10:00:00,0.7368,0.7412,0.735,0.7384,1505067.0,1111018.9313
2025-10-07 11:00:00,0.7384,0.7448,0.7376,0.7433,2010740.0,1489583.9165
2025-10-07 12:00:00,0.7433,0.7455,0.7366,0.7455,2899350.0,2147260.5018
2025-10-07 13:00:00,0.7455,0.746,0.7289,0.7357,4353392.0,3214153.3643
2025-10-07 14:00:00,0.7357,0.7366,0.7184,0.7185,4803464.0,3480584.5946
2025-10-07 15:00:00,0.7185,0.721,0.7067,0.7087,8623506.0,6144804.4623
2025-10-07 16:00:00,0.7087,0.7178,0.7023,0.7139,5145417.0,3644510.2175
2025-10-07 17:00:00,0.7139,0.7174,0.7083,0.7086,3067214.0,2187376.8178
2025-10-07 18:00:00,0.7086,0.7129,0.7079,0.7086,2580907.0,1832096.2708
2025-10-07 19:00:00,0.7086,0.7128,0.7063,0.7102,2800459.0,1988619.8742
2025-10-07 20:00:00,0.7102,0.7215,0.7086,0.7178,2847489.0,2035641.4459
2025-10-07 21:00:00,0.7178,0.7224,0.7149,0.7168,2766055.0,1987315.0469
2025-10-07 22:00:00,0.7168,0.7199,0.7152,0.7162,1033856.0,741621.8184
2025-10-07 23:00:00,0.7162,0.7164,0.7084,0.7113,2356393.0,1678313.5524
2025-10-08 00:00:00,0.7113,0.718,0.7096,0.7157,3193615.0,2282290.0491
2025-10-08 01:00:00,0.7157,0.7235,0.7152,0.7206,3078551.0,2216379.3209
2025-10-08 02:00:00,0.7206,0.7208,0.7148,0.7159,563104.0,404085.2057
2025-10-08 03:00:00,0.7159,0.7161,0.7005,0.7064,3904316.0,2759171.9264
2025-10-08 04:00:00,0.7064,0.7122,0.7013,0.7109,2476900.0,1754509.1095
2025-10-08 05:00:00,0.7109,0.711,0.7029,0.7063,1892527.0,1336675.907
2025-10-08 06:00:00,0.7063,0.7088,0.7034,0.7077,1211303.0,855482.1936
2025-10-08 07:00:00,0.7077,0.7124,0.7059,0.7123,1714348.0,1214746.3606
2025-10-08 08:00:00,0.7123,0.7203,0.7108,0.7181,1519394.0,1084734.2898
2025-10-08 09:00:00,0.7181,0.7201,0.7136,0.7169,2838039.0,2032724.0164
2025-10-08 10:00:00,0.7169,0.7205,0.7161,0.7177,1775091.0,1274754.7832
2025-10-08 11:00:00,0.7177,0.7199,0.7123,0.7139,1503073.0,1075241.3505
2025-10-08 12:00:00,0.7139,0.7159,0.7111,0.7127,2304233.0,1643535.8977
2025-10-08 13:00:00,0.7127,0.7158,0.7092,0.7154,2243206.0,1598559.6969
2025-10-08 14:00:00,0.7154,0.7256,0.7103,0.7124,8581868.0,6169385.8947
2025-10-08 15:00:00,0.7124,0.7198,0.7119,0.7164,2687318.0,1926434.4703
2025-10-08 16:00:00,0.7164,0.7288,0.7145,0.7288,2583484.0,1864563.5244
2025-10-08 17:00:00,0.7288,0.7453,0.7271,0.7426,6291171.0,4652445.1675
2025-10-08 18:00:00,0.7426,0.7439,0.7327,0.7358,6778975.0,5006354.151
2025-10-08 19:00:00,0.7358,0.7372,0.7314,0.7345,1559318.0,1144806.1169
2025-10-08 20:00:00,0.7345,0.7359,0.7282,0.7284,1006791.0,736227.9386
2025-10-08 21:00:00,0.7284,0.7336,0.7284,0.7316,913920.0,668215.8916
2025-10-08 22:00:00,0.7316,0.7357,0.7314,0.7322,462177.0,339053.9879
2025-10-08 23:00:00,0.7322,0.733,0.7296,0.7309,452480.0,330606.1065
2025-10-09 00:00:00,0.7309,0.7329,0.7265,0.7267,516445.0,376951.8287
2025-10-09 01:00:00,0.7267,0.7271,0.7203,0.7245,879804.0,636879.4369
2025-10-09 02:00:00,0.7245,0.7247,0.7068,0.709,1367402.0,978829.2065
2025-10-09 03:00:00,0.709,0.7201,0.709,0.7183,825610.0,591451.8977
2025-10-09 04:00:00,0.7183,0.7222,0.7162,0.7198,1232252.0,886304.9433
2025-10-09 05:00:00,0.7198,0.7215,0.7152,0.7164,1403233.0,1007047.5809
2025-10-09 06:00:00,0.7164,0.7165,0.709,0.7104,2515818.0,1791451.8675
2025-10-09 07:00:00,0.7104,0.7115,0.705,0.7067,3031237.0,2144924.9457
2025-10-09 08:00:00,0.7067,0.7075,0.6909,0.6922,4742449.0,3309671.3065
2025-10-09 09:00:00,0.6922,0.6992,0.6922,0.697,4140241.0,2879306.0147
2025-10-09 10:00:00,0.697,0.6996,0.6941,0.6977,2442240.0,1701287.7425
2025-10-09 11:00:00,0.6977,0.7018,0.6973,0.6998,3287461.0,2298558.2328
2025-10-09 12:00:00,0.6998,0.7079,0.6991,0.7064,4733714.0,3331054.8343
2025-10-09 13:00:00,0.7064,0.7074,0.693,0.6936,6189021.0,4332692.5397
2025-10-09 14:00:00,0.6936,0.6975,0.6849,0.6917,3798034.0,2624466.6462
2025-10-09 15:00:00,0.6917,0.6967,0.6879,0.6904,2711170.0,1875698.2332
2025-10-09 16:00:00,0.6904,0.694,0.683,0.6847,4620933.0,3183003.2695
2025-10-09 17:00:00,0.6847,0.6989,0.6846,0.6988,4069989.0,2816798.7389
2025-10-09 18:00:00,0.6988,0.6994,0.6933,0.6933,1630584.0,1135405.4407
2025-10-09 19:00:00,0.6933,0.6989,0.6931,0.6975,2099246.0,1461632.8253
2025-10-09 20:00:00,0.6975,0.7011,0.6953,0.6968,639144.0,446030.501
2025-10-09 21:00:00,0.6968,0.7001,0.6956,0.6998,405672.0,283270.737
2025-10-09 22:00:00,0.6998,0.7092,0.6993,0.7067,1444933.0,1020377.2587
2025-10-09 23:00:00,0.7067,0.7078,0.7037,0.7064,1656296.0,1169521.1089
2025-10-10 00:00:00,0.7064,0.7112,0.7058,0.7098,630864.0,447183.5274
2025-10-10 01:00:00,0.7098,0.7129,0.7078,0.7097,679090.0,482993.0974
2025-10-10 02:00:00,0.7097,0.712,0.7061,0.7084,862665.0,611974.9867
2025-10-10 03:00:00,0.7084,0.7286,0.7043,0.7194,1719045.0,1232435.1178
2025-10-10 04:00:00,0.7194,0.724,0.7164,0.7191,841954.0,605467.048
2025-10-10 05:00:00,0.7191,0.7282,0.715,0.7261,1603552.0,1158524.8876
2025-10-10 06:00:00,0.7261,0.7289,0.7168,0.7199,1318311.0,953145.6445
2025-10-10 07:00:00,0.7199,0.7212,0.7133,0.7142,1842789.0,1319301.4165
2025-10-10 08:00:00,0.7142,0.721,0.7129,0.7201,1679203.0,1205811.4662
2025-10-10 09:00:00,0.7201,0.7258,0.7166,0.718,1066815.0,769817.9961
2025-10-10 10:00:00,0.718,0.7261,0.7174,0.7247,1168614.0,844210.1289
2025-10-10 11:00:00,0.7247,0.7275,0.721,0.7237,1219545.0,883501.9736
2025-10-10 12:00:00,0.7237,0.7281,0.7229,0.7262,1215109.0,881568.832
2025-10-10 13:00:00,0.7262,0.7341,0.7246,0.7274,2752215.0,2007571.0001
2025-10-10 14:00:00,0.7274,0.7293,0.7091,0.7113,4189808.0,3017231.7058
2025-10-10 15:00:00,0.7113,0.7129,0.6772,0.6874,7517304.0,5218559.7473
2025-10-10 16:00:00,0.6874,0.695,0.6852,0.687,2731085.0,1881638.4589
2025-10-10 17:00:00,0.687,0.6881,0.6768,0.679,3684032.0,2514320.0352
2025-10-10 18:00:00,0.679,0.6817,0.6748,0.6759,2579502.0,1749490.0679
2025-10-10 19:00:00,0.6759,0.6782,0.6589,0.6651,5013602.0,3350513.7499
2025-10-10 20:00:00,0.6651,0.6703,0.608,0.618,4322839.0,2793336.4766
2025-10-10 21:00:00,0.618,0.6249,0.2274,0.4532,19422586.0,8760106.9483
2025-10-10 22:00:00,0.4532,0.4745,0.3992,0.4738,8183239.0,3604831.5944
2025-10-10 23:00:00,0.4738,0.5168,0.4675,0.4944,7205991.0,3540175.9591
2025-10-11 00:00:00,0.4944,0.5087,0.4859,0.499,4959729.0,2461409.9682
2025-10-11 01:00:00,0.499,0.4999,0.4717,0.4767,3924691.0,1899510.7524
2025-10-11 02:00:00,0.4767,0.5062,0.4767,0.4992,3050151.0,1503325.6479
2025-10-11 03:00:00,0.4992,0.5,0.4777,0.4837,3934739.0,1915469.2664
2025-10-11 04:00:00,0.4837,0.4917,0.4819,0.4904,1977965.0,958673.6253
2025-10-11 05:00:00,0.4904,0.4921,0.4746,0.4792,2818517.0,1359473.8563
2025-10-11 06:00:00,0.4792,0.4885,0.4772,0.4804,3372128.0,1628447.871
2025-10-11 07:00:00,0.4804,0.4891,0.4758,0.4831,4201636.0,2023305.3664
2025-10-11 08:00:00,0.4831,0.4985,0.4779,0.4976,4004388.0,1973840.5114
2025-10-11 09:00:00,0.4976,0.5055,0.49,0.4916,4017477.0,2001940.0337
2025-10-11 10:00:00,0.4916,0.5008,0.4911,0.4941,2266539.0,1124510.9465
2025-10-11 11:00:00,0.4941,0.4944,0.4857,0.4921,2086821.0,1024661.3342
2025-10-11 12:00:00,0.4921,0.4937,0.478,0.4802,3433715.0,1666891.1282
2025-10-11 13:00:00,0.4802,0.4826,0.4691,0.4805,4804326.0,2293048.7932
2025-10-11 14:00:00,0.4805,0.481,0.4753,0.4802,2331861.0,1115238.7771
2025-10-11 15:00:00,0.4802,0.4888,0.4802,0.4845,2497078.0,1211295.9495
2025-10-11 16:00:00,0.4845,0.4876,0.4788,0.4813,4525755.0,2185059.805
2025-10-11 17:00:00,0.4813,0.4856,0.4804,0.4844,1397920.0,675129.7272
2025-10-11 18:00:00,0.4844,0.4847,0.4792,0.4794,1189154.0,573678.3999
2025-10-11 19:00:00,0.4794,0.4794,0.4534,0.459,3844357.0,1791042.8604
2025-10-11 20:00:00,0.459,0.4597,0.4464,0.4492,4257143.0,1927213.5695
2025-10-11 21:00:00,0.4492,0.4553,0.4384,0.4533,3185176.0,1425789.781
2025-10-11 22:00:00,0.4533,0.4597,0.4531,0.4574,1749013.0,797489.6616
2025-10-11 23:00:00,0.4574,0.4578,0.4543,0.456,477518.0,217605.4694
2025-10-12 00:00:00,0.456,0.4599,0.4496,0.4507,1301977.0,591926.4318
2025-10-12 01:00:00,0.4507,0.4564,0.4473,0.4478,1147424.0,518295.1888
2025-10-12 02:00:00,0.4478,0.455,0.4446,0.4483,1014013.0,455047.826
2025-10-12 03:00:00,0.4483,0.4611,0.4472,0.4562,1977201.0,898550.9769
2025-10-12 04:00:00,0.4562,0.4635,0.4545,0.4597,2017422.0,929251.4924
2025-10-12 05:00:00,0.4597,0.4611,0.4579,0.4591,1030907.0,474175.5482
2025-10-12 06:00:00,0.4591,0.4664,0.4587,0.4653,1241931.0,575316.8449
2025-10-12 07:00:00,0.4653,0.4663,0.4605,0.4626,1369932.0,634596.6271
2025-10-12 08:00:00,0.4626,0.4645,0.4569,0.4574,2093302.0,963202.0002
2025-10-12 09:00:00,0.4574,0.4604,0.4525,0.4602,2626754.0,1198655.5123
2025-10-12 10:00:00,0.4602,0.4627,0.4562,0.4568,1110415.0,508785.4401
2025-10-12 11:00:00,0.4568,0.4611,0.4563,0.4571,1176226.0,539827.1667
2025-10-12 12:00:00,0.4571,0.4623,0.4559,0.4587,1742311.0,799776.1132
2025-10-12 13:00:00,0.4587,0.462,0.4495,0.4517,2393093.0,1090011.0919
2025-10-12 14:00:00,0.4517,0.4772,0.4504,0.4693,3959751.0,1829235.5606
2025-10-12 15:00:00,0.4693,0.4876,0.4683,0.4825,5700375.0,2731046.6952
2025-10-12 16:00:00,0.4825,0.4932,0.4795,0.4854,2411794.0,1174220.2052
2025-10-12 17:00:00,0.4854,0.4924,0.4845,0.4897,2032838.0,994354.6153
2025-10-12 18:00:00,0.4897,0.4936,0.4824,0.4852,1947836.0,952761.0934
2025-10-12 19:00:00,0.4852,0.496,0.485,0.4954,1527870.0,751463.2871
2025-10-12 20:00:00,0.4954,0.4994,0.4919,0.4932,1632424.0,807558.1676
2025-10-12 21:00:00,0.4932,0.497,0.4829,0.4901,1713312.0,839247.7239
2025-10-12 22:00:00,0.4901,0.4944,0.486,0.4882,1929254.0,943289.2715
2025-10-12 23:00:00,0.4882,0.4882,0.4817,0.487,1266445.0,615080.3734
2025-10-13 00:00:00,0.487,0.4914,0.4784,0.4811,2530768.0,1224053.4882
2025-10-13 01:00:00,0.4811,0.4857,0.4776,0.4855,607210.0,292748.3806
2025-10-13 02:00:00,0.4855,0.4872,0.479,0.4826,638009.0,307330.9662
2025-10-13 03:00:00,0.4826,0.4853,0.4778,0.4791,883108.0,425305.8277
2025-10-13 04:00:00,0.4791,0.4807,0.475,0.4801,1278480.0,610350.5625
2025-10-13 05:00:00,0.4801,0.4811,0.4766,0.4769,533100.0,254885.7568
2025-10-13 06:00:00,0.4769,0.4857,0.4742,0.4847,1144574.0,550442.3081
2025-10-13 07:00:00,0.4847,0.4944,0.4829,0.4863,1800348.0,880006.1009
2025-10-13 08:00:00,0.4863,0.4969,0.4855,0.4941,1664980.0,818804.1996
2025-10-13 09:00:00,0.4941,0.4963,0.4874,0.4963,1879210.0,922445.5907
2025-10-13 10:00:00,0.4963,0.4984,0.492,0.4952,2338278.0,1157453.3591
2025-10-13 11:00:00,0.4952,0.4952,0.4708,0.4804,4330242.0,2092079.238
2025-10-13 12:00:00,0.4804,0.4909,0.4758,0.4819,4034316.0,1956594.1048
2025-10-13 13:00:00,0.4819,0.4948,0.4768,0.4877,4350146.0,2109710.2646
2025-10-13 14:00:00,0.4877,0.4894,0.4697,0.4713,6017426.0,2867651.933
2025-10-13 15:00:00,0.4713,0.483,0.471,0.4787,5844972.0,2791185.4388
2025-10-13 16:00:00,0.4787,0.481,0.4716,0.4753,5112852.0,2435601.662
2025-10-13 17:00:00,0.4753,0.488,0.474,0.4874,5389141.0,2583762.7212
2025-10-13 18:00:00,0.4874,0.4983,0.4806,0.4924,7268901.0,3572164.7523
2025-10-13 19:00:00,0.4924,0.5041,0.4923,0.503,3767770.0,1881852.3709
2025-10-13 20:00:00,0.503,0.5102,0.5001,0.5096,3841107.0,1936562.6498
2025-10-13 21:00:00,0.5096,0.5113,0.5048,0.5051,4180789.0,2122804.4533
2025-10-13 22:00:00,0.5051,0.5085,0.5038,0.5068,5616703.0,2847072.921
2025-10-13 23:00:00,0.5068,0.5094,0.5019,0.5023,2957113.0,1496310.2985
2025-10-14 00:00:00,0.5023,0.5058,0.4995,0.5011,2277840.0,1144783.6827
2025-10-14 01:00:00,0.5011,0.5028,0.4961,0.5016,1632719.0,815252.6415
2025-10-14 02:00:00,0.5016,0.5016,0.4912,0.493,2098381.0,1039251.5075
2025-10-14 03:00:00,0.493,0.493,0.4853,0.486,1823361.0,890389.6018
2025-10-14 04:00:00,0.486,0.4878,0.4738,0.4762,3209203.0,1539689.5488
2025-10-14 05:00:00,0.4762,0.4814,0.4695,0.4727,4185148.0,1989536.7633
2025-10-14 06:00:00,0.4727,0.4768,0.45,0.4602,4806239.0,2237694.055
2025-10-14 07:00:00,0.4602,0.4627,0.4552,0.4582,3454834.0,1583844.5072
2025-10-14 08:00:00,0.4582,0.4766,0.4545,0.4736,4107320.0,1908875.0838
2025-10-14 09:00:00,0.4736,0.4788,0.468,0.4698,2847156.0,1348266.7416
2025-10-14 10:00:00,0.4698,0.4698,0.4522,0.459,5708584.0,2623210.0196
2025-10-14 11:00:00,0.459,0.462,0.4575,0.4589,2316033.0,1064371.1444
2025-10-14 12:00:00,0.4589,0.4599,0.453,0.4537,3793903.0,1732813.5671
2025-10-14 13:00:00,0.4537,0.4626,0.4495,0.4581,7208088.0,3291986.8371
2025-10-14 14:00:00,0.4581,0.4676,0.4554,0.461,7388658.0,3411001.9974
2025-10-14 15:00:00,0.461,0.4769,0.4586,0.476,3308469.0,1541966.9688
2025-10-14 16:00:00,0.476,0.4844,0.471,0.476,3672416.0,1757664.7402
2025-10-14 17:00:00,0.476,0.4848,0.4687,0.4801,2981720.0,1430645.3745
2025-10-14 18:00:00,0.4801,0.4882,0.4801,0.484,2298390.0,1112690.1472
2025-10-14 19:00:00,0.484,0.4867,0.4721,0.4787,4145774.0,1985182.7711
2025-10-14 20:00:00,0.4787,0.4841,0.4761,0.4825,2351683.0,1132163.965
2025-10-14 21:00:00,0.4825,0.4846,0.4784,0.4843,2562232.0,1232333.4627
2025-10-14 22:00:00,0.4843,0.4875,0.4807,0.4825,1282904.0,621021.6673
2025-10-14 23:00:00,0.4825,0.486,0.482,0.4845,969001.0,469069.6627
2025-10-15 00:00:00,0.4845,0.4856,0.4794,0.4841,823164.0,396881.2674
2025-10-15 01:00:00,0.4841,0.4844,0.478,0.4824,526003.0,252804.7273
2025-10-15 02:00:00,0.4824,0.4878,0.4814,0.4838,639459.0,310435.824
2025-10-15 03:00:00,0.4838,0.4848,0.4755,0.4787,791580.0,379694.7515
2025-10-15 04:00:00,0.4787,0.4849,0.4765,0.4841,860912.0,413747.9237
2025-10-15 05:00:00,0.4841,0.4867,0.4804,0.4819,1703108.0,822539.9802
2025-10-15 06:00:00,0.4819,0.4851,0.4765,0.4842,3021803.0,1454037.723
2025-10-15 07:00:00,0.4842,0.4873,0.4826,0.4866,1446473.0,701106.232
2025-10-15 08:00:00,0.4866,0.4937,0.4846,0.4851,2870477.0,1401306.4863
2025-10-15 09:00:00,0.4851,0.4851,0.4781,0.4793,1605375.0,773947.6562
2025-10-15 10:00:00,0.4793,0.4818,0.4764,0.4786,2121065.0,1015205.579
2025-10-15 11:00:00,0.4786,0.4798,0.4724,0.4751,2626547.0,1250584.4487
2025-10-15 12:00:00,0.4751,0.4759,0.4678,0.471,2729919.0,1287322.598
2025-10-15 13:00:00,0.471,0.4745,0.4597,0.4703,3362481.0,1574183.3599
2025-10-15 14:00:00,0.4703,0.4768,0.4637,0.4674,3435828.0,1620060.7792
2025-10-15 15:00:00,0.4674,0.4706,0.4599,0.4637,2100225.0,976344.5135
2025-10-15 16:00:00,0.4637,0.4651,0.4605,0.4622,2717815.0,1257988.2729
2025-10-15 17:00:00,0.4622,0.4639,0.4571,0.4638,1838154.0,846463.6171
2025-10-15 18:00:00,0.4638,0.4642,0.4601,0.4634,1342497.0,620555.611
2025-10-15 19:00:00,0.4634,0.4634,0.4555,0.4581,1855255.0,850979.5085
2025-10-15 20:00:00,0.4581,0.4602,0.4494,0.4545,2807850.0,1275153.0774
2025-10-15 21:00:00,0.4545,0.459,0.4502,0.4533,3769269.0,1716264.9805
2025-10-15 22:00:00,0.4533,0.4575,0.4517,0.4528,596241.0,270828.7107
2025-10-15 23:00:00,0.4528,0.4572,0.4523,0.4557,455223.0,207175.4111
2025-10-16 00:00:00,0.4557,0.4569,0.4531,0.4538,1567433.0,712702.1152
2025-10-16 01:00:00,0.4538,0.4609,0.4538,0.4602,1033330.0,472345.6473
2025-10-16 02:00:00,0.4602,0.4627,0.4567,0.4605,835968.0,384649.4253
2025-10-16 03:00:00,0.4605,0.461,0.4561,0.4563,530194.0,242865.6263
2025-10-16 04:00:00,0.4563,0.4616,0.4554,0.457,926322.0,424830.2432
2025-10-16 05:00:00,0.457,0.4609,0.4539,0.457,1077969.0,492455.3023
2025-10-16 06:00:00,0.457,0.4634,0.4567,0.462,2020664.0,927942.6479
2025-10-16 07:00:00,0.462,0.4624,0.4562,0.4578,922451.0,423232.6371
2025-10-16 08:00:00,0.4578,0.4584,0.4516,0.4537,3239676.0,1473290.369
2025-10-16 09:00:00,0.4537,0.46,0.438,0.4566,5180971.0,2315449.2701
2025-10-16 10:00:00,0.4566,0.4639,0.4565,0.4592,1278899.0,587245.992
2025-10-16 11:00:00,0.4592,0.4612,0.4562,0.4608,1063521.0,487723.7748
2025-10-16 12:00:00,0.4608,0.4645,0.4599,0.4604,2049074.0,945697.4129
2025-10-16 13:00:00,0.4604,0.4638,0.4566,0.4588,1247981.0,574388.6417
2025-10-16 14:00:00,0.4588,0.4606,0.4486,0.4528,3804145.0,1727479.1371
2025-10-16 15:00:00,0.4528,0.454,0.4345,0.4371,7000265.0,3109080.9568
2025-10-16 16:00:00,0.4371,0.4494,0.4294,0.4489,8162990.0,3567848.3781
2025-10-16 17:00:00,0.4489,0.4489,0.44,0.4408,3865168.0,1718342.6235
2025-10-16 18:00:00,0.4408,0.4414,0.4349,0.4391,2307391.0,1010885.9974
2025-10-16 19:00:00,0.4391,0.4397,0.4263,0.4299,3803856.0,1641628.255
2025-10-16 20:00:00,0.4299,0.4317,0.4205,0.4241,5872066.0,2504508.3388
2025-10-16 21:00:00,0.4241,0.4298,0.4223,0.4296,1220287.0,519233.4272
2025-10-16 22:00:00,0.4296,0.4301,0.4229,0.423,866482.0,369407.0343
2025-10-16 23:00:00,0.423,0.4282,0.4226,0.4273,872666.0,371790.9413
2025-10-17 00:00:00,0.4273,0.4287,0.4252,0.4283,1239114.0,529034.1305
2025-10-17 01:00:00,0.4283,0.4327,0.4263,0.4284,571921.0,245456.1568
2025-10-17 02:00:00,0.4284,0.4297,0.4241,0.4282,682021.0,291107.6304
2025-10-17 03:00:00,0.4282,0.4318,0.428,0.4318,431067.0,185162.0276
2025-10-17 04:00:00,0.4318,0.4341,0.4305,0.4308,466157.0,201655.8993
2025-10-17 05:00:00,0.4308,0.432,0.4264,0.4274,1143143.0,490439.176
2025-10-17 06:00:00,0.4274,0.4293,0.411,0.4135,3635752.0,1525122.9161
2025-10-17 07:00:00,0.4135,0.4143,0.3993,0.4014,3872374.0,1576090.8901
2025-10-17 08:00:00,0.4014,0.4044,0.3943,0.3986,3729230.0,1488277.7998
2025-10-17 09:00:00,0.3986,0.4122,0.3978,0.4051,2897202.0,1172304.4127
2025-10-17 10:00:00,0.4051,0.4072,0.3975,0.4049,3982018.0,1603208.6375
2025-10-17 11:00:00,0.4049,0.4185,0.4035,0.4165,2459192.0,1018637.1796
2025-10-17 12:00:00,0.4165,0.4207,0.415,0.4154,3051166.0,1274537.8351
2025-10-17 13:00:00,0.4154,0.4219,0.4119,0.4194,2236021.0,933091.1906
2025-10-17 14:00:00,0.4194,0.4214,0.41,0.4152,3252283.0,1352554.457
2025-10-17 15:00:00,0.4152,0.4219,0.4129,0.4217,2866833.0,1195270.383
2025-10-17 16:00:00,0.4217,0.4284,0.4176,0.4188,2734101.0,1155637.383
2025-10-17 17:00:00,0.4188,0.4228,0.4178,0.4215,798620.0,335401.0132
2025-10-17 18:00:00,0.4215,0.4253,0.4199,0.4205,568774.0,240472.756
2025-10-17 19:00:00,0.4205,0.4221,0.4167,0.4189,323441.0,135598.2973
2025-10-17 20:00:00,0.4189,0.4236,0.4175,0.4222,506720.0,213511.4939
2025-10-17 21:00:00,0.4222,0.4272,0.422,0.4244,773527.0,328852.0844
2025-10-17 22:00:00,0.4244,0.4251,0.4205,0.422,362939.0,153149.9829
2025-10-17 23:00:00,0.422,0.422,0.4185,0.419,616719.0,258899.7865
2025-10-18 00:00:00,0.419,0.4217,0.4177,0.42,298584.0,125482.3416
2025-10-18 01:00:00,0.42,0.4251,0.42,0.4247,292881.0,123895.2238
2025-10-18 02:00:00,0.4247,0.4265,0.4212,0.4222,258411.0,109509.4201
2025-10-18 03:00:00,0.4222,0.4251,0.4222,0.4237,360194.0,152548.3317
2025-10-18 04:00:00,0.4237,0.4237,0.4188,0.4191,600809.0,252863.5613
2025-10-18 05:00:00,0.4191,0.4228,0.4182,0.4227,676557.0,284191.4038
2025-10-18 06:00:00,0.4227,0.4247,0.4198,0.4232,742117.0,313166.764
2025-10-18 07:00:00,0.4232,0.4301,0.421,0.4222,1140102.0,486575.9401
2025-10-18 08:00:00,0.4222,0.4248,0.4212,0.4213,1064027.0,450361.7287
2025-10-18 09:00:00,0.4213,0.4262,0.4207,0.4253,514372.0,217679.4949
2025-10-18 10:00:00,0.4253,0.4272,0.4236,0.4269,392238.0,167026.6132
2025-10-18 11:00:00,0.4269,0.429,0.4257,0.4281,545136.0,232951.675
2025-10-18 12:00:00,0.4281,0.4296,0.4262,0.4267,669935.0,286370.5236
2025-10-18 13:00:00,0.4267,0.4267,0.4217,0.4223,965917.0,409365.5562
2025-10-18 14:00:00,0.4223,0.4251,0.4194,0.424,1289773.0,544675.406
2025-10-18 15:00:00,0.424,0.4251,0.4204,0.4223,3572080.0,1507994.9827
2025-10-18 16:00:00,0.4223,0.4228,0.4179,0.4209,5886803.0,2473983.5226
2025-10-18 17:00:00,0.4209,0.4261,0.4194,0.4256,763772.0,322775.9667
2025-10-18 18:00:00,0.4256,0.4267,0.4239,0.4244,1322753.0,562508.357
2025-10-18 19:00:00,0.4244,0.426,0.4237,0.4258,514683.0,218675.5742
2025-10-18 20:00:00,0.4258,0.4289,0.4253,0.4259,559930.0,239285.4171
2025-10-18 21:00:00,0.4259,0.4278,0.4235,0.4274,827430.0,351844.0289
2025-10-18 22:00:00,0.4274,0.4296,0.4267,0.4279,316978.0,135722.0802
2025-10-18 23:00:00,0.4279,0.4282,0.4264,0.4276,266457.0,113928.9612
2025-10-19 00:00:00,0.4276,0.4281,0.424,0.4255,497001.0,211714.4433
2025-10-19 01:00:00,0.4255,0.4274,0.4238,0.4269,719291.0,306510.4351
2025-10-19 02:00:00,0.4269,0.4278,0.4249,0.4255,600433.0,256019.7725
2025-10-19 03:00:00,0.4255,0.432,0.4249,0.4312,1301343.0,559597.5526
2025-10-19 04:00:00,0.4312,0.4321,0.427,0.4275,835622.0,358440.1282
2025-10-19 05:00:00,0.4275,0.4301,0.4258,0.4268,802910.0,343859.7829
2025-10-19 06:00:00,0.4268,0.4272,0.424,0.4257,371240.0,157955.7217
2025-10-19 07:00:00,0.4257,0.4284,0.4253,0.4273,669577.0,285832.6169
2025-10-19 08:00:00,0.4273,0.4329,0.4227,0.4238,1538516.0,655644.5048
2025-10-19 09:00:00,0.4238,0.4339,0.4208,0.43,1750924.0,745779.9128
2025-10-19 10:00:00,0.43,0.4375,0.4278,0.4353,2066546.0,895367.3195
2025-10-19 11:00:00,0.4353,0.4396,0.4338,0.4344,1660980.0,725497.0614
2025-10-19 12:00:00,0.4344,0.4355,0.4309,0.4324,1543836.0,668448.3589
2025-10-19 13:00:00,0.4324,0.4414,0.4312,0.4393,1787817.0,779776.1829
2025-10-19 14:00:00,0.4393,0.4421,0.4367,0.4409,1169403.0,513705.4204
2025-10-19 15:00:00,0.4409,0.4413,0.4373,0.439,2200805.0,968805.4107
2025-10-19 16:00:00,0.439,0.4413,0.4365,0.44,1312827.0,576148.3456
2025-10-19 17:00:00,0.44,0.445,0.4385,0.4392,3902870.0,1727836.8744
2025-10-19 18:00:00,0.4392,0.4416,0.4386,0.4409,2036600.0,896828.089
2025-10-19 19:00:00,0.4409,0.4415,0.4382,0.4413,802941.0,353579.6789
2025-10-19 20:00:00,0.4413,0.4439,0.4408,0.4437,670549.0,296450.5132
2025-10-19 21:00:00,0.4437,0.4442,0.4393,0.4418,1164797.0,514231.2936
2025-10-19 22:00:00,0.4418,0.4438,0.4415,0.4429,312011.0,138094.7196
2025-10-19 23:00:00,0.4429,0.4429,0.4377,0.4386,472147.0,207833.8664
2025-10-20 00:00:00,0.4386,0.4386,0.4302,0.4365,1426285.0,619803.5351
2025-10-20 01:00:00,0.4365,0.4384,0.4349,0.4361,494105.0,215784.4866
2025-10-20 02:00:00,0.4361,0.439,0.4326,0.4381,662297.0,289282.7427
2025-10-20 03:00:00,0.4381,0.4509,0.437,0.449,2018025.0,893415.695
2025-10-20 04:00:00,0.449,0.4509,0.4475,0.4496,1033888.0,464233.19
2025-10-20 05:00:00,0.4496,0.4512,0.4477,0.4498,1284573.0,577157.2377
2025-10-20 06:00:00,0.4498,0.4561,0.4496,0.4548,1295864.0,586580.5759
2025-10-20 07:00:00,0.4548,0.4548,0.4473,0.4488,3364001.0,1512867.7278
2025-10-20 08:00:00,0.4488,0.4511,0.4453,0.4481,3236617.0,1452127.4911
2025-10-20 09:00:00,0.4481,0.4506,0.4476,0.4498,1777654.0,798551.7139
2025-10-20 10:00:00,0.4498,0.4532,0.4479,0.4496,2206707.0,995930.1457
2025-10-20 11:00:00,0.4496,0.4507,0.4482,0.4496,742632.0,333710.8225
2025-10-20 12:00:00,0.4496,0.4512,0.4485,0.4502,674293.0,303184.5292
2025-10-20 13:00:00,0.4502,0.4561,0.4489,0.4558,1641993.0,743288.1416
2025-10-20 14:00:00,0.4558,0.4576,0.4521,0.4555,4226046.0,1922894.1969
2025-10-20 15:00:00,0.4555,0.4563,0.4487,0.4487,717906.0,324920.4708
2025-10-20 16:00:00,0.4487,0.4491,0.4394,0.4454,3314118.0,1471046.9842
2025-10-20 17:00:00,0.4454,0.448,0.4414,0.4444,1085542.0,482244.397
2025-10-20 18:00:00,0.4444,0.4465,0.443,0.4462,668037.0,297089.4408
2025-10-20 19:00:00,0.4462,0.4519,0.4449,0.4502,861733.0,386453.5593
2025-10-20 20:00:00,0.4502,0.452,0.4488,0.4516,479798.0,215880.832
2025-10-20 21:00:00,0.4516,0.4523,0.4481,0.4494,1040165.0,467839.2591
2025-10-20 22:00:00,0.4494,0.4502,0.4477,0.4492,712803.0,320123.8575
2025-10-20 23:00:00,0.4492,0.4495,0.4465,0.4469,495337.0,221699.7715
2025-10-21 00:00:00,0.4469,0.4478,0.4454,0.4454,427939.0,191109.6242
2025-10-21 01:00:00,0.4454,0.4459,0.4406,0.4423,576370.0,255413.4793
2025-10-21 02:00:00,0.4423,0.4423,0.4375,0.4383,737090.0,323827.4095
2025-10-21 03:00:00,0.4383,0.4394,0.4355,0.4362,439358.0,192293.0811
2025-10-21 04:00:00,0.4362,0.4367,0.4262,0.427,4032240.0,1731585.4117
2025-10-21 05:00:00,0.427,0.4303,0.4257,0.4276,1067174.0,456745.4642
2025-10-21 06:00:00,0.4276,0.4317,0.4267,0.4307,1146731.0,492614.4751
2025-10-21 07:00:00,0.4307,0.4337,0.4289,0.4333,1053669.0,454388.9036
2025-10-21 08:00:00,0.4333,0.4333,0.4267,0.4298,1056190.0,453905.9729
2025-10-21 09:00:00,0.4298,0.4316,0.4284,0.4304,958185.0,411996.5517
2025-10-21 10:00:00,0.4304,0.4381,0.4301,0.4362,1111133.0,482296.9324
2025-10-21 11:00:00,0.4362,0.4366,0.4338,0.4352,995491.0,433095.8151
2025-10-21 12:00:00,0.4352,0.442,0.434,0.4383,1890656.0,830299.6804
2025-10-21 13:00:00,0.4383,0.4423,0.436,0.4386,1694992.0,743691.9835
2025-10-21 14:00:00,0.4386,0.4592,0.4385,0.4585,4710044.0,2115008.0379
2025-10-21 15:00:00,0.4585,0.4669,0.4559,0.4622,5212191.0,2410300.8669
2025-10-21 16:00:00,0.4622,0.4665,0.4552,0.4559,5260911.0,2438701.9711
2025-10-21 17:00:00,0.4559,0.4625,0.4527,0.461,3556259.0,1629699.349
2025-10-21 18:00:00,0.461,0.4627,0.4578,0.4594,2349506.0,1079501.9794
2025-10-21 19:00:00,0.4594,0.4602,0.4567,0.4567,1165513.0,533789.9188
2025-10-21 20:00:00,0.4567,0.4577,0.4502,0.4519,951985.0,431273.5194
2025-10-21 21:00:00,0.4519,0.4532,0.443,0.4498,504943.0,226208.4289
2025-10-21 22:00:00,0.4498,0.4503,0.4389,0.4402,1275055.0,567541.3332
2025-10-21 23:00:00,0.4402,0.4407,0.4314,0.4331,1410771.0,614584.2981
2025-10-22 00:00:00,0.4331,0.4357,0.4294,0.4314,1652114.0,713907.0263
2025-10-22 01:00:00,0.4314,0.4354,0.4309,0.433,759237.0,328522.7439
2025-10-22 02:00:00,0.433,0.4353,0.4325,0.433,344007.0,149181.9356
2025-10-22 03:00:00,0.433,0.435,0.4305,0.4349,345385.0,149324.8746
2025-10-22 04:00:00,0.4349,0.4382,0.4345,0.4367,946291.0,413027.6308
2025-10-22 05:00:00,0.4367,0.4367,0.4275,0.4319,860446.0,371910.3089
2025-10-22 06:00:00,0.4319,0.4322,0.4296,0.4297,414885.0,178742.404
2025-10-22 07:00:00,0.4297,0.4338,0.428,0.4329,937767.0,403522.7328
2025-10-22 08:00:00,0.4329,0.4332,0.4297,0.4307,662828.0,286117.7819
2025-10-22 09:00:00,0.4307,0.4321,0.4274,0.4292,1056097.0,453962.0723
2025-10-22 10:00:00,0.4292,0.4313,0.4272,0.4274,964710.0,413822.5761
2025-10-22 11:00:00,0.4274,0.4356,0.4232,0.432,3196939.0,1376324.6374
2025-10-22 12:00:00,0.432,0.435,0.4302,0.4312,2090824.0,904921.1842
2025-10-22 13:00:00,0.4312,0.437,0.4287,0.4362,4482846.0,1934472.7273
2025-10-22 14:00:00,0.4362,0.437,0.4271,0.4351,2907024.0,1253011.1151
2025-10-22 15:00:00,0.4351,0.4372,0.4274,0.4326,1690563.0,731324.4353
2025-10-22 16:00:00,0.4326,0.4338,0.4271,0.4302,1242965.0,535035.1916
2025-10-22 17:00:00,0.4302,0.4317,0.4229,0.4247,2021140.0,863919.7424
2025-10-22 18:00:00,0.4247,0.4265,0.4215,0.4231,1516509.0,642580.7396
2025-10-22 19:00:00,0.4231,0.4281,0.4187,0.423,1263262.0,535530.6803
2025-10-22 20:00:00,0.423,0.4247,0.4178,0.4183,1479350.0,622835.4751
2025-10-22 21:00:00,0.4183,0.4186,0.4044,0.4114,2128910.0,876274.4911
2025-10-22 22:00:00,0.4114,0.4143,0.4096,0.4115,519328.0,213694.2024
2025-10-22 23:00:00,0.4115,0.4202,0.4115,0.4192,504775.0,211022.5621
2025-10-23 00:00:00,0.4192,0.4212,0.418,0.4197,812631.0,340770.9827
2025-10-23 01:00:00,0.4197,0.4228,0.4192,0.4199,857294.0,360854.6816
2025-10-23 02:00:00,0.4199,0.4216,0.4195,0.4203,281841.0,118439.6345
2025-10-23 03:00:00,0.4203,0.4232,0.4199,0.421,311564.0,131382.19
2025-10-23 04:00:00,0.421,0.4241,0.4203,0.422,745003.0,314861.9635
2025-10-23 05:00:00,0.422,0.4234,0.4213,0.4232,594203.0,251084.6542
2025-10-23 06:00:00,0.4232,0.4301,0.4227,0.4296,1643918.0,701740.0078
2025-10-23 07:00:00,0.4296,0.4297,0.4264,0.4278,1275916.0,546111.7095
2025-10-23 08:00:00,0.4278,0.4315,0.4278,0.4298,2110506.0,906169.6595
2025-10-23 09:00:00,0.4298,0.4321,0.4294,0.4317,672298.0,289680.7585
2025-10-23 10:00:00,0.4317,0.4341,0.4304,0.4305,1634257.0,706040.9897
2025-10-23 11:00:00,0.4305,0.4308,0.427,0.428,2142512.0,919905.0429
2025-10-23 12:00:00,0.428,0.4286,0.4233,0.4286,1824063.0,777614.6048
2025-10-23 13:00:00,0.4286,0.4332,0.4262,0.4311,1083420.0,466471.9174
2025-10-23 14:00:00,0.4311,0.4315,0.4257,0.4294,1145818.0,491552.1441
2025-10-23 15:00:00,0.4294,0.4347,0.4282,0.4325,1587770.0,686878.6276
2025-10-23 16:00:00,0.4325,0.4375,0.4314,0.4369,2050520.0,888086.0406
2025-10-23 17:00:00,0.4369,0.44,0.433,0.439,1127440.0,492803.1544
2025-10-23 18:00:00,0.439,0.4393,0.4338,0.4345,1638930.0,713983.1697
2025-10-23 19:00:00,0.4345,0.4351,0.4322,0.4343,937938.0,406745.5923
2025-10-23 20:00:00,0.4343,0.4344,0.4273,0.4297,1191738.0,515060.5908
2025-10-23 21:00:00,0.4297,0.431,0.4286,0.4297,843394.0,362665.2372
2025-10-23 22:00:00,0.4297,0.433,0.4297,0.4325,386042.0,166500.6733
2025-10-23 23:00:00,0.4325,0.4337,0.4312,0.4335,361588.0,156274.2539
2025-10-24 00:00:00,0.4335,0.4358,0.4322,0.4344,2432761.0,1055622.3671
2025-10-24 01:00:00,0.4344,0.4353,0.4323,0.434,224905.0,97564.8445
2025-10-24 02:00:00,0.434,0.4341,0.4314,0.433,251641.0,108856.7564
2025-10-24 03:00:00,0.433,0.4332,0.4308,0.4319,310607.0,134238.0517
2025-10-24 04:00:00,0.4319,0.4414,0.4309,0.4403,964924.0,422243.237
2025-10-24 05:00:00,0.4403,0.4433,0.4394,0.4423,735854.0,324954.2004
2025-10-24 06:00:00,0.4423,0.4439,0.441,0.4437,887275.0,392321.697
2025-10-24 07:00:00,0.4437,0.444,0.4381,0.4401,1216254.0,536014.0813
2025-10-24 08:00:00,0.4401,0.4449,0.4381,0.4434,918270.0,405738.9859
2025-10-24 09:00:00,0.4434,0.4436,0.4405,0.4413,1063915.0,470439.5489
2025-10-24 10:00:00,0.4413,0.4414,0.4387,0.4392,1557632.0,685360.7468
2025-10-24 11:00:00,0.4392,0.4412,0.4356,0.441,1911034.0,838709.3598
2025-10-24 12:00:00,0.441,0.4521,0.441,0.4453,1864085.0,831092.9271
2025-10-24 13:00:00,0.4453,0.4462,0.4385,0.4427,1562775.0,690907.2006
2025-10-24 14:00:00,0.4427,0.4427,0.4346,0.4383,1785591.0,783039.702
2025-10-24 15:00:00,0.4383,0.4411,0.4351,0.4364,2621316.0,1148427.0011
2025-10-24 16:00:00,0.4364,0.4374,0.4333,0.4357,1048030.0,455854.2667
2025-10-24 17:00:00,0.4357,0.4391,0.4355,0.4365,566413.0,247773.8325
2025-10-24 18:00:00,0.4365,0.4414,0.4361,0.4414,800980.0,351471.7243
2025-10-24 19:00:00,0.4414,0.4456,0.4413,0.4444,769277.0,341508.437
2025-10-24 20:00:00,0.4444,0.4476,0.4441,0.447,469557.0,209572.7242
2025-10-24 21:00:00,0.447,0.4492,0.4465,0.4489,532034.0,238129.7427
2025-10-24 22:00:00,0.4489,0.4496,0.4476,0.4481,181049.0,81277.3205
2025-10-24 23:00:00,0.4481,0.4488,0.4467,0.4479,342032.0,153173.8453
2025-10-25 00:00:00,0.4479,0.4482,0.4455,0.4462,1289473.0,576019.6968
2025-10-25 01:00:00,0.4462,0.4472,0.4444,0.4458,514100.0,229211.2641
2025-10-25 02:00:00,0.4458,0.4471,0.4445,0.4449,351555.0,156780.2079
2025-10-25 03:00:00,0.4449,0.4452,0.4427,0.4428,299389.0,133000.5808
2025-10-25 04:00:00,0.4428,0.4451,0.4427,0.4435,594145.0,263766.169
2025-10-25 05:00:00,0.4435,0.4437,0.4412,0.4423,623591.0,275862.5378
2025-10-25 06:00:00,0.4423,0.4426,0.4403,0.4405,281881.0,124335.3555
2025-10-25 07:00:00,0.4405,0.4432,0.44,0.4402,540012.0,237995.6532
2025-10-25 08:00:00,0.4402,0.442,0.4401,0.4418,315945.0,139365.0799
2025-10-25 09:00:00,0.4418,0.4419,0.4397,0.4404,1144032.0,504251.7153
2025-10-25 10:00:00,0.4404,0.4414,0.4385,0.4402,1288399.0,567297.3439
2025-10-25 11:00:00,0.4402,0.4434,0.4397,0.4429,1387987.0,612848.8222
2025-10-25 12:00:00,0.4429,0.4461,0.4427,0.4447,1302539.0,579459.5953
2025-10-25 13:00:00,0.4447,0.4456,0.4433,0.4443,1211143.0,538161.9383
2025-10-25 14:00:00,0.4443,0.447,0.4436,0.4467,1666245.0,742920.7927
2025-10-25 15:00:00,0.4467,0.4471,0.445,0.4463,788872.0,351617.9955
2025-10-25 16:00:00,0.4463,0.4474,0.4449,0.4459,1397192.0,623025.7896
2025-10-25 17:00:00,0.4459,0.4483,0.4454,0.4465,492785.0,220114.3842
2025-10-25 18:00:00,0.4465,0.4504,0.4459,0.4495,1227215.0,550982.9625
2025-10-25 19:00:00,0.4495,0.4505,0.4485,0.4504,538075.0,241836.6833
2025-10-25 20:00:00,0.4504,0.4509,0.4482,0.4487,380446.0,171032.4082
2025-10-25 21:00:00,0.4487,0.4491,0.4469,0.4481,361861.0,162011.8071
2025-10-25 22:00:00,0.4481,0.4493,0.4464,0.4484,76625.0,34307.0065
2025-10-25 23:00:00,0.4484,0.4487,0.4464,0.4467,642553.0,287392.2675
2025-10-26 00:00:00,0.4467,0.4478,0.4445,0.4462,634422.0,283266.5656
2025-10-26 01:00:00,0.4462,0.4464,0.4417,0.443,369231.0,163913.5822
2025-10-26 02:00:00,0.443,0.4433,0.4405,0.4414,570657.0,252201.5922
2025-10-26 03:00:00,0.4414,0.4418,0.4395,0.4409,844579.0,372140.7141
2025-10-26 04:00:00,0.4409,0.443,0.4404,0.4429,1102145.0,486582.1944
2025-10-26 05:00:00,0.4429,0.4458,0.4418,0.4452,502666.0,223180.5122
2025-10-26 06:00:00,0.4452,0.4457,0.444,0.4452,506394.0,225149.85
2025-10-26 07:00:00,0.4452,0.447,0.444,0.4463,278355.0,124118.3171
2025-10-26 08:00:00,0.4463,0.4497,0.4463,0.4496,434493.0,194608.3418
2025-10-26 09:00:00,0.4496,0.456,0.4482,0.4542,1264979.0,572722.7294
2025-10-26 10:00:00,0.4542,0.4544,0.4509,0.4519,294920.0,133311.4802
2025-10-26 11:00:00,0.4519,0.4603,0.4507,0.4588,1288740.0,588976.4137
2025-10-26 12:00:00,0.4588,0.4613,0.4576,0.4599,1242292.0,570662.7065
2025-10-26 13:00:00,0.4599,0.464,0.4585,0.463,1807334.0,835938.9169
2025-10-26 14:00:00,0.463,0.4635,0.4598,0.4609,1049924.0,484485.3408
2025-10-26 15:00:00,0.4609,0.4631,0.4589,0.4628,910086.0,419343.4668
2025-10-26 16:00:00,0.4628,0.4632,0.4593,0.46,1266615.0,583867.8853
2025-10-26 17:00:00,0.46,0.461,0.4588,0.4598,552620.0,254347.8941
2025-10-26 18:00:00,0.4598,0.4618,0.4598,0.4609,425002.0,196015.7161
2025-10-26 19:00:00,0.4609,0.4617,0.4598,0.4612,206947.0,95373.713
2025-10-26 20:00:00,0.4612,0.4612,0.4569,0.4573,592228.0,271347.2527
2025-10-26 21:00:00,0.4573,0.4623,0.4563,0.4613,643187.0,294912.1503
2025-10-26 22:00:00,0.4613,0.4715,0.4613,0.467,1809448.0,844526.3328
2025-10-26 23:00:00,0.467,0.468,0.4641,0.4646,896308.0,418078.2653
2025-10-27 00:00:00,0.4646,0.4684,0.4634,0.4668,784705.0,365749.5613
2025-10-27 01:00:00,0.4668,0.4703,0.4655,0.4694,570706.0,267115.6517
2025-10-27 02:00:00,0.4694,0.4712,0.4671,0.4693,1217599.0,571843.3805
2025-10-27 03:00:00,0.4693,0.4708,0.4672,0.4689,786003.0,368516.9608
2025-10-27 04:00:00,0.4689,0.4711,0.4675,0.4705,524983.0,246420.0813
2025-10-27 05:00:00,0.4705,0.4758,0.47,0.4728,1670596.0,790283.7101
2025-10-27 06:00:00,0.4728,0.473,0.4698,0.4711,682663.0,321695.1984
2025-10-27 07:00:00,0.4711,0.4719,0.4641,0.4672,1237670.0,578320.2631
2025-10-27 08:00:00,0.4672,0.4689,0.4619,0.4633,801852.0,373095.2792
2025-10-27 09:00:00,0.4633,0.4635,0.4587,0.4602,1379246.0,634990.3152
2025-10-27 10:00:00,0.4602,0.4612,0.4586,0.4594,787336.0,362107.2912
2025-10-27 11:00:00,0.4594,0.4609,0.4556,0.4606,1862214.0,853516.5353
2025-10-27 12:00:00,0.4606,0.4608,0.4555,0.4556,1186595.0,542743.9284
2025-10-27 13:00:00,0.4556,0.4592,0.4511,0.4578,2377842.0,1079921.6309
2025-10-27 14:00:00,0.4578,0.4582,0.4531,0.4553,1984225.0,904596.7948
2025-10-27 15:00:00,0.4553,0.4593,0.4552,0.4568,982131.0,449322.486
2025-10-27 16:00:00,0.4568,0.4651,0.4568,0.4648,2532806.0,1168448.4806
2025-10-27 17:00:00,0.4648,0.4685,0.4632,0.4662,2419475.0,1126672.4279
2025-10-27 18:00:00,0.4662,0.4679,0.4633,0.4636,2447165.0,1138127.8592
2025-10-27 19:00:00,0.4636,0.4639,0.4589,0.4593,1646232.0,760071.2084
2025-10-27 20:00:00,0.4593,0.4596,0.4548,0.4549,1349093.0,616359.3719
2025-10-27 21:00:00,0.4549,0.4578,0.453,0.4549,561751.0,255934.2595
2025-10-27 22:00:00,0.4549,0.4568,0.4509,0.4514,1059876.0,480131.5191
2025-10-27 23:00:00,0.4514,0.453,0.4479,0.4516,1549220.0,697413.9287
2025-10-28 00:00:00,0.4516,0.4537,0.4498,0.4518,711575.0,321533.1388
2025-10-28 01:00:00,0.4518,0.4549,0.4518,0.4536,961579.0,436038.6197
2025-10-28 02:00:00,0.4536,0.4548,0.4488,0.4515,979120.0,441687.0523
2025-10-28 03:00:00,0.4515,0.4528,0.4488,0.4506,754406.0,339595.9761
2025-10-28 04:00:00,0.4506,0.4567,0.4497,0.455,1024413.0,465102.9659
2025-10-28 05:00:00,0.455,0.4563,0.4476,0.4482,1018720.0,460422.8006
2025-10-28 06:00:00,0.4482,0.4595,0.4482,0.4591,2584763.0,1172677.4686
2025-10-28 07:00:00,0.4591,0.4613,0.4535,0.4545,1015066.0,463923.8808
2025-10-28 08:00:00,0.4545,0.4583,0.454,0.4568,1347061.0,616388.2145
2025-10-28 09:00:00,0.4568,0.4575,0.4533,0.4554,950242.0,432880.0676
2025-10-28 10:00:00,0.4554,0.4556,0.4526,0.4537,1014637.0,460682.848
2025-10-28 11:00:00,0.4537,0.4559,0.4518,0.4523,2311209.0,1050647.4346
2025-10-28 12:00:00,0.4523,0.458,0.452,0.4569,1822309.0,827632.7293
2025-10-28 13:00:00,0.4569,0.4623,0.4569,0.4603,2183777.0,1004321.8427
2025-10-28 14:00:00,0.4603,0.4622,0.4452,0.4551,5856614.0,2660011.9715
2025-10-28 15:00:00,0.4551,0.4572,0.4504,0.452,1174915.0,532833.4913
2025-10-28 16:00:00,0.452,0.4569,0.4504,0.4553,697496.0,315942.7475
2025-10-28 17:00:00,0.4553,0.4562,0.4522,0.4534,446153.0,202676.5268
2025-10-28 18:00:00,0.4534,0.4546,0.449,0.4506,917401.0,414040.7879
2025-10-28 19:00:00,0.4506,0.4511,0.4397,0.4418,2612366.0,1160412.4868
2025-10-28 20:00:00,0.4418,0.4418,0.4299,0.4327,5605144.0,2433855.7905
2025-10-28 21:00:00,0.4327,0.4348,0.4264,0.4315,2610441.0,1124988.8329
2025-10-28 22:00:00,0.4315,0.4374,0.4301,0.4369,1219610.0,528097.2052
2025-10-28 23:00:00,0.4369,0.4369,0.434,0.435,179693.0,78195.6957
2025-10-29 00:00:00,0.435,0.4371,0.4336,0.4349,225588.0,98155.6901
2025-10-29 01:00:00,0.4349,0.4387,0.4339,0.4364,327933.0,142879.9243
2025-10-29 02:00:00,0.4364,0.4367,0.4353,0.4359,210944.0,92011.2079
2025-10-29 03:00:00,0.4359,0.4361,0.4338,0.4345,366544.0,159273.1327
2025-10-29 04:00:00,0.4345,0.4365,0.4342,0.4347,179067.0,77981.2736
2025-10-29 05:00:00,0.4347,0.4377,0.4344,0.4362,396411.0,172928.29
2025-10-29 06:00:00,0.4362,0.437,0.4348,0.436,535729.0,233495.0132
2025-10-29 07:00:00,0.436,0.4388,0.4349,0.4373,697493.0,304566.3863
2025-10-29 08:00:00,0.4373,0.4379,0.4345,0.4355,402518.0,175450.8317
2025-10-29 09:00:00,0.4355,0.4382,0.4341,0.4375,600990.0,261835.4181
2025-10-29 10:00:00,0.4375,0.4451,0.4372,0.444,1182353.0,522609.7781
2025-10-29 11:00:00,0.444,0.448,0.4437,0.4454,1423625.0,634943.6408
2025-10-29 12:00:00,0.4454,0.4483,0.4451,0.4472,1138578.0,508300.2809
2025-10-29 13:00:00,0.4472,0.4498,0.4459,0.4472,1049173.0,470352.9453
2025-10-29 14:00:00,0.4472,0.4478,0.4432,0.4463,1596525.0,710871.3108
2025-10-29 15:00:00,0.4463,0.4471,0.4366,0.4395,2246370.0,991974.4024
2025-10-29 16:00:00,0.4395,0.4433,0.4365,0.4389,8917396.0,3922199.8518
2025-10-29 17:00:00,0.4389,0.451,0.438,0.4509,3978857.0,1762100.7109
2025-10-29 18:00:00,0.4509,0.4518,0.4257,0.4423,3923329.0,1728464.4732
2025-10-29 19:00:00,0.4423,0.4502,0.4419,0.4485,2040941.0,909111.9947
2025-10-29 20:00:00,0.4485,0.4556,0.4455,0.4518,2010548.0,906733.6982
2025-10-29 21:00:00,0.4518,0.4532,0.4485,0.4508,723749.0,325978.6936
2025-10-29 22:00:00,0.4508,0.4513,0.448,0.4487,1362304.0,612314.5133
2025-10-29 23:00:00,0.4487,0.4487,0.4379,0.4401,895897.0,396830.8758
2025-10-30 00:00:00,0.4401,0.4453,0.4371,0.4445,678569.0,298727.7187
2025-10-30 01:00:00,0.4445,0.4445,0.4395,0.4414,526945.0,232605.8491
2025-10-30 02:00:00,0.4414,0.4476,0.4411,0.4454,500479.0,222738.7869
2025-10-30 03:00:00,0.4454,0.4454,0.4404,0.4419,337673.0,149261.1297
2025-10-30 04:00:00,0.4419,0.4419,0.4228,0.428,2252601.0,973439.9531
2025-10-30 05:00:00,0.428,0.4357,0.4251,0.4346,914075.0,392171.1807
2025-10-30 06:00:00,0.4346,0.4354,0.4305,0.4323,797691.0,345074.9096
2025-10-30 07:00:00,0.4323,0.4391,0.4314,0.4375,604334.0,263760.4491
2025-10-30 08:00:00,0.4375,0.4375,0.4308,0.4311,931013.0,403470.1046
2025-10-30 09:00:00,0.4311,0.4319,0.4278,0.4284,1849489.0,793900.3613
2025-10-30 10:00:00,0.4284,0.43,0.425,0.4267,1870721.0,799107.307
2025-10-30 11:00:00,0.4267,0.4279,0.4239,0.4242,2594915.0,1105576.1474
2025-10-30 12:00:00,0.4242,0.4248,0.4128,0.4168,4150083.0,1739855.8516
2025-10-30 13:00:00,0.4168,0.418,0.4071,0.4076,3766674.0,1554117.9097
2025-10-30 14:00:00,0.4076,0.4116,0.4064,0.4083,3503904.0,1431095.9605
2025-10-30 15:00:00,0.4083,0.4092,0.3995,0.4008,4543364.0,1833277.1349
2025-10-30 16:00:00,0.4008,0.4036,0.3979,0.3991,2829619.0,1132359.4094
2025-10-30 17:00:00,0.3991,0.3992,0.3889,0.3955,7816979.0,3067085.9238
2025-10-30 18:00:00,0.3955,0.396,0.3901,0.3906,1132540.0,444809.5961
2025-10-30 19:00:00,0.3906,0.3925,0.3862,0.3886,3255277.0,1267260.2502
2025-10-30 20:00:00,0.3886,0.3939,0.3873,0.393,1671827.0,653737.7727
2025-10-30 21:00:00,0.393,0.3946,0.391,0.3931,877193.0,344388.8295
2025-10-30 22:00:00,0.3931,0.3954,0.3924,0.395,1722266.0,678223.6649
2025-10-30 23:00:00,0.395,0.4003,0.3936,0.4,1207165.0,477655.4475
2025-10-31 00:00:00,0.4,0.4049,0.3985,0.4039,1155100.0,463377.317
2025-10-31 01:00:00,0.4039,0.4081,0.4034,0.4075,1756272.0,714706.6821
2025-10-31 02:00:00,0.4075,0.408,0.4025,0.4044,1360660.0,551144.7184
2025-10-31 03:00:00,0.4044,0.4047,0.3997,0.4015,4030785.0,1618822.1732
2025-10-31 04:00:00,0.4015,0.4045,0.4008,0.4041,652945.0,262884.918
2025-10-31 05:00:00,0.4041,0.4041,0.4004,0.4009,1043960.0,420064.4051
2025-10-31 06:00:00,0.4009,0.4015,0.3981,0.3988,1361928.0,544033.3544
2025-10-31 07:00:00,0.3988,0.4008,0.3982,0.3986,1376236.0,549688.158
2025-10-31 08:00:00,0.3986,0.3998,0.3963,0.3989,1298736.0,517038.8531
2025-10-31 09:00:00,0.3989,0.4006,0.3974,0.3992,830083.0,331130.1905
2025-10-31 10:00:00,0.3992,0.4018,0.3982,0.4003,911553.0,364749.6781
2025-10-31 11:00:00,0.4003,0.4062,0.3989,0.4059,3206689.0,1292058.2843
2025-10-31 12:00:00,0.4059,0.4075,0.4019,0.4019,3353328.0,1360256.8487
2025-10-31 13:00:00,0.4019,0.4045,0.3979,0.4029,2329058.0,934100.5228
2025-10-31 14:00:00,0.4029,0.4047,0.3985,0.4041,1977054.0,793296.3838
2025-10-31 15:00:00,0.4041,0.4064,0.4023,0.4046,1907944.0,772259.6163
2025-10-31 16:00:00,0.4046,0.405,0.3919,0.3926,2642964.0,1051864.5691
2025-10-31 17:00:00,0.3926,0.3936,0.3872,0.3905,4938266.0,1931216.006
2025-10-31 18:00:00,0.3905,0.397,0.3893,0.3944,1382519.0,543990.5304
2025-10-31 19:00:00,0.3944,0.4042,0.3916,0.4027,1270177.0,507460.1647
2025-10-31 20:00:00,0.4027,0.403,0.3966,0.3968,1213214.0,486092.9416
2025-10-31 21:00:00,0.3968,0.3978,0.3951,0.3962,706667.0,280029.8263
2025-10-31 22:00:00,0.3962,0.3993,0.3959,0.3982,336829.0,133966.9791
2025-10-31 23:00:00,0.3982,0.3997,0.3976,0.399,245395.0,97890.5523
2025-11-01 00:00:00,0.399,0.4013,0.3975,0.4012,523461.0,208951.6862
2025-11-01 01:00:00,0.4012,0.4022,0.3979,0.3979,313642.0,125246.7725
2025-11-01 02:00:00,0.3979,0.4012,0.3957,0.4009,762461.0,303424.2911
2025-11-01 03:00:00,0.4009,0.403,0.4007,0.4017,696872.0,280085.5295
2025-11-01 04:00:00,0.4017,0.4027,0.3992,0.3996,702131.0,280999.4438
2025-11-01 05:00:00,0.3996,0.3999,0.3974,0.3977,895272.0,356801.0651
2025-11-01 06:00:00,0.3977,0.3998,0.3968,0.3996,547874.0,217880.2094
2025-11-01 07:00:00,0.3996,0.4071,0.3994,0.4055,3263390.0,1320193.0455
2025-11-01 08:00:00,0.4055,0.4079,0.4037,0.4077,1902725.0,772449.8517
2025-11-01 09:00:00,0.4077,0.4089,0.4038,0.4044,1066805.0,432786.6211
2025-11-01 10:00:00,0.4044,0.4075,0.4036,0.4063,685880.0,278424.5543
2025-11-01 11:00:00,0.4063,0.4101,0.4063,0.4095,1392081.0,568444.4075
2025-11-01 12:00:00,0.4095,0.4123,0.4092,0.412,1551569.0,637055.9104
2025-11-01 13:00:00,0.412,0.4135,0.4065,0.4098,1767705.0,726313.9192
2025-11-01 14:00:00,0.4098,0.4108,0.4045,0.407,744887.0,303254.6015
2025-11-01 15:00:00,0.407,0.411,0.4065,0.4102,598243.0,244315.7303
2025-11-01 16:00:00,0.4102,0.4146,0.4088,0.4128,1695348.0,699827.0239
2025-11-01 17:00:00,0.4128,0.4151,0.4113,0.4144,1624285.0,671922.3594
2025-11-01 18:00:00,0.4144,0.4159,0.4135,0.4155,880908.0,365505.2754
2025-11-01 19:00:00,0.4155,0.4155,0.4127,0.4148,1791598.0,741639.615
2025-11-01 20:00:00,0.4148,0.4182,0.4143,0.4162,1338062.0,556774.2596
2025-11-01 21:00:00,0.4162,0.4179,0.4119,0.4121,2323880.0,965476.8098
2025-11-01 22:00:00,0.4121,0.4157,0.412,0.4155,855742.0,354076.9506
2025-11-01 23:00:00,0.4155,0.4174,0.4142,0.4169,558536.0,231705.6275
2025-11-02 00:00:00,0.4169,0.4169,0.4131,0.4133,579005.0,239929.2008
2025-11-02 01:00:00,0.4133,0.4148,0.412,0.4136,433188.0,179086.3147
2025-11-02 02:00:00,0.4136,0.4157,0.4126,0.4137,587325.0,243249.3889
2025-11-02 03:00:00,0.4137,0.4142,0.4108,0.4116,621913.0,256312.5873
2025-11-02 04:00:00,0.4116,0.4195,0.411,0.4193,905382.0,375575.6357
2025-11-02 05:00:00,0.4193,0.4222,0.417,0.4219,1648358.0,691375.6897
2025-11-02 06:00:00,0.4219,0.4254,0.4203,0.4248,2774041.0,1172850.0831
2025-11-02 07:00:00,0.4248,0.4267,0.4238,0.4261,2111558.0,897840.9044
2025-11-02 08:00:00,0.4261,0.4271,0.4225,0.4246,1593408.0,677019.1343
2025-11-02 09:00:00,0.4246,0.4279,0.4223,0.4229,1338959.0,568999.7207
2025-11-02 10:00:00,0.4229,0.4245,0.4202,0.4223,1857418.0,784247.6873
2025-11-02 11:00:00,0.4223,0.429,0.4211,0.429,1971128.0,839518.5347
2025-11-02 12:00:00,0.429,0.4304,0.4247,0.4252,1685874.0,720797.5167
2025-11-02 13:00:00,0.4252,0.4257,0.4209,0.4223,2606247.0,1102009.403
2025-11-02 14:00:00,0.4223,0.423,0.4108,0.4126,3909335.0,1628473.0053
2025-11-02 15:00:00,0.4126,0.4161,0.4088,0.4121,2487300.0,1025150.248
2025-11-02 16:00:00,0.4121,0.4149,0.4057,0.4149,2041571.0,836764.2673
2025-11-02 17:00:00,0.4149,0.4154,0.4099,0.413,1011854.0,417736.7387
2025-11-02 18:00:00,0.413,0.413,0.4096,0.4098,781149.0,321052.7411
2025-11-02 19:00:00,0.4098,0.4107,0.4054,0.4093,1230211.0,501104.1965
2025-11-02 20:00:00,0.4093,0.4114,0.4073,0.4112,579472.0,236941.8737
2025-11-02 21:00:00,0.4112,0.4137,0.4106,0.4116,478515.0,197302.1088
2025-11-02 22:00:00,0.4116,0.413,0.409,0.411,529129.0,217397.6622
2025-11-02 23:00:00,0.411,0.4217,0.411,0.42,1610352.0,671898.7193
2025-11-03 00:00:00,0.42,0.4217,0.412,0.412,1362243.0,570343.1288
2025-11-03 01:00:00,0.412,0.413,0.4059,0.4069,702148.0,287644.9653
2025-11-03 02:00:00,0.4069,0.4074,0.3993,0.4025,1215416.0,490399.1166
2025-11-03 03:00:00,0.4025,0.4031,0.3859,0.3873,3256383.0,1277989.8293
2025-11-03 04:00:00,0.3873,0.3873,0.3822,0.3865,1837648.0,706708.8623
2025-11-03 05:00:00,0.3865,0.3908,0.3819,0.3824,1779242.0,684420.5437
2025-11-03 06:00:00,0.3824,0.3837,0.3757,0.3814,2386000.0,904970.8556
2025-11-03 07:00:00,0.3814,0.3882,0.3792,0.3844,2833497.0,1088059.571
2025-11-03 08:00:00,0.3844,0.3846,0.3781,0.3832,3290259.0,1257675.3695
2025-11-03 09:00:00,0.3832,0.3876,0.3795,0.3798,2239799.0,859049.512
2025-11-03 10:00:00,0.3798,0.3827,0.3755,0.3771,1267347.0,480737.4683
2025-11-03 11:00:00,0.3771,0.3824,0.3771,0.3803,1270537.0,482678.4401
2025-11-03 12:00:00,0.3803,0.3836,0.3794,0.3798,882507.0,336278.5708
2025-11-03 13:00:00,0.3798,0.3848,0.3777,0.382,912598.0,347822.229
2025-11-03 14:00:00,0.382,0.3875,0.3818,0.3864,2251601.0,865828.3321
2025-11-03 15:00:00,0.3864,0.3868,0.3439,0.3541,6729001.0,2448850.7586
2025-11-03 16:00:00,0.3541,0.3633,0.3511,0.36,2961808.0,1060610.7938
2025-11-03 17:00:00,0.36,0.3681,0.3591,0.3679,1832295.0,666759.7055
2025-11-03 18:00:00,0.3679,0.3683,0.3572,0.3582,1605769.0,579541.7839
2025-11-03 19:00:00,0.3582,0.3604,0.3544,0.355,1535595.0,547690.3114
2025-11-03 20:00:00,0.355,0.3555,0.3429,0.3459,3690037.0,1289801.5558
2025-11-03 21:00:00,0.3459,0.3517,0.3434,0.3506,2827735.0,986542.9856
2025-11-03 22:00:00,0.3506,0.3523,0.3444,0.3487,1396657.0,486753.5011
2025-11-03 23:00:00,0.3487,0.3547,0.3456,0.3525,1181188.0,413514.0608
2025-11-04 00:00:00,0.3525,0.3576,0.348,0.3561,1038285.0,364519.4211
2025-11-04 01:00:00,0.3561,0.3609,0.3544,0.3573,883306.0,316652.4353
2025-11-04 02:00:00,0.3573,0.3601,0.3557,0.358,814881.0,291920.4746
2025-11-04 03:00:00,0.358,0.3638,0.3568,0.3636,773093.0,278307.4113
2025-11-04 04:00:00,0.3636,0.3674,0.3625,0.3631,1083688.0,395307.7622
2025-11-04 05:00:00,0.3631,0.3641,0.3433,0.344,4841933.0,1714660.8265
2025-11-04 06:00:00,0.344,0.3592,0.3428,0.3515,2734541.0,962387.841
2025-11-04 07:00:00,0.3515,0.3515,0.3435,0.3468,2597439.0,900179.4952
2025-11-04 08:00:00,0.3468,0.3576,0.3452,0.3538,2546125.0,895312.6852
2025-11-04 09:00:00,0.3538,0.3572,0.3514,0.3569,1433291.0,507230.0776
2025-11-04 10:00:00,0.3569,0.3606,0.3568,0.36,1838366.0,660351.4517
2025-11-04 11:00:00,0.36,0.3682,0.3593,0.3625,1697355.0,616417.3537
2025-11-04 12:00:00,0.3625,0.3625,0.3566,0.3586,1682421.0,603879.9457
2025-11-04 13:00:00,0.3586,0.3607,0.3547,0.3571,2424185.0,868461.5372
2025-11-04 14:00:00,0.3571,0.3684,0.3531,0.3651,4194838.0,1507091.0401
2025-11-04 15:00:00,0.3651,0.3668,0.3553,0.3573,2695429.0,977636.1277
2025-11-04 16:00:00,0.3573,0.3601,0.3491,0.3499,2440266.0,863568.9072
2025-11-04 17:00:00,0.3499,0.3501,0.3369,0.3453,7829548.0,2689368.6128
2025-11-04 18:00:00,0.3453,0.3453,0.3286,0.34,6188499.0,2078023.9157
2025-11-04 19:00:00,0.34,0.3434,0.3346,0.3351,3331827.0,1128041.9705
2025-11-04 20:00:00,0.3351,0.3394,0.3186,0.3344,6217821.0,2053776.9871
2025-11-04 21:00:00,0.3344,0.3362,0.3177,0.3362,8836451.0,2893617.29
2025-11-04 22:00:00,0.3362,0.3479,0.3344,0.3463,5794794.0,1990539.4855
2025-11-04 23:00:00,0.3463,0.3498,0.3453,0.3453,1785851.0,619517.1473
2025-11-05 00:00:00,0.3453,0.3469,0.3396,0.3423,1202093.0,413187.6603
2025-11-05 01:00:00,0.3423,0.3425,0.3281,0.3403,3572437.0,1198745.8687
2025-11-05 02:00:00,0.3403,0.3534,0.3403,0.3533,912254.0,316570.3996
2025-11-05 03:00:00,0.3533,0.3549,0.3506,0.3532,725725.0,256516.3305
2025-11-05 04:00:00,0.3532,0.3546,0.3502,0.3526,857482.0,302356.6458
2025-11-05 05:00:00,0.3526,0.355,0.351,0.3516,676978.0,238626.1109
2025-11-05 06:00:00,0.3516,0.3529,0.3486,0.3529,1424558.0,498667.6367
2025-11-05 07:00:00,0.3529,0.353,0.3489,0.352,3162611.0,1109420.0997
2025-11-05 08:00:00,0.352,0.3521,0.3456,0.3482,1255427.0,437727.1459
2025-11-05 09:00:00,0.3482,0.3531,0.3472,0.3527,2103347.0,738478.3235
2025-11-05 10:00:00,0.3527,0.353,0.3485,0.3489,2035791.0,714268.0356
2025-11-05 11:00:00,0.3489,0.3575,0.3486,0.3565,2323080.0,821742.2633
2025-11-05 12:00:00,0.3565,0.3593,0.3544,0.3571,2852422.0,1018058.5467
2025-11-05 13:00:00,0.3571,0.3606,0.3544,0.3588,2958611.0,1056441.0028
2025-11-05 14:00:00,0.3588,0.3612,0.3543,0.3587,3441205.0,1232092.097
2025-11-05 15:00:00,0.3587,0.3634,0.3574,0.3634,4011498.0,1448010.7744
2025-11-05 16:00:00,0.3634,0.3675,0.3591,0.3672,1677250.0,608556.7718
2025-11-05 17:00:00,0.3672,0.3701,0.3652,0.3701,2966006.0,1090630.7539
2025-11-05 18:00:00,0.3701,0.3738,0.3682,0.3723,2596315.0,967055.3228
2025-11-05 19:00:00,0.3723,0.3763,0.3715,0.3739,2225751.0,832314.9542
2025-11-05 20:00:00,0.3739,0.3772,0.3705,0.3719,3352182.0,1250180.4259
2025-11-05 21:00:00,0.3719,0.3724,0.3691,0.3706,1828401.0,677371.2265
2025-11-05 22:00:00,0.3706,0.3751,0.3698,0.375,576739.0,215038.5728
2025-11-05 23:00:00,0.375,0.3754,0.3719,0.3725,403172.0,150489.3173
2025-11-06 00:00:00,0.3725,0.3726,0.3668,0.3691,1008518.0,372153.7281
2025-11-06 01:00:00,0.3691,0.3691,0.3637,0.3677,944500.0,346011.9414
2025-11-06 02:00:00,0.3677,0.3714,0.3638,0.3688,1537786.0,564170.5509
2025-11-06 03:00:00,0.3688,0.3699,0.367,0.367,838364.0,308792.9845
2025-11-06 04:00:00,0.367,0.37,0.3667,0.3679,895535.0,329640.5308
2025-11-06 05:00:00,0.3679,0.3679,0.3611,0.3616,1522450.0,553162.3127
2025-11-06 06:00:00,0.3616,0.3644,0.3614,0.3615,539689.0,195907.2155
2025-11-06 07:00:00,0.3615,0.3639,0.3594,0.3604,1521065.0,549578.3111
2025-11-06 08:00:00,0.3604,0.3624,0.3593,0.3612,1106314.0,399197.7823
2025-11-06 09:00:00,0.3612,0.3633,0.3599,0.3602,809007.0,292638.0413
2025-11-06 10:00:00,0.3602,0.3637,0.3577,0.3625,908242.0,327488.1781
2025-11-06 11:00:00,0.3625,0.3629,0.3598,0.3611,779972.0,282113.7239
2025-11-06 12:00:00,0.3611,0.3621,0.3569,0.357,1325629.0,476772.1214
2025-11-06 13:00:00,0.357,0.3687,0.3567,0.3652,3281456.0,1193601.3487
2025-11-06 14:00:00,0.3652,0.3666,0.3578,0.3596,2186573.0,790052.6815
2025-11-06 15:00:00,0.3596,0.3647,0.3535,0.3556,2236119.0,799472.7605
2025-11-06 16:00:00,0.3556,0.3577,0.3491,0.3545,2278059.0,806297.3346
2025-11-06 17:00:00,0.3545,0.3615,0.3532,0.3607,2745721.0,983531.269
2025-11-06 18:00:00,0.3607,0.3657,0.3566,0.3631,3952413.0,1428577.269
2025-11-06 19:00:00,0.3631,0.3651,0.3612,0.364,2160703.0,784067.8078
2025-11-06 20:00:00,0.364,0.3666,0.3592,0.3614,3043483.0,1102489.4821
2025-11-06 21:00:00,0.3614,0.3657,0.3603,0.3639,970447.0,351788.5453
2025-11-06 22:00:00,0.3639,0.3646,0.3599,0.3641,1397812.0,507667.0644
2025-11-06 23:00:00,0.3641,0.3648,0.3599,0.3647,275646.0,99960.6493
2025-11-07 00:00:00,0.3647,0.3704,0.3643,0.369,1210023.0,444386.5964
2025-11-07 01:00:00,0.369,0.3729,0.3644,0.3709,945477.0,348196.3015
2025-11-07 02:00:00,0.3709,0.3762,0.3685,0.376,773821.0,288341.6689
2025-11-07 03:00:00,0.376,0.38,0.3743,0.3755,1122550.0,423021.2305
2025-11-07 04:00:00,0.3755,0.3776,0.3692,0.3724,1036122.0,386680.0385
2025-11-07 05:00:00,0.3724,0.3798,0.3723,0.3797,2079752.0,785349.488
2025-11-07 06:00:00,0.3797,0.3857,0.3787,0.3798,1457605.0,556440.5621
2025-11-07 07:00:00,0.3798,0.3869,0.3779,0.3868,2105196.0,805783.047
2025-11-07 08:00:00,0.3868,0.3878,0.3835,0.3865,3320322.0,1280109.4401
2025-11-07 09:00:00,0.3865,0.3895,0.3785,0.3847,4219823.0,1620309.5514
2025-11-07 10:00:00,0.3847,0.3884,0.3806,0.3834,1692229.0,650980.9563
2025-11-07 11:00:00,0.3834,0.3834,0.3759,0.3809,4640936.0,1765126.8716
2025-11-07 12:00:00,0.3809,0.3827,0.3695,0.3722,2581793.0,964452.8862
2025-11-07 13:00:00,0.3722,0.3811,0.3705,0.3794,2476241.0,932728.2613
2025-11-07 14:00:00,0.3794,0.3932,0.3732,0.3913,1842810.0,704581.5774
2025-11-07 15:00:00,0.3913,0.4011,0.3874,0.4,5380433.0,2123357.2609
2025-11-07 16:00:00,0.4,0.4197,0.399,0.4164,5165919.0,2118448.6298
2025-11-07 17:00:00,0.4164,0.4301,0.4124,0.4296,4650617.0,1963069.5974
2025-11-07 18:00:00,0.4296,0.4368,0.4272,0.429,4538185.0,1963053.579
2025-11-07 19:00:00,0.429,0.4316,0.4257,0.4286,901453.0,385859.1482
2025-11-07 20:00:00,0.4286,0.4362,0.428,0.4355,1045380.0,451076.0477
2025-11-07 21:00:00,0.4355,0.4381,0.4317,0.4325,1083593.0,472319.5903
2025-11-07 22:00:00,0.4325,0.433,0.428,0.4307,316119.0,136217.3785
2025-11-07 23:00:00,0.4307,0.4307,0.4225,0.4235,479633.0,204119.7814
2025-11-08 00:00:00,0.4235,0.4297,0.4175,0.4175,1619767.0,686393.73
2025-11-08 01:00:00,0.4175,0.4288,0.4175,0.4283,610903.0,258849.3335
2025-11-08 02:00:00,0.4283,0.4368,0.4281,0.4311,1007559.0,436068.1047
2025-11-08 03:00:00,0.4311,0.4366,0.4276,0.4279,940124.0,406795.3566
2025-11-08 04:00:00,0.4279,0.4355,0.4279,0.43,1128097.0,488116.2156
2025-11-08 05:00:00,0.43,0.431,0.4211,0.4215,496327.0,211776.761
2025-11-08 06:00:00,0.4215,0.4246,0.417,0.4226,582921.0,245335.0488
2025-11-08 07:00:00,0.4226,0.4268,0.4187,0.4257,750608.0,317331.3164
2025-11-08 08:00:00,0.4257,0.433,0.422,0.4297,1075009.0,460028.3735
2025-11-08 09:00:00,0.4297,0.4297,0.4205,0.4223,1399632.0,595306.1672
2025-11-08 10:00:00,0.4223,0.4297,0.4219,0.429,1005827.0,426961.136
2025-11-08 11:00:00,0.429,0.434,0.4273,0.4304,837487.0,360461.2172
2025-11-08 12:00:00,0.4304,0.4348,0.4283,0.4314,1471963.0,635232.5856
2025-11-08 13:00:00,0.4314,0.4317,0.4212,0.4216,831171.0,354830.7047
2025-11-08 14:00:00,0.4216,0.4233,0.4159,0.4204,1337872.0,561945.3237
2025-11-08 15:00:00,0.4204,0.4211,0.4118,0.4132,971230.0,404748.6462
2025-11-08 16:00:00,0.4132,0.4174,0.4105,0.4163,843569.0,349388.9337
2025-11-08 17:00:00,0.4163,0.4197,0.4135,0.4173,784690.0,327356.2807
2025-11-08 18:00:00,0.4173,0.4209,0.4156,0.4187,380636.0,159293.3731
2025-11-08 19:00:00,0.4187,0.42,0.4144,0.4182,933010.0,388901.999
2025-11-08 20:00:00,0.4182,0.4197,0.415,0.4181,1069570.0,445981.7208
2025-11-08 21:00:00,0.4181,0.421,0.4167,0.4202,536267.0,224380.3967
2025-11-08 22:00:00,0.4202,0.4238,0.4199,0.4222,223219.0,94207.3437
2025-11-08 23:00:00,0.4222,0.4237,0.4206,0.4229,736680.0,311046.7189
2025-11-09 00:00:00,0.4229,0.4234,0.4168,0.4177,677985.0,284604.4178
2025-11-09 01:00:00,0.4177,0.4225,0.4165,0.4196,425883.0,178532.6653
2025-11-09 02:00:00,0.4196,0.4198,0.4058,0.407,847145.0,348792.6382
2025-11-09 03:00:00,0.407,0.4085,0.4023,0.4047,539656.0,218546.6548
2025-11-09 04:00:00,0.4047,0.4093,0.4039,0.4057,448318.0,182448.3803
2025-11-09 05:00:00,0.4057,0.4081,0.4042,0.4074,449513.0,182727.2936
2025-11-09 06:00:00,0.4074,0.4115,0.4054,0.4068,730240.0,298049.3192
2025-11-09 07:00:00,0.4068,0.4153,0.4067,0.4143,339705.0,139750.6173
2025-11-09 08:00:00,0.4143,0.4144,0.4084,0.4102,407363.0,167395.4972
2025-11-09 09:00:00,0.4102,0.4148,0.4065,0.4071,726550.0,297801.9918
2025-11-09 10:00:00,0.4071,0.4117,0.404,0.4117,1244996.0,506433.5772
2025-11-09 11:00:00,0.4117,0.4186,0.4117,0.4155,1477494.0,614385.1887
2025-11-09 12:00:00,0.4155,0.4189,0.4145,0.4162,1585117.0,660540.6989
2025-11-09 13:00:00,0.4162,0.4198,0.4154,0.4169,743053.0,310238.1108
2025-11-09 14:00:00,0.4169,0.4286,0.4146,0.4222,1884131.0,796406.5718
2025-11-09 15:00:00,0.4222,0.4288,0.4222,0.4245,1394831.0,592947.0953
2025-11-09 16:00:00,0.4245,0.4291,0.4199,0.4277,2448814.0,1039734.2609
2025-11-09 17:00:00,0.4277,0.4291,0.4246,0.427,2482284.0,1061353.9889
2025-11-09 18:00:00,0.427,0.4329,0.4239,0.4319,2124455.0,909242.5962
2025-11-09 19:00:00,0.4319,0.4347,0.43,0.4346,1708493.0,738085.7892
2025-11-09 20:00:00,0.4346,0.4346,0.4294,0.4309,1213338.0,523858.2669
2025-11-09 21:00:00,0.4309,0.4324,0.4292,0.4305,621226.0,267372.3229
2025-11-09 22:00:00,0.4305,0.4315,0.4262,0.4298,1228126.0,526744.0086
2025-11-09 23:00:00,0.4298,0.4345,0.4264,0.4284,854745.0,368059.4333
2025-11-10 00:00:00,0.4284,0.4365,0.4245,0.4335,1010207.0,436054.4495
2025-11-10 01:00:00,0.4335,0.4352,0.43,0.4317,1060787.0,458327.2697
2025-11-10 02:00:00,0.4317,0.4345,0.4294,0.432,487677.0,210631.8
2025-11-10 03:00:00,0.432,0.4368,0.4317,0.4349,543634.0,236383.8401
2025-11-10 04:00:00,0.4349,0.436,0.4305,0.4345,558574.0,241772.5338
2025-11-10 05:00:00,0.4345,0.4408,0.4333,0.4369,1587344.0,695193.3721
2025-11-10 06:00:00,0.4369,0.4393,0.4326,0.4364,937398.0,409114.653
2025-11-10 07:00:00,0.4364,0.4388,0.4331,0.4356,884147.0,385406.8457
2025-11-10 08:00:00,0.4356,0.4363,0.4293,0.4314,840500.0,363349.8663
2025-11-10 09:00:00,0.4314,0.4424,0.4303,0.4409,1380084.0,602923.4945
2025-11-10 10:00:00,0.4409,0.4424,0.4318,0.4339,1585929.0,692484.1808
2025-11-10 11:00:00,0.4339,0.4415,0.4337,0.4383,844166.0,370348.9961
2025-11-10 12:00:00,0.4383,0.439,0.4345,0.4363,1383468.0,604762.8008
2025-11-10 13:00:00,0.4363,0.4424,0.4355,0.4394,1586719.0,697279.8704
2025-11-10 14:00:00,0.4394,0.4394,0.4265,0.43,2349843.0,1019596.567
2025-11-10 15:00:00,0.43,0.4376,0.4294,0.4326,1644305.0,711951.513
2025-11-10 16:00:00,0.4326,0.4344,0.4251,0.4265,1668653.0,715470.3497
2025-11-10 17:00:00,0.4265,0.4344,0.4258,0.4334,1846429.0,795992.1379
2025-11-10 18:00:00,0.4334,0.435,0.4307,0.4307,817662.0,354042.6593
2025-11-10 19:00:00,0.4307,0.4424,0.4299,0.4381,1994604.0,872034.0364
2025-11-10 20:00:00,0.4381,0.445,0.4379,0.4401,1530331.0,673891.2005
2025-11-10 21:00:00,0.4401,0.4408,0.4344,0.4395,1093190.0,478535.8545
2025-11-10 22:00:00,0.4395,0.4532,0.4346,0.4513,1654664.0,734638.6828
2025-11-10 23:00:00,0.4513,0.4517,0.4416,0.4439,994831.0,443188.3106
2025-11-11 00:00:00,0.4439,0.4468,0.435,0.4397,1208227.0,531494.8
2025-11-11 01:00:00,0.4397,0.4537,0.4386,0.44,1311074.0,583220.0526
2025-11-11 02:00:00,0.44,0.4514,0.4362,0.4482,979417.0,435000.8734
2025-11-11 03:00:00,0.4482,0.4506,0.4453,0.4471,593322.0,265863.0994
2025-11-11 04:00:00,0.4471,0.4479,0.4389,0.4395,1202707.0,532294.8729
2025-11-11 05:00:00,0.4395,0.4398,0.4312,0.4316,1171860.0,508953.56
2025-11-11 06:00:00,0.4316,0.434,0.4293,0.4323,2226497.0,961311.3459
2025-11-11 07:00:00,0.4323,0.4328,0.424,0.4243,1484495.0,635052.6264
2025-11-11 08:00:00,0.4243,0.4275,0.422,0.4253,903385.0,383663.7999
2025-11-11 09:00:00,0.4253,0.4295,0.4232,0.4239,841833.0,358743.0247
2025-11-11 10:00:00,0.4239,0.4272,0.4233,0.4259,421255.0,179146.445
2025-11-11 11:00:00,0.4259,0.4292,0.4227,0.4251,732968.0,311549.5477
2025-11-11 12:00:00,0.4251,0.4281,0.421,0.4231,1393292.0,590523.9603
2025-11-11 13:00:00,0.4231,0.4283,0.4228,0.4229,860058.0,366379.8372
2025-11-11 14:00:00,0.4229,0.43,0.4202,0.4297,2061270.0,875132.6135
2025-11-11 15:00:00,0.4297,0.4297,0.4206,0.4228,931603.0,395318.1249
2025-11-11 16:00:00,0.4228,0.4258,0.4208,0.4224,906600.0,383926.8994
2025-11-11 17:00:00,0.4224,0.4263,0.4188,0.4195,1146317.0,484171.895
2025-11-11 18:00:00,0.4195,0.4212,0.4159,0.4174,786262.0,328567.9304
2025-11-11 19:00:00,0.4174,0.4175,0.413,0.4135,724106.0,300795.8566
2025-11-11 20:00:00,0.4135,0.4147,0.4076,0.4085,1000129.0,411125.1247
2025-11-11 21:00:00,0.4085,0.4117,0.4062,0.4077,607237.0,248479.8673
2025-11-11 22:00:00,0.4077,0.4125,0.405,0.4114,467801.0,191778.8722
2025-11-11 23:00:00,0.4114,0.4115,0.4045,0.406,1027688.0,419841.4787
2025-11-12 00:00:00,0.406,0.4087,0.4028,0.404,3814051.0,1550051.1169
2025-11-12 01:00:00,0.404,0.411,0.404,0.4099,7137753.0,2919526.872
2025-11-12 02:00:00,0.4099,0.412,0.4072,0.411,17541606.0,7214454.0547
2025-11-12 03:00:00,0.411,0.4136,0.4101,0.4128,1734841.0,714804.1522
2025-11-12 04:00:00,0.4128,0.4133,0.4097,0.4113,1055470.0,434629.5088
2025-11-12 05:00:00,0.4113,0.414,0.41,0.4122,1241103.0,512049.7802
2025-11-12 06:00:00,0.4122,0.416,0.4113,0.4147,670557.0,277793.0797
2025-11-12 07:00:00,0.4147,0.4166,0.4114,0.4121,507342.0,210273.5306
2025-11-12 08:00:00,0.4121,0.4241,0.4121,0.4212,1345318.0,563764.8792
2025-11-12 09:00:00,0.4212,0.4243,0.4206,0.424,1126436.0,476347.9901
2025-11-12 10:00:00,0.424,0.4307,0.424,0.4291,1585369.0,678122.8908
2025-11-12 11:00:00,0.4291,0.4306,0.4261,0.4269,3998112.0,1708812.2439
2025-11-12 12:00:00,0.4269,0.4299,0.4253,0.4259,5402953.0,2308875.7063
2025-11-12 13:00:00,0.4259,0.4332,0.4249,0.4326,2835296.0,1214817.2948
2025-11-12 14:00:00,0.4326,0.4327,0.4159,0.4216,3114338.0,1328658.8156
2025-11-12 15:00:00,0.4216,0.4249,0.4076,0.4091,2296290.0,957477.9102
2025-11-12 16:00:00,0.4091,0.4108,0.3968,0.3984,2955675.0,1188147.9605
2025-11-12 17:00:00,0.3984,0.4042,0.394,0.401,2140871.0,852086.0455
2025-11-12 18:00:00,0.401,0.4033,0.3962,0.3971,756267.0,302458.734
2025-11-12 19:00:00,0.3971,0.3989,0.3921,0.3967,2065904.0,815621.8369
2025-11-12 20:00:00,0.3967,0.4045,0.3953,0.4023,1909177.0,764021.0192
2025-11-12 21:00:00,0.4023,0.404,0.4005,0.4013,877445.0,352724.9244
2025-11-12 22:00:00,0.4013,0.4032,0.399,0.4028,477989.0,191711.6648
2025-11-12 23:00:00,0.4028,0.4028,0.3974,0.3993,341853.0,136887.7079
2025-11-13 00:00:00,0.3993,0.4034,0.3985,0.4009,433045.0,173474.0532
2025-11-13 01:00:00,0.4009,0.4083,0.4006,0.4056,843406.0,341837.2704
2025-11-13 02:00:00,0.4056,0.4069,0.4024,0.404,170689.0,69187.8411
2025-11-13 03:00:00,0.404,0.413,0.3964,0.4083,1542328.0,623339.8568
2025-11-13 04:00:00,0.4083,0.4113,0.4053,0.409,758904.0,310030.2954
2025-11-13 05:00:00,0.409,0.4162,0.4064,0.4146,1961317.0,806064.5071
2025-11-13 06:00:00,0.4146,0.4178,0.4142,0.4157,716180.0,298261.2343
2025-11-13 07:00:00,0.4157,0.4183,0.4138,0.4148,1323550.0,551123.7103
2025-11-13 08:00:00,0.4148,0.4188,0.4136,0.4163,831711.0,346134.039
2025-11-13 09:00:00,0.4163,0.4168,0.4097,0.4102,1695406.0,699259.6469
2025-11-13 10:00:00,0.4102,0.4174,0.4102,0.4133,759785.0,314834.7185
2025-11-13 11:00:00,0.4133,0.4162,0.4125,0.4139,662125.0,274113.8997
2025-11-13 12:00:00,0.4139,0.4179,0.4127,0.4178,974311.0,404930.5439
2025-11-13 13:00:00,0.4178,0.4216,0.4154,0.417,2811145.0,1176680.5654
2025-11-13 14:00:00,0.417,0.4273,0.4114,0.4244,4292739.0,1801670.6428
2025-11-13 15:00:00,0.4244,0.4296,0.4148,0.4202,2266152.0,955494.0986
2025-11-13 16:00:00,0.4202,0.4206,0.404,0.4045,1721835.0,710069.4778
2025-11-13 17:00:00,0.4045,0.4068,0.39,0.3911,2333834.0,927519.4798
2025-11-13 18:00:00,0.3911,0.3925,0.3833,0.3874,2594653.0,1003995.2957
2025-11-13 19:00:00,0.3874,0.3898,0.3768,0.379,4698560.0,1796800.4932
2025-11-13 20:00:00,0.379,0.3818,0.3748,0.3784,1981539.0,748631.798
2025-11-13 21:00:00,0.3784,0.3809,0.3739,0.3773,854453.0,321773.5636
2025-11-13 22:00:00,0.3773,0.3889,0.3764,0.3881,1173778.0,451264.5899
2025-11-13 23:00:00,0.3881,0.3947,0.3854,0.3902,2698922.0,1055910.7646
2025-11-14 00:00:00,0.3902,0.394,0.3861,0.3889,2160328.0,840247.9155
2025-11-14 01:00:00,0.3889,0.3906,0.3857,0.3864,790051.0,306393.9341
2025-11-14 02:00:00,0.3864,0.3928,0.3863,0.3877,675575.0,263136.7484
2025-11-14 03:00:00,0.3877,0.3883,0.382,0.384,1291353.0,496465.3952
2025-11-14 04:00:00,0.384,0.384,0.3662,0.3741,2231484.0,836441.7172
2025-11-14 05:00:00,0.3741,0.3846,0.3738,0.3831,1007655.0,381680.7722
2025-11-14 06:00:00,0.3831,0.3913,0.3776,0.3908,1747843.0,667696.3758
2025-11-14 07:00:00,0.3908,0.3926,0.3865,0.3876,1986564.0,773724.5828
2025-11-14 08:00:00,0.3876,0.3886,0.3822,0.3839,1273206.0,490711.2131
2025-11-14 09:00:00,0.3839,0.3849,0.3772,0.3776,1748090.0,665064.8277
2025-11-14 10:00:00,0.3776,0.383,0.3776,0.381,1262592.0,480844.3856
2025-11-14 11:00:00,0.381,0.3813,0.3758,0.3793,1486252.0,562832.4657
2025-11-14 12:00:00,0.3793,0.3817,0.3703,0.3808,2663233.0,999503.8904
2025-11-14 13:00:00,0.3808,0.3838,0.3742,0.3796,1633514.0,618384.209
2025-11-14 14:00:00,0.3796,0.3914,0.3765,0.3888,2300812.0,884535.9513
2025-11-14 15:00:00,0.3888,0.395,0.3832,0.3901,1784164.0,692860.833
2025-11-14 16:00:00,0.3901,0.3944,0.3869,0.3928,851825.0,332838.9656
2025-11-14 17:00:00,0.3928,0.3937,0.3839,0.3853,4050022.0,1582837.7711
2025-11-14 18:00:00,0.3853,0.3907,0.3836,0.3855,1180938.0,456466.9808
2025-11-14 19:00:00,0.3855,0.3931,0.3844,0.3923,948863.0,370272.2242
2025-11-14 20:00:00,0.3923,0.3935,0.3803,0.3829,884392.0,340473.3536
2025-11-14 21:00:00,0.3829,0.3883,0.3814,0.3855,682756.0,263682.6885
2025-11-14 22:00:00,0.3855,0.3885,0.3814,0.3827,435670.0,167808.7359
2025-11-14 23:00:00,0.3827,0.3829,0.37,0.3788,2088319.0,785793.9295
2025-11-15 00:00:00,0.3788,0.3843,0.3781,0.3843,888611.0,339016.9766
2025-11-15 01:00:00,0.3843,0.3893,0.3814,0.3885,942142.0,364659.0259
2025-11-15 02:00:00,0.3885,0.3919,0.3872,0.3919,340281.0,132513.8037
2025-11-15 03:00:00,0.3919,0.3954,0.3907,0.3935,556401.0,218735.6368
2025-11-15 04:00:00,0.3935,0.3972,0.3928,0.3941,431853.0,170538.2014
2025-11-15 05:00:00,0.3941,0.3972,0.3918,0.3967,492972.0,194570.4039
2025-11-15 06:00:00,0.3967,0.4025,0.3957,0.3988,1006695.0,401981.0422
2025-11-15 07:00:00,0.3988,0.3988,0.3927,0.3931,728486.0,288244.1571
2025-11-15 08:00:00,0.3931,0.3933,0.3846,0.3862,1165930.0,454189.5685
2025-11-15 09:00:00,0.3862,0.3905,0.3852,0.3861,1054447.0,408613.6108
2025-11-15 10:00:00,0.3861,0.3901,0.3846,0.3899,1285853.0,497843.8541
2025-11-15 11:00:00,0.3899,0.3908,0.3863,0.3892,1328199.0,516395.7676
2025-11-15 12:00:00,0.3892,0.3941,0.3882,0.3935,1488586.0,583235.1506
2025-11-15 13:00:00,0.3935,0.3978,0.3925,0.3942,937725.0,370581.9761
2025-11-15 14:00:00,0.3942,0.3942,0.3907,0.3925,508881.0,199789.0317
2025-11-15 15:00:00,0.3925,0.3942,0.3901,0.3906,708271.0,277743.6247
2025-11-15 16:00:00,0.3906,0.3914,0.3872,0.3912,658221.0,256251.382
2025-11-15 17:00:00,0.3912,0.396,0.3904,0.396,1164595.0,457655.0349
2025-11-15 18:00:00,0.396,0.3978,0.3937,0.3945,585287.0,231697.1767
2025-11-15 19:00:00,0.3945,0.3957,0.3928,0.3937,405847.0,159860.8765
2025-11-15 20:00:00,0.3937,0.395,0.3907,0.3913,495749.0,194739.8321
2025-11-15 21:00:00,0.3913,0.3949,0.388,0.3888,668087.0,261842.7315
2025-11-15 22:00:00,0.3888,0.3922,0.388,0.3919,485431.0,189452.0959
2025-11-15 23:00:00,0.3919,0.3921,0.3893,0.3894,283059.0,110714.81
2025-11-16 00:00:00,0.3894,0.3901,0.3843,0.3876,275229.0,106509.836
2025-11-16 01:00:00,0.3876,0.3893,0.3821,0.3878,838731.0,323890.4678
2025-11-16 02:00:00,0.3878,0.3956,0.386,0.3955,350578.0,137097.6323
2025-11-16 03:00:00,0.3955,0.3983,0.3944,0.3963,836471.0,331985.4873
2025-11-16 04:00:00,0.3963,0.397,0.3916,0.3942,263604.0,103965.9969
2025-11-16 05:00:00,0.3942,0.3984,0.3938,0.3958,367707.0,145610.0963
2025-11-16 06:00:00,0.3958,0.3975,0.3946,0.3948,203497.0,80648.9335
2025-11-16 07:00:00,0.3948,0.3989,0.3942,0.3987,435020.0,172511.7163
2025-11-16 08:00:00,0.3987,0.3991,0.3944,0.3954,585511.0,231833.6948
2025-11-16 09:00:00,0.3954,0.4,0.3937,0.3998,532146.0,211422.8159
2025-11-16 10:00:00,0.3998,0.3998,0.3963,0.3965,462734.0,183949.396
2025-11-16 11:00:00,0.3965,0.3968,0.3866,0.3879,1648342.0,643159.5057
2025-11-16 12:00:00,0.3879,0.3904,0.3856,0.3884,1958992.0,759175.0357
2025-11-16 13:00:00,0.3884,0.3896,0.3825,0.3842,928017.0,358091.3165
2025-11-16 14:00:00,0.3842,0.3885,0.3827,0.3874,1189837.0,458183.3286
2025-11-16 15:00:00,0.3874,0.3875,0.3773,0.3777,1566169.0,600074.5462
2025-11-16 16:00:00,0.3777,0.3822,0.3703,0.3718,3029721.0,1139408.4035
2025-11-16 17:00:00,0.3718,0.3737,0.3657,0.3719,2009392.0,741187.0097
2025-11-16 18:00:00,0.3719,0.3803,0.3698,0.3722,1748172.0,655289.8089
2025-11-16 19:00:00,0.3722,0.3802,0.3721,0.3745,642590.0,241185.8531
2025-11-16 20:00:00,0.3745,0.3784,0.3735,0.3735,629378.0,236468.4504
2025-11-16 21:00:00,0.3735,0.3739,0.369,0.3729,744527.0,276180.3944
2025-11-16 22:00:00,0.3729,0.3805,0.3698,0.3792,502064.0,188412.2184
2025-11-16 23:00:00,0.3792,0.3856,0.3707,0.3828,1009822.0,384026.1524
2025-11-17 00:00:00,0.3828,0.3898,0.3785,0.3884,1022142.0,393596.1112
2025-11-17 01:00:00,0.3884,0.3889,0.3841,0.3843,546081.0,210928.6639
2025-11-17 02:00:00,0.3843,0.3881,0.3839,0.3867,624717.0,241152.8163
2025-11-17 03:00:00,0.3867,0.3905,0.3866,0.3884,826637.0,321027.4063
2025-11-17 04:00:00,0.3884,0.3919,0.3872,0.3897,504616.0,196337.5964
2025-11-17 05:00:00,0.3897,0.3904,0.386,0.387,775471.0,300820.7657
2025-11-17 06:00:00,0.387,0.3899,0.3852,0.3895,573897.0,222514.2454
2025-11-17 07:00:00,0.3895,0.3928,0.3889,0.3917,644982.0,252199.5555
2025-11-17 08:00:00,0.3917,0.3924,0.3894,0.3895,485145.0,189702.3583
2025-11-17 09:00:00,0.3895,0.3921,0.3873,0.3885,9036843.0,3523672.6158
2025-11-17 10:00:00,0.3885,0.3909,0.388,0.3894,1121604.0,436744.5905
2025-11-17 11:00:00,0.3894,0.3938,0.3893,0.3909,743891.0,290847.7324
2025-11-17 12:00:00,0.3909,0.391,0.3868,0.3874,1319423.0,512707.9636
2025-11-17 13:00:00,0.3874,0.3881,0.3745,0.3786,3283014.0,1247435.1301
2025-11-17 14:00:00,0.3786,0.3941,0.3762,0.385,3638992.0,1401474.5014
2025-11-17 15:00:00,0.385,0.3873,0.3778,0.3793,1722184.0,657708.3353
2025-11-17 16:00:00,0.3793,0.3832,0.3712,0.3828,2877861.0,1084888.4611
2025-11-17 17:00:00,0.3828,0.3832,0.3695,0.3698,2673093.0,1002736.7204
2025-11-17 18:00:00,0.3698,0.3736,0.3622,0.3647,4325292.0,1586426.6889
2025-11-17 19:00:00,0.3647,0.3668,0.3575,0.3595,3452347.0,1247651.4509
2025-11-17 20:00:00,0.3595,0.3621,0.3558,0.36,3438260.0,1234182.6299
2025-11-17 21:00:00,0.36,0.3634,0.3562,0.3592,2160138.0,775020.9542
2025-11-17 22:00:00,0.3592,0.3644,0.3576,0.3623,1638451.0,592040.4584
2025-11-17 23:00:00,0.3623,0.3656,0.3607,0.3651,1629905.0,591045.2459
2025-11-18 00:00:00,0.3651,0.3701,0.3594,0.3695,812091.0,295757.8818
2025-11-18 01:00:00,0.3695,0.3721,0.3676,0.37,6105240.0,2258495.4759
2025-11-18 02:00:00,0.37,0.3762,0.3643,0.3706,2824496.0,1041559.1424
2025-11-18 03:00:00,0.3706,0.3794,0.3658,0.3792,1988375.0,740942.8214
2025-11-18 04:00:00,0.3792,0.3808,0.3722,0.3801,751287.0,282543.3071
2025-11-18 05:00:00,0.3801,0.3856,0.3761,0.3777,856387.0,326499.3965
2025-11-18 06:00:00,0.3777,0.3785,0.3706,0.3708,918310.0,343128.4402
2025-11-18 07:00:00,0.3708,0.3741,0.3689,0.3724,1145578.0,426362.2785
2025-11-18 08:00:00,0.3724,0.3759,0.3698,0.374,1277584.0,476514.6147
2025-11-18 09:00:00,0.374,0.3759,0.3707,0.3758,1313729.0,489626.5225
2025-11-18 10:00:00,0.3758,0.378,0.3747,0.3779,1133846.0,426593.3462
2025-11-18 11:00:00,0.3779,0.3783,0.3735,0.3748,991160.0,372500.6912
2025-11-18 12:00:00,0.3748,0.3776,0.3716,0.3768,994839.0,373213.8565
2025-11-18 13:00:00,0.3768,0.3774,0.3727,0.3763,1072880.0,402568.196
2025-11-18 14:00:00,0.3763,0.3811,0.3727,0.3731,1667649.0,628387.163
2025-11-18 15:00:00,0.3731,0.3843,0.3709,0.3806,2097301.0,795918.0204
2025-11-18 16:00:00,0.3806,0.3891,0.3795,0.3853,1219355.0,470330.1508
2025-11-18 17:00:00,0.3853,0.3859,0.3808,0.3823,751330.0,288132.3397
2025-11-18 18:00:00,0.3823,0.3858,0.3823,0.3835,598424.0,229783.3221
2025-11-18 19:00:00,0.3835,0.3851,0.3813,0.3825,1150449.0,441250.5484
2025-11-18 20:00:00,0.3825,0.3838,0.3813,0.3816,1050556.0,401662.5409
2025-11-18 21:00:00,0.3816,0.3821,0.377,0.3773,560870.0,213129.111
2025-11-18 22:00:00,0.3773,0.3842,0.3771,0.3821,457121.0,174551.5725
2025-11-18 23:00:00,0.3821,0.3822,0.379,0.3805,382206.0,145392.2028
2025-11-19 00:00:00,0.3805,0.3808,0.3761,0.3797,686325.0,259409.4816
2025-11-19 01:00:00,0.3797,0.3828,0.3779,0.3817,473153.0,179969.5947
2025-11-19 02:00:00,0.3817,0.3851,0.3811,0.3816,202080.0,77273.5503
2025-11-19 03:00:00,0.3816,0.3825,0.3764,0.3771,789225.0,298727.0415
2025-11-19 04:00:00,0.3771,0.3783,0.3748,0.3751,468798.0,176449.1153
2025-11-19 05:00:00,0.3751,0.3757,0.3669,0.3701,915548.0,339194.4977
2025-11-19 06:00:00,0.3701,0.3737,0.3688,0.3732,641226.0,237848.9785
2025-11-19 07:00:00,0.3732,0.3785,0.3728,0.3782,739412.0,277603.7612
2025-11-19 08:00:00,0.3782,0.3803,0.3764,0.3786,754402.0,285412.9838
2025-11-19 09:00:00,0.3786,0.3824,0.3763,0.382,569242.0,215710.4084
2025-11-19 10:00:00,0.382,0.3849,0.3798,0.3803,1378339.0,526314.019
2025-11-19 11:00:00,0.3803,0.3821,0.3792,0.3809,977798.0,372339.1186
2025-11-19 12:00:00,0.3809,0.3829,0.3806,0.3824,1035617.0,395596.4246
2025-11-19 13:00:00,0.3824,0.3828,0.3769,0.377,1753809.0,666514.968
2025-11-19 14:00:00,0.377,0.3778,0.3719,0.377,3692864.0,1385790.642
2025-11-19 15:00:00,0.377,0.3826,0.3684,0.3692,2180242.0,818351.5492
2025-11-19 16:00:00,0.3692,0.3726,0.3626,0.3639,2615301.0,956690.1833
2025-11-19 17:00:00,0.3639,0.3656,0.3568,0.3626,3080368.0,1111987.3776
2025-11-19 18:00:00,0.3626,0.3642,0.3551,0.3587,1905358.0,682606.2495
2025-11-19 19:00:00,0.3587,0.3598,0.3553,0.358,1301665.0,464479.2259
2025-11-19 20:00:00,0.358,0.3673,0.3573,0.3671,1442405.0,521908.3421
2025-11-19 21:00:00,0.3671,0.3765,0.3658,0.3748,1503951.0,560255.2349
2025-11-19 22:00:00,0.3748,0.3748,0.3706,0.3724,481948.0,179511.5562
2025-11-19 23:00:00,0.3724,0.377,0.372,0.3751,536096.0,201298.8741
2025-11-20 00:00:00,0.3751,0.3763,0.3732,0.3735,362364.0,135961.6373
2025-11-20 01:00:00,0.3735,0.376,0.3729,0.3751,271313.0,101685.8004
2025-11-20 02:00:00,0.3751,0.3774,0.3747,0.3764,590732.0,222088.5469
2025-11-20 03:00:00,0.3764,0.3774,0.3756,0.3759,379356.0,142813.0599
2025-11-20 04:00:00,0.3759,0.3822,0.3758,0.3822,696367.0,263396.7712
2025-11-20 05:00:00,0.3822,0.3835,0.3804,0.381,475962.0,181504.5778
2025-11-20 06:00:00,0.381,0.3841,0.3803,0.3836,363789.0,139028.5249
2025-11-20 07:00:00,0.3836,0.3872,0.3828,0.3871,571018.0,220270.8756
2025-11-20 08:00:00,0.3871,0.3878,0.3843,0.3853,727194.0,280436.7322
2025-11-20 09:00:00,0.3853,0.3876,0.3839,0.3853,2655173.0,1025229.938
2025-11-20 10:00:00,0.3853,0.3853,0.3821,0.3838,1309366.0,502200.1358
2025-11-20 11:00:00,0.3838,0.3864,0.382,0.3859,894345.0,343456.1115
2025-11-20 12:00:00,0.3859,0.3953,0.3854,0.3946,2042712.0,797397.527
2025-11-20 13:00:00,0.3946,0.3973,0.3895,0.3901,2645502.0,1040174.5639
2025-11-20 14:00:00,0.3901,0.3972,0.3864,0.3946,2054203.0,806133.8629
2025-11-20 15:00:00,0.3946,0.3947,0.388,0.3887,1200676.0,469575.1104
2025-11-20 16:00:00,0.3887,0.3894,0.3654,0.3676,5455807.0,2042590.6999
2025-11-20 17:00:00,0.3676,0.3697,0.3571,0.359,4043050.0,1463315.0147
2025-11-20 18:00:00,0.359,0.363,0.3546,0.3555,2704215.0,968682.6861
2025-11-20 19:00:00,0.3555,0.3645,0.352,0.3636,2500579.0,892985.2085
2025-11-20 20:00:00,0.3636,0.3641,0.3586,0.3596,1655226.0,597465.4799
2025-11-20 21:00:00,0.3596,0.3697,0.3593,0.3667,2173703.0,796477.0662
2025-11-20 22:00:00,0.3667,0.3758,0.3667,0.3712,3976260.0,1480563.2643
2025-11-20 23:00:00,0.3712,0.3715,0.3597,0.3607,3656438.0,1340352.2376
2025-11-21 00:00:00,0.3607,0.3658,0.3597,0.3654,7597879.0,2751029.9565
2025-11-21 01:00:00,0.3654,0.3683,0.363,0.3657,1228433.0,448210.5989
2025-11-21 02:00:00,0.3657,0.366,0.353,0.3543,1147403.0,412690.3871
2025-11-21 03:00:00,0.3543,0.363,0.354,0.361,1516725.0,546022.191
2025-11-21 04:00:00,0.361,0.3611,0.3523,0.3585,1340039.0,476944.0059
2025-11-21 05:00:00,0.3585,0.3595,0.3516,0.3524,966969.0,343938.6259
2025-11-21 06:00:00,0.3524,0.3548,0.3509,0.3522,749381.0,264106.8845
2025-11-21 07:00:00,0.3522,0.3531,0.3158,0.3334,5555040.0,1865709.9344
2025-11-21 08:00:00,0.3334,0.3384,0.3315,0.3337,3115602.0,1043621.5967
2025-11-21 09:00:00,0.3337,0.3355,0.3266,0.3277,3194061.0,1051547.3777
2025-11-21 10:00:00,0.3277,0.3328,0.3251,0.327,3161676.0,1041464.9403
2025-11-21 11:00:00,0.327,0.3294,0.3197,0.3211,3726254.0,1207926.2898
2025-11-21 12:00:00,0.3211,0.328,0.3114,0.3233,6736733.0,2151456.828
2025-11-21 13:00:00,0.3233,0.3264,0.3201,0.3219,4328542.0,1396990.3878
2025-11-21 14:00:00,0.3219,0.3283,0.3184,0.3241,3787510.0,1223102.3668
2025-11-21 15:00:00,0.3241,0.3245,0.3116,0.3127,3076319.0,973654.7728
2025-11-21 16:00:00,0.3127,0.3185,0.3064,0.3183,3832547.0,1190581.2843
2025-11-21 17:00:00,0.3183,0.3243,0.3173,0.3191,2032231.0,653241.9715
2025-11-21 18:00:00,0.3191,0.3202,0.3102,0.3181,3361970.0,1061350.8909
2025-11-21 19:00:00,0.3181,0.3189,0.311,0.3119,2325591.0,733162.9139
2025-11-21 20:00:00,0.3119,0.3121,0.3034,0.305,5195351.0,1596207.6291
2025-11-21 21:00:00,0.305,0.3105,0.302,0.3082,2467444.0,755070.6249
2025-11-21 22:00:00,0.3082,0.3093,0.2959,0.2973,3401847.0,1030051.7969
2025-11-21 23:00:00,0.2973,0.3082,0.2924,0.3078,2725079.0,816657.0668
2025-11-22 00:00:00,0.3078,0.3089,0.3017,0.3044,884563.0,269810.3168
2025-11-22 01:00:00,0.3044,0.3089,0.3043,0.3083,2193887.0,672591.1202
2025-11-22 02:00:00,0.3083,0.3088,0.3036,0.3061,831981.0,254478.7489
2025-11-22 03:00:00,0.3061,0.3067,0.302,0.3027,807602.0,245793.517
2025-11-22 04:00:00,0.3027,0.303,0.2912,0.2958,4429145.0,1317989.9884
2025-11-22 05:00:00,0.2958,0.2959,0.2873,0.2914,1603601.0,466327.4495
2025-11-22 06:00:00,0.2914,0.3011,0.2889,0.3003,1517144.0,451016.2817
2025-11-22 07:00:00,0.3003,0.3033,0.2986,0.3027,720034.0,216837.7855
2025-11-22 08:00:00,0.3027,0.3031,0.2962,0.2967,1134604.0,339909.5045
2025-11-22 09:00:00,0.2967,0.3034,0.2967,0.3013,1680472.0,504728.9116
2025-11-22 10:00:00,0.3013,0.3034,0.2975,0.2994,1088367.0,326318.5996
2025-11-22 11:00:00,0.2994,0.3023,0.2984,0.2995,1303297.0,391501.2068
2025-11-22 12:00:00,0.2995,0.2995,0.2959,0.2974,1154322.0,343284.724
2025-11-22 13:00:00,0.2974,0.2986,0.2944,0.2981,11451479.0,3403620.0179
2025-11-22 14:00:00,0.2981,0.3037,0.2978,0.3026,1384220.0,417382.8412
2025-11-22 15:00:00,0.3026,0.304,0.2959,0.2972,2095667.0,627252.8706
2025-11-22 16:00:00,0.2972,0.3016,0.2967,0.2997,6708778.0,2014780.9167
2025-11-22 17:00:00,0.2997,0.3005,0.2979,0.2997,11612313.0,3476977.3906
2025-11-22 18:00:00,0.2997,0.301,0.2975,0.2996,740199.0,221482.6777
2025-11-22 19:00:00,0.2996,0.301,0.2977,0.2989,701798.0,209794.9261
2025-11-22 20:00:00,0.2989,0.3022,0.2969,0.2982,759504.0,227013.6427
2025-11-22 21:00:00,0.2982,0.3012,0.2979,0.3005,274035.0,82140.3081
2025-11-22 22:00:00,0.3005,0.3069,0.2986,0.3052,360543.0,109093.0974
2025-11-22 23:00:00,0.3052,0.3055,0.3012,0.3025,1226021.0,371059.6746
2025-11-23 00:00:00,0.3025,0.3045,0.3007,0.3024,1442933.0,435626.1804
2025-11-23 01:00:00,0.3024,0.3083,0.3024,0.3063,601375.0,183938.0452
2025-11-23 02:00:00,0.3063,0.308,0.305,0.3063,617986.0,189428.4876
2025-11-23 03:00:00,0.3063,0.3064,0.303,0.3042,546700.0,166411.7339
2025-11-23 04:00:00,0.3042,0.3082,0.3039,0.3068,1205558.0,368912.562
2025-11-23 05:00:00,0.3068,0.3078,0.3057,0.307,533663.0,163742.9211
2025-11-23 06:00:00,0.307,0.3075,0.3029,0.3035,1027274.0,313392.7829
2025-11-23 07:00:00,0.3035,0.3039,0.3002,0.3033,1250423.0,376967.6198
2025-11-23 08:00:00,0.3033,0.3039,0.3021,0.3035,758473.0,229826.8163
2025-11-23 09:00:00,0.3035,0.305,0.3024,0.304,681177.0,206724.4756
2025-11-23 10:00:00,0.304,0.3057,0.3027,0.3052,1207739.0,367058.2535
2025-11-23 11:00:00,0.3052,0.3073,0.303,0.3067,7035985.0,2150170.4182
2025-11-23 12:00:00,0.3067,0.3087,0.3054,0.306,1329631.0,408280.5397
2025-11-23 13:00:00,0.306,0.3076,0.3052,0.3074,5669370.0,1737906.0665
2025-11-23 14:00:00,0.3074,0.3091,0.303,0.3035,1489454.0,455393.5375
2025-11-23 15:00:00,0.3035,0.3083,0.3028,0.3071,1015410.0,310051.2674
2025-11-23 16:00:00,0.3071,0.3085,0.3041,0.3041,974065.0,298806.0802
2025-11-23 17:00:00,0.3041,0.3046,0.3016,0.3023,647429.0,196192.1577
2025-11-23 18:00:00,0.3023,0.3058,0.302,0.3044,586566.0,177853.3963
2025-11-23 19:00:00,0.3044,0.308,0.304,0.306,1183709.0,362964.8397
2025-11-23 20:00:00,0.306,0.3073,0.3055,0.306,309374.0,94814.406
2025-11-23 21:00:00,0.306,0.3078,0.3046,0.3071,361404.0,110594.018
2025-11-23 22:00:00,0.3071,0.3074,0.3044,0.3062,301910.0,92271.9876
2025-11-23 23:00:00,0.3062,0.307,0.3008,0.3013,646311.0,195194.8691
2025-11-24 00:00:00,0.3013,0.3038,0.2982,0.3012,683258.0,205319.0326
2025-11-24 01:00:00,0.3012,0.303,0.2994,0.3026,605343.0,182154.1786
2025-11-24 02:00:00,0.3026,0.3106,0.302,0.308,936683.0,288830.2701
2025-11-24 03:00:00,0.308,0.3122,0.3071,0.3095,649107.0,201328.0741
2025-11-24 04:00:00,0.3095,0.3112,0.3036,0.3056,1049021.0,321211.0041
2025-11-24 05:00:00,0.3056,0.314,0.3052,0.3107,1769456.0,551973.1699
2025-11-24 06:00:00,0.3107,0.3112,0.3064,0.3085,2062595.0,635382.1281
2025-11-24 07:00:00,0.3085,0.3091,0.3063,0.3067,1023053.0,314447.1649
2025-11-24 08:00:00,0.3067,0.3093,0.306,0.3085,717360.0,220530.4734
2025-11-24 09:00:00,0.3085,0.3085,0.3015,0.3025,1196133.0,362410.5647
2025-11-24 10:00:00,0.3025,0.3047,0.3021,0.3041,944780.0,286926.1597
2025-11-24 11:00:00,0.3041,0.3062,0.3029,0.3061,1416500.0,431953.3344
2025-11-24 12:00:00,0.3061,0.3064,0.3027,0.3039,1841422.0,560815.6926
2025-11-24 13:00:00,0.3039,0.3081,0.3033,0.3057,2275950.0,696566.0729
2025-11-24 14:00:00,0.3057,0.3102,0.3019,0.3082,5044716.0,1542000.1017
2025-11-24 15:00:00,0.3082,0.3132,0.3063,0.3113,2836243.0,879113.2295
2025-11-24 16:00:00,0.3113,0.316,0.3113,0.3144,2315082.0,727229.4788
2025-11-24 17:00:00,0.3144,0.3239,0.314,0.3235,4978143.0,1587749.9511
2025-11-24 18:00:00,0.3235,0.3247,0.3214,0.3223,1174588.0,379063.2655
2025-11-24 19:00:00,0.3223,0.3242,0.3205,0.3207,1397029.0,450350.1942
2025-11-24 20:00:00,0.3207,0.3246,0.3204,0.3236,1471261.0,475989.277
2025-11-24 21:00:00,0.3236,0.3244,0.3206,0.3216,489382.0,158035.3319
2025-11-24 22:00:00,0.3216,0.3236,0.3196,0.3209,344838.0,110825.1276
2025-11-24 23:00:00,0.3209,0.3213,0.3181,0.3184,216577.0,69237.4133
2025-11-25 00:00:00,0.3184,0.3193,0.3172,0.3188,613965.0,195461.7557
2025-11-25 01:00:00,0.3188,0.3207,0.3174,0.3174,571396.0,182437.1893
2025-11-25 02:00:00,0.3174,0.3188,0.3153,0.3186,749512.0,237393.196
2025-11-25 03:00:00,0.3186,0.3194,0.3162,0.3172,450539.0,143186.3881
2025-11-25 04:00:00,0.3172,0.319,0.3156,0.3167,215071.0,68182.7924
2025-11-25 05:00:00,0.3167,0.317,0.315,0.3159,208118.0,65802.4913
2025-11-25 06:00:00,0.3159,0.3159,0.3129,0.3143,1611923.0,506127.1297
2025-11-25 07:00:00,0.3143,0.3157,0.313,0.3135,873523.0,274964.1038
2025-11-25 08:00:00,0.3135,0.3169,0.3134,0.3146,412537.0,130042.5688
2025-11-25 09:00:00,0.3146,0.3169,0.3131,0.3166,929660.0,292825.6529
2025-11-25 10:00:00,0.3166,0.3175,0.3149,0.3173,741132.0,234494.0364
2025-11-25 11:00:00,0.3173,0.3175,0.3152,0.3158,451249.0,142704.3456
2025-11-25 12:00:00,0.3158,0.3204,0.3157,0.3198,1060695.0,338012.5171
2025-11-25 13:00:00,0.3198,0.3203,0.3148,0.3156,2175432.0,689196.179
2025-11-25 14:00:00,0.3156,0.318,0.3097,0.3137,1911720.0,600431.5764
2025-11-25 15:00:00,0.3137,0.3166,0.3098,0.3153,1500475.0,470654.4865
2025-11-25 16:00:00,0.3153,0.3195,0.3146,0.318,819935.0,260036.7483
2025-11-25 17:00:00,0.318,0.3217,0.3159,0.3198,614097.0,196354.8741
2025-11-25 18:00:00,0.3198,0.3225,0.3194,0.3196,568922.0,182555.2302
2025-11-25 19:00:00,0.3196,0.3203,0.3133,0.3189,1032382.0,326463.049
2025-11-25 20:00:00,0.3189,0.3221,0.3185,0.3207,590032.0,188925.5194
2025-11-25 21:00:00,0.3207,0.3219,0.3198,0.3201,1368788.0,439428.6848
2025-11-25 22:00:00,0.3201,0.3252,0.3162,0.3243,9524253.0,3019584.7493
2025-11-25 23:00:00,0.3243,0.3274,0.323,0.3247,439747.0,143182.1824
2025-11-26 00:00:00,0.3247,0.3258,0.3237,0.3242,611171.0,198378.3561
2025-11-26 01:00:00,0.3242,0.3264,0.3224,0.3236,233675.0,75746.227
2025-11-26 02:00:00,0.3236,0.3236,0.3205,0.3208,542548.0,174696.337
2025-11-26 03:00:00,0.3208,0.3219,0.3176,0.318,840815.0,268543.6338
2025-11-26 04:00:00,0.318,0.3187,0.317,0.3175,822145.0,261352.5293
2025-11-26 05:00:00,0.3175,0.3217,0.3173,0.3211,634967.0,202930.4798
2025-11-26 06:00:00,0.3211,0.3227,0.3195,0.3222,438324.0,140577.1009
2025-11-26 07:00:00,0.3222,0.3224,0.3208,0.3217,402165.0,129312.5013
2025-11-26 08:00:00,0.3217,0.3217,0.3163,0.3174,900301.0,286335.2639
2025-11-26 09:00:00,0.3174,0.3183,0.3153,0.3161,593729.0,187818.8563
2025-11-26 10:00:00,0.3161,0.3176,0.3146,0.316,693692.0,219312.8205
2025-11-26 11:00:00,0.316,0.317,0.315,0.3159,896318.0,283184.1907
2025-11-26 12:00:00,0.3159,0.3163,0.3128,0.3145,995191.0,312576.2286
2025-11-26 13:00:00,0.3145,0.3164,0.3138,0.3163,801956.0,252830.7836
2025-11-26 14:00:00,0.3163,0.3167,0.311,0.3111,1439021.0,452556.7373
2025-11-26 15:00:00,0.3111,0.3141,0.3102,0.312,1228029.0,383440.7761
2025-11-26 16:00:00,0.312,0.3158,0.3107,0.3137,1295512.0,406524.8345
2025-11-26 17:00:00,0.3137,0.3251,0.3134,0.3244,1509316.0,483074.2363
2025-11-26 18:00:00,0.3244,0.3284,0.3233,0.3264,1279042.0,416852.7471
2025-11-26 19:00:00,0.3264,0.3267,0.3227,0.3236,666166.0,215498.7331
2025-11-26 20:00:00,0.3236,0.3241,0.3216,0.323,924274.0,298077.5534
2025-11-26 21:00:00,0.323,0.3278,0.3222,0.3254,865151.0,280855.943
2025-11-26 22:00:00,0.3254,0.3266,0.3245,0.3257,295814.0,96231.4825
2025-11-26 23:00:00,0.3257,0.3268,0.3241,0.3252,253507.0,82471.4234
2025-11-27 00:00:00,0.3252,0.3258,0.3229,0.3245,678422.0,219819.0335
2025-11-27 01:00:00,0.3245,0.3284,0.3237,0.3276,882054.0,287576.002
2025-11-27 02:00:00,0.3276,0.3298,0.3256,0.326,1365877.0,447937.8627
2025-11-27 03:00:00,0.326,0.3273,0.3241,0.3246,1016955.0,331091.5574
2025-11-27 04:00:00,0.3246,0.3276,0.3246,0.3273,481996.0,157687.1625
2025-11-27 05:00:00,0.3273,0.3284,0.3247,0.3253,339528.0,110820.9333
2025-11-27 06:00:00,0.3253,0.3282,0.3252,0.3275,429822.0,140494.5972
2025-11-27 07:00:00,0.3275,0.3296,0.3268,0.3291,877072.0,287882.1153
2025-11-27 08:00:00,0.3291,0.3303,0.3274,0.3301,879760.0,289041.3538
2025-11-27 09:00:00,0.3301,0.3337,0.3287,0.3314,1037673.0,343716.9609
2025-11-27 10:00:00,0.3314,0.3334,0.3301,0.3324,891655.0,295731.3502
2025-11-27 11:00:00,0.3324,0.3333,0.3314,0.3332,1634821.0,543305.3323
2025-11-27 12:00:00,0.3332,0.3341,0.3295,0.3304,1823781.0,605534.0725
2025-11-27 13:00:00,0.3304,0.3356,0.3303,0.3344,2053855.0,685025.9219
2025-11-27 14:00:00,0.3344,0.3372,0.3329,0.3366,1823905.0,610626.5372
2025-11-27 15:00:00,0.3366,0.3421,0.3347,0.3419,2318430.0,785375.1852
2025-11-27 16:00:00,0.3419,0.3431,0.3402,0.3422,2396292.0,818705.151
2025-11-27 17:00:00,0.3422,0.3425,0.3387,0.3394,1124757.0,382167.6739
2025-11-27 18:00:00,0.3394,0.3396,0.3374,0.3383,1002644.0,339181.4573
2025-11-27 19:00:00,0.3383,0.3392,0.3366,0.3369,849386.0,286543.436
2025-11-27 20:00:00,0.3369,0.3396,0.3369,0.3391,2170605.0,734773.9587
2025-11-27 21:00:00,0.3391,0.3406,0.3382,0.3384,1610916.0,546394.0148
2025-11-27 22:00:00,0.3384,0.3393,0.3338,0.3346,938664.0,315590.9728
2025-11-27 23:00:00,0.3346,0.3352,0.3324,0.3337,1890860.0,630169.8699
2025-11-28 00:00:00,0.3337,0.335,0.333,0.3336,529702.0,176749.9059
2025-11-28 01:00:00,0.3336,0.3347,0.3315,0.3316,1139511.0,379535.1187
2025-11-28 02:00:00,0.3316,0.3322,0.3286,0.3302,603100.0,199104.9791
2025-11-28 03:00:00,0.3302,0.3308,0.3289,0.33,311352.0,102740.8114
2025-11-28 04:00:00,0.33,0.3326,0.3294,0.33,465178.0,154142.142
2025-11-28 05:00:00,0.33,0.3307,0.3281,0.3292,687927.0,226464.6528
2025-11-28 06:00:00,0.3292,0.3292,0.3269,0.3281,1237644.0,405559.1025
2025-11-28 07:00:00,0.3281,0.3302,0.3278,0.3294,863866.0,284353.136
2025-11-28 08:00:00,0.3294,0.3404,0.3294,0.3396,2044139.0,685530.2828
2025-11-28 09:00:00,0.3396,0.3402,0.3359,0.3363,1333565.0,450811.0083
2025-11-28 10:00:00,0.3363,0.3364,0.3342,0.3347,1323115.0,443686.7157
2025-11-28 11:00:00,0.3347,0.3347,0.3292,0.331,2349653.0,778212.0217
2025-11-28 12:00:00,0.331,0.3326,0.3306,0.3308,711678.0,236276.7976
2025-11-28 13:00:00,0.3308,0.3356,0.3296,0.334,1164828.0,387616.0508
2025-11-28 14:00:00,0.334,0.3363,0.3312,0.3343,2293266.0,765765.7048
2025-11-28 15:00:00,0.3343,0.3386,0.3334,0.3368,2494104.0,838341.7702
2025-11-28 16:00:00,0.3368,0.3368,0.3295,0.3301,1526666.0,508850.8846
2025-11-28 17:00:00,0.3301,0.3312,0.3266,0.3271,2029418.0,667529.6044
2025-11-28 18:00:00,0.3271,0.3293,0.3256,0.3284,1228896.0,403451.3607
2025-11-28 19:00:00,0.3284,0.3326,0.3284,0.3323,825775.0,273480.1047
2025-11-28 20:00:00,0.3323,0.3335,0.3301,0.3334,1193596.0,395392.8238
2025-11-28 21:00:00,0.3334,0.3338,0.3306,0.3306,182905.0,60687.5305
2025-11-28 22:00:00,0.3306,0.3339,0.3296,0.3338,895725.0,295977.6627
2025-11-28 23:00:00,0.3338,0.3345,0.3306,0.331,965764.0,321337.7003
2025-11-29 00:00:00,0.331,0.3323,0.33,0.3316,1085623.0,359214.881
2025-11-29 01:00:00,0.3316,0.3344,0.3316,0.3336,654529.0,217930.8255
2025-11-29 02:00:00,0.3336,0.3344,0.3321,0.3336,119680.0,39824.1559
2025-11-29 03:00:00,0.3336,0.3353,0.3317,0.3327,620420.0,206763.8637
2025-11-29 04:00:00,0.3327,0.3354,0.3321,0.3352,759699.0,253518.5122
2025-11-29 05:00:00,0.3352,0.3352,0.3313,0.3316,316727.0,105416.9259
2025-11-29 06:00:00,0.3316,0.3324,0.3272,0.328,1403392.0,463632.6245
2025-11-29 07:00:00,0.328,0.3307,0.3278,0.3303,544328.0,179433.7368
2025-11-29 08:00:00,0.3303,0.3305,0.3273,0.3277,477380.0,156747.7987
2025-11-29 09:00:00,0.3277,0.3285,0.3269,0.3275,129752.0,42515.7226
2025-11-29 10:00:00,0.3275,0.3296,0.3262,0.3288,501621.0,164577.993
2025-11-29 11:00:00,0.3288,0.3326,0.3284,0.3321,1083801.0,358557.6308
2025-11-29 12:00:00,0.3321,0.3327,0.3296,0.3296,755299.0,250234.3695
2025-11-29 13:00:00,0.3296,0.3305,0.3285,0.3293,775057.0,255663.5325
2025-11-29 14:00:00,0.3293,0.3293,0.3264,0.3264,1590563.0,521553.6439
2025-11-29 15:00:00,0.3264,0.3296,0.3262,0.3279,1323104.0,433047.0829
2025-11-29 16:00:00,0.3279,0.3287,0.3261,0.3268,498631.0,163179.1218
2025-11-29 17:00:00,0.3268,0.327,0.323,0.3236,1258548.0,408433.6428
2025-11-29 18:00:00,0.3236,0.3259,0.3221,0.3252,662496.0,214644.6046
2025-11-29 19:00:00,0.3252,0.3266,0.3247,0.3253,416370.0,135567.1699
2025-11-29 20:00:00,0.3253,0.3284,0.3244,0.3283,446744.0,145995.063
2025-11-29 21:00:00,0.3283,0.3287,0.3265,0.3281,1182094.0,387216.3164
2025-11-29 22:00:00,0.3281,0.3283,0.3262,0.3264,460711.0,150684.6701
2025-11-29 23:00:00,0.3264,0.3276,0.3254,0.3266,667713.0,218016.0791
2025-11-30 00:00:00,0.3266,0.328,0.3263,0.3276,236993.0,77549.1169
2025-11-30 01:00:00,0.3276,0.3302,0.3272,0.328,398071.0,130877.4236
2025-11-30 02:00:00,0.328,0.329,0.3261,0.3263,495723.0,162149.3058
2025-11-30 03:00:00,0.3263,0.3282,0.3237,0.3281,605122.0,196886.3655
2025-11-30 04:00:00,0.3281,0.3286,0.3255,0.3261,546039.0,178600.1158
2025-11-30 05:00:00,0.3261,0.3262,0.3237,0.3246,429478.0,139580.4084
2025-11-30 06:00:00,0.3246,0.3281,0.3241,0.3264,427305.0,139288.453
2025-11-30 07:00:00,0.3264,0.3279,0.3256,0.3273,340121.0,111161.4737
2025-11-30 08:00:00,0.3273,0.3292,0.3263,0.3275,585302.0,191784.0285
2025-11-30 09:00:00,0.3275,0.3283,0.3255,0.3265,702433.0,229398.3138
2025-11-30 10:00:00,0.3265,0.3265,0.3244,0.3248,454640.0,147872.3607
2025-11-30 11:00:00,0.3248,0.3259,0.3225,0.3231,814822.0,263958.1513
2025-11-30 12:00:00,0.3231,0.3243,0.3196,0.3232,2069249.0,665610.3814
2025-11-30 13:00:00,0.3232,0.3278,0.3232,0.3261,1375483.0,448322.541
2025-11-30 14:00:00,0.3261,0.3263,0.3216,0.3225,422508.0,136718.3011
2025-11-30 15:00:00,0.3225,0.3225,0.3183,0.3209,828792.0,265066.4853
2025-11-30 16:00:00,0.3209,0.325,0.3207,0.324,440425.0,142493.7886
2025-11-30 17:00:00,0.324,0.3261,0.3227,0.3259,225607.0,73195.5719
2025-11-30 18:00:00,0.3259,0.3264,0.324,0.3262,745609.0,242351.7818
2025-11-30 19:00:00,0.3262,0.3265,0.3243,0.325,306440.0,99706.4555
2025-11-30 20:00:00,0.325,0.327,0.3235,0.3248,272219.0,88439.54
2025-11-30 21:00:00,0.3248,0.3251,0.3229,0.3238,489827.0,158574.0895
2025-11-30 22:00:00,0.3238,0.3266,0.3227,0.3249,507997.0,164515.8092
2025-11-30 23:00:00,0.3249,0.3252,0.3179,0.3184,961242.0,308248.3627
2025-12-01 00:00:00,0.3184,0.3194,0.2954,0.2962,4555466.0,1401218.0658
2025-12-01 01:00:00,0.2962,0.3008,0.2948,0.2964,1052616.0,314463.027
2025-12-01 02:00:00,0.2964,0.299,0.2959,0.2963,559944.0,166520.3737
2025-12-01 03:00:00,0.2963,0.2969,0.2914,0.2917,1297329.0,381201.4684
2025-12-01 04:00:00,0.2917,0.2931,0.2896,0.2925,1104867.0,322055.7864
2025-12-01 05:00:00,0.2925,0.2958,0.292,0.2938,435913.0,128049.6683
2025-12-01 06:00:00,0.2938,0.2948,0.2923,0.2928,723236.0,212262.6932
2025-12-01 07:00:00,0.2928,0.294,0.2916,0.2939,911229.0,266936.4144
2025-12-01 08:00:00,0.2939,0.2958,0.293,0.2948,1138588.0,335166.7939
2025-12-01 09:00:00,0.2948,0.2961,0.2922,0.2927,867031.0,254417.5358
2025-12-01 10:00:00,0.2927,0.2932,0.2916,0.2918,648892.0,189856.8252
2025-12-01 11:00:00,0.2918,0.2919,0.2875,0.288,2661377.0,769918.8139
2025-12-01 12:00:00,0.288,0.2904,0.2847,0.2901,3135481.0,901892.6902
2025-12-01 13:00:00,0.2901,0.2935,0.2881,0.2893,1105670.0,320241.7475
2025-12-01 14:00:00,0.2893,0.2924,0.2874,0.2885,1083885.0,313548.6865
2025-12-01 15:00:00,0.2885,0.2887,0.2794,0.2838,3384376.0,959458.7565
2025-12-01 16:00:00,0.2838,0.2848,0.2805,0.2807,1470423.0,414401.5866
2025-12-01 17:00:00,0.2807,0.2821,0.2775,0.2775,3730574.0,1041185.6514
2025-12-01 18:00:00,0.2775,0.2822,0.2775,0.2817,2013503.0,563569.1866
2025-12-01 19:00:00,0.2817,0.282,0.2796,0.2809,580696.0,162865.7172
2025-12-01 20:00:00,0.2809,0.2854,0.2809,0.2832,468583.0,132855.556
2025-12-01 21:00:00,0.2832,0.2881,0.2828,0.2865,519719.0,148506.9209
2025-12-01 22:00:00,0.2865,0.2884,0.2858,0.2868,543420.0,156121.3399
2025-12-01 23:00:00,0.2868,0.2886,0.2865,0.2871,288697.0,83028.509
2025-12-02 00:00:00,0.2871,0.288,0.2853,0.2855,737462.0,211365.8903
2025-12-02 01:00:00,0.2855,0.2898,0.2847,0.2851,918247.0,262899.3584
2025-12-02 02:00:00,0.2851,0.2874,0.2839,0.286,677390.0,193325.8692
2025-12-02 03:00:00,0.286,0.2892,0.2847,0.2883,339605.0,97129.4918
2025-12-02 04:00:00,0.2883,0.2903,0.2883,0.2891,956578.0,276975.428
2025-12-02 05:00:00,0.2891,0.2898,0.2875,0.2878,715150.0,206402.691
2025-12-02 06:00:00,0.2878,0.2888,0.286,0.2886,543837.0,156405.3946
2025-12-02 07:00:00,0.2886,0.289,0.2876,0.2878,355523.0,102476.5878
2025-12-02 08:00:00,0.2878,0.288,0.2839,0.2845,1062527.0,302984.2048
2025-12-02 09:00:00,0.2845,0.2871,0.2844,0.2859,595266.0,170070.0584
2025-12-02 10:00:00,0.2859,0.2893,0.2857,0.288,919058.0,263901.0022
2025-12-02 11:00:00,0.288,0.2911,0.2873,0.2907,1147455.0,331589.0041
2025-12-02 12:00:00,0.2907,0.2921,0.2897,0.292,1374111.0,399954.1836
2025-12-02 13:00:00,0.292,0.2952,0.2911,0.2943,2781384.0,817572.1084
2025-12-02 14:00:00,0.2943,0.302,0.2936,0.3019,3837053.0,1142595.8073
2025-12-02 15:00:00,0.3019,0.3202,0.3015,0.3194,5636543.0,1761489.4456
2025-12-02 16:00:00,0.3194,0.322,0.3144,0.3189,3639756.0,1158405.2224
2025-12-02 17:00:00,0.3189,0.3215,0.3179,0.3192,2629726.0,839889.011
2025-12-02 18:00:00,0.3192,0.3202,0.3165,0.3175,521146.0,166091.2719
2025-12-02 19:00:00,0.3175,0.3195,0.3166,0.3166,584612.0,185686.5933
2025-12-02 20:00:00,0.3166,0.3169,0.3119,0.3143,1285357.0,403342.9581
2025-12-02 21:00:00,0.3143,0.316,0.314,0.3148,548598.0,172796.4878
2025-12-02 22:00:00,0.3148,0.3192,0.3146,0.3192,1016555.0,323027.4399
2025-12-02 23:00:00,0.3192,0.3196,0.316,0.3167,523793.0,166014.5149
2025-12-03 00:00:00,0.3167,0.3185,0.3154,0.3162,265749.0,84285.869
2025-12-03 01:00:00,0.3162,0.3177,0.3152,0.3166,319841.0,101144.7614
2025-12-03 02:00:00,0.3166,0.3192,0.3161,0.3178,961246.0,305757.5123
2025-12-03 03:00:00,0.3178,0.3196,0.3165,0.3166,900703.0,286423.1575
2025-12-03 04:00:00,0.3166,0.3216,0.3161,0.3203,1183136.0,377038.9712
2025-12-03 05:00:00,0.3203,0.3217,0.3195,0.3206,958179.0,307210.7468
2025-12-03 06:00:00,0.3206,0.3259,0.3202,0.3218,2351736.0,759508.479
2025-12-03 07:00:00,0.3218,0.3222,0.3188,0.3192,1096487.0,350667.8542
2025-12-03 08:00:00,0.3192,0.3227,0.3192,0.3221,796789.0,256073.9081
2025-12-03 09:00:00,0.3221,0.3232,0.3205,0.3223,773115.0,248995.4934
2025-12-03 10:00:00,0.3223,0.324,0.3198,0.3201,949743.0,305714.3178
2025-12-03 11:00:00,0.3201,0.3217,0.3194,0.3214,536807.0,172085.5853
2025-12-03 12:00:00,0.3214,0.3224,0.3187,0.3192,878124.0,280987.9279
2025-12-03 13:00:00,0.3192,0.3208,0.3192,0.3198,670441.0,214399.9552
2025-12-03 14:00:00,0.3198,0.3245,0.3121,0.3182,3357494.0,1064430.8997
2025-12-03 15:00:00,0.3182,0.3212,0.3174,0.3208,1351684.0,432627.2665
2025-12-03 16:00:00,0.3208,0.3229,0.3183,0.3209,999405.0,320202.7098
2025-12-03 17:00:00,0.3209,0.3253,0.3209,0.3249,942773.0,305343.3135
2025-12-03 18:00:00,0.3249,0.3274,0.3226,0.3236,1299074.0,423482.289
2025-12-03 19:00:00,0.3236,0.3245,0.3221,0.3238,679515.0,219834.1884
2025-12-03 20:00:00,0.3238,0.3259,0.3218,0.3237,922698.0,298406.6743
2025-12-03 21:00:00,0.3237,0.3282,0.3231,0.3277,950757.0,309714.7041
2025-12-03 22:00:00,0.3277,0.331,0.3259,0.3302,856133.0,280801.4232
2025-12-03 23:00:00,0.3302,0.3327,0.3269,0.3273,578530.0,191084.3259
2025-12-04 00:00:00,0.3273,0.328,0.3252,0.3263,378199.0,123406.937
2025-12-04 01:00:00,0.3263,0.3303,0.3255,0.3257,447839.0,146801.8368
2025-12-04 02:00:00,0.3257,0.328,0.3254,0.3269,593876.0,194285.3718
2025-12-04 03:00:00,0.3269,0.328,0.3246,0.3252,593738.0,193640.3493
2025-12-04 04:00:00,0.3252,0.3261,0.3236,0.3246,597748.0,194109.4366
2025-12-04 05:00:00,0.3246,0.3256,0.3233,0.325,424597.0,137740.4751
2025-12-04 06:00:00,0.325,0.3284,0.3245,0.3279,872596.0,284715.0955
2025-12-04 07:00:00,0.3279,0.3282,0.325,0.3278,830541.0,271174.8168
2025-12-04 08:00:00,0.3278,0.3278,0.3252,0.3262,607287.0,198165.7542
2025-12-04 09:00:00,0.3262,0.3298,0.3262,0.3274,755277.0,247648.6132
2025-12-04 10:00:00,0.3274,0.3286,0.3255,0.3257,1191593.0,389645.7215
2025-12-04 11:00:00,0.3257,0.326,0.3239,0.3254,1943951.0,631057.9697
2025-12-04 12:00:00,0.3254,0.326,0.3231,0.3243,805817.0,261202.4561
2025-12-04 13:00:00,0.3243,0.3256,0.3222,0.3228,1405467.0,455375.9511
2025-12-04 14:00:00,0.3228,0.3254,0.321,0.3219,1196724.0,386783.2341
2025-12-04 15:00:00,0.3219,0.3301,0.3219,0.3285,1798434.0,586531.5388
2025-12-04 16:00:00,0.3285,0.3298,0.3246,0.3256,739680.0,241687.1782
2025-12-04 17:00:00,0.3256,0.326,0.3222,0.3256,691888.0,224050.2645
2025-12-04 18:00:00,0.3256,0.3282,0.3242,0.3253,1397489.0,455124.9189
2025-12-04 19:00:00,0.3253,0.3255,0.3153,0.3215,2210276.0,708287.917
2025-12-04 20:00:00,0.3215,0.3237,0.3198,0.3226,359964.0,115666.4839
2025-12-04 21:00:00,0.3226,0.3233,0.3188,0.3189,314170.0,100926.0215
2025-12-04 22:00:00,0.3189,0.3224,0.3188,0.3214,331741.0,106546.7988
2025-12-04 23:00:00,0.3214,0.3214,0.3183,0.3186,354055.0,113229.5804
2025-12-05 00:00:00,0.3186,0.3214,0.3184,0.3202,310822.0,99595.7437
2025-12-05 01:00:00,0.3202,0.3222,0.3199,0.3206,137172.0,44051.9039
2025-12-05 02:00:00,0.3206,0.3238,0.3199,0.322,290778.0,93667.4413
2025-12-05 03:00:00,0.322,0.3227,0.3199,0.3206,165516.0,53131.7453
2025-12-05 04:00:00,0.3206,0.3214,0.317,0.3191,268642.0,85736.7243
2025-12-05 05:00:00,0.3191,0.3204,0.3182,0.3192,491634.0,156840.084
2025-12-05 06:00:00,0.3192,0.3232,0.3192,0.323,629863.0,202500.0933
2025-12-05 07:00:00,0.323,0.3257,0.3226,0.3253,877297.0,284625.1769
2025-12-05 08:00:00,0.3253,0.3261,0.3235,0.3238,536617.0,174252.091
2025-12-05 09:00:00,0.3238,0.3239,0.3152,0.3163,1450536.0,462921.0079
2025-12-05 10:00:00,0.3163,0.3201,0.3156,0.3188,760637.0,242381.0096
2025-12-05 11:00:00,0.3188,0.3194,0.315,0.3166,661914.0,209829.258
2025-12-05 12:00:00,0.3166,0.319,0.3154,0.3186,524234.0,166231.0869
2025-12-05 13:00:00,0.3186,0.3202,0.3131,0.3136,1706872.0,542030.0111
2025-12-05 14:00:00,0.3136,0.315,0.3103,0.3113,2701612.0,844310.127
2025-12-05 15:00:00,0.3113,0.319,0.3108,0.3124,2111963.0,665752.7314
2025-12-05 16:00:00,0.3124,0.3126,0.2976,0.3004,4123566.0,1256459.8056
2025-12-05 17:00:00,0.3004,0.3017,0.2965,0.2999,1218496.0,364510.6834
2025-12-05 18:00:00,0.2999,0.302,0.2943,0.2947,1868988.0,554743.7245
2025-12-05 19:00:00,0.2947,0.3003,0.293,0.2985,1350359.0,401220.8085
2025-12-05 20:00:00,0.2985,0.3006,0.2968,0.2975,531721.0,158606.0165
2025-12-05 21:00:00,0.2975,0.2999,0.2975,0.2988,506865.0,151543.2248
2025-12-05 22:00:00,0.2988,0.3019,0.2982,0.301,184658.0,55399.8675
2025-12-05 23:00:00,0.301,0.3014,0.2985,0.3005,340175.0,102049.1265
2025-12-06 00:00:00,0.3005,0.3024,0.299,0.3017,940622.0,283461.0289
2025-12-06 01:00:00,0.3017,0.3032,0.3004,0.3007,239323.0,72197.912
2025-12-06 02:00:00,0.3007,0.3021,0.2995,0.3014,630857.0,189618.5808
2025-12-06 03:00:00,0.3014,0.3039,0.3013,0.3039,354460.0,107171.2352
2025-12-06 04:00:00,0.3039,0.304,0.3005,0.3009,574656.0,173206.654
2025-12-06 05:00:00,0.3009,0.3015,0.2996,0.2999,480598.0,144382.3831
2025-12-06 06:00:00,0.2999,0.3021,0.2996,0.3018,675681.0,203802.9865
2025-12-06 07:00:00,0.3018,0.3041,0.3009,0.3035,386340.0,117045.5683
2025-12-06 08:00:00,0.3035,0.3039,0.2997,0.3001,438952.0,132204.0323
2025-12-06 09:00:00,0.3001,0.3049,0.3001,0.3041,348545.0,105586.9038
2025-12-06 10:00:00,0.3041,0.3041,0.3013,0.3016,469462.0,142073.1443
2025-12-06 11:00:00,0.3016,0.3044,0.3009,0.3043,819298.0,247415.1087
2025-12-06 12:00:00,0.3043,0.3073,0.3039,0.3068,806284.0,246854.7534
2025-12-06 13:00:00,0.3068,0.3072,0.3056,0.306,521886.0,159869.6397
2025-12-06 14:00:00,0.306,0.3109,0.3051,0.309,1100638.0,339360.8943
2025-12-06 15:00:00,0.309,0.3092,0.3054,0.3061,1858887.0,570331.3161
2025-12-06 16:00:00,0.3061,0.3124,0.3061,0.3116,1483160.0,459297.1281
2025-12-06 17:00:00,0.3116,0.3162,0.311,0.3161,2088604.0,654845.0884
2025-12-06 18:00:00,0.3161,0.3181,0.3154,0.316,1734200.0,549332.8553
2025-12-06 19:00:00,0.316,0.3169,0.3113,0.3139,3699913.0,1159485.2604
2025-12-06 20:00:00,0.3139,0.3153,0.3125,0.3151,1169212.0,366975.7092
2025-12-06 21:00:00,0.3151,0.3183,0.3137,0.3142,829646.0,261806.8058
2025-12-06 22:00:00,0.3142,0.3152,0.3122,0.3129,804379.0,251956.6394
2025-12-06 23:00:00,0.3129,0.3144,0.3116,0.3142,1256846.0,393120.219
2025-12-07 00:00:00,0.3142,0.3187,0.3138,0.3185,547982.0,173489.2512
2025-12-07 01:00:00,0.3185,0.3185,0.3155,0.3155,890161.0,281951.9127
2025-12-07 02:00:00,0.3155,0.3179,0.3153,0.3163,652570.0,206202.5183
2025-12-07 03:00:00,0.3163,0.317,0.3155,0.3166,182774.0,57792.1682
2025-12-07 04:00:00,0.3166,0.3173,0.3145,0.3146,637267.0,201261.5358
2025-12-07 05:00:00,0.3146,0.3197,0.3146,0.3179,1243859.0,395143.7752
2025-12-07 06:00:00,0.3179,0.3214,0.3176,0.32,3895578.0,1246984.4226
2025-12-07 07:00:00,0.32,0.32,0.3152,0.316,1298984.0,412252.2881
2025-12-07 08:00:00,0.316,0.3162,0.3133,0.3135,1007347.0,317064.1831
2025-12-07 09:00:00,0.3135,0.3144,0.3111,0.3112,684891.0,213810.3625
2025-12-07 10:00:00,0.3112,0.3126,0.3101,0.3107,740207.0,230420.8025
2025-12-07 11:00:00,0.3107,0.3119,0.3096,0.3099,646341.0,200819.9819
2025-12-07 12:00:00,0.3099,0.3115,0.3091,0.311,1129005.0,349947.4737
2025-12-07 13:00:00,0.311,0.3115,0.3069,0.3077,1793100.0,553672.8134
2025-12-07 14:00:00,0.3077,0.3082,0.2974,0.2977,2899991.0,878867.697
2025-12-07 15:00:00,0.2977,0.3084,0.2975,0.3075,1171156.0,353068.1424
2025-12-07 16:00:00,0.3075,0.3075,0.3025,0.3058,1893989.0,576835.8137
2025-12-07 17:00:00,0.3058,0.3153,0.3037,0.3123,2872177.0,890188.7914
2025-12-07 18:00:00,0.3123,0.3159,0.3123,0.3131,1189239.0,373513.5909
2025-12-07 19:00:00,0.3131,0.3144,0.3112,0.3141,1375788.0,430034.9848
2025-12-07 20:00:00,0.3141,0.3168,0.3133,0.3167,473087.0,148838.8246
2025-12-07 21:00:00,0.3167,0.3175,0.3056,0.3078,2409322.0,749499.6966
2025-12-07 22:00:00,0.3078,0.3078,0.2994,0.3032,1515702.0,459241.7384
2025-12-07 23:00:00,0.3032,0.3055,0.3018,0.3047,423600.0,128588.8351
2025-12-08 00:00:00,0.3047,0.3076,0.3031,0.3046,995679.0,304141.2791
2025-12-08 01:00:00,0.3046,0.314,0.3044,0.309,858108.0,265988.9266
2025-12-08 02:00:00,0.309,0.3133,0.3086,0.313,872845.0,271304.4797
2025-12-08 03:00:00,0.313,0.3153,0.3124,0.3139,1008771.0,316675.6188
2025-12-08 04:00:00,0.3139,0.3184,0.3139,0.3158,788376.0,249247.9521
2025-12-08 05:00:00,0.3158,0.3165,0.3138,0.3151,492679.0,155205.7736
2025-12-08 06:00:00,0.3151,0.32,0.3148,0.3188,535227.0,169949.1366
2025-12-08 07:00:00,0.3188,0.3232,0.3185,0.3212,1134284.0,364106.9554
2025-12-08 08:00:00,0.3212,0.3242,0.3209,0.3241,950756.0,306278.7514
2025-12-08 09:00:00,0.3241,0.3287,0.3239,0.3257,1234750.0,402524.1487
2025-12-08 10:00:00,0.3257,0.3263,0.3234,0.3238,1202877.0,389961.7655
2025-12-08 11:00:00,0.3238,0.3241,0.3204,0.3212,2226712.0,716697.8229
2025-12-08 12:00:00,0.3212,0.3219,0.319,0.3216,1568975.0,502968.5965
2025-12-08 13:00:00,0.3216,0.3239,0.3204,0.3208,1196479.0,385307.3672
2025-12-08 14:00:00,0.3208,0.3256,0.319,0.3233,1678620.0,541285.1249
2025-12-08 15:00:00,0.3233,0.325,0.3179,0.3208,1724404.0,553048.2015
2025-12-08 16:00:00,0.3208,0.3258,0.3185,0.3214,3888969.0,1247461.7039
2025-12-08 17:00:00,0.3214,0.3239,0.3186,0.3215,1306336.0,419690.1061
2025-12-08 18:00:00,0.3215,0.3226,0.3157,0.3175,913555.0,291762.843
2025-12-08 19:00:00,0.3175,0.3194,0.3169,0.3178,880043.0,279813.7943
2025-12-08 20:00:00,0.3178,0.3215,0.3175,0.3202,811306.0,258576.5746
2025-12-08 21:00:00,0.3202,0.3223,0.3194,0.3215,376574.0,120968.4299
2025-12-08 22:00:00,0.3215,0.3218,0.3183,0.3195,344893.0,110175.9986
2025-12-08 23:00:00,0.3195,0.3199,0.3163,0.3181,654896.0,207991.7501
2025-12-09 00:00:00,0.3181,0.3192,0.316,0.3169,382848.0,121513.1711
2025-12-09 01:00:00,0.3169,0.3175,0.314,0.3156,1324906.0,417788.203
2025-12-09 02:00:00,0.3156,0.3178,0.3151,0.3152,776072.0,245703.744
2025-12-09 03:00:00,0.3152,0.3192,0.3137,0.3186,1029514.0,325459.7609
2025-12-09 04:00:00,0.3186,0.3189,0.3133,0.3148,1280696.0,403515.1542
2025-12-09 05:00:00,0.3148,0.3178,0.3136,0.3162,390550.0,123220.0444
2025-12-09 06:00:00,0.3162,0.3169,0.3133,0.3156,799469.0,251809.2848
2025-12-09 07:00:00,0.3156,0.3191,0.315,0.3176,1199928.0,380771.0854
2025-12-09 08:00:00,0.3176,0.3179,0.315,0.3158,729152.0,230574.713
2025-12-09 09:00:00,0.3158,0.3158,0.3129,0.3137,2138096.0,671553.36
2025-12-09 10:00:00,0.3137,0.3153,0.3124,0.3149,624918.0,196238.8176
2025-12-09 11:00:00,0.3149,0.3159,0.3141,0.3151,737911.0,232328.9802
2025-12-09 12:00:00,0.3151,0.3195,0.3144,0.3188,1230897.0,391047.5555
2025-12-09 13:00:00,0.3188,0.3202,0.3172,0.3187,1609757.0,512446.816
2025-12-09 14:00:00,0.3187,0.3203,0.3167,0.3188,1139423.0,363136.054
2025-12-09 15:00:00,0.3188,0.3325,0.3186,0.3316,4088964.0,1332399.9277
2025-12-09 16:00:00,0.3316,0.3461,0.3316,0.3451,4927702.0,1679042.4787
2025-12-09 17:00:00,0.3451,0.3482,0.3437,0.3468,3308152.0,1144358.4242
2025-12-09 18:00:00,0.3468,0.3481,0.3433,0.3454,1733109.0,599442.4376
2025-12-09 19:00:00,0.3454,0.3457,0.3422,0.3441,1794709.0,617775.3899
2025-12-09 20:00:00,0.3441,0.3443,0.3375,0.34,902333.0,307484.1067
2025-12-09 21:00:00,0.34,0.3408,0.3325,0.3355,1441409.0,484694.214
2025-12-09 22:00:00,0.3355,0.3403,0.335,0.3389,633533.0,214242.1148
2025-12-09 23:00:00,0.3389,0.3406,0.3379,0.3386,472724.0,160450.2282
2025-12-10 00:00:00,0.3386,0.34,0.3352,0.3353,425475.0,143620.335
2025-12-10 01:00:00,0.3353,0.3359,0.3321,0.3329,1525879.0,508469.9653
2025-12-10 02:00:00,0.3329,0.3349,0.3314,0.3348,885548.0,295243.6445
2025-12-10 03:00:00,0.3348,0.3364,0.3342,0.3342,1002813.0,336476.2816
2025-12-10 04:00:00,0.3342,0.3354,0.3333,0.3338,436840.0,145978.226
2025-12-10 05:00:00,0.3338,0.3366,0.3337,0.3353,558097.0,187409.6528
2025-12-10 06:00:00,0.3353,0.3358,0.3342,0.3346,939775.0,314666.728
2025-12-10 07:00:00,0.3346,0.3346,0.3319,0.3332,469526.0,156199.0168
2025-12-10 08:00:00,0.3332,0.3334,0.3302,0.3303,911056.0,301695.1983
2025-12-10 09:00:00,0.3303,0.333,0.329,0.3327,3179094.0,1050811.2829
2025-12-10 10:00:00,0.3327,0.3359,0.3278,0.3284,5022119.0,1659069.3032
2025-12-10 11:00:00,0.3284,0.3295,0.3277,0.3289,439531.0,144459.3369
2025-12-10 12:00:00,0.3289,0.3298,0.3278,0.3296,706744.0,232281.2089
2025-12-10 13:00:00,0.3296,0.3304,0.3286,0.3303,415415.0,136879.3541
2025-12-10 14:00:00,0.3303,0.331,0.3282,0.3302,634081.0,208955.1918
2025-12-10 15:00:00,0.3302,0.3331,0.3289,0.3298,2676584.0,886203.5272
2025-12-10 16:00:00,0.3298,0.3345,0.3289,0.3321,1641867.0,544951.7243
2025-12-10 17:00:00,0.3321,0.3352,0.3309,0.3313,391284.0,130473.0136
2025-12-10 18:00:00,0.3313,0.3383,0.3302,0.3335,1415643.0,472663.5116
2025-12-10 19:00:00,0.3335,0.3402,0.3303,0.3371,2478148.0,831697.6245
2025-12-10 20:00:00,0.3371,0.3448,0.3308,0.3322,2276681.0,768887.0009
2025-12-10 21:00:00,0.3322,0.3341,0.3258,0.3264,1238094.0,408997.2983
2025-12-10 22:00:00,0.3264,0.3291,0.322,0.3277,1815274.0,590110.5617
2025-12-10 23:00:00,0.3277,0.3283,0.323,0.3231,558158.0,181704.7353
2025-12-11 00:00:00,0.3231,0.3238,0.3143,0.3162,4690226.0,1500072.5795
2025-12-11 01:00:00,0.3162,0.3163,0.3109,0.311,1608937.0,504673.4634
2025-12-11 02:00:00,0.311,0.311,0.3071,0.3088,2476785.0,765117.9446
2025-12-11 03:00:00,0.3088,0.3088,0.3045,0.3057,1496484.0,458904.2526
2025-12-11 04:00:00,0.3057,0.3106,0.304,0.3099,1394072.0,428204.9765
2025-12-11 05:00:00,0.3099,0.3112,0.309,0.3106,828166.0,256875.3099
2025-12-11 06:00:00,0.3106,0.3114,0.3084,0.3099,519429.0,161114.7571
2025-12-11 07:00:00,0.3099,0.3099,0.3081,0.3083,726393.0,224564.4689
2025-12-11 08:00:00,0.3083,0.3084,0.3057,0.3067,1598237.0,491042.9151
2025-12-11 09:00:00,0.3067,0.3078,0.3051,0.3055,1099184.0,336818.5642
2025-12-11 10:00:00,0.3055,0.3065,0.3046,0.3057,700917.0,214172.0643
2025-12-11 11:00:00,0.3057,0.3074,0.3053,0.3071,1297127.0,398055.3789
2025-12-11 12:00:00,0.3071,0.3071,0.3028,0.3041,2177965.0,663195.3383
2025-12-11 13:00:00,0.3041,0.3057,0.3035,0.3049,1951166.0,595102.8489
2025-12-11 14:00:00,0.3049,0.3062,0.301,0.303,5252436.0,1595021.6302
2025-12-11 15:00:00,0.303,0.3069,0.3009,0.3025,2437658.0,740123.8567
2025-12-11 16:00:00,0.3025,0.3037,0.3,0.3015,2505761.0,755752.5089
2025-12-11 17:00:00,0.3015,0.3058,0.3011,0.3044,1193567.0,363072.3409
2025-12-11 18:00:00,0.3044,0.3104,0.3042,0.3077,1697491.0,519683.3018
2025-12-11 19:00:00,0.3077,0.3124,0.307,0.3087,1184115.0,366983.6601
2025-12-11 20:00:00,0.3087,0.3135,0.3086,0.3132,572217.0,177921.6207
2025-12-11 21:00:00,0.3132,0.3217,0.3124,0.3192,2465762.0,785940.7212
2025-12-11 22:00:00,0.3192,0.3206,0.3133,0.3152,1730266.0,547909.9486
2025-12-11 23:00:00,0.3152,0.3152,0.3123,0.314,774196.0,243000.5259
2025-12-12 00:00:00,0.314,0.3164,0.3078,0.3095,1704934.0,535361.4351
2025-12-12 01:00:00,0.3095,0.3142,0.3095,0.3119,377327.0,117723.1303
2025-12-12 02:00:00,0.3119,0.3151,0.3111,0.3131,163976.0,51397.7743
2025-12-12 03:00:00,0.3131,0.3137,0.3103,0.3109,987262.0,307913.4775
2025-12-12 04:00:00,0.3109,0.3117,0.3104,0.3113,105561.0,32827.749
2025-12-12 05:00:00,0.3113,0.3163,0.311,0.3162,449069.0,140547.6372
2025-12-12 06:00:00,0.3162,0.3198,0.3157,0.3163,652334.0,207574.1137
2025-12-12 07:00:00,0.3163,0.3166,0.3145,0.3146,924301.0,291348.0119
2025-12-12 08:00:00,0.3146,0.3156,0.3129,0.3149,572844.0,180016.3149
2025-12-12 09:00:00,0.3149,0.3177,0.3142,0.3172,994656.0,313762.7751
2025-12-12 10:00:00,0.3172,0.3189,0.3169,0.3173,2683263.0,852344.2789
2025-12-12 11:00:00,0.3173,0.3183,0.3157,0.3183,2274253.0,721438.9674
2025-12-12 12:00:00,0.3183,0.3207,0.3175,0.3201,1407655.0,448123.2675
2025-12-12 13:00:00,0.3201,0.3215,0.3187,0.3201,1061567.0,340033.309
2025-12-12 14:00:00,0.3201,0.3221,0.3174,0.3182,2752613.0,880413.5959
2025-12-12 15:00:00,0.3182,0.3183,0.2988,0.3005,5531268.0,1712259.0365
2025-12-12 16:00:00,0.3005,0.3012,0.2938,0.2965,5564200.0,1648847.0273
2025-12-12 17:00:00,0.2965,0.3015,0.2963,0.2991,5015383.0,1499641.9894
2025-12-12 18:00:00,0.2991,0.304,0.2987,0.3009,1214150.0,366703.541
2025-12-12 19:00:00,0.3009,0.3012,0.2984,0.3009,1964064.0,588130.9779
2025-12-12 20:00:00,0.3009,0.3024,0.3008,0.3019,493080.0,148706.6678
2025-12-12 21:00:00,0.3019,0.3052,0.3016,0.3038,801000.0,243496.7299
2025-12-12 22:00:00,0.3038,0.308,0.3036,0.3073,1511140.0,462781.3355
2025-12-12 23:00:00,0.3073,0.3084,0.3063,0.3075,815815.0,250896.687
2025-12-13 00:00:00,0.3075,0.3083,0.3069,0.3072,2308411.0,710699.4788
2025-12-13 01:00:00,0.3072,0.3079,0.3062,0.3071,405097.0,124288.2786
2025-12-13 02:00:00,0.3071,0.3089,0.3071,0.3085,3312681.0,1020491.7603
2025-12-13 03:00:00,0.3085,0.3119,0.3077,0.3104,1410113.0,437153.8901
2025-12-13 04:00:00,0.3104,0.3118,0.3098,0.3114,1846644.0,573330.603
2025-12-13 05:00:00,0.3114,0.3118,0.3087,0.3088,2264141.0,701905.3236
2025-12-13 06:00:00,0.3088,0.309,0.3077,0.308,524568.0,161750.5851
2025-12-13 07:00:00,0.308,0.3119,0.3079,0.3113,1743870.0,541452.0141
2025-12-13 08:00:00,0.3113,0.3138,0.3112,0.3127,971557.0,303533.7912
2025-12-13 09:00:00,0.3127,0.314,0.3123,0.3123,798268.0,249905.5032
2025-12-13 10:00:00,0.3123,0.3154,0.312,0.3147,1605114.0,504252.3663
2025-12-13 11:00:00,0.3147,0.3151,0.3131,0.3144,2881641.0,904725.2495
2025-12-13 12:00:00,0.3144,0.3165,0.3144,0.3164,1675928.0,529317.073
2025-12-13 13:00:00,0.3164,0.3168,0.3119,0.3123,4333137.0,1362656.3836
2025-12-13 14:00:00,0.3123,0.3133,0.3107,0.3122,3422171.0,1067130.6264
2025-12-13 15:00:00,0.3122,0.3157,0.3122,0.3154,844904.0,265784.8861
2025-12-13 16:00:00,0.3154,0.3177,0.3152,0.3166,4356951.0,1381236.0721
2025-12-13 17:00:00,0.3166,0.317,0.3148,0.3154,2080666.0,656576.5758
2025-12-13 18:00:00,0.3154,0.3167,0.3149,0.3156,1722113.0,542948.0114
2025-12-13 19:00:00,0.3156,0.3164,0.3142,0.3144,2050241.0,646047.8
2025-12-13 20:00:00,0.3144,0.3152,0.314,0.3145,397310.0,124929.8737
2025-12-13 21:00:00,0.3145,0.315,0.3123,0.315,2454073.0,770514.2628
2025-12-13 22:00:00,0.315,0.3162,0.3139,0.315,842412.0,265741.974
2025-12-13 23:00:00,0.315,0.317,0.3146,0.315,1661112.0,525967.4383
2025-12-14 00:00:00,0.315,0.3155,0.3137,0.3147,2306576.0,725537.4359
2025-12-14 01:00:00,0.3147,0.3159,0.3138,0.3145,845341.0,266812.5592
2025-12-14 02:00:00,0.3145,0.3156,0.3143,0.3151,291182.0,91714.2144
2025-12-14 03:00:00,0.3151,0.3157,0.3128,0.3134,1296212.0,406352.4093
2025-12-14 04:00:00,0.3134,0.3135,0.3101,0.3109,736231.0,229346.3592
2025-12-14 05:00:00,0.3109,0.3112,0.3093,0.3107,868500.0,269290.475
2025-12-14 06:00:00,0.3107,0.3107,0.3076,0.3086,864637.0,266660.0374
2025-12-14 07:00:00,0.3086,0.3098,0.3078,0.3083,1260226.0,389278.7809
2025-12-14 08:00:00,0.3083,0.3104,0.307,0.3072,2389466.0,736467.9036
2025-12-14 09:00:00,0.3072,0.3083,0.3069,0.3078,589559.0,181436.8309
2025-12-14 10:00:00,0.3078,0.3084,0.3055,0.3071,1653344.0,507328.2279
2025-12-14 11:00:00,0.3071,0.3075,0.3019,0.3056,1449246.0,442582.5129
2025-12-14 12:00:00,0.3056,0.3087,0.3041,0.3071,1278236.0,392020.0775
2025-12-14 13:00:00,0.3071,0.3072,0.3053,0.3072,1214746.0,371713.3865
2025-12-14 14:00:00,0.3072,0.308,0.3027,0.3041,2877607.0,880476.4028
2025-12-14 15:00:00,0.3041,0.305,0.3029,0.3037,697848.0,211917.3463
2025-12-14 16:00:00,0.3037,0.3058,0.3023,0.3036,2858584.0,869885.3242
2025-12-14 17:00:00,0.3036,0.3041,0.2994,0.3002,3125598.0,944376.3231
2025-12-14 18:00:00,0.3002,0.3024,0.2997,0.3019,912488.0,274227.7043
2025-12-14 19:00:00,0.3019,0.302,0.2994,0.3004,327615.0,98363.7894
2025-12-14 20:00:00,0.3004,0.3032,0.2986,0.3014,2012881.0,607356.5589
2025-12-14 21:00:00,0.3014,0.3026,0.2989,0.2996,1070581.0,321787.0546
2025-12-14 22:00:00,0.2996,0.3016,0.2984,0.3009,1497201.0,448885.0618
2025-12-14 23:00:00,0.3009,0.3024,0.2964,0.3005,2325903.0,694923.0827
2025-12-15 00:00:00,0.3005,0.3036,0.2996,0.3034,624897.0,188488.2892
2025-12-15 01:00:00,0.3034,0.3085,0.3025,0.3073,799755.0,243483.8844
2025-12-15 02:00:00,0.3073,0.3128,0.3073,0.3077,865292.0,267524.0299
2025-12-15 03:00:00,0.3077,0.309,0.3069,0.3083,315304.0,97091.1253
2025-12-15 04:00:00,0.3083,0.3102,0.3082,0.3099,838848.0,259344.5996
2025-12-15 05:00:00,0.3099,0.3138,0.3089,0.3138,594126.0,185251.3158
2025-12-15 06:00:00,0.3138,0.3146,0.3112,0.3124,725236.0,226437.0851
2025-12-15 07:00:00,0.3124,0.3135,0.3081,0.3098,792050.0,245351.7292
2025-12-15 08:00:00,0.3098,0.311,0.3086,0.3093,1036457.0,320912.7543
2025-12-15 09:00:00,0.3093,0.3108,0.3088,0.3104,1681502.0,520731.4864
2025-12-15 10:00:00,0.3104,0.3127,0.3097,0.3107,700372.0,218056.6472
2025-12-15 11:00:00,0.3107,0.3115,0.3089,0.3098,904748.0,280821.371
2025-12-15 12:00:00,0.3098,0.3169,0.3092,0.3133,1318940.0,413265.8669
2025-12-15 13:00:00,0.3133,0.3138,0.3078,0.3095,2316985.0,717983.9845
2025-12-15 14:00:00,0.3095,0.3135,0.3009,0.3041,4889351.0,1515752.758
2025-12-15 15:00:00,0.3041,0.3044,0.2906,0.2921,5581880.0,1649295.0327
2025-12-15 16:00:00,0.2921,0.2929,0.2863,0.2879,2294863.0,664424.757
2025-12-15 17:00:00,0.2879,0.2886,0.2842,0.285,1820194.0,521886.1384
2025-12-15 18:00:00,0.285,0.2872,0.2809,0.2866,2505534.0,712315.0211
2025-12-15 19:00:00,0.2866,0.2904,0.2864,0.2873,1432571.0,413069.7608
2025-12-15 20:00:00,0.2873,0.2873,0.2834,0.285,1305010.0,372515.9121
2025-12-15 21:00:00,0.285,0.2893,0.2845,0.2889,1297896.0,372006.615
2025-12-15 22:00:00,0.2889,0.2909,0.2877,0.2909,342996.0,99281.0429
2025-12-15 23:00:00,0.2909,0.2932,0.2908,0.2926,627344.0,183216.5828
2025-12-16 00:00:00,0.2926,0.2933,0.2883,0.2885,398162.0,115737.7513
2025-12-16 01:00:00,0.2885,0.29,0.2865,0.2872,598612.0,172393.3792
2025-12-16 02:00:00,0.2872,0.2905,0.2862,0.2891,291663.0,84181.1998
2025-12-16 03:00:00,0.2891,0.2898,0.2863,0.2892,820804.0,236830.4273
2025-12-16 04:00:00,0.2892,0.2898,0.2828,0.287,1349884.0,386091.8362
2025-12-16 05:00:00,0.287,0.2879,0.286,0.2865,553229.0,158795.0984
2025-12-16 06:00:00,0.2865,0.2889,0.2864,0.2886,1021213.0,293928.0313
2025-12-16 07:00:00,0.2886,0.2891,0.2831,0.2842,1282001.0,365598.562
2025-12-16 08:00:00,0.2842,0.2872,0.284,0.2858,376221.0,107452.4773
2025-12-16 09:00:00,0.2858,0.2864,0.2851,0.2861,822462.0,235028.3176
2025-12-16 10:00:00,0.2861,0.2937,0.2855,0.2917,1272716.0,369901.9999
2025-12-16 11:00:00,0.2917,0.2963,0.2912,0.2957,1341021.0,393421.3885
2025-12-16 12:00:00,0.2957,0.2964,0.2931,0.2937,1506413.0,442842.8932
2025-12-16 13:00:00,0.2937,0.2976,0.2896,0.2904,3248065.0,952053.9317
2025-12-16 14:00:00,0.2904,0.296,0.2877,0.2932,6819150.0,1993944.2938
2025-12-16 15:00:00,0.2932,0.2976,0.2901,0.2964,3995648.0,1172122.3548
2025-12-16 16:00:00,0.2964,0.2971,0.2934,0.2952,2215879.0,653939.4365
2025-12-16 17:00:00,0.2952,0.2979,0.2929,0.2933,2497038.0,737124.8475
2025-12-16 18:00:00,0.2933,0.2968,0.2922,0.2948,1834513.0,538063.2048
2025-12-16 19:00:00,0.2948,0.2951,0.291,0.2936,1140404.0,334053.8729
2025-12-16 20:00:00,0.2936,0.2947,0.2926,0.2938,1846510.0,541991.4297
2025-12-16 21:00:00,0.2938,0.295,0.2928,0.2939,1183317.0,347818.2293
2025-12-16 22:00:00,0.2939,0.2945,0.2925,0.2931,490834.0,144075.1695
2025-12-16 23:00:00,0.2931,0.2933,0.292,0.2932,677528.0,198142.7713
2025-12-17 00:00:00,0.2932,0.2932,0.2914,0.2917,439626.0,128391.3444
2025-12-17 01:00:00,0.2917,0.2957,0.2917,0.2932,1191770.0,350445.1498
2025-12-17 02:00:00,0.2932,0.2947,0.2907,0.2941,431484.0,126074.4372
2025-12-17 03:00:00,0.2941,0.2952,0.2914,0.2921,1019406.0,298683.6765
2025-12-17 04:00:00,0.2921,0.2926,0.29,0.2905,424264.0,123565.1153
2025-12-17 05:00:00,0.2905,0.2917,0.2886,0.2903,1087467.0,315521.0391
2025-12-17 06:00:00,0.2903,0.292,0.2901,0.2903,1717842.0,500457.3263
2025-12-17 07:00:00,0.2903,0.2916,0.2895,0.2896,1105019.0,320691.3424
2025-12-17 08:00:00,0.2896,0.2897,0.287,0.288,3745738.0,1079719.718
2025-12-17 09:00:00,0.288,0.2884,0.2864,0.2874,1617035.0,465133.0649
2025-12-17 10:00:00,0.2874,0.2881,0.2862,0.2869,1410132.0,404555.8617
2025-12-17 11:00:00,0.2869,0.2899,0.2868,0.2894,1556307.0,449238.4523
2025-12-17 12:00:00,0.2894,0.2904,0.2879,0.2891,971633.0,281111.884
2025-12-17 13:00:00,0.2891,0.2934,0.288,0.293,4520709.0,1315728.6509
2025-12-17 14:00:00,0.293,0.2999,0.287,0.2997,6401078.0,1873625.6656
2025-12-17 15:00:00,0.2997,0.3062,0.2865,0.2873,7206177.0,2147958.7824
2025-12-17 16:00:00,0.2873,0.2898,0.2763,0.2803,6139700.0,1730516.0935
2025-12-17 17:00:00,0.2803,0.2813,0.2748,0.2759,4536218.0,1259698.2529
2025-12-17 18:00:00,0.2759,0.279,0.2726,0.2732,3918086.0,1077726.4791
2025-12-17 19:00:00,0.2732,0.2762,0.2712,0.2758,3417452.0,933555.8322
2025-12-17 20:00:00,0.2758,0.2787,0.2746,0.2754,553484.0,152849.2654
2025-12-17 21:00:00,0.2754,0.2764,0.2718,0.2724,949538.0,260323.9773
2025-12-17 22:00:00,0.2724,0.2739,0.2696,0.2734,1241125.0,337277.6777
2025-12-17 23:00:00,0.2734,0.2735,0.2714,0.2735,680158.0,185199.855
2025-12-18 00:00:00,0.2735,0.2738,0.2721,0.2733,612909.0,167206.9948
2025-12-18 01:00:00,0.2733,0.2734,0.2699,0.2713,804556.0,218097.9944
2025-12-18 02:00:00,0.2713,0.2748,0.2704,0.2728,1190717.0,324834.9484
2025-12-18 03:00:00,0.2728,0.2729,0.269,0.2702,1956222.0,527915.52
2025-12-18 04:00:00,0.2702,0.2718,0.2699,0.2706,1579858.0,427725.6538
2025-12-18 05:00:00,0.2706,0.2709,0.2665,0.2674,3117266.0,835958.871
2025-12-18 06:00:00,0.2674,0.2694,0.2669,0.2692,944738.0,253446.9377
2025-12-18 07:00:00,0.2692,0.2711,0.2687,0.2704,966552.0,260923.8234
2025-12-18 08:00:00,0.2704,0.2749,0.2702,0.2727,1437383.0,392667.7943
2025-12-18 09:00:00,0.2727,0.2739,0.2721,0.2726,1285566.0,350678.9963
2025-12-18 10:00:00,0.2726,0.2752,0.2723,0.2749,1676464.0,460341.3048
2025-12-18 11:00:00,0.2749,0.275,0.2731,0.2742,1099389.0,301009.834
2025-12-18 12:00:00,0.2742,0.2758,0.2733,0.2753,1606682.0,441906.4378
2025-12-18 13:00:00,0.2753,0.2848,0.2752,0.2845,4615876.0,1293863.1402
2025-12-18 14:00:00,0.2845,0.2871,0.2784,0.2811,4556346.0,1286834.751
2025-12-18 15:00:00,0.2811,0.2859,0.2786,0.2823,5292181.0,1497347.0279
2025-12-18 16:00:00,0.2823,0.2827,0.2785,0.281,1496672.0,420202.784
2025-12-18 17:00:00,0.281,0.2811,0.2617,0.2667,6806170.0,1824135.6328
2025-12-18 18:00:00,0.2667,0.2701,0.2612,0.2621,1827337.0,483717.7874
2025-12-18 19:00:00,0.2621,0.2638,0.255,0.2559,4224006.0,1093251.6117
2025-12-18 20:00:00,0.2559,0.2595,0.2556,0.257,1968971.0,508081.9096
2025-12-18 21:00:00,0.257,0.2637,0.2566,0.2637,3427742.0,895220.2949
2025-12-18 22:00:00,0.2637,0.2652,0.2628,0.2631,3336001.0,879603.5329
2025-12-18 23:00:00,0.2631,0.2632,0.2597,0.2598,2413650.0,631934.9799
2025-12-19 00:00:00,0.2598,0.2611,0.2573,0.2586,991011.0,256802.8177
2025-12-19 01:00:00,0.2586,0.2586,0.2559,0.2573,1622499.0,416384.6701
2025-12-19 02:00:00,0.2573,0.2592,0.2563,0.2582,901082.0,232542.3091
2025-12-19 03:00:00,0.2582,0.2683,0.2578,0.2649,1795198.0,474664.557
2025-12-19 04:00:00,0.2649,0.2671,0.2644,0.2653,680700.0,180850.1578
2025-12-19 05:00:00,0.2653,0.2655,0.2633,0.2639,588940.0,155412.1048
2025-12-19 06:00:00,0.2639,0.2655,0.2631,0.2653,571282.0,150833.1648
2025-12-19 07:00:00,0.2653,0.2708,0.2652,0.2681,2608396.0,697643.8794
2025-12-19 08:00:00,0.2681,0.2697,0.2677,0.2691,663786.0,178525.8694
2025-12-19 09:00:00,0.2691,0.2694,0.2659,0.2671,1213513.0,324323.3515
2025-12-19 10:00:00,0.2671,0.2681,0.2666,0.267,314592.0,84019.7276
2025-12-19 11:00:00,0.267,0.2686,0.2658,0.2676,1743620.0,466277.8454
2025-12-19 12:00:00,0.2676,0.269,0.2668,0.268,2317450.0,620714.3616
2025-12-19 13:00:00,0.268,0.2702,0.268,0.27,1373561.0,369993.8737
2025-12-19 14:00:00,0.27,0.2768,0.2692,0.2742,3276716.0,890138.4324
2025-12-19 15:00:00,0.2742,0.2801,0.2719,0.2744,2974569.0,818619.7329
2025-12-19 16:00:00,0.2744,0.2818,0.2738,0.2764,1903660.0,528891.3924
2025-12-19 17:00:00,0.2764,0.2798,0.2717,0.2719,1264999.0,349417.9574
2025-12-19 18:00:00,0.2719,0.2778,0.2717,0.2768,801310.0,220412.7246
2025-12-19 19:00:00,0.2768,0.284,0.2768,0.2823,1019952.0,287301.8644
2025-12-19 20:00:00,0.2823,0.2842,0.2807,0.2814,1415073.0,399100.6821
2025-12-19 21:00:00,0.2814,0.2816,0.2798,0.2801,905701.0,253998.9159
2025-12-19 22:00:00,0.2801,0.2828,0.2801,0.2817,908780.0,256063.8193
2025-12-19 23:00:00,0.2817,0.2817,0.2796,0.2797,430986.0,120989.0101
2025-12-20 00:00:00,0.2797,0.2801,0.2787,0.2793,666021.0,185911.5728
2025-12-20 01:00:00,0.2793,0.2805,0.2778,0.2782,504762.0,140540.7557
2025-12-20 02:00:00,0.2782,0.279,0.2779,0.2784,262604.0,73051.0259
2025-12-20 03:00:00,0.2784,0.2798,0.2773,0.2783,198767.0,55292.3136
2025-12-20 04:00:00,0.2783,0.2787,0.2761,0.2764,983931.0,272734.87
2025-12-20 05:00:00,0.2764,0.2774,0.2755,0.2762,526309.0,145264.4359
2025-12-20 06:00:00,0.2762,0.2774,0.276,0.2773,304981.0,84318.2734
2025-12-20 07:00:00,0.2773,0.281,0.2773,0.2809,939127.0,262759.4931
2025-12-20 08:00:00,0.2809,0.2845,0.2809,0.2822,1245615.0,352302.0263
2025-12-20 09:00:00,0.2822,0.2833,0.2815,0.2822,873819.0,246723.2094
2025-12-20 10:00:00,0.2822,0.2826,0.2793,0.2796,2649181.0,742524.0019
2025-12-20 11:00:00,0.2796,0.2823,0.2792,0.2822,773372.0,217216.6355
2025-12-20 12:00:00,0.2822,0.2825,0.2802,0.2812,777063.0,218522.3652
2025-12-20 13:00:00,0.2812,0.2824,0.2784,0.2804,2133703.0,597294.6459
2025-12-20 14:00:00,0.2804,0.281,0.278,0.2806,511958.0,143311.0642
2025-12-20 15:00:00,0.2806,0.2807,0.2788,0.2794,287027.0,80238.2287
2025-12-20 16:00:00,0.2794,0.28,0.2787,0.2798,155260.0,43381.0929
2025-12-20 17:00:00,0.2798,0.2817,0.2797,0.2801,5089221.0,1427698.5142
2025-12-20 18:00:00,0.2801,0.2803,0.2792,0.2798,1082734.0,302895.2651
2025-12-20 19:00:00,0.2798,0.2804,0.2785,0.279,1801987.0,502903.9525
2025-12-20 20:00:00,0.279,0.2795,0.2787,0.2793,200647.0,55979.1862
2025-12-20 21:00:00,0.2793,0.2801,0.2788,0.279,247684.0,69241.7373
2025-12-20 22:00:00,0.279,0.2801,0.2779,0.2796,999513.0,278362.9951
2025-12-20 23:00:00,0.2796,0.2797,0.2778,0.2783,257125.0,71588.4409
2025-12-21 00:00:00,0.2783,0.2789,0.2766,0.2769,2007471.0,556909.6578
2025-12-21 01:00:00,0.2769,0.2769,0.2744,0.275,1994472.0,550216.1454
2025-12-21 02:00:00,0.275,0.2759,0.2733,0.2739,1536968.0,421182.0072
2025-12-21 03:00:00,0.2739,0.276,0.2739,0.2757,389174.0,107103.4549
2025-12-21 04:00:00,0.2757,0.2761,0.2752,0.2756,211170.0,58215.1035
2025-12-21 05:00:00,0.2756,0.2774,0.2754,0.2762,3150082.0,871853.7211
2025-12-21 06:00:00,0.2762,0.2766,0.2755,0.2762,319170.0,88146.2729
2025-12-21 07:00:00,0.2762,0.2766,0.2758,0.2764,499578.0,137884.3924
2025-12-21 08:00:00,0.2764,0.2779,0.2752,0.2769,2467003.0,682998.9705
2025-12-21 09:00:00,0.2769,0.2779,0.2757,0.2769,2127321.0,589448.094
2025-12-21 10:00:00,0.2769,0.2773,0.2746,0.2753,2911871.0,803858.8133
2025-12-21 11:00:00,0.2753,0.2758,0.2745,0.2745,366463.0,100822.8351
2025-12-21 12:00:00,0.2745,0.2758,0.2719,0.2727,1099035.0,300731.3613
2025-12-21 13:00:00,0.2727,0.2727,0.2632,0.2636,4763811.0,1271458.8688
2025-12-21 14:00:00,0.2636,0.2679,0.2633,0.2654,5563005.0,1481187.3132
2025-12-21 15:00:00,0.2654,0.2673,0.2644,0.2666,1737544.0,460945.0028
2025-12-21 16:00:00,0.2666,0.2695,0.2658,0.2693,3062587.0,821372.5794
2025-12-21 17:00:00,0.2693,0.2712,0.2685,0.2689,2212632.0,596616.1266
2025-12-21 18:00:00,0.2689,0.2694,0.2666,0.2694,5596573.0,1498199.7785
2025-12-21 19:00:00,0.2694,0.2712,0.2685,0.2709,2484172.0,671339.1759
2025-12-21 20:00:00,0.2709,0.2711,0.2688,0.2694,286945.0,77305.4033
2025-12-21 21:00:00,0.2694,0.2706,0.2675,0.2683,2578396.0,691475.6731
2025-12-21 22:00:00,0.2683,0.2724,0.2679,0.2723,1970511.0,532615.3921
2025-12-21 23:00:00,0.2723,0.2741,0.2709,0.2721,641201.0,174732.3158
2025-12-22 00:00:00,0.2721,0.2793,0.2721,0.274,2099964.0,577990.8732
2025-12-22 01:00:00,0.274,0.2773,0.2734,0.2738,1630456.0,448106.7069
2025-12-22 02:00:00,0.2738,0.2738,0.269,0.2722,3178988.0,861063.5495
2025-12-22 03:00:00,0.2722,0.2752,0.2711,0.2739,2713608.0,741858.6101
2025-12-22 04:00:00,0.2739,0.2754,0.2732,0.2746,540731.0,148421.1375
2025-12-22 05:00:00,0.2746,0.2749,0.2728,0.2735,567445.0,155255.8957
2025-12-22 06:00:00,0.2735,0.2754,0.2732,0.2744,299065.0,82089.1395
2025-12-22 07:00:00,0.2744,0.2765,0.274,0.2757,1558009.0,429502.3622
2025-12-22 08:00:00,0.2757,0.2798,0.2751,0.2759,8377596.0,2317768.9289
2025-12-22 09:00:00,0.2759,0.2768,0.2745,0.2758,3585422.0,988665.7837
2025-12-22 10:00:00,0.2758,0.2772,0.2752,0.2759,2863088.0,791002.6073
2025-12-22 11:00:00,0.2759,0.277,0.2747,0.276,1604090.0,442356.63
2025-12-22 12:00:00,0.276,0.279,0.2752,0.2767,1755327.0,484941.264
2025-12-22 13:00:00,0.2767,0.2774,0.275,0.2765,2287930.0,631962.7329
2025-12-22 14:00:00,0.2765,0.2792,0.275,0.2774,5162346.0,1428411.4739
2025-12-22 15:00:00,0.2774,0.279,0.2739,0.2772,4186889.0,1152556.914
2025-12-22 16:00:00,0.2772,0.2782,0.2754,0.2768,1285139.0,355649.8709
2025-12-22 17:00:00,0.2768,0.277,0.2748,0.2759,2021116.0,558292.9337
2025-12-22 18:00:00,0.2759,0.277,0.2741,0.2748,1485734.0,410158.1705
2025-12-22 19:00:00,0.2748,0.2749,0.2695,0.2703,3928400.0,1069904.6076
2025-12-22 20:00:00,0.2703,0.2715,0.2679,0.2687,2785709.0,750073.8048
2025-12-22 21:00:00,0.2687,0.2715,0.2685,0.2698,1022991.0,276177.8247
2025-12-22 22:00:00,0.2698,0.2726,0.2688,0.2723,658806.0,178197.7826
2025-12-22 23:00:00,0.2723,0.2724,0.2709,0.2716,644247.0,175012.7988
2025-12-23 00:00:00,0.2716,0.2746,0.2711,0.2734,399286.0,109001.7518
2025-12-23 01:00:00,0.2734,0.2735,0.2707,0.2716,463889.0,126152.6162
2025-12-23 02:00:00,0.2716,0.2733,0.2696,0.2699,540081.0,146351.9519
2025-12-23 03:00:00,0.2699,0.2709,0.2679,0.2699,1139340.0,307476.9881
2025-12-23 04:00:00,0.2699,0.2707,0.2687,0.2689,450066.0,121315.0908
2025-12-23 05:00:00,0.2689,0.2699,0.2674,0.2693,1485084.0,399566.374
2025-12-23 06:00:00,0.2693,0.2696,0.2662,0.2671,2435506.0,651373.3182
2025-12-23 07:00:00,0.2671,0.2678,0.2662,0.267,901005.0,240736.057
2025-12-23 08:00:00,0.267,0.2686,0.2658,0.2659,1169048.0,312056.3503
2025-12-23 09:00:00,0.2659,0.2675,0.2653,0.2673,1130171.0,300717.2056
2025-12-23 10:00:00,0.2673,0.269,0.2673,0.2684,1516388.0,406790.6932
2025-12-23 11:00:00,0.2684,0.27,0.2682,0.2686,1605421.0,431718.7416
2025-12-23 12:00:00,0.2686,0.2686,0.2658,0.267,2828953.0,754341.0605
2025-12-23 13:00:00,0.267,0.2682,0.2643,0.2656,1844854.0,490959.8
2025-12-23 14:00:00,0.2656,0.267,0.2609,0.2636,4106044.0,1089659.1025
2025-12-23 15:00:00,0.2636,0.2658,0.2626,0.2653,1082054.0,285749.247
2025-12-23 16:00:00,0.2653,0.2697,0.2644,0.2691,2309600.0,617894.4656
2025-12-23 17:00:00,0.2691,0.2707,0.2656,0.2656,814660.0,218811.5538
2025-12-23 18:00:00,0.2656,0.2724,0.2656,0.2708,1344985.0,363668.2237
2025-12-23 19:00:00,0.2708,0.2714,0.2692,0.2699,1527774.0,412471.9801
2025-12-23 20:00:00,0.2699,0.2748,0.2692,0.272,2527288.0,688570.0054
2025-12-23 21:00:00,0.272,0.2725,0.27,0.2703,662929.0,180021.1769
2025-12-23 22:00:00,0.2703,0.2708,0.2683,0.2695,921923.0,248660.4124
2025-12-23 23:00:00,0.2695,0.2709,0.2685,0.2703,478485.0,128935.9772
2025-12-24 00:00:00,0.2703,0.2716,0.2698,0.2712,992288.0,268662.8911
2025-12-24 01:00:00,0.2712,0.2722,0.2685,0.2694,854551.0,231091.4102
2025-12-24 02:00:00,0.2694,0.2695,0.2654,0.266,1665634.0,445018.4228
2025-12-24 03:00:00,0.266,0.268,0.2644,0.2678,897770.0,238385.9251
2025-12-24 04:00:00,0.2678,0.2693,0.2654,0.2656,846125.0,226044.269
2025-12-24 05:00:00,0.2656,0.2663,0.2631,0.2649,4585954.0,1213143.4638
2025-12-24 06:00:00,0.2649,0.2653,0.2623,0.2629,10359729.0,2728671.1536
2025-12-24 07:00:00,0.2629,0.2641,0.2619,0.262,383718.0,100918.8929
2025-12-24 08:00:00,0.262,0.263,0.261,0.2616,1673593.0,438318.018
2025-12-24 09:00:00,0.2616,0.263,0.2616,0.2621,953117.0,250080.7875
2025-12-24 10:00:00,0.2621,0.2632,0.2615,0.2617,1000480.0,262700.1073
2025-12-24 11:00:00,0.2617,0.2635,0.2617,0.2628,456897.0,119954.2816
2025-12-24 12:00:00,0.2628,0.2654,0.2624,0.265,1002044.0,264743.9867
2025-12-24 13:00:00,0.265,0.265,0.2626,0.2632,859678.0,226750.7904
2025-12-24 14:00:00,0.2632,0.2657,0.2597,0.2631,4114267.0,1078294.3052
2025-12-24 15:00:00,0.2631,0.2673,0.2617,0.2661,2754375.0,728023.1195
2025-12-24 16:00:00,0.2661,0.2672,0.2632,0.2647,2293855.0,607869.7241
2025-12-24 17:00:00,0.2647,0.2654,0.2619,0.2621,4142515.0,1094220.5754
2025-12-24 18:00:00,0.2621,0.2627,0.2613,0.2617,1263347.0,331059.5781
2025-12-24 19:00:00,0.2617,0.2634,0.2613,0.2629,1263800.0,331438.4694
2025-12-24 20:00:00,0.2629,0.2645,0.2627,0.263,1150682.0,303410.0848
2025-12-24 21:00:00,0.263,0.2638,0.2626,0.2633,577376.0,151983.5187
2025-12-24 22:00:00,0.2633,0.2662,0.2632,0.2654,743114.0,196785.6837
2025-12-24 23:00:00,0.2654,0.2656,0.2631,0.2633,683022.0,180366.9408
2025-12-25 00:00:00,0.2633,0.2637,0.2609,0.2612,1849362.0,485179.4173
2025-12-25 01:00:00,0.2612,0.263,0.261,0.2624,599086.0,156754.34
2025-12-25 02:00:00,0.2624,0.2652,0.2616,0.2651,295613.0,78005.4451
2025-12-25 03:00:00,0.2651,0.2654,0.2636,0.2649,555226.0,146743.7707
2025-12-25 04:00:00,0.2649,0.2667,0.2643,0.2662,705152.0,187378.6233
2025-12-25 05:00:00,0.2662,0.2662,0.2639,0.2639,589181.0,155831.4155
2025-12-25 06:00:00,0.2639,0.2654,0.2635,0.2647,386352.0,102109.4121
2025-12-25 07:00:00,0.2647,0.2655,0.2633,0.2654,681513.0,179892.6118
2025-12-25 08:00:00,0.2654,0.2671,0.2632,0.2637,1070834.0,283093.0283
2025-12-25 09:00:00,0.2637,0.2638,0.2622,0.2625,848814.0,223046.2211
2025-12-25 10:00:00,0.2625,0.2625,0.2585,0.2594,4101452.0,1068259.927
2025-12-25 11:00:00,0.2594,0.2607,0.2593,0.2603,788010.0,204807.495
2025-12-25 12:00:00,0.2603,0.2625,0.2598,0.2624,2210487.0,577839.4848
2025-12-25 13:00:00,0.2624,0.2635,0.2611,0.2623,855871.0,224405.2887
2025-12-25 14:00:00,0.2623,0.2627,0.2591,0.2603,1371061.0,357145.3248
2025-12-25 15:00:00,0.2603,0.2633,0.2594,0.2619,4225574.0,1104694.4034
2025-12-25 16:00:00,0.2619,0.2639,0.2596,0.2599,2875777.0,751967.9535
2025-12-25 17:00:00,0.2599,0.26,0.2569,0.2586,4803841.0,1240028.0001
2025-12-25 18:00:00,0.2586,0.2619,0.2584,0.2613,4615128.0,1197035.2961
2025-12-25 19:00:00,0.2613,0.2628,0.2606,0.2627,1401557.0,366517.9372
2025-12-25 20:00:00,0.2627,0.2633,0.2613,0.2628,1232169.0,323074.3917
2025-12-25 21:00:00,0.2628,0.2636,0.2623,0.2632,580378.0,152591.4386
2025-12-25 22:00:00,0.2632,0.2634,0.2547,0.2566,2726025.0,708064.3338
2025-12-25 23:00:00,0.2566,0.2573,0.2506,0.2517,3547582.0,901832.1736
2025-12-26 00:00:00,0.2517,0.2536,0.2508,0.2536,1598346.0,403129.941
2025-12-26 01:00:00,0.2536,0.2552,0.253,0.2547,971823.0,247335.0432
2025-12-26 02:00:00,0.2547,0.2676,0.2547,0.2657,7316768.0,1930382.3436
2025-12-26 03:00:00,0.2657,0.2665,0.2635,0.2646,1090033.0,288714.8533
2025-12-26 04:00:00,0.2646,0.2667,0.2622,0.2661,1536071.0,405961.2532
2025-12-26 05:00:00,0.2661,0.2663,0.2645,0.2656,484853.0,128659.907
2025-12-26 06:00:00,0.2656,0.2684,0.2645,0.267,1227485.0,327513.2708
2025-12-26 07:00:00,0.267,0.2673,0.2632,0.2639,1652817.0,439508.0043
2025-12-26 08:00:00,0.2639,0.2681,0.2636,0.2666,1898592.0,504688.3279
2025-12-26 09:00:00,0.2666,0.2672,0.265,0.2668,753029.0,200188.5865
2025-12-26 10:00:00,0.2668,0.2672,0.2662,0.2668,373571.0,99665.6011
2025-12-26 11:00:00,0.2668,0.2675,0.2662,0.2672,1549569.0,413529.8726
2025-12-26 12:00:00,0.2672,0.2699,0.2672,0.2697,3145917.0,844932.2771
2025-12-26 13:00:00,0.2697,0.2731,0.2688,0.269,3558201.0,963073.0174
2025-12-26 14:00:00,0.269,0.2692,0.2632,0.2642,4511558.0,1200227.8883
2025-12-26 15:00:00,0.2642,0.2645,0.2609,0.2632,2949227.0,775082.0344
2025-12-26 16:00:00,0.2632,0.2639,0.2591,0.2594,2570519.0,672953.4968
2025-12-26 17:00:00,0.2594,0.264,0.2589,0.2629,2340312.0,611346.0361
2025-12-26 18:00:00,0.2629,0.2659,0.2627,0.2652,1548933.0,410077.8531
2025-12-26 19:00:00,0.2652,0.268,0.265,0.2672,1042370.0,278239.9723
2025-12-26 20:00:00,0.2672,0.2691,0.2666,0.2678,968410.0,259590.7308
2025-12-26 21:00:00,0.2678,0.2685,0.2664,0.2666,2832600.0,757420.7711
2025-12-26 22:00:00,0.2666,0.2674,0.2658,0.267,1310134.0,349164.8245
2025-12-26 23:00:00,0.267,0.2678,0.2666,0.2678,431423.0,115236.358
2025-12-27 00:00:00,0.2678,0.27,0.2676,0.2689,323622.0,86963.1229
2025-12-27 01:00:00,0.2689,0.2713,0.2681,0.2712,650225.0,175355.6493
2025-12-27 02:00:00,0.2712,0.2724,0.2698,0.2722,1234562.0,334419.596
2025-12-27 03:00:00,0.2722,0.2725,0.2708,0.2721,705883.0,191984.1678
2025-12-27 04:00:00,0.2721,0.2725,0.2703,0.2709,1484025.0,401837.8846
2025-12-27 05:00:00,0.2709,0.2711,0.2698,0.2703,1354673.0,366110.0819
2025-12-27 06:00:00,0.2703,0.2705,0.2694,0.2699,431452.0,116364.2934
2025-12-27 07:00:00,0.2699,0.2714,0.2698,0.2705,898977.0,243506.3495
2025-12-27 08:00:00,0.2705,0.2713,0.2701,0.2704,1188827.0,321607.4557
2025-12-27 09:00:00,0.2704,0.2717,0.2696,0.2699,774614.0,209375.3373
2025-12-27 10:00:00,0.2699,0.2708,0.2683,0.2706,3501522.0,943310.0215
2025-12-27 11:00:00,0.2706,0.2744,0.2704,0.2744,4141318.0,1126389.1006
2025-12-27 12:00:00,0.2744,0.2753,0.2726,0.2732,858148.0,234664.9778
2025-12-27 13:00:00,0.2732,0.2734,0.2712,0.2716,2278900.0,620345.1793
2025-12-27 14:00:00,0.2716,0.2739,0.2716,0.2736,934140.0,254944.1153
2025-12-27 15:00:00,0.2736,0.2747,0.2733,0.2741,603850.0,165381.6703
2025-12-27 16:00:00,0.2741,0.2761,0.2741,0.2755,2624145.0,722268.9305
2025-12-27 17:00:00,0.2755,0.276,0.2735,0.2743,1239605.0,340574.3421
2025-12-27 18:00:00,0.2743,0.2749,0.273,0.2744,1483369.0,406439.5424
2025-12-27 19:00:00,0.2744,0.2744,0.2729,0.2731,435116.0,118993.9528
2025-12-27 20:00:00,0.2731,0.2743,0.2726,0.2729,473307.0,129301.4368
2025-12-27 21:00:00,0.2729,0.2768,0.2729,0.2764,1324299.0,365433.5525
2025-12-27 22:00:00,0.2764,0.2796,0.2744,0.2756,4109200.0,1135969.6758
2025-12-27 23:00:00,0.2756,0.2801,0.2756,0.2784,3109573.0,862807.9322
2025-12-28 00:00:00,0.2784,0.2796,0.2769,0.2772,1520404.0,422324.9153
2025-12-28 01:00:00,0.2772,0.2779,0.2754,0.2759,968228.0,267405.1276
2025-12-28 02:00:00,0.2759,0.2775,0.2758,0.2766,553543.0,153091.4929
2025-12-28 03:00:00,0.2766,0.2772,0.2756,0.2769,510879.0,141257.1021
2025-12-28 04:00:00,0.2769,0.278,0.2765,0.2769,265526.0,73587.0479
2025-12-28 05:00:00,0.2769,0.2778,0.276,0.2768,955913.0,264408.7152
2025-12-28 06:00:00,0.2768,0.2784,0.2766,0.2776,547796.0,152002.6181
2025-12-28 07:00:00,0.2776,0.2784,0.2768,0.2773,1589222.0,440578.1751
2025-12-28 08:00:00,0.2773,0.2787,0.2769,0.2772,440999.0,122577.0381
2025-12-28 09:00:00,0.2772,0.2775,0.2758,0.2766,593160.0,164066.805
2025-12-28 10:00:00,0.2766,0.2778,0.2764,0.2767,937532.0,259793.6758
2025-12-28 11:00:00,0.2767,0.2775,0.2746,0.2755,1437980.0,396316.8428
2025-12-28 12:00:00,0.2755,0.2756,0.2738,0.2741,776453.0,213175.7031
2025-12-28 13:00:00,0.2741,0.2756,0.2741,0.2754,1678062.0,461538.4045
2025-12-28 14:00:00,0.2754,0.2777,0.2753,0.2768,1134829.0,313979.3214
2025-12-28 15:00:00,0.2768,0.2776,0.2752,0.2755,2750017.0,759573.8556
2025-12-28 16:00:00,0.2755,0.2761,0.2744,0.2754,781065.0,215216.7561
2025-12-28 17:00:00,0.2754,0.2767,0.275,0.2754,649070.0,179053.958
2025-12-28 18:00:00,0.2754,0.2756,0.2711,0.2714,1369662.0,373227.7222
2025-12-28 19:00:00,0.2714,0.2726,0.27,0.2708,1225217.0,332363.2091
2025-12-28 20:00:00,0.2708,0.2715,0.2692,0.2704,1016695.0,275028.8752
2025-12-28 21:00:00,0.2704,0.2711,0.2693,0.2709,588391.0,158848.7857
2025-12-28 22:00:00,0.2709,0.2735,0.2704,0.273,954461.0,259170.4119
2025-12-28 23:00:00,0.273,0.2739,0.2712,0.2737,230783.0,62917.902
2025-12-29 00:00:00,0.2737,0.2787,0.2734,0.2763,1335976.0,368929.1085
2025-12-29 01:00:00,0.2763,0.2786,0.2731,0.2774,1296366.0,358011.5031
2025-12-29 02:00:00,0.2774,0.2809,0.2771,0.2776,1320036.0,367383.1762
2025-12-29 03:00:00,0.2776,0.2832,0.2776,0.2826,2083596.0,584736.9029
2025-12-29 04:00:00,0.2826,0.2835,0.2809,0.2819,1737110.0,489669.1176
2025-12-29 05:00:00,0.2819,0.2838,0.2809,0.2817,1534246.0,432383.5103
2025-12-29 06:00:00,0.2817,0.2826,0.2803,0.281,1278896.0,359540.3061
2025-12-29 07:00:00,0.281,0.2819,0.2786,0.2816,1684069.0,471693.5657
2025-12-29 08:00:00,0.2816,0.2824,0.28,0.2806,1429507.0,402233.4605
2025-12-29 09:00:00,0.2806,0.2807,0.2736,0.2761,2021950.0,557957.5583
2025-12-29 10:00:00,0.2761,0.2785,0.2757,0.2775,758912.0,210372.095
2025-12-29 11:00:00,0.2775,0.2784,0.2756,0.2757,717624.0,198777.221
2025-12-29 12:00:00,0.2757,0.2759,0.2691,0.273,3302194.0,897347.0224
2025-12-29 13:00:00,0.273,0.2734,0.2707,0.2714,1145667.0,311442.4947
2025-12-29 14:00:00,0.2714,0.2759,0.2694,0.2716,2712334.0,738092.116
2025-12-29 15:00:00,0.2716,0.2749,0.2716,0.2729,6239845.0,1705071.6838
2025-12-29 16:00:00,0.2729,0.2735,0.2712,0.2715,4612357.0,1255895.6273
2025-12-29 17:00:00,0.2715,0.274,0.2703,0.2739,2114788.0,575831.4244
2025-12-29 18:00:00,0.2739,0.2748,0.2713,0.2716,1509318.0,412760.2062
2025-12-29 19:00:00,0.2716,0.2742,0.2707,0.2709,3082790.0,837435.5373
2025-12-29 20:00:00,0.2709,0.2719,0.2691,0.27,2118497.0,572423.1489
2025-12-29 21:00:00,0.27,0.2718,0.2698,0.2708,482466.0,130706.1867
2025-12-29 22:00:00,0.2708,0.2712,0.2698,0.2702,238161.0,64380.787
2025-12-29 23:00:00,0.2702,0.2702,0.2681,0.2692,1001935.0,269590.8297
2025-12-30 00:00:00,0.2692,0.2707,0.2677,0.2694,2783778.0,749266.2253
2025-12-30 01:00:00,0.2694,0.2708,0.2685,0.2697,595554.0,160732.65
2025-12-30 02:00:00,0.2697,0.2701,0.2674,0.2683,1414077.0,379465.7914
2025-12-30 03:00:00,0.2683,0.2689,0.266,0.2681,1548612.0,413925.6306
2025-12-30 04:00:00,0.2681,0.2698,0.2672,0.2687,1004928.0,270304.3432
2025-12-30 05:00:00,0.2687,0.2688,0.2662,0.2675,1497128.0,400163.4601
2025-12-30 06:00:00,0.2675,0.2702,0.2672,0.2689,803699.0,216055.545
2025-12-30 07:00:00,0.2689,0.2698,0.2679,0.2686,781195.0,209946.4882
2025-12-30 08:00:00,0.2686,0.2755,0.2685,0.2727,2421592.0,662612.5623
2025-12-30 09:00:00,0.2727,0.2751,0.2721,0.2745,1454079.0,397220.9008
2025-12-30 10:00:00,0.2745,0.2749,0.2723,0.2732,1486543.0,406431.9459
2025-12-30 11:00:00,0.2732,0.2743,0.2726,0.2742,1552591.0,424207.8886
2025-12-30 12:00:00,0.2742,0.2747,0.273,0.2732,1364485.0,373479.6043
2025-12-30 13:00:00,0.2732,0.2751,0.273,0.274,1257627.0,344859.5659
2025-12-30 14:00:00,0.274,0.2755,0.2699,0.2737,5797436.0,1576150.2659
2025-12-30 15:00:00,0.2737,0.275,0.2709,0.2747,2431865.0,663060.1148
2025-12-30 16:00:00,0.2747,0.2762,0.2714,0.2724,3005744.0,821238.7716
2025-12-30 17:00:00,0.2724,0.273,0.2695,0.2709,1273148.0,344654.9979
2025-12-30 18:00:00,0.2709,0.2717,0.2699,0.2711,1518555.0,410583.8416
2025-12-30 19:00:00,0.2711,0.2729,0.269,0.2727,2221721.0,602035.6692
2025-12-30 20:00:00,0.2727,0.2727,0.2703,0.2705,758548.0,205634.1397
2025-12-30 21:00:00,0.2705,0.2715,0.2695,0.2702,2972399.0,802655.347
2025-12-30 22:00:00,0.2702,0.271,0.2696,0.2705,656843.0,177488.0473
2025-12-30 23:00:00,0.2705,0.2722,0.2702,0.2715,722183.0,196017.9531
2025-12-31 00:00:00,0.2715,0.2715,0.2688,0.2694,1732196.0,466638.9965
2025-12-31 01:00:00,0.2694,0.2725,0.2689,0.2712,1393840.0,377561.3792
2025-12-31 02:00:00,0.2712,0.2719,0.2696,0.2705,1518745.0,410550.8069
2025-12-31 03:00:00,0.2705,0.2712,0.2689,0.2695,1398729.0,377278.1617
2025-12-31 04:00:00,0.2695,0.27,0.2689,0.2693,220488.0,59370.7165
2025-12-31 05:00:00,0.2693,0.2702,0.269,0.2693,1139002.0,307120.6805
2025-12-31 06:00:00,0.2693,0.2704,0.269,0.2701,341142.0,92046.8727
2025-12-31 07:00:00,0.2701,0.2705,0.269,0.2703,299448.0,80782.1721
2025-12-31 08:00:00,0.2703,0.2712,0.2679,0.2682,3113989.0,836583.0235
2025-12-31 09:00:00,0.2682,0.2698,0.2682,0.2695,832375.0,223784.2999
2025-12-31 10:00:00,0.2695,0.2696,0.2674,0.2679,1966651.0,526903.8326
2025-12-31 11:00:00,0.2679,0.2707,0.2677,0.2706,916944.0,247453.2274
2025-12-31 12:00:00,0.2706,0.2706,0.2684,0.2691,806288.0,217109.607
2025-12-31 13:00:00,0.2691,0.271,0.2686,0.2707,694240.0,187316.5253
2025-12-31 14:00:00,0.2707,0.2731,0.2688,0.2708,2450290.0,664503.3068
2025-12-31 15:00:00,0.2708,0.2711,0.2669,0.2677,1346730.0,361934.5675
2025-12-31 16:00:00,0.2677,0.2687,0.2598,0.2621,4490405.0,1185325.7435
2025-12-31 17:00:00,0.2621,0.2628,0.2604,0.2613,1560873.0,407796.6195
2025-12-31 18:00:00,0.2613,0.263,0.2599,0.2614,584224.0,152677.2544
2025-12-31 19:00:00,0.2614,0.2658,0.2614,0.2645,426358.0,112629.3667
2025-12-31 20:00:00,0.2645,0.2678,0.2621,0.2672,772540.0,204359.8533
2025-12-31 21:00:00,0.2672,0.2691,0.2666,0.2686,805530.0,216082.5654
2025-12-31 22:00:00,0.2686,0.2697,0.2679,0.2687,444911.0,119475.5383
2025-12-31 23:00:00,0.2687,0.2692,0.2676,0.2678,312378.0,83906.3202
2026-01-01 00:00:00,0.2678,0.271,0.2678,0.2683,400083.0,107817.4356
2026-01-01 01:00:00,0.2683,0.2698,0.2667,0.267,423771.0,113378.3154
2026-01-01 02:00:00,0.267,0.2678,0.2659,0.2664,827261.0,220627.595
2026-01-01 03:00:00,0.2664,0.2673,0.2657,0.2661,1077164.0,286632.3193
2026-01-01 04:00:00,0.2661,0.2661,0.2642,0.2656,1966985.0,521259.8697
2026-01-01 05:00:00,0.2656,0.2699,0.2656,0.2698,381553.0,102387.6042
2026-01-01 06:00:00,0.2698,0.2704,0.2689,0.2692,176514.0,47586.1385
2026-01-01 07:00:00,0.2692,0.2703,0.269,0.2699,350905.0,94605.0806
2026-01-01 08:00:00,0.2699,0.2717,0.2691,0.2714,593529.0,160705.9018
2026-01-01 09:00:00,0.2714,0.2739,0.2714,0.2734,1794253.0,489314.1647
2026-01-01 10:00:00,0.2734,0.2746,0.2727,0.2742,1476099.0,404356.862
2026-01-01 11:00:00,0.2742,0.2753,0.2731,0.2741,1498450.0,410633.6787
2026-01-01 12:00:00,0.2741,0.2746,0.2721,0.2741,993418.0,272090.998
2026-01-01 13:00:00,0.2741,0.2774,0.2738,0.2769,3461245.0,954778.0134
2026-01-01 14:00:00,0.2769,0.2796,0.276,0.2782,10796616.0,2991421.3757
2026-01-01 15:00:00,0.2782,0.2836,0.2778,0.2819,3994752.0,1119628.5095
2026-01-01 16:00:00,0.2819,0.2836,0.2809,0.2836,3244849.0,917008.7564
2026-01-01 17:00:00,0.2836,0.2879,0.2833,0.286,1864888.0,532696.0007
2026-01-01 18:00:00,0.286,0.2872,0.2852,0.2872,1279920.0,366890.9118
2026-01-01 19:00:00,0.2872,0.2922,0.2869,0.2922,1009685.0,291477.8892
2026-01-01 20:00:00,0.2922,0.2934,0.2889,0.2903,975804.0,283366.3028
2026-01-01 21:00:00,0.2903,0.2909,0.2888,0.2907,387064.0,112205.1149
2026-01-01 22:00:00,0.2907,0.2962,0.2907,0.2958,2246206.0,660886.766
2026-01-01 23:00:00,0.2958,0.2978,0.2955,0.2966,886339.0,262982.5523
2026-01-02 00:00:00,0.2966,0.2978,0.2953,0.2969,512308.0,151669.5588
2026-01-02 01:00:00,0.2969,0.2989,0.2958,0.2972,1375756.0,409317.73
2026-01-02 02:00:00,0.2972,0.298,0.296,0.2979,3868067.0,1148918.5225
2026-01-02 03:00:00,0.2979,0.3016,0.2968,0.2995,2376330.0,710160.8419
2026-01-02 04:00:00,0.2995,0.3,0.2962,0.2984,581525.0,173343.1434
2026-01-02 05:00:00,0.2984,0.2988,0.2968,0.2984,511033.0,152128.5266
2026-01-02 06:00:00,0.2984,0.299,0.2967,0.2969,820949.0,244663.376
2026-01-02 07:00:00,0.2969,0.297,0.2943,0.2943,1395044.0,411721.6254
2026-01-02 08:00:00,0.2943,0.2964,0.2941,0.2954,714172.0,210532.9296
2026-01-02 09:00:00,0.2954,0.3001,0.2942,0.2983,1477345.0,438834.1595
2026-01-02 10:00:00,0.2983,0.2985,0.2968,0.2981,1094769.0,326111.4269
2026-01-02 11:00:00,0.2981,0.2981,0.2949,0.2963,1699451.0,503960.8391
2026-01-02 12:00:00,0.2963,0.3012,0.2953,0.301,1989374.0,594020.8077
2026-01-02 13:00:00,0.301,0.3023,0.2988,0.299,1744317.0,524527.4714
2026-01-02 14:00:00,0.299,0.3026,0.2953,0.299,3121636.0,931848.9598
2026-01-02 15:00:00,0.299,0.301,0.2961,0.2988,1219524.0,364429.3084
2026-01-02 16:00:00,0.2988,0.3043,0.2977,0.3033,1973050.0,594889.39
2026-01-02 17:00:00,0.3033,0.3048,0.2996,0.3004,1677968.0,508288.5821
2026-01-02 18:00:00,0.3004,0.3021,0.2993,0.301,1091854.0,328499.3425
2026-01-02 19:00:00,0.301,0.3042,0.3003,0.3038,764921.0,231470.3514
2026-01-02 20:00:00,0.3038,0.3047,0.3019,0.3032,1030777.0,312212.7986
2026-01-02 21:00:00,0.3032,0.3052,0.3023,0.3039,967263.0,293481.5132
2026-01-02 22:00:00,0.3039,0.3067,0.3034,0.3052,2072787.0,631953.2436
2026-01-02 23:00:00,0.3052,0.3063,0.3045,0.3061,777683.0,237447.3636
2026-01-03 00:00:00,0.3061,0.3063,0.304,0.3041,1152120.0,351851.1952
2026-01-03 01:00:00,0.3041,0.3055,0.3032,0.3054,962658.0,293542.4693
2026-01-03 02:00:00,0.3054,0.3083,0.3042,0.3072,1270941.0,389647.351
2026-01-03 03:00:00,0.3072,0.3082,0.3047,0.3078,1119717.0,343156.812
2026-01-03 04:00:00,0.3078,0.3079,0.3058,0.3066,500665.0,153512.7253
2026-01-03 05:00:00,0.3066,0.3082,0.306,0.3081,1056088.0,324467.5017
2026-01-03 06:00:00,0.3081,0.3092,0.3043,0.3051,1744150.0,536593.7984
2026-01-03 07:00:00,0.3051,0.3058,0.3003,0.302,1465720.0,443198.1805
2026-01-03 08:00:00,0.302,0.3062,0.3006,0.3061,1325136.0,403432.0653
2026-01-03 09:00:00,0.3061,0.307,0.3025,0.3026,1376204.0,419024.1741
2026-01-03 10:00:00,0.3026,0.303,0.3019,0.3021,349664.0,105764.9304
2026-01-03 11:00:00,0.3021,0.3032,0.3014,0.3032,579129.0,174959.1685
2026-01-03 12:00:00,0.3032,0.306,0.3022,0.3051,3692888.0,1121173.6907
2026-01-03 13:00:00,0.3051,0.3071,0.3046,0.3067,1679682.0,513656.2367
2026-01-03 14:00:00,0.3067,0.3082,0.3061,0.3073,956454.0,293616.5066
2026-01-03 15:00:00,0.3073,0.3075,0.3055,0.3057,1049165.0,321375.9108
2026-01-03 16:00:00,0.3057,0.3114,0.3057,0.3101,5078658.0,1569312.2474
2026-01-03 17:00:00,0.3101,0.3107,0.3087,0.3094,1124485.0,348302.3763
2026-01-03 18:00:00,0.3094,0.3103,0.3078,0.3096,799322.0,247092.4966
2026-01-03 19:00:00,0.3096,0.3097,0.3085,0.3096,332942.0,102904.723
2026-01-03 20:00:00,0.3096,0.3097,0.3072,0.3083,1650711.0,509451.6173
2026-01-03 21:00:00,0.3083,0.3101,0.3075,0.3089,1477742.0,456346.8746
2026-01-03 22:00:00,0.3089,0.3119,0.308,0.3115,907925.0,281596.0108
2026-01-03 23:00:00,0.3115,0.3116,0.3097,0.3103,516832.0,160485.9853
2026-01-04 00:00:00,0.3103,0.3141,0.3094,0.3122,1356938.0,423270.8332
2026-01-04 01:00:00,0.3122,0.3126,0.3101,0.3123,713100.0,221807.6627
2026-01-04 02:00:00,0.3123,0.3143,0.3118,0.3129,708145.0,221602.091
2026-01-04 03:00:00,0.3129,0.3158,0.3129,0.3147,1156452.0,364104.8489
2026-01-04 04:00:00,0.3147,0.316,0.3125,0.3126,678517.0,213210.3345
2026-01-04 05:00:00,0.3126,0.3159,0.3126,0.3159,590442.0,185810.5728
2026-01-04 06:00:00,0.3159,0.3166,0.3123,0.3129,1149062.0,361512.0105
2026-01-04 07:00:00,0.3129,0.3157,0.3119,0.3144,1266763.0,397513.1962
2026-01-04 08:00:00,0.3144,0.3152,0.3118,0.3144,1032243.0,323953.5982
2026-01-04 09:00:00,0.3144,0.3175,0.3135,0.316,1175826.0,371666.5896
2026-01-04 10:00:00,0.316,0.3168,0.3138,0.3144,1345260.0,423860.2823
2026-01-04 11:00:00,0.3144,0.3167,0.3132,0.3164,1069180.0,337140.9618
2026-01-04 12:00:00,0.3164,0.3197,0.316,0.3168,2228389.0,707923.1907
2026-01-04 13:00:00,0.3168,0.3193,0.3151,0.3192,2023198.0,641625.0937
2026-01-04 14:00:00,0.3192,0.3201,0.3175,0.3201,1418200.0,452360.2423
2026-01-04 15:00:00,0.3201,0.3218,0.3184,0.3204,1887156.0,604149.6084
2026-01-04 16:00:00,0.3204,0.3249,0.3195,0.3241,2543041.0,821119.7279
2026-01-04 17:00:00,0.3241,0.3246,0.3219,0.3233,2479732.0,800986.5281
2026-01-04 18:00:00,0.3233,0.3239,0.3196,0.3213,2279305.0,731850.2198
2026-01-04 19:00:00,0.3213,0.3213,0.3153,0.3183,2514874.0,797864.2223
2026-01-04 20:00:00,0.3183,0.3187,0.3171,0.3171,592967.0,188481.8691
2026-01-04 21:00:00,0.3171,0.3203,0.3162,0.3185,844704.0,268557.6769
2026-01-04 22:00:00,0.3185,0.3202,0.3173,0.3184,525563.0,167444.2184
2026-01-04 23:00:00,0.3184,0.3211,0.3179,0.3193,431624.0,137877.2599
2026-01-05 00:00:00,0.3193,0.3219,0.317,0.3202,1727175.0,552474.2046
2026-01-05 01:00:00,0.3202,0.3238,0.3194,0.3218,2460598.0,792271.3776
2026-01-05 02:00:00,0.3218,0.3232,0.3183,0.3218,2206039.0,705798.6137
2026-01-05 03:00:00,0.3218,0.322,0.3192,0.3198,619435.0,198153.2455
2026-01-05 04:00:00,0.3198,0.3208,0.3136,0.3164,1935980.0,610022.7878
2026-01-05 05:00:00,0.3164,0.3187,0.3152,0.3161,916869.0,291231.8151
2026-01-05 06:00:00,0.3161,0.317,0.3133,0.3163,638594.0,201297.7394
2026-01-05 07:00:00,0.3163,0.3199,0.3152,0.3187,940717.0,299910.0613
2026-01-05 08:00:00,0.3187,0.3194,0.3151,0.3154,720468.0,228388.2215
2026-01-05 09:00:00,0.3154,0.3155,0.3123,0.3139,1544477.0,485016.9607
2026-01-05 10:00:00,0.3139,0.3159,0.312,0.3138,1973458.0,619411.1414
2026-01-05 11:00:00,0.3138,0.3151,0.3128,0.3149,687206.0,215802.1969
2026-01-05 12:00:00,0.3149,0.3172,0.3135,0.3163,1511238.0,477134.0171
2026-01-05 13:00:00,0.3163,0.3165,0.3132,0.3152,1198321.0,376958.7079
2026-01-05 14:00:00,0.3152,0.3204,0.314,0.3188,3011636.0,956055.0784
2026-01-05 15:00:00,0.3188,0.3239,0.3162,0.3232,2774630.0,888532.009
2026-01-05 16:00:00,0.3232,0.3243,0.3216,0.3223,1162316.0,375435.5548
2026-01-05 17:00:00,0.3223,0.3267,0.3178,0.3252,2680786.0,863258.3134
2026-01-05 18:00:00,0.3252,0.3292,0.3239,0.3288,1826699.0,597067.3636
2026-01-05 19:00:00,0.3288,0.3289,0.325,0.3258,873040.0,285621.3126
2026-01-05 20:00:00,0.3258,0.3316,0.3258,0.3277,1706858.0,561320.5966
2026-01-05 21:00:00,0.3277,0.329,0.327,0.328,1399222.0,459099.5444
2026-01-05 22:00:00,0.328,0.3339,0.3273,0.332,1266308.0,419293.3512
2026-01-05 23:00:00,0.332,0.3326,0.3286,0.3291,794067.0,261753.7562
2026-01-06 00:00:00,0.3291,0.3304,0.3251,0.3294,1464327.0,479259.3178
2026-01-06 01:00:00,0.3294,0.3325,0.3272,0.3273,1010464.0,333757.1765
2026-01-06 02:00:00,0.3273,0.3292,0.3267,0.3272,648139.0,212726.3523
2026-01-06 03:00:00,0.3272,0.3321,0.327,0.3304,360062.0,118882.0692
2026-01-06 04:00:00,0.3304,0.3316,0.3291,0.3296,278871.0,92058.203
2026-01-06 05:00:00,0.3296,0.3307,0.3277,0.3282,711643.0,234290.8898
2026-01-06 06:00:00,0.3282,0.3309,0.3263,0.3284,1080027.0,354081.173
2026-01-06 07:00:00,0.3284,0.3287,0.3243,0.3258,2218276.0,724462.3209
2026-01-06 08:00:00,0.3258,0.3287,0.3257,0.3263,1934426.0,633198.4676
2026-01-06 09:00:00,0.3263,0.3292,0.3256,0.3286,852071.0,278937.5193
2026-01-06 10:00:00,0.3286,0.3298,0.3276,0.3288,950697.0,312558.3286
2026-01-06 11:00:00,0.3288,0.3321,0.3285,0.3315,2147186.0,710499.8352
2026-01-06 12:00:00,0.3315,0.335,0.3308,0.3346,4316111.0,1437924.9086
2026-01-06 13:00:00,0.3346,0.336,0.3333,0.3334,4834605.0,1618262.29
2026-01-06 14:00:00,0.3334,0.3404,0.3304,0.3321,8953537.0,3006557.7612
2026-01-06 15:00:00,0.3321,0.3349,0.326,0.3282,5641344.0,1867760.3919
2026-01-06 16:00:00,0.3282,0.3289,0.3194,0.3226,6262485.0,2026545.6642
2026-01-06 17:00:00,0.3226,0.3239,0.3141,0.3149,9751723.0,3114110.7105
2026-01-06 18:00:00,0.3149,0.3202,0.3135,0.3194,3832881.0,1215065.6903
2026-01-06 19:00:00,0.3194,0.3207,0.3185,0.3191,2131983.0,682100.7111
2026-01-06 20:00:00,0.3191,0.3251,0.319,0.3245,1139782.0,367497.7523
2026-01-06 21:00:00,0.3245,0.333,0.3232,0.3315,2154820.0,706939.1592
2026-01-06 22:00:00,0.3315,0.3322,0.3277,0.3288,876837.0,289399.9035
2026-01-06 23:00:00,0.3288,0.332,0.3286,0.3312,1160045.0,383597.7482
2026-01-07 00:00:00,0.3312,0.3318,0.3245,0.3245,1616496.0,530439.8565
2026-01-07 01:00:00,0.3245,0.3264,0.3225,0.3229,2277133.0,737246.6539
2026-01-07 02:00:00,0.3229,0.3256,0.3221,0.3249,1878835.0,606265.4537
2026-01-07 03:00:00,0.3249,0.3262,0.3231,0.3238,423309.0,137582.1259
2026-01-07 04:00:00,0.3238,0.325,0.3231,0.3234,617703.0,200062.7549
2026-01-07 05:00:00,0.3234,0.3262,0.3233,0.324,1084059.0,351968.951
2026-01-07 06:00:00,0.324,0.325,0.3232,0.3233,401228.0,130026.2775
2026-01-07 07:00:00,0.3233,0.3298,0.3233,0.3298,2762071.0,904114.3358
2026-01-07 08:00:00,0.3298,0.3323,0.329,0.331,2353329.0,777321.467
2026-01-07 09:00:00,0.331,0.3314,0.3241,0.3245,2305501.0,753797.6459
2026-01-07 10:00:00,0.3245,0.326,0.3235,0.3251,2058476.0,669317.5194
2026-01-07 11:00:00,0.3251,0.3264,0.3239,0.3257,1175941.0,382617.2721
2026-01-07 12:00:00,0.3257,0.3257,0.3212,0.3213,1316336.0,424756.1304
2026-01-07 13:00:00,0.3213,0.3234,0.3197,0.3201,1825335.0,587018.057
2026-01-07 14:00:00,0.3201,0.3205,0.3138,0.3199,9430796.0,2997253.0669
2026-01-07 15:00:00,0.3199,0.32,0.3126,0.3154,2358922.0,743629.1823
2026-01-07 16:00:00,0.3154,0.3181,0.3144,0.3167,2725054.0,862672.0256
2026-01-07 17:00:00,0.3167,0.3196,0.3161,0.3172,626377.0,199107.2368
2026-01-07 18:00:00,0.3172,0.32,0.3163,0.3181,831368.0,264350.4675
2026-01-07 19:00:00,0.3181,0.3191,0.315,0.3184,832622.0,263598.979
2026-01-07 20:00:00,0.3184,0.319,0.3152,0.3163,1016504.0,322137.9309
2026-01-07 21:00:00,0.3163,0.3176,0.3153,0.3155,626333.0,197990.3028
2026-01-07 22:00:00,0.3155,0.3182,0.3144,0.3154,1259684.0,397280.7032
2026-01-07 23:00:00,0.3154,0.3187,0.3135,0.3167,1702420.0,540533.5107
2026-01-08 00:00:00,0.3167,0.3182,0.3158,0.3175,450790.0,142876.6009
2026-01-08 01:00:00,0.3175,0.3186,0.3166,0.3178,272087.0,86428.8289
2026-01-08 02:00:00,0.3178,0.3184,0.3149,0.3158,547079.0,172825.5973
2026-01-08 03:00:00,0.3158,0.3176,0.3119,0.3133,1594780.0,501420.4226
2026-01-08 04:00:00,0.3133,0.3167,0.3124,0.3157,497072.0,156318.7959
2026-01-08 05:00:00,0.3157,0.3184,0.3151,0.3154,506979.0,160422.8599
2026-01-08 06:00:00,0.3154,0.3161,0.309,0.3093,3880130.0,1209486.956
2026-01-08 07:00:00,0.3093,0.3147,0.3075,0.3143,2114814.0,656256.7553
2026-01-08 08:00:00,0.3143,0.3162,0.3119,0.3123,1624451.0,510534.7279
2026-01-08 09:00:00,0.3123,0.3137,0.3091,0.3096,1804703.0,560249.4423
2026-01-08 10:00:00,0.3096,0.3128,0.3065,0.3123,2532600.0,781491.2693
2026-01-08 11:00:00,0.3123,0.3126,0.3076,0.309,1662886.0,513826.7984
2026-01-08 12:00:00,0.309,0.3091,0.3049,0.3063,2422635.0,742711.5969
2026-01-08 13:00:00,0.3063,0.3075,0.3049,0.3061,1104292.0,338297.3995
2026-01-08 14:00:00,0.3061,0.3211,0.3036,0.3137,3064198.0,943436.8027
2026-01-08 15:00:00,0.3137,0.3195,0.3104,0.3185,15066248.0,4742862.41
2026-01-08 16:00:00,0.3185,0.3195,0.3133,0.3172,5889524.0,1864408.8927
2026-01-08 17:00:00,0.3172,0.3198,0.3154,0.3178,1437229.0,455948.9093
2026-01-08 18:00:00,0.3178,0.3178,0.3143,0.3154,1190649.0,376204.3098
2026-01-08 19:00:00,0.3154,0.3168,0.3135,0.3143,1141235.0,359498.0526
2026-01-08 20:00:00,0.3143,0.3143,0.3111,0.3137,1214196.0,379921.0746
2026-01-08 21:00:00,0.3137,0.3166,0.3135,0.3161,401050.0,126536.2097
2026-01-08 22:00:00,0.3161,0.3185,0.3146,0.3167,947279.0,299815.3497
2026-01-08 23:00:00,0.3167,0.3172,0.3141,0.3142,661152.0,208587.7289
2026-01-09 00:00:00,0.3142,0.3154,0.3139,0.3149,549877.0,173169.6604
2026-01-09 01:00:00,0.3149,0.3176,0.3114,0.3132,896605.0,281555.4409
2026-01-09 02:00:00,0.3132,0.3156,0.3125,0.3134,603866.0,189829.8767
2026-01-09 03:00:00,0.3134,0.3181,0.3132,0.3179,799421.0,253126.9593
2026-01-09 04:00:00,0.3179,0.3185,0.3159,0.3164,532369.0,168846.1025
2026-01-09 05:00:00,0.3164,0.3174,0.3145,0.3151,213164.0,67340.1374
2026-01-09 06:00:00,0.3151,0.3169,0.3144,0.3163,357896.0,113039.232
2026-01-09 07:00:00,0.3163,0.3168,0.315,0.3158,965155.0,304899.1866
2026-01-09 08:00:00,0.3158,0.3164,0.3103,0.3123,1763261.0,550669.3826
2026-01-09 09:00:00,0.3123,0.3168,0.3122,0.3145,1549687.0,487336.9592
2026-01-09 10:00:00,0.3145,0.3157,0.3133,0.3152,718302.0,225766.5934
2026-01-09 11:00:00,0.3152,0.3168,0.3143,0.3143,1625578.0,513413.5379
2026-01-09 12:00:00,0.3143,0.3148,0.3118,0.3125,2130334.0,665985.4133
2026-01-09 13:00:00,0.3125,0.3165,0.3124,0.3156,2841233.0,895158.2859
2026-01-09 14:00:00,0.3156,0.3157,0.3094,0.3108,3741390.0,1165662.5738
2026-01-09 15:00:00,0.3108,0.3213,0.3083,0.3179,8853498.0,2796366.2236
2026-01-09 16:00:00,0.3179,0.324,0.3179,0.3216,2520089.0,809589.3464
2026-01-09 17:00:00,0.3216,0.3217,0.3161,0.32,1730137.0,550893.4142
2026-01-09 18:00:00,0.32,0.3203,0.3131,0.3165,999613.0,316283.4476
2026-01-09 19:00:00,0.3165,0.3165,0.3112,0.313,1520274.0,475970.3414
2026-01-09 20:00:00,0.313,0.3164,0.3127,0.3144,540059.0,169805.6478
2026-01-09 21:00:00,0.3144,0.3168,0.3127,0.3158,422607.0,133137.0065
2026-01-09 22:00:00,0.3158,0.3175,0.3146,0.3167,450074.0,142129.975
2026-01-09 23:00:00,0.3167,0.3168,0.3144,0.3149,530871.0,167371.1752
2026-01-10 00:00:00,0.3149,0.3152,0.313,0.3142,367327.0,115345.3406
2026-01-10 01:00:00,0.3142,0.3157,0.3137,0.3149,539462.0,169914.2187
2026-01-10 02:00:00,0.3149,0.3151,0.3126,0.3133,556663.0,174458.6032
2026-01-10 03:00:00,0.3133,0.3144,0.3117,0.3141,680057.0,212444.3975
2026-01-10 04:00:00,0.3141,0.3142,0.3117,0.3131,213425.0,66780.1042
2026-01-10 05:00:00,0.3131,0.314,0.3125,0.3129,171634.0,53795.4607
2026-01-10 06:00:00,0.3129,0.3144,0.3109,0.3141,1004013.0,313814.0827
2026-01-10 07:00:00,0.3141,0.3176,0.314,0.3172,736498.0,233054.1874
2026-01-10 08:00:00,0.3172,0.3192,0.3171,0.319,632362.0,201112.9706
2026-01-10 09:00:00,0.319,0.3212,0.3187,0.3199,832719.0,266469.5609
2026-01-10 10:00:00,0.3199,0.3222,0.3192,0.3218,1078088.0,346128.2205
2026-01-10 11:00:00,0.3218,0.3225,0.3206,0.3223,1017739.0,327154.2299
2026-01-10 12:00:00,0.3223,0.3278,0.3221,0.327,3043455.0,988000.847
2026-01-10 13:00:00,0.327,0.3274,0.3226,0.3232,2132205.0,694527.2027
2026-01-10 14:00:00,0.3232,0.3235,0.3198,0.3233,1563973.0,503532.4473
2026-01-10 15:00:00,0.3233,0.3249,0.3212,0.3217,1020649.0,329544.6251
2026-01-10 16:00:00,0.3217,0.3218,0.3195,0.32,1025181.0,328602.8825
2026-01-10 17:00:00,0.32,0.3217,0.319,0.3193,1373556.0,439188.3921
2026-01-10 18:00:00,0.3193,0.3207,0.3178,0.3204,2963002.0,944796.5732
2026-01-10 19:00:00,0.3204,0.3239,0.3201,0.3231,1592845.0,513762.243
2026-01-10 20:00:00,0.3231,0.3241,0.3217,0.3222,1160100.0,374305.8107
2026-01-10 21:00:00,0.3222,0.3223,0.3192,0.3192,3180598.0,1019857.4936
2026-01-10 22:00:00,0.3192,0.3199,0.3159,0.3162,2843588.0,904924.8281
2026-01-10 23:00:00,0.3162,0.3185,0.3162,0.3178,1022343.0,324617.6636
2026-01-11 00:00:00,0.3178,0.3189,0.3166,0.3186,1143033.0,362775.5998
2026-01-11 01:00:00,0.3186,0.3196,0.3175,0.3194,902376.0,287248.6512
2026-01-11 02:00:00,0.3194,0.32,0.3175,0.3177,1769722.0,563302.8642
2026-01-11 03:00:00,0.3177,0.3192,0.3175,0.3188,1344036.0,427650.5031
2026-01-11 04:00:00,0.3188,0.3207,0.3171,0.3203,2323010.0,740397.9436
2026-01-11 05:00:00,0.3203,0.3211,0.3191,0.3199,1368757.0,438000.5207
2026-01-11 06:00:00,0.3199,0.32,0.3172,0.3194,1163851.0,370703.3365
2026-01-11 07:00:00,0.3194,0.3213,0.3191,0.3213,833007.0,266890.9782
2026-01-11 08:00:00,0.3213,0.3217,0.3196,0.3199,609489.0,195349.3459
2026-01-11 09:00:00,0.3199,0.3213,0.3196,0.321,418379.0,133997.594
2026-01-11 10:00:00,0.321,0.3212,0.3196,0.3201,536719.0,171943.0397
2026-01-11 11:00:00,0.3201,0.3212,0.3197,0.3209,368019.0,117959.8203
2026-01-11 12:00:00,0.3209,0.3237,0.3207,0.3225,1763133.0,568201.8926
2026-01-11 13:00:00,0.3225,0.3227,0.3199,0.32,1183945.0,379638.9009
2026-01-11 14:00:00,0.32,0.3234,0.32,0.3227,1647487.0,529454.7509
2026-01-11 15:00:00,0.3227,0.323,0.3169,0.3186,3515418.0,1122226.3144
2026-01-11 16:00:00,0.3186,0.3237,0.3179,0.3211,1829370.0,587149.9917
2026-01-11 17:00:00,0.3211,0.3229,0.3189,0.3229,1480380.0,474923.4264
2026-01-11 18:00:00,0.3229,0.323,0.319,0.3205,1536600.0,492095.2312
2026-01-11 19:00:00,0.3205,0.3214,0.318,0.3185,2968935.0,946741.7222
2026-01-11 20:00:00,0.3185,0.3185,0.3138,0.315,3043691.0,961670.8214
2026-01-11 21:00:00,0.315,0.317,0.313,0.3167,770939.0,242549.7613
2026-01-11 22:00:00,0.3167,0.3167,0.3124,0.3132,3529556.0,1107879.3406
2026-01-11 23:00:00,0.3132,0.3166,0.3102,0.3159,5758332.0,1805769.1582
2026-01-12 00:00:00,0.3159,0.3177,0.3113,0.3167,7919600.0,2477957.4968
2026-01-12 01:00:00,0.3167,0.3203,0.3162,0.3193,1325904.0,422297.5482
2026-01-12 02:00:00,0.3193,0.3271,0.3193,0.3268,1298549.0,421246.9611
2026-01-12 03:00:00,0.3268,0.3328,0.3254,0.3257,1671337.0,550872.3069
2026-01-12 04:00:00,0.3257,0.3282,0.3239,0.3274,678295.0,220787.553
2026-01-12 05:00:00,0.3274,0.3284,0.3248,0.3256,338218.0,110315.3707
2026-01-12 06:00:00,0.3256,0.3259,0.3217,0.3223,1451841.0,469589.5306
2026-01-12 07:00:00,0.3223,0.3248,0.3176,0.3183,2637552.0,846053.6769
2026-01-12 08:00:00,0.3183,0.3202,0.312,0.3145,3213126.0,1017739.3801
2026-01-12 09:00:00,0.3145,0.316,0.3137,0.3149,885823.0,278875.1216
2026-01-12 10:00:00,0.3149,0.3165,0.3138,0.3142,728764.0,229728.2163
2026-01-12 11:00:00,0.3142,0.3155,0.3132,0.3142,2771425.0,870639.0148
2026-01-12 12:00:00,0.3142,0.3144,0.3121,0.3127,3214631.0,1005531.5922
2026-01-12 13:00:00,0.3127,0.3134,0.3083,0.3089,1552130.0,482048.4166
2026-01-12 14:00:00,0.3089,0.3139,0.3062,0.3115,3192815.0,989993.5094
2026-01-12 15:00:00,0.3115,0.3159,0.3101,0.3153,2467929.0,772691.9055
2026-01-12 16:00:00,0.3153,0.32,0.3141,0.3182,1122165.0,356226.3475
2026-01-12 17:00:00,0.3182,0.3189,0.3111,0.3133,2318638.0,726228.6082
2026-01-12 18:00:00,0.3133,0.3154,0.3113,0.3125,3702330.0,1158367.3079
2026-01-12 19:00:00,0.3125,0.3142,0.311,0.3138,2140350.0,667973.3967
2026-01-12 20:00:00,0.3138,0.3161,0.311,0.3117,2525418.0,791513.2365
2026-01-12 21:00:00,0.3117,0.3117,0.3066,0.3083,8140245.0,2512033.5717
2026-01-12 22:00:00,0.3083,0.3106,0.308,0.3096,294730.0,91184.6976
2026-01-12 23:00:00,0.3096,0.3098,0.3077,0.3089,573724.0,177125.1268
2026-01-13 00:00:00,0.3089,0.3107,0.3085,0.3105,250953.0,77680.5215
2026-01-13 01:00:00,0.3105,0.3123,0.3093,0.3109,1304522.0,406018.1807
2026-01-13 02:00:00,0.3109,0.3141,0.3108,0.3109,866935.0,270872.4171
2026-01-13 03:00:00,0.3109,0.314,0.3094,0.3128,829496.0,258493.9384
2026-01-13 04:00:00,0.3128,0.3156,0.3128,0.3155,624042.0,196138.5234
2026-01-13 05:00:00,0.3155,0.3202,0.3152,0.3177,938198.0,298393.5761
2026-01-13 06:00:00,0.3177,0.3209,0.3176,0.3207,434863.0,138931.6514
2026-01-13 07:00:00,0.3207,0.3209,0.3174,0.318,2318019.0,738580.4215
2026-01-13 08:00:00,0.318,0.3206,0.3169,0.3195,1429434.0,455562.918
2026-01-13 09:00:00,0.3195,0.3218,0.3192,0.3202,1472347.0,471547.1541
2026-01-13 10:00:00,0.3202,0.3231,0.3201,0.3229,1105366.0,356074.3622
2026-01-13 11:00:00,0.3229,0.327,0.3218,0.3249,2833569.0,918576.1923
2026-01-13 12:00:00,0.3249,0.3311,0.3248,0.3287,3228897.0,1057404.5719
2026-01-13 13:00:00,0.3287,0.3347,0.3273,0.3336,4072118.0,1353091.2639
2026-01-13 14:00:00,0.3336,0.3428,0.3327,0.3362,5213799.0,1760793.8509
2026-01-13 15:00:00,0.3362,0.3445,0.3333,0.3438,4530596.0,1531892.1078
2026-01-13 16:00:00,0.3438,0.3566,0.3438,0.3544,7243632.0,2536922.3898
2026-01-13 17:00:00,0.3544,0.3631,0.3483,0.3598,7613995.0,2712834.106
2026-01-13 18:00:00,0.3598,0.3651,0.3561,0.3569,4671544.0,1682802.4783
2026-01-13 19:00:00,0.3569,0.357,0.3527,0.3556,5039289.0,1787926.1589
2026-01-13 20:00:00,0.3556,0.3574,0.3515,0.3546,2148081.0,761427.6846
2026-01-13 21:00:00,0.3546,0.3633,0.3543,0.3631,4219774.0,1520279.9482
2026-01-13 22:00:00,0.3631,0.376,0.3622,0.3706,5933950.0,2187007.4257
2026-01-13 23:00:00,0.3706,0.3718,0.3651,0.3668,2667589.0,978609.8982
2026-01-14 00:00:00,0.3668,0.3705,0.3642,0.3669,1225904.0,449880.9469
2026-01-14 01:00:00,0.3669,0.3682,0.3635,0.3647,878978.0,320860.6081
2026-01-14 02:00:00,0.3647,0.3647,0.3596,0.3601,1337685.0,484212.891
2026-01-14 03:00:00,0.3601,0.3625,0.3596,0.3623,588101.0,212158.4438
2026-01-14 04:00:00,0.3623,0.3629,0.3599,0.3603,295941.0,106934.9513
2026-01-14 05:00:00,0.3603,0.3611,0.3573,0.36,714789.0,256436.0575
2026-01-14 06:00:00,0.36,0.3623,0.357,0.3622,642856.0,231022.0324
2026-01-14 07:00:00,0.3622,0.3629,0.3593,0.3606,820802.0,296293.9422
2026-01-14 08:00:00,0.3606,0.3625,0.3602,0.3615,909150.0,328927.4842
2026-01-14 09:00:00,0.3615,0.3634,0.3608,0.3618,1580521.0,572743.8515
2026-01-14 10:00:00,0.3618,0.3647,0.3593,0.3615,1410845.0,510828.9617
2026-01-14 11:00:00,0.3615,0.3639,0.3602,0.3619,2436609.0,881777.6053
2026-01-14 12:00:00,0.3619,0.3635,0.3611,0.3624,1664609.0,603129.4389
2026-01-14 13:00:00,0.3624,0.3636,0.3546,0.3557,1975003.0,709438.4741
2026-01-14 14:00:00,0.3557,0.361,0.3551,0.3583,2527852.0,905406.138
2026-01-14 15:00:00,0.3583,0.3612,0.3564,0.3586,1519196.0,544586.8952
2026-01-14 16:00:00,0.3586,0.3621,0.3567,0.3584,1354004.0,486742.9625
2026-01-14 17:00:00,0.3584,0.3597,0.3538,0.3557,1463348.0,521886.5069
2026-01-14 18:00:00,0.3557,0.3575,0.3496,0.3526,1605746.0,567467.3616
2026-01-14 19:00:00,0.3526,0.358,0.3513,0.3546,812861.0,287831.4813
2026-01-14 20:00:00,0.3546,0.3566,0.3527,0.3545,1134617.0,402118.627
2026-01-14 21:00:00,0.3545,0.3554,0.3522,0.3535,1524218.0,539888.5829
2026-01-14 22:00:00,0.3535,0.3535,0.3503,0.3511,530671.0,186782.453
2026-01-14 23:00:00,0.3511,0.3531,0.3501,0.3511,451519.0,158716.1929
2026-01-15 00:00:00,0.3511,0.3544,0.3499,0.3543,818757.0,288466.3354
2026-01-15 01:00:00,0.3543,0.3554,0.3526,0.3532,1024621.0,362753.5065
2026-01-15 02:00:00,0.3532,0.3541,0.3497,0.3506,456862.0,160501.0891
2026-01-15 03:00:00,0.3506,0.352,0.3448,0.3474,1310518.0,456915.2716
2026-01-15 04:00:00,0.3474,0.35,0.3467,0.3495,308593.0,107540.5395
2026-01-15 05:00:00,0.3495,0.3504,0.3474,0.3481,375500.0,130826.3921
2026-01-15 06:00:00,0.3481,0.3515,0.3476,0.3481,706457.0,246767.0904
2026-01-15 07:00:00,0.3481,0.3557,0.3479,0.3536,698521.0,246038.501
2026-01-15 08:00:00,0.3536,0.3545,0.3513,0.3527,791501.0,279012.9572
2026-01-15 09:00:00,0.3527,0.3566,0.3505,0.3554,1234703.0,437089.8754
2026-01-15 10:00:00,0.3554,0.3576,0.3541,0.3553,1483369.0,526922.9459
2026-01-15 11:00:00,0.3553,0.3561,0.3534,0.3554,2310163.0,819373.9595
2026-01-15 12:00:00,0.3554,0.3648,0.3534,0.3568,3634490.0,1306392.7734
2026-01-15 13:00:00,0.3568,0.358,0.354,0.3552,1178908.0,419616.7982
2026-01-15 14:00:00,0.3552,0.3557,0.3467,0.349,1548104.0,543558.5498
2026-01-15 15:00:00,0.349,0.3513,0.3399,0.3444,3862253.0,1334254.6241
2026-01-15 16:00:00,0.3444,0.348,0.3405,0.3464,2220156.0,762934.9476
2026-01-15 17:00:00,0.3464,0.3486,0.3424,0.3433,2717820.0,939357.8571
2026-01-15 18:00:00,0.3433,0.3447,0.3381,0.3394,2701785.0,921875.9487
2026-01-15 19:00:00,0.3394,0.3399,0.3362,0.3392,3928950.0,1329855.8194
2026-01-15 20:00:00,0.3392,0.3416,0.3358,0.3365,5678251.0,1921252.555
2026-01-15 21:00:00,0.3365,0.3398,0.3363,0.3387,1523537.0,515099.2644
2026-01-15 22:00:00,0.3387,0.342,0.3385,0.3393,675001.0,229600.8158
2026-01-15 23:00:00,0.3393,0.3416,0.3386,0.3407,317948.0,108290.0939
2026-01-16 00:00:00,0.3407,0.3422,0.3405,0.3406,593572.0,202439.0116
2026-01-16 01:00:00,0.3406,0.3432,0.3396,0.341,1296832.0,443883.7219
2026-01-16 02:00:00,0.341,0.3442,0.3372,0.344,2305480.0,782873.9159
2026-01-16 03:00:00,0.344,0.344,0.34,0.3406,724921.0,247238.8854
2026-01-16 04:00:00,0.3406,0.3409,0.3363,0.3374,1819494.0,615081.2405
2026-01-16 05:00:00,0.3374,0.3413,0.3371,0.3397,2044408.0,693171.8502
2026-01-16 06:00:00,0.3397,0.3413,0.3389,0.3412,1488362.0,506350.9235
2026-01-16 07:00:00,0.3412,0.3419,0.3393,0.34,1384980.0,471279.1534
2026-01-16 08:00:00,0.34,0.342,0.3399,0.3407,629149.0,214583.9371
2026-01-16 09:00:00,0.3407,0.3418,0.3396,0.3411,343275.0,116932.8675
2026-01-16 10:00:00,0.3411,0.3413,0.339,0.3393,909292.0,308887.3614
2026-01-16 11:00:00,0.3393,0.3408,0.3381,0.3393,1694069.0,575367.9407
2026-01-16 12:00:00,0.3393,0.3395,0.3371,0.3378,606818.0,205111.2097
2026-01-16 13:00:00,0.3378,0.338,0.3344,0.3355,2019837.0,678639.9343
2026-01-16 14:00:00,0.3355,0.3378,0.3346,0.3355,1387850.0,466274.5586
2026-01-16 15:00:00,0.3355,0.3373,0.3249,0.3277,6758369.0,2239472.4678
2026-01-16 16:00:00,0.3277,0.3315,0.3261,0.3291,3508986.0,1154489.655
2026-01-16 17:00:00,0.3291,0.3306,0.3258,0.3305,6384930.0,2092919.7925
2026-01-16 18:00:00,0.3305,0.3323,0.3301,0.3304,4471497.0,1481440.6085
2026-01-16 19:00:00,0.3304,0.3331,0.3285,0.3329,3300068.0,1091957.2508
2026-01-16 20:00:00,0.3329,0.3387,0.3304,0.3379,4229940.0,1415984.024
2026-01-16 21:00:00,0.3379,0.3392,0.3367,0.3382,2384529.0,806676.488
2026-01-16 22:00:00,0.3382,0.3398,0.3376,0.3392,1752919.0,593758.7755
2026-01-16 23:00:00,0.3392,0.3397,0.3378,0.3397,652604.0,220930.1258
2026-01-17 00:00:00,0.3397,0.3422,0.3385,0.3415,1498799.0,510134.8396
2026-01-17 01:00:00,0.3415,0.3438,0.341,0.3426,3239122.0,1110857.281
2026-01-17 02:00:00,0.3426,0.3438,0.3394,0.3406,1452658.0,494413.5875
2026-01-17 03:00:00,0.3406,0.3429,0.3398,0.3414,1218162.0,415841.8417
2026-01-17 04:00:00,0.3414,0.3437,0.3395,0.343,2049939.0,699650.5626
2026-01-17 05:00:00,0.343,0.3457,0.3429,0.3438,3478894.0,1197841.6838
2026-01-17 06:00:00,0.3438,0.3451,0.3426,0.3433,2545315.0,875833.4501
2026-01-17 07:00:00,0.3433,0.3479,0.3417,0.3471,5983135.0,2062131.524
2026-01-17 08:00:00,0.3471,0.3527,0.3471,0.3502,4781036.0,1670628.1063
2026-01-17 09:00:00,0.3502,0.351,0.3473,0.3475,1832452.0,639198.4516
2026-01-17 10:00:00,0.3475,0.3523,0.347,0.3501,3488290.0,1219747.8823
2026-01-17 11:00:00,0.3501,0.3514,0.3472,0.3478,5012723.0,1745868.3362
2026-01-17 12:00:00,0.3478,0.3542,0.3474,0.3524,3181040.0,1119547.7419
2026-01-17 13:00:00,0.3524,0.3527,0.3495,0.3505,4846503.0,1698370.6322
2026-01-17 14:00:00,0.3505,0.3554,0.3493,0.3544,2538325.0,893532.0885
2026-01-17 15:00:00,0.3544,0.3553,0.3502,0.3535,2568341.0,905414.1902
2026-01-17 16:00:00,0.3535,0.3544,0.3484,0.3499,4190909.0,1466486.5441
2026-01-17 17:00:00,0.3499,0.3515,0.3476,0.349,5550396.0,1937420.0556
2026-01-17 18:00:00,0.349,0.3501,0.3479,0.3494,1864892.0,651472.6773
2026-01-17 19:00:00,0.3494,0.3505,0.3479,0.3496,2658932.0,929116.5622
2026-01-17 20:00:00,0.3496,0.3502,0.3479,0.3484,1064677.0,371285.9481
2026-01-17 21:00:00,0.3484,0.3485,0.3466,0.3483,1130518.0,392865.776
2026-01-17 22:00:00,0.3483,0.3485,0.3448,0.3463,913343.0,316494.4654
2026-01-17 23:00:00,0.3463,0.3472,0.3453,0.3468,389347.0,134922.0128
2026-01-18 00:00:00,0.3468,0.3503,0.346,0.3464,2965203.0,1034315.2048
2026-01-18 01:00:00,0.3464,0.3473,0.3424,0.3433,1295430.0,446352.5364
2026-01-18 02:00:00,0.3433,0.3451,0.3414,0.3426,577752.0,198054.4586
2026-01-18 03:00:00,0.3426,0.3444,0.3418,0.3419,2748914.0,943573.3123
2026-01-18 04:00:00,0.3419,0.342,0.34,0.341,1344539.0,458188.2468
2026-01-18 05:00:00,0.341,0.3466,0.34,0.3459,1455934.0,498811.4087
2026-01-18 06:00:00,0.3459,0.3459,0.3413,0.3415,707403.0,243311.5695
2026-01-18 07:00:00,0.3415,0.3415,0.3362,0.3393,2801760.0,947941.3827
2026-01-18 08:00:00,0.3393,0.3396,0.3377,0.3389,1303250.0,441468.0507
2026-01-18 09:00:00,0.3389,0.3409,0.3381,0.3405,1658626.0,563793.2431
2026-01-18 10:00:00,0.3405,0.341,0.3392,0.3408,3418616.0,1163032.1358
2026-01-18 11:00:00,0.3408,0.3417,0.3399,0.3406,3804567.0,1295556.0955
2026-01-18 12:00:00,0.3406,0.3413,0.3386,0.339,2651912.0,900847.0237
2026-01-18 13:00:00,0.339,0.34,0.3372,0.3386,3650561.0,1237125.3639
2026-01-18 14:00:00,0.3386,0.3412,0.3361,0.3365,1914807.0,648210.8167
2026-01-18 15:00:00,0.3365,0.3416,0.3348,0.3416,2461483.0,830394.6603
2026-01-18 16:00:00,0.3416,0.3436,0.3401,0.3412,2009281.0,687266.7009
2026-01-18 17:00:00,0.3412,0.3419,0.3385,0.341,1566487.0,532194.7366
2026-01-18 18:00:00,0.341,0.3454,0.3402,0.3442,1426812.0,489066.7619
2026-01-18 19:00:00,0.3442,0.3449,0.3402,0.341,840873.0,287656.2837
2026-01-18 20:00:00,0.341,0.345,0.3397,0.3434,609837.0,209374.7146
2026-01-18 21:00:00,0.3434,0.3444,0.3425,0.3433,499853.0,171660.605
2026-01-18 22:00:00,0.3433,0.345,0.3425,0.3446,485160.0,166938.7564
2026-01-18 23:00:00,0.3446,0.3446,0.3228,0.3234,9005436.0,2984558.899
2026-01-19 00:00:00,0.3234,0.3234,0.2929,0.3041,7791809.0,2374981.5526
2026-01-19 01:00:00,0.3041,0.3074,0.3031,0.3068,1252152.0,382472.21
2026-01-19 02:00:00,0.3068,0.3108,0.3062,0.31,1220198.0,377609.434
2026-01-19 03:00:00,0.31,0.3136,0.3087,0.3123,397843.0,123732.0635
2026-01-19 04:00:00,0.3123,0.3127,0.3089,0.3092,700728.0,217780.4265
2026-01-19 05:00:00,0.3092,0.3114,0.3074,0.311,1005138.0,310542.9919
2026-01-19 06:00:00,0.311,0.312,0.309,0.3095,2226179.0,690841.6511
2026-01-19 07:00:00,0.3095,0.3121,0.3085,0.3101,819333.0,254433.8896
2026-01-19 08:00:00,0.3101,0.3126,0.3089,0.312,1615414.0,501888.3186
2026-01-19 09:00:00,0.312,0.3138,0.3107,0.3123,1431124.0,446468.6381
2026-01-19 10:00:00,0.3123,0.3126,0.3093,0.3099,1930425.0,599604.3749
2026-01-19 11:00:00,0.3099,0.3115,0.3085,0.3096,1005301.0,311365.0849
2026-01-19 12:00:00,0.3096,0.3096,0.3073,0.3079,1217419.0,375142.7916
2026-01-19 13:00:00,0.3079,0.3093,0.3067,0.3082,1125490.0,346353.4225
2026-01-19 14:00:00,0.3082,0.3125,0.308,0.311,3826796.0,1190826.022
2026-01-19 15:00:00,0.311,0.3119,0.3087,0.3098,1285284.0,398126.979
2026-01-19 16:00:00,0.3098,0.3156,0.3087,0.3152,1629980.0,509242.9243
2026-01-19 17:00:00,0.3152,0.3175,0.3141,0.3154,1836355.0,580145.1232
2026-01-19 18:00:00,0.3154,0.3162,0.3135,0.3159,1386568.0,436629.8346
2026-01-19 19:00:00,0.3159,0.3238,0.3159,0.322,2491452.0,800113.4237
2026-01-19 20:00:00,0.322,0.3226,0.3195,0.3202,686042.0,220331.7953
2026-01-19 21:00:00,0.3202,0.321,0.3171,0.3186,822103.0,261337.7211
2026-01-19 22:00:00,0.3186,0.3191,0.3145,0.3145,2073893.0,656552.6229
2026-01-19 23:00:00,0.3145,0.321,0.3145,0.3196,2511233.0,795502.1148
2026-01-20 00:00:00,0.3196,0.3204,0.3171,0.3171,688692.0,219237.4834
2026-01-20 01:00:00,0.3171,0.3209,0.3153,0.3184,1360364.0,432320.4743
2026-01-20 02:00:00,0.3184,0.3232,0.317,0.3227,1625126.0,519393.9821
2026-01-20 03:00:00,0.3227,0.3235,0.3172,0.3197,3133191.0,1002450.6724
2026-01-20 04:00:00,0.3197,0.3204,0.3178,0.3183,2517679.0,802880.1021
2026-01-20 05:00:00,0.3183,0.3203,0.3159,0.3173,2921991.0,930602.1273
2026-01-20 06:00:00,0.3173,0.3173,0.3118,0.3132,2754228.0,864765.7846
2026-01-20 07:00:00,0.3132,0.3154,0.31,0.3103,2070639.0,646636.7243
2026-01-20 08:00:00,0.3103,0.3113,0.3065,0.3095,4666405.0,1441295.2728
2026-01-20 09:00:00,0.3095,0.3121,0.3073,0.3112,1795391.0,554653.2103
2026-01-20 10:00:00,0.3112,0.3184,0.3106,0.3116,3692341.0,1161244.1856
2026-01-20 11:00:00,0.3116,0.3123,0.3079,0.3081,2291976.0,711440.0137
2026-01-20 12:00:00,0.3081,0.3122,0.3078,0.3105,1288294.0,399606.8433
2026-01-20 13:00:00,0.3105,0.3105,0.3055,0.3062,3632694.0,1117578.8549
2026-01-20 14:00:00,0.3062,0.3102,0.3045,0.3062,3135879.0,961843.4227
2026-01-20 15:00:00,0.3062,0.3065,0.3016,0.3037,3146478.0,956126.7556
2026-01-20 16:00:00,0.3037,0.3057,0.2988,0.3002,3843252.0,1160337.8148
2026-01-20 17:00:00,0.3002,0.3035,0.2973,0.2991,2687112.0,806238.236
2026-01-20 18:00:00,0.2991,0.3003,0.2968,0.2983,1402524.0,418909.3731
2026-01-20 19:00:00,0.2983,0.3009,0.2979,0.3002,3633443.0,1087775.2457
2026-01-20 20:00:00,0.3002,0.3057,0.2989,0.3057,3064563.0,930186.2515
2026-01-20 21:00:00,0.3057,0.3067,0.3025,0.303,1053843.0,320515.3904
2026-01-20 22:00:00,0.303,0.3038,0.2968,0.3012,3144218.0,944661.4839
2026-01-20 23:00:00,0.3012,0.3013,0.2987,0.2997,2214747.0,664341.0804
2026-01-21 00:00:00,0.2997,0.3053,0.2997,0.3051,702829.0,212442.957
2026-01-21 01:00:00,0.3051,0.3082,0.3047,0.3073,1378782.0,422703.3251
2026-01-21 02:00:00,0.3073,0.3139,0.3069,0.3122,1324382.0,411425.7179
2026-01-21 03:00:00,0.3122,0.3144,0.3106,0.3124,729701.0,228416.1446
2026-01-21 04:00:00,0.3124,0.314,0.3112,0.3125,640653.0,200359.0872
2026-01-21 05:00:00,0.3125,0.3125,0.3096,0.3107,404087.0,125672.0346
2026-01-21 06:00:00,0.3107,0.3127,0.3084,0.3107,1115633.0,345963.4508
2026-01-21 07:00:00,0.3107,0.3128,0.3094,0.311,1014632.0,315096.4389
2026-01-21 08:00:00,0.311,0.3129,0.3069,0.3102,3625853.0,1127607.5566
2026-01-21 09:00:00,0.3102,0.3102,0.3083,0.3099,741084.0,229213.3207
2026-01-21 10:00:00,0.3099,0.3132,0.3096,0.311,1902344.0,592635.9751
2026-01-21 11:00:00,0.311,0.313,0.3069,0.3077,1266438.0,393147.3233
2026-01-21 12:00:00,0.3077,0.3085,0.3022,0.3068,3492088.0,1065991.4313
2026-01-21 13:00:00,0.3068,0.3079,0.3029,0.3043,3867431.0,1176488.772
2026-01-21 14:00:00,0.3043,0.3158,0.304,0.3146,3498964.0,1093327.952
2026-01-21 15:00:00,0.3146,0.3163,0.3093,0.3138,3702856.0,1155925.7246
2026-01-21 16:00:00,0.3138,0.3143,0.2983,0.2991,5017539.0,1535779.1548
2026-01-21 17:00:00,0.2991,0.3032,0.2945,0.299,3789377.0,1133179.868
2026-01-21 18:00:00,0.299,0.3038,0.2976,0.3024,1813708.0,545574.1515
2026-01-21 19:00:00,0.3024,0.3154,0.3001,0.3145,6174997.0,1913116.3438
2026-01-21 20:00:00,0.3145,0.3152,0.3086,0.3136,2457226.0,765270.2
2026-01-21 21:00:00,0.3136,0.3169,0.313,0.3157,1401673.0,442099.458
2026-01-21 22:00:00,0.3157,0.3171,0.3115,0.3121,932595.0,292126.311
2026-01-21 23:00:00,0.3121,0.3132,0.3067,0.3085,2262779.0,700961.2942
2026-01-22 00:00:00,0.3085,0.313,0.3085,0.3115,463814.0,144305.4998
2026-01-22 01:00:00,0.3115,0.3182,0.3114,0.3178,649384.0,204063.6169
2026-01-22 02:00:00,0.3178,0.3209,0.3164,0.3203,2375703.0,759982.3309
2026-01-22 03:00:00,0.3203,0.3222,0.318,0.3189,980272.0,313726.2657
2026-01-22 04:00:00,0.3189,0.3223,0.3182,0.3218,2450841.0,788390.1602
2026-01-22 05:00:00,0.3218,0.3255,0.3193,0.3204,978507.0,315150.5853
2026-01-22 06:00:00,0.3204,0.3204,0.3155,0.3171,940382.0,298660.5367
2026-01-22 07:00:00,0.3171,0.3175,0.3145,0.3153,533420.0,168596.2849
2026-01-22 08:00:00,0.3153,0.3183,0.3137,0.3179,856508.0,270308.8406
2026-01-22 09:00:00,0.3179,0.3195,0.3167,0.3172,985473.0,313410.8442
2026-01-22 10:00:00,0.3172,0.3174,0.3148,0.3155,1102119.0,348222.1086
2026-01-22 11:00:00,0.3155,0.3155,0.311,0.311,1256941.0,393118.4979
2026-01-22 12:00:00,0.311,0.3123,0.3094,0.3104,977201.0,303737.5589
2026-01-22 13:00:00,0.3104,0.3141,0.3085,0.3102,1728978.0,537867.1042
2026-01-22 14:00:00,0.3102,0.3112,0.3052,0.3063,2700979.0,832292.9055
2026-01-22 15:00:00,0.3063,0.3084,0.3027,0.3056,2764494.0,845835.4375
2026-01-22 16:00:00,0.3056,0.311,0.3044,0.3103,4094560.0,1256407.093
2026-01-22 17:00:00,0.3103,0.3115,0.3066,0.3107,3266445.0,1012443.0499
2026-01-22 18:00:00,0.3107,0.3107,0.3066,0.3068,826513.0,254458.8609
2026-01-22 19:00:00,0.3068,0.3089,0.3061,0.3076,1149234.0,353469.8279
2026-01-22 20:00:00,0.3076,0.3084,0.3044,0.3058,1823002.0,557502.3882
2026-01-22 21:00:00,0.3058,0.3081,0.3056,0.3078,683804.0,209883.341
2026-01-22 22:00:00,0.3078,0.3089,0.3059,0.3065,757782.0,232394.7642
2026-01-22 23:00:00,0.3065,0.3077,0.3045,0.3072,422745.0,129301.8223
2026-01-23 00:00:00,0.3072,0.3092,0.3061,0.3082,1988201.0,613784.8404
2026-01-23 01:00:00,0.3082,0.313,0.3079,0.3128,884170.0,274758.461
2026-01-23 02:00:00,0.3128,0.3129,0.3114,0.3116,674768.0,210494.7036
2026-01-23 03:00:00,0.3116,0.3167,0.3105,0.3143,798789.0,251055.1288
2026-01-23 04:00:00,0.3143,0.3193,0.3138,0.3177,1187717.0,377145.5663
2026-01-23 05:00:00,0.3177,0.318,0.3132,0.3153,963577.0,304673.8882
2026-01-23 06:00:00,0.3153,0.3161,0.3104,0.3112,2093666.0,656019.4485
2026-01-23 07:00:00,0.3112,0.3127,0.3102,0.3113,1419605.0,441978.2295
2026-01-23 08:00:00,0.3113,0.3121,0.3066,0.3081,2091039.0,647517.9625
2026-01-23 09:00:00,0.3081,0.3093,0.3067,0.3081,1506983.0,464526.2271
2026-01-23 10:00:00,0.3081,0.3098,0.3066,0.3073,1098207.0,338303.3868
2026-01-23 11:00:00,0.3073,0.3088,0.307,0.3082,672911.0,207266.0364
2026-01-23 12:00:00,0.3082,0.3091,0.3063,0.3077,1221264.0,375826.6578
2026-01-23 13:00:00,0.3077,0.3093,0.3072,0.3077,987838.0,304565.3925
2026-01-23 14:00:00,0.3077,0.3081,0.2994,0.3017,11374929.0,3445295.9626
2026-01-23 15:00:00,0.3017,0.3086,0.2999,0.3086,2639183.0,801597.8003
2026-01-23 16:00:00,0.3086,0.3142,0.3051,0.3109,5024205.0,1554101.3343
2026-01-23 17:00:00,0.3109,0.3176,0.3081,0.3132,3252900.0,1017634.1924
2026-01-23 18:00:00,0.3132,0.3154,0.3116,0.3121,1883424.0,590726.9407
2026-01-23 19:00:00,0.3121,0.3121,0.3043,0.3057,2123236.0,652197.7796
2026-01-23 20:00:00,0.3057,0.3064,0.3009,0.302,1499323.0,454124.0049
2026-01-23 21:00:00,0.302,0.3047,0.3017,0.3028,2966829.0,901173.2868
2026-01-23 22:00:00,0.3028,0.3062,0.3027,0.3058,452346.0,137882.0847
2026-01-23 23:00:00,0.3058,0.3058,0.3033,0.304,395913.0,120445.0231
2026-01-24 00:00:00,0.304,0.3058,0.3028,0.3028,1028346.0,312714.1855
2026-01-24 01:00:00,0.3028,0.304,0.3018,0.3036,790680.0,239400.8287
2026-01-24 02:00:00,0.3036,0.3052,0.3034,0.3043,494993.0,150493.1713
2026-01-24 03:00:00,0.3043,0.3071,0.3039,0.3058,506859.0,155111.1314
2026-01-24 04:00:00,0.3058,0.3062,0.3044,0.3047,275156.0,83945.4027
2026-01-24 05:00:00,0.3047,0.3051,0.303,0.3046,752145.0,228552.0782
2026-01-24 06:00:00,0.3046,0.3055,0.3045,0.3047,308536.0,94112.0454
2026-01-24 07:00:00,0.3047,0.3055,0.3039,0.3041,299011.0,91054.3437
2026-01-24 08:00:00,0.3041,0.3058,0.3034,0.3055,517224.0,157508.5019
2026-01-24 09:00:00,0.3055,0.3055,0.3037,0.304,493616.0,150209.1793
2026-01-24 10:00:00,0.304,0.3048,0.3034,0.304,439244.0,133568.8481
2026-01-24 11:00:00,0.304,0.3047,0.3036,0.3046,414630.0,126011.1943
2026-01-24 12:00:00,0.3046,0.3056,0.3042,0.3048,751557.0,229068.8046
2026-01-24 13:00:00,0.3048,0.3049,0.3016,0.3017,550702.0,167039.6549
2026-01-24 14:00:00,0.3017,0.3047,0.301,0.3036,2372527.0,719523.2008
2026-01-24 15:00:00,0.3036,0.3043,0.3007,0.301,352093.0,106370.0496
2026-01-24 16:00:00,0.301,0.3023,0.2993,0.3014,1954937.0,587630.2192
2026-01-24 17:00:00,0.3014,0.3028,0.3008,0.3027,537144.0,162044.0468
2026-01-24 18:00:00,0.3027,0.3033,0.3019,0.3021,276372.0,83593.6136
2026-01-24 19:00:00,0.3021,0.3022,0.3005,0.3013,256282.0,77288.1085
2026-01-24 20:00:00,0.3013,0.3034,0.3013,0.3031,297953.0,90231.8977
2026-01-24 21:00:00,0.3031,0.3046,0.3018,0.3038,133700.0,40493.9868
2026-01-24 22:00:00,0.3038,0.3049,0.3031,0.3043,801744.0,243746.2345
2026-01-24 23:00:00,0.3043,0.3049,0.3032,0.3038,674293.0,204863.4467
2026-01-25 00:00:00,0.3038,0.3058,0.3034,0.3058,240832.0,73243.1234
2026-01-25 01:00:00,0.3058,0.3063,0.3026,0.3035,581061.0,177259.2444
2026-01-25 02:00:00,0.3035,0.3047,0.3019,0.3028,285249.0,86606.1505
2026-01-25 03:00:00,0.3028,0.3034,0.2991,0.2997,697602.0,209871.276
2026-01-25 04:00:00,0.2997,0.3018,0.2987,0.2995,605080.0,181789.4615
2026-01-25 05:00:00,0.2995,0.3007,0.2986,0.3006,476132.0,142531.8962
2026-01-25 06:00:00,0.3006,0.3022,0.2991,0.2998,924130.0,277598.1501
2026-01-25 07:00:00,0.2998,0.3011,0.2979,0.3006,1226974.0,367082.0877
2026-01-25 08:00:00,0.3006,0.3008,0.2972,0.2985,1343091.0,401117.2234
2026-01-25 09:00:00,0.2985,0.3039,0.2979,0.3021,1057245.0,317940.4656
2026-01-25 10:00:00,0.3021,0.3055,0.3016,0.3036,2143764.0,649999.1839
2026-01-25 11:00:00,0.3036,0.3037,0.3008,0.3019,2549277.0,770894.419
2026-01-25 12:00:00,0.3019,0.3019,0.2984,0.3008,4368049.0,1308258.0678
2026-01-25 13:00:00,0.3008,0.3032,0.2996,0.3017,685422.0,206511.8094
2026-01-25 14:00:00,0.3017,0.3018,0.2965,0.2989,8745339.0,2607809.1441
2026-01-25 15:00:00,0.2989,0.3004,0.2976,0.2984,2120741.0,632740.3918
2026-01-25 16:00:00,0.2984,0.2984,0.2882,0.2908,7833189.0,2296857.417
2026-01-25 17:00:00,0.2908,0.2917,0.2888,0.2898,555020.0,161206.836
2026-01-25 18:00:00,0.2898,0.2902,0.2844,0.2864,1346923.0,386626.6224
2026-01-25 19:00:00,0.2864,0.2878,0.2787,0.2804,2602860.0,736181.1084
2026-01-25 20:00:00,0.2804,0.2836,0.2804,0.2832,1926172.0,544180.0198
2026-01-25 21:00:00,0.2832,0.2863,0.2831,0.2849,1821414.0,518556.0556
2026-01-25 22:00:00,0.2849,0.2851,0.2816,0.2833,16252731.0,4597476.6491
2026-01-25 23:00:00,0.2833,0.2869,0.2817,0.2862,825551.0,234365.894
2026-01-26 00:00:00,0.2862,0.2893,0.2855,0.2885,1037479.0,298101.954
2026-01-26 01:00:00,0.2885,0.2946,0.2883,0.2931,1095545.0,320116.294
2026-01-26 02:00:00,0.2931,0.2935,0.2902,0.291,779624.0,227118.5643
2026-01-26 03:00:00,0.291,0.2929,0.2882,0.2889,470024.0,136460.8407
2026-01-26 04:00:00,0.2889,0.293,0.2889,0.2917,767455.0,223810.0222
2026-01-26 05:00:00,0.2917,0.2927,0.2912,0.2919,162514.0,47441.9076
2026-01-26 06:00:00,0.2919,0.2964,0.2905,0.2964,953353.0,280354.2891
2026-01-26 07:00:00,0.2964,0.2974,0.2946,0.2953,735017.0,217324.3719
2026-01-26 08:00:00,0.2953,0.2988,0.2951,0.2959,1092390.0,323479.7801
2026-01-26 09:00:00,0.2959,0.296,0.2928,0.2929,896402.0,263394.3946
2026-01-26 10:00:00,0.2929,0.295,0.2929,0.2947,751598.0,221178.2895
2026-01-26 11:00:00,0.2947,0.2954,0.2941,0.2949,629253.0,185497.9327
2026-01-26 12:00:00,0.2949,0.296,0.2944,0.2956,602155.0,177786.3503
2026-01-26 13:00:00,0.2956,0.2983,0.2956,0.2973,1096461.0,326190.0201
2026-01-26 14:00:00,0.2973,0.3001,0.2939,0.2986,2612638.0,774857.4179
2026-01-26 15:00:00,0.2986,0.3016,0.2945,0.2965,2543114.0,758822.6108
2026-01-26 16:00:00,0.2965,0.2981,0.2946,0.2963,925745.0,274319.0235
2026-01-26 17:00:00,0.2963,0.2974,0.2926,0.2959,828900.0,244598.4667
2026-01-26 18:00:00,0.2959,0.2989,0.2944,0.2968,1461754.0,433716.075
2026-01-26 19:00:00,0.2968,0.2979,0.2956,0.2961,409312.0,121503.6344
2026-01-26 20:00:00,0.2961,0.297,0.2946,0.2952,241522.0,71413.607
2026-01-26 21:00:00,0.2952,0.3008,0.2944,0.2993,489842.0,145556.9233
2026-01-26 22:00:00,0.2993,0.3007,0.2985,0.2988,267920.0,80205.7015
2026-01-26 23:00:00,0.2988,0.2991,0.2974,0.2976,439807.0,131089.0727
2026-01-27 00:00:00,0.2976,0.298,0.2962,0.2979,571628.0,169545.1139
2026-01-27 01:00:00,0.2979,0.3002,0.2965,0.299,606537.0,180896.6569
2026-01-27 02:00:00,0.299,0.3001,0.2978,0.2988,355066.0,105951.4166
2026-01-27 03:00:00,0.2988,0.299,0.2961,0.2966,604479.0,179511.44
2026-01-27 04:00:00,0.2966,0.298,0.2957,0.2969,1059825.0,314337.1514
2026-01-27 05:00:00,0.2969,0.297,0.2952,0.2958,867292.0,256478.0843
2026-01-27 06:00:00,0.2958,0.2961,0.2942,0.2943,609938.0,179913.2559
2026-01-27 07:00:00,0.2943,0.2963,0.2943,0.2953,567698.0,167666.6678
2026-01-27 08:00:00,0.2953,0.2961,0.2941,0.295,330664.0,97532.6276
2026-01-27 09:00:00,0.295,0.2954,0.2938,0.294,899334.0,264916.5539
2026-01-27 10:00:00,0.294,0.2952,0.2937,0.2947,1012025.0,298039.1064
2026-01-27 11:00:00,0.2947,0.2968,0.2943,0.296,2197455.0,649462.1486
2026-01-27 12:00:00,0.296,0.2962,0.2942,0.2954,1216589.0,358775.7739
2026-01-27 13:00:00,0.2954,0.2963,0.294,0.2943,2128894.0,628182.9389
2026-01-27 14:00:00,0.2943,0.2974,0.2926,0.2934,3439977.0,1013721.6649
2026-01-27 15:00:00,0.2934,0.297,0.2923,0.2966,2364230.0,695390.2484
2026-01-27 16:00:00,0.2966,0.3017,0.296,0.2999,3382620.0,1011326.623
2026-01-27 17:00:00,0.2999,0.3003,0.2916,0.2927,2377881.0,698784.3354
2026-01-27 18:00:00,0.2927,0.2984,0.2922,0.2972,1112686.0,327306.0296
2026-01-27 19:00:00,0.2972,0.2989,0.2957,0.298,829566.0,246042.8755
2026-01-27 20:00:00,0.298,0.3042,0.2977,0.3033,2087318.0,630178.3871
2026-01-27 21:00:00,0.3033,0.3033,0.2991,0.2994,1241502.0,372834.2698
2026-01-27 22:00:00,0.2994,0.3035,0.2994,0.3018,579045.0,174236.2689
2026-01-27 23:00:00,0.3018,0.3026,0.3003,0.3018,400880.0,120863.9971
2026-01-28 00:00:00,0.3018,0.3036,0.3002,0.3033,813705.0,245619.6215
2026-01-28 01:00:00,0.3033,0.3036,0.3007,0.3021,601757.0,181555.1178
2026-01-28 02:00:00,0.3021,0.3029,0.3008,0.3024,602957.0,182010.3258
2026-01-28 03:00:00,0.3024,0.3027,0.3013,0.3015,413308.0,124715.1772
2026-01-28 04:00:00,0.3015,0.302,0.2996,0.3006,489363.0,146989.1021
2026-01-28 05:00:00,0.3006,0.3019,0.2993,0.3018,969767.0,291789.5317
2026-01-28 06:00:00,0.3018,0.3031,0.3001,0.3011,676832.0,204082.591
2026-01-28 07:00:00,0.3011,0.3012,0.2983,0.3003,2011017.0,601808.9794
2026-01-28 08:00:00,0.3003,0.3005,0.2984,0.2986,836590.0,250400.4851
2026-01-28 09:00:00,0.2986,0.3012,0.2977,0.3007,2440267.0,730290.8857
2026-01-28 10:00:00,0.3007,0.3017,0.2994,0.2997,1089898.0,327246.2888
2026-01-28 11:00:00,0.2997,0.3033,0.2987,0.3032,1350178.0,406362.8366
2026-01-28 12:00:00,0.3032,0.3033,0.3,0.3012,774323.0,233446.5048
2026-01-28 13:00:00,0.3012,0.3025,0.3001,0.3006,1037444.0,312713.4036
2026-01-28 14:00:00,0.3006,0.3008,0.2976,0.2987,1713518.0,512408.7609
2026-01-28 15:00:00,0.2987,0.3002,0.2957,0.2966,3008505.0,893859.8545
2026-01-28 16:00:00,0.2966,0.2976,0.2945,0.2956,2482346.0,733965.7283
2026-01-28 17:00:00,0.2956,0.2997,0.2937,0.2982,1225483.0,362134.7349
2026-01-28 18:00:00,0.2982,0.2982,0.2949,0.2963,658512.0,195048.6995
2026-01-28 19:00:00,0.2963,0.2997,0.2955,0.2985,1981464.0,588258.2107
2026-01-28 20:00:00,0.2985,0.3021,0.2976,0.2985,1029135.0,307917.4185
2026-01-28 21:00:00,0.2985,0.3025,0.2961,0.3002,1386829.0,415390.9508
2026-01-28 22:00:00,0.3002,0.3039,0.2996,0.3033,1103996.0,333143.4311
2026-01-28 23:00:00,0.3033,0.3045,0.301,0.3014,788677.0,238622.899
2026-01-29 00:00:00,0.3014,0.3023,0.2962,0.2981,1832930.0,546429.7685
2026-01-29 01:00:00,0.2981,0.2991,0.2941,0.2947,1262144.0,373476.0499
2026-01-29 02:00:00,0.2947,0.2957,0.287,0.2884,4755202.0,1381685.101
2026-01-29 03:00:00,0.2884,0.2907,0.2869,0.2878,835602.0,240888.2437
2026-01-29 04:00:00,0.2878,0.2883,0.2856,0.2879,1142595.0,327855.2569
2026-01-29 05:00:00,0.2879,0.2887,0.2869,0.2871,405199.0,116614.815
2026-01-29 06:00:00,0.2871,0.2896,0.287,0.2893,1649075.0,475511.8986
2026-01-29 07:00:00,0.2893,0.2906,0.2876,0.288,1938382.0,560260.7859
2026-01-29 08:00:00,0.288,0.2885,0.286,0.2866,2053448.0,589336.2708
2026-01-29 09:00:00,0.2866,0.2878,0.2863,0.2866,613826.0,176346.316
2026-01-29 10:00:00,0.2866,0.2872,0.2848,0.2857,1440851.0,412161.975
2026-01-29 11:00:00,0.2857,0.2858,0.284,0.2843,2047918.0,582863.099
2026-01-29 12:00:00,0.2843,0.2855,0.2828,0.2841,1057492.0,300409.5074
2026-01-29 13:00:00,0.2841,0.2859,0.2839,0.2856,1273740.0,363415.0443
2026-01-29 14:00:00,0.2856,0.2859,0.2772,0.2779,4733041.0,1328625.8697
2026-01-29 15:00:00,0.2779,0.278,0.2653,0.2678,5726526.0,1548336.3611
2026-01-29 16:00:00,0.2678,0.273,0.2649,0.2728,3228785.0,869696.392
2026-01-29 17:00:00,0.2728,0.2758,0.2668,0.2673,2924507.0,788502.6674
2026-01-29 18:00:00,0.2673,0.2684,0.2609,0.2614,4252176.0,1123518.0341
2026-01-29 19:00:00,0.2614,0.2651,0.2604,0.2638,687865.0,180230.4808
2026-01-29 20:00:00,0.2638,0.27,0.2633,0.2695,1023248.0,273435.4079
2026-01-29 21:00:00,0.2695,0.2717,0.2695,0.2708,1401195.0,379033.7641
2026-01-29 22:00:00,0.2708,0.2716,0.2694,0.2698,1509270.0,407811.9299
2026-01-29 23:00:00,0.2698,0.2699,0.2683,0.2695,1376914.0,370693.1944
2026-01-30 00:00:00,0.2695,0.272,0.2695,0.2711,896022.0,242160.9267
2026-01-30 01:00:00,0.2711,0.2732,0.2598,0.2675,5010283.0,1344202.062
2026-01-30 02:00:00,0.2675,0.2675,0.2603,0.2637,3285558.0,863697.3852
2026-01-30 03:00:00,0.2637,0.2657,0.262,0.2625,1734578.0,456907.1346
2026-01-30 04:00:00,0.2625,0.2674,0.2625,0.2657,1514585.0,402991.6365
2026-01-30 05:00:00,0.2657,0.2662,0.2638,0.2643,872115.0,230880.8215
2026-01-30 06:00:00,0.2643,0.2644,0.2586,0.2607,10206938.0,2661925.2833
2026-01-30 07:00:00,0.2607,0.266,0.2607,0.2648,3422073.0,904044.7139
2026-01-30 08:00:00,0.2648,0.2655,0.2619,0.2636,1005736.0,264968.9938
2026-01-30 09:00:00,0.2636,0.2652,0.2626,0.2643,3504521.0,924800.1064
2026-01-30 10:00:00,0.2643,0.2658,0.2636,0.2648,3445274.0,910465.6763
2026-01-30 11:00:00,0.2648,0.2696,0.2639,0.2682,1526144.0,406686.1285
2026-01-30 12:00:00,0.2682,0.2686,0.2661,0.2669,1662306.0,443977.3795
2026-01-30 13:00:00,0.2669,0.2672,0.2627,0.2636,3007992.0,796026.6954
2026-01-30 14:00:00,0.2636,0.2669,0.2622,0.2635,8784861.0,2317981.905
2026-01-30 15:00:00,0.2635,0.2664,0.2609,0.2645,5268614.0,1390689.3129
2026-01-30 16:00:00,0.2645,0.2674,0.2621,0.265,1820823.0,481494.6256
2026-01-30 17:00:00,0.265,0.2675,0.2637,0.265,1598169.0,423714.7698
2026-01-30 18:00:00,0.265,0.2702,0.2575,0.2686,3134265.0,823490.8199
2026-01-30 19:00:00,0.2686,0.2705,0.2666,0.2675,1406417.0,378396.7979
2026-01-30 20:00:00,0.2675,0.2675,0.2616,0.263,2111025.0,556755.2051
2026-01-30 21:00:00,0.263,0.2656,0.2621,0.2643,2138749.0,563518.2487
2026-01-30 22:00:00,0.2643,0.2648,0.2615,0.263,5444030.0,1431600.9788
2026-01-30 23:00:00,0.263,0.263,0.2605,0.2628,2470898.0,646900.3824
2026-01-31 00:00:00,0.2628,0.2631,0.2613,0.2617,1589846.0,416435.1637
2026-01-31 01:00:00,0.2617,0.263,0.2614,0.2626,1790963.0,469742.7643
2026-01-31 02:00:00,0.2626,0.2637,0.2612,0.2629,682765.0,179356.3176
2026-01-31 03:00:00,0.2629,0.2631,0.2615,0.2617,1639835.0,429837.3599
2026-01-31 04:00:00,0.2617,0.2627,0.2596,0.2597,2466244.0,644291.4552
2026-01-31 05:00:00,0.2597,0.2607,0.2585,0.2603,853997.0,221569.1678
2026-01-31 06:00:00,0.2603,0.2606,0.2569,0.2588,2049562.0,529536.4706
2026-01-31 07:00:00,0.2588,0.2589,0.2548,0.2574,1875325.0,480541.2183
2026-01-31 08:00:00,0.2574,0.2579,0.2508,0.2542,2500049.0,634569.4869
2026-01-31 09:00:00,0.2542,0.2562,0.2534,0.2538,984252.0,250366.5386
2026-01-31 10:00:00,0.2538,0.2556,0.2528,0.2544,908154.0,230941.4645
2026-01-31 11:00:00,0.2544,0.2545,0.252,0.2526,999639.0,253464.8781
2026-01-31 12:00:00,0.2526,0.253,0.2511,0.2516,1015839.0,256259.7017
2026-01-31 13:00:00,0.2516,0.2518,0.2491,0.2507,1967461.0,492867.2916
2026-01-31 14:00:00,0.2507,0.2518,0.2348,0.2399,6544227.0,1586152.5324
2026-01-31 15:00:00,0.2399,0.2432,0.2383,0.2385,2098996.0,505395.6582
2026-01-31 16:00:00,0.2385,0.2422,0.2361,0.2373,4552344.0,1088237.206
2026-01-31 17:00:00,0.2373,0.2386,0.2229,0.226,7226372.0,1647634.3602
2026-01-31 18:00:00,0.226,0.2272,0.2099,0.224,3565065.0,795805.1363
2026-01-31 19:00:00,0.224,0.229,0.223,0.2251,2322348.0,523395.9235
2026-01-31 20:00:00,0.2251,0.228,0.2233,0.2269,2566131.0,576944.2106
2026-01-31 21:00:00,0.2269,0.2307,0.226,0.2299,1241438.0,283246.8772
2026-01-31 22:00:00,0.2299,0.2305,0.2276,0.2294,571454.0,130825.9556
2026-01-31 23:00:00,0.2294,0.2355,0.2292,0.2342,1240433.0,289291.3137
2026-02-01 00:00:00,0.2342,0.2371,0.234,0.2361,721851.0,170218.0851
2026-02-01 01:00:00,0.2361,0.2367,0.2329,0.2365,730282.0,171574.9364
2026-02-01 02:00:00,0.2365,0.239,0.2359,0.2377,1081643.0,256645.1115
2026-02-01 03:00:00,0.2377,0.2384,0.2368,0.2381,735680.0,174769.2446
2026-02-01 04:00:00,0.2381,0.2388,0.2374,0.2377,269076.0,64056.8961
2026-02-01 05:00:00,0.2377,0.2391,0.2367,0.2373,576430.0,136731.4426
2026-02-01 06:00:00,0.2373,0.2399,0.2373,0.2385,836656.0,199560.3011
2026-02-01 07:00:00,0.2385,0.2406,0.2372,0.2392,623033.0,148844.9014
2026-02-01 08:00:00,0.2392,0.2406,0.238,0.2389,869456.0,207852.4672
2026-02-01 09:00:00,0.2389,0.2397,0.237,0.2393,516485.0,123171.2125
2026-02-01 10:00:00,0.2393,0.2403,0.2344,0.2347,2101420.0,497755.4464
2026-02-01 11:00:00,0.2347,0.237,0.2342,0.2358,1055597.0,248788.778
2026-02-01 12:00:00,0.2358,0.2358,0.2328,0.2336,2319778.0,542877.7542
2026-02-01 13:00:00,0.2336,0.2358,0.2319,0.233,1359744.0,317921.7905
2026-02-01 14:00:00,0.233,0.2353,0.2283,0.2327,3597191.0,834899.8177
2026-02-01 15:00:00,0.2327,0.2327,0.2238,0.2269,2889838.0,656469.1001
2026-02-01 16:00:00,0.2269,0.2301,0.2247,0.2274,3050855.0,693528.4477
2026-02-01 17:00:00,0.2274,0.2288,0.2256,0.2282,519869.0,118133.9579
2026-02-01 18:00:00,0.2282,0.2337,0.2282,0.2302,1831559.0,423461.8868
2026-02-01 19:00:00,0.2302,0.2311,0.227,0.2285,1353384.0,309929.4465
2026-02-01 20:00:00,0.2285,0.2316,0.2261,0.229,1902647.0,434110.81
2026-02-01 21:00:00,0.229,0.2292,0.226,0.2269,1531829.0,348148.185
2026-02-01 22:00:00,0.2269,0.2312,0.2268,0.2295,3156786.0,723253.6921
2026-02-01 23:00:00,0.2295,0.2316,0.2216,0.2275,3349763.0,760828.3791
2026-02-02 00:00:00,0.2275,0.2334,0.2255,0.2312,3081505.0,711775.8635
2026-02-02 01:00:00,0.2312,0.2347,0.2278,0.2321,3665224.0,848466.6904
2026-02-02 02:00:00,0.2321,0.2333,0.2294,0.2298,1082206.0,250572.9195
2026-02-02 03:00:00,0.2298,0.2301,0.2199,0.2298,5494302.0,1241105.4509
2026-02-02 04:00:00,0.2298,0.2325,0.2255,0.2279,2028721.0,465126.4788
2026-02-02 05:00:00,0.2279,0.228,0.2218,0.2241,2920857.0,653951.7236
2026-02-02 06:00:00,0.2241,0.2303,0.2204,0.2267,3223084.0,722556.1343
2026-02-02 07:00:00,0.2267,0.2284,0.2253,0.2253,785995.0,178099.4923
2026-02-02 08:00:00,0.2253,0.2286,0.2253,0.2277,463475.0,104989.9642
2026-02-02 09:00:00,0.2277,0.2313,0.2261,0.2296,911939.0,208617.1168
2026-02-02 10:00:00,0.2296,0.2306,0.2286,0.2294,520802.0,119624.5116
2026-02-02 11:00:00,0.2294,0.2307,0.2286,0.2292,537014.0,123290.6666
2026-02-02 12:00:00,0.2292,0.2309,0.2287,0.2302,707557.0,162483.2576
2026-02-02 13:00:00,0.2302,0.2317,0.2294,0.2313,1174665.0,270610.3565
2026-02-02 14:00:00,0.2313,0.2342,0.2288,0.2318,2428648.0,562560.0879
2026-02-02 15:00:00,0.2318,0.2368,0.2314,0.2349,4065077.0,951184.96
2026-02-02 16:00:00,0.2349,0.2355,0.2322,0.2325,1670552.0,391067.4028
2026-02-02 17:00:00,0.2325,0.2342,0.2294,0.2301,1795395.0,415620.1487
2026-02-02 18:00:00,0.2301,0.2312,0.2288,0.2305,785407.0,180648.1846
2026-02-02 19:00:00,0.2305,0.2306,0.2289,0.2292,857699.0,196869.5237
2026-02-02 20:00:00,0.2292,0.2301,0.2281,0.2294,597043.0,136830.6777
2026-02-02 21:00:00,0.2294,0.2313,0.2294,0.2308,540431.0,124491.9795
2026-02-02 22:00:00,0.2308,0.2317,0.2303,0.2311,429030.0,99208.5387
2026-02-02 23:00:00,0.2311,0.2313,0.2294,0.2299,660168.0,151937.0763
2026-02-03 00:00:00,0.2299,0.2303,0.2277,0.2294,837809.0,191591.2466
2026-02-03 01:00:00,0.2294,0.2297,0.2274,0.2293,374082.0,85716.6452
2026-02-03 02:00:00,0.2293,0.2296,0.2252,0.2253,776364.0,176206.8978
2026-02-03 03:00:00,0.2253,0.2302,0.2245,0.2296,1447037.0,328124.1102
2026-02-03 04:00:00,0.2296,0.2316,0.2282,0.2306,703649.0,161714.3257
2026-02-03 05:00:00,0.2306,0.2308,0.2278,0.228,399819.0,91627.1257
2026-02-03 06:00:00,0.228,0.2298,0.2264,0.2295,904130.0,206008.3202
2026-02-03 07:00:00,0.2295,0.2311,0.229,0.2295,782662.0,180008.192
2026-02-03 08:00:00,0.2295,0.2311,0.2289,0.2294,761764.0,175014.0452
2026-02-03 09:00:00,0.2294,0.2301,0.2254,0.2274,954058.0,216606.8546
2026-02-03 10:00:00,0.2274,0.2289,0.2271,0.2279,461848.0,105325.9538
2026-02-03 11:00:00,0.2279,0.2287,0.2273,0.228,430499.0,98207.9735
2026-02-03 12:00:00,0.228,0.23,0.2272,0.2293,1364015.0,311733.0606
2026-02-03 13:00:00,0.2293,0.2297,0.2281,0.2292,636489.0,145672.8623
2026-02-03 14:00:00,0.2292,0.2299,0.2243,0.2243,1329878.0,301526.4079
2026-02-03 15:00:00,0.2243,0.2295,0.2221,0.2236,4145140.0,936395.6889
2026-02-03 16:00:00,0.2236,0.2236,0.2148,0.2162,6186178.0,1351337.9063
2026-02-03 17:00:00,0.2162,0.2172,0.2105,0.2106,4928977.0,1051943.7902
2026-02-03 18:00:00,0.2106,0.2118,0.2065,0.2069,5479544.0,1145181.4607
2026-02-03 19:00:00,0.2069,0.217,0.2067,0.2144,3452554.0,732483.3535
2026-02-03 20:00:00,0.2144,0.2235,0.2105,0.2213,3675658.0,795362.2157
2026-02-03 21:00:00,0.2213,0.224,0.2176,0.2182,1973001.0,433603.9679
2026-02-03 22:00:00,0.2182,0.2186,0.214,0.2144,2867154.0,619137.2465
2026-02-03 23:00:00,0.2144,0.2152,0.2112,0.2128,2998399.0,640177.8042
2026-02-04 00:00:00,0.2128,0.2158,0.2118,0.2156,835499.0,179201.3713
2026-02-04 01:00:00,0.2156,0.2203,0.2156,0.2193,1557593.0,340433.8625
2026-02-04 02:00:00,0.2193,0.2197,0.2173,0.2186,1282555.0,280119.4619
2026-02-04 03:00:00,0.2186,0.2232,0.2184,0.222,1724669.0,382056.9759
2026-02-04 04:00:00,0.222,0.2236,0.2213,0.2224,470484.0,104392.2328
2026-02-04 05:00:00,0.2224,0.223,0.2203,0.2213,843741.0,187043.0309
2026-02-04 06:00:00,0.2213,0.2237,0.2212,0.222,684270.0,152563.4827
2026-02-04 07:00:00,0.222,0.2231,0.2206,0.2224,491292.0,108990.7526
2026-02-04 08:00:00,0.2224,0.2253,0.2217,0.2249,1374503.0,307627.6976
2026-02-04 09:00:00,0.2249,0.225,0.2223,0.2235,1197075.0,267649.3281
2026-02-04 10:00:00,0.2235,0.227,0.2235,0.2259,1143398.0,258287.1386
2026-02-04 11:00:00,0.2259,0.2284,0.2238,0.2277,3121737.0,705491.3488
2026-02-04 12:00:00,0.2277,0.2299,0.2251,0.2259,2729185.0,619961.319
2026-02-04 13:00:00,0.2259,0.2271,0.2211,0.2211,2235850.0,501191.4104
2026-02-04 14:00:00,0.2211,0.2231,0.2174,0.2185,3531946.0,778544.0681
2026-02-04 15:00:00,0.2185,0.2226,0.2157,0.2198,6157106.0,1352395.9799
2026-02-04 16:00:00,0.2198,0.2225,0.2162,0.219,4477150.0,978166.3083
2026-02-04 17:00:00,0.219,0.2206,0.2162,0.22,2184118.0,476412.7633
2026-02-04 18:00:00,0.22,0.2238,0.215,0.2201,4820715.0,1055854.5282
2026-02-04 19:00:00,0.2201,0.2243,0.2186,0.2242,1602212.0,353692.0147
2026-02-04 20:00:00,0.2242,0.2245,0.2215,0.222,1235165.0,275137.6327
2026-02-04 21:00:00,0.222,0.2227,0.2163,0.2181,1486275.0,325930.9226
2026-02-04 22:00:00,0.2181,0.2215,0.2138,0.2157,2569421.0,557608.7329
2026-02-04 23:00:00,0.2157,0.221,0.2154,0.219,689237.0,150752.2205
2026-02-05 00:00:00,0.219,0.2203,0.2174,0.2188,528794.0,115812.736
2026-02-05 01:00:00,0.2188,0.2222,0.2169,0.2184,1363058.0,299605.9331
2026-02-05 02:00:00,0.2184,0.2204,0.2157,0.2161,1408932.0,306813.1184
2026-02-05 03:00:00,0.2161,0.218,0.2148,0.2152,1058220.0,228637.9447
2026-02-05 04:00:00,0.2152,0.2171,0.2139,0.2149,1938221.0,417243.4362
2026-02-05 05:00:00,0.2149,0.2177,0.2119,0.2151,1573417.0,337771.7101
2026-02-05 06:00:00,0.2151,0.2152,0.2111,0.2119,1445388.0,307493.9076
2026-02-05 07:00:00,0.2119,0.215,0.2111,0.2116,3363181.0,717025.681
2026-02-05 08:00:00,0.2116,0.2149,0.2116,0.2131,783699.0,167037.4868
2026-02-05 09:00:00,0.2131,0.2152,0.2123,0.2128,1567148.0,334706.5264
2026-02-05 10:00:00,0.2128,0.2137,0.2077,0.2087,3717443.0,781230.9387
2026-02-05 11:00:00,0.2087,0.2097,0.2032,0.2068,6605229.0,1360503.6558
2026-02-05 12:00:00,0.2068,0.2083,0.2049,0.2074,3873652.0,801656.2975
2026-02-05 13:00:00,0.2074,0.2092,0.2055,0.2061,2718109.0,563154.8518
2026-02-05 14:00:00,0.2061,0.2108,0.2055,0.2059,3709028.0,771797.1654
2026-02-05 15:00:00,0.2059,0.2066,0.1904,0.1947,15021830.0,2963322.5923
2026-02-05 16:00:00,0.1947,0.2003,0.1929,0.1976,6538370.0,1289803.943
2026-02-05 17:00:00,0.1976,0.1998,0.191,0.1924,4576378.0,890816.3059
2026-02-05 18:00:00,0.1924,0.1941,0.1896,0.1937,6583046.0,1259403.0993
2026-02-05 19:00:00,0.1937,0.1938,0.1897,0.1905,3663522.0,702468.44
2026-02-05 20:00:00,0.1905,0.1923,0.1806,0.1849,12778628.0,2370079.2133
2026-02-05 21:00:00,0.1849,0.1898,0.1827,0.1836,8282904.0,1545276.6606
2026-02-05 22:00:00,0.1836,0.1877,0.1802,0.1839,6166554.0,1130045.8284
2026-02-05 23:00:00,0.1839,0.1884,0.181,0.1816,3847085.0,710183.6938
2026-02-06 00:00:00,0.1816,0.183,0.1577,0.1747,15323746.0,2616725.2901
2026-02-06 01:00:00,0.1747,0.1817,0.1741,0.1813,3310917.0,590664.186
2026-02-06 02:00:00,0.1813,0.1832,0.1745,0.1751,3314441.0,590491.3167
2026-02-06 03:00:00,0.1751,0.1766,0.1732,0.1745,3506241.0,612418.6794
2026-02-06 04:00:00,0.1745,0.1769,0.1728,0.1761,5726451.0,1005595.8193
2026-02-06 05:00:00,0.1761,0.1803,0.1755,0.1791,1586681.0,282368.9957
2026-02-06 06:00:00,0.1791,0.1803,0.1731,0.1732,1502298.0,268198.3632
2026-02-06 07:00:00,0.1732,0.1749,0.1704,0.1734,4406589.0,760467.8099
2026-02-06 08:00:00,0.1734,0.1741,0.1701,0.171,5667591.0,975091.2275
2026-02-06 09:00:00,0.171,0.1786,0.1706,0.1786,3649803.0,635260.2081
2026-02-06 10:00:00,0.1786,0.182,0.1772,0.182,2358338.0,424278.2546
2026-02-06 11:00:00,0.182,0.184,0.1811,0.1832,1837936.0,335609.4551
2026-02-06 12:00:00,0.1832,0.1845,0.182,0.1838,3218740.0,591192.5865
2026-02-06 13:00:00,0.1838,0.1869,0.1829,0.1859,6330524.0,1171373.8104
2026-02-06 14:00:00,0.1859,0.1925,0.185,0.1905,5153018.0,972391.7227
2026-02-06 15:00:00,0.1905,0.1908,0.1875,0.1899,3347697.0,633231.2041
2026-02-06 16:00:00,0.1899,0.1959,0.1891,0.1945,3922856.0,760715.4779
2026-02-06 17:00:00,0.1945,0.2005,0.194,0.1986,4350797.0,859300.7408
2026-02-06 18:00:00,0.1986,0.1988,0.1922,0.1933,5867977.0,1136205.9296
2026-02-06 19:00:00,0.1933,0.1947,0.1918,0.1943,2953369.0,570516.3348
2026-02-06 20:00:00,0.1943,0.1954,0.1917,0.1931,4672969.0,902381.8057
2026-02-06 21:00:00,0.1931,0.1955,0.1919,0.1954,2270953.0,440645.2092
2026-02-06 22:00:00,0.1954,0.1981,0.1951,0.197,1276354.0,251128.0407
2026-02-06 23:00:00,0.197,0.1982,0.1949,0.1972,1720204.0,338102.1795
2026-02-07 00:00:00,0.1972,0.1972,0.1921,0.1935,1770836.0,344082.287
2026-02-07 01:00:00,0.1935,0.1956,0.1926,0.1951,2663716.0,516476.0741
2026-02-07 02:00:00,0.1951,0.1961,0.1945,0.1956,668601.0,130611.4302
2026-02-07 03:00:00,0.1956,0.1978,0.1952,0.1972,1137215.0,223799.9597
2026-02-07 04:00:00,0.1972,0.1988,0.1956,0.1959,1020894.0,201588.9661
2026-02-07 05:00:00,0.1959,0.1965,0.1948,0.1954,1096069.0,214305.0465
2026-02-07 06:00:00,0.1954,0.1966,0.1917,0.1917,1204382.0,234376.955
2026-02-07 07:00:00,0.1917,0.1926,0.1869,0.1894,7461715.0,1417114.9494
2026-02-07 08:00:00,0.1894,0.1908,0.1883,0.1907,2838741.0,537975.5696
2026-02-07 09:00:00,0.1907,0.1913,0.1894,0.1897,2069604.0,392821.7978
2026-02-07 10:00:00,0.1897,0.1903,0.1886,0.1901,1215808.0,230362.9747
2026-02-07 11:00:00,0.1901,0.1906,0.1895,0.1904,2995476.0,569468.4603
2026-02-07 12:00:00,0.1904,0.1982,0.1901,0.1966,5668452.0,1106613.5004
2026-02-07 13:00:00,0.1966,0.1975,0.1943,0.1955,2772426.0,544087.3326
2026-02-07 14:00:00,0.1955,0.1959,0.1922,0.1925,2090006.0,404978.0716
2026-02-07 15:00:00,0.1925,0.1974,0.1919,0.1966,2369957.0,462851.4654
2026-02-07 16:00:00,0.1966,0.2026,0.1964,0.1969,4704421.0,936164.2476
2026-02-07 17:00:00,0.1969,0.1974,0.1951,0.1962,1947339.0,382256.8995
2026-02-07 18:00:00,0.1962,0.1995,0.1961,0.1985,2306415.0,455948.2889
2026-02-07 19:00:00,0.1985,0.1986,0.1964,0.1966,2485239.0,489744.0758
2026-02-07 20:00:00,0.1966,0.1978,0.1962,0.1973,2777230.0,546534.0312
2026-02-07 21:00:00,0.1973,0.1982,0.1964,0.1971,3175086.0,627332.6928
2026-02-07 22:00:00,0.1971,0.1978,0.1966,0.1967,813097.0,160430.4977
2026-02-07 23:00:00,0.1967,0.197,0.1954,0.1963,1446420.0,283829.5576
2026-02-08 00:00:00,0.1963,0.1964,0.1947,0.1957,728557.0,142489.5296
2026-02-08 01:00:00,0.1957,0.1964,0.1948,0.1953,1244429.0,243331.7122
2026-02-08 02:00:00,0.1953,0.1962,0.1938,0.1944,1744564.0,339372.3284
2026-02-08 03:00:00,0.1944,0.1949,0.1933,0.1936,1220066.0,236993.215
2026-02-08 04:00:00,0.1936,0.1945,0.1928,0.1941,689320.0,133573.8287
2026-02-08 05:00:00,0.1941,0.1945,0.1929,0.1931,172004.0,33338.7243
2026-02-08 06:00:00,0.1931,0.1937,0.1926,0.1929,1203917.0,232330.3935
2026-02-08 07:00:00,0.1929,0.1931,0.1914,0.1929,698078.0,134203.9717
2026-02-08 08:00:00,0.1929,0.1961,0.1924,0.1955,1622692.0,316155.8223
2026-02-08 09:00:00,0.1955,0.196,0.1928,0.1934,1335663.0,259876.8697
2026-02-08 10:00:00,0.1934,0.1944,0.1918,0.1926,1808960.0,348758.2544
2026-02-08 11:00:00,0.1926,0.1963,0.1925,0.1957,1831223.0,356424.1817
2026-02-08 12:00:00,0.1957,0.1959,0.1938,0.1951,1577968.0,307213.1075
2026-02-08 13:00:00,0.1951,0.1953,0.1937,0.1947,1712884.0,332716.018
2026-02-08 14:00:00,0.1947,0.1955,0.1939,0.1949,3022963.0,588775.0813
2026-02-08 15:00:00,0.1949,0.1955,0.1921,0.1929,6699239.0,1294020.8389
2026-02-08 16:00:00,0.1929,0.1932,0.1864,0.1874,3311384.0,628211.4006
2026-02-08 17:00:00,0.1874,0.1902,0.1874,0.19,2337257.0,441104.2518
2026-02-08 18:00:00,0.19,0.1934,0.1899,0.192,1266813.0,243339.0246
2026-02-08 19:00:00,0.192,0.1927,0.1914,0.1924,241900.0,46442.6843
2026-02-08 20:00:00,0.1924,0.1925,0.1896,0.1898,1878429.0,357900.321
2026-02-08 21:00:00,0.1898,0.1907,0.1883,0.1897,1296313.0,245132.1367
2026-02-08 22:00:00,0.1897,0.1909,0.1893,0.1905,692165.0,131655.6908
2026-02-08 23:00:00,0.1905,0.1949,0.1886,0.1903,3420519.0,653145.9233
2026-02-09 00:00:00,0.1903,0.191,0.1884,0.19,779963.0,148020.3377
2026-02-09 01:00:00,0.19,0.1922,0.1888,0.1901,850951.0,161988.6239
2026-02-09 02:00:00,0.1901,0.1918,0.1892,0.1905,878415.0,167446.78
2026-02-09 03:00:00,0.1905,0.1934,0.1905,0.1931,1192021.0,228552.1437
2026-02-09 04:00:00,0.1931,0.1931,0.1915,0.1916,697199.0,133924.5533
2026-02-09 05:00:00,0.1916,0.1927,0.1911,0.1919,466509.0,89565.5908
2026-02-09 06:00:00,0.1919,0.1919,0.1892,0.1902,780810.0,148602.5797
2026-02-09 07:00:00,0.1902,0.1905,0.1885,0.1886,668354.0,126669.6099
2026-02-09 08:00:00,0.1886,0.1892,0.1857,0.1866,5039174.0,942678.9427
2026-02-09 09:00:00,0.1866,0.1869,0.1846,0.1852,3022169.0,562028.3079
2026-02-09 10:00:00,0.1852,0.1855,0.1813,0.1822,4706059.0,861601.967
2026-02-09 11:00:00,0.1822,0.1839,0.1822,0.1836,980665.0,179857.5031
2026-02-09 12:00:00,0.1836,0.1849,0.1834,0.1844,1171071.0,215569.5221
2026-02-09 13:00:00,0.1844,0.185,0.1823,0.1823,2282588.0,418457.7586
2026-02-09 14:00:00,0.1823,0.1863,0.1818,0.1858,4313160.0,792380.8465
2026-02-09 15:00:00,0.1858,0.1876,0.1841,0.1874,4241869.0,790438.7913
2026-02-09 16:00:00,0.1874,0.1909,0.1856,0.189,3257154.0,612026.757
2026-02-09 17:00:00,0.189,0.1924,0.1878,0.1916,3943494.0,751428.749
2026-02-09 18:00:00,0.1916,0.1921,0.1886,0.1897,2434251.0,461839.1783
2026-02-09 19:00:00,0.1897,0.191,0.1888,0.1906,2672538.0,506937.5756
2026-02-09 20:00:00,0.1906,0.1912,0.1887,0.1895,1842956.0,349579.6668
2026-02-09 21:00:00,0.1895,0.19,0.187,0.1895,2220003.0,418884.255
2026-02-09 22:00:00,0.1895,0.1908,0.1893,0.1899,2903092.0,551334.3625
2026-02-09 23:00:00,0.1899,0.1902,0.1887,0.189,925128.0,175326.2587
2026-02-10 00:00:00,0.189,0.1894,0.1879,0.1883,824308.0,155459.348
2026-02-10 01:00:00,0.1883,0.1898,0.1882,0.1891,407539.0,77150.2517
2026-02-10 02:00:00,0.1891,0.1895,0.1877,0.1882,847034.0,159522.8318
2026-02-10 03:00:00,0.1882,0.1883,0.1842,0.186,2187941.0,407271.6036
2026-02-10 04:00:00,0.186,0.1875,0.1857,0.1872,714284.0,133486.3868
2026-02-10 05:00:00,0.1872,0.1873,0.184,0.1848,1989993.0,368661.3452
2026-02-10 06:00:00,0.1848,0.185,0.1809,0.1817,1864224.0,341885.174
2026-02-10 07:00:00,0.1817,0.1835,0.1817,0.1828,973526.0,177893.4168
2026-02-10 08:00:00,0.1828,0.1839,0.1825,0.1836,684565.0,125477.6558
2026-02-10 09:00:00,0.1836,0.1845,0.1833,0.1838,768011.0,141321.9605
2026-02-10 10:00:00,0.1838,0.1841,0.1825,0.1827,850923.0,155826.6607
2026-02-10 11:00:00,0.1827,0.183,0.1814,0.1817,1592352.0,290143.5925
2026-02-10 12:00:00,0.1817,0.1825,0.1805,0.1808,2223018.0,402910.3714
2026-02-10 13:00:00,0.1808,0.1823,0.1803,0.1821,2362685.0,428417.5902
2026-02-10 14:00:00,0.1821,0.1846,0.1814,0.1829,6922120.0,1265490.5043
2026-02-10 15:00:00,0.1829,0.1856,0.1819,0.1844,4578485.0,841933.2027
2026-02-10 16:00:00,0.1844,0.1852,0.1826,0.1834,2016027.0,370467.6528
2026-02-10 17:00:00,0.1834,0.1847,0.1825,0.1838,2694901.0,495283.1518
2026-02-10 18:00:00,0.1838,0.1841,0.1803,0.1813,2819199.0,512900.0682
2026-02-10 19:00:00,0.1813,0.1828,0.1804,0.182,1995631.0,362772.8019
2026-02-10 20:00:00,0.182,0.1827,0.1812,0.1821,722258.0,131453.8699
2026-02-10 21:00:00,0.1821,0.1827,0.1809,0.1818,1785374.0,324130.9439
2026-02-10 22:00:00,0.1818,0.1833,0.1815,0.1819,1273296.0,231914.3456
2026-02-10 23:00:00,0.1819,0.1832,0.1818,0.1826,390061.0,71185.1879
2026-02-11 00:00:00,0.1826,0.1839,0.1826,0.1837,1110995.0,203814.3538
2026-02-11 01:00:00,0.1837,0.1844,0.1833,0.184,287341.0,52810.6918
2026-02-11 02:00:00,0.184,0.1855,0.184,0.1842,1024084.0,189297.4246
2026-02-11 03:00:00,0.1842,0.1848,0.182,0.183,983519.0,179887.5125
2026-02-11 04:00:00,0.183,0.1834,0.1796,0.1805,3213030.0,582446.2532
2026-02-11 05:00:00,0.1805,0.1813,0.1787,0.1792,2116422.0,380404.2825
2026-02-11 06:00:00,0.1792,0.1794,0.1762,0.1766,1687909.0,299983.8413
2026-02-11 07:00:00,0.1766,0.1782,0.1759,0.1772,12032303.0,2134259.1872
2026-02-11 08:00:00,0.1772,0.1772,0.1761,0.1768,5234825.0,923007.0082
2026-02-11 09:00:00,0.1768,0.1769,0.1755,0.1758,3859618.0,680447.6923
2026-02-11 10:00:00,0.1758,0.176,0.1746,0.1752,3285252.0,575118.619
2026-02-11 11:00:00,0.1752,0.1772,0.1752,0.1767,904208.0,159332.6287
2026-02-11 12:00:00,0.1767,0.1776,0.1762,0.1769,1075243.0,190354.4007
2026-02-11 13:00:00,0.1769,0.1797,0.1763,0.1796,2015058.0,358331.5828
2026-02-11 14:00:00,0.1796,0.1864,0.1754,0.1757,9253987.0,1664521.7646
2026-02-11 15:00:00,0.1757,0.1767,0.1729,0.1751,7540727.0,1316853.3319
2026-02-11 16:00:00,0.1751,0.1786,0.174,0.1742,6488105.0,1140644.8599
2026-02-11 17:00:00,0.1742,0.1779,0.1736,0.1762,1973100.0,346624.2497
2026-02-11 18:00:00,0.1762,0.1791,0.1748,0.1782,4683326.0,833186.1081
2026-02-11 19:00:00,0.1782,0.179,0.1766,0.177,2742521.0,487316.1774
2026-02-11 20:00:00,0.177,0.1792,0.1758,0.179,6753659.0,1194716.9179
2026-02-11 21:00:00,0.179,0.1816,0.1785,0.1806,4618012.0,832798.2422
2026-02-11 22:00:00,0.1806,0.1811,0.1785,0.1787,588430.0,105999.7827
2026-02-11 23:00:00,0.1787,0.1793,0.1765,0.1776,1684752.0,299302.0728
2026-02-12 00:00:00,0.1776,0.1801,0.1776,0.1792,917483.0,164503.3088
2026-02-12 01:00:00,0.1792,0.1807,0.1791,0.1795,1213360.0,218376.8055
2026-02-12 02:00:00,0.1795,0.1812,0.179,0.18,2876907.0,518453.7105
2026-02-12 03:00:00,0.18,0.1811,0.1798,0.1809,1304445.0,235362.9256
2026-02-12 04:00:00,0.1809,0.1819,0.18,0.1811,1586836.0,287785.3279
2026-02-12 05:00:00,0.1811,0.1825,0.1799,0.1823,9390290.0,1705187.9633
2026-02-12 06:00:00,0.1823,0.1841,0.182,0.1831,1024668.0,187832.586
2026-02-12 07:00:00,0.1831,0.1845,0.1822,0.1843,1581004.0,290300.1564
2026-02-12 08:00:00,0.1843,0.1846,0.1819,0.183,2947221.0,539197.0288
2026-02-12 09:00:00,0.183,0.1841,0.1823,0.1836,1864792.0,341971.224
2026-02-12 10:00:00,0.1836,0.1845,0.1827,0.1845,1535979.0,282119.2423
2026-02-12 11:00:00,0.1845,0.1859,0.1834,0.1844,1511922.0,279096.8067
2026-02-12 12:00:00,0.1844,0.1846,0.1815,0.1818,1895646.0,345903.0827
2026-02-12 13:00:00,0.1818,0.1819,0.1794,0.1818,2658201.0,480953.8338
2026-02-12 14:00:00,0.1818,0.1821,0.1796,0.1809,4186937.0,756365.0087
2026-02-12 15:00:00,0.1809,0.183,0.179,0.1792,4439293.0,803418.2971
2026-02-12 16:00:00,0.1792,0.1799,0.1755,0.1766,9119462.0,1610819.7623
2026-02-12 17:00:00,0.1766,0.1793,0.1762,0.177,1133391.0,201306.3036
2026-02-12 18:00:00,0.177,0.1791,0.1767,0.1785,3511346.0,623649.5974
2026-02-12 19:00:00,0.1785,0.1833,0.1779,0.1803,1599751.0,288474.9875
2026-02-12 20:00:00,0.1803,0.181,0.178,0.1785,1396817.0,250387.46
2026-02-12 21:00:00,0.1785,0.1801,0.1785,0.1797,1499420.0,268935.2557
2026-02-12 22:00:00,0.1797,0.1823,0.1791,0.182,305717.0,55230.7105
2026-02-12 23:00:00,0.182,0.1835,0.182,0.1827,1869784.0,341578.1935
2026-02-13 00:00:00,0.1827,0.1835,0.1807,0.1815,1225043.0,222701.9706
2026-02-13 01:00:00,0.1815,0.182,0.1807,0.1812,269342.0,48863.4248
2026-02-13 02:00:00,0.1812,0.1819,0.1808,0.1816,191644.0,34792.4786
2026-02-13 03:00:00,0.1816,0.1817,0.1802,0.1806,395408.0,71447.4948
2026-02-13 04:00:00,0.1806,0.1807,0.1794,0.1801,387055.0,69724.8926
2026-02-13 05:00:00,0.1801,0.1805,0.1791,0.1793,610275.0,109915.5981
2026-02-13 06:00:00,0.1793,0.1808,0.1784,0.1807,717421.0,128648.4957
2026-02-13 07:00:00,0.1807,0.1817,0.1802,0.1807,831953.0,150448.9508
2026-02-13 08:00:00,0.1807,0.1831,0.1804,0.1825,2677015.0,487049.9711
2026-02-13 09:00:00,0.1825,0.1825,0.1815,0.1816,865371.0,157396.1247
2026-02-13 10:00:00,0.1816,0.1829,0.1816,0.1821,1815046.0,331067.0443
2026-02-13 11:00:00,0.1821,0.1822,0.1808,0.1818,2552824.0,462572.9217
2026-02-13 12:00:00,0.1818,0.1818,0.1804,0.1813,2164740.0,391636.7197
2026-02-13 13:00:00,0.1813,0.1842,0.181,0.1824,3039101.0,555100.9822
2026-02-13 14:00:00,0.1824,0.1854,0.1815,0.1835,3594276.0,658918.0162
2026-02-13 15:00:00,0.1835,0.1896,0.1835,0.1858,5537705.0,1033212.0786
2026-02-13 16:00:00,0.1858,0.1895,0.1856,0.1887,2198990.0,412927.644
2026-02-13 17:00:00,0.1887,0.1904,0.1876,0.1891,1523717.0,288134.4368
2026-02-13 18:00:00,0.1891,0.19,0.1882,0.1895,1357973.0,257233.6329
2026-02-13 19:00:00,0.1895,0.1903,0.1889,0.1896,662097.0,125607.8763
2026-02-13 20:00:00,0.1896,0.1904,0.1893,0.19,1373623.0,261117.0766
2026-02-13 21:00:00,0.19,0.1917,0.19,0.1911,2287769.0,437113.196
2026-02-13 22:00:00,0.1911,0.1918,0.1893,0.1899,755074.0,143705.5169
2026-02-13 23:00:00,0.1899,0.1903,0.1891,0.1892,639479.0,121289.3017
2026-02-14 00:00:00,0.1892,0.1911,0.1892,0.1906,1074175.0,204240.1319
2026-02-14 01:00:00,0.1906,0.1908,0.1899,0.1903,708014.0,134690.5604
2026-02-14 02:00:00,0.1903,0.191,0.1901,0.1906,155594.0,29652.277
2026-02-14 03:00:00,0.1906,0.1921,0.1905,0.1916,529673.0,101350.4613
2026-02-14 04:00:00,0.1916,0.1918,0.1907,0.1911,444188.0,84994.9203
2026-02-14 05:00:00,0.1911,0.1919,0.1905,0.1905,296382.0,56647.9677
2026-02-14 06:00:00,0.1905,0.1908,0.1896,0.1901,805111.0,153000.3701
2026-02-14 07:00:00,0.1901,0.1919,0.1901,0.191,551611.0,105550.841
2026-02-14 08:00:00,0.191,0.1935,0.191,0.1934,2219909.0,428054.8869
2026-02-14 09:00:00,0.1934,0.1937,0.1926,0.1929,1227043.0,237130.2029
2026-02-14 10:00:00,0.1929,0.1929,0.1916,0.1921,1038684.0,199621.3224
2026-02-14 11:00:00,0.1921,0.1946,0.1919,0.1941,2665682.0,515946.8592
2026-02-14 12:00:00,0.1941,0.1951,0.1931,0.1933,3813380.0,740408.4766
2026-02-14 13:00:00,0.1933,0.1936,0.1922,0.1932,1086410.0,209580.6299
2026-02-14 14:00:00,0.1932,0.1961,0.1931,0.1957,2672742.0,519249.2499
2026-02-14 15:00:00,0.1957,0.1963,0.1943,0.196,985975.0,192757.2489
2026-02-14 16:00:00,0.196,0.1982,0.1945,0.1979,1628987.0,319837.4139
2026-02-14 17:00:00,0.1979,0.1988,0.1961,0.1963,841856.0,166000.8378
2026-02-14 18:00:00,0.1963,0.1981,0.1962,0.1977,528831.0,104432.7381
2026-02-14 19:00:00,0.1977,0.2,0.1968,0.1997,591640.0,117707.1711
2026-02-14 20:00:00,0.1997,0.2006,0.1974,0.1986,1211030.0,240818.3429
2026-02-14 21:00:00,0.1986,0.1999,0.1971,0.1982,1435229.0,285172.3488
2026-02-14 22:00:00,0.1982,0.2002,0.1979,0.1987,388903.0,77422.9679
2026-02-14 23:00:00,0.1987,0.1992,0.1969,0.197,832368.0,164758.9921
2026-02-15 00:00:00,0.197,0.1974,0.1953,0.1962,696550.0,136519.2084
2026-02-15 01:00:00,0.1962,0.1973,0.1949,0.1963,1324081.0,259662.4124
2026-02-15 02:00:00,0.1963,0.1972,0.1943,0.1953,939830.0,183637.1968
2026-02-15 03:00:00,0.1953,0.1958,0.1924,0.1956,1218214.0,236996.9309
2026-02-15 04:00:00,0.1956,0.1983,0.1954,0.1958,2215442.0,436277.8309
2026-02-15 05:00:00,0.1958,0.1975,0.1955,0.1968,853738.0,167858.868
2026-02-15 06:00:00,0.1968,0.1972,0.1956,0.1962,466140.0,91480.7393
2026-02-15 07:00:00,0.1962,0.1984,0.1961,0.1975,721183.0,142192.3506
2026-02-15 08:00:00,0.1975,0.1981,0.193,0.1943,874225.0,170480.5674
2026-02-15 09:00:00,0.1943,0.1955,0.1938,0.195,783535.0,152591.3388
2026-02-15 10:00:00,0.195,0.195,0.1927,0.1941,1323295.0,255799.9388
2026-02-15 11:00:00,0.1941,0.1945,0.1937,0.1941,371238.0,72074.0598
2026-02-15 12:00:00,0.1941,0.1943,0.1884,0.1885,2643090.0,503232.4885
2026-02-15 13:00:00,0.1885,0.19,0.1864,0.1874,2251354.0,422850.6648
2026-02-15 14:00:00,0.1874,0.1894,0.1871,0.1892,1259881.0,236900.5156
2026-02-15 15:00:00,0.1892,0.1897,0.1886,0.1893,874732.0,165514.6801
2026-02-15 16:00:00,0.1893,0.1899,0.188,0.1895,727388.0,137351.7379
2026-02-15 17:00:00,0.1895,0.1899,0.1853,0.187,1408861.0,263396.6872
2026-02-15 18:00:00,0.187,0.1878,0.1857,0.1861,1890616.0,352046.4915
2026-02-15 19:00:00,0.1861,0.1873,0.1848,0.1864,2148351.0,399108.1812
2026-02-15 20:00:00,0.1864,0.1882,0.1857,0.1877,622956.0,116714.532
2026-02-15 21:00:00,0.1877,0.1889,0.1876,0.1877,170534.0,32082.4758
2026-02-15 22:00:00,0.1877,0.1888,0.1874,0.1885,511237.0,96256.5699
2026-02-15 23:00:00,0.1885,0.1895,0.1866,0.1892,1124410.0,211559.7417
2026-02-16 00:00:00,0.1892,0.1905,0.1886,0.189,859348.0,162887.1916
2026-02-16 01:00:00,0.189,0.1899,0.1878,0.1885,579836.0,109445.542
2026-02-16 02:00:00,0.1885,0.1889,0.1872,0.1876,270019.0,50765.0566
2026-02-16 03:00:00,0.1876,0.1885,0.1874,0.1884,348320.0,65434.6321
2026-02-16 04:00:00,0.1884,0.1898,0.1882,0.1896,313479.0,59293.2863
2026-02-16 05:00:00,0.1896,0.1901,0.1863,0.1869,726731.0,136617.056
2026-02-16 06:00:00,0.1869,0.1889,0.1868,0.1882,425193.0,80031.4909
2026-02-16 07:00:00,0.1882,0.1886,0.1871,0.1877,669533.0,125810.425
2026-02-16 08:00:00,0.1877,0.1889,0.1875,0.1884,758672.0,142879.6847
2026-02-16 09:00:00,0.1884,0.1897,0.1883,0.1895,1411428.0,266564.6648
2026-02-16 10:00:00,0.1895,0.1896,0.1881,0.1883,247365.0,46693.7242
2026-02-16 11:00:00,0.1883,0.1885,0.1855,0.1882,2025212.0,378426.5549
2026-02-16 12:00:00,0.1882,0.1912,0.1874,0.1911,1898848.0,358985.9534
2026-02-16 13:00:00,0.1911,0.1922,0.1873,0.1877,4193178.0,797194.3455
2026-02-16 14:00:00,0.1877,0.1896,0.1866,0.1886,2884592.0,541924.738
2026-02-16 15:00:00,0.1886,0.1897,0.1841,0.1852,3601358.0,671726.6575
2026-02-16 16:00:00,0.1852,0.1872,0.1849,0.1864,1930103.0,359089.4461
2026-02-16 17:00:00,0.1864,0.1873,0.1854,0.1865,1117284.0,208439.8237
2026-02-16 18:00:00,0.1865,0.1879,0.1865,0.1868,597715.0,111892.9233
2026-02-16 19:00:00,0.1868,0.1883,0.1862,0.1878,1498199.0,281252.3499
2026-02-16 20:00:00,0.1878,0.1895,0.1871,0.1892,1302464.0,245608.0318
2026-02-16 21:00:00,0.1892,0.1912,0.1886,0.191,394257.0,74747.7403
2026-02-16 22:00:00,0.191,0.1914,0.1897,0.19,1037432.0,197486.718
2026-02-16 23:00:00,0.19,0.1906,0.1896,0.1901,473127.0,89931.2462
2026-02-17 00:00:00,0.1901,0.1905,0.1889,0.189,970942.0,184141.6988
2026-02-17 01:00:00,0.189,0.1898,0.1883,0.1883,631877.0,119526.9267
2026-02-17 02:00:00,0.1883,0.1903,0.1873,0.1899,480503.0,90821.0208
2026-02-17 03:00:00,0.1899,0.1899,0.1886,0.1888,273834.0,51825.5941
2026-02-17 04:00:00,0.1888,0.19,0.1883,0.1889,139888.0,26447.0754
2026-02-17 05:00:00,0.1889,0.189,0.1864,0.1878,452557.0,84801.2977
2026-02-17 06:00:00,0.1878,0.1888,0.1878,0.1885,277410.0,52209.5526
2026-02-17 07:00:00,0.1885,0.1891,0.1879,0.1885,258545.0,48747.7613
2026-02-17 08:00:00,0.1885,0.1893,0.1873,0.1875,354036.0,66554.0741
2026-02-17 09:00:00,0.1875,0.1878,0.1866,0.1876,5285161.0,990732.4438
2026-02-17 10:00:00,0.1876,0.188,0.1854,0.1863,18691153.0,3479364.2245
2026-02-17 11:00:00,0.1863,0.188,0.1862,0.1874,722073.0,135193.1438
2026-02-17 12:00:00,0.1874,0.1887,0.187,0.1872,1636817.0,307517.6699
2026-02-17 13:00:00,0.1872,0.1891,0.1866,0.1884,1924342.0,361879.3835
2026-02-17 14:00:00,0.1884,0.1892,0.1841,0.1847,4154179.0,774551.3644
2026-02-17 15:00:00,0.1847,0.1867,0.1838,0.1867,5063875.0,937581.8277
2026-02-17 16:00:00,0.1867,0.1897,0.1863,0.187,2569954.0,483121.1893
2026-02-17 17:00:00,0.187,0.1875,0.1844,0.1856,2304826.0,427777.1608
2026-02-17 18:00:00,0.1856,0.19,0.1852,0.1889,928738.0,173951.811
2026-02-17 19:00:00,0.1889,0.1891,0.187,0.1874,1834868.0,344805.0529
2026-02-17 20:00:00,0.1874,0.1876,0.1859,0.1867,2138610.0,399657.8332
2026-02-17 21:00:00,0.1867,0.1875,0.1863,0.1871,348843.0,65141.2103
2026-02-17 22:00:00,0.1871,0.1873,0.1861,0.1866,652845.0,121706.012
2026-02-17 23:00:00,0.1866,0.1871,0.1861,0.1868,910102.0,169865.4382
2026-02-18 00:00:00,0.1868,0.1872,0.1859,0.186,292449.0,54612.6551
2026-02-18 01:00:00,0.186,0.1864,0.1852,0.1862,690654.0,128337.8398
2026-02-18 02:00:00,0.1862,0.1875,0.186,0.1871,543473.0,101623.078
2026-02-18 03:00:00,0.1871,0.1881,0.1868,0.1878,514708.0,96598.113
2026-02-18 04:00:00,0.1878,0.1879,0.1871,0.1875,249819.0,46818.962
2026-02-18 05:00:00,0.1875,0.188,0.1871,0.1878,395595.0,74251.6105
2026-02-18 06:00:00,0.1878,0.1884,0.1875,0.1876,292473.0,54920.976
2026-02-18 07:00:00,0.1876,0.1894,0.1876,0.1887,501049.0,94599.4338
2026-02-18 08:00:00,0.1887,0.1896,0.188,0.1882,990272.0,187024.3772
2026-02-18 09:00:00,0.1882,0.1886,0.1877,0.1883,600109.0,112882.9375
2026-02-18 10:00:00,0.1883,0.189,0.1873,0.1874,502704.0,94531.5791
2026-02-18 11:00:00,0.1874,0.1876,0.1854,0.1865,1677085.0,312984.9989
2026-02-18 12:00:00,0.1865,0.1868,0.185,0.1857,1211212.0,225476.5928
2026-02-18 13:00:00,0.1857,0.1861,0.1835,0.184,1456252.0,268485.9354
2026-02-18 14:00:00,0.184,0.185,0.1828,0.1847,4547449.0,837181.2058
2026-02-18 15:00:00,0.1847,0.1887,0.1846,0.1864,3595359.0,671303.9597
2026-02-18 16:00:00,0.1864,0.1867,0.1836,0.1841,2142789.0,395755.2329
2026-02-18 17:00:00,0.1841,0.1858,0.1712,0.1783,17367968.0,3093454.2572
2026-02-18 18:00:00,0.1783,0.1787,0.1744,0.1748,1967635.0,347330.8724
2026-02-18 19:00:00,0.1748,0.1756,0.1719,0.1729,3098968.0,538614.3485
2026-02-18 20:00:00,0.1729,0.1743,0.1712,0.1715,2631036.0,455028.0861
2026-02-18 21:00:00,0.1715,0.1736,0.1669,0.1673,5358680.0,909621.9929
2026-02-18 22:00:00,0.1673,0.1682,0.1652,0.1671,3610818.0,601456.7907
2026-02-18 23:00:00,0.1671,0.1675,0.1647,0.1653,1882470.0,312527.6334
2026-02-19 00:00:00,0.1653,0.1661,0.1628,0.1635,2202791.0,362345.9143
2026-02-19 01:00:00,0.1635,0.1651,0.1625,0.1644,4187428.0,685730.1858
2026-02-19 02:00:00,0.1644,0.1648,0.1594,0.1595,6462864.0,1043830.8366
2026-02-19 03:00:00,0.1595,0.1606,0.1583,0.16,6176901.0,984415.6165
2026-02-19 04:00:00,0.16,0.16,0.1545,0.1548,9705198.0,1523866.9983
2026-02-19 05:00:00,0.1548,0.1561,0.1514,0.1528,10355598.0,1588850.5995
2026-02-19 06:00:00,0.1528,0.1531,0.1491,0.1502,14602022.0,2203580.8917
2026-02-19 07:00:00,0.1502,0.1506,0.1458,0.1461,17063143.0,2513385.5964
2026-02-19 08:00:00,0.1461,0.1463,0.1402,0.1416,26652136.0,3815578.0966
2026-02-19 09:00:00,0.1416,0.1466,0.1403,0.1435,25352071.0,3643331.6015
2026-02-19 10:00:00,0.1435,0.1448,0.1413,0.1417,15565421.0,2227497.905
2026-02-19 11:00:00,0.1417,0.1433,0.1404,0.1415,21146254.0,3003195.7321
2026-02-19 12:00:00,0.1415,0.1444,0.1411,0.1425,13982110.0,1993056.9048
2026-02-19 13:00:00,0.1425,0.1426,0.1375,0.1398,25921519.0,3628084.5844
2026-02-19 14:00:00,0.1398,0.141,0.1362,0.1381,24311508.0,3371281.211
2026-02-19 15:00:00,0.1381,0.1409,0.1377,0.1394,16283327.0,2264840.5524
2026-02-19 16:00:00,0.1394,0.1405,0.1373,0.1379,13068688.0,1813040.1723
2026-02-19 17:00:00,0.1379,0.1385,0.1339,0.1358,19024297.0,2582594.9643
2026-02-19 18:00:00,0.1358,0.1387,0.1352,0.1373,20318249.0,2787509.764
2026-02-19 19:00:00,0.1373,0.1383,0.1365,0.138,8410204.0,1154590.435
2026-02-19 20:00:00,0.138,0.1395,0.1371,0.1374,9835153.0,1364337.2607
2026-02-19 21:00:00,0.1374,0.1393,0.1373,0.1378,7122827.0,986379.1417
2026-02-19 22:00:00,0.1378,0.1383,0.1362,0.1379,13774156.0,1888498.4912
2026-02-19 23:00:00,0.1379,0.1394,0.1377,0.1393,4548404.0,630353.8543
2026-02-20 00:00:00,0.1393,0.1393,0.1349,0.1365,25983660.0,3545589.1425
2026-02-20 01:00:00,0.1365,0.1381,0.1361,0.1373,4694254.0,642300.1566
2026-02-20 02:00:00,0.1373,0.1399,0.1272,0.1303,17185375.0,2305647.6722
2026-02-20 03:00:00,0.1303,0.1316,0.1271,0.1291,26356038.0,3416298.1224
2026-02-20 04:00:00,0.1291,0.1309,0.1275,0.1293,10039805.0,1295973.3902
2026-02-20 05:00:00,0.1293,0.1325,0.1284,0.1318,7108637.0,928967.4324
2026-02-20 06:00:00,0.1318,0.1334,0.1308,0.1331,9730059.0,1285490.0328
2026-02-20 07:00:00,0.1331,0.1338,0.1294,0.1299,19464247.0,2555679.8178
2026-02-20 08:00:00,0.1299,0.1301,0.1282,0.1287,13931547.0,1797768.5244
2026-02-20 09:00:00,0.1287,0.1307,0.1276,0.1304,13651631.0,1762890.1976
2026-02-20 10:00:00,0.1304,0.1316,0.1283,0.129,16236553.0,2107992.3961
2026-02-20 11:00:00,0.129,0.1299,0.1256,0.1275,19886876.0,2530401.2982
2026-02-20 12:00:00,0.1275,0.1275,0.1246,0.1268,13229516.0,1670395.2175
2026-02-20 13:00:00,0.1268,0.1271,0.1245,0.127,14824734.0,1864539.1677
2026-02-20 14:00:00,0.127,0.1291,0.1266,0.1284,14173895.0,1811184.0917
2026-02-20 15:00:00,0.1284,0.1346,0.1283,0.1331,38713300.0,5114315.7215
2026-02-20 16:00:00,0.1331,0.1339,0.1296,0.1307,20376326.0,2673361.8749
2026-02-20 17:00:00,0.1307,0.1307,0.1269,0.1298,21794795.0,2806795.5434
2026-02-20 18:00:00,0.1298,0.1299,0.1276,0.128,13758139.0,1769093.1564
2026-02-20 19:00:00,0.128,0.1288,0.1271,0.1284,7069148.0,904801.9686
2026-02-20 20:00:00,0.1284,0.1289,0.1265,0.1276,13898867.0,1773908.1904
2026-02-20 21:00:00,0.1276,0.1279,0.127,0.1272,4931202.0,628423.7809
2026-02-20 22:00:00,0.1272,0.1278,0.1267,0.1273,7032998.0,895348.5232
2026-02-20 23:00:00,0.1273,0.1287,0.1267,0.1283,8536739.0,1090020.2806
2026-02-21 00:00:00,0.1283,0.1288,0.127,0.1276,6038018.0,772617.092
2026-02-21 01:00:00,0.1276,0.1302,0.1273,0.1294,5131388.0,662433.3939
2026-02-21 02:00:00,0.1294,0.1328,0.129,0.131,5970804.0,781060.4015
2026-02-21 03:00:00,0.131,0.1317,0.1295,0.1311,5115438.0,667204.3402
2026-02-21 04:00:00,0.1311,0.1321,0.1303,0.1311,4696865.0,615475.787
2026-02-21 05:00:00,0.1311,0.1337,0.1309,0.1315,5603145.0,742241.7711
2026-02-21 06:00:00,0.1315,0.1322,0.1297,0.1303,6273768.0,820614.4908
2026-02-21 07:00:00,0.1303,0.132,0.1299,0.1316,4062175.0,532113.4677
2026-02-21 08:00:00,0.1316,0.1329,0.1311,0.1327,9414683.0,1243136.4428
2026-02-21 09:00:00,0.1327,0.1354,0.1323,0.133,25012416.0,3343801.2214
2026-02-21 10:00:00,0.133,0.1355,0.1327,0.1331,24147701.0,3234509.8779
2026-02-21 11:00:00,0.1331,0.1333,0.1309,0.1315,6830818.0,903670.7078
2026-02-21 12:00:00,0.1315,0.132,0.1301,0.1306,4798809.0,627499.6077
2026-02-21 13:00:00,0.1306,0.131,0.1295,0.1307,3599346.0,468499.6432
2026-02-21 14:00:00,0.1307,0.1313,0.1281,0.1294,11776013.0,1528837.127
2026-02-21 15:00:00,0.1294,0.1301,0.1288,0.1299,4836195.0,625957.7663
2026-02-21 16:00:00,0.1299,0.1301,0.1277,0.128,7322756.0,941630.5957
2026-02-21 17:00:00,0.128,0.1285,0.1265,0.1281,6493362.0,828101.5125
2026-02-21 18:00:00,0.1281,0.1293,0.1281,0.1292,2170191.0,279667.5539
2026-02-21 19:00:00,0.1292,0.1295,0.128,0.1283,2775690.0,356664.4521
2026-02-21 20:00:00,0.1283,0.1284,0.1272,0.1276,4293352.0,548819.2983
2026-02-21 21:00:00,0.1276,0.1293,0.1274,0.129,4494282.0,576594.3616
2026-02-21 22:00:00,0.129,0.1295,0.1275,0.1282,4156409.0,533086.5511
2026-02-21 23:00:00,0.1282,0.1292,0.128,0.1284,2074423.0,266572.6435
2026-02-22 00:00:00,0.1284,0.1284,0.1231,0.1259,25874898.0,3246898.0097
2026-02-22 01:00:00,0.1259,0.1264,0.1254,0.126,2432843.0,306054.6924
2026-02-22 02:00:00,0.126,0.1266,0.1244,0.1252,4762460.0,596157.8197
2026-02-22 03:00:00,0.1252,0.1258,0.1247,0.125,11902134.0,1488782.7916
2026-02-22 04:00:00,0.125,0.1257,0.1247,0.1249,7405496.0,925860.2515
2026-02-22 05:00:00,0.1249,0.1255,0.1242,0.1255,2334789.0,291666.1003
2026-02-22 06:00:00,0.1255,0.1259,0.125,0.1255,1738803.0,218204.3691
2026-02-22 07:00:00,0.1255,0.1263,0.1246,0.1248,6644673.0,833278.3055
2026-02-22 08:00:00,0.1248,0.1255,0.1233,0.1243,7486385.0,931744.9741
2026-02-22 09:00:00,0.1243,0.1255,0.1242,0.1249,3200354.0,399988.8835
2026-02-22 10:00:00,0.1249,0.1253,0.1245,0.1247,2411291.0,301146.2572
2026-02-22 11:00:00,0.1247,0.1252,0.1236,0.124,7329812.0,911949.5766
2026-02-22 12:00:00,0.124,0.1242,0.1213,0.1215,15359901.0,1879999.6046
2026-02-22 13:00:00,0.1215,0.1226,0.1209,0.122,13605415.0,1655757.4099
2026-02-22 14:00:00,0.122,0.1233,0.1217,0.1218,7752631.0,949501.2066
2026-02-22 15:00:00,0.1218,0.1237,0.1214,0.1235,11369824.0,1395834.8822
2026-02-22 16:00:00,0.1235,0.1251,0.1227,0.1249,8663143.0,1072068.7386
2026-02-22 17:00:00,0.1249,0.1255,0.1231,0.1249,10183610.0,1266131.9301
2026-02-22 18:00:00,0.1249,0.125,0.1231,0.1235,6128847.0,758063.8533
2026-02-22 19:00:00,0.1235,0.1239,0.1224,0.1229,6056804.0,743959.686
2026-02-22 20:00:00,0.1229,0.1229,0.1213,0.1216,5279754.0,644323.4381
2026-02-22 21:00:00,0.1216,0.1223,0.1204,0.1218,5378319.0,653112.2411
2026-02-22 22:00:00,0.1218,0.1224,0.1214,0.1218,4528827.0,551851.7171
2026-02-22 23:00:00,0.1218,0.1227,0.1218,0.1222,3459863.0,423669.1467
2026-02-23 00:00:00,0.1222,0.1231,0.1205,0.1207,4642614.0,563802.4865
2026-02-23 01:00:00,0.1207,0.1208,0.1145,0.1154,36438999.0,4256467.2816
2026-02-23 02:00:00,0.1154,0.1163,0.1151,0.1155,5492637.0,635148.5646
2026-02-23 03:00:00,0.1155,0.1163,0.1148,0.1154,7034308.0,813215.9882
2026-02-23 04:00:00,0.1154,0.1167,0.1148,0.1165,4296759.0,497519.3833
2026-02-23 05:00:00,0.1165,0.1178,0.1163,0.1174,4921596.0,576605.4616
2026-02-23 06:00:00,0.1174,0.122,0.1174,0.1218,14740179.0,1780331.1472
2026-02-23 07:00:00,0.1218,0.1219,0.1206,0.1212,4767348.0,579189.7433
2026-02-23 08:00:00,0.1212,0.1238,0.1207,0.1226,12676919.0,1551699.1808
2026-02-23 09:00:00,0.1226,0.1264,0.1225,0.1256,15652376.0,1957001.4784
2026-02-23 10:00:00,0.1256,0.1259,0.1236,0.124,10144161.0,1261042.232
2026-02-23 11:00:00,0.124,0.1245,0.1235,0.1245,6274098.0,777207.5809
2026-02-23 12:00:00,0.1245,0.1259,0.1237,0.125,13000049.0,1621096.8333
2026-02-23 13:00:00,0.125,0.1251,0.1226,0.1228,5564928.0,688144.2602
2026-02-23 14:00:00,0.1228,0.1234,0.1217,0.1227,7689597.0,942670.107
2026-02-23 15:00:00,0.1227,0.1229,0.121,0.1211,4637833.0,565029.9983
2026-02-23 16:00:00,0.1211,0.1225,0.1206,0.121,5456120.0,663657.4128
2026-02-23 17:00:00,0.121,0.1212,0.118,0.1194,9556945.0,1138945.4103
2026-02-23 18:00:00,0.1194,0.1198,0.1173,0.1175,7660643.0,909778.3278
2026-02-23 19:00:00,0.1175,0.118,0.1167,0.1169,5325329.0,624793.4769
2026-02-23 20:00:00,0.1169,0.1184,0.1164,0.1182,6160988.0,723027.5553
2026-02-23 21:00:00,0.1182,0.1205,0.1182,0.1204,4109430.0,490764.4899
2026-02-23 22:00:00,0.1204,0.1216,0.1201,0.1207,2664685.0,322724.028
2026-02-23 23:00:00,0.1207,0.1219,0.1207,0.1217,3058208.0,371336.2211
2026-02-24 00:00:00,0.1217,0.1223,0.1201,0.1218,14484497.0,1757140.1521
2026-02-24 01:00:00,0.1218,0.1219,0.1189,0.1203,8259199.0,995611.1071
2026-02-24 02:00:00,0.1203,0.1204,0.1188,0.119,3908329.0,467795.9935
2026-02-24 03:00:00,0.119,0.119,0.118,0.1185,2292329.0,271789.8889
2026-02-24 04:00:00,0.1185,0.1188,0.1171,0.1177,3926023.0,461948.4047
2026-02-24 05:00:00,0.1177,0.1182,0.1162,0.1169,6009107.0,701675.8003
2026-02-24 06:00:00,0.1169,0.1171,0.1154,0.1158,6124571.0,712005.4695
2026-02-24 07:00:00,0.1158,0.1172,0.1157,0.1167,5099449.0,595436.6637
2026-02-24 08:00:00,0.1167,0.1168,0.1151,0.1161,4625227.0,534947.3073
2026-02-24 09:00:00,0.1161,0.1165,0.1152,0.1162,4108898.0,476783.7302
2026-02-24 10:00:00,0.1162,0.1173,0.1159,0.1168,1839595.0,214885.8514
2026-02-24 11:00:00,0.1168,0.1175,0.1167,0.1174,2614165.0,306004.2698
2026-02-24 12:00:00,0.1174,0.1178,0.1164,0.1169,5561833.0,649890.444
2026-02-24 13:00:00,0.1169,0.117,0.1146,0.1157,13849499.0,1601079.5194
2026-02-24 14:00:00,0.1157,0.1171,0.1142,0.1166,15349970.0,1771150.0149
2026-02-24 15:00:00,0.1166,0.1183,0.1157,0.1178,10180508.0,1190346.362
2026-02-24 16:00:00,0.1178,0.1186,0.1164,0.1186,8067233.0,948075.1276
2026-02-24 17:00:00,0.1186,0.1188,0.1175,0.1175,3088553.0,365060.4513
2026-02-24 18:00:00,0.1175,0.1179,0.1161,0.1166,6199857.0,725355.462
2026-02-24 19:00:00,0.1166,0.118,0.1164,0.117,6362465.0,745687.8321
2026-02-24 20:00:00,0.117,0.118,0.1166,0.1173,2550694.0,298925.7238
2026-02-24 21:00:00,0.1173,0.1178,0.1162,0.1174,2230442.0,260751.1822
2026-02-24 22:00:00,0.1174,0.1187,0.1174,0.1178,2356067.0,277964.5701
2026-02-24 23:00:00,0.1178,0.1189,0.1175,0.1176,697684.0,82421.5836
2026-02-25 00:00:00,0.1176,0.1184,0.1173,0.1177,1083246.0,127635.7299
2026-02-25 01:00:00,0.1177,0.1229,0.1175,0.1207,7740562.0,934070.989
2026-02-25 02:00:00,0.1207,0.1219,0.1195,0.1197,4028583.0,485833.6769
2026-02-25 03:00:00,0.1197,0.1199,0.1176,0.1177,5680672.0,673508.2867
2026-02-25 04:00:00,0.1177,0.118,0.1166,0.1174,2609993.0,306098.6825
2026-02-25 05:00:00,0.1174,0.1181,0.1164,0.1174,3862470.0,453890.2032
2026-02-25 06:00:00,0.1174,0.1199,0.1174,0.1188,2767945.0,328707.8749
2026-02-25 07:00:00,0.1188,0.1189,0.1173,0.1181,2981949.0,351653.9914
2026-02-25 08:00:00,0.1181,0.1183,0.1166,0.1178,5000668.0,588688.2312
2026-02-25 09:00:00,0.1178,0.1185,0.1174,0.118,2298516.0,271129.5279
2026-02-25 10:00:00,0.118,0.119,0.1179,0.1188,3498956.0,414956.4897
2026-02-25 11:00:00,0.1188,0.1198,0.1177,0.1191,3063626.0,364343.5891
2026-02-25 12:00:00,0.1191,0.1205,0.1188,0.12,4975885.0,594545.3892
2026-02-25 13:00:00,0.12,0.1212,0.1192,0.1202,4928391.0,592646.9982
2026-02-25 14:00:00,0.1202,0.1228,0.1201,0.1223,6122687.0,742068.7582
2026-02-25 15:00:00,0.1223,0.1246,0.1216,0.1232,10642808.0,1308240.4887
2026-02-25 16:00:00,0.1232,0.1263,0.1232,0.1258,8222553.0,1026560.1807
2026-02-25 17:00:00,0.1258,0.1268,0.1254,0.1262,6607526.0,833395.0916
2026-02-25 18:00:00,0.1262,0.1276,0.1248,0.1271,4018467.0,508922.9553
2026-02-25 19:00:00,0.1271,0.1293,0.1256,0.1286,8278734.0,1052043.3987
2026-02-25 20:00:00,0.1286,0.1305,0.1276,0.1299,4556411.0,589320.4647
2026-02-25 21:00:00,0.1299,0.1334,0.1294,0.131,24102645.0,3167648.9534
2026-02-25 22:00:00,0.131,0.1317,0.1264,0.1276,9629396.0,1251587.4593
2026-02-25 23:00:00,0.1276,0.1282,0.1229,0.1242,7832121.0,984637.6842
2026-02-26 00:00:00,0.1242,0.1247,0.1225,0.1245,5934258.0,734148.5994
2026-02-26 01:00:00,0.1245,0.1259,0.124,0.1242,3213966.0,401664.0389
2026-02-26 02:00:00,0.1242,0.1255,0.1228,0.1251,8689057.0,1078454.5467
2026-02-26 03:00:00,0.1251,0.1263,0.1239,0.1258,5672231.0,712064.0837
2026-02-26 04:00:00,0.1258,0.1267,0.1248,0.1255,5009221.0,628772.5833
2026-02-26 05:00:00,0.1255,0.1255,0.123,0.124,6294576.0,780475.0582
2026-02-26 06:00:00,0.124,0.1249,0.1227,0.1232,3226780.0,398842.0578
2026-02-26 07:00:00,0.1232,0.1239,0.1225,0.1238,4350459.0,535456.0379
2026-02-26 08:00:00,0.1238,0.1241,0.123,0.1231,4506984.0,556814.1123
2026-02-26 09:00:00,0.1231,0.1251,0.123,0.1238,4048899.0,503414.9751
2026-02-26 10:00:00,0.1238,0.1241,0.1212,0.1215,7866651.0,964356.7175
2026-02-26 11:00:00,0.1215,0.1223,0.1209,0.1214,3602701.0,437486.1332
2026-02-26 12:00:00,0.1214,0.1231,0.1211,0.1228,3939595.0,482254.6181
2026-02-26 13:00:00,0.1228,0.1235,0.122,0.1221,2747067.0,337160.7924
2026-02-26 14:00:00,0.1221,0.1231,0.1215,0.1228,4593648.0,561880.9098
2026-02-26 15:00:00,0.1228,0.1229,0.1208,0.1219,7697690.0,936666.7462
2026-02-26 16:00:00,0.1219,0.122,0.1171,0.1174,10837776.0,1299705.388
2026-02-26 17:00:00,0.1174,0.1185,0.1162,0.1162,9055950.0,1063456.3732
2026-02-26 18:00:00,0.1162,0.1176,0.1151,0.1175,17776761.0,2060441.1053
2026-02-26 19:00:00,0.1175,0.1199,0.1174,0.1194,4280303.0,509348.3957
2026-02-26 20:00:00,0.1194,0.1202,0.1186,0.1189,6548086.0,781689.0187
2026-02-26 21:00:00,0.1189,0.1192,0.1181,0.1187,2203508.0,261444.3403
2026-02-26 22:00:00,0.1187,0.1194,0.1186,0.1191,1939712.0,230888.8443
2026-02-26 23:00:00,0.1191,0.1198,0.119,0.1194,1901668.0,226930.4028
2026-02-27 00:00:00,0.1194,0.1195,0.1182,0.1191,6379265.0,759012.2341
2026-02-27 01:00:00,0.1191,0.1195,0.1186,0.1194,5138101.0,611859.3441
2026-02-27 02:00:00,0.1194,0.1208,0.1192,0.1202,5430963.0,652272.401
2026-02-27 03:00:00,0.1202,0.1203,0.1189,0.1198,3868396.0,462178.1208
2026-02-27 04:00:00,0.1198,0.123,0.1198,0.1222,4320119.0,526734.1848
2026-02-27 05:00:00,0.1222,0.1227,0.1215,0.122,1348078.0,164891.1361
2026-02-27 06:00:00,0.122,0.1237,0.1217,0.1234,2669381.0,327870.3004
2026-02-27 07:00:00,0.1234,0.1249,0.1223,0.1245,3383745.0,418281.7966
2026-02-27 08:00:00,0.1245,0.1268,0.1245,0.1266,5748385.0,723025.3392
2026-02-27 09:00:00,0.1266,0.1284,0.1263,0.1269,8887290.0,1131663.0367
2026-02-27 10:00:00,0.1269,0.1277,0.1238,0.1241,7273000.0,912957.425
2026-02-27 11:00:00,0.1241,0.1245,0.1216,0.1227,9944605.0,1223059.3862
2026-02-27 12:00:00,0.1227,0.1234,0.122,0.1227,5585891.0,684625.1798
2026-02-27 13:00:00,0.1227,0.1234,0.1206,0.1225,11232469.0,1374171.0032
2026-02-27 14:00:00,0.1225,0.1231,0.121,0.1214,6123522.0,745980.9918
2026-02-27 15:00:00,0.1214,0.1228,0.1209,0.1215,5297698.0,645214.9142
2026-02-27 16:00:00,0.1215,0.1216,0.1196,0.1199,4889654.0,589672.8575
2026-02-27 17:00:00,0.1199,0.1218,0.1191,0.1217,3478762.0,416974.2987
2026-02-27 18:00:00,0.1217,0.1221,0.1204,0.1206,3775573.0,458014.0022
2026-02-27 19:00:00,0.1206,0.1206,0.1182,0.1191,7383154.0,878421.4929
2026-02-27 20:00:00,0.1191,0.1198,0.1189,0.119,3452112.0,411836.379
2026-02-27 21:00:00,0.119,0.1195,0.1176,0.1181,5529978.0,654710.1012
2026-02-27 22:00:00,0.1181,0.1185,0.1157,0.1183,6927637.0,813553.4168
2026-02-27 23:00:00,0.1183,0.1198,0.1182,0.1197,6931812.0,825841.2892
2026-02-28 00:00:00,0.1197,0.1202,0.1189,0.1202,3176492.0,380294.8475
2026-02-28 01:00:00,0.1202,0.1203,0.1192,0.1195,1858765.0,222756.1658
2026-02-28 02:00:00,0.1195,0.1205,0.1193,0.1199,3752104.0,450549.0388
2026-02-28 03:00:00,0.1199,0.1203,0.118,0.1182,4142492.0,492861.186
2026-02-28 04:00:00,0.1182,0.1186,0.1174,0.1183,3446299.0,407375.6928
2026-02-28 05:00:00,0.1183,0.1186,0.1173,0.1176,2553766.0,301366.6893
2026-02-28 06:00:00,0.1176,0.1177,0.1102,0.1107,14809356.0,1681299.7067
2026-02-28 07:00:00,0.1107,0.1139,0.1099,0.1121,21531294.0,2418771.784
2026-02-28 08:00:00,0.1121,0.1122,0.1104,0.1106,3813024.0,424354.1041
2026-02-28 09:00:00,0.1106,0.1115,0.1095,0.1099,12448434.0,1374512.2399
2026-02-28 10:00:00,0.1099,0.1109,0.109,0.1103,7397786.0,810877.953
2026-02-28 11:00:00,0.1103,0.1111,0.1098,0.1099,3430365.0,378768.3324
2026-02-28 12:00:00,0.1099,0.111,0.1099,0.1106,1322746.0,145843.4309
2026-02-28 13:00:00,0.1106,0.1137,0.1096,0.1135,10257314.0,1150738.2259
2026-02-28 14:00:00,0.1135,0.1148,0.1126,0.1131,8078697.0,919674.6828
2026-02-28 15:00:00,0.1131,0.114,0.1117,0.1135,7293785.0,820757.8982
2026-02-28 16:00:00,0.1135,0.1135,0.1121,0.1133,1117853.0,126222.2225
2026-02-28 17:00:00,0.1133,0.1141,0.1122,0.1138,3654021.0,412294.5393
2026-02-28 18:00:00,0.1138,0.1173,0.1134,0.1165,4886261.0,561804.7691
2026-02-28 19:00:00,0.1165,0.1198,0.1154,0.1183,5582703.0,658941.6888
2026-02-28 20:00:00,0.1183,0.1211,0.118,0.1208,4260327.0,510363.2606
2026-02-28 21:00:00,0.1208,0.121,0.1189,0.1201,2526859.0,302686.5431
2026-02-28 22:00:00,0.1201,0.1225,0.1201,0.1214,3183939.0,386072.3538
2026-02-28 23:00:00,0.1214,0.1227,0.121,0.1226,3475225.0,422829.8809
2026-03-01 00:00:00,0.1226,0.1229,0.1205,0.1208,2169640.0,263548.5953
2026-03-01 01:00:00,0.1208,0.1256,0.1198,0.1241,12576635.0,1546613.6978
2026-03-01 02:00:00,0.1241,0.1267,0.1241,0.125,3117266.0,391228.2753
2026-03-01 03:00:00,0.125,0.1255,0.1235,0.1239,3562315.0,443501.2169
2026-03-01 04:00:00,0.1239,0.1246,0.1227,0.1237,1761167.0,217765.1926
2026-03-01 05:00:00,0.1237,0.1253,0.1236,0.125,2119988.0,264253.7165
2026-03-01 06:00:00,0.125,0.1251,0.1233,0.1237,1965224.0,243722.844
2026-03-01 07:00:00,0.1237,0.1253,0.123,0.1253,1475412.0,182896.1206
2026-03-01 08:00:00,0.1253,0.1262,0.1227,0.1228,4780864.0,596436.4829
2026-03-01 09:00:00,0.1228,0.124,0.1223,0.1226,4097736.0,503889.5398
2026-03-01 10:00:00,0.1226,0.1241,0.122,0.1233,5586774.0,688145.5905
2026-03-01 11:00:00,0.1233,0.1235,0.1226,0.1231,590692.0,72613.3055
2026-03-01 12:00:00,0.1231,0.1237,0.1217,0.1217,3757780.0,462887.3528
2026-03-01 13:00:00,0.1217,0.1247,0.1208,0.124,7499443.0,916378.374
2026-03-01 14:00:00,0.124,0.1251,0.1222,0.1228,8739068.0,1078359.7979
2026-03-01 15:00:00,0.1228,0.124,0.1226,0.1229,2759877.0,340158.6763
2026-03-01 16:00:00,0.1229,0.1242,0.1209,0.1217,6319187.0,772398.6879
2026-03-01 17:00:00,0.1217,0.1218,0.1198,0.121,6667755.0,808215.8078
2026-03-01 18:00:00,0.121,0.1233,0.1209,0.122,4833881.0,592889.3885
2026-03-01 19:00:00,0.122,0.1222,0.1206,0.1207,2053322.0,248907.9718
2026-03-01 20:00:00,0.1207,0.1211,0.1183,0.1188,6075650.0,724053.2234
2026-03-01 21:00:00,0.1188,0.1208,0.1188,0.1202,2518822.0,302529.0389
2026-03-01 22:00:00,0.1202,0.1231,0.1199,0.1209,4578262.0,557545.5231
2026-03-01 23:00:00,0.1209,0.123,0.1207,0.1215,5111311.0,622354.3256
2026-03-02 00:00:00,0.1215,0.1236,0.1215,0.1233,2675319.0,328060.3712
2026-03-02 01:00:00,0.1233,0.1252,0.1228,0.1235,3586158.0,445605.405
2026-03-02 02:00:00,0.1235,0.1242,0.122,0.1224,3327758.0,410161.8209
2026-03-02 03:00:00,0.1224,0.1243,0.1217,0.1237,1412038.0,174535.1435
2026-03-02 04:00:00,0.1237,0.1243,0.1231,0.1232,1493702.0,184700.7887
2026-03-02 05:00:00,0.1232,0.1233,0.122,0.1222,2355505.0,289107.1937
2026-03-02 06:00:00,0.1222,0.1222,0.1202,0.1212,1972509.0,239011.7282
2026-03-02 07:00:00,0.1212,0.1212,0.1197,0.1204,2247081.0,270181.785
2026-03-02 08:00:00,0.1204,0.1209,0.1195,0.1209,1525912.0,183094.5564
2026-03-02 09:00:00,0.1209,0.123,0.1206,0.122,4298674.0,524699.4495
2026-03-02 10:00:00,0.122,0.1224,0.1213,0.122,3111355.0,378890.8304
2026-03-02 11:00:00,0.122,0.1231,0.1219,0.1228,2209828.0,270796.8341
2026-03-02 12:00:00,0.1228,0.123,0.1217,0.1222,1735221.0,212126.2299
2026-03-02 13:00:00,0.1222,0.1234,0.1216,0.1219,2497850.0,305937.5316
2026-03-02 14:00:00,0.1219,0.1273,0.1217,0.1271,10094098.0,1261848.0111
2026-03-02 15:00:00,0.1271,0.13,0.1265,0.1287,13623718.0,1753659.5016
2026-03-02 16:00:00,0.1287,0.1298,0.1269,0.1284,8766335.0,1124778.137
2026-03-02 17:00:00,0.1284,0.1285,0.1255,0.1273,6510035.0,826522.6108
2026-03-02 18:00:00,0.1273,0.1274,0.1262,0.1268,1908985.0,242134.1903
2026-03-02 19:00:00,0.1268,0.1272,0.1254,0.127,2774291.0,350457.2793
2026-03-02 20:00:00,0.127,0.1277,0.1254,0.1263,1745706.0,220602.4726
2026-03-02 21:00:00,0.1263,0.1266,0.1254,0.1263,2183467.0,274656.6934
2026-03-02 22:00:00,0.1263,0.1275,0.1261,0.1266,1080680.0,137142.096
2026-03-02 23:00:00,0.1266,0.1268,0.1239,0.1245,2816547.0,351469.0342
2026-03-03 00:00:00,0.1245,0.1251,0.1238,0.1249,1032137.0,128481.0264
2026-03-03 01:00:00,0.1249,0.1263,0.1245,0.1253,4223421.0,529884.3561
2026-03-03 02:00:00,0.1253,0.1259,0.1243,0.1253,2813747.0,352753.224
2026-03-03 03:00:00,0.1253,0.1271,0.1248,0.1268,2157752.0,271548.0124
2026-03-03 04:00:00,0.1268,0.1272,0.1257,0.1263,1439652.0,181770.1336
2026-03-03 05:00:00,0.1263,0.1283,0.1254,0.1258,3081671.0,391994.9342
2026-03-03 06:00:00,0.1258,0.126,0.1249,0.1254,2987793.0,374443.5932
2026-03-03 07:00:00,0.1254,0.1259,0.1248,0.1254,1623900.0,203587.7223
2026-03-03 08:00:00,0.1254,0.1258,0.1232,0.1236,2483509.0,309184.9085
2026-03-03 09:00:00,0.1236,0.1249,0.1223,0.1225,3405529.0,420864.6285
2026-03-03 10:00:00,0.1225,0.1226,0.1216,0.1223,3456717.0,421850.9403
2026-03-03 11:00:00,0.1223,0.1228,0.1217,0.1226,3162071.0,386974.8592
2026-03-03 12:00:00,0.1226,0.125,0.1223,0.1239,3105687.0,382963.4321
2026-03-03 13:00:00,0.1239,0.1241,0.1225,0.1232,2348790.0,288613.6769
2026-03-03 14:00:00,0.1232,0.1249,0.1221,0.1233,6195632.0,763637.4205
2026-03-03 15:00:00,0.1233,0.1249,0.1218,0.1246,4074765.0,502861.7413
2026-03-03 16:00:00,0.1246,0.1279,0.1234,0.1258,12684244.0,1588926.0791
2026-03-03 17:00:00,0.1258,0.1271,0.1243,0.1268,7118977.0,893215.5373
2026-03-03 18:00:00,0.1268,0.1287,0.1262,0.1271,5653445.0,721447.1439
2026-03-03 19:00:00,0.1271,0.1275,0.1259,0.1267,8972535.0,1136485.2779
2026-03-03 20:00:00,0.1267,0.1269,0.1254,0.1258,1768227.0,223363.9528
2026-03-03 21:00:00,0.1258,0.1259,0.1247,0.1255,968865.0,121367.5507
2026-03-03 22:00:00,0.1255,0.127,0.1253,0.1263,3246262.0,410739.466
2026-03-03 23:00:00,0.1263,0.1272,0.1258,0.1264,1841234.0,232858.1559
2026-03-04 00:00:00,0.1264,0.1272,0.1252,0.1264,1857715.0,234454.74
2026-03-04 01:00:00,0.1264,0.1284,0.1262,0.1272,7603163.0,971170.6423
2026-03-04 02:00:00,0.1272,0.1279,0.1265,0.1276,1026590.0,130383.6122
2026-03-04 03:00:00,0.1276,0.1282,0.1255,0.1268,3752454.0,475858.6157
2026-03-04 04:00:00,0.1268,0.1273,0.1256,0.1269,2191191.0,277299.4439
2026-03-04 05:00:00,0.1269,0.1285,0.1264,0.1274,3716214.0,472926.1903
2026-03-04 06:00:00,0.1274,0.1279,0.1259,0.1274,1933601.0,245371.7505
2026-03-04 07:00:00,0.1274,0.1279,0.1262,0.1275,2381673.0,302683.9965
2026-03-04 08:00:00,0.1275,0.1303,0.1267,0.13,4456330.0,572580.6396
2026-03-04 09:00:00,0.13,0.1314,0.1287,0.1304,5160617.0,670004.3348
2026-03-04 10:00:00,0.1304,0.131,0.1287,0.1297,3987780.0,517712.3162
2026-03-04 11:00:00,0.1297,0.1302,0.1278,0.1288,2597788.0,334754.6429
2026-03-04 12:00:00,0.1288,0.1291,0.1275,0.1286,3279698.0,421046.6956
2026-03-04 13:00:00,0.1286,0.1298,0.1284,0.1286,1629366.0,209868.1297
2026-03-04 14:00:00,0.1286,0.1307,0.1279,0.1283,4432768.0,571942.6809
2026-03-04 15:00:00,0.1283,0.1321,0.1283,0.132,6088214.0,793535.5847
2026-03-04 16:00:00,0.132,0.1322,0.1294,0.1297,4369338.0,569125.1451
2026-03-04 17:00:00,0.1297,0.13,0.1282,0.1297,3653555.0,472288.9803
2026-03-04 18:00:00,0.1297,0.1302,0.1288,0.1298,2737342.0,353860.7293
2026-03-04 19:00:00,0.1298,0.1309,0.1294,0.1305,3561202.0,464092.5296
2026-03-04 20:00:00,0.1305,0.1307,0.1294,0.1296,623749.0,81060.0982
2026-03-04 21:00:00,0.1296,0.1301,0.1289,0.1297,962128.0,124552.3404
2026-03-04 22:00:00,0.1297,0.1302,0.1284,0.1286,1900445.0,246300.1217
2026-03-04 23:00:00,0.1286,0.1289,0.1268,0.1285,6142649.0,786733.4217
2026-03-05 00:00:00,0.1285,0.1286,0.1277,0.1282,1453339.0,186131.4496
2026-03-05 01:00:00,0.1282,0.1292,0.1269,0.1272,3155500.0,404967.2323
2026-03-05 02:00:00,0.1272,0.1285,0.1272,0.1283,964738.0,123466.9167
2026-03-05 03:00:00,0.1283,0.1288,0.1274,0.128,716172.0,91847.8904
2026-03-05 04:00:00,0.128,0.129,0.1276,0.1287,2560668.0,328682.603
2026-03-05 05:00:00,0.1287,0.129,0.127,0.1275,798379.0,101952.0327
2026-03-05 06:00:00,0.1275,0.1285,0.1267,0.1282,860958.0,109953.0028
2026-03-05 07:00:00,0.1282,0.1286,0.1269,0.1275,949638.0,121086.5759
2026-03-05 08:00:00,0.1275,0.1284,0.1268,0.1282,353762.0,45140.9029
2026-03-05 09:00:00,0.1282,0.1297,0.1281,0.129,3041348.0,392472.1445
2026-03-05 10:00:00,0.129,0.1302,0.1287,0.1298,2548439.0,329853.7008
2026-03-05 11:00:00,0.1298,0.13,0.1271,0.1274,5494554.0,705293.8365
2026-03-05 12:00:00,0.1274,0.1285,0.1269,0.1282,2457873.0,314038.4688
2026-03-05 13:00:00,0.1282,0.1283,0.1265,0.1279,4178757.0,532472.4525
2026-03-05 14:00:00,0.1279,0.1299,0.1276,0.1296,4849871.0,625852.7479
2026-03-05 15:00:00,0.1296,0.1298,0.1267,0.1271,6775054.0,863898.1446
2026-03-05 16:00:00,0.1271,0.1271,0.1237,0.1251,3346732.0,418107.7676
2026-03-05 17:00:00,0.1251,0.1257,0.1232,0.1235,3312265.0,411031.7925
2026-03-05 18:00:00,0.1235,0.1252,0.1231,0.1248,1284720.0,159683.2956
2026-03-05 19:00:00,0.1248,0.1267,0.1248,0.1253,4605472.0,578478.952
2026-03-05 20:00:00,0.1253,0.1273,0.1249,0.1267,1700061.0,214866.8751
2026-03-05 21:00:00,0.1267,0.1271,0.1253,0.1257,3297384.0,415403.1818
2026-03-05 22:00:00,0.1257,0.1259,0.125,0.1252,2110230.0,264938.8038
2026-03-05 23:00:00,0.1252,0.1258,0.1249,0.1251,984043.0,123276.1259
2026-03-06 00:00:00,0.1251,0.1258,0.125,0.1254,1248430.0,156553.6083
2026-03-06 01:00:00,0.1254,0.1271,0.1249,0.1267,2963783.0,374051.8629
2026-03-06 02:00:00,0.1267,0.1272,0.1264,0.1271,706477.0,89549.0319
2026-03-06 03:00:00,0.1271,0.1278,0.1267,0.1277,723380.0,92212.3699
2026-03-06 04:00:00,0.1277,0.1279,0.1256,0.1263,5688567.0,718348.7448
2026-03-06 05:00:00,0.1263,0.1268,0.1253,0.1262,1152536.0,145181.208
2026-03-06 06:00:00,0.1262,0.1269,0.1259,0.1265,4367676.0,552627.8052
2026-03-06 07:00:00,0.1265,0.1275,0.1262,0.1271,280356.0,35563.5461
2026-03-06 08:00:00,0.1271,0.1273,0.1265,0.127,768258.0,97504.5452
2026-03-06 09:00:00,0.127,0.1271,0.1249,0.1258,2851041.0,358060.9781
2026-03-06 10:00:00,0.1258,0.127,0.1257,0.1264,2765169.0,350064.8021
2026-03-06 11:00:00,0.1264,0.1264,0.1244,0.1249,1954480.0,245492.2134
2026-03-06 12:00:00,0.1249,0.125,0.1235,0.1245,2019569.0,250877.7605
2026-03-06 13:00:00,0.1245,0.1251,0.1224,0.1225,7810300.0,967005.6801
2026-03-06 14:00:00,0.1225,0.1232,0.1195,0.1203,10859732.0,1311034.4121
2026-03-06 15:00:00,0.1203,0.1213,0.1191,0.1197,10540621.0,1266572.2693
2026-03-06 16:00:00,0.1197,0.1197,0.1184,0.1186,2936102.0,348925.823
2026-03-06 17:00:00,0.1186,0.1193,0.1168,0.1175,6172928.0,724786.4593
2026-03-06 18:00:00,0.1175,0.1195,0.1175,0.1193,1333182.0,158434.906
2026-03-06 19:00:00,0.1193,0.1201,0.1192,0.1196,2468444.0,295370.1144
2026-03-06 20:00:00,0.1196,0.1205,0.1192,0.1204,1232954.0,148250.0337
2026-03-06 21:00:00,0.1204,0.1207,0.1197,0.1206,1122312.0,134938.7564
2026-03-06 22:00:00,0.1206,0.121,0.1205,0.1209,1236551.0,149248.2872
2026-03-06 23:00:00,0.1209,0.1209,0.1202,0.1203,426965.0,51485.8067
2026-03-07 00:00:00,0.1203,0.1211,0.1203,0.1206,432293.0,52170.6152
2026-03-07 01:00:00,0.1206,0.1206,0.1196,0.1199,517047.0,62012.4939
2026-03-07 02:00:00,0.1199,0.1202,0.1193,0.12,1496324.0,179135.1864
2026-03-07 03:00:00,0.12,0.1206,0.1195,0.1201,727771.0,87491.2831
2026-03-07 04:00:00,0.1201,0.1209,0.1192,0.1202,2833392.0,339527.0877
2026-03-07 05:00:00,0.1202,0.1206,0.12,0.1202,320749.0,38534.3195
2026-03-07 06:00:00,0.1202,0.1202,0.1187,0.1191,856808.0,102241.6007
2026-03-07 07:00:00,0.1191,0.1194,0.1185,0.1193,872252.0,103768.0681
2026-03-07 08:00:00,0.1193,0.1201,0.1191,0.1191,1906671.0,227727.3919
2026-03-07 09:00:00,0.1191,0.12,0.1189,0.1198,3168191.0,377904.0249
2026-03-07 10:00:00,0.1198,0.1199,0.1196,0.1197,717970.0,85971.7732
2026-03-07 11:00:00,0.1197,0.1204,0.1194,0.1196,2066080.0,247728.9453
2026-03-07 12:00:00,0.1196,0.1198,0.1186,0.1187,1810263.0,215648.9483
2026-03-07 13:00:00,0.1187,0.1194,0.1187,0.1188,529605.0,63063.9882
2026-03-07 14:00:00,0.1188,0.1189,0.1175,0.1182,2395355.0,282474.3851
2026-03-07 15:00:00,0.1182,0.1182,0.1166,0.1171,2338104.0,273928.9977
2026-03-07 16:00:00,0.1171,0.1176,0.117,0.1174,1983082.0,232517.3347
2026-03-07 17:00:00,0.1174,0.1186,0.1174,0.118,519496.0,61293.8719
2026-03-07 18:00:00,0.118,0.1181,0.1168,0.1171,2387729.0,281132.6341
2026-03-07 19:00:00,0.1171,0.1172,0.1157,0.1163,2300520.0,267955.2849
2026-03-07 20:00:00,0.1163,0.117,0.1163,0.1167,1317604.0,153940.6024
2026-03-07 21:00:00,0.1167,0.117,0.1161,0.1166,1092301.0,127159.9425
2026-03-07 22:00:00,0.1166,0.1166,0.115,0.1158,1869304.0,216081.3928
2026-03-07 23:00:00,0.1158,0.1164,0.1157,0.1164,1616384.0,187745.9449
2026-03-08 00:00:00,0.1164,0.1164,0.1155,0.1155,466553.0,54041.7825
2026-03-08 01:00:00,0.1155,0.1159,0.1152,0.1157,1728435.0,199430.3182
2026-03-08 02:00:00,0.1157,0.1157,0.114,0.1144,4274916.0,489746.7391
2026-03-08 03:00:00,0.1144,0.1149,0.114,0.1146,769698.0,87959.992
2026-03-08 04:00:00,0.1146,0.1147,0.113,0.1136,2503233.0,285195.4116
2026-03-08 05:00:00,0.1136,0.1149,0.1136,0.1143,2954377.0,338309.19
2026-03-08 06:00:00,0.1143,0.1143,0.1135,0.1141,793076.0,90327.1235
2026-03-08 07:00:00,0.1141,0.1152,0.1139,0.1148,1272246.0,146181.0069
2026-03-08 08:00:00,0.1148,0.1149,0.1138,0.1146,967108.0,110594.7737
2026-03-08 09:00:00,0.1146,0.1153,0.1144,0.115,1493838.0,171462.3508
2026-03-08 10:00:00,0.115,0.1164,0.1149,0.1161,760464.0,87932.0111
2026-03-08 11:00:00,0.1161,0.1162,0.1147,0.1156,3581001.0,413557.7061
2026-03-08 12:00:00,0.1156,0.1168,0.1141,0.116,2709732.0,312546.4339
2026-03-08 13:00:00,0.116,0.1163,0.1143,0.1153,3061599.0,353066.0123
2026-03-08 14:00:00,0.1153,0.1159,0.1146,0.1152,176316.0,20280.6112
2026-03-08 15:00:00,0.1152,0.1153,0.1139,0.1146,3263348.0,372221.1666
2026-03-08 16:00:00,0.1146,0.1148,0.1139,0.1141,2380311.0,271885.8838
2026-03-08 17:00:00,0.1141,0.1154,0.1141,0.1149,2372911.0,272094.0003
2026-03-08 18:00:00,0.1149,0.1155,0.1146,0.1153,967751.0,111315.26
2026-03-08 19:00:00,0.1153,0.1176,0.1152,0.1171,3155755.0,368423.2424
2026-03-08 20:00:00,0.1171,0.1174,0.1162,0.1164,1349343.0,157563.0781
2026-03-08 21:00:00,0.1164,0.1167,0.1154,0.1165,4656836.0,539571.6365
2026-03-08 22:00:00,0.1165,0.1165,0.1134,0.1159,7061010.0,809479.7615
2026-03-08 23:00:00,0.1159,0.1166,0.1149,0.1153,1215861.0,140677.6277
2026-03-09 00:00:00,0.1153,0.1171,0.1149,0.1156,6725291.0,781507.1319
2026-03-09 01:00:00,0.1156,0.1166,0.1148,0.1156,2060380.0,238474.9591
2026-03-09 02:00:00,0.1156,0.1169,0.1152,0.1163,684088.0,79419.6105
2026-03-09 03:00:00,0.1163,0.1183,0.1159,0.1165,4118983.0,482537.1098
2026-03-09 04:00:00,0.1165,0.1175,0.1163,0.117,817632.0,95688.6591
2026-03-09 05:00:00,0.117,0.1201,0.1168,0.1194,2804012.0,332893.854
2026-03-09 06:00:00,0.1194,0.1196,0.1179,0.118,837984.0,99606.8482
2026-03-09 07:00:00,0.118,0.1189,0.1167,0.1186,5136435.0,604005.6989
2026-03-09 08:00:00,0.1186,0.1188,0.1179,0.118,1594336.0,188427.576
2026-03-09 09:00:00,0.118,0.1192,0.1176,0.1183,2844730.0,338239.9007
2026-03-09 10:00:00,0.1183,0.1184,0.1173,0.1175,2085708.0,245908.4585
2026-03-09 11:00:00,0.1175,0.1179,0.1167,0.1177,1012946.0,119228.6994
2026-03-09 12:00:00,0.1177,0.119,0.1176,0.1184,3240508.0,383989.1782
2026-03-09 13:00:00,0.1184,0.1207,0.1182,0.1197,10451760.0,1251391.8268
2026-03-09 14:00:00,0.1197,0.1207,0.1188,0.1196,6135633.0,734012.7988
2026-03-09 15:00:00,0.1196,0.1199,0.1179,0.1191,9068271.0,1075998.9982
2026-03-09 16:00:00,0.1191,0.1201,0.1185,0.1187,1489984.0,178120.5086
2026-03-09 17:00:00,0.1187,0.1198,0.1187,0.1194,448192.0,53465.0928
2026-03-09 18:00:00,0.1194,0.1201,0.1189,0.1192,638672.0,76442.7019
2026-03-09 19:00:00,0.1192,0.1227,0.1189,0.1203,10797605.0,1305176.665
2026-03-09 20:00:00,0.1203,0.1208,0.1191,0.1198,6472010.0,775512.9899
2026-03-09 21:00:00,0.1198,0.1206,0.1194,0.1201,849070.0,101946.2153
2026-03-09 22:00:00,0.1201,0.1201,0.1181,0.1183,1380062.0,164186.2475
2026-03-09 23:00:00,0.1183,0.1187,0.118,0.1183,701441.0,83018.9287
2026-03-10 00:00:00,0.1183,0.1201,0.1181,0.1192,5715623.0,681311.3411
2026-03-10 01:00:00,0.1192,0.1198,0.1186,0.1192,1821101.0,217045.4435
2026-03-10 02:00:00,0.1192,0.1219,0.119,0.1211,1506972.0,181294.4489
2026-03-10 03:00:00,0.1211,0.1213,0.1192,0.1194,514225.0,61960.1046
2026-03-10 04:00:00,0.1194,0.1212,0.1194,0.1208,300164.0,36063.7023
2026-03-10 05:00:00,0.1208,0.121,0.1193,0.1197,994358.0,119558.2756
2026-03-10 06:00:00,0.1197,0.1203,0.1192,0.1201,1829775.0,219264.6074
2026-03-10 07:00:00,0.1201,0.1216,0.1198,0.1211,627873.0,75974.836
2026-03-10 08:00:00,0.1211,0.1222,0.1205,0.1211,8322479.0,1006134.7641
2026-03-10 09:00:00,0.1211,0.1224,0.1211,0.1222,1708264.0,208212.7131
2026-03-10 10:00:00,0.1222,0.1222,0.1207,0.1211,701511.0,84970.2866
2026-03-10 11:00:00,0.1211,0.1214,0.1206,0.1213,1449536.0,175565.081
2026-03-10 12:00:00,0.1213,0.1216,0.1208,0.1214,1136123.0,137891.3969
2026-03-10 13:00:00,0.1214,0.1221,0.1203,0.121,4042863.0,490340.6007
2026-03-10 14:00:00,0.121,0.1232,0.1195,0.1231,10468098.0,1269653.3263
2026-03-10 15:00:00,0.1231,0.1234,0.1215,0.1223,3621687.0,442596.5096
2026-03-10 16:00:00,0.1223,0.1226,0.1213,0.1222,3708481.0,452267.8665
2026-03-10 17:00:00,0.1222,0.1224,0.1203,0.1212,3193482.0,386508.6264
2026-03-10 18:00:00,0.1212,0.1214,0.1188,0.1193,4998762.0,598194.372
2026-03-10 19:00:00,0.1193,0.1196,0.1182,0.1186,3854408.0,458520.4135
2026-03-10 20:00:00,0.1186,0.1196,0.1186,0.1195,1129898.0,134827.0416
2026-03-10 21:00:00,0.1195,0.1197,0.1179,0.1182,4773592.0,568137.2315
2026-03-10 22:00:00,0.1182,0.1187,0.1175,0.1185,2862140.0,337520.72
2026-03-10 23:00:00,0.1185,0.119,0.1184,0.1186,346206.0,41105.5702
2026-03-11 00:00:00,0.1186,0.119,0.1182,0.1187,211138.0,25058.0111
2026-03-11 01:00:00,0.1187,0.1192,0.1185,0.1189,954212.0,113397.228
2026-03-11 02:00:00,0.1189,0.119,0.118,0.1187,3135886.0,372148.7825
2026-03-11 03:00:00,0.1187,0.1191,0.1185,0.1186,573274.0,68093.4337
2026-03-11 04:00:00,0.1186,0.1192,0.1181,0.1189,444060.0,52693.5129
2026-03-11 05:00:00,0.1189,0.119,0.1168,0.1175,3534931.0,416239.1651
2026-03-11 06:00:00,0.1175,0.119,0.1174,0.1187,648350.0,76737.9524
2026-03-11 07:00:00,0.1187,0.1193,0.1182,0.1186,2528817.0,300657.4108
2026-03-11 08:00:00,0.1186,0.1192,0.1184,0.1187,2383745.0,283136.2319
2026-03-11 09:00:00,0.1187,0.1196,0.1185,0.1187,994527.0,118443.8214
2026-03-11 10:00:00,0.1187,0.1204,0.1185,0.1198,4662609.0,559017.4041
2026-03-11 11:00:00,0.1198,0.1202,0.1192,0.1193,2271804.0,271906.7723
2026-03-11 12:00:00,0.1193,0.1218,0.119,0.1203,2621394.0,315660.4507
2026-03-11 13:00:00,0.1203,0.1227,0.12,0.1211,4323904.0,523953.2466
2026-03-11 14:00:00,0.1211,0.1222,0.1208,0.1208,1095605.0,133122.5812
2026-03-11 15:00:00,0.1208,0.1211,0.119,0.1201,8681593.0,1041563.792
2026-03-11 16:00:00,0.1201,0.1209,0.12,0.1206,2057424.0,247792.8022
2026-03-11 17:00:00,0.1206,0.1216,0.1194,0.1204,2712140.0,326919.5948
2026-03-11 18:00:00,0.1204,0.1207,0.12,0.1206,582586.0,70120.1754
2026-03-11 19:00:00,0.1206,0.1209,0.1201,0.1206,770774.0,92819.4424
2026-03-11 20:00:00,0.1206,0.1208,0.12,0.1205,3676378.0,441797.18
2026-03-11 21:00:00,0.1205,0.1212,0.1203,0.1209,4405047.0,531411.1101
2026-03-11 22:00:00,0.1209,0.1212,0.1202,0.1208,118210.0,14282.5303
2026-03-11 23:00:00,0.1208,0.121,0.1199,0.1202,562212.0,67671.0959
2026-03-12 00:00:00,0.1202,0.1206,0.12,0.1205,596391.0,71760.2532
2026-03-12 01:00:00,0.1205,0.1205,0.1196,0.1198,679953.0,81549.1322
2026-03-12 02:00:00,0.1198,0.1202,0.119,0.1191,1048636.0,125315.1763
2026-03-12 03:00:00,0.1191,0.1196,0.1186,0.1189,4947870.0,588525.575
2026-03-12 04:00:00,0.1189,0.1195,0.1187,0.1188,1334467.0,159246.7237
2026-03-12 05:00:00,0.1188,0.119,0.118,0.1186,1234360.0,146036.6743
2026-03-12 06:00:00,0.1186,0.1189,0.1182,0.1189,368266.0,43642.6805
2026-03-12 07:00:00,0.1189,0.1191,0.1184,0.1188,1636280.0,194189.6088
2026-03-12 08:00:00,0.1188,0.119,0.1182,0.1184,4169242.0,494078.2266
2026-03-12 09:00:00,0.1184,0.1197,0.118,0.1191,4421554.0,525863.4291
2026-03-12 10:00:00,0.1191,0.1203,0.1189,0.1195,4259134.0,509576.0768
2026-03-12 11:00:00,0.1195,0.1196,0.1179,0.1183,3013422.0,356568.3686
2026-03-12 12:00:00,0.1183,0.1184,0.1176,0.1181,2369004.0,279623.4981
2026-03-12 13:00:00,0.1181,0.1187,0.1169,0.1176,3357387.0,395207.5968
2026-03-12 14:00:00,0.1176,0.1183,0.1156,0.117,8128844.0,948218.8762
2026-03-12 15:00:00,0.117,0.1181,0.1166,0.1173,2899623.0,340268.3065
2026-03-12 16:00:00,0.1173,0.1185,0.117,0.1178,3147883.0,371022.8873
2026-03-12 17:00:00,0.1178,0.118,0.1166,0.1169,4346338.0,509750.3264
2026-03-12 18:00:00,0.1169,0.1174,0.1164,0.1172,883176.0,103280.6237
2026-03-12 19:00:00,0.1172,0.1192,0.1172,0.1189,10660458.0,1260399.1656
2026-03-12 20:00:00,0.1189,0.1191,0.1173,0.1176,3904219.0,460728.73
2026-03-12 21:00:00,0.1176,0.1196,0.1176,0.1194,940784.0,111216.7123
2026-03-12 22:00:00,0.1194,0.1202,0.1192,0.1195,2464524.0,294850.4172
2026-03-12 23:00:00,0.1195,0.1209,0.1193,0.1198,1103431.0,132970.2968
2026-03-13 00:00:00,0.1198,0.1228,0.1197,0.1215,11564003.0,1404554.6284
2026-03-13 01:00:00,0.1215,0.1227,0.1212,0.1225,4219561.0,514488.3401
2026-03-13 02:00:00,0.1225,0.1231,0.1221,0.1228,2719383.0,333475.4637
2026-03-13 03:00:00,0.1228,0.1243,0.1227,0.124,3202290.0,394795.2215
2026-03-13 04:00:00,0.124,0.1246,0.1232,0.124,2400576.0,297696.9108
2026-03-13 05:00:00,0.124,0.1253,0.1235,0.1242,787620.0,97960.5424
2026-03-13 06:00:00,0.1242,0.1245,0.123,0.124,847493.0,104991.6713
2026-03-13 07:00:00,0.124,0.1242,0.1234,0.1237,2074627.0,256938.5697
2026-03-13 08:00:00,0.1237,0.1248,0.1232,0.1243,1339209.0,166047.1688
2026-03-13 09:00:00,0.1243,0.1253,0.1242,0.1247,1903239.0,237692.7281
2026-03-13 10:00:00,0.1247,0.1258,0.1246,0.1257,1621419.0,203084.6287
2026-03-13 11:00:00,0.1257,0.1259,0.1246,0.1251,2144638.0,268285.6428
2026-03-13 12:00:00,0.1251,0.1261,0.1249,0.1255,2837066.0,356003.6114
2026-03-13 13:00:00,0.1255,0.1276,0.1251,0.1265,5646068.0,715227.7713
2026-03-13 14:00:00,0.1265,0.1271,0.1252,0.1257,3590319.0,452322.5472
2026-03-13 15:00:00,0.1257,0.1273,0.1253,0.1259,3900154.0,492928.6736
2026-03-13 16:00:00,0.1259,0.1264,0.1242,0.1262,2006665.0,251987.8471
2026-03-13 17:00:00,0.1262,0.1264,0.1234,0.1239,2574649.0,321954.0652
2026-03-13 18:00:00,0.1239,0.1248,0.1233,0.124,1924803.0,238355.1196
2026-03-13 19:00:00,0.124,0.1246,0.1238,0.1242,1381696.0,171690.0751
2026-03-13 20:00:00,0.1242,0.1245,0.1238,0.1243,618203.0,76692.4084
2026-03-13 21:00:00,0.1243,0.1252,0.1237,0.1241,3003035.0,374540.4654
2026-03-13 22:00:00,0.1241,0.1241,0.1223,0.123,2430659.0,298549.0148
2026-03-13 23:00:00,0.123,0.124,0.123,0.1236,461584.0,56984.7828
2026-03-14 00:00:00,0.1236,0.1236,0.1224,0.1225,714057.0,87719.0474
2026-03-14 01:00:00,0.1225,0.1238,0.1221,0.1237,749566.0,92157.6812
2026-03-14 02:00:00,0.1237,0.1246,0.123,0.1243,921045.0,113839.374
2026-03-14 03:00:00,0.1243,0.1253,0.124,0.1251,799553.0,99907.2926
2026-03-14 04:00:00,0.1251,0.1263,0.1242,0.1244,1224578.0,153390.3982
2026-03-14 05:00:00,0.1244,0.1245,0.1229,0.1234,1053764.0,130385.0156
2026-03-14 06:00:00,0.1234,0.1234,0.1217,0.1225,1168108.0,143025.4495
2026-03-14 07:00:00,0.1225,0.123,0.1222,0.1225,1104078.0,135309.8784
2026-03-14 08:00:00,0.1225,0.1226,0.122,0.1221,719579.0,87997.1614
2026-03-14 09:00:00,0.1221,0.1229,0.1221,0.1222,633260.0,77559.6423
2026-03-14 10:00:00,0.1222,0.1227,0.122,0.1226,1007393.0,123097.2178
2026-03-14 11:00:00,0.1226,0.1238,0.1224,0.1235,651496.0,80137.3816
2026-03-14 12:00:00,0.1235,0.1238,0.1224,0.1227,2292852.0,281826.4515
2026-03-14 13:00:00,0.1227,0.1236,0.1227,0.1236,697614.0,85908.9729
2026-03-14 14:00:00,0.1236,0.1241,0.1228,0.1231,1295700.0,159759.4977
2026-03-14 15:00:00,0.1231,0.1233,0.1221,0.1225,1070985.0,131376.3898
2026-03-14 16:00:00,0.1225,0.1233,0.1224,0.1232,2058473.0,253265.5054
2026-03-14 17:00:00,0.1232,0.1234,0.1226,0.1229,1550474.0,190911.3542
2026-03-14 18:00:00,0.1229,0.1232,0.1226,0.1229,566421.0,69590.5803
2026-03-14 19:00:00,0.1229,0.1229,0.1223,0.1224,381071.0,46698.0891
2026-03-14 20:00:00,0.1224,0.1227,0.122,0.1225,1158707.0,141832.9899
2026-03-14 21:00:00,0.1225,0.1231,0.1222,0.123,984945.0,120643.9452
2026-03-14 22:00:00,0.123,0.1232,0.1226,0.1228,361047.0,44410.4837
2026-03-14 23:00:00,0.1228,0.1238,0.1228,0.1238,844518.0,104240.8568
2026-03-15 00:00:00,0.1238,0.1239,0.123,0.1235,414065.0,51109.5399
2026-03-15 01:00:00,0.1235,0.1248,0.1231,0.1248,1395809.0,173564.7018
2026-03-15 02:00:00,0.1248,0.1272,0.1248,0.1269,3614127.0,457028.3336
2026-03-15 03:00:00,0.1269,0.1274,0.1255,0.1262,1060687.0,134227.0535
2026-03-15 04:00:00,0.1262,0.1271,0.1259,0.1265,522903.0,66100.1894
2026-03-15 05:00:00,0.1265,0.127,0.126,0.1263,1538702.0,194966.3782
2026-03-15 06:00:00,0.1263,0.127,0.1257,0.1268,1832969.0,231741.2072
2026-03-15 07:00:00,0.1268,0.1275,0.1264,0.1268,1087773.0,138200.3454
2026-03-15 08:00:00,0.1268,0.1271,0.1258,0.1261,1052911.0,132914.6295
2026-03-15 09:00:00,0.1261,0.1266,0.1257,0.126,820635.0,103544.694
2026-03-15 10:00:00,0.126,0.1277,0.1257,0.1275,2823405.0,358629.5815
2026-03-15 11:00:00,0.1275,0.1275,0.1266,0.1268,678461.0,86133.4314
2026-03-15 12:00:00,0.1268,0.1281,0.1266,0.1271,673997.0,85937.3642
2026-03-15 13:00:00,0.1271,0.1271,0.1248,0.1258,1904222.0,239146.6643
2026-03-15 14:00:00,0.1258,0.1261,0.1252,0.1257,1399421.0,175751.8784
2026-03-15 15:00:00,0.1257,0.1258,0.1252,0.1253,1052432.0,131937.5897
2026-03-15 16:00:00,0.1253,0.1262,0.1252,0.1255,516488.0,64893.1132
2026-03-15 17:00:00,0.1255,0.1278,0.1255,0.1273,952240.0,120600.0657
2026-03-15 18:00:00,0.1273,0.1277,0.1264,0.1269,1078288.0,136935.6005
2026-03-15 19:00:00,0.1269,0.1277,0.1267,0.1274,727029.0,92484.8844
2026-03-15 20:00:00,0.1274,0.1289,0.1271,0.128,1840682.0,236041.4131
2026-03-15 21:00:00,0.128,0.1289,0.1277,0.1284,1364351.0,174970.1538
2026-03-15 22:00:00,0.1284,0.129,0.1273,0.1283,2424443.0,310619.0465
2026-03-15 23:00:00,0.1283,0.1288,0.1273,0.1284,1855663.0,237245.4618
2026-03-16 00:00:00,0.1284,0.1288,0.1272,0.1278,1708819.0,218420.7796
2026-03-16 01:00:00,0.1278,0.1284,0.1273,0.128,844741.0,107859.415
2026-03-16 02:00:00,0.128,0.1284,0.1275,0.1282,745052.0,95344.6402
2026-03-16 03:00:00,0.1282,0.1307,0.1278,0.1292,4920769.0,635745.8973
2026-03-16 04:00:00,0.1292,0.13,0.1289,0.1297,2754439.0,356493.7048
2026-03-16 05:00:00,0.1297,0.1307,0.1292,0.1303,2464658.0,320148.9558
2026-03-16 06:00:00,0.1303,0.1314,0.1291,0.1307,1599673.0,208129.0618
2026-03-16 07:00:00,0.1307,0.1325,0.1305,0.1313,1984105.0,261267.3291
2026-03-16 08:00:00,0.1313,0.1327,0.1306,0.131,4615658.0,606871.3776
2026-03-16 09:00:00,0.131,0.1318,0.1309,0.1311,1207077.0,158565.0459
2026-03-16 10:00:00,0.1311,0.1312,0.1302,0.1308,1307862.0,171078.8926
2026-03-16 11:00:00,0.1308,0.1314,0.1303,0.1308,2993289.0,390936.4328
2026-03-16 12:00:00,0.1308,0.1317,0.1305,0.1314,1271576.0,166820.8566
2026-03-16 13:00:00,0.1314,0.1324,0.1307,0.1314,2587992.0,339915.3738
2026-03-16 14:00:00,0.1314,0.1321,0.1294,0.131,6172168.0,805931.7917
2026-03-16 15:00:00,0.131,0.1311,0.1295,0.13,2521338.0,329244.8486
2026-03-16 16:00:00,0.13,0.1326,0.1298,0.132,3184021.0,418713.2436
2026-03-16 17:00:00,0.132,0.1337,0.132,0.1331,2330359.0,309138.9622
2026-03-16 18:00:00,0.1331,0.1343,0.1327,0.1331,2784819.0,371538.7629
2026-03-16 19:00:00,0.1331,0.135,0.1326,0.1345,3292655.0,442444.7675
2026-03-16 20:00:00,0.1345,0.1358,0.1339,0.1358,2173783.0,294206.5921
2026-03-16 21:00:00,0.1358,0.1384,0.1355,0.138,7005867.0,960275.5327
2026-03-16 22:00:00,0.138,0.1394,0.1378,0.1382,7080780.0,981038.8129
2026-03-16 23:00:00,0.1382,0.1387,0.1365,0.1373,4728875.0,649639.4153
2026-03-17 00:00:00,0.1373,0.1377,0.1361,0.1374,2783575.0,381711.1285
2026-03-17 01:00:00,0.1374,0.1376,0.1361,0.1367,1749631.0,239132.9974
2026-03-17 02:00:00,0.1367,0.1372,0.1361,0.1361,661705.0,90400.6276
2026-03-17 03:00:00,0.1361,0.1365,0.1341,0.1354,1696995.0,229674.7537
2026-03-17 04:00:00,0.1354,0.1358,0.1335,0.1343,1466845.0,197589.171
2026-03-17 05:00:00,0.1343,0.1345,0.1336,0.1342,1285444.0,172193.2642
2026-03-17 06:00:00,0.1342,0.1348,0.1334,0.1341,2896930.0,388152.933
2026-03-17 07:00:00,0.1341,0.136,0.1341,0.1352,2219041.0,300504.1444
2026-03-17 08:00:00,0.1352,0.1358,0.1345,0.1351,2245384.0,302727.8509
2026-03-17 09:00:00,0.1351,0.1357,0.1345,0.1353,1194689.0,161426.2969
2026-03-17 10:00:00,0.1353,0.1356,0.1348,0.1354,928076.0,125366.4596
2026-03-17 11:00:00,0.1354,0.1362,0.1349,0.1349,2870946.0,388970.6495
2026-03-17 12:00:00,0.1349,0.135,0.1334,0.1338,3333909.0,447584.6304
2026-03-17 13:00:00,0.1338,0.1349,0.1332,0.1339,1776142.0,237979.3766
2026-03-17 14:00:00,0.1339,0.1351,0.1335,0.1346,1299548.0,174680.187
2026-03-17 15:00:00,0.1346,0.1353,0.1333,0.1348,2532258.0,339982.5806
2026-03-17 16:00:00,0.1348,0.1356,0.1344,0.1347,735779.0,99275.8749
2026-03-17 17:00:00,0.1347,0.1356,0.1345,0.1355,1747885.0,236571.4918
2026-03-17 18:00:00,0.1355,0.1357,0.1351,0.1357,999764.0,135462.4716
2026-03-17 19:00:00,0.1357,0.1358,0.1349,0.1349,710781.0,96180.4756
2026-03-17 20:00:00,0.1349,0.1366,0.1348,0.1364,1320521.0,179273.5239
2026-03-17 21:00:00,0.1364,0.1386,0.1363,0.1365,1604677.0,220087.0539
2026-03-17 22:00:00,0.1365,0.1374,0.1357,0.1366,618951.0,84460.106
2026-03-17 23:00:00,0.1366,0.1367,0.1357,0.1359,692421.0,94244.4492
2026-03-18 00:00:00,0.1359,0.1365,0.1349,0.1361,2781359.0,376747.2819
2026-03-18 01:00:00,0.1361,0.1365,0.1354,0.1354,2570009.0,350009.0606
2026-03-18 02:00:00,0.1354,0.1363,0.1353,0.1358,2460820.0,334687.3004
2026-03-18 03:00:00,0.1358,0.1363,0.1356,0.1356,624594.0,84939.9723
2026-03-18 04:00:00,0.1356,0.1358,0.1344,0.1349,922242.0,124423.6328
2026-03-18 05:00:00,0.1349,0.1363,0.1348,0.1352,1002652.0,136010.4367
2026-03-18 06:00:00,0.1352,0.1358,0.1348,0.1349,654606.0,88492.5463
2026-03-18 07:00:00,0.1349,0.1351,0.1343,0.1351,1816758.0,244537.7331
2026-03-18 08:00:00,0.1351,0.1355,0.1349,0.1353,1265156.0,171058.1233
2026-03-18 09:00:00,0.1353,0.136,0.1351,0.1355,1583196.0,214529.1174
2026-03-18 10:00:00,0.1355,0.1357,0.1348,0.1354,918193.0,124140.477
2026-03-18 11:00:00,0.1354,0.1356,0.1312,0.1319,3821714.0,510319.5983
2026-03-18 12:00:00,0.1319,0.1319,0.1294,0.1299,3448345.0,450597.718
2026-03-18 13:00:00,0.1299,0.1309,0.1289,0.1299,1072207.0,139691.6009
2026-03-18 14:00:00,0.1299,0.1301,0.1263,0.1266,3172355.0,406001.0823
2026-03-18 15:00:00,0.1266,0.127,0.1254,0.1267,3517172.0,444263.6017
2026-03-18 16:00:00,0.1267,0.1267,0.1249,0.1256,1955952.0,246759.137
2026-03-18 17:00:00,0.1256,0.127,0.1249,0.1267,2390812.0,300400.075
2026-03-18 18:00:00,0.1267,0.1281,0.1259,0.1265,3188997.0,405996.561
2026-03-18 19:00:00,0.1265,0.1273,0.1258,0.1259,714119.0,90467.6301
2026-03-18 20:00:00,0.1259,0.1268,0.1247,0.1266,562735.0,70668.3762
2026-03-18 21:00:00,0.1266,0.1276,0.1265,0.1272,677875.0,86238.9202
2026-03-18 22:00:00,0.1272,0.1273,0.1261,0.1263,729860.0,92445.8938
2026-03-18 23:00:00,0.1263,0.1264,0.1255,0.1262,1003672.0,126527.2511
2026-03-19 00:00:00,0.1262,0.1268,0.1254,0.1256,490236.0,61882.5075
2026-03-19 01:00:00,0.1256,0.1256,0.1249,0.1251,934245.0,116940.9307
2026-03-19 02:00:00,0.1251,0.1257,0.1248,0.1253,1100927.0,138079.5254
2026-03-19 03:00:00,0.1253,0.1273,0.1251,0.1259,1246391.0,157281.6747
2026-03-19 04:00:00,0.1259,0.126,0.1248,0.1248,490254.0,61457.3899
2026-03-19 05:00:00,0.1248,0.1252,0.1239,0.1244,1368176.0,170243.0822
2026-03-19 06:00:00,0.1244,0.1245,0.1233,0.1239,815352.0,100891.6563
2026-03-19 07:00:00,0.1239,0.1239,0.1213,0.1217,4236278.0,519178.4665
2026-03-19 08:00:00,0.1217,0.1228,0.1213,0.1222,872894.0,106444.7015
2026-03-19 09:00:00,0.1222,0.1234,0.1219,0.1232,1719877.0,211259.0557
2026-03-19 10:00:00,0.1232,0.1232,0.1218,0.1219,675762.0,82503.3445
2026-03-19 11:00:00,0.1219,0.1225,0.1218,0.1222,445643.0,54396.1921
2026-03-19 12:00:00,0.1222,0.1223,0.1206,0.1209,1834178.0,222986.0329
2026-03-19 13:00:00,0.1209,0.1215,0.1199,0.1209,3912634.0,472421.1346
2026-03-19 14:00:00,0.1209,0.1214,0.1197,0.1202,2056958.0,247092.0005
2026-03-19 15:00:00,0.1202,0.1205,0.1187,0.12,2999268.0,358253.3682
2026-03-19 16:00:00,0.12,0.12,0.1193,0.1197,1321183.0,158153.0028
2026-03-19 17:00:00,0.1197,0.1208,0.119,0.1206,3538425.0,425253.4745
2026-03-19 18:00:00,0.1206,0.1207,0.1198,0.1203,300504.0,36094.6251
2026-03-19 19:00:00,0.1203,0.1216,0.1202,0.1205,1423097.0,172184.9544
2026-03-19 20:00:00,0.1205,0.1209,0.1201,0.1205,270296.0,32564.2509
2026-03-19 21:00:00,0.1205,0.1213,0.1203,0.1212,413441.0,50002.5367
2026-03-19 22:00:00,0.1212,0.1212,0.1202,0.1211,723647.0,87433.8011
2026-03-19 23:00:00,0.1211,0.1218,0.121,0.1215,545480.0,66207.495
2026-03-20 00:00:00,0.1215,0.1221,0.1212,0.122,122647.0,14923.4455
2026-03-20 01:00:00,0.122,0.1231,0.1219,0.1227,1502488.0,184521.624
2026-03-20 02:00:00,0.1227,0.1234,0.1222,0.1232,507122.0,62253.2972
2026-03-20 03:00:00,0.1232,0.1234,0.1225,0.1226,915845.0,112644.7638
2026-03-20 04:00:00,0.1226,0.1235,0.1224,0.1234,843141.0,103622.5303
2026-03-20 05:00:00,0.1234,0.1246,0.1233,0.1241,959211.0,119048.0793
2026-03-20 06:00:00,0.1241,0.1246,0.1238,0.1241,1207433.0,149889.5172
2026-03-20 07:00:00,0.1241,0.1244,0.1232,0.1239,1728514.0,213843.4893
2026-03-20 08:00:00,0.1239,0.1246,0.1238,0.1242,4818249.0,597897.4851
2026-03-20 09:00:00,0.1242,0.1255,0.1234,0.1248,4379666.0,545315.8713
2026-03-20 10:00:00,0.1248,0.1251,0.1243,0.1249,2035997.0,253576.3034
2026-03-20 11:00:00,0.1249,0.1261,0.1243,0.1248,1342786.0,168413.9315
2026-03-20 12:00:00,0.1248,0.1259,0.1246,0.1247,3125632.0,391512.443
2026-03-20 13:00:00,0.1247,0.1252,0.1234,0.1237,1769946.0,219553.4982
2026-03-20 14:00:00,0.1237,0.1246,0.1228,0.1229,7893115.0,973136.2677
2026-03-20 15:00:00,0.1229,0.1234,0.1222,0.1232,1730150.0,212495.9695
2026-03-20 16:00:00,0.1232,0.1235,0.1226,0.1233,1800759.0,221538.3935
2026-03-20 17:00:00,0.1233,0.1244,0.123,0.1243,3098892.0,382388.6749
2026-03-20 18:00:00,0.1243,0.1248,0.1225,0.1229,1127004.0,139265.6384
2026-03-20 19:00:00,0.1229,0.1235,0.1222,0.1235,254668.0,31270.4602
2026-03-20 20:00:00,0.1235,0.1235,0.1222,0.1231,2088465.0,257028.6024
2026-03-20 21:00:00,0.1231,0.1249,0.1228,0.1242,1040053.0,128723.6421
2026-03-20 22:00:00,0.1242,0.1254,0.1241,0.1242,790885.0,98623.6923
2026-03-20 23:00:00,0.1242,0.1242,0.1234,0.1237,887629.0,109806.3784
2026-03-21 00:00:00,0.1237,0.124,0.1234,0.1237,788954.0,97595.3289
2026-03-21 01:00:00,0.1237,0.124,0.1231,0.1232,268261.0,33100.869
2026-03-21 02:00:00,0.1232,0.124,0.1231,0.1236,421707.0,52095.0971
2026-03-21 03:00:00,0.1236,0.1236,0.1227,0.1229,403386.0,49611.7859
2026-03-21 04:00:00,0.1229,0.1232,0.1225,0.1226,330610.0,40582.4066
2026-03-21 05:00:00,0.1226,0.1233,0.1225,0.1227,314919.0,38706.8527
2026-03-21 06:00:00,0.1227,0.1233,0.1226,0.123,318070.0,39117.2063
2026-03-21 07:00:00,0.123,0.1231,0.1222,0.1224,892519.0,109294.8708
2026-03-21 08:00:00,0.1224,0.123,0.1221,0.123,475865.0,58260.1364
2026-03-21 09:00:00,0.123,0.1234,0.1224,0.1224,866506.0,106544.1883
2026-03-21 10:00:00,0.1224,0.1225,0.1215,0.1215,1274006.0,155268.2507
2026-03-21 11:00:00,0.1215,0.1217,0.1213,0.1216,322142.0,39134.5964
2026-03-21 12:00:00,0.1216,0.1219,0.1214,0.1216,890594.0,108347.0937
2026-03-21 13:00:00,0.1216,0.1219,0.1215,0.1219,1786536.0,217449.022
2026-03-21 14:00:00,0.1219,0.1226,0.1219,0.122,2362797.0,289188.0496
2026-03-21 15:00:00,0.122,0.1241,0.122,0.124,2341149.0,287605.4044
2026-03-21 16:00:00,0.124,0.1242,0.1227,0.1227,1183213.0,145871.5021
2026-03-21 17:00:00,0.1227,0.1228,0.1223,0.1226,1369383.0,168075.1238
2026-03-21 18:00:00,0.1226,0.1226,0.1221,0.1223,473833.0,57944.8041
2026-03-21 19:00:00,0.1223,0.1223,0.1219,0.1221,935418.0,114171.3387
2026-03-21 20:00:00,0.1221,0.1229,0.122,0.1227,689295.0,84551.1761
2026-03-21 21:00:00,0.1227,0.1228,0.1218,0.1222,989905.0,121100.8081
2026-03-21 22:00:00,0.1222,0.1222,0.1215,0.1216,1916178.0,233257.3019
2026-03-21 23:00:00,0.1216,0.1217,0.1168,0.1175,7432301.0,888050.7303
2026-03-22 00:00:00,0.1175,0.1185,0.1155,0.1181,8502308.0,999179.8402
2026-03-22 01:00:00,0.1181,0.1188,0.1177,0.1186,785305.0,92807.6233
2026-03-22 02:00:00,0.1186,0.1196,0.1183,0.1191,2802222.0,333165.8606
2026-03-22 03:00:00,0.1191,0.12,0.1185,0.1189,2688273.0,320695.2075
2026-03-22 04:00:00,0.1189,0.1198,0.1188,0.1195,724241.0,86427.688
2026-03-22 05:00:00,0.1195,0.1195,0.1187,0.1188,668014.0,79523.8264
2026-03-22 06:00:00,0.1188,0.1189,0.1183,0.1187,2245842.0,266310.7638
2026-03-22 07:00:00,0.1187,0.119,0.1169,0.117,2630745.0,309935.2094
2026-03-22 08:00:00,0.117,0.1172,0.1161,0.117,4875399.0,568306.7715
2026-03-22 09:00:00,0.117,0.1174,0.1166,0.117,821175.0,96136.5868
2026-03-22 10:00:00,0.117,0.117,0.1159,0.1159,1606856.0,186960.4703
2026-03-22 11:00:00,0.1159,0.1161,0.1153,0.1155,4675759.0,540891.5414
2026-03-22 12:00:00,0.1155,0.1166,0.1154,0.1157,864580.0,100197.8984
2026-03-22 13:00:00,0.1157,0.1165,0.1155,0.1159,2363923.0,273638.8164
2026-03-22 14:00:00,0.1159,0.1163,0.1154,0.1154,1197382.0,138399.5091
2026-03-22 15:00:00,0.1154,0.1162,0.1154,0.1162,1742500.0,201858.0819
2026-03-22 16:00:00,0.1162,0.1163,0.1157,0.1158,412345.0,47849.6835
2026-03-22 17:00:00,0.1158,0.1159,0.1151,0.1152,2628862.0,303356.5444
2026-03-22 18:00:00,0.1152,0.1155,0.1141,0.1149,3754051.0,431347.1763
2026-03-22 19:00:00,0.1149,0.1149,0.1138,0.1146,1388017.0,158559.5226
2026-03-22 20:00:00,0.1146,0.115,0.114,0.1142,4406146.0,503932.3156
2026-03-22 21:00:00,0.1142,0.1145,0.1127,0.1138,5331575.0,606108.6146
2026-03-22 22:00:00,0.1138,0.115,0.113,0.1148,3071332.0,349789.9967
2026-03-22 23:00:00,0.1148,0.1153,0.1143,0.1145,923285.0,105872.1367
2026-03-23 00:00:00,0.1145,0.1152,0.1141,0.1149,843268.0,96670.1837
2026-03-23 01:00:00,0.1149,0.1156,0.1145,0.115,3351600.0,385878.8537
2026-03-23 02:00:00,0.115,0.1163,0.115,0.1159,342331.0,39609.4498
2026-03-23 03:00:00,0.1159,0.1165,0.1154,0.1155,193018.0,22347.1392
2026-03-23 04:00:00,0.1155,0.1165,0.1154,0.1165,1030288.0,119950.7673
2026-03-23 05:00:00,0.1165,0.1167,0.1159,0.1164,536803.0,62439.4965
2026-03-23 06:00:00,0.1164,0.1164,0.1141,0.1146,2479556.0,285769.6632
2026-03-23 07:00:00,0.1146,0.1146,0.113,0.1139,3309455.0,376962.1845
2026-03-23 08:00:00,0.1139,0.114,0.1129,0.1131,2588975.0,293834.3181
2026-03-23 09:00:00,0.1131,0.1137,0.1123,0.1137,3155539.0,355505.5671
2026-03-23 10:00:00,0.1137,0.1144,0.1134,0.1138,250213.0,28501.5603
2026-03-23 11:00:00,0.1138,0.1195,0.1137,0.1165,7741608.0,912024.8686
2026-03-23 12:00:00,0.1165,0.1172,0.116,0.1169,6222221.0,725941.7254
2026-03-23 13:00:00,0.1169,0.1174,0.116,0.1173,4437673.0,518476.5433
2026-03-23 14:00:00,0.1173,0.1179,0.1156,0.1163,3573305.0,418281.2151
2026-03-23 15:00:00,0.1163,0.1171,0.1148,0.115,4916714.0,568542.1008
2026-03-23 16:00:00,0.115,0.1156,0.1138,0.1144,6219154.0,712296.4529
2026-03-23 17:00:00,0.1144,0.1147,0.1132,0.1144,2960827.0,337759.3528
2026-03-23 18:00:00,0.1144,0.1155,0.1138,0.1155,3109117.0,355309.4043
2026-03-23 19:00:00,0.1155,0.1158,0.114,0.1141,2007062.0,230159.3582
2026-03-23 20:00:00,0.1141,0.1149,0.1134,0.1147,3393491.0,386042.4486
2026-03-23 21:00:00,0.1147,0.115,0.1138,0.1144,1678691.0,192254.4627
2026-03-23 22:00:00,0.1144,0.1146,0.1133,0.1135,2916556.0,331302.4863
2026-03-23 23:00:00,0.1135,0.1135,0.1118,0.1133,4692513.0,529264.0984
2026-03-24 00:00:00,0.1133,0.1139,0.1122,0.1132,2361928.0,267292.7936
2026-03-24 01:00:00,0.1132,0.1133,0.1105,0.1116,4844121.0,540839.1743
2026-03-24 02:00:00,0.1116,0.1126,0.1113,0.1121,1233848.0,138036.9476
2026-03-24 03:00:00,0.1121,0.113,0.1119,0.1128,2150831.0,241565.1934
2026-03-24 04:00:00,0.1128,0.1129,0.1115,0.1122,2492047.0,279460.0105
2026-03-24 05:00:00,0.1122,0.1136,0.1119,0.1133,1079983.0,121628.6324
2026-03-24 06:00:00,0.1133,0.114,0.1126,0.1138,2567941.0,291368.658
2026-03-24 07:00:00,0.1138,0.1146,0.1132,0.1145,3954728.0,449657.206
2026-03-24 08:00:00,0.1145,0.1163,0.1144,0.1152,2103974.0,242616.0335
2026-03-24 09:00:00,0.1152,0.1171,0.1149,0.1168,2495185.0,288899.8174
2026-03-24 10:00:00,0.1168,0.1169,0.1143,0.1149,3472142.0,399629.7483
2026-03-24 11:00:00,0.1149,0.1158,0.114,0.1152,2684053.0,308888.3994
2026-03-24 12:00:00,0.1152,0.1152,0.114,0.1143,1210588.0,138591.869
2026-03-24 13:00:00,0.1143,0.1151,0.1135,0.1137,5116426.0,584097.0347
2026-03-24 14:00:00,0.1137,0.114,0.1113,0.1117,7363169.0,827780.595
2026-03-24 15:00:00,0.1117,0.1125,0.1113,0.1115,3410433.0,381618.3042
2026-03-24 16:00:00,0.1115,0.1121,0.1109,0.111,3322176.0,370141.9115
2026-03-24 17:00:00,0.111,0.1112,0.1093,0.1099,6990527.0,769068.862
2026-03-24 18:00:00,0.1099,0.1113,0.1099,0.111,1634648.0,180784.6025
2026-03-24 19:00:00,0.111,0.1122,0.111,0.1116,2030857.0,226872.0801
2026-03-24 20:00:00,0.1116,0.1142,0.1112,0.1133,3906584.0,442757.4384
2026-03-24 21:00:00,0.1133,0.1136,0.1121,0.113,3318330.0,373678.7966
2026-03-24 22:00:00,0.113,0.1137,0.1127,0.1133,3768095.0,426623.9257
2026-03-24 23:00:00,0.1133,0.1146,0.1131,0.1137,1947586.0,222011.6836
2026-03-25 00:00:00,0.1137,0.1141,0.1126,0.1133,2661214.0,301162.9672
2026-03-25 01:00:00,0.1133,0.115,0.1131,0.1141,1529277.0,174300.8819
2026-03-25 02:00:00,0.1141,0.1145,0.1136,0.1142,1317814.0,150477.939
2026-03-25 03:00:00,0.1142,0.1149,0.1132,0.1142,1542746.0,176531.0335
2026-03-25 04:00:00,0.1142,0.1144,0.1134,0.1141,686034.0,78064.3673
2026-03-25 05:00:00,0.1141,0.1144,0.1133,0.1134,714207.0,81025.4242
2026-03-25 06:00:00,0.1134,0.1134,0.1125,0.1125,2177356.0,245752.563
2026-03-25 07:00:00,0.1125,0.1138,0.1125,0.1129,3490979.0,394220.9642
2026-03-25 08:00:00,0.1129,0.1139,0.1129,0.1131,1333210.0,150960.197
2026-03-25 09:00:00,0.1131,0.114,0.1125,0.1137,2969047.0,336451.1984
2026-03-25 10:00:00,0.1137,0.1148,0.1133,0.1146,1967946.0,224921.6163
2026-03-25 11:00:00,0.1146,0.1153,0.1141,0.1148,2544311.0,291372.0388
2026-03-25 12:00:00,0.1148,0.1157,0.1139,0.1144,2073568.0,237682.2595
2026-03-25 13:00:00,0.1144,0.1147,0.1135,0.1135,2056508.0,234764.5451
2026-03-25 14:00:00,0.1135,0.1146,0.1132,0.1144,2004430.0,228263.4622
2026-03-25 15:00:00,0.1144,0.115,0.1132,0.1137,2621497.0,298579.8983
2026-03-25 16:00:00,0.1137,0.1146,0.1128,0.1136,3076324.0,348922.7136
2026-03-25 17:00:00,0.1136,0.1141,0.1133,0.1134,9046143.0,1027147.6634
2026-03-25 18:00:00,0.1134,0.1141,0.1132,0.1135,1280403.0,145307.1464
2026-03-25 19:00:00,0.1135,0.114,0.1131,0.1134,1116710.0,126661.0355
2026-03-25 20:00:00,0.1134,0.1135,0.1122,0.1127,1847315.0,208178.1313
2026-03-25 21:00:00,0.1127,0.1131,0.1124,0.1127,2853018.0,321721.5775
2026-03-25 22:00:00,0.1127,0.1141,0.1125,0.1134,2545416.0,288798.0596
2026-03-25 23:00:00,0.1134,0.1135,0.1128,0.1133,4472111.0,506312.4967
2026-03-26 00:00:00,0.1133,0.1137,0.1129,0.1132,2387649.0,270499.3183
2026-03-26 01:00:00,0.1132,0.1139,0.1131,0.1134,2893163.0,328455.8037
2026-03-26 02:00:00,0.1134,0.1135,0.112,0.1126,5056220.0,569036.5973
2026-03-26 03:00:00,0.1126,0.1127,0.1112,0.1119,1945996.0,217696.1044
2026-03-26 04:00:00,0.1119,0.1119,0.1114,0.1116,2527614.0,282214.8941
2026-03-26 05:00:00,0.1116,0.1119,0.1101,0.1103,2739468.0,303775.7396
2026-03-26 06:00:00,0.1103,0.1107,0.1096,0.1101,1830451.0,201594.1537
2026-03-26 07:00:00,0.1101,0.1106,0.1098,0.1105,295950.0,32619.583
2026-03-26 08:00:00,0.1105,0.1106,0.1085,0.1088,7352822.0,800748.9413
2026-03-26 09:00:00,0.1088,0.1094,0.1078,0.1082,3486408.0,377372.6092
2026-03-26 10:00:00,0.1082,0.1086,0.1076,0.1082,1969322.0,212867.5805
2026-03-26 11:00:00,0.1082,0.1085,0.1079,0.1083,879356.0,95081.5115
2026-03-26 12:00:00,0.1083,0.1086,0.1078,0.108,2403888.0,259886.4693
2026-03-26 13:00:00,0.108,0.1097,0.1079,0.109,4604699.0,500218.2675
2026-03-26 14:00:00,0.109,0.1095,0.1086,0.109,2867323.0,312528.718
2026-03-26 15:00:00,0.109,0.109,0.1078,0.1086,3472475.0,375626.534
2026-03-26 16:00:00,0.1086,0.1097,0.1084,0.1097,2374228.0,259544.5895
2026-03-26 17:00:00,0.1097,0.1123,0.1096,0.1115,3594909.0,399458.4518
2026-03-26 18:00:00,0.1115,0.112,0.1067,0.1073,11300162.0,1230420.3493
2026-03-26 19:00:00,0.1073,0.1076,0.1062,0.1065,7268136.0,776465.3751
2026-03-26 20:00:00,0.1065,0.1088,0.1055,0.1081,3456198.0,371108.9832
2026-03-26 21:00:00,0.1081,0.1096,0.108,0.1095,1366432.0,149223.2813
2026-03-26 22:00:00,0.1095,0.11,0.1088,0.1091,1266708.0,138362.0936
2026-03-26 23:00:00,0.1091,0.1094,0.1085,0.1086,1036612.0,112777.9304
2026-03-27 00:00:00,0.1086,0.1094,0.1084,0.1088,511332.0,55666.2983
2026-03-27 01:00:00,0.1088,0.1097,0.1087,0.1092,726564.0,79405.075
2026-03-27 02:00:00,0.1092,0.1095,0.1089,0.1092,623445.0,68083.6974
2026-03-27 03:00:00,0.1092,0.1095,0.1088,0.1094,694969.0,75923.6177
2026-03-27 04:00:00,0.1094,0.1097,0.1084,0.1091,730791.0,79526.3972
2026-03-27 05:00:00,0.1091,0.1096,0.1087,0.1091,911879.0,99633.4809
2026-03-27 06:00:00,0.1091,0.1091,0.1083,0.109,951736.0,103493.1114
2026-03-27 07:00:00,0.109,0.1102,0.1089,0.1098,1725280.0,189321.049
2026-03-27 08:00:00,0.1098,0.1104,0.1082,0.109,2217780.0,241789.6908
2026-03-27 09:00:00,0.109,0.109,0.1071,0.1079,2179708.0,234956.7548
2026-03-27 10:00:00,0.1079,0.108,0.1045,0.1049,4961084.0,524512.5523
2026-03-27 11:00:00,0.1049,0.1058,0.1046,0.1055,3427020.0,360978.0426
2026-03-27 12:00:00,0.1055,0.1055,0.1046,0.1054,2558603.0,268522.3872
2026-03-27 13:00:00,0.1054,0.1057,0.1042,0.1048,4528946.0,474964.0602
2026-03-27 14:00:00,0.1048,0.1055,0.1035,0.1044,6388090.0,667418.3105
2026-03-27 15:00:00,0.1044,0.105,0.1035,0.1039,3683751.0,384430.4751
2026-03-27 16:00:00,0.1039,0.104,0.1025,0.1033,4587453.0,472998.6686
2026-03-27 17:00:00,0.1033,0.1043,0.1027,0.103,2911786.0,300595.5432
2026-03-27 18:00:00,0.103,0.1034,0.1022,0.1034,1866525.0,191903.2986
2026-03-27 19:00:00,0.1034,0.1046,0.1027,0.1044,1537621.0,159481.6877
2026-03-27 20:00:00,0.1044,0.1047,0.1034,0.1039,603138.0,62700.6681
2026-03-27 21:00:00,0.1039,0.1043,0.1033,0.1035,16688048.0,1736327.3718
2026-03-27 22:00:00,0.1035,0.1039,0.1034,0.1035,459221.0,47606.6112
2026-03-27 23:00:00,0.1035,0.1042,0.1035,0.1041,427943.0,44451.2476
2026-03-28 00:00:00,0.1041,0.1042,0.1036,0.1038,768342.0,79840.4956
2026-03-28 01:00:00,0.1038,0.1038,0.1019,0.1028,2397198.0,246731.217
2026-03-28 02:00:00,0.1028,0.1035,0.1026,0.103,303893.0,31272.5204
2026-03-28 03:00:00,0.103,0.1034,0.103,0.1033,277499.0,28637.0487
2026-03-28 04:00:00,0.1033,0.1035,0.1029,0.1032,114035.0,11780.918
2026-03-28 05:00:00,0.1032,0.1033,0.1028,0.1032,443793.0,45667.3818
2026-03-28 06:00:00,0.1032,0.1035,0.103,0.1034,642539.0,66385.0557
2026-03-28 07:00:00,0.1034,0.1043,0.1033,0.1042,660718.0,68717.2887
2026-03-28 08:00:00,0.1042,0.105,0.1042,0.1047,916365.0,95899.7013
2026-03-28 09:00:00,0.1047,0.105,0.1039,0.1042,810490.0,84770.2391
2026-03-28 10:00:00,0.1042,0.1048,0.104,0.1045,383100.0,40059.6208
2026-03-28 11:00:00,0.1045,0.1049,0.1042,0.1047,195312.0,20432.0846
2026-03-28 12:00:00,0.1047,0.1047,0.1037,0.104,890402.0,92709.7457
2026-03-28 13:00:00,0.104,0.1062,0.1039,0.1055,1003018.0,105545.1821
2026-03-28 14:00:00,0.1055,0.1055,0.1046,0.1046,507605.0,53338.0345
2026-03-28 15:00:00,0.1046,0.1055,0.1043,0.1044,774566.0,81168.1409
2026-03-28 16:00:00,0.1044,0.1056,0.1043,0.1053,4920284.0,517452.9695
2026-03-28 17:00:00,0.1053,0.1055,0.1047,0.1052,314453.0,33041.756
2026-03-28 18:00:00,0.1052,0.1052,0.1048,0.1048,57266.0,6014.8734
2026-03-28 19:00:00,0.1048,0.1051,0.1045,0.1047,677133.0,70927.187
2026-03-28 20:00:00,0.1047,0.105,0.1045,0.1045,277977.0,29127.3926
2026-03-28 21:00:00,0.1045,0.1046,0.1035,0.1037,1284954.0,133923.1942
2026-03-28 22:00:00,0.1037,0.104,0.1035,0.1039,285409.0,29584.0335
2026-03-28 23:00:00,0.1039,0.1039,0.1021,0.1024,1751844.0,179991.3592
2026-03-29 00:00:00,0.1024,0.1027,0.1018,0.1024,1696524.0,173163.1699
2026-03-29 01:00:00,0.1024,0.1031,0.1023,0.1027,428874.0,44109.8948
2026-03-29 02:00:00,0.1027,0.103,0.1025,0.1029,394254.0,40512.169
2026-03-29 03:00:00,0.1029,0.1043,0.1028,0.1031,19688836.0,2036477.9154
2026-03-29 04:00:00,0.1031,0.1036,0.1026,0.1031,508196.0,52423.8249
2026-03-29 05:00:00,0.1031,0.1032,0.1022,0.1029,1072807.0,110007.1439
2026-03-29 06:00:00,0.1029,0.1029,0.102,0.1025,242890.0,24902.0919
2026-03-29 07:00:00,0.1025,0.1028,0.1018,0.1022,534142.0,54621.3728
2026-03-29 08:00:00,0.1022,0.1028,0.1019,0.1026,228026.0,23342.7273
2026-03-29 09:00:00,0.1026,0.1026,0.1021,0.1024,138274.0,14161.2712
2026-03-29 10:00:00,0.1024,0.1027,0.1009,0.1016,2817183.0,285776.4154
2026-03-29 11:00:00,0.1016,0.1029,0.1016,0.1022,304360.0,31085.8769
2026-03-29 12:00:00,0.1022,0.1026,0.1011,0.1016,707490.0,71894.6145
2026-03-29 13:00:00,0.1016,0.1018,0.1001,0.101,1092696.0,110124.116
2026-03-29 14:00:00,0.101,0.102,0.1006,0.1013,531108.0,53618.9299
2026-03-29 15:00:00,0.1013,0.1016,0.1007,0.1012,397909.0,40281.836
2026-03-29 16:00:00,0.1012,0.1023,0.101,0.1015,438887.0,44589.8823
2026-03-29 17:00:00,0.1015,0.1023,0.1009,0.1015,287859.0,29230.6798
2026-03-29 18:00:00,0.1015,0.1025,0.1013,0.1023,565279.0,57643.2803
2026-03-29 19:00:00,0.1023,0.1024,0.1014,0.1014,329700.0,33584.2578
2026-03-29 20:00:00,0.1014,0.103,0.1014,0.1029,438102.0,44877.1897
2026-03-29 21:00:00,0.1029,0.1038,0.1023,0.1032,996862.0,103174.7593
2026-03-29 22:00:00,0.1032,0.1034,0.0984,0.1018,4564930.0,459384.4722
2026-03-29 23:00:00,0.1018,0.1025,0.101,0.1017,690194.0,70327.5321
2026-03-30 00:00:00,0.1017,0.1045,0.1017,0.1036,368196.0,38138.0965
2026-03-30 01:00:00,0.1036,0.1051,0.103,0.1047,418487.0,43574.7242
2026-03-30 02:00:00,0.1047,0.1064,0.104,0.1057,580558.0,61017.4348
2026-03-30 03:00:00,0.1057,0.106,0.1045,0.1056,579317.0,61142.9483
2026-03-30 04:00:00,0.1056,0.1081,0.1053,0.1074,2492187.0,266515.6063
2026-03-30 05:00:00,0.1074,0.1081,0.1065,0.1069,882911.0,94688.5347
2026-03-30 06:00:00,0.1069,0.108,0.1069,0.1079,1313226.0,141143.2251
2026-03-30 07:00:00,0.1079,0.109,0.1077,0.1086,2896807.0,313915.8865
2026-03-30 08:00:00,0.1086,0.1088,0.1081,0.1083,1433691.0,155447.5798
2026-03-30 09:00:00,0.1083,0.1085,0.1066,0.1068,1885132.0,202480.073
2026-03-30 10:00:00,0.1068,0.1076,0.1065,0.1074,1612656.0,172335.5734
2026-03-30 11:00:00,0.1074,0.1085,0.1072,0.108,1531413.0,164915.7208
2026-03-30 12:00:00,0.108,0.1099,0.108,0.1092,2483171.0,270348.7898
2026-03-30 13:00:00,0.1092,0.1098,0.1074,0.1074,4019764.0,435699.6889
2026-03-30 14:00:00,0.1074,0.1079,0.1067,0.1076,2640681.0,283607.7263
2026-03-30 15:00:00,0.1076,0.1077,0.1065,0.1072,1533865.0,164139.4053
2026-03-30 16:00:00,0.1072,0.1077,0.1068,0.1075,1041484.0,111609.7757
2026-03-30 17:00:00,0.1075,0.1078,0.106,0.1066,3471819.0,369672.2517
2026-03-30 18:00:00,0.1066,0.1068,0.106,0.1062,3589085.0,381221.7357
2026-03-30 19:00:00,0.1062,0.1065,0.1054,0.1065,1091850.0,115692.0666
2026-03-30 20:00:00,0.1065,0.1069,0.106,0.1063,1366343.0,145533.9872
2026-03-30 21:00:00,0.1063,0.1072,0.1061,0.1068,1703704.0,181346.1296
2026-03-30 22:00:00,0.1068,0.1072,0.1062,0.1064,278566.0,29691.7112
2026-03-30 23:00:00,0.1064,0.1065,0.1054,0.1059,795530.0,84187.4349
2026-03-31 00:00:00,0.1059,0.1066,0.1056,0.1063,1278946.0,135584.7616
2026-03-31 01:00:00,0.1063,0.1085,0.1062,0.108,3015584.0,324355.7199
2026-03-31 02:00:00,0.108,0.1085,0.1077,0.1082,483595.0,52244.5701
2026-03-31 03:00:00,0.1082,0.1083,0.1074,0.1081,915819.0,98941.8625
2026-03-31 04:00:00,0.1081,0.1084,0.1075,0.1081,1277458.0,138082.9734
2026-03-31 05:00:00,0.1081,0.1083,0.1078,0.1082,1760045.0,190259.9659
2026-03-31 06:00:00,0.1082,0.1089,0.1079,0.1088,3260200.0,352744.9597
2026-03-31 07:00:00,0.1088,0.1091,0.1077,0.109,2697680.0,292218.7538
2026-03-31 08:00:00,0.109,0.1091,0.1072,0.1075,2581552.0,279897.3854
2026-03-31 09:00:00,0.1075,0.1077,0.1066,0.1072,2500106.0,267752.606
2026-03-31 10:00:00,0.1072,0.1079,0.1071,0.1075,632819.0,67961.6222
2026-03-31 11:00:00,0.1075,0.1096,0.107,0.1096,3973732.0,433204.857
2026-03-31 12:00:00,0.1096,0.1102,0.109,0.1096,2590730.0,283986.4728
2026-03-31 13:00:00,0.1096,0.1117,0.1095,0.1109,15044198.0,1668002.0316
2026-03-31 14:00:00,0.1109,0.1123,0.1089,0.1094,4346182.0,482674.9779
2026-03-31 15:00:00,0.1094,0.1113,0.109,0.1094,2289193.0,252150.0492
2026-03-31 16:00:00,0.1094,0.1105,0.1084,0.1105,2988366.0,326905.1054
2026-03-31 17:00:00,0.1105,0.1116,0.1099,0.1104,2026132.0,224469.9243
2026-03-31 18:00:00,0.1104,0.1107,0.1096,0.1104,780912.0,86028.4127
2026-03-31 19:00:00,0.1104,0.1109,0.1095,0.1103,1281503.0,141264.6404
2026-03-31 20:00:00,0.1103,0.1106,0.1099,0.1104,5542028.0,610393.3684
2026-03-31 21:00:00,0.1104,0.1112,0.1098,0.1105,783894.0,86583.4815
2026-03-31 22:00:00,0.1105,0.1108,0.1098,0.1102,2482864.0,273987.1776
2026-03-31 23:00:00,0.1102,0.1108,0.1101,0.1106,423107.0,46723.681
2026-04-01 00:00:00,0.1106,0.1107,0.1093,0.11,8070070.0,887113.6197
2026-04-01 01:00:00,0.11,0.1103,0.1086,0.1089,1248099.0,136093.723
2026-04-01 02:00:00,0.1089,0.1094,0.1089,0.1091,797148.0,87040.2991
2026-04-01 03:00:00,0.1091,0.1107,0.1091,0.1102,1848251.0,203455.3857
2026-04-01 04:00:00,0.1102,0.1113,0.11,0.1107,832534.0,92152.6199
2026-04-01 05:00:00,0.1107,0.1122,0.1105,0.1117,2228937.0,248569.8156
2026-04-01 06:00:00,0.1117,0.1124,0.1113,0.1121,10995218.0,1227240.2026
2026-04-01 07:00:00,0.1121,0.1129,0.1114,0.1126,9216019.0,1035762.3004
2026-04-01 08:00:00,0.1126,0.1134,0.1121,0.1122,1778626.0,200667.7862
2026-04-01 09:00:00,0.1122,0.1125,0.1115,0.112,1697934.0,189870.3928
2026-04-01 10:00:00,0.112,0.1124,0.1108,0.1112,1032245.0,115396.0244
2026-04-01 11:00:00,0.1112,0.1116,0.1107,0.1115,504703.0,56073.8695
2026-04-01 12:00:00,0.1115,0.1132,0.1112,0.1122,3735658.0,418423.7055
2026-04-01 13:00:00,0.1122,0.1123,0.1105,0.1109,1695276.0,189049.1476
2026-04-01 14:00:00,0.1109,0.1118,0.1107,0.1114,1739425.0,193621.6527
2026-04-01 15:00:00,0.1114,0.1119,0.1109,0.1119,719418.0,80127.611
2026-04-01 16:00:00,0.1119,0.112,0.1113,0.1115,2137275.0,238647.7188
2026-04-01 17:00:00,0.1115,0.1126,0.1109,0.111,1196973.0,133886.0412
2026-04-01 18:00:00,0.111,0.1113,0.1104,0.1106,1114198.0,123407.977
2026-04-01 19:00:00,0.1106,0.1113,0.1104,0.1109,251529.0,27876.1327
2026-04-01 20:00:00,0.1109,0.1109,0.11,0.1108,64118138.0,7092958.5172
2026-04-01 21:00:00,0.1108,0.1121,0.1107,0.1114,118242696.0,13158401.3186
2026-04-01 22:00:00,0.1114,0.1114,0.1095,0.1099,646092.0,71280.0119
2026-04-01 23:00:00,0.1099,0.1101,0.1095,0.1101,551593.0,60597.1651
2026-04-02 00:00:00,0.1101,0.111,0.11,0.1108,1142101.0,126258.6662
2026-04-02 01:00:00,0.1108,0.111,0.1079,0.1084,1403480.0,152904.9063
2026-04-02 02:00:00,0.1084,0.1084,0.1061,0.107,1584129.0,169672.741
2026-04-02 03:00:00,0.107,0.1076,0.1065,0.1068,721559.0,77264.1498
2026-04-02 04:00:00,0.1068,0.1069,0.1061,0.1061,457556.0,48642.2407
2026-04-02 05:00:00,0.1061,0.1075,0.106,0.1074,1042399.0,111543.0452
2026-04-02 06:00:00,0.1074,0.1081,0.1072,0.1073,755035.0,81148.3876
2026-04-02 07:00:00,0.1073,0.1076,0.1072,0.1074,683279.0,73416.5448
2026-04-02 08:00:00,0.1074,0.1074,0.1065,0.1065,922373.0,98466.3368
2026-04-02 09:00:00,0.1065,0.1068,0.1062,0.1064,582264.0,62014.6982
2026-04-02 10:00:00,0.1064,0.1066,0.106,0.1064,731929.0,77835.4197
2026-04-02 11:00:00,0.1064,0.107,0.1062,0.1067,1441470.0,153444.5454
2026-04-02 12:00:00,0.1067,0.1068,0.1053,0.1053,1085835.0,114939.5779
2026-04-02 13:00:00,0.1053,0.1057,0.1045,0.1053,1794268.0,188672.0386
2026-04-02 14:00:00,0.1053,0.1073,0.1049,0.1072,1349717.0,143507.233
2026-04-02 15:00:00,0.1072,0.1072,0.1058,0.1065,767458.0,81750.8428
2026-04-02 16:00:00,0.1065,0.107,0.1057,0.1068,615172.0,65506.9654
2026-04-02 17:00:00,0.1068,0.1078,0.106,0.1062,1937648.0,207306.6853
2026-04-02 18:00:00,0.1062,0.1072,0.1061,0.1069,455505.0,48566.4025
2026-04-02 19:00:00,0.1069,0.1069,0.106,0.1064,1380504.0,146990.4188
2026-04-02 20:00:00,0.1064,0.107,0.1057,0.1065,424335.0,45095.7594
2026-04-02 21:00:00,0.1065,0.1065,0.1058,0.1063,203074.0,21596.0008
2026-04-02 22:00:00,0.1063,0.1066,0.1058,0.1061,522017.0,55426.7949
2026-04-02 23:00:00,0.1061,0.1065,0.106,0.1062,294321.0,31235.0733
2026-04-03 00:00:00,0.1062,0.1065,0.1059,0.1064,519532.0,55200.8931
2026-04-03 01:00:00,0.1064,0.1069,0.1061,0.1067,141870.0,15114.736
2026-04-03 02:00:00,0.1067,0.1075,0.1064,0.1072,2989154.0,319527.7468
2026-04-03 03:00:00,0.1072,0.1078,0.1067,0.1076,400699.0,43070.0314
2026-04-03 04:00:00,0.1076,0.1084,0.1074,0.1082,636458.0,68782.7585
2026-04-03 05:00:00,0.1082,0.1094,0.1079,0.109,832140.0,90565.1076
2026-04-03 06:00:00,0.109,0.1098,0.1089,0.1094,1576700.0,172458.948
2026-04-03 07:00:00,0.1094,0.1098,0.1087,0.1091,393241.0,42936.0053
2026-04-03 08:00:00,0.1091,0.1103,0.1091,0.1099,2370717.0,260581.7732
2026-04-03 09:00:00,0.1099,0.111,0.1097,0.1107,573286.0,63227.8309
2026-04-03 10:00:00,0.1107,0.111,0.1095,0.1101,536765.0,59109.7702
2026-04-03 11:00:00,0.1101,0.1108,0.11,0.1106,447703.0,49434.4249
2026-04-03 12:00:00,0.1106,0.1116,0.11,0.1104,1444314.0,159599.0421
2026-04-03 13:00:00,0.1104,0.1105,0.1094,0.1098,965285.0,105920.9152
2026-04-03 14:00:00,0.1098,0.1107,0.1095,0.1106,1919861.0,211658.5478
2026-04-03 15:00:00,0.1106,0.1106,0.1097,0.1098,670928.0,73910.5256
2026-04-03 16:00:00,0.1098,0.1103,0.1098,0.1102,323046.0,35569.997
2026-04-03 17:00:00,0.1102,0.1104,0.1097,0.11,452450.0,49783.5719
2026-04-03 18:00:00,0.11,0.1106,0.1099,0.11,286837.0,31608.3401
2026-04-03 19:00:00,0.11,0.1105,0.1096,0.1105,259312.0,28551.9701
2026-04-03 20:00:00,0.1105,0.1109,0.1101,0.1103,551189.0,60807.6693
2026-04-03 21:00:00,0.1103,0.111,0.1103,0.1107,690273.0,76442.1417
2026-04-03 22:00:00,0.1107,0.1109,0.1101,0.1102,265790.0,29424.7588
2026-04-03 23:00:00,0.1102,0.1103,0.1097,0.1101,320516.0,35276.4128
2026-04-04 00:00:00,0.1101,0.1102,0.1094,0.1097,2266080.0,248673.7348
2026-04-04 01:00:00,0.1097,0.11,0.1094,0.1098,181812.0,19961.6395
2026-04-04 02:00:00,0.1098,0.1104,0.1096,0.11,1616726.0,177933.3052
2026-04-04 03:00:00,0.11,0.1107,0.1097,0.1103,159848.0,17613.7325
2026-04-04 04:00:00,0.1103,0.1103,0.1096,0.11,334054.0,36774.6499
2026-04-04 05:00:00,0.11,0.1103,0.1096,0.1097,428207.0,47080.1475
2026-04-04 06:00:00,0.1097,0.1103,0.1094,0.1102,878384.0,96370.9722
2026-04-04 07:00:00,0.1102,0.111,0.1102,0.1103,672262.0,74343.3146
2026-04-04 08:00:00,0.1103,0.1105,0.11,0.1102,423045.0,46626.7434
2026-04-04 09:00:00,0.1102,0.1105,0.1095,0.1095,236270.0,25966.2995
2026-04-04 10:00:00,0.1095,0.1097,0.1089,0.1095,1097035.0,119849.27
2026-04-04 11:00:00,0.1095,0.1099,0.1092,0.1098,541896.0,59343.2887
2026-04-04 12:00:00,0.1098,0.1099,0.1093,0.1094,962793.0,105477.328
2026-04-04 13:00:00,0.1094,0.1096,0.1086,0.1088,1032695.0,112641.6284
2026-04-04 14:00:00,0.1088,0.1095,0.1084,0.1094,1780554.0,193871.6585
2026-04-04 15:00:00,0.1094,0.1102,0.1091,0.1093,1489997.0,163173.6915
2026-04-04 16:00:00,0.1093,0.1097,0.1092,0.1092,720828.0,78914.4498
2026-04-04 17:00:00,0.1092,0.1107,0.1091,0.1101,1651009.0,181941.0856
2026-04-04 18:00:00,0.1101,0.1104,0.11,0.1102,289699.0,31947.1379
2026-04-04 19:00:00,0.1102,0.1114,0.1101,0.1104,3660903.0,404300.5801
2026-04-04 20:00:00,0.1104,0.1105,0.1099,0.1102,137238.0,15102.3951
2026-04-04 21:00:00,0.1102,0.1106,0.11,0.1103,1800746.0,198588.637
2026-04-04 22:00:00,0.1103,0.1107,0.1101,0.1103,2140538.0,236291.8278
2026-04-04 23:00:00,0.1103,0.1106,0.1102,0.1106,3426672.0,378338.0261
2026-04-05 00:00:00,0.1106,0.1108,0.1098,0.1102,310842.0,34256.9609
2026-04-05 01:00:00,0.1102,0.1103,0.1096,0.1098,202591.0,22277.3371
2026-04-05 02:00:00,0.1098,0.1098,0.1092,0.1094,1281861.0,140192.0798
2026-04-05 03:00:00,0.1094,0.1094,0.109,0.1091,505643.0,55182.3513
2026-04-05 04:00:00,0.1091,0.1092,0.1088,0.1089,242020.0,26391.9041
2026-04-05 05:00:00,0.1089,0.109,0.1079,0.1079,1050642.0,113822.7754
2026-04-05 06:00:00,0.1079,0.1081,0.1069,0.1078,707625.0,75906.2958
2026-04-05 07:00:00,0.1078,0.1078,0.1069,0.1071,511802.0,54948.8644
2026-04-05 08:00:00,0.1071,0.1074,0.1069,0.1074,328759.0,35264.6219
2026-04-05 09:00:00,0.1074,0.1078,0.1072,0.1078,947032.0,101824.3382
2026-04-05 10:00:00,0.1078,0.1078,0.107,0.1071,878172.0,94189.9894
2026-04-05 11:00:00,0.1071,0.1073,0.1067,0.1071,428317.0,45807.0818
2026-04-05 12:00:00,0.1071,0.1072,0.1062,0.1066,1051476.0,111937.938
2026-04-05 13:00:00,0.1066,0.1069,0.1057,0.1068,825205.0,87639.2049
2026-04-05 14:00:00,0.1068,0.107,0.1063,0.1067,427598.0,45641.11
2026-04-05 15:00:00,0.1067,0.108,0.1061,0.107,1199203.0,128287.6587
2026-04-05 16:00:00,0.107,0.1073,0.1064,0.1064,953458.0,101985.0759
2026-04-05 17:00:00,0.1064,0.1072,0.1061,0.1069,866327.0,92516.5461
2026-04-05 18:00:00,0.1069,0.1071,0.1065,0.1067,607483.0,64836.8404
2026-04-05 19:00:00,0.1067,0.1072,0.1063,0.1068,332548.0,35521.0979
2026-04-05 20:00:00,0.1068,0.1071,0.1067,0.1069,172781.0,18483.1888
2026-04-05 21:00:00,0.1069,0.1072,0.1065,0.1068,369599.0,39413.3534
2026-04-05 22:00:00,0.1068,0.1089,0.1065,0.1088,1414333.0,152307.6077
2026-04-05 23:00:00,0.1088,0.1103,0.1085,0.1103,1357736.0,148545.1872
2026-04-06 00:00:00,0.1103,0.1118,0.1103,0.1109,1540343.0,171546.1714
2026-04-06 01:00:00,0.1109,0.111,0.11,0.1105,561856.0,62077.6164
2026-04-06 02:00:00,0.1105,0.1124,0.1105,0.112,731930.0,81939.5455
2026-04-06 03:00:00,0.112,0.1121,0.111,0.1115,511665.0,57070.5602
2026-04-06 04:00:00,0.1115,0.1123,0.1115,0.112,209615.0,23487.4904
2026-04-06 05:00:00,0.112,0.1125,0.1119,0.1119,333358.0,37400.162
2026-04-06 06:00:00,0.1119,0.1121,0.1109,0.1117,63716653.0,7116061.34
2026-04-06 07:00:00,0.1117,0.1122,0.1112,0.1119,799266.0,89243.8346
2026-04-06 08:00:00,0.1119,0.1128,0.1119,0.1122,453140.0,50872.7308
2026-04-06 09:00:00,0.1122,0.1136,0.1121,0.1131,1656447.0,186861.3
2026-04-06 10:00:00,0.1131,0.1143,0.1131,0.1142,2936464.0,334590.8247
2026-04-06 11:00:00,0.1142,0.1148,0.114,0.1146,1413640.0,161798.6962
2026-04-06 12:00:00,0.1146,0.115,0.1137,0.114,1132058.0,129799.6315
2026-04-06 13:00:00,0.114,0.114,0.1128,0.1132,960765.0,108834.8485
2026-04-06 14:00:00,0.1132,0.1135,0.1121,0.1131,1409016.0,158897.6687
2026-04-06 15:00:00,0.1131,0.1137,0.1129,0.1135,226316.0,25656.5121
2026-04-06 16:00:00,0.1135,0.1138,0.1128,0.1133,370239.0,41955.4946
2026-04-06 17:00:00,0.1133,0.1134,0.1124,0.1129,1166890.0,131664.3865
2026-04-06 18:00:00,0.1129,0.113,0.1124,0.1127,288386.0,32501.4661
2026-04-06 19:00:00,0.1127,0.1127,0.1119,0.112,307042.0,34439.8779
2026-04-06 20:00:00,0.112,0.1125,0.112,0.1121,483516.0,54291.6776
2026-04-06 21:00:00,0.1121,0.1122,0.1112,0.1116,890262.0,99517.1851
2026-04-06 22:00:00,0.1116,0.1118,0.1103,0.1103,1219247.0,135566.7884
2026-04-06 23:00:00,0.1103,0.1103,0.1089,0.1098,835855.0,91548.4701
2026-04-07 00:00:00,0.1098,0.1102,0.1092,0.1095,387046.0,42430.1045
2026-04-07 01:00:00,0.1095,0.11,0.109,0.1091,182836.0,20024.592
2026-04-07 02:00:00,0.1091,0.1094,0.1085,0.1092,315534.0,34414.0726
2026-04-07 03:00:00,0.1092,0.1096,0.1091,0.1094,384103.0,42055.2252
2026-04-07 04:00:00,0.1094,0.1101,0.1091,0.1098,574660.0,63099.9353
2026-04-07 05:00:00,0.1098,0.1099,0.109,0.1094,732729.0,80341.5216
2026-04-07 06:00:00,0.1094,0.1096,0.1089,0.1093,91167144.0,9947093.0472
2026-04-07 07:00:00,0.1093,0.1104,0.109,0.1095,403049.0,44086.8624
2026-04-07 08:00:00,0.1095,0.1107,0.1092,0.1098,843697.0,92771.3552
2026-04-07 09:00:00,0.1098,0.1106,0.1094,0.1102,438425.0,48277.9323
2026-04-07 10:00:00,0.1102,0.1105,0.1085,0.1091,1599865.0,175031.7489
2026-04-07 11:00:00,0.1091,0.1095,0.1082,0.1087,614843.0,66891.0785
2026-04-07 12:00:00,0.1087,0.1093,0.1072,0.1086,1392533.0,150273.9344
2026-04-07 13:00:00,0.1086,0.1093,0.1082,0.1087,628213.0,68410.7998
2026-04-07 14:00:00,0.1087,0.1093,0.1075,0.1081,1629655.0,177323.8627
2026-04-07 15:00:00,0.1081,0.1091,0.1073,0.1083,785745.0,85028.8564
2026-04-07 16:00:00,0.1083,0.1092,0.1082,0.1084,206378.0,22427.2531
2026-04-07 17:00:00,0.1084,0.1102,0.1079,0.1092,669687.0,73097.5288
2026-04-07 18:00:00,0.1092,0.1102,0.1089,0.1096,594377.0,64942.2901
2026-04-07 19:00:00,0.1096,0.1116,0.109,0.1112,910180.0,100538.7407
2026-04-07 20:00:00,0.1112,0.1125,0.1109,0.1111,441424.0,49271.9919
2026-04-07 21:00:00,0.1111,0.1155,0.1111,0.1149,1048649.0,119447.9196
2026-04-07 22:00:00,0.1149,0.1179,0.1145,0.1178,2744588.0,317996.1501
2026-04-07 23:00:00,0.1178,0.1198,0.117,0.1186,1181899.0,139651.8958
2026-04-08 00:00:00,0.1186,0.1188,0.1178,0.1186,409898.0,48481.4321
2026-04-08 01:00:00,0.1186,0.1202,0.1183,0.1197,2278226.0,272512.7334
2026-04-08 02:00:00,0.1197,0.1207,0.1193,0.1196,2759352.0,330738.5372
2026-04-08 03:00:00,0.1196,0.1201,0.119,0.1195,492087.0,58859.7641
2026-04-08 04:00:00,0.1195,0.1209,0.1194,0.1195,1410051.0,169725.2233
2026-04-08 05:00:00,0.1195,0.1207,0.1193,0.1198,73369823.0,8812355.7644
2026-04-08 06:00:00,0.1198,0.1201,0.1187,0.1199,227130.0,27114.764
2026-04-08 07:00:00,0.1199,0.1203,0.1189,0.1196,1036463.0,124033.6644
2026-04-08 08:00:00,0.1196,0.12,0.1184,0.1189,1451539.0,172796.1108
2026-04-08 09:00:00,0.1189,0.1191,0.1178,0.1179,1386845.0,164309.0218
2026-04-08 10:00:00,0.1179,0.1186,0.1175,0.1177,1560347.0,183896.1023
2026-04-08 11:00:00,0.1177,0.1182,0.1171,0.1176,1713354.0,202025.1066
2026-04-08 12:00:00,0.1176,0.1182,0.117,0.1176,221951.0,26073.5006
2026-04-08 13:00:00,0.1176,0.1186,0.1173,0.1176,1149802.0,135366.9358
2026-04-08 14:00:00,0.1176,0.1181,0.1149,0.1152,2242872.0,260567.1575
2026-04-08 15:00:00,0.1152,0.1166,0.1152,0.1163,429220.0,49776.1686
2026-04-08 16:00:00,0.1163,0.1171,0.1157,0.117,509497.0,59384.9019
2026-04-08 17:00:00,0.117,0.118,0.1162,0.1163,519906.0,60747.8179
2026-04-08 18:00:00,0.1163,0.1168,0.1146,0.1152,1117526.0,128991.6996
2026-04-08 19:00:00,0.1152,0.1159,0.1145,0.1156,643414.0,74066.2171
2026-04-08 20:00:00,0.1156,0.1164,0.1151,0.1156,134863.0,15610.1708
2026-04-08 21:00:00,0.1156,0.1171,0.1151,0.1163,321255.0,37426.6378
2026-04-08 22:00:00,0.1163,0.1171,0.1152,0.1156,306390.0,35485.1047
2026-04-08 23:00:00,0.1156,0.1156,0.114,0.115,1112567.0,127656.4756
2026-04-09 00:00:00,0.115,0.1152,0.1132,0.1144,334761.0,38122.7308
2026-04-09 01:00:00,0.1144,0.1144,0.1125,0.1134,449794.0,50912.1264
2026-04-09 02:00:00,0.1134,0.1139,0.1134,0.1139,364094.0,41401.809
2026-04-09 03:00:00,0.1139,0.1139,0.113,0.113,135597.0,15391.6417
2026-04-09 04:00:00,0.113,0.1144,0.1129,0.1135,198240.0,22516.1874
2026-04-09 05:00:00,0.1135,0.1149,0.113,0.1133,332903.0,37914.5407
2026-04-09 06:00:00,0.1133,0.1143,0.1131,0.1136,133429.0,15193.9512
2026-04-09 07:00:00,0.1136,0.1146,0.1136,0.1136,276747.0,31518.41
2026-04-09 08:00:00,0.1136,0.1141,0.1131,0.1136,441170.0,50176.6252
2026-04-09 09:00:00,0.1136,0.1138,0.112,0.1133,1184777.0,133750.7093
2026-04-09 10:00:00,0.1133,0.1134,0.1125,0.1127,408284.0,46087.832
2026-04-09 11:00:00,0.1127,0.1129,0.1118,0.112,545620.0,61279.5865
2026-04-09 12:00:00,0.112,0.1131,0.1119,0.1127,368999.0,41524.0598
2026-04-09 13:00:00,0.1127,0.1129,0.111,0.1118,1100636.0,122655.5969
2026-04-09 14:00:00,0.1118,0.1126,0.1108,0.112,705993.0,78833.7498
2026-04-09 15:00:00,0.112,0.1145,0.1113,0.1138,1659606.0,187927.431
2026-04-09 16:00:00,0.1138,0.115,0.113,0.1136,2695363.0,307636.1598
2026-04-09 17:00:00,0.1136,0.1145,0.1125,0.1131,1205631.0,136901.497
2026-04-09 18:00:00,0.1131,0.1138,0.1121,0.1133,1345013.0,151750.3972
2026-04-09 19:00:00,0.1133,0.1146,0.113,0.1136,412350.0,46862.1601
2026-04-09 20:00:00,0.1136,0.1153,0.1136,0.1144,277909.0,31746.3199
2026-04-09 21:00:00,0.1144,0.1151,0.1138,0.1145,601732.0,68931.7401
2026-04-09 22:00:00,0.1145,0.117,0.1144,0.115,833695.0,96662.8807
2026-04-09 23:00:00,0.115,0.1153,0.1134,0.114,2754918.0,315700.7285
2026-04-10 00:00:00,0.114,0.1147,0.1131,0.1137,886998.0,101063.2967
2026-04-10 01:00:00,0.1137,0.1154,0.1133,0.1139,216647.0,24792.6607
2026-04-10 02:00:00,0.1139,0.1151,0.1139,0.1146,199848.0,22873.5949
2026-04-10 03:00:00,0.1146,0.1148,0.1137,0.1138,106567.0,12150.818
2026-04-10 04:00:00,0.1138,0.1163,0.1137,0.1154,363388.0,41852.825
2026-04-10 05:00:00,0.1154,0.1163,0.1149,0.1162,166895.0,19345.0417
2026-04-10 06:00:00,0.1162,0.1163,0.1143,0.1145,823880.0,94972.6579
2026-04-10 07:00:00,0.1145,0.1153,0.1139,0.1147,2859112.0,326643.7574
2026-04-10 08:00:00,0.1147,0.1152,0.1135,0.1143,1091432.0,124392.5395
2026-04-10 09:00:00,0.1143,0.1157,0.1137,0.1149,1949847.0,225194.6599
2026-04-10 10:00:00,0.1149,0.1152,0.114,0.1146,554566.0,63525.623
2026-04-10 11:00:00,0.1146,0.115,0.1138,0.1139,317122.0,36286.42
2026-04-10 12:00:00,0.1139,0.1154,0.1139,0.1145,582565.0,66809.6589
2026-04-10 13:00:00,0.1145,0.1151,0.1136,0.1143,536600.0,61425.7721
2026-04-10 14:00:00,0.1143,0.1156,0.1132,0.1156,1473969.0,168766.3353
2026-04-10 15:00:00,0.1156,0.1163,0.1141,0.1145,1908248.0,219919.2032
2026-04-10 16:00:00,0.1145,0.1158,0.1145,0.1152,877635.0,101073.8213
2026-04-10 17:00:00,0.1152,0.1155,0.1139,0.1144,759062.0,87093.906
2026-04-10 18:00:00,0.1144,0.1158,0.1143,0.1157,223196.0,25654.0852
2026-04-10 19:00:00,0.1157,0.1162,0.1151,0.1157,372485.0,43093.4673
2026-04-10 20:00:00,0.1157,0.1162,0.1148,0.1154,416177.0,47943.4937
2026-04-10 21:00:00,0.1154,0.1158,0.114,0.1152,1118558.0,128204.2034
2026-04-10 22:00:00,0.1152,0.1155,0.1147,0.115,77069.0,8871.2028
2026-04-10 23:00:00,0.115,0.1155,0.1145,0.1153,190644.0,21894.458
2026-04-11 00:00:00,0.1153,0.1153,0.112,0.1126,1336849.0,151793.2106
2026-04-11 01:00:00,0.1126,0.1133,0.1114,0.113,2201516.0,245975.4125
2026-04-11 02:00:00,0.113,0.1137,0.1125,0.1133,406426.0,46000.6965
2026-04-11 03:00:00,0.1133,0.1145,0.1132,0.1137,201083.0,22900.5229
2026-04-11 04:00:00,0.1137,0.1141,0.1131,0.1133,204497.0,23246.6614
2026-04-11 05:00:00,0.1133,0.1138,0.1121,0.1129,310459.0,35158.8154
2026-04-11 06:00:00,0.1129,0.1131,0.112,0.1124,1002488.0,112448.6418
2026-04-11 07:00:00,0.1124,0.1128,0.1119,0.1123,1398469.0,157138.5636
2026-04-11 08:00:00,0.1123,0.1127,0.112,0.1122,381681.0,42890.5361
2026-04-11 09:00:00,0.1122,0.1129,0.1116,0.1129,2456529.0,276097.6196
2026-04-11 10:00:00,0.1129,0.1129,0.112,0.1127,321500.0,36207.0924
2026-04-11 11:00:00,0.1127,0.1131,0.1122,0.1126,470287.0,52995.253
2026-04-11 12:00:00,0.1126,0.1126,0.1107,0.1112,1520618.0,169172.2644
2026-04-11 13:00:00,0.1112,0.1114,0.11,0.111,2922238.0,323941.8914
2026-04-11 14:00:00,0.111,0.1116,0.1105,0.1112,1036146.0,115171.075
2026-04-11 15:00:00,0.1112,0.112,0.1108,0.1118,1044569.0,116326.1994
2026-04-11 16:00:00,0.1118,0.1135,0.1118,0.113,864049.0,97256.3325
2026-04-11 17:00:00,0.113,0.1141,0.1125,0.1132,485531.0,54991.4331
2026-04-11 18:00:00,0.1132,0.1155,0.1129,0.1146,1054239.0,120570.8153
2026-04-11 19:00:00,0.1146,0.1164,0.1142,0.1163,2103968.0,242565.5549
2026-04-11 20:00:00,0.1163,0.1165,0.1149,0.1157,707381.0,81660.589
2026-04-11 21:00:00,0.1157,0.1164,0.1146,0.1158,756677.0,87195.0609
2026-04-11 22:00:00,0.1158,0.1165,0.1145,0.1152,761010.0,87698.2601
2026-04-11 23:00:00,0.1152,0.1153,0.1137,0.1142,552210.0,63056.5753
2026-04-12 00:00:00,0.1142,0.1148,0.1138,0.114,420491.0,48014.1708
2026-04-12 01:00:00,0.114,0.1149,0.1091,0.11,3399216.0,377193.8447
2026-04-12 02:00:00,0.11,0.1103,0.1089,0.1097,2766703.0,303944.1861
2026-04-12 03:00:00,0.1097,0.1103,0.1094,0.1095,482031.0,52904.0974
2026-04-12 04:00:00,0.1095,0.1095,0.1083,0.1089,3057838.0,332424.9418
2026-04-12 05:00:00,0.1089,0.1091,0.1083,0.1091,385137.0,41902.8487
2026-04-12 06:00:00,0.1091,0.1091,0.1082,0.1082,841090.0,91617.9367
2026-04-12 07:00:00,0.1082,0.1086,0.1076,0.1084,1304508.0,140696.5858
2026-04-12 08:00:00,0.1084,0.1088,0.1075,0.1079,506025.0,54731.807
2026-04-12 09:00:00,0.1079,0.1085,0.1073,0.1082,726339.0,78557.1541
2026-04-12 10:00:00,0.1082,0.1088,0.1077,0.1081,1977799.0,214405.7137
2026-04-12 11:00:00,0.1081,0.1091,0.1074,0.1087,528539.0,57227.9359
2026-04-12 12:00:00,0.1087,0.1094,0.1075,0.1082,2846404.0,307472.2335
2026-04-12 13:00:00,0.1082,0.1088,0.1072,0.1073,820308.0,88338.9178
2026-04-12 14:00:00,0.1073,0.1086,0.1072,0.108,1682464.0,181422.6205
2026-04-12 15:00:00,0.108,0.108,0.1067,0.1074,1209483.0,129611.609
2026-04-12 16:00:00,0.1074,0.108,0.1072,0.1079,506093.0,54444.8852
2026-04-12 17:00:00,0.1079,0.1098,0.1074,0.1092,866363.0,94194.1747
2026-04-12 18:00:00,0.1092,0.1097,0.1086,0.1089,633876.0,69242.0404
2026-04-12 19:00:00,0.1089,0.1095,0.1084,0.1088,1606912.0,174478.0662
2026-04-12 20:00:00,0.1088,0.1096,0.1081,0.1095,592488.0,64639.585
2026-04-12 21:00:00,0.1095,0.1095,0.108,0.1083,443456.0,48093.5332
2026-04-12 22:00:00,0.1083,0.1083,0.1065,0.1071,1759502.0,188816.4093
2026-04-12 23:00:00,0.1071,0.1075,0.1069,0.107,146192.0,15659.2106
2026-04-13 00:00:00,0.107,0.1084,0.1069,0.1076,359678.0,38690.2788
2026-04-13 01:00:00,0.1076,0.1079,0.1067,0.1072,343539.0,36858.9504
2026-04-13 02:00:00,0.1072,0.1077,0.1061,0.1064,295055.0,31470.8355
2026-04-13 03:00:00,0.1064,0.1068,0.1063,0.1065,91732.0,9770.9578
2026-04-13 04:00:00,0.1065,0.1069,0.1061,0.1062,564888.0,60130.3415
2026-04-13 05:00:00,0.1062,0.1062,0.1055,0.1061,1239587.0,131292.8741
2026-04-13 06:00:00,0.1061,0.108,0.106,0.107,675211.0,72095.432
2026-04-13 07:00:00,0.107,0.1071,0.1058,0.106,1870107.0,198750.2517
2026-04-13 08:00:00,0.106,0.1066,0.1054,0.106,1738712.0,184542.0792
2026-04-13 09:00:00,0.106,0.107,0.106,0.1065,15546215.0,1652675.1932
2026-04-13 10:00:00,0.1065,0.1072,0.1064,0.1065,936616.0,99883.2018
2026-04-13 11:00:00,0.1065,0.1072,0.1065,0.1069,678957.0,72595.4802
2026-04-13 12:00:00,0.1069,0.1084,0.1064,0.108,871467.0,93301.043
2026-04-13 13:00:00,0.108,0.1091,0.107,0.1087,3953023.0,428075.0518
2026-04-13 14:00:00,0.1087,0.1097,0.1082,0.1096,8999637.0,978209.5101
2026-04-13 15:00:00,0.1096,0.1097,0.108,0.1086,1215965.0,132466.1257
2026-04-13 16:00:00,0.1086,0.1096,0.1084,0.1094,1459269.0,159096.5549
2026-04-13 17:00:00,0.1094,0.1101,0.1083,0.1085,3187738.0,347224.7334
2026-04-13 18:00:00,0.1085,0.1095,0.1081,0.1094,786315.0,85408.3313
2026-04-13 19:00:00,0.1094,0.1124,0.1093,0.112,4086658.0,453056.9368
2026-04-13 20:00:00,0.112,0.1121,0.1106,0.1107,2836314.0,315596.1705
2026-04-13 21:00:00,0.1107,0.1122,0.1103,0.112,658437.0,73074.9952
2026-04-13 22:00:00,0.112,0.1165,0.112,0.1163,8054605.0,919268.1865
2026-04-13 23:00:00,0.1163,0.1165,0.1153,0.1162,1535522.0,177789.0785
2026-04-14 00:00:00,0.1162,0.1169,0.1153,0.1155,16098215.0,1863231.9638
2026-04-14 01:00:00,0.1155,0.1156,0.1142,0.1144,486171.0,55855.1834
2026-04-14 02:00:00,0.1144,0.1149,0.114,0.1144,375638.0,42971.9168
2026-04-14 03:00:00,0.1144,0.1153,0.114,0.1144,174047.0,19937.4923
2026-04-14 04:00:00,0.1144,0.1149,0.114,0.1145,428394.0,49068.2158
2026-04-14 05:00:00,0.1145,0.1149,0.1132,0.1135,657890.0,74863.3948
2026-04-14 06:00:00,0.1135,0.114,0.1134,0.1137,271239.0,30837.4355
2026-04-14 07:00:00,0.1137,0.1138,0.1128,0.1135,505962.0,57471.3908
2026-04-14 08:00:00,0.1135,0.114,0.1131,0.1136,801234.0,90913.2216
2026-04-14 09:00:00,0.1136,0.1139,0.113,0.1138,198902.0,22560.9712
2026-04-14 10:00:00,0.1138,0.114,0.113,0.1134,964794.0,109440.2979
2026-04-14 11:00:00,0.1134,0.1135,0.1126,0.1128,720985.0,81377.4144
2026-04-14 12:00:00,0.1128,0.1132,0.1126,0.1131,134342.0,15189.1755
2026-04-14 13:00:00,0.1131,0.1144,0.113,0.1143,1720130.0,195673.2754
2026-04-14 14:00:00,0.1143,0.1167,0.1137,0.1147,6601489.0,759086.0476
2026-04-14 15:00:00,0.1147,0.1152,0.1127,0.1133,8152897.0,927029.6466
2026-04-14 16:00:00,0.1133,0.1146,0.1129,0.1137,4854689.0,552972.9603
2026-04-14 17:00:00,0.1137,0.1143,0.1122,0.1129,1361416.0,153946.9657
2026-04-14 18:00:00,0.1129,0.1134,0.1101,0.1107,3791497.0,422860.658
2026-04-14 19:00:00,0.1107,0.1113,0.11,0.1111,6208074.0,687101.8563
2026-04-14 20:00:00,0.1111,0.1112,0.1102,0.1103,79186047.0,8755869.6863
2026-04-14 21:00:00,0.1103,0.1111,0.1102,0.1111,36888595.0,4085889.5881
2026-04-14 22:00:00,0.1111,0.1117,0.1105,0.1107,467138.0,51889.1101
2026-04-14 23:00:00,0.1107,0.1114,0.1104,0.1111,66285.0,7348.2674
2026-04-15 00:00:00,0.1111,0.1122,0.111,0.1115,4049264.0,452202.9126
2026-04-15 01:00:00,0.1115,0.1129,0.1113,0.1122,217624.0,24435.0776
2026-04-15 02:00:00,0.1122,0.1126,0.1116,0.1125,1237629.0,138403.6488
2026-04-15 03:00:00,0.1125,0.1126,0.112,0.1121,14846681.0,1665807.9744
2026-04-15 04:00:00,0.1121,0.1133,0.1121,0.1131,8304313.0,935553.0004
2026-04-15 05:00:00,0.1131,0.1134,0.1118,0.1118,173278.0,19483.5579
2026-04-15 06:00:00,0.1118,0.1125,0.1114,0.1118,176754.0,19788.072
2026-04-15 07:00:00,0.1118,0.1125,0.1115,0.1118,56479.0,6322.6825
2026-04-15 08:00:00,0.1118,0.1134,0.1115,0.1127,191484.0,21624.9109
2026-04-15 09:00:00,0.1127,0.1135,0.1125,0.1132,488520.0,55238.4782
2026-04-15 10:00:00,0.1132,0.1147,0.1128,0.1137,1159745.0,131723.6297
2026-04-15 11:00:00,0.1137,0.116,0.1136,0.1152,1438739.0,165393.6832
2026-04-15 12:00:00,0.1152,0.1164,0.1147,0.1158,1605283.0,185503.4939
2026-04-15 13:00:00,0.1158,0.1168,0.1151,0.1156,2912209.0,336942.6404
2026-04-15 14:00:00,0.1156,0.1174,0.1154,0.1173,2745466.0,318804.4799
2026-04-15 15:00:00,0.1173,0.1178,0.1155,0.1167,3782033.0,440735.3095
2026-04-15 16:00:00,0.1167,0.12,0.1166,0.1192,4405294.0,523349.8175
2026-04-15 17:00:00,0.1192,0.1207,0.119,0.12,7041477.0,845649.6012
2026-04-15 18:00:00,0.12,0.121,0.1192,0.1209,6778711.0,811239.6319
2026-04-15 19:00:00,0.1209,0.1223,0.1203,0.1213,6748833.0,820269.1823
2026-04-15 20:00:00,0.1213,0.1216,0.1203,0.1207,1236659.0,149363.0184
2026-04-15 21:00:00,0.1207,0.1213,0.1197,0.1212,1612464.0,194647.9933
2026-04-15 22:00:00,0.1212,0.1215,0.1196,0.1197,3090398.0,372134.8782
2026-04-15 23:00:00,0.1197,0.1201,0.1189,0.1198,791192.0,94619.6454
2026-04-16 00:00:00,0.1198,0.1201,0.1186,0.1197,3228525.0,386316.9351
2026-04-16 01:00:00,0.1197,0.1201,0.1189,0.12,402417.0,48012.0235
2026-04-16 02:00:00,0.12,0.1214,0.1198,0.1207,1018695.0,122963.7565
2026-04-16 03:00:00,0.1207,0.1216,0.1202,0.1211,2864753.0,347595.7286
2026-04-16 04:00:00,0.1211,0.1224,0.1206,0.1221,1983281.0,241954.0479
2026-04-16 05:00:00,0.1221,0.1231,0.1212,0.1225,25619135.0,3118449.1899
2026-04-16 06:00:00,0.1225,0.1229,0.1215,0.122,833114.0,101996.1555
2026-04-16 07:00:00,0.122,0.1235,0.1219,0.1227,36892048.0,4534478.3264
2026-04-16 08:00:00,0.1227,0.1231,0.1218,0.122,2728993.0,333933.2036
2026-04-16 09:00:00,0.122,0.1231,0.1212,0.1213,1221916.0,148823.2675
2026-04-16 10:00:00,0.1213,0.1224,0.1209,0.1216,2100843.0,254944.6127
2026-04-16 11:00:00,0.1216,0.1231,0.1213,0.1231,1130705.0,138357.459
2026-04-16 12:00:00,0.1231,0.1259,0.123,0.1258,11869365.0,1482833.1955
2026-04-16 13:00:00,0.1258,0.129,0.1251,0.1269,11129242.0,1423739.624
2026-04-16 14:00:00,0.1269,0.1269,0.1224,0.1255,8647062.0,1080485.4183
2026-04-16 15:00:00,0.1255,0.131,0.1249,0.1305,3607920.0,464729.5107
2026-04-16 16:00:00,0.1305,0.1315,0.125,0.1262,6479249.0,824969.1763
2026-04-16 17:00:00,0.1262,0.129,0.1257,0.1284,3306794.0,423424.0274
2026-04-16 18:00:00,0.1284,0.1304,0.1279,0.1304,10786800.0,1389669.886
2026-04-16 19:00:00,0.1304,0.1327,0.1302,0.1324,10828033.0,1422986.3296
2026-04-16 20:00:00,0.1324,0.1329,0.1309,0.1312,7273626.0,957621.0716
2026-04-16 21:00:00,0.1312,0.1317,0.1296,0.1315,9536509.0,1251562.6631
2026-04-16 22:00:00,0.1315,0.1325,0.1308,0.1315,7741171.0,1021241.0163
2026-04-16 23:00:00,0.1315,0.1327,0.1311,0.1323,1139089.0,150140.3445
2026-04-17 00:00:00,0.1323,0.1338,0.1313,0.1336,2106101.0,278648.461
2026-04-17 01:00:00,0.1336,0.1342,0.1311,0.1316,1882430.0,249105.4512
2026-04-17 02:00:00,0.1316,0.1321,0.1303,0.1315,1528878.0,200797.0592
2026-04-17 03:00:00,0.1315,0.1317,0.1306,0.1309,1058189.0,138875.4204
2026-04-17 04:00:00,0.1309,0.1315,0.13,0.1302,397465.0,52050.0608
2026-04-17 05:00:00,0.1302,0.1302,0.1283,0.1285,712470.0,91896.313
2026-04-17 06:00:00,0.1285,0.13,0.1283,0.1297,577749.0,74663.801
2026-04-17 07:00:00,0.1297,0.1309,0.1293,0.1308,1725175.0,224034.4602
2026-04-17 08:00:00,0.1308,0.1319,0.1303,0.1313,2390445.0,313853.0269
2026-04-17 09:00:00,0.1313,0.1318,0.1302,0.1314,1377130.0,180347.6719
2026-04-17 10:00:00,0.1314,0.1317,0.1292,0.1301,1641735.0,214336.7707
2026-04-17 11:00:00,0.1301,0.1323,0.13,0.1311,1033443.0,135844.3055
2026-04-17 12:00:00,0.1311,0.1327,0.1307,0.1322,4510664.0,594723.9696
2026-04-17 13:00:00,0.1322,0.1354,0.1315,0.1351,5475340.0,733287.2254
2026-04-17 14:00:00,0.1351,0.137,0.1342,0.1346,4262257.0,577991.284
2026-04-17 15:00:00,0.1346,0.1346,0.1323,0.1334,2146120.0,285837.1797
2026-04-17 16:00:00,0.1334,0.1346,0.1325,0.1339,1061979.0,141851.0404
2026-04-17 17:00:00,0.1339,0.1346,0.1328,0.133,1375366.0,183792.3525
2026-04-17 18:00:00,0.133,0.1338,0.1322,0.1332,7005507.0,933113.7311
2026-04-17 19:00:00,0.1332,0.1349,0.1328,0.1348,13536087.0,1804728.2825
2026-04-17 20:00:00,0.1348,0.1351,0.1337,0.1342,5509142.0,740779.4851
2026-04-17 21:00:00,0.1342,0.1352,0.1335,0.1339,1023601.0,137639.3974
2026-04-17 22:00:00,0.1339,0.1348,0.1335,0.1344,1031103.0,138495.7195
2026-04-17 23:00:00,0.1344,0.1349,0.1331,0.1343,2823943.0,379253.7947
2026-04-18 00:00:00,0.1343,0.1346,0.1325,0.1336,7503955.0,1000315.4814
2026-04-18 01:00:00,0.1336,0.1349,0.1315,0.1318,4145672.0,548693.6124
2026-04-18 02:00:00,0.1318,0.133,0.1312,0.1326,1176241.0,155123.1883
2026-04-18 03:00:00,0.1326,0.1327,0.1315,0.1318,173991.0,22960.6023
2026-04-18 04:00:00,0.1318,0.1324,0.1314,0.1314,357174.0,47112.0576
2026-04-18 05:00:00,0.1314,0.1331,0.1314,0.133,14382578.0,1903803.6729
2026-04-18 06:00:00,0.133,0.1344,0.1323,0.1335,524742.0,70015.1677
2026-04-18 07:00:00,0.1335,0.1343,0.1332,0.1338,340329.0,45593.1152
2026-04-18 08:00:00,0.1338,0.1343,0.1307,0.1315,2823768.0,372012.9727
2026-04-18 09:00:00,0.1315,0.132,0.1299,0.1307,1576978.0,206227.949
2026-04-18 10:00:00,0.1307,0.1308,0.1287,0.1292,1305844.0,169406.8834
2026-04-18 11:00:00,0.1292,0.1292,0.1277,0.1287,1467477.0,188250.1538
2026-04-18 12:00:00,0.1287,0.1291,0.1276,0.1291,2066651.0,265233.2968
2026-04-18 13:00:00,0.1291,0.1293,0.1271,0.1284,551438.0,70816.2899
2026-04-18 14:00:00,0.1284,0.1289,0.1275,0.1286,769471.0,98816.5874
2026-04-18 15:00:00,0.1286,0.1289,0.1279,0.1281,960715.0,123295.9203
2026-04-18 16:00:00,0.1281,0.129,0.1274,0.1277,1271511.0,162943.6409
2026-04-18 17:00:00,0.1277,0.1284,0.1269,0.128,574468.0,73372.27
2026-04-18 18:00:00,0.128,0.128,0.126,0.1263,480089.0,60858.9218
2026-04-18 19:00:00,0.1263,0.1271,0.1261,0.1264,247404.0,31317.4564
2026-04-18 20:00:00,0.1264,0.1267,0.1257,0.1263,530181.0,66805.4388
2026-04-18 21:00:00,0.1263,0.1268,0.1259,0.1266,136190402.0,17237278.6507
2026-04-18 22:00:00,0.1266,0.127,0.126,0.1266,211776183.0,26766287.6198
2026-04-18 23:00:00,0.1266,0.1269,0.1255,0.1256,51761294.0,6515252.3479
2026-04-19 00:00:00,0.1256,0.126,0.1239,0.1251,2884377.0,359804.0158
2026-04-19 01:00:00,0.1251,0.1258,0.1227,0.1243,2609016.0,323217.7267
2026-04-19 02:00:00,0.1243,0.1243,0.1225,0.123,503265.0,61920.4733
2026-04-19 03:00:00,0.123,0.1244,0.1225,0.1237,213768.0,26400.1684
2026-04-19 04:00:00,0.1237,0.1246,0.1229,0.1236,207171.0,25613.2957
2026-04-19 05:00:00,0.1236,0.1246,0.1232,0.1236,590450.0,73286.2789
2026-04-19 06:00:00,0.1236,0.1241,0.1227,0.1239,79859.0,9855.4649
2026-04-19 07:00:00,0.1239,0.124,0.1225,0.1232,978150.0,120548.2774
2026-04-19 08:00:00,0.1232,0.1237,0.1226,0.1232,872257.0,107484.813
2026-04-19 09:00:00,0.1232,0.124,0.1227,0.1233,446169.0,55049.9052
2026-04-19 10:00:00,0.1233,0.1235,0.1225,0.1233,231903.0,28544.1876
2026-04-19 11:00:00,0.1233,0.1251,0.123,0.1246,861227.0,107052.6903
2026-04-19 12:00:00,0.1246,0.1259,0.124,0.125,420927.0,52627.5289
2026-04-19 13:00:00,0.125,0.1271,0.1249,0.1253,1482812.0,187063.7462
2026-04-19 14:00:00,0.1253,0.1265,0.1249,0.1258,1320046.0,165713.3569
2026-04-19 15:00:00,0.1258,0.126,0.1234,0.1248,11045388.0,1386812.1952
2026-04-19 16:00:00,0.1248,0.125,0.124,0.1242,648135.0,80710.2254
2026-04-19 17:00:00,0.1242,0.1242,0.1218,0.1218,4071171.0,499727.4622
2026-04-19 18:00:00,0.1218,0.1224,0.1214,0.122,3682923.0,448410.533
2026-04-19 19:00:00,0.122,0.1239,0.122,0.123,835422.0,102848.3974
2026-04-19 20:00:00,0.123,0.1233,0.1223,0.1226,3269582.0,401076.9462
2026-04-19 21:00:00,0.1226,0.1234,0.1222,0.1223,3043279.0,373342.5608
2026-04-19 22:00:00,0.1223,0.1224,0.1201,0.1209,2757886.0,333812.6721
2026-04-19 23:00:00,0.1209,0.1209,0.1197,0.1204,1444596.0,173480.4154
2026-04-20 00:00:00,0.1204,0.1218,0.1202,0.1215,1251338.0,151228.1936
2026-04-20 01:00:00,0.1215,0.1223,0.1212,0.1219,194161.0,23633.1688
2026-04-20 02:00:00,0.1219,0.1221,0.1212,0.1217,425835.0,51839.9752
2026-04-20 03:00:00,0.1217,0.1226,0.1213,0.1223,197166.0,24031.4596
2026-04-20 04:00:00,0.1223,0.1226,0.1215,0.1221,1174211.0,143366.2552
2026-04-20 05:00:00,0.1221,0.1222,0.1203,0.1209,657758.0,79533.4023
2026-04-20 06:00:00,0.1209,0.1224,0.1205,0.1217,1038742.0,126381.7575
2026-04-20 07:00:00,0.1217,0.1244,0.1216,0.1227,3070285.0,377547.6567
2026-04-20 08:00:00,0.1227,0.1231,0.1216,0.1216,1035929.0,126894.464
2026-04-20 09:00:00,0.1216,0.1233,0.1213,0.1226,3168182.0,389634.9665
2026-04-20 10:00:00,0.1226,0.1238,0.1224,0.1227,3266259.0,402002.2593
2026-04-20 11:00:00,0.1227,0.1233,0.1224,0.1227,355496.0,43608.4349
2026-04-20 12:00:00,0.1227,0.1236,0.1221,0.1235,4616027.0,568246.8042
2026-04-20 13:00:00,0.1235,0.1239,0.1226,0.1237,1561307.0,192795.2873
2026-04-20 14:00:00,0.1237,0.1245,0.122,0.1225,1896567.0,234408.7931
2026-04-20 15:00:00,0.1225,0.1239,0.1217,0.1231,2303883.0,283209.7886
2026-04-20 16:00:00,0.1231,0.1239,0.1227,0.123,1019831.0,125738.5575
2026-04-20 17:00:00,0.123,0.1245,0.1229,0.1244,1406540.0,174275.3877
2026-04-20 18:00:00,0.1244,0.1257,0.1244,0.1253,5714606.0,715559.6241
2026-04-20 19:00:00,0.1253,0.1253,0.1243,0.1247,453889.0,56642.0259
2026-04-20 20:00:00,0.1247,0.1256,0.1242,0.1256,723186.0,90226.2872
2026-04-20 21:00:00,0.1256,0.126,0.1247,0.1254,650002.0,81373.8125
2026-04-20 22:00:00,0.1254,0.1256,0.1244,0.1244,5055021.0,632980.895
2026-04-20 23:00:00,0.1244,0.1244,0.1235,0.1238,333449.0,41287.7038
2026-04-21 00:00:00,0.1238,0.1243,0.1236,0.124,20107920.0,2489132.6446
2026-04-21 01:00:00,0.124,0.1243,0.1234,0.1235,677565.0,84017.2104
2026-04-21 02:00:00,0.1235,0.1235,0.1228,0.1228,82272.0,10133.9316
2026-04-21 03:00:00,0.1228,0.1232,0.1222,0.1229,192777.0,23673.4353
2026-04-21 04:00:00,0.1229,0.1233,0.1224,0.1232,171763.0,21094.2954
2026-04-21 05:00:00,0.1232,0.1243,0.1232,0.1237,725851.0,89857.2152
2026-04-21 06:00:00,0.1237,0.1241,0.1229,0.1235,429143.0,53074.8504
2026-04-21 07:00:00,0.1235,0.1239,0.123,0.1232,472820.0,58294.3683
2026-04-21 08:00:00,0.1232,0.1241,0.123,0.123,17961479.0,2217157.3363
2026-04-21 09:00:00,0.123,0.1239,0.1227,0.1235,1162459.0,143416.2343
2026-04-21 10:00:00,0.1235,0.1246,0.1234,0.1243,957667.0,118671.5885
2026-04-21 11:00:00,0.1243,0.1258,0.1232,0.1239,1358658.0,169742.1534
2026-04-21 12:00:00,0.1239,0.1242,0.1221,0.1227,1393571.0,171877.552
2026-04-21 13:00:00,0.1227,0.123,0.1215,0.1228,1527498.0,186689.8554
2026-04-21 14:00:00,0.1228,0.1239,0.1222,0.1228,2613510.0,321517.0402
2026-04-21 15:00:00,0.1228,0.1242,0.1227,0.1238,1632717.0,201756.4614
2026-04-21 16:00:00,0.1238,0.1244,0.1225,0.1226,925934.0,114476.0771
2026-04-21 17:00:00,0.1226,0.1229,0.1207,0.1216,1806678.0,219715.6839
2026-04-21 18:00:00,0.1216,0.1218,0.1209,0.1216,766485.0,92879.1242
2026-04-21 19:00:00,0.1216,0.1226,0.1199,0.1205,2913065.0,351895.3223
2026-04-21 20:00:00,0.1205,0.1227,0.1202,0.1219,2238533.0,272904.3395
2026-04-21 21:00:00,0.1219,0.1221,0.1212,0.1219,47213701.0,5728695.0107
2026-04-21 22:00:00,0.1219,0.122,0.1209,0.1217,231313.0,28112.5302
2026-04-21 23:00:00,0.1217,0.1235,0.1217,0.1231,1018522.0,125059.4902
2026-04-22 00:00:00,0.1231,0.1235,0.1227,0.1229,1326397.0,163231.8056
2026-04-22 01:00:00,0.1229,0.1232,0.1221,0.1224,491009.0,60168.4561
2026-04-22 02:00:00,0.1224,0.1255,0.1222,0.1254,1961208.0,244508.351
2026-04-22 03:00:00,0.1254,0.1258,0.1247,0.1255,1887425.0,236715.6584
2026-04-22 04:00:00,0.1255,0.1269,0.1254,0.1267,1034919.0,130314.9014
2026-04-22 05:00:00,0.1267,0.1288,0.1264,0.1275,3107163.0,397062.6242
2026-04-22 06:00:00,0.1275,0.1278,0.127,0.1277,1317118.0,167656.4981
2026-04-22 07:00:00,0.1277,0.1278,0.1265,0.1267,1471865.0,186862.0009
2026-04-22 08:00:00,0.1267,0.1276,0.1267,0.1273,351719.0,44695.1447
2026-04-22 09:00:00,0.1273,0.128,0.1263,0.1267,741536.0,94090.6195
2026-04-22 10:00:00,0.1267,0.1274,0.1261,0.1274,7155999.0,904963.0841
2026-04-22 11:00:00,0.1274,0.1278,0.1265,0.1273,966697.0,122891.7479
2026-04-22 12:00:00,0.1273,0.1274,0.1259,0.1262,761844.0,96257.2575
2026-04-22 13:00:00,0.1262,0.1266,0.1256,0.1258,1209584.0,152552.4595
2026-04-22 14:00:00,0.1258,0.1269,0.1257,0.1266,1242681.0,156837.7421
2026-04-22 15:00:00,0.1266,0.127,0.126,0.1261,962762.0,121925.7161
2026-04-22 16:00:00,0.1261,0.1268,0.1257,0.1264,35164508.0,4438837.1893
2026-04-22 17:00:00,0.1264,0.1274,0.126,0.1272,1982143.0,250812.4019
2026-04-22 18:00:00,0.1272,0.1281,0.1269,0.1269,2071408.0,264187.2471
2026-04-22 19:00:00,0.1269,0.1271,0.1245,0.1257,40387509.0,5079332.2837
2026-04-22 20:00:00,0.1257,0.1257,0.1246,0.1248,1376071.0,172062.8854
2026-04-22 21:00:00,0.1248,0.1254,0.1244,0.1249,770044.0,96005.5189
2026-04-22 22:00:00,0.1249,0.1249,0.1226,0.1228,1751161.0,216030.3893
2026-04-22 23:00:00,0.1228,0.1229,0.1209,0.121,1967543.0,239298.185
2026-04-23 00:00:00,0.121,0.1213,0.1188,0.1206,9078173.0,1094595.7797
2026-04-23 01:00:00,0.1206,0.1209,0.1197,0.1204,855074.0,102772.538
2026-04-23 02:00:00,0.1204,0.1204,0.1179,0.1184,1477432.0,175672.0514
2026-04-23 03:00:00,0.1184,0.119,0.1176,0.1181,612636.0,72391.3172
2026-04-23 04:00:00,0.1181,0.1188,0.1177,0.1184,39031887.0,4628863.765
2026-04-23 05:00:00,0.1184,0.1189,0.1178,0.1186,87208094.0,10340615.0954
2026-04-23 06:00:00,0.1186,0.1195,0.1186,0.1191,1432078.0,170894.4567
2026-04-23 07:00:00,0.1191,0.1194,0.1185,0.1187,601784.0,71538.6387
2026-04-23 08:00:00,0.1187,0.1193,0.1183,0.1191,1130310.0,134241.6668
2026-04-23 09:00:00,0.1191,0.1191,0.1182,0.1189,1047871.0,124278.44
2026-04-23 10:00:00,0.1189,0.1192,0.118,0.1183,1200314.0,142130.0738
2026-04-23 11:00:00,0.1183,0.1195,0.1181,0.1189,519817.0,61687.1113
2026-04-23 12:00:00,0.1189,0.1198,0.1189,0.1193,1197660.0,142968.0388
2026-04-23 13:00:00,0.1193,0.1207,0.1193,0.1204,1144781.0,137510.2481
2026-04-23 14:00:00,0.1204,0.1216,0.1198,0.1213,1782785.0,215255.9044
2026-04-23 15:00:00,0.1213,0.1227,0.1207,0.1224,2732317.0,332236.8041
2026-04-23 16:00:00,0.1224,0.1226,0.1207,0.1208,1147159.0,139772.6997
2026-04-23 17:00:00,0.1208,0.121,0.1174,0.1186,2908004.0,345749.7088
2026-04-23 18:00:00,0.1186,0.1194,0.1184,0.1186,1527065.0,181479.0962
2026-04-23 19:00:00,0.1186,0.1197,0.1183,0.1189,2026160.0,241174.3968
2026-04-23 20:00:00,0.1189,0.1205,0.1188,0.12,642252.0,76816.6353
2026-04-23 21:00:00,0.12,0.122,0.1197,0.1213,677500.0,81996.4108
2026-04-23 22:00:00,0.1213,0.1218,0.121,0.1211,595608.0,72304.6093
2026-04-23 23:00:00,0.1211,0.1219,0.1208,0.1214,229442.0,27832.1223
2026-04-24 00:00:00,0.1214,0.1227,0.1214,0.1223,2569720.0,312786.4575
2026-04-24 01:00:00,0.1223,0.1224,0.121,0.1218,3114750.0,378392.0682
2026-04-24 02:00:00,0.1218,0.122,0.1207,0.121,1222360.0,147958.076
2026-04-24 03:00:00,0.121,0.1212,0.1198,0.1205,926231.0,111344.5807
2026-04-24 04:00:00,0.1205,0.1206,0.1199,0.1201,253443.0,30460.1228
2026-04-24 05:00:00,0.1201,0.1215,0.1198,0.121,1020907.0,122884.8232
2026-04-24 06:00:00,0.121,0.1214,0.1206,0.1209,1060829.0,128241.0988
2026-04-24 07:00:00,0.1209,0.1216,0.1206,0.1212,320253.0,38767.777
2026-04-24 08:00:00,0.1212,0.1221,0.1208,0.1214,860934.0,104765.1134
2026-04-24 09:00:00,0.1214,0.1216,0.1206,0.121,1924531.0,232905.5408
2026-04-24 10:00:00,0.121,0.1228,0.1207,0.1222,1634951.0,200206.2965
2026-04-24 11:00:00,0.1222,0.1233,0.1221,0.1229,9722464.0,1194273.33
2026-04-24 12:00:00,0.1229,0.1234,0.1225,0.1226,1224840.0,150944.5331
2026-04-24 13:00:00,0.1226,0.123,0.1216,0.1221,1375658.0,168294.8321
2026-04-24 14:00:00,0.1221,0.1225,0.1215,0.122,4040290.0,493263.5066
2026-04-24 15:00:00,0.122,0.1241,0.121,0.124,5500320.0,674660.6471
2026-04-24 16:00:00,0.124,0.124,0.1227,0.1231,1220332.0,150627.0867
2026-04-24 17:00:00,0.1231,0.1237,0.1228,0.1231,373370.0,46040.5986
2026-04-24 18:00:00,0.1231,0.1241,0.1226,0.1235,467954.0,57662.9549
2026-04-24 19:00:00,0.1235,0.1254,0.1233,0.1251,1206058.0,149768.5678
2026-04-24 20:00:00,0.1251,0.1263,0.1239,0.1258,4269222.0,536778.5109
2026-04-24 21:00:00,0.1258,0.1266,0.125,0.126,736003.0,92690.6215
2026-04-24 22:00:00,0.126,0.1261,0.1244,0.1247,830743.0,103799.2729
2026-04-24 23:00:00,0.1247,0.1258,0.1242,0.125,413055.0,51642.7691
2026-04-25 00:00:00,0.125,0.126,0.1243,0.1258,413577.0,51741.453
2026-04-25 01:00:00,0.1258,0.1273,0.1256,0.1268,3278979.0,413806.506
2026-04-25 02:00:00,0.1268,0.1276,0.126,0.1271,485153.0,61529.2721
2026-04-25 03:00:00,0.1271,0.1289,0.1271,0.128,2899193.0,371180.5221
2026-04-25 04:00:00,0.128,0.1292,0.1278,0.1291,1568616.0,201527.6035
2026-04-25 05:00:00,0.1291,0.1299,0.1273,0.1293,4807506.0,618622.2388
2026-04-25 06:00:00,0.1293,0.1303,0.1286,0.1288,2323848.0,301347.4175
2026-04-25 07:00:00,0.1288,0.1292,0.128,0.1285,15698336.0,2017106.583
2026-04-25 08:00:00,0.1285,0.1326,0.1282,0.1324,8350012.0,1091057.5944
2026-04-25 09:00:00,0.1324,0.1333,0.13,0.1322,14526697.0,1919516.0602
2026-04-25 10:00:00,0.1322,0.133,0.1305,0.1307,3484057.0,459230.9638
2026-04-25 11:00:00,0.1307,0.1309,0.1279,0.1284,5364976.0,693767.4928
2026-04-25 12:00:00,0.1284,0.1284,0.1272,0.1278,2510432.0,320722.6699
2026-04-25 13:00:00,0.1278,0.1283,0.1267,0.1268,2394619.0,305131.0345
2026-04-25 14:00:00,0.1268,0.127,0.1256,0.1262,10924842.0,1379006.5358
2026-04-25 15:00:00,0.1262,0.1266,0.1251,0.1255,3070061.0,386767.8506
2026-04-25 16:00:00,0.1255,0.126,0.124,0.1244,2939714.0,367498.825
2026-04-25 17:00:00,0.1244,0.1247,0.1238,0.124,1400682.0,173945.2223
2026-04-25 18:00:00,0.124,0.1251,0.1239,0.1245,56664010.0,7071786.2293
2026-04-25 19:00:00,0.1245,0.1245,0.1238,0.1241,112979975.0,14024771.9579
2026-04-25 20:00:00,0.1241,0.1244,0.1235,0.1243,617197.0,76473.3069
2026-04-25 21:00:00,0.1243,0.1248,0.1242,0.1247,65863644.0,8208598.087
2026-04-25 22:00:00,0.1247,0.1258,0.1247,0.1248,4862539.0,609987.3462
2026-04-25 23:00:00,0.1248,0.1253,0.1246,0.1249,595803.0,74390.5141
2026-04-26 00:00:00,0.1249,0.125,0.124,0.1243,659695.0,82148.2567
2026-04-26 01:00:00,0.1243,0.1244,0.1236,0.1238,1016810.0,126006.8061
2026-04-26 02:00:00,0.1238,0.1246,0.1237,0.1241,2419348.0,300284.6313
2026-04-26 03:00:00,0.1241,0.1242,0.1231,0.1238,5069631.0,627413.2494
2026-04-26 04:00:00,0.1238,0.1251,0.1235,0.1245,883779.0,109662.9276
2026-04-26 05:00:00,0.1245,0.1261,0.1243,0.1255,948174.0,118971.0923
2026-04-26 06:00:00,0.1255,0.1267,0.1254,0.1261,1176190.0,148194.7387
2026-04-26 07:00:00,0.1261,0.1266,0.1258,0.1262,262249.0,33049.2026
2026-04-26 08:00:00,0.1262,0.1263,0.1252,0.1258,666667.0,83812.5009
2026-04-26 09:00:00,0.1258,0.1262,0.1256,0.1258,360468.0,45371.7239
2026-04-26 10:00:00,0.1258,0.1268,0.1256,0.1267,1247794.0,157302.6583
2026-04-26 11:00:00,0.1267,0.1273,0.1261,0.1266,1197226.0,151613.9749
2026-04-26 12:00:00,0.1266,0.1268,0.1252,0.1256,863259.0,108685.1776
2026-04-26 13:00:00,0.1256,0.1258,0.1248,0.125,1041583.0,130610.2341
2026-04-26 14:00:00,0.125,0.1267,0.1248,0.1261,1704379.0,214793.158
2026-04-26 15:00:00,0.1261,0.1267,0.1256,0.1265,457936.0,57750.201
2026-04-26 16:00:00,0.1265,0.1267,0.1258,0.1261,377264.0,47640.8708
2026-04-26 17:00:00,0.1261,0.1268,0.1255,0.1265,782993.0,98680.2827
2026-04-26 18:00:00,0.1265,0.1267,0.126,0.1266,652798.0,82630.3316
2026-04-26 19:00:00,0.1266,0.1274,0.1265,0.1266,2522579.0,319753.474
2026-04-26 20:00:00,0.1266,0.127,0.1263,0.1265,785119.0,99358.2759
2026-04-26 21:00:00,0.1265,0.1267,0.1248,0.1262,861364.0,108566.3208
2026-04-26 22:00:00,0.1262,0.1266,0.1253,0.1257,519350.0,65552.585
2026-04-26 23:00:00,0.1257,0.1263,0.1253,0.1257,265538.0,33360.0299
2026-04-27 00:00:00,0.1257,0.1265,0.1252,0.1264,206165.0,26019.9198
2026-04-27 01:00:00,0.1264,0.1275,0.1262,0.1275,708945.0,89915.2749
2026-04-27 02:00:00,0.1275,0.128,0.1264,0.1279,604780.0,76934.141
2026-04-27 03:00:00,0.1279,0.129,0.1278,0.1283,743023.0,95435.3156
2026-04-27 04:00:00,0.1283,0.1284,0.1272,0.1275,650639.0,82988.9739
2026-04-27 05:00:00,0.1275,0.1277,0.1236,0.1242,3955997.0,497066.4698
2026-04-27 06:00:00,0.1242,0.1243,0.122,0.1229,1773663.0,218110.094
2026-04-27 07:00:00,0.1229,0.1229,0.1218,0.1221,1743943.0,213363.8448
2026-04-27 08:00:00,0.1221,0.1224,0.1216,0.1223,13499713.0,1644966.2437
2026-04-27 09:00:00,0.1223,0.1229,0.1221,0.1224,1344707.0,164617.8007
2026-04-27 10:00:00,0.1224,0.1226,0.1218,0.1218,2185018.0,267028.4882
2026-04-27 11:00:00,0.1218,0.1221,0.1213,0.1221,1382346.0,167982.0594
2026-04-27 12:00:00,0.1221,0.1222,0.1215,0.1218,277634.0,33798.8758
2026-04-27 13:00:00,0.1218,0.122,0.1208,0.1213,1327014.0,160832.0801
2026-04-27 14:00:00,0.1213,0.1231,0.1213,0.1223,1516121.0,185846.109
2026-04-27 15:00:00,0.1223,0.1225,0.1189,0.1198,3999621.0,481322.0102
2026-04-27 16:00:00,0.1198,0.1203,0.1192,0.1201,794560.0,95188.6139
2026-04-27 17:00:00,0.1201,0.1213,0.1201,0.1206,2220000.0,268261.8382
2026-04-27 18:00:00,0.1206,0.1211,0.1204,0.1207,750487.0,90684.5025
2026-04-27 19:00:00,0.1207,0.1208,0.1198,0.1205,668221.0,80359.8422
2026-04-27 20:00:00,0.1205,0.1213,0.1205,0.1209,349225.0,42262.1682
2026-04-27 21:00:00,0.1209,0.1216,0.1207,0.1213,930987.0,112850.6363
2026-04-27 22:00:00,0.1213,0.122,0.1211,0.1219,6352981.0,773562.9794
2026-04-27 23:00:00,0.1219,0.1225,0.1217,0.1223,4088839.0,498635.4285
2026-04-28 00:00:00,0.1223,0.1227,0.1219,0.1223,612104.0,74921.1537
2026-04-28 01:00:00,0.1223,0.1225,0.1217,0.1218,430754.0,52591.9516
2026-04-28 02:00:00,0.1218,0.1226,0.1214,0.1218,2476397.0,300897.8913
2026-04-28 03:00:00,0.1218,0.122,0.1213,0.122,404210.0,49124.9856
2026-04-28 04:00:00,0.122,0.1228,0.1219,0.1227,335398.0,41063.668
2026-04-28 05:00:00,0.1227,0.1235,0.1222,0.1224,4505438.0,554428.4899
2026-04-28 06:00:00,0.1224,0.1232,0.1216,0.1222,3112160.0,380899.6674
2026-04-28 07:00:00,0.1222,0.1222,0.1212,0.1218,860928.0,104704.2914
2026-04-28 08:00:00,0.1218,0.1224,0.1216,0.1218,260431.0,31733.8038
2026-04-28 09:00:00,0.1218,0.122,0.1208,0.1211,30085138.0,3642470.1881
2026-04-28 10:00:00,0.1211,0.1218,0.1208,0.1212,1014579.0,123148.9614
2026-04-28 11:00:00,0.1212,0.1215,0.1202,0.1206,1450575.0,175194.2309
2026-04-28 12:00:00,0.1206,0.1211,0.1202,0.121,1258126.0,151905.1991
2026-04-28 13:00:00,0.121,0.1219,0.1202,0.1215,1753954.0,212349.1184
2026-04-28 14:00:00,0.1215,0.1215,0.1201,0.1209,6610478.0,796856.452
2026-04-28 15:00:00,0.1209,0.1215,0.1209,0.1215,639600.0,77533.1985
2026-04-28 16:00:00,0.1215,0.122,0.1206,0.1209,2972278.0,360541.6262
2026-04-28 17:00:00,0.1209,0.1212,0.1204,0.121,1198650.0,144797.0298
2026-04-28 18:00:00,0.121,0.1215,0.1207,0.1215,454495.0,55020.3428
2026-04-28 19:00:00,0.1215,0.1219,0.1211,0.1219,758651.0,92226.4777
2026-04-28 20:00:00,0.1219,0.1219,0.1211,0.1214,719489.0,87358.9944
2026-04-28 21:00:00,0.1214,0.1218,0.1209,0.1213,916098.0,110944.7325
2026-04-28 22:00:00,0.1213,0.1217,0.1211,0.1213,628371.0,76331.1167
2026-04-28 23:00:00,0.1213,0.1214,0.1208,0.121,1460683.0,176908.25
2026-04-29 00:00:00,0.121,0.1214,0.1209,0.1212,861817.0,104509.3303
2026-04-29 01:00:00,0.1212,0.1212,0.1203,0.1206,723428.0,87278.0781
2026-04-29 02:00:00,0.1206,0.1212,0.1201,0.1208,1345217.0,162461.4404
2026-04-29 03:00:00,0.1208,0.1227,0.1207,0.1225,1419954.0,172741.1335
2026-04-29 04:00:00,0.1225,0.1237,0.1223,0.1236,4022776.0,494294.8116
2026-04-29 05:00:00,0.1236,0.124,0.1233,0.1239,1200222.0,148270.6409
2026-04-29 06:00:00,0.1239,0.1244,0.1232,0.1236,1829199.0,226301.3342
2026-04-29 07:00:00,0.1236,0.1239,0.1229,0.1236,702132.0,86611.0725
2026-04-29 08:00:00,0.1236,0.1236,0.1229,0.1232,322657.0,39741.927
2026-04-29 09:00:00,0.1232,0.125,0.1227,0.1248,1809528.0,224340.8127
2026-04-29 10:00:00,0.1248,0.1259,0.1245,0.1247,3870397.0,485649.6698
2026-04-29 11:00:00,0.1247,0.1249,0.1236,0.1238,1552780.0,192558.7479
2026-04-29 12:00:00,0.1238,0.1238,0.1215,0.1222,2975869.0,364277.3284
2026-04-29 13:00:00,0.1222,0.1225,0.1206,0.1213,1378692.0,167481.0046
2026-04-29 14:00:00,0.1213,0.1218,0.1206,0.1207,2062925.0,249397.122
2026-04-29 15:00:00,0.1207,0.121,0.118,0.1183,7159228.0,854019.5511
2026-04-29 16:00:00,0.1183,0.119,0.1181,0.1186,2818833.0,333679.5566
2026-04-29 17:00:00,0.1186,0.1199,0.1186,0.1199,3160885.0,376628.5162
2026-04-29 18:00:00,0.1199,0.1199,0.1153,0.1175,4572386.0,534504.7152
2026-04-29 19:00:00,0.1175,0.118,0.1172,0.1175,760560.0,89408.1713
2026-04-29 20:00:00,0.1175,0.1192,0.1175,0.119,449593.0,53363.188
2026-04-29 21:00:00,0.119,0.12,0.1187,0.1197,591810.0,70790.3865
2026-04-29 22:00:00,0.1197,0.12,0.1194,0.1196,221825.0,26555.9149
2026-04-29 23:00:00,0.1196,0.1199,0.1191,0.1197,8512789.0,1019164.7714
2026-04-30 00:00:00,0.1197,0.1214,0.1196,0.1212,622960.0,74927.9583
2026-04-30 01:00:00,0.1212,0.1216,0.1207,0.1215,744418.0,90320.5954
2026-04-30 02:00:00,0.1215,0.1218,0.1191,0.1197,1971009.0,238933.4374
2026-04-30 03:00:00,0.1197,0.1205,0.1194,0.1205,513405.0,61544.7293
2026-04-30 04:00:00,0.1205,0.1205,0.1189,0.119,1280003.0,152943.6409
2026-04-30 05:00:00,0.119,0.1199,0.1187,0.1193,1586416.0,189452.8214
2026-04-30 06:00:00,0.1193,0.1202,0.1191,0.1201,1653739.0,198154.4348
2026-04-30 07:00:00,0.1201,0.1207,0.1196,0.1205,1690324.0,202907.1069
2026-04-30 08:00:00,0.1205,0.121,0.1203,0.1204,855036.0,103187.3321
2026-04-30 09:00:00,0.1204,0.1219,0.1203,0.1214,1625290.0,197416.771
2026-04-30 10:00:00,0.1214,0.1218,0.1209,0.1215,440877.0,53501.3179
2026-04-30 11:00:00,0.1215,0.1221,0.1212,0.1217,31824612.0,3869230.6713
2026-04-30 12:00:00,0.1217,0.1224,0.1214,0.1215,1625773.0,198381.2954
2026-04-30 13:00:00,0.1215,0.1221,0.1208,0.1209,1871205.0,227093.9645
2026-04-30 14:00:00,0.1209,0.1214,0.12,0.1201,816474.0,98428.3098
2026-04-30 15:00:00,0.1201,0.1214,0.1199,0.1211,574555.0,69377.9237
2026-04-30 16:00:00,0.1211,0.1215,0.1203,0.1203,367670.0,44421.2354
2026-04-30 17:00:00,0.1203,0.1207,0.1201,0.1205,607107.0,73048.2751
2026-04-30 18:00:00,0.1205,0.121,0.1201,0.1206,709505.0,85613.4931
2026-04-30 19:00:00,0.1206,0.1214,0.1205,0.121,887239.0,107426.0881
2026-04-30 20:00:00,0.121,0.1211,0.1205,0.1207,348861.0,42100.5211
2026-04-30 21:00:00,0.1207,0.1207,0.12,0.1201,344155.0,41438.484
2026-04-30 22:00:00,0.1201,0.1201,0.1194,0.1196,604106.0,72309.779
2026-04-30 23:00:00,0.1196,0.1204,0.1195,0.1203,341404.0,41052.1897
2026-05-01 00:00:00,0.1203,0.121,0.1202,0.1204,178204.0,21500.7073
2026-05-01 01:00:00,0.1204,0.1217,0.1204,0.1216,669546.0,80980.5396
2026-05-01 02:00:00,0.1216,0.1217,0.1207,0.121,205497.0,24922.9802
2026-05-01 03:00:00,0.121,0.1229,0.1208,0.122,2039609.0,249457.2592
2026-05-01 04:00:00,0.122,0.1229,0.1218,0.1223,176151.0,21547.7152
2026-05-01 05:00:00,0.1223,0.1226,0.1219,0.1221,297060.0,36279.398
2026-05-01 06:00:00,0.1221,0.1222,0.1206,0.1208,866928.0,105396.9346
2026-05-01 07:00:00,0.1208,0.1213,0.1205,0.1212,521704.0,63044.4545
2026-05-01 08:00:00,0.1212,0.1215,0.1209,0.1213,13240890.0,1604213.554
2026-05-01 09:00:00,0.1213,0.1214,0.1205,0.1208,439599.0,53124.063
2026-05-01 10:00:00,0.1208,0.1209,0.1198,0.1206,1592083.0,191308.8795
2026-05-01 11:00:00,0.1206,0.121,0.1202,0.1206,348587.0,42088.8075
2026-05-01 12:00:00,0.1206,0.1215,0.1205,0.1213,1316712.0,159277.2435
2026-05-01 13:00:00,0.1213,0.1229,0.1211,0.1225,1799358.0,219544.1558
2026-05-01 14:00:00,0.1225,0.1228,0.1214,0.1223,1607147.0,196268.9202
2026-05-01 15:00:00,0.1223,0.1229,0.1214,0.1224,2201502.0,268663.8672
2026-05-01 16:00:00,0.1224,0.1226,0.1215,0.1221,23859127.0,2914974.8565
2026-05-01 17:00:00,0.1221,0.1226,0.1216,0.1223,35968552.0,4388748.6107
2026-05-01 18:00:00,0.1223,0.1231,0.1221,0.1225,40175510.0,4917230.2087
2026-05-01 19:00:00,0.1225,0.1232,0.1222,0.1223,1167463.0,143095.362
2026-05-01 20:00:00,0.1223,0.1226,0.1211,0.1213,1886095.0,230420.1266
2026-05-01 21:00:00,0.1213,0.1219,0.1211,0.1217,900550.0,109270.0221
2026-05-01 22:00:00,0.1217,0.1223,0.1213,0.1213,275747.0,33569.9349
2026-05-01 23:00:00,0.1213,0.1214,0.1203,0.1209,768357.0,92701.5623
2026-05-02 00:00:00,0.1209,0.1213,0.1204,0.1211,148741.0,17982.984
2026-05-02 01:00:00,0.1211,0.1215,0.1209,0.1211,336142.0,40807.8419
2026-05-02 02:00:00,0.1211,0.1213,0.1203,0.1204,77066.0,9309.571
2026-05-02 03:00:00,0.1204,0.1208,0.1199,0.1205,829411.0,99580.6624
2026-05-02 04:00:00,0.1205,0.1206,0.1203,0.1204,566331.0,68197.2774
2026-05-02 05:00:00,0.1204,0.1204,0.1192,0.12,2310614.0,276773.877
2026-05-02 06:00:00,0.12,0.1204,0.1196,0.1202,14242425.0,1709003.0111
2026-05-02 07:00:00,0.1202,0.1204,0.1199,0.1201,560188.0,67289.9946
2026-05-02 08:00:00,0.1201,0.1204,0.1197,0.1202,1388335.0,166778.1161
2026-05-02 09:00:00,0.1202,0.1213,0.1202,0.121,2311445.0,279658.0122
2026-05-02 10:00:00,0.121,0.1215,0.1208,0.1211,10084213.0,1221234.2365
2026-05-02 11:00:00,0.1211,0.1211,0.1202,0.1204,665185.0,80154.0773
2026-05-02 12:00:00,0.1204,0.1213,0.1204,0.1207,823893.0,99484.8228
2026-05-02 13:00:00,0.1207,0.1216,0.1206,0.1216,660256.0,79919.2953
2026-05-02 14:00:00,0.1216,0.1225,0.1215,0.1224,1527240.0,186392.8622
2026-05-02 15:00:00,0.1224,0.1233,0.1223,0.1232,2266537.0,278408.3001
2026-05-02 16:00:00,0.1232,0.124,0.1232,0.1239,1157871.0,143088.8428
2026-05-02 17:00:00,0.1239,0.1246,0.1237,0.124,1373461.0,170416.2687
2026-05-02 18:00:00,0.124,0.1254,0.1227,0.1252,3419141.0,424326.5073
2026-05-02 19:00:00,0.1252,0.126,0.1251,0.1257,1509528.0,189578.3815
2026-05-02 20:00:00,0.1257,0.1266,0.1256,0.1262,2787421.0,352030.731
2026-05-02 21:00:00,0.1262,0.1266,0.1252,0.1259,4927224.0,620453.4813
2026-05-02 22:00:00,0.1259,0.1265,0.1255,0.1261,855650.0,107837.8069
2026-05-02 23:00:00,0.1261,0.1261,0.1251,0.1255,396388.0,49731.0487
2026-05-03 00:00:00,0.1255,0.1257,0.1244,0.1247,1799429.0,224346.8049
2026-05-03 01:00:00,0.1247,0.1247,0.1228,0.1232,1065510.0,131722.4124
2026-05-03 02:00:00,0.1232,0.1232,0.122,0.1226,967529.0,118510.62
2026-05-03 03:00:00,0.1226,0.1228,0.1219,0.1224,971378.0,118956.5263
2026-05-03 04:00:00,0.1224,0.1226,0.122,0.1225,254287.0,31093.5104
2026-05-03 05:00:00,0.1225,0.1228,0.1218,0.1223,369374.0,45260.4853
2026-05-03 06:00:00,0.1223,0.1224,0.1215,0.1217,336722.0,41012.5716
2026-05-03 07:00:00,0.1217,0.1225,0.1217,0.1222,309113.0,37780.8301
2026-05-03 08:00:00,0.1222,0.1224,0.1215,0.1216,654712.0,79923.4458
2026-05-03 09:00:00,0.1216,0.1223,0.1214,0.122,201800.0,24581.5226
2026-05-03 10:00:00,0.122,0.1225,0.1217,0.1217,227780.0,27823.6717
2026-05-03 11:00:00,0.1217,0.1223,0.1216,0.1219,934645.0,113916.3969
2026-05-03 12:00:00,0.1219,0.1228,0.1219,0.1223,1451162.0,177755.2502
2026-05-03 13:00:00,0.1223,0.1224,0.1212,0.1213,2692440.0,327438.5467
2026-05-03 14:00:00,0.1213,0.1221,0.1213,0.1219,2305959.0,280719.2692
2026-05-03 15:00:00,0.1219,0.1226,0.1219,0.122,622334.0,76154.2801
2026-05-03 16:00:00,0.122,0.1226,0.1216,0.1221,397341.0,48471.495
2026-05-03 17:00:00,0.1221,0.1228,0.1217,0.1225,366976.0,44942.0211
2026-05-03 18:00:00,0.1225,0.1227,0.1222,0.1225,1813087.0,222103.5947
2026-05-03 19:00:00,0.1225,0.1234,0.1224,0.1231,1152987.0,141800.6223
2026-05-03 20:00:00,0.1231,0.1242,0.1231,0.1237,1315940.0,162764.086
2026-05-03 21:00:00,0.1237,0.1239,0.1222,0.1227,1079659.0,132650.7885
2026-05-03 22:00:00,0.1227,0.1247,0.1227,0.1244,609242.0,75536.4456
2026-05-03 23:00:00,0.1244,0.1248,0.1227,0.1229,600264.0,74115.5334
2026-05-04 00:00:00,0.1229,0.1229,0.1211,0.1224,2622164.0,319716.9532
2026-05-04 01:00:00,0.1224,0.1247,0.1216,0.1246,574176.0,70797.5225
2026-05-04 02:00:00,0.1246,0.1273,0.1246,0.1268,5696064.0,714587.5666
2026-05-04 03:00:00,0.1268,0.127,0.1257,0.1268,321123.0,40627.9839
2026-05-04 04:00:00,0.1268,0.1276,0.1265,0.1271,1210502.0,153748.5389
2026-05-04 05:00:00,0.1271,0.1275,0.1263,0.1268,1764733.0,224163.9835
2026-05-04 06:00:00,0.1268,0.1269,0.1248,0.1257,1152619.0,144649.8712
2026-05-04 07:00:00,0.1257,0.1258,0.125,0.1252,1357348.0,170181.3699
2026-05-04 08:00:00,0.1252,0.1255,0.1246,0.1247,13104073.0,1638662.2407
2026-05-04 09:00:00,0.1247,0.1258,0.1244,0.1256,1413861.0,176614.7418
2026-05-04 10:00:00,0.1256,0.1256,0.1204,0.1212,6067655.0,740762.3759
2026-05-04 11:00:00,0.1212,0.1216,0.1208,0.1212,1522781.0,184500.8141
2026-05-04 12:00:00,0.1212,0.1219,0.1212,0.1213,197500.0,23997.9091
2026-05-04 13:00:00,0.1213,0.122,0.1204,0.1215,3499655.0,423805.3269
2026-05-04 14:00:00,0.1215,0.1253,0.1211,0.1248,5198633.0,640431.7715
2026-05-04 15:00:00,0.1248,0.1249,0.1219,0.1227,8989336.0,1112815.3133
2026-05-04 16:00:00,0.1227,0.1237,0.1215,0.123,1456799.0,178978.5596
2026-05-04 17:00:00,0.123,0.1255,0.1229,0.1251,3442516.0,427191.288
2026-05-04 18:00:00,0.1251,0.1257,0.1242,0.1252,580278.0,72695.8525
2026-05-04 19:00:00,0.1252,0.1257,0.1243,0.1247,778932.0,97208.2526
2026-05-04 20:00:00,0.1247,0.1248,0.123,0.1231,1915291.0,236281.8428
2026-05-04 21:00:00,0.1231,0.1261,0.1231,0.1258,1405421.0,175208.0312
2026-05-04 22:00:00,0.1258,0.1261,0.1236,0.1242,46378913.0,5757058.0809
2026-05-04 23:00:00,0.1242,0.1245,0.1234,0.1241,18077582.0,2242462.1194
2026-05-05 00:00:00,0.1241,0.1258,0.1234,0.1254,476029.0,59382.1539
2026-05-05 01:00:00,0.1254,0.1271,0.125,0.1267,20685480.0,2618927.5891
2026-05-05 02:00:00,0.1267,0.1284,0.1263,0.1268,3485406.0,444079.2028
2026-05-05 03:00:00,0.1268,0.1278,0.1262,0.1272,502414.0,63834.8588
2026-05-05 04:00:00,0.1272,0.128,0.127,0.1272,794366.0,101256.3953
2026-05-05 05:00:00,0.1272,0.1277,0.1266,0.1274,1188632.0,151291.2021
2026-05-05 06:00:00,0.1274,0.1275,0.1261,0.1269,2552420.0,322596.0072
2026-05-05 07:00:00,0.1269,0.1278,0.1265,0.1271,2457302.0,312590.02
2026-05-05 08:00:00,0.1271,0.1283,0.127,0.1282,2539812.0,324552.1943
2026-05-05 09:00:00,0.1282,0.1294,0.1278,0.1291,4833206.0,621734.8918
2026-05-05 10:00:00,0.1291,0.1302,0.1286,0.1296,45365200.0,5877919.9821
2026-05-05 11:00:00,0.1296,0.13,0.1282,0.1298,2966471.0,382288.8311
2026-05-05 12:00:00,0.1298,0.1305,0.1294,0.1296,3379895.0,439483.7631
2026-05-05 13:00:00,0.1296,0.1296,0.1276,0.1282,7348870.0,944018.8472
2026-05-05 14:00:00,0.1282,0.1289,0.1268,0.1276,8177823.0,1044556.6073
2026-05-05 15:00:00,0.1276,0.128,0.1271,0.1273,2798083.0,356726.2033
2026-05-05 16:00:00,0.1273,0.1279,0.1264,0.127,2608019.0,331415.5117
2026-05-05 17:00:00,0.127,0.1274,0.1265,0.1272,1416248.0,179695.9013
2026-05-05 18:00:00,0.1272,0.1278,0.1271,0.1273,420487.0,53585.9681
2026-05-05 19:00:00,0.1273,0.1281,0.1272,0.1278,636488.0,81282.0108
2026-05-05 20:00:00,0.1278,0.1302,0.1278,0.1301,17322131.0,2247675.7347
2026-05-05 21:00:00,0.1301,0.1309,0.1289,0.129,3559558.0,463204.8963
2026-05-05 22:00:00,0.129,0.1294,0.1277,0.1283,3411536.0,438203.1742
2026-05-05 23:00:00,0.1283,0.1287,0.1274,0.1284,711543.0,91263.1535
2026-05-06 00:00:00,0.1284,0.1295,0.1277,0.1291,543925.0,69904.3062
2026-05-06 01:00:00,0.1291,0.1319,0.1287,0.1313,48190476.0,6264438.1516
2026-05-06 02:00:00,0.1313,0.1315,0.1297,0.1312,682044.0,88974.394
2026-05-06 03:00:00,0.1312,0.1327,0.1308,0.1325,1437159.0,189607.2567
2026-05-06 04:00:00,0.1325,0.1328,0.1311,0.1317,1574712.0,207581.2627
2026-05-06 05:00:00,0.1317,0.1325,0.1307,0.1323,2637493.0,348480.8059
2026-05-06 06:00:00,0.1323,0.1326,0.1311,0.1323,574257.0,75777.8509
2026-05-06 07:00:00,0.1323,0.1333,0.1318,0.1323,2138365.0,283405.4119
2026-05-06 08:00:00,0.1323,0.1355,0.132,0.1349,4794219.0,644020.0683
2026-05-06 09:00:00,0.1349,0.1362,0.1346,0.136,1941767.0,263294.1633
2026-05-06 10:00:00,0.136,0.1362,0.1351,0.1356,1246609.0,168998.2244
2026-05-06 11:00:00,0.1356,0.1365,0.1352,0.1359,1882535.0,255235.2651
2026-05-06 12:00:00,0.1359,0.1374,0.1358,0.137,2768642.0,377982.702
2026-05-06 13:00:00,0.137,0.1371,0.1338,0.1345,5190853.0,700779.7406
2026-05-06 14:00:00,0.1345,0.1353,0.1324,0.1348,5781419.0,772957.0347
2026-05-06 15:00:00,0.1348,0.1367,0.1346,0.1361,2281797.0,309257.0765
2026-05-06 16:00:00,0.1361,0.1384,0.1357,0.138,3407749.0,467179.9484
2026-05-06 17:00:00,0.138,0.1387,0.1355,0.1364,5982534.0,818390.5437
2026-05-06 18:00:00,0.1364,0.1372,0.1357,0.1363,2299997.0,313969.13
2026-05-06 19:00:00,0.1363,0.1392,0.1363,0.1383,4052021.0,558453.4691
2026-05-06 20:00:00,0.1383,0.1419,0.1383,0.1408,8002412.0,1118885.3229
2026-05-06 21:00:00,0.1408,0.1487,0.1404,0.1476,19974781.0,2912473.3639
2026-05-06 22:00:00,0.1476,0.1476,0.1409,0.1429,8834068.0,1264367.2452
2026-05-06 23:00:00,0.1429,0.1431,0.14,0.1423,4457206.0,630673.7955
2026-05-07 00:00:00,0.1423,0.1428,0.1409,0.1421,29791916.0,4221265.2853
2026-05-07 01:00:00,0.1421,0.144,0.1387,0.139,15301898.0,2164047.4285
2026-05-07 02:00:00,0.139,0.1394,0.1375,0.1389,8744309.0,1208176.6593
2026-05-07 03:00:00,0.1389,0.1406,0.1389,0.139,24312147.0,3405677.7618
2026-05-07 04:00:00,0.139,0.1444,0.1386,0.1443,2640213.0,376062.7729
2026-05-07 05:00:00,0.1443,0.1507,0.1442,0.1496,14374380.0,2135930.3923
2026-05-07 06:00:00,0.1496,0.1496,0.1443,0.1489,9297178.0,1359552.1937
2026-05-07 07:00:00,0.1489,0.1491,0.1444,0.1447,12925124.0,1901895.3315
2026-05-07 08:00:00,0.1447,0.1456,0.1436,0.145,3137535.0,453256.4055
2026-05-07 09:00:00,0.145,0.1465,0.144,0.1447,2589918.0,375861.5702
2026-05-07 10:00:00,0.1447,0.1468,0.144,0.1461,2685450.0,390661.6278
2026-05-07 11:00:00,0.1461,0.1478,0.1454,0.1455,3034945.0,444864.6189
2026-05-07 12:00:00,0.1455,0.149,0.1449,0.1477,4561167.0,673315.1993
2026-05-07 13:00:00,0.1477,0.1491,0.1446,0.1452,8131849.0,1193463.9635
2026-05-07 14:00:00,0.1452,0.1464,0.1425,0.144,5095820.0,733581.1481
2026-05-07 15:00:00,0.144,0.146,0.1433,0.1445,5541347.0,800962.7592
2026-05-07 16:00:00,0.1445,0.1474,0.1441,0.1454,3123023.0,455491.2796
2026-05-07 17:00:00,0.1454,0.1473,0.1439,0.1454,2574532.0,374869.0995
2026-05-07 18:00:00,0.1454,0.1472,0.1449,0.1451,1268679.0,185036.9141
2026-05-07 19:00:00,0.1451,0.1474,0.1441,0.1469,1217039.0,177351.2795
2026-05-07 20:00:00,0.1469,0.1488,0.1467,0.1471,4480647.0,662025.2608
2026-05-07 21:00:00,0.1471,0.1497,0.1454,0.1473,4484796.0,660979.5962
2026-05-07 22:00:00,0.1473,0.1473,0.1451,0.1462,2108834.0,307520.2247
2026-05-07 23:00:00,0.1462,0.1483,0.1461,0.148,1780142.0,261578.9621
2026-05-08 00:00:00,0.148,0.1494,0.1467,0.1478,880756.0,130741.0087
2026-05-08 01:00:00,0.1478,0.1489,0.1467,0.1481,543136.0,80189.8161
2026-05-08 02:00:00,0.1481,0.1499,0.1462,0.1494,1653623.0,245299.1152
2026-05-08 03:00:00,0.1494,0.1515,0.1474,0.1487,5021362.0,754927.2272
2026-05-08 04:00:00,0.1487,0.151,0.1479,0.1487,10588785.0,1573304.0949
2026-05-08 05:00:00,0.1487,0.1497,0.147,0.1471,668066.0,98775.6456
2026-05-08 06:00:00,0.1471,0.1501,0.1457,0.1497,57784958.0,8601484.6237
2026-05-08 07:00:00,0.1497,0.1511,0.1482,0.1508,1486487.0,222211.6644
2026-05-08 08:00:00,0.1508,0.1508,0.1477,0.1488,2178250.0,325496.4187
2026-05-08 09:00:00,0.1488,0.1515,0.1473,0.1498,3675201.0,551037.1313
2026-05-08 10:00:00,0.1498,0.1516,0.1494,0.1498,2061107.0,309935.1093
2026-05-08 11:00:00,0.1498,0.1528,0.1493,0.1523,1482043.0,224127.7377
2026-05-08 12:00:00,0.1523,0.1528,0.1498,0.1507,1284371.0,193725.6992
2026-05-08 13:00:00,0.1507,0.1514,0.1482,0.1495,1823774.0,273014.206
2026-05-08 14:00:00,0.1495,0.152,0.1493,0.1508,1393401.0,210089.7121
2026-05-08 15:00:00,0.1508,0.1521,0.149,0.1519,1286892.0,194039.4614
2026-05-08 16:00:00,0.1519,0.1548,0.1516,0.1535,4725741.0,724070.9938
2026-05-08 17:00:00,0.1535,0.1611,0.1529,0.1594,12822273.0,2033920.0659
2026-05-08 18:00:00,0.1594,0.1652,0.1593,0.161,11875284.0,1927723.8357
2026-05-08 19:00:00,0.161,0.1639,0.1592,0.1615,2662924.0,429138.8912
2026-05-08 20:00:00,0.1615,0.1694,0.1609,0.1684,7992945.0,1320252.9389
2026-05-08 21:00:00,0.1684,0.1771,0.1671,0.1753,24745270.0,4275719.3618
2026-05-08 22:00:00,0.1753,0.1814,0.1722,0.1749,44056368.0,7804389.2136
2026-05-08 23:00:00,0.1749,0.1756,0.1706,0.1721,8747321.0,1510158.8518
2026-05-09 00:00:00,0.1721,0.1729,0.1668,0.1688,5038088.0,854800.1391
2026-05-09 01:00:00,0.1688,0.17,0.1663,0.169,1598295.0,269249.9251
2026-05-09 02:00:00,0.169,0.1717,0.168,0.1693,1205964.0,205025.1791
2026-05-09 03:00:00,0.1693,0.1705,0.167,0.169,1194758.0,201644.7403
2026-05-09 04:00:00,0.169,0.1697,0.1657,0.1676,1206557.0,201804.2579
2026-05-09 05:00:00,0.1676,0.1699,0.1663,0.1686,1397993.0,235233.9923
2026-05-09 06:00:00,0.1686,0.1719,0.1681,0.1695,1847691.0,314016.2564
2026-05-09 07:00:00,0.1695,0.1708,0.1639,0.1647,3793926.0,630075.4572
2026-05-09 08:00:00,0.1647,0.167,0.1638,0.1664,1704393.0,281344.6694
2026-05-09 09:00:00,0.1664,0.1666,0.1636,0.1656,2193642.0,361565.3889
2026-05-09 10:00:00,0.1656,0.1663,0.1626,0.1637,2669538.0,437703.092
2026-05-09 11:00:00,0.1637,0.1661,0.163,0.1655,1065451.0,175652.0471
2026-05-09 12:00:00,0.1655,0.168,0.1651,0.1662,1322643.0,220351.2652
2026-05-09 13:00:00,0.1662,0.1672,0.1631,0.1647,1451588.0,239402.5744
2026-05-09 14:00:00,0.1647,0.1669,0.1638,0.1658,1728017.0,285801.1076
2026-05-09 15:00:00,0.1658,0.1682,0.1652,0.1659,2030597.0,338556.8785
2026-05-09 16:00:00,0.1659,0.1666,0.1644,0.1655,991491.0,163812.3867
2026-05-09 17:00:00,0.1655,0.1667,0.1638,0.1646,970707.0,160243.6594
2026-05-09 18:00:00,0.1646,0.1659,0.164,0.1645,722447.0,119118.1592
2026-05-09 19:00:00,0.1645,0.165,0.1636,0.1645,435655.0,71624.6271
2026-05-09 20:00:00,0.1645,0.1657,0.1642,0.1652,516396.0,85367.0135
2026-05-09 21:00:00,0.1652,0.1659,0.1641,0.1654,885946.0,146141.3824
2026-05-09 22:00:00,0.1654,0.1659,0.1647,0.165,201784.0,33403.8066
2026-05-09 23:00:00,0.165,0.1656,0.1631,0.1633,847532.0,139076.4274
2026-05-10 00:00:00,0.1633,0.1638,0.1616,0.1622,1577608.0,256347.2721
2026-05-10 01:00:00,0.1622,0.1625,0.1605,0.1614,2115752.0,341830.4248
2026-05-10 02:00:00,0.1614,0.1639,0.1611,0.1624,860043.0,140380.4877
2026-05-10 03:00:00,0.1624,0.1631,0.1618,0.1623,2285920.0,371816.2845
2026-05-10 04:00:00,0.1623,0.1631,0.1613,0.1622,791698.0,128469.1243
2026-05-10 05:00:00,0.1622,0.1628,0.1617,0.1624,645354.0,104689.1302
2026-05-10 06:00:00,0.1624,0.1627,0.1616,0.1617,1424675.0,230799.6137
2026-05-10 07:00:00,0.1617,0.1624,0.1609,0.161,1401794.0,226694.5219
2026-05-10 08:00:00,0.161,0.1625,0.1603,0.162,2016164.0,324912.1421
2026-05-10 09:00:00,0.162,0.163,0.1616,0.162,879344.0,142653.2874
2026-05-10 10:00:00,0.162,0.1643,0.1615,0.1633,960579.0,156547.7729
2026-05-10 11:00:00,0.1633,0.1647,0.162,0.1624,1269054.0,207715.3451
2026-05-10 12:00:00,0.1624,0.1627,0.1612,0.1623,483294.0,78321.1546
2026-05-10 13:00:00,0.1623,0.1643,0.1623,0.1633,1936911.0,316662.0753
2026-05-10 14:00:00,0.1633,0.1633,0.1616,0.1622,862870.0,140051.5453
2026-05-10 15:00:00,0.1622,0.1634,0.1615,0.1628,1226918.0,199075.5102
2026-05-10 16:00:00,0.1628,0.1646,0.1625,0.1644,2559489.0,418717.2291
2026-05-10 17:00:00,0.1644,0.166,0.1633,0.1658,1347176.0,221759.1312
2026-05-10 18:00:00,0.1658,0.1663,0.1638,0.1658,922539.0,152706.0846
2026-05-10 19:00:00,0.1658,0.1659,0.1637,0.1647,410780.0,67763.9428
2026-05-10 20:00:00,0.1647,0.1659,0.1568,0.1602,7849346.0,1259405.5768
2026-05-10 21:00:00,0.1602,0.1625,0.1587,0.161,1274601.0,205000.9055
2026-05-10 22:00:00,0.161,0.1639,0.1609,0.1637,1215978.0,197914.083
2026-05-10 23:00:00,0.1637,0.1641,0.1628,0.1629,515809.0,84396.3866
2026-05-11 00:00:00,0.1629,0.1634,0.1603,0.1616,739862.0,119767.4901
2026-05-11 01:00:00,0.1616,0.1631,0.1609,0.1622,163234.0,26475.7625
2026-05-11 02:00:00,0.1622,0.1627,0.1599,0.1606,219824.0,35473.0429
2026-05-11 03:00:00,0.1606,0.1611,0.1581,0.1594,699826.0,111504.6472
2026-05-11 04:00:00,0.1594,0.1608,0.1587,0.1601,376179.0,60166.3331
2026-05-11 05:00:00,0.1601,0.1616,0.1594,0.16,159033.0,25507.684
2026-05-11 06:00:00,0.16,0.1605,0.159,0.1593,106081.0,16950.1514
2026-05-11 07:00:00,0.1593,0.1597,0.1584,0.1591,211526.0,33580.9759
2026-05-11 08:00:00,0.1591,0.1599,0.1579,0.1588,577552.0,91667.7147
2026-05-11 09:00:00,0.1588,0.1601,0.1587,0.1598,857271.0,136821.312
2026-05-11 10:00:00,0.1598,0.1609,0.1583,0.1584,533848.0,85286.383
2026-05-11 11:00:00,0.1584,0.1594,0.1578,0.1588,1494877.0,236942.6826
2026-05-11 12:00:00,0.1588,0.1591,0.1578,0.1579,731841.0,115870.4036
2026-05-11 13:00:00,0.1579,0.1589,0.1572,0.1578,1601199.0,252670.5758
2026-05-11 14:00:00,0.1578,0.1588,0.1556,0.1569,4408132.0,693598.9958
2026-05-11 15:00:00,0.1569,0.1582,0.1561,0.1578,800213.0,125936.7804
2026-05-11 16:00:00,0.1578,0.1585,0.1562,0.157,839523.0,132148.6381
2026-05-11 17:00:00,0.157,0.1583,0.1562,0.1573,1825772.0,286502.0914
2026-05-11 18:00:00,0.1573,0.158,0.1566,0.1571,503237.0,79110.298
2026-05-11 19:00:00,0.1571,0.1585,0.157,0.1579,441229.0,69606.9845
2026-05-11 20:00:00,0.1579,0.1587,0.1571,0.1579,218493.0,34487.2468
2026-05-11 21:00:00,0.1579,0.1586,0.1568,0.1571,458117.0,72300.7179
2026-05-11 22:00:00,0.1571,0.1582,0.1569,0.1573,254600.0,40080.4438
2026-05-11 23:00:00,0.1573,0.1574,0.1562,0.1571,1128513.0,177243.7735
2026-05-12 00:00:00,0.1571,0.1577,0.1562,0.1572,155151.0,24378.416
2026-05-12 01:00:00,0.1572,0.1575,0.154,0.1551,937946.0,145634.7637
2026-05-12 02:00:00,0.1551,0.1561,0.1541,0.1555,250087.0,38866.5382
2026-05-12 03:00:00,0.1555,0.1562,0.1546,0.1555,136341.0,21199.3499
2026-05-12 04:00:00,0.1555,0.1562,0.1545,0.1557,409985.0,63482.4116
2026-05-12 05:00:00,0.1557,0.1567,0.1554,0.1563,236303.0,36915.5806
2026-05-12 06:00:00,0.1563,0.157,0.156,0.1566,233948.0,36649.7916
2026-05-12 07:00:00,0.1566,0.1574,0.1549,0.1562,2469922.0,387981.4318
2026-05-12 08:00:00,0.1562,0.1565,0.1553,0.1557,275520.0,42935.2713
2026-05-12 09:00:00,0.1557,0.1564,0.1544,0.1557,411571.0,63919.8107
2026-05-12 10:00:00,0.1557,0.1559,0.1534,0.1548,2817697.0,433729.8529
2026-05-12 11:00:00,0.1548,0.1548,0.153,0.1539,869995.0,133778.16
2026-05-12 12:00:00,0.1539,0.1546,0.1516,0.1536,859015.0,131602.65
2026-05-12 13:00:00,0.1536,0.1544,0.152,0.152,503446.0,77093.9913
2026-05-12 14:00:00,0.152,0.1534,0.1502,0.1509,1711730.0,260411.351
2026-05-12 15:00:00,0.1509,0.1516,0.1498,0.1508,1341085.0,202032.3476
2026-05-12 16:00:00,0.1508,0.1516,0.1486,0.1492,1791906.0,269391.0387
2026-05-12 17:00:00,0.1492,0.1524,0.1492,0.1519,744593.0,112730.2673
2026-05-12 18:00:00,0.1519,0.153,0.1514,0.1519,408725.0,62191.9922
2026-05-12 19:00:00,0.1519,0.1533,0.1519,0.1524,293794.0,44894.618
2026-05-12 20:00:00,0.1524,0.1531,0.1521,0.1524,456903.0,69746.0977
2026-05-12 21:00:00,0.1524,0.1533,0.152,0.153,681100.0,103837.3702
2026-05-12 22:00:00,0.153,0.1533,0.1525,0.1525,241330.0,36874.0982
2026-05-12 23:00:00,0.1525,0.1527,0.1512,0.1523,1350543.0,205561.1327
2026-05-13 00:00:00,0.1523,0.1531,0.1514,0.1526,299905.0,45686.6714
2026-05-13 01:00:00,0.1526,0.1545,0.1526,0.1532,492895.0,75724.0151
2026-05-13 02:00:00,0.1532,0.1551,0.1524,0.1551,1215996.0,186942.9636
2026-05-13 03:00:00,0.1551,0.1555,0.154,0.1549,345498.0,53483.538
2026-05-13 04:00:00,0.1549,0.1557,0.1543,0.1548,235054.0,36434.155
2026-05-13 05:00:00,0.1548,0.1551,0.1533,0.1546,778406.0,119785.8703
2026-05-13 06:00:00,0.1546,0.155,0.1538,0.1546,247641.0,38242.8444
2026-05-13 07:00:00,0.1546,0.1554,0.1538,0.1554,162179.0,25097.67
2026-05-13 08:00:00,0.1554,0.1557,0.1546,0.1551,141704.0,21985.1191
2026-05-13 09:00:00,0.1551,0.158,0.1549,0.1573,3103624.0,486020.2572
2026-05-13 10:00:00,0.1573,0.1575,0.1534,0.1543,2071493.0,320682.3189
2026-05-13 11:00:00,0.1543,0.1551,0.1523,0.153,1638177.0,252214.7571
2026-05-13 12:00:00,0.153,0.1534,0.1485,0.1495,4068744.0,611430.4785
2026-05-13 13:00:00,0.1495,0.1506,0.1473,0.1478,1692975.0,252078.2587
2026-05-13 14:00:00,0.1478,0.1487,0.1464,0.1476,796629.0,117811.4386
2026-05-13 15:00:00,0.1476,0.1481,0.1442,0.1449,1518762.0,220987.5811
2026-05-13 16:00:00,0.1449,0.1471,0.1445,0.1463,3049500.0,443692.8003
2026-05-13 17:00:00,0.1463,0.1473,0.1459,0.1461,537882.0,79000.2399
2026-05-13 18:00:00,0.1461,0.1482,0.1461,0.1474,735851.0,108437.9797
2026-05-13 19:00:00,0.1474,0.1479,0.1458,0.1459,351230.0,51481.561
2026-05-13 20:00:00,0.1459,0.147,0.1459,0.1465,134734.0,19750.1204
2026-05-13 21:00:00,0.1465,0.1469,0.1453,0.1454,248931.0,36335.8359
2026-05-13 22:00:00,0.1454,0.1464,0.1447,0.1458,410251.0,59769.6134
2026-05-13 23:00:00,0.1458,0.1463,0.1452,0.146,124441.0,18122.8017
2026-05-14 00:00:00,0.146,0.1468,0.1458,0.1461,44451.0,6507.0776
2026-05-14 01:00:00,0.1461,0.1467,0.1457,0.1466,164793.0,24148.6619
2026-05-14 02:00:00,0.1466,0.147,0.1453,0.1456,204144.0,29829.0279
2026-05-14 03:00:00,0.1456,0.1461,0.1434,0.1443,1180669.0,170751.1287
2026-05-14 04:00:00,0.1443,0.1455,0.1437,0.1452,234020.0,33786.3442
2026-05-14 05:00:00,0.1452,0.1468,0.145,0.1466,306677.0,44848.1569
2026-05-14 06:00:00,0.1466,0.1475,0.1461,0.1465,292867.0,43021.1773
2026-05-14 07:00:00,0.1465,0.1468,0.1455,0.1457,311970.0,45576.4916
2026-05-14 08:00:00,0.1457,0.1467,0.145,0.1458,195578.0,28540.9825
2026-05-14 09:00:00,0.1458,0.1464,0.1454,0.1457,145498.0,21228.8331
2026-05-14 10:00:00,0.1457,0.1463,0.1437,0.1449,601240.0,87138.3881
2026-05-14 11:00:00,0.1449,0.1451,0.1431,0.1436,935380.0,134505.0198
2026-05-14 12:00:00,0.1436,0.1446,0.1435,0.1439,1351806.0,194793.6021
2026-05-14 13:00:00,0.1439,0.145,0.1436,0.1439,1437077.0,207278.5923
2026-05-14 14:00:00,0.1439,0.1473,0.1433,0.1468,1154293.0,167555.7369
2026-05-14 15:00:00,0.1468,0.148,0.1459,0.1474,974750.0,143350.6046
2026-05-14 16:00:00,0.1474,0.1482,0.145,0.1469,2535910.0,371207.2385
2026-05-14 17:00:00,0.1469,0.1474,0.1448,0.1458,2439002.0,356190.7475
2026-05-14 18:00:00,0.1458,0.1477,0.1455,0.1472,1509185.0,220461.7378
2026-05-14 19:00:00,0.1472,0.1477,0.1459,0.1466,1586211.0,232468.9768
2026-05-14 20:00:00,0.1466,0.1469,0.1448,0.1459,4221522.0,614273.3872
2026-05-14 21:00:00,0.1459,0.1469,0.1449,0.1464,1348285.0,196127.0792
2026-05-14 22:00:00,0.1464,0.1469,0.1457,0.146,470466.0,68853.2661
2026-05-14 23:00:00,0.146,0.146,0.1444,0.1449,698412.0,101427.9287
2026-05-15 00:00:00,0.1449,0.1461,0.1448,0.1458,225709.0,32846.2861
2026-05-15 01:00:00,0.1458,0.1459,0.1435,0.144,970066.0,140467.2031
2026-05-15 02:00:00,0.144,0.1447,0.1427,0.1446,748449.0,107345.7935
2026-05-15 03:00:00,0.1446,0.1448,0.143,0.1434,688747.0,98994.6669
2026-05-15 04:00:00,0.1434,0.1434,0.1416,0.1417,799138.0,113895.355
2026-05-15 05:00:00,0.1417,0.1426,0.1392,0.1395,1393559.0,195839.0791
2026-05-15 06:00:00,0.1395,0.1411,0.1394,0.1409,669522.0,93962.4235
2026-05-15 07:00:00,0.1409,0.142,0.1408,0.1413,449055.0,63540.3076
2026-05-15 08:00:00,0.1413,0.1417,0.1406,0.141,13454153.0,1900329.519
2026-05-15 09:00:00,0.141,0.1413,0.1406,0.1411,151861.0,21413.4502
2026-05-15 10:00:00,0.1411,0.1424,0.1408,0.142,402140.0,56949.0611
2026-05-15 11:00:00,0.142,0.1423,0.1415,0.1416,419499.0,59516.3588
2026-05-15 12:00:00,0.1416,0.1416,0.1402,0.1403,330078.0,46433.9091
2026-05-15 13:00:00,0.1403,0.1404,0.1348,0.1353,11211785.0,1534664.9332
2026-05-15 14:00:00,0.1353,0.1368,0.1343,0.1357,1842517.0,250354.353
2026-05-15 15:00:00,0.1357,0.1362,0.1346,0.1353,734167.0,99223.2907
2026-05-15 16:00:00,0.1353,0.1372,0.1351,0.1371,1039905.0,142073.9462
2026-05-15 17:00:00,0.1371,0.1382,0.1371,0.1382,337324.0,46452.0728
2026-05-15 18:00:00,0.1382,0.1385,0.1374,0.1379,458127.0,63153.6463
2026-05-15 19:00:00,0.1379,0.138,0.1371,0.1375,15182969.0,2090440.5598
2026-05-15 20:00:00,0.1375,0.1375,0.1367,0.137,346804.0,47496.7276
2026-05-15 21:00:00,0.137,0.1373,0.1368,0.1369,198196.0,27145.8292
2026-05-15 22:00:00,0.1369,0.1371,0.1367,0.1368,148919.0,20368.8095
2026-05-15 23:00:00,0.1368,0.137,0.1362,0.1366,247075.0,33707.3011
2026-05-16 00:00:00,0.1366,0.1373,0.1362,0.1369,285716.0,39158.8945
2026-05-16 01:00:00,0.1369,0.1375,0.1368,0.1375,106862.0,14645.9539
2026-05-16 02:00:00,0.1375,0.138,0.1372,0.1376,297631.0,40935.1398
2026-05-16 03:00:00,0.1376,0.138,0.1367,0.1373,243354.0,33410.7407
2026-05-16 04:00:00,0.1373,0.1373,0.1355,0.1359,1202044.0,163322.5031
2026-05-16 05:00:00,0.1359,0.1363,0.1352,0.1354,13824925.0,1880797.992
2026-05-16 06:00:00,0.1354,0.1356,0.1334,0.1341,2861509.0,383475.11
2026-05-16 07:00:00,0.1341,0.1342,0.1316,0.1327,1016652.0,135050.2855
2026-05-16 08:00:00,0.1327,0.1335,0.1327,0.1327,1499670.0,199583.741
2026-05-16 09:00:00,0.1327,0.1329,0.1308,0.132,1472221.0,193939.3477
2026-05-16 10:00:00,0.132,0.1321,0.1308,0.1319,776340.0,101992.0389
2026-05-16 11:00:00,0.1319,0.1327,0.1318,0.1324,1078343.0,142651.2941
2026-05-16 12:00:00,0.1324,0.133,0.1321,0.1326,490633.0,65027.5617
2026-05-16 13:00:00,0.1326,0.1335,0.1324,0.1329,480401.0,63918.9508
2026-05-16 14:00:00,0.1329,0.1343,0.1326,0.1335,458427.0,61014.9454
2026-05-16 15:00:00,0.1335,0.1346,0.1334,0.134,1233347.0,165143.3276
2026-05-16 16:00:00,0.134,0.1352,0.1339,0.1342,2817659.0,379526.2314
2026-05-16 17:00:00,0.1342,0.1353,0.1342,0.1348,1155414.0,155823.239
2026-05-16 18:00:00,0.1348,0.1349,0.134,0.134,649019.0,87113.1002
2026-05-16 19:00:00,0.134,0.1341,0.1336,0.1338,350006.0,46848.915
2026-05-16 20:00:00,0.1338,0.1338,0.133,0.1333,191911.0,25579.6505
2026-05-16 21:00:00,0.1333,0.1336,0.1331,0.1331,387508.0,51666.3393
2026-05-16 22:00:00,0.1331,0.1333,0.1329,0.1331,581436.0,77459.9021
2026-05-16 23:00:00,0.1331,0.1333,0.1329,0.133,669707.0,89143.6545
2026-05-17 00:00:00,0.133,0.1334,0.132,0.1322,585759.0,77777.8065
2026-05-17 01:00:00,0.1322,0.1328,0.1317,0.1319,516243.0,68249.3496
2026-05-17 02:00:00,0.1319,0.1326,0.1317,0.1323,157649.0,20823.0841
2026-05-17 03:00:00,0.1323,0.1331,0.1322,0.1329,990230.0,131267.5515
2026-05-17 04:00:00,0.1329,0.1336,0.1329,0.1333,680960.0,90714.8073
2026-05-17 05:00:00,0.1333,0.1338,0.133,0.1331,1185069.0,157834.403
2026-05-17 06:00:00,0.1331,0.1334,0.1328,0.1332,261493.0,34829.0111
2026-05-17 07:00:00,0.1332,0.1337,0.1327,0.1333,167031.0,22267.8462
2026-05-17 08:00:00,0.1333,0.1335,0.1329,0.1331,121935.0,16221.4199
2026-05-17 09:00:00,0.1331,0.1339,0.1329,0.1337,379563.0,50645.7957
2026-05-17 10:00:00,0.1337,0.1344,0.1332,0.1333,1683618.0,225781.0345
2026-05-17 11:00:00,0.1333,0.1333,0.1322,0.1324,1457942.0,193350.4281
2026-05-17 12:00:00,0.1324,0.1327,0.1319,0.1321,1443752.0,191196.4348
2026-05-17 13:00:00,0.1321,0.1322,0.1313,0.1318,1376041.0,181257.4364
2026-05-17 14:00:00,0.1318,0.1318,0.1304,0.1313,1220897.0,160139.0038
2026-05-17 15:00:00,0.1313,0.1316,0.1311,0.1315,163954.0,21539.8555
2026-05-17 16:00:00,0.1315,0.1319,0.131,0.1311,532480.0,69989.2014
2026-05-17 17:00:00,0.1311,0.1312,0.1307,0.1311,554980.0,72668.2821
2026-05-17 18:00:00,0.1311,0.1315,0.1305,0.1314,496099.0,64921.7684
2026-05-17 19:00:00,0.1314,0.1315,0.131,0.1312,595407.0,78187.0288
2026-05-17 20:00:00,0.1312,0.1315,0.1306,0.1309,234226.0,30630.6395
2026-05-17 21:00:00,0.1309,0.1316,0.1305,0.131,609831.0,79878.3857
2026-05-17 22:00:00,0.131,0.1312,0.1295,0.1301,1423533.0,185051.6455
2026-05-17 23:00:00,0.1301,0.1302,0.1235,0.1282,3238511.0,410152.0085
2026-05-18 00:00:00,0.1282,0.1282,0.1265,0.1282,688273.0,87645.1698
2026-05-18 01:00:00,0.1282,0.1284,0.1268,0.1277,251913.0,32093.6647
2026-05-18 02:00:00,0.1277,0.1288,0.1276,0.1283,192138.0,24655.9895
2026-05-18 03:00:00,0.1283,0.1292,0.1281,0.1283,242121.0,31175.9189
2026-05-18 04:00:00,0.1283,0.1288,0.128,0.1286,503098.0,64635.9716
2026-05-18 05:00:00,0.1286,0.1288,0.1272,0.1274,396551.0,50733.8042
2026-05-18 06:00:00,0.1274,0.1279,0.1266,0.127,704489.0,89458.1396
2026-05-18 07:00:00,0.127,0.1272,0.1261,0.1265,444473.0,56192.8882
2026-05-18 08:00:00,0.1265,0.127,0.1262,0.1269,373458.0,47228.7575
2026-05-18 09:00:00,0.1269,0.1271,0.1262,0.1265,388679.0,49183.8665
2026-05-18 10:00:00,0.1265,0.1265,0.1257,0.1262,430713.0,54336.3127
2026-05-18 11:00:00,0.1262,0.1284,0.1262,0.1277,436023.0,55608.0067
2026-05-18 12:00:00,0.1277,0.1287,0.1276,0.1281,188096.0,24102.7721
2026-05-18 13:00:00,0.1281,0.1282,0.1264,0.1273,587415.0,74781.8999
2026-05-18 14:00:00,0.1273,0.1275,0.1252,0.1256,704015.0,88642.5331
2026-05-18 15:00:00,0.1256,0.1256,0.1237,0.1252,1871472.0,233462.4916
2026-05-18 16:00:00,0.1252,0.1261,0.125,0.1256,211197.0,26518.9031
2026-05-18 17:00:00,0.1256,0.1265,0.1255,0.1262,1017439.0,128547.1807
2026-05-18 18:00:00,0.1262,0.1262,0.1247,0.125,3193410.0,399995.4407
2026-05-18 19:00:00,0.125,0.128,0.1248,0.1276,1177990.0,149482.6876
2026-05-18 20:00:00,0.1276,0.1284,0.1272,0.1276,1066338.0,136366.1401
2026-05-18 21:00:00,0.1276,0.1294,0.1273,0.1292,268214.0,34561.3999
2026-05-18 22:00:00,0.1292,0.1295,0.1284,0.1292,538612.0,69505.683
2026-05-18 23:00:00,0.1292,0.1298,0.1288,0.1295,399500.0,51606.4136
2026-05-19 00:00:00,0.1295,0.13,0.1291,0.1293,648996.0,84104.4922
2026-05-19 01:00:00,0.1293,0.1294,0.128,0.1281,817968.0,105081.0587
2026-05-19 02:00:00,0.1281,0.1288,0.1274,0.1278,895638.0,114804.1356
2026-05-19 03:00:00,0.1278,0.1289,0.1275,0.1285,215059.0,27620.1188
2026-05-19 04:00:00,0.1285,0.1291,0.1281,0.1287,388685.0,50120.7903
2026-05-19 05:00:00,0.1287,0.129,0.1279,0.1285,439999.0,56557.2067
2026-05-19 06:00:00,0.1285,0.1292,0.1284,0.1288,120279.0,15518.4494
2026-05-19 07:00:00,0.1288,0.1297,0.1287,0.1295,364604.0,47167.0985
2026-05-19 08:00:00,0.1295,0.13,0.1286,0.1296,730337.0,94610.4622
2026-05-19 09:00:00,0.1296,0.1298,0.1279,0.1286,1783164.0,229196.3709
2026-05-19 10:00:00,0.1286,0.1288,0.1277,0.1282,268006.0,34342.2917
2026-05-19 11:00:00,0.1282,0.1286,0.127,0.1273,398826.0,50968.5324
2026-05-19 12:00:00,0.1273,0.1281,0.1268,0.1278,806619.0,103019.6204
2026-05-19 13:00:00,0.1278,0.1281,0.1269,0.1276,898807.0,114380.5546
2026-05-19 14:00:00,0.1276,0.1278,0.1259,0.1268,1308181.0,165946.5945
2026-05-19 15:00:00,0.1268,0.1271,0.1258,0.1267,932707.0,118023.2852
2026-05-19 16:00:00,0.1267,0.128,0.1263,0.128,520907.0,66158.2511
2026-05-19 17:00:00,0.128,0.1281,0.1272,0.1277,398284.0,50868.3469
2026-05-19 18:00:00,0.1277,0.128,0.1269,0.127,1795028.0,228357.2643
2026-05-19 19:00:00,0.127,0.1277,0.1264,0.1266,59745.0,7591.0768
2026-05-19 20:00:00,0.1266,0.1274,0.1266,0.1273,314129.0,39895.608
2026-05-19 21:00:00,0.1273,0.1274,0.1268,0.1269,73905.0,9394.3441
2026-05-19 22:00:00,0.1269,0.127,0.1255,0.1258,1477557.0,185998.7676
2026-05-19 23:00:00,0.1258,0.1264,0.1255,0.1261,238012.0,29991.7996
2026-05-20 00:00:00,0.1261,0.1263,0.1253,0.1259,497224.0,62502.0649
2026-05-20 01:00:00,0.1259,0.1262,0.1251,0.126,434070.0,54557.5425
2026-05-20 02:00:00,0.126,0.1262,0.1252,0.1254,301514.0,37861.5366
2026-05-20 03:00:00,0.1254,0.1262,0.1251,0.1254,239907.0,30120.8011
2026-05-20 04:00:00,0.1254,0.1261,0.1254,0.126,119901.0,15071.1223
2026-05-20 05:00:00,0.126,0.1276,0.126,0.1274,491953.0,62520.1257
2026-05-20 06:00:00,0.1274,0.1279,0.1271,0.1277,351033.0,44797.3352
2026-05-20 07:00:00,0.1277,0.128,0.1273,0.1276,443548.0,56651.7705
2026-05-20 08:00:00,0.1276,0.1281,0.1273,0.1273,129680.0,16547.6822
2026-05-20 09:00:00,0.1273,0.1276,0.1268,0.127,307687.0,39120.0108
2026-05-20 10:00:00,0.127,0.1276,0.1269,0.1269,287470.0,36541.3112
2026-05-20 11:00:00,0.1269,0.1274,0.1264,0.1265,565530.0,71863.9269
2026-05-20 12:00:00,0.1265,0.1273,0.1261,0.1269,378358.0,47960.593
2026-05-20 13:00:00,0.1269,0.1269,0.1244,0.1255,1459872.0,183105.4069
2026-05-20 14:00:00,0.1255,0.1281,0.1253,0.1278,1103331.0,140459.8584
2026-05-20 15:00:00,0.1278,0.1296,0.1274,0.129,1040756.0,133691.4956
2026-05-20 16:00:00,0.129,0.1296,0.1281,0.1293,776142.0,100011.2918
2026-05-20 17:00:00,0.1293,0.1303,0.129,0.1291,560632.0,72719.2441
2026-05-20 18:00:00,0.1291,0.1294,0.1282,0.1283,894559.0,115049.139
2026-05-20 19:00:00,0.1283,0.1292,0.1278,0.1291,668419.0,85875.9473
2026-05-20 20:00:00,0.1291,0.13,0.1286,0.1297,896948.0,116157.82
2026-05-20 21:00:00,0.1297,0.13,0.1288,0.1288,236955.0,30645.7762
2026-05-20 22:00:00,0.1288,0.1289,0.1276,0.1286,447251.0,57232.0485
2026-05-20 23:00:00,0.1286,0.129,0.128,0.1288,217380.0,27978.947
2026-05-21 00:00:00,0.1288,0.1298,0.1286,0.1297,376530.0,48675.7359
2026-05-21 01:00:00,0.1297,0.1306,0.1295,0.13,412338.0,53640.1227
2026-05-21 02:00:00,0.13,0.1311,0.1298,0.1304,442105.0,57770.1635
2026-05-21 03:00:00,0.1304,0.1314,0.1304,0.1311,671485.0,87987.7722
2026-05-21 04:00:00,0.1311,0.1315,0.1303,0.131,1484656.0,194114.4577
2026-05-21 05:00:00,0.131,0.131,0.1287,0.1292,373477.0,48512.0823
2026-05-21 06:00:00,0.1292,0.1297,0.129,0.1295,266063.0,34410.3102
2026-05-21 07:00:00,0.1295,0.1305,0.1291,0.1302,294845.0,38227.569
2026-05-21 08:00:00,0.1302,0.1308,0.1299,0.1301,1517322.0,198122.6294
2026-05-21 09:00:00,0.1301,0.1306,0.1293,0.1295,773527.0,100514.8787
2026-05-21 10:00:00,0.1295,0.1297,0.1276,0.1281,2067025.0,265560.0757
2026-05-21 11:00:00,0.1281,0.1287,0.1278,0.128,678247.0,87121.392
2026-05-21 12:00:00,0.128,0.129,0.1278,0.1288,286032.0,36788.5386
2026-05-21 13:00:00,0.1288,0.1298,0.1281,0.1296,588196.0,75765.1287
2026-05-21 14:00:00,0.1296,0.1298,0.1283,0.129,528706.0,68214.8326
2026-05-21 15:00:00,0.129,0.1302,0.1285,0.1295,942033.0,122216.6937
2026-05-21 16:00:00,0.1295,0.1298,0.1287,0.1293,854192.0,110300.9615
2026-05-21 17:00:00,0.1293,0.1325,0.1291,0.1319,1047259.0,137080.7092
2026-05-21 18:00:00,0.1319,0.1329,0.1305,0.1312,1050231.0,138456.0745
2026-05-21 19:00:00,0.1312,0.1327,0.1311,0.1327,468643.0,61657.3152
2026-05-21 20:00:00,0.1327,0.1334,0.1324,0.1329,2679254.0,355814.0064
2026-05-21 21:00:00,0.1329,0.1334,0.1322,0.1322,1202530.0,159909.5179
2026-05-21 22:00:00,0.1322,0.1327,0.1319,0.1321,547463.0,72297.0801
2026-05-21 23:00:00,0.1321,0.1325,0.1314,0.1322,427821.0,56514.1039
2026-05-22 00:00:00,0.1322,0.1324,0.1309,0.1311,423410.0,55672.0045
2026-05-22 01:00:00,0.1311,0.132,0.1308,0.132,690476.0,90571.4213
2026-05-22 02:00:00,0.132,0.1329,0.132,0.1325,778570.0,103056.8736
2026-05-22 03:00:00,0.1325,0.1336,0.1325,0.1336,529676.0,70466.693
2026-05-22 04:00:00,0.1336,0.1343,0.1329,0.1335,501930.0,67167.7404
2026-05-22 05:00:00,0.1335,0.1346,0.1332,0.1337,787218.0,105237.7462
2026-05-22 06:00:00,0.1337,0.1339,0.1325,0.1327,222496.0,29634.5342
2026-05-22 07:00:00,0.1327,0.1342,0.1322,0.1336,231796.0,30872.0414
2026-05-22 08:00:00,0.1336,0.1346,0.1333,0.1339,774943.0,103748.2285
2026-05-22 09:00:00,0.1339,0.1348,0.1337,0.1339,872864.0,117097.2145
2026-05-22 10:00:00,0.1339,0.1343,0.1331,0.1337,929425.0,124323.466
2026-05-22 11:00:00,0.1337,0.1352,0.1335,0.1348,1000310.0,134573.3169
2026-05-22 12:00:00,0.1348,0.1364,0.1347,0.1364,1792152.0,242581.8185
2026-05-22 13:00:00,0.1364,0.1366,0.135,0.1358,1779672.0,242218.5905
2026-05-22 14:00:00,0.1358,0.1358,0.1331,0.1335,1822918.0,244451.7025
2026-05-22 15:00:00,0.1335,0.1345,0.1329,0.1343,778459.0,104183.5112
2026-05-22 16:00:00,0.1343,0.1346,0.133,0.1338,704358.0,94080.8867
2026-05-22 17:00:00,0.1338,0.1346,0.133,0.1332,1276049.0,170658.5458
2026-05-22 18:00:00,0.1332,0.1333,0.1289,0.1307,2817007.0,368798.2516
2026-05-22 19:00:00,0.1307,0.1309,0.1276,0.129,2328739.0,300189.0439
2026-05-22 20:00:00,0.129,0.1293,0.1283,0.1293,427235.0,55050.0094
2026-05-22 21:00:00,0.1293,0.1297,0.1289,0.1292,438917.0,56806.4131
2026-05-22 22:00:00,0.1292,0.1293,0.1281,0.1285,330978.0,42571.2462
2026-05-22 23:00:00,0.1285,0.129,0.1257,0.1266,974407.0,124101.7614
2026-05-23 00:00:00,0.1266,0.127,0.1254,0.1269,555026.0,70112.5301
2026-05-23 01:00:00,0.1269,0.1276,0.1268,0.1275,528183.0,67214.9353
2026-05-23 02:00:00,0.1275,0.1279,0.1272,0.1278,216045.0,27580.2134
2026-05-23 03:00:00,0.1278,0.1283,0.1277,0.1278,225516.0,28886.0264
2026-05-23 04:00:00,0.1278,0.1279,0.1268,0.127,688001.0,87468.9728
2026-05-23 05:00:00,0.127,0.127,0.1262,0.1264,186745.0,23636.1866
2026-05-23 06:00:00,0.1264,0.1266,0.1259,0.1262,213099.0,26922.8753
2026-05-23 07:00:00,0.1262,0.1263,0.1214,0.1227,2482288.0,306082.7343
2026-05-23 08:00:00,0.1227,0.1229,0.1216,0.1228,926369.0,113548.0937
2026-05-23 09:00:00,0.1228,0.123,0.1221,0.1221,15575820.0,1909272.0539
2026-05-23 10:00:00,0.1221,0.1228,0.1221,0.1221,341603.0,41800.1879
2026-05-23 11:00:00,0.1221,0.1227,0.1218,0.122,384565.0,47110.1901
2026-05-23 12:00:00,0.122,0.1224,0.1213,0.1223,569230.0,69364.5051
2026-05-23 13:00:00,0.1223,0.1233,0.1222,0.1232,517362.0,63663.8979
2026-05-23 14:00:00,0.1232,0.1253,0.1228,0.1251,953351.0,118443.0943
2026-05-23 15:00:00,0.1251,0.1261,0.125,0.126,843215.0,105886.8651
2026-05-23 16:00:00,0.126,0.1271,0.1254,0.127,340018.0,42913.6441
2026-05-23 17:00:00,0.127,0.128,0.1267,0.1272,1040853.0,132617.5026
2026-05-23 18:00:00,0.1272,0.131,0.1271,0.1303,1049651.0,135508.7128
2026-05-23 19:00:00,0.1303,0.1304,0.1294,0.1298,193390.0,25089.8847
2026-05-23 20:00:00,0.1298,0.1337,0.1289,0.1337,1067482.0,139744.8497
2026-05-23 21:00:00,0.1337,0.1338,0.1302,0.1307,403212.0,52913.7668
2026-05-23 22:00:00,0.1307,0.1314,0.1294,0.1301,839374.0,109334.7268
2026-05-23 23:00:00,0.1301,0.1304,0.1296,0.1304,144114.0,18731.6583
2026-05-24 00:00:00,0.1304,0.1305,0.1294,0.1298,203313.0,26425.5465
2026-05-24 01:00:00,0.1298,0.1303,0.1295,0.1297,264599.0,34343.7869
2026-05-24 02:00:00,0.1297,0.1298,0.1286,0.1291,190812.0,24606.8557
2026-05-24 03:00:00,0.1291,0.1295,0.1282,0.1286,701172.0,90237.6767
2026-05-24 04:00:00,0.1286,0.1288,0.1281,0.1282,436583.0,56181.9479
2026-05-24 05:00:00,0.1282,0.1283,0.1271,0.1275,1160420.0,147794.4144
2026-05-24 06:00:00,0.1275,0.1286,0.1272,0.1284,710988.0,90849.3094
2026-05-24 07:00:00,0.1284,0.1289,0.1281,0.1283,841986.0,108227.8718
2026-05-24 08:00:00,0.1283,0.1288,0.1281,0.1284,171299.0,22007.9532
2026-05-24 09:00:00,0.1284,0.1295,0.1281,0.129,1172449.0,151273.1541
2026-05-24 10:00:00,0.129,0.1293,0.1278,0.1281,846324.0,108570.6573
2026-05-24 11:00:00,0.1281,0.1283,0.1278,0.128,968763.0,124019.4356
2026-05-24 12:00:00,0.128,0.128,0.1267,0.1275,1014746.0,128987.3178
2026-05-24 13:00:00,0.1275,0.1277,0.1256,0.1262,1015881.0,128329.3806
2026-05-24 14:00:00,0.1262,0.1265,0.1248,0.1261,1110839.0,139594.0461
2026-05-24 15:00:00,0.1261,0.1264,0.1257,0.126,491859.0,62045.3279
2026-05-24 16:00:00,0.126,0.1268,0.1259,0.1266,206443.0,26040.6385
2026-05-24 17:00:00,0.1266,0.127,0.1263,0.1267,210870.0,26710.8238
2026-05-24 18:00:00,0.1267,0.127,0.1262,0.1264,247945.0,31327.0883
2026-05-24 19:00:00,0.1264,0.1268,0.1261,0.1263,87129.0,11017.6402
2026-05-24 20:00:00,0.1263,0.1265,0.1252,0.1254,259401.0,32612.0174
2026-05-24 21:00:00,0.1254,0.1256,0.1229,0.1233,749356.0,93009.739
2026-05-24 22:00:00,0.1233,0.1255,0.1233,0.1248,353520.0,44094.4063
2026-05-24 23:00:00,0.1248,0.1257,0.1248,0.1255,342353.0,42891.811
2026-05-25 00:00:00,0.1255,0.1262,0.1255,0.126,226862.0,28562.3685
2026-05-25 01:00:00,0.126,0.1261,0.125,0.125,365300.0,45886.3187
2026-05-25 02:00:00,0.125,0.1261,0.125,0.1253,59948.0,7533.617
2026-05-25 03:00:00,0.1253,0.1254,0.1247,0.1248,396061.0,49449.2962
2026-05-25 04:00:00,0.1248,0.1267,0.1247,0.1263,304706.0,38266.3143
2026-05-25 05:00:00,0.1263,0.1275,0.1263,0.1271,471765.0,59956.4147
2026-05-25 06:00:00,0.1271,0.1276,0.1264,0.1273,399080.0,50574.3545
2026-05-25 07:00:00,0.1273,0.1277,0.1267,0.1273,425396.0,54014.4989
2026-05-25 08:00:00,0.1273,0.1283,0.1272,0.1283,280333.0,35836.1017
2026-05-25 09:00:00,0.1283,0.1283,0.1276,0.1278,525927.0,67344.9634
2026-05-25 10:00:00,0.1278,0.1292,0.1275,0.129,904209.0,116376.7715
2026-05-25 11:00:00,0.129,0.1295,0.1283,0.1285,704018.0,90822.8986
2026-05-25 12:00:00,0.1285,0.1299,0.1281,0.1296,891256.0,114824.9575
2026-05-25 13:00:00,0.1296,0.1306,0.1291,0.1304,708768.0,91837.8463
2026-05-25 14:00:00,0.1304,0.1312,0.1302,0.1306,906626.0,118429.9994
2026-05-25 15:00:00,0.1306,0.1313,0.1299,0.1304,1085924.0,141784.1269
2026-05-25 16:00:00,0.1304,0.1322,0.1303,0.132,1006884.0,131938.6536
2026-05-25 17:00:00,0.132,0.1321,0.1311,0.1314,654387.0,86047.0953
2026-05-25 18:00:00,0.1314,0.1322,0.1311,0.1312,1286992.0,169483.3224
2026-05-25 19:00:00,0.1312,0.1312,0.1302,0.1308,975483.0,127492.7033
2026-05-25 20:00:00,0.1308,0.1317,0.1299,0.1306,336038.0,43965.7351
2026-05-25 21:00:00,0.1306,0.1309,0.1302,0.1308,263196.0,34384.3697
2026-05-25 22:00:00,0.1308,0.1308,0.1287,0.1288,754820.0,97390.2936
2026-05-25 23:00:00,0.1288,0.1302,0.1287,0.1295,230130.0,29784.914
2026-05-26 00:00:00,0.1295,0.1297,0.1276,0.1289,1173946.0,150845.7683
2026-05-26 01:00:00,0.1289,0.1289,0.1271,0.1281,387702.0,49526.0909
2026-05-26 02:00:00,0.1281,0.1282,0.1274,0.1279,212352.0,27182.7589
2026-05-26 03:00:00,0.1279,0.128,0.1271,0.1279,370793.0,47341.6736
2026-05-26 04:00:00,0.1279,0.1288,0.1272,0.1287,760077.0,97245.9616
2026-05-26 05:00:00,0.1287,0.1308,0.1285,0.1302,1274680.0,165554.4843
2026-05-26 06:00:00,0.1302,0.1307,0.1291,0.1302,602843.0,78371.2636
2026-05-26 07:00:00,0.1302,0.1305,0.1285,0.1297,717846.0,92913.1871
2026-05-26 08:00:00,0.1297,0.1311,0.1297,0.1307,975932.0,127522.8139
2026-05-26 09:00:00,0.1307,0.1317,0.1304,0.1314,1467581.0,192566.5603
2026-05-26 10:00:00,0.1314,0.1343,0.1308,0.1336,1308638.0,174131.9194
2026-05-26 11:00:00,0.1336,0.1337,0.1328,0.1333,1058969.0,141088.6489
2026-05-26 12:00:00,0.1333,0.1335,0.1322,0.1328,1349448.0,179186.0732
2026-05-26 13:00:00,0.1328,0.1331,0.1309,0.1326,971951.0,128445.0762
2026-05-26 14:00:00,0.1326,0.1344,0.1319,0.1328,1670202.0,222122.0551
2026-05-26 15:00:00,0.1328,0.1329,0.1304,0.1316,1758228.0,231077.585
2026-05-26 16:00:00,0.1316,0.1316,0.1298,0.1307,1913880.0,249640.4776
2026-05-26 17:00:00,0.1307,0.1313,0.1272,0.1286,2934822.0,378528.9183
2026-05-26 18:00:00,0.1286,0.1295,0.1281,0.1285,646618.0,83144.9333
2026-05-26 19:00:00,0.1285,0.1294,0.1278,0.129,1134183.0,145829.2704
2026-05-26 20:00:00,0.129,0.1294,0.1285,0.1291,897599.0,115792.9457
2026-05-26 21:00:00,0.1291,0.1293,0.1279,0.1281,595107.0,76579.8164
2026-05-26 22:00:00,0.1281,0.1286,0.1275,0.1278,350128.0,44855.0203
2026-05-26 23:00:00,0.1278,0.1287,0.1277,0.1278,1354300.0,174124.7669
2026-05-27 00:00:00,0.1278,0.1288,0.1277,0.1288,245944.0,31613.4005
2026-05-27 01:00:00,0.1288,0.1289,0.128,0.1282,1525002.0,195435.1342
2026-05-27 02:00:00,0.1282,0.1283,0.1267,0.1276,811971.0,103409.7603
2026-05-27 03:00:00,0.1276,0.1287,0.127,0.1271,561289.0,71811.0936
2026-05-27 04:00:00,0.1271,0.1272,0.1251,0.1267,1574021.0,198330.119
2026-05-27 05:00:00,0.1267,0.1278,0.1265,0.1278,795315.0,101194.7713
2026-05-27 06:00:00,0.1278,0.1286,0.1275,0.1284,495497.0,63565.1682
2026-05-27 07:00:00,0.1284,0.1286,0.1276,0.1283,574827.0,73570.0792
2026-05-27 08:00:00,0.1283,0.1289,0.1273,0.1273,470247.0,60319.1764
2026-05-27 09:00:00,0.1273,0.1275,0.1263,0.1266,621359.0,78782.7295
2026-05-27 10:00:00,0.1266,0.127,0.1261,0.1269,1049813.0,132873.4355
2026-05-27 11:00:00,0.1269,0.1276,0.1266,0.1267,430917.0,54726.3984
2026-05-27 12:00:00,0.1267,0.1288,0.1263,0.128,2256275.0,288872.7391
2026-05-27 13:00:00,0.128,0.1282,0.1254,0.1266,3832106.0,484318.2536
2026-05-27 14:00:00,0.1266,0.1275,0.1256,0.1272,1416705.0,179302.3273
2026-05-27 15:00:00,0.1272,0.1302,0.127,0.1296,1897806.0,244704.5971
2026-05-27 16:00:00,0.1296,0.1304,0.1281,0.129,1608998.0,207980.8805
2026-05-27 17:00:00,0.129,0.1291,0.1263,0.1268,2636791.0,334928.0577
2026-05-27 18:00:00,0.1268,0.1282,0.1259,0.128,1218369.0,154212.8062
2026-05-27 19:00:00,0.128,0.1289,0.1278,0.1281,889578.0,114024.7741
2026-05-27 20:00:00,0.1281,0.1286,0.1275,0.1285,1151130.0,147303.964
2026-05-27 21:00:00,0.1285,0.1286,0.1224,0.1238,2966783.0,369240.2636
2026-05-27 22:00:00,0.1238,0.1247,0.1233,0.1237,900427.0,111794.6008
2026-05-27 23:00:00,0.1237,0.124,0.1229,0.1237,509752.0,62941.0003
2026-05-28 00:00:00,0.1237,0.124,0.1228,0.1232,231097.0,28445.2321
2026-05-28 01:00:00,0.1232,0.1233,0.1211,0.1225,2006044.0,245128.3475
2026-05-28 02:00:00,0.1225,0.123,0.1219,0.122,395173.0,48485.4042
2026-05-28 03:00:00,0.122,0.1222,0.1182,0.1197,15067105.0,1807984.6445
2026-05-28 04:00:00,0.1197,0.1197,0.1158,0.1178,4192651.0,497362.0642
2026-05-28 05:00:00,0.1178,0.1179,0.1157,0.1166,439826.0,51217.643
2026-05-28 06:00:00,0.1166,0.1174,0.116,0.1168,1758334.0,205639.8181
2026-05-28 07:00:00,0.1168,0.118,0.1165,0.1179,246018.0,28829.9344
2026-05-28 08:00:00,0.1179,0.1181,0.1171,0.1172,844888.0,99409.5211
2026-05-28 09:00:00,0.1172,0.1182,0.1171,0.118,1436463.0,168886.7452
2026-05-28 10:00:00,0.118,0.1184,0.1167,0.1167,525975.0,61857.834
2026-05-28 11:00:00,0.1167,0.117,0.1162,0.1167,819244.0,95485.679
2026-05-28 12:00:00,0.1167,0.1171,0.1155,0.1171,1414782.0,164571.2523
2026-05-28 13:00:00,0.1171,0.1174,0.1161,0.1168,861414.0,100455.2685
2026-05-28 14:00:00,0.1168,0.1169,0.1142,0.1158,3130197.0,361967.0161
2026-05-28 15:00:00,0.1158,0.116,0.1136,0.1151,1852555.0,212220.5675
2026-05-28 16:00:00,0.1151,0.1175,0.1141,0.1171,1199326.0,138953.4243
2026-05-28 17:00:00,0.1171,0.1196,0.1167,0.1194,2651622.0,313023.2601
2026-05-28 18:00:00,0.1194,0.121,0.1192,0.1205,2137753.0,257137.5399
2026-05-28 19:00:00,0.1205,0.1206,0.1192,0.1195,1538954.0,184259.037
2026-05-28 20:00:00,0.1195,0.1203,0.1181,0.1196,3862504.0,461101.151
2026-05-28 21:00:00,0.1196,0.1204,0.1192,0.1196,730844.0,87517.234
2026-05-28 22:00:00,0.1196,0.1199,0.1176,0.1182,853187.0,101096.851
2026-05-28 23:00:00,0.1182,0.1191,0.1181,0.1184,201186.0,23873.1308
2026-05-29 00:00:00,0.1184,0.1195,0.1184,0.119,237449.0,28243.4038
2026-05-29 01:00:00,0.119,0.1195,0.1181,0.1189,275532.0,32699.2495
2026-05-29 02:00:00,0.1189,0.1193,0.117,0.1173,483551.0,56935.8954
2026-05-29 03:00:00,0.1173,0.1183,0.1173,0.1174,843001.0,99221.397
2026-05-29 04:00:00,0.1174,0.1178,0.1164,0.1178,1392532.0,162958.2028
2026-05-29 05:00:00,0.1178,0.1188,0.1178,0.1187,562584.0,66545.5712
2026-05-29 06:00:00,0.1187,0.1195,0.1181,0.1189,888651.0,105417.7558
2026-05-29 07:00:00,0.1189,0.1194,0.1174,0.1182,989397.0,116949.5829
2026-05-29 08:00:00,0.1182,0.1188,0.1176,0.1179,838781.0,98940.5428
2026-05-29 09:00:00,0.1179,0.119,0.1177,0.1189,451364.0,53541.7026
2026-05-29 10:00:00,0.1189,0.1189,0.1177,0.1184,753226.0,89145.542
2026-05-29 11:00:00,0.1184,0.1185,0.1166,0.1172,730089.0,85738.2717
2026-05-29 12:00:00,0.1172,0.1173,0.1159,0.1162,1227077.0,142811.8789
2026-05-29 13:00:00,0.1162,0.1163,0.1152,0.1155,1439105.0,166382.8613
2026-05-29 14:00:00,0.1155,0.1168,0.1137,0.1165,5577284.0,639446.9816
2026-05-29 15:00:00,0.1165,0.1212,0.1161,0.12,2220339.0,264491.9328
2026-05-29 16:00:00,0.12,0.1212,0.1192,0.121,1437271.0,173017.322
2026-05-29 17:00:00,0.121,0.122,0.1202,0.1205,692983.0,84132.5928
2026-05-29 18:00:00,0.1205,0.1209,0.1186,0.1189,490810.0,58637.0492
2026-05-29 19:00:00,0.1189,0.1195,0.1177,0.1192,1954120.0,232046.5761
2026-05-29 20:00:00,0.1192,0.1197,0.1188,0.119,657368.0,78420.2601
2026-05-29 21:00:00,0.119,0.1197,0.1177,0.1177,670598.0,79421.1264
2026-05-29 22:00:00,0.1177,0.1187,0.1176,0.1185,178959.0,21132.6888
2026-05-29 23:00:00,0.1185,0.1188,0.118,0.1185,343242.0,40695.5821
2026-05-30 00:00:00,0.1185,0.1199,0.1184,0.1198,476883.0,56874.663
2026-05-30 01:00:00,0.1198,0.1215,0.1197,0.1214,454937.0,54965.4888
2026-05-30 02:00:00,0.1214,0.123,0.1214,0.1229,684969.0,83572.7682
2026-05-30 03:00:00,0.1229,0.1233,0.1214,0.122,469373.0,57318.2218
2026-05-30 04:00:00,0.122,0.1224,0.1192,0.1208,653233.0,78615.2044
2026-05-30 05:00:00,0.1208,0.1217,0.1201,0.1214,426362.0,51667.5128
2026-05-30 06:00:00,0.1214,0.1219,0.1208,0.1209,408723.0,49587.368
2026-05-30 07:00:00,0.1209,0.1215,0.1204,0.121,664922.0,80236.8804
2026-05-30 08:00:00,0.121,0.1211,0.1203,0.1203,283074.0,34172.0874
2026-05-30 09:00:00,0.1203,0.1214,0.1203,0.121,711126.0,86063.9564
2026-05-30 10:00:00,0.121,0.1214,0.1206,0.1208,301692.0,36513.0768
2026-05-30 11:00:00,0.1208,0.121,0.1202,0.1207,372959.0,44944.9646
2026-05-30 12:00:00,0.1207,0.121,0.1204,0.1209,195203.0,23572.1129
2026-05-30 13:00:00,0.1209,0.1213,0.1198,0.1206,319086.0,38404.1089
2026-05-30 14:00:00,0.1206,0.1216,0.1205,0.1212,806986.0,97760.0417
2026-05-30 15:00:00,0.1212,0.1217,0.1203,0.1212,501045.0,60638.1735
2026-05-30 16:00:00,0.1212,0.1218,0.1209,0.1213,367828.0,44630.039
2026-05-30 17:00:00,0.1213,0.1215,0.1205,0.1214,474693.0,57456.9721
2026-05-30 18:00:00,0.1214,0.1219,0.1211,0.1217,300167.0,36462.8221
2026-05-30 19:00:00,0.1217,0.1219,0.1209,0.1215,177497.0,21547.0486
2026-05-30 20:00:00,0.1215,0.1217,0.1214,0.1215,217341.0,26409.7226
2026-05-30 21:00:00,0.1215,0.1221,0.1214,0.1219,324531.0,39520.1697
2026-05-30 22:00:00,0.1219,0.1219,0.1198,0.1202,1357082.0,163671.3742
2026-05-30 23:00:00,0.1202,0.1206,0.1198,0.1204,322330.0,38750.4729
2026-05-31 00:00:00,0.1204,0.1209,0.1201,0.1208,96979.0,11687.7118
2026-05-31 01:00:00,0.1208,0.1213,0.1204,0.1209,225564.0,27227.9075
2026-05-31 02:00:00,0.1209,0.1219,0.1205,0.1211,645955.0,78358.9195
2026-05-31 03:00:00,0.1211,0.1216,0.1207,0.1212,167457.0,20300.7363
2026-05-31 04:00:00,0.1212,0.1217,0.121,0.1216,124448.0,15116.7452
2026-05-31 05:00:00,0.1216,0.1217,0.1206,0.1208,228075.0,27621.2094
2026-05-31 06:00:00,0.1208,0.1208,0.1203,0.1204,1053090.0,126938.9246
2026-05-31 07:00:00,0.1204,0.1204,0.1188,0.1191,1468075.0,175023.2601
2026-05-31 08:00:00,0.1191,0.1197,0.1187,0.1191,1381516.0,164568.3523
2026-05-31 09:00:00,0.1191,0.1199,0.1188,0.1189,896712.0,106992.4536
2026-05-31 10:00:00,0.1189,0.1192,0.1182,0.119,558960.0,66339.0429
2026-05-31 11:00:00,0.119,0.1196,0.1189,0.1193,356682.0,42538.0876
2026-05-31 12:00:00,0.1193,0.1198,0.1188,0.1194,369179.0,44057.9448
2026-05-31 13:00:00,0.1194,0.12,0.1191,0.1196,824073.0,98619.162
2026-05-31 14:00:00,0.1196,0.1197,0.1167,0.117,3178809.0,374699.5013
2026-05-31 15:00:00,0.117,0.1182,0.1168,0.1173,1065654.0,125554.9783
2026-05-31 16:00:00,0.1173,0.1176,0.1158,0.1161,1556097.0,181279.9998
2026-05-31 17:00:00,0.1161,0.1164,0.1154,0.1159,1010285.0,117100.3496
2026-05-31 18:00:00,0.1159,0.1161,0.1152,0.1158,536800.0,62055.3735
2026-05-31 19:00:00,0.1158,0.116,0.1147,0.1151,815609.0,93960.5577
2026-05-31 20:00:00,0.1151,0.1161,0.1151,0.1161,548578.0,63440.133
2026-05-31 21:00:00,0.1161,0.1182,0.1159,0.1182,640772.0,74832.4893
2026-05-31 22:00:00,0.1182,0.1188,0.1176,0.1186,1013699.0,120008.2985
2026-05-31 23:00:00,0.1186,0.1194,0.1173,0.1185,1327104.0,157448.1611
2026-06-01 00:00:00,0.1185,0.1195,0.1183,0.1189,518967.0,61825.9096
2026-06-01 01:00:00,0.1189,0.1189,0.1166,0.1168,843352.0,98897.4141
2026-06-01 02:00:00,0.1168,0.1198,0.1163,0.1195,548659.0,64449.9163
2026-06-01 03:00:00,0.1195,0.1211,0.1195,0.1204,352173.0,42412.2287
2026-06-01 04:00:00,0.1204,0.121,0.1182,0.1189,221526.0,26450.2494
2026-06-01 05:00:00,0.1189,0.119,0.1175,0.1177,324872.0,38370.257
2026-06-01 06:00:00,0.1177,0.1179,0.1157,0.1165,1123984.0,130730.1032
2026-06-01 07:00:00,0.1165,0.117,0.1152,0.1155,566724.0,65770.9295
2026-06-01 08:00:00,0.1155,0.116,0.1149,0.1158,817471.0,94474.2575
2026-06-01 09:00:00,0.1158,0.1168,0.1155,0.1162,637727.0,74155.9876
2026-06-01 10:00:00,0.1162,0.1165,0.1154,0.1163,409232.0,47486.2988
2026-06-01 11:00:00,0.1163,0.117,0.116,0.1163,775935.0,90425.8109
2026-06-01 12:00:00,0.1163,0.117,0.1153,0.1166,1047463.0,121688.4899
2026-06-01 13:00:00,0.1166,0.1168,0.114,0.1152,1403605.0,161814.5383
2026-06-01 14:00:00,0.1152,0.1159,0.1146,0.1156,1021364.0,117848.9436
2026-06-01 15:00:00,0.1156,0.1168,0.1149,0.1164,690814.0,80175.3537
2026-06-01 16:00:00,0.1164,0.1195,0.1156,0.1192,1335286.0,156932.2544
2026-06-01 17:00:00,0.1192,0.1232,0.119,0.1227,2107894.0,256335.3294
2026-06-01 18:00:00,0.1227,0.1245,0.1217,0.123,2468779.0,303633.5587
2026-06-01 19:00:00,0.123,0.1248,0.122,0.1246,1958112.0,240853.7276
2026-06-01 20:00:00,0.1246,0.1249,0.1229,0.1237,1631262.0,201876.9207
2026-06-01 21:00:00,0.1237,0.1238,0.1217,0.1226,656756.0,80515.5908
2026-06-01 22:00:00,0.1226,0.1233,0.1213,0.1233,1179901.0,144255.5242
2026-06-01 23:00:00,0.1233,0.1244,0.1227,0.1243,1090595.0,134746.6119
2026-06-02 00:00:00,0.1243,0.125,0.1228,0.1228,1692147.0,209839.1584
2026-06-02 01:00:00,0.1228,0.123,0.1204,0.1206,964941.0,117046.5303
2026-06-02 02:00:00,0.1206,0.1211,0.119,0.121,1920387.0,229924.2442
2026-06-02 03:00:00,0.121,0.1238,0.1209,0.1236,718002.0,87571.3286
2026-06-02 04:00:00,0.1236,0.1244,0.1224,0.1225,342314.0,42254.172
2026-06-02 05:00:00,0.1225,0.1227,0.1214,0.1219,401784.0,49034.6713
2026-06-02 06:00:00,0.1219,0.1228,0.1209,0.1224,1021557.0,124576.1945
2026-06-02 07:00:00,0.1224,0.1241,0.1208,0.1235,1050448.0,128940.0994
2026-06-02 08:00:00,0.1235,0.1238,0.122,0.1226,764811.0,94070.6367
2026-06-02 09:00:00,0.1226,0.123,0.1214,0.1217,1031433.0,125726.2082
2026-06-02 10:00:00,0.1217,0.1254,0.1214,0.1253,1936143.0,239391.2213
2026-06-02 11:00:00,0.1253,0.1253,0.1233,0.1239,1285380.0,159671.2456
2026-06-02 12:00:00,0.1239,0.1248,0.1228,0.1248,1591752.0,196971.509
2026-06-02 13:00:00,0.1248,0.1265,0.1242,0.1248,2212118.0,276689.1261
2026-06-02 14:00:00,0.1248,0.1249,0.1169,0.1191,6774065.0,817493.1122
2026-06-02 15:00:00,0.1191,0.1191,0.1152,0.1168,5110936.0,597216.1169
2026-06-02 16:00:00,0.1168,0.1208,0.116,0.119,1418905.0,168938.2942
2026-06-02 17:00:00,0.119,0.123,0.119,0.1218,1923274.0,234010.3704
2026-06-02 18:00:00,0.1218,0.1233,0.1184,0.1191,3251253.0,390883.5346
2026-06-02 19:00:00,0.1191,0.1196,0.1156,0.1185,2882883.0,338575.9269
2026-06-02 20:00:00,0.1185,0.12,0.117,0.1194,800795.0,94942.6902
2026-06-02 21:00:00,0.1194,0.1211,0.1184,0.1189,1320639.0,158098.9272
2026-06-02 22:00:00,0.1189,0.119,0.1152,0.1156,1155063.0,134664.0585
2026-06-02 23:00:00,0.1156,0.1167,0.113,0.1155,2326424.0,266722.827
2026-06-03 00:00:00,0.1155,0.1178,0.1155,0.1168,167694.0,19597.0818
2026-06-03 01:00:00,0.1168,0.1186,0.1158,0.1185,407438.0,47533.6781
2026-06-03 02:00:00,0.1185,0.1189,0.1173,0.1188,178917.0,21148.4817
2026-06-03 03:00:00,0.1188,0.1191,0.1148,0.1152,1174646.0,136610.5631
2026-06-03 04:00:00,0.1152,0.1205,0.1152,0.1205,1122239.0,132473.175
2026-06-03 05:00:00,0.1205,0.1237,0.1203,0.1236,1502812.0,184592.4536
2026-06-03 06:00:00,0.1236,0.1244,0.1225,0.1235,1328376.0,163944.2095
2026-06-03 07:00:00,0.1235,0.1267,0.1231,0.1264,1995663.0,250875.3703
2026-06-03 08:00:00,0.1264,0.1285,0.1262,0.1269,2605469.0,330852.2486
2026-06-03 09:00:00,0.1269,0.1277,0.1248,0.1266,1499492.0,189472.3311
2026-06-03 10:00:00,0.1266,0.1325,0.1266,0.132,2990955.0,388218.3473
2026-06-03 11:00:00,0.132,0.1328,0.1276,0.1291,2883703.0,375082.7842
2026-06-03 12:00:00,0.1291,0.1291,0.1265,0.1279,679305.0,86721.2402
2026-06-03 13:00:00,0.1279,0.1286,0.1265,0.1283,1532311.0,195470.4301
2026-06-03 14:00:00,0.1283,0.1293,0.1271,0.1292,501112.0,64320.7959
2026-06-03 15:00:00,0.1292,0.1292,0.1252,0.1254,985713.0,124444.2009
2026-06-03 16:00:00,0.1254,0.1255,0.1218,0.1236,4605976.0,568526.8195
2026-06-03 17:00:00,0.1236,0.1256,0.1215,0.125,2731046.0,338620.4831
2026-06-03 18:00:00,0.125,0.1256,0.1229,0.1249,1773671.0,220903.5667
2026-06-03 19:00:00,0.1249,0.125,0.1227,0.1229,1001970.0,124158.7861
2026-06-03 20:00:00,0.1229,0.1239,0.1198,0.1203,1673663.0,203970.5732
2026-06-03 21:00:00,0.1203,0.1253,0.1201,0.1252,1245142.0,153108.2154
2026-06-03 22:00:00,0.1252,0.1259,0.1238,0.1245,526199.0,65575.444
2026-06-03 23:00:00,0.1245,0.1245,0.1224,0.1227,684734.0,84350.7976
2026-06-04 00:00:00,0.1227,0.1244,0.12,0.1209,1694039.0,206525.4199
2026-06-04 01:00:00,0.1209,0.122,0.1138,0.1141,4389860.0,511840.6308
2026-06-04 02:00:00,0.1141,0.1145,0.1073,0.1129,7139519.0,795821.3897
2026-06-04 03:00:00,0.1129,0.116,0.1129,0.1153,2324428.0,267020.4694
2026-06-04 04:00:00,0.1153,0.116,0.1122,0.1122,780869.0,88702.9243
2026-06-04 05:00:00,0.1122,0.1122,0.1094,0.111,2727605.0,301682.7636
2026-06-04 06:00:00,0.111,0.1123,0.1105,0.1105,788339.0,87902.6585
2026-06-04 07:00:00,0.1105,0.1109,0.1076,0.1077,7689599.0,837515.4442
2026-06-04 08:00:00,0.1077,0.1086,0.1055,0.107,7221790.0,770263.5013
2026-06-04 09:00:00,0.107,0.107,0.1042,0.1059,11322130.0,1193577.75
2026-06-04 10:00:00,0.1059,0.1066,0.1041,0.1047,2299787.0,242705.7149
2026-06-04 11:00:00,0.1047,0.1069,0.1042,0.1069,2995689.0,316192.2547
2026-06-04 12:00:00,0.1069,0.1104,0.1053,0.11,2863283.0,309486.0218
2026-06-04 13:00:00,0.11,0.113,0.1084,0.1117,1746375.0,193516.379
2026-06-04 14:00:00,0.1117,0.1128,0.1106,0.1116,581264.0,64828.4363
2026-06-04 15:00:00,0.1116,0.115,0.1114,0.115,1821267.0,206421.8335
2026-06-04 16:00:00,0.115,0.1164,0.1138,0.1154,2008840.0,231867.0664
2026-06-04 17:00:00,0.1154,0.117,0.1129,0.1136,3020327.0,345475.044
2026-06-04 18:00:00,0.1136,0.118,0.1123,0.1179,3087398.0,355180.2811
2026-06-04 19:00:00,0.1179,0.1191,0.1161,0.1174,3154940.0,371595.3929
2026-06-04 20:00:00,0.1174,0.1174,0.1137,0.1144,2505963.0,288811.8543
2026-06-04 21:00:00,0.1144,0.1148,0.11,0.1101,3077076.0,344046.1321
2026-06-04 22:00:00,0.1101,0.1113,0.1095,0.1109,3313646.0,365638.0182
2026-06-04 23:00:00,0.1109,0.1123,0.1101,0.112,1328043.0,147828.0464
2026-06-05 00:00:00,0.112,0.1127,0.11,0.1102,340241.0,37959.8602
2026-06-05 01:00:00,0.1102,0.112,0.1086,0.1117,494031.0,54216.7715
2026-06-05 02:00:00,0.1117,0.1118,0.1079,0.1082,587805.0,64552.042
2026-06-05 03:00:00,0.1082,0.1091,0.1071,0.1073,393631.0,42507.8143
2026-06-05 04:00:00,0.1073,0.1097,0.1069,0.1091,871726.0,94157.323
2026-06-05 05:00:00,0.1091,0.1102,0.1061,0.1062,2039218.0,218990.3733
2026-06-05 06:00:00,0.1062,0.1063,0.1001,0.1036,3827857.0,396512.2792
2026-06-05 07:00:00,0.1036,0.1071,0.1013,0.1066,3244662.0,340506.5421
2026-06-05 08:00:00,0.1066,0.1068,0.1038,0.1047,1782586.0,187939.5686
2026-06-05 09:00:00,0.1047,0.1071,0.1047,0.1065,1154276.0,122710.6994
2026-06-05 10:00:00,0.1065,0.1067,0.1043,0.1047,1701881.0,178985.0004
2026-06-05 11:00:00,0.1047,0.1048,0.1025,0.1026,4533650.0,468672.2618
2026-06-05 12:00:00,0.1026,0.1032,0.101,0.1023,4441459.0,453507.4138
2026-06-05 13:00:00,0.1023,0.1045,0.1001,0.1002,4120330.0,422501.8118
2026-06-05 14:00:00,0.1002,0.1037,0.0993,0.1022,5434231.0,553974.9998
2026-06-05 15:00:00,0.1022,0.1023,0.0986,0.0995,5002166.0,500823.1733
2026-06-05 16:00:00,0.0995,0.1001,0.0956,0.0997,6358002.0,621070.7054
2026-06-05 17:00:00,0.0997,0.1,0.0973,0.0978,2349615.0,230785.0876
2026-06-05 18:00:00,0.0978,0.0984,0.0925,0.093,6131687.0,584481.4275
2026-06-05 19:00:00,0.093,0.0964,0.0915,0.0958,2644490.0,248568.8205
2026-06-05 20:00:00,0.0958,0.0994,0.0949,0.0994,3529969.0,345726.5524
2026-06-05 21:00:00,0.0994,0.1005,0.0991,0.0994,3408295.0,340780.7731
2026-06-05 22:00:00,0.0994,0.0994,0.0973,0.099,2509107.0,246779.6713
2026-06-05 23:00:00,0.099,0.0993,0.0959,0.0977,2032958.0,197314.702
2026-06-06 00:00:00,0.0977,0.0999,0.0977,0.0995,1612424.0,158809.5968
2026-06-06 01:00:00,0.0995,0.0999,0.0976,0.0979,899516.0,88305.1903
2026-06-06 02:00:00,0.0979,0.0983,0.0967,0.0967,3310752.0,323175.2322
2026-06-06 03:00:00,0.0967,0.0967,0.0949,0.0953,2807765.0,268343.5271
2026-06-06 04:00:00,0.0953,0.0958,0.0902,0.0909,2387387.0,220303.0778
2026-06-06 05:00:00,0.0909,0.0953,0.0896,0.0952,5757235.0,537611.2101
2026-06-06 06:00:00,0.0952,0.0964,0.0949,0.0951,1489873.0,142289.5833
2026-06-06 07:00:00,0.0951,0.0967,0.0949,0.0956,1993648.0,189947.1918
2026-06-06 08:00:00,0.0956,0.0974,0.0953,0.0972,1478600.0,142502.0495
2026-06-06 09:00:00,0.0972,0.0987,0.0959,0.0959,1374341.0,134035.7704
2026-06-06 10:00:00,0.0959,0.096,0.0936,0.0951,1588133.0,149829.4568
2026-06-06 11:00:00,0.0951,0.0969,0.0947,0.0966,6727940.0,647280.1894
2026-06-06 12:00:00,0.0966,0.0971,0.0951,0.0965,1801421.0,173401.3943
2026-06-06 13:00:00,0.0965,0.0975,0.0959,0.0962,2891794.0,278388.7487
2026-06-06 14:00:00,0.0962,0.0975,0.0961,0.0962,2520573.0,244307.0832
2026-06-06 15:00:00,0.0962,0.0962,0.0941,0.0947,3047563.0,289411.5685
2026-06-06 16:00:00,0.0947,0.0954,0.0938,0.0948,2948781.0,279006.9203
2026-06-06 17:00:00,0.0948,0.0949,0.093,0.0935,3296368.0,309921.1403
2026-06-06 18:00:00,0.0935,0.095,0.0934,0.0941,2194765.0,206617.0245
2026-06-06 19:00:00,0.0941,0.0948,0.0929,0.0929,4541955.0,425743.8764
2026-06-06 20:00:00,0.0929,0.0934,0.0925,0.0932,3417477.0,317155.2274
2026-06-06 21:00:00,0.0932,0.094,0.093,0.093,284314.0,26575.2062
2026-06-06 22:00:00,0.093,0.0934,0.0924,0.0926,1191561.0,110421.99
2026-06-06 23:00:00,0.0926,0.0939,0.0925,0.0937,455467.0,42565.2954
2026-06-07 00:00:00,0.0937,0.0944,0.0932,0.0933,230981.0,21639.1373
2026-06-07 01:00:00,0.0933,0.0965,0.0933,0.0962,704743.0,67408.4883
2026-06-07 02:00:00,0.0962,0.0963,0.0941,0.0947,932666.0,88782.5297
2026-06-07 03:00:00,0.0947,0.0952,0.0941,0.0947,669540.0,63249.6351
2026-06-07 04:00:00,0.0947,0.0947,0.094,0.0946,416377.0,39305.5474
2026-06-07 05:00:00,0.0946,0.0955,0.0943,0.0945,474077.0,44943.8335
2026-06-07 06:00:00,0.0945,0.0961,0.0938,0.0953,3893731.0,371728.8331
2026-06-07 07:00:00,0.0953,0.096,0.0951,0.0955,757973.0,72415.788
2026-06-07 08:00:00,0.0955,0.0972,0.0944,0.097,983540.0,94500.3346
2026-06-07 09:00:00,0.097,0.0976,0.0961,0.0965,1229926.0,119075.7349
2026-06-07 10:00:00,0.0965,0.0968,0.0955,0.0955,929443.0,89289.1403
2026-06-07 11:00:00,0.0955,0.0971,0.0954,0.0961,831108.0,79934.5083
2026-06-07 12:00:00,0.0961,0.0962,0.0929,0.0942,5094967.0,479571.1614
2026-06-07 13:00:00,0.0942,0.0949,0.094,0.0944,376669.0,35645.7136
2026-06-07 14:00:00,0.0944,0.0968,0.0944,0.0963,1593386.0,152443.365
2026-06-07 15:00:00,0.0963,0.0965,0.0952,0.0958,3592680.0,343570.9933
2026-06-07 16:00:00,0.0958,0.0959,0.0947,0.0954,1777212.0,169564.9182
2026-06-07 17:00:00,0.0954,0.096,0.0948,0.0952,1818398.0,173649.8629
2026-06-07 18:00:00,0.0952,0.0958,0.0939,0.0939,6538259.0,622102.2617
2026-06-07 19:00:00,0.0939,0.0942,0.0916,0.0924,4105152.0,380192.2911
2026-06-07 20:00:00,0.0924,0.0946,0.0922,0.0941,743014.0,69539.4128
2026-06-07 21:00:00,0.0941,0.0946,0.0934,0.094,410747.0,38560.3047
2026-06-07 22:00:00,0.094,0.1006,0.0939,0.0969,3182780.0,311618.0414
2026-06-07 23:00:00,0.0969,0.0975,0.0966,0.0974,804535.0,78093.1524
2026-06-08 00:00:00,0.0974,0.0981,0.0964,0.0972,3000329.0,291040.1301
2026-06-08 01:00:00,0.0972,0.0974,0.0948,0.0957,1532021.0,146872.034
2026-06-08 02:00:00,0.0957,0.0964,0.0955,0.0963,1343575.0,128895.5111
2026-06-08 03:00:00,0.0963,0.0969,0.0957,0.0968,111208.0,10720.044
2026-06-08 04:00:00,0.0968,0.0969,0.0951,0.0953,502677.0,48007.8359
2026-06-08 05:00:00,0.0953,0.0955,0.0947,0.0954,368743.0,35124.2783
2026-06-08 06:00:00,0.0954,0.0967,0.0954,0.0963,338333.0,32501.5947
2026-06-08 07:00:00,0.0963,0.0971,0.0954,0.097,706314.0,67972.6081
2026-06-08 08:00:00,0.097,0.0972,0.0958,0.0961,1894323.0,182780.9382
2026-06-08 09:00:00,0.0961,0.0975,0.096,0.0975,3039330.0,294326.4155
2026-06-08 10:00:00,0.0975,0.098,0.0969,0.0975,1609558.0,156840.7686
2026-06-08 11:00:00,0.0975,0.0993,0.0974,0.0986,2126183.0,209652.9429
2026-06-08 12:00:00,0.0986,0.1002,0.0974,0.1,3003978.0,295363.6993
2026-06-08 13:00:00,0.1,0.1003,0.0984,0.0986,3517210.0,348912.7242
2026-06-08 14:00:00,0.0986,0.0987,0.0976,0.0983,1518642.0,149292.0006
2026-06-08 15:00:00,0.0983,0.0992,0.0976,0.0976,7799374.0,769635.2718
2026-06-08 16:00:00,0.0976,0.0989,0.0973,0.0975,1392986.0,136456.0091
2026-06-08 17:00:00,0.0975,0.0983,0.0967,0.0982,1812702.0,176908.1673
2026-06-08 18:00:00,0.0982,0.0986,0.0974,0.0977,1006707.0,98277.4378
2026-06-08 19:00:00,0.0977,0.098,0.0972,0.0976,483531.0,47206.4256
2026-06-08 20:00:00,0.0976,0.0977,0.0962,0.0974,2179271.0,210951.5877
2026-06-08 21:00:00,0.0974,0.0986,0.0972,0.0973,1088806.0,106546.1024
2026-06-08 22:00:00,0.0973,0.0974,0.0963,0.0965,3813459.0,368715.5547
2026-06-08 23:00:00,0.0965,0.0969,0.0955,0.096,4296786.0,412172.2476
2026-06-09 00:00:00,0.096,0.096,0.0931,0.0935,3305882.0,312435.1975
2026-06-09 01:00:00,0.0935,0.0944,0.0932,0.0939,1306383.0,122474.6749
2026-06-09 02:00:00,0.0939,0.0943,0.0928,0.0934,1204127.0,112401.6213
2026-06-09 03:00:00,0.0934,0.094,0.0929,0.0938,348234.0,32562.2256
2026-06-09 04:00:00,0.0938,0.0956,0.0936,0.0953,942855.0,89582.8863
2026-06-09 05:00:00,0.0953,0.0965,0.0952,0.0957,525172.0,50356.155
2026-06-09 06:00:00,0.0957,0.0962,0.0955,0.0959,436058.0,41807.4248
2026-06-09 07:00:00,0.0959,0.0966,0.0956,0.0964,803013.0,77073.2622
2026-06-09 08:00:00,0.0964,0.0964,0.0953,0.0957,6521771.0,626316.4409
2026-06-09 09:00:00,0.0957,0.0961,0.0945,0.0948,1462562.0,139618.0944
2026-06-09 10:00:00,0.0948,0.0951,0.0942,0.095,618500.0,58472.2108
2026-06-09 11:00:00,0.095,0.0957,0.0943,0.0954,822824.0,78210.9459
2026-06-09 12:00:00,0.0954,0.0963,0.0954,0.0962,3514371.0,337178.1219
2026-06-09 13:00:00,0.0962,0.0967,0.095,0.0961,1437362.0,137493.9331
2026-06-09 14:00:00,0.0961,0.0962,0.0931,0.0946,3874860.0,365916.0918
2026-06-09 15:00:00,0.0946,0.0951,0.0928,0.0931,3016994.0,282856.076
2026-06-09 16:00:00,0.0931,0.0936,0.0913,0.093,3688567.0,340433.5928
2026-06-09 17:00:00,0.093,0.0949,0.0928,0.0944,1572424.0,147762.8347
2026-06-09 18:00:00,0.0944,0.0956,0.0942,0.0953,3071748.0,292357.226
2026-06-09 19:00:00,0.0953,0.0961,0.095,0.0958,1835085.0,175353.9028
2026-06-09 20:00:00,0.0958,0.0972,0.0958,0.0971,1641756.0,158234.7897
2026-06-09 21:00:00,0.0971,0.0974,0.0956,0.0959,660732.0,63709.0112
2026-06-09 22:00:00,0.0959,0.097,0.0957,0.0958,860547.0,82935.5718
2026-06-09 23:00:00,0.0958,0.097,0.0956,0.0966,1542804.0,148675.4133
2026-06-10 00:00:00,0.0966,0.0977,0.0961,0.0975,2384888.0,231199.2823
2026-06-10 01:00:00,0.0975,0.0977,0.0961,0.0969,474569.0,46114.671
2026-06-10 02:00:00,0.0969,0.0973,0.0951,0.0957,412561.0,39413.764
2026-06-10 03:00:00,0.0957,0.0969,0.0954,0.0963,668607.0,64445.5067
2026-06-10 04:00:00,0.0963,0.0968,0.0951,0.0955,367396.0,35092.3621
2026-06-10 05:00:00,0.0955,0.0957,0.0945,0.0947,3060788.0,290597.3719
2026-06-10 06:00:00,0.0947,0.0956,0.0944,0.095,847931.0,80671.9373
2026-06-10 07:00:00,0.095,0.0966,0.095,0.0962,657145.0,63113.0177
2026-06-10 08:00:00,0.0962,0.0963,0.0946,0.0947,767933.0,73119.0989
2026-06-10 09:00:00,0.0947,0.0953,0.0936,0.0951,1484440.0,140008.4257
2026-06-10 10:00:00,0.0951,0.0952,0.094,0.0947,612078.0,57850.472
2026-06-10 11:00:00,0.0947,0.0949,0.0929,0.0936,1555563.0,145676.9977
2026-06-10 12:00:00,0.0936,0.0966,0.0931,0.0959,1361637.0,129775.2314
2026-06-10 13:00:00,0.0959,0.0977,0.0956,0.0959,1649148.0,159492.388
2026-06-10 14:00:00,0.0959,0.0962,0.0948,0.0956,665454.0,63507.1348
2026-06-10 15:00:00,0.0956,0.0963,0.0944,0.0955,1713273.0,163403.8809
2026-06-10 16:00:00,0.0955,0.0961,0.0931,0.0939,2490331.0,235065.3176
2026-06-10 17:00:00,0.0939,0.0951,0.0926,0.0936,3422839.0,321673.3743
2026-06-10 18:00:00,0.0936,0.0937,0.0923,0.093,910873.0,84515.3307
2026-06-10 19:00:00,0.093,0.0932,0.0913,0.0917,2747609.0,252580.6913
2026-06-10 20:00:00,0.0917,0.092,0.0903,0.0907,3381679.0,307994.7995
2026-06-10 21:00:00,0.0907,0.0912,0.0893,0.0898,4586285.0,413383.7116
2026-06-10 22:00:00,0.0898,0.0901,0.0885,0.0894,1456664.0,129689.7312
2026-06-10 23:00:00,0.0894,0.0911,0.0888,0.0909,1560576.0,139898.9481
2026-06-11 00:00:00,0.0909,0.092,0.0908,0.0914,376635.0,34502.9228
2026-06-11 01:00:00,0.0914,0.0928,0.0914,0.0925,534531.0,49403.9325
2026-06-11 02:00:00,0.0925,0.0926,0.0911,0.0914,669631.0,61430.6915
2026-06-11 03:00:00,0.0914,0.0934,0.0911,0.0932,360050.0,33213.0046
2026-06-11 04:00:00,0.0932,0.0946,0.0926,0.0942,1062688.0,99353.9796
2026-06-11 05:00:00,0.0942,0.0944,0.0935,0.0935,445124.0,41825.8337
2026-06-11 06:00:00,0.0935,0.094,0.0929,0.0929,3461028.0,324115.8032
2026-06-11 07:00:00,0.0929,0.0934,0.0927,0.093,264355.0,24584.1724
2026-06-11 08:00:00,0.093,0.0944,0.093,0.0938,278426.0,26106.4129
2026-06-11 09:00:00,0.0938,0.094,0.0927,0.0931,892773.0,83309.1074
2026-06-11 10:00:00,0.0931,0.0942,0.093,0.0937,331015.0,31053.0087
2026-06-11 11:00:00,0.0937,0.0951,0.0933,0.0946,682407.0,64363.1439
2026-06-11 12:00:00,0.0946,0.0947,0.0924,0.0935,2235949.0,209197.3456
2026-06-11 13:00:00,0.0935,0.0948,0.0932,0.0938,275303.0,25884.8762
2026-06-11 14:00:00,0.0938,0.0945,0.0933,0.0938,686531.0,64568.8464
2026-06-11 15:00:00,0.0938,0.0939,0.0929,0.0935,1309854.0,122356.6689
2026-06-11 16:00:00,0.0935,0.0943,0.0928,0.0929,1559253.0,145972.1713
2026-06-11 17:00:00,0.0929,0.0961,0.0925,0.0959,1759121.0,166428.8967
2026-06-11 18:00:00,0.0959,0.0969,0.0951,0.0955,865063.0,83158.6518
2026-06-11 19:00:00,0.0955,0.0965,0.0951,0.0956,1183682.0,113423.1716
2026-06-11 20:00:00,0.0956,0.0959,0.0945,0.0952,2083902.0,197958.3822
2026-06-11 21:00:00,0.0952,0.0963,0.0951,0.0955,1507421.0,144497.7995
2026-06-11 22:00:00,0.0955,0.0957,0.0946,0.0949,873106.0,82982.1822
2026-06-11 23:00:00,0.0949,0.0954,0.0944,0.0954,455530.0,43171.7112
2026-06-12 00:00:00,0.0954,0.096,0.0952,0.0959,481858.0,46078.5865
2026-06-12 01:00:00,0.0959,0.0959,0.0948,0.0956,394988.0,37617.7832
2026-06-12 02:00:00,0.0956,0.0965,0.0954,0.0961,419341.0,40247.766
2026-06-12 03:00:00,0.0961,0.0966,0.0959,0.0966,621617.0,59804.7881
2026-06-12 04:00:00,0.0966,0.0974,0.0964,0.0972,525247.0,50966.6737
2026-06-12 05:00:00,0.0972,0.0974,0.0961,0.0962,841641.0,81304.3985
2026-06-12 06:00:00,0.0962,0.0963,0.095,0.0953,1031141.0,98436.9599
2026-06-12 07:00:00,0.0953,0.096,0.0952,0.0958,881684.0,84200.9241
2026-06-12 08:00:00,0.0958,0.0977,0.0958,0.0976,1262974.0,122174.0435
2026-06-12 09:00:00,0.0976,0.0994,0.0975,0.0985,2468836.0,243247.1527
2026-06-12 10:00:00,0.0985,0.1007,0.0985,0.0991,4160451.0,414590.8731
2026-06-12 11:00:00,0.0991,0.1006,0.099,0.0997,1286791.0,128561.1783
2026-06-12 12:00:00,0.0997,0.1008,0.0985,0.0991,3903280.0,389236.7009
2026-06-12 13:00:00,0.0991,0.0995,0.0967,0.0983,3040397.0,298173.0276
2026-06-12 14:00:00,0.0983,0.1006,0.0979,0.1003,2428921.0,239929.7845
2026-06-12 15:00:00,0.1003,0.1007,0.0985,0.0985,2467035.0,246100.3165
2026-06-12 16:00:00,0.0985,0.101,0.0984,0.1009,3167749.0,317555.2107
2026-06-12 17:00:00,0.1009,0.1018,0.1,0.1003,2904473.0,293190.4449
2026-06-12 18:00:00,0.1003,0.1008,0.0991,0.0999,1084062.0,108178.2121
2026-06-12 19:00:00,0.0999,0.1012,0.0999,0.1004,1493483.0,150345.5333
2026-06-12 20:00:00,0.1004,0.1009,0.0998,0.1003,1732734.0,173668.2945
2026-06-12 21:00:00,0.1003,0.1008,0.0991,0.0994,2001613.0,200184.9189
2026-06-12 22:00:00,0.0994,0.1001,0.0992,0.0994,657764.0,65568.2542
2026-06-12 23:00:00,0.0994,0.0998,0.0987,0.0998,501091.0,49671.0213
2026-06-13 00:00:00,0.0998,0.0999,0.0993,0.0996,493577.0,49220.468
2026-06-13 01:00:00,0.0996,0.1011,0.0995,0.1006,372905.0,37539.2494
2026-06-13 02:00:00,0.1006,0.1009,0.1,0.1007,291481.0,29284.1781
2026-06-13 03:00:00,0.1007,0.101,0.0999,0.1005,463598.0,46609.6107
2026-06-13 04:00:00,0.1005,0.1018,0.0999,0.1011,1420279.0,144047.0496
2026-06-13 05:00:00,0.1011,0.1022,0.101,0.1021,1108117.0,112696.8813
2026-06-13 06:00:00,0.1021,0.1059,0.102,0.104,6602105.0,684752.7407
2026-06-13 07:00:00,0.104,0.1072,0.1031,0.1058,9123490.0,963038.7797
2026-06-13 08:00:00,0.1058,0.1097,0.1057,0.1069,8172969.0,881363.4675
2026-06-13 09:00:00,0.1069,0.109,0.1058,0.108,4402976.0,471856.1668
2026-06-13 10:00:00,0.108,0.1095,0.1065,0.1069,2859491.0,306750.2982
2026-06-13 11:00:00,0.1069,0.1098,0.1067,0.1077,3988047.0,430823.599
2026-06-13 12:00:00,0.1077,0.1095,0.1067,0.1082,4715389.0,508352.6843
2026-06-13 13:00:00,0.1082,0.1102,0.1079,0.11,3103109.0,339604.9592
2026-06-13 14:00:00,0.11,0.1125,0.1072,0.1077,6941848.0,760546.6132
2026-06-13 15:00:00,0.1077,0.1091,0.107,0.1077,2585684.0,279110.5947
2026-06-13 16:00:00,0.1077,0.1082,0.1059,0.1081,4025078.0,431395.9764
2026-06-13 17:00:00,0.1081,0.1101,0.107,0.1089,4010875.0,435366.4174
2026-06-13 18:00:00,0.1089,0.1094,0.1084,0.1086,2396953.0,261442.8167
