timestamp,open,high,low,close,volume,turnover
2025-06-12 03:00:00,159.94,160.57,159.21,159.77,5421316.0,86753304.796
2025-06-12 04:00:00,159.77,160.5,159.33,159.89,3518018.0,56237176.714
2025-06-12 05:00:00,159.89,160.04,158.65,159.45,4450118.0,70920375.856
2025-06-12 06:00:00,159.45,159.91,158.81,159.23,4030416.0,64189803.764
2025-06-12 07:00:00,159.23,159.57,158.2,158.7,5551422.0,88209707.053
2025-06-12 08:00:00,158.7,159.51,158.05,159.39,3675199.0,58398904.82
2025-06-12 09:00:00,159.39,159.87,159.11,159.54,2798238.0,44631124.795
2025-06-12 10:00:00,159.54,159.57,158.38,159.04,3919751.0,62269757.593
2025-06-12 11:00:00,159.04,159.08,157.35,157.67,4721969.0,74603455.506
2025-06-12 12:00:00,157.67,159.05,157.23,158.57,5330287.0,84354288.63
2025-06-12 13:00:00,158.57,158.96,157.73,158.7,3862415.0,61196189.848
2025-06-12 14:00:00,158.7,160.55,158.7,159.84,4986592.0,79723381.557
2025-06-12 15:00:00,159.84,160.25,156.37,156.95,7264804.0,114932374.038
2025-06-12 16:00:00,156.95,158.54,156.64,158.26,3882163.0,61258045.459
2025-06-12 17:00:00,158.26,160.39,158.0,159.95,3433380.0,54732754.356
2025-06-12 18:00:00,159.95,160.0,156.86,157.65,4967938.0,78575464.016
2025-06-12 19:00:00,157.65,157.99,154.39,154.76,6321632.0,98670593.166
2025-06-12 20:00:00,154.76,155.36,152.23,153.18,6491734.0,99916145.677
2025-06-12 21:00:00,153.18,153.55,152.11,152.26,5298223.0,80989755.312
2025-06-12 22:00:00,152.26,152.87,151.93,152.41,5334492.0,81263567.89
2025-06-12 23:00:00,152.41,152.86,152.0,152.26,4373587.0,66701394.05
2025-06-13 00:00:00,152.26,152.51,142.26,145.49,22806006.0,334136481.909
2025-06-13 01:00:00,145.49,145.49,140.76,143.24,9807636.0,140440561.218
2025-06-13 02:00:00,143.24,143.24,140.78,142.58,5231439.0,74384153.138
2025-06-13 03:00:00,142.58,145.24,142.53,144.66,5617621.0,80831580.384
2025-06-13 04:00:00,144.66,144.66,143.37,144.19,5152282.0,74163983.868
2025-06-13 05:00:00,144.19,144.23,143.44,143.68,5400497.0,77659983.293
2025-06-13 06:00:00,143.68,144.87,142.49,144.87,4793715.0,68760297.109
2025-06-13 07:00:00,144.87,145.36,144.11,144.93,4707874.0,68157030.324
2025-06-13 08:00:00,144.93,146.61,144.24,144.75,5376139.0,78227325.559
2025-06-13 09:00:00,144.75,145.03,144.28,144.69,3507232.0,50719063.12
2025-06-13 10:00:00,144.69,144.95,143.56,144.9,6434895.0,92797549.561
2025-06-13 11:00:00,144.9,145.64,144.15,145.36,6086541.0,88233439.008
2025-06-13 12:00:00,145.36,146.17,144.84,145.07,5474687.0,79695396.317
2025-06-13 13:00:00,145.07,146.41,144.51,145.18,13557978.0,197212717.493
2025-06-13 14:00:00,145.18,146.3,143.87,146.11,6674179.0,96792249.391
2025-06-13 15:00:00,146.11,147.7,145.62,147.1,7708509.0,113269562.204
2025-06-13 16:00:00,147.1,148.43,146.27,147.36,6355999.0,93775160.711
2025-06-13 17:00:00,147.36,147.36,145.24,146.42,4066287.0,59473663.137
2025-06-13 18:00:00,146.42,146.56,144.24,145.46,5027546.0,73005045.796
2025-06-13 19:00:00,145.46,145.95,144.42,145.11,4649994.0,67470834.055
2025-06-13 20:00:00,145.11,147.63,144.69,147.22,3847348.0,56238833.356
2025-06-13 21:00:00,147.22,147.58,146.38,147.04,3071443.0,45141478.966
2025-06-13 22:00:00,147.04,147.97,146.96,147.74,2769809.0,40832477.817
2025-06-13 23:00:00,147.74,148.86,147.62,148.51,3244803.0,48121560.622
2025-06-14 00:00:00,148.51,148.64,147.55,147.76,3300506.0,48895700.855
2025-06-14 01:00:00,147.76,147.76,146.66,146.83,2880592.0,42395295.101
2025-06-14 02:00:00,146.83,147.29,146.37,146.46,1660967.0,24366299.22
2025-06-14 03:00:00,146.46,147.14,146.42,146.64,2044099.0,30002893.098
2025-06-14 04:00:00,146.64,147.07,146.45,146.72,1884672.0,27666326.643
2025-06-14 05:00:00,146.72,146.97,146.27,146.79,2160537.0,31671640.038
2025-06-14 06:00:00,146.79,146.99,146.01,146.14,4947940.0,72395013.592
2025-06-14 07:00:00,146.14,146.39,145.48,146.1,3899522.0,56916531.868
2025-06-14 08:00:00,146.1,146.15,145.12,145.73,4214620.0,61358489.217
2025-06-14 09:00:00,145.73,145.88,144.85,145.08,4289616.0,62314035.964
2025-06-14 10:00:00,145.08,145.85,145.03,145.55,3990687.0,58051140.95
2025-06-14 11:00:00,145.55,146.04,145.38,145.8,3113941.0,45375066.096
2025-06-14 12:00:00,145.8,145.88,144.84,145.44,3147497.0,45747194.13
2025-06-14 13:00:00,145.44,145.85,144.92,145.43,4794930.0,69713022.487
2025-06-14 14:00:00,145.43,145.7,144.89,145.19,2826461.0,41056752.293
2025-06-14 15:00:00,145.19,145.41,143.74,144.46,7538233.0,108931382.457
2025-06-14 16:00:00,144.46,144.88,142.9,143.34,4716384.0,67867600.209
2025-06-14 17:00:00,143.34,144.6,142.99,144.41,3569658.0,51422166.452
2025-06-14 18:00:00,144.41,145.04,143.0,144.03,4444439.0,63944968.374
2025-06-14 19:00:00,144.03,144.39,143.4,143.44,2248298.0,32363461.984
2025-06-14 20:00:00,143.44,143.65,141.87,142.82,4364800.0,62258425.557
2025-06-14 21:00:00,142.82,144.74,142.61,144.48,2822725.0,40537826.475
2025-06-14 22:00:00,144.48,144.81,143.89,144.23,1597939.0,23066064.646
2025-06-14 23:00:00,144.23,144.94,144.17,144.54,1720729.0,24876169.384
2025-06-15 00:00:00,144.54,145.69,144.51,145.52,1645394.0,23888014.131
2025-06-15 01:00:00,145.52,145.59,144.75,144.97,1191006.0,17289171.121
2025-06-15 02:00:00,144.97,145.99,144.97,145.45,1831820.0,26663629.844
2025-06-15 03:00:00,145.45,145.8,145.42,145.68,980504.0,14275943.712
2025-06-15 04:00:00,145.68,146.38,145.61,146.2,2493043.0,36416464.704
2025-06-15 05:00:00,146.2,147.34,145.67,147.28,4250753.0,62310198.077
2025-06-15 06:00:00,147.28,148.05,146.27,146.41,5055619.0,74305234.546
2025-06-15 07:00:00,146.41,146.48,145.68,145.82,4474915.0,65346693.178
2025-06-15 08:00:00,145.82,145.96,145.04,145.38,4656614.0,67683329.131
2025-06-15 09:00:00,145.38,145.38,144.15,144.26,6112670.0,88432244.911
2025-06-15 10:00:00,144.26,145.89,144.26,145.76,5387371.0,78159393.522
2025-06-15 11:00:00,145.76,146.66,145.43,146.27,3614964.0,52749365.423
2025-06-15 12:00:00,146.27,147.79,146.07,147.6,4573591.0,67174375.682
2025-06-15 13:00:00,147.6,148.29,146.88,148.28,5628887.0,83023935.571
2025-06-15 14:00:00,148.28,152.38,147.87,151.84,15728684.0,235755006.66
2025-06-15 15:00:00,151.84,152.92,150.48,150.76,11163739.0,169534131.911
2025-06-15 16:00:00,150.76,151.94,150.14,151.88,5593708.0,84442060.256
2025-06-15 17:00:00,151.88,152.57,151.44,152.16,4777376.0,72622667.421
2025-06-15 18:00:00,152.16,152.78,151.25,152.63,4127318.0,62743903.183
2025-06-15 19:00:00,152.63,153.46,151.82,152.17,6248933.0,95300038.915
2025-06-15 20:00:00,152.17,152.28,148.14,148.78,11691721.0,175584342.766
2025-06-15 21:00:00,148.78,150.72,148.09,150.47,6504183.0,97201379.716
2025-06-15 22:00:00,150.47,152.51,150.19,152.01,6756204.0,102291164.465
2025-06-15 23:00:00,152.01,152.95,151.57,152.89,2540772.0,38714960.371
2025-06-16 00:00:00,152.89,153.18,151.5,151.94,4901416.0,74639287.36
2025-06-16 01:00:00,151.94,156.59,150.93,156.51,9045980.0,138700042.563
2025-06-16 02:00:00,156.51,157.36,155.42,155.65,4404882.0,68798922.975
2025-06-16 03:00:00,155.65,156.21,155.5,155.54,2990327.0,46583815.999
2025-06-16 04:00:00,155.54,157.12,155.46,156.74,4239238.0,66337641.024
2025-06-16 05:00:00,156.74,157.9,156.4,156.67,4088172.0,64226270.876
2025-06-16 06:00:00,156.67,157.08,156.27,156.41,2789519.0,43690961.204
2025-06-16 07:00:00,156.41,157.5,156.41,157.19,4405092.0,69154722.08
2025-06-16 08:00:00,157.19,157.43,156.45,156.87,3646863.0,57205656.883
2025-06-16 09:00:00,156.87,156.91,155.84,156.42,3825374.0,59822671.564
2025-06-16 10:00:00,156.42,157.04,155.81,156.02,4016821.0,62841788.188
2025-06-16 11:00:00,156.02,156.8,154.75,156.38,7176116.0,111706875.78
2025-06-16 12:00:00,156.38,156.68,155.1,155.18,4539978.0,70740910.802
2025-06-16 13:00:00,155.18,156.67,154.6,156.51,6620655.0,102978051.442
2025-06-16 14:00:00,156.51,157.69,155.54,156.38,7112783.0,111468480.338
2025-06-16 15:00:00,156.38,157.42,156.05,156.49,5303390.0,83130887.426
2025-06-16 16:00:00,156.49,158.16,156.25,157.43,6654315.0,104697362.258
2025-06-16 17:00:00,157.43,157.98,156.87,157.11,3722308.0,58618017.057
2025-06-16 18:00:00,157.11,158.11,156.91,158.08,4314990.0,68000537.939
2025-06-16 19:00:00,158.08,158.67,157.11,157.73,4842959.0,76534981.085
2025-06-16 20:00:00,157.73,157.78,156.72,157.21,2837460.0,44624560.559
2025-06-16 21:00:00,157.21,157.49,156.28,156.62,3241746.0,50880409.481
2025-06-16 22:00:00,156.62,157.16,151.74,152.94,8784703.0,135458461.345
2025-06-16 23:00:00,152.94,154.02,150.26,150.67,7763622.0,118429048.613
2025-06-17 00:00:00,150.67,151.92,147.41,151.92,10130884.0,151563302.404
2025-06-17 01:00:00,151.92,152.22,150.93,151.53,2356346.0,35707605.689
2025-06-17 02:00:00,151.53,153.34,150.84,153.14,2602079.0,39507516.622
2025-06-17 03:00:00,153.14,153.9,152.51,153.3,3572691.0,54757684.478
2025-06-17 04:00:00,153.3,153.63,152.33,152.99,3022228.0,46230751.523
2025-06-17 05:00:00,152.99,153.85,152.64,153.56,3658655.0,56091656.764
2025-06-17 06:00:00,153.56,154.29,152.63,152.99,4481703.0,68772521.629
2025-06-17 07:00:00,152.99,153.3,152.47,152.61,3469447.0,53042421.653
2025-06-17 08:00:00,152.61,152.82,151.39,151.52,5008386.0,76146173.806
2025-06-17 09:00:00,151.52,151.98,151.0,151.44,5424497.0,82138463.32
2025-06-17 10:00:00,151.44,151.48,150.26,151.17,6040577.0,91155496.125
2025-06-17 11:00:00,151.17,151.17,150.12,150.49,5093977.0,76665730.922
2025-06-17 12:00:00,150.49,151.34,149.43,149.6,7979619.0,120111918.607
2025-06-17 13:00:00,149.6,150.45,149.06,149.51,6321386.0,94599531.686
2025-06-17 14:00:00,149.51,150.7,148.54,148.76,6611646.0,99114369.347
2025-06-17 15:00:00,148.76,148.96,146.46,147.54,10391971.0,153444778.784
2025-06-17 16:00:00,147.54,147.96,145.92,145.98,6452695.0,94843623.989
2025-06-17 17:00:00,145.98,147.26,145.55,146.22,6403307.0,93775372.106
2025-06-17 18:00:00,146.22,148.09,145.57,148.07,5507308.0,80785095.152
2025-06-17 19:00:00,148.07,150.33,147.78,148.83,8635524.0,128698000.636
2025-06-17 20:00:00,148.83,149.19,148.04,148.6,3398365.0,50521108.975
2025-06-17 21:00:00,148.6,148.93,146.63,147.7,5513197.0,81467193.936
2025-06-17 22:00:00,147.7,147.87,146.23,146.39,3088305.0,45458199.392
2025-06-17 23:00:00,146.39,148.27,146.31,147.5,2738938.0,40381675.826
2025-06-18 00:00:00,147.5,148.2,146.47,148.19,2324065.0,34259042.155
2025-06-18 01:00:00,148.19,149.03,147.43,147.46,2131555.0,31609726.12
2025-06-18 02:00:00,147.46,148.12,147.11,147.49,1583980.0,23395204.227
2025-06-18 03:00:00,147.49,148.48,147.31,148.28,1924495.0,28477572.25
2025-06-18 04:00:00,148.28,149.2,148.11,148.71,2007448.0,29840936.214
2025-06-18 05:00:00,148.71,149.02,148.16,148.23,1548851.0,23017611.999
2025-06-18 06:00:00,148.23,148.27,146.8,147.16,2849527.0,42031278.188
2025-06-18 07:00:00,147.16,147.92,146.94,147.92,2427691.0,35771686.755
2025-06-18 08:00:00,147.92,148.45,147.0,147.58,3147592.0,46481018.931
2025-06-18 09:00:00,147.58,148.31,147.12,147.38,3147977.0,46497818.312
2025-06-18 10:00:00,147.38,147.47,145.28,145.63,5647393.0,82720670.526
2025-06-18 11:00:00,145.63,146.69,145.44,146.45,4750782.0,69383283.579
2025-06-18 12:00:00,146.45,146.5,144.94,145.1,4119516.0,60004043.435
2025-06-18 13:00:00,145.1,145.42,143.72,145.22,7910732.0,114390827.094
2025-06-18 14:00:00,145.22,146.68,144.57,145.21,6465757.0,94289092.412
2025-06-18 15:00:00,145.21,146.07,144.57,145.7,3703107.0,53876698.993
2025-06-18 16:00:00,145.7,145.7,144.35,144.76,4520190.0,65492803.542
2025-06-18 17:00:00,144.76,145.82,143.83,145.51,5728265.0,82937526.932
2025-06-18 18:00:00,145.51,146.4,143.89,143.9,10047704.0,145866505.271
2025-06-18 19:00:00,143.9,145.97,143.59,144.66,7515093.0,108818722.25
2025-06-18 20:00:00,144.66,147.79,144.03,147.38,7575887.0,110380879.471
2025-06-18 21:00:00,147.38,147.79,146.19,147.51,5754787.0,84558452.764
2025-06-18 22:00:00,147.51,147.84,147.09,147.31,1970628.0,29046825.931
2025-06-18 23:00:00,147.31,147.75,145.89,146.29,2020404.0,29634415.456
2025-06-19 00:00:00,146.29,147.82,145.77,146.82,5339165.0,78456589.734
2025-06-19 01:00:00,146.82,146.9,145.37,145.63,3584435.0,52292087.62
2025-06-19 02:00:00,145.63,146.1,144.91,145.44,2663515.0,38748230.965
2025-06-19 03:00:00,145.44,146.63,145.41,146.52,1771748.0,25868584.712
2025-06-19 04:00:00,146.52,146.59,145.53,146.48,1900455.0,27745708.378
2025-06-19 05:00:00,146.48,147.09,145.8,145.89,3323034.0,48690212.385
2025-06-19 06:00:00,145.89,146.12,144.94,145.04,2415522.0,35122273.584
2025-06-19 07:00:00,145.04,145.53,144.93,145.01,1922865.0,27927142.048
2025-06-19 08:00:00,145.01,145.87,145.01,145.08,2734326.0,39784904.522
2025-06-19 09:00:00,145.08,146.18,144.96,146.06,3448134.0,50231293.126
2025-06-19 10:00:00,146.06,146.45,145.71,146.03,3779508.0,55209795.025
2025-06-19 11:00:00,146.03,146.05,144.75,145.02,8107459.0,117766388.676
2025-06-19 12:00:00,145.02,145.43,144.45,145.14,4653356.0,67413282.708
2025-06-19 13:00:00,145.14,145.27,143.73,143.86,6054996.0,87554405.683
2025-06-19 14:00:00,143.86,144.59,142.87,143.1,7481322.0,107533841.156
2025-06-19 15:00:00,143.1,143.86,142.83,143.08,5256763.0,75344451.881
2025-06-19 16:00:00,143.08,144.11,143.07,143.21,5369987.0,77128196.274
2025-06-19 17:00:00,143.21,145.16,143.02,144.71,6607016.0,95289678.814
2025-06-19 18:00:00,144.71,145.98,144.6,145.29,4824172.0,70090275.294
2025-06-19 19:00:00,145.29,145.79,144.98,145.42,2884937.0,41952169.235
2025-06-19 20:00:00,145.42,146.11,144.95,145.25,3986437.0,58020526.302
2025-06-19 21:00:00,145.25,145.95,145.15,145.6,4250793.0,61895417.941
2025-06-19 22:00:00,145.6,147.41,145.6,146.64,4726355.0,69361042.164
2025-06-19 23:00:00,146.64,147.19,146.33,146.97,2742948.0,40266693.3
2025-06-20 00:00:00,146.97,147.46,146.53,146.89,2756596.0,40550927.527
2025-06-20 01:00:00,146.89,147.2,146.11,147.06,2118991.0,31053857.046
2025-06-20 02:00:00,147.06,147.11,145.59,145.9,2115743.0,30912592.379
2025-06-20 03:00:00,145.9,146.0,145.35,145.38,4938264.0,71950286.827
2025-06-20 04:00:00,145.38,145.56,144.23,144.41,4543258.0,65898986.196
2025-06-20 05:00:00,144.41,145.42,144.41,145.26,4388975.0,63626431.784
2025-06-20 06:00:00,145.26,145.65,144.92,145.43,3480919.0,50570585.615
2025-06-20 07:00:00,145.43,147.72,145.16,147.4,5390222.0,79071139.751
2025-06-20 08:00:00,147.4,148.22,146.86,147.35,6191034.0,91346693.568
2025-06-20 09:00:00,147.35,147.76,147.07,147.68,5259406.0,77551948.587
2025-06-20 10:00:00,147.68,148.73,147.54,148.48,3959891.0,58699920.263
2025-06-20 11:00:00,148.48,148.58,147.82,148.1,2790350.0,41343672.626
2025-06-20 12:00:00,148.1,148.29,147.37,147.41,3538841.0,52317345.385
2025-06-20 13:00:00,147.41,147.91,145.93,146.62,11718988.0,172153351.347
2025-06-20 14:00:00,146.62,146.82,143.73,143.91,11267618.0,163805403.213
2025-06-20 15:00:00,143.91,144.33,142.26,142.77,9691958.0,139126264.434
2025-06-20 16:00:00,142.77,142.92,141.81,142.24,6328901.0,90093581.767
2025-06-20 17:00:00,142.24,142.57,135.59,138.29,20093084.0,278129470.916
2025-06-20 18:00:00,138.29,139.43,137.86,139.2,8568857.0,118956942.332
2025-06-20 19:00:00,139.2,139.85,138.0,139.79,4515123.0,62740546.285
2025-06-20 20:00:00,139.79,141.66,139.72,140.9,6864142.0,96701846.611
2025-06-20 21:00:00,140.9,140.96,139.95,140.08,3006021.0,42213347.875
2025-06-20 22:00:00,140.08,140.09,138.59,139.01,8294256.0,115396443.232
2025-06-20 23:00:00,139.01,140.1,138.73,140.02,4265241.0,59465526.717
2025-06-21 00:00:00,140.02,140.38,139.47,139.86,2686702.0,37608931.027
2025-06-21 01:00:00,139.86,140.51,139.78,140.12,1935967.0,27133040.235
2025-06-21 02:00:00,140.12,140.35,139.53,139.89,1914400.0,26787278.701
2025-06-21 03:00:00,139.89,141.26,139.87,140.69,3755362.0,52841498.095
2025-06-21 04:00:00,140.69,140.91,139.94,140.01,3349693.0,47024651.486
2025-06-21 05:00:00,140.01,140.5,139.86,140.31,2226801.0,31216504.341
2025-06-21 06:00:00,140.31,140.45,140.0,140.36,1202286.0,16855645.73
2025-06-21 07:00:00,140.36,140.62,139.75,140.55,3622049.0,50762242.102
2025-06-21 08:00:00,140.55,141.84,140.21,141.55,6448807.0,90803599.379
2025-06-21 09:00:00,141.55,141.95,140.9,141.79,4737279.0,66985520.507
2025-06-21 10:00:00,141.79,142.52,141.63,142.13,6084985.0,86463153.217
2025-06-21 11:00:00,142.13,142.47,141.86,141.99,3232716.0,45975123.481
2025-06-21 12:00:00,141.99,142.39,141.4,141.64,3493882.0,49554460.704
2025-06-21 13:00:00,141.64,142.15,140.2,140.64,6012790.0,84876854.885
2025-06-21 14:00:00,140.64,141.34,140.14,140.33,5300302.0,74527845.401
2025-06-21 15:00:00,140.33,140.73,139.08,140.23,6113189.0,85490581.253
2025-06-21 16:00:00,140.23,140.97,139.76,140.06,4179607.0,58639721.161
2025-06-21 17:00:00,140.06,140.85,138.18,138.6,5407156.0,75246595.383
2025-06-21 18:00:00,138.6,139.57,137.3,137.61,6253534.0,86688727.936
2025-06-21 19:00:00,137.61,138.25,137.17,137.22,5179070.0,71296517.389
2025-06-21 20:00:00,137.22,138.83,136.76,138.36,4786797.0,65873763.011
2025-06-21 21:00:00,138.36,138.52,130.82,132.65,13480359.0,181416222.995
2025-06-21 22:00:00,132.65,134.65,132.61,134.1,6059503.0,81142795.975
2025-06-21 23:00:00,134.1,135.53,131.86,135.28,8790487.0,117417165.434
2025-06-22 00:00:00,135.28,137.5,133.97,136.44,7391229.0,100448961.841
2025-06-22 01:00:00,136.44,137.09,134.81,134.99,3837345.0,52085306.789
2025-06-22 02:00:00,134.99,136.04,133.16,134.62,6029451.0,81031534.753
2025-06-22 03:00:00,134.62,135.49,133.97,135.03,3260464.0,43914034.314
2025-06-22 04:00:00,135.03,136.23,134.54,135.77,2865954.0,38871984.516
2025-06-22 05:00:00,135.77,136.43,135.39,136.15,3394798.0,46140040.011
2025-06-22 06:00:00,136.15,136.43,135.5,135.84,4616457.0,62757518.072
2025-06-22 07:00:00,135.84,135.85,134.57,134.73,5216859.0,70508410.62
2025-06-22 08:00:00,134.73,135.05,134.07,134.84,4927646.0,66304302.719
2025-06-22 09:00:00,134.84,135.29,132.24,132.27,10163382.0,135912391.443
2025-06-22 10:00:00,132.27,133.72,131.91,133.13,5079945.0,67517425.443
2025-06-22 11:00:00,133.13,133.97,132.36,133.18,5446402.0,72435445.095
2025-06-22 12:00:00,133.18,133.79,132.43,133.46,4851632.0,64558692.074
2025-06-22 13:00:00,133.46,133.7,126.78,128.64,17391266.0,225128160.941
2025-06-22 14:00:00,128.64,130.17,126.48,129.82,11309400.0,145183925.903
2025-06-22 15:00:00,129.82,130.37,128.18,128.53,6328379.0,81838611.215
2025-06-22 16:00:00,128.53,129.84,128.24,129.75,6222805.0,80201029.804
2025-06-22 17:00:00,129.75,131.4,129.25,130.42,10662978.0,138893908.878
2025-06-22 18:00:00,130.42,131.06,129.22,129.37,4799051.0,62521443.147
2025-06-22 19:00:00,129.37,129.46,128.47,129.02,4536554.0,58496831.986
2025-06-22 20:00:00,129.02,130.06,125.9,129.47,10349987.0,132377906.519
2025-06-22 21:00:00,129.47,129.98,127.91,128.93,6223852.0,80340806.929
2025-06-22 22:00:00,128.93,132.37,128.77,132.09,6902743.0,90346220.826
2025-06-22 23:00:00,132.09,132.49,131.36,131.65,4884865.0,64459780.625
2025-06-23 00:00:00,131.65,133.42,131.46,132.42,4117871.0,54582091.012
2025-06-23 01:00:00,132.42,133.07,131.65,132.94,3740706.0,49479963.309
2025-06-23 02:00:00,132.94,133.13,132.45,132.78,3247194.0,43120944.381
2025-06-23 03:00:00,132.78,133.06,132.21,132.59,3621890.0,48038925.01
2025-06-23 04:00:00,132.59,133.65,132.28,133.09,4865512.0,64643952.789
2025-06-23 05:00:00,133.09,134.71,133.06,134.35,5239651.0,70143366.419
2025-06-23 06:00:00,134.35,134.69,133.53,134.26,4376207.0,58688334.599
2025-06-23 07:00:00,134.26,134.96,133.96,134.31,3732739.0,50167804.397
2025-06-23 08:00:00,134.31,134.82,133.86,134.28,3973506.0,53360572.385
2025-06-23 09:00:00,134.28,134.39,133.39,134.26,5374616.0,71986364.471
2025-06-23 10:00:00,134.26,134.46,133.23,133.76,4327723.0,57894033.024
2025-06-23 11:00:00,133.76,134.39,133.19,134.04,5384781.0,71979454.004
2025-06-23 12:00:00,134.04,135.49,133.7,135.47,4324539.0,58165770.486
2025-06-23 13:00:00,135.47,136.88,132.83,136.55,13621587.0,184095860.483
2025-06-23 14:00:00,136.55,137.4,134.51,134.71,11026551.0,149725771.864
2025-06-23 15:00:00,134.71,135.4,133.08,133.37,10134039.0,135998960.24
2025-06-23 16:00:00,133.37,133.57,130.61,132.43,21298754.0,281142428.821
2025-06-23 17:00:00,132.43,137.22,132.19,136.7,16502204.0,223316560.803
2025-06-23 18:00:00,136.7,139.2,136.7,138.07,12183060.0,168609512.834
2025-06-23 19:00:00,138.07,140.17,138.0,139.73,9035685.0,125627397.777
2025-06-23 20:00:00,139.73,142.21,139.17,140.55,10721442.0,151075956.642
2025-06-23 21:00:00,140.55,141.7,140.39,140.91,4506659.0,63549773.913
2025-06-23 22:00:00,140.91,146.86,140.88,144.8,13134108.0,190035956.244
2025-06-23 23:00:00,144.8,145.17,144.13,144.41,5129554.0,74166819.023
2025-06-24 00:00:00,144.41,144.68,142.94,143.28,3946461.0,56714519.71
2025-06-24 01:00:00,143.28,144.32,142.91,143.73,3414402.0,49035190.676
2025-06-24 02:00:00,143.73,143.73,142.23,142.45,4180195.0,59642505.347
2025-06-24 03:00:00,142.45,143.48,142.4,143.18,3980696.0,56946468.187
2025-06-24 04:00:00,143.18,143.47,142.77,143.2,2991392.0,42802583.457
2025-06-24 05:00:00,143.2,145.5,143.09,145.4,5169598.0,74635340.009
2025-06-24 06:00:00,145.4,146.66,144.71,145.98,6723326.0,97940912.112
2025-06-24 07:00:00,145.98,146.33,143.78,143.93,6988047.0,101392607.702
2025-06-24 08:00:00,143.93,144.79,143.35,144.2,6319195.0,90982773.708
2025-06-24 09:00:00,144.2,145.71,143.67,143.91,5709023.0,82482044.625
2025-06-24 10:00:00,143.91,144.15,143.23,144.0,4068643.0,58486924.823
2025-06-24 11:00:00,144.0,144.65,142.95,144.48,5190724.0,74660881.171
2025-06-24 12:00:00,144.48,144.87,143.66,144.35,4257414.0,61425881.487
2025-06-24 13:00:00,144.35,144.95,143.35,143.97,6840254.0,98613835.741
2025-06-24 14:00:00,143.97,145.63,143.82,144.9,5253474.0,76082881.506
2025-06-24 15:00:00,144.9,145.55,143.55,144.23,4770146.0,68913757.199
2025-06-24 16:00:00,144.23,146.55,143.69,146.4,4851613.0,70305634.36
2025-06-24 17:00:00,146.4,146.53,143.83,144.73,5257364.0,76211108.255
2025-06-24 18:00:00,144.73,145.1,143.41,143.6,2569321.0,36997282.65
2025-06-24 19:00:00,143.6,143.84,142.74,143.53,3981227.0,57069411.419
2025-06-24 20:00:00,143.53,145.06,143.1,144.98,2541645.0,36617706.966
2025-06-24 21:00:00,144.98,145.62,144.33,145.4,3279677.0,47528536.955
2025-06-24 22:00:00,145.4,145.4,144.3,144.92,3227884.0,46720575.79
2025-06-24 23:00:00,144.92,145.86,144.4,145.83,2982144.0,43327646.024
2025-06-25 00:00:00,145.83,146.33,144.95,146.05,2658982.0,38723081.945
2025-06-25 01:00:00,146.05,146.14,145.01,145.76,1992127.0,29018602.008
2025-06-25 02:00:00,145.76,146.88,145.56,145.83,2496302.0,36507694.031
2025-06-25 03:00:00,145.83,146.28,145.45,145.45,1368847.0,19968289.934
2025-06-25 04:00:00,145.45,145.55,144.78,145.34,1532608.0,22255518.482
2025-06-25 05:00:00,145.34,145.76,145.05,145.33,1408479.0,20480394.506
2025-06-25 06:00:00,145.33,146.38,145.14,146.26,1710259.0,24958860.164
2025-06-25 07:00:00,146.26,147.46,145.97,146.93,2875568.0,42225241.438
2025-06-25 08:00:00,146.93,147.06,144.95,145.78,3668949.0,53455202.777
2025-06-25 09:00:00,145.78,146.75,144.97,145.45,3737039.0,54519463.871
2025-06-25 10:00:00,145.45,146.19,145.03,145.82,2678064.0,39002456.365
2025-06-25 11:00:00,145.82,146.32,145.11,146.19,2921365.0,42608346.239
2025-06-25 12:00:00,146.19,146.38,145.37,146.34,1954919.0,28518515.697
2025-06-25 13:00:00,146.34,147.91,146.06,147.35,11300748.0,166173908.305
2025-06-25 14:00:00,147.35,147.36,144.65,145.56,9806649.0,143258049.575
2025-06-25 15:00:00,145.56,145.58,143.03,143.61,5733488.0,82583867.837
2025-06-25 16:00:00,143.61,144.2,142.71,143.34,5555628.0,79653976.375
2025-06-25 17:00:00,143.34,144.49,143.02,143.81,4131540.0,59388595.569
2025-06-25 18:00:00,143.81,143.89,143.05,143.23,1920370.0,27553131.061
2025-06-25 19:00:00,143.23,144.69,143.17,144.64,3598742.0,51856803.397
2025-06-25 20:00:00,144.64,145.14,144.11,145.07,3538301.0,51148136.15
2025-06-25 21:00:00,145.07,145.58,144.01,144.32,4239219.0,61360560.075
2025-06-25 22:00:00,144.32,144.32,142.86,143.12,3485239.0,50008335.313
2025-06-25 23:00:00,143.12,143.54,142.19,143.48,3223173.0,46024651.902
2025-06-26 00:00:00,143.48,144.29,143.33,144.09,3824511.0,55025960.588
2025-06-26 01:00:00,144.09,146.16,143.6,145.24,4281003.0,61996261.432
2025-06-26 02:00:00,145.24,146.47,144.84,146.17,2166214.0,31548423.034
2025-06-26 03:00:00,146.17,147.97,145.61,145.86,3479346.0,51048971.289
2025-06-26 04:00:00,145.86,146.02,144.9,145.36,1452876.0,21125042.689
2025-06-26 05:00:00,145.36,145.65,143.94,144.44,2176221.0,31470122.004
2025-06-26 06:00:00,144.44,145.04,144.13,144.79,2416643.0,34958012.595
2025-06-26 07:00:00,144.79,145.85,144.66,145.07,2239633.0,32562712.323
2025-06-26 08:00:00,145.07,145.74,144.6,144.79,2558392.0,37105776.776
2025-06-26 09:00:00,144.79,145.06,143.56,143.72,3361107.0,48454565.755
2025-06-26 10:00:00,143.72,144.14,143.11,143.44,3597309.0,51658014.434
2025-06-26 11:00:00,143.44,143.88,143.06,143.55,2820135.0,40461577.89
2025-06-26 12:00:00,143.55,143.89,142.67,142.92,2949176.0,42245522.287
2025-06-26 13:00:00,142.92,143.2,141.31,141.74,6489785.0,92388262.517
2025-06-26 14:00:00,141.74,143.71,141.43,143.01,8407130.0,120010901.821
2025-06-26 15:00:00,143.01,143.49,141.46,142.95,6032287.0,86051952.583
2025-06-26 16:00:00,142.95,143.16,142.02,142.23,4783453.0,68139845.003
2025-06-26 17:00:00,142.23,142.98,141.5,141.64,4937488.0,70153297.273
2025-06-26 18:00:00,141.64,142.43,140.85,141.44,5863201.0,83009696.075
2025-06-26 19:00:00,141.44,142.56,141.12,142.22,3533914.0,50157862.769
2025-06-26 20:00:00,142.22,143.89,141.93,142.9,6761141.0,96570411.284
2025-06-26 21:00:00,142.9,143.21,139.35,140.32,9943256.0,140300590.89
2025-06-26 22:00:00,140.32,140.82,138.84,138.93,5628204.0,78617970.714
2025-06-26 23:00:00,138.93,139.26,138.54,138.99,5168787.0,71788561.304
2025-06-27 00:00:00,138.99,139.25,137.78,137.79,5127024.0,71017685.33
2025-06-27 01:00:00,137.79,139.79,137.01,139.35,4877945.0,67685294.764
2025-06-27 02:00:00,139.35,140.94,139.16,140.8,3508575.0,49164664.573
2025-06-27 03:00:00,140.8,141.5,140.66,141.28,3348569.0,47268566.895
2025-06-27 04:00:00,141.28,141.51,140.79,141.27,3251267.0,45899248.535
2025-06-27 05:00:00,141.27,142.05,140.46,140.6,2889623.0,40762048.269
2025-06-27 06:00:00,140.6,141.34,140.25,141.21,1990032.0,28024232.73
2025-06-27 07:00:00,141.21,142.16,140.13,140.27,3836878.0,54206155.574
2025-06-27 08:00:00,140.27,142.71,140.26,142.16,6036817.0,85501123.337
2025-06-27 09:00:00,142.16,142.26,141.51,142.0,13780706.0,195562936.35
2025-06-27 10:00:00,142.0,142.18,141.44,141.81,8880792.0,125925781.315
2025-06-27 11:00:00,141.81,142.27,141.51,142.07,3024222.0,42903734.547
2025-06-27 12:00:00,142.07,142.72,141.08,141.25,6082206.0,86357721.717
2025-06-27 13:00:00,141.25,142.89,141.08,142.68,4661943.0,66195594.962
2025-06-27 14:00:00,142.68,143.44,141.25,141.79,6337503.0,90169814.85
2025-06-27 15:00:00,141.79,143.78,141.52,143.4,3599622.0,51426108.921
2025-06-27 16:00:00,143.4,144.78,143.01,143.66,4814400.0,69234545.233
2025-06-27 17:00:00,143.66,143.8,140.74,141.49,5607584.0,79604616.131
2025-06-27 18:00:00,141.49,141.69,140.04,140.57,3870613.0,54515866.823
2025-06-27 19:00:00,140.57,141.99,140.41,141.7,2960659.0,41818484.508
2025-06-27 20:00:00,141.7,142.84,141.56,142.81,2508353.0,35703674.349
2025-06-27 21:00:00,142.81,143.31,142.28,142.5,3948186.0,56393121.009
2025-06-27 22:00:00,142.5,142.99,142.5,142.64,1608353.0,22958759.802
2025-06-27 23:00:00,142.64,142.64,141.81,142.02,1722587.0,24494381.538
2025-06-28 00:00:00,142.02,142.43,141.39,141.69,1627775.0,23087841.473
2025-06-28 01:00:00,141.69,142.62,141.08,142.55,2010087.0,28530639.353
2025-06-28 02:00:00,142.55,143.37,142.48,142.96,2721710.0,38913558.033
2025-06-28 03:00:00,142.96,143.49,142.79,143.34,836471.0,11979147.554
2025-06-28 04:00:00,143.34,143.38,143.03,143.16,509747.0,7299774.946
2025-06-28 05:00:00,143.16,144.06,143.16,143.83,1838692.0,26403385.53
2025-06-28 06:00:00,143.83,144.76,143.72,144.75,2279937.0,32908276.657
2025-06-28 07:00:00,144.75,146.77,144.49,146.49,5929315.0,86342129.341
2025-06-28 08:00:00,146.49,147.21,146.12,146.34,4454946.0,65302289.235
2025-06-28 09:00:00,146.34,147.52,145.56,147.15,4039882.0,59217917.491
2025-06-28 10:00:00,147.15,147.43,146.72,146.9,3787754.0,55717890.28
2025-06-28 11:00:00,146.9,147.47,146.87,147.07,2956359.0,43514541.752
2025-06-28 12:00:00,147.07,147.28,146.34,146.38,2694240.0,39545884.094
2025-06-28 13:00:00,146.38,146.78,145.82,146.08,2580846.0,37726811.431
2025-06-28 14:00:00,146.08,147.05,146.06,146.76,4423288.0,64857184.664
2025-06-28 15:00:00,146.76,148.65,146.68,148.11,5181167.0,76402015.867
2025-06-28 16:00:00,148.11,149.76,148.02,149.13,8300950.0,123749103.781
2025-06-28 17:00:00,149.13,152.67,149.05,152.13,10375668.0,156318484.655
2025-06-28 18:00:00,152.13,152.21,150.36,151.24,4961503.0,74951328.287
2025-06-28 19:00:00,151.24,151.52,150.59,150.64,3273971.0,49469497.012
2025-06-28 20:00:00,150.64,150.88,150.01,150.02,2860602.0,43010576.536
2025-06-28 21:00:00,150.02,151.17,150.01,151.0,2771467.0,41721165.435
2025-06-28 22:00:00,151.0,151.31,150.65,150.74,2083302.0,31437342.708
2025-06-28 23:00:00,150.74,151.24,150.51,150.67,1792375.0,27031004.364
2025-06-29 00:00:00,150.67,151.02,150.23,150.58,1711656.0,25779572.148
2025-06-29 01:00:00,150.58,150.84,150.15,150.22,1007434.0,15160675.741
2025-06-29 02:00:00,150.22,150.27,149.37,149.82,1893699.0,28349529.864
2025-06-29 03:00:00,149.82,150.11,149.4,149.42,676956.0,10137625.434
2025-06-29 04:00:00,149.42,149.92,149.3,149.74,1000404.0,14966067.014
2025-06-29 05:00:00,149.74,149.84,149.36,149.65,1179958.0,17650975.463
2025-06-29 06:00:00,149.65,150.14,149.53,149.69,1377859.0,20649188.653
2025-06-29 07:00:00,149.69,150.27,149.5,150.27,1535316.0,23018843.077
2025-06-29 08:00:00,150.27,150.95,149.87,150.71,2602009.0,39157463.163
2025-06-29 09:00:00,150.71,152.2,150.44,151.03,4263538.0,64497330.004
2025-06-29 10:00:00,151.03,151.74,150.78,151.32,2929718.0,44319188.157
2025-06-29 11:00:00,151.32,151.66,150.84,151.6,1578797.0,23877566.001
2025-06-29 12:00:00,151.6,151.91,150.82,151.79,2355538.0,35659684.171
2025-06-29 13:00:00,151.79,151.93,151.05,151.71,2141395.0,32445300.24
2025-06-29 14:00:00,151.71,152.48,151.08,151.24,6395084.0,97169327.047
2025-06-29 15:00:00,151.24,151.68,150.61,150.69,5619323.0,84876589.148
2025-06-29 16:00:00,150.69,150.89,149.67,150.45,4163041.0,62565573.75
2025-06-29 17:00:00,150.45,151.35,150.27,151.35,5021155.0,75637346.053
2025-06-29 18:00:00,151.35,152.18,151.08,151.79,5472286.0,82982465.65
2025-06-29 19:00:00,151.79,151.85,150.88,151.13,2827915.0,42805660.912
2025-06-29 20:00:00,151.13,151.34,150.74,150.76,1511713.0,22835172.866
2025-06-29 21:00:00,150.76,151.97,150.26,151.6,2461604.0,37249261.486
2025-06-29 22:00:00,151.6,154.69,151.53,152.85,7091128.0,108829112.099
2025-06-29 23:00:00,152.85,153.69,152.48,153.21,4754405.0,72802495.436
2025-06-30 00:00:00,153.21,154.02,152.38,152.52,3950634.0,60422879.645
2025-06-30 01:00:00,152.52,152.53,151.53,151.98,4753404.0,72257754.716
2025-06-30 02:00:00,151.98,152.58,151.86,151.92,2253931.0,34319088.261
2025-06-30 03:00:00,151.92,152.1,151.15,151.71,3153558.0,47846688.227
2025-06-30 04:00:00,151.71,151.94,150.89,151.04,2058715.0,31166860.567
2025-06-30 05:00:00,151.04,151.34,150.46,151.24,3041861.0,45901970.781
2025-06-30 06:00:00,151.24,151.3,149.92,150.4,3219960.0,48508391.624
2025-06-30 07:00:00,150.4,150.72,149.63,150.6,3081070.0,46317530.671
2025-06-30 08:00:00,150.6,150.78,149.36,149.76,4414365.0,66190916.162
2025-06-30 09:00:00,149.76,150.42,149.56,149.81,2790657.0,41856937.513
2025-06-30 10:00:00,149.81,150.33,149.8,150.26,2215392.0,33258072.525
2025-06-30 11:00:00,150.26,150.97,150.0,150.28,3722298.0,56045264.575
2025-06-30 12:00:00,150.28,150.61,149.65,149.84,3956211.0,59358306.764
2025-06-30 13:00:00,149.84,151.69,149.74,150.8,8111656.0,122339288.155
2025-06-30 14:00:00,150.8,152.31,149.84,151.28,9343753.0,141283520.508
2025-06-30 15:00:00,151.28,159.99,150.78,157.75,22719588.0,353927758.091
2025-06-30 16:00:00,157.75,158.37,156.28,156.95,9476991.0,148923006.512
2025-06-30 17:00:00,156.95,157.39,156.43,156.68,5561588.0,87311223.625
2025-06-30 18:00:00,156.68,157.61,155.28,155.71,5161583.0,80676677.984
2025-06-30 19:00:00,155.71,157.91,155.57,157.75,4539136.0,71262998.746
2025-06-30 20:00:00,157.75,157.76,156.05,156.53,4605358.0,72359988.417
2025-06-30 21:00:00,156.53,156.8,155.29,155.46,4163835.0,64976580.667
2025-06-30 22:00:00,155.46,155.96,154.92,155.08,3601392.0,55929800.405
2025-06-30 23:00:00,155.08,155.72,154.42,154.74,1790120.0,27757421.158
2025-07-01 00:00:00,154.74,155.58,153.31,154.71,3525268.0,54420168.535
2025-07-01 01:00:00,154.71,155.16,154.23,154.32,1636293.0,25319133.447
2025-07-01 02:00:00,154.32,154.33,153.08,153.26,2757848.0,42333530.928
2025-07-01 03:00:00,153.26,153.91,153.12,153.85,1661342.0,25498089.914
2025-07-01 04:00:00,153.85,153.85,152.39,152.45,3481968.0,53281312.466
2025-07-01 05:00:00,152.45,152.73,150.93,151.44,4350591.0,65974987.039
2025-07-01 06:00:00,151.44,151.45,150.91,151.2,1911654.0,28901809.477
2025-07-01 07:00:00,151.2,151.44,148.75,149.97,6056210.0,90839320.088
2025-07-01 08:00:00,149.97,149.98,148.91,148.99,2530115.0,37819163.206
2025-07-01 09:00:00,148.99,149.31,148.32,149.13,3596128.0,53511245.229
2025-07-01 10:00:00,149.13,149.27,148.51,148.91,3767206.0,56071263.07
2025-07-01 11:00:00,148.91,149.12,148.05,148.75,4737470.0,70409401.231
2025-07-01 12:00:00,148.75,148.97,147.83,148.25,4897120.0,72654666.193
2025-07-01 13:00:00,148.25,148.47,146.84,148.24,7585928.0,112156600.79
2025-07-01 14:00:00,148.24,149.2,146.15,147.15,9667727.0,142727440.23
2025-07-01 15:00:00,147.15,147.76,146.74,147.14,4715114.0,69412224.727
2025-07-01 16:00:00,147.14,148.26,146.97,148.25,4021624.0,59392564.812
2025-07-01 17:00:00,148.25,148.37,147.5,147.79,3617599.0,53469887.715
2025-07-01 18:00:00,147.79,147.85,145.41,145.91,5504241.0,80710536.389
2025-07-01 19:00:00,145.91,146.61,145.26,145.37,8551512.0,124775853.708
2025-07-01 20:00:00,145.37,146.6,144.8,146.35,6611479.0,96336827.207
2025-07-01 21:00:00,146.35,146.92,145.95,146.42,3798291.0,55615589.546
2025-07-01 22:00:00,146.42,146.94,146.13,146.63,2285184.0,33502015.324
2025-07-01 23:00:00,146.63,146.88,146.24,146.81,1996276.0,29260399.834
2025-07-02 00:00:00,146.81,147.44,146.51,146.66,3224839.0,47405258.008
2025-07-02 01:00:00,146.66,147.84,145.75,147.75,5240542.0,76957011.037
2025-07-02 02:00:00,147.75,148.38,147.19,148.32,2481935.0,36680445.363
2025-07-02 03:00:00,148.32,149.16,148.17,148.77,4316936.0,64235144.778
2025-07-02 04:00:00,148.77,149.17,148.22,149.01,2987301.0,44405630.546
2025-07-02 05:00:00,149.01,149.09,148.43,148.96,2787212.0,41455368.274
2025-07-02 06:00:00,148.96,149.7,148.63,149.58,3604179.0,53773640.347
2025-07-02 07:00:00,149.58,149.84,148.8,149.03,3774069.0,56315432.053
2025-07-02 08:00:00,149.03,149.89,148.99,149.12,3725511.0,55646226.291
2025-07-02 09:00:00,149.12,149.5,148.51,148.56,2667499.0,39741846.003
2025-07-02 10:00:00,148.56,149.42,148.37,149.39,2501835.0,37283255.537
2025-07-02 11:00:00,149.39,149.62,148.35,148.55,4774116.0,71144041.67
2025-07-02 12:00:00,148.55,148.56,147.04,147.61,7544862.0,111409860.944
2025-07-02 13:00:00,147.61,149.87,147.54,149.17,8392717.0,124861973.259
2025-07-02 14:00:00,149.17,150.58,148.97,150.18,8078662.0,120876774.389
2025-07-02 15:00:00,150.18,151.54,149.93,151.24,13680463.0,206232084.12
2025-07-02 16:00:00,151.24,153.52,151.01,153.04,17118437.0,260883651.845
2025-07-02 17:00:00,153.04,153.44,150.25,151.53,8326774.0,126593656.409
2025-07-02 18:00:00,151.53,152.22,151.22,152.2,4423807.0,67179734.725
2025-07-02 19:00:00,152.2,153.14,151.39,152.93,5577733.0,85010562.092
2025-07-02 20:00:00,152.93,153.93,152.34,152.72,6126051.0,93848300.711
2025-07-02 21:00:00,152.72,153.97,152.72,153.72,4711534.0,72332325.871
2025-07-02 22:00:00,153.72,154.42,153.31,153.48,3740687.0,57511254.42
2025-07-02 23:00:00,153.48,153.62,151.9,152.24,3180358.0,48513448.137
2025-07-03 00:00:00,152.24,153.22,151.86,153.0,3832280.0,58468630.588
2025-07-03 01:00:00,153.0,153.22,152.44,153.07,2264390.0,34600295.875
2025-07-03 02:00:00,153.07,153.08,151.69,152.7,2408505.0,36686218.008
2025-07-03 03:00:00,152.7,153.96,152.69,153.32,3309637.0,50791333.53
2025-07-03 04:00:00,153.32,153.99,153.13,153.76,2130064.0,32720827.298
2025-07-03 05:00:00,153.76,155.86,153.73,155.62,6821546.0,105805357.422
2025-07-03 06:00:00,155.62,155.86,155.07,155.37,2609810.0,40563225.302
2025-07-03 07:00:00,155.37,155.72,154.75,155.53,3037801.0,47165107.278
2025-07-03 08:00:00,155.53,155.84,155.09,155.1,3950065.0,61455614.717
2025-07-03 09:00:00,155.1,156.31,155.09,155.59,6134211.0,95542267.015
2025-07-03 10:00:00,155.59,155.72,154.33,154.77,3302356.0,51145659.697
2025-07-03 11:00:00,154.77,154.95,154.08,154.44,2251659.0,34787549.076
2025-07-03 12:00:00,154.44,155.25,151.88,153.07,9225849.0,141650084.753
2025-07-03 13:00:00,153.07,154.92,152.47,154.49,8784444.0,134859300.24
2025-07-03 14:00:00,154.49,154.85,151.84,152.18,8532594.0,130689956.801
2025-07-03 15:00:00,152.18,152.62,149.82,150.11,10526107.0,159201135.436
2025-07-03 16:00:00,150.11,151.08,149.83,150.55,10484128.0,157720152.198
2025-07-03 17:00:00,150.55,151.58,150.53,151.43,2492661.0,37675501.976
2025-07-03 18:00:00,151.43,151.76,150.55,151.64,2840936.0,42975907.76
2025-07-03 19:00:00,151.64,151.97,151.33,151.71,2191817.0,33243090.02
2025-07-03 20:00:00,151.71,152.73,151.7,152.73,2228912.0,33927605.671
2025-07-03 21:00:00,152.73,153.07,152.42,152.97,4246674.0,64888639.246
2025-07-03 22:00:00,152.97,153.18,152.51,152.9,1820060.0,27815587.99
2025-07-03 23:00:00,152.9,153.0,152.08,152.28,1508760.0,22983489.528
2025-07-04 00:00:00,152.28,152.75,152.0,152.36,2785148.0,42447858.351
2025-07-04 01:00:00,152.36,153.11,152.26,152.35,2161561.0,33016757.79
2025-07-04 02:00:00,152.35,152.52,150.91,151.2,2015224.0,30574363.673
2025-07-04 03:00:00,151.2,151.91,150.86,151.63,1145606.0,17356511.575
2025-07-04 04:00:00,151.63,152.51,151.46,151.51,1831752.0,27836409.893
2025-07-04 05:00:00,151.51,153.83,151.46,153.17,3420832.0,52275548.925
2025-07-04 06:00:00,153.17,153.21,151.66,152.35,2983897.0,45467575.935
2025-07-04 07:00:00,152.35,152.83,150.22,150.42,5025085.0,75946312.839
2025-07-04 08:00:00,150.42,150.44,148.95,149.92,4938467.0,73979493.005
2025-07-04 09:00:00,149.92,150.88,149.79,150.78,2367810.0,35630914.321
2025-07-04 10:00:00,150.78,150.91,149.85,150.02,2371473.0,35660746.425
2025-07-04 11:00:00,150.02,150.69,149.97,150.12,1627502.0,24458584.997
2025-07-04 12:00:00,150.12,150.64,149.75,150.42,2832719.0,42553201.437
2025-07-04 13:00:00,150.42,151.17,148.3,148.43,7290877.0,109057271.495
2025-07-04 14:00:00,148.43,148.78,147.4,148.02,7317169.0,108351651.488
2025-07-04 15:00:00,148.02,148.18,146.2,146.52,7614539.0,111870330.956
2025-07-04 16:00:00,146.52,146.92,145.11,145.8,9319368.0,135929986.377
2025-07-04 17:00:00,145.8,146.6,145.52,146.55,3648049.0,53278823.212
2025-07-04 18:00:00,146.55,146.65,145.75,146.29,3019623.0,44137386.026
2025-07-04 19:00:00,146.29,146.71,145.98,146.64,2973873.0,43544541.136
2025-07-04 20:00:00,146.64,147.13,146.45,146.76,2721421.0,39966505.733
2025-07-04 21:00:00,146.76,147.26,146.27,147.14,2496772.0,36630020.347
2025-07-04 22:00:00,147.14,148.23,146.87,148.15,2901131.0,42817950.959
2025-07-04 23:00:00,148.15,148.16,147.23,147.6,2580154.0,38119188.627
2025-07-05 00:00:00,147.6,148.34,147.44,148.2,1555940.0,23020708.686
2025-07-05 01:00:00,148.2,148.22,147.65,148.12,850738.0,12585172.025
2025-07-05 02:00:00,148.12,148.12,147.05,147.95,1672292.0,24708721.539
2025-07-05 03:00:00,147.95,148.36,147.55,147.64,1173322.0,17364454.045
2025-07-05 04:00:00,147.64,147.99,147.16,147.16,1144852.0,16881776.899
2025-07-05 05:00:00,147.16,147.34,146.63,147.26,1209292.0,17774900.46
2025-07-05 06:00:00,147.26,148.25,146.97,148.12,2240086.0,33099603.982
2025-07-05 07:00:00,148.12,148.46,147.59,147.78,1609716.0,23820256.754
2025-07-05 08:00:00,147.78,147.81,146.94,147.25,1260531.0,18576011.292
2025-07-05 09:00:00,147.25,147.94,146.7,147.82,1640424.0,24153742.537
2025-07-05 10:00:00,147.82,148.1,147.63,147.85,2231024.0,32990885.813
2025-07-05 11:00:00,147.85,148.45,147.83,148.09,1939205.0,28742379.571
2025-07-05 12:00:00,148.09,148.23,147.6,148.18,2256889.0,33388930.824
2025-07-05 13:00:00,148.18,148.62,147.73,147.89,14009951.0,207280179.797
2025-07-05 14:00:00,147.89,148.06,147.54,147.99,1672816.0,24728720.428
2025-07-05 15:00:00,147.99,148.13,146.97,147.04,1908999.0,28151129.349
2025-07-05 16:00:00,147.04,147.19,145.79,146.59,4743720.0,69446967.178
2025-07-05 17:00:00,146.59,147.16,146.32,146.8,3383032.0,49642502.395
2025-07-05 18:00:00,146.8,146.83,145.86,146.31,2760300.0,40377356.511
2025-07-05 19:00:00,146.31,146.9,146.02,146.81,1705377.0,24979630.626
2025-07-05 20:00:00,146.81,147.15,146.36,147.14,1987177.0,29153183.191
2025-07-05 21:00:00,147.14,147.43,146.79,147.33,1160724.0,17079850.636
2025-07-05 22:00:00,147.33,147.81,147.02,147.76,1169954.0,17242770.825
2025-07-05 23:00:00,147.76,147.96,147.46,147.51,1073160.0,15847694.821
2025-07-06 00:00:00,147.51,147.58,147.09,147.53,924949.0,13626038.977
2025-07-06 01:00:00,147.53,147.58,146.86,147.17,1246382.0,18339265.704
2025-07-06 02:00:00,147.17,147.53,146.87,146.87,928147.0,13663450.85
2025-07-06 03:00:00,146.87,147.29,146.74,147.27,868786.0,12771313.923
2025-07-06 04:00:00,147.27,147.72,147.11,147.21,907709.0,13377153.555
2025-07-06 05:00:00,147.21,147.35,146.97,147.1,1384595.0,20371067.339
2025-07-06 06:00:00,147.1,148.24,147.05,147.97,1740551.0,25730133.916
2025-07-06 07:00:00,147.97,148.43,147.79,147.8,1673566.0,24779763.65
2025-07-06 08:00:00,147.8,147.94,147.13,147.45,1636684.0,24139680.887
2025-07-06 09:00:00,147.45,147.62,146.7,146.74,1652519.0,24329398.389
2025-07-06 10:00:00,146.74,147.54,146.66,147.23,1542502.0,22684905.189
2025-07-06 11:00:00,147.23,147.93,147.01,147.88,1696166.0,25018232.293
2025-07-06 12:00:00,147.88,148.93,147.75,148.92,3072907.0,45570282.33
2025-07-06 13:00:00,148.92,152.01,148.35,151.28,9217277.0,138702898.276
2025-07-06 14:00:00,151.28,151.98,150.63,151.54,5453778.0,82541149.488
2025-07-06 15:00:00,151.54,151.84,150.77,151.47,2787250.0,42168685.825
2025-07-06 16:00:00,151.47,153.16,151.14,153.06,7288747.0,110835198.22
2025-07-06 17:00:00,153.06,153.12,152.2,152.41,4650006.0,70926034.512
2025-07-06 18:00:00,152.41,152.51,150.92,151.35,3819341.0,57905166.065
2025-07-06 19:00:00,151.35,151.71,150.62,151.21,4204445.0,63531348.14
2025-07-06 20:00:00,151.21,151.88,151.17,151.39,3237885.0,49064677.073
2025-07-06 21:00:00,151.39,153.87,151.39,152.18,9016408.0,137653182.647
2025-07-06 22:00:00,152.18,153.42,152.18,152.43,4947229.0,75681250.855
2025-07-06 23:00:00,152.43,152.48,151.38,151.81,2710168.0,41149390.676
2025-07-07 00:00:00,151.81,151.9,150.75,151.08,2423770.0,36664963.151
2025-07-07 01:00:00,151.08,151.31,150.16,151.17,2334478.0,35188468.384
2025-07-07 02:00:00,151.17,152.7,151.16,151.96,2277435.0,34610483.745
2025-07-07 03:00:00,151.96,152.82,151.7,151.81,1423338.0,21645542.534
2025-07-07 04:00:00,151.81,152.1,151.7,151.71,1048771.0,15929951.322
2025-07-07 05:00:00,151.71,152.08,151.46,151.86,1379804.0,20947200.86
2025-07-07 06:00:00,151.86,151.94,150.95,151.13,2632146.0,39822272.576
2025-07-07 07:00:00,151.13,152.39,150.8,152.29,2994489.0,45378712.046
2025-07-07 08:00:00,152.29,152.88,152.14,152.59,4421197.0,67429651.536
2025-07-07 09:00:00,152.59,152.59,151.98,152.1,1516885.0,23095552.454
2025-07-07 10:00:00,152.1,152.42,151.56,152.18,2657125.0,40384565.497
2025-07-07 11:00:00,152.18,153.53,152.07,152.72,4388950.0,67080740.567
2025-07-07 12:00:00,152.72,152.82,151.36,151.61,5651829.0,85808947.529
2025-07-07 13:00:00,151.61,153.36,151.11,152.99,8835023.0,134201285.488
2025-07-07 14:00:00,152.99,153.26,151.51,151.6,7978142.0,121543107.915
2025-07-07 15:00:00,151.6,152.31,150.91,150.98,7192518.0,109161739.564
2025-07-07 16:00:00,150.98,151.48,149.63,150.29,6473577.0,97466132.095
2025-07-07 17:00:00,150.29,150.79,149.53,149.9,6752268.0,101365765.542
2025-07-07 18:00:00,149.9,150.24,148.95,150.05,5797686.0,86665991.48
2025-07-07 19:00:00,150.05,150.57,148.53,148.89,4947483.0,74013548.212
2025-07-07 20:00:00,148.89,148.91,147.69,148.28,6036522.0,89524624.912
2025-07-07 21:00:00,148.28,148.73,147.71,148.54,4140097.0,61400641.777
2025-07-07 22:00:00,148.54,148.57,147.61,148.38,2991072.0,44289270.316
2025-07-07 23:00:00,148.38,148.84,148.37,148.82,1871385.0,27813125.638
2025-07-08 00:00:00,148.82,150.02,148.65,149.07,4837027.0,72240562.319
2025-07-08 01:00:00,149.07,149.24,148.53,148.66,1997606.0,29739921.639
2025-07-08 02:00:00,148.66,149.22,147.77,147.91,2213252.0,32846507.43
2025-07-08 03:00:00,147.91,148.92,147.85,148.56,1371376.0,20372833.127
2025-07-08 04:00:00,148.56,149.0,148.11,148.96,1883620.0,27992338.268
2025-07-08 05:00:00,148.96,149.29,148.51,149.17,1810305.0,26971255.901
2025-07-08 06:00:00,149.17,149.54,148.95,149.17,2233909.0,33343450.512
2025-07-08 07:00:00,149.17,149.68,148.75,149.58,1996278.0,29777945.805
2025-07-08 08:00:00,149.58,150.21,149.46,149.8,3719537.0,55739510.582
2025-07-08 09:00:00,149.8,150.49,149.6,150.09,2865035.0,43034554.332
2025-07-08 10:00:00,150.09,151.24,150.09,151.0,3331294.0,50248603.662
2025-07-08 11:00:00,151.0,151.57,150.87,151.2,3134903.0,47410368.411
2025-07-08 12:00:00,151.2,152.41,151.19,152.35,9450198.0,143540208.003
2025-07-08 13:00:00,152.35,152.83,151.45,151.94,8160726.0,124173745.351
2025-07-08 14:00:00,151.94,152.0,150.45,150.76,5678676.0,85860454.542
2025-07-08 15:00:00,150.76,151.07,149.69,149.78,3336712.0,50164014.389
2025-07-08 16:00:00,149.78,150.48,149.38,150.45,4376508.0,65658575.583
2025-07-08 17:00:00,150.45,152.2,150.36,151.99,9815627.0,148785811.752
2025-07-08 18:00:00,151.99,152.77,151.64,152.74,6899591.0,105031823.569
2025-07-08 19:00:00,152.74,152.74,151.26,151.62,4060588.0,61724847.321
2025-07-08 20:00:00,151.62,151.62,149.89,149.9,3992387.0,60209045.368
2025-07-08 21:00:00,149.9,150.85,149.89,150.74,3359253.0,50487222.926
2025-07-08 22:00:00,150.74,151.48,150.43,151.47,3651391.0,55143906.128
2025-07-08 23:00:00,151.47,151.85,151.18,151.6,3360419.0,50919562.155
2025-07-09 00:00:00,151.6,151.68,151.0,151.64,4596647.0,69605946.762
2025-07-09 01:00:00,151.64,152.29,151.06,151.36,3620434.0,54889579.206
2025-07-09 02:00:00,151.36,152.12,151.28,151.72,2055884.0,31183290.752
2025-07-09 03:00:00,151.72,152.13,151.1,151.22,2213136.0,33538301.631
2025-07-09 04:00:00,151.22,151.39,150.43,151.07,3543967.0,53498943.205
2025-07-09 05:00:00,151.07,153.83,151.07,153.05,5281396.0,80514248.502
2025-07-09 06:00:00,153.05,153.41,152.27,152.82,3226991.0,49287046.444
2025-07-09 07:00:00,152.82,153.17,152.5,152.95,2020221.0,30879135.246
2025-07-09 08:00:00,152.95,153.06,152.26,152.38,1591589.0,24300835.303
2025-07-09 09:00:00,152.38,152.9,152.23,152.78,1751176.0,26715435.791
2025-07-09 10:00:00,152.78,153.15,152.49,153.05,2232316.0,34116321.696
2025-07-09 11:00:00,153.05,154.39,152.97,153.65,3544032.0,54412045.451
2025-07-09 12:00:00,153.65,154.58,153.19,153.99,5953391.0,91726213.46
2025-07-09 13:00:00,153.99,154.77,153.52,153.67,8106589.0,124992078.415
2025-07-09 14:00:00,153.67,155.47,152.82,153.69,11197444.0,172260954.661
2025-07-09 15:00:00,153.69,154.5,153.29,153.91,6343311.0,97632392.138
2025-07-09 16:00:00,153.91,154.97,153.62,154.81,6922293.0,106943845.01
2025-07-09 17:00:00,154.81,154.84,153.18,153.59,4264386.0,65682365.603
2025-07-09 18:00:00,153.59,155.23,153.5,154.61,5551977.0,85867693.004
2025-07-09 19:00:00,154.61,157.8,154.52,157.24,11114664.0,173457826.244
2025-07-09 20:00:00,157.24,157.47,155.39,156.0,7586555.0,118533299.736
2025-07-09 21:00:00,156.0,157.55,155.96,156.69,5183485.0,81353990.736
2025-07-09 22:00:00,156.69,157.89,156.69,157.63,4687093.0,73797670.51
2025-07-09 23:00:00,157.63,157.87,156.95,157.0,3328900.0,52398528.359
2025-07-10 00:00:00,157.0,157.48,155.9,155.93,2504409.0,39220757.284
2025-07-10 01:00:00,155.93,157.82,155.9,157.53,2987872.0,46873571.717
2025-07-10 02:00:00,157.53,159.29,157.53,158.22,4033301.0,63908846.622
2025-07-10 03:00:00,158.22,158.3,157.16,157.29,2646387.0,41735546.607
2025-07-10 04:00:00,157.29,157.61,156.82,157.6,1589109.0,24984112.337
2025-07-10 05:00:00,157.6,157.69,156.84,157.15,1749626.0,27502325.795
2025-07-10 06:00:00,157.15,157.41,156.59,157.35,2670404.0,41927885.468
2025-07-10 07:00:00,157.35,158.58,157.27,157.81,5046270.0,79729129.914
2025-07-10 08:00:00,157.81,159.11,157.73,158.85,4022183.0,63792304.216
2025-07-10 09:00:00,158.85,159.01,157.86,158.0,3002590.0,47530959.264
2025-07-10 10:00:00,158.0,158.07,157.34,157.84,3039502.0,47911523.558
2025-07-10 11:00:00,157.84,157.84,157.11,157.55,1745226.0,27475110.742
2025-07-10 12:00:00,157.55,157.56,156.92,157.4,2749887.0,43238916.92
2025-07-10 13:00:00,157.4,158.31,156.66,156.96,4930863.0,77627649.025
2025-07-10 14:00:00,156.96,157.64,156.18,156.77,6011629.0,94277095.104
2025-07-10 15:00:00,156.77,156.94,155.55,156.38,4845502.0,75731193.77
2025-07-10 16:00:00,156.38,158.67,156.07,158.33,8709766.0,137497576.244
2025-07-10 17:00:00,158.33,161.18,157.86,160.86,12977581.0,206766833.459
2025-07-10 18:00:00,160.86,160.96,158.27,159.02,5295818.0,84468903.997
2025-07-10 19:00:00,159.02,159.6,158.58,159.23,6135682.0,97641052.231
2025-07-10 20:00:00,159.23,160.46,159.14,160.37,5860413.0,93763807.336
2025-07-10 21:00:00,160.37,164.28,160.22,163.79,13583411.0,221232276.197
2025-07-10 22:00:00,163.79,165.37,163.25,164.64,8239715.0,135412628.201
2025-07-10 23:00:00,164.64,165.19,163.23,164.27,4524207.0,74250608.72
2025-07-11 00:00:00,164.27,164.37,161.91,163.03,4112716.0,67045845.225
2025-07-11 01:00:00,163.03,164.75,162.96,164.43,3104786.0,50957202.694
2025-07-11 02:00:00,164.43,165.15,164.03,164.9,2262045.0,37252915.462
2025-07-11 03:00:00,164.9,165.32,163.9,165.11,2493113.0,41061042.8
2025-07-11 04:00:00,165.11,165.12,163.95,164.9,2740428.0,45088499.086
2025-07-11 05:00:00,164.9,166.71,164.85,165.19,6206161.0,102820512.727
2025-07-11 06:00:00,165.19,165.94,163.35,163.53,4337249.0,71459469.36
2025-07-11 07:00:00,163.53,164.21,163.06,163.21,3169118.0,51859607.508
2025-07-11 08:00:00,163.21,163.98,163.19,163.8,3550828.0,58083852.922
2025-07-11 09:00:00,163.8,165.29,163.56,164.7,4900378.0,80671029.53
2025-07-11 10:00:00,164.7,165.15,164.11,164.75,3326829.0,54769396.604
2025-07-11 11:00:00,164.75,165.01,163.52,163.78,2891148.0,47441974.276
2025-07-11 12:00:00,163.78,165.2,163.25,165.2,3727524.0,61133757.849
2025-07-11 13:00:00,165.2,166.9,164.22,166.35,9064719.0,150312741.45
2025-07-11 14:00:00,166.35,168.17,165.4,166.59,7340509.0,122595941.375
2025-07-11 15:00:00,166.59,166.83,161.77,162.27,9828187.0,161580192.224
2025-07-11 16:00:00,162.27,163.17,161.21,163.14,10249508.0,166275382.204
2025-07-11 17:00:00,163.14,164.42,162.9,164.42,3973440.0,64996237.833
2025-07-11 18:00:00,164.42,164.95,163.5,164.31,2631945.0,43206984.134
2025-07-11 19:00:00,164.31,164.57,163.21,164.5,4022345.0,66015379.215
2025-07-11 20:00:00,164.5,164.81,162.53,162.65,2934985.0,48032509.845
2025-07-11 21:00:00,162.65,163.05,161.31,162.08,4168025.0,67584545.839
2025-07-11 22:00:00,162.08,162.55,159.5,161.6,5600951.0,90049234.112
2025-07-11 23:00:00,161.6,162.96,161.56,162.87,1795659.0,29137035.334
2025-07-12 00:00:00,162.87,163.31,161.74,162.97,2722269.0,44245755.306
2025-07-12 01:00:00,162.97,163.75,162.97,163.42,1396421.0,22823886.198
2025-07-12 02:00:00,163.42,163.87,162.79,162.93,2311489.0,37742434.33
2025-07-12 03:00:00,162.93,163.62,162.79,163.4,1140919.0,18624069.167
2025-07-12 04:00:00,163.4,163.59,162.2,162.47,1022943.0,16655910.205
2025-07-12 05:00:00,162.47,163.14,162.0,162.96,1102639.0,17926969.619
2025-07-12 06:00:00,162.96,163.58,162.38,163.41,1152167.0,18783556.785
2025-07-12 07:00:00,163.41,163.76,162.66,163.13,2874008.0,46909704.833
2025-07-12 08:00:00,163.13,163.36,162.1,162.6,3893759.0,63380310.924
2025-07-12 09:00:00,162.6,162.91,162.22,162.6,1859818.0,30225505.133
2025-07-12 10:00:00,162.6,163.1,162.23,162.94,3641426.0,59223999.04
2025-07-12 11:00:00,162.94,162.95,161.34,161.55,2003566.0,32501562.545
2025-07-12 12:00:00,161.55,161.71,158.66,159.76,7094375.0,113482353.548
2025-07-12 13:00:00,159.76,159.76,158.26,159.66,7777453.0,123684340.341
2025-07-12 14:00:00,159.66,160.4,158.79,159.05,5481771.0,87562463.291
2025-07-12 15:00:00,159.05,159.52,157.66,158.05,6548729.0,103847570.284
2025-07-12 16:00:00,158.05,159.39,157.83,158.67,4740780.0,75286336.524
2025-07-12 17:00:00,158.67,160.59,158.61,160.4,3575213.0,57084839.833
2025-07-12 18:00:00,160.4,160.71,159.75,160.24,2861290.0,45827805.103
2025-07-12 19:00:00,160.24,160.7,160.15,160.66,2234612.0,35844120.844
2025-07-12 20:00:00,160.66,160.75,158.91,158.91,2093673.0,33495240.002
2025-07-12 21:00:00,158.91,160.57,158.88,160.52,3420178.0,54601649.605
2025-07-12 22:00:00,160.52,160.56,159.52,160.37,2122158.0,33977003.386
2025-07-12 23:00:00,160.37,160.87,159.8,160.64,2038532.0,32674785.319
2025-07-13 00:00:00,160.64,161.71,160.11,160.85,2940065.0,47275985.039
2025-07-13 01:00:00,160.85,161.7,160.72,161.45,1293664.0,20862038.33
2025-07-13 02:00:00,161.45,161.74,160.59,161.36,1788654.0,28816772.721
2025-07-13 03:00:00,161.36,161.43,160.78,161.15,1121790.0,18073173.026
2025-07-13 04:00:00,161.15,162.07,160.98,161.9,3284228.0,53109087.14
2025-07-13 05:00:00,161.9,162.18,161.24,161.3,5469447.0,88459846.355
2025-07-13 06:00:00,161.3,162.07,161.2,161.54,2408935.0,38947835.969
2025-07-13 07:00:00,161.54,162.69,161.4,162.56,4976940.0,80700570.164
2025-07-13 08:00:00,162.56,162.66,161.57,162.17,5865870.0,95115664.116
2025-07-13 09:00:00,162.17,162.43,161.5,161.82,4144570.0,67119574.582
2025-07-13 10:00:00,161.82,162.03,161.53,161.75,2537352.0,41044369.89
2025-07-13 11:00:00,161.75,162.68,161.67,161.99,4066610.0,65922033.03
2025-07-13 12:00:00,161.99,162.79,161.7,162.53,5293778.0,85871661.923
2025-07-13 13:00:00,162.53,162.91,161.85,162.82,4941375.0,80260296.038
2025-07-13 14:00:00,162.82,164.1,162.28,162.73,13592805.0,221825061.317
2025-07-13 15:00:00,162.73,163.4,161.78,161.95,6497391.0,105551556.503
2025-07-13 16:00:00,161.95,162.38,160.79,160.86,6807602.0,110082201.024
2025-07-13 17:00:00,160.86,162.73,160.5,162.57,4027600.0,65015284.07
2025-07-13 18:00:00,162.57,163.21,162.32,162.98,1666434.0,27131804.996
2025-07-13 19:00:00,162.98,163.48,162.43,162.45,4692705.0,76484630.466
2025-07-13 20:00:00,162.45,163.02,161.89,162.5,5185855.0,84276053.263
2025-07-13 21:00:00,162.5,162.5,160.03,160.48,8188465.0,132154595.389
2025-07-13 22:00:00,160.48,160.98,159.55,160.69,7745712.0,124061361.027
2025-07-13 23:00:00,160.69,161.37,160.2,161.04,2732618.0,43943395.979
2025-07-14 00:00:00,161.04,162.22,160.53,161.56,3796973.0,61249574.794
2025-07-14 01:00:00,161.56,162.81,161.41,162.72,5490042.0,89034276.487
2025-07-14 02:00:00,162.72,165.45,162.54,164.84,8312735.0,136457511.014
2025-07-14 03:00:00,164.84,168.21,164.64,167.07,6235256.0,103764271.952
2025-07-14 04:00:00,167.07,167.89,166.73,167.47,2145308.0,35916031.836
2025-07-14 05:00:00,167.47,168.65,165.39,166.74,8905839.0,149086919.751
2025-07-14 06:00:00,166.74,166.8,165.26,165.69,4704639.0,78089283.236
2025-07-14 07:00:00,165.69,169.29,165.62,167.18,3163314.0,52693070.012
2025-07-14 08:00:00,167.18,167.5,166.01,167.43,2791819.0,46524023.504
2025-07-14 09:00:00,167.43,168.1,166.98,167.34,2747111.0,46019059.157
2025-07-14 10:00:00,167.34,167.6,166.41,167.5,3073845.0,51360899.0
2025-07-14 11:00:00,167.5,167.62,166.25,166.51,2945157.0,49150070.605
2025-07-14 12:00:00,166.51,167.38,166.36,166.89,3246773.0,54169303.267
2025-07-14 13:00:00,166.89,168.5,166.16,167.93,6440080.0,107780141.073
2025-07-14 14:00:00,167.93,168.6,165.41,166.66,6883200.0,114849444.232
2025-07-14 15:00:00,166.66,166.7,163.0,163.92,7237746.0,119060996.273
2025-07-14 16:00:00,163.92,165.27,163.28,165.16,5744061.0,94371058.878
2025-07-14 17:00:00,165.16,165.18,163.45,164.27,5611657.0,92239185.402
2025-07-14 18:00:00,164.27,164.47,162.58,162.67,6582566.0,107725755.706
2025-07-14 19:00:00,162.67,164.23,162.37,164.22,5919413.0,96782478.795
2025-07-14 20:00:00,164.22,164.22,161.87,162.89,7285564.0,118720410.356
2025-07-14 21:00:00,162.89,162.89,162.07,162.42,4962650.0,80650583.61
2025-07-14 22:00:00,162.42,162.69,161.69,162.23,2706882.0,43880195.483
2025-07-14 23:00:00,162.23,162.35,161.58,162.13,2245116.0,36368785.146
2025-07-15 00:00:00,162.13,162.82,161.05,161.25,3263571.0,52807829.655
2025-07-15 01:00:00,161.25,162.3,160.24,161.03,4380592.0,70602379.728
2025-07-15 02:00:00,161.03,161.46,159.03,160.48,4493871.0,71974423.146
2025-07-15 03:00:00,160.48,160.59,158.09,159.06,4319410.0,68656492.708
2025-07-15 04:00:00,159.06,160.14,158.21,160.01,2464833.0,39310880.255
2025-07-15 05:00:00,160.01,160.47,159.72,160.17,1236989.0,19808360.078
2025-07-15 06:00:00,160.17,160.8,159.95,160.28,1968088.0,31558744.718
2025-07-15 07:00:00,160.28,160.63,159.29,159.48,3231657.0,51668468.131
2025-07-15 08:00:00,159.48,159.57,158.32,159.14,10890631.0,173422678.251
2025-07-15 09:00:00,159.14,159.85,158.98,159.04,2496915.0,39836236.143
2025-07-15 10:00:00,159.04,159.76,159.0,159.48,1664146.0,26539938.617
2025-07-15 11:00:00,159.48,160.08,158.86,159.78,4259857.0,67876679.674
2025-07-15 12:00:00,159.78,160.98,158.24,159.83,8350594.0,133271964.084
2025-07-15 13:00:00,159.83,161.95,159.66,161.16,10307570.0,165871931.38
2025-07-15 14:00:00,161.16,162.11,157.14,157.7,10565148.0,168764355.895
2025-07-15 15:00:00,157.7,160.88,157.23,160.39,8051188.0,128094183.056
2025-07-15 16:00:00,160.39,161.54,160.19,160.9,6993722.0,112619528.199
2025-07-15 17:00:00,160.9,162.82,160.78,162.77,8338830.0,135014732.175
2025-07-15 18:00:00,162.77,163.66,160.74,161.81,10173329.0,165294791.141
2025-07-15 19:00:00,161.81,162.79,159.86,160.18,4868219.0,78505513.43
2025-07-15 20:00:00,160.18,161.2,159.59,160.63,5766220.0,92479379.35
2025-07-15 21:00:00,160.63,162.62,160.49,161.89,3381935.0,54686679.636
2025-07-15 22:00:00,161.89,162.5,161.34,162.5,2107128.0,34092537.223
2025-07-15 23:00:00,162.5,164.26,162.49,164.0,4759120.0,77977642.696
2025-07-16 00:00:00,164.0,165.28,163.56,164.75,4664234.0,76701743.423
2025-07-16 01:00:00,164.75,164.79,163.78,163.95,2096895.0,34461239.152
2025-07-16 02:00:00,163.95,164.14,161.5,162.11,4388950.0,71402153.81
2025-07-16 03:00:00,162.11,162.78,161.88,162.5,1534881.0,24924378.692
2025-07-16 04:00:00,162.5,162.91,161.77,162.51,2377172.0,38617498.996
2025-07-16 05:00:00,162.51,163.57,162.51,163.18,1250478.0,20399868.912
2025-07-16 06:00:00,163.18,164.13,162.61,164.11,4395704.0,71779809.644
2025-07-16 07:00:00,164.11,164.65,163.6,164.02,2984414.0,48978883.23
2025-07-16 08:00:00,164.02,165.62,163.8,165.51,3219250.0,52977897.295
2025-07-16 09:00:00,165.51,167.57,165.48,167.27,7145303.0,119169501.931
2025-07-16 10:00:00,167.27,167.49,166.01,166.05,3495181.0,58358061.911
2025-07-16 11:00:00,166.05,166.83,166.03,166.67,2824021.0,46977964.292
2025-07-16 12:00:00,166.67,167.54,166.53,166.61,4578281.0,76500065.908
2025-07-16 13:00:00,166.61,167.31,166.17,167.27,5562557.0,92743538.035
2025-07-16 14:00:00,167.27,168.01,166.62,167.53,5748901.0,96243672.192
2025-07-16 15:00:00,167.53,168.82,165.38,168.41,10556092.0,176492629.308
2025-07-16 16:00:00,168.41,173.28,168.38,172.57,24769984.0,424344668.895
2025-07-16 17:00:00,172.57,174.62,172.04,173.64,11863087.0,205449016.098
2025-07-16 18:00:00,173.64,174.73,172.96,173.38,7879513.0,137248955.376
2025-07-16 19:00:00,173.38,174.46,172.54,174.13,5216357.0,90456338.806
2025-07-16 20:00:00,174.13,175.06,173.74,174.67,6393643.0,111536605.944
2025-07-16 21:00:00,174.67,175.97,173.9,174.45,10810649.0,189177851.646
2025-07-16 22:00:00,174.45,175.85,173.44,173.82,6566482.0,114686621.194
2025-07-16 23:00:00,173.82,173.96,172.4,173.62,3820396.0,66209283.013
2025-07-17 00:00:00,173.62,174.88,173.0,173.0,2558659.0,44549486.77
2025-07-17 01:00:00,173.0,173.39,169.56,171.51,6121048.0,104901285.769
2025-07-17 02:00:00,171.51,172.1,170.22,171.28,5484222.0,93981597.207
2025-07-17 03:00:00,171.28,171.45,168.71,169.56,5180221.0,88040342.836
2025-07-17 04:00:00,169.56,171.32,169.27,171.29,1793083.0,30544386.542
2025-07-17 05:00:00,171.29,172.08,170.42,171.94,4471599.0,76569876.169
2025-07-17 06:00:00,171.94,174.0,171.26,173.85,7149038.0,123392219.191
2025-07-17 07:00:00,173.85,174.12,171.7,173.97,4273411.0,73917339.014
2025-07-17 08:00:00,173.97,174.07,172.63,173.67,3954598.0,68532935.888
2025-07-17 09:00:00,173.67,178.17,173.45,177.15,9068328.0,159716152.865
2025-07-17 10:00:00,177.15,177.82,175.71,176.33,5378905.0,94990285.99
2025-07-17 11:00:00,176.33,176.8,175.17,176.14,5607271.0,98670013.853
2025-07-17 12:00:00,176.14,177.55,174.59,176.74,8243088.0,145199300.038
2025-07-17 13:00:00,176.74,176.99,172.8,174.34,9710186.0,169995610.425
2025-07-17 14:00:00,174.34,175.29,173.43,174.83,6536509.0,114061139.983
2025-07-17 15:00:00,174.83,175.12,172.78,174.1,4974200.0,86473734.75
2025-07-17 16:00:00,174.1,174.4,171.16,172.82,9184351.0,158531933.354
2025-07-17 17:00:00,172.82,174.37,172.24,174.19,4789404.0,82878915.977
2025-07-17 18:00:00,174.19,174.75,173.51,174.72,3231629.0,56286900.274
2025-07-17 19:00:00,174.72,175.35,172.75,173.0,5725250.0,99925969.81
2025-07-17 20:00:00,173.0,173.64,171.3,173.44,5982980.0,103271160.186
2025-07-17 21:00:00,173.44,176.47,173.42,175.44,6532482.0,114519555.006
2025-07-17 22:00:00,175.44,177.36,174.85,175.46,5743428.0,101227653.735
2025-07-17 23:00:00,175.46,176.85,175.18,175.81,3025229.0,53254479.901
2025-07-18 00:00:00,175.81,179.86,175.22,179.79,6243498.0,110861753.549
2025-07-18 01:00:00,179.79,181.16,178.89,180.6,5704177.0,102732380.006
2025-07-18 02:00:00,180.6,180.64,178.88,179.67,3730563.0,66958710.715
2025-07-18 03:00:00,179.67,181.06,179.6,180.81,4801912.0,86647508.399
2025-07-18 04:00:00,180.81,182.04,179.89,181.91,3456062.0,62641862.794
2025-07-18 05:00:00,181.91,184.85,181.29,183.72,4440301.0,81492691.331
2025-07-18 06:00:00,183.72,183.98,182.33,183.62,2754333.0,50459477.557
2025-07-18 07:00:00,183.62,184.37,181.1,181.16,5437031.0,99531022.143
2025-07-18 08:00:00,181.16,182.18,178.75,179.56,4168975.0,75199397.627
2025-07-18 09:00:00,179.56,180.18,178.91,180.12,3767499.0,67655227.473
2025-07-18 10:00:00,180.12,180.12,178.1,179.49,5777437.0,103513417.898
2025-07-18 11:00:00,179.49,179.6,177.16,178.52,4924649.0,87767434.233
2025-07-18 12:00:00,178.52,180.2,178.38,180.18,4587370.0,82232454.025
2025-07-18 13:00:00,180.18,182.06,179.18,180.75,7508384.0,135535450.434
2025-07-18 14:00:00,180.75,181.57,176.74,178.5,8834392.0,157921835.514
2025-07-18 15:00:00,178.5,178.8,174.92,177.02,8733089.0,154034531.793
2025-07-18 16:00:00,177.02,179.08,176.14,178.37,4521286.0,80395712.003
2025-07-18 17:00:00,178.37,179.11,177.66,178.45,3357123.0,59903896.99
2025-07-18 18:00:00,178.45,178.79,177.5,177.93,3827450.0,68154644.265
2025-07-18 19:00:00,177.93,178.52,176.12,176.93,6944736.0,123085698.189
2025-07-18 20:00:00,176.93,177.1,173.16,175.28,5738369.0,100447360.928
2025-07-18 21:00:00,175.28,176.98,175.15,175.91,4691094.0,82674507.532
2025-07-18 22:00:00,175.91,176.92,174.81,175.89,3444610.0,60678796.149
2025-07-18 23:00:00,175.89,177.5,175.08,177.21,4289108.0,75700973.139
2025-07-19 00:00:00,177.21,177.39,175.05,175.16,3383459.0,59851346.651
2025-07-19 01:00:00,175.16,176.74,173.95,176.57,3400659.0,59682105.788
2025-07-19 02:00:00,176.57,177.24,175.65,177.13,1596847.0,28182942.991
2025-07-19 03:00:00,177.13,177.67,176.86,177.43,883647.0,15674537.294
2025-07-19 04:00:00,177.43,177.68,177.01,177.3,1279321.0,22689725.361
2025-07-19 05:00:00,177.3,177.79,176.77,177.51,1840875.0,32648850.264
2025-07-19 06:00:00,177.51,177.64,176.12,176.28,3813481.0,67445401.718
2025-07-19 07:00:00,176.28,177.29,176.15,176.98,3348400.0,59177971.074
2025-07-19 08:00:00,176.98,177.13,175.36,176.0,4170993.0,73423151.199
2025-07-19 09:00:00,176.0,177.01,175.78,176.66,3257582.0,57491960.114
2025-07-19 10:00:00,176.66,177.64,176.43,177.36,3204781.0,56765561.955
2025-07-19 11:00:00,177.36,177.78,176.16,176.57,4551880.0,80613318.429
2025-07-19 12:00:00,176.57,177.41,175.66,177.34,4993918.0,88039326.908
2025-07-19 13:00:00,177.34,177.85,176.91,177.42,5646743.0,100191438.389
2025-07-19 14:00:00,177.42,177.85,174.76,175.01,11996097.0,211427306.099
2025-07-19 15:00:00,175.01,177.45,174.84,177.36,7129767.0,125797610.519
2025-07-19 16:00:00,177.36,177.84,176.47,177.53,5378831.0,95471552.206
2025-07-19 17:00:00,177.53,177.82,176.1,176.32,5071639.0,89719351.914
2025-07-19 18:00:00,176.32,177.51,176.15,176.8,4338087.0,76789380.052
2025-07-19 19:00:00,176.8,178.09,176.18,177.05,5868257.0,103885090.58
2025-07-19 20:00:00,177.05,178.61,176.96,177.43,4796147.0,85247364.248
2025-07-19 21:00:00,177.43,177.79,175.07,175.88,3911980.0,68805561.28
2025-07-19 22:00:00,175.88,176.53,175.26,176.37,3031745.0,53347992.395
2025-07-19 23:00:00,176.37,177.08,176.15,176.94,1946374.0,34380744.213
2025-07-20 00:00:00,176.94,177.93,176.31,177.65,2466230.0,43674437.031
2025-07-20 01:00:00,177.65,179.77,177.6,177.85,4145712.0,74174518.727
2025-07-20 02:00:00,177.85,177.93,176.95,177.53,2686039.0,47672624.228
2025-07-20 03:00:00,177.53,178.77,177.13,177.95,2839663.0,50496337.95
2025-07-20 04:00:00,177.95,178.53,177.43,177.56,1690369.0,30060378.062
2025-07-20 05:00:00,177.56,177.98,177.07,177.78,1988924.0,35294622.548
2025-07-20 06:00:00,177.78,177.78,176.9,177.31,1771345.0,31396536.949
2025-07-20 07:00:00,177.31,178.65,177.2,177.92,2466353.0,43920105.271
2025-07-20 08:00:00,177.92,180.71,177.92,180.7,3547911.0,63604242.338
2025-07-20 09:00:00,180.7,181.52,179.63,179.75,4130149.0,74563722.02
2025-07-20 10:00:00,179.75,180.45,179.44,179.61,3805837.0,68503262.952
2025-07-20 11:00:00,179.61,181.02,179.31,180.44,3752458.0,67586232.423
2025-07-20 12:00:00,180.44,181.97,179.94,181.79,7670603.0,138657012.748
2025-07-20 13:00:00,181.79,183.17,181.57,183.05,8440865.0,153930153.409
2025-07-20 14:00:00,183.05,183.09,180.71,180.79,5820381.0,105879817.477
2025-07-20 15:00:00,180.79,181.99,180.04,181.92,5278851.0,95591695.872
2025-07-20 16:00:00,181.92,183.22,181.61,182.07,11419631.0,208270119.264
2025-07-20 17:00:00,182.07,182.08,180.23,180.51,12511848.0,226395595.112
2025-07-20 18:00:00,180.51,182.51,180.15,182.19,4921852.0,89024303.754
2025-07-20 19:00:00,182.19,183.65,181.53,181.95,5136420.0,93697084.939
2025-07-20 20:00:00,181.95,182.22,180.45,181.21,9797626.0,177577452.627
2025-07-20 21:00:00,181.21,182.3,180.64,182.27,4501117.0,81656389.691
2025-07-20 22:00:00,182.27,182.34,177.74,180.46,7683351.0,138190686.949
2025-07-20 23:00:00,180.46,181.64,179.39,181.44,3883078.0,70054669.894
2025-07-21 00:00:00,181.44,181.73,178.36,180.23,5026777.0,90310940.107
2025-07-21 01:00:00,180.23,180.54,178.21,180.06,3651678.0,65555976.697
2025-07-21 02:00:00,180.06,184.69,180.06,184.34,5358608.0,97687098.479
2025-07-21 03:00:00,184.34,187.07,183.94,186.72,6105099.0,113501812.5
2025-07-21 04:00:00,186.72,187.27,185.75,185.77,3027218.0,56426328.357
2025-07-21 05:00:00,185.77,189.0,185.06,188.3,5036383.0,94085852.549
2025-07-21 06:00:00,188.3,189.84,187.91,189.31,5601419.0,105850718.534
2025-07-21 07:00:00,189.31,191.1,189.18,190.11,6167132.0,117131887.48
2025-07-21 08:00:00,190.11,192.06,189.71,190.89,10424170.0,199029758.625
2025-07-21 09:00:00,190.89,191.84,190.14,191.7,7447261.0,142211354.645
2025-07-21 10:00:00,191.7,192.09,190.92,191.39,10021924.0,191863320.941
2025-07-21 11:00:00,191.39,193.19,190.86,191.57,13362180.0,256356226.732
2025-07-21 12:00:00,191.57,192.0,190.4,191.66,11309397.0,216238483.513
2025-07-21 13:00:00,191.66,193.59,190.37,192.55,15941542.0,306377192.144
2025-07-21 14:00:00,192.55,195.5,191.47,195.41,20883847.0,404704424.758
2025-07-21 15:00:00,195.41,199.45,195.23,196.87,35501437.0,699981654.679
2025-07-21 16:00:00,196.87,197.13,193.41,195.29,21066073.0,411381811.479
2025-07-21 17:00:00,195.29,196.78,194.59,196.24,15317187.0,299802716.246
2025-07-21 18:00:00,196.24,197.4,193.53,193.82,13891414.0,271363726.015
2025-07-21 19:00:00,193.82,195.59,193.04,194.67,19130405.0,371428869.872
2025-07-21 20:00:00,194.67,196.62,193.74,193.91,14406624.0,281611484.276
2025-07-21 21:00:00,193.91,196.67,193.67,196.15,12496224.0,244140404.101
2025-07-21 22:00:00,196.15,197.82,195.56,197.31,9329498.0,183482739.113
2025-07-21 23:00:00,197.31,197.52,195.55,195.75,6380388.0,125417562.428
2025-07-22 00:00:00,195.75,199.12,195.75,197.64,10262566.0,202728983.729
2025-07-22 01:00:00,197.64,202.5,193.79,202.13,31634483.0,629620447.247
2025-07-22 02:00:00,202.13,204.72,201.07,201.99,23618663.0,479679178.448
2025-07-22 03:00:00,201.99,203.12,197.47,200.12,19679975.0,394479077.792
2025-07-22 04:00:00,200.12,200.2,194.15,194.35,15630097.0,308803746.834
2025-07-22 05:00:00,194.35,199.13,194.35,196.56,15794913.0,311185884.872
2025-07-22 06:00:00,196.56,200.76,196.01,199.04,13148142.0,261596480.845
2025-07-22 07:00:00,199.04,201.29,197.43,198.12,13917187.0,277740517.132
2025-07-22 08:00:00,198.12,198.13,194.1,196.96,15786886.0,309323700.184
2025-07-22 09:00:00,196.96,199.16,194.42,197.32,16106972.0,316589702.921
2025-07-22 10:00:00,197.32,199.15,197.19,199.14,11477925.0,227667484.423
2025-07-22 11:00:00,199.14,200.2,197.7,199.93,17487143.0,347855877.592
2025-07-22 12:00:00,199.93,203.69,199.09,203.11,18102549.0,363853880.596
2025-07-22 13:00:00,203.11,204.18,198.24,199.04,26432703.0,532133173.784
2025-07-22 14:00:00,199.04,202.28,196.9,202.17,23258756.0,464299486.955
2025-07-22 15:00:00,202.17,205.11,201.4,201.86,25698948.0,522862240.208
2025-07-22 16:00:00,201.86,204.37,200.8,203.83,22313723.0,453360295.494
2025-07-22 17:00:00,203.83,203.99,200.84,202.95,17162120.0,347483364.973
2025-07-22 18:00:00,202.95,204.02,201.33,202.62,19677309.0,398510903.895
2025-07-22 19:00:00,202.62,202.78,198.42,198.94,19837946.0,398049740.643
2025-07-22 20:00:00,198.94,201.44,198.42,200.71,11028423.0,220759575.534
2025-07-22 21:00:00,200.71,201.99,199.87,201.45,12013717.0,241064036.945
2025-07-22 22:00:00,201.45,202.9,201.42,201.96,11681254.0,236148224.098
2025-07-22 23:00:00,201.96,206.41,201.95,205.79,17774804.0,363698303.493
2025-07-23 00:00:00,205.79,205.83,203.49,204.38,13285683.0,271798196.441
2025-07-23 01:00:00,204.38,204.64,202.75,203.15,9854946.0,200541277.982
2025-07-23 02:00:00,203.15,203.44,201.7,202.42,9244877.0,187291767.862
2025-07-23 03:00:00,202.42,202.82,201.04,201.52,6718871.0,135643025.742
2025-07-23 04:00:00,201.52,202.35,201.11,201.76,7541456.0,152131525.808
2025-07-23 05:00:00,201.76,202.06,200.9,201.64,8081875.0,162774862.167
2025-07-23 06:00:00,201.64,202.0,199.79,200.68,11806756.0,237020873.451
2025-07-23 07:00:00,200.68,201.18,198.89,199.49,11574767.0,231604486.191
2025-07-23 08:00:00,199.49,199.88,198.67,199.87,11294448.0,225085562.045
2025-07-23 09:00:00,199.87,200.07,197.55,197.68,13739248.0,272692320.724
2025-07-23 10:00:00,197.68,198.05,196.04,197.97,18972417.0,374054607.961
2025-07-23 11:00:00,197.97,198.24,196.92,197.45,14652647.0,289572002.553
2025-07-23 12:00:00,197.45,197.62,193.73,194.19,21044197.0,412052268.875
2025-07-23 13:00:00,194.19,194.9,187.72,189.2,50078932.0,959383303.467
2025-07-23 14:00:00,189.2,192.36,188.73,191.57,25667536.0,489887192.273
2025-07-23 15:00:00,191.57,192.79,189.65,192.73,15588647.0,297924880.973
2025-07-23 16:00:00,192.73,192.74,188.01,188.28,20549300.0,391272954.421
2025-07-23 17:00:00,188.28,189.29,186.03,188.69,30160646.0,566585335.621
2025-07-23 18:00:00,188.69,190.32,188.17,190.22,23619498.0,447537068.833
2025-07-23 19:00:00,190.22,190.28,188.02,188.08,25523543.0,482891667.504
2025-07-23 20:00:00,188.08,189.78,184.5,186.73,24800476.0,462894395.787
2025-07-23 21:00:00,186.73,188.29,184.0,187.95,23143646.0,431340879.196
2025-07-23 22:00:00,187.95,189.69,186.5,189.08,15299746.0,288314180.962
2025-07-23 23:00:00,189.08,190.05,188.86,189.4,9357576.0,177388350.472
2025-07-24 00:00:00,189.4,190.97,188.49,190.96,13773958.0,261838914.426
2025-07-24 01:00:00,190.96,191.55,189.22,191.51,10810565.0,205823598.163
2025-07-24 02:00:00,191.51,191.66,190.36,191.13,9096885.0,173770785.574
2025-07-24 03:00:00,191.13,191.87,189.65,189.87,11741430.0,224062560.29
2025-07-24 04:00:00,189.87,190.14,185.35,186.04,23008580.0,432142298.062
2025-07-24 05:00:00,186.04,186.21,181.08,181.86,34005062.0,626678428.574
2025-07-24 06:00:00,181.86,184.1,179.85,181.04,33127892.0,603347882.278
2025-07-24 07:00:00,181.04,184.33,179.2,184.16,26695258.0,486288238.491
2025-07-24 08:00:00,184.16,186.34,183.22,185.99,18534517.0,343093577.39
2025-07-24 09:00:00,185.99,186.45,184.43,185.2,14063863.0,260848631.925
2025-07-24 10:00:00,185.2,186.28,182.94,184.89,18070161.0,333198874.621
2025-07-24 11:00:00,184.89,186.92,184.87,186.37,16296585.0,303206869.933
2025-07-24 12:00:00,186.37,186.85,184.57,185.98,15486431.0,287567155.276
2025-07-24 13:00:00,185.98,187.39,184.33,184.55,18484760.0,343906760.796
2025-07-24 14:00:00,184.55,190.03,183.34,189.51,30451972.0,568755654.001
2025-07-24 15:00:00,189.51,191.7,187.49,188.45,36697256.0,695327700.137
2025-07-24 16:00:00,188.45,188.8,184.78,185.76,25061968.0,467252638.525
2025-07-24 17:00:00,185.76,189.56,185.62,188.72,17107739.0,321585763.75
2025-07-24 18:00:00,188.72,189.84,187.69,189.2,19365368.0,365998383.126
2025-07-24 19:00:00,189.2,190.0,187.82,187.95,16238161.0,306714405.114
2025-07-24 20:00:00,187.95,189.0,187.52,188.8,9298926.0,175006749.132
2025-07-24 21:00:00,188.8,188.82,185.51,185.51,17053260.0,318636524.639
2025-07-24 22:00:00,185.51,185.81,183.33,183.66,20079735.0,370053495.393
2025-07-24 23:00:00,183.66,183.66,181.92,182.78,13950628.0,255032391.803
2025-07-25 00:00:00,182.78,183.08,180.5,181.87,20246527.0,367749723.713
2025-07-25 01:00:00,181.87,183.37,180.7,182.87,17302450.0,315164491.559
2025-07-25 02:00:00,182.87,183.42,178.46,178.75,22411076.0,405135116.81
2025-07-25 03:00:00,178.75,179.65,175.52,177.65,33453110.0,594529408.644
2025-07-25 04:00:00,177.65,179.55,176.0,179.37,22203304.0,395063243.685
2025-07-25 05:00:00,179.37,179.68,177.88,178.64,15328351.0,273913050.323
2025-07-25 06:00:00,178.64,178.86,177.19,178.06,20408504.0,363465034.581
2025-07-25 07:00:00,178.06,178.81,175.81,177.44,22112543.0,391822149.749
2025-07-25 08:00:00,177.44,179.3,176.78,177.77,22943738.0,408269950.157
2025-07-25 09:00:00,177.77,180.83,177.28,180.76,21959538.0,393772185.415
2025-07-25 10:00:00,180.76,181.6,179.67,180.66,22651220.0,408873339.721
2025-07-25 11:00:00,180.66,182.0,180.66,181.02,12619936.0,228791664.634
2025-07-25 12:00:00,181.02,181.83,179.91,180.71,16837289.0,304495000.043
2025-07-25 13:00:00,180.71,181.4,179.51,181.12,19464460.0,351118241.789
2025-07-25 14:00:00,181.12,181.32,176.28,176.52,34855916.0,621739065.198
2025-07-25 15:00:00,176.52,178.54,176.17,178.15,24054914.0,427088825.589
2025-07-25 16:00:00,178.15,179.94,177.39,179.65,20734152.0,370299033.666
2025-07-25 17:00:00,179.65,181.05,179.3,180.65,19369799.0,348961848.444
2025-07-25 18:00:00,180.65,182.69,180.62,182.26,13943511.0,253515807.223
2025-07-25 19:00:00,182.26,182.82,181.71,182.14,11579142.0,211062622.446
2025-07-25 20:00:00,182.14,184.42,182.02,183.75,15259928.0,279907263.61
2025-07-25 21:00:00,183.75,185.31,183.75,185.01,15915801.0,293818990.939
2025-07-25 22:00:00,185.01,186.17,184.92,186.03,12832415.0,238124012.191
2025-07-25 23:00:00,186.03,186.79,185.54,186.69,7361210.0,136948708.036
2025-07-26 00:00:00,186.69,186.91,185.61,185.87,9315785.0,173447870.985
2025-07-26 01:00:00,185.87,186.07,184.46,184.47,8924287.0,165398731.057
2025-07-26 02:00:00,184.47,186.83,184.46,186.49,10353615.0,192483082.573
2025-07-26 03:00:00,186.49,186.61,185.67,185.95,5388530.0,100257438.474
2025-07-26 04:00:00,185.95,186.4,185.65,185.93,4236148.0,78806641.496
2025-07-26 05:00:00,185.93,187.11,185.61,186.7,6528457.0,121724807.332
2025-07-26 06:00:00,186.7,186.73,185.84,186.04,5231781.0,97435267.441
2025-07-26 07:00:00,186.04,186.84,186.03,186.41,6920913.0,129022436.839
2025-07-26 08:00:00,186.41,187.99,186.41,187.95,9946467.0,186142915.049
2025-07-26 09:00:00,187.95,189.14,187.42,188.95,18275948.0,344379508.078
2025-07-26 10:00:00,188.95,189.75,188.12,188.21,16457274.0,311162522.585
2025-07-26 11:00:00,188.21,188.5,187.26,187.7,12591701.0,236560380.106
2025-07-26 12:00:00,187.7,188.43,187.22,187.84,8711629.0,163717516.962
2025-07-26 13:00:00,187.84,188.17,187.21,187.49,10093822.0,189400309.421
2025-07-26 14:00:00,187.49,187.91,186.25,186.37,13118094.0,245406860.152
2025-07-26 15:00:00,186.37,187.68,185.94,187.5,13388898.0,250171084.564
2025-07-26 16:00:00,187.5,187.77,186.42,186.79,13051762.0,244134206.332
2025-07-26 17:00:00,186.79,186.88,185.32,185.59,14154369.0,263089672.702
2025-07-26 18:00:00,185.59,186.37,185.02,185.95,9318561.0,173174788.205
2025-07-26 19:00:00,185.95,186.63,185.77,186.39,8677449.0,161510492.393
2025-07-26 20:00:00,186.39,186.45,185.28,185.85,7807883.0,145102697.906
2025-07-26 21:00:00,185.85,186.43,185.38,186.32,8912249.0,165621028.794
2025-07-26 22:00:00,186.32,186.75,184.82,185.04,11821259.0,219555068.402
2025-07-26 23:00:00,185.04,185.04,184.28,184.83,7851229.0,144997945.255
2025-07-27 00:00:00,184.83,185.47,184.47,185.45,11364441.0,210371464.354
2025-07-27 01:00:00,185.45,186.55,185.07,186.22,12235957.0,227542629.941
2025-07-27 02:00:00,186.22,187.1,185.77,187.08,11567896.0,215569027.953
2025-07-27 03:00:00,187.08,187.59,186.18,187.15,8400713.0,157034267.683
2025-07-27 04:00:00,187.15,187.54,186.61,187.43,8546142.0,159888518.885
2025-07-27 05:00:00,187.43,188.3,187.23,187.8,8109539.0,152270346.582
2025-07-27 06:00:00,187.8,187.98,186.92,187.0,11047568.0,206912878.983
2025-07-27 07:00:00,187.0,187.83,186.54,187.15,13260040.0,248451304.768
2025-07-27 08:00:00,187.15,187.47,186.18,186.65,12482826.0,233149403.72
2025-07-27 09:00:00,186.65,187.3,186.11,186.31,10763196.0,200975408.061
2025-07-27 10:00:00,186.31,188.42,186.26,187.59,10486838.0,196392968.179
2025-07-27 11:00:00,187.59,188.52,186.73,186.94,10511783.0,197304621.97
2025-07-27 12:00:00,186.94,187.3,185.44,186.37,14961334.0,278820885.159
2025-07-27 13:00:00,186.37,186.71,185.43,185.68,11441550.0,212990289.409
2025-07-27 14:00:00,185.68,186.45,185.09,185.71,12805070.0,237913382.499
2025-07-27 15:00:00,185.71,186.43,184.83,186.38,12795898.0,237498365.4
2025-07-27 16:00:00,186.38,189.7,186.31,187.55,27185416.0,511853767.397
2025-07-27 17:00:00,187.55,188.29,185.87,187.99,19698005.0,368438131.538
2025-07-27 18:00:00,187.99,188.72,187.4,188.32,12547142.0,236074059.661
2025-07-27 19:00:00,188.32,188.54,186.8,186.88,10577172.0,198365456.769
2025-07-27 20:00:00,186.88,188.15,186.63,187.07,13730265.0,257351124.688
2025-07-27 21:00:00,187.07,187.9,186.35,187.9,12611622.0,235803169.494
2025-07-27 22:00:00,187.9,190.67,187.76,188.86,21997152.0,417058466.706
2025-07-27 23:00:00,188.86,189.03,187.14,188.55,14668199.0,275781793.916
2025-07-28 00:00:00,188.55,191.07,188.03,189.63,15526743.0,294556009.439
2025-07-28 01:00:00,189.63,190.1,187.55,188.2,11896689.0,224420696.319
2025-07-28 02:00:00,188.2,191.96,187.8,191.53,17798563.0,339103259.645
2025-07-28 03:00:00,191.53,193.78,191.21,193.31,16920647.0,325699100.764
2025-07-28 04:00:00,193.31,194.01,192.45,193.04,12743795.0,246070295.064
2025-07-28 05:00:00,193.04,195.23,192.66,194.33,13286729.0,257463440.576
2025-07-28 06:00:00,194.33,194.49,193.52,193.98,10651876.0,206552407.389
2025-07-28 07:00:00,193.98,194.06,191.56,192.3,15512080.0,298378581.816
2025-07-28 08:00:00,192.3,192.78,191.2,192.54,12323834.0,236628093.751
2025-07-28 09:00:00,192.54,193.3,191.76,193.09,10643624.0,204994857.428
2025-07-28 10:00:00,193.09,193.25,191.65,192.22,12354570.0,237795538.927
2025-07-28 11:00:00,192.22,192.28,190.6,191.97,12411608.0,237577373.235
2025-07-28 12:00:00,191.97,193.49,191.31,192.82,15848009.0,305217179.352
2025-07-28 13:00:00,192.82,192.91,189.25,190.16,32222466.0,614561903.01
2025-07-28 14:00:00,190.16,190.66,186.69,187.46,47779424.0,899471310.306
2025-07-28 15:00:00,187.46,189.02,186.48,187.11,19249255.0,361652931.068
2025-07-28 16:00:00,187.11,187.95,186.06,186.61,20951743.0,391577595.022
2025-07-28 17:00:00,186.61,187.38,185.35,185.81,19329222.0,359986540.617
2025-07-28 18:00:00,185.81,186.19,183.37,185.08,25237181.0,466147221.229
2025-07-28 19:00:00,185.08,186.36,183.55,185.21,17529867.0,324616725.715
2025-07-28 20:00:00,185.21,185.47,182.53,184.11,17706679.0,325678871.386
2025-07-28 21:00:00,184.11,185.11,183.25,184.19,19444174.0,358370370.74
2025-07-28 22:00:00,184.19,184.56,182.05,183.55,20718163.0,380065820.504
2025-07-28 23:00:00,183.55,183.98,182.13,183.04,17193138.0,315047680.32
2025-07-29 00:00:00,183.04,184.6,180.85,182.74,22540898.0,412075233.096
2025-07-29 01:00:00,182.74,183.95,181.57,181.65,10592061.0,193809576.796
2025-07-29 02:00:00,181.65,182.35,180.55,182.21,15193126.0,275903258.856
2025-07-29 03:00:00,182.21,184.66,182.17,184.25,13473611.0,247178735.978
2025-07-29 04:00:00,184.25,184.73,183.15,183.33,8581043.0,157850589.725
2025-07-29 05:00:00,183.33,184.8,183.13,184.79,7868528.0,144823213.623
2025-07-29 06:00:00,184.79,185.49,184.42,184.73,10159949.0,187937003.284
2025-07-29 07:00:00,184.73,186.5,184.73,185.93,13618786.0,252780290.832
2025-07-29 08:00:00,185.93,186.43,184.77,184.83,11441509.0,212252891.397
2025-07-29 09:00:00,184.83,185.14,184.13,184.53,12250777.0,226175301.347
2025-07-29 10:00:00,184.53,184.72,182.16,182.32,17595682.0,322690551.94
2025-07-29 11:00:00,182.32,183.44,182.27,182.86,11533860.0,210859133.771
2025-07-29 12:00:00,182.86,184.46,182.47,183.82,13276801.0,243782499.479
2025-07-29 13:00:00,183.82,184.9,182.1,182.59,21409052.0,393335100.829
2025-07-29 14:00:00,182.59,182.72,179.56,180.32,36673994.0,663988386.44
2025-07-29 15:00:00,180.32,181.4,179.18,180.7,22965589.0,413944435.812
2025-07-29 16:00:00,180.7,180.86,178.19,179.99,27162679.0,487302212.991
2025-07-29 17:00:00,179.99,181.64,179.73,181.4,21715702.0,392733432.577
2025-07-29 18:00:00,181.4,182.04,180.59,181.37,15853021.0,287522957.974
2025-07-29 19:00:00,181.37,182.31,180.31,180.99,13997352.0,253717898.317
2025-07-29 20:00:00,180.99,181.81,179.47,179.98,21252477.0,383224589.127
2025-07-29 21:00:00,179.98,181.55,179.2,181.17,22212712.0,399990160.954
2025-07-29 22:00:00,181.17,181.75,180.31,181.61,14241799.0,257993434.32
2025-07-29 23:00:00,181.61,181.89,180.82,181.39,11201522.0,203205200.613
2025-07-30 00:00:00,181.39,181.49,179.2,180.14,12105912.0,218237408.476
2025-07-30 01:00:00,180.14,181.86,178.72,181.3,17746081.0,320003591.325
2025-07-30 02:00:00,181.3,182.29,181.01,181.67,15085157.0,274121982.945
2025-07-30 03:00:00,181.67,182.18,181.25,181.6,8838423.0,160592949.139
2025-07-30 04:00:00,181.6,182.03,180.09,180.23,10445089.0,189104001.918
2025-07-30 05:00:00,180.23,181.19,179.24,180.94,14994187.0,270367801.97
2025-07-30 06:00:00,180.94,182.0,180.7,181.93,11836225.0,214677274.014
2025-07-30 07:00:00,181.93,182.49,180.25,180.76,15233398.0,276566144.793
2025-07-30 08:00:00,180.76,181.45,179.74,180.46,15112031.0,272915682.034
2025-07-30 09:00:00,180.46,180.85,178.59,179.03,20808419.0,373640617.049
2025-07-30 10:00:00,179.03,180.03,177.61,177.91,16611211.0,297399330.075
2025-07-30 11:00:00,177.91,178.62,176.31,177.21,27607205.0,489690404.997
2025-07-30 12:00:00,177.21,177.98,176.56,177.42,21354423.0,378560272.941
2025-07-30 13:00:00,177.42,178.18,176.57,177.9,28099105.0,498542971.43
2025-07-30 14:00:00,177.9,180.49,177.62,180.01,32241435.0,576615146.275
2025-07-30 15:00:00,180.01,180.29,178.13,179.11,23555753.0,422003307.026
2025-07-30 16:00:00,179.11,179.96,178.25,178.57,16612218.0,297265987.978
2025-07-30 17:00:00,178.57,179.28,178.18,179.27,14853981.0,265537099.224
2025-07-30 18:00:00,179.27,180.09,175.68,175.83,37413876.0,666620260.932
2025-07-30 19:00:00,175.83,176.37,170.23,176.04,54886361.0,953864242.133
2025-07-30 20:00:00,176.04,177.41,175.62,176.09,26514298.0,467933337.319
2025-07-30 21:00:00,176.09,176.56,174.68,175.8,20770352.0,364728304.83
2025-07-30 22:00:00,175.8,176.35,175.02,176.24,18568572.0,326206983.216
2025-07-30 23:00:00,176.24,177.99,176.15,177.65,13972878.0,247661742.194
2025-07-31 00:00:00,177.65,179.63,177.52,179.32,11913478.0,212669546.914
2025-07-31 01:00:00,179.32,179.99,178.77,179.39,11187474.0,200624276.593
2025-07-31 02:00:00,179.39,180.26,179.1,180.24,7568369.0,136007484.574
2025-07-31 03:00:00,180.24,180.47,179.88,180.22,5997773.0,108041186.613
2025-07-31 04:00:00,180.22,180.78,179.7,180.75,6950976.0,125278353.548
2025-07-31 05:00:00,180.75,181.11,180.5,180.68,7505751.0,135742836.286
2025-07-31 06:00:00,180.68,181.55,180.26,181.18,8207378.0,148508294.273
2025-07-31 07:00:00,181.18,181.31,180.8,181.15,8173024.0,147977984.568
2025-07-31 08:00:00,181.15,182.05,180.98,181.61,10089492.0,183164298.091
2025-07-31 09:00:00,181.61,182.64,181.49,182.45,9570011.0,174171527.53
2025-07-31 10:00:00,182.45,182.55,181.23,181.28,10969636.0,199575910.169
2025-07-31 11:00:00,181.28,181.48,180.15,180.65,17260575.0,312208551.214
2025-07-31 12:00:00,180.65,180.83,178.66,179.29,24788511.0,445330254.145
2025-07-31 13:00:00,179.29,179.29,176.61,177.58,37187055.0,660041357.686
2025-07-31 14:00:00,177.58,178.12,175.48,175.58,40554740.0,716085886.37
2025-07-31 15:00:00,175.58,177.36,175.14,177.23,34424349.0,607738885.557
2025-07-31 16:00:00,177.23,179.7,177.05,179.16,27313776.0,487309999.662
2025-07-31 17:00:00,179.16,179.21,176.73,177.21,20841057.0,370568577.192
2025-07-31 18:00:00,177.21,178.03,175.5,177.66,18878748.0,333737581.653
2025-07-31 19:00:00,177.66,178.12,174.69,175.23,23282643.0,409665244.066
2025-07-31 20:00:00,175.23,175.66,174.13,175.38,23383480.0,408979760.501
2025-07-31 21:00:00,175.38,175.6,172.63,173.73,28203384.0,491137033.079
2025-07-31 22:00:00,173.73,174.32,172.35,172.82,20081422.0,347747634.916
2025-07-31 23:00:00,172.82,173.68,171.37,172.15,20612958.0,355421289.157
2025-08-01 00:00:00,172.15,172.19,167.38,170.22,39056366.0,664113627.775
2025-08-01 01:00:00,170.22,170.79,167.87,169.45,28216119.0,478368883.918
2025-08-01 02:00:00,169.45,171.73,169.11,171.31,15594330.0,266527119.224
2025-08-01 03:00:00,171.31,172.08,170.83,171.02,9074744.0,155611987.542
2025-08-01 04:00:00,171.02,171.02,169.2,169.55,12103680.0,205672022.707
2025-08-01 05:00:00,169.55,170.2,168.11,169.01,15340523.0,259338810.6
2025-08-01 06:00:00,169.01,169.56,167.87,169.45,17247624.0,290835116.956
2025-08-01 07:00:00,169.45,169.88,168.17,169.31,19014637.0,321456638.115
2025-08-01 08:00:00,169.31,169.32,166.11,167.53,36261360.0,607468990.512
2025-08-01 09:00:00,167.53,168.8,167.12,167.27,22004975.0,369507781.009
2025-08-01 10:00:00,167.27,168.68,167.0,168.54,17652469.0,296751399.56
2025-08-01 11:00:00,168.54,169.13,167.71,169.11,17220803.0,289836775.007
2025-08-01 12:00:00,169.11,170.26,168.36,168.95,29187814.0,494092936.126
2025-08-01 13:00:00,168.95,169.69,164.72,165.6,44384375.0,743105524.664
2025-08-01 14:00:00,165.6,169.63,164.48,169.31,40147918.0,673603119.031
2025-08-01 15:00:00,169.31,169.44,167.01,168.5,29209260.0,491042410.661
2025-08-01 16:00:00,168.5,169.7,166.43,166.91,26580359.0,447685992.327
2025-08-01 17:00:00,166.91,167.62,165.38,166.5,25559318.0,425095922.199
2025-08-01 18:00:00,166.5,167.17,164.96,165.72,27099315.0,450432385.542
2025-08-01 19:00:00,165.72,167.55,165.31,166.41,23933695.0,397905580.78
2025-08-01 20:00:00,166.41,166.78,161.6,163.69,38242784.0,624772902.897
2025-08-01 21:00:00,163.69,164.79,163.43,163.75,20057306.0,329360290.759
2025-08-01 22:00:00,163.75,163.88,159.08,161.19,38076279.0,613022705.764
2025-08-01 23:00:00,161.19,162.97,160.86,162.61,19746234.0,319963487.038
2025-08-02 00:00:00,162.61,164.55,162.45,164.53,18006034.0,294534804.7
2025-08-02 01:00:00,164.53,164.78,163.69,164.69,11687100.0,192051709.834
2025-08-02 02:00:00,164.69,164.95,164.18,164.49,12903221.0,212220822.423
2025-08-02 03:00:00,164.49,164.82,164.07,164.31,8383426.0,137866821.57
2025-08-02 04:00:00,164.31,165.19,163.88,165.07,11039567.0,181726638.246
2025-08-02 05:00:00,165.07,165.13,164.48,164.6,8867654.0,146144033.091
2025-08-02 06:00:00,164.6,164.71,161.74,162.7,17959349.0,292766515.442
2025-08-02 07:00:00,162.7,164.42,161.82,164.34,12337981.0,201569815.38
2025-08-02 08:00:00,164.34,164.75,163.34,163.63,15853422.0,260128550.589
2025-08-02 09:00:00,163.63,164.21,163.25,163.7,16032601.0,262461832.357
2025-08-02 10:00:00,163.7,163.86,162.16,162.99,22244479.0,362216224.35
2025-08-02 11:00:00,162.99,165.03,162.14,164.4,20693625.0,338754644.826
2025-08-02 12:00:00,164.4,164.55,163.41,164.28,16248729.0,266610037.372
2025-08-02 13:00:00,164.28,164.89,163.51,164.36,16528504.0,271344428.057
2025-08-02 14:00:00,164.36,164.68,162.16,162.61,22063620.0,360074658.836
2025-08-02 15:00:00,162.61,163.69,160.97,161.45,26838688.0,435681084.881
2025-08-02 16:00:00,161.45,161.99,160.1,161.44,28453251.0,458526442.576
2025-08-02 17:00:00,161.44,162.11,158.31,159.23,23794794.0,382300716.891
2025-08-02 18:00:00,159.23,159.67,155.75,156.54,40469596.0,637032227.684
2025-08-02 19:00:00,156.54,158.42,155.86,157.34,23109003.0,363815328.951
2025-08-02 20:00:00,157.34,158.9,157.28,158.89,19297782.0,305189231.627
2025-08-02 21:00:00,158.89,159.47,157.99,158.77,23936892.0,380115588.838
2025-08-02 22:00:00,158.77,159.7,157.61,158.96,18976317.0,301257165.12
2025-08-02 23:00:00,158.96,159.2,156.94,158.39,18928625.0,299395180.933
2025-08-03 00:00:00,158.39,159.69,156.19,159.6,23835715.0,377141742.63
2025-08-03 01:00:00,159.6,160.13,159.05,159.43,13844821.0,220969402.003
2025-08-03 02:00:00,159.43,160.65,159.41,160.49,7782203.0,124682547.898
2025-08-03 03:00:00,160.49,160.98,160.28,160.73,7993979.0,128390120.112
2025-08-03 04:00:00,160.73,160.82,159.93,160.34,7240670.0,116068911.969
2025-08-03 05:00:00,160.34,160.85,160.07,160.26,7189175.0,115333244.184
2025-08-03 06:00:00,160.26,160.72,159.95,160.49,6689568.0,107248307.875
2025-08-03 07:00:00,160.49,161.49,160.49,161.25,11160643.0,179743239.232
2025-08-03 08:00:00,161.25,161.65,160.73,161.27,11955609.0,192748120.358
2025-08-03 09:00:00,161.27,161.41,160.57,161.06,9602335.0,154522003.833
2025-08-03 10:00:00,161.06,161.72,161.02,161.54,12513411.0,202045498.243
2025-08-03 11:00:00,161.54,162.78,161.3,161.36,19623715.0,317972099.225
2025-08-03 12:00:00,161.36,162.14,160.8,161.68,16805306.0,271152790.173
2025-08-03 13:00:00,161.68,162.25,160.54,161.24,21042959.0,339492485.12
2025-08-03 14:00:00,161.24,161.5,160.26,161.25,21614134.0,347735027.069
2025-08-03 15:00:00,161.25,162.22,160.68,162.0,15053264.0,243114439.929
2025-08-03 16:00:00,162.0,162.23,161.04,162.11,10091711.0,163085022.89
2025-08-03 17:00:00,162.11,162.65,161.63,162.08,10961566.0,177592491.287
2025-08-03 18:00:00,162.08,162.15,161.2,161.88,11670858.0,188681318.487
2025-08-03 19:00:00,161.88,162.52,161.26,161.52,17482074.0,283076597.89
2025-08-03 20:00:00,161.52,161.64,160.62,161.35,18284466.0,294344249.263
2025-08-03 21:00:00,161.35,162.15,161.12,161.94,17545186.0,283777615.767
2025-08-03 22:00:00,161.94,162.35,160.8,161.8,17917329.0,289262095.796
2025-08-03 23:00:00,161.8,163.05,161.53,161.84,13801908.0,223877343.338
2025-08-04 00:00:00,161.84,164.55,161.31,164.42,23471569.0,382705292.986
2025-08-04 01:00:00,164.42,164.84,162.97,163.2,18327825.0,300381638.446
2025-08-04 02:00:00,163.2,164.22,162.49,164.2,15002460.0,244938428.492
2025-08-04 03:00:00,164.2,164.27,162.75,162.88,10543078.0,172308491.276
2025-08-04 04:00:00,162.88,163.35,162.1,162.21,12144929.0,197623975.886
2025-08-04 05:00:00,162.21,162.35,161.43,162.14,12627080.0,204501564.118
2025-08-04 06:00:00,162.14,162.37,161.17,162.13,16366358.0,264725734.416
2025-08-04 07:00:00,162.13,163.24,161.96,162.96,16790955.0,272907739.499
2025-08-04 08:00:00,162.96,163.99,162.56,163.66,20465894.0,334414068.449
2025-08-04 09:00:00,163.66,163.97,162.33,162.37,14667939.0,239499976.56
2025-08-04 10:00:00,162.37,162.9,162.03,162.29,14551097.0,236317147.265
2025-08-04 11:00:00,162.29,162.48,161.52,162.27,12547325.0,203301123.801
2025-08-04 12:00:00,162.27,163.6,162.04,163.58,15450296.0,251636826.851
2025-08-04 13:00:00,163.58,165.7,163.11,165.38,27062908.0,444773358.269
2025-08-04 14:00:00,165.38,166.82,164.4,164.94,39055439.0,648182299.881
2025-08-04 15:00:00,164.94,165.92,164.43,165.38,24301604.0,401654075.699
2025-08-04 16:00:00,165.38,168.1,165.35,167.9,37047244.0,618995138.288
2025-08-04 17:00:00,167.9,169.7,167.53,167.75,32735284.0,552023808.092
2025-08-04 18:00:00,167.75,168.04,166.34,166.56,21097375.0,352453745.299
2025-08-04 19:00:00,166.56,166.57,164.92,165.56,16438920.0,272477975.99
2025-08-04 20:00:00,165.56,168.36,165.21,167.19,22681074.0,378417718.718
2025-08-04 21:00:00,167.19,168.68,167.16,168.44,25931854.0,435891148.148
2025-08-04 22:00:00,168.44,169.47,168.2,169.39,23651485.0,399064333.894
2025-08-04 23:00:00,169.39,169.7,168.84,169.46,15734234.0,266386627.318
2025-08-05 00:00:00,169.46,169.69,168.49,169.22,12659582.0,214014852.998
2025-08-05 01:00:00,169.22,169.91,168.06,168.16,11078134.0,187189269.762
2025-08-05 02:00:00,168.16,169.37,167.87,169.33,8102765.0,136521137.914
2025-08-05 03:00:00,169.33,169.36,167.49,167.85,9017122.0,151578672.403
2025-08-05 04:00:00,167.85,168.43,167.13,167.41,8567019.0,143628004.626
2025-08-05 05:00:00,167.41,168.47,167.32,168.32,8078512.0,135598815.047
2025-08-05 06:00:00,168.32,169.19,167.2,167.61,11719461.0,197381328.014
2025-08-05 07:00:00,167.61,168.42,165.7,166.14,17025519.0,284037642.128
2025-08-05 08:00:00,166.14,167.14,165.57,166.75,12212307.0,203237834.357
2025-08-05 09:00:00,166.75,169.32,166.68,168.79,14307469.0,240581538.454
2025-08-05 10:00:00,168.79,171.66,168.33,170.96,26462633.0,450246221.615
2025-08-05 11:00:00,170.96,171.58,170.47,170.81,23615824.0,403880290.781
2025-08-05 12:00:00,170.81,170.97,166.69,167.11,38499507.0,649404994.187
2025-08-05 13:00:00,167.11,168.04,166.52,167.63,29623265.0,495458827.396
2025-08-05 14:00:00,167.63,167.7,163.54,164.22,42031571.0,692940154.067
2025-08-05 15:00:00,164.22,165.23,162.93,163.67,35796190.0,586875584.233
2025-08-05 16:00:00,163.67,164.65,162.67,163.74,23327488.0,381939287.451
2025-08-05 17:00:00,163.74,164.84,163.27,164.7,22579739.0,370522899.953
2025-08-05 18:00:00,164.7,164.84,162.92,163.92,20710033.0,339563212.443
2025-08-05 19:00:00,163.92,164.44,162.19,162.7,14764960.0,241228656.2
2025-08-05 20:00:00,162.7,163.61,162.26,162.53,11800503.0,192218529.102
2025-08-05 21:00:00,162.53,163.36,161.52,162.29,13891935.0,226048500.028
2025-08-05 22:00:00,162.29,163.78,161.17,163.77,16063725.0,261391661.397
2025-08-05 23:00:00,163.77,164.43,163.51,163.99,10159212.0,166661512.507
2025-08-06 00:00:00,163.99,164.05,162.45,162.66,10727611.0,175215898.362
2025-08-06 01:00:00,162.66,163.02,161.62,162.75,10284924.0,166951675.636
2025-08-06 02:00:00,162.75,163.22,161.78,162.59,7958941.0,129434197.917
2025-08-06 03:00:00,162.59,162.71,161.04,161.76,10743662.0,173857340.35
2025-08-06 04:00:00,161.76,162.49,161.16,162.35,7602388.0,123047553.492
2025-08-06 05:00:00,162.35,164.7,162.05,164.16,14542424.0,238135168.227
2025-08-06 06:00:00,164.16,164.22,163.3,163.81,9365151.0,153343196.16
2025-08-06 07:00:00,163.81,164.51,163.53,164.16,9586517.0,157294328.219
2025-08-06 08:00:00,164.16,164.41,162.64,163.23,13413313.0,219250317.073
2025-08-06 09:00:00,163.23,164.46,162.85,163.9,12879348.0,211005588.714
2025-08-06 10:00:00,163.9,164.08,162.79,163.56,14854024.0,242783712.997
2025-08-06 11:00:00,163.56,164.56,163.15,164.1,12720160.0,208628745.275
2025-08-06 12:00:00,164.1,164.61,162.55,163.21,19463525.0,318423132.721
2025-08-06 13:00:00,163.21,164.63,163.04,164.17,24278323.0,398065351.557
2025-08-06 14:00:00,164.17,167.96,163.86,167.81,34760860.0,576022558.548
2025-08-06 15:00:00,167.81,169.37,167.12,168.98,32111162.0,539551930.59
2025-08-06 16:00:00,168.98,169.42,167.21,167.66,20710537.0,348196652.713
2025-08-06 17:00:00,167.66,169.08,167.09,169.07,14645307.0,246046887.56
2025-08-06 18:00:00,169.07,169.88,168.3,168.45,25435427.0,429753700.278
2025-08-06 19:00:00,168.45,169.03,167.87,168.74,19106856.0,321813829.13
2025-08-06 20:00:00,168.74,168.79,167.69,167.92,12357827.0,207908303.153
2025-08-06 21:00:00,167.92,168.54,167.24,167.99,16375722.0,274955826.829
2025-08-06 22:00:00,167.99,168.46,167.76,168.32,9164883.0,154160040.707
2025-08-06 23:00:00,168.32,168.37,167.84,168.03,6441680.0,108275230.47
2025-08-07 00:00:00,168.03,168.38,167.41,167.81,11177291.0,187659150.047
2025-08-07 01:00:00,167.81,168.92,167.63,167.78,11595900.0,195249076.292
2025-08-07 02:00:00,167.78,167.96,166.69,167.02,10821884.0,181124508.179
2025-08-07 03:00:00,167.02,167.39,166.61,166.81,7467965.0,124697740.245
2025-08-07 04:00:00,166.81,167.53,166.7,167.05,6445616.0,107716416.709
2025-08-07 05:00:00,167.05,168.69,166.81,168.66,10086044.0,169114808.786
2025-08-07 06:00:00,168.66,169.62,168.49,169.1,14269959.0,241191846.944
2025-08-07 07:00:00,169.1,170.27,169.06,169.9,16756276.0,284526590.151
2025-08-07 08:00:00,169.9,170.48,169.15,169.32,14580942.0,247615283.766
2025-08-07 09:00:00,169.32,169.69,169.0,169.57,14132136.0,239309668.867
2025-08-07 10:00:00,169.57,173.27,169.34,173.06,35613281.0,611838762.78
2025-08-07 11:00:00,173.06,173.42,172.48,172.75,20865227.0,360932860.34
2025-08-07 12:00:00,172.75,173.11,171.42,172.36,23133837.0,398368964.401
2025-08-07 13:00:00,172.36,172.55,171.2,171.59,23386129.0,402075386.078
2025-08-07 14:00:00,171.59,171.67,169.83,170.2,27795956.0,473949430.571
2025-08-07 15:00:00,170.2,170.77,169.61,170.39,24011317.0,408815736.833
2025-08-07 16:00:00,170.39,170.51,166.93,168.14,31593528.0,534056122.694
2025-08-07 17:00:00,168.14,169.45,167.89,169.33,26112223.0,440704310.527
2025-08-07 18:00:00,169.33,169.86,168.72,169.73,18179923.0,307708203.444
2025-08-07 19:00:00,169.73,171.82,169.71,171.66,23120932.0,394640655.798
2025-08-07 20:00:00,171.66,173.1,171.45,172.85,28710874.0,495048559.124
2025-08-07 21:00:00,172.85,174.15,172.44,173.48,27925304.0,483958992.462
2025-08-07 22:00:00,173.48,175.11,173.48,175.01,21855328.0,380711424.525
2025-08-07 23:00:00,175.01,175.45,174.29,175.26,14203849.0,248310424.222
2025-08-08 00:00:00,175.26,175.49,173.55,174.22,25596921.0,446633709.623
2025-08-08 01:00:00,174.22,174.79,173.36,174.45,19259048.0,335137317.61
2025-08-08 02:00:00,174.45,175.19,173.76,174.74,8042536.0,140277518.406
2025-08-08 03:00:00,174.74,175.86,174.38,174.62,10065230.0,176246966.956
2025-08-08 04:00:00,174.62,175.13,173.8,174.26,9131709.0,159369146.994
2025-08-08 05:00:00,174.26,174.7,173.99,174.13,6506812.0,113440917.573
2025-08-08 06:00:00,174.13,175.04,173.76,174.97,9598118.0,167406612.127
2025-08-08 07:00:00,174.97,177.77,174.22,177.04,17685292.0,311415202.487
2025-08-08 08:00:00,177.04,177.73,174.78,175.29,20236715.0,356153388.548
2025-08-08 09:00:00,175.29,176.05,174.93,175.95,20809944.0,365046854.371
2025-08-08 10:00:00,175.95,176.94,175.63,176.57,17683129.0,311687161.131
2025-08-08 11:00:00,176.57,177.9,176.48,177.56,19995055.0,354463076.54
2025-08-08 12:00:00,177.56,177.57,176.03,176.36,25398979.0,448547492.45
2025-08-08 13:00:00,176.36,178.7,175.41,178.51,34499132.0,609851163.464
2025-08-08 14:00:00,178.51,179.04,175.32,176.43,39673009.0,701790656.834
2025-08-08 15:00:00,176.43,176.59,174.13,175.14,36640482.0,641743869.85
2025-08-08 16:00:00,175.14,176.25,175.14,175.83,28627632.0,502985597.443
2025-08-08 17:00:00,175.83,179.28,175.48,179.27,32639666.0,578451376.437
2025-08-08 18:00:00,179.27,179.6,177.14,177.52,30965478.0,552631560.624
2025-08-08 19:00:00,177.52,178.43,177.32,178.41,19829610.0,352580903.747
2025-08-08 20:00:00,178.41,178.7,177.14,178.17,27546411.0,489535987.212
2025-08-08 21:00:00,178.17,178.54,177.34,177.51,23780680.0,422806741.02
2025-08-08 22:00:00,177.51,178.0,176.92,177.54,21916495.0,389136834.622
2025-08-08 23:00:00,177.54,177.83,176.53,176.69,21412069.0,379378328.995
2025-08-09 00:00:00,176.69,177.14,176.51,176.85,11893482.0,210312808.449
2025-08-09 01:00:00,176.85,178.95,176.56,178.61,10819019.0,192265967.16
2025-08-09 02:00:00,178.61,178.62,177.47,177.49,8307055.0,147876805.055
2025-08-09 03:00:00,177.49,177.68,176.93,177.16,6212520.0,110112781.926
2025-08-09 04:00:00,177.16,178.77,176.85,178.58,11977419.0,212890448.06
2025-08-09 05:00:00,178.58,182.1,178.17,180.79,29455658.0,532389521.454
2025-08-09 06:00:00,180.79,180.87,179.21,179.53,14730408.0,265027443.915
2025-08-09 07:00:00,179.53,180.65,179.35,180.55,12785468.0,230439992.287
2025-08-09 08:00:00,180.55,181.63,180.31,181.3,16638965.0,301068236.978
2025-08-09 09:00:00,181.3,182.66,181.01,182.17,22529921.0,409785731.731
2025-08-09 10:00:00,182.17,183.26,181.71,181.82,26511490.0,483928750.433
2025-08-09 11:00:00,181.82,181.94,180.57,180.7,21234721.0,384916625.629
2025-08-09 12:00:00,180.7,182.11,180.25,182.11,22489659.0,407636952.453
2025-08-09 13:00:00,182.11,182.4,179.71,179.72,22330258.0,404050337.52
2025-08-09 14:00:00,179.72,181.16,178.86,181.07,24306129.0,437898201.338
2025-08-09 15:00:00,181.07,181.6,179.68,180.01,19519303.0,352380874.973
2025-08-09 16:00:00,180.01,180.76,179.35,179.58,15400431.0,277357618.297
2025-08-09 17:00:00,179.58,181.9,179.52,181.53,19566266.0,353854565.228
2025-08-09 18:00:00,181.53,182.17,181.17,181.84,20987931.0,381389677.549
2025-08-09 19:00:00,181.84,182.64,181.38,182.06,25351611.0,461382583.627
2025-08-09 20:00:00,182.06,183.42,181.37,182.99,22445987.0,409280741.567
2025-08-09 21:00:00,182.99,183.27,180.57,181.18,28906200.0,524958658.866
2025-08-09 22:00:00,181.18,182.41,179.79,180.03,27521687.0,498592154.032
2025-08-09 23:00:00,180.03,180.39,179.64,179.86,21340916.0,384090184.336
2025-08-10 00:00:00,179.86,182.75,179.73,182.37,16715201.0,303401168.482
2025-08-10 01:00:00,182.37,184.59,181.54,184.42,30621432.0,560678894.174
2025-08-10 02:00:00,184.42,184.99,182.87,183.24,23230757.0,427380117.859
2025-08-10 03:00:00,183.24,185.94,183.2,184.92,28241013.0,521960850.297
2025-08-10 04:00:00,184.92,186.13,184.31,184.99,12354411.0,229010218.555
2025-08-10 05:00:00,184.99,185.14,181.59,181.93,22390533.0,409707370.96
2025-08-10 06:00:00,181.93,182.32,180.21,181.0,18391979.0,333106812.013
2025-08-10 07:00:00,181.0,181.47,177.79,178.86,27009636.0,485183792.506
2025-08-10 08:00:00,178.86,180.65,177.43,180.32,22976354.0,411578237.802
2025-08-10 09:00:00,180.32,180.97,179.98,180.37,13906182.0,250942469.624
2025-08-10 10:00:00,180.37,180.53,178.74,179.41,27784716.0,499639874.014
2025-08-10 11:00:00,179.41,180.65,178.66,179.91,23915391.0,429854835.878
2025-08-10 12:00:00,179.91,180.28,179.06,179.47,20770947.0,373089322.383
2025-08-10 13:00:00,179.47,180.27,178.77,178.78,25861119.0,464525346.863
2025-08-10 14:00:00,178.78,182.29,178.44,181.44,32375232.0,584968992.654
2025-08-10 15:00:00,181.44,182.34,181.04,181.47,25393608.0,461162119.758
2025-08-10 16:00:00,181.47,182.22,181.13,182.2,18674276.0,339412317.88
2025-08-10 17:00:00,182.2,182.4,181.25,181.6,16431350.0,298767538.626
2025-08-10 18:00:00,181.6,182.88,181.57,182.64,13255637.0,241585689.586
2025-08-10 19:00:00,182.64,183.3,182.26,182.72,12131581.0,221679343.531
2025-08-10 20:00:00,182.72,183.31,181.2,182.64,24157509.0,440541327.453
2025-08-10 21:00:00,182.64,183.84,181.31,183.41,33705645.0,616801742.57
2025-08-10 22:00:00,183.41,183.61,182.52,183.03,17905308.0,327826253.794
2025-08-10 23:00:00,183.03,183.5,182.0,182.58,16364642.0,298947841.066
2025-08-11 00:00:00,182.58,183.1,181.39,181.44,14441792.0,263252293.02
2025-08-11 01:00:00,181.44,183.8,181.16,183.61,15050324.0,275151258.871
2025-08-11 02:00:00,183.61,185.73,183.51,185.18,24679951.0,456164007.584
2025-08-11 03:00:00,185.18,185.5,183.81,185.08,18582953.0,343389594.085
2025-08-11 04:00:00,185.08,186.4,185.06,185.8,14285234.0,265498090.273
2025-08-11 05:00:00,185.8,186.74,184.83,185.27,16487809.0,306246309.931
2025-08-11 06:00:00,185.27,185.54,184.34,184.75,12780637.0,236377008.559
2025-08-11 07:00:00,184.75,184.87,182.72,182.93,17326022.0,318271826.776
2025-08-11 08:00:00,182.93,184.62,182.07,184.19,19951694.0,365828798.105
2025-08-11 09:00:00,184.19,184.26,182.73,183.07,15771427.0,289358507.731
2025-08-11 10:00:00,183.07,183.15,181.56,181.83,26832762.0,489304882.542
2025-08-11 11:00:00,181.83,182.08,178.25,178.98,37464625.0,673496558.659
2025-08-11 12:00:00,178.98,179.48,177.74,178.71,35367745.0,632061520.85
2025-08-11 13:00:00,178.71,179.95,177.14,179.5,48296891.0,861902433.425
2025-08-11 14:00:00,179.5,180.44,178.28,178.67,33019493.0,591969681.246
2025-08-11 15:00:00,178.67,180.11,177.55,180.1,28521416.0,509938954.431
2025-08-11 16:00:00,180.1,181.67,178.24,178.93,30189021.0,543511938.828
2025-08-11 17:00:00,178.93,179.45,177.95,178.11,18231762.0,325715379.972
2025-08-11 18:00:00,178.11,178.27,176.59,178.14,22969605.0,408006334.918
2025-08-11 19:00:00,178.14,178.21,175.47,176.55,27226254.0,482388218.882
2025-08-11 20:00:00,176.55,176.8,175.63,176.1,19569064.0,344801118.996
2025-08-11 21:00:00,176.1,176.42,173.79,174.97,25408234.0,444824109.278
2025-08-11 22:00:00,174.97,175.07,173.34,174.6,27320960.0,475939863.411
2025-08-11 23:00:00,174.6,175.03,174.41,174.75,21899275.0,382766838.099
2025-08-12 00:00:00,174.75,175.86,174.54,175.59,20414709.0,357626102.247
2025-08-12 01:00:00,175.59,176.32,174.85,176.0,15727341.0,276198150.637
2025-08-12 02:00:00,176.0,176.67,175.43,176.08,17054285.0,300345621.28
2025-08-12 03:00:00,176.08,176.19,175.31,175.47,11686904.0,205320978.442
2025-08-12 04:00:00,175.47,176.57,175.21,176.19,11168335.0,196492365.199
2025-08-12 05:00:00,176.19,176.19,173.91,174.76,14752818.0,257887572.415
2025-08-12 06:00:00,174.76,175.28,173.51,174.52,17931119.0,313213844.516
2025-08-12 07:00:00,174.52,175.99,174.51,175.81,11925875.0,209364349.038
2025-08-12 08:00:00,175.81,176.41,175.23,175.64,12945328.0,227492879.98
2025-08-12 09:00:00,175.64,175.65,174.28,174.45,21379664.0,373824151.836
2025-08-12 10:00:00,174.45,175.0,173.77,174.69,22915791.0,399697211.333
2025-08-12 11:00:00,174.69,175.27,173.6,175.14,20352550.0,355450403.104
2025-08-12 12:00:00,175.14,178.63,174.64,177.83,43938022.0,777087123.16
2025-08-12 13:00:00,177.83,178.46,175.86,176.45,42920579.0,761087691.483
2025-08-12 14:00:00,176.45,179.66,176.14,179.51,36240701.0,645249597.961
2025-08-12 15:00:00,179.51,182.0,179.17,181.6,34358652.0,620861543.467
2025-08-12 16:00:00,181.6,185.37,180.68,184.74,47302610.0,867128028.015
2025-08-12 17:00:00,184.74,186.64,184.74,185.86,38226906.0,709934452.014
2025-08-12 18:00:00,185.86,189.15,185.85,188.15,44769997.0,840797468.731
2025-08-12 19:00:00,188.15,191.1,188.09,190.56,31421937.0,595672180.639
2025-08-12 20:00:00,190.56,191.66,189.58,191.55,34655845.0,661100695.1
2025-08-12 21:00:00,191.55,193.78,190.5,192.48,46228618.0,888776247.043
2025-08-12 22:00:00,192.48,193.29,191.01,191.68,36826078.0,707391239.251
2025-08-12 23:00:00,191.68,192.97,191.21,191.77,36580364.0,702467224.215
2025-08-13 00:00:00,191.77,194.76,191.47,193.93,32615622.0,629827158.394
2025-08-13 01:00:00,193.93,195.05,191.99,194.27,35811315.0,692913998.439
2025-08-13 02:00:00,194.27,198.73,193.35,198.61,34598372.0,677784620.72
2025-08-13 03:00:00,198.61,199.58,196.82,197.73,38635267.0,766591135.455
2025-08-13 04:00:00,197.73,200.13,197.28,198.75,26725415.0,531183320.031
2025-08-13 05:00:00,198.75,198.8,196.08,196.55,22231191.0,438697163.193
2025-08-13 06:00:00,196.55,196.83,195.21,195.83,17210707.0,337421186.753
2025-08-13 07:00:00,195.83,198.86,195.82,198.79,21103318.0,416029240.549
2025-08-13 08:00:00,198.79,199.05,197.66,199.03,18682634.0,370586393.994
2025-08-13 09:00:00,199.03,202.79,198.96,202.21,46599354.0,935954123.101
2025-08-13 10:00:00,202.21,202.21,200.89,201.57,28511117.0,574555915.989
2025-08-13 11:00:00,201.57,202.0,200.37,201.06,27226849.0,548023097.346
2025-08-13 12:00:00,201.06,202.62,200.67,201.2,31819856.0,641918405.423
2025-08-13 13:00:00,201.2,205.06,200.63,202.58,64782087.0,1313359370.351
2025-08-13 14:00:00,202.58,202.93,196.07,196.33,60104645.0,1195789796.478
2025-08-13 15:00:00,196.33,198.68,194.69,197.49,45591281.0,896795952.083
2025-08-13 16:00:00,197.49,199.95,197.08,198.0,30159460.0,598865246.942
2025-08-13 17:00:00,198.0,200.13,197.97,199.05,28146098.0,560184609.321
2025-08-13 18:00:00,199.05,200.75,197.84,199.45,30109399.0,600046232.908
2025-08-13 19:00:00,199.45,202.27,198.93,202.1,26420400.0,529737271.34
2025-08-13 20:00:00,202.1,202.26,199.86,200.35,23102170.0,463388931.932
2025-08-13 21:00:00,200.35,201.5,200.15,200.99,22881968.0,459667463.284
2025-08-13 22:00:00,200.99,202.87,200.17,200.6,24039765.0,483981462.103
2025-08-13 23:00:00,200.6,203.39,200.47,201.58,16152984.0,326161033.945
2025-08-14 00:00:00,201.58,204.0,200.75,201.57,26677306.0,539975868.164
2025-08-14 01:00:00,201.57,204.81,200.65,202.7,27652389.0,561241799.154
2025-08-14 02:00:00,202.7,208.3,201.87,207.3,35852322.0,734203675.822
2025-08-14 03:00:00,207.3,209.35,206.23,208.11,26049577.0,541447362.415
2025-08-14 04:00:00,208.11,210.04,207.46,208.36,29211715.0,609887608.451
2025-08-14 05:00:00,208.36,210.0,206.43,206.73,34971561.0,727644780.988
2025-08-14 06:00:00,206.73,208.2,204.21,207.73,33605872.0,693031471.091
2025-08-14 07:00:00,207.73,208.19,204.79,205.79,25050483.0,516473228.12
2025-08-14 08:00:00,205.79,205.99,202.61,203.52,26184757.0,533974904.402
2025-08-14 09:00:00,203.52,205.74,202.75,205.56,23792058.0,486740547.897
2025-08-14 10:00:00,205.56,205.83,202.03,202.86,28285330.0,576283903.979
2025-08-14 11:00:00,202.86,204.07,202.01,203.74,20622017.0,418707308.753
2025-08-14 12:00:00,203.74,205.55,190.01,194.47,72462497.0,1436762994.237
2025-08-14 13:00:00,194.47,196.85,186.83,194.88,81569038.0,1577460257.482
2025-08-14 14:00:00,194.88,198.94,193.51,196.53,41533690.0,816244140.871
2025-08-14 15:00:00,196.53,196.8,194.52,194.86,28655225.0,560591463.235
2025-08-14 16:00:00,194.86,195.05,190.53,193.31,37612635.0,724494356.388
2025-08-14 17:00:00,193.31,195.5,191.55,193.79,26659413.0,515974781.934
2025-08-14 18:00:00,193.79,194.6,191.36,193.54,21718995.0,419693043.67
2025-08-14 19:00:00,193.54,195.11,192.78,192.88,21572139.0,418834694.449
2025-08-14 20:00:00,192.88,193.2,191.56,192.17,34077083.0,655047870.612
2025-08-14 21:00:00,192.17,192.17,187.28,190.23,42041387.0,797258027.004
2025-08-14 22:00:00,190.23,191.95,189.25,191.78,23348642.0,445087765.318
2025-08-14 23:00:00,191.78,193.09,191.62,192.4,15039110.0,289460451.069
2025-08-15 00:00:00,192.4,193.88,191.87,192.63,17699380.0,341461667.736
2025-08-15 01:00:00,192.63,194.28,192.01,193.61,18624270.0,359974352.157
2025-08-15 02:00:00,193.61,194.31,193.03,193.29,15065877.0,291818909.263
2025-08-15 03:00:00,193.29,195.55,192.85,195.06,19395323.0,377265119.071
2025-08-15 04:00:00,195.06,195.77,194.46,194.89,19681276.0,384225308.179
2025-08-15 05:00:00,194.89,196.4,194.35,196.39,21328569.0,416450032.545
2025-08-15 06:00:00,196.39,197.96,196.2,197.29,26011063.0,513013010.867
2025-08-15 07:00:00,197.29,197.77,196.14,196.87,18077594.0,356045997.946
2025-08-15 08:00:00,196.87,197.54,196.3,196.52,17630959.0,347148023.673
2025-08-15 09:00:00,196.52,197.1,193.59,194.16,21733709.0,424393643.971
2025-08-15 10:00:00,194.16,195.95,194.11,194.6,19483091.0,380138213.128
2025-08-15 11:00:00,194.6,195.3,193.67,194.23,20125060.0,391363630.659
2025-08-15 12:00:00,194.23,196.1,192.42,193.32,43259690.0,839181958.667
2025-08-15 13:00:00,193.32,193.76,190.06,190.44,38519950.0,739696316.451
2025-08-15 14:00:00,190.44,191.81,187.07,187.47,47094569.0,892260396.275
2025-08-15 15:00:00,187.47,187.98,184.28,185.45,56068764.0,1043840452.865
2025-08-15 16:00:00,185.45,185.88,183.31,185.44,40415811.0,746098465.339
2025-08-15 17:00:00,185.44,186.81,183.87,185.74,31450624.0,583322185.64
2025-08-15 18:00:00,185.74,186.18,183.28,184.08,29430751.0,544001880.671
2025-08-15 19:00:00,184.08,185.81,183.3,183.79,28161791.0,518635793.731
2025-08-15 20:00:00,183.79,184.91,183.28,184.67,28756223.0,529841595.24
2025-08-15 21:00:00,184.67,185.61,183.83,185.52,38141766.0,705257606.039
2025-08-15 22:00:00,185.52,187.81,185.1,187.61,31207726.0,580540082.478
2025-08-15 23:00:00,187.61,188.19,184.07,185.61,26811266.0,497980869.747
2025-08-16 00:00:00,185.61,187.69,185.22,187.35,23854605.0,445438073.967
2025-08-16 01:00:00,187.35,188.06,186.39,187.84,22453659.0,420473583.854
2025-08-16 02:00:00,187.84,187.98,186.78,186.82,16205708.0,303604091.507
2025-08-16 03:00:00,186.82,188.25,186.63,187.02,15939123.0,299024486.05
2025-08-16 04:00:00,187.02,188.0,186.72,187.99,8875049.0,166306599.117
2025-08-16 05:00:00,187.99,188.02,186.01,186.05,10278543.0,192142516.174
2025-08-16 06:00:00,186.05,187.58,186.05,187.28,12934473.0,241535021.871
2025-08-16 07:00:00,187.28,189.53,187.12,189.01,18131148.0,341738518.089
2025-08-16 08:00:00,189.01,189.13,187.55,188.28,12549789.0,236299113.33
2025-08-16 09:00:00,188.28,188.46,185.85,185.97,15609441.0,292588487.626
2025-08-16 10:00:00,185.97,186.85,185.3,186.49,16469752.0,306595566.325
2025-08-16 11:00:00,186.49,187.23,185.45,185.64,11596442.0,216319322.613
2025-08-16 12:00:00,185.64,186.83,185.11,186.55,14586358.0,271257269.514
2025-08-16 13:00:00,186.55,188.41,186.5,187.32,18657243.0,350000582.329
2025-08-16 14:00:00,187.32,189.14,186.82,188.73,22489827.0,422535554.565
2025-08-16 15:00:00,188.73,189.37,188.24,188.72,21612176.0,408052330.335
2025-08-16 16:00:00,188.72,189.3,187.79,187.88,18112952.0,341432701.293
2025-08-16 17:00:00,187.88,188.0,187.0,187.93,15457258.0,289875983.263
2025-08-16 18:00:00,187.93,188.6,187.5,188.08,10676663.0,200625892.574
2025-08-16 19:00:00,188.08,189.13,187.96,188.6,17631507.0,332542074.246
2025-08-16 20:00:00,188.6,189.15,188.28,189.03,12371213.0,233460780.231
2025-08-16 21:00:00,189.03,189.03,188.17,188.31,14822990.0,279574214.284
2025-08-16 22:00:00,188.31,189.21,187.83,188.99,10535956.0,198747224.349
2025-08-16 23:00:00,188.99,189.98,188.45,189.53,11148401.0,210867541.655
2025-08-17 00:00:00,189.53,189.58,188.01,188.1,12231791.0,230839382.922
2025-08-17 01:00:00,188.1,188.59,187.26,188.28,11444379.0,215010457.608
2025-08-17 02:00:00,188.28,191.55,187.88,191.46,21347690.0,405780325.032
2025-08-17 03:00:00,191.46,191.87,190.21,191.49,18792649.0,359356398.729
2025-08-17 04:00:00,191.49,193.43,191.41,193.3,18112389.0,348692496.215
2025-08-17 05:00:00,193.3,193.41,192.4,192.54,12544507.0,241997807.317
2025-08-17 06:00:00,192.54,192.84,191.8,191.87,8632756.0,166026940.251
2025-08-17 07:00:00,191.87,192.43,191.25,191.79,11957019.0,229408195.212
2025-08-17 08:00:00,191.79,193.44,191.62,193.34,15186595.0,292246750.024
2025-08-17 09:00:00,193.34,193.55,191.43,192.2,21037900.0,404861683.558
2025-08-17 10:00:00,192.2,193.1,191.58,193.02,14094809.0,270777427.506
2025-08-17 11:00:00,193.02,193.55,192.28,193.46,13608276.0,262690293.483
2025-08-17 12:00:00,193.46,193.7,191.87,192.14,15840037.0,305214072.836
2025-08-17 13:00:00,192.14,193.51,191.81,193.13,19513623.0,375540945.41
2025-08-17 14:00:00,193.13,194.37,192.32,193.68,20734734.0,401009654.411
2025-08-17 15:00:00,193.68,195.42,193.5,195.39,17668743.0,343563337.504
2025-08-17 16:00:00,195.39,195.75,192.81,193.13,20904373.0,405836484.739
2025-08-17 17:00:00,193.13,193.64,192.7,193.28,14158181.0,273448396.583
2025-08-17 18:00:00,193.28,193.43,190.53,192.05,16911911.0,325124595.927
2025-08-17 19:00:00,192.05,193.36,190.78,191.12,25288650.0,485837807.081
2025-08-17 20:00:00,191.12,191.95,190.9,191.05,16932695.0,324181048.33
2025-08-17 21:00:00,191.05,191.54,190.82,191.17,15875190.0,303522823.577
2025-08-17 22:00:00,191.17,193.34,191.01,192.99,19684733.0,378369185.728
2025-08-17 23:00:00,192.99,193.19,190.78,190.92,12639877.0,242670791.285
2025-08-18 00:00:00,190.92,191.26,189.53,190.09,18366885.0,349436529.66
2025-08-18 01:00:00,190.09,190.35,186.46,186.47,23994977.0,451662883.121
2025-08-18 02:00:00,186.47,186.71,183.34,183.85,33179347.0,613609603.521
2025-08-18 03:00:00,183.85,184.47,181.75,182.57,27718332.0,507566446.852
2025-08-18 04:00:00,182.57,183.33,181.5,182.79,18699967.0,341136778.113
2025-08-18 05:00:00,182.79,183.39,181.08,182.81,23903349.0,435694090.087
2025-08-18 06:00:00,182.81,182.82,180.22,181.25,27471111.0,498191160.579
2025-08-18 07:00:00,181.25,181.49,180.12,180.53,21734906.0,392816384.313
2025-08-18 08:00:00,180.53,181.49,180.35,180.72,23596054.0,427094966.917
2025-08-18 09:00:00,180.72,181.87,179.9,181.09,32153503.0,580940767.168
2025-08-18 10:00:00,181.09,181.3,180.44,180.67,24627328.0,445342149.209
2025-08-18 11:00:00,180.67,181.37,180.26,181.23,25935970.0,468662658.148
2025-08-18 12:00:00,181.23,183.1,181.0,183.05,26601089.0,483967511.762
2025-08-18 13:00:00,183.05,183.23,180.4,180.45,40911277.0,745196437.25
2025-08-18 14:00:00,180.45,182.54,180.44,182.46,27629224.0,501481038.659
2025-08-18 15:00:00,182.46,183.05,181.09,182.99,27211443.0,495303286.374
2025-08-18 16:00:00,182.99,184.34,181.67,181.96,30681562.0,560997705.725
2025-08-18 17:00:00,181.96,185.6,181.88,184.53,38438591.0,708953274.026
2025-08-18 18:00:00,184.53,184.66,182.88,184.27,35663085.0,655356667.623
2025-08-18 19:00:00,184.27,184.45,182.66,183.11,22469461.0,412260452.246
2025-08-18 20:00:00,183.11,183.71,181.98,183.0,25413423.0,464965045.48
2025-08-18 21:00:00,183.0,184.11,182.57,183.7,19343651.0,354538694.664
2025-08-18 22:00:00,183.7,184.9,183.66,184.1,20237516.0,373237460.629
2025-08-18 23:00:00,184.1,184.52,182.36,182.84,15231699.0,279652190.758
2025-08-19 00:00:00,182.84,184.95,181.13,184.92,19280825.0,352933887.436
2025-08-19 01:00:00,184.92,185.79,182.53,183.02,21088861.0,388497066.426
2025-08-19 02:00:00,183.02,183.16,181.85,182.07,14840510.0,270825153.963
2025-08-19 03:00:00,182.07,182.14,178.1,178.48,27698411.0,498483574.927
2025-08-19 04:00:00,178.48,180.0,177.26,179.96,24382963.0,435005676.084
2025-08-19 05:00:00,179.96,180.5,179.18,179.7,16295688.0,292992127.834
2025-08-19 06:00:00,179.7,180.46,179.32,179.96,15667715.0,281828543.712
2025-08-19 07:00:00,179.96,180.09,178.9,180.05,13194299.0,236817550.274
2025-08-19 08:00:00,180.05,180.88,179.02,180.39,22105105.0,397544914.882
2025-08-19 09:00:00,180.39,182.38,180.31,181.24,24538829.0,445239883.366
2025-08-19 10:00:00,181.24,181.93,181.1,181.34,18439762.0,334694374.894
2025-08-19 11:00:00,181.34,182.73,181.25,182.57,17476979.0,318099655.37
2025-08-19 12:00:00,182.57,182.66,181.31,181.96,20293464.0,369168239.017
2025-08-19 13:00:00,181.96,183.37,180.54,182.0,36434945.0,662729941.883
2025-08-19 14:00:00,182.0,182.95,178.05,178.49,42249538.0,761334407.821
2025-08-19 15:00:00,178.49,179.79,177.41,177.87,30658750.0,547275963.726
2025-08-19 16:00:00,177.87,178.47,176.69,177.06,32842127.0,583753916.369
2025-08-19 17:00:00,177.06,178.67,176.25,178.06,27290274.0,485008050.38
2025-08-19 18:00:00,178.06,178.73,175.78,176.64,27462481.0,487572117.496
2025-08-19 19:00:00,176.64,178.22,175.58,176.63,29031875.0,513867219.327
2025-08-19 20:00:00,176.63,178.6,175.85,178.56,24732762.0,438700685.779
2025-08-19 21:00:00,178.56,179.14,178.14,179.0,20052396.0,358294464.905
2025-08-19 22:00:00,179.0,179.43,177.73,179.0,18547525.0,331335117.315
2025-08-19 23:00:00,179.0,179.24,175.78,176.13,21053953.0,373680609.523
2025-08-20 00:00:00,176.13,178.49,175.93,178.05,17816990.0,315775987.312
2025-08-20 01:00:00,178.05,179.72,176.91,179.45,19103239.0,340574216.64
2025-08-20 02:00:00,179.45,181.26,179.11,180.72,17369408.0,313461065.604
2025-08-20 03:00:00,180.72,181.41,180.0,180.42,12289032.0,221999588.595
2025-08-20 04:00:00,180.42,181.67,180.27,180.54,11158766.0,201878386.208
2025-08-20 05:00:00,180.54,181.08,179.75,181.01,8096661.0,146027374.212
2025-08-20 06:00:00,181.01,181.24,180.08,180.96,10439634.0,188584954.501
2025-08-20 07:00:00,180.96,181.58,180.28,180.45,16439068.0,297465956.659
2025-08-20 08:00:00,180.45,182.15,180.19,181.97,20904463.0,378860331.427
2025-08-20 09:00:00,181.97,182.18,180.78,180.87,20837539.0,378404582.065
2025-08-20 10:00:00,180.87,181.67,180.71,180.93,15300662.0,277020931.622
2025-08-20 11:00:00,180.93,181.25,178.25,180.21,26441914.0,475149362.344
2025-08-20 12:00:00,180.21,182.24,180.12,181.82,28721419.0,520275664.406
2025-08-20 13:00:00,181.82,181.82,178.6,178.73,31051445.0,559866885.945
2025-08-20 14:00:00,178.73,182.47,177.44,181.28,40644923.0,732157236.365
2025-08-20 15:00:00,181.28,184.99,181.11,182.96,45219576.0,830191043.666
2025-08-20 16:00:00,182.96,184.81,182.91,183.71,35283654.0,649335027.094
2025-08-20 17:00:00,183.71,186.21,183.54,185.09,33336564.0,615101801.797
2025-08-20 18:00:00,185.09,185.58,182.5,183.56,35888092.0,659373742.974
2025-08-20 19:00:00,183.56,187.91,183.43,187.53,30219039.0,561456375.361
2025-08-20 20:00:00,187.53,187.84,186.27,187.17,26655461.0,498157941.796
2025-08-20 21:00:00,187.17,187.59,185.73,186.93,23430603.0,437343377.484
2025-08-20 22:00:00,186.93,187.6,186.57,187.27,14482651.0,271021166.881
2025-08-20 23:00:00,187.27,187.94,186.61,187.89,12937820.0,242159255.263
2025-08-21 00:00:00,187.89,189.16,186.95,187.85,18357427.0,344976562.038
2025-08-21 01:00:00,187.85,189.12,186.73,189.0,12789737.0,239844470.797
2025-08-21 02:00:00,189.0,189.97,185.45,186.41,22404292.0,419419222.893
2025-08-21 03:00:00,186.41,190.07,186.3,188.38,22892948.0,431792238.097
2025-08-21 04:00:00,188.38,188.64,187.18,187.68,13318273.0,250214414.964
2025-08-21 05:00:00,187.68,188.1,186.56,188.02,13973642.0,261670814.492
2025-08-21 06:00:00,188.02,188.03,186.41,186.52,12939596.0,241934663.297
2025-08-21 07:00:00,186.52,187.36,185.82,186.92,12596051.0,235115840.828
2025-08-21 08:00:00,186.92,186.98,185.57,185.6,14959940.0,278490998.186
2025-08-21 09:00:00,185.6,185.67,184.02,184.83,18779277.0,347015684.581
2025-08-21 10:00:00,184.83,185.18,183.76,184.25,16458789.0,303376332.878
2025-08-21 11:00:00,184.25,184.88,183.36,183.95,14922569.0,274755017.511
2025-08-21 12:00:00,183.95,184.78,182.67,183.67,22371688.0,411127624.897
2025-08-21 13:00:00,183.67,185.7,183.3,184.01,22475250.0,414912266.335
2025-08-21 14:00:00,184.01,186.34,183.57,184.74,29107222.0,538471824.166
2025-08-21 15:00:00,184.74,184.96,181.34,181.54,36007357.0,658828943.972
2025-08-21 16:00:00,181.54,182.28,180.69,180.89,29302062.0,531606411.266
2025-08-21 17:00:00,180.89,181.52,179.82,181.11,25663404.0,463456502.218
2025-08-21 18:00:00,181.11,182.23,180.44,182.08,21443502.0,388891188.071
2025-08-21 19:00:00,182.08,182.81,179.88,180.08,27808925.0,503666103.894
2025-08-21 20:00:00,180.08,181.42,179.34,180.74,24127839.0,435089991.159
2025-08-21 21:00:00,180.74,181.58,179.88,181.08,18534038.0,335013460.986
2025-08-21 22:00:00,181.08,181.81,180.84,181.69,10346380.0,187752597.122
2025-08-21 23:00:00,181.69,181.69,179.76,180.25,10579004.0,191015400.103
2025-08-22 00:00:00,180.25,181.75,180.17,181.05,10145738.0,183725660.794
2025-08-22 01:00:00,181.05,182.04,179.9,181.88,12106907.0,219381888.472
2025-08-22 02:00:00,181.88,183.5,181.61,182.54,15934165.0,291124470.182
2025-08-22 03:00:00,182.54,183.37,181.32,181.67,10985201.0,200147182.289
2025-08-22 04:00:00,181.67,183.32,181.65,182.82,10552990.0,192795586.979
2025-08-22 05:00:00,182.82,183.85,182.6,183.58,10525461.0,192800536.356
2025-08-22 06:00:00,183.58,184.05,182.26,182.89,13838221.0,253564749.616
2025-08-22 07:00:00,182.89,184.29,182.72,183.88,13726421.0,252250040.486
2025-08-22 08:00:00,183.88,185.0,183.65,183.72,14887271.0,274604796.132
2025-08-22 09:00:00,183.72,183.99,182.37,182.85,16441624.0,300967036.195
2025-08-22 10:00:00,182.85,182.88,180.81,181.11,23007477.0,417987761.447
2025-08-22 11:00:00,181.11,181.22,179.51,179.52,24464159.0,440979627.551
2025-08-22 12:00:00,179.52,179.75,177.13,178.36,35815154.0,639165323.826
2025-08-22 13:00:00,178.36,181.17,177.88,180.16,34894865.0,626138732.263
2025-08-22 14:00:00,180.16,193.24,180.13,191.65,96127085.0,1816853887.647
2025-08-22 15:00:00,191.65,195.38,191.58,193.46,46262748.0,896950034.898
2025-08-22 16:00:00,193.46,197.86,193.45,194.85,41282102.0,808577406.572
2025-08-22 17:00:00,194.85,198.08,194.85,196.86,32974624.0,648943830.513
2025-08-22 18:00:00,196.86,197.56,195.64,196.81,33299042.0,655247550.204
2025-08-22 19:00:00,196.81,199.73,196.57,198.95,30722535.0,608700237.871
2025-08-22 20:00:00,198.95,199.66,198.37,199.66,19515873.0,388167963.364
2025-08-22 21:00:00,199.66,202.45,199.42,200.24,35096270.0,705319643.086
2025-08-22 22:00:00,200.24,200.44,198.57,199.44,16444325.0,328037017.628
2025-08-22 23:00:00,199.44,200.99,199.06,200.67,12490417.0,249586074.913
2025-08-23 00:00:00,200.67,200.83,198.52,198.57,14565227.0,290485923.58
2025-08-23 01:00:00,198.57,199.05,196.77,197.84,16995205.0,336073035.225
2025-08-23 02:00:00,197.84,198.4,195.32,197.61,19565742.0,385118511.453
2025-08-23 03:00:00,197.61,198.78,197.18,198.19,12612658.0,249755233.375
2025-08-23 04:00:00,198.19,204.99,198.12,204.67,31372061.0,633896602.878
2025-08-23 05:00:00,204.67,208.71,204.34,207.63,36746436.0,760658695.483
2025-08-23 06:00:00,207.63,207.97,205.81,206.63,21971898.0,454366016.675
2025-08-23 07:00:00,206.63,207.39,205.06,205.28,17418052.0,358917075.806
2025-08-23 08:00:00,205.28,205.76,202.29,203.94,24255923.0,494146031.866
2025-08-23 09:00:00,203.94,204.78,203.29,204.56,11368655.0,231958209.627
2025-08-23 10:00:00,204.56,204.72,201.94,202.1,13606354.0,276404584.579
2025-08-23 11:00:00,202.1,203.14,201.65,202.05,11127210.0,225297184.12
2025-08-23 12:00:00,202.05,203.27,201.16,202.11,15143795.0,306513728.959
2025-08-23 13:00:00,202.11,202.55,200.65,201.6,19685741.0,396882823.648
2025-08-23 14:00:00,201.6,203.56,201.08,202.8,21965487.0,445007698.431
2025-08-23 15:00:00,202.8,203.91,202.51,202.68,13666446.0,277850934.764
2025-08-23 16:00:00,202.68,203.71,202.31,203.38,10658556.0,216422242.286
2025-08-23 17:00:00,203.38,203.86,202.28,203.36,10026114.0,203872868.02
2025-08-23 18:00:00,203.36,204.48,203.32,204.09,13218885.0,269635816.898
2025-08-23 19:00:00,204.09,204.67,203.85,204.17,11185097.0,228418204.54
2025-08-23 20:00:00,204.17,204.37,203.3,203.87,10845864.0,221019360.206
2025-08-23 21:00:00,203.87,204.25,203.15,203.19,8148194.0,165965889.69
2025-08-23 22:00:00,203.19,203.76,202.92,203.63,8696512.0,176863173.936
2025-08-23 23:00:00,203.63,204.99,203.63,204.22,9598399.0,196216153.669
2025-08-24 00:00:00,204.22,206.87,204.21,206.2,15746366.0,323903579.475
2025-08-24 01:00:00,206.2,208.97,205.03,208.23,22337986.0,462347712.429
2025-08-24 02:00:00,208.23,212.15,207.66,208.91,33633660.0,705659198.711
2025-08-24 03:00:00,208.91,209.56,207.34,209.19,17794295.0,371041962.987
2025-08-24 04:00:00,209.19,210.87,208.51,210.81,18304201.0,383754743.008
2025-08-24 05:00:00,210.81,210.9,208.21,208.64,15455100.0,323915419.267
2025-08-24 06:00:00,208.64,208.96,207.19,207.49,14411367.0,299842281.197
2025-08-24 07:00:00,207.49,208.38,206.72,206.8,12606582.0,261703466.969
2025-08-24 08:00:00,206.8,208.35,206.24,208.26,14289551.0,296501844.023
2025-08-24 09:00:00,208.26,209.16,207.73,208.31,12996014.0,270894262.512
2025-08-24 10:00:00,208.31,208.37,204.63,204.93,23914379.0,492888054.968
2025-08-24 11:00:00,204.93,205.48,203.55,204.63,22773290.0,465496157.673
2025-08-24 12:00:00,204.63,205.07,203.65,204.5,16346277.0,334073287.557
2025-08-24 13:00:00,204.5,205.77,204.32,204.83,18384942.0,377128385.126
2025-08-24 14:00:00,204.83,206.56,204.07,206.15,20286992.0,416655519.344
2025-08-24 15:00:00,206.15,209.45,205.45,205.74,33165611.0,688794589.721
2025-08-24 16:00:00,205.74,207.42,205.64,206.68,18662893.0,385375767.088
2025-08-24 17:00:00,206.68,209.91,206.56,209.43,24721402.0,515212662.23
2025-08-24 18:00:00,209.43,212.12,208.92,211.38,32480471.0,684690503.192
2025-08-24 19:00:00,211.38,212.05,201.71,205.11,49093315.0,1016020227.021
2025-08-24 20:00:00,205.11,205.45,201.22,203.7,36869564.0,751441156.095
2025-08-24 21:00:00,203.7,205.78,202.34,204.44,22996853.0,469555344.713
2025-08-24 22:00:00,204.44,205.6,201.35,205.17,22127349.0,450082858.81
2025-08-24 23:00:00,205.17,207.26,204.8,206.09,18255399.0,376602197.237
2025-08-25 00:00:00,206.09,208.25,202.33,203.59,29197120.0,598404135.853
2025-08-25 01:00:00,203.59,209.0,203.53,207.05,24140319.0,498782456.651
2025-08-25 02:00:00,207.05,213.65,206.81,212.67,34757788.0,735192464.15
2025-08-25 03:00:00,212.67,213.08,208.91,209.35,26198510.0,552105850.564
2025-08-25 04:00:00,209.35,209.83,206.84,207.39,24345932.0,506455971.055
2025-08-25 05:00:00,207.39,208.1,203.62,203.78,22379252.0,460254034.889
2025-08-25 06:00:00,203.78,204.75,201.84,201.97,25382022.0,516023635.958
2025-08-25 07:00:00,201.97,204.48,198.74,199.85,36326378.0,733603383.416
2025-08-25 08:00:00,199.85,200.84,198.2,199.94,27939750.0,557977821.968
2025-08-25 09:00:00,199.94,200.25,198.16,199.5,19636506.0,390967865.992
2025-08-25 10:00:00,199.5,199.5,195.03,195.89,37400363.0,735246563.475
2025-08-25 11:00:00,195.89,197.55,195.44,197.54,20899414.0,410503273.723
2025-08-25 12:00:00,197.54,198.5,196.76,197.99,24816083.0,490268149.036
2025-08-25 13:00:00,197.99,198.46,195.53,198.21,30626490.0,603948323.825
2025-08-25 14:00:00,198.21,199.43,196.81,198.24,33378726.0,661811358.668
2025-08-25 15:00:00,198.24,198.49,196.0,196.47,26443875.0,521377350.903
2025-08-25 16:00:00,196.47,198.32,195.56,196.37,23996842.0,473071175.886
2025-08-25 17:00:00,196.37,197.29,195.1,196.63,20589086.0,404119949.088
2025-08-25 18:00:00,196.63,197.77,196.04,196.39,19236382.0,378768922.646
2025-08-25 19:00:00,196.39,196.43,190.92,191.39,37676681.0,728340017.903
2025-08-25 20:00:00,191.39,192.06,186.17,186.18,47810667.0,903915038.885
2025-08-25 21:00:00,186.18,188.35,185.9,186.27,24716672.0,462347558.921
2025-08-25 22:00:00,186.27,188.42,185.29,186.89,22143305.0,414012636.967
2025-08-25 23:00:00,186.89,187.5,185.62,187.08,16437955.0,306840169.754
2025-08-26 00:00:00,187.08,188.53,185.45,186.2,24281945.0,454088964.493
2025-08-26 01:00:00,186.2,188.88,185.58,188.15,17999702.0,337523852.548
2025-08-26 02:00:00,188.15,189.23,186.84,187.44,18636778.0,350706079.511
2025-08-26 03:00:00,187.44,187.89,186.33,186.8,11013741.0,206105149.143
2025-08-26 04:00:00,186.8,188.41,186.8,187.78,12250581.0,229928991.274
2025-08-26 05:00:00,187.78,189.47,187.78,188.63,12874166.0,242986098.192
2025-08-26 06:00:00,188.63,189.5,187.28,187.83,13862024.0,261061848.268
2025-08-26 07:00:00,187.83,189.85,187.09,188.81,19254379.0,362950216.402
2025-08-26 08:00:00,188.81,190.25,188.06,188.62,14704864.0,277933236.98
2025-08-26 09:00:00,188.62,189.24,187.41,187.93,14389221.0,270748129.01
2025-08-26 10:00:00,187.93,188.85,187.7,188.53,12713067.0,239336095.212
2025-08-26 11:00:00,188.53,188.97,186.54,187.88,18106887.0,339648777.15
2025-08-26 12:00:00,187.88,192.16,187.06,190.45,37822002.0,718134520.017
2025-08-26 13:00:00,190.45,191.0,187.62,189.34,33184250.0,628282276.949
2025-08-26 14:00:00,189.34,191.72,188.31,191.42,27423103.0,520981163.349
2025-08-26 15:00:00,191.42,192.47,189.86,190.68,29668242.0,567061881.776
2025-08-26 16:00:00,190.68,193.67,190.47,193.58,25519000.0,489650855.807
2025-08-26 17:00:00,193.58,194.17,192.15,193.64,27001825.0,521851808.462
2025-08-26 18:00:00,193.64,195.32,193.43,194.78,29431985.0,571875517.43
2025-08-26 19:00:00,194.78,197.51,194.25,197.33,34497972.0,675794114.596
2025-08-26 20:00:00,197.33,197.67,195.85,196.27,25876431.0,509205133.302
2025-08-26 21:00:00,196.27,196.79,195.3,196.78,18231719.0,357275578.646
2025-08-26 22:00:00,196.78,197.22,195.68,196.65,18338964.0,360146409.106
2025-08-26 23:00:00,196.65,198.02,195.49,195.77,22940009.0,451229634.821
2025-08-27 00:00:00,195.77,196.18,194.33,194.56,15869931.0,309881843.743
2025-08-27 01:00:00,194.56,196.71,193.71,196.21,16735452.0,326301500.246
2025-08-27 02:00:00,196.21,199.75,195.55,198.23,23468731.0,464943445.153
2025-08-27 03:00:00,198.23,202.83,196.9,201.9,26714551.0,533190857.527
2025-08-27 04:00:00,201.9,205.67,201.67,205.14,31108633.0,635829635.043
2025-08-27 05:00:00,205.14,205.32,202.5,202.86,18988080.0,386513692.686
2025-08-27 06:00:00,202.86,204.12,201.87,202.18,18250337.0,370430599.939
2025-08-27 07:00:00,202.18,202.67,200.73,202.38,19923372.0,401886065.521
2025-08-27 08:00:00,202.38,203.64,201.49,203.45,19885849.0,402448886.024
2025-08-27 09:00:00,203.45,205.12,203.02,203.85,20648582.0,421375970.063
2025-08-27 10:00:00,203.85,205.38,203.26,204.02,19388754.0,396108324.824
2025-08-27 11:00:00,204.02,205.32,204.02,204.95,17789319.0,364262377.137
2025-08-27 12:00:00,204.95,205.6,203.14,204.57,23537932.0,480866743.877
2025-08-27 13:00:00,204.57,205.9,202.53,204.37,28521332.0,582742932.894
2025-08-27 14:00:00,204.37,207.96,203.26,206.68,40795052.0,841056588.889
2025-08-27 15:00:00,206.68,209.41,206.22,208.62,34368638.0,713825254.471
2025-08-27 16:00:00,208.62,209.07,206.56,207.92,27445950.0,570837770.889
2025-08-27 17:00:00,207.92,209.98,207.39,209.13,21675190.0,452576112.514
2025-08-27 18:00:00,209.13,212.11,208.25,208.35,34698032.0,730329763.744
2025-08-27 19:00:00,208.35,209.27,205.97,206.34,37473265.0,776382223.144
2025-08-27 20:00:00,206.34,209.39,202.98,208.53,54339185.0,1120027798.308
2025-08-27 21:00:00,208.53,208.72,204.8,205.56,31084805.0,642414154.716
2025-08-27 22:00:00,205.56,205.71,203.39,204.31,26238798.0,536491066.161
2025-08-27 23:00:00,204.31,205.37,202.51,202.93,17315816.0,353074832.132
2025-08-28 00:00:00,202.93,205.1,201.66,203.91,26346469.0,536165260.701
2025-08-28 01:00:00,203.91,206.34,203.15,205.85,16241453.0,332692264.004
2025-08-28 02:00:00,205.85,207.8,205.21,206.18,14733329.0,304131031.605
2025-08-28 03:00:00,206.18,208.28,205.95,208.06,12063053.0,250084036.648
2025-08-28 04:00:00,208.06,212.48,207.39,211.99,26750309.0,562123036.801
2025-08-28 05:00:00,211.99,213.14,210.69,211.58,23503033.0,497632432.188
2025-08-28 06:00:00,211.58,211.85,209.67,211.65,19015993.0,400625455.234
2025-08-28 07:00:00,211.65,213.32,210.43,213.03,20812161.0,440362650.035
2025-08-28 08:00:00,213.03,216.49,213.01,214.17,37385914.0,803186206.602
2025-08-28 09:00:00,214.17,214.28,211.48,211.58,21541710.0,458357235.46
2025-08-28 10:00:00,211.58,213.87,211.34,213.87,19495941.0,414716756.085
2025-08-28 11:00:00,213.87,213.93,212.27,213.07,19627189.0,418026198.846
2025-08-28 12:00:00,213.07,214.28,211.9,213.05,28367703.0,604514049.494
2025-08-28 13:00:00,213.05,216.85,212.13,212.61,46502164.0,997955337.057
2025-08-28 14:00:00,212.61,215.89,211.62,215.51,38765635.0,829383963.713
2025-08-28 15:00:00,215.51,215.97,210.15,211.01,39393143.0,836773798.049
2025-08-28 16:00:00,211.01,213.91,207.19,207.41,32225795.0,682031315.207
2025-08-28 17:00:00,207.41,210.57,207.26,210.32,26652018.0,557711001.501
2025-08-28 18:00:00,210.32,212.66,209.4,211.96,27866293.0,588142972.097
2025-08-28 19:00:00,211.96,212.96,209.7,209.85,26489838.0,559699311.22
2025-08-28 20:00:00,209.85,213.59,209.56,213.12,25223429.0,534632008.172
2025-08-28 21:00:00,213.12,213.85,211.79,213.64,18540735.0,394708756.123
2025-08-28 22:00:00,213.64,215.65,213.44,214.14,18131655.0,388828738.324
2025-08-28 23:00:00,214.14,215.24,213.61,214.29,19740077.0,423073439.506
2025-08-29 00:00:00,214.29,217.93,213.93,214.98,26474635.0,570443670.625
2025-08-29 01:00:00,214.98,215.34,212.02,213.37,24763082.0,528797231.852
2025-08-29 02:00:00,213.37,217.46,212.68,215.25,23529522.0,507461744.172
2025-08-29 03:00:00,215.25,217.74,214.11,216.78,18257212.0,394399200.122
2025-08-29 04:00:00,216.78,217.86,215.92,216.96,16922533.0,367238206.167
2025-08-29 05:00:00,216.96,217.13,214.55,215.69,18542401.0,399688141.069
2025-08-29 06:00:00,215.69,216.11,212.62,212.62,21713510.0,464186930.118
2025-08-29 07:00:00,212.62,212.63,207.74,208.72,46332105.0,971067093.448
2025-08-29 08:00:00,208.72,209.96,206.05,206.75,34407058.0,715433610.684
2025-08-29 09:00:00,206.75,207.79,205.29,207.6,26158994.0,540655112.163
2025-08-29 10:00:00,207.6,209.27,206.77,207.47,22556794.0,469454826.266
2025-08-29 11:00:00,207.47,209.14,206.62,207.54,18051095.0,375142947.442
2025-08-29 12:00:00,207.54,214.8,207.03,211.79,39701722.0,836613419.518
2025-08-29 13:00:00,211.79,211.88,207.59,208.9,39855077.0,837547612.63
2025-08-29 14:00:00,208.9,210.92,206.89,207.42,41345326.0,864090653.509
2025-08-29 15:00:00,207.42,210.46,203.75,204.29,36731398.0,763719508.189
2025-08-29 16:00:00,204.29,205.39,202.66,204.77,34434258.0,703559219.121
2025-08-29 17:00:00,204.77,204.82,202.0,202.42,29207092.0,593571367.449
2025-08-29 18:00:00,202.42,203.16,201.26,202.02,26357280.0,532583214.081
2025-08-29 19:00:00,202.02,204.44,201.56,202.89,24655447.0,501351034.165
2025-08-29 20:00:00,202.89,203.45,200.67,200.91,24197325.0,488315703.513
2025-08-29 21:00:00,200.91,203.94,199.75,203.65,23457054.0,473838214.34
2025-08-29 22:00:00,203.65,203.88,202.32,203.06,15389632.0,312414498.301
2025-08-29 23:00:00,203.06,205.4,203.03,204.98,18110165.0,370123295.224
2025-08-30 00:00:00,204.98,205.29,203.44,204.93,16121777.0,329528416.283
2025-08-30 01:00:00,204.93,205.09,200.93,201.08,17359525.0,352692545.28
2025-08-30 02:00:00,201.08,203.6,200.66,203.24,15931875.0,322536174.225
2025-08-30 03:00:00,203.24,206.58,203.12,205.52,21423331.0,440138899.343
2025-08-30 04:00:00,205.52,206.46,204.58,204.59,11736486.0,241262724.795
2025-08-30 05:00:00,204.59,206.94,204.3,206.01,14070973.0,289562613.158
2025-08-30 06:00:00,206.01,206.59,204.93,204.99,11267392.0,231740076.864
2025-08-30 07:00:00,204.99,205.58,204.35,205.03,11631347.0,238404979.837
2025-08-30 08:00:00,205.03,205.47,202.51,202.92,16360999.0,334133866.178
2025-08-30 09:00:00,202.92,203.27,201.56,202.32,15827747.0,320330003.321
2025-08-30 10:00:00,202.32,203.19,201.66,202.64,15817658.0,320242513.459
2025-08-30 11:00:00,202.64,202.79,201.65,202.53,11328527.0,229213884.519
2025-08-30 12:00:00,202.53,202.61,199.18,200.51,24184619.0,485267055.426
2025-08-30 13:00:00,200.51,200.54,197.42,199.05,26915027.0,534472148.327
2025-08-30 14:00:00,199.05,200.42,198.13,199.85,19282234.0,384052699.216
2025-08-30 15:00:00,199.85,201.55,199.35,200.99,19919179.0,399089505.141
2025-08-30 16:00:00,200.99,200.99,199.64,200.27,17030276.0,341141045.064
2025-08-30 17:00:00,200.27,201.49,199.89,200.82,15966077.0,320511976.789
2025-08-30 18:00:00,200.82,201.51,200.4,200.96,13912848.0,279598678.452
2025-08-30 19:00:00,200.96,201.37,200.53,201.15,12586430.0,252954695.446
2025-08-30 20:00:00,201.15,201.23,199.65,200.57,13295179.0,266329794.894
2025-08-30 21:00:00,200.57,201.21,200.1,200.52,10011553.0,200795172.949
2025-08-30 22:00:00,200.52,201.38,199.97,201.34,12463427.0,250112909.084
2025-08-30 23:00:00,201.34,203.21,201.26,202.6,15526996.0,314297183.427
2025-08-31 00:00:00,202.6,205.85,202.58,205.33,24243383.0,494676770.431
2025-08-31 01:00:00,205.33,206.56,204.1,206.29,19203262.0,394315462.008
2025-08-31 02:00:00,206.29,206.58,204.82,204.97,10120814.0,208045838.482
2025-08-31 03:00:00,204.97,205.59,204.74,205.47,8134692.0,166873388.991
2025-08-31 04:00:00,205.47,205.54,203.4,204.33,12523633.0,255997999.888
2025-08-31 05:00:00,204.33,204.85,203.82,204.55,8446901.0,172569229.134
2025-08-31 06:00:00,204.55,204.79,202.67,202.87,9985806.0,203369687.762
2025-08-31 07:00:00,202.87,203.83,202.85,203.44,8861736.0,180313357.408
2025-08-31 08:00:00,203.44,205.79,203.41,205.69,12791405.0,261636208.84
2025-08-31 09:00:00,205.69,205.72,203.8,203.93,14521163.0,297452301.231
2025-08-31 10:00:00,203.93,204.44,202.66,203.45,11272909.0,229399479.238
2025-08-31 11:00:00,203.45,203.76,202.13,203.56,10669685.0,216717892.983
2025-08-31 12:00:00,203.56,203.72,202.33,203.31,9703923.0,196942632.398
2025-08-31 13:00:00,203.31,203.73,201.61,202.01,12194981.0,246945425.252
2025-08-31 14:00:00,202.01,203.86,201.42,203.66,12916015.0,261691523.311
2025-08-31 15:00:00,203.66,204.8,203.49,204.48,12913894.0,263652745.561
2025-08-31 16:00:00,204.48,205.22,203.59,205.02,11414555.0,233208460.35
2025-08-31 17:00:00,205.02,205.5,204.41,204.84,7421754.0,152138253.854
2025-08-31 18:00:00,204.84,205.6,204.56,205.56,6062430.0,124352966.011
2025-08-31 19:00:00,205.56,205.92,204.33,204.52,8381815.0,171869931.684
2025-08-31 20:00:00,204.52,205.13,204.24,204.75,4330818.0,88653311.573
2025-08-31 21:00:00,204.75,205.38,204.18,205.29,3692131.0,75620413.268
2025-08-31 22:00:00,205.29,205.72,203.32,203.65,9560621.0,195404584.902
2025-08-31 23:00:00,203.65,203.82,200.2,200.56,20606563.0,415819758.388
2025-09-01 00:00:00,200.56,201.3,198.42,200.33,26179005.0,523131307.14
2025-09-01 01:00:00,200.33,202.43,199.79,200.86,15655626.0,314950505.588
2025-09-01 02:00:00,200.86,201.17,195.92,197.44,26444843.0,525010437.376
2025-09-01 03:00:00,197.44,198.65,196.82,198.28,14041144.0,277717378.268
2025-09-01 04:00:00,198.28,198.39,196.73,197.44,12528659.0,247469936.948
2025-09-01 05:00:00,197.44,198.87,196.55,198.31,10893993.0,215581220.465
2025-09-01 06:00:00,198.31,199.37,197.43,198.69,10762754.0,213653564.988
2025-09-01 07:00:00,198.69,202.84,197.74,202.83,24009704.0,480902764.645
2025-09-01 08:00:00,202.83,204.45,202.33,202.99,22509334.0,457658727.474
2025-09-01 09:00:00,202.99,203.67,200.91,200.95,14073330.0,284710320.781
2025-09-01 10:00:00,200.95,201.5,198.25,199.39,17521232.0,349950913.002
2025-09-01 11:00:00,199.39,199.56,198.57,199.3,9233353.0,183857299.487
2025-09-01 12:00:00,199.3,200.39,198.68,199.49,9670973.0,193119777.838
2025-09-01 13:00:00,199.49,201.02,198.82,199.6,13322824.0,266403426.237
2025-09-01 14:00:00,199.6,200.65,198.98,200.16,9060544.0,181105727.82
2025-09-01 15:00:00,200.16,200.82,197.57,198.28,13293426.0,264426988.998
2025-09-01 16:00:00,198.28,198.89,197.33,198.46,10906194.0,216160441.24
2025-09-01 17:00:00,198.46,199.04,197.21,198.47,12180772.0,241226305.118
2025-09-01 18:00:00,198.47,199.44,198.32,199.14,7239489.0,143985588.841
2025-09-01 19:00:00,199.14,200.1,199.04,200.08,5440218.0,108582308.315
2025-09-01 20:00:00,200.08,200.08,196.03,197.66,15645728.0,309525402.625
2025-09-01 21:00:00,197.66,197.69,194.32,194.98,19980444.0,391271159.925
2025-09-01 22:00:00,194.98,195.88,194.07,195.69,14405062.0,280652558.867
2025-09-01 23:00:00,195.69,197.36,195.39,197.21,11687994.0,229426537.391
2025-09-02 00:00:00,197.21,197.92,196.68,197.65,8514360.0,167993561.044
2025-09-02 01:00:00,197.65,199.93,197.13,199.16,16077323.0,319328692.25
2025-09-02 02:00:00,199.16,202.31,198.76,202.17,15616656.0,312859323.967
2025-09-02 03:00:00,202.17,203.29,201.51,201.79,18227578.0,368732310.025
2025-09-02 04:00:00,201.79,203.07,201.37,202.9,9839917.0,198964270.689
2025-09-02 05:00:00,202.9,203.44,201.84,203.17,9214127.0,186809909.238
2025-09-02 06:00:00,203.17,204.38,203.05,204.01,12644689.0,257732163.899
2025-09-02 07:00:00,204.01,204.1,201.77,202.05,16106379.0,326726182.295
2025-09-02 08:00:00,202.05,203.82,201.96,203.02,13741640.0,279029397.507
2025-09-02 09:00:00,203.02,204.28,202.71,204.26,10399651.0,211783275.108
2025-09-02 10:00:00,204.26,204.35,203.3,203.61,7434401.0,151462542.549
2025-09-02 11:00:00,203.61,203.68,201.6,201.92,13361782.0,270679384.594
2025-09-02 12:00:00,201.92,202.15,197.29,197.9,30326345.0,604752800.109
2025-09-02 13:00:00,197.9,204.22,197.72,203.96,42904133.0,862587785.701
2025-09-02 14:00:00,203.96,205.0,202.61,204.3,33926757.0,691691801.928
2025-09-02 15:00:00,204.3,204.52,199.66,200.19,26660199.0,538478992.033
2025-09-02 16:00:00,200.19,201.88,199.39,201.4,19243402.0,386297086.467
2025-09-02 17:00:00,201.4,205.31,201.4,204.74,22720819.0,462845544.188
2025-09-02 18:00:00,204.74,206.48,203.28,205.58,22407055.0,458411699.127
2025-09-02 19:00:00,205.58,206.97,204.31,205.47,19284629.0,396424167.107
2025-09-02 20:00:00,205.47,208.18,204.82,206.66,17170782.0,355463545.448
2025-09-02 21:00:00,206.66,208.01,206.57,207.17,8416726.0,174504656.154
2025-09-02 22:00:00,207.17,208.81,206.52,208.59,11977521.0,248691955.803
2025-09-02 23:00:00,208.59,209.59,207.87,209.53,13867741.0,289594065.483
2025-09-03 00:00:00,209.53,210.36,207.83,208.3,17857166.0,373384930.965
2025-09-03 01:00:00,208.3,211.75,207.29,211.43,17371015.0,362927755.489
2025-09-03 02:00:00,211.43,211.92,210.23,211.18,20289239.0,428344021.789
2025-09-03 03:00:00,211.18,211.75,209.23,209.93,13730705.0,288798766.208
2025-09-03 04:00:00,209.93,210.37,209.12,210.17,6999794.0,146800738.63
2025-09-03 05:00:00,210.17,210.37,208.8,208.93,8571474.0,179434493.987
2025-09-03 06:00:00,208.93,209.33,207.88,208.37,10752277.0,224198583.377
2025-09-03 07:00:00,208.37,209.31,207.93,209.25,8684555.0,181169867.73
2025-09-03 08:00:00,209.25,210.69,208.79,209.28,11597069.0,243198016.801
2025-09-03 09:00:00,209.28,209.57,208.03,209.49,12651127.0,264011115.566
2025-09-03 10:00:00,209.49,210.29,208.81,209.8,9386901.0,196937231.469
2025-09-03 11:00:00,209.8,211.27,209.54,210.25,11604674.0,244252930.227
2025-09-03 12:00:00,210.25,211.3,208.68,209.03,16068197.0,337370162.038
2025-09-03 13:00:00,209.03,212.91,208.98,211.51,27054321.0,571335965.731
2025-09-03 14:00:00,211.51,212.57,210.24,211.96,22509711.0,476030380.918
2025-09-03 15:00:00,211.96,212.58,210.79,211.23,12613418.0,267056118.448
2025-09-03 16:00:00,211.23,211.88,209.37,209.85,11705668.0,246302770.989
2025-09-03 17:00:00,209.85,211.48,209.83,210.72,9099721.0,191722226.165
2025-09-03 18:00:00,210.72,211.1,208.72,209.54,9376377.0,196694139.741
2025-09-03 19:00:00,209.54,210.4,209.18,210.31,6948281.0,145736387.667
2025-09-03 20:00:00,210.31,210.38,209.1,209.34,5316392.0,111438409.2
2025-09-03 21:00:00,209.34,209.41,208.29,208.8,5445378.0,113706657.568
2025-09-03 22:00:00,208.8,209.78,208.41,209.77,5890197.0,123132027.699
2025-09-03 23:00:00,209.77,210.86,209.53,210.64,8022014.0,168619832.079
2025-09-04 00:00:00,210.64,211.84,210.35,211.13,9305620.0,196553907.577
2025-09-04 01:00:00,211.13,211.14,209.64,210.29,8716143.0,183319126.908
2025-09-04 02:00:00,210.29,210.48,207.37,208.18,14147874.0,295041121.817
2025-09-04 03:00:00,208.18,208.58,207.47,208.09,5920638.0,123137319.486
2025-09-04 04:00:00,208.09,208.45,206.85,207.07,2605316.0,54093237.685
2025-09-04 05:00:00,207.07,207.08,205.58,206.71,3971867.0,81935027.463
2025-09-04 06:00:00,206.71,207.13,206.21,206.22,4082974.0,84413740.758
2025-09-04 07:00:00,206.22,207.37,206.15,206.55,2880129.0,59549151.62
2025-09-04 08:00:00,206.55,208.08,206.47,206.95,3069025.0,63642145.293
2025-09-04 09:00:00,206.95,208.04,206.95,207.97,2312880.0,48021927.684
2025-09-04 10:00:00,207.97,208.69,207.43,207.43,3150310.0,65571017.009
2025-09-04 11:00:00,207.43,208.34,206.89,207.12,3545750.0,73607869.986
2025-09-04 12:00:00,207.12,208.41,206.9,208.29,4452836.0,92450648.34
2025-09-04 13:00:00,208.29,208.37,206.23,207.0,4395519.0,91172695.057
2025-09-04 14:00:00,207.0,207.64,204.58,205.29,8153523.0,167890879.715
2025-09-04 15:00:00,205.29,205.31,203.29,203.66,8350832.0,170429089.902
2025-09-04 16:00:00,203.66,204.79,203.43,204.52,4544703.0,92719938.149
2025-09-04 17:00:00,204.52,205.08,203.79,203.79,3714587.0,75990365.466
2025-09-04 18:00:00,203.79,204.59,202.13,202.96,7123662.0,144817693.464
2025-09-04 19:00:00,202.96,203.57,201.7,202.07,4568407.0,92548964.921
2025-09-04 20:00:00,202.07,203.66,201.8,202.53,3318380.0,67308315.075
2025-09-04 21:00:00,202.53,203.88,202.36,203.7,2547628.0,51745857.639
2025-09-04 22:00:00,203.7,204.71,202.66,204.08,2732512.0,55610884.314
2025-09-04 23:00:00,204.08,204.74,202.09,202.21,3448136.0,70157636.221
2025-09-05 00:00:00,202.21,202.84,200.87,201.09,4455160.0,89993504.695
2025-09-05 01:00:00,201.09,203.67,200.85,203.36,2373625.0,48058258.247
2025-09-05 02:00:00,203.36,203.98,202.57,203.93,2063104.0,41963079.668
2025-09-05 03:00:00,203.93,203.94,202.41,203.44,2843266.0,57744681.589
2025-09-05 04:00:00,203.44,204.32,202.91,204.02,1188448.0,24189568.306
2025-09-05 05:00:00,204.02,204.79,203.82,204.57,1935394.0,39527947.633
2025-09-05 06:00:00,204.57,204.74,203.79,204.74,1697276.0,34659600.878
2025-09-05 07:00:00,204.74,208.36,204.63,207.74,6484608.0,134120831.893
2025-09-05 08:00:00,207.74,207.85,206.4,206.47,3380506.0,69991444.066
2025-09-05 09:00:00,206.47,206.85,204.43,205.76,6230180.0,128097154.878
2025-09-05 10:00:00,205.76,206.53,205.6,205.91,3300860.0,68000230.67
2025-09-05 11:00:00,205.91,206.93,205.87,206.56,2463021.0,50870807.626
2025-09-05 12:00:00,206.56,209.68,204.92,208.94,11460314.0,237922433.873
2025-09-05 13:00:00,208.94,209.94,208.28,209.59,6203809.0,129739008.032
2025-09-05 14:00:00,209.59,209.6,201.55,202.12,15791434.0,323595439.84
2025-09-05 15:00:00,202.12,204.34,201.5,203.45,6965244.0,141544519.189
2025-09-05 16:00:00,203.45,203.99,202.4,203.67,3200899.0,65016759.38
2025-09-05 17:00:00,203.67,203.7,202.1,202.33,2857139.0,57937658.242
2025-09-05 18:00:00,202.33,204.61,201.82,204.24,4637942.0,94158206.34
2025-09-05 19:00:00,204.24,205.48,203.8,205.34,4202881.0,86085160.632
2025-09-05 20:00:00,205.34,205.64,204.33,205.48,2867167.0,58784188.029
2025-09-05 21:00:00,205.48,205.61,202.88,203.02,4578688.0,93359044.806
2025-09-05 22:00:00,203.02,204.3,202.6,204.05,2784473.0,56651935.213
2025-09-05 23:00:00,204.05,204.42,203.21,203.29,1282677.0,26138951.831
2025-09-06 00:00:00,203.29,204.2,203.1,203.8,1118168.0,22778585.633
2025-09-06 01:00:00,203.8,204.59,203.41,204.33,1261020.0,25732823.743
2025-09-06 02:00:00,204.33,204.59,203.05,204.2,1540912.0,31401797.184
2025-09-06 03:00:00,204.2,204.5,203.77,203.99,988804.0,20180518.976
2025-09-06 04:00:00,203.99,203.99,203.1,203.13,1153937.0,23474439.861
2025-09-06 05:00:00,203.13,203.25,202.04,202.17,1915203.0,38822540.409
2025-09-06 06:00:00,202.17,202.59,202.04,202.38,826628.0,16728359.352
2025-09-06 07:00:00,202.38,203.17,202.31,202.92,1047194.0,21241426.846
2025-09-06 08:00:00,202.92,203.47,202.54,203.38,1572806.0,31935196.594
2025-09-06 09:00:00,203.38,203.39,202.56,202.59,1768499.0,35895291.007
2025-09-06 10:00:00,202.59,203.04,202.32,202.79,1266559.0,25669930.687
2025-09-06 11:00:00,202.79,202.83,201.83,202.3,1951966.0,39481182.411
2025-09-06 12:00:00,202.3,202.79,202.12,202.18,1937674.0,39219451.299
2025-09-06 13:00:00,202.18,202.41,201.3,202.2,2948417.0,59504314.76
2025-09-06 14:00:00,202.2,202.56,201.76,201.95,2155053.0,43561715.699
2025-09-06 15:00:00,201.95,202.19,200.83,201.16,3538827.0,71336015.418
2025-09-06 16:00:00,201.16,202.28,200.65,201.52,3310171.0,66656217.106
2025-09-06 17:00:00,201.52,201.7,199.53,200.05,4765814.0,95564549.541
2025-09-06 18:00:00,200.05,200.69,199.18,199.93,2789333.0,55784540.754
2025-09-06 19:00:00,199.93,200.18,199.26,199.62,1601719.0,31992162.41
2025-09-06 20:00:00,199.62,200.72,199.62,200.72,2254816.0,45139364.456
2025-09-06 21:00:00,200.72,201.13,200.25,200.69,1454271.0,29183551.607
2025-09-06 22:00:00,200.69,200.95,199.91,200.28,1789233.0,35847132.244
2025-09-06 23:00:00,200.28,200.94,199.82,200.06,1683958.0,33731335.354
2025-09-07 00:00:00,200.06,201.28,199.99,201.06,2104013.0,42236404.182
2025-09-07 01:00:00,201.06,203.11,200.99,202.61,3213277.0,64985124.151
2025-09-07 02:00:00,202.61,202.86,201.91,202.72,2969188.0,60058673.689
2025-09-07 03:00:00,202.72,203.22,202.46,202.75,1919782.0,38942197.943
2025-09-07 04:00:00,202.75,203.0,202.24,202.99,1787367.0,36205890.19
2025-09-07 05:00:00,202.99,203.17,202.62,202.74,1070685.0,21725427.624
2025-09-07 06:00:00,202.74,202.89,202.14,202.19,880028.0,17819541.556
2025-09-07 07:00:00,202.19,203.23,202.14,202.9,2198069.0,44559093.882
2025-09-07 08:00:00,202.9,203.85,202.88,203.41,2262977.0,46029599.495
2025-09-07 09:00:00,203.41,203.85,202.67,203.07,1907377.0,38758785.213
2025-09-07 10:00:00,203.07,203.26,202.77,203.26,982603.0,19952671.739
2025-09-07 11:00:00,203.26,203.9,203.0,203.86,1463921.0,29785561.006
2025-09-07 12:00:00,203.86,203.92,203.26,203.67,1396254.0,28422195.81
2025-09-07 13:00:00,203.67,203.69,202.99,203.36,2513173.0,51085893.97
2025-09-07 14:00:00,203.36,203.89,203.05,203.57,2389764.0,48652680.541
2025-09-07 15:00:00,203.57,205.45,203.35,205.09,4203163.0,85919650.368
2025-09-07 16:00:00,205.09,205.39,203.35,203.38,3611199.0,73725246.537
2025-09-07 17:00:00,203.38,203.62,201.62,201.9,5246904.0,106237291.884
2025-09-07 18:00:00,201.9,202.2,201.37,202.06,2259294.0,45599939.91
2025-09-07 19:00:00,202.06,202.99,201.78,202.97,2814450.0,56952378.028
2025-09-07 20:00:00,202.97,204.87,202.5,204.83,3173226.0,64511008.69
2025-09-07 21:00:00,204.83,205.08,204.31,204.6,2798181.0,57283067.408
2025-09-07 22:00:00,204.6,207.39,204.25,207.06,4656465.0,95857743.211
2025-09-07 23:00:00,207.06,207.9,206.18,206.3,3958644.0,82041897.516
2025-09-08 00:00:00,206.3,207.05,205.58,205.61,4009127.0,82626133.726
2025-09-08 01:00:00,205.61,207.3,205.54,206.85,2303000.0,47550243.588
2025-09-08 02:00:00,206.85,207.89,206.06,207.74,3462445.0,71731793.702
2025-09-08 03:00:00,207.74,208.95,207.4,207.58,3876080.0,80642070.184
2025-09-08 04:00:00,207.58,208.57,206.89,207.73,2793052.0,58026976.168
2025-09-08 05:00:00,207.73,207.85,206.64,207.25,1968450.0,40783884.873
2025-09-08 06:00:00,207.25,207.62,206.54,207.02,2048721.0,42438892.683
2025-09-08 07:00:00,207.02,208.79,206.93,207.85,3295649.0,68542135.094
2025-09-08 08:00:00,207.85,209.39,207.3,208.84,3553724.0,74092466.063
2025-09-08 09:00:00,208.84,210.89,208.58,210.83,5429489.0,113923866.659
2025-09-08 10:00:00,210.83,215.78,210.39,215.11,13788633.0,294107456.709
2025-09-08 11:00:00,215.11,215.25,212.95,214.19,5723612.0,122446673.858
2025-09-08 12:00:00,214.19,214.82,213.49,214.43,4527383.0,96976849.728
2025-09-08 13:00:00,214.43,216.29,212.93,213.25,7150171.0,153547609.455
2025-09-08 14:00:00,213.25,215.74,212.97,215.21,4472299.0,95943606.949
2025-09-08 15:00:00,215.21,216.62,214.68,214.98,6616369.0,142687306.619
2025-09-08 16:00:00,214.98,215.37,213.77,214.85,4033919.0,86499863.792
2025-09-08 17:00:00,214.85,216.87,213.89,215.35,6695540.0,144406268.106
2025-09-08 18:00:00,215.35,216.83,214.7,216.57,4607200.0,99457692.007
2025-09-08 19:00:00,216.57,216.97,214.65,216.03,6439554.0,138972152.158
2025-09-08 20:00:00,216.03,216.11,213.79,214.39,2991923.0,64244510.307
2025-09-08 21:00:00,214.39,215.76,214.16,214.98,3104706.0,66777201.356
2025-09-08 22:00:00,214.98,215.44,214.37,214.61,3308970.0,71137285.496
2025-09-08 23:00:00,214.61,215.16,213.45,214.02,1244122.0,26633177.476
2025-09-09 00:00:00,214.02,214.82,212.21,213.11,2842924.0,60625894.695
2025-09-09 01:00:00,213.11,213.91,212.11,213.14,2145879.0,45688959.21
2025-09-09 02:00:00,213.14,213.45,210.84,211.59,3745775.0,79399095.178
2025-09-09 03:00:00,211.59,214.72,211.35,214.52,3365518.0,71626203.54
2025-09-09 04:00:00,214.52,215.59,213.87,214.79,3160369.0,67885321.651
2025-09-09 05:00:00,214.79,215.37,213.92,215.12,2146115.0,46039675.348
2025-09-09 06:00:00,215.12,219.69,214.93,218.33,7733092.0,168726848.143
2025-09-09 07:00:00,218.33,219.74,218.3,219.17,3517063.0,77048292.125
2025-09-09 08:00:00,219.17,219.44,218.44,218.97,1886122.0,41291402.302
2025-09-09 09:00:00,218.97,219.26,218.45,218.9,1820429.0,39845589.957
2025-09-09 10:00:00,218.9,219.16,217.35,217.71,2807575.0,61265895.809
2025-09-09 11:00:00,217.71,217.99,216.95,217.18,3269659.0,71101441.656
2025-09-09 12:00:00,217.18,218.32,216.5,217.56,4319500.0,93962605.414
2025-09-09 13:00:00,217.56,218.38,216.21,217.93,4991507.0,108531238.292
2025-09-09 14:00:00,217.93,218.49,213.16,215.46,11541031.0,248921168.724
2025-09-09 15:00:00,215.46,215.71,211.68,212.96,7342464.0,156521999.339
2025-09-09 16:00:00,212.96,214.86,212.9,214.1,4496757.0,96167812.928
2025-09-09 17:00:00,214.1,215.6,213.98,214.85,3739802.0,80341088.705
2025-09-09 18:00:00,214.85,216.76,214.36,216.33,4984360.0,107579774.234
2025-09-09 19:00:00,216.33,216.92,215.74,216.25,2116267.0,45798516.872
2025-09-09 20:00:00,216.25,216.31,215.17,216.22,1726732.0,37258239.76
2025-09-09 21:00:00,216.22,216.51,215.02,215.07,1759662.0,37968023.559
2025-09-09 22:00:00,215.07,217.23,214.92,217.1,2132114.0,46112469.464
2025-09-09 23:00:00,217.1,217.7,216.5,217.1,2439827.0,52971975.556
2025-09-10 00:00:00,217.1,217.43,215.02,215.17,2346858.0,50713769.37
2025-09-10 01:00:00,215.17,216.47,215.07,216.22,1515739.0,32711765.14
2025-09-10 02:00:00,216.22,219.57,216.22,219.1,4885333.0,106683485.774
2025-09-10 03:00:00,219.1,219.45,217.96,219.09,3690709.0,80737905.392
2025-09-10 04:00:00,219.09,219.11,217.75,218.34,1851297.0,40424971.185
2025-09-10 05:00:00,218.34,219.18,217.8,218.59,2388711.0,52175476.752
2025-09-10 06:00:00,218.59,219.59,217.91,219.13,3738353.0,81870519.247
2025-09-10 07:00:00,219.13,222.87,219.04,222.14,9442383.0,209009838.608
2025-09-10 08:00:00,222.14,222.39,220.35,220.7,4234802.0,93729979.869
2025-09-10 09:00:00,220.7,221.23,219.84,220.39,3442490.0,75954281.19
2025-09-10 10:00:00,220.39,220.55,218.79,220.01,4534115.0,99663638.829
2025-09-10 11:00:00,220.01,220.37,218.82,220.15,3196460.0,70213010.711
2025-09-10 12:00:00,220.15,224.97,219.65,223.34,11557168.0,257176319.195
2025-09-10 13:00:00,223.34,225.9,222.49,224.05,13013207.0,291477432.883
2025-09-10 14:00:00,224.05,224.97,222.17,222.64,8576648.0,191622224.646
2025-09-10 15:00:00,222.64,223.97,222.58,222.98,3972068.0,88706365.898
2025-09-10 16:00:00,222.98,223.88,222.32,223.64,3537536.0,78863812.439
2025-09-10 17:00:00,223.64,224.06,221.39,222.58,4748885.0,105668860.019
2025-09-10 18:00:00,222.58,223.03,221.15,222.74,3494252.0,77615954.019
2025-09-10 19:00:00,222.74,222.79,220.46,221.11,4073747.0,90210045.307
2025-09-10 20:00:00,221.11,222.54,220.86,222.4,2450314.0,54350466.213
2025-09-10 21:00:00,222.4,223.64,222.28,223.35,2680610.0,59783939.012
2025-09-10 22:00:00,223.35,224.56,223.07,224.39,2305417.0,51569408.851
2025-09-10 23:00:00,224.39,224.5,223.53,223.93,2056972.0,46092071.522
2025-09-11 00:00:00,223.93,225.33,223.71,224.86,2936842.0,65987415.746
2025-09-11 01:00:00,224.86,225.47,224.33,224.7,2210544.0,49735646.408
2025-09-11 02:00:00,224.7,224.92,222.86,222.88,2224426.0,49763815.456
2025-09-11 03:00:00,222.88,224.46,222.88,224.04,1788423.0,40044482.68
2025-09-11 04:00:00,224.04,224.17,222.45,223.4,2251514.0,50247806.185
2025-09-11 05:00:00,223.4,223.85,221.59,222.15,4010990.0,89208364.886
2025-09-11 06:00:00,222.15,223.48,221.81,223.21,2892032.0,64415645.335
2025-09-11 07:00:00,223.21,223.41,221.81,223.09,3782918.0,84218690.879
2025-09-11 08:00:00,223.09,223.42,222.18,223.41,2292343.0,51079092.317
2025-09-11 09:00:00,223.41,225.18,223.35,224.35,3572174.0,80129614.353
2025-09-11 10:00:00,224.35,225.75,224.25,225.63,5463069.0,122963935.744
2025-09-11 11:00:00,225.63,225.64,224.42,224.93,3776204.0,84958016.84
2025-09-11 12:00:00,224.93,228.77,222.72,226.64,26391536.0,597936535.076
2025-09-11 13:00:00,226.64,228.89,224.14,228.09,12833439.0,291191311.571
2025-09-11 14:00:00,228.09,228.19,225.56,226.96,6750632.0,153025608.221
2025-09-11 15:00:00,226.96,227.14,225.23,226.7,5417459.0,122537204.727
2025-09-11 16:00:00,226.7,228.28,225.13,225.76,4710757.0,106823242.665
2025-09-11 17:00:00,225.76,227.62,225.54,227.36,4425805.0,100423885.651
2025-09-11 18:00:00,227.36,227.63,225.81,226.16,3857296.0,87397611.362
2025-09-11 19:00:00,226.16,226.73,225.7,226.5,2010063.0,45476693.918
2025-09-11 20:00:00,226.5,226.56,225.34,225.41,1874207.0,42312433.295
2025-09-11 21:00:00,225.41,226.92,225.4,226.6,1559768.0,35298137.348
2025-09-11 22:00:00,226.6,228.49,226.26,227.94,4322203.0,98446000.18
2025-09-11 23:00:00,227.94,228.87,227.82,228.62,3022671.0,69039125.281
2025-09-12 00:00:00,228.62,234.97,228.0,232.89,9690204.0,224299331.025
2025-09-12 01:00:00,232.89,233.85,231.44,232.13,4463343.0,103753807.277
2025-09-12 02:00:00,232.13,233.73,232.06,232.61,4754076.0,110705882.561
2025-09-12 03:00:00,232.61,235.7,232.08,234.95,5353455.0,125325077.968
2025-09-12 04:00:00,234.95,238.09,234.08,237.3,6697036.0,158380174.786
2025-09-12 05:00:00,237.3,239.7,236.91,238.5,7932839.0,189216467.99
2025-09-12 06:00:00,238.5,238.5,237.12,238.02,3171706.0,75415379.705
2025-09-12 07:00:00,238.02,238.81,236.92,237.24,3301321.0,78478292.425
2025-09-12 08:00:00,237.24,238.25,236.58,237.61,2883034.0,68438811.156
2025-09-12 09:00:00,237.61,238.48,237.31,238.37,2448621.0,58269826.275
2025-09-12 10:00:00,238.37,239.18,237.41,238.91,3690364.0,87943050.992
2025-09-12 11:00:00,238.91,239.41,238.4,239.03,5120007.0,122319579.943
2025-09-12 12:00:00,239.03,240.39,237.46,239.22,7483823.0,178631123.285
2025-09-12 13:00:00,239.22,239.97,237.92,239.45,8067080.0,192819298.008
2025-09-12 14:00:00,239.45,241.78,238.86,240.13,10973896.0,263761898.364
2025-09-12 15:00:00,240.13,240.21,238.35,239.21,4581005.0,109489269.081
2025-09-12 16:00:00,239.21,239.28,237.85,238.71,4281329.0,102099835.083
2025-09-12 17:00:00,238.71,241.2,238.15,240.15,5341750.0,128110912.378
2025-09-12 18:00:00,240.15,241.4,239.74,240.61,4035380.0,97101975.657
2025-09-12 19:00:00,240.61,241.14,239.46,240.88,3039716.0,73008466.908
2025-09-12 20:00:00,240.88,241.13,238.84,239.57,4415018.0,105928851.293
2025-09-12 21:00:00,239.57,240.2,238.2,239.99,3274295.0,78411663.879
2025-09-12 22:00:00,239.99,244.04,239.98,241.0,7097445.0,171876910.112
2025-09-12 23:00:00,241.0,242.62,239.79,242.05,3062226.0,73870393.782
2025-09-13 00:00:00,242.05,243.68,241.52,243.03,2479210.0,60213318.975
2025-09-13 01:00:00,243.03,244.0,241.45,241.47,2806064.0,68157008.107
2025-09-13 02:00:00,241.47,242.75,240.61,242.39,1764333.0,42653759.182
2025-09-13 03:00:00,242.39,243.92,241.7,243.51,2181238.0,52951915.909
2025-09-13 04:00:00,243.51,243.61,242.38,242.9,2278588.0,55389962.432
2025-09-13 05:00:00,242.9,243.27,241.15,241.58,2098001.0,50780992.714
2025-09-13 06:00:00,241.58,242.72,241.57,242.57,1365991.0,33075170.949
2025-09-13 07:00:00,242.57,243.1,242.23,242.34,1317203.0,31967043.399
2025-09-13 08:00:00,242.34,243.4,241.89,243.39,1573507.0,38177640.142
2025-09-13 09:00:00,243.39,243.66,242.61,243.34,2290225.0,55675970.792
2025-09-13 10:00:00,243.34,243.34,242.08,242.51,2273969.0,55176029.323
2025-09-13 11:00:00,242.51,242.53,241.14,241.8,2909016.0,70342224.876
2025-09-13 12:00:00,241.8,242.45,241.25,242.34,2668644.0,64562916.662
2025-09-13 13:00:00,242.34,243.02,237.67,239.94,8413636.0,202452014.611
2025-09-13 14:00:00,239.94,240.99,238.49,240.31,5487803.0,131625878.391
2025-09-13 15:00:00,240.31,240.76,238.36,239.39,5948814.0,142629829.946
2025-09-13 16:00:00,239.39,239.62,237.2,237.46,6325261.0,150804921.93
2025-09-13 17:00:00,237.46,238.31,235.8,237.66,5031837.0,119239971.875
2025-09-13 18:00:00,237.66,238.75,237.03,238.29,2153618.0,51263351.898
2025-09-13 19:00:00,238.29,239.19,237.95,238.83,1625235.0,38793282.844
2025-09-13 20:00:00,238.83,240.28,238.71,240.09,2486544.0,59613374.596
2025-09-13 21:00:00,240.09,241.34,239.73,239.97,2531132.0,60903303.153
2025-09-13 22:00:00,239.97,241.93,239.83,241.76,3072516.0,74070886.47
2025-09-13 23:00:00,241.76,243.06,241.54,242.16,4886258.0,118371744.909
2025-09-14 00:00:00,242.16,244.1,242.06,243.42,6422772.0,156054992.596
2025-09-14 01:00:00,243.42,246.51,242.68,245.69,7076696.0,172798173.845
2025-09-14 02:00:00,245.69,249.16,245.66,248.56,8175299.0,202239621.793
2025-09-14 03:00:00,248.56,249.55,246.69,246.81,5837388.0,144765471.876
2025-09-14 04:00:00,246.81,247.89,244.38,246.17,8199232.0,201988451.156
2025-09-14 05:00:00,246.17,247.96,245.95,247.58,3392920.0,83839231.766
2025-09-14 06:00:00,247.58,248.25,246.1,246.93,2750264.0,67966518.091
2025-09-14 07:00:00,246.93,247.15,245.6,246.26,3140660.0,77400695.804
2025-09-14 08:00:00,246.26,247.0,245.72,246.28,1872291.0,46128063.585
2025-09-14 09:00:00,246.28,247.66,246.01,247.64,2762619.0,68240652.863
2025-09-14 10:00:00,247.64,247.97,246.86,247.52,3651543.0,90367827.732
2025-09-14 11:00:00,247.52,247.82,245.44,245.99,4248456.0,104634069.059
2025-09-14 12:00:00,245.99,246.66,244.52,245.12,4620684.0,113554368.929
2025-09-14 13:00:00,245.12,245.75,243.18,243.65,6391594.0,156396534.589
2025-09-14 14:00:00,243.65,244.97,241.42,243.13,9347769.0,227029959.799
2025-09-14 15:00:00,243.13,244.19,241.78,243.73,3202392.0,77869128.268
2025-09-14 16:00:00,243.73,245.72,243.3,245.03,3140753.0,76883648.183
2025-09-14 17:00:00,245.03,248.36,244.4,247.8,4761900.0,117579669.767
2025-09-14 18:00:00,247.8,247.84,244.52,244.52,3868485.0,95346028.972
2025-09-14 19:00:00,244.52,245.16,242.0,242.41,4555448.0,111004776.56
2025-09-14 20:00:00,242.41,243.34,240.86,242.33,4048843.0,98012946.036
2025-09-14 21:00:00,242.33,244.58,240.37,244.04,4621016.0,112039934.158
2025-09-14 22:00:00,244.04,244.18,240.68,242.85,3897670.0,94323057.601
2025-09-14 23:00:00,242.85,242.85,239.1,239.62,4601789.0,110783591.473
2025-09-15 00:00:00,239.62,242.05,239.54,240.59,3231215.0,77830765.108
2025-09-15 01:00:00,240.59,241.69,238.99,241.02,3404008.0,81794996.228
2025-09-15 02:00:00,241.02,242.66,240.27,241.98,2694560.0,65135214.07
2025-09-15 03:00:00,241.98,243.3,241.89,242.5,2053855.0,49830830.504
2025-09-15 04:00:00,242.5,243.4,241.94,242.69,1879656.0,45642028.852
2025-09-15 05:00:00,242.69,243.88,242.46,243.86,2327655.0,56614269.401
2025-09-15 06:00:00,243.86,243.92,239.5,240.22,4340729.0,104918716.45
2025-09-15 07:00:00,240.22,241.18,236.1,237.86,6828152.0,162907929.482
2025-09-15 08:00:00,237.86,237.98,231.82,232.0,10770917.0,253479378.569
2025-09-15 09:00:00,232.0,235.51,231.49,235.47,5334018.0,124794902.367
2025-09-15 10:00:00,235.47,236.78,234.0,236.08,8541767.0,200722843.08
2025-09-15 11:00:00,236.08,236.91,235.09,236.33,3471099.0,81898862.26
2025-09-15 12:00:00,236.33,238.02,234.29,234.66,6447007.0,152251699.977
2025-09-15 13:00:00,234.66,236.97,234.05,235.06,5635523.0,132687806.966
2025-09-15 14:00:00,235.06,235.5,232.64,233.34,6423317.0,150457749.505
2025-09-15 15:00:00,233.34,234.29,231.83,232.91,6597411.0,153719687.9
2025-09-15 16:00:00,232.91,233.58,230.61,231.3,6082680.0,141236732.96
2025-09-15 17:00:00,231.3,233.3,230.03,233.21,5919301.0,137081835.739
2025-09-15 18:00:00,233.21,233.54,232.14,233.13,4693607.0,109251237.485
2025-09-15 19:00:00,233.13,234.58,231.88,232.93,5019399.0,117015036.839
2025-09-15 20:00:00,232.93,234.36,232.66,234.24,1809711.0,42268144.166
2025-09-15 21:00:00,234.24,235.3,233.59,235.08,2025547.0,47504491.264
2025-09-15 22:00:00,235.08,235.26,233.59,233.82,1618771.0,37941102.537
2025-09-15 23:00:00,233.82,234.38,232.9,234.19,2009902.0,46968766.922
2025-09-16 00:00:00,234.19,234.59,232.75,233.73,2002538.0,46777846.235
2025-09-16 01:00:00,233.73,235.64,233.71,233.84,3339978.0,78445657.934
2025-09-16 02:00:00,233.84,234.96,233.71,233.77,1354564.0,31741165.339
2025-09-16 03:00:00,233.77,235.73,233.74,235.0,1550182.0,36429375.207
2025-09-16 04:00:00,235.0,235.18,232.85,234.41,2581103.0,60401855.553
2025-09-16 05:00:00,234.41,236.48,234.29,236.44,3937992.0,92728928.721
2025-09-16 06:00:00,236.44,236.91,234.61,235.7,3475943.0,81972882.319
2025-09-16 07:00:00,235.7,236.29,235.23,235.64,1953990.0,46078267.104
2025-09-16 08:00:00,235.64,236.82,235.01,235.98,3138091.0,74015653.354
2025-09-16 09:00:00,235.98,236.24,234.72,235.17,1946501.0,45823750.794
2025-09-16 10:00:00,235.17,235.88,234.64,235.13,2193284.0,51612060.879
2025-09-16 11:00:00,235.13,235.84,234.68,235.29,1903990.0,44812469.006
2025-09-16 12:00:00,235.29,235.8,234.32,235.16,3354086.0,78881458.777
2025-09-16 13:00:00,235.16,235.53,231.37,232.98,6951258.0,162101046.394
2025-09-16 14:00:00,232.98,234.27,231.19,234.04,4826083.0,112245433.79
2025-09-16 15:00:00,234.04,237.96,232.99,237.66,4899808.0,115448868.827
2025-09-16 16:00:00,237.66,239.18,236.1,238.09,8849888.0,210404344.891
2025-09-16 17:00:00,238.09,240.84,237.66,238.03,7794668.0,186287972.868
2025-09-16 18:00:00,238.03,238.96,236.73,237.49,3267933.0,77763665.301
2025-09-16 19:00:00,237.49,238.22,236.97,237.65,2242362.0,53280465.669
2025-09-16 20:00:00,237.65,238.26,237.17,238.15,1615881.0,38416830.579
2025-09-16 21:00:00,238.15,238.65,237.05,238.4,2292072.0,54500356.582
2025-09-16 22:00:00,238.4,238.84,237.25,237.8,1839465.0,43792842.586
2025-09-16 23:00:00,237.8,238.1,236.39,236.86,1952314.0,46311637.599
2025-09-17 00:00:00,236.86,236.95,235.51,236.11,3288511.0,77691927.14
2025-09-17 01:00:00,236.11,236.87,235.79,236.25,1566054.0,37009552.894
2025-09-17 02:00:00,236.25,237.75,235.74,236.23,1607941.0,38063799.555
2025-09-17 03:00:00,236.23,236.42,233.74,233.98,2936027.0,69033464.483
2025-09-17 04:00:00,233.98,234.63,233.33,233.68,1787916.0,41839157.647
2025-09-17 05:00:00,233.68,235.29,233.07,234.93,3213045.0,75205893.042
2025-09-17 06:00:00,234.93,236.56,234.61,235.97,1991935.0,46908914.242
2025-09-17 07:00:00,235.97,238.0,235.62,237.63,2816720.0,66813844.518
2025-09-17 08:00:00,237.63,237.64,235.0,235.75,4635213.0,109379572.614
2025-09-17 09:00:00,235.75,236.23,235.08,235.1,1679601.0,39570680.499
2025-09-17 10:00:00,235.1,236.32,233.58,234.07,2785214.0,65381973.778
2025-09-17 11:00:00,234.07,234.61,233.8,234.06,1277704.0,29921379.784
2025-09-17 12:00:00,234.06,235.21,233.84,234.66,1972136.0,46245695.397
2025-09-17 13:00:00,234.66,235.89,234.06,235.34,5114574.0,120231603.307
2025-09-17 14:00:00,235.34,235.82,233.44,233.86,3865345.0,90699501.866
2025-09-17 15:00:00,233.86,235.07,233.55,233.79,2345843.0,54939155.581
2025-09-17 16:00:00,233.79,234.65,232.15,233.97,5381361.0,125537919.447
2025-09-17 17:00:00,233.97,236.93,232.72,232.73,6152569.0,144328718.289
2025-09-17 18:00:00,232.73,238.34,232.0,233.53,15458280.0,363575877.731
2025-09-17 19:00:00,233.53,238.99,233.4,238.62,7292481.0,172761005.777
2025-09-17 20:00:00,238.62,241.12,237.48,237.95,7447505.0,178479276.774
2025-09-17 21:00:00,237.95,240.59,235.87,240.15,5048023.0,120347097.707
2025-09-17 22:00:00,240.15,245.6,240.15,244.78,6991496.0,170337615.065
2025-09-17 23:00:00,244.78,246.52,243.74,244.74,3677827.0,90105816.109
2025-09-18 00:00:00,244.74,245.97,244.01,244.71,2200427.0,53910052.44
2025-09-18 01:00:00,244.71,247.4,244.41,246.2,3203115.0,78776441.067
2025-09-18 02:00:00,246.2,246.5,245.02,246.32,1556589.0,38235750.517
2025-09-18 03:00:00,246.32,247.76,246.04,246.62,2024209.0,49973459.798
2025-09-18 04:00:00,246.62,246.88,245.49,246.15,1358525.0,33431042.61
2025-09-18 05:00:00,246.15,246.26,244.23,244.82,1537458.0,37666779.16
2025-09-18 06:00:00,244.82,244.98,242.51,244.19,2525169.0,61521572.312
2025-09-18 07:00:00,244.19,245.18,244.19,244.64,1530621.0,37451396.508
2025-09-18 08:00:00,244.64,247.14,244.26,246.91,2640765.0,64940353.95
2025-09-18 09:00:00,246.91,247.06,246.01,247.02,1567165.0,38631631.521
2025-09-18 10:00:00,247.02,247.04,245.19,245.91,1907484.0,46928441.987
2025-09-18 11:00:00,245.91,246.91,245.49,245.84,1577955.0,38874865.124
2025-09-18 12:00:00,245.84,246.77,245.69,245.87,2133875.0,52542467.127
2025-09-18 13:00:00,245.87,248.31,244.85,246.04,7298498.0,179840229.421
2025-09-18 14:00:00,246.04,248.07,245.98,247.59,5010931.0,123817858.004
2025-09-18 15:00:00,247.59,248.9,247.16,248.12,5337298.0,132456887.566
2025-09-18 16:00:00,248.12,250.17,247.49,249.76,6489104.0,161691368.131
2025-09-18 17:00:00,249.76,253.49,249.19,251.3,9886791.0,248713174.586
2025-09-18 18:00:00,251.3,251.35,249.75,250.34,3447874.0,86361768.333
2025-09-18 19:00:00,250.34,250.4,247.26,248.21,5236603.0,130063899.583
2025-09-18 20:00:00,248.21,249.08,247.79,248.22,3040024.0,75485584.348
2025-09-18 21:00:00,248.22,248.6,247.34,247.53,2231959.0,55341151.302
2025-09-18 22:00:00,247.53,248.08,246.76,246.99,2812028.0,69560815.067
2025-09-18 23:00:00,246.99,247.61,245.78,247.33,2542846.0,62692239.201
2025-09-19 00:00:00,247.33,248.23,247.03,248.05,1272380.0,31528018.961
2025-09-19 01:00:00,248.05,248.42,246.72,247.36,1775054.0,43906050.893
2025-09-19 02:00:00,247.36,247.93,246.29,246.59,1419067.0,35039075.64
2025-09-19 03:00:00,246.59,247.66,244.59,244.94,2856634.0,70245242.796
2025-09-19 04:00:00,244.94,245.27,242.8,244.92,4201128.0,102568533.523
2025-09-19 05:00:00,244.92,245.61,244.16,245.54,1201440.0,29432854.015
2025-09-19 06:00:00,245.54,245.54,243.4,243.56,1627254.0,39802123.694
2025-09-19 07:00:00,243.56,244.76,243.03,243.71,1736039.0,42348179.325
2025-09-19 08:00:00,243.71,244.77,243.34,243.69,1514990.0,36956981.093
2025-09-19 09:00:00,243.69,244.22,242.05,242.75,2457084.0,59719585.493
2025-09-19 10:00:00,242.75,242.9,241.64,242.21,2340412.0,56676012.271
2025-09-19 11:00:00,242.21,242.31,240.12,240.85,3815000.0,91897524.248
2025-09-19 12:00:00,240.85,242.01,240.33,240.74,2644668.0,63764187.253
2025-09-19 13:00:00,240.74,242.16,240.53,241.96,2773368.0,66916224.931
2025-09-19 14:00:00,241.96,242.59,239.42,239.5,4350492.0,104872279.864
2025-09-19 15:00:00,239.5,239.5,235.69,237.38,8867032.0,210433519.865
2025-09-19 16:00:00,237.38,238.73,237.06,238.49,3675849.0,87564804.656
2025-09-19 17:00:00,238.49,238.57,236.35,236.53,3458731.0,82088862.022
2025-09-19 18:00:00,236.53,236.96,234.94,236.86,3452969.0,81524860.74
2025-09-19 19:00:00,236.86,237.79,235.72,235.78,1978278.0,46901385.45
2025-09-19 20:00:00,235.78,237.68,235.78,236.9,1610493.0,38139638.952
2025-09-19 21:00:00,236.9,238.29,236.33,238.26,1383678.0,32878612.199
2025-09-19 22:00:00,238.26,238.72,238.18,238.39,1335553.0,31850598.951
2025-09-19 23:00:00,238.39,238.41,236.63,238.39,1949862.0,46324498.227
2025-09-20 00:00:00,238.39,239.57,238.12,239.52,2182295.0,52130136.057
2025-09-20 01:00:00,239.52,239.86,238.25,238.25,1300269.0,31090713.928
2025-09-20 02:00:00,238.25,238.4,237.23,238.27,1872131.0,44545963.446
2025-09-20 03:00:00,238.27,238.28,237.63,237.96,732171.0,17426502.216
2025-09-20 04:00:00,237.96,238.78,237.62,238.57,784921.0,18697998.771
2025-09-20 05:00:00,238.57,239.37,238.33,239.29,820170.0,19602337.101
2025-09-20 06:00:00,239.29,239.3,238.57,238.99,1232145.0,29436202.414
2025-09-20 07:00:00,238.99,239.65,238.83,239.64,1063172.0,25433792.786
2025-09-20 08:00:00,239.64,239.64,237.3,237.49,1604697.0,38273434.298
2025-09-20 09:00:00,237.49,237.94,237.03,237.07,1000104.0,23752739.71
2025-09-20 10:00:00,237.07,237.71,236.74,237.18,742175.0,17602912.928
2025-09-20 11:00:00,237.18,238.31,237.18,238.04,1046381.0,24889498.66
2025-09-20 12:00:00,238.04,238.09,237.16,237.57,1471464.0,34949699.14
2025-09-20 13:00:00,237.57,238.0,237.24,237.33,1633839.0,38827518.344
2025-09-20 14:00:00,237.33,238.86,236.9,238.61,3176850.0,75556827.561
2025-09-20 15:00:00,238.61,241.07,238.6,240.01,5662375.0,135908645.807
2025-09-20 16:00:00,240.01,240.99,239.1,240.3,3172505.0,76144129.93
2025-09-20 17:00:00,240.3,240.44,238.78,238.98,2252011.0,53912052.346
2025-09-20 18:00:00,238.98,238.98,238.07,238.28,2147901.0,51222713.147
2025-09-20 19:00:00,238.28,238.94,237.84,238.51,1334767.0,31814359.029
2025-09-20 20:00:00,238.51,239.71,238.32,239.61,1091724.0,26114382.401
2025-09-20 21:00:00,239.61,240.19,239.34,239.68,869691.0,20856658.621
2025-09-20 22:00:00,239.68,240.1,239.22,239.99,847571.0,20310838.712
2025-09-20 23:00:00,239.99,240.07,238.89,239.38,523691.0,12529871.379
2025-09-21 00:00:00,239.38,240.59,238.84,240.57,951837.0,22828781.546
2025-09-21 01:00:00,240.57,240.65,239.77,240.0,765219.0,18375918.655
2025-09-21 02:00:00,240.0,241.0,239.74,241.0,1088232.0,26176554.282
2025-09-21 03:00:00,241.0,241.7,240.36,241.7,1421102.0,34256936.507
2025-09-21 04:00:00,241.7,241.73,240.26,240.39,1571367.0,37857408.862
2025-09-21 05:00:00,240.39,240.71,240.05,240.28,711453.0,17093258.571
2025-09-21 06:00:00,240.28,240.96,240.07,240.21,942812.0,22672194.425
2025-09-21 07:00:00,240.21,240.21,239.33,239.74,1584723.0,38014101.145
2025-09-21 08:00:00,239.74,239.98,238.36,238.71,1838453.0,43967564.972
2025-09-21 09:00:00,238.71,238.93,237.0,238.37,2365822.0,56265817.366
2025-09-21 10:00:00,238.37,239.15,237.91,238.26,2333602.0,55657871.005
2025-09-21 11:00:00,238.26,238.98,238.1,238.51,1670243.0,39865064.476
2025-09-21 12:00:00,238.51,239.94,238.42,239.39,2737516.0,65531346.898
2025-09-21 13:00:00,239.39,240.19,239.05,239.41,3034059.0,72689938.863
2025-09-21 14:00:00,239.41,239.8,238.27,238.43,2361068.0,56445133.215
2025-09-21 15:00:00,238.43,238.59,237.55,237.77,3083962.0,73401156.12
2025-09-21 16:00:00,237.77,238.27,235.92,236.89,3098894.0,73436800.491
2025-09-21 17:00:00,236.89,237.74,236.11,237.69,1697943.0,40220656.715
2025-09-21 18:00:00,237.69,238.0,237.06,238.0,979262.0,23257534.62
2025-09-21 19:00:00,238.0,238.06,236.99,237.88,820607.0,19484773.332
2025-09-21 20:00:00,237.88,237.9,237.11,237.53,726901.0,17266281.688
2025-09-21 21:00:00,237.53,237.64,236.56,237.18,809268.0,19182481.954
2025-09-21 22:00:00,237.18,238.0,235.22,237.82,2620634.0,61935422.444
2025-09-21 23:00:00,237.82,237.82,235.84,236.07,1798822.0,42531852.489
2025-09-22 00:00:00,236.07,236.87,231.18,232.18,5657654.0,132020033.262
2025-09-22 01:00:00,232.18,234.66,231.96,233.1,2589767.0,60435987.464
2025-09-22 02:00:00,233.1,233.89,230.41,231.64,3807415.0,88259956.014
2025-09-22 03:00:00,231.64,232.99,231.56,232.74,1860826.0,43244939.776
2025-09-22 04:00:00,232.74,233.08,231.5,231.65,2096035.0,48673835.998
2025-09-22 05:00:00,231.65,231.87,224.94,224.94,4298978.0,98770883.806
2025-09-22 06:00:00,224.94,225.07,213.29,224.28,11155313.0,247201137.162
2025-09-22 07:00:00,224.28,224.33,221.71,221.81,4342650.0,96793857.884
2025-09-22 08:00:00,221.81,222.68,220.85,221.38,3895179.0,86369687.768
2025-09-22 09:00:00,221.38,221.55,219.25,220.38,4043600.0,89081249.762
2025-09-22 10:00:00,220.38,222.53,219.78,222.23,2609303.0,57673359.96
2025-09-22 11:00:00,222.23,222.63,220.94,221.36,2786307.0,61815061.459
2025-09-22 12:00:00,221.36,222.84,220.44,222.76,2981385.0,66033711.04
2025-09-22 13:00:00,222.76,223.91,221.24,223.64,5920688.0,131869160.544
2025-09-22 14:00:00,223.64,223.88,220.8,221.27,5808770.0,129269746.146
2025-09-22 15:00:00,221.27,221.66,219.85,220.63,5385109.0,118718957.139
2025-09-22 16:00:00,220.63,221.4,219.08,219.61,3197972.0,70455616.46
2025-09-22 17:00:00,219.61,221.3,217.79,221.0,4182530.0,91793027.876
2025-09-22 18:00:00,221.0,221.11,219.37,219.38,2058751.0,45357222.141
2025-09-22 19:00:00,219.38,219.49,216.55,217.03,5172157.0,112750296.029
2025-09-22 20:00:00,217.03,219.63,216.33,219.32,4776756.0,104152664.162
2025-09-22 21:00:00,219.32,220.98,218.85,220.78,2973135.0,65468017.996
2025-09-22 22:00:00,220.78,220.79,219.6,219.75,1235731.0,27197638.667
2025-09-22 23:00:00,219.75,220.46,219.62,220.28,953785.0,20982179.761
2025-09-23 00:00:00,220.28,221.28,219.32,219.59,2303658.0,50762700.436
2025-09-23 01:00:00,219.59,219.82,216.52,216.54,2870008.0,62612727.584
2025-09-23 02:00:00,216.54,217.78,213.81,214.02,3901581.0,84198475.911
2025-09-23 03:00:00,214.02,217.74,212.3,216.82,6415520.0,137610035.939
2025-09-23 04:00:00,216.82,217.33,213.89,215.7,3602534.0,77625352.515
2025-09-23 05:00:00,215.7,217.75,214.58,216.83,1972568.0,42701968.353
2025-09-23 06:00:00,216.83,220.2,216.81,219.09,3083259.0,67295785.016
2025-09-23 07:00:00,219.09,219.36,218.47,218.83,1388546.0,30400127.125
2025-09-23 08:00:00,218.83,220.24,218.29,219.91,2459310.0,53966408.109
2025-09-23 09:00:00,219.91,220.73,218.13,218.55,2786105.0,61125336.432
2025-09-23 10:00:00,218.55,219.17,218.11,218.95,1751429.0,38282804.133
2025-09-23 11:00:00,218.95,219.55,217.74,219.23,3285691.0,71739473.693
2025-09-23 12:00:00,219.23,220.52,218.61,219.74,8979700.0,197246096.424
2025-09-23 13:00:00,219.74,220.08,218.5,218.93,4135488.0,90720364.452
2025-09-23 14:00:00,218.93,220.57,217.47,217.61,6429842.0,140500677.12
2025-09-23 15:00:00,217.61,219.85,216.92,219.16,6241690.0,136445235.305
2025-09-23 16:00:00,219.16,221.68,217.71,220.32,6235674.0,136683937.982
2025-09-23 17:00:00,220.32,220.49,215.77,216.63,7261180.0,158023202.617
2025-09-23 18:00:00,216.63,217.09,215.13,215.7,5260388.0,113668399.196
2025-09-23 19:00:00,215.7,217.07,214.23,214.44,4832804.0,104112542.813
2025-09-23 20:00:00,214.44,215.23,213.17,215.21,3554454.0,76099308.135
2025-09-23 21:00:00,215.21,216.58,214.36,215.72,3368375.0,72563591.271
2025-09-23 22:00:00,215.72,216.35,214.62,215.18,1568695.0,33785494.619
2025-09-23 23:00:00,215.18,215.86,213.11,213.18,2787122.0,59796174.573
2025-09-24 00:00:00,213.18,215.52,213.18,213.35,3513809.0,75219636.26
2025-09-24 01:00:00,213.35,216.32,212.71,216.07,3284907.0,70615772.86
2025-09-24 02:00:00,216.07,216.35,213.16,214.15,2588642.0,55471247.836
2025-09-24 03:00:00,214.15,214.55,207.42,208.38,8240733.0,173484250.7
2025-09-24 04:00:00,208.38,209.09,204.75,207.93,6517387.0,135132748.913
2025-09-24 05:00:00,207.93,210.45,207.7,209.67,4188847.0,87617139.113
2025-09-24 06:00:00,209.67,211.32,208.56,210.88,3275703.0,68708652.134
2025-09-24 07:00:00,210.88,210.96,209.47,210.54,3200629.0,67263921.05
2025-09-24 08:00:00,210.54,211.13,209.91,210.8,2219753.0,46735283.63
2025-09-24 09:00:00,210.8,211.09,209.7,210.87,2127283.0,44766315.618
2025-09-24 10:00:00,210.87,211.4,210.04,210.8,1732948.0,36515537.844
2025-09-24 11:00:00,210.8,212.5,210.64,212.24,2985948.0,63295893.381
2025-09-24 12:00:00,212.24,213.31,211.66,211.84,2408543.0,51156793.564
2025-09-24 13:00:00,211.84,213.07,211.37,211.5,3919177.0,83124642.715
2025-09-24 14:00:00,211.5,216.15,211.33,215.48,7284753.0,155749095.93
2025-09-24 15:00:00,215.48,215.98,213.22,213.5,5926379.0,127131830.548
2025-09-24 16:00:00,213.5,214.34,213.1,213.72,3605197.0,77005803.673
2025-09-24 17:00:00,213.72,215.34,213.36,214.96,2911583.0,62460092.549
2025-09-24 18:00:00,214.96,215.06,213.18,213.78,2228875.0,47682709.422
2025-09-24 19:00:00,213.78,214.08,212.28,213.05,3446382.0,73396152.377
2025-09-24 20:00:00,213.05,213.1,210.72,211.99,4298017.0,91140901.51
2025-09-24 21:00:00,211.99,212.49,210.6,211.13,2032044.0,43015790.198
2025-09-24 22:00:00,211.13,212.18,210.79,211.6,1947572.0,41175566.009
2025-09-24 23:00:00,211.6,212.11,211.15,211.45,978057.0,20699501.504
2025-09-25 00:00:00,211.45,212.33,210.11,210.6,3624203.0,76435384.414
2025-09-25 01:00:00,210.6,211.1,207.61,208.09,4527651.0,94883505.51
2025-09-25 02:00:00,208.09,211.81,206.73,209.92,4132309.0,86329821.535
2025-09-25 03:00:00,209.92,210.0,205.91,207.18,2843722.0,58955804.881
2025-09-25 04:00:00,207.18,207.47,202.64,204.2,4755252.0,97280373.459
2025-09-25 05:00:00,204.2,205.81,203.14,205.33,2348032.0,48097949.56
2025-09-25 06:00:00,205.33,205.62,203.27,203.54,2781601.0,56752909.642
2025-09-25 07:00:00,203.54,205.12,203.2,204.1,2543537.0,51969052.984
2025-09-25 08:00:00,204.1,205.45,203.5,204.2,2049358.0,41934373.981
2025-09-25 09:00:00,204.2,205.8,201.64,202.11,4348328.0,88557032.984
2025-09-25 10:00:00,202.11,203.59,201.79,201.9,3665615.0,74314476.686
2025-09-25 11:00:00,201.9,202.39,200.49,201.27,4682396.0,94245302.766
2025-09-25 12:00:00,201.27,202.45,196.87,198.47,7928588.0,158400415.97
2025-09-25 13:00:00,198.47,201.53,197.5,200.71,6025510.0,120269095.022
2025-09-25 14:00:00,200.71,204.01,200.7,202.63,4620231.0,93550189.777
2025-09-25 15:00:00,202.63,203.08,200.29,201.05,4080267.0,82123297.307
2025-09-25 16:00:00,201.05,201.9,198.27,198.64,5223769.0,104392649.242
2025-09-25 17:00:00,198.64,198.88,193.49,194.78,10704679.0,209952719.306
2025-09-25 18:00:00,194.78,199.52,194.4,199.39,5577204.0,109916645.063
2025-09-25 19:00:00,199.39,200.82,197.27,198.02,4458608.0,88778585.646
2025-09-25 20:00:00,198.02,198.62,195.11,196.16,4603065.0,90543788.129
2025-09-25 21:00:00,196.16,197.29,194.65,196.25,5206753.0,102055868.586
2025-09-25 22:00:00,196.25,197.45,193.8,194.5,5890329.0,115281737.667
2025-09-25 23:00:00,194.5,195.95,191.15,192.63,9268785.0,179244320.662
2025-09-26 00:00:00,192.63,195.86,192.44,195.63,7944453.0,154302910.332
2025-09-26 01:00:00,195.63,197.09,195.07,195.79,3365949.0,66005230.463
2025-09-26 02:00:00,195.79,197.44,195.3,196.35,2925659.0,57454291.507
2025-09-26 03:00:00,196.35,197.25,195.02,196.39,2595857.0,50879578.893
2025-09-26 04:00:00,196.39,197.32,194.94,195.64,2615896.0,51272455.536
2025-09-26 05:00:00,195.64,197.2,194.28,194.98,2909433.0,57020924.102
2025-09-26 06:00:00,194.98,196.89,193.66,195.12,3399067.0,66430489.922
2025-09-26 07:00:00,195.12,196.77,194.0,196.23,2670845.0,52179747.966
2025-09-26 08:00:00,196.23,196.91,195.69,196.08,1746397.0,34282394.761
2025-09-26 09:00:00,196.08,196.49,193.65,194.52,2932521.0,57171395.696
2025-09-26 10:00:00,194.52,194.62,191.68,192.05,5405710.0,104112809.157
2025-09-26 11:00:00,192.05,193.92,190.75,193.36,5079940.0,97555773.252
2025-09-26 12:00:00,193.36,198.18,192.05,196.55,6636795.0,129489537.527
2025-09-26 13:00:00,196.55,197.26,194.32,197.02,5080174.0,99529106.773
2025-09-26 14:00:00,197.02,197.14,193.19,194.23,4108638.0,80121938.521
2025-09-26 15:00:00,194.23,196.73,194.12,195.91,4225790.0,82774724.084
2025-09-26 16:00:00,195.91,199.66,195.69,199.46,4616284.0,91568764.722
2025-09-26 17:00:00,199.46,201.95,199.04,201.25,4734676.0,94998572.282
2025-09-26 18:00:00,201.25,202.48,200.74,201.67,3581591.0,72242712.697
2025-09-26 19:00:00,201.67,201.82,198.87,200.56,5459728.0,109528603.787
2025-09-26 20:00:00,200.56,200.77,199.42,199.83,2260169.0,45203610.478
2025-09-26 21:00:00,199.83,202.37,199.6,202.2,3075847.0,61849936.654
2025-09-26 22:00:00,202.2,203.83,201.74,203.44,4029586.0,81867582.343
2025-09-26 23:00:00,203.44,205.34,202.7,205.02,4465627.0,91083894.232
2025-09-27 00:00:00,205.02,205.2,203.91,205.03,2251851.0,46047342.25
2025-09-27 01:00:00,205.03,205.3,203.42,204.24,1542703.0,31501952.845
2025-09-27 02:00:00,204.24,204.67,203.56,203.62,1068742.0,21817830.77
2025-09-27 03:00:00,203.62,205.0,203.55,203.83,1553269.0,31730274.683
2025-09-27 04:00:00,203.83,204.03,203.11,203.57,1158970.0,23592716.215
2025-09-27 05:00:00,203.57,203.57,202.15,202.39,1187320.0,24052979.205
2025-09-27 06:00:00,202.39,202.53,201.66,202.53,2634517.0,53235388.213
2025-09-27 07:00:00,202.53,203.1,201.41,201.95,2631639.0,53243400.032
2025-09-27 08:00:00,201.95,202.13,200.75,200.83,1560122.0,31412942.372
2025-09-27 09:00:00,200.83,201.4,199.78,201.07,2438756.0,48886600.95
2025-09-27 10:00:00,201.07,201.94,200.38,201.51,1751950.0,35246007.067
2025-09-27 11:00:00,201.51,201.9,201.18,201.59,1541239.0,31062833.051
2025-09-27 12:00:00,201.59,202.82,200.85,202.33,2162676.0,43626877.644
2025-09-27 13:00:00,202.33,203.3,202.04,202.78,1431013.0,29009720.138
2025-09-27 14:00:00,202.78,203.65,202.21,202.6,2200562.0,44637734.688
2025-09-27 15:00:00,202.6,203.6,201.67,203.42,1851641.0,37518664.926
2025-09-27 16:00:00,203.42,203.49,202.62,202.82,1700199.0,34517765.139
2025-09-27 17:00:00,202.82,202.82,200.75,201.73,3205690.0,64603748.648
2025-09-27 18:00:00,201.73,202.07,200.81,201.57,1507351.0,30352067.739
2025-09-27 19:00:00,201.57,202.26,201.18,202.09,1033376.0,20850655.842
2025-09-27 20:00:00,202.09,202.81,201.79,202.52,1144229.0,23144988.888
2025-09-27 21:00:00,202.52,203.97,202.18,203.75,1440889.0,29266017.017
2025-09-27 22:00:00,203.75,204.83,203.31,203.83,2049505.0,41847700.715
2025-09-27 23:00:00,203.83,204.2,203.1,203.32,1765157.0,35928317.402
2025-09-28 00:00:00,203.32,203.96,202.42,202.82,1417952.0,28798811.215
2025-09-28 01:00:00,202.82,203.07,200.88,201.02,2754532.0,55536107.191
2025-09-28 02:00:00,201.02,201.95,200.89,201.31,1883441.0,37940554.263
2025-09-28 03:00:00,201.31,201.85,200.69,201.29,928550.0,18691451.008
2025-09-28 04:00:00,201.29,201.88,201.09,201.79,617983.0,12455021.746
2025-09-28 05:00:00,201.79,202.37,201.05,201.21,1193737.0,24053802.722
2025-09-28 06:00:00,201.21,201.71,200.26,201.61,2688088.0,54014143.415
2025-09-28 07:00:00,201.61,202.23,201.05,202.0,1207531.0,24352796.394
2025-09-28 08:00:00,202.0,202.64,201.29,201.7,1982306.0,40026069.762
2025-09-28 09:00:00,201.7,201.93,200.55,200.6,2072218.0,41667892.297
2025-09-28 10:00:00,200.6,200.97,200.1,200.72,2282431.0,45763428.905
2025-09-28 11:00:00,200.72,200.79,199.16,199.76,2556900.0,51083711.835
2025-09-28 12:00:00,199.76,199.88,197.91,198.36,2818584.0,56011163.628
2025-09-28 13:00:00,198.36,201.3,198.23,201.07,3114622.0,62253958.824
2025-09-28 14:00:00,201.07,201.88,200.31,201.74,2310555.0,46444904.805
2025-09-28 15:00:00,201.74,203.46,201.73,203.3,4135962.0,83781284.13
2025-09-28 16:00:00,203.3,204.65,203.16,203.95,5146289.0,104867023.488
2025-09-28 17:00:00,203.95,205.76,203.88,204.91,5816437.0,119161779.969
2025-09-28 18:00:00,204.91,206.3,204.71,206.0,3480757.0,71501820.639
2025-09-28 19:00:00,206.0,206.58,205.32,206.08,3625375.0,74667545.128
2025-09-28 20:00:00,206.08,207.73,205.92,206.67,5352257.0,110763104.049
2025-09-28 21:00:00,206.67,207.23,206.42,207.14,2409017.0,49827714.937
2025-09-28 22:00:00,207.14,209.88,207.14,209.42,5560052.0,116134185.429
2025-09-28 23:00:00,209.42,210.86,209.42,210.76,4033450.0,84773079.754
2025-09-29 00:00:00,210.76,210.79,208.93,209.1,2610215.0,54763943.39
2025-09-29 01:00:00,209.1,209.87,208.71,209.35,1602186.0,33524763.082
2025-09-29 02:00:00,209.35,210.75,208.86,209.61,2136512.0,44844838.513
2025-09-29 03:00:00,209.61,210.27,209.02,210.17,772156.0,16179970.602
2025-09-29 04:00:00,210.17,210.6,209.75,209.95,1047041.0,22006748.676
2025-09-29 05:00:00,209.95,210.1,208.68,209.04,1135705.0,23762722.259
2025-09-29 06:00:00,209.04,209.11,207.71,208.05,2172248.0,45235159.955
2025-09-29 07:00:00,208.05,209.19,207.29,208.84,1530122.0,31876165.126
2025-09-29 08:00:00,208.84,209.6,208.15,208.8,1997625.0,41729303.023
2025-09-29 09:00:00,208.8,209.03,207.75,208.11,1504747.0,31355483.125
2025-09-29 10:00:00,208.11,208.2,206.35,206.52,2311621.0,47922803.016
2025-09-29 11:00:00,206.52,207.33,205.91,206.98,2375462.0,49067546.604
2025-09-29 12:00:00,206.98,207.92,205.07,205.3,2701662.0,55785265.826
2025-09-29 13:00:00,205.3,209.35,204.46,208.71,5830211.0,120673151.66
2025-09-29 14:00:00,208.71,212.72,208.53,212.25,7295971.0,153867006.039
2025-09-29 15:00:00,212.25,213.39,209.68,209.94,5500283.0,116280891.789
2025-09-29 16:00:00,209.94,211.46,208.21,208.59,3605665.0,75703532.724
2025-09-29 17:00:00,208.59,210.16,207.53,210.03,2854029.0,59543624.384
2025-09-29 18:00:00,210.03,210.61,208.94,210.61,1998867.0,41935006.902
2025-09-29 19:00:00,210.61,213.39,210.28,212.79,3831336.0,81083209.556
2025-09-29 20:00:00,212.79,214.38,212.35,214.29,5299281.0,113240971.874
2025-09-29 21:00:00,214.29,214.64,213.55,214.06,2697719.0,57756856.708
2025-09-29 22:00:00,214.06,214.19,212.9,213.47,2416423.0,51571151.637
2025-09-29 23:00:00,213.47,213.87,212.31,212.59,1349756.0,28737822.567
2025-09-30 00:00:00,212.59,213.53,211.08,211.17,3998897.0,84816560.492
2025-09-30 01:00:00,211.17,212.84,209.63,210.42,3395460.0,71655963.74
2025-09-30 02:00:00,210.42,211.09,209.82,210.38,1159274.0,24393958.437
2025-09-30 03:00:00,210.38,211.32,209.98,210.54,1215983.0,25613378.851
2025-09-30 04:00:00,210.54,211.59,210.06,210.09,1095896.0,23120167.847
2025-09-30 05:00:00,210.09,210.62,208.84,209.88,1922880.0,40348494.507
2025-09-30 06:00:00,209.88,210.77,209.36,210.15,2002378.0,42064179.453
2025-09-30 07:00:00,210.15,210.68,208.41,208.91,3331902.0,69705263.163
2025-09-30 08:00:00,208.91,208.91,207.57,207.65,2759917.0,57467589.102
2025-09-30 09:00:00,207.65,207.84,205.5,205.81,5152841.0,106402556.448
2025-09-30 10:00:00,205.81,206.87,205.45,206.45,3554939.0,73310374.394
2025-09-30 11:00:00,206.45,207.14,205.77,206.94,2270671.0,46850741.486
2025-09-30 12:00:00,206.94,207.34,205.84,206.03,2550732.0,52732451.848
2025-09-30 13:00:00,206.03,209.53,205.54,207.56,7128578.0,148005732.311
2025-09-30 14:00:00,207.56,208.79,205.98,208.69,5621847.0,116441360.278
2025-09-30 15:00:00,208.69,208.7,204.45,205.91,5633011.0,116065516.995
2025-09-30 16:00:00,205.91,206.27,204.21,205.05,3741525.0,76742265.195
2025-09-30 17:00:00,205.05,206.23,204.65,205.54,2408477.0,49492217.26
2025-09-30 18:00:00,205.54,207.74,205.25,207.48,2428928.0,50241458.796
2025-09-30 19:00:00,207.48,209.12,207.02,208.9,4731463.0,98449387.534
2025-09-30 20:00:00,208.9,210.15,208.07,209.74,3128773.0,65452833.978
2025-09-30 21:00:00,209.74,210.86,209.12,209.52,4623808.0,97120709.435
2025-09-30 22:00:00,209.52,210.83,207.72,207.99,3859959.0,80830745.93
2025-09-30 23:00:00,207.99,208.81,207.32,208.6,1831218.0,38099068.491
2025-10-01 00:00:00,208.6,209.32,206.35,207.45,1950672.0,40521028.83
2025-10-01 01:00:00,207.45,210.66,207.08,210.51,2740374.0,57238363.853
2025-10-01 02:00:00,210.51,210.83,209.09,209.12,2148166.0,45141180.578
2025-10-01 03:00:00,209.12,209.52,206.53,206.57,2760398.0,57460696.305
2025-10-01 04:00:00,206.57,209.44,206.26,208.41,2570956.0,53509722.021
2025-10-01 05:00:00,208.41,209.94,208.41,208.88,2297955.0,48116959.102
2025-10-01 06:00:00,208.88,209.43,207.79,207.89,2422144.0,50522499.357
2025-10-01 07:00:00,207.89,210.26,207.76,210.05,1334705.0,27920302.418
2025-10-01 08:00:00,210.05,217.29,209.79,216.47,7625881.0,163097026.449
2025-10-01 09:00:00,216.47,217.87,215.71,217.49,4928599.0,106937595.797
2025-10-01 10:00:00,217.49,217.67,216.01,216.52,3215888.0,69655242.147
2025-10-01 11:00:00,216.52,217.78,216.49,217.66,3004555.0,65300222.876
2025-10-01 12:00:00,217.66,219.29,217.06,218.39,5467942.0,119295824.412
2025-10-01 13:00:00,218.39,219.84,218.24,219.22,6526094.0,142912464.787
2025-10-01 14:00:00,219.22,220.54,218.71,219.4,5812907.0,127695823.661
2025-10-01 15:00:00,219.4,220.16,218.61,220.13,2833371.0,62202421.284
2025-10-01 16:00:00,220.13,220.87,218.8,219.03,2892580.0,63637618.391
2025-10-01 17:00:00,219.03,219.66,217.31,217.32,3182552.0,69541608.478
2025-10-01 18:00:00,217.32,219.57,217.31,219.03,2662425.0,58180671.143
2025-10-01 19:00:00,219.03,220.38,218.93,219.93,2657202.0,58396897.662
2025-10-01 20:00:00,219.93,220.18,219.15,219.41,1901396.0,41772989.888
2025-10-01 21:00:00,219.41,219.41,218.34,218.93,2064667.0,45170910.845
2025-10-01 22:00:00,218.93,219.89,218.93,219.45,1533248.0,33646165.055
2025-10-01 23:00:00,219.45,222.62,219.33,221.92,3561095.0,78637078.5
2025-10-02 00:00:00,221.92,222.32,219.58,219.69,4222864.0,93351427.559
2025-10-02 01:00:00,219.69,222.91,219.39,222.72,2523239.0,55908706.928
2025-10-02 02:00:00,222.72,223.98,221.23,223.14,3261322.0,72586815.014
2025-10-02 03:00:00,223.14,224.94,222.73,223.65,3026260.0,67753947.39
2025-10-02 04:00:00,223.65,224.83,222.55,223.6,2262818.0,50616607.773
2025-10-02 05:00:00,223.6,226.48,223.6,224.0,2859430.0,64285387.297
2025-10-02 06:00:00,224.0,225.7,223.41,224.81,2926427.0,65668669.629
2025-10-02 07:00:00,224.81,225.14,222.3,222.82,3448221.0,77141291.83
2025-10-02 08:00:00,222.82,224.62,222.56,224.62,2964320.0,66316498.471
2025-10-02 09:00:00,224.62,225.6,223.86,225.01,1926632.0,43282433.966
2025-10-02 10:00:00,225.01,225.65,224.68,224.97,1647833.0,37088287.941
2025-10-02 11:00:00,224.97,226.5,224.61,225.12,2571306.0,57988700.852
2025-10-02 12:00:00,225.12,227.26,224.84,227.14,3645151.0,82488524.454
2025-10-02 13:00:00,227.14,227.29,224.51,226.35,5406646.0,122133143.353
2025-10-02 14:00:00,226.35,226.58,223.0,223.51,4850138.0,109078595.315
2025-10-02 15:00:00,223.51,227.2,222.52,227.08,4623270.0,104017245.937
2025-10-02 16:00:00,227.08,229.18,226.14,227.86,5646260.0,128578728.093
2025-10-02 17:00:00,227.86,230.2,227.26,229.66,4042584.0,92608395.809
2025-10-02 18:00:00,229.66,233.07,229.61,232.17,7005429.0,162205086.972
2025-10-02 19:00:00,232.17,233.6,231.39,232.14,6243821.0,145246881.552
2025-10-02 20:00:00,232.14,232.49,230.67,232.48,3746738.0,86754689.183
2025-10-02 21:00:00,232.48,233.85,232.27,232.47,4159491.0,96897869.996
2025-10-02 22:00:00,232.47,233.79,231.96,232.95,1971449.0,45898383.123
2025-10-02 23:00:00,232.95,234.9,232.8,234.6,4196818.0,98207045.147
2025-10-03 00:00:00,234.6,234.64,231.73,231.79,2823835.0,65716344.497
2025-10-03 01:00:00,231.79,232.61,230.42,230.86,2227114.0,51551028.805
2025-10-03 02:00:00,230.86,233.32,230.7,233.19,1992234.0,46212807.663
2025-10-03 03:00:00,233.19,234.73,231.92,232.14,2983466.0,69629680.509
2025-10-03 04:00:00,232.14,233.13,231.1,231.95,1977773.0,45906606.501
2025-10-03 05:00:00,231.95,232.1,230.21,231.08,1873619.0,43304428.311
2025-10-03 06:00:00,231.08,231.45,227.75,229.25,2890275.0,66484249.454
2025-10-03 07:00:00,229.25,229.62,228.5,229.33,2762467.0,63281640.021
2025-10-03 08:00:00,229.33,231.15,227.8,230.92,3446016.0,79054291.399
2025-10-03 09:00:00,230.92,231.67,230.59,230.82,1945714.0,44954289.144
2025-10-03 10:00:00,230.82,231.57,230.27,231.15,1033314.0,23854556.519
2025-10-03 11:00:00,231.15,231.22,229.44,230.67,1522701.0,35068669.188
2025-10-03 12:00:00,230.67,231.15,229.61,229.95,1823015.0,41980740.796
2025-10-03 13:00:00,229.95,230.94,228.59,229.62,4071724.0,93539956.672
2025-10-03 14:00:00,229.62,230.96,227.02,230.38,5570349.0,127452002.22
2025-10-03 15:00:00,230.38,234.85,229.39,234.7,5620577.0,130638404.617
2025-10-03 16:00:00,234.7,236.88,233.61,233.82,7970566.0,187562130.834
2025-10-03 17:00:00,233.82,233.92,228.55,229.93,6733684.0,155898767.325
2025-10-03 18:00:00,229.93,233.55,228.98,233.53,3437890.0,79567053.213
2025-10-03 19:00:00,233.53,235.43,232.67,233.1,3192599.0,74723288.631
2025-10-03 20:00:00,233.1,233.36,230.64,232.9,2915906.0,67750970.845
2025-10-03 21:00:00,232.9,233.32,231.79,232.54,1196318.0,27827130.838
2025-10-03 22:00:00,232.54,233.86,232.54,233.09,1071779.0,24989810.783
2025-10-03 23:00:00,233.09,233.41,232.28,232.73,1080560.0,25161017.695
2025-10-04 00:00:00,232.73,233.98,231.42,231.88,2424511.0,56339752.117
2025-10-04 01:00:00,231.88,232.03,229.52,230.21,1788758.0,41266991.067
2025-10-04 02:00:00,230.21,230.98,228.23,229.74,2202328.0,50525017.233
2025-10-04 03:00:00,229.74,229.93,227.77,229.11,1548794.0,35417864.262
2025-10-04 04:00:00,229.11,229.82,228.85,229.43,1462440.0,33538590.527
2025-10-04 05:00:00,229.43,230.18,229.06,229.84,1086962.0,24965108.367
2025-10-04 06:00:00,229.84,230.43,229.5,229.69,869747.0,20005514.758
2025-10-04 07:00:00,229.69,229.79,228.64,229.02,1437680.0,32957219.428
2025-10-04 08:00:00,229.02,229.36,228.08,228.77,1862384.0,42598405.652
2025-10-04 09:00:00,228.77,229.36,228.17,228.35,805403.0,18430061.525
2025-10-04 10:00:00,228.35,229.81,228.2,229.03,1393647.0,31919669.079
2025-10-04 11:00:00,229.03,229.48,228.52,229.08,962116.0,22038175.721
2025-10-04 12:00:00,229.08,229.35,227.83,228.03,1699878.0,38827619.443
2025-10-04 13:00:00,228.03,229.7,227.79,228.68,3781429.0,86615488.605
2025-10-04 14:00:00,228.68,229.36,226.5,226.74,3731776.0,85128923.469
2025-10-04 15:00:00,226.74,227.36,224.15,224.78,5670816.0,128049611.461
2025-10-04 16:00:00,224.78,225.61,224.06,225.58,4638174.0,104295063.84
2025-10-04 17:00:00,225.58,226.9,225.35,226.47,4576656.0,103545737.665
2025-10-04 18:00:00,226.47,226.88,225.72,225.96,1836309.0,41562411.214
2025-10-04 19:00:00,225.96,226.81,225.88,226.81,1144182.0,25900739.269
2025-10-04 20:00:00,226.81,227.88,226.8,227.2,1517539.0,34508968.799
2025-10-04 21:00:00,227.2,228.16,227.14,227.14,1077121.0,24523315.751
2025-10-04 22:00:00,227.14,227.86,226.77,227.6,1028114.0,23376235.731
2025-10-04 23:00:00,227.6,228.11,226.95,227.77,584306.0,13292157.748
2025-10-05 00:00:00,227.77,228.15,226.41,226.67,1186772.0,26992814.248
2025-10-05 01:00:00,226.67,227.72,226.46,227.69,717140.0,16284844.64
2025-10-05 02:00:00,227.69,231.32,227.19,231.05,4669607.0,107270792.229
2025-10-05 03:00:00,231.05,232.18,230.05,230.81,2285243.0,52842394.64
2025-10-05 04:00:00,230.81,234.88,230.8,233.75,3606974.0,84048336.798
2025-10-05 05:00:00,233.75,234.87,233.24,234.44,2863350.0,67027531.188
2025-10-05 06:00:00,234.44,235.88,234.39,235.08,2934310.0,69015856.896
2025-10-05 07:00:00,235.08,236.86,234.98,236.46,3178312.0,75033223.668
2025-10-05 08:00:00,236.46,237.13,235.01,235.06,2496770.0,58963501.78
2025-10-05 09:00:00,235.06,235.7,232.04,233.35,3048688.0,71352363.478
2025-10-05 10:00:00,233.35,233.5,230.64,231.91,4382187.0,101610561.26
2025-10-05 11:00:00,231.91,232.75,230.67,232.56,2590503.0,60075772.757
2025-10-05 12:00:00,232.56,232.56,230.58,231.19,3323133.0,76922380.606
2025-10-05 13:00:00,231.19,231.92,230.29,231.54,2990877.0,69161605.777
2025-10-05 14:00:00,231.54,231.92,228.21,229.96,3127983.0,72009250.971
2025-10-05 15:00:00,229.96,230.78,229.64,230.01,2384298.0,54864106.389
2025-10-05 16:00:00,230.01,231.15,228.74,230.96,3503334.0,80570003.166
2025-10-05 17:00:00,230.96,231.36,229.18,229.58,2875977.0,66219356.999
2025-10-05 18:00:00,229.58,229.78,227.19,228.85,4218380.0,96382776.131
2025-10-05 19:00:00,228.85,228.87,226.59,226.95,3226253.0,73391894.131
2025-10-05 20:00:00,226.95,228.89,226.57,227.87,2796700.0,63765764.296
2025-10-05 21:00:00,227.87,228.68,227.36,228.58,732785.0,16706854.115
2025-10-05 22:00:00,228.58,229.16,226.95,228.18,1418170.0,32318791.176
2025-10-05 23:00:00,228.18,229.02,228.0,228.45,1207343.0,27584557.542
2025-10-06 00:00:00,228.45,230.21,227.4,228.56,2594101.0,59329685.041
2025-10-06 01:00:00,228.56,231.6,227.62,231.32,2207010.0,50800763.896
2025-10-06 02:00:00,231.32,232.89,229.7,232.28,1564407.0,36177959.037
2025-10-06 03:00:00,232.28,233.19,231.61,232.14,3612916.0,83940460.314
2025-10-06 04:00:00,232.14,232.23,230.48,230.57,2030837.0,47006721.195
2025-10-06 05:00:00,230.57,232.38,230.05,232.19,1260033.0,29112279.632
2025-10-06 06:00:00,232.19,234.77,232.19,233.83,4852534.0,113312929.117
2025-10-06 07:00:00,233.83,234.15,230.51,231.24,3511971.0,81684673.895
2025-10-06 08:00:00,231.24,233.79,231.24,233.56,1980769.0,46087767.758
2025-10-06 09:00:00,233.56,234.03,232.68,233.37,2965227.0,69150329.209
2025-10-06 10:00:00,233.37,233.65,232.18,232.54,1137500.0,26475542.189
2025-10-06 11:00:00,232.54,233.73,231.66,232.9,2780925.0,64725520.505
2025-10-06 12:00:00,232.9,234.33,232.8,234.01,3337801.0,78038677.701
2025-10-06 13:00:00,234.01,235.04,232.59,234.6,5538186.0,129540361.041
2025-10-06 14:00:00,234.6,235.6,232.66,233.24,6170784.0,144651422.374
2025-10-06 15:00:00,233.24,236.61,233.19,235.56,4648967.0,109441034.19
2025-10-06 16:00:00,235.56,236.18,233.95,235.62,3375962.0,79344695.799
2025-10-06 17:00:00,235.62,237.74,235.32,236.32,4496592.0,106323947.86
2025-10-06 18:00:00,236.32,237.04,234.7,236.69,2598696.0,61316240.163
2025-10-06 19:00:00,236.69,236.89,234.55,235.23,3003911.0,70765237.612
2025-10-06 20:00:00,235.23,236.03,233.0,233.47,4354330.0,102074716.929
2025-10-06 21:00:00,233.47,234.31,232.66,234.14,1784758.0,41674290.427
2025-10-06 22:00:00,234.14,234.91,233.82,234.51,1516244.0,35541463.531
2025-10-06 23:00:00,234.51,234.67,231.51,232.26,2395563.0,55801352.75
2025-10-07 00:00:00,232.26,232.92,231.06,232.41,2122329.0,49216585.336
2025-10-07 01:00:00,232.41,232.99,230.8,232.58,2266681.0,52629629.012
2025-10-07 02:00:00,232.58,233.72,231.9,233.33,2532631.0,58991807.892
2025-10-07 03:00:00,233.33,233.86,232.8,233.84,629814.0,14696476.914
2025-10-07 04:00:00,233.84,235.1,232.87,234.7,2202987.0,51608583.309
2025-10-07 05:00:00,234.7,234.92,233.06,233.4,3611513.0,84541328.258
2025-10-07 06:00:00,233.4,233.54,229.24,230.27,5434499.0,125792285.283
2025-10-07 07:00:00,230.27,230.97,229.39,230.89,2875341.0,66219487.232
2025-10-07 08:00:00,230.89,230.89,228.12,229.81,4069877.0,93308967.925
2025-10-07 09:00:00,229.81,230.44,229.55,230.2,1869894.0,43018980.388
2025-10-07 10:00:00,230.2,231.51,229.57,230.69,2824367.0,65173977.262
2025-10-07 11:00:00,230.69,231.02,229.96,230.32,2641551.0,60857736.89
2025-10-07 12:00:00,230.32,231.39,229.11,231.35,3402802.0,78272823.783
2025-10-07 13:00:00,231.35,231.5,226.27,227.81,7152231.0,163835502.242
2025-10-07 14:00:00,227.81,228.01,224.38,225.17,8027368.0,181186266.315
2025-10-07 15:00:00,225.17,225.78,221.32,223.67,9529652.0,212693648.648
2025-10-07 16:00:00,223.67,225.17,221.75,224.29,4916285.0,109969785.003
2025-10-07 17:00:00,224.29,224.72,222.49,222.58,3033876.0,67782515.269
2025-10-07 18:00:00,222.58,223.17,221.22,221.32,3328532.0,73944699.21
2025-10-07 19:00:00,221.32,222.72,220.6,221.53,3079497.0,68292530.32
2025-10-07 20:00:00,221.53,224.02,221.38,223.34,2920797.0,65193492.985
2025-10-07 21:00:00,223.34,224.12,222.24,223.0,1825052.0,40742405.864
2025-10-07 22:00:00,223.0,223.55,221.88,222.34,1119364.0,24921110.615
2025-10-07 23:00:00,222.34,222.42,219.58,219.84,2001538.0,44167426.882
2025-10-08 00:00:00,219.84,221.68,217.79,220.87,2722106.0,59888490.806
2025-10-08 01:00:00,220.87,222.22,220.35,221.93,1997347.0,44189472.609
2025-10-08 02:00:00,221.93,222.66,221.05,221.46,1350113.0,29946661.674
2025-10-08 03:00:00,221.46,221.46,217.82,218.2,3397024.0,74447726.461
2025-10-08 04:00:00,218.2,220.44,217.21,220.29,2869404.0,62849982.243
2025-10-08 05:00:00,220.29,220.29,218.29,219.41,1612520.0,35349161.269
2025-10-08 06:00:00,219.41,220.35,218.5,220.14,2456522.0,53897151.062
2025-10-08 07:00:00,220.14,220.88,219.32,220.85,2366491.0,52048060.097
2025-10-08 08:00:00,220.85,222.51,220.7,221.49,2643641.0,58555146.64
2025-10-08 09:00:00,221.49,221.97,220.62,221.3,1260481.0,27870192.079
2025-10-08 10:00:00,221.3,222.09,220.91,222.0,1722387.0,38151171.246
2025-10-08 11:00:00,222.0,222.42,220.53,221.05,1277517.0,28286376.255
2025-10-08 12:00:00,221.05,222.45,221.0,222.23,2207471.0,48959352.752
2025-10-08 13:00:00,222.23,222.65,218.75,221.39,4102697.0,90587540.413
2025-10-08 14:00:00,221.39,224.07,219.34,219.95,7024648.0,156008722.952
2025-10-08 15:00:00,219.95,222.74,219.8,221.08,3878593.0,85787238.346
2025-10-08 16:00:00,221.08,223.57,220.57,223.46,2113399.0,46957138.033
2025-10-08 17:00:00,223.46,227.55,223.21,226.74,6903952.0,155819980.833
2025-10-08 18:00:00,226.74,229.65,226.26,228.57,5308326.0,120927836.78
2025-10-08 19:00:00,228.57,229.54,227.43,229.23,3995731.0,91267354.619
2025-10-08 20:00:00,229.23,229.6,227.38,227.62,2912102.0,66582376.734
2025-10-08 21:00:00,227.62,229.06,227.35,228.44,1485613.0,33892941.269
2025-10-08 22:00:00,228.44,229.62,228.38,228.55,1239133.0,28374841.28
2025-10-08 23:00:00,228.55,229.3,227.81,228.94,1588797.0,36329196.162
2025-10-09 00:00:00,228.94,229.6,227.92,228.25,2120452.0,48482369.757
2025-10-09 01:00:00,228.25,228.61,225.96,228.37,2730976.0,62020418.59
2025-10-09 02:00:00,228.37,228.68,223.8,224.35,4580032.0,103561713.559
2025-10-09 03:00:00,224.35,226.37,224.32,226.1,1830796.0,41294581.497
2025-10-09 04:00:00,226.1,227.48,225.35,227.4,1149147.0,26031798.231
2025-10-09 05:00:00,227.4,228.67,226.62,227.72,1294551.0,29467309.719
2025-10-09 06:00:00,227.72,228.33,226.2,226.44,1071583.0,24355107.763
2025-10-09 07:00:00,226.44,226.79,224.06,224.41,4105081.0,92348950.986
2025-10-09 08:00:00,224.41,224.72,219.28,219.88,5124063.0,113596493.414
2025-10-09 09:00:00,219.88,222.02,219.77,221.86,2082151.0,46048938.91
2025-10-09 10:00:00,221.86,222.83,220.83,222.14,1848724.0,41027512.051
2025-10-09 11:00:00,222.14,223.83,222.14,223.01,1932255.0,43111180.284
2025-10-09 12:00:00,223.01,226.24,222.78,225.84,4980691.0,111927149.165
2025-10-09 13:00:00,225.84,226.07,221.78,222.17,6239485.0,139902964.269
2025-10-09 14:00:00,222.17,223.2,219.34,220.77,6858648.0,151724773.764
2025-10-09 15:00:00,220.77,222.08,218.6,219.03,4627240.0,101822011.374
2025-10-09 16:00:00,219.03,220.06,216.5,217.16,5337905.0,116538852.774
2025-10-09 17:00:00,217.16,219.49,216.61,219.23,3291823.0,71798150.773
2025-10-09 18:00:00,219.23,219.41,217.06,217.43,2812232.0,61366084.681
2025-10-09 19:00:00,217.43,218.85,217.29,218.11,1836255.0,40043689.324
2025-10-09 20:00:00,218.11,219.14,217.46,218.82,1737728.0,37922314.789
2025-10-09 21:00:00,218.82,220.34,218.41,220.13,1905306.0,41819046.793
2025-10-09 22:00:00,220.13,221.55,219.76,221.12,2045104.0,45137643.112
2025-10-09 23:00:00,221.12,221.19,219.72,220.8,1101058.0,24254859.408
2025-10-10 00:00:00,220.8,221.94,220.64,221.13,1731112.0,38305571.455
2025-10-10 01:00:00,221.13,221.99,220.44,220.89,1450973.0,32105390.089
2025-10-10 02:00:00,220.89,221.77,219.78,220.26,1359764.0,29995126.578
2025-10-10 03:00:00,220.26,222.79,219.42,221.55,2278761.0,50439787.416
2025-10-10 04:00:00,221.55,222.79,220.77,221.12,1676657.0,37159072.516
2025-10-10 05:00:00,221.12,221.69,219.94,221.57,1259228.0,27803325.665
2025-10-10 06:00:00,221.57,222.35,219.19,219.27,2191253.0,48403413.0
2025-10-10 07:00:00,219.27,219.45,217.79,217.97,1955244.0,42726167.928
2025-10-10 08:00:00,217.97,219.96,217.24,219.91,1746278.0,38174587.877
2025-10-10 09:00:00,219.91,220.63,218.79,218.82,2038264.0,44779567.45
2025-10-10 10:00:00,218.82,220.53,218.6,220.29,2092920.0,45961233.45
2025-10-10 11:00:00,220.29,221.48,220.15,221.04,6038210.0,133324501.331
2025-10-10 12:00:00,221.04,221.71,220.65,221.67,1899384.0,42012317.676
2025-10-10 13:00:00,221.67,224.35,221.41,223.32,5670396.0,126322094.905
2025-10-10 14:00:00,223.32,224.32,219.6,219.65,5507374.0,122604179.123
2025-10-10 15:00:00,219.65,219.93,208.89,210.58,17370284.0,370271482.235
2025-10-10 16:00:00,210.58,212.85,209.88,211.12,4878374.0,103147474.368
2025-10-10 17:00:00,211.12,211.37,208.68,209.53,5301589.0,111307586.973
2025-10-10 18:00:00,209.53,209.92,207.32,207.37,5120415.0,106769166.304
2025-10-10 19:00:00,207.37,208.1,203.28,205.13,10944382.0,225277496.188
2025-10-10 20:00:00,205.13,207.59,192.9,196.7,7430856.0,150717114.721
2025-10-10 21:00:00,196.7,200.56,142.44,190.69,24793631.0,443045885.004
2025-10-10 22:00:00,190.69,190.94,182.6,188.53,7855116.0,147096377.337
2025-10-10 23:00:00,188.53,192.89,186.56,187.59,4207214.0,79754728.84
2025-10-11 00:00:00,187.59,190.19,184.42,187.68,5539760.0,103791457.651
2025-10-11 01:00:00,187.68,187.88,182.04,182.8,4888862.0,90204248.925
2025-10-11 02:00:00,182.8,190.62,182.66,188.16,4331845.0,80895125.964
2025-10-11 03:00:00,188.16,188.7,182.06,184.01,5279868.0,97350939.855
2025-10-11 04:00:00,184.01,186.23,183.35,185.58,3733985.0,69015477.66
2025-10-11 05:00:00,185.58,185.85,179.29,181.77,4302097.0,78305999.931
2025-10-11 06:00:00,181.77,185.6,181.59,182.65,3539598.0,64967304.692
2025-10-11 07:00:00,182.65,183.52,181.41,182.57,3131619.0,57164006.206
2025-10-11 08:00:00,182.57,186.96,181.73,186.18,3845425.0,70915623.424
2025-10-11 09:00:00,186.18,187.79,183.63,184.03,3665560.0,68075873.506
2025-10-11 10:00:00,184.03,185.54,182.5,183.48,3335358.0,61366160.706
2025-10-11 11:00:00,183.48,183.77,181.22,183.37,2655883.0,48504428.967
2025-10-11 12:00:00,183.37,184.24,181.14,182.68,3772423.0,68888807.321
2025-10-11 13:00:00,182.68,184.14,180.25,183.84,3446907.0,62817961.619
2025-10-11 14:00:00,183.84,184.33,181.25,182.41,2570969.0,46977965.935
2025-10-11 15:00:00,182.41,184.86,182.29,183.6,3710699.0,68136761.808
2025-10-11 16:00:00,183.6,184.46,181.54,182.46,2978065.0,54469705.221
2025-10-11 17:00:00,182.46,184.5,182.23,182.87,1201344.0,22016965.581
2025-10-11 18:00:00,182.87,182.91,182.1,182.4,982917.0,17927026.544
2025-10-11 19:00:00,182.4,182.45,176.22,177.25,5778082.0,103309866.89
2025-10-11 20:00:00,177.25,177.82,173.74,175.23,5089723.0,89399335.286
2025-10-11 21:00:00,175.23,177.32,172.34,176.52,4355134.0,76254729.002
2025-10-11 22:00:00,176.52,177.78,175.54,177.03,2077025.0,36713796.692
2025-10-11 23:00:00,177.03,178.39,176.37,177.19,2024367.0,35903125.597
2025-10-12 00:00:00,177.19,177.29,172.62,172.93,5055959.0,88464868.596
2025-10-12 01:00:00,172.93,175.11,172.8,173.73,3033275.0,52719020.471
2025-10-12 02:00:00,173.73,176.3,173.12,174.51,2271895.0,39660362.949
2025-10-12 03:00:00,174.51,178.23,174.09,176.77,2428705.0,42937736.414
2025-10-12 04:00:00,176.77,180.46,176.33,179.72,1948366.0,34879601.376
2025-10-12 05:00:00,179.72,181.64,179.21,181.07,1484395.0,26810262.711
2025-10-12 06:00:00,181.07,182.38,180.46,182.29,2161928.0,39258916.269
2025-10-12 07:00:00,182.29,182.75,181.19,182.33,2267802.0,41299828.865
2025-10-12 08:00:00,182.33,182.48,181.12,181.52,1345113.0,24466047.484
2025-10-12 09:00:00,181.52,181.99,180.03,181.74,3268424.0,59106826.747
2025-10-12 10:00:00,181.74,182.51,180.36,180.45,2804107.0,50831632.669
2025-10-12 11:00:00,180.45,181.69,180.26,180.77,1917658.0,34678375.186
2025-10-12 12:00:00,180.77,182.99,180.56,181.5,3642207.0,66234750.575
2025-10-12 13:00:00,181.5,181.62,178.02,179.03,5494257.0,98735823.546
2025-10-12 14:00:00,179.03,188.8,178.91,186.14,6394017.0,117362479.773
2025-10-12 15:00:00,186.14,191.61,185.41,190.94,8718898.0,165155177.32
2025-10-12 16:00:00,190.94,195.27,190.93,193.53,7477946.0,144376745.791
2025-10-12 17:00:00,193.53,195.76,192.97,194.21,3964116.0,77105905.777
2025-10-12 18:00:00,194.21,195.24,191.44,193.5,3503410.0,67659695.11
2025-10-12 19:00:00,193.5,196.34,193.15,195.63,3333119.0,65064002.893
2025-10-12 20:00:00,195.63,198.82,195.14,196.55,5262148.0,103469277.388
2025-10-12 21:00:00,196.55,197.76,192.87,195.46,4151528.0,81063504.115
2025-10-12 22:00:00,195.46,197.92,195.31,197.27,3861344.0,76000839.207
2025-10-12 23:00:00,197.27,197.33,195.15,196.92,2014568.0,39537177.402
2025-10-13 00:00:00,196.92,199.13,195.58,197.1,4896485.0,96277711.141
2025-10-13 01:00:00,197.1,199.39,195.85,199.32,1889933.0,37414494.329
2025-10-13 02:00:00,199.32,199.87,195.47,196.07,2324809.0,45772400.83
2025-10-13 03:00:00,196.07,196.94,194.12,194.62,1425552.0,27859109.259
2025-10-13 04:00:00,194.62,196.34,194.08,196.07,1039351.0,20283616.038
2025-10-13 05:00:00,196.07,196.16,193.56,193.95,1369852.0,26611786.572
2025-10-13 06:00:00,193.95,197.3,192.78,196.95,3106061.0,60783535.898
2025-10-13 07:00:00,196.95,199.44,195.8,196.65,4805171.0,95000246.359
2025-10-13 08:00:00,196.65,198.5,195.99,198.06,2492634.0,49190836.254
2025-10-13 09:00:00,198.06,198.07,196.5,196.86,2457885.0,48472879.886
2025-10-13 10:00:00,196.86,196.93,194.75,195.29,2986133.0,58408579.179
2025-10-13 11:00:00,195.29,195.44,190.04,192.48,7496499.0,144336401.488
2025-10-13 12:00:00,192.48,194.35,191.27,191.77,3700008.0,71380252.923
2025-10-13 13:00:00,191.77,196.86,191.21,196.1,5968114.0,115836994.664
2025-10-13 14:00:00,196.1,196.7,192.34,193.26,4793439.0,93085675.814
2025-10-13 15:00:00,193.26,197.58,193.12,196.28,5428421.0,106338606.349
2025-10-13 16:00:00,196.28,200.26,196.12,199.99,5567544.0,110409041.826
2025-10-13 17:00:00,199.99,205.73,199.92,204.97,5641816.0,113876022.291
2025-10-13 18:00:00,204.97,206.57,203.86,205.82,4672924.0,95962338.369
2025-10-13 19:00:00,205.82,208.63,205.47,206.99,4756321.0,98556962.514
2025-10-13 20:00:00,206.99,208.68,206.68,208.46,2502274.0,51912805.209
2025-10-13 21:00:00,208.46,208.86,207.61,207.88,1971477.0,41019124.64
2025-10-13 22:00:00,207.88,209.19,207.56,208.32,1969869.0,41040382.562
2025-10-13 23:00:00,208.32,209.1,207.21,208.58,1323871.0,27554075.185
2025-10-14 00:00:00,208.58,211.12,207.95,209.19,3204995.0,67153132.435
2025-10-14 01:00:00,209.19,210.04,207.75,208.32,2247835.0,46945338.277
2025-10-14 02:00:00,208.32,208.5,205.7,206.18,2321415.0,48062017.008
2025-10-14 03:00:00,206.18,206.85,204.86,205.61,1737538.0,35765065.15
2025-10-14 04:00:00,205.61,205.75,201.0,202.04,2974677.0,60450275.068
2025-10-14 05:00:00,202.04,203.73,198.91,199.61,3185135.0,64102257.525
2025-10-14 06:00:00,199.61,200.7,192.04,195.23,7428491.0,145997161.445
2025-10-14 07:00:00,195.23,197.14,193.25,194.39,6007931.0,117330228.327
2025-10-14 08:00:00,194.39,196.9,193.06,196.04,4392103.0,85663761.191
2025-10-14 09:00:00,196.04,197.43,193.96,194.83,3115841.0,61070861.745
2025-10-14 10:00:00,194.83,194.83,190.96,194.12,6163422.0,118909725.657
2025-10-14 11:00:00,194.12,196.97,193.93,195.23,4511305.0,88200054.341
2025-10-14 12:00:00,195.23,195.23,192.3,193.25,4725751.0,91336304.021
2025-10-14 13:00:00,193.25,195.6,191.41,194.95,9539809.0,184536085.84
2025-10-14 14:00:00,194.95,198.71,194.25,195.77,8353845.0,164357880.115
2025-10-14 15:00:00,195.77,202.48,194.4,202.02,5825972.0,115402537.596
2025-10-14 16:00:00,202.02,206.2,199.84,202.37,7729547.0,156857217.5
2025-10-14 17:00:00,202.37,204.51,199.11,201.59,6285135.0,127097655.427
2025-10-14 18:00:00,201.59,204.04,200.4,201.37,5094759.0,103186054.194
2025-10-14 19:00:00,201.37,203.62,197.0,198.37,4234839.0,84945513.672
2025-10-14 20:00:00,198.37,200.52,198.02,200.52,2402501.0,47930880.743
2025-10-14 21:00:00,200.52,201.46,198.21,201.12,2249091.0,44932784.899
2025-10-14 22:00:00,201.12,202.05,200.2,201.37,2029144.0,40815419.135
2025-10-14 23:00:00,201.37,203.32,201.35,202.37,1753075.0,35519222.524
2025-10-15 00:00:00,202.37,203.94,201.13,203.9,2932528.0,59313554.405
2025-10-15 01:00:00,203.9,204.0,201.02,203.65,2980191.0,60314816.629
2025-10-15 02:00:00,203.65,205.73,202.96,203.31,2708625.0,55374526.259
2025-10-15 03:00:00,203.31,203.61,200.82,201.55,1766978.0,35700950.791
2025-10-15 04:00:00,201.55,203.48,200.37,203.35,1649579.0,33310223.841
2025-10-15 05:00:00,203.35,204.77,202.72,204.34,1487602.0,30324554.433
2025-10-15 06:00:00,204.34,205.27,201.83,204.55,2280412.0,46382397.727
2025-10-15 07:00:00,204.55,204.99,203.09,204.59,2210033.0,45100666.752
2025-10-15 08:00:00,204.59,208.81,204.36,206.06,4918370.0,101580010.746
2025-10-15 09:00:00,206.06,207.28,205.21,205.92,2304724.0,47545984.761
2025-10-15 10:00:00,205.92,206.24,203.36,203.82,3918167.0,80209610.887
2025-10-15 11:00:00,203.82,204.68,201.93,202.49,3402878.0,69097846.199
2025-10-15 12:00:00,202.49,203.63,201.51,202.98,3829539.0,77609918.055
2025-10-15 13:00:00,202.98,204.24,198.1,201.13,7681695.0,154687843.725
2025-10-15 14:00:00,201.13,204.84,198.31,199.38,8017527.0,161831808.039
2025-10-15 15:00:00,199.38,200.25,196.16,197.05,6720589.0,133084016.061
2025-10-15 16:00:00,197.05,198.66,196.8,197.29,3595344.0,71065599.587
2025-10-15 17:00:00,197.29,198.09,195.1,198.08,5654068.0,111097923.025
2025-10-15 18:00:00,198.08,198.21,196.21,197.93,7400136.0,145903301.504
2025-10-15 19:00:00,197.93,197.98,194.1,194.7,7847690.0,153656895.112
2025-10-15 20:00:00,194.7,196.48,192.12,194.1,7905970.0,153723721.984
2025-10-15 21:00:00,194.1,195.16,191.94,192.74,11165706.0,216041103.376
2025-10-15 22:00:00,192.74,194.48,192.44,193.21,7590206.0,146820284.714
2025-10-15 23:00:00,193.21,194.71,192.88,193.7,6712199.0,130060862.249
2025-10-16 00:00:00,193.7,194.5,193.02,193.78,3686683.0,71448018.851
2025-10-16 01:00:00,193.78,195.33,193.7,194.95,2746418.0,53442891.198
2025-10-16 02:00:00,194.95,196.09,194.1,195.37,2794613.0,54548215.017
2025-10-16 03:00:00,195.37,195.97,193.3,193.48,3140378.0,61194842.972
2025-10-16 04:00:00,193.48,194.53,192.25,192.36,2422472.0,46844836.239
2025-10-16 05:00:00,192.36,194.32,191.26,192.35,3580624.0,69026547.906
2025-10-16 06:00:00,192.35,195.48,192.35,195.1,3645408.0,70751683.737
2025-10-16 07:00:00,195.1,195.25,192.23,192.79,4650210.0,89858974.498
2025-10-16 08:00:00,192.79,193.36,191.79,192.36,3785505.0,72905256.291
2025-10-16 09:00:00,192.36,194.57,186.55,193.78,11765583.0,225051938.089
2025-10-16 10:00:00,193.78,196.6,193.53,195.64,6069478.0,118541332.714
2025-10-16 11:00:00,195.64,197.08,194.41,196.68,5155234.0,100869920.921
2025-10-16 12:00:00,196.68,197.93,195.86,196.89,7668865.0,150953023.115
2025-10-16 13:00:00,196.89,198.28,195.09,195.72,9832862.0,193415334.557
2025-10-16 14:00:00,195.72,196.46,191.34,193.9,12824486.0,248871214.416
2025-10-16 15:00:00,193.9,194.18,186.47,187.5,10618504.0,202188567.757
2025-10-16 16:00:00,187.5,192.17,186.26,192.16,9230341.0,173745988.992
2025-10-16 17:00:00,192.16,192.22,188.74,189.51,8179937.0,155371269.538
2025-10-16 18:00:00,189.51,189.75,186.75,189.23,8062127.0,151750766.929
2025-10-16 19:00:00,189.23,189.4,183.37,184.92,11075624.0,206247715.642
2025-10-16 20:00:00,184.92,186.04,181.94,182.72,11236629.0,206322478.596
2025-10-16 21:00:00,182.72,185.7,182.66,185.51,8380376.0,154294407.354
2025-10-16 22:00:00,185.51,185.87,183.01,183.06,4884709.0,90105093.613
2025-10-16 23:00:00,183.06,185.05,182.83,184.75,3752427.0,69048200.172
2025-10-17 00:00:00,184.75,186.34,184.17,186.15,5287425.0,98089054.089
2025-10-17 01:00:00,186.15,187.43,184.66,185.56,7641761.0,142116223.313
2025-10-17 02:00:00,185.56,187.3,184.56,186.66,5793447.0,107550909.872
2025-10-17 03:00:00,186.66,187.38,186.16,186.94,3688783.0,68889663.209
2025-10-17 04:00:00,186.94,187.39,186.26,186.99,3307032.0,61790010.671
2025-10-17 05:00:00,186.99,187.39,185.35,185.62,4447480.0,82896538.714
2025-10-17 06:00:00,185.62,186.42,179.84,180.31,10948409.0,200009547.9
2025-10-17 07:00:00,180.31,180.71,177.31,177.72,10011390.0,179027645.008
2025-10-17 08:00:00,177.72,178.9,175.35,175.48,10791106.0,190987958.013
2025-10-17 09:00:00,175.48,180.39,175.32,176.75,9679532.0,171849147.688
2025-10-17 10:00:00,176.75,177.92,174.01,177.36,12352596.0,217332475.127
2025-10-17 11:00:00,177.36,182.63,177.18,181.39,12781183.0,231061583.25
2025-10-17 12:00:00,181.39,182.51,179.87,180.0,7795631.0,141239768.94
2025-10-17 13:00:00,180.0,182.06,177.9,180.59,12550552.0,226411171.316
2025-10-17 14:00:00,180.59,180.96,176.21,178.33,11844667.0,211760619.049
2025-10-17 15:00:00,178.33,182.73,177.93,182.65,9167158.0,164987072.125
2025-10-17 16:00:00,182.65,184.93,181.69,182.26,12657040.0,231987338.683
2025-10-17 17:00:00,182.26,184.45,182.01,183.65,9550496.0,174914835.96
2025-10-17 18:00:00,183.65,185.31,183.09,183.34,7251036.0,133420863.407
2025-10-17 19:00:00,183.34,184.08,181.32,181.8,5823413.0,106274678.649
2025-10-17 20:00:00,181.8,183.93,181.35,183.54,7518993.0,137568391.646
2025-10-17 21:00:00,183.54,186.01,183.34,185.28,5755156.0,106456637.362
2025-10-17 22:00:00,185.28,185.8,183.05,183.85,4829879.0,88928536.739
2025-10-17 23:00:00,183.85,183.88,181.71,181.89,3575016.0,65249558.104
2025-10-18 00:00:00,181.89,183.45,181.67,182.76,4210384.0,76897608.935
2025-10-18 01:00:00,182.76,184.75,182.55,184.5,5388262.0,99155167.481
2025-10-18 02:00:00,184.5,185.44,183.27,183.62,4596118.0,84656850.909
2025-10-18 03:00:00,183.62,185.38,183.59,184.72,4459619.0,82342477.139
2025-10-18 04:00:00,184.72,184.72,183.02,183.33,4150842.0,76327380.511
2025-10-18 05:00:00,183.33,184.7,183.33,184.45,4723273.0,86986022.479
2025-10-18 06:00:00,184.45,186.51,184.12,186.23,5717344.0,106087682.657
2025-10-18 07:00:00,186.23,188.17,185.79,186.18,8760060.0,164007241.221
2025-10-18 08:00:00,186.18,187.06,185.65,185.8,4864468.0,90693322.492
2025-10-18 09:00:00,185.8,186.57,185.24,185.82,4654645.0,86499184.399
2025-10-18 10:00:00,185.82,186.13,184.27,185.04,4958891.0,91953788.935
2025-10-18 11:00:00,185.04,186.02,184.5,186.02,4557221.0,84366644.857
2025-10-18 12:00:00,186.02,187.28,185.6,185.96,5057202.0,94185537.805
2025-10-18 13:00:00,185.96,186.03,184.67,185.11,6146006.0,113824715.412
2025-10-18 14:00:00,185.11,186.14,183.87,185.64,7789857.0,144088973.602
2025-10-18 15:00:00,185.64,185.88,184.5,184.95,5366276.0,99350569.727
2025-10-18 16:00:00,184.95,185.46,183.24,184.16,6294504.0,115877781.52
2025-10-18 17:00:00,184.16,186.06,183.7,185.88,5974104.0,110458079.352
2025-10-18 18:00:00,185.88,186.1,185.19,185.76,3938250.0,73109306.913
2025-10-18 19:00:00,185.76,186.34,185.54,186.29,4191097.0,77934580.485
2025-10-18 20:00:00,186.29,187.63,186.05,186.51,5182202.0,96855160.613
2025-10-18 21:00:00,186.51,187.19,185.82,187.06,4873625.0,90954350.106
2025-10-18 22:00:00,187.06,187.79,186.71,187.17,5212053.0,97612037.446
2025-10-18 23:00:00,187.17,187.68,186.84,187.47,4400161.0,82385890.896
2025-10-19 00:00:00,187.47,187.79,185.15,185.64,5799101.0,108030883.856
2025-10-19 01:00:00,185.64,185.81,184.8,185.77,5232082.0,96936139.626
2025-10-19 02:00:00,185.77,185.87,185.14,185.7,4617386.0,85671571.502
2025-10-19 03:00:00,185.7,187.07,184.88,186.94,5276262.0,98133140.85
2025-10-19 04:00:00,186.94,187.07,186.26,186.7,3155028.0,58883745.175
2025-10-19 05:00:00,186.7,187.62,186.25,186.44,3849638.0,71970028.738
2025-10-19 06:00:00,186.44,186.82,185.08,185.48,3643507.0,67693444.897
2025-10-19 07:00:00,185.48,186.06,185.13,185.81,3556163.0,66008542.875
2025-10-19 08:00:00,185.81,187.45,183.66,184.07,9736586.0,180194237.988
2025-10-19 09:00:00,184.07,188.65,183.06,187.13,10499498.0,194468418.401
2025-10-19 10:00:00,187.13,189.91,186.67,189.01,9424656.0,177497705.122
2025-10-19 11:00:00,189.01,189.99,188.51,188.92,7651917.0,144784496.232
2025-10-19 12:00:00,188.92,189.3,188.05,188.72,6174546.0,116463628.497
2025-10-19 13:00:00,188.72,190.99,188.24,190.51,9106698.0,172575070.222
2025-10-19 14:00:00,190.51,191.61,189.68,191.47,7861173.0,149978902.307
2025-10-19 15:00:00,191.47,191.57,190.11,190.66,4749523.0,90520196.433
2025-10-19 16:00:00,190.66,191.51,189.83,190.76,5919621.0,112852481.284
2025-10-19 17:00:00,190.76,192.18,189.57,189.82,8407244.0,160608955.992
2025-10-19 18:00:00,189.82,190.26,189.03,189.82,4885906.0,92655088.597
2025-10-19 19:00:00,189.82,189.82,188.21,188.81,6069530.0,114609913.2
2025-10-19 20:00:00,188.81,189.79,188.52,189.55,5001248.0,94582723.044
2025-10-19 21:00:00,189.55,189.72,188.25,189.17,5079315.0,95965887.612
2025-10-19 22:00:00,189.17,190.05,188.81,189.71,4866211.0,92215500.132
2025-10-19 23:00:00,189.71,189.74,186.82,187.78,4461763.0,83861828.786
2025-10-20 00:00:00,187.78,187.78,183.68,185.51,8450245.0,156553710.207
2025-10-20 01:00:00,185.51,186.25,184.87,185.55,3961506.0,73510466.249
2025-10-20 02:00:00,185.55,187.29,184.02,186.73,6236141.0,115794616.675
2025-10-20 03:00:00,186.73,191.67,185.77,191.12,6998979.0,131782077.497
2025-10-20 04:00:00,191.12,192.4,190.53,192.07,7827160.0,149889149.46
2025-10-20 05:00:00,192.07,193.37,191.52,192.91,8339488.0,160488523.663
2025-10-20 06:00:00,192.91,194.22,192.66,193.82,7373818.0,142585940.087
2025-10-20 07:00:00,193.82,194.41,192.74,192.98,5479665.0,106028431.67
2025-10-20 08:00:00,192.98,194.1,192.12,192.9,5900556.0,113885323.163
2025-10-20 09:00:00,192.9,193.59,192.45,193.12,4823457.0,93060614.008
2025-10-20 10:00:00,193.12,193.68,191.29,191.54,6762080.0,130189621.613
2025-10-20 11:00:00,191.54,192.19,190.9,192.1,6368178.0,121926505.321
2025-10-20 12:00:00,192.1,192.72,191.55,192.67,5756053.0,110533303.792
2025-10-20 13:00:00,192.67,192.95,191.5,192.31,8834853.0,169906594.621
2025-10-20 14:00:00,192.31,192.51,190.65,191.3,9769321.0,186980505.732
2025-10-20 15:00:00,191.3,192.25,190.37,190.41,9256882.0,177161799.546
2025-10-20 16:00:00,190.41,190.41,186.6,187.44,14545358.0,273965135.24
2025-10-20 17:00:00,187.44,188.44,185.43,187.56,9518057.0,177978663.682
2025-10-20 18:00:00,187.56,188.46,187.09,188.11,7358541.0,138128779.749
2025-10-20 19:00:00,188.11,189.35,187.42,188.72,6941006.0,130722907.669
2025-10-20 20:00:00,188.72,190.44,188.14,190.44,7561221.0,143180820.066
2025-10-20 21:00:00,190.44,191.07,188.68,188.89,6203347.0,117757401.89
2025-10-20 22:00:00,188.89,190.82,188.66,190.66,4830000.0,91782429.757
2025-10-20 23:00:00,190.66,190.76,189.4,189.64,4263663.0,81023360.683
2025-10-21 00:00:00,189.64,190.14,188.58,188.9,4002436.0,75769976.367
2025-10-21 01:00:00,188.9,189.17,186.09,186.65,4464118.0,83805106.856
2025-10-21 02:00:00,186.65,186.84,185.37,185.97,4642321.0,86378201.985
2025-10-21 03:00:00,185.97,186.49,185.18,185.44,3280220.0,60998299.203
2025-10-21 04:00:00,185.44,185.56,183.03,183.66,6660553.0,122557755.232
2025-10-21 05:00:00,183.66,184.29,182.65,183.73,3990882.0,73262266.045
2025-10-21 06:00:00,183.73,184.93,183.05,184.35,4569196.0,84140379.305
2025-10-21 07:00:00,184.35,185.09,183.58,184.87,3736134.0,68909834.628
2025-10-21 08:00:00,184.87,184.88,183.62,184.15,4782299.0,88026586.635
2025-10-21 09:00:00,184.15,184.4,183.64,184.26,2799701.0,51534795.64
2025-10-21 10:00:00,184.26,186.6,184.04,185.79,6770169.0,125499124.234
2025-10-21 11:00:00,185.79,186.44,184.93,186.15,5158347.0,95775488.28
2025-10-21 12:00:00,186.15,187.65,185.76,186.33,8649559.0,161583876.939
2025-10-21 13:00:00,186.33,186.88,183.88,185.02,9657455.0,179168922.894
2025-10-21 14:00:00,185.02,192.71,184.88,192.63,18552100.0,350607679.266
2025-10-21 15:00:00,192.63,197.14,191.83,196.19,19468646.0,378763932.099
2025-10-21 16:00:00,196.19,197.69,192.1,192.56,14312988.0,280539902.556
2025-10-21 17:00:00,192.56,195.42,192.08,194.84,11298837.0,219083197.073
2025-10-21 18:00:00,194.84,195.43,193.52,194.15,7559655.0,146899551.486
2025-10-21 19:00:00,194.15,194.57,193.04,193.88,6278487.0,121785665.019
2025-10-21 20:00:00,193.88,194.24,190.79,191.34,8924015.0,171357690.502
2025-10-21 21:00:00,191.34,191.72,187.73,191.27,9364255.0,178176249.926
2025-10-21 22:00:00,191.27,191.46,187.66,188.48,7708734.0,145909426.878
2025-10-21 23:00:00,188.48,188.88,185.03,185.57,9122233.0,170527886.489
2025-10-22 00:00:00,185.57,186.51,184.03,185.55,6639649.0,122964008.379
2025-10-22 01:00:00,185.55,187.07,185.5,186.86,5485466.0,102156702.587
2025-10-22 02:00:00,186.86,187.34,185.77,185.78,3109118.0,58002104.426
2025-10-22 03:00:00,185.78,185.84,184.3,185.11,4225634.0,78181494.376
2025-10-22 04:00:00,185.11,186.15,184.9,185.74,3427398.0,63623388.728
2025-10-22 05:00:00,185.74,185.84,183.14,184.45,5048099.0,93042760.003
2025-10-22 06:00:00,184.45,184.84,183.75,183.94,3890891.0,71693148.695
2025-10-22 07:00:00,183.94,185.0,183.3,184.9,4220331.0,77710867.193
2025-10-22 08:00:00,184.9,185.13,184.09,184.59,3528766.0,65121841.757
2025-10-22 09:00:00,184.59,184.8,183.28,183.94,4483662.0,82481639.822
2025-10-22 10:00:00,183.94,184.41,183.07,183.46,4104611.0,75416852.717
2025-10-22 11:00:00,183.46,185.86,181.79,184.98,12672260.0,233548932.377
2025-10-22 12:00:00,184.98,186.83,184.36,185.74,7449046.0,138381945.073
2025-10-22 13:00:00,185.74,186.79,184.05,186.4,12516855.0,232075786.259
2025-10-22 14:00:00,186.4,186.56,181.21,185.39,17180832.0,315510337.779
2025-10-22 15:00:00,185.39,185.98,182.21,183.88,10853747.0,199476400.083
2025-10-22 16:00:00,183.88,184.9,182.44,183.54,8166807.0,150065697.545
2025-10-22 17:00:00,183.54,184.14,181.23,181.56,6893266.0,125984704.587
2025-10-22 18:00:00,181.56,182.23,180.07,180.79,7416615.0,134172794.983
2025-10-22 19:00:00,180.79,182.42,176.93,180.12,10529399.0,190088410.339
2025-10-22 20:00:00,180.12,180.68,179.06,180.06,9982439.0,179584684.731
2025-10-22 21:00:00,180.06,180.17,177.1,178.28,11229179.0,200348091.66
2025-10-22 22:00:00,178.28,179.49,177.64,178.73,7024806.0,125399466.268
2025-10-22 23:00:00,178.73,180.43,178.64,179.98,5418593.0,97419891.38
2025-10-23 00:00:00,179.98,181.02,179.55,180.92,3905236.0,70403494.113
2025-10-23 01:00:00,180.92,181.96,180.52,181.71,5897601.0,106929645.47
2025-10-23 02:00:00,181.71,182.4,181.3,182.22,3418388.0,62167774.396
2025-10-23 03:00:00,182.22,183.29,181.96,182.73,4150560.0,75831119.698
2025-10-23 04:00:00,182.73,184.18,182.56,183.93,3884325.0,71270938.929
2025-10-23 05:00:00,183.93,184.73,183.74,184.72,3062272.0,56422567.37
2025-10-23 06:00:00,184.72,187.47,184.45,187.33,7570101.0,140884023.251
2025-10-23 07:00:00,187.33,187.92,186.1,187.42,6005461.0,112347403.925
2025-10-23 08:00:00,187.42,188.66,187.4,187.9,6969849.0,130997947.703
2025-10-23 09:00:00,187.9,188.84,187.37,188.28,5543518.0,104247174.898
2025-10-23 10:00:00,188.28,189.25,188.12,188.16,5465547.0,103091227.54
2025-10-23 11:00:00,188.16,189.42,187.44,187.91,6691240.0,126070533.344
2025-10-23 12:00:00,187.91,189.3,186.42,189.24,9455344.0,177848705.171
2025-10-23 13:00:00,189.24,192.56,188.34,190.29,13124990.0,249937597.445
2025-10-23 14:00:00,190.29,191.25,188.1,189.72,12974536.0,245905240.817
2025-10-23 15:00:00,189.72,191.83,189.38,190.97,11058981.0,211031627.608
2025-10-23 16:00:00,190.97,192.38,190.34,191.84,7825201.0,149632741.889
2025-10-23 17:00:00,191.84,193.42,190.06,192.37,10283266.0,197284733.995
2025-10-23 18:00:00,192.37,192.79,190.74,191.45,5766096.0,110498881.588
2025-10-23 19:00:00,191.45,191.79,190.46,191.08,4390712.0,83954970.277
2025-10-23 20:00:00,191.08,191.24,188.19,188.71,7322276.0,139091293.471
2025-10-23 21:00:00,188.71,189.4,188.43,188.69,4592704.0,86781677.725
2025-10-23 22:00:00,188.69,190.59,188.57,190.28,5484419.0,103987492.813
2025-10-23 23:00:00,190.28,191.43,190.28,191.25,3980192.0,75977744.022
2025-10-24 00:00:00,191.25,193.81,190.85,192.41,7039129.0,135265702.816
2025-10-24 01:00:00,192.41,193.28,192.01,192.85,3649402.0,70318166.873
2025-10-24 02:00:00,192.85,192.98,191.29,192.11,4328913.0,83203473.749
2025-10-24 03:00:00,192.11,192.27,190.73,191.22,3039714.0,58194869.603
2025-10-24 04:00:00,191.22,194.59,190.75,193.39,5550429.0,107098115.677
2025-10-24 05:00:00,193.39,193.79,192.83,193.22,3328723.0,64343662.137
2025-10-24 06:00:00,193.22,193.6,192.49,193.21,2677358.0,51677646.678
2025-10-24 07:00:00,193.21,193.34,191.42,192.08,4264304.0,82042291.697
2025-10-24 08:00:00,192.08,193.43,191.62,192.86,4803262.0,92501077.993
2025-10-24 09:00:00,192.86,193.3,191.81,192.02,4140381.0,79761715.809
2025-10-24 10:00:00,192.02,192.09,191.34,191.7,3409719.0,65362927.97
2025-10-24 11:00:00,191.7,192.12,190.47,192.01,4587091.0,87811225.244
2025-10-24 12:00:00,192.01,196.8,192.01,193.5,12512315.0,242522009.588
2025-10-24 13:00:00,193.5,194.18,190.72,192.35,9397452.0,180851864.943
2025-10-24 14:00:00,192.35,192.35,189.37,190.08,10083874.0,192267804.852
2025-10-24 15:00:00,190.08,190.82,188.71,189.35,8180093.0,155137219.553
2025-10-24 16:00:00,189.35,190.63,188.68,190.56,5126526.0,97257625.217
2025-10-24 17:00:00,190.56,191.65,190.29,191.03,5460144.0,104340759.545
2025-10-24 18:00:00,191.03,191.82,190.9,191.71,4354845.0,83360335.724
2025-10-24 19:00:00,191.71,193.56,191.68,192.95,7497386.0,144556851.69
2025-10-24 20:00:00,192.95,194.05,192.68,193.5,5887611.0,113932504.367
2025-10-24 21:00:00,193.5,193.95,193.11,193.69,5118637.0,99079114.103
2025-10-24 22:00:00,193.69,194.11,193.07,193.71,3667329.0,70979331.681
2025-10-24 23:00:00,193.71,193.71,192.97,193.5,3118250.0,60286956.471
2025-10-25 00:00:00,193.5,193.57,192.34,192.88,5121301.0,98753324.147
2025-10-25 01:00:00,192.88,194.43,192.79,193.69,4578649.0,88627819.953
2025-10-25 02:00:00,193.69,194.14,193.26,193.77,2068212.0,40042395.632
2025-10-25 03:00:00,193.77,193.96,193.18,193.35,1947439.0,37684733.55
2025-10-25 04:00:00,193.35,194.4,193.33,194.11,2664330.0,51639169.054
2025-10-25 05:00:00,194.11,194.68,193.4,194.35,2745328.0,53278925.507
2025-10-25 06:00:00,194.35,194.69,193.91,193.97,2418320.0,46979697.128
2025-10-25 07:00:00,193.97,194.8,193.69,193.86,3411712.0,66219742.707
2025-10-25 08:00:00,193.86,195.18,193.79,194.76,3825457.0,74454242.42
2025-10-25 09:00:00,194.76,194.81,192.34,192.53,4502879.0,87143053.354
2025-10-25 10:00:00,192.53,192.7,191.11,191.92,4471088.0,85811664.725
2025-10-25 11:00:00,191.92,192.84,191.61,192.64,3616586.0,69542828.384
2025-10-25 12:00:00,192.64,194.22,192.47,193.84,5814389.0,112459591.32
2025-10-25 13:00:00,193.84,193.88,192.37,192.8,4384369.0,84604825.781
2025-10-25 14:00:00,192.8,192.83,191.9,192.55,4113013.0,79156698.308
2025-10-25 15:00:00,192.55,192.55,191.71,191.81,4621853.0,88765756.026
2025-10-25 16:00:00,191.81,192.07,191.36,191.86,4217902.0,80853315.541
2025-10-25 17:00:00,191.86,192.43,191.74,192.28,2302267.0,44240089.993
2025-10-25 18:00:00,192.28,194.29,192.2,194.15,6356310.0,122974122.123
2025-10-25 19:00:00,194.15,194.55,193.78,194.39,3253901.0,63202431.077
2025-10-25 20:00:00,194.39,194.86,193.61,194.05,4186009.0,81317783.978
2025-10-25 21:00:00,194.05,194.74,193.67,194.31,3934830.0,76430539.487
2025-10-25 22:00:00,194.31,194.65,193.83,194.38,2797477.0,54329481.866
2025-10-25 23:00:00,194.38,194.69,193.72,193.76,2645680.0,51377478.948
2025-10-26 00:00:00,193.76,194.31,193.02,193.22,3769402.0,72977332.88
2025-10-26 01:00:00,193.22,193.66,192.26,192.76,2752683.0,53201894.497
2025-10-26 02:00:00,192.76,193.05,191.82,192.15,3242030.0,62421418.181
2025-10-26 03:00:00,192.15,192.99,191.9,192.91,2300110.0,44303919.179
2025-10-26 04:00:00,192.91,193.42,192.72,192.8,1872717.0,36162505.097
2025-10-26 05:00:00,192.8,193.67,192.6,193.48,1902390.0,36747998.321
2025-10-26 06:00:00,193.48,194.05,193.36,193.93,1620809.0,31392414.673
2025-10-26 07:00:00,193.93,194.23,193.71,193.77,2343249.0,45456761.616
2025-10-26 08:00:00,193.77,194.33,193.57,194.24,2609431.0,50613789.18
2025-10-26 09:00:00,194.24,196.38,193.86,195.87,7060734.0,137913299.865
2025-10-26 10:00:00,195.87,196.06,194.56,194.75,4966901.0,96957494.081
2025-10-26 11:00:00,194.75,197.87,194.26,197.67,9828941.0,193079618.309
2025-10-26 12:00:00,197.67,198.46,196.83,197.9,9198260.0,181810982.487
2025-10-26 13:00:00,197.9,199.57,197.4,198.93,9087085.0,180456988.217
2025-10-26 14:00:00,198.93,199.76,198.52,198.72,6476544.0,128890812.046
2025-10-26 15:00:00,198.72,199.68,198.42,199.41,4944036.0,98465385.622
2025-10-26 16:00:00,199.41,199.43,198.05,198.63,7567937.0,150392252.828
2025-10-26 17:00:00,198.63,199.16,198.31,198.83,2655325.0,52801464.317
2025-10-26 18:00:00,198.83,199.6,198.81,199.07,3647033.0,72653310.021
2025-10-26 19:00:00,199.07,199.07,198.42,198.83,3309992.0,65751236.274
2025-10-26 20:00:00,198.83,198.83,197.3,197.36,5429376.0,107488745.205
2025-10-26 21:00:00,197.36,198.42,196.78,198.38,7068728.0,139695344.986
2025-10-26 22:00:00,198.38,202.37,198.38,200.13,10151858.0,202871405.849
2025-10-26 23:00:00,200.13,200.96,199.66,199.99,6312650.0,126398272.549
2025-10-27 00:00:00,199.99,203.56,199.44,203.14,9254705.0,186735595.203
2025-10-27 01:00:00,203.14,204.98,202.66,204.26,6368225.0,129975473.504
2025-10-27 02:00:00,204.26,204.98,203.45,203.86,3279384.0,66968726.412
2025-10-27 03:00:00,203.86,204.49,203.16,204.22,3163017.0,64466798.0
2025-10-27 04:00:00,204.22,204.56,203.1,203.98,2643302.0,53843348.888
2025-10-27 05:00:00,203.98,205.2,203.86,204.22,4208163.0,86102915.049
2025-10-27 06:00:00,204.22,204.88,203.38,204.65,4519106.0,92292457.558
2025-10-27 07:00:00,204.65,205.14,202.15,202.48,5030736.0,102395076.91
2025-10-27 08:00:00,202.48,202.51,199.86,200.45,6523500.0,131121764.285
2025-10-27 09:00:00,200.45,200.49,198.02,199.88,6637447.0,132304848.801
2025-10-27 10:00:00,199.88,200.71,199.53,200.36,3789013.0,75853537.254
2025-10-27 11:00:00,200.36,200.88,198.72,200.06,5557544.0,111048497.023
2025-10-27 12:00:00,200.06,200.2,198.9,199.42,5073149.0,101199717.479
2025-10-27 13:00:00,199.42,200.53,198.33,200.24,8973884.0,179182023.824
2025-10-27 14:00:00,200.24,200.44,198.12,199.08,8875064.0,176774202.347
2025-10-27 15:00:00,199.08,200.42,198.88,199.99,7618006.0,152227913.832
2025-10-27 16:00:00,199.99,203.06,199.92,202.36,10131404.0,204297813.476
2025-10-27 17:00:00,202.36,203.18,201.54,202.17,5933031.0,120066180.372
2025-10-27 18:00:00,202.17,203.1,201.13,201.58,6411105.0,129563807.865
2025-10-27 19:00:00,201.58,201.66,199.71,199.97,7425622.0,148912153.959
2025-10-27 20:00:00,199.97,200.16,198.53,198.61,7336639.0,146203661.087
2025-10-27 21:00:00,198.61,199.49,197.59,198.6,7302065.0,145053470.695
2025-10-27 22:00:00,198.6,199.32,197.91,198.21,4890475.0,97099606.273
2025-10-27 23:00:00,198.21,198.9,197.23,198.62,5198426.0,102907377.989
2025-10-28 00:00:00,198.62,200.23,198.3,199.61,5035891.0,100449722.466
2025-10-28 01:00:00,199.61,201.98,199.61,201.26,4934582.0,99047319.91
2025-10-28 02:00:00,201.26,201.81,199.34,200.71,4803638.0,96440064.745
2025-10-28 03:00:00,200.71,201.84,199.77,201.17,4764018.0,95715222.567
2025-10-28 04:00:00,201.17,202.07,200.27,201.03,4566184.0,91868315.332
2025-10-28 05:00:00,201.03,201.36,198.5,198.64,5500148.0,109931794.544
2025-10-28 06:00:00,198.64,200.83,198.64,200.78,3781860.0,75476071.973
2025-10-28 07:00:00,200.78,202.93,200.58,202.22,6195931.0,125242667.875
2025-10-28 08:00:00,202.22,203.87,201.81,203.26,5031853.0,102083092.546
2025-10-28 09:00:00,203.26,203.67,201.35,201.86,5621233.0,113700708.127
2025-10-28 10:00:00,201.86,201.93,199.74,200.21,5953720.0,119419383.464
2025-10-28 11:00:00,200.21,200.55,199.08,199.6,6249777.0,124900378.274
2025-10-28 12:00:00,199.6,200.28,198.13,200.11,8514754.0,169590552.571
2025-10-28 13:00:00,200.11,202.95,200.03,202.64,13852791.0,279390409.398
2025-10-28 14:00:00,202.64,202.84,196.51,199.41,14077148.0,281893516.105
2025-10-28 15:00:00,199.41,200.65,198.25,198.75,9396226.0,187351622.306
2025-10-28 16:00:00,198.75,200.5,197.8,199.69,9175172.0,182705024.416
2025-10-28 17:00:00,199.69,200.86,199.55,200.74,7358539.0,147378246.145
2025-10-28 18:00:00,200.74,201.18,198.76,199.55,6549028.0,130937284.371
2025-10-28 19:00:00,199.55,200.03,194.24,195.28,14503701.0,285683303.339
2025-10-28 20:00:00,195.28,195.28,191.93,192.4,15004812.0,290156679.171
2025-10-28 21:00:00,192.4,194.28,190.2,193.72,11593310.0,223253498.672
2025-10-28 22:00:00,193.72,195.03,193.18,194.79,6036747.0,117199408.611
2025-10-28 23:00:00,194.79,194.81,193.66,194.05,3759914.0,72985527.735
2025-10-29 00:00:00,194.05,194.99,193.15,193.69,4563840.0,88596839.048
2025-10-29 01:00:00,193.69,194.94,192.67,194.05,4506435.0,87322023.487
2025-10-29 02:00:00,194.05,194.75,193.87,194.58,2915733.0,56662659.704
2025-10-29 03:00:00,194.58,194.58,193.12,193.79,2825289.0,54727173.424
2025-10-29 04:00:00,193.79,194.67,193.65,194.39,1732368.0,33657388.759
2025-10-29 05:00:00,194.39,195.66,194.28,195.04,3210845.0,62633749.205
2025-10-29 06:00:00,195.04,195.6,194.59,195.42,2618085.0,51077182.691
2025-10-29 07:00:00,195.42,195.91,194.98,195.49,3758933.0,73463009.882
2025-10-29 08:00:00,195.49,195.59,193.85,194.42,5524642.0,107468380.091
2025-10-29 09:00:00,194.42,194.67,193.66,194.13,5110451.0,99191597.018
2025-10-29 10:00:00,194.13,197.0,193.86,196.17,10208264.0,200028687.843
2025-10-29 11:00:00,196.17,199.33,195.91,198.68,11601516.0,229725969.795
2025-10-29 12:00:00,198.68,199.82,198.04,199.81,6871649.0,136616915.377
2025-10-29 13:00:00,199.81,201.64,199.03,200.67,17198389.0,344693229.566
2025-10-29 14:00:00,200.67,200.94,198.62,200.0,12763118.0,254849358.396
2025-10-29 15:00:00,200.0,200.61,196.24,196.67,13724695.0,272189147.92
2025-10-29 16:00:00,196.67,196.79,194.59,195.21,14035506.0,274450322.125
2025-10-29 17:00:00,195.21,198.64,194.69,198.33,10280152.0,202171223.799
2025-10-29 18:00:00,198.33,198.41,188.9,193.42,29948511.0,582335513.155
2025-10-29 19:00:00,193.42,195.2,191.19,192.61,20868186.0,403543928.722
2025-10-29 20:00:00,192.61,196.21,191.77,195.47,10524580.0,204423864.022
2025-10-29 21:00:00,195.47,196.99,194.98,195.97,8246952.0,161546331.295
2025-10-29 22:00:00,195.97,196.31,195.1,195.28,4618381.0,90366536.135
2025-10-29 23:00:00,195.28,195.49,192.9,193.78,6471147.0,125771846.122
2025-10-30 00:00:00,193.78,194.67,192.02,194.56,7579487.0,146705059.897
2025-10-30 01:00:00,194.56,195.96,193.37,195.41,6149927.0,119508261.877
2025-10-30 02:00:00,195.41,198.11,195.16,198.1,5315247.0,104480962.463
2025-10-30 03:00:00,198.1,198.14,196.51,197.04,3793165.0,74804493.543
2025-10-30 04:00:00,197.04,197.12,190.15,191.67,13235561.0,255542910.342
2025-10-30 05:00:00,191.67,195.56,191.26,195.03,6480108.0,125238273.461
2025-10-30 06:00:00,195.03,195.33,193.26,194.07,6256185.0,121571704.754
2025-10-30 07:00:00,194.07,196.09,193.79,195.67,4170621.0,81479864.069
2025-10-30 08:00:00,195.67,196.0,194.48,195.25,3669610.0,71631483.436
2025-10-30 09:00:00,195.25,195.35,192.19,192.28,7510684.0,145121681.382
2025-10-30 10:00:00,192.28,192.38,190.92,192.04,8144369.0,156134391.922
2025-10-30 11:00:00,192.04,192.54,191.1,191.71,6793629.0,130374648.429
2025-10-30 12:00:00,191.71,191.94,186.16,187.73,17309068.0,326789450.941
2025-10-30 13:00:00,187.73,188.61,184.72,185.64,17116817.0,319789830.274
2025-10-30 14:00:00,185.64,187.7,185.57,187.11,13633731.0,254506267.529
2025-10-30 15:00:00,187.11,187.51,184.35,184.93,12837481.0,238477532.298
2025-10-30 16:00:00,184.93,186.2,183.78,185.2,11110212.0,205640261.557
2025-10-30 17:00:00,185.2,185.22,181.29,183.68,12919221.0,236421887.483
2025-10-30 18:00:00,183.68,183.84,180.41,181.19,9675827.0,176070755.732
2025-10-30 19:00:00,181.19,181.78,178.46,179.0,12300643.0,221581768.492
2025-10-30 20:00:00,179.0,182.45,178.63,182.12,13974803.0,252174535.794
2025-10-30 21:00:00,182.12,182.62,181.06,182.28,7848200.0,142781921.12
2025-10-30 22:00:00,182.28,183.52,181.99,183.5,5436184.0,99359054.697
2025-10-30 23:00:00,183.5,184.59,182.43,184.51,8031987.0,147405022.311
2025-10-31 00:00:00,184.51,186.4,183.92,185.31,5953201.0,110038587.739
2025-10-31 01:00:00,185.31,186.75,184.9,186.12,6246598.0,116254719.116
2025-10-31 02:00:00,186.12,186.19,183.54,184.5,7502807.0,138657276.956
2025-10-31 03:00:00,184.5,185.62,184.01,185.01,5788065.0,107022019.96
2025-10-31 04:00:00,185.01,186.94,184.81,186.49,5050851.0,94034027.605
2025-10-31 05:00:00,186.49,186.49,185.16,185.61,4340503.0,80579348.403
2025-10-31 06:00:00,185.61,185.79,184.81,185.47,2941831.0,54487623.775
2025-10-31 07:00:00,185.47,186.01,184.6,185.22,4311281.0,79932959.871
2025-10-31 08:00:00,185.22,186.45,184.44,186.38,5537644.0,102664535.347
2025-10-31 09:00:00,186.38,186.92,185.81,186.48,6308125.0,117570921.138
2025-10-31 10:00:00,186.48,187.28,186.02,186.29,7255159.0,135381793.624
2025-10-31 11:00:00,186.29,189.08,186.1,188.75,8581761.0,160598816.147
2025-10-31 12:00:00,188.75,189.33,186.28,186.43,8619424.0,162062175.593
2025-10-31 13:00:00,186.43,188.52,185.89,188.26,9213554.0,172363818.65
2025-10-31 14:00:00,188.26,189.38,186.86,188.97,9540474.0,179278541.837
2025-10-31 15:00:00,188.97,190.16,187.78,187.99,10685530.0,201823727.457
2025-10-31 16:00:00,187.99,188.5,184.53,184.95,9996127.0,186378976.48
2025-10-31 17:00:00,184.95,185.87,184.26,185.26,8027225.0,148547913.472
2025-10-31 18:00:00,185.26,186.5,184.38,185.87,6884114.0,127713058.731
2025-10-31 19:00:00,185.87,188.95,184.92,188.32,8077156.0,151366072.115
2025-10-31 20:00:00,188.32,188.67,186.64,186.79,7747083.0,145480024.111
2025-10-31 21:00:00,186.79,187.6,186.33,187.16,5226767.0,97734233.311
2025-10-31 22:00:00,187.16,187.8,186.85,187.18,3135562.0,58735832.409
2025-10-31 23:00:00,187.18,187.73,187.0,187.11,3997672.0,74930808.199
2025-11-01 00:00:00,187.11,187.24,185.9,187.01,5105021.0,95270088.163
2025-11-01 01:00:00,187.01,187.35,186.01,186.04,2768684.0,51709443.169
2025-11-01 02:00:00,186.04,186.64,185.38,186.5,2950695.0,54844566.503
2025-11-01 03:00:00,186.5,187.36,186.47,187.1,2456851.0,45922288.09
2025-11-01 04:00:00,187.1,187.46,186.19,186.98,3278472.0,61207102.077
2025-11-01 05:00:00,186.98,187.04,186.0,186.12,2603542.0,48559223.44
2025-11-01 06:00:00,186.12,186.28,184.89,185.63,4401380.0,81676714.149
2025-11-01 07:00:00,185.63,186.29,185.21,185.71,3279245.0,60897004.895
2025-11-01 08:00:00,185.71,186.48,185.55,186.47,2001245.0,37223673.649
2025-11-01 09:00:00,186.47,186.62,185.63,185.72,3344220.0,62253124.749
2025-11-01 10:00:00,185.72,186.3,185.18,186.03,3665067.0,68043571.094
2025-11-01 11:00:00,186.03,186.5,185.55,186.08,3377705.0,62818850.945
2025-11-01 12:00:00,186.08,186.5,186.08,186.26,3560650.0,66340589.691
2025-11-01 13:00:00,186.26,186.36,184.66,185.22,6364657.0,118033136.157
2025-11-01 14:00:00,185.22,185.5,183.65,184.92,7220840.0,133241108.884
2025-11-01 15:00:00,184.92,186.38,184.77,186.31,8525529.0,158307947.849
2025-11-01 16:00:00,186.31,187.02,185.86,186.32,8874467.0,165445928.825
2025-11-01 17:00:00,186.32,186.45,184.77,184.89,7163189.0,132905756.53
2025-11-01 18:00:00,184.89,185.69,184.73,185.66,3311085.0,61317629.906
2025-11-01 19:00:00,185.66,186.2,185.31,186.17,3144502.0,58388459.987
2025-11-01 20:00:00,186.17,186.88,186.04,186.41,4031223.0,75173658.328
2025-11-01 21:00:00,186.41,186.53,185.18,185.25,4025824.0,74862111.422
2025-11-01 22:00:00,185.25,186.18,184.87,186.06,4320864.0,80124454.07
2025-11-01 23:00:00,186.06,186.49,185.75,186.3,2623482.0,48829325.927
2025-11-02 00:00:00,186.3,186.33,185.0,185.03,3963598.0,73543048.888
2025-11-02 01:00:00,185.03,185.49,184.57,184.74,2831974.0,52407391.52
2025-11-02 02:00:00,184.74,185.96,184.68,185.29,2483356.0,46038774.336
2025-11-02 03:00:00,185.29,185.45,184.87,185.19,1396241.0,25847371.44
2025-11-02 04:00:00,185.19,187.94,184.92,187.73,3850528.0,71822638.391
2025-11-02 05:00:00,187.73,187.77,186.29,186.98,3837461.0,71727711.033
2025-11-02 06:00:00,186.98,187.59,186.51,187.29,2931789.0,54808965.063
2025-11-02 07:00:00,187.29,188.25,186.56,187.63,3793684.0,71055599.24
2025-11-02 08:00:00,187.63,187.84,186.85,187.03,2922693.0,54740588.819
2025-11-02 09:00:00,187.03,187.8,185.71,185.83,4877188.0,91079706.85
2025-11-02 10:00:00,185.83,186.09,184.18,184.94,7047720.0,130465421.355
2025-11-02 11:00:00,184.94,186.34,184.72,186.05,5879770.0,109179821.643
2025-11-02 12:00:00,186.05,186.39,185.13,185.44,3980350.0,73940337.673
2025-11-02 13:00:00,185.44,185.49,183.84,184.98,5657257.0,104497524.222
2025-11-02 14:00:00,184.98,185.29,183.35,184.27,6701498.0,123580979.593
2025-11-02 15:00:00,184.27,185.0,183.64,183.7,5602427.0,103283893.712
2025-11-02 16:00:00,183.7,184.31,181.83,184.2,9756911.0,178835878.688
2025-11-02 17:00:00,184.2,184.52,183.43,184.32,4520699.0,83155837.003
2025-11-02 18:00:00,184.32,184.58,183.87,184.15,3977334.0,73271254.297
2025-11-02 19:00:00,184.15,184.21,182.96,183.94,4693241.0,86147882.123
2025-11-02 20:00:00,183.94,184.47,183.48,184.46,2510394.0,46196245.775
2025-11-02 21:00:00,184.46,185.95,184.42,185.38,5620953.0,104108615.842
2025-11-02 22:00:00,185.38,185.6,184.2,184.85,5114124.0,94554535.765
2025-11-02 23:00:00,184.85,188.03,184.85,187.65,7401823.0,137964149.98
2025-11-03 00:00:00,187.65,189.0,186.47,186.51,7207094.0,135368521.387
2025-11-03 01:00:00,186.51,187.1,185.28,185.46,5625120.0,104767294.124
2025-11-03 02:00:00,185.46,185.86,182.94,183.4,7976352.0,146892174.143
2025-11-03 03:00:00,183.4,183.6,176.59,177.42,14716934.0,264551509.917
2025-11-03 04:00:00,177.42,178.29,175.68,177.84,9689374.0,171694368.127
2025-11-03 05:00:00,177.84,178.6,176.4,176.66,8797742.0,156097871.03
2025-11-03 06:00:00,176.66,177.12,174.1,175.99,11247287.0,197610122.536
2025-11-03 07:00:00,175.99,177.0,175.32,176.38,8052819.0,141907789.036
2025-11-03 08:00:00,176.38,176.47,174.31,175.58,7993235.0,140279034.13
2025-11-03 09:00:00,175.58,176.83,174.56,174.84,8250952.0,144910823.672
2025-11-03 10:00:00,174.84,175.8,173.54,174.0,7529665.0,131685150.978
2025-11-03 11:00:00,174.0,175.96,174.0,175.22,8099613.0,141842456.19
2025-11-03 12:00:00,175.22,176.46,174.9,175.43,7320499.0,128756100.239
2025-11-03 13:00:00,175.43,176.26,174.85,175.71,6593465.0,115792963.926
2025-11-03 14:00:00,175.71,176.84,174.71,176.3,9702881.0,170488102.782
2025-11-03 15:00:00,176.3,176.68,164.55,166.71,29018285.0,491508595.738
2025-11-03 16:00:00,166.71,169.06,165.53,168.24,15984394.0,268141666.414
2025-11-03 17:00:00,168.24,170.86,167.97,169.78,12361073.0,209608862.463
2025-11-03 18:00:00,169.78,169.98,167.64,167.78,9879615.0,166816035.526
2025-11-03 19:00:00,167.78,168.21,166.47,166.62,12717999.0,212824515.233
2025-11-03 20:00:00,166.62,167.11,163.09,164.28,17490415.0,289414423.101
2025-11-03 21:00:00,164.28,166.15,163.15,165.87,14886655.0,245731896.401
2025-11-03 22:00:00,165.87,166.2,164.09,165.62,11711138.0,193614656.8
2025-11-03 23:00:00,165.62,166.22,164.36,165.97,8820982.0,145874988.064
2025-11-04 00:00:00,165.97,167.17,164.1,166.47,7894428.0,130843909.983
2025-11-04 01:00:00,166.47,168.27,165.77,167.69,6955799.0,116290364.875
2025-11-04 02:00:00,167.69,168.3,166.27,166.53,4804252.0,80403269.694
2025-11-04 03:00:00,166.53,168.15,166.1,167.52,3741957.0,62633881.049
2025-11-04 04:00:00,167.52,167.99,164.63,164.9,5214654.0,86562320.584
2025-11-04 05:00:00,164.9,165.37,157.03,157.65,13730932.0,220143780.146
2025-11-04 06:00:00,157.65,161.19,157.52,158.56,9776669.0,155551911.019
2025-11-04 07:00:00,158.56,158.84,155.8,157.02,12269554.0,192852564.176
2025-11-04 08:00:00,157.02,160.41,156.35,159.16,13414828.0,212576787.035
2025-11-04 09:00:00,159.16,160.39,158.59,160.28,6996751.0,111664707.193
2025-11-04 10:00:00,160.28,161.28,159.82,160.4,7299259.0,117181819.934
2025-11-04 11:00:00,160.4,162.16,160.25,161.6,6826044.0,110151053.997
2025-11-04 12:00:00,161.6,162.43,160.7,161.36,7844444.0,126608894.294
2025-11-04 13:00:00,161.36,162.55,160.39,161.19,10918889.0,176214417.541
2025-11-04 14:00:00,161.19,164.64,159.24,164.21,17098116.0,276428373.774
2025-11-04 15:00:00,164.21,165.2,161.18,161.38,13816373.0,225862211.027
2025-11-04 16:00:00,161.38,162.29,158.08,158.12,14390609.0,230461109.826
2025-11-04 17:00:00,158.12,158.17,153.0,156.12,22063934.0,343827249.319
2025-11-04 18:00:00,156.12,156.5,152.18,156.35,17041783.0,263306207.926
2025-11-04 19:00:00,156.35,157.32,154.12,154.57,10918111.0,169867263.756
2025-11-04 20:00:00,154.57,155.01,148.12,153.33,19690786.0,299873786.415
2025-11-04 21:00:00,153.33,154.0,145.79,151.09,19526457.0,292650279.365
2025-11-04 22:00:00,151.09,155.54,150.42,155.12,16258490.0,249403818.839
2025-11-04 23:00:00,155.12,155.81,153.8,154.93,8072863.0,125122218.676
2025-11-05 00:00:00,154.93,155.54,152.42,153.27,8857634.0,136101339.326
2025-11-05 01:00:00,153.27,153.5,147.2,152.6,10105715.0,151812080.596
2025-11-05 02:00:00,152.6,156.14,152.52,156.04,7897454.0,122009562.542
2025-11-05 03:00:00,156.04,157.26,155.01,156.8,4773259.0,74553667.315
2025-11-05 04:00:00,156.8,157.86,155.56,156.95,6084815.0,95415239.6
2025-11-05 05:00:00,156.95,158.42,156.72,157.43,4837091.0,76175980.819
2025-11-05 06:00:00,157.43,158.09,156.48,157.94,4993896.0,78531469.19
2025-11-05 07:00:00,157.94,158.04,155.87,156.4,5822038.0,91186604.276
2025-11-05 08:00:00,156.4,156.4,153.58,155.64,7853053.0,121781856.479
2025-11-05 09:00:00,155.64,157.25,155.52,156.95,6066498.0,94980748.132
2025-11-05 10:00:00,156.95,157.0,154.6,154.79,6109552.0,95234980.535
2025-11-05 11:00:00,154.79,157.55,154.76,157.36,6519806.0,102036980.985
2025-11-05 12:00:00,157.36,158.59,156.65,158.18,6924506.0,109213907.335
2025-11-05 13:00:00,158.18,159.83,157.49,159.34,9381042.0,148807883.562
2025-11-05 14:00:00,159.34,159.54,156.83,158.59,12344021.0,195453468.831
2025-11-05 15:00:00,158.59,160.43,157.78,160.36,9417802.0,149750039.533
2025-11-05 16:00:00,160.36,161.93,158.43,161.69,7963402.0,127541779.446
2025-11-05 17:00:00,161.69,162.36,160.79,161.91,9556316.0,154544959.393
2025-11-05 18:00:00,161.91,163.76,161.55,162.95,10502442.0,170984441.151
2025-11-05 19:00:00,162.95,163.26,161.99,162.38,9682782.0,157461421.811
2025-11-05 20:00:00,162.38,163.84,162.21,162.43,7811697.0,127221158.081
2025-11-05 21:00:00,162.43,162.43,161.01,161.73,6180997.0,99941758.307
2025-11-05 22:00:00,161.73,162.85,161.21,162.73,4821535.0,78120502.837
2025-11-05 23:00:00,162.73,163.0,162.04,162.29,4833038.0,78562891.488
2025-11-06 00:00:00,162.29,162.29,160.4,161.34,4370434.0,70439847.935
2025-11-06 01:00:00,161.34,161.68,159.66,160.76,5613297.0,90122006.651
2025-11-06 02:00:00,160.76,162.29,160.05,161.69,4492869.0,72415470.248
2025-11-06 03:00:00,161.69,162.87,161.54,162.38,4899396.0,79485541.613
2025-11-06 04:00:00,162.38,162.71,161.64,162.03,3571448.0,57915184.954
2025-11-06 05:00:00,162.03,162.04,158.82,159.25,4538637.0,72625980.696
2025-11-06 06:00:00,159.25,159.9,158.6,158.69,4349692.0,69282923.831
2025-11-06 07:00:00,158.69,159.93,158.17,158.75,5898751.0,93733099.949
2025-11-06 08:00:00,158.75,159.51,158.43,159.27,3519167.0,55942051.733
2025-11-06 09:00:00,159.27,159.88,158.7,158.75,4706710.0,74971821.861
2025-11-06 10:00:00,158.75,159.7,157.6,159.0,8221853.0,130473343.806
2025-11-06 11:00:00,159.0,159.35,158.11,158.81,6818167.0,108236579.407
2025-11-06 12:00:00,158.81,159.36,157.06,157.41,8635647.0,136417256.486
2025-11-06 13:00:00,157.41,161.26,157.41,160.59,9084847.0,145372179.275
2025-11-06 14:00:00,160.59,161.43,157.3,157.73,13014273.0,206651706.711
2025-11-06 15:00:00,157.73,158.9,155.26,155.84,16185942.0,253949985.088
2025-11-06 16:00:00,155.84,156.92,153.76,155.37,13149630.0,204551267.003
2025-11-06 17:00:00,155.37,157.58,154.76,157.18,10102814.0,157867824.735
2025-11-06 18:00:00,157.18,158.59,155.36,157.41,10962342.0,172079867.207
2025-11-06 19:00:00,157.41,157.75,155.99,156.78,8395829.0,131740895.754
2025-11-06 20:00:00,156.78,157.72,154.52,155.25,8959990.0,139812527.903
2025-11-06 21:00:00,155.25,156.88,154.6,156.39,6411024.0,99788640.352
2025-11-06 22:00:00,156.39,156.72,154.18,155.5,6522058.0,101314104.768
2025-11-06 23:00:00,155.5,155.5,153.37,155.23,7892136.0,121880901.084
2025-11-07 00:00:00,155.23,157.06,154.81,156.69,7764768.0,121157373.385
2025-11-07 01:00:00,156.69,157.17,154.12,157.0,6701291.0,104406362.347
2025-11-07 02:00:00,157.0,158.04,156.05,157.94,5626587.0,88361866.021
2025-11-07 03:00:00,157.94,158.52,156.73,156.78,3663287.0,57751775.738
2025-11-07 04:00:00,156.78,157.03,155.18,156.12,3270805.0,51006622.124
2025-11-07 05:00:00,156.12,158.14,156.07,157.99,3385389.0,53262622.675
2025-11-07 06:00:00,157.99,158.2,156.68,156.72,2573341.0,40533531.09
2025-11-07 07:00:00,156.72,157.77,156.26,157.68,3504248.0,55030844.814
2025-11-07 08:00:00,157.68,158.09,156.75,157.18,3740356.0,58892709.266
2025-11-07 09:00:00,157.18,157.23,154.02,154.63,6540580.0,101568474.014
2025-11-07 10:00:00,154.63,155.68,153.52,154.16,7037185.0,108778976.564
2025-11-07 11:00:00,154.16,154.16,151.57,153.8,11329126.0,173073605.615
2025-11-07 12:00:00,153.8,154.1,150.88,151.55,8543785.0,129985029.913
2025-11-07 13:00:00,151.55,153.14,150.93,152.26,9724590.0,147926603.434
2025-11-07 14:00:00,152.26,155.05,149.72,154.58,14415597.0,219618330.536
2025-11-07 15:00:00,154.58,156.19,153.21,155.3,9889860.0,152991333.408
2025-11-07 16:00:00,155.3,158.06,154.24,157.2,11476649.0,179381191.286
2025-11-07 17:00:00,157.2,161.43,156.43,161.07,13723418.0,219156182.483
2025-11-07 18:00:00,161.07,162.85,160.82,162.03,10013811.0,162071213.694
2025-11-07 19:00:00,162.03,164.39,161.42,164.07,10370090.0,169255511.858
2025-11-07 20:00:00,164.07,164.3,161.99,163.34,9137676.0,149160980.964
2025-11-07 21:00:00,163.34,163.8,162.62,163.44,4814885.0,78638870.625
2025-11-07 22:00:00,163.44,163.86,162.66,163.14,5390034.0,87964612.966
2025-11-07 23:00:00,163.14,163.2,161.5,161.73,4402664.0,71507537.625
2025-11-08 00:00:00,161.73,162.56,160.54,160.81,6143359.0,99302877.09
2025-11-08 01:00:00,160.81,162.41,160.74,161.97,5270223.0,85298041.709
2025-11-08 02:00:00,161.97,164.35,161.84,163.33,6040227.0,98565653.819
2025-11-08 03:00:00,163.33,164.81,162.4,162.43,4102727.0,67191050.943
2025-11-08 04:00:00,162.43,163.61,162.42,162.64,2499063.0,40733116.872
2025-11-08 05:00:00,162.64,163.02,160.92,161.29,4294760.0,69482235.349
2025-11-08 06:00:00,161.29,161.88,160.08,161.01,4336363.0,69823245.865
2025-11-08 07:00:00,161.01,161.08,159.48,160.96,4203222.0,67441713.038
2025-11-08 08:00:00,160.96,161.98,160.2,161.46,3626508.0,58489005.065
2025-11-08 09:00:00,161.46,162.26,160.91,161.08,3476684.0,56168736.305
2025-11-08 10:00:00,161.08,161.14,160.42,160.72,2816799.0,45291274.35
2025-11-08 11:00:00,160.72,161.08,159.04,159.3,4476058.0,71595839.657
2025-11-08 12:00:00,159.3,159.63,158.65,159.35,5174262.0,82358075.21
2025-11-08 13:00:00,159.35,159.39,158.03,158.13,6115305.0,97106564.354
2025-11-08 14:00:00,158.13,158.46,156.68,157.62,6781151.0,106821187.472
2025-11-08 15:00:00,157.62,157.78,155.82,156.61,6551017.0,102631847.33
2025-11-08 16:00:00,156.61,157.35,155.72,156.68,6016075.0,94242054.191
2025-11-08 17:00:00,156.68,157.57,155.94,157.48,3967776.0,62259787.341
2025-11-08 18:00:00,157.48,158.09,156.81,157.83,5082706.0,80045877.821
2025-11-08 19:00:00,157.83,157.93,156.11,157.23,3891074.0,61110120.268
2025-11-08 20:00:00,157.23,158.16,157.08,157.57,4519248.0,71225272.811
2025-11-08 21:00:00,157.57,158.15,157.49,157.92,2453045.0,38717536.829
2025-11-08 22:00:00,157.92,158.33,157.5,157.91,2567784.0,40524815.183
2025-11-08 23:00:00,157.91,158.34,157.72,157.92,2384913.0,37696191.106
2025-11-09 00:00:00,157.92,157.94,156.42,156.73,3762984.0,59147092.504
2025-11-09 01:00:00,156.73,158.22,156.66,158.08,3872661.0,60977379.234
2025-11-09 02:00:00,158.08,158.1,155.54,155.92,4795213.0,75192473.474
2025-11-09 03:00:00,155.92,156.43,155.06,155.82,4138121.0,64434560.753
2025-11-09 04:00:00,155.82,157.42,155.78,157.16,2703574.0,42383123.824
2025-11-09 05:00:00,157.16,158.26,157.05,158.01,2398900.0,37826533.417
2025-11-09 06:00:00,158.01,159.05,157.77,158.15,3947447.0,62504835.628
2025-11-09 07:00:00,158.15,159.49,157.73,159.19,4423669.0,70156183.564
2025-11-09 08:00:00,159.19,159.62,158.63,159.36,4148168.0,66013187.862
2025-11-09 09:00:00,159.36,159.88,158.11,158.18,4335273.0,68956357.311
2025-11-09 10:00:00,158.18,158.39,157.16,158.36,5376377.0,84806295.634
2025-11-09 11:00:00,158.36,159.42,158.35,158.99,6275326.0,99749834.702
2025-11-09 12:00:00,158.99,159.81,158.51,159.02,4116386.0,65505390.397
2025-11-09 13:00:00,159.02,160.45,158.91,159.95,5601268.0,89497907.852
2025-11-09 14:00:00,159.95,163.06,159.15,160.11,11884268.0,191424706.86
2025-11-09 15:00:00,160.11,163.91,159.72,162.47,14662132.0,238402571.242
2025-11-09 16:00:00,162.47,163.12,161.74,162.85,5839317.0,94845952.985
2025-11-09 17:00:00,162.85,162.96,161.13,161.74,5978606.0,96733001.219
2025-11-09 18:00:00,161.74,164.0,161.27,163.91,7202757.0,117060068.442
2025-11-09 19:00:00,163.91,166.25,163.3,166.07,10467338.0,172527703.634
2025-11-09 20:00:00,166.07,166.29,164.96,165.28,6414262.0,106199560.588
2025-11-09 21:00:00,165.28,165.77,164.33,165.17,4608172.0,76082966.074
2025-11-09 22:00:00,165.17,165.65,164.02,165.41,4234412.0,69820473.469
2025-11-09 23:00:00,165.41,166.52,163.84,164.47,4750984.0,78419991.938
2025-11-10 00:00:00,164.47,168.23,163.32,167.37,8722904.0,144856820.157
2025-11-10 01:00:00,167.37,168.17,166.21,166.95,6794512.0,113528448.603
2025-11-10 02:00:00,166.95,167.86,166.26,167.69,4592714.0,76767625.8
2025-11-10 03:00:00,167.69,168.64,167.06,167.99,5933218.0,99607788.743
2025-11-10 04:00:00,167.99,168.8,166.54,167.93,5749783.0,96349145.557
2025-11-10 05:00:00,167.93,168.5,166.79,167.43,4195019.0,70347590.011
2025-11-10 06:00:00,167.43,167.65,166.29,166.83,4075873.0,68087057.137
2025-11-10 07:00:00,166.83,168.12,166.69,167.29,4714255.0,78986320.369
2025-11-10 08:00:00,167.29,167.34,165.99,166.58,4808688.0,80131254.732
2025-11-10 09:00:00,166.58,169.75,166.28,169.36,7586289.0,127534562.264
2025-11-10 10:00:00,169.36,169.56,167.86,168.21,5044812.0,85072655.095
2025-11-10 11:00:00,168.21,168.74,167.88,168.21,4708790.0,79268944.022
2025-11-10 12:00:00,168.21,168.38,166.82,168.01,6167198.0,103311320.698
2025-11-10 13:00:00,168.01,170.41,167.85,169.61,9201269.0,155889481.36
2025-11-10 14:00:00,169.61,169.64,165.2,166.09,13533626.0,226667636.72
2025-11-10 15:00:00,166.09,167.24,165.03,166.15,10421709.0,173212468.438
2025-11-10 16:00:00,166.15,166.97,165.12,165.99,7601074.0,126245666.527
2025-11-10 17:00:00,165.99,168.37,165.85,167.69,8638594.0,144512181.723
2025-11-10 18:00:00,167.69,168.01,165.5,165.5,8000228.0,133315510.024
2025-11-10 19:00:00,165.5,167.61,165.48,167.12,7962125.0,132540266.342
2025-11-10 20:00:00,167.12,168.48,166.69,167.76,7140442.0,119636023.631
2025-11-10 21:00:00,167.76,167.76,164.67,165.39,7646087.0,126863596.545
2025-11-10 22:00:00,165.39,167.76,165.03,167.55,7084267.0,117777652.439
2025-11-10 23:00:00,167.55,168.05,167.08,167.25,4841451.0,81122102.474
2025-11-11 00:00:00,167.25,167.57,165.88,167.41,4118580.0,68729902.261
2025-11-11 01:00:00,167.41,170.96,166.55,167.28,8299362.0,139886644.009
2025-11-11 02:00:00,167.28,170.95,166.15,170.19,6217065.0,104893562.684
2025-11-11 03:00:00,170.19,171.83,169.36,169.84,5724314.0,97692110.583
2025-11-11 04:00:00,169.84,170.01,166.44,166.81,4408944.0,74147089.886
2025-11-11 05:00:00,166.81,166.84,164.88,165.05,5840717.0,96628726.772
2025-11-11 06:00:00,165.05,165.18,163.5,164.83,6507652.0,107012716.99
2025-11-11 07:00:00,164.83,165.11,163.77,163.89,4869070.0,80098839.97
2025-11-11 08:00:00,163.89,164.77,163.5,163.9,4929074.0,80909342.4
2025-11-11 09:00:00,163.9,164.86,163.05,163.93,6001070.0,98406629.38
2025-11-11 10:00:00,163.93,164.32,162.64,163.7,4312869.0,70529227.396
2025-11-11 11:00:00,163.7,164.5,162.88,163.57,4985767.0,81686540.216
2025-11-11 12:00:00,163.57,164.29,162.43,163.23,5792930.0,94600727.201
2025-11-11 13:00:00,163.23,163.87,162.31,162.74,6743686.0,110076333.882
2025-11-11 14:00:00,162.74,163.14,160.98,162.92,11023294.0,178822571.056
2025-11-11 15:00:00,162.92,162.92,159.99,160.82,9735770.0,157048768.754
2025-11-11 16:00:00,160.82,161.18,159.71,160.6,7631279.0,122496366.608
2025-11-11 17:00:00,160.6,161.02,158.19,159.45,7896297.0,125945059.449
2025-11-11 18:00:00,159.45,159.73,158.28,158.87,7350164.0,116840728.47
2025-11-11 19:00:00,158.87,158.88,157.31,157.5,6993175.0,110528703.695
2025-11-11 20:00:00,157.5,157.79,156.17,156.72,11115243.0,174416319.88
2025-11-11 21:00:00,156.72,157.33,155.52,156.03,10518155.0,164595762.064
2025-11-11 22:00:00,156.03,157.17,155.34,156.59,6696132.0,104648385.059
2025-11-11 23:00:00,156.59,156.75,153.71,154.5,11426248.0,177485300.86
2025-11-12 00:00:00,154.5,155.22,153.47,153.69,8439967.0,130278793.612
2025-11-12 01:00:00,153.69,155.43,153.57,155.31,5835126.0,90313580.787
2025-11-12 02:00:00,155.31,155.5,153.65,154.18,5120061.0,79092621.834
2025-11-12 03:00:00,154.18,154.87,153.84,154.46,2895225.0,44687499.565
2025-11-12 04:00:00,154.46,154.94,154.08,154.82,2255689.0,34844876.988
2025-11-12 05:00:00,154.82,155.94,154.78,155.36,3012757.0,46794822.989
2025-11-12 06:00:00,155.36,156.42,155.21,155.8,3839851.0,59879025.712
2025-11-12 07:00:00,155.8,156.45,154.71,154.91,4987963.0,77703321.37
2025-11-12 08:00:00,154.91,157.99,154.88,157.86,6352460.0,99605938.215
2025-11-12 09:00:00,157.86,158.77,157.63,157.97,6647710.0,105140274.834
2025-11-12 10:00:00,157.97,160.36,157.88,160.15,7372807.0,117415369.654
2025-11-12 11:00:00,160.15,161.04,159.36,159.95,8305793.0,133073436.291
2025-11-12 12:00:00,159.95,160.7,159.02,159.78,6736944.0,107657806.475
2025-11-12 13:00:00,159.78,160.97,158.86,160.51,7847833.0,125488072.214
2025-11-12 14:00:00,160.51,161.02,157.04,158.51,12384173.0,197399227.367
2025-11-12 15:00:00,158.51,159.54,155.13,155.69,17649316.0,277297188.44
2025-11-12 16:00:00,155.69,156.2,152.03,152.74,17921010.0,275653506.665
2025-11-12 17:00:00,152.74,154.75,152.28,153.21,8649692.0,132558349.943
2025-11-12 18:00:00,153.21,154.11,152.65,152.66,10921004.0,167670151.894
2025-11-12 19:00:00,152.66,153.74,151.09,152.94,11892949.0,180953857.398
2025-11-12 20:00:00,152.94,154.57,152.39,153.68,7003393.0,107492836.045
2025-11-12 21:00:00,153.68,154.22,153.25,154.02,5352476.0,82308422.201
2025-11-12 22:00:00,154.02,154.04,152.62,153.77,4313859.0,66104300.559
2025-11-12 23:00:00,153.77,153.82,152.7,153.29,4127942.0,63240874.258
2025-11-13 00:00:00,153.29,154.31,152.28,152.91,5372639.0,82315653.154
2025-11-13 01:00:00,152.91,154.4,152.16,152.65,6508866.0,99721814.211
2025-11-13 02:00:00,152.65,153.33,152.3,152.8,3934657.0,60140713.681
2025-11-13 03:00:00,152.8,155.73,150.33,154.21,9685731.0,148614750.846
2025-11-13 04:00:00,154.21,154.85,153.29,154.25,5605326.0,86340813.969
2025-11-13 05:00:00,154.25,156.75,153.68,156.05,6134455.0,95164832.722
2025-11-13 06:00:00,156.05,157.05,155.62,156.66,5729640.0,89704285.088
2025-11-13 07:00:00,156.66,157.15,154.8,155.25,6691472.0,104580816.225
2025-11-13 08:00:00,155.25,156.46,154.89,155.88,3323926.0,51805893.032
2025-11-13 09:00:00,155.88,155.95,153.78,154.94,6366731.0,98596458.055
2025-11-13 10:00:00,154.94,156.1,154.79,155.33,4501639.0,69932083.113
2025-11-13 11:00:00,155.33,156.43,155.3,156.19,5877830.0,91700214.693
2025-11-13 12:00:00,156.19,156.85,155.67,156.33,6359488.0,99386045.042
2025-11-13 13:00:00,156.33,156.44,153.59,153.76,8912079.0,138011699.303
2025-11-13 14:00:00,153.76,156.63,152.17,155.23,10849703.0,166994581.617
2025-11-13 15:00:00,155.23,155.76,152.36,153.06,10841877.0,166758121.619
2025-11-13 16:00:00,153.06,153.3,150.65,151.0,9614860.0,145969761.081
2025-11-13 17:00:00,151.0,151.15,146.67,147.03,15496106.0,231099252.552
2025-11-13 18:00:00,147.03,147.73,144.46,145.36,21027743.0,306665625.961
2025-11-13 19:00:00,145.36,146.24,141.87,142.63,15752951.0,227023212.606
2025-11-13 20:00:00,142.63,143.17,140.93,142.59,15462200.0,219581006.596
2025-11-13 21:00:00,142.59,143.55,141.16,141.98,9139618.0,129815785.552
2025-11-13 22:00:00,141.98,144.71,141.59,144.47,7706516.0,110620049.391
2025-11-13 23:00:00,144.47,146.1,143.77,144.6,8939449.0,129699773.37
2025-11-14 00:00:00,144.6,145.15,142.81,143.2,7625692.0,109862266.909
2025-11-14 01:00:00,143.2,144.47,142.65,143.6,6057713.0,87008665.514
2025-11-14 02:00:00,143.6,145.6,143.58,145.22,4976084.0,72109985.168
2025-11-14 03:00:00,145.22,145.48,143.55,144.2,3093198.0,44675480.22
2025-11-14 04:00:00,144.2,144.32,138.62,141.82,8816293.0,124802708.991
2025-11-14 05:00:00,141.82,143.58,141.34,143.08,6108395.0,87010714.791
2025-11-14 06:00:00,143.08,144.05,139.86,143.86,8476927.0,120255189.638
2025-11-14 07:00:00,143.86,144.41,142.32,142.75,7881263.0,112968965.442
2025-11-14 08:00:00,142.75,142.9,141.33,142.41,5796786.0,82369328.596
2025-11-14 09:00:00,142.41,143.12,140.44,140.85,6622386.0,93811910.504
2025-11-14 10:00:00,140.85,142.85,140.76,141.9,5004403.0,70960294.857
2025-11-14 11:00:00,141.9,142.16,139.76,140.72,9039568.0,127189237.654
2025-11-14 12:00:00,140.72,140.72,135.73,138.68,17174549.0,236932566.253
2025-11-14 13:00:00,138.68,139.74,135.91,138.92,13881507.0,191159319.063
2025-11-14 14:00:00,138.92,142.77,137.47,142.14,14511869.0,203627570.843
2025-11-14 15:00:00,142.14,143.66,140.11,142.17,11737682.0,166393797.009
2025-11-14 16:00:00,142.17,144.16,141.47,143.37,15260534.0,218476529.614
2025-11-14 17:00:00,143.37,143.88,140.47,141.35,10792801.0,153744957.04
2025-11-14 18:00:00,141.35,142.9,140.63,141.25,8359730.0,118415457.94
2025-11-14 19:00:00,141.25,143.56,140.9,143.08,7192979.0,102500085.721
2025-11-14 20:00:00,143.08,143.2,139.19,139.54,8676085.0,122280314.976
2025-11-14 21:00:00,139.54,141.16,139.02,140.59,8414873.0,118160946.765
2025-11-14 22:00:00,140.59,141.75,139.54,140.27,8920283.0,125466128.372
2025-11-14 23:00:00,140.27,140.31,137.11,138.85,10279782.0,142571982.689
2025-11-15 00:00:00,138.85,141.27,138.67,141.03,6543657.0,91836700.908
2025-11-15 01:00:00,141.03,142.27,140.22,141.95,4959023.0,70051070.31
2025-11-15 02:00:00,141.95,143.1,141.54,143.03,4424151.0,62961491.863
2025-11-15 03:00:00,143.03,143.3,142.33,142.45,4556458.0,65078474.248
2025-11-15 04:00:00,142.45,143.03,141.77,142.32,3692812.0,52553537.167
2025-11-15 05:00:00,142.32,143.13,142.24,142.79,3805313.0,54301011.142
2025-11-15 06:00:00,142.79,143.51,142.28,142.59,3615468.0,51652535.19
2025-11-15 07:00:00,142.59,143.33,142.23,142.66,5070705.0,72352159.51
2025-11-15 08:00:00,142.66,142.76,140.42,140.7,7560720.0,107040623.073
2025-11-15 09:00:00,140.7,141.62,140.41,140.87,3462492.0,48843077.252
2025-11-15 10:00:00,140.87,141.33,140.5,141.15,7301667.0,102877653.538
2025-11-15 11:00:00,141.15,141.29,139.86,140.12,4211520.0,59181919.235
2025-11-15 12:00:00,140.12,140.96,139.9,140.81,4693117.0,65903242.318
2025-11-15 13:00:00,140.81,141.88,140.52,141.56,5117810.0,72327290.869
2025-11-15 14:00:00,141.56,141.67,140.66,141.38,4777764.0,67440234.147
2025-11-15 15:00:00,141.38,142.19,141.15,141.65,4236060.0,60014184.607
2025-11-15 16:00:00,141.65,142.76,140.71,142.66,4791348.0,67873071.028
2025-11-15 17:00:00,142.66,144.63,142.37,143.38,6980247.0,99907551.665
2025-11-15 18:00:00,143.38,143.39,142.06,142.41,4531701.0,64629397.328
2025-11-15 19:00:00,142.41,142.85,141.58,141.69,4134861.0,58818356.234
2025-11-15 20:00:00,141.69,141.89,140.01,140.34,11831832.0,166967785.004
2025-11-15 21:00:00,140.34,140.79,138.5,138.91,5862609.0,81878982.502
2025-11-15 22:00:00,138.91,139.93,138.56,139.76,6524513.0,90878737.354
2025-11-15 23:00:00,139.76,140.15,139.37,139.55,4223128.0,59023178.24
2025-11-16 00:00:00,139.55,139.73,138.56,139.17,5020649.0,69831369.218
2025-11-16 01:00:00,139.17,139.45,137.3,138.69,7013027.0,97098088.337
2025-11-16 02:00:00,138.69,140.78,138.37,140.76,4494368.0,62761593.587
2025-11-16 03:00:00,140.76,141.42,140.21,141.32,3095577.0,43616056.083
2025-11-16 04:00:00,141.32,141.55,140.63,141.25,2379536.0,33572673.374
2025-11-16 05:00:00,141.25,142.16,141.17,141.37,2911109.0,41230067.188
2025-11-16 06:00:00,141.37,142.1,141.25,141.59,2824319.0,40063708.639
2025-11-16 07:00:00,141.59,142.4,141.14,142.22,3096007.0,43854202.549
2025-11-16 08:00:00,142.22,142.55,141.55,142.13,3181812.0,45160866.711
2025-11-16 09:00:00,142.13,143.27,141.29,143.19,4746537.0,67480942.199
2025-11-16 10:00:00,143.19,143.28,142.63,142.86,3072676.0,43926207.465
2025-11-16 11:00:00,142.86,143.09,139.46,139.87,8174539.0,115012597.875
2025-11-16 12:00:00,139.87,140.57,139.02,139.98,13412729.0,187781023.025
2025-11-16 13:00:00,139.98,140.54,138.69,139.38,6829861.0,95374911.689
2025-11-16 14:00:00,139.38,140.8,139.32,140.33,6315167.0,88442973.136
2025-11-16 15:00:00,140.33,140.4,137.03,137.36,10855346.0,151090981.207
2025-11-16 16:00:00,137.36,138.15,135.27,135.64,15280062.0,208575230.471
2025-11-16 17:00:00,135.64,136.35,134.33,135.73,10187170.0,138008764.333
2025-11-16 18:00:00,135.73,138.43,135.14,135.77,14891997.0,203527875.517
2025-11-16 19:00:00,135.77,137.98,135.66,136.78,14803906.0,203092256.077
2025-11-16 20:00:00,136.78,138.11,136.56,136.6,6601436.0,90721799.146
2025-11-16 21:00:00,136.6,136.71,135.36,136.38,7052740.0,95879724.472
2025-11-16 22:00:00,136.38,137.91,135.02,137.23,7165146.0,97665476.161
2025-11-16 23:00:00,137.23,138.08,134.78,137.11,7165803.0,97996135.033
2025-11-17 00:00:00,137.11,139.46,136.03,139.12,7288246.0,100533815.176
2025-11-17 01:00:00,139.12,139.42,138.12,138.21,6931557.0,96170493.28
2025-11-17 02:00:00,138.21,139.3,137.92,138.81,6951498.0,96397850.503
2025-11-17 03:00:00,138.81,140.59,138.8,140.21,6640805.0,92895781.974
2025-11-17 04:00:00,140.21,140.76,139.61,140.31,4711172.0,66068182.551
2025-11-17 05:00:00,140.31,140.77,139.79,140.52,4642296.0,65118307.807
2025-11-17 06:00:00,140.52,141.52,140.07,141.33,6108769.0,86063363.01
2025-11-17 07:00:00,141.33,141.8,141.04,141.25,5152305.0,72877545.671
2025-11-17 08:00:00,141.25,141.73,140.91,141.26,15892821.0,224450843.317
2025-11-17 09:00:00,141.26,142.53,140.86,141.91,8584052.0,121612368.305
2025-11-17 10:00:00,141.91,142.45,141.7,142.17,4590766.0,65226037.359
2025-11-17 11:00:00,142.17,142.73,141.62,141.8,5378632.0,76477424.343
2025-11-17 12:00:00,141.8,142.6,141.5,141.73,5183413.0,73552981.393
2025-11-17 13:00:00,141.73,141.95,137.09,137.98,13516895.0,188615865.175
2025-11-17 14:00:00,137.98,143.23,136.7,140.09,16284769.0,227071382.206
2025-11-17 15:00:00,140.09,140.75,136.72,137.03,12426781.0,171669180.754
2025-11-17 16:00:00,137.03,137.1,133.17,135.8,17054619.0,230307392.733
2025-11-17 17:00:00,135.8,135.85,131.63,131.93,15145497.0,202060875.847
2025-11-17 18:00:00,131.93,133.07,130.3,130.43,15748823.0,206910998.373
2025-11-17 19:00:00,130.43,131.2,129.32,129.55,20734645.0,269822102.165
2025-11-17 20:00:00,129.55,130.79,128.7,130.27,13679023.0,177557275.033
2025-11-17 21:00:00,130.27,130.89,129.7,130.6,6504130.0,84767343.376
2025-11-17 22:00:00,130.6,131.9,130.21,131.22,6746524.0,88587723.115
2025-11-17 23:00:00,131.22,131.68,130.18,130.9,6085547.0,79600167.855
2025-11-18 00:00:00,130.9,131.46,128.93,131.23,6534248.0,85213801.904
2025-11-18 01:00:00,131.23,132.31,130.88,131.92,5245449.0,69057945.81
2025-11-18 02:00:00,131.92,134.61,130.39,132.33,8179948.0,108511640.054
2025-11-18 03:00:00,132.33,135.18,131.35,134.47,8294521.0,110447486.029
2025-11-18 04:00:00,134.47,136.06,132.44,135.45,6119428.0,81873268.207
2025-11-18 05:00:00,135.45,136.63,134.86,135.84,5830661.0,79195976.215
2025-11-18 06:00:00,135.84,137.0,134.95,135.62,5990108.0,81361842.129
2025-11-18 07:00:00,135.62,137.76,134.94,136.83,15008972.0,205406179.522
2025-11-18 08:00:00,136.83,138.18,136.83,137.68,6529443.0,89753034.662
2025-11-18 09:00:00,137.68,138.11,136.36,137.76,6020974.0,82586234.994
2025-11-18 10:00:00,137.76,139.0,137.52,137.91,10439757.0,144124770.03
2025-11-18 11:00:00,137.91,138.12,137.17,137.77,4429031.0,61015521.596
2025-11-18 12:00:00,137.77,138.5,136.88,138.14,6555121.0,90299399.772
2025-11-18 13:00:00,138.14,138.34,136.7,138.24,8598857.0,118215851.573
2025-11-18 14:00:00,138.24,139.84,137.43,137.43,12118210.0,167991038.779
2025-11-18 15:00:00,137.43,142.11,137.12,139.6,15963345.0,223408964.235
2025-11-18 16:00:00,139.6,141.9,138.67,141.0,21981283.0,308497312.846
2025-11-18 17:00:00,141.0,141.09,139.22,139.93,6795410.0,95207692.536
2025-11-18 18:00:00,139.93,141.77,139.9,141.37,7901229.0,111388926.521
2025-11-18 19:00:00,141.37,142.06,140.78,141.38,6918292.0,97823295.869
2025-11-18 20:00:00,141.38,142.05,141.01,141.02,5943531.0,84136007.275
2025-11-18 21:00:00,141.02,141.5,139.56,139.69,6465767.0,90894060.834
2025-11-18 22:00:00,139.69,141.78,139.64,141.34,7668873.0,108079295.484
2025-11-18 23:00:00,141.34,141.52,140.37,140.6,3681930.0,51869590.851
2025-11-19 00:00:00,140.6,141.52,139.21,141.05,5968194.0,83658372.569
2025-11-19 01:00:00,141.05,141.72,139.71,140.29,5110111.0,71838627.752
2025-11-19 02:00:00,140.29,142.75,139.95,142.08,6524923.0,92331143.564
2025-11-19 03:00:00,142.08,142.39,139.33,139.7,5996541.0,84329206.415
2025-11-19 04:00:00,139.7,140.18,138.37,138.61,4999557.0,69605307.037
2025-11-19 05:00:00,138.61,139.08,137.06,137.94,5825549.0,80319736.182
2025-11-19 06:00:00,137.94,139.29,137.53,138.98,3810387.0,52773670.469
2025-11-19 07:00:00,138.98,141.05,138.86,140.49,5034719.0,70493794.963
2025-11-19 08:00:00,140.49,140.96,139.66,140.1,4669695.0,65502764.157
2025-11-19 09:00:00,140.1,140.13,138.94,139.65,6135393.0,85524127.865
2025-11-19 10:00:00,139.65,140.28,139.13,139.48,4591237.0,64103947.529
2025-11-19 11:00:00,139.48,139.76,138.31,138.5,5470783.0,76046324.927
2025-11-19 12:00:00,138.5,139.13,138.08,138.85,5109446.0,70834015.937
2025-11-19 13:00:00,138.85,138.86,136.57,136.65,9329698.0,128589660.006
2025-11-19 14:00:00,136.65,137.77,135.88,137.11,11278628.0,154176314.874
2025-11-19 15:00:00,137.11,138.98,134.31,134.53,13008103.0,177631645.366
2025-11-19 16:00:00,134.53,135.36,132.75,133.29,22707843.0,303961697.84
2025-11-19 17:00:00,133.29,133.73,131.3,132.1,12129645.0,160524267.793
2025-11-19 18:00:00,132.1,132.44,130.44,131.38,9895581.0,129869298.216
2025-11-19 19:00:00,131.38,132.03,130.72,131.65,7830838.0,102801407.118
2025-11-19 20:00:00,131.65,133.44,131.26,133.15,9585816.0,126868809.777
2025-11-19 21:00:00,133.15,135.88,132.63,135.34,11513181.0,154991653.051
2025-11-19 22:00:00,135.34,135.61,134.09,135.47,7676206.0,103669146.276
2025-11-19 23:00:00,135.47,136.98,135.31,136.96,6463279.0,88154455.091
2025-11-20 00:00:00,136.96,138.05,136.26,137.61,6626993.0,90927456.99
2025-11-20 01:00:00,137.61,139.73,137.36,139.58,9318548.0,129410995.844
2025-11-20 02:00:00,139.58,144.17,139.25,143.64,11557910.0,164871478.085
2025-11-20 03:00:00,143.64,144.4,142.9,143.13,5810502.0,83480406.148
2025-11-20 04:00:00,143.13,144.73,142.36,144.59,6719327.0,96375009.381
2025-11-20 05:00:00,144.59,144.75,143.58,144.05,5106412.0,73576179.429
2025-11-20 06:00:00,144.05,144.29,142.15,142.79,5567009.0,79743691.292
2025-11-20 07:00:00,142.79,143.86,142.64,143.73,5561675.0,79636968.094
2025-11-20 08:00:00,143.73,143.94,142.91,143.36,4694911.0,67351481.324
2025-11-20 09:00:00,143.36,143.38,141.32,141.98,8137133.0,115750316.615
2025-11-20 10:00:00,141.98,142.31,141.05,142.21,7195348.0,102003629.305
2025-11-20 11:00:00,142.21,142.47,141.48,142.06,4248022.0,60320167.267
2025-11-20 12:00:00,142.06,142.29,141.31,141.97,5301656.0,75198078.39
2025-11-20 13:00:00,141.97,143.25,140.47,140.67,11276964.0,159790286.063
2025-11-20 14:00:00,140.67,141.49,138.93,140.87,15095607.0,211832907.328
2025-11-20 15:00:00,140.87,141.05,138.04,138.49,11933841.0,166546415.385
2025-11-20 16:00:00,138.49,138.7,131.48,132.52,24642949.0,329486534.923
2025-11-20 17:00:00,132.52,133.03,131.04,132.7,17812132.0,235174766.888
2025-11-20 18:00:00,132.7,134.47,131.88,132.48,12520628.0,166784185.607
2025-11-20 19:00:00,132.48,134.37,131.55,133.81,11305216.0,150050136.753
2025-11-20 20:00:00,133.81,134.59,132.54,133.57,19729602.0,263471489.266
2025-11-20 21:00:00,133.57,135.19,133.47,134.03,9743145.0,130682662.627
2025-11-20 22:00:00,134.03,136.58,133.85,136.33,9608012.0,130313309.875
2025-11-20 23:00:00,136.33,136.44,133.25,133.62,12710222.0,171015082.27
2025-11-21 00:00:00,133.62,135.02,133.55,134.1,9116713.0,122479806.787
2025-11-21 01:00:00,134.1,134.99,133.54,134.14,5847234.0,78554138.889
2025-11-21 02:00:00,134.14,134.57,131.01,131.32,8473922.0,112641906.836
2025-11-21 03:00:00,131.32,133.57,131.32,132.56,6324455.0,83939869.72
2025-11-21 04:00:00,132.56,133.0,130.37,132.58,8588721.0,113151416.264
2025-11-21 05:00:00,132.58,133.04,131.53,132.02,6867767.0,90859790.911
2025-11-21 06:00:00,132.02,132.31,130.42,130.77,8338986.0,109405991.417
2025-11-21 07:00:00,130.77,131.31,121.47,127.43,20580497.0,262186142.848
2025-11-21 08:00:00,127.43,129.32,126.77,127.97,12118197.0,155216006.35
2025-11-21 09:00:00,127.97,128.83,125.38,125.42,11277204.0,143161707.39
2025-11-21 10:00:00,125.42,126.49,124.73,125.01,20943454.0,262927057.352
2025-11-21 11:00:00,125.01,126.27,123.66,124.25,15641381.0,195683875.31
2025-11-21 12:00:00,124.25,127.19,121.6,126.16,22853464.0,285114958.789
2025-11-21 13:00:00,126.16,128.2,125.44,127.08,20300913.0,257789693.009
2025-11-21 14:00:00,127.08,129.5,126.11,128.48,16722111.0,213708492.793
2025-11-21 15:00:00,128.48,128.88,124.71,125.34,15257862.0,193228241.023
2025-11-21 16:00:00,125.34,128.76,123.5,128.56,16088335.0,201836329.744
2025-11-21 17:00:00,128.56,130.53,128.27,129.15,12801526.0,165928605.409
2025-11-21 18:00:00,129.15,130.31,126.47,129.46,14539731.0,186792190.176
2025-11-21 19:00:00,129.46,129.81,127.39,128.04,9760191.0,125733664.477
2025-11-21 20:00:00,128.04,128.33,125.88,127.0,11658521.0,148141895.873
2025-11-21 21:00:00,127.0,129.22,126.57,128.78,11108213.0,142345235.291
2025-11-21 22:00:00,128.78,129.28,125.32,125.4,9689481.0,123332348.813
2025-11-21 23:00:00,125.4,128.8,125.0,128.61,9050273.0,115257106.354
2025-11-22 00:00:00,128.61,129.37,127.92,128.39,10112968.0,130128353.375
2025-11-22 01:00:00,128.39,129.87,128.29,129.42,10524678.0,136003195.684
2025-11-22 02:00:00,129.42,129.55,127.18,127.98,7500322.0,96275470.628
2025-11-22 03:00:00,127.98,128.37,126.72,127.08,4611854.0,58828068.563
2025-11-22 04:00:00,127.08,127.36,125.58,126.91,7263182.0,91770090.766
2025-11-22 05:00:00,126.91,127.23,125.3,126.17,9898498.0,124783439.714
2025-11-22 06:00:00,126.17,128.23,125.23,127.98,6830137.0,86668509.286
2025-11-22 07:00:00,127.98,128.31,127.28,127.65,5557489.0,71006662.445
2025-11-22 08:00:00,127.65,127.65,125.4,125.82,7644252.0,96513497.827
2025-11-22 09:00:00,125.82,127.48,125.56,126.39,8262805.0,104498090.408
2025-11-22 10:00:00,126.39,127.13,125.44,125.82,7874305.0,99325290.778
2025-11-22 11:00:00,125.82,127.42,125.28,126.6,8933896.0,113034856.814
2025-11-22 12:00:00,126.6,126.66,125.09,125.74,8937736.0,112403117.716
2025-11-22 13:00:00,125.74,126.33,125.0,125.53,8873356.0,111497086.074
2025-11-22 14:00:00,125.53,127.45,125.43,127.05,8621423.0,109130466.737
2025-11-22 15:00:00,127.05,127.72,126.05,127.06,8855550.0,112346182.082
2025-11-22 16:00:00,127.06,128.55,126.76,128.11,8945495.0,114274832.212
2025-11-22 17:00:00,128.11,128.39,127.2,127.5,19021038.0,243007010.422
2025-11-22 18:00:00,127.5,128.01,127.31,127.7,7360000.0,93966318.853
2025-11-22 19:00:00,127.7,128.03,126.7,127.13,8232868.0,104840794.303
2025-11-22 20:00:00,127.13,127.56,126.01,126.37,8306398.0,105378290.531
2025-11-22 21:00:00,126.37,126.8,126.04,126.58,6263406.0,79167773.582
2025-11-22 22:00:00,126.58,128.86,126.12,128.15,8715415.0,111060269.136
2025-11-22 23:00:00,128.15,128.39,127.21,127.53,6825663.0,87156929.032
2025-11-23 00:00:00,127.53,128.6,127.47,127.92,6183777.0,79155607.386
2025-11-23 01:00:00,127.92,129.79,127.79,129.36,6729605.0,86682252.678
2025-11-23 02:00:00,129.36,130.71,129.0,129.93,7734485.0,100490970.26
2025-11-23 03:00:00,129.93,130.32,129.29,129.86,6136390.0,79609432.271
2025-11-23 04:00:00,129.86,131.84,129.83,130.64,10480173.0,137029594.212
2025-11-23 05:00:00,130.64,130.85,130.1,130.46,3410731.0,44502405.689
2025-11-23 06:00:00,130.46,130.83,129.08,129.28,3639976.0,47248630.573
2025-11-23 07:00:00,129.28,129.37,128.03,128.81,6097025.0,78443962.661
2025-11-23 08:00:00,128.81,129.69,128.73,129.58,7144758.0,92309367.807
2025-11-23 09:00:00,129.58,131.07,129.35,130.01,6629411.0,86098794.949
2025-11-23 10:00:00,130.01,130.15,129.3,129.89,6891169.0,89414642.385
2025-11-23 11:00:00,129.89,129.9,128.92,129.67,9100916.0,117838175.157
2025-11-23 12:00:00,129.67,131.64,129.57,130.78,13878199.0,181543725.672
2025-11-23 13:00:00,130.78,131.67,130.24,131.52,11448517.0,149956290.375
2025-11-23 14:00:00,131.52,132.69,130.43,130.68,12036091.0,158136800.26
2025-11-23 15:00:00,130.68,133.08,130.32,132.82,12098479.0,159359449.442
2025-11-23 16:00:00,132.82,133.39,131.65,131.71,13858442.0,183596188.719
2025-11-23 17:00:00,131.71,131.83,130.76,131.31,12166327.0,159697905.986
2025-11-23 18:00:00,131.31,132.87,131.3,132.12,8921994.0,117893612.123
2025-11-23 19:00:00,132.12,133.01,131.88,132.29,8114161.0,107582955.882
2025-11-23 20:00:00,132.29,132.78,132.0,132.55,7519003.0,99560584.704
2025-11-23 21:00:00,132.55,133.49,131.43,133.07,9894797.0,130964900.369
2025-11-23 22:00:00,133.07,133.24,132.18,132.61,9529448.0,126342992.954
2025-11-23 23:00:00,132.61,132.79,130.44,130.49,13285163.0,174267011.523
2025-11-24 00:00:00,130.49,132.04,129.24,130.72,17851741.0,232959610.873
2025-11-24 01:00:00,130.72,131.67,129.82,131.43,15334006.0,200351112.525
2025-11-24 02:00:00,131.43,134.33,131.32,133.34,12900437.0,171802252.998
2025-11-24 03:00:00,133.34,134.37,132.77,133.37,7515689.0,100342799.958
2025-11-24 04:00:00,133.37,133.48,130.53,131.33,9191480.0,121070136.111
2025-11-24 05:00:00,131.33,133.87,131.16,132.87,9193044.0,122152273.871
2025-11-24 06:00:00,132.87,132.95,130.58,131.06,9519523.0,124999865.035
2025-11-24 07:00:00,131.06,131.33,130.1,130.26,9660674.0,126175945.624
2025-11-24 08:00:00,130.26,130.64,129.52,130.48,15424965.0,200421109.408
2025-11-24 09:00:00,130.48,130.59,128.34,128.81,8442423.0,109019814.322
2025-11-24 10:00:00,128.81,129.41,128.67,129.16,6279721.0,81041963.385
2025-11-24 11:00:00,129.16,129.87,128.7,129.56,6266749.0,81026848.935
2025-11-24 12:00:00,129.56,129.96,128.92,129.47,7656270.0,99067693.561
2025-11-24 13:00:00,129.47,130.56,129.31,129.65,9637159.0,125246733.417
2025-11-24 14:00:00,129.65,131.5,128.43,130.68,14977792.0,194507685.597
2025-11-24 15:00:00,130.68,132.55,129.98,131.89,13987107.0,183593820.826
2025-11-24 16:00:00,131.89,134.39,131.77,133.64,14696305.0,195686229.97
2025-11-24 17:00:00,133.64,137.18,133.53,136.86,25308314.0,342543482.334
2025-11-24 18:00:00,136.86,137.96,136.39,137.31,12356719.0,169578381.109
2025-11-24 19:00:00,137.31,137.72,136.57,137.18,7040484.0,96523926.312
2025-11-24 20:00:00,137.18,139.27,137.17,138.91,10440766.0,144707643.356
2025-11-24 21:00:00,138.91,139.11,137.94,138.88,7844267.0,108644698.816
2025-11-24 22:00:00,138.88,139.78,138.36,138.96,9033211.0,125516504.207
2025-11-24 23:00:00,138.96,139.15,138.15,138.39,5287240.0,73312167.753
2025-11-25 00:00:00,138.39,138.95,137.58,138.36,8847198.0,122265083.59
2025-11-25 01:00:00,138.36,138.94,137.72,137.76,7936788.0,109731068.902
2025-11-25 02:00:00,137.76,138.34,137.19,138.1,9790185.0,134889772.965
2025-11-25 03:00:00,138.1,138.6,137.22,137.74,5889313.0,81215662.822
2025-11-25 04:00:00,137.74,138.91,137.64,138.47,5322474.0,73602810.894
2025-11-25 05:00:00,138.47,138.76,137.77,138.53,6805789.0,94153306.092
2025-11-25 06:00:00,138.53,138.59,137.35,138.11,6646812.0,91683674.533
2025-11-25 07:00:00,138.11,138.13,136.23,136.28,9725568.0,133278787.212
2025-11-25 08:00:00,136.28,136.64,135.14,135.39,10527087.0,143282315.423
2025-11-25 09:00:00,135.39,136.28,134.67,136.2,11163802.0,151141254.736
2025-11-25 10:00:00,136.2,136.75,135.77,136.56,9337925.0,127257578.619
2025-11-25 11:00:00,136.56,136.65,135.86,136.19,7218179.0,98337612.851
2025-11-25 12:00:00,136.19,136.88,135.53,136.21,9998836.0,136245535.691
2025-11-25 13:00:00,136.21,136.88,135.07,135.39,13284726.0,180745616.408
2025-11-25 14:00:00,135.39,136.13,133.01,134.6,18789730.0,253239368.538
2025-11-25 15:00:00,134.6,135.4,133.37,134.75,20154057.0,270649464.896
2025-11-25 16:00:00,134.75,136.99,134.44,135.99,12801649.0,173756518.275
2025-11-25 17:00:00,135.99,137.94,135.63,136.82,11161472.0,152810272.83
2025-11-25 18:00:00,136.82,137.61,136.21,136.24,23560124.0,323033934.994
2025-11-25 19:00:00,136.24,136.65,134.13,136.62,13780623.0,186436045.466
2025-11-25 20:00:00,136.62,138.08,136.03,137.74,10502307.0,143981852.643
2025-11-25 21:00:00,137.74,138.08,136.88,137.1,7658479.0,105257778.582
2025-11-25 22:00:00,137.1,139.52,135.88,138.92,13289139.0,182870285.786
2025-11-25 23:00:00,138.92,140.45,138.49,138.89,10575612.0,147538694.724
2025-11-26 00:00:00,138.89,139.81,138.63,138.97,6908871.0,96248180.057
2025-11-26 01:00:00,138.97,140.62,138.51,139.94,7793333.0,108681498.62
2025-11-26 02:00:00,139.94,140.22,138.99,139.2,6953607.0,97077338.245
2025-11-26 03:00:00,139.2,139.71,137.86,138.11,8851411.0,122821561.045
2025-11-26 04:00:00,138.11,138.47,137.7,137.98,8757566.0,120979874.787
2025-11-26 05:00:00,137.98,139.25,137.92,138.96,5811078.0,80552001.404
2025-11-26 06:00:00,138.96,139.72,138.36,139.51,5926653.0,82350878.912
2025-11-26 07:00:00,139.51,139.91,139.05,139.85,5179844.0,72281279.369
2025-11-26 08:00:00,139.85,139.89,137.86,137.89,11075079.0,153356938.373
2025-11-26 09:00:00,137.89,138.06,136.11,136.64,12990942.0,177955056.934
2025-11-26 10:00:00,136.64,137.39,136.51,137.19,12466104.0,170747542.365
2025-11-26 11:00:00,137.19,137.29,136.51,136.77,4721243.0,64611157.111
2025-11-26 12:00:00,136.77,137.03,135.47,135.55,9756936.0,132634478.745
2025-11-26 13:00:00,135.55,136.83,135.42,136.64,11543779.0,157194644.219
2025-11-26 14:00:00,136.64,138.25,135.53,136.26,24575726.0,336066089.724
2025-11-26 15:00:00,136.26,137.38,135.62,136.59,26422625.0,360389850.039
2025-11-26 16:00:00,136.59,138.1,136.36,136.99,17175596.0,235930397.045
2025-11-26 17:00:00,136.99,141.0,136.65,140.71,23945849.0,332847171.054
2025-11-26 18:00:00,140.71,144.69,140.61,144.57,17616601.0,251965086.255
2025-11-26 19:00:00,144.57,144.72,143.53,143.93,8309594.0,119790386.338
2025-11-26 20:00:00,143.93,143.99,142.49,142.8,7891167.0,112918258.447
2025-11-26 21:00:00,142.8,144.19,142.78,143.47,6222755.0,89324229.408
2025-11-26 22:00:00,143.47,144.04,142.7,142.95,6535867.0,93626646.424
2025-11-26 23:00:00,142.95,143.37,142.4,142.93,4923750.0,70370046.282
2025-11-27 00:00:00,142.93,143.68,142.14,142.76,4904679.0,70038750.567
2025-11-27 01:00:00,142.76,143.62,142.0,143.24,5981356.0,85346712.754
2025-11-27 02:00:00,143.24,144.04,142.72,142.91,11400290.0,163418018.697
2025-11-27 03:00:00,142.91,143.65,142.25,142.46,7445352.0,106424505.815
2025-11-27 04:00:00,142.46,142.96,142.24,142.77,5609585.0,80023284.434
2025-11-27 05:00:00,142.77,143.41,142.44,142.69,6977370.0,99672453.194
2025-11-27 06:00:00,142.69,144.08,142.68,143.87,4933900.0,70763955.726
2025-11-27 07:00:00,143.87,144.21,143.52,143.68,3527603.0,50737792.334
2025-11-27 08:00:00,143.68,143.85,142.0,142.5,5831983.0,83169280.198
2025-11-27 09:00:00,142.5,142.99,141.54,141.65,6610708.0,94107561.432
2025-11-27 10:00:00,141.65,142.24,141.41,142.21,5394896.0,76482121.648
2025-11-27 11:00:00,142.21,142.25,141.57,141.99,3749680.0,53217491.023
2025-11-27 12:00:00,141.99,142.1,140.88,141.06,5863547.0,82915302.649
2025-11-27 13:00:00,141.06,141.47,140.64,141.18,8200795.0,115724951.257
2025-11-27 14:00:00,141.18,141.77,140.77,141.16,7589235.0,107175758.579
2025-11-27 15:00:00,141.16,142.46,141.01,142.07,8899861.0,126128663.611
2025-11-27 16:00:00,142.07,142.38,141.43,142.08,10488617.0,148779874.303
2025-11-27 17:00:00,142.08,142.16,141.22,141.51,6143112.0,87093554.096
2025-11-27 18:00:00,141.51,143.12,141.41,142.85,7027045.0,100028591.271
2025-11-27 19:00:00,142.85,142.85,142.14,142.63,5115823.0,72907833.628
2025-11-27 20:00:00,142.63,142.85,142.3,142.39,4203743.0,59949099.273
2025-11-27 21:00:00,142.39,142.46,141.66,141.84,4944350.0,70251096.527
2025-11-27 22:00:00,141.84,141.95,140.41,140.72,7976537.0,112599090.934
2025-11-27 23:00:00,140.72,141.39,140.36,140.76,4680222.0,65943148.258
2025-11-28 00:00:00,140.76,141.38,140.42,140.88,5774001.0,81290937.687
2025-11-28 01:00:00,140.88,140.96,138.73,138.95,10334291.0,144340128.207
2025-11-28 02:00:00,138.95,139.53,138.47,139.39,7139037.0,99232692.322
2025-11-28 03:00:00,139.39,139.69,139.06,139.59,5511495.0,76824317.771
2025-11-28 04:00:00,139.59,140.16,139.45,139.96,5567451.0,77854096.458
2025-11-28 05:00:00,139.96,140.49,139.73,140.28,4247932.0,59537631.583
2025-11-28 06:00:00,140.28,140.28,139.08,139.35,5211971.0,72737154.975
2025-11-28 07:00:00,139.35,139.96,138.87,138.89,6104073.0,85088771.303
2025-11-28 08:00:00,138.89,141.58,138.84,141.39,7300018.0,102342366.774
2025-11-28 09:00:00,141.39,142.6,140.91,141.59,9364719.0,132755863.421
2025-11-28 10:00:00,141.59,142.29,141.47,141.98,4781631.0,67824632.707
2025-11-28 11:00:00,141.98,141.98,139.86,140.9,8856702.0,124624152.621
2025-11-28 12:00:00,140.9,141.46,140.63,140.71,6131853.0,86485381.645
2025-11-28 13:00:00,140.71,143.37,140.33,142.43,11635646.0,164903616.195
2025-11-28 14:00:00,142.43,143.48,141.66,142.52,13748018.0,195975322.654
2025-11-28 15:00:00,142.52,143.56,141.26,141.56,13722527.0,195279935.47
2025-11-28 16:00:00,141.56,141.63,138.69,138.75,14986430.0,209820481.0
2025-11-28 17:00:00,138.75,138.8,136.66,137.13,12399390.0,170534199.96
2025-11-28 18:00:00,137.13,137.48,135.89,137.1,11916214.0,163030114.886
2025-11-28 19:00:00,137.1,137.92,136.95,137.45,6946636.0,95542137.81
2025-11-28 20:00:00,137.45,137.9,136.83,137.82,6171433.0,84754687.65
2025-11-28 21:00:00,137.82,137.95,137.21,137.32,4173494.0,57413151.238
2025-11-28 22:00:00,137.32,137.82,136.54,137.72,7006034.0,96145971.334
2025-11-28 23:00:00,137.72,138.21,137.19,137.28,3712550.0,51104965.933
2025-11-29 00:00:00,137.28,137.8,137.06,137.57,3525733.0,48471466.645
2025-11-29 01:00:00,137.57,137.76,137.17,137.34,2334225.0,32087150.497
2025-11-29 02:00:00,137.34,137.66,136.83,137.15,3222622.0,44212414.657
2025-11-29 03:00:00,137.15,137.37,136.7,136.77,2840872.0,38919411.791
2025-11-29 04:00:00,136.77,137.67,136.77,137.59,2594802.0,35575421.187
2025-11-29 05:00:00,137.59,137.6,137.05,137.13,2065262.0,28368899.48
2025-11-29 06:00:00,137.13,137.55,136.21,137.03,3882243.0,53169375.179
2025-11-29 07:00:00,137.03,137.52,136.86,137.22,4176145.0,57307770.631
2025-11-29 08:00:00,137.22,137.42,136.63,136.94,3452671.0,47319519.371
2025-11-29 09:00:00,136.94,137.11,136.54,136.64,4067470.0,55641038.183
2025-11-29 10:00:00,136.64,136.99,136.33,136.76,4549973.0,62210098.827
2025-11-29 11:00:00,136.76,137.32,136.57,137.28,4235506.0,58026781.93
2025-11-29 12:00:00,137.28,137.4,136.77,136.86,4586815.0,62849452.006
2025-11-29 13:00:00,136.86,137.0,136.56,136.82,5677755.0,77644657.065
2025-11-29 14:00:00,136.82,136.83,136.31,136.45,5673708.0,77500492.466
2025-11-29 15:00:00,136.45,137.62,136.45,137.5,8087864.0,110947287.794
2025-11-29 16:00:00,137.5,137.77,136.95,137.58,8251511.0,113357076.942
2025-11-29 17:00:00,137.58,137.99,136.05,136.15,8597150.0,117706126.584
2025-11-29 18:00:00,136.15,136.29,134.73,135.62,11494045.0,155857896.579
2025-11-29 19:00:00,135.62,136.19,135.33,135.62,5712126.0,77558360.585
2025-11-29 20:00:00,135.62,136.28,135.25,136.16,5662898.0,76832549.578
2025-11-29 21:00:00,136.16,136.5,135.68,136.39,5049427.0,68707580.034
2025-11-29 22:00:00,136.39,136.39,135.35,135.74,5631333.0,76459664.123
2025-11-29 23:00:00,135.74,136.17,135.42,135.85,3554411.0,48283466.239
2025-11-30 00:00:00,135.85,136.43,135.68,135.9,3064005.0,41687782.215
2025-11-30 01:00:00,135.9,136.58,135.82,136.26,3126874.0,42606671.095
2025-11-30 02:00:00,136.26,136.77,135.79,135.89,3478489.0,47419161.276
2025-11-30 03:00:00,135.89,136.45,135.18,136.37,4791415.0,65091934.771
2025-11-30 04:00:00,136.37,136.93,136.12,136.28,3761324.0,51316975.398
2025-11-30 05:00:00,136.28,136.29,135.5,135.7,3924873.0,53297556.082
2025-11-30 06:00:00,135.7,136.42,135.42,136.25,3855677.0,52430159.951
2025-11-30 07:00:00,136.25,136.65,136.12,136.44,3186400.0,43446868.564
2025-11-30 08:00:00,136.44,137.09,136.05,136.73,7198501.0,98293419.789
2025-11-30 09:00:00,136.73,137.03,136.36,136.73,6227519.0,85119087.932
2025-11-30 10:00:00,136.73,136.89,136.44,136.61,4705631.0,64305835.46
2025-11-30 11:00:00,136.61,136.84,136.14,136.37,6303297.0,86016367.062
2025-11-30 12:00:00,136.37,137.68,136.12,137.51,8577393.0,117480722.804
2025-11-30 13:00:00,137.51,140.14,137.26,139.19,18712374.0,259668252.598
2025-11-30 14:00:00,139.19,139.47,138.09,138.45,8742047.0,121287187.861
2025-11-30 15:00:00,138.45,138.49,137.43,138.29,6891126.0,95092084.957
2025-11-30 16:00:00,138.29,139.78,138.18,139.49,7935067.0,110386825.024
2025-11-30 17:00:00,139.49,139.49,138.26,138.4,6828762.0,94738665.834
2025-11-30 18:00:00,138.4,138.58,137.74,138.55,4923165.0,68018965.105
2025-11-30 19:00:00,138.55,138.63,137.33,137.59,5231745.0,72142814.078
2025-11-30 20:00:00,137.59,137.9,136.83,137.23,6004455.0,82436575.667
2025-11-30 21:00:00,137.23,137.37,136.56,136.99,7083977.0,97022377.337
2025-11-30 22:00:00,136.99,137.83,136.93,137.67,6911114.0,94980969.356
2025-11-30 23:00:00,137.67,137.74,133.16,133.38,12505296.0,169418344.655
2025-12-01 00:00:00,133.38,133.67,127.42,127.49,23024004.0,299530700.141
2025-12-01 01:00:00,127.49,129.25,127.37,127.87,11573383.0,148458703.792
2025-12-01 02:00:00,127.87,128.57,127.41,127.51,9775119.0,125065254.035
2025-12-01 03:00:00,127.51,127.51,126.43,126.91,10071025.0,127851768.238
2025-12-01 04:00:00,126.91,126.98,126.08,126.3,7954150.0,100686258.281
2025-12-01 05:00:00,126.3,126.5,125.65,126.05,8238647.0,103868538.974
2025-12-01 06:00:00,126.05,126.8,125.93,126.61,5079634.0,64202077.638
2025-12-01 07:00:00,126.61,127.37,126.2,127.35,5109258.0,64766734.13
2025-12-01 08:00:00,127.35,127.75,126.88,127.64,6139688.0,78193603.493
2025-12-01 09:00:00,127.64,127.93,126.75,126.93,6816685.0,86700376.714
2025-12-01 10:00:00,126.93,127.5,126.87,127.15,5499493.0,69946974.202
2025-12-01 11:00:00,127.15,127.3,126.82,127.04,5052508.0,64191482.404
2025-12-01 12:00:00,127.04,127.12,125.28,126.53,13933407.0,176062094.334
2025-12-01 13:00:00,126.53,127.65,126.05,126.4,13168838.0,167023668.766
2025-12-01 14:00:00,126.4,127.01,125.45,126.05,13698940.0,172978946.732
2025-12-01 15:00:00,126.05,126.25,123.06,125.04,20691800.0,258009776.437
2025-12-01 16:00:00,125.04,125.29,123.31,123.46,14123659.0,175356836.328
2025-12-01 17:00:00,123.46,124.95,123.46,124.4,10616017.0,131901399.407
2025-12-01 18:00:00,124.4,125.28,123.68,124.44,9537045.0,118704930.04
2025-12-01 19:00:00,124.44,124.55,123.21,123.81,9170104.0,113558444.439
2025-12-01 20:00:00,123.81,125.3,123.78,124.36,10367902.0,129127920.122
2025-12-01 21:00:00,124.36,126.14,124.12,126.01,8639868.0,108259419.033
2025-12-01 22:00:00,126.01,127.32,125.77,126.73,9104371.0,115175841.171
2025-12-01 23:00:00,126.73,127.38,126.41,126.56,5687510.0,72168432.859
2025-12-02 00:00:00,126.56,127.47,126.36,127.28,4323615.0,54883816.388
2025-12-02 01:00:00,127.28,128.5,126.7,126.94,7804634.0,99439863.606
2025-12-02 02:00:00,126.94,128.08,126.52,126.89,5803165.0,73959100.352
2025-12-02 03:00:00,126.89,127.64,125.88,127.21,5898718.0,74773376.744
2025-12-02 04:00:00,127.21,127.8,126.8,126.85,3352833.0,42687305.964
2025-12-02 05:00:00,126.85,127.07,126.42,126.66,4339144.0,54992630.545
2025-12-02 06:00:00,126.66,127.8,126.37,127.62,4775829.0,60728406.34
2025-12-02 07:00:00,127.62,127.64,126.91,127.17,3473334.0,44193946.956
2025-12-02 08:00:00,127.17,127.23,125.88,126.06,7378973.0,93212799.285
2025-12-02 09:00:00,126.06,127.1,126.04,126.67,6975076.0,88357329.151
2025-12-02 10:00:00,126.67,128.76,126.61,128.22,7763960.0,98968102.935
2025-12-02 11:00:00,128.22,128.46,127.73,128.23,6137562.0,78619639.033
2025-12-02 12:00:00,128.23,128.99,128.09,128.76,6677661.0,85860949.246
2025-12-02 13:00:00,128.76,130.97,128.33,130.54,13111667.0,170522215.74
2025-12-02 14:00:00,130.54,133.4,130.3,132.94,19947822.0,262880923.25
2025-12-02 15:00:00,132.94,141.91,132.88,137.79,31130482.0,424315860.213
2025-12-02 16:00:00,137.79,139.7,137.34,139.33,15177744.0,210356750.208
2025-12-02 17:00:00,139.33,140.88,139.21,139.43,11544835.0,161491244.605
2025-12-02 18:00:00,139.43,140.28,139.33,139.81,6626666.0,92670234.608
2025-12-02 19:00:00,139.81,140.62,139.73,140.23,5532913.0,77527658.482
2025-12-02 20:00:00,140.23,140.37,138.17,138.68,11272660.0,156798079.775
2025-12-02 21:00:00,138.68,139.27,138.31,139.09,6375771.0,88460175.127
2025-12-02 22:00:00,139.09,139.98,138.85,139.87,5510996.0,76856921.888
2025-12-02 23:00:00,139.87,139.91,138.39,138.66,4855639.0,67488308.288
2025-12-03 00:00:00,138.66,138.93,137.71,138.12,6910345.0,95542694.928
2025-12-03 01:00:00,138.12,139.18,137.82,138.81,4448773.0,61606927.429
2025-12-03 02:00:00,138.81,140.28,138.73,139.99,7540472.0,105325236.256
2025-12-03 03:00:00,139.99,140.59,139.73,140.29,4490227.0,62952785.47
2025-12-03 04:00:00,140.29,142.62,140.12,142.21,7630182.0,107927324.811
2025-12-03 05:00:00,142.21,143.2,142.08,143.0,7630505.0,108858253.331
2025-12-03 06:00:00,143.0,144.18,142.26,142.4,9087022.0,130170451.218
2025-12-03 07:00:00,142.4,142.5,141.76,141.82,4214420.0,59899136.528
2025-12-03 08:00:00,141.82,142.64,141.44,142.08,7393561.0,104943629.876
2025-12-03 09:00:00,142.08,142.39,141.48,142.03,6055653.0,85961038.068
2025-12-03 10:00:00,142.03,142.21,141.11,141.28,6792143.0,96210348.526
2025-12-03 11:00:00,141.28,141.69,140.68,141.65,5397713.0,76261651.634
2025-12-03 12:00:00,141.65,142.02,141.0,141.85,5360408.0,75885605.776
2025-12-03 13:00:00,141.85,142.41,141.41,141.8,6705070.0,95109212.397
2025-12-03 14:00:00,141.8,143.45,138.75,140.84,21129445.0,297460384.989
2025-12-03 15:00:00,140.84,142.05,140.07,140.93,10230251.0,144294651.923
2025-12-03 16:00:00,140.93,141.76,139.81,140.65,9344574.0,131469332.959
2025-12-03 17:00:00,140.65,142.04,140.42,141.76,7645552.0,108057324.604
2025-12-03 18:00:00,141.76,142.36,140.58,141.1,8756043.0,123925617.505
2025-12-03 19:00:00,141.1,141.53,140.94,141.23,6041323.0,85338741.17
2025-12-03 20:00:00,141.23,142.2,140.67,141.63,5706676.0,80602562.378
2025-12-03 21:00:00,141.63,146.04,141.57,145.42,8889324.0,127473565.389
2025-12-03 22:00:00,145.42,145.88,142.96,144.5,22357827.0,322285854.246
2025-12-03 23:00:00,144.5,145.59,144.41,144.61,7695214.0,111547178.153
2025-12-04 00:00:00,144.61,145.34,143.59,145.02,5754708.0,83103198.237
2025-12-04 01:00:00,145.02,146.87,144.04,144.1,7380733.0,107260418.025
2025-12-04 02:00:00,144.1,146.06,143.87,145.54,8007057.0,116253407.824
2025-12-04 03:00:00,145.54,145.56,144.23,144.57,6121514.0,88689577.899
2025-12-04 04:00:00,144.57,144.85,143.65,144.09,4263411.0,61470809.218
2025-12-04 05:00:00,144.09,144.17,142.88,143.19,5533490.0,79424371.735
2025-12-04 06:00:00,143.19,144.25,143.03,143.9,5180977.0,74458162.106
2025-12-04 07:00:00,143.9,143.95,142.56,143.38,5123932.0,73370054.828
2025-12-04 08:00:00,143.38,143.99,142.54,142.83,5819429.0,83318358.954
2025-12-04 09:00:00,142.83,144.13,142.83,143.86,4852322.0,69673307.063
2025-12-04 10:00:00,143.86,144.18,143.23,143.29,3808060.0,54691820.885
2025-12-04 11:00:00,143.29,143.45,142.6,142.99,4837952.0,69200405.498
2025-12-04 12:00:00,142.99,143.45,142.32,142.84,5447889.0,77810236.131
2025-12-04 13:00:00,142.84,143.13,141.74,142.18,8352260.0,118978871.014
2025-12-04 14:00:00,142.18,143.3,141.38,141.78,11625459.0,165533723.2
2025-12-04 15:00:00,141.78,144.2,141.74,143.15,12285145.0,175517836.131
2025-12-04 16:00:00,143.15,143.79,142.17,142.57,9664199.0,138056341.074
2025-12-04 17:00:00,142.57,142.74,141.05,142.11,8654296.0,122745614.67
2025-12-04 18:00:00,142.11,142.18,140.21,140.67,8425428.0,118976572.103
2025-12-04 19:00:00,140.67,140.79,137.72,139.61,13345261.0,185700772.2
2025-12-04 20:00:00,139.61,140.43,139.1,140.32,5680775.0,79343567.342
2025-12-04 21:00:00,140.32,140.35,138.46,138.65,5750478.0,80241512.582
2025-12-04 22:00:00,138.65,139.7,138.65,139.31,5759038.0,80204070.018
2025-12-04 23:00:00,139.31,139.38,138.64,138.96,4382627.0,60920793.894
2025-12-05 00:00:00,138.96,139.67,138.81,139.18,4410500.0,61403480.021
2025-12-05 01:00:00,139.18,140.16,139.09,139.76,6460149.0,90266177.115
2025-12-05 02:00:00,139.76,140.11,139.17,139.74,5656806.0,79001984.033
2025-12-05 03:00:00,139.74,140.09,138.21,138.47,5625095.0,78247582.111
2025-12-05 04:00:00,138.47,139.08,138.01,138.44,7087777.0,98149754.559
2025-12-05 05:00:00,138.44,138.68,137.7,137.99,4959920.0,68509187.029
2025-12-05 06:00:00,137.99,138.93,137.97,138.82,4180041.0,57914023.274
2025-12-05 07:00:00,138.82,140.72,138.7,139.62,6095025.0,85268769.712
2025-12-05 08:00:00,139.62,139.62,137.72,138.13,7094529.0,98134481.003
2025-12-05 09:00:00,138.13,138.2,136.22,136.3,9166908.0,125626574.529
2025-12-05 10:00:00,136.3,137.95,136.05,137.66,7198492.0,98780756.887
2025-12-05 11:00:00,137.66,138.04,136.81,136.96,5050057.0,69367730.028
2025-12-05 12:00:00,136.96,137.08,136.21,136.62,6568741.0,89815966.422
2025-12-05 13:00:00,136.62,136.98,135.71,135.9,12958846.0,176625706.311
2025-12-05 14:00:00,135.9,136.27,134.31,134.68,15996018.0,216322808.334
2025-12-05 15:00:00,134.68,137.09,134.53,134.95,16312697.0,221523768.35
2025-12-05 16:00:00,134.95,135.18,131.11,132.13,19485612.0,258979746.588
2025-12-05 17:00:00,132.13,132.69,131.05,132.07,10344640.0,136482870.834
2025-12-05 18:00:00,132.07,132.96,131.06,131.28,11732606.0,154891970.627
2025-12-05 19:00:00,131.28,132.88,130.71,132.41,9579953.0,126312138.342
2025-12-05 20:00:00,132.41,132.83,131.88,132.43,5389191.0,71327278.317
2025-12-05 21:00:00,132.43,133.08,131.89,132.3,4258211.0,56424559.463
2025-12-05 22:00:00,132.3,132.78,132.05,132.64,3286327.0,43531335.561
2025-12-05 23:00:00,132.64,133.29,132.2,133.22,3702848.0,49155409.373
2025-12-06 00:00:00,133.22,133.63,132.74,133.39,4384955.0,58415542.598
2025-12-06 01:00:00,133.39,133.76,133.11,133.42,4555621.0,60790497.458
2025-12-06 02:00:00,133.42,133.43,132.74,133.37,4840802.0,64399919.558
2025-12-06 03:00:00,133.37,134.05,133.25,133.66,3984404.0,53278665.749
2025-12-06 04:00:00,133.66,133.67,132.93,133.13,7414129.0,98792793.136
2025-12-06 05:00:00,133.13,133.35,132.83,133.0,2504088.0,33323566.77
2025-12-06 06:00:00,133.0,133.17,132.69,132.89,3065757.0,40756012.186
2025-12-06 07:00:00,132.89,133.14,132.46,132.64,3626166.0,48167431.088
2025-12-06 08:00:00,132.64,132.8,131.77,131.9,4958455.0,65608061.501
2025-12-06 09:00:00,131.9,132.73,131.9,132.43,3727280.0,49338462.201
2025-12-06 10:00:00,132.43,132.93,132.31,132.65,3726156.0,49402691.615
2025-12-06 11:00:00,132.65,133.22,132.59,133.13,3364387.0,44739246.544
2025-12-06 12:00:00,133.13,133.14,132.53,132.58,4377743.0,58115838.106
2025-12-06 13:00:00,132.58,133.19,132.51,132.88,3530599.0,46919670.643
2025-12-06 14:00:00,132.88,133.93,132.73,133.65,6727832.0,89734010.206
2025-12-06 15:00:00,133.65,133.72,132.14,132.83,5996626.0,79604800.293
2025-12-06 16:00:00,132.83,133.49,132.71,133.01,5061837.0,67380623.879
2025-12-06 17:00:00,133.01,133.31,132.62,132.9,4642018.0,61705280.043
2025-12-06 18:00:00,132.9,133.15,132.54,132.74,3590019.0,47687887.143
2025-12-06 19:00:00,132.74,132.92,131.68,132.0,4411033.0,58290580.339
2025-12-06 20:00:00,132.0,132.54,131.99,132.44,3001054.0,39702600.565
2025-12-06 21:00:00,132.44,132.88,132.16,132.34,3312238.0,43864701.904
2025-12-06 22:00:00,132.34,132.56,131.75,132.11,3249544.0,42943646.209
2025-12-06 23:00:00,132.11,132.29,131.24,132.13,5067572.0,66749017.965
2025-12-07 00:00:00,132.13,132.68,131.85,132.29,2909366.0,38480474.221
2025-12-07 01:00:00,132.29,132.79,132.21,132.24,2748093.0,36414848.25
2025-12-07 02:00:00,132.24,133.39,132.21,133.2,3070818.0,40816812.01
2025-12-07 03:00:00,133.2,133.53,132.92,133.41,2358787.0,31424005.1
2025-12-07 04:00:00,133.41,133.45,132.77,132.95,2354911.0,31332390.453
2025-12-07 05:00:00,132.95,133.17,132.58,132.76,1936765.0,25721144.432
2025-12-07 06:00:00,132.76,133.23,132.67,133.03,2015764.0,26808051.472
2025-12-07 07:00:00,133.03,133.08,131.84,132.03,5592173.0,73957393.749
2025-12-07 08:00:00,132.03,132.53,131.52,131.81,5449661.0,71914168.007
2025-12-07 09:00:00,131.81,132.06,131.46,131.83,6210976.0,81844904.885
2025-12-07 10:00:00,131.83,132.48,131.62,132.19,4549734.0,60081014.274
2025-12-07 11:00:00,132.19,132.46,132.08,132.36,4181613.0,55320075.761
2025-12-07 12:00:00,132.36,133.0,132.29,132.81,4560078.0,60488018.973
2025-12-07 13:00:00,132.81,132.94,131.42,131.63,7140466.0,94252418.654
2025-12-07 14:00:00,131.63,131.76,127.58,128.09,18470326.0,239105956.706
2025-12-07 15:00:00,128.09,132.12,127.93,131.95,12896079.0,167298741.77
2025-12-07 16:00:00,131.95,131.96,130.4,131.9,6302181.0,82515420.342
2025-12-07 17:00:00,131.9,135.46,131.2,134.7,13762577.0,184116309.298
2025-12-07 18:00:00,134.7,136.21,134.7,135.96,10132352.0,137449763.197
2025-12-07 19:00:00,135.96,136.09,135.11,135.63,6067991.0,82236095.42
2025-12-07 20:00:00,135.63,136.34,135.56,136.11,5769945.0,78434620.263
2025-12-07 21:00:00,136.11,136.12,132.43,133.03,9001631.0,120863626.597
2025-12-07 22:00:00,133.03,133.03,129.69,131.17,12691528.0,166703721.232
2025-12-07 23:00:00,131.17,132.31,130.52,132.17,6154505.0,80795355.038
2025-12-08 00:00:00,132.17,132.7,131.48,131.52,5148988.0,67938970.465
2025-12-08 01:00:00,131.52,134.39,131.44,133.3,7611670.0,101384984.821
2025-12-08 02:00:00,133.3,134.13,133.06,133.97,6403515.0,85527932.668
2025-12-08 03:00:00,133.97,134.66,133.67,134.23,4399697.0,59018116.202
2025-12-08 04:00:00,134.23,135.13,133.98,134.99,5099853.0,68648851.94
2025-12-08 05:00:00,134.99,135.43,134.51,135.12,4253089.0,57412764.828
2025-12-08 06:00:00,135.12,135.96,134.65,135.68,4525049.0,61191674.539
2025-12-08 07:00:00,135.68,135.94,134.82,135.78,4756033.0,64457307.707
2025-12-08 08:00:00,135.78,136.94,135.57,136.66,5430894.0,73953487.011
2025-12-08 09:00:00,136.66,138.86,136.62,138.09,8842002.0,122035092.124
2025-12-08 10:00:00,138.09,139.32,138.0,138.68,6952808.0,96390777.945
2025-12-08 11:00:00,138.68,139.09,138.08,138.32,6543821.0,90729003.369
2025-12-08 12:00:00,138.32,138.56,137.14,137.77,7755550.0,106804875.902
2025-12-08 13:00:00,137.77,139.28,137.49,138.08,8788232.0,121568454.347
2025-12-08 14:00:00,138.08,138.93,136.81,137.13,12548701.0,173029924.282
2025-12-08 15:00:00,137.13,137.52,135.14,135.45,12320340.0,167735295.556
2025-12-08 16:00:00,135.45,136.51,134.8,135.56,9486261.0,128742586.093
2025-12-08 17:00:00,135.56,136.24,134.7,135.76,7547106.0,102274842.458
2025-12-08 18:00:00,135.76,136.21,132.92,133.54,11370592.0,153511113.943
2025-12-08 19:00:00,133.54,134.59,133.38,133.58,6999506.0,93774586.447
2025-12-08 20:00:00,133.58,134.84,133.31,134.0,6602358.0,88491634.69
2025-12-08 21:00:00,134.0,134.49,133.11,134.38,7901267.0,105829663.543
2025-12-08 22:00:00,134.38,134.47,133.27,133.49,4856875.0,65011987.606
2025-12-08 23:00:00,133.49,133.72,132.32,133.19,5088690.0,67701605.221
2025-12-09 00:00:00,133.19,133.53,132.5,132.97,3880335.0,51627496.274
2025-12-09 01:00:00,132.97,133.28,132.54,133.06,3711634.0,49321209.705
2025-12-09 02:00:00,133.06,133.61,132.66,132.7,4168821.0,55528077.305
2025-12-09 03:00:00,132.7,134.35,132.41,134.1,4959302.0,66046866.329
2025-12-09 04:00:00,134.1,134.24,132.25,132.58,6104439.0,81299266.415
2025-12-09 05:00:00,132.58,132.98,131.75,132.02,5464997.0,72441890.744
2025-12-09 06:00:00,132.02,132.73,131.9,132.55,5106785.0,67557801.589
2025-12-09 07:00:00,132.55,133.24,132.27,133.12,4192881.0,55684412.046
2025-12-09 08:00:00,133.12,133.39,132.51,133.06,4652055.0,61883074.913
2025-12-09 09:00:00,133.06,133.07,132.23,132.24,3402444.0,45107591.37
2025-12-09 10:00:00,132.24,132.83,131.93,132.67,5224290.0,69150898.71
2025-12-09 11:00:00,132.67,132.98,132.37,132.88,3547419.0,47072065.396
2025-12-09 12:00:00,132.88,133.52,132.66,133.05,6393680.0,85095059.841
2025-12-09 13:00:00,133.05,133.23,131.95,132.34,7022777.0,93153253.788
2025-12-09 14:00:00,132.34,132.77,131.54,132.46,9410156.0,124364240.521
2025-12-09 15:00:00,132.46,138.47,132.31,138.43,19569488.0,264664483.887
2025-12-09 16:00:00,138.43,144.62,138.42,143.64,22735662.0,322167603.142
2025-12-09 17:00:00,143.64,144.89,142.5,143.1,12464719.0,179176032.762
2025-12-09 18:00:00,143.1,143.27,141.61,142.46,7688841.0,109544339.221
2025-12-09 19:00:00,142.46,142.84,141.67,142.08,6278866.0,89315988.913
2025-12-09 20:00:00,142.08,142.32,139.6,140.12,10269738.0,144442413.225
2025-12-09 21:00:00,140.12,140.44,136.65,137.71,11205391.0,155418178.109
2025-12-09 22:00:00,137.71,139.38,137.37,138.73,8172378.0,113138599.827
2025-12-09 23:00:00,138.73,138.77,137.61,137.81,5940674.0,82113067.217
2025-12-10 00:00:00,137.81,138.26,137.13,137.22,5374085.0,73958759.394
2025-12-10 01:00:00,137.22,138.39,137.13,137.79,6905368.0,95157427.144
2025-12-10 02:00:00,137.79,138.04,137.07,137.66,4893000.0,67291484.508
2025-12-10 03:00:00,137.66,138.54,137.4,138.09,4343614.0,59897604.944
2025-12-10 04:00:00,138.09,140.16,137.97,139.0,6728711.0,93586204.671
2025-12-10 05:00:00,139.0,139.51,138.59,139.08,3199186.0,44452561.804
2025-12-10 06:00:00,139.08,139.39,138.6,139.14,3628684.0,50464449.053
2025-12-10 07:00:00,139.14,139.16,138.19,139.12,3624294.0,50257977.623
2025-12-10 08:00:00,139.12,139.39,138.34,138.42,2991434.0,41527182.383
2025-12-10 09:00:00,138.42,139.04,138.05,138.9,4064005.0,56300566.592
2025-12-10 10:00:00,138.9,139.77,136.73,136.88,10104933.0,139301467.369
2025-12-10 11:00:00,136.88,137.43,136.25,137.16,7374834.0,100994600.081
2025-12-10 12:00:00,137.16,138.09,136.73,137.82,4623144.0,63439968.932
2025-12-10 13:00:00,137.82,138.12,137.38,137.61,5625935.0,77488965.096
2025-12-10 14:00:00,137.61,137.68,136.37,137.12,8222395.0,112655486.696
2025-12-10 15:00:00,137.12,137.6,135.6,136.09,7425656.0,101417610.26
2025-12-10 16:00:00,136.09,137.41,135.65,136.06,8641208.0,117878423.474
2025-12-10 17:00:00,136.06,137.09,135.83,136.76,4635857.0,63289242.603
2025-12-10 18:00:00,136.76,139.44,136.32,137.66,9968301.0,137350084.068
2025-12-10 19:00:00,137.66,139.49,136.14,138.61,16502249.0,228011262.163
2025-12-10 20:00:00,138.61,142.56,137.37,138.28,17918491.0,251124669.748
2025-12-10 21:00:00,138.28,138.8,136.71,137.05,7849539.0,108010506.854
2025-12-10 22:00:00,137.05,137.79,135.3,137.54,8211680.0,112227353.467
2025-12-10 23:00:00,137.54,137.75,136.06,136.19,4461283.0,61067144.942
2025-12-11 00:00:00,136.19,136.35,133.37,133.79,6356758.0,85692462.477
2025-12-11 01:00:00,133.79,134.13,132.59,132.81,4909913.0,65458478.394
2025-12-11 02:00:00,132.81,132.85,130.46,130.74,6331523.0,83281781.225
2025-12-11 03:00:00,130.74,130.74,128.94,129.29,5278382.0,68502873.118
2025-12-11 04:00:00,129.29,131.45,128.95,130.97,5644958.0,73386584.045
2025-12-11 05:00:00,130.97,131.18,130.37,131.09,2787866.0,36468610.795
2025-12-11 06:00:00,131.09,131.34,130.3,130.94,2639957.0,34552236.683
2025-12-11 07:00:00,130.94,131.27,130.57,130.93,2025478.0,26523657.884
2025-12-11 08:00:00,130.93,131.04,130.09,130.99,4104900.0,53623269.393
2025-12-11 09:00:00,130.99,131.32,130.73,130.85,3316152.0,43453664.243
2025-12-11 10:00:00,130.85,131.04,130.42,130.73,2631055.0,34386340.352
2025-12-11 11:00:00,130.73,131.15,130.67,130.84,2935104.0,38422738.673
2025-12-11 12:00:00,130.84,131.81,130.63,131.16,4751601.0,62357866.381
2025-12-11 13:00:00,131.16,131.46,130.81,131.24,4376105.0,57406741.347
2025-12-11 14:00:00,131.24,131.46,129.76,130.6,9651935.0,126187393.403
2025-12-11 15:00:00,130.6,132.75,130.23,131.12,13088212.0,172035328.587
2025-12-11 16:00:00,131.12,131.92,130.02,131.25,8674169.0,113507953.183
2025-12-11 17:00:00,131.25,132.49,130.7,132.29,7353077.0,96878422.287
2025-12-11 18:00:00,132.29,135.51,131.93,134.31,14722409.0,197219221.587
2025-12-11 19:00:00,134.31,135.42,133.51,133.82,8713624.0,117189843.704
2025-12-11 20:00:00,133.82,136.93,133.75,136.01,9837010.0,132789241.348
2025-12-11 21:00:00,136.01,137.73,136.01,136.98,11215940.0,153737232.71
2025-12-11 22:00:00,136.98,137.44,135.77,136.08,6932128.0,94705546.962
2025-12-11 23:00:00,136.08,136.72,135.62,136.37,3469267.0,47257955.894
2025-12-12 00:00:00,136.37,137.45,135.33,135.44,5437077.0,74245299.501
2025-12-12 01:00:00,135.44,137.19,135.44,136.69,3749386.0,51173691.728
2025-12-12 02:00:00,136.69,137.97,136.47,137.16,4885089.0,67046399.047
2025-12-12 03:00:00,137.16,137.4,136.51,137.03,2444623.0,33487759.528
2025-12-12 04:00:00,137.03,137.16,136.72,137.0,1186249.0,16243108.901
2025-12-12 05:00:00,137.0,138.9,136.52,138.89,3372089.0,46462069.422
2025-12-12 06:00:00,138.89,140.08,138.68,139.11,6079607.0,84681823.101
2025-12-12 07:00:00,139.11,139.43,138.74,139.07,4315445.0,60019773.097
2025-12-12 08:00:00,139.07,139.14,137.51,137.89,4919823.0,68001180.634
2025-12-12 09:00:00,137.89,138.46,137.19,138.21,5334068.0,73457477.197
2025-12-12 10:00:00,138.21,138.54,137.9,138.34,4070656.0,56243682.373
2025-12-12 11:00:00,138.34,138.75,137.81,138.67,3919497.0,54206372.552
2025-12-12 12:00:00,138.67,139.84,138.3,139.61,4688621.0,65172333.957
2025-12-12 13:00:00,139.61,139.61,138.67,138.96,4502691.0,62678511.633
2025-12-12 14:00:00,138.96,139.54,138.03,138.44,9002789.0,124954362.285
2025-12-12 15:00:00,138.44,138.46,132.81,133.42,21442362.0,290892163.35
2025-12-12 16:00:00,133.42,133.89,131.45,132.11,17035995.0,225915331.708
2025-12-12 17:00:00,132.11,133.52,131.27,132.06,11263557.0,149011267.231
2025-12-12 18:00:00,132.06,133.21,131.36,132.66,8632939.0,114361915.85
2025-12-12 19:00:00,132.66,132.77,130.24,131.18,10326771.0,135875498.057
2025-12-12 20:00:00,131.18,131.85,130.91,131.48,6060713.0,79658342.965
2025-12-12 21:00:00,131.48,132.02,131.18,131.78,3280718.0,43180793.588
2025-12-12 22:00:00,131.78,132.77,131.72,132.68,3738206.0,49490897.209
2025-12-12 23:00:00,132.68,132.97,132.09,132.2,2906185.0,38524140.204
2025-12-13 00:00:00,132.2,132.69,132.2,132.55,2217184.0,29371338.505
2025-12-13 01:00:00,132.55,132.89,132.32,132.61,3560084.0,47215905.672
2025-12-13 02:00:00,132.61,132.95,132.5,132.55,2244551.0,29793413.342
2025-12-13 03:00:00,132.55,132.95,132.46,132.8,1911124.0,25373977.296
2025-12-13 04:00:00,132.8,132.86,132.49,132.79,1827002.0,24248216.085
2025-12-13 05:00:00,132.79,132.92,132.24,132.57,1782582.0,23645878.376
2025-12-13 06:00:00,132.57,132.89,132.32,132.8,1360028.0,18036051.159
2025-12-13 07:00:00,132.8,132.94,132.69,132.85,1323025.0,17572441.613
2025-12-13 08:00:00,132.85,134.12,132.85,133.91,5303281.0,70828142.273
2025-12-13 09:00:00,133.91,134.2,133.42,133.48,3997111.0,53467528.796
2025-12-13 10:00:00,133.48,134.22,133.37,133.87,3348193.0,44804128.287
2025-12-13 11:00:00,133.87,133.99,133.12,133.24,2972212.0,39696087.506
2025-12-13 12:00:00,133.24,133.62,132.53,132.89,3813577.0,50738182.944
2025-12-13 13:00:00,132.89,133.3,132.55,133.07,4035403.0,53654199.199
2025-12-13 14:00:00,133.07,133.36,132.52,133.12,5541897.0,73719492.474
2025-12-13 15:00:00,133.12,133.61,133.01,133.21,5366274.0,71526712.501
2025-12-13 16:00:00,133.21,133.76,132.77,133.08,3807627.0,50719653.253
2025-12-13 17:00:00,133.08,133.12,132.06,132.13,5247278.0,69486077.627
2025-12-13 18:00:00,132.13,132.74,132.06,132.27,3903175.0,51672359.758
2025-12-13 19:00:00,132.27,132.91,132.24,132.71,3027197.0,40134673.372
2025-12-13 20:00:00,132.71,132.93,132.16,132.23,4272818.0,56678714.784
2025-12-13 21:00:00,132.23,132.68,131.3,132.62,6345679.0,83769202.596
2025-12-13 22:00:00,132.62,133.02,132.13,132.76,3969251.0,52630665.661
2025-12-13 23:00:00,132.76,133.22,132.48,133.05,3232796.0,42951631.753
2025-12-14 00:00:00,133.05,133.59,132.62,133.16,4590551.0,61088828.016
2025-12-14 01:00:00,133.16,133.48,132.92,133.22,2539155.0,33835249.06
2025-12-14 02:00:00,133.22,133.46,132.99,133.27,1555122.0,20724958.303
2025-12-14 03:00:00,133.27,133.39,132.73,132.87,1958908.0,26064558.453
2025-12-14 04:00:00,132.87,133.14,132.35,132.43,2469197.0,32769649.206
2025-12-14 05:00:00,132.43,132.63,132.01,132.61,1997410.0,26426977.396
2025-12-14 06:00:00,132.61,132.96,132.39,132.85,2673523.0,35469904.16
2025-12-14 07:00:00,132.85,133.32,132.74,133.19,1728343.0,22986391.447
2025-12-14 08:00:00,133.19,133.44,132.57,132.6,2962001.0,39419804.143
2025-12-14 09:00:00,132.6,132.72,132.26,132.28,3204753.0,42459293.795
2025-12-14 10:00:00,132.28,132.54,130.84,131.71,6563501.0,86354890.99
2025-12-14 11:00:00,131.71,131.9,130.02,131.38,8371541.0,109781512.248
2025-12-14 12:00:00,131.38,131.83,130.8,131.28,5555729.0,72998095.694
2025-12-14 13:00:00,131.28,131.58,130.82,131.54,5539133.0,72638364.115
2025-12-14 14:00:00,131.54,131.72,130.3,130.82,6079125.0,79631472.983
2025-12-14 15:00:00,130.82,131.0,130.23,130.6,5000491.0,65319054.412
2025-12-14 16:00:00,130.6,131.53,130.41,130.94,5477365.0,71699803.941
2025-12-14 17:00:00,130.94,131.16,129.33,129.93,7242428.0,94175402.878
2025-12-14 18:00:00,129.93,130.63,129.79,130.54,4900776.0,63829745.486
2025-12-14 19:00:00,130.54,130.55,129.87,130.22,3931568.0,51164194.886
2025-12-14 20:00:00,130.22,130.65,129.77,129.95,4874406.0,63446292.048
2025-12-14 21:00:00,129.95,130.26,129.45,129.8,4977114.0,64600414.209
2025-12-14 22:00:00,129.8,130.23,129.47,130.1,4656912.0,60467203.222
2025-12-14 23:00:00,130.1,130.75,127.85,129.29,8362619.0,108157660.119
2025-12-15 00:00:00,129.29,130.29,129.2,130.04,5271388.0,68411151.248
2025-12-15 01:00:00,130.04,131.51,129.72,131.08,4027257.0,52554368.06
2025-12-15 02:00:00,131.08,133.17,131.07,131.43,5982982.0,79070611.394
2025-12-15 03:00:00,131.43,131.6,130.86,131.1,3526550.0,46277115.657
2025-12-15 04:00:00,131.1,131.95,130.78,131.76,3157097.0,41465693.36
2025-12-15 05:00:00,131.76,132.09,131.62,131.92,2245143.0,29594523.166
2025-12-15 06:00:00,131.92,132.65,131.62,132.35,2915162.0,38507201.4
2025-12-15 07:00:00,132.35,132.59,131.73,132.3,3649774.0,48213112.045
2025-12-15 08:00:00,132.3,132.67,132.05,132.34,3256865.0,43118856.485
2025-12-15 09:00:00,132.34,132.95,132.07,132.69,3559394.0,47136426.567
2025-12-15 10:00:00,132.69,132.99,132.25,132.57,3702643.0,49075913.147
2025-12-15 11:00:00,132.57,132.76,132.0,132.22,3442107.0,45562854.7
2025-12-15 12:00:00,132.22,133.1,131.73,132.71,6771069.0,89626010.808
2025-12-15 13:00:00,132.71,133.24,131.63,132.59,9440995.0,125096522.587
2025-12-15 14:00:00,132.59,135.39,129.49,130.41,22332546.0,296066895.552
2025-12-15 15:00:00,130.41,130.52,126.31,126.79,28323884.0,362678567.696
2025-12-15 16:00:00,126.79,127.24,125.49,126.4,15161508.0,191458374.601
2025-12-15 17:00:00,126.4,126.7,124.4,124.85,11498041.0,144301533.978
2025-12-15 18:00:00,124.85,125.2,123.53,124.8,14093284.0,175425873.502
2025-12-15 19:00:00,124.8,125.76,124.59,124.94,9354438.0,117120610.685
2025-12-15 20:00:00,124.94,125.54,123.8,124.91,11020673.0,137307061.874
2025-12-15 21:00:00,124.91,126.37,124.88,125.73,5911787.0,74226651.692
2025-12-15 22:00:00,125.73,126.34,125.49,126.28,6388476.0,80453462.937
2025-12-15 23:00:00,126.28,127.8,126.19,127.73,8027510.0,101997563.625
2025-12-16 00:00:00,127.73,127.97,126.07,126.13,9589031.0,122015233.866
2025-12-16 01:00:00,126.13,126.79,125.46,126.28,12304912.0,155286134.268
2025-12-16 02:00:00,126.28,127.24,125.87,126.68,7431011.0,94028449.817
2025-12-16 03:00:00,126.68,126.91,124.85,126.43,6735580.0,84757961.424
2025-12-16 04:00:00,126.43,126.72,124.67,126.06,5991828.0,75378783.932
2025-12-16 05:00:00,126.06,126.63,125.85,126.31,2377665.0,30015125.345
2025-12-16 06:00:00,126.31,127.39,126.22,127.27,3168497.0,40210210.094
2025-12-16 07:00:00,127.27,127.33,125.47,125.48,4582968.0,57889133.084
2025-12-16 08:00:00,125.48,126.53,125.33,125.9,4689817.0,59055855.415
2025-12-16 09:00:00,125.9,126.43,125.81,126.22,2422389.0,30549387.362
2025-12-16 10:00:00,126.22,128.8,126.05,128.4,7153822.0,91326415.907
2025-12-16 11:00:00,128.4,129.0,127.87,128.57,5532877.0,71048082.626
2025-12-16 12:00:00,128.57,129.05,128.16,128.57,4962914.0,63789323.158
2025-12-16 13:00:00,128.57,129.87,126.69,126.69,12322480.0,157933336.932
2025-12-16 14:00:00,126.69,129.74,126.05,128.52,13651671.0,174812116.409
2025-12-16 15:00:00,128.52,130.1,127.19,129.68,9651101.0,123940053.802
2025-12-16 16:00:00,129.68,129.8,127.71,128.27,9942928.0,127866483.073
2025-12-16 17:00:00,128.27,128.55,127.05,127.23,7226659.0,92273626.688
2025-12-16 18:00:00,127.23,128.58,126.9,127.98,10202118.0,130153342.168
2025-12-16 19:00:00,127.98,128.04,126.68,127.69,7686963.0,97835820.039
2025-12-16 20:00:00,127.69,128.88,127.33,128.34,7813742.0,99925672.279
2025-12-16 21:00:00,128.34,128.68,127.9,128.49,4074911.0,52299681.664
2025-12-16 22:00:00,128.49,128.95,128.17,128.51,4472323.0,57518708.608
2025-12-16 23:00:00,128.51,129.46,128.07,129.05,5417759.0,69691533.017
2025-12-17 00:00:00,129.05,129.1,128.19,128.82,4694529.0,60360031.102
2025-12-17 01:00:00,128.82,129.76,128.7,129.12,4803054.0,62031373.852
2025-12-17 02:00:00,129.12,129.46,128.36,129.25,3996985.0,51519462.58
2025-12-17 03:00:00,129.25,129.57,128.12,128.17,3822223.0,49296291.137
2025-12-17 04:00:00,128.17,128.4,127.35,127.79,3805379.0,48635882.822
2025-12-17 05:00:00,127.79,128.03,126.9,127.54,4214238.0,53720139.498
2025-12-17 06:00:00,127.54,127.96,127.48,127.7,3045165.0,38899178.608
2025-12-17 07:00:00,127.7,128.52,127.58,128.21,3561588.0,45607531.919
2025-12-17 08:00:00,128.21,128.21,126.71,126.86,4616154.0,58724676.853
2025-12-17 09:00:00,126.86,126.97,125.92,126.69,6112918.0,77356585.675
2025-12-17 10:00:00,126.69,126.9,126.22,126.53,4599646.0,58222402.494
2025-12-17 11:00:00,126.53,127.86,126.44,127.54,4332714.0,55177996.822
2025-12-17 12:00:00,127.54,128.11,127.3,127.87,4612546.0,58904199.132
2025-12-17 13:00:00,127.87,129.42,127.48,129.15,7383504.0,94812925.497
2025-12-17 14:00:00,129.15,132.61,126.91,132.61,18607911.0,240811053.731
2025-12-17 15:00:00,132.61,133.96,126.52,126.72,24933578.0,325970584.006
2025-12-17 16:00:00,126.72,127.9,123.73,124.85,20852658.0,261841575.164
2025-12-17 17:00:00,124.85,125.14,122.48,122.96,12952317.0,159858051.649
2025-12-17 18:00:00,122.96,123.89,121.54,122.0,10070637.0,123524277.526
2025-12-17 19:00:00,122.0,122.41,121.29,122.32,11237521.0,136902844.657
2025-12-17 20:00:00,122.32,123.67,121.92,122.92,7632095.0,93739387.267
2025-12-17 21:00:00,122.92,123.03,121.89,122.3,4235283.0,51828680.478
2025-12-17 22:00:00,122.3,123.49,121.97,123.41,6088981.0,74785472.279
2025-12-17 23:00:00,123.41,123.43,122.7,123.17,3014257.0,37075715.338
2025-12-18 00:00:00,123.17,123.69,122.94,123.6,3223463.0,39764579.791
2025-12-18 01:00:00,123.6,123.72,122.88,123.33,3240033.0,39951451.344
2025-12-18 02:00:00,123.33,124.1,123.01,123.64,3991592.0,49368578.225
2025-12-18 03:00:00,123.64,123.89,122.95,123.59,3167136.0,39080506.285
2025-12-18 04:00:00,123.59,124.09,123.51,123.59,2400703.0,29706163.181
2025-12-18 05:00:00,123.59,123.59,122.28,122.34,4117216.0,50540867.285
2025-12-18 06:00:00,122.34,122.81,122.13,122.72,2361572.0,28938719.208
2025-12-18 07:00:00,122.72,123.34,122.37,122.76,2694234.0,33094402.118
2025-12-18 08:00:00,122.76,123.36,122.38,122.95,3639043.0,44712779.341
2025-12-18 09:00:00,122.95,123.84,122.56,123.59,4003752.0,49331191.042
2025-12-18 10:00:00,123.59,124.08,123.28,123.85,3908164.0,48357785.725
2025-12-18 11:00:00,123.85,123.98,123.14,123.98,4021464.0,49684693.048
2025-12-18 12:00:00,123.98,124.46,123.56,123.87,4295196.0,53257689.351
2025-12-18 13:00:00,123.87,126.82,123.87,126.34,15577193.0,195299833.847
2025-12-18 14:00:00,126.34,127.89,124.71,125.83,16577672.0,209345494.686
2025-12-18 15:00:00,125.83,128.99,125.55,127.35,12505100.0,159478595.066
2025-12-18 16:00:00,127.35,127.45,126.04,126.8,6942174.0,88033289.657
2025-12-18 17:00:00,126.8,126.84,120.49,122.91,18697112.0,229618515.656
2025-12-18 18:00:00,122.91,123.88,121.11,121.48,10155099.0,124472552.884
2025-12-18 19:00:00,121.48,121.55,117.34,117.49,19229045.0,229787783.58
2025-12-18 20:00:00,117.49,118.93,116.76,117.13,11354646.0,133850595.775
2025-12-18 21:00:00,117.13,120.12,116.97,120.05,11828351.0,140385331.503
2025-12-18 22:00:00,120.05,120.1,119.12,119.74,8904578.0,106584948.01
2025-12-18 23:00:00,119.74,119.94,119.18,119.53,6571326.0,78568830.753
2025-12-19 00:00:00,119.53,119.81,117.84,118.35,6391076.0,75910966.407
2025-12-19 01:00:00,118.35,118.5,117.56,118.31,4962016.0,58573803.631
2025-12-19 02:00:00,118.31,119.15,117.84,118.89,3428920.0,40615495.318
2025-12-19 03:00:00,118.89,122.47,118.84,121.52,12248487.0,148047240.044
2025-12-19 04:00:00,121.52,123.0,121.29,122.74,6116301.0,74742304.466
2025-12-19 05:00:00,122.74,123.3,121.9,122.56,4211946.0,51602034.644
2025-12-19 06:00:00,122.56,123.62,122.14,123.39,3574497.0,43921393.406
2025-12-19 07:00:00,123.39,125.28,123.37,124.38,7060751.0,87799562.467
2025-12-19 08:00:00,124.38,125.57,123.83,124.91,6219135.0,77554375.251
2025-12-19 09:00:00,124.91,125.03,124.32,124.69,4398363.0,54836845.67
2025-12-19 10:00:00,124.69,124.98,124.48,124.7,4317633.0,53840725.318
2025-12-19 11:00:00,124.7,125.73,124.64,125.34,5687688.0,71237643.938
2025-12-19 12:00:00,125.34,126.18,124.88,125.74,7327996.0,92071249.993
2025-12-19 13:00:00,125.74,126.48,125.58,125.87,7406503.0,93375208.426
2025-12-19 14:00:00,125.87,126.92,124.63,125.96,12911059.0,162265275.447
2025-12-19 15:00:00,125.96,127.62,124.71,125.01,13119232.0,165214741.135
2025-12-19 16:00:00,125.01,126.94,124.78,125.25,8667172.0,109171738.531
2025-12-19 17:00:00,125.25,126.09,123.6,123.6,9918257.0,123756284.438
2025-12-19 18:00:00,123.6,125.31,123.55,124.76,6404327.0,79595250.906
2025-12-19 19:00:00,124.76,126.64,124.75,126.22,6272905.0,79017452.811
2025-12-19 20:00:00,126.22,127.85,126.04,127.1,7510716.0,95276637.731
2025-12-19 21:00:00,127.1,127.34,126.43,126.72,4968404.0,63013442.035
2025-12-19 22:00:00,126.72,127.28,126.71,126.81,3435538.0,43615306.144
2025-12-19 23:00:00,126.81,126.81,126.09,126.19,2871357.0,36299835.921
2025-12-20 00:00:00,126.19,126.32,125.56,125.74,2250020.0,28332628.7
2025-12-20 01:00:00,125.74,125.96,125.45,125.52,1929062.0,24252486.168
2025-12-20 02:00:00,125.52,126.15,125.25,125.77,1895146.0,23821631.063
2025-12-20 03:00:00,125.77,126.44,125.45,126.14,2119617.0,26726557.357
2025-12-20 04:00:00,126.14,126.36,125.81,126.2,1911739.0,24115836.967
2025-12-20 05:00:00,126.2,126.65,126.01,126.33,2427088.0,30673691.271
2025-12-20 06:00:00,126.33,126.6,126.17,126.22,1706476.0,21564419.405
2025-12-20 07:00:00,126.22,126.31,125.86,126.13,2662025.0,33565102.169
2025-12-20 08:00:00,126.13,126.86,126.07,126.45,3687514.0,46653433.591
2025-12-20 09:00:00,126.45,126.71,126.19,126.22,2256844.0,28545572.683
2025-12-20 10:00:00,126.22,126.37,125.96,126.0,2727681.0,34404650.132
2025-12-20 11:00:00,126.0,126.47,125.82,126.42,2729525.0,34431279.612
2025-12-20 12:00:00,126.42,126.43,126.02,126.24,2031010.0,25628459.624
2025-12-20 13:00:00,126.24,126.35,125.25,126.06,5111388.0,64288321.452
2025-12-20 14:00:00,126.06,126.36,125.51,126.29,3174915.0,39998771.304
2025-12-20 15:00:00,126.29,126.61,125.91,126.49,2908178.0,36729435.708
2025-12-20 16:00:00,126.49,126.64,126.06,126.25,2143800.0,27079241.979
2025-12-20 17:00:00,126.25,126.41,125.92,125.97,1675250.0,21130891.323
2025-12-20 18:00:00,125.97,126.16,125.69,125.98,3600004.0,45305842.099
2025-12-20 19:00:00,125.98,126.15,125.72,125.99,1828409.0,23032938.161
2025-12-20 20:00:00,125.99,126.4,125.87,126.37,1693244.0,21361511.331
2025-12-20 21:00:00,126.37,126.49,126.15,126.27,2733201.0,34521800.348
2025-12-20 22:00:00,126.27,126.32,125.7,125.98,3191162.0,40199569.565
2025-12-20 23:00:00,125.98,126.04,125.54,125.74,3406002.0,42840453.93
2025-12-21 00:00:00,125.74,126.05,125.64,125.96,2469619.0,31074500.222
2025-12-21 01:00:00,125.96,125.98,125.02,125.07,2920331.0,36632389.072
2025-12-21 02:00:00,125.07,125.3,124.62,124.84,3067794.0,38312787.963
2025-12-21 03:00:00,124.84,125.51,124.78,125.16,2310940.0,28937889.812
2025-12-21 04:00:00,125.16,125.38,125.08,125.12,1246172.0,15606472.751
2025-12-21 05:00:00,125.12,125.43,125.02,125.22,1306263.0,16360190.094
2025-12-21 06:00:00,125.22,125.48,125.1,125.34,1179582.0,14776583.056
2025-12-21 07:00:00,125.34,125.5,125.15,125.25,1158501.0,14515520.944
2025-12-21 08:00:00,125.25,125.85,124.71,125.53,4032658.0,50534536.426
2025-12-21 09:00:00,125.53,126.52,125.39,126.19,6313444.0,79542600.014
2025-12-21 10:00:00,126.19,126.56,125.52,125.76,4808417.0,60626087.869
2025-12-21 11:00:00,125.76,125.81,125.25,125.43,3229448.0,40532392.144
2025-12-21 12:00:00,125.43,126.0,125.05,125.49,5336111.0,67003986.541
2025-12-21 13:00:00,125.49,125.54,123.3,123.56,10987760.0,136427342.681
2025-12-21 14:00:00,123.56,124.65,123.44,124.35,6473355.0,80361182.458
2025-12-21 15:00:00,124.35,125.25,123.89,124.98,5013839.0,62412756.712
2025-12-21 16:00:00,124.98,125.55,124.72,125.4,4544554.0,56909344.186
2025-12-21 17:00:00,125.4,126.3,125.3,125.43,5438887.0,68418303.894
2025-12-21 18:00:00,125.43,125.43,124.28,125.07,6461525.0,80633379.817
2025-12-21 19:00:00,125.07,125.82,125.02,125.58,3583194.0,44935495.024
2025-12-21 20:00:00,125.58,125.73,125.24,125.29,3445459.0,43246601.431
2025-12-21 21:00:00,125.29,125.35,124.63,124.81,3807770.0,47615932.839
2025-12-21 22:00:00,124.81,125.87,124.7,125.78,4046495.0,50683827.853
2025-12-21 23:00:00,125.78,126.27,125.44,125.97,5117898.0,64424306.484
2025-12-22 00:00:00,125.97,128.5,125.92,126.21,11198348.0,142201935.045
2025-12-22 01:00:00,126.21,127.3,125.71,125.97,5683949.0,71981307.051
2025-12-22 02:00:00,125.97,126.01,124.43,125.18,5596601.0,70020597.158
2025-12-22 03:00:00,125.18,126.46,124.86,125.97,5087388.0,63960593.15
2025-12-22 04:00:00,125.97,126.66,125.78,126.47,3338012.0,42123045.182
2025-12-22 05:00:00,126.47,126.65,126.02,126.25,2446749.0,30921861.607
2025-12-22 06:00:00,126.25,126.5,125.68,125.68,2881661.0,36345034.282
2025-12-22 07:00:00,125.68,126.46,125.5,126.23,3218201.0,40615336.271
2025-12-22 08:00:00,126.23,127.31,125.55,125.57,6133338.0,77600516.164
2025-12-22 09:00:00,125.57,126.35,125.41,126.15,5175854.0,65149083.018
2025-12-22 10:00:00,126.15,126.89,125.82,126.65,5110732.0,64650347.431
2025-12-22 11:00:00,126.65,127.43,126.3,126.94,6959100.0,88302267.532
2025-12-22 12:00:00,126.94,127.66,126.61,126.9,8636781.0,109728010.579
2025-12-22 13:00:00,126.9,127.02,126.24,126.95,6672644.0,84516755.594
2025-12-22 14:00:00,126.95,128.22,126.45,127.8,11605187.0,147780115.552
2025-12-22 15:00:00,127.8,128.73,126.36,128.02,12132073.0,154737449.013
2025-12-22 16:00:00,128.02,128.34,127.07,127.19,7858434.0,100438931.267
2025-12-22 17:00:00,127.19,127.24,126.38,126.87,5608638.0,71125125.841
2025-12-22 18:00:00,126.87,127.46,126.27,126.45,6276781.0,79611972.989
2025-12-22 19:00:00,126.45,126.47,124.55,124.58,12428355.0,155802766.118
2025-12-22 20:00:00,124.58,125.2,124.12,124.33,8546316.0,106521078.192
2025-12-22 21:00:00,124.33,125.51,124.26,125.07,6616825.0,82680297.026
2025-12-22 22:00:00,125.07,126.0,124.91,125.78,4832976.0,60636031.046
2025-12-22 23:00:00,125.78,125.9,125.3,125.8,5167653.0,64938725.114
2025-12-23 00:00:00,125.8,126.86,125.71,126.64,3934807.0,49686433.364
2025-12-23 01:00:00,126.64,126.73,125.84,126.13,4318634.0,54539663.462
2025-12-23 02:00:00,126.13,126.55,125.41,125.58,5296438.0,66731835.559
2025-12-23 03:00:00,125.58,126.09,124.82,125.61,5396504.0,67731647.572
2025-12-23 04:00:00,125.61,126.03,125.35,125.36,2482111.0,31180755.162
2025-12-23 05:00:00,125.36,125.48,124.51,124.91,3741180.0,46743987.707
2025-12-23 06:00:00,124.91,125.22,124.07,124.29,5540511.0,68967087.639
2025-12-23 07:00:00,124.29,124.56,123.66,124.14,4874231.0,60497421.493
2025-12-23 08:00:00,124.14,124.59,123.96,124.13,2451393.0,30469416.341
2025-12-23 09:00:00,124.13,124.31,123.82,124.09,2505775.0,31100655.642
2025-12-23 10:00:00,124.09,124.83,124.05,124.78,3193261.0,39735803.435
2025-12-23 11:00:00,124.78,125.18,124.63,124.78,3962825.0,49499784.101
2025-12-23 12:00:00,124.78,124.86,123.87,124.08,5964020.0,74131492.908
2025-12-23 13:00:00,124.08,124.57,122.71,123.25,10197720.0,125949330.876
2025-12-23 14:00:00,123.25,123.68,122.09,122.62,11333172.0,139306933.065
2025-12-23 15:00:00,122.62,123.45,122.3,123.29,8480099.0,104255728.671
2025-12-23 16:00:00,123.29,124.85,122.92,124.55,8961617.0,111100272.442
2025-12-23 17:00:00,124.55,124.76,122.66,122.78,7940628.0,98404452.852
2025-12-23 18:00:00,122.78,124.12,122.76,123.93,7168982.0,88573942.55
2025-12-23 19:00:00,123.93,124.52,123.42,123.91,5758357.0,71352476.646
2025-12-23 20:00:00,123.91,125.6,123.39,124.67,7896653.0,98359825.936
2025-12-23 21:00:00,124.67,124.7,123.87,124.23,7999071.0,99397711.959
2025-12-23 22:00:00,124.23,124.43,123.52,123.81,4531854.0,56169237.628
2025-12-23 23:00:00,123.81,124.13,123.36,123.94,3930986.0,48647353.056
2025-12-24 00:00:00,123.94,124.24,123.51,123.83,2664033.0,32996030.89
2025-12-24 01:00:00,123.83,124.18,122.89,123.07,3730159.0,46038103.59
2025-12-24 02:00:00,123.07,123.1,121.7,122.25,5579464.0,68290221.033
2025-12-24 03:00:00,122.25,122.75,121.69,122.65,3469155.0,42400677.655
2025-12-24 04:00:00,122.65,122.99,121.45,121.56,4193915.0,51199738.768
2025-12-24 05:00:00,121.56,121.98,121.04,121.4,3923894.0,47676946.236
2025-12-24 06:00:00,121.4,121.53,120.53,121.51,4362909.0,52792212.836
2025-12-24 07:00:00,121.51,121.81,121.2,121.23,2638485.0,32059108.533
2025-12-24 08:00:00,121.23,121.65,121.03,121.31,3191434.0,38729275.89
2025-12-24 09:00:00,121.31,121.68,121.19,121.35,2677110.0,32520431.762
2025-12-24 10:00:00,121.35,122.16,121.3,121.7,4700406.0,57244804.258
2025-12-24 11:00:00,121.7,122.16,121.69,121.99,2508296.0,30600523.782
2025-12-24 12:00:00,121.99,122.49,121.86,122.39,4284910.0,52341932.98
2025-12-24 13:00:00,122.39,122.39,121.67,121.9,5477842.0,66844332.576
2025-12-24 14:00:00,121.9,122.25,120.62,121.45,11469540.0,139525513.168
2025-12-24 15:00:00,121.45,122.89,121.24,122.69,10162002.0,124050862.151
2025-12-24 16:00:00,122.69,123.42,122.36,122.68,8722853.0,107116727.625
2025-12-24 17:00:00,122.68,122.97,121.91,121.98,5287750.0,64792504.055
2025-12-24 18:00:00,121.98,122.65,121.72,122.43,4280276.0,52301490.582
2025-12-24 19:00:00,122.43,122.85,121.94,122.82,4135556.0,50645544.796
2025-12-24 20:00:00,122.82,123.17,122.53,122.62,4268893.0,52450513.63
2025-12-24 21:00:00,122.62,123.03,122.56,122.93,2437392.0,29932650.309
2025-12-24 22:00:00,122.93,123.36,122.87,123.26,2811225.0,34615672.15
2025-12-24 23:00:00,123.26,123.3,122.41,122.47,3934331.0,48311759.996
2025-12-25 00:00:00,122.47,122.67,122.03,122.13,3879043.0,47469545.821
2025-12-25 01:00:00,122.13,122.74,122.1,122.71,2449887.0,29993277.32
2025-12-25 02:00:00,122.71,123.13,122.41,122.99,2103071.0,25823731.966
2025-12-25 03:00:00,122.99,123.1,122.45,122.63,2469929.0,30318799.985
2025-12-25 04:00:00,122.63,122.84,122.54,122.74,1714231.0,21031602.524
2025-12-25 05:00:00,122.74,122.74,122.17,122.32,2147992.0,26287222.637
2025-12-25 06:00:00,122.32,122.47,122.12,122.41,1580179.0,19324682.969
2025-12-25 07:00:00,122.41,122.43,122.04,122.24,2569766.0,31399543.326
2025-12-25 08:00:00,122.24,122.62,121.56,122.06,6314803.0,77016723.517
2025-12-25 09:00:00,122.06,122.14,121.75,122.06,2141075.0,26112116.012
2025-12-25 10:00:00,122.06,122.06,121.21,121.5,5308726.0,64521681.987
2025-12-25 11:00:00,121.5,121.8,121.46,121.59,2641168.0,32129488.007
2025-12-25 12:00:00,121.59,122.0,121.52,121.99,2308842.0,28121763.65
2025-12-25 13:00:00,121.99,122.29,121.6,121.99,3204661.0,39092165.249
2025-12-25 14:00:00,121.99,122.29,121.71,122.07,3510292.0,42817712.329
2025-12-25 15:00:00,122.07,124.04,121.79,123.6,10740731.0,132226032.941
2025-12-25 16:00:00,123.6,124.42,123.26,123.46,8707990.0,107874241.889
2025-12-25 17:00:00,123.46,123.6,122.72,123.0,5122261.0,63054971.999
2025-12-25 18:00:00,123.0,124.15,123.0,123.95,4470103.0,55300806.563
2025-12-25 19:00:00,123.95,124.0,123.28,123.41,3008686.0,37178520.266
2025-12-25 20:00:00,123.41,123.44,122.89,123.26,2843316.0,35003433.339
2025-12-25 21:00:00,123.26,123.48,123.06,123.16,2185014.0,26937703.389
2025-12-25 22:00:00,123.16,123.4,121.3,121.77,5855230.0,71582373.8
2025-12-25 23:00:00,121.77,122.07,119.53,119.95,10386984.0,125473041.672
2025-12-26 00:00:00,119.95,120.25,119.17,120.25,7449620.0,89239478.706
2025-12-26 01:00:00,120.25,121.1,120.1,120.71,4606877.0,55546615.905
2025-12-26 02:00:00,120.71,124.32,120.71,123.4,10850201.0,133480287.489
2025-12-26 03:00:00,123.4,123.66,122.4,122.62,3941064.0,48429331.533
2025-12-26 04:00:00,122.62,122.95,121.69,122.77,3571773.0,43661952.302
2025-12-26 05:00:00,122.77,123.44,122.59,123.24,3070406.0,37760140.259
2025-12-26 06:00:00,123.24,123.72,123.24,123.42,3433625.0,42402347.26
2025-12-26 07:00:00,123.42,123.95,122.53,122.68,4460955.0,54991457.39
2025-12-26 08:00:00,122.68,123.09,122.24,122.63,3233809.0,39656769.548
2025-12-26 09:00:00,122.63,124.13,122.48,123.64,5272843.0,64975901.085
2025-12-26 10:00:00,123.64,123.89,123.4,123.72,4069575.0,50314302.747
2025-12-26 11:00:00,123.72,123.9,123.3,123.8,2613207.0,32288290.134
2025-12-26 12:00:00,123.8,124.16,123.72,123.93,3234165.0,40068544.57
2025-12-26 13:00:00,123.93,125.12,123.85,124.87,6815468.0,84850671.867
2025-12-26 14:00:00,124.87,124.95,122.03,122.2,11811762.0,145910560.983
2025-12-26 15:00:00,122.2,122.2,120.37,121.48,14933936.0,181110860.745
2025-12-26 16:00:00,121.48,122.19,121.1,121.19,6305946.0,76779849.329
2025-12-26 17:00:00,121.19,122.35,121.18,121.79,5941126.0,72330976.466
2025-12-26 18:00:00,121.79,122.17,121.64,122.0,4855756.0,59219792.151
2025-12-26 19:00:00,122.0,122.33,121.67,122.09,5486884.0,66971845.826
2025-12-26 20:00:00,122.09,122.6,121.82,122.36,4980431.0,60856672.538
2025-12-26 21:00:00,122.36,122.56,121.98,121.99,2557195.0,31266354.8
2025-12-26 22:00:00,121.99,122.38,121.73,122.38,3156400.0,38528561.019
2025-12-26 23:00:00,122.38,122.57,122.1,122.22,2750084.0,33636707.933
2025-12-27 00:00:00,122.22,122.32,121.86,122.06,1997529.0,24375529.727
2025-12-27 01:00:00,122.06,122.28,121.82,122.27,1542824.0,18824419.553
2025-12-27 02:00:00,122.27,122.39,122.09,122.28,1337829.0,16351954.264
2025-12-27 03:00:00,122.28,123.78,122.22,123.61,4195777.0,51643458.899
2025-12-27 04:00:00,123.61,123.7,122.85,122.96,2209762.0,27215373.457
2025-12-27 05:00:00,122.96,123.26,122.94,123.14,1349927.0,16616730.742
2025-12-27 06:00:00,123.14,123.14,122.71,122.98,1690949.0,20780802.726
2025-12-27 07:00:00,122.98,123.39,122.98,123.12,2322198.0,28609858.829
2025-12-27 08:00:00,123.12,123.3,122.78,122.82,1591106.0,19578219.205
2025-12-27 09:00:00,122.82,123.18,122.81,122.96,2519361.0,30992438.7
2025-12-27 10:00:00,122.96,123.1,122.45,122.83,3167711.0,38899695.384
2025-12-27 11:00:00,122.83,123.2,122.8,122.95,2671273.0,32844159.919
2025-12-27 12:00:00,122.95,123.18,122.71,122.85,2246982.0,27622576.898
2025-12-27 13:00:00,122.85,123.27,122.69,122.96,3133421.0,38538470.262
2025-12-27 14:00:00,122.96,123.31,122.81,123.28,2334984.0,28733635.387
2025-12-27 15:00:00,123.28,123.62,123.09,123.27,4256193.0,52508506.384
2025-12-27 16:00:00,123.27,123.4,122.86,122.94,3998831.0,49252449.582
2025-12-27 17:00:00,122.94,123.41,122.7,123.33,4254258.0,52319855.246
2025-12-27 18:00:00,123.33,123.46,122.95,123.16,2959543.0,36457806.233
2025-12-27 19:00:00,123.16,123.4,122.98,123.2,2142377.0,26385759.211
2025-12-27 20:00:00,123.2,123.78,123.2,123.51,3469176.0,42864067.212
2025-12-27 21:00:00,123.51,124.64,123.5,124.5,7511995.0,93238443.929
2025-12-27 22:00:00,124.5,124.94,123.6,123.83,8584198.0,106679095.485
2025-12-27 23:00:00,123.83,125.04,123.83,124.68,4477039.0,55688309.133
2025-12-28 00:00:00,124.68,124.85,124.23,124.33,3183962.0,39629036.665
2025-12-28 01:00:00,124.33,124.58,123.93,123.94,2329426.0,28928808.154
2025-12-28 02:00:00,123.94,124.39,123.85,124.18,1617117.0,20070310.983
2025-12-28 03:00:00,124.18,124.25,123.91,124.09,1345963.0,16697273.298
2025-12-28 04:00:00,124.09,124.28,123.93,124.04,1362203.0,16906242.207
2025-12-28 05:00:00,124.04,124.04,123.57,123.73,2268446.0,28082121.076
2025-12-28 06:00:00,123.73,124.16,123.68,124.07,2314769.0,28689717.165
2025-12-28 07:00:00,124.07,124.26,123.79,124.16,1843944.0,22876666.436
2025-12-28 08:00:00,124.16,124.64,124.11,124.23,3488834.0,43376830.85
2025-12-28 09:00:00,124.23,124.35,123.92,124.02,2289062.0,28418306.931
2025-12-28 10:00:00,124.02,124.64,123.96,124.44,3670856.0,45658415.484
2025-12-28 11:00:00,124.44,124.79,124.33,124.58,3261447.0,40627772.249
2025-12-28 12:00:00,124.58,124.73,124.29,124.35,3609443.0,44931247.45
2025-12-28 13:00:00,124.35,124.75,124.23,124.57,3798414.0,47310041.097
2025-12-28 14:00:00,124.57,124.93,124.44,124.52,5197117.0,64813306.401
2025-12-28 15:00:00,124.52,124.98,124.35,124.39,4899649.0,61087114.353
2025-12-28 16:00:00,124.39,124.66,124.12,124.26,4129158.0,51361256.413
2025-12-28 17:00:00,124.26,124.73,124.25,124.41,4069374.0,50673236.966
2025-12-28 18:00:00,124.41,124.49,123.06,123.11,7510073.0,92865894.501
2025-12-28 19:00:00,123.11,123.59,123.01,123.23,4773908.0,58859155.817
2025-12-28 20:00:00,123.23,123.63,123.03,123.37,3404696.0,42004818.811
2025-12-28 21:00:00,123.37,123.83,123.22,123.78,2614583.0,32321678.538
2025-12-28 22:00:00,123.78,124.3,123.45,124.18,4672221.0,57871157.837
2025-12-28 23:00:00,124.18,125.6,123.85,125.21,7731423.0,96414539.552
2025-12-29 00:00:00,125.21,128.16,124.94,126.98,11567115.0,146492381.446
2025-12-29 01:00:00,126.98,130.18,126.18,128.68,11409772.0,145911874.377
2025-12-29 02:00:00,128.68,129.45,128.12,128.7,6883114.0,88651842.712
2025-12-29 03:00:00,128.7,129.51,128.44,128.51,5901601.0,76111756.673
2025-12-29 04:00:00,128.51,129.15,128.18,128.53,5803695.0,74683429.865
2025-12-29 05:00:00,128.53,128.53,127.53,127.7,4888366.0,62573909.986
2025-12-29 06:00:00,127.7,128.0,127.43,127.74,3361236.0,42934965.721
2025-12-29 07:00:00,127.74,127.96,127.2,127.83,4717640.0,60208699.253
2025-12-29 08:00:00,127.83,128.5,127.63,127.85,4574567.0,58571657.524
2025-12-29 09:00:00,127.85,127.96,125.32,126.02,12010479.0,151943651.637
2025-12-29 10:00:00,126.02,126.31,125.44,125.66,4030586.0,50723802.806
2025-12-29 11:00:00,125.66,125.66,124.96,125.01,5704445.0,71425566.396
2025-12-29 12:00:00,125.01,125.37,122.82,123.64,14831593.0,183562893.683
2025-12-29 13:00:00,123.64,124.01,122.86,123.18,7625241.0,94192360.176
2025-12-29 14:00:00,123.18,124.45,122.14,123.39,16613996.0,204839706.31
2025-12-29 15:00:00,123.39,124.05,123.06,123.36,6878000.0,85007837.099
2025-12-29 16:00:00,123.36,123.68,122.53,123.4,6682548.0,82274484.567
2025-12-29 17:00:00,123.4,123.83,122.95,123.82,4395327.0,54239291.041
2025-12-29 18:00:00,123.82,123.92,122.84,123.04,4753147.0,58682378.099
2025-12-29 19:00:00,123.04,123.43,122.77,122.99,3585335.0,44132021.574
2025-12-29 20:00:00,122.99,123.55,122.8,123.28,4053615.0,49899969.36
2025-12-29 21:00:00,123.28,123.53,123.1,123.43,3520841.0,43414880.625
2025-12-29 22:00:00,123.43,123.56,123.1,123.36,3134523.0,38657270.391
2025-12-29 23:00:00,123.36,123.53,123.1,123.2,3466335.0,42737881.56
2025-12-30 00:00:00,123.2,123.28,122.82,123.06,2329506.0,28663614.891
2025-12-30 01:00:00,123.06,123.4,122.7,123.12,3113125.0,38300739.228
2025-12-30 02:00:00,123.12,123.19,122.51,122.94,3374773.0,41444119.761
2025-12-30 03:00:00,122.94,123.86,122.69,123.71,3961467.0,48867642.483
2025-12-30 04:00:00,123.71,124.13,123.5,123.86,3842182.0,47602423.558
2025-12-30 05:00:00,123.86,123.94,123.12,123.35,3196346.0,39461330.588
2025-12-30 06:00:00,123.35,123.99,123.32,123.84,2780324.0,34409202.425
2025-12-30 07:00:00,123.84,124.26,123.71,123.94,4076475.0,50540594.805
2025-12-30 08:00:00,123.94,125.1,123.91,124.72,6996925.0,87244326.21
2025-12-30 09:00:00,124.72,125.03,124.31,124.77,4722142.0,58848583.309
2025-12-30 10:00:00,124.77,124.95,124.44,124.52,3637592.0,45342227.408
2025-12-30 11:00:00,124.52,124.6,123.95,124.25,3958855.0,49204015.402
2025-12-30 12:00:00,124.25,124.61,124.06,124.26,4046540.0,50302366.809
2025-12-30 13:00:00,124.26,124.41,123.88,124.25,5407754.0,67141193.981
2025-12-30 14:00:00,124.25,125.32,123.47,124.99,12709616.0,158136858.501
2025-12-30 15:00:00,124.99,125.34,123.99,125.1,11081478.0,138022910.622
2025-12-30 16:00:00,125.1,126.49,124.8,125.61,13845341.0,173937310.678
2025-12-30 17:00:00,125.61,125.97,124.38,124.65,8914986.0,111700469.286
2025-12-30 18:00:00,124.65,124.68,124.14,124.51,5504221.0,68493292.459
2025-12-30 19:00:00,124.51,124.8,123.71,124.66,6914289.0,85927026.181
2025-12-30 20:00:00,124.66,124.76,123.8,123.96,5198401.0,64630173.116
2025-12-30 21:00:00,123.96,124.15,123.45,123.97,4319927.0,53489713.797
2025-12-30 22:00:00,123.97,124.57,123.85,124.36,3677593.0,45689125.813
2025-12-30 23:00:00,124.36,125.07,124.22,124.92,4496142.0,56054872.027
2025-12-31 00:00:00,124.92,124.99,124.34,124.85,4158334.0,51874462.992
2025-12-31 01:00:00,124.85,125.89,124.76,125.47,6249967.0,78421763.095
2025-12-31 02:00:00,125.47,126.1,125.24,125.95,5279719.0,66341049.266
2025-12-31 03:00:00,125.95,126.04,125.09,125.76,4085516.0,51285616.07
2025-12-31 04:00:00,125.76,125.93,125.3,125.38,3360495.0,42201874.649
2025-12-31 05:00:00,125.38,125.71,125.33,125.58,2583780.0,32438501.251
2025-12-31 06:00:00,125.58,126.04,125.54,125.82,2849939.0,35850697.67
2025-12-31 07:00:00,125.82,126.01,125.57,125.91,3071852.0,38640269.56
2025-12-31 08:00:00,125.91,126.25,125.37,125.5,4179104.0,52581354.887
2025-12-31 09:00:00,125.5,126.35,125.48,126.23,4294825.0,54061127.903
2025-12-31 10:00:00,126.23,126.4,125.93,126.34,4432697.0,55926806.629
2025-12-31 11:00:00,126.34,126.81,126.16,126.69,5187543.0,65597696.891
2025-12-31 12:00:00,126.69,126.72,126.01,126.13,6136074.0,77578510.796
2025-12-31 13:00:00,126.13,126.5,125.87,126.22,6516571.0,82227307.774
2025-12-31 14:00:00,126.22,127.4,125.3,125.74,11561477.0,146047362.336
2025-12-31 15:00:00,125.74,125.8,124.88,125.54,9450578.0,118453044.812
2025-12-31 16:00:00,125.54,125.71,124.25,124.78,8417500.0,105223434.665
2025-12-31 17:00:00,124.78,125.21,124.48,124.98,5276767.0,65855356.977
2025-12-31 18:00:00,124.98,125.46,124.54,124.7,5299937.0,66317088.734
2025-12-31 19:00:00,124.7,125.15,124.28,124.28,3068063.0,38272627.959
2025-12-31 20:00:00,124.28,124.84,123.44,124.12,8775938.0,108840305.998
2025-12-31 21:00:00,124.12,124.42,123.94,124.39,2429238.0,30168785.601
2025-12-31 22:00:00,124.39,125.11,124.2,124.79,3091734.0,38572182.074
2025-12-31 23:00:00,124.79,124.98,124.54,124.58,965307.0,12045588.209
2026-01-01 00:00:00,124.58,125.19,124.52,125.07,1895937.0,23697940.453
2026-01-01 01:00:00,125.07,125.75,124.81,124.92,2967486.0,37202385.307
2026-01-01 02:00:00,124.92,125.18,124.7,125.12,2325382.0,29050965.627
2026-01-01 03:00:00,125.12,125.35,124.92,125.02,2169730.0,27157897.549
2026-01-01 04:00:00,125.02,125.2,124.67,124.88,3724009.0,46524812.301
2026-01-01 05:00:00,124.88,125.25,124.88,125.23,1256743.0,15717305.915
2026-01-01 06:00:00,125.23,125.26,124.81,124.83,1413732.0,17674945.159
2026-01-01 07:00:00,124.83,124.95,124.16,124.18,2395461.0,29841478.186
2026-01-01 08:00:00,124.18,124.67,124.1,124.63,1853972.0,23073526.957
2026-01-01 09:00:00,124.63,125.05,124.55,124.96,3569620.0,44561031.358
2026-01-01 10:00:00,124.96,125.29,124.87,124.96,2615481.0,32710554.68
2026-01-01 11:00:00,124.96,125.15,124.7,125.15,2424217.0,30284194.924
2026-01-01 12:00:00,125.15,125.21,124.91,124.94,2061621.0,25779537.328
2026-01-01 13:00:00,124.94,125.07,124.64,124.67,4099843.0,51198554.486
2026-01-01 14:00:00,124.67,124.87,124.34,124.67,4994648.0,62246336.229
2026-01-01 15:00:00,124.67,125.18,124.52,124.89,6082047.0,75906010.544
2026-01-01 16:00:00,124.89,124.96,124.2,124.4,5849314.0,72836235.112
2026-01-01 17:00:00,124.4,125.71,124.27,125.13,7016379.0,87724863.673
2026-01-01 18:00:00,125.13,125.32,124.97,125.27,3572385.0,44713920.493
2026-01-01 19:00:00,125.27,125.77,125.13,125.7,4138471.0,51927172.515
2026-01-01 20:00:00,125.7,125.91,125.27,125.33,5337061.0,67012980.151
2026-01-01 21:00:00,125.33,125.72,125.25,125.37,3289730.0,41276729.584
2026-01-01 22:00:00,125.37,126.29,125.33,126.01,4984908.0,62705389.615
2026-01-01 23:00:00,126.01,127.27,125.7,126.84,9766074.0,123644106.386
2026-01-02 00:00:00,126.84,127.1,126.4,126.75,3803772.0,48191727.889
2026-01-02 01:00:00,126.75,126.91,126.01,126.16,4302810.0,54367963.129
2026-01-02 02:00:00,126.16,126.66,125.79,126.53,4919525.0,62055239.701
2026-01-02 03:00:00,126.53,127.98,126.39,127.51,8308275.0,105864800.024
2026-01-02 04:00:00,127.51,127.69,126.91,126.95,3632636.0,46199022.13
2026-01-02 05:00:00,126.95,127.4,126.69,127.29,4442445.0,56415693.917
2026-01-02 06:00:00,127.29,127.69,127.21,127.29,2818687.0,35910894.667
2026-01-02 07:00:00,127.29,127.54,126.86,127.09,2755878.0,35055536.967
2026-01-02 08:00:00,127.09,127.95,127.09,127.91,4322946.0,55150797.9
2026-01-02 09:00:00,127.91,129.95,127.77,129.36,9914307.0,127724299.34
2026-01-02 10:00:00,129.36,129.99,128.83,128.91,7034496.0,90945244.554
2026-01-02 11:00:00,128.91,128.94,127.97,128.19,5832617.0,74880782.327
2026-01-02 12:00:00,128.19,128.61,127.86,128.37,4894273.0,62754292.917
2026-01-02 13:00:00,128.37,128.77,128.22,128.31,3614441.0,46424358.817
2026-01-02 14:00:00,128.31,129.56,126.78,128.68,16272103.0,208316098.574
2026-01-02 15:00:00,128.68,129.49,127.36,128.95,11497573.0,147818686.279
2026-01-02 16:00:00,128.95,131.84,128.62,130.87,14788812.0,192970939.138
2026-01-02 17:00:00,130.87,132.28,130.66,131.4,11943919.0,157016203.462
2026-01-02 18:00:00,131.4,132.0,130.29,130.76,8759703.0,114894849.622
2026-01-02 19:00:00,130.76,131.76,130.59,131.57,5610562.0,73677889.969
2026-01-02 20:00:00,131.57,132.11,130.59,131.11,8154513.0,107125467.006
2026-01-02 21:00:00,131.11,132.11,131.08,131.86,3600488.0,47384607.787
2026-01-02 22:00:00,131.86,133.23,131.83,132.57,8921703.0,118373698.079
2026-01-02 23:00:00,132.57,132.71,131.85,132.22,4254525.0,56308852.688
2026-01-03 00:00:00,132.22,132.91,132.18,132.47,4522686.0,59982211.869
2026-01-03 01:00:00,132.47,132.92,132.29,132.59,2876940.0,38139777.395
2026-01-03 02:00:00,132.59,133.04,132.04,132.8,4115016.0,54569801.243
2026-01-03 03:00:00,132.8,133.19,132.11,132.78,3862650.0,51229084.311
2026-01-03 04:00:00,132.78,132.85,132.1,132.3,3820796.0,50594978.225
2026-01-03 05:00:00,132.3,132.5,131.49,131.85,4578206.0,60382767.77
2026-01-03 06:00:00,131.85,132.24,130.94,131.12,6500270.0,85468554.988
2026-01-03 07:00:00,131.12,131.36,129.49,130.04,8524936.0,111097210.334
2026-01-03 08:00:00,130.04,130.99,129.75,130.63,5503866.0,71770074.727
2026-01-03 09:00:00,130.63,131.44,130.31,131.12,5077968.0,66470680.874
2026-01-03 10:00:00,131.12,131.18,130.75,130.88,2958728.0,38756610.479
2026-01-03 11:00:00,130.88,130.93,130.39,130.64,2304090.0,30097754.965
2026-01-03 12:00:00,130.64,130.89,130.44,130.83,2608432.0,34088307.54
2026-01-03 13:00:00,130.83,131.34,130.73,131.22,3224481.0,42279776.935
2026-01-03 14:00:00,131.22,132.12,131.06,131.95,5050877.0,66494743.792
2026-01-03 15:00:00,131.95,131.97,131.19,131.41,3393100.0,44655404.785
2026-01-03 16:00:00,131.41,131.96,131.41,131.7,4614037.0,60778097.152
2026-01-03 17:00:00,131.7,132.01,131.59,131.84,2580152.0,34010161.193
2026-01-03 18:00:00,131.84,132.07,131.54,131.91,3579588.0,47193065.991
2026-01-03 19:00:00,131.91,131.91,131.6,131.72,1731805.0,22812033.819
2026-01-03 20:00:00,131.72,131.98,131.29,131.93,3015877.0,39695318.233
2026-01-03 21:00:00,131.93,133.03,131.74,132.81,6958444.0,92166883.849
2026-01-03 22:00:00,132.81,133.94,132.52,133.37,7681451.0,102263641.645
2026-01-03 23:00:00,133.37,133.71,133.06,133.3,4237087.0,56519023.611
2026-01-04 00:00:00,133.3,134.94,133.26,134.5,11066115.0,148566904.564
2026-01-04 01:00:00,134.5,134.7,133.36,133.9,4814610.0,64475003.515
2026-01-04 02:00:00,133.9,133.96,133.4,133.66,2211155.0,29570266.806
2026-01-04 03:00:00,133.66,134.68,133.59,134.55,3744795.0,50216790.047
2026-01-04 04:00:00,134.55,134.8,134.17,134.23,3772152.0,50728435.044
2026-01-04 05:00:00,134.23,134.55,134.2,134.51,2163192.0,29068060.845
2026-01-04 06:00:00,134.51,134.97,133.58,133.7,5650719.0,75876715.113
2026-01-04 07:00:00,133.7,134.08,133.53,133.75,3173501.0,42468862.926
2026-01-04 08:00:00,133.75,134.12,133.1,134.05,4573270.0,61102376.703
2026-01-04 09:00:00,134.05,134.52,133.78,134.26,3743825.0,50217763.712
2026-01-04 10:00:00,134.26,134.82,134.16,134.62,3578857.0,48138343.673
2026-01-04 11:00:00,134.62,134.64,134.08,134.33,2778471.0,37341189.486
2026-01-04 12:00:00,134.33,134.83,134.12,134.27,4756655.0,63957081.46
2026-01-04 13:00:00,134.27,134.49,133.66,134.47,4707904.0,63119961.187
2026-01-04 14:00:00,134.47,134.92,134.2,134.89,4839762.0,65148578.726
2026-01-04 15:00:00,134.89,135.32,134.21,134.82,7142152.0,96324555.634
2026-01-04 16:00:00,134.82,135.48,134.68,135.07,5209635.0,70361456.352
2026-01-04 17:00:00,135.07,135.34,134.73,134.77,3637668.0,49118390.229
2026-01-04 18:00:00,134.77,134.82,133.64,134.13,6518880.0,87468127.5
2026-01-04 19:00:00,134.13,134.13,133.05,133.51,6945004.0,92659655.834
2026-01-04 20:00:00,133.51,134.19,133.33,133.95,4130896.0,55293742.453
2026-01-04 21:00:00,133.95,134.52,133.64,133.87,4636032.0,62140945.361
2026-01-04 22:00:00,133.87,134.38,133.71,134.09,4222900.0,56601299.182
2026-01-04 23:00:00,134.09,134.84,133.57,134.05,6108269.0,81947518.91
2026-01-05 00:00:00,134.05,135.8,133.93,135.47,7463999.0,100610640.234
2026-01-05 01:00:00,135.47,137.69,135.23,136.69,10149671.0,138502602.277
2026-01-05 02:00:00,136.69,137.18,135.61,136.82,6418378.0,87580301.619
2026-01-05 03:00:00,136.82,137.3,136.52,136.58,3864017.0,52876402.988
2026-01-05 04:00:00,136.58,136.74,134.92,135.63,5684694.0,77063977.614
2026-01-05 05:00:00,135.63,136.28,134.94,134.98,3852569.0,52279867.82
2026-01-05 06:00:00,134.98,135.64,134.55,135.54,3361181.0,45441392.406
2026-01-05 07:00:00,135.54,135.68,135.02,135.35,2344180.0,31725227.256
2026-01-05 08:00:00,135.35,135.88,135.11,135.13,3121729.0,42285281.717
2026-01-05 09:00:00,135.13,135.59,134.65,135.37,4507391.0,60885537.087
2026-01-05 10:00:00,135.37,135.97,135.1,135.74,4513882.0,61203640.249
2026-01-05 11:00:00,135.74,135.75,135.02,135.68,3775507.0,51124953.182
2026-01-05 12:00:00,135.68,135.75,134.82,135.04,4007967.0,54212075.25
2026-01-05 13:00:00,135.04,135.32,133.14,133.72,8831071.0,118348468.874
2026-01-05 14:00:00,133.72,135.6,133.08,134.93,13589068.0,182323724.993
2026-01-05 15:00:00,134.93,136.44,134.07,136.09,12271012.0,166094662.091
2026-01-05 16:00:00,136.09,136.26,134.92,135.35,7979031.0,108127878.335
2026-01-05 17:00:00,135.35,136.83,134.26,136.48,9630454.0,130389054.9
2026-01-05 18:00:00,136.48,137.54,135.65,137.33,12643146.0,172608536.417
2026-01-05 19:00:00,137.33,138.78,137.04,138.2,10705506.0,147765357.172
2026-01-05 20:00:00,138.2,139.89,137.69,137.78,11626885.0,161318420.937
2026-01-05 21:00:00,137.78,138.74,137.78,138.33,6738179.0,93169096.205
2026-01-05 22:00:00,138.33,139.16,138.24,138.76,7179976.0,99560158.903
2026-01-05 23:00:00,138.76,138.91,137.83,137.85,5809902.0,80393025.244
2026-01-06 00:00:00,137.85,138.15,136.83,137.69,7620885.0,104760575.515
2026-01-06 01:00:00,137.69,138.46,137.27,137.49,3832320.0,52834306.234
2026-01-06 02:00:00,137.49,137.95,137.24,137.53,2611300.0,35917998.623
2026-01-06 03:00:00,137.53,138.56,137.49,138.31,2696800.0,37236194.117
2026-01-06 04:00:00,138.31,138.94,138.13,138.38,3150152.0,43660405.254
2026-01-06 05:00:00,138.38,140.07,138.0,139.51,4747359.0,65967760.126
2026-01-06 06:00:00,139.51,139.75,138.77,138.94,4129691.0,57479464.227
2026-01-06 07:00:00,138.94,139.04,137.27,137.51,4927858.0,67990191.791
2026-01-06 08:00:00,137.51,138.06,137.31,137.53,3785411.0,52122759.58
2026-01-06 09:00:00,137.53,138.33,137.4,137.72,3785137.0,52240921.604
2026-01-06 10:00:00,137.72,138.1,137.33,137.66,2982787.0,41095111.8
2026-01-06 11:00:00,137.66,139.64,137.55,139.45,5883858.0,81609946.248
2026-01-06 12:00:00,139.45,139.59,138.82,139.03,3936464.0,54802077.581
2026-01-06 13:00:00,139.03,139.42,138.66,139.06,5056785.0,70269821.362
2026-01-06 14:00:00,139.06,143.45,139.04,141.96,20142244.0,285527242.301
2026-01-06 15:00:00,141.96,143.15,141.05,141.56,12011003.0,170724692.828
2026-01-06 16:00:00,141.56,141.91,138.09,138.86,14721877.0,205578764.907
2026-01-06 17:00:00,138.86,139.13,136.35,136.49,12032062.0,165846558.735
2026-01-06 18:00:00,136.49,137.93,136.08,137.5,8727316.0,119822157.615
2026-01-06 19:00:00,137.5,138.0,137.21,137.48,4228245.0,58179574.449
2026-01-06 20:00:00,137.48,139.13,137.45,138.88,8188475.0,113421069.694
2026-01-06 21:00:00,138.88,141.97,138.64,140.18,13446853.0,189188105.755
2026-01-06 22:00:00,140.18,140.94,139.36,140.01,6629892.0,92842948.885
2026-01-06 23:00:00,140.01,141.33,139.99,141.03,6516018.0,91785553.319
2026-01-07 00:00:00,141.03,141.34,139.75,139.83,5564466.0,78282063.427
2026-01-07 01:00:00,139.83,140.62,138.75,138.85,5220318.0,72842241.423
2026-01-07 02:00:00,138.85,140.05,138.45,139.9,4618105.0,64242797.023
2026-01-07 03:00:00,139.9,140.49,139.31,139.52,2436917.0,34092922.634
2026-01-07 04:00:00,139.52,139.73,138.65,138.7,2987591.0,41607471.515
2026-01-07 05:00:00,138.7,139.33,138.08,138.46,3784028.0,52465299.284
2026-01-07 06:00:00,138.46,139.01,138.39,138.71,2872158.0,39848311.762
2026-01-07 07:00:00,138.71,139.38,138.7,139.31,3167446.0,44063049.381
2026-01-07 08:00:00,139.31,139.74,139.0,139.31,3581583.0,49926073.618
2026-01-07 09:00:00,139.31,139.41,136.45,136.79,9207579.0,126713386.913
2026-01-07 10:00:00,136.79,137.65,136.65,137.48,4760923.0,65360945.763
2026-01-07 11:00:00,137.48,138.12,137.41,137.84,3878907.0,53475897.659
2026-01-07 12:00:00,137.84,138.1,137.53,137.84,4054099.0,55853155.079
2026-01-07 13:00:00,137.84,138.45,137.46,138.04,5551195.0,76582243.961
2026-01-07 14:00:00,138.04,138.15,136.4,137.97,11310977.0,155358005.253
2026-01-07 15:00:00,137.97,138.03,135.17,135.62,13564877.0,184639707.421
2026-01-07 16:00:00,135.62,136.6,135.24,135.62,7554281.0,102685628.784
2026-01-07 17:00:00,135.62,136.41,135.31,135.5,6041929.0,82065700.378
2026-01-07 18:00:00,135.5,135.84,134.65,135.2,7325345.0,99070144.141
2026-01-07 19:00:00,135.2,135.94,134.31,135.68,7117544.0,96141734.702
2026-01-07 20:00:00,135.68,135.95,134.94,135.82,6010156.0,81424080.559
2026-01-07 21:00:00,135.82,136.28,135.62,136.12,3363786.0,45764363.865
2026-01-07 22:00:00,136.12,136.75,135.55,136.4,6532226.0,88962779.062
2026-01-07 23:00:00,136.4,137.11,135.78,136.32,6915305.0,94361649.912
2026-01-08 00:00:00,136.32,136.93,135.93,136.76,3888904.0,53019587.409
2026-01-08 01:00:00,136.76,137.34,136.63,136.75,2626582.0,35964262.641
2026-01-08 02:00:00,136.75,137.98,136.52,137.88,5818960.0,79934001.922
2026-01-08 03:00:00,137.88,138.26,136.52,136.68,5022216.0,68995160.116
2026-01-08 04:00:00,136.68,138.29,136.34,137.59,4151000.0,57078838.106
2026-01-08 05:00:00,137.59,138.04,136.44,136.56,3372691.0,46279115.945
2026-01-08 06:00:00,136.56,136.7,134.64,134.78,6525108.0,88382451.735
2026-01-08 07:00:00,134.78,135.98,133.69,135.82,8104482.0,109400031.678
2026-01-08 08:00:00,135.82,136.17,134.97,135.06,6077259.0,82417983.721
2026-01-08 09:00:00,135.06,135.46,134.25,134.4,5933069.0,79940058.751
2026-01-08 10:00:00,134.4,135.37,133.85,135.01,5921688.0,79690751.537
2026-01-08 11:00:00,135.01,135.25,134.19,134.71,4832299.0,65080609.508
2026-01-08 12:00:00,134.71,134.73,133.65,134.06,6439742.0,86315220.161
2026-01-08 13:00:00,134.06,134.59,133.63,134.37,6210474.0,83279204.703
2026-01-08 14:00:00,134.37,134.44,132.65,133.93,15134405.0,202368765.747
2026-01-08 15:00:00,133.93,136.48,133.32,136.33,13760855.0,185865626.152
2026-01-08 16:00:00,136.33,138.14,136.16,138.11,14610128.0,200123979.804
2026-01-08 17:00:00,138.11,138.8,137.19,138.67,11914877.0,164504312.952
2026-01-08 18:00:00,138.67,139.03,137.85,138.05,8952239.0,123965279.263
2026-01-08 19:00:00,138.05,138.38,137.1,137.47,7829419.0,107843017.447
2026-01-08 20:00:00,137.47,137.82,136.44,137.63,9049066.0,124013746.638
2026-01-08 21:00:00,137.63,139.8,137.63,139.55,8538751.0,118411827.177
2026-01-08 22:00:00,139.55,139.99,138.24,138.79,9044616.0,126039697.126
2026-01-08 23:00:00,138.79,139.13,138.15,138.29,4905021.0,67981712.867
2026-01-09 00:00:00,138.29,139.25,138.22,139.04,3586498.0,49750098.143
2026-01-09 01:00:00,139.04,139.54,137.63,138.21,8385638.0,116107567.177
2026-01-09 02:00:00,138.21,139.5,138.14,138.9,5037623.0,70034955.483
2026-01-09 03:00:00,138.9,141.11,138.82,140.72,5900253.0,82595481.416
2026-01-09 04:00:00,140.72,141.0,139.55,139.67,4135267.0,57923529.197
2026-01-09 05:00:00,139.67,140.1,139.38,139.89,3786949.0,52892157.787
2026-01-09 06:00:00,139.89,140.78,139.57,140.63,3271588.0,45841346.117
2026-01-09 07:00:00,140.63,140.65,139.48,139.5,3942821.0,55230102.294
2026-01-09 08:00:00,139.5,139.63,136.96,137.89,9956122.0,137650992.625
2026-01-09 09:00:00,137.89,139.04,137.84,138.4,6409342.0,88855468.179
2026-01-09 10:00:00,138.4,138.95,138.1,138.66,4166042.0,57732081.87
2026-01-09 11:00:00,138.66,138.85,138.01,138.23,3554335.0,49193708.689
2026-01-09 12:00:00,138.23,138.58,137.5,137.64,4777119.0,65886639.154
2026-01-09 13:00:00,137.64,139.32,137.56,138.57,8581499.0,118792928.482
2026-01-09 14:00:00,138.57,138.59,136.39,136.8,14592731.0,200331741.675
2026-01-09 15:00:00,136.8,140.86,136.09,138.76,20701544.0,286781704.424
2026-01-09 16:00:00,138.76,140.21,138.64,139.89,9525800.0,132869344.725
2026-01-09 17:00:00,139.89,140.05,137.25,138.37,10296544.0,142367770.2
2026-01-09 18:00:00,138.37,138.4,135.68,136.76,11384831.0,155742671.782
2026-01-09 19:00:00,136.76,136.76,135.38,135.7,7933906.0,107832358.367
2026-01-09 20:00:00,135.7,135.98,134.8,135.5,8755075.0,118574439.316
2026-01-09 21:00:00,135.5,136.37,135.34,135.96,5711499.0,77603589.831
2026-01-09 22:00:00,135.96,136.15,135.47,136.06,4891844.0,66435698.804
2026-01-09 23:00:00,136.06,136.39,135.66,135.89,4344307.0,59086088.727
2026-01-10 00:00:00,135.89,136.06,135.6,135.81,2233647.0,30333690.782
2026-01-10 01:00:00,135.81,136.4,135.71,136.37,2800461.0,38107767.199
2026-01-10 02:00:00,136.37,136.6,135.82,136.31,2703352.0,36825345.047
2026-01-10 03:00:00,136.31,136.32,135.83,136.06,1649133.0,22430189.257
2026-01-10 04:00:00,136.06,136.1,135.56,135.77,1898150.0,25772785.223
2026-01-10 05:00:00,135.77,136.28,135.71,135.86,1204738.0,16385813.66
2026-01-10 06:00:00,135.86,136.12,135.68,135.9,1308089.0,17776509.041
2026-01-10 07:00:00,135.9,136.19,135.84,136.01,1579033.0,21474098.33
2026-01-10 08:00:00,136.01,136.23,135.91,136.15,1914468.0,26045153.833
2026-01-10 09:00:00,136.15,136.56,136.0,136.54,2088005.0,28444533.56
2026-01-10 10:00:00,136.54,136.97,136.31,136.93,4095887.0,55971413.745
2026-01-10 11:00:00,136.93,136.93,136.3,136.51,3166288.0,43254130.292
2026-01-10 12:00:00,136.51,136.99,136.46,136.56,2722683.0,37211177.243
2026-01-10 13:00:00,136.56,136.56,136.0,136.27,3378099.0,46036940.513
2026-01-10 14:00:00,136.27,136.4,135.91,136.08,3155717.0,42961497.148
2026-01-10 15:00:00,136.08,136.47,136.0,136.35,3568606.0,48620524.66
2026-01-10 16:00:00,136.35,136.57,136.08,136.36,2787684.0,38006335.469
2026-01-10 17:00:00,136.36,136.65,136.04,136.09,3760598.0,51284207.362
2026-01-10 18:00:00,136.09,136.28,135.84,136.09,2602060.0,35403876.979
2026-01-10 19:00:00,136.09,136.2,135.93,136.18,2073704.0,28212044.313
2026-01-10 20:00:00,136.18,136.22,135.9,136.04,1525607.0,20753546.021
2026-01-10 21:00:00,136.04,136.06,135.66,135.68,2267543.0,30803546.521
2026-01-10 22:00:00,135.68,135.87,135.31,135.49,3797362.0,51493508.876
2026-01-10 23:00:00,135.49,136.02,135.43,135.79,2212943.0,30040254.75
2026-01-11 00:00:00,135.79,136.39,135.67,136.34,2697109.0,36713265.409
2026-01-11 01:00:00,136.34,136.44,136.03,136.24,2039725.0,27787255.523
2026-01-11 02:00:00,136.24,136.4,135.89,135.97,1945781.0,26490392.498
2026-01-11 03:00:00,135.97,136.28,135.79,136.21,1682487.0,22884704.79
2026-01-11 04:00:00,136.21,136.34,135.92,136.14,1550829.0,21110274.458
2026-01-11 05:00:00,136.14,136.39,135.94,136.24,1742975.0,23729380.348
2026-01-11 06:00:00,136.24,136.36,135.81,136.1,2170429.0,29528561.133
2026-01-11 07:00:00,136.1,136.21,135.92,136.14,1828994.0,24885016.72
2026-01-11 08:00:00,136.14,136.86,136.04,136.7,2717547.0,37081910.276
2026-01-11 09:00:00,136.7,136.76,136.28,136.39,2281498.0,31147136.784
2026-01-11 10:00:00,136.39,136.65,136.2,136.48,1647602.0,22480284.993
2026-01-11 11:00:00,136.48,136.74,136.42,136.5,2023357.0,27634203.826
2026-01-11 12:00:00,136.5,137.23,136.43,137.0,4725044.0,64642246.528
2026-01-11 13:00:00,137.0,137.41,136.86,137.18,4831223.0,66238358.565
2026-01-11 14:00:00,137.18,139.4,137.16,139.16,10940122.0,151068136.916
2026-01-11 15:00:00,139.16,139.5,137.77,138.39,9980353.0,138296716.386
2026-01-11 16:00:00,138.39,141.58,138.36,139.98,14343158.0,201094169.696
2026-01-11 17:00:00,139.98,140.17,138.7,139.64,7451132.0,103895332.262
2026-01-11 18:00:00,139.64,140.2,138.96,139.97,6969384.0,97265725.734
2026-01-11 19:00:00,139.97,140.15,138.99,139.38,5577271.0,77879290.5
2026-01-11 20:00:00,139.38,139.38,137.85,138.5,9032316.0,125023191.436
2026-01-11 21:00:00,138.5,138.91,137.92,138.65,4077762.0,56403908.69
2026-01-11 22:00:00,138.65,138.65,137.65,138.18,5718685.0,78988531.983
2026-01-11 23:00:00,138.18,139.74,137.46,139.66,9311647.0,129375909.758
2026-01-12 00:00:00,139.66,141.32,138.85,141.26,9025788.0,126516222.095
2026-01-12 01:00:00,141.26,141.9,140.66,141.0,6514035.0,92064034.654
2026-01-12 02:00:00,141.0,142.75,140.88,142.37,6362901.0,90373194.063
2026-01-12 03:00:00,142.37,144.35,142.35,142.48,7618828.0,109132882.544
2026-01-12 04:00:00,142.48,143.03,142.39,142.68,2886350.0,41199677.245
2026-01-12 05:00:00,142.68,143.17,142.43,142.74,2569445.0,36687322.374
2026-01-12 06:00:00,142.74,143.3,141.8,141.97,4559206.0,64965373.205
2026-01-12 07:00:00,141.97,142.42,141.28,141.33,4594649.0,65165060.183
2026-01-12 08:00:00,141.33,142.0,138.98,139.99,13240935.0,185944956.766
2026-01-12 09:00:00,139.99,140.2,139.06,139.5,5888202.0,82302536.297
2026-01-12 10:00:00,139.5,140.12,138.97,139.19,4161238.0,58039908.091
2026-01-12 11:00:00,139.19,140.13,139.09,139.93,5376302.0,75131622.438
2026-01-12 12:00:00,139.93,140.26,139.57,139.69,6843529.0,95782240.79
2026-01-12 13:00:00,139.69,140.09,139.29,139.66,7235298.0,101058921.671
2026-01-12 14:00:00,139.66,140.75,138.62,140.38,14841040.0,207528981.006
2026-01-12 15:00:00,140.38,142.73,139.99,142.54,14468263.0,204630024.007
2026-01-12 16:00:00,142.54,144.25,142.07,142.93,15150932.0,216905563.661
2026-01-12 17:00:00,142.93,143.67,141.08,141.9,11868708.0,168774136.855
2026-01-12 18:00:00,141.9,142.82,140.53,141.19,11975552.0,169687710.584
2026-01-12 19:00:00,141.19,141.46,140.56,140.93,7913034.0,111577080.472
2026-01-12 20:00:00,140.93,141.81,139.9,140.15,7181326.0,101046526.123
2026-01-12 21:00:00,140.15,140.17,138.22,138.72,8393994.0,116953469.932
2026-01-12 22:00:00,138.72,139.74,138.7,139.09,4857725.0,67673842.715
2026-01-12 23:00:00,139.09,139.46,138.57,139.14,3873511.0,53858377.228
2026-01-13 00:00:00,139.14,139.34,138.62,139.21,4390551.0,61049885.734
2026-01-13 01:00:00,139.21,139.51,138.41,138.82,3746899.0,52057789.657
2026-01-13 02:00:00,138.82,139.24,138.02,138.31,3334261.0,46226670.17
2026-01-13 03:00:00,138.31,138.72,137.6,138.67,5298808.0,73232494.447
2026-01-13 04:00:00,138.67,139.09,138.31,139.07,3922787.0,54399789.3
2026-01-13 05:00:00,139.07,140.46,138.73,139.88,6136522.0,85734098.182
2026-01-13 06:00:00,139.88,140.69,139.77,140.54,4101670.0,57543001.417
2026-01-13 07:00:00,140.54,140.62,139.88,139.88,3008158.0,42181042.326
2026-01-13 08:00:00,139.88,141.82,139.87,141.52,7023548.0,98981385.475
2026-01-13 09:00:00,141.52,143.1,141.19,141.87,10448326.0,148394965.786
2026-01-13 10:00:00,141.87,142.59,141.63,142.05,4946589.0,70285269.11
2026-01-13 11:00:00,142.05,142.23,141.47,141.8,3976409.0,56407652.144
2026-01-13 12:00:00,141.8,142.33,141.35,142.18,4817484.0,68383448.018
2026-01-13 13:00:00,142.18,143.46,141.75,142.38,12963084.0,184757406.274
2026-01-13 14:00:00,142.38,143.79,141.6,141.98,16209107.0,231324185.26
2026-01-13 15:00:00,141.98,143.45,141.12,143.43,15736786.0,223682424.477
2026-01-13 16:00:00,143.43,144.71,142.79,143.12,17489479.0,251203198.578
2026-01-13 17:00:00,143.12,143.59,142.4,142.82,7538755.0,107737876.969
2026-01-13 18:00:00,142.82,143.84,142.62,143.41,6714490.0,96202599.174
2026-01-13 19:00:00,143.41,144.4,143.0,144.17,8333749.0,119765752.94
2026-01-13 20:00:00,144.17,144.39,142.92,143.76,9458563.0,135859560.192
2026-01-13 21:00:00,143.76,144.33,143.3,143.33,6968636.0,100209529.501
2026-01-13 22:00:00,143.33,148.76,143.33,146.87,18061823.0,264649774.287
2026-01-13 23:00:00,146.87,147.56,144.58,145.48,11062120.0,161448597.118
2026-01-14 00:00:00,145.48,145.87,144.31,145.02,5299410.0,76893563.99
2026-01-14 01:00:00,145.02,146.19,144.89,145.66,4048115.0,58954472.331
2026-01-14 02:00:00,145.66,146.55,145.27,145.46,3076391.0,44873117.94
2026-01-14 03:00:00,145.46,146.31,145.09,146.22,2739024.0,39935819.968
2026-01-14 04:00:00,146.22,146.39,144.76,144.88,3320690.0,48277725.092
2026-01-14 05:00:00,144.88,145.14,144.27,144.41,3278037.0,47439099.979
2026-01-14 06:00:00,144.41,144.69,143.82,144.63,5093538.0,73446770.85
2026-01-14 07:00:00,144.63,145.0,144.09,144.82,3874965.0,56037126.825
2026-01-14 08:00:00,144.82,145.13,144.56,144.86,3025088.0,43813298.481
2026-01-14 09:00:00,144.86,145.6,144.8,145.44,4035951.0,58656390.348
2026-01-14 10:00:00,145.44,145.71,144.46,144.63,5356961.0,77700105.405
2026-01-14 11:00:00,144.63,144.68,143.45,143.7,7150899.0,102962777.704
2026-01-14 12:00:00,143.7,144.7,143.27,144.48,6810526.0,98162373.874
2026-01-14 13:00:00,144.48,144.87,143.97,144.17,5378436.0,77673068.786
2026-01-14 14:00:00,144.17,147.51,144.15,146.58,14621890.0,213589955.53
2026-01-14 15:00:00,146.58,147.5,145.9,147.05,11630004.0,170653994.829
2026-01-14 16:00:00,147.05,148.41,146.78,147.03,13803338.0,203833457.437
2026-01-14 17:00:00,147.03,147.59,145.65,145.93,11289531.0,165532923.895
2026-01-14 18:00:00,145.93,147.41,145.28,146.29,10843022.0,158497520.0
2026-01-14 19:00:00,146.29,147.5,146.05,146.73,6304723.0,92506669.921
2026-01-14 20:00:00,146.73,147.68,146.51,147.48,5700044.0,83914553.071
2026-01-14 21:00:00,147.48,147.48,146.16,146.87,4480495.0,65839961.274
2026-01-14 22:00:00,146.87,147.1,145.74,146.1,4962757.0,72629502.155
2026-01-14 23:00:00,146.1,147.05,145.95,146.62,3697839.0,54165883.729
2026-01-15 00:00:00,146.62,146.65,145.39,145.97,4520948.0,65935037.262
2026-01-15 01:00:00,145.97,146.44,144.72,145.1,6814096.0,99048795.215
2026-01-15 02:00:00,145.1,145.47,144.2,144.44,4470275.0,64746383.058
2026-01-15 03:00:00,144.44,144.65,143.13,143.41,4695099.0,67505106.691
2026-01-15 04:00:00,143.41,144.4,143.2,144.39,3282054.0,47257256.814
2026-01-15 05:00:00,144.39,144.77,144.22,144.55,2513250.0,36318806.303
2026-01-15 06:00:00,144.55,144.8,144.0,144.14,3009454.0,43438559.87
2026-01-15 07:00:00,144.14,145.22,144.02,144.94,3770533.0,54552759.084
2026-01-15 08:00:00,144.94,145.17,144.0,144.79,5529069.0,79903938.72
2026-01-15 09:00:00,144.79,145.96,144.39,145.55,5977680.0,86885297.03
2026-01-15 10:00:00,145.55,145.61,145.13,145.35,3621524.0,52638380.619
2026-01-15 11:00:00,145.35,145.62,144.72,144.77,3735577.0,54222033.698
2026-01-15 12:00:00,144.77,144.99,144.22,144.77,4843571.0,70065786.332
2026-01-15 13:00:00,144.77,145.28,144.43,145.12,6182980.0,89566917.939
2026-01-15 14:00:00,145.12,145.57,143.14,143.87,13112859.0,189256005.449
2026-01-15 15:00:00,143.87,144.28,141.73,143.43,14918316.0,213023760.622
2026-01-15 16:00:00,143.43,143.96,142.73,143.48,7143447.0,102315086.044
2026-01-15 17:00:00,143.48,144.15,142.36,142.57,5957392.0,85386455.541
2026-01-15 18:00:00,142.57,142.95,141.37,141.5,8334173.0,118404158.559
2026-01-15 19:00:00,141.5,141.77,140.81,141.45,8251567.0,116609813.733
2026-01-15 20:00:00,141.45,141.84,140.94,141.34,5262206.0,74402689.928
2026-01-15 21:00:00,141.34,142.2,141.22,142.01,4596060.0,65185710.429
2026-01-15 22:00:00,142.01,142.52,141.87,142.32,3672999.0,52244481.088
2026-01-15 23:00:00,142.32,142.59,142.0,142.32,4004035.0,56952684.231
2026-01-16 00:00:00,142.32,142.74,142.14,142.36,3059957.0,43593889.708
2026-01-16 01:00:00,142.36,142.64,141.88,142.25,3033509.0,43144889.2
2026-01-16 02:00:00,142.25,142.27,141.59,142.14,3612923.0,51279147.965
2026-01-16 03:00:00,142.14,142.41,141.78,141.87,2186929.0,31071719.192
2026-01-16 04:00:00,141.87,142.68,141.37,141.59,3364199.0,47745707.584
2026-01-16 05:00:00,141.59,143.58,141.41,143.12,4017658.0,57256074.875
2026-01-16 06:00:00,143.12,143.31,142.65,143.24,2707212.0,38715607.242
2026-01-16 07:00:00,143.24,143.26,142.54,142.86,3584030.0,51199728.203
2026-01-16 08:00:00,142.86,143.4,142.82,143.08,3862882.0,55285654.885
2026-01-16 09:00:00,143.08,143.45,142.79,142.99,3894670.0,55732322.667
2026-01-16 10:00:00,142.99,143.1,142.63,143.03,4468021.0,63840495.705
2026-01-16 11:00:00,143.03,143.52,142.7,143.08,5251193.0,75122696.779
2026-01-16 12:00:00,143.08,143.82,143.02,143.61,6250721.0,89691344.279
2026-01-16 13:00:00,143.61,143.64,142.57,143.0,5334997.0,76329865.523
2026-01-16 14:00:00,143.0,143.68,142.74,142.95,7969971.0,114083053.594
2026-01-16 15:00:00,142.95,143.62,140.17,140.65,17736220.0,251426194.815
2026-01-16 16:00:00,140.65,141.93,140.55,141.82,9494255.0,134258715.373
2026-01-16 17:00:00,141.82,143.37,141.29,143.25,9809718.0,139655010.409
2026-01-16 18:00:00,143.25,144.16,142.91,143.46,9690534.0,138977552.698
2026-01-16 19:00:00,143.46,144.45,142.95,144.13,8450867.0,121472504.521
2026-01-16 20:00:00,144.13,144.94,143.41,144.88,7857248.0,113314411.125
2026-01-16 21:00:00,144.88,145.5,144.62,144.99,7595680.0,110192421.681
2026-01-16 22:00:00,144.99,145.09,144.51,144.87,4287910.0,62096529.319
2026-01-16 23:00:00,144.87,145.2,144.68,144.83,4159547.0,60280898.342
2026-01-17 00:00:00,144.83,144.95,144.16,144.27,3405217.0,49208305.919
2026-01-17 01:00:00,144.27,144.76,144.19,144.59,2229708.0,32237405.628
2026-01-17 02:00:00,144.59,144.61,144.14,144.52,1917606.0,27683508.456
2026-01-17 03:00:00,144.52,144.59,144.16,144.29,1703251.0,24585026.874
2026-01-17 04:00:00,144.29,144.45,144.15,144.27,2257795.0,32580145.479
2026-01-17 05:00:00,144.27,144.34,143.85,143.89,2705514.0,38969356.451
2026-01-17 06:00:00,143.89,144.04,143.68,143.78,1987236.0,28587502.97
2026-01-17 07:00:00,143.78,143.9,143.54,143.56,2738063.0,39346988.155
2026-01-17 08:00:00,143.56,144.21,143.52,144.15,3257116.0,46878301.554
2026-01-17 09:00:00,144.15,144.61,143.91,144.38,3506150.0,50586966.015
2026-01-17 10:00:00,144.38,144.56,143.85,143.89,3880853.0,55966940.167
2026-01-17 11:00:00,143.89,144.12,143.2,143.93,5738548.0,82531258.687
2026-01-17 12:00:00,143.93,144.0,143.57,143.68,2812489.0,40433990.544
2026-01-17 13:00:00,143.68,143.98,143.5,143.92,4785973.0,68788715.323
2026-01-17 14:00:00,143.92,144.24,143.65,143.84,3755154.0,54050786.88
2026-01-17 15:00:00,143.84,144.27,143.61,144.25,4823522.0,69381846.057
2026-01-17 16:00:00,144.25,144.26,143.57,143.79,5296995.0,76203569.321
2026-01-17 17:00:00,143.79,144.19,143.71,143.99,2871063.0,41334950.964
2026-01-17 18:00:00,143.99,144.23,143.9,144.19,2549698.0,36745623.373
2026-01-17 19:00:00,144.19,144.47,144.02,144.19,3798558.0,54791698.101
2026-01-17 20:00:00,144.19,144.51,144.09,144.42,2419616.0,34924806.902
2026-01-17 21:00:00,144.42,144.51,144.13,144.17,2990125.0,43148985.759
2026-01-17 22:00:00,144.17,144.18,143.39,143.69,6350193.0,91278650.495
2026-01-17 23:00:00,143.69,143.94,143.55,143.65,2947726.0,42366824.507
2026-01-18 00:00:00,143.65,143.92,143.02,143.19,4474276.0,64202673.606
2026-01-18 01:00:00,143.19,143.36,141.95,142.7,5927068.0,84511505.679
2026-01-18 02:00:00,142.7,142.96,141.76,142.47,5070356.0,72164334.415
2026-01-18 03:00:00,142.47,142.82,142.28,142.74,3258967.0,46468769.936
2026-01-18 04:00:00,142.74,142.85,142.44,142.75,2256557.0,32191755.02
2026-01-18 05:00:00,142.75,142.91,142.48,142.76,2491682.0,35560215.841
2026-01-18 06:00:00,142.76,142.93,142.45,142.61,2880556.0,41090713.938
2026-01-18 07:00:00,142.61,142.63,141.94,142.03,3402684.0,48399573.033
2026-01-18 08:00:00,142.03,142.39,141.77,142.35,3354649.0,47675846.988
2026-01-18 09:00:00,142.35,142.58,142.23,142.45,3702383.0,52725631.634
2026-01-18 10:00:00,142.45,142.47,142.06,142.35,3925419.0,55840987.054
2026-01-18 11:00:00,142.35,142.43,142.11,142.33,2283924.0,32490061.226
2026-01-18 12:00:00,142.33,142.44,142.09,142.16,2515784.0,35781807.195
2026-01-18 13:00:00,142.16,142.46,141.9,142.32,4252009.0,60456087.675
2026-01-18 14:00:00,142.32,142.67,141.52,141.64,5951264.0,84628084.093
2026-01-18 15:00:00,141.64,142.07,141.39,141.91,5700221.0,80838225.012
2026-01-18 16:00:00,141.91,142.15,141.66,141.95,3004808.0,42664772.532
2026-01-18 17:00:00,141.95,142.37,141.78,142.28,4191719.0,59541606.366
2026-01-18 18:00:00,142.28,142.89,141.91,142.68,6281949.0,89476960.662
2026-01-18 19:00:00,142.68,143.18,142.03,142.19,5930299.0,84574844.724
2026-01-18 20:00:00,142.19,142.52,141.86,142.39,6174864.0,87800394.12
2026-01-18 21:00:00,142.39,142.72,142.31,142.59,3474042.0,49525158.978
2026-01-18 22:00:00,142.59,142.99,142.35,142.8,4448613.0,63476002.523
2026-01-18 23:00:00,142.8,142.8,137.65,137.8,21811283.0,304946200.909
2026-01-19 00:00:00,137.8,137.8,130.0,133.72,20697311.0,277294630.5
2026-01-19 01:00:00,133.72,134.39,133.37,133.75,5127001.0,68611350.073
2026-01-19 02:00:00,133.75,134.04,133.4,133.75,3865079.0,51686463.797
2026-01-19 03:00:00,133.75,134.06,133.52,133.88,3117604.0,41721228.211
2026-01-19 04:00:00,133.88,134.01,133.46,133.63,3849867.0,51486014.425
2026-01-19 05:00:00,133.63,133.91,133.23,133.29,3582002.0,47821361.903
2026-01-19 06:00:00,133.29,133.37,132.64,133.22,4404617.0,58571645.11
2026-01-19 07:00:00,133.22,133.51,133.08,133.4,3379847.0,45064619.589
2026-01-19 08:00:00,133.4,133.99,133.19,133.8,4403579.0,58860212.746
2026-01-19 09:00:00,133.8,134.0,133.49,133.66,3509648.0,46922436.56
2026-01-19 10:00:00,133.66,133.8,133.46,133.74,3039175.0,40614615.023
2026-01-19 11:00:00,133.74,134.32,133.55,134.05,4988565.0,66824159.533
2026-01-19 12:00:00,134.05,134.14,133.64,134.08,5823370.0,77984124.178
2026-01-19 13:00:00,134.08,134.08,133.5,133.68,6282464.0,84056120.506
2026-01-19 14:00:00,133.68,133.73,133.17,133.44,7391490.0,98641989.193
2026-01-19 15:00:00,133.44,133.87,133.35,133.48,6793411.0,90745016.469
2026-01-19 16:00:00,133.48,134.62,133.4,134.39,8668091.0,116096336.2
2026-01-19 17:00:00,134.39,134.46,134.0,134.2,6158927.0,82649818.767
2026-01-19 18:00:00,134.2,134.35,133.81,134.18,5154338.0,69094739.003
2026-01-19 19:00:00,134.18,134.65,134.16,134.37,4518671.0,60730862.974
2026-01-19 20:00:00,134.37,135.1,134.37,134.61,5427100.0,73119529.424
2026-01-19 21:00:00,134.61,134.93,134.01,134.02,4485018.0,60243239.024
2026-01-19 22:00:00,134.02,134.15,132.81,132.9,8266754.0,110376554.514
2026-01-19 23:00:00,132.9,133.88,132.59,133.39,7154723.0,95356838.797
2026-01-20 00:00:00,133.39,133.9,133.0,133.66,5423275.0,72400313.329
2026-01-20 01:00:00,133.66,134.23,133.23,133.79,3730337.0,49893983.098
2026-01-20 02:00:00,133.79,134.09,133.27,133.79,3012712.0,40263517.151
2026-01-20 03:00:00,133.79,134.6,133.43,134.21,3066555.0,41087442.023
2026-01-20 04:00:00,134.21,134.21,133.15,133.34,3675540.0,49075408.872
2026-01-20 05:00:00,133.34,133.48,132.28,132.97,6821368.0,90674803.428
2026-01-20 06:00:00,132.97,132.98,130.98,131.16,11117273.0,146462517.228
2026-01-20 07:00:00,131.16,131.7,130.51,130.57,7686119.0,100854497.074
2026-01-20 08:00:00,130.57,130.73,128.27,129.02,17810705.0,230492909.807
2026-01-20 09:00:00,129.02,129.14,128.5,128.86,6985506.0,89964814.035
2026-01-20 10:00:00,128.86,129.28,128.65,128.83,6967013.0,89875137.482
2026-01-20 11:00:00,128.83,129.42,128.62,128.73,6432507.0,82931233.373
2026-01-20 12:00:00,128.73,129.39,128.65,129.27,5243884.0,67726938.668
2026-01-20 13:00:00,129.27,129.28,128.3,128.37,9046673.0,116426165.303
2026-01-20 14:00:00,128.37,129.7,127.79,128.78,15916545.0,204837971.164
2026-01-20 15:00:00,128.78,128.87,127.16,127.78,18440567.0,235798385.103
2026-01-20 16:00:00,127.78,128.55,126.22,127.02,17131439.0,218096421.965
2026-01-20 17:00:00,127.02,127.9,126.27,126.93,11125033.0,141307681.382
2026-01-20 18:00:00,126.93,127.66,126.78,126.92,6314286.0,80327511.645
2026-01-20 19:00:00,126.92,127.49,126.54,127.22,6466377.0,82141447.957
2026-01-20 20:00:00,127.22,128.01,126.91,127.72,6930584.0,88449271.684
2026-01-20 21:00:00,127.72,127.9,126.83,126.87,5867916.0,74696044.709
2026-01-20 22:00:00,126.87,127.43,124.59,126.03,11281214.0,142023187.045
2026-01-20 23:00:00,126.03,126.44,125.52,125.72,7834440.0,98728378.414
2026-01-21 00:00:00,125.72,127.45,125.64,127.23,6472021.0,81878937.231
2026-01-21 01:00:00,127.23,127.81,127.11,127.28,5205973.0,66340384.533
2026-01-21 02:00:00,127.28,127.73,126.7,126.87,4273284.0,54367539.906
2026-01-21 03:00:00,126.87,127.78,126.82,127.55,4038313.0,51450387.85
2026-01-21 04:00:00,127.55,127.97,127.39,127.7,3899391.0,49795650.309
2026-01-21 05:00:00,127.7,128.68,127.64,128.44,4265182.0,54675090.445
2026-01-21 06:00:00,128.44,128.56,127.94,128.17,3277970.0,42045769.825
2026-01-21 07:00:00,128.17,128.39,127.4,127.52,4281412.0,54740714.174
2026-01-21 08:00:00,127.52,127.62,126.9,127.1,5066947.0,64480927.45
2026-01-21 09:00:00,127.1,127.71,126.95,127.4,4616047.0,58805219.264
2026-01-21 10:00:00,127.4,128.13,127.35,127.65,4671657.0,59687705.092
2026-01-21 11:00:00,127.65,127.86,126.73,126.88,6471704.0,82484072.293
2026-01-21 12:00:00,126.88,127.43,126.1,127.36,11402799.0,144682830.082
2026-01-21 13:00:00,127.36,127.58,126.73,127.04,7407406.0,94201768.687
2026-01-21 14:00:00,127.04,129.69,126.88,129.47,17749324.0,228320631.035
2026-01-21 15:00:00,129.47,131.42,129.29,130.38,18484164.0,240618378.589
2026-01-21 16:00:00,130.38,130.39,125.47,125.53,22119299.0,282434229.989
2026-01-21 17:00:00,125.53,126.98,125.18,126.85,15863561.0,200048253.924
2026-01-21 18:00:00,126.85,127.82,126.29,127.55,11595047.0,147408067.92
2026-01-21 19:00:00,127.55,131.65,127.11,131.45,19046602.0,247141302.324
2026-01-21 20:00:00,131.45,131.62,129.96,131.06,9823601.0,128322111.151
2026-01-21 21:00:00,131.06,132.08,130.71,131.0,5737462.0,75289178.413
2026-01-21 22:00:00,131.0,131.71,130.51,130.55,3866176.0,50632877.953
2026-01-21 23:00:00,130.55,130.98,129.08,129.46,5207149.0,67639162.123
2026-01-22 00:00:00,129.46,130.28,129.46,129.92,3991658.0,51863665.315
2026-01-22 01:00:00,129.92,130.57,129.81,130.16,3003310.0,39079560.45
2026-01-22 02:00:00,130.16,130.53,129.63,129.71,2959777.0,38514259.621
2026-01-22 03:00:00,129.71,130.31,129.46,129.78,3335640.0,43322115.29
2026-01-22 04:00:00,129.78,130.41,129.72,130.27,2583161.0,33613848.103
2026-01-22 05:00:00,130.27,130.37,129.78,130.04,2638990.0,34335567.02
2026-01-22 06:00:00,130.04,130.4,129.67,130.29,3129479.0,40682876.275
2026-01-22 07:00:00,130.29,130.37,129.69,129.72,2800643.0,36395445.811
2026-01-22 08:00:00,129.72,130.04,129.26,129.86,5335019.0,69171043.164
2026-01-22 09:00:00,129.86,130.2,129.53,130.1,4392957.0,57064034.618
2026-01-22 10:00:00,130.1,130.29,129.93,130.09,3470155.0,45141128.281
2026-01-22 11:00:00,130.09,130.26,129.64,130.02,5635446.0,73229109.566
2026-01-22 12:00:00,130.02,130.39,129.9,130.01,3981859.0,51819633.452
2026-01-22 13:00:00,130.01,130.9,129.0,129.3,10953643.0,142224873.493
2026-01-22 14:00:00,129.3,129.45,127.76,127.83,14108888.0,181529499.5
2026-01-22 15:00:00,127.83,128.48,126.65,127.31,16091069.0,205337227.08
2026-01-22 16:00:00,127.31,128.24,126.82,127.8,11087241.0,141380938.544
2026-01-22 17:00:00,127.8,128.75,127.46,128.62,7901509.0,101219031.504
2026-01-22 18:00:00,128.62,128.73,127.52,127.67,8031028.0,102975806.032
2026-01-22 19:00:00,127.67,129.32,127.33,129.18,8904677.0,114415691.871
2026-01-22 20:00:00,129.18,129.71,128.24,128.38,7867402.0,101410318.636
2026-01-22 21:00:00,128.38,129.01,128.14,128.24,6158084.0,79123593.113
2026-01-22 22:00:00,128.24,128.72,127.95,128.64,4102365.0,52641802.73
2026-01-22 23:00:00,128.64,128.66,128.05,128.42,3672339.0,47131845.837
2026-01-23 00:00:00,128.42,128.45,128.0,128.28,1908644.0,24479653.649
2026-01-23 01:00:00,128.28,128.86,128.2,128.83,2061828.0,26497143.865
2026-01-23 02:00:00,128.83,128.91,128.11,128.12,1674104.0,21504630.192
2026-01-23 03:00:00,128.12,128.71,128.08,128.7,1704481.0,21898045.691
2026-01-23 04:00:00,128.7,129.24,128.54,129.05,2825828.0,36430137.084
2026-01-23 05:00:00,129.05,129.07,128.28,128.63,3468242.0,44600912.327
2026-01-23 06:00:00,128.63,129.11,127.15,127.43,7785732.0,99868127.669
2026-01-23 07:00:00,127.43,128.03,127.42,127.84,3615483.0,46195017.037
2026-01-23 08:00:00,127.84,127.93,126.88,127.03,5793473.0,73778603.719
2026-01-23 09:00:00,127.03,127.32,126.85,127.0,6142007.0,78051637.549
2026-01-23 10:00:00,127.0,127.43,126.88,127.21,5349973.0,68061900.016
2026-01-23 11:00:00,127.21,127.69,127.15,127.46,3965089.0,50553526.404
2026-01-23 12:00:00,127.46,127.46,127.08,127.11,3149230.0,40088060.293
2026-01-23 13:00:00,127.11,127.37,126.66,126.78,5071945.0,64448604.194
2026-01-23 14:00:00,126.78,127.31,125.22,126.05,15881670.0,200436829.118
2026-01-23 15:00:00,126.05,128.04,125.43,127.84,14458734.0,183015897.169
2026-01-23 16:00:00,127.84,129.11,127.35,128.38,14998512.0,192400009.231
2026-01-23 17:00:00,128.38,130.13,127.8,128.36,13591503.0,175415856.959
2026-01-23 18:00:00,128.36,129.5,128.18,128.98,9814563.0,126541779.356
2026-01-23 19:00:00,128.98,129.06,127.68,128.02,8922552.0,114530603.487
2026-01-23 20:00:00,128.02,128.2,126.27,126.89,9144168.0,116268874.542
2026-01-23 21:00:00,126.89,127.53,126.82,127.07,5805223.0,73855466.678
2026-01-23 22:00:00,127.07,127.83,127.03,127.6,4846892.0,61817185.305
2026-01-23 23:00:00,127.6,127.6,127.18,127.36,3282188.0,41805589.785
2026-01-24 00:00:00,127.36,127.68,127.28,127.32,2371480.0,30223470.041
2026-01-24 01:00:00,127.32,127.5,127.21,127.47,1569161.0,19984104.761
2026-01-24 02:00:00,127.47,127.72,127.42,127.63,1161211.0,14812367.96
2026-01-24 03:00:00,127.63,128.05,127.52,127.82,2563330.0,32769663.035
2026-01-24 04:00:00,127.82,128.03,127.62,127.77,1708595.0,21834791.844
2026-01-24 05:00:00,127.77,127.82,127.41,127.73,1725545.0,22026160.703
2026-01-24 06:00:00,127.73,127.76,127.46,127.57,1376114.0,17557404.575
2026-01-24 07:00:00,127.57,127.61,127.02,127.05,2632486.0,33500088.914
2026-01-24 08:00:00,127.05,127.36,126.93,127.31,2669055.0,33930109.32
2026-01-24 09:00:00,127.31,127.31,126.92,127.05,2334896.0,29674431.781
2026-01-24 10:00:00,127.05,127.21,126.86,127.12,2574416.0,32708399.968
2026-01-24 11:00:00,127.12,127.32,127.05,127.12,2725553.0,34666842.387
2026-01-24 12:00:00,127.12,127.32,127.02,127.24,2345059.0,29822480.776
2026-01-24 13:00:00,127.24,127.25,126.86,126.86,3057872.0,38861562.85
2026-01-24 14:00:00,126.86,127.22,126.75,127.1,3601438.0,45744864.106
2026-01-24 15:00:00,127.1,127.35,126.67,126.77,4837068.0,61441063.939
2026-01-24 16:00:00,126.77,127.06,126.56,126.94,5388450.0,68325408.319
2026-01-24 17:00:00,126.94,127.21,126.88,127.16,2563419.0,32577639.485
2026-01-24 18:00:00,127.16,127.43,127.09,127.31,3841157.0,48879976.947
2026-01-24 19:00:00,127.31,127.44,127.16,127.22,3827954.0,48728596.696
2026-01-24 20:00:00,127.22,127.42,127.12,127.22,2501971.0,31849642.367
2026-01-24 21:00:00,127.22,127.28,126.91,127.08,3163690.0,40212041.426
2026-01-24 22:00:00,127.08,127.65,127.06,127.55,5268524.0,67121097.754
2026-01-24 23:00:00,127.55,127.67,127.1,127.14,2699102.0,34371635.715
2026-01-25 00:00:00,127.14,127.39,126.75,127.26,3432619.0,43619185.577
2026-01-25 01:00:00,127.26,127.35,126.88,127.08,2461584.0,31282796.446
2026-01-25 02:00:00,127.08,127.37,126.85,126.98,2380541.0,30264521.921
2026-01-25 03:00:00,126.98,127.07,126.27,126.55,5035140.0,63736600.86
2026-01-25 04:00:00,126.55,126.94,126.46,126.7,2410220.0,30541450.92
2026-01-25 05:00:00,126.7,126.88,126.55,126.87,1892114.0,23971142.25
2026-01-25 06:00:00,126.87,126.87,126.35,126.64,4059159.0,51386793.288
2026-01-25 07:00:00,126.64,126.65,126.26,126.42,2985707.0,37753175.797
2026-01-25 08:00:00,126.42,126.76,125.8,126.16,5940272.0,75037501.628
2026-01-25 09:00:00,126.16,126.84,126.04,126.65,4966024.0,62803381.694
2026-01-25 10:00:00,126.65,127.16,126.54,126.89,4387687.0,55669825.751
2026-01-25 11:00:00,126.89,126.93,126.5,126.72,3741736.0,47413573.572
2026-01-25 12:00:00,126.72,127.0,126.52,126.99,4444580.0,56343192.11
2026-01-25 13:00:00,126.99,127.08,126.42,126.9,4963496.0,62922462.512
2026-01-25 14:00:00,126.9,126.94,125.6,126.02,11351765.0,143091685.679
2026-01-25 15:00:00,126.02,126.27,125.36,125.5,7400819.0,93134875.864
2026-01-25 16:00:00,125.5,125.51,122.03,122.7,20119238.0,247771852.978
2026-01-25 17:00:00,122.7,122.9,121.5,122.13,11546423.0,140909044.746
2026-01-25 18:00:00,122.13,122.23,120.58,121.58,13230662.0,160637732.192
2026-01-25 19:00:00,121.58,121.77,117.05,117.87,18746995.0,224249135.792
2026-01-25 20:00:00,117.87,118.61,117.34,118.25,13341873.0,157320601.429
2026-01-25 21:00:00,118.25,118.85,117.5,118.73,12729817.0,150532378.676
2026-01-25 22:00:00,118.73,118.74,117.81,118.32,8965873.0,106023392.657
2026-01-25 23:00:00,118.32,119.36,117.4,118.74,9697865.0,115153971.658
2026-01-26 00:00:00,118.74,119.73,118.45,119.57,9091847.0,108387978.534
2026-01-26 01:00:00,119.57,122.72,119.49,122.31,15114663.0,183398576.367
2026-01-26 02:00:00,122.31,122.62,121.21,121.97,8338201.0,101703389.13
2026-01-26 03:00:00,121.97,122.27,121.05,121.52,5287448.0,64322526.535
2026-01-26 04:00:00,121.52,123.54,121.52,122.52,6784371.0,83203764.702
2026-01-26 05:00:00,122.52,122.82,122.34,122.42,3304009.0,40489164.268
2026-01-26 06:00:00,122.42,122.73,122.1,122.41,3082065.0,37730328.168
2026-01-26 07:00:00,122.41,122.97,122.15,122.85,5374683.0,65842086.533
2026-01-26 08:00:00,122.85,123.55,122.19,122.65,6752097.0,82969484.248
2026-01-26 09:00:00,122.65,122.68,121.7,121.87,5825350.0,71136641.248
2026-01-26 10:00:00,121.87,122.64,121.86,122.4,4276422.0,52327939.792
2026-01-26 11:00:00,122.4,122.64,122.35,122.46,2769139.0,33922549.893
2026-01-26 12:00:00,122.46,122.96,122.29,122.61,4907380.0,60160898.541
2026-01-26 13:00:00,122.61,123.23,122.47,123.08,7164673.0,88048227.212
2026-01-26 14:00:00,123.08,124.22,122.59,123.73,13495145.0,166407600.013
2026-01-26 15:00:00,123.73,125.16,122.96,123.45,15958934.0,197786934.43
2026-01-26 16:00:00,123.45,124.83,123.11,124.23,13739449.0,170461000.674
2026-01-26 17:00:00,124.23,124.66,122.96,124.22,9458297.0,117124150.187
2026-01-26 18:00:00,124.22,125.57,123.9,124.88,9128776.0,113780649.263
2026-01-26 19:00:00,124.88,125.09,124.13,124.25,5716089.0,71177650.704
2026-01-26 20:00:00,124.25,124.42,123.38,123.64,5950097.0,73728486.208
2026-01-26 21:00:00,123.64,124.76,123.46,124.46,8086286.0,100352744.239
2026-01-26 22:00:00,124.46,124.84,124.19,124.46,6704820.0,83513836.995
2026-01-26 23:00:00,124.46,124.83,124.04,124.17,6158795.0,76566900.102
2026-01-27 00:00:00,124.17,124.34,123.82,124.04,5263232.0,65282665.714
2026-01-27 01:00:00,124.04,124.52,123.67,124.28,3888492.0,48245787.797
2026-01-27 02:00:00,124.28,125.09,124.28,124.99,3763407.0,46941761.774
2026-01-27 03:00:00,124.99,125.15,124.32,124.45,3169282.0,39499019.634
2026-01-27 04:00:00,124.45,125.08,124.19,124.37,2845515.0,35440698.941
2026-01-27 05:00:00,124.37,124.46,124.07,124.42,2524347.0,31370809.025
2026-01-27 06:00:00,124.42,124.68,123.94,124.14,3761863.0,46740335.783
2026-01-27 07:00:00,124.14,124.6,124.03,124.46,3843961.0,47814212.074
2026-01-27 08:00:00,124.46,124.74,124.0,124.01,4160793.0,51750655.801
2026-01-27 09:00:00,124.01,124.02,123.51,123.69,4572150.0,56568642.709
2026-01-27 10:00:00,123.69,124.09,123.63,123.65,3244687.0,40185520.677
2026-01-27 11:00:00,123.65,124.22,123.56,124.08,3424330.0,42419705.735
2026-01-27 12:00:00,124.08,124.28,123.77,123.82,4604034.0,57116257.743
2026-01-27 13:00:00,123.82,123.89,123.05,123.12,8088180.0,99828928.685
2026-01-27 14:00:00,123.12,124.49,123.12,123.59,11959061.0,147990884.057
2026-01-27 15:00:00,123.59,124.99,123.37,124.94,10613611.0,131658406.249
2026-01-27 16:00:00,124.94,126.74,124.93,126.25,18716832.0,235951168.475
2026-01-27 17:00:00,126.25,126.27,123.47,123.96,14429736.0,179589477.221
2026-01-27 18:00:00,123.96,126.26,123.75,125.75,10676433.0,133349586.726
2026-01-27 19:00:00,125.75,126.27,125.34,125.79,8882415.0,111717771.828
2026-01-27 20:00:00,125.79,127.48,125.66,127.33,15238868.0,193292286.765
2026-01-27 21:00:00,127.33,127.79,126.84,127.0,10406701.0,132519328.644
2026-01-27 22:00:00,127.0,127.76,126.93,127.59,7888453.0,100481985.015
2026-01-27 23:00:00,127.59,127.62,127.0,127.11,7831869.0,99730531.547
2026-01-28 00:00:00,127.11,127.26,126.56,127.17,7415239.0,94132411.702
2026-01-28 01:00:00,127.17,127.47,126.6,127.01,3101011.0,39395757.552
2026-01-28 02:00:00,127.01,127.33,126.63,127.0,2849043.0,36184726.345
2026-01-28 03:00:00,127.0,127.17,126.62,126.89,2321634.0,29465399.613
2026-01-28 04:00:00,126.89,126.97,126.38,126.77,2851689.0,36125660.167
2026-01-28 05:00:00,126.77,126.93,126.4,126.7,2154553.0,27281692.278
2026-01-28 06:00:00,126.7,127.49,126.7,127.35,4628355.0,58808679.794
2026-01-28 07:00:00,127.35,127.48,126.87,127.03,4286877.0,54521227.58
2026-01-28 08:00:00,127.03,127.23,126.59,126.64,4119991.0,52280088.829
2026-01-28 09:00:00,126.64,127.59,125.92,127.54,8102641.0,102751932.552
2026-01-28 10:00:00,127.54,128.04,127.24,127.25,5141164.0,65539752.674
2026-01-28 11:00:00,127.25,128.28,127.11,128.12,5459397.0,69648569.582
2026-01-28 12:00:00,128.12,128.19,126.97,127.17,6288535.0,80149446.28
2026-01-28 13:00:00,127.17,127.77,126.78,127.27,6686737.0,85098000.721
2026-01-28 14:00:00,127.27,127.29,126.4,126.78,8606361.0,109142805.771
2026-01-28 15:00:00,126.78,127.09,125.41,126.01,9588473.0,120907981.033
2026-01-28 16:00:00,126.01,126.59,125.51,126.02,7809186.0,98381872.946
2026-01-28 17:00:00,126.02,126.99,125.19,126.47,7542608.0,95121150.197
2026-01-28 18:00:00,126.47,126.49,125.61,126.03,6324993.0,79686456.961
2026-01-28 19:00:00,126.03,126.65,125.24,125.94,11693252.0,147258582.419
2026-01-28 20:00:00,125.94,126.63,125.25,125.33,6310881.0,79462419.605
2026-01-28 21:00:00,125.33,125.79,124.67,125.4,6007076.0,75253888.133
2026-01-28 22:00:00,125.4,125.77,125.08,125.66,3535778.0,44361998.302
2026-01-28 23:00:00,125.66,125.7,124.99,125.28,3085843.0,38672798.709
2026-01-29 00:00:00,125.28,125.42,124.5,125.05,4592872.0,57363410.818
2026-01-29 01:00:00,125.05,125.18,123.92,124.25,4480368.0,55770737.186
2026-01-29 02:00:00,124.25,124.72,123.09,123.45,6218667.0,76998266.996
2026-01-29 03:00:00,123.45,123.69,122.62,122.99,4843420.0,59603264.906
2026-01-29 04:00:00,122.99,123.45,122.41,123.36,3182545.0,39126470.761
2026-01-29 05:00:00,123.36,123.76,123.07,123.16,3101190.0,38291791.842
2026-01-29 06:00:00,123.16,123.66,123.02,123.62,2517638.0,31057767.148
2026-01-29 07:00:00,123.62,123.92,123.58,123.71,2533696.0,31357233.023
2026-01-29 08:00:00,123.71,123.86,123.09,123.2,5589888.0,68989236.52
2026-01-29 09:00:00,123.2,123.32,122.85,122.96,4040302.0,49733905.041
2026-01-29 10:00:00,122.96,123.25,122.84,123.17,3049553.0,37531706.879
2026-01-29 11:00:00,123.17,123.23,122.62,122.69,4672449.0,57408354.938
2026-01-29 12:00:00,122.69,123.12,122.36,122.79,4805903.0,59000807.233
2026-01-29 13:00:00,122.79,123.1,122.61,122.84,3584329.0,44040185.487
2026-01-29 14:00:00,122.84,123.02,120.25,120.28,15787966.0,192032214.5
2026-01-29 15:00:00,120.28,120.37,116.04,117.58,30034183.0,354294200.589
2026-01-29 16:00:00,117.58,118.9,116.68,118.87,11791131.0,138836132.297
2026-01-29 17:00:00,118.87,119.88,117.63,117.82,14449128.0,171562599.642
2026-01-29 18:00:00,117.82,118.1,115.27,115.69,13548487.0,158249744.457
2026-01-29 19:00:00,115.69,117.13,115.31,116.74,10427237.0,121052986.227
2026-01-29 20:00:00,116.74,117.41,116.46,116.85,6756874.0,78983942.897
2026-01-29 21:00:00,116.85,117.65,116.83,117.36,6850736.0,80291548.637
2026-01-29 22:00:00,117.36,117.7,117.22,117.49,5715515.0,67160893.779
2026-01-29 23:00:00,117.49,117.86,117.2,117.74,3712535.0,43646969.855
2026-01-30 00:00:00,117.74,118.06,117.43,117.54,4704609.0,55390893.181
2026-01-30 01:00:00,117.54,117.82,111.91,115.15,13957318.0,160944809.367
2026-01-30 02:00:00,115.15,115.29,112.69,114.05,13475397.0,153412091.443
2026-01-30 03:00:00,114.05,114.59,113.46,114.35,6650518.0,75905649.692
2026-01-30 04:00:00,114.35,115.76,114.2,115.49,10869719.0,125301735.398
2026-01-30 05:00:00,115.49,116.1,115.31,115.39,8313537.0,96148335.481
2026-01-30 06:00:00,115.39,115.4,112.93,113.8,11553248.0,131853237.208
2026-01-30 07:00:00,113.8,116.09,113.79,115.71,8311878.0,95838711.042
2026-01-30 08:00:00,115.71,116.16,115.09,115.31,7330985.0,84743442.278
2026-01-30 09:00:00,115.31,115.99,114.59,115.3,7302313.0,84204265.416
2026-01-30 10:00:00,115.3,115.95,115.03,115.85,4949896.0,57179064.293
2026-01-30 11:00:00,115.85,117.23,115.69,117.01,6810612.0,79200548.681
2026-01-30 12:00:00,117.01,117.26,115.88,116.21,6642680.0,77328570.968
2026-01-30 13:00:00,116.21,116.34,115.16,115.74,8326343.0,96417820.315
2026-01-30 14:00:00,115.74,117.58,115.73,116.28,10553956.0,123004102.671
2026-01-30 15:00:00,116.28,117.07,114.5,116.74,12751477.0,148076069.132
2026-01-30 16:00:00,116.74,117.94,116.13,117.08,10597556.0,124091769.379
2026-01-30 17:00:00,117.08,117.71,116.46,116.59,7251110.0,84794123.071
2026-01-30 18:00:00,116.59,118.59,114.26,118.03,15129218.0,176081227.171
2026-01-30 19:00:00,118.03,119.11,118.03,118.24,12122051.0,143808043.107
2026-01-30 20:00:00,118.24,118.39,116.44,116.91,9551360.0,112216350.703
2026-01-30 21:00:00,116.91,117.94,116.79,117.31,6657512.0,78116687.877
2026-01-30 22:00:00,117.31,117.51,116.51,117.33,4657272.0,54481725.033
2026-01-30 23:00:00,117.33,117.57,116.75,117.53,3597009.0,42138004.643
2026-01-31 00:00:00,117.53,117.9,117.3,117.45,4755322.0,55932256.897
2026-01-31 01:00:00,117.45,118.31,117.45,118.09,3442956.0,40623087.476
2026-01-31 02:00:00,118.09,118.47,117.51,118.22,3080558.0,36354014.402
2026-01-31 03:00:00,118.22,118.56,118.08,118.3,1983565.0,23464105.814
2026-01-31 04:00:00,118.3,118.78,118.19,118.36,2424003.0,28728362.986
2026-01-31 05:00:00,118.36,118.71,117.92,118.54,2806514.0,33192526.223
2026-01-31 06:00:00,118.54,118.7,117.82,118.47,3416148.0,40403108.915
2026-01-31 07:00:00,118.47,118.53,117.06,117.3,4388968.0,51660984.951
2026-01-31 08:00:00,117.3,117.46,113.66,115.53,12758946.0,147368062.55
2026-01-31 09:00:00,115.53,116.78,115.3,116.28,6934861.0,80421214.142
2026-01-31 10:00:00,116.28,116.86,115.96,116.71,3857600.0,44916108.635
2026-01-31 11:00:00,116.71,116.71,115.88,115.97,3910082.0,45472301.647
2026-01-31 12:00:00,115.97,116.12,114.96,115.11,6974428.0,80543527.787
2026-01-31 13:00:00,115.11,115.16,113.56,114.09,10195842.0,116559075.803
2026-01-31 14:00:00,114.09,114.38,108.2,109.07,24182346.0,267973021.043
2026-01-31 15:00:00,109.07,110.12,108.3,108.58,11650748.0,127209243.388
2026-01-31 16:00:00,108.58,109.73,105.57,106.22,26948487.0,290006285.14
2026-01-31 17:00:00,106.22,106.64,100.21,103.26,26435710.0,274428622.127
2026-01-31 18:00:00,103.26,103.84,96.27,101.85,22615951.0,230210437.344
2026-01-31 19:00:00,101.85,103.35,101.41,101.63,15546309.0,159033526.821
2026-01-31 20:00:00,101.63,102.47,100.26,101.86,13699613.0,138655141.856
2026-01-31 21:00:00,101.86,103.63,101.18,103.32,10216204.0,104613258.904
2026-01-31 22:00:00,103.32,104.27,103.16,104.0,7772957.0,80576996.268
2026-01-31 23:00:00,104.0,106.38,103.72,105.42,10112152.0,106327437.482
2026-02-01 00:00:00,105.42,106.26,105.16,105.54,5402048.0,57076928.865
2026-02-01 01:00:00,105.54,105.66,104.07,104.87,5513414.0,57706878.461
2026-02-01 02:00:00,104.87,105.87,104.68,105.51,4332819.0,45625748.315
2026-02-01 03:00:00,105.51,105.59,104.4,104.87,4747369.0,49785898.636
2026-02-01 04:00:00,104.87,105.42,104.7,105.1,3608129.0,37929463.447
2026-02-01 05:00:00,105.1,105.62,104.36,104.62,4453913.0,46760984.737
2026-02-01 06:00:00,104.62,105.38,104.44,105.02,4641002.0,48724141.101
2026-02-01 07:00:00,105.02,105.96,103.89,105.14,6131293.0,64273923.049
2026-02-01 08:00:00,105.14,105.97,104.73,105.46,5177164.0,54554478.963
2026-02-01 09:00:00,105.46,105.86,104.85,105.72,6063623.0,63840564.292
2026-02-01 10:00:00,105.72,105.79,103.5,103.7,7432931.0,77924040.823
2026-02-01 11:00:00,103.7,105.35,103.68,104.99,4757882.0,49703375.832
2026-02-01 12:00:00,104.99,105.14,104.06,105.0,4758436.0,49788085.33
2026-02-01 13:00:00,105.0,106.63,104.02,104.39,8698357.0,91657524.664
2026-02-01 14:00:00,104.39,104.74,101.64,102.87,14228374.0,146595032.519
2026-02-01 15:00:00,102.87,102.87,100.12,101.61,15967963.0,161849049.78
2026-02-01 16:00:00,101.61,102.81,100.86,101.64,9102171.0,92678137.857
2026-02-01 17:00:00,101.64,102.42,101.04,102.35,6826181.0,69371296.265
2026-02-01 18:00:00,102.35,104.15,102.32,103.35,9073977.0,93760051.857
2026-02-01 19:00:00,103.35,103.68,101.48,101.88,8625091.0,88392826.054
2026-02-01 20:00:00,101.88,102.79,100.11,101.53,13808741.0,140115178.376
2026-02-01 21:00:00,101.53,101.64,100.05,100.8,13664275.0,137801079.439
2026-02-01 22:00:00,100.8,102.8,100.74,101.73,8530335.0,86836678.326
2026-02-01 23:00:00,101.73,102.01,97.96,100.72,18059648.0,180804489.466
2026-02-02 00:00:00,100.72,102.83,99.57,102.24,12986375.0,131961580.057
2026-02-02 01:00:00,102.24,103.08,100.31,102.03,9339426.0,95013793.238
2026-02-02 02:00:00,102.03,102.68,100.49,100.68,4758440.0,48386304.118
2026-02-02 03:00:00,100.68,100.82,95.85,99.99,12903123.0,126885626.197
2026-02-02 04:00:00,99.99,101.74,98.58,100.26,8722536.0,87501368.113
2026-02-02 05:00:00,100.26,100.41,97.58,98.22,9763334.0,96378713.069
2026-02-02 06:00:00,98.22,101.33,96.97,100.57,10261787.0,101766169.256
2026-02-02 07:00:00,100.57,102.38,100.4,101.39,6801971.0,68903665.117
2026-02-02 08:00:00,101.39,102.42,101.33,101.67,4994305.0,50862738.439
2026-02-02 09:00:00,101.67,103.12,101.35,102.72,6711978.0,68696382.161
2026-02-02 10:00:00,102.72,103.4,102.56,102.85,6700193.0,68969399.962
2026-02-02 11:00:00,102.85,103.3,102.61,102.73,4730228.0,48729632.771
2026-02-02 12:00:00,102.73,103.71,102.72,103.25,6200429.0,63963014.26
2026-02-02 13:00:00,103.25,103.64,102.75,103.28,6439667.0,66428043.723
2026-02-02 14:00:00,103.28,105.1,102.32,103.9,17321440.0,179782611.838
2026-02-02 15:00:00,103.9,106.03,103.51,104.64,15157937.0,159137682.311
2026-02-02 16:00:00,104.64,105.7,104.2,104.94,9018481.0,94747455.89
2026-02-02 17:00:00,104.94,105.54,104.38,104.74,8069626.0,84763709.432
2026-02-02 18:00:00,104.74,104.96,103.78,104.65,7751035.0,80876754.842
2026-02-02 19:00:00,104.65,104.77,103.42,103.85,7150111.0,74381695.14
2026-02-02 20:00:00,103.85,104.2,103.25,103.75,8809483.0,91368705.957
2026-02-02 21:00:00,103.75,104.93,103.72,104.76,8855540.0,92577407.989
2026-02-02 22:00:00,104.76,105.13,104.52,104.93,5673842.0,59507631.424
2026-02-02 23:00:00,104.93,104.99,104.26,104.47,5713221.0,59754804.122
2026-02-03 00:00:00,104.47,104.6,103.62,104.09,6474217.0,67307739.429
2026-02-03 01:00:00,104.09,104.32,103.47,104.32,4885956.0,50764839.416
2026-02-03 02:00:00,104.32,104.34,102.27,102.38,5713207.0,58915988.605
2026-02-03 03:00:00,102.38,104.35,102.08,104.09,5020046.0,51786916.41
2026-02-03 04:00:00,104.09,105.05,103.79,104.61,5801687.0,60555133.074
2026-02-03 05:00:00,104.61,104.67,103.58,103.65,3184316.0,33113810.057
2026-02-03 06:00:00,103.65,104.02,102.88,103.91,3895068.0,40311977.524
2026-02-03 07:00:00,103.91,104.86,103.68,104.63,3644265.0,38021813.591
2026-02-03 08:00:00,104.63,104.95,103.99,104.03,5670645.0,59260593.755
2026-02-03 09:00:00,104.03,104.14,102.45,103.04,5703375.0,58850254.909
2026-02-03 10:00:00,103.04,103.25,102.39,102.8,5459325.0,56115793.153
2026-02-03 11:00:00,102.8,103.32,102.75,102.92,4516182.0,46549104.366
2026-02-03 12:00:00,102.92,103.3,102.43,103.05,6066536.0,62452737.376
2026-02-03 13:00:00,103.05,103.53,102.67,103.36,6596652.0,67985997.296
2026-02-03 14:00:00,103.36,103.57,100.68,100.8,14160005.0,144702983.634
2026-02-03 15:00:00,100.8,102.71,100.32,102.51,17327979.0,175756019.173
2026-02-03 16:00:00,102.51,102.52,99.85,100.67,13514842.0,136325718.333
2026-02-03 17:00:00,100.67,100.93,98.97,99.02,14803519.0,147725507.21
2026-02-03 18:00:00,99.02,99.38,96.58,96.78,18607984.0,182187294.486
2026-02-03 19:00:00,96.78,100.03,96.64,98.95,23259075.0,229566230.72
2026-02-03 20:00:00,98.95,102.01,98.14,101.1,15135804.0,151248573.175
2026-02-03 21:00:00,101.1,101.74,99.94,100.14,9674527.0,97578304.026
2026-02-03 22:00:00,100.14,100.23,98.06,98.42,11857953.0,117587000.473
2026-02-03 23:00:00,98.42,98.53,97.12,97.81,10369718.0,101422075.196
2026-02-04 00:00:00,97.81,98.73,97.08,97.9,8786621.0,86013124.228
2026-02-04 01:00:00,97.9,99.6,97.9,99.04,8217511.0,81421852.216
2026-02-04 02:00:00,99.04,99.14,97.26,97.83,5789652.0,56776381.737
2026-02-04 03:00:00,97.83,99.57,97.81,99.03,4079283.0,40319632.606
2026-02-04 04:00:00,99.03,99.27,97.94,98.01,3056922.0,30152612.26
2026-02-04 05:00:00,98.01,98.37,96.28,96.87,5412281.0,52761604.105
2026-02-04 06:00:00,96.87,98.69,96.63,98.13,5703856.0,55757948.734
2026-02-04 07:00:00,98.13,98.17,97.28,97.83,3853403.0,37662209.714
2026-02-04 08:00:00,97.83,97.88,96.69,97.63,6232231.0,60604201.942
2026-02-04 09:00:00,97.63,97.7,96.68,97.06,7404139.0,71872110.431
2026-02-04 10:00:00,97.06,97.24,96.7,96.96,4893771.0,47458070.313
2026-02-04 11:00:00,96.96,97.01,94.55,96.03,14339636.0,137407287.583
2026-02-04 12:00:00,96.03,96.7,95.78,96.4,9481978.0,91231762.216
2026-02-04 13:00:00,96.4,96.42,94.07,94.31,17497258.0,166499347.181
2026-02-04 14:00:00,94.31,94.95,92.87,93.03,21224294.0,199550235.775
2026-02-04 15:00:00,93.03,94.13,91.22,92.67,22912073.0,212552587.59
2026-02-04 16:00:00,92.67,93.03,90.86,91.89,20559007.0,188786980.318
2026-02-04 17:00:00,91.89,92.52,89.91,91.35,19637863.0,178778907.439
2026-02-04 18:00:00,91.35,93.15,90.24,92.22,15960954.0,146161308.936
2026-02-04 19:00:00,92.22,94.71,92.19,94.31,21782721.0,204372714.805
2026-02-04 20:00:00,94.31,94.5,92.93,93.2,12493552.0,116975520.864
2026-02-04 21:00:00,93.2,93.35,90.68,91.28,17465839.0,160497089.181
2026-02-04 22:00:00,91.28,92.85,89.28,90.8,22896165.0,208862249.211
2026-02-04 23:00:00,90.8,92.87,90.21,92.07,11205037.0,102609823.098
2026-02-05 00:00:00,92.07,92.72,91.34,91.69,6099323.0,56109672.823
2026-02-05 01:00:00,91.69,92.86,90.47,91.87,8913581.0,81824449.974
2026-02-05 02:00:00,91.87,92.67,90.66,90.85,9149894.0,83778216.996
2026-02-05 03:00:00,90.85,91.66,90.2,91.11,7282278.0,66200819.178
2026-02-05 04:00:00,91.11,91.88,90.27,91.08,6090275.0,55454362.212
2026-02-05 05:00:00,91.08,92.04,89.86,91.12,7603627.0,69126452.321
2026-02-05 06:00:00,91.12,91.21,89.7,90.17,6078258.0,54774552.208
2026-02-05 07:00:00,90.17,91.63,90.11,90.5,9325106.0,84932574.419
2026-02-05 08:00:00,90.5,92.42,90.5,91.73,8685803.0,79523881.11
2026-02-05 09:00:00,91.73,93.4,91.69,92.48,7268106.0,67323282.766
2026-02-05 10:00:00,92.48,92.6,89.72,90.23,9659789.0,88283583.675
2026-02-05 11:00:00,90.23,90.73,88.61,89.92,14185036.0,127270181.585
2026-02-05 12:00:00,89.92,90.72,88.65,89.45,18140134.0,162338930.865
2026-02-05 13:00:00,89.45,90.0,88.09,88.44,14263131.0,126517001.039
2026-02-05 14:00:00,88.44,91.38,88.28,88.57,18394342.0,165170647.456
2026-02-05 15:00:00,88.57,88.96,83.39,84.54,45290169.0,387443478.064
2026-02-05 16:00:00,84.54,86.12,83.61,85.49,21553407.0,182779178.212
2026-02-05 17:00:00,85.49,85.67,82.37,82.63,19700363.0,164746301.981
2026-02-05 18:00:00,82.63,83.28,81.14,82.9,19254932.0,158129494.509
2026-02-05 19:00:00,82.9,83.24,81.34,81.63,16061205.0,132151625.828
2026-02-05 20:00:00,81.63,82.25,77.62,78.76,32886014.0,261283905.2845
2026-02-05 21:00:00,78.76,81.13,78.29,78.95,20729210.0,164942340.086
2026-02-05 22:00:00,78.95,80.68,77.51,79.77,16357648.0,129524572.584
2026-02-05 23:00:00,79.77,81.56,78.02,78.29,16209031.0,129341972.962
2026-02-06 00:00:00,78.29,78.73,67.36,75.43,42441735.0,312797123.8696
2026-02-06 01:00:00,75.43,79.63,75.39,79.48,19163628.0,148588564.218
2026-02-06 02:00:00,79.48,80.17,76.34,76.89,14106359.0,109956280.695
2026-02-06 03:00:00,76.89,77.35,75.69,76.67,7487021.0,57275514.015
2026-02-06 04:00:00,76.67,77.98,76.16,77.71,8782176.0,67720033.655
2026-02-06 05:00:00,77.71,81.57,77.51,81.04,10213237.0,81031239.781
2026-02-06 06:00:00,81.04,81.5,79.31,79.42,8919757.0,71632404.849
2026-02-06 07:00:00,79.42,80.52,78.68,79.48,10435477.0,82870005.306
2026-02-06 08:00:00,79.48,80.13,78.56,78.99,9479236.0,75151896.07
2026-02-06 09:00:00,78.99,81.6,78.84,81.22,9874705.0,79344987.294
2026-02-06 10:00:00,81.22,81.95,80.64,80.73,9593588.0,77898320.968
2026-02-06 11:00:00,80.73,81.66,80.35,81.25,8086908.0,65502423.818
2026-02-06 12:00:00,81.25,81.85,80.73,81.77,7823860.0,63657627.427
2026-02-06 13:00:00,81.77,83.78,81.58,83.02,16079183.0,133105269.678
2026-02-06 14:00:00,83.02,85.13,81.82,84.1,22246340.0,185521697.503
2026-02-06 15:00:00,84.1,84.98,83.32,84.36,17798004.0,149836854.658
2026-02-06 16:00:00,84.36,87.1,83.55,86.59,24495274.0,210219413.416
2026-02-06 17:00:00,86.59,88.58,86.04,86.58,24211628.0,211242481.933
2026-02-06 18:00:00,86.58,86.74,85.12,86.02,13328114.0,114541070.574
2026-02-06 19:00:00,86.02,87.32,85.45,86.96,10342742.0,89348256.187
2026-02-06 20:00:00,86.96,87.86,86.51,86.81,11498099.0,100196649.711
2026-02-06 21:00:00,86.81,88.2,86.51,87.97,9607765.0,84105298.814
2026-02-06 22:00:00,87.97,89.74,87.86,89.11,13292066.0,118143479.301
2026-02-06 23:00:00,89.11,89.53,87.3,87.42,10131261.0,89299246.45
2026-02-07 00:00:00,87.42,87.42,86.08,86.52,8355726.0,72380401.05
2026-02-07 01:00:00,86.52,87.42,85.86,87.07,6635127.0,57442421.888
2026-02-07 02:00:00,87.07,87.53,86.72,87.24,5322361.0,46353117.834
2026-02-07 03:00:00,87.24,88.32,87.15,88.01,6861363.0,60302937.555
2026-02-07 04:00:00,88.01,88.97,87.23,87.64,6660342.0,58735715.084
2026-02-07 05:00:00,87.64,88.56,87.5,87.74,6258960.0,55092495.398
2026-02-07 06:00:00,87.74,88.16,86.17,86.22,6113840.0,53467974.06
2026-02-07 07:00:00,86.22,86.58,84.15,85.23,13247745.0,113064323.692
2026-02-07 08:00:00,85.23,85.66,84.7,85.29,7922308.0,67480430.873
2026-02-07 09:00:00,85.29,85.67,84.74,85.18,5049680.0,43015783.099
2026-02-07 10:00:00,85.18,85.44,84.44,84.96,5807544.0,49331341.903
2026-02-07 11:00:00,84.96,85.17,84.53,84.85,4767740.0,40442662.732
2026-02-07 12:00:00,84.85,87.14,84.78,86.16,12567286.0,108291128.963
2026-02-07 13:00:00,86.16,86.6,85.48,86.07,6364620.0,54725323.596
2026-02-07 14:00:00,86.07,86.54,85.41,85.72,9916445.0,85251828.649
2026-02-07 15:00:00,85.72,86.9,85.59,86.52,10612215.0,91620717.81
2026-02-07 16:00:00,86.52,88.03,86.12,87.0,17606882.0,153221895.791
2026-02-07 17:00:00,87.0,87.66,86.43,87.58,8369088.0,72894405.084
2026-02-07 18:00:00,87.58,89.15,87.37,88.65,13883530.0,122702949.513
2026-02-07 19:00:00,88.65,88.73,87.94,88.22,8145275.0,71962965.589
2026-02-07 20:00:00,88.22,89.13,87.92,88.83,6735382.0,59609273.721
2026-02-07 21:00:00,88.83,89.09,88.05,88.13,6919716.0,61319124.895
2026-02-07 22:00:00,88.13,88.67,88.07,88.2,4162189.0,36770934.496
2026-02-07 23:00:00,88.2,88.28,86.81,87.51,8309805.0,72693900.661
2026-02-08 00:00:00,87.51,87.64,87.03,87.27,6786593.0,59225044.347
2026-02-08 01:00:00,87.27,87.93,87.24,87.8,5388872.0,47237552.655
2026-02-08 02:00:00,87.8,88.15,86.86,87.2,6340585.0,55508846.607
2026-02-08 03:00:00,87.2,87.47,86.62,86.72,3260937.0,28406817.668
2026-02-08 04:00:00,86.72,87.32,86.53,87.31,3405285.0,29617712.374
2026-02-08 05:00:00,87.31,87.49,86.95,87.2,2389888.0,20836460.74
2026-02-08 06:00:00,87.2,87.45,86.86,87.07,2846747.0,24815296.591
2026-02-08 07:00:00,87.07,87.32,86.59,87.31,3416785.0,29710723.312
2026-02-08 08:00:00,87.31,88.73,86.85,88.53,8240105.0,72433554.978
2026-02-08 09:00:00,88.53,88.93,87.45,87.51,6551239.0,57695536.245
2026-02-08 10:00:00,87.51,88.04,86.36,86.81,7047283.0,61314416.399
2026-02-08 11:00:00,86.81,88.24,86.67,88.17,8855498.0,77576873.047
2026-02-08 12:00:00,88.17,88.31,87.6,88.07,7863679.0,69161967.189
2026-02-08 13:00:00,88.07,88.82,87.67,88.5,8215286.0,72546862.026
2026-02-08 14:00:00,88.5,88.67,87.94,88.37,5108426.0,45107544.464
2026-02-08 15:00:00,88.37,88.71,87.26,87.71,10193965.0,89638611.264
2026-02-08 16:00:00,87.71,87.85,85.69,86.16,11136324.0,96642539.092
2026-02-08 17:00:00,86.16,87.05,86.1,86.87,9167251.0,79479418.457
2026-02-08 18:00:00,86.87,88.58,86.83,87.77,9994415.0,87683821.742
2026-02-08 19:00:00,87.77,88.53,87.73,88.33,6136874.0,54068001.87
2026-02-08 20:00:00,88.33,88.35,86.68,86.84,7931629.0,69310600.113
2026-02-08 21:00:00,86.84,87.28,86.16,86.54,6920138.0,59978942.879
2026-02-08 22:00:00,86.54,87.21,86.4,87.04,6274364.0,54491012.285
2026-02-08 23:00:00,87.04,89.0,86.0,86.92,14575595.0,127364943.52
2026-02-09 00:00:00,86.92,87.4,86.31,87.0,7131785.0,61927377.861
2026-02-09 01:00:00,87.0,87.92,85.72,86.34,5871221.0,50928562.726
2026-02-09 02:00:00,86.34,87.82,86.11,86.96,3603792.0,31291296.74
2026-02-09 03:00:00,86.96,87.85,86.78,87.62,3176004.0,27739167.294
2026-02-09 04:00:00,87.62,87.67,86.9,87.07,3323458.0,28987012.636
2026-02-09 05:00:00,87.07,87.41,86.82,87.2,2021574.0,17605939.688
2026-02-09 06:00:00,87.2,87.2,85.89,86.38,3623422.0,31287444.209
2026-02-09 07:00:00,86.38,86.51,85.12,85.43,4618546.0,39634381.733
2026-02-09 08:00:00,85.43,85.58,83.78,84.51,10344901.0,87555348.096
2026-02-09 09:00:00,84.51,84.86,83.89,84.26,6721531.0,56667485.361
2026-02-09 10:00:00,84.26,84.42,82.82,83.19,10944568.0,91389507.95
2026-02-09 11:00:00,83.19,83.68,83.17,83.42,6331243.0,52812275.243
2026-02-09 12:00:00,83.42,84.34,83.4,84.01,9250103.0,77612315.249
2026-02-09 13:00:00,84.01,84.57,83.7,83.73,9259207.0,77876129.837
2026-02-09 14:00:00,83.73,85.2,83.51,84.9,19626099.0,165368510.153
2026-02-09 15:00:00,84.9,85.77,84.27,85.26,21096159.0,179577651.428
2026-02-09 16:00:00,85.26,86.83,84.76,86.05,15982278.0,136884657.354
2026-02-09 17:00:00,86.05,88.06,85.59,87.74,18097164.0,157502491.998
2026-02-09 18:00:00,87.74,88.67,87.0,87.45,21840046.0,191746398.929
2026-02-09 19:00:00,87.45,88.18,87.08,87.9,12119608.0,106220854.425
2026-02-09 20:00:00,87.9,88.24,87.14,87.74,12317415.0,107883450.587
2026-02-09 21:00:00,87.74,87.84,86.46,87.3,11629752.0,101236230.548
2026-02-09 22:00:00,87.3,87.53,86.9,87.05,8890654.0,77525059.324
2026-02-09 23:00:00,87.05,87.36,86.58,86.71,7454526.0,64844573.613
2026-02-10 00:00:00,86.71,86.88,86.25,86.36,5695169.0,49270800.398
2026-02-10 01:00:00,86.36,87.45,86.32,87.22,6336815.0,55185741.69
2026-02-10 02:00:00,87.22,87.28,86.35,86.61,6039870.0,52432253.343
2026-02-10 03:00:00,86.61,86.82,85.22,85.8,5593306.0,48029208.857
2026-02-10 04:00:00,85.8,86.61,85.73,86.49,4332477.0,37377622.294
2026-02-10 05:00:00,86.49,86.53,85.56,85.89,4117860.0,35465155.234
2026-02-10 06:00:00,85.89,85.98,84.25,84.55,6454386.0,54914196.501
2026-02-10 07:00:00,84.55,85.08,84.36,84.58,5087300.0,43082708.827
2026-02-10 08:00:00,84.58,84.83,84.12,84.58,5772079.0,48772954.38
2026-02-10 09:00:00,84.58,85.03,84.19,84.52,4693237.0,39757891.885
2026-02-10 10:00:00,84.52,84.69,84.13,84.16,4404745.0,37147985.567
2026-02-10 11:00:00,84.16,84.55,83.7,83.79,8744661.0,73548762.905
2026-02-10 12:00:00,83.79,84.31,83.61,83.88,7437719.0,62486142.597
2026-02-10 13:00:00,83.88,84.72,83.58,84.62,8590999.0,72420183.922
2026-02-10 14:00:00,84.62,85.18,83.13,83.66,17800008.0,149636817.518
2026-02-10 15:00:00,83.66,84.49,83.37,84.26,12811990.0,107670233.85
2026-02-10 16:00:00,84.26,84.89,83.71,84.41,11430029.0,96412054.576
2026-02-10 17:00:00,84.41,85.1,84.14,84.86,9064592.0,76707485.583
2026-02-10 18:00:00,84.86,84.91,82.66,82.9,16986406.0,142051496.451
2026-02-10 19:00:00,82.9,83.47,82.38,83.05,13117542.0,108814594.633
2026-02-10 20:00:00,83.05,83.19,82.26,82.61,12589429.0,104111939.777
2026-02-10 21:00:00,82.61,82.91,81.85,82.41,10680538.0,87910200.773
2026-02-10 22:00:00,82.41,82.93,82.31,82.55,7637236.0,63090193.694
2026-02-10 23:00:00,82.55,82.97,82.29,82.95,6678148.0,55189544.407
2026-02-11 00:00:00,82.95,83.69,82.87,83.41,8140155.0,67802685.775
2026-02-11 01:00:00,83.41,83.74,83.14,83.73,5072721.0,42331220.661
2026-02-11 02:00:00,83.73,84.34,83.47,83.48,6832651.0,57368437.036
2026-02-11 03:00:00,83.48,83.8,82.52,83.28,8236766.0,68553435.022
2026-02-11 04:00:00,83.28,83.47,81.64,81.91,8650638.0,71313448.471
2026-02-11 05:00:00,81.91,82.35,81.64,81.87,8077016.0,66239173.522
2026-02-11 06:00:00,81.87,81.93,80.53,80.78,13352773.0,108339471.149
2026-02-11 07:00:00,80.78,81.31,80.22,80.95,15825880.0,127861983.854
2026-02-11 08:00:00,80.95,81.16,80.5,81.03,13617361.0,110161777.952
2026-02-11 09:00:00,81.03,81.24,80.62,80.77,10290840.0,83301419.539
2026-02-11 10:00:00,80.77,80.95,80.35,80.67,8724908.0,70339160.235
2026-02-11 11:00:00,80.67,81.43,80.62,81.22,7823569.0,63447830.762
2026-02-11 12:00:00,81.22,81.42,80.89,81.14,5319495.0,43172562.383
2026-02-11 13:00:00,81.14,81.8,80.6,81.6,12634847.0,102597065.83
2026-02-11 14:00:00,81.6,83.14,79.7,79.89,28735936.0,234205709.667
2026-02-11 15:00:00,79.89,80.27,78.53,79.66,21775912.0,173108044.053
2026-02-11 16:00:00,79.66,80.89,78.65,78.68,13830048.0,110238708.529
2026-02-11 17:00:00,78.68,79.99,77.97,78.96,14924808.0,118057964.978
2026-02-11 18:00:00,78.96,79.96,78.46,79.75,11573913.0,91815113.489
2026-02-11 19:00:00,79.75,80.32,79.25,79.67,12431720.0,99228096.716
2026-02-11 20:00:00,79.67,79.96,78.91,79.56,11020190.0,87565496.095
2026-02-11 21:00:00,79.56,81.07,79.56,80.11,14019969.0,112595873.069
2026-02-11 22:00:00,80.11,80.18,79.38,79.45,8013945.0,63992858.886
2026-02-11 23:00:00,79.45,79.68,78.7,79.29,8024980.0,63614173.11
2026-02-12 00:00:00,79.29,80.19,79.22,79.92,5344908.0,42631858.09
2026-02-12 01:00:00,79.92,80.75,79.91,80.36,4533740.0,36401339.045
2026-02-12 02:00:00,80.36,80.66,79.85,80.28,4841539.0,38859043.712
2026-02-12 03:00:00,80.28,80.62,80.01,80.56,2816996.0,22630860.536
2026-02-12 04:00:00,80.56,80.93,80.23,80.26,5873353.0,47335823.064
2026-02-12 05:00:00,80.26,80.57,79.46,80.53,6786750.0,54403423.04
2026-02-12 06:00:00,80.53,80.95,80.31,80.46,5023817.0,40503420.646
2026-02-12 07:00:00,80.46,80.88,80.24,80.73,4372778.0,35232716.539
2026-02-12 08:00:00,80.73,80.88,80.27,80.69,5015328.0,40408913.382
2026-02-12 09:00:00,80.69,81.86,80.51,81.75,10371260.0,84388736.931
2026-02-12 10:00:00,81.75,82.18,81.28,82.12,7884555.0,64424039.35
2026-02-12 11:00:00,82.12,82.2,81.64,81.79,5683443.0,46547758.463
2026-02-12 12:00:00,81.79,81.89,80.79,81.04,6898030.0,56076755.752
2026-02-12 13:00:00,81.04,82.07,80.63,81.9,8296406.0,67408140.643
2026-02-12 14:00:00,81.9,81.93,80.96,81.07,10144379.0,82504902.949
2026-02-12 15:00:00,81.07,81.48,80.02,80.05,19974915.0,161128584.073
2026-02-12 16:00:00,80.05,80.16,78.13,78.26,24728341.0,195280587.501
2026-02-12 17:00:00,78.26,78.63,77.46,77.87,22055619.0,172135744.583
2026-02-12 18:00:00,77.87,78.44,77.14,77.56,14116779.0,109655526.04
2026-02-12 19:00:00,77.56,78.59,76.96,77.57,14493703.0,112760343.339
2026-02-12 20:00:00,77.57,77.88,76.54,76.86,16063500.0,123875022.256
2026-02-12 21:00:00,76.86,77.52,76.85,77.3,10084855.0,77860604.581
2026-02-12 22:00:00,77.3,78.07,76.92,78.05,7362459.0,56983327.03
2026-02-12 23:00:00,78.05,78.48,77.78,78.38,7034249.0,54998192.642
2026-02-13 00:00:00,78.38,78.68,77.49,77.98,7212458.0,56269696.993
2026-02-13 01:00:00,77.98,78.8,77.98,78.55,5969523.0,46824798.014
2026-02-13 02:00:00,78.55,79.28,78.39,79.09,4760389.0,37486844.234
2026-02-13 03:00:00,79.09,79.44,78.76,79.01,3941761.0,31162035.832
2026-02-13 04:00:00,79.01,79.22,78.41,78.47,4209565.0,33166269.009
2026-02-13 05:00:00,78.47,78.72,78.12,78.24,4519963.0,35442900.178
2026-02-13 06:00:00,78.24,78.62,77.8,78.55,4974955.0,38879207.099
2026-02-13 07:00:00,78.55,79.22,78.48,78.93,6207397.0,48926310.873
2026-02-13 08:00:00,78.93,79.88,78.79,79.67,6206981.0,49224202.115
2026-02-13 09:00:00,79.67,79.93,79.37,79.82,4536407.0,36127020.276
2026-02-13 10:00:00,79.82,80.57,79.71,80.3,9026275.0,72338627.183
2026-02-13 11:00:00,80.3,80.36,79.73,80.27,6017072.0,48188315.315
2026-02-13 12:00:00,80.27,80.27,79.82,79.92,5050860.0,40404985.757
2026-02-13 13:00:00,79.92,80.89,79.68,80.24,11969250.0,96062977.261
2026-02-13 14:00:00,80.24,81.92,79.8,81.28,17501490.0,141709753.733
2026-02-13 15:00:00,81.28,84.32,81.05,83.15,23247912.0,192580070.227
2026-02-13 16:00:00,83.15,84.97,82.87,84.18,13746717.0,115524382.57
2026-02-13 17:00:00,84.18,84.7,83.51,84.28,11737959.0,98790264.893
2026-02-13 18:00:00,84.28,85.62,84.08,85.34,13068068.0,111007514.551
2026-02-13 19:00:00,85.34,85.6,84.5,84.61,10306570.0,87587898.274
2026-02-13 20:00:00,84.61,85.02,84.13,84.73,8243146.0,69692951.075
2026-02-13 21:00:00,84.73,85.17,84.5,84.8,5166093.0,43815838.857
2026-02-13 22:00:00,84.8,84.89,84.39,84.63,4091556.0,34612841.411
2026-02-13 23:00:00,84.63,84.63,84.11,84.29,3435837.0,28966030.096
2026-02-14 00:00:00,84.29,85.03,84.16,84.9,4401481.0,37257732.007
2026-02-14 01:00:00,84.9,85.15,84.71,84.94,3276496.0,27815222.185
2026-02-14 02:00:00,84.94,84.95,84.55,84.85,2693665.0,22840092.253
2026-02-14 03:00:00,84.85,85.26,84.77,85.01,2431116.0,20665447.919
2026-02-14 04:00:00,85.01,85.05,84.73,84.77,1903962.0,16164606.643
2026-02-14 05:00:00,84.77,84.99,84.56,84.57,1671918.0,14177818.92
2026-02-14 06:00:00,84.57,84.89,84.28,84.8,2799612.0,23674999.859
2026-02-14 07:00:00,84.8,85.22,84.72,85.12,3756494.0,31902979.889
2026-02-14 08:00:00,85.12,86.37,85.08,86.16,9101178.0,78062939.051
2026-02-14 09:00:00,86.16,86.32,85.8,85.95,4790460.0,41208269.735
2026-02-14 10:00:00,85.95,85.96,85.66,85.77,2866964.0,24598480.034
2026-02-14 11:00:00,85.77,87.28,85.76,87.24,9275918.0,80353272.095
2026-02-14 12:00:00,87.24,87.26,86.2,86.37,6999560.0,60735172.86
2026-02-14 13:00:00,86.37,86.84,85.95,86.39,7975234.0,68874768.569
2026-02-14 14:00:00,86.39,87.51,86.32,87.19,7343850.0,63841281.758
2026-02-14 15:00:00,87.19,87.64,87.03,87.38,9229968.0,80593606.815
2026-02-14 16:00:00,87.38,88.18,86.93,88.06,10751792.0,94162902.499
2026-02-14 17:00:00,88.06,88.39,87.76,87.97,7800950.0,68661718.01
2026-02-14 18:00:00,87.97,88.23,87.71,87.94,5116320.0,45016671.873
2026-02-14 19:00:00,87.94,88.26,87.48,88.13,5317727.0,46728198.664
2026-02-14 20:00:00,88.13,88.36,87.61,88.08,6370104.0,56012712.049
2026-02-14 21:00:00,88.08,88.37,87.16,88.01,8024026.0,70464626.517
2026-02-14 22:00:00,88.01,88.86,87.85,88.43,6678521.0,59001694.116
2026-02-14 23:00:00,88.43,88.84,87.97,88.01,6320974.0,55857759.396
2026-02-15 00:00:00,88.01,88.4,87.76,88.13,4782171.0,42090174.551
2026-02-15 01:00:00,88.13,88.7,87.53,88.25,5581144.0,49087896.45
2026-02-15 02:00:00,88.25,88.47,87.47,87.95,3452161.0,30368366.689
2026-02-15 03:00:00,87.95,88.76,87.32,88.56,3737747.0,32893448.874
2026-02-15 04:00:00,88.56,89.76,88.33,88.74,7815414.0,69507981.729
2026-02-15 05:00:00,88.74,90.01,88.69,89.61,6402043.0,57233546.212
2026-02-15 06:00:00,89.61,90.11,89.27,89.55,6837124.0,61324796.185
2026-02-15 07:00:00,89.55,90.93,89.33,90.67,6772487.0,61114235.484
2026-02-15 08:00:00,90.67,91.19,89.16,89.6,10037353.0,90441117.399
2026-02-15 09:00:00,89.6,90.46,89.4,89.94,6020715.0,54234322.632
2026-02-15 10:00:00,89.94,90.05,89.05,89.47,6165690.0,55133942.637
2026-02-15 11:00:00,89.47,89.78,88.95,89.12,5153283.0,46019532.528
2026-02-15 12:00:00,89.12,89.58,87.25,87.28,9969201.0,88402419.974
2026-02-15 13:00:00,87.28,88.34,86.78,86.93,10500352.0,91979749.027
2026-02-15 14:00:00,86.93,87.56,86.62,87.31,7702479.0,67149544.453
2026-02-15 15:00:00,87.31,87.63,86.89,87.36,7556522.0,65927234.351
2026-02-15 16:00:00,87.36,87.62,86.66,87.51,6588991.0,57492138.568
2026-02-15 17:00:00,87.51,87.82,85.73,86.36,10018555.0,86918843.721
2026-02-15 18:00:00,86.36,86.81,85.94,86.16,7278047.0,62831982.235
2026-02-15 19:00:00,86.16,86.29,85.12,85.28,9510637.0,81455086.67
2026-02-15 20:00:00,85.28,85.91,84.84,85.81,7451103.0,63655704.196
2026-02-15 21:00:00,85.81,86.39,85.81,86.12,5609389.0,48292854.73
2026-02-15 22:00:00,86.12,86.64,86.0,86.31,4610466.0,39833054.145
2026-02-15 23:00:00,86.31,86.32,85.04,86.09,7619243.0,65255902.334
2026-02-16 00:00:00,86.09,86.45,85.58,86.13,4713202.0,40555945.689
2026-02-16 01:00:00,86.13,86.59,85.33,85.71,5283674.0,45423749.089
2026-02-16 02:00:00,85.71,86.17,85.19,85.35,4526301.0,38825180.637
2026-02-16 03:00:00,85.35,85.52,84.76,85.09,5536994.0,47103976.315
2026-02-16 04:00:00,85.09,85.79,85.05,85.76,5212607.0,44536786.303
2026-02-16 05:00:00,85.76,85.86,84.39,84.65,5762621.0,48933544.103
2026-02-16 06:00:00,84.65,85.17,84.49,85.0,3589014.0,30446814.374
2026-02-16 07:00:00,85.0,85.46,84.75,85.01,4566562.0,38871987.087
2026-02-16 08:00:00,85.01,85.45,84.97,85.32,4334322.0,36954119.991
2026-02-16 09:00:00,85.32,86.2,85.32,85.94,7312226.0,62731442.374
2026-02-16 10:00:00,85.94,85.98,85.56,85.69,4571271.0,39204257.742
2026-02-16 11:00:00,85.69,85.92,84.45,85.48,9220360.0,78495481.865
2026-02-16 12:00:00,85.48,86.35,85.21,86.14,8966815.0,77044987.85
2026-02-16 13:00:00,86.14,86.88,83.8,84.12,17420177.0,148170148.683
2026-02-16 14:00:00,84.12,84.61,83.39,83.99,15354788.0,129054000.752
2026-02-16 15:00:00,83.99,84.5,82.51,83.15,15704382.0,131073152.82
2026-02-16 16:00:00,83.15,84.05,83.05,83.91,11237457.0,94004737.343
2026-02-16 17:00:00,83.91,84.75,83.82,84.45,10389620.0,87588024.789
2026-02-16 18:00:00,84.45,85.11,84.42,84.48,7061390.0,59816038.704
2026-02-16 19:00:00,84.48,85.07,84.16,84.56,6418498.0,54320759.105
2026-02-16 20:00:00,84.56,85.44,84.44,85.31,7071320.0,60062360.723
2026-02-16 21:00:00,85.31,86.07,85.06,85.96,10197732.0,87250895.906
2026-02-16 22:00:00,85.96,86.19,85.56,85.68,11606675.0,99656505.851
2026-02-16 23:00:00,85.68,86.62,85.58,86.39,8381914.0,72242309.791
2026-02-17 00:00:00,86.39,87.1,86.23,86.55,11143342.0,96533349.131
2026-02-17 01:00:00,86.55,87.03,86.07,86.13,8470533.0,73353439.798
2026-02-17 02:00:00,86.13,87.65,85.72,87.25,9836943.0,85550773.491
2026-02-17 03:00:00,87.25,87.32,86.28,86.31,7026831.0,60970511.938
2026-02-17 04:00:00,86.31,86.61,85.88,86.32,3686437.0,31795549.454
2026-02-17 05:00:00,86.32,86.44,85.39,86.16,3491619.0,30017874.963
2026-02-17 06:00:00,86.16,86.74,86.16,86.45,3125104.0,27035494.342
2026-02-17 07:00:00,86.45,86.5,85.87,86.43,3857421.0,33253599.764
2026-02-17 08:00:00,86.43,86.71,85.84,85.9,5301148.0,45740817.746
2026-02-17 09:00:00,85.9,86.13,85.61,85.87,4387608.0,37669593.416
2026-02-17 10:00:00,85.87,86.0,84.82,84.98,6717797.0,57266726.563
2026-02-17 11:00:00,84.98,85.25,84.68,85.05,4707607.0,39997225.952
2026-02-17 12:00:00,85.05,85.52,84.49,84.58,7038775.0,59891874.947
2026-02-17 13:00:00,84.58,85.47,84.33,84.94,6820456.0,57883189.669
2026-02-17 14:00:00,84.94,85.38,82.93,83.21,12610092.0,106068733.743
2026-02-17 15:00:00,83.21,83.85,82.87,83.76,13088419.0,109172050.64
2026-02-17 16:00:00,83.76,85.43,83.66,84.13,12781210.0,108072385.333
2026-02-17 17:00:00,84.13,84.28,83.06,83.64,9329098.0,78016000.134
2026-02-17 18:00:00,83.64,85.38,83.5,85.06,10800540.0,91361646.418
2026-02-17 19:00:00,85.06,85.72,84.57,84.81,7801189.0,66367860.208
2026-02-17 20:00:00,84.81,85.21,84.47,84.92,5527273.0,46916200.123
2026-02-17 21:00:00,84.92,85.39,84.79,85.16,4554043.0,38729401.676
2026-02-17 22:00:00,85.16,85.39,84.87,85.0,3895265.0,33180339.56
2026-02-17 23:00:00,85.0,85.31,84.8,85.02,4269003.0,36307889.361
2026-02-18 00:00:00,85.02,85.44,84.76,84.83,4210842.0,35854395.275
2026-02-18 01:00:00,84.83,84.93,83.87,84.21,5859291.0,49376430.847
2026-02-18 02:00:00,84.21,84.97,84.18,84.61,3258539.0,27591238.026
2026-02-18 03:00:00,84.61,85.41,84.5,85.26,3270303.0,27818772.939
2026-02-18 04:00:00,85.26,85.5,84.92,85.09,3073743.0,26183165.994
2026-02-18 05:00:00,85.09,85.21,84.71,84.84,3288189.0,27933766.409
2026-02-18 06:00:00,84.84,85.26,84.75,84.87,3512983.0,29874038.769
2026-02-18 07:00:00,84.87,85.38,84.63,85.23,3040569.0,25850514.499
2026-02-18 08:00:00,85.23,86.04,85.17,85.38,4974322.0,42558259.313
2026-02-18 09:00:00,85.38,85.7,85.25,85.27,3714029.0,31745444.739
2026-02-18 10:00:00,85.27,85.34,84.12,84.22,7248986.0,61427587.396
2026-02-18 11:00:00,84.22,84.22,82.75,82.78,10557952.0,88067368.715
2026-02-18 12:00:00,82.78,83.28,82.23,82.93,11129113.0,92193799.995
2026-02-18 13:00:00,82.93,83.21,82.23,82.54,7675103.0,63537812.039
2026-02-18 14:00:00,82.54,82.82,81.69,82.5,13681760.0,112681620.153
2026-02-18 15:00:00,82.5,83.99,82.45,82.96,15851443.0,131795073.778
2026-02-18 16:00:00,82.96,83.06,82.0,82.24,12155105.0,100027405.414
2026-02-18 17:00:00,82.24,82.95,82.01,82.12,7857459.0,64746078.56
2026-02-18 18:00:00,82.12,82.31,80.78,81.23,14686018.0,119763550.265
2026-02-18 19:00:00,81.23,81.55,80.43,80.87,11532584.0,93327230.43
2026-02-18 20:00:00,80.87,81.55,80.79,81.26,8927520.0,72486413.941
2026-02-18 21:00:00,81.26,81.59,80.95,81.22,8005909.0,65080713.398
2026-02-18 22:00:00,81.22,81.51,80.98,81.39,4750730.0,38595707.248
2026-02-18 23:00:00,81.39,81.61,81.18,81.55,4322261.0,35171884.328
2026-02-19 00:00:00,81.55,81.68,81.18,81.43,3628233.0,29552586.414
2026-02-19 01:00:00,81.43,81.98,81.41,81.82,5082298.0,41519132.964
2026-02-19 02:00:00,81.82,82.0,81.26,81.59,3670398.0,29964866.647
2026-02-19 03:00:00,81.59,81.9,81.36,81.73,3499338.0,28571658.084
2026-02-19 04:00:00,81.73,81.98,81.44,81.46,3651399.0,29847046.283
2026-02-19 05:00:00,81.46,81.92,81.33,81.83,3632947.0,29667620.054
2026-02-19 06:00:00,81.83,82.46,81.78,82.32,4255893.0,34998842.951
2026-02-19 07:00:00,82.32,82.63,82.0,82.36,3576925.0,29451686.103
2026-02-19 08:00:00,82.36,82.36,81.51,81.68,4061655.0,33249287.934
2026-02-19 09:00:00,81.68,81.98,81.07,81.15,5673231.0,46253244.94
2026-02-19 10:00:00,81.15,81.79,80.86,81.48,7162798.0,58332663.699
2026-02-19 11:00:00,81.48,81.85,81.07,81.19,5072722.0,41340138.489
2026-02-19 12:00:00,81.19,81.28,80.64,80.76,6598340.0,53440625.61
2026-02-19 13:00:00,80.76,80.88,79.56,79.98,12147653.0,97391420.688
2026-02-19 14:00:00,79.98,81.28,79.89,80.75,13956152.0,112298822.966
2026-02-19 15:00:00,80.75,81.25,79.93,80.58,13203897.0,106261977.467
2026-02-19 16:00:00,80.58,80.91,79.88,80.74,10027937.0,80646594.089
2026-02-19 17:00:00,80.74,81.91,80.14,80.42,16117566.0,130401869.777
2026-02-19 18:00:00,80.42,82.02,80.33,81.93,12470015.0,101427605.307
2026-02-19 19:00:00,81.93,82.19,81.02,81.91,14343845.0,117102820.18
2026-02-19 20:00:00,81.91,82.32,81.63,82.06,8967789.0,73520479.158
2026-02-19 21:00:00,82.06,82.14,81.77,82.01,4344156.0,35614982.636
2026-02-19 22:00:00,82.01,82.5,81.86,82.28,6554814.0,53842504.81
2026-02-19 23:00:00,82.28,82.52,82.07,82.46,4571405.0,37629978.169
2026-02-20 00:00:00,82.46,83.64,82.23,82.84,11010117.0,91446943.483
2026-02-20 01:00:00,82.84,83.1,82.64,82.95,3944723.0,32692146.227
2026-02-20 02:00:00,82.95,83.3,82.75,82.86,4115577.0,34170533.935
2026-02-20 03:00:00,82.86,83.31,82.79,82.97,3456315.0,28709451.737
2026-02-20 04:00:00,82.97,83.05,82.33,82.62,3628772.0,30014003.284
2026-02-20 05:00:00,82.62,83.7,82.45,83.22,4738147.0,39428742.107
2026-02-20 06:00:00,83.22,83.68,83.1,83.67,4822438.0,40199059.861
2026-02-20 07:00:00,83.67,83.88,83.34,83.39,4359343.0,36454345.121
2026-02-20 08:00:00,83.39,83.75,83.24,83.6,4493554.0,37517728.24
2026-02-20 09:00:00,83.6,84.46,83.57,84.15,7892037.0,66446032.952
2026-02-20 10:00:00,84.15,84.83,83.99,84.06,10851398.0,91618226.364
2026-02-20 11:00:00,84.06,84.2,83.3,83.5,10097028.0,84573287.073
2026-02-20 12:00:00,83.5,83.99,83.31,83.67,6343803.0,53059118.022
2026-02-20 13:00:00,83.67,83.67,81.71,82.16,16075836.0,132527426.87
2026-02-20 14:00:00,82.16,83.34,82.07,83.01,16320470.0,135083422.204
2026-02-20 15:00:00,83.01,84.76,82.62,84.33,21535721.0,180372548.768
2026-02-20 16:00:00,84.33,84.92,83.68,84.44,14081615.0,118725047.738
2026-02-20 17:00:00,84.44,84.56,82.73,84.45,14959751.0,125152614.7
2026-02-20 18:00:00,84.45,85.45,83.92,85.19,15968349.0,135213836.756
2026-02-20 19:00:00,85.19,85.35,84.33,84.71,7677557.0,65063753.773
2026-02-20 20:00:00,84.71,85.19,84.36,84.58,7940082.0,67283569.746
2026-02-20 21:00:00,84.58,84.72,84.26,84.52,5691944.0,48053295.141
2026-02-20 22:00:00,84.52,84.74,84.06,84.56,4850867.0,40935693.768
2026-02-20 23:00:00,84.56,84.68,84.25,84.63,3647019.0,30798599.365
2026-02-21 00:00:00,84.63,84.71,84.29,84.39,2585925.0,21850720.04
2026-02-21 01:00:00,84.39,84.8,84.39,84.63,2762383.0,23368341.912
2026-02-21 02:00:00,84.63,84.98,84.48,84.76,3330313.0,28229551.005
2026-02-21 03:00:00,84.76,84.79,84.16,84.29,4494805.0,37914669.108
2026-02-21 04:00:00,84.29,84.46,84.08,84.35,2653240.0,22360694.127
2026-02-21 05:00:00,84.35,84.54,84.33,84.43,1899759.0,16038104.562
2026-02-21 06:00:00,84.43,84.74,83.97,84.08,3397220.0,28633227.871
2026-02-21 07:00:00,84.08,84.29,83.91,84.17,2424286.0,20389695.834
2026-02-21 08:00:00,84.17,84.71,84.14,84.66,3419928.0,28875075.601
2026-02-21 09:00:00,84.66,85.16,84.6,84.86,5738228.0,48730478.454
2026-02-21 10:00:00,84.86,85.24,84.84,85.11,3553459.0,30210988.525
2026-02-21 11:00:00,85.11,85.66,85.09,85.34,6570550.0,56098806.199
2026-02-21 12:00:00,85.34,85.5,84.96,85.26,5546524.0,47253106.17
2026-02-21 13:00:00,85.26,85.92,85.12,85.81,4807256.0,41066270.616
2026-02-21 14:00:00,85.81,86.61,85.58,86.26,12213952.0,105348382.428
2026-02-21 15:00:00,86.26,86.7,86.12,86.52,8846782.0,76485044.843
2026-02-21 16:00:00,86.52,86.62,85.81,86.09,10875104.0,93622784.553
2026-02-21 17:00:00,86.09,86.42,85.77,86.19,7901732.0,67992311.092
2026-02-21 18:00:00,86.19,86.67,86.13,86.52,5362266.0,46313720.821
2026-02-21 19:00:00,86.52,86.65,86.13,86.16,6361049.0,54973770.845
2026-02-21 20:00:00,86.16,86.18,85.22,85.41,9858390.0,84531188.345
2026-02-21 21:00:00,85.41,85.82,85.36,85.8,4473344.0,38293694.325
2026-02-21 22:00:00,85.8,85.85,85.32,85.41,4746826.0,40600135.353
2026-02-21 23:00:00,85.41,85.52,85.08,85.14,4831402.0,41191631.893
2026-02-22 00:00:00,85.14,85.18,84.69,85.02,7326093.0,62210933.95
2026-02-22 01:00:00,85.02,85.37,85.0,85.28,5278676.0,44961014.442
2026-02-22 02:00:00,85.28,85.56,84.8,84.91,4202259.0,35771071.667
2026-02-22 03:00:00,84.91,85.11,84.68,85.02,5052524.0,42904676.579
2026-02-22 04:00:00,85.02,85.3,84.91,85.1,2630131.0,22382333.61
2026-02-22 05:00:00,85.1,85.16,84.73,84.93,2067692.0,17555638.278
2026-02-22 06:00:00,84.93,85.28,84.86,85.24,3225727.0,27449103.852
2026-02-22 07:00:00,85.24,85.49,85.08,85.2,4111299.0,35066576.461
2026-02-22 08:00:00,85.2,85.21,84.81,84.94,4397069.0,37373651.494
2026-02-22 09:00:00,84.94,85.13,84.88,84.97,2848472.0,24217709.429
2026-02-22 10:00:00,84.97,85.26,84.93,85.17,4924733.0,41925220.729
2026-02-22 11:00:00,85.17,85.41,85.1,85.2,4166234.0,35532034.57
2026-02-22 12:00:00,85.2,85.27,84.26,84.41,11253051.0,95264049.325
2026-02-22 13:00:00,84.41,84.58,83.66,83.95,11564011.0,97184249.705
2026-02-22 14:00:00,83.95,84.02,83.34,83.6,10431249.0,87312628.212
2026-02-22 15:00:00,83.6,83.69,82.95,83.44,8125189.0,67738294.592
2026-02-22 16:00:00,83.44,83.57,83.13,83.53,5702589.0,47526751.493
2026-02-22 17:00:00,83.53,83.56,82.76,83.01,8546132.0,71009053.338
2026-02-22 18:00:00,83.01,83.24,82.91,83.16,5860612.0,48684629.652
2026-02-22 19:00:00,83.16,83.36,82.98,83.25,5870497.0,48835415.842
2026-02-22 20:00:00,83.25,83.33,82.9,82.98,6257806.0,52023064.117
2026-02-22 21:00:00,82.98,83.57,82.98,83.45,7045664.0,58662629.336
2026-02-22 22:00:00,83.45,83.66,83.03,83.51,7572738.0,63127926.527
2026-02-22 23:00:00,83.51,83.61,82.43,82.74,11959655.0,99054712.456
2026-02-23 00:00:00,82.74,82.81,81.24,81.34,16156737.0,132571198.761
2026-02-23 01:00:00,81.34,81.34,77.43,77.9,25741425.0,203138738.531
2026-02-23 02:00:00,77.9,78.37,77.46,77.79,11443417.0,89139861.134
2026-02-23 03:00:00,77.79,78.21,77.2,77.56,8927562.0,69357152.698
2026-02-23 04:00:00,77.56,77.66,77.07,77.3,5717185.0,44230640.894
2026-02-23 05:00:00,77.3,77.98,77.25,77.75,7075382.0,54954504.104
2026-02-23 06:00:00,77.75,79.1,77.56,79.0,9067524.0,71216217.688
2026-02-23 07:00:00,79.0,79.63,78.83,79.33,7642339.0,60524276.283
2026-02-23 08:00:00,79.33,79.33,78.44,78.68,7599643.0,59891734.537
2026-02-23 09:00:00,78.68,80.47,78.68,80.4,14958727.0,119149953.175
2026-02-23 10:00:00,80.4,80.63,80.03,80.2,10573035.0,84882439.94
2026-02-23 11:00:00,80.2,80.49,79.9,79.99,5668181.0,45452348.981
2026-02-23 12:00:00,79.99,80.93,79.81,80.65,9583323.0,77055487.111
2026-02-23 13:00:00,80.65,81.07,80.37,80.48,7956695.0,64192627.106
2026-02-23 14:00:00,80.48,80.74,79.37,80.08,16064911.0,128813945.908
2026-02-23 15:00:00,80.08,80.29,79.18,79.36,11358545.0,90558281.051
2026-02-23 16:00:00,79.36,79.76,78.61,78.92,17044264.0,134891816.984
2026-02-23 17:00:00,78.92,79.1,77.22,78.29,18840255.0,147218518.63
2026-02-23 18:00:00,78.29,79.25,78.0,78.58,14449634.0,113568936.534
2026-02-23 19:00:00,78.58,78.86,77.92,78.24,13661833.0,107082072.97
2026-02-23 20:00:00,78.24,78.49,77.8,78.25,10523023.0,82268217.228
2026-02-23 21:00:00,78.25,78.66,78.13,78.33,6717588.0,52648690.839
2026-02-23 22:00:00,78.33,78.87,78.2,78.22,6261548.0,49240747.209
2026-02-23 23:00:00,78.22,78.5,77.57,77.86,6604591.0,51519445.419
2026-02-24 00:00:00,77.86,78.47,77.85,78.4,4849061.0,37926988.74
2026-02-24 01:00:00,78.4,78.42,75.7,77.62,14671575.0,113496792.995
2026-02-24 02:00:00,77.62,78.37,77.45,77.6,6179938.0,48088364.637
2026-02-24 03:00:00,77.6,77.6,76.43,76.84,8984257.0,69132087.189
2026-02-24 04:00:00,76.84,77.03,76.04,76.8,7051399.0,53991549.545
2026-02-24 05:00:00,76.8,77.29,76.15,76.59,7118083.0,54554054.9
2026-02-24 06:00:00,76.59,76.89,76.32,76.55,6970150.0,53411834.651
2026-02-24 07:00:00,76.55,77.17,76.45,76.81,5687767.0,43698860.898
2026-02-24 08:00:00,76.81,77.15,76.43,76.99,5967041.0,45836654.813
2026-02-24 09:00:00,76.99,77.11,75.91,76.63,9884626.0,75606709.248
2026-02-24 10:00:00,76.63,76.79,76.32,76.71,5203773.0,39844594.0
2026-02-24 11:00:00,76.71,76.86,76.44,76.72,4935252.0,37827578.537
2026-02-24 12:00:00,76.72,77.02,76.44,76.55,8647728.0,66340036.579
2026-02-24 13:00:00,76.55,76.76,76.01,76.51,9585857.0,73336264.251
2026-02-24 14:00:00,76.51,77.38,75.59,76.83,20814916.0,159166263.602
2026-02-24 15:00:00,76.83,77.45,76.55,77.27,13418834.0,103422999.611
2026-02-24 16:00:00,77.27,78.2,77.17,78.09,15719238.0,122232423.341
2026-02-24 17:00:00,78.09,78.45,77.74,77.92,11687489.0,91291134.103
2026-02-24 18:00:00,77.92,78.28,77.51,78.13,9844906.0,76758806.721
2026-02-24 19:00:00,78.13,78.47,77.83,78.33,8858201.0,69265987.276
2026-02-24 20:00:00,78.33,78.84,78.28,78.61,10056998.0,79052153.294
2026-02-24 21:00:00,78.61,78.68,78.06,78.48,8946968.0,70076413.033
2026-02-24 22:00:00,78.48,79.33,78.39,79.0,8561091.0,67580781.617
2026-02-24 23:00:00,79.0,79.56,78.59,78.9,8240181.0,65195983.452
2026-02-25 00:00:00,78.9,79.36,78.66,79.13,5195882.0,41031300.52
2026-02-25 01:00:00,79.13,82.5,79.04,81.95,16885487.0,137446553.9
2026-02-25 02:00:00,81.95,82.87,81.95,82.42,8156542.0,67204199.616
2026-02-25 03:00:00,82.42,82.52,81.58,81.72,5303559.0,43452093.479
2026-02-25 04:00:00,81.72,82.44,81.26,81.93,6414056.0,52544192.313
2026-02-25 05:00:00,81.93,82.13,80.95,81.26,7902435.0,64323167.08
2026-02-25 06:00:00,81.26,81.86,81.12,81.54,7482786.0,60968690.743
2026-02-25 07:00:00,81.54,82.38,81.45,82.14,8026551.0,65762678.778
2026-02-25 08:00:00,82.14,82.53,81.88,82.45,7094551.0,58342231.258
2026-02-25 09:00:00,82.45,82.66,82.18,82.49,6167546.0,50841444.599
2026-02-25 10:00:00,82.49,82.91,82.41,82.5,9683046.0,80006019.933
2026-02-25 11:00:00,82.5,83.36,82.28,83.33,9287559.0,76963323.847
2026-02-25 12:00:00,83.33,84.05,82.85,83.64,12641194.0,105429068.207
2026-02-25 13:00:00,83.64,84.4,83.33,83.79,10984787.0,92099467.384
2026-02-25 14:00:00,83.79,85.75,83.75,85.6,22140575.0,187404773.628
2026-02-25 15:00:00,85.6,86.43,84.98,85.93,21133636.0,181099310.876
2026-02-25 16:00:00,85.93,87.66,85.92,87.49,24993058.0,217376134.87
2026-02-25 17:00:00,87.49,88.9,87.36,88.52,22325803.0,196875540.136
2026-02-25 18:00:00,88.52,89.14,87.95,88.9,19572235.0,173416258.96
2026-02-25 19:00:00,88.9,89.61,88.31,89.38,16469676.0,146617688.769
2026-02-25 20:00:00,89.38,90.08,88.92,89.34,14077322.0,125959498.821
2026-02-25 21:00:00,89.34,92.04,89.34,89.81,19588106.0,176936152.588
2026-02-25 22:00:00,89.81,90.49,88.33,89.08,16392374.0,146663914.888
2026-02-25 23:00:00,89.08,89.31,87.05,88.01,17057766.0,150243977.668
2026-02-26 00:00:00,88.01,89.23,87.79,88.58,13183908.0,116832304.883
2026-02-26 01:00:00,88.58,89.11,88.16,88.38,8710845.0,77219487.884
2026-02-26 02:00:00,88.38,88.44,87.46,88.15,9865013.0,86699292.753
2026-02-26 03:00:00,88.15,88.33,87.73,87.9,3160228.0,27806465.872
2026-02-26 04:00:00,87.9,88.99,87.8,88.69,4526551.0,40054020.738
2026-02-26 05:00:00,88.69,88.69,87.18,87.72,6324096.0,55423704.261
2026-02-26 06:00:00,87.72,87.96,87.32,87.59,4588595.0,40199639.008
2026-02-26 07:00:00,87.59,87.84,87.18,87.22,5289576.0,46285752.826
2026-02-26 08:00:00,87.22,87.82,87.2,87.24,6649349.0,58164882.388
2026-02-26 09:00:00,87.24,88.65,87.16,88.28,7778634.0,68504146.417
2026-02-26 10:00:00,88.28,88.54,87.21,87.4,8359915.0,73419231.068
2026-02-26 11:00:00,87.4,87.57,86.54,86.75,7346032.0,63855094.557
2026-02-26 12:00:00,86.75,87.74,86.66,87.63,7569630.0,66070730.864
2026-02-26 13:00:00,87.63,88.04,87.41,87.57,7542275.0,66118023.724
2026-02-26 14:00:00,87.57,88.19,86.24,86.99,16697772.0,145750879.018
2026-02-26 15:00:00,86.99,87.06,85.21,86.51,18997316.0,163580053.583
2026-02-26 16:00:00,86.51,86.71,84.3,84.51,16484047.0,140943448.602
2026-02-26 17:00:00,84.51,85.29,84.47,84.85,9797294.0,83260217.782
2026-02-26 18:00:00,84.85,85.66,84.41,85.33,9403470.0,79927968.635
2026-02-26 19:00:00,85.33,86.63,85.28,86.41,10790715.0,92855338.782
2026-02-26 20:00:00,86.41,86.82,85.82,85.98,8945913.0,77233529.882
2026-02-26 21:00:00,85.98,86.25,85.67,85.9,6365504.0,54746620.325
2026-02-26 22:00:00,85.9,86.21,85.74,86.09,3937927.0,33868209.702
2026-02-26 23:00:00,86.09,86.11,85.71,85.86,5114545.0,43926327.297
2026-02-27 00:00:00,85.86,85.99,85.14,85.8,8256524.0,70678550.687
2026-02-27 01:00:00,85.8,86.12,85.24,86.09,6430088.0,55098285.451
2026-02-27 02:00:00,86.09,86.75,85.88,86.52,6344896.0,54795424.396
2026-02-27 03:00:00,86.52,87.76,86.29,87.57,6523959.0,56683700.097
2026-02-27 04:00:00,87.57,88.26,87.38,87.48,5945641.0,52182658.657
2026-02-27 05:00:00,87.48,87.8,87.32,87.48,3908715.0,34235133.08
2026-02-27 06:00:00,87.48,87.57,86.8,87.28,5141041.0,44822841.539
2026-02-27 07:00:00,87.28,87.4,86.75,87.27,4698321.0,40919653.572
2026-02-27 08:00:00,87.27,87.88,87.18,87.52,5638246.0,49361003.671
2026-02-27 09:00:00,87.52,87.78,86.17,86.27,7911013.0,68781287.653
2026-02-27 10:00:00,86.27,86.45,84.48,84.65,12092624.0,103267204.055
2026-02-27 11:00:00,84.65,84.9,83.27,83.55,13950059.0,117237295.212
2026-02-27 12:00:00,83.55,83.71,82.58,83.06,13534825.0,112591686.401
2026-02-27 13:00:00,83.06,83.5,81.9,83.01,15894682.0,131622131.964
2026-02-27 14:00:00,83.01,83.31,82.03,82.32,14846528.0,122750244.372
2026-02-27 15:00:00,82.32,83.02,82.24,82.64,11515970.0,95210898.964
2026-02-27 16:00:00,82.64,82.64,81.24,81.3,12999820.0,106390865.086
2026-02-27 17:00:00,81.3,81.86,81.05,81.79,15730665.0,128097400.461
2026-02-27 18:00:00,81.79,81.99,81.35,81.46,11845497.0,96704918.701
2026-02-27 19:00:00,81.46,81.69,81.08,81.53,7521748.0,61235005.816
2026-02-27 20:00:00,81.53,81.85,81.17,81.42,7503669.0,61226367.596
2026-02-27 21:00:00,81.42,81.79,80.77,81.17,9506422.0,77318935.875
2026-02-27 22:00:00,81.17,81.55,80.26,81.39,14279762.0,115819217.25
2026-02-27 23:00:00,81.39,82.05,81.3,81.81,9411468.0,76872654.144
2026-02-28 00:00:00,81.81,82.12,81.53,82.04,9055043.0,74107948.551
2026-02-28 01:00:00,82.04,82.21,81.66,81.72,5727131.0,46950617.647
2026-02-28 02:00:00,81.72,82.15,81.65,82.07,2891570.0,23707227.455
2026-02-28 03:00:00,82.07,82.08,81.47,81.68,2476317.0,20257338.021
2026-02-28 04:00:00,81.68,81.85,81.15,81.59,3311422.0,27011959.838
2026-02-28 05:00:00,81.59,81.76,81.23,81.5,2436666.0,19857080.106
2026-02-28 06:00:00,81.5,81.5,77.05,77.48,20274135.0,159959462.433
2026-02-28 07:00:00,77.48,79.55,77.07,78.65,14726041.0,115415918.454
2026-02-28 08:00:00,78.65,78.66,77.78,77.95,9252887.0,72405157.106
2026-02-28 09:00:00,77.95,78.68,77.67,78.35,10619525.0,83079668.334
2026-02-28 10:00:00,78.35,79.13,77.9,79.05,10540386.0,82899267.074
2026-02-28 11:00:00,79.05,79.53,78.59,78.71,9955584.0,78762202.219
2026-02-28 12:00:00,78.71,79.17,78.56,78.84,8091965.0,63840527.061
2026-02-28 13:00:00,78.84,80.93,78.62,80.76,15766551.0,125657917.284
2026-02-28 14:00:00,80.76,81.46,79.98,80.19,17561524.0,141667366.583
2026-02-28 15:00:00,80.19,81.09,79.55,80.86,10757880.0,86505018.901
2026-02-28 16:00:00,80.86,81.26,80.43,81.01,8082514.0,65341834.96
2026-02-28 17:00:00,81.01,81.48,80.53,81.32,9631177.0,78012547.8
2026-02-28 18:00:00,81.32,82.87,81.03,82.29,15938736.0,130482970.641
2026-02-28 19:00:00,82.29,82.73,81.38,82.16,13075647.0,107345153.554
2026-02-28 20:00:00,82.16,84.98,81.9,84.82,22815336.0,190783108.669
2026-02-28 21:00:00,84.82,85.06,83.53,84.44,17648378.0,148694112.26
2026-02-28 22:00:00,84.44,85.62,84.2,84.25,15842218.0,134268406.568
2026-02-28 23:00:00,84.25,84.69,83.87,84.3,12315370.0,103765753.065
2026-03-01 00:00:00,84.3,84.97,84.27,84.83,10031365.0,84850819.366
2026-03-01 01:00:00,84.83,87.48,84.22,86.71,15613683.0,133460975.016
2026-03-01 02:00:00,86.71,88.88,86.69,87.95,19664424.0,173108666.099
2026-03-01 03:00:00,87.95,88.31,87.58,87.98,5392088.0,47436422.217
2026-03-01 04:00:00,87.98,88.23,86.86,87.51,10819452.0,94698177.653
2026-03-01 05:00:00,87.51,87.99,87.14,87.22,7793502.0,68293110.238
2026-03-01 06:00:00,87.22,87.35,86.11,86.62,7080667.0,61317794.058
2026-03-01 07:00:00,86.62,86.86,86.25,86.58,5173357.0,44781820.964
2026-03-01 08:00:00,86.58,86.78,85.04,85.19,6493903.0,55827887.741
2026-03-01 09:00:00,85.19,85.83,84.75,84.97,8300486.0,70747875.752
2026-03-01 10:00:00,84.97,85.62,84.66,85.19,7491235.0,63768169.827
2026-03-01 11:00:00,85.19,85.49,84.95,85.14,4667863.0,39774878.701
2026-03-01 12:00:00,85.14,85.36,84.72,84.83,6819280.0,57976059.637
2026-03-01 13:00:00,84.83,86.95,84.46,86.02,10386325.0,88722698.571
2026-03-01 14:00:00,86.02,86.86,85.37,85.8,11913238.0,102495052.889
2026-03-01 15:00:00,85.8,86.64,85.56,85.61,10881437.0,93747170.94
2026-03-01 16:00:00,85.61,86.05,83.66,83.98,12092992.0,102964495.955
2026-03-01 17:00:00,83.98,84.26,83.14,83.85,12671834.0,106220162.265
2026-03-01 18:00:00,83.85,84.98,83.8,83.9,9412547.0,79371871.666
2026-03-01 19:00:00,83.9,83.99,82.98,83.2,7596077.0,63410215.461
2026-03-01 20:00:00,83.2,83.23,81.64,81.94,14090421.0,115929290.654
2026-03-01 21:00:00,81.94,82.98,81.88,82.89,9213798.0,76113655.228
2026-03-01 22:00:00,82.89,84.28,82.32,82.66,13436530.0,111711131.328
2026-03-01 23:00:00,82.66,84.03,82.45,83.56,9081861.0,75830885.8
2026-03-02 00:00:00,83.56,85.19,83.41,84.94,10604537.0,89260846.115
2026-03-02 01:00:00,84.94,86.14,84.35,84.58,8984954.0,76548702.936
2026-03-02 02:00:00,84.58,84.75,83.41,84.1,6876695.0,57825063.034
2026-03-02 03:00:00,84.1,85.08,83.78,84.73,4336792.0,36649031.885
2026-03-02 04:00:00,84.73,84.78,84.04,84.24,3059495.0,25824907.892
2026-03-02 05:00:00,84.24,84.65,83.78,84.17,2892617.0,24352917.407
2026-03-02 06:00:00,84.17,84.2,82.82,83.18,5231994.0,43607829.755
2026-03-02 07:00:00,83.18,83.24,82.32,82.9,6185062.0,51210710.48
2026-03-02 08:00:00,82.9,83.59,82.3,83.36,7763544.0,64324966.154
2026-03-02 09:00:00,83.36,84.09,83.27,83.6,7062382.0,59126157.042
2026-03-02 10:00:00,83.6,84.07,83.31,83.84,4746616.0,39726428.81
2026-03-02 11:00:00,83.84,84.27,83.4,83.85,6069244.0,50895737.309
2026-03-02 12:00:00,83.85,84.13,83.52,83.65,4188865.0,35099665.15
2026-03-02 13:00:00,83.65,83.8,82.85,83.03,7903966.0,65842219.144
2026-03-02 14:00:00,83.03,85.9,82.72,85.6,18572073.0,156374044.699
2026-03-02 15:00:00,85.6,88.94,85.41,88.74,30059591.0,263539663.885
2026-03-02 16:00:00,88.74,90.32,88.42,88.82,21808475.0,194763774.946
2026-03-02 17:00:00,88.82,88.96,86.36,87.58,15517629.0,136067877.192
2026-03-02 18:00:00,87.58,87.82,86.66,87.27,10730595.0,93726429.614
2026-03-02 19:00:00,87.27,87.76,86.79,87.61,10431005.0,91074272.939
2026-03-02 20:00:00,87.61,88.03,86.8,87.5,10407317.0,91094040.793
2026-03-02 21:00:00,87.5,87.67,87.09,87.49,4792869.0,41906327.429
2026-03-02 22:00:00,87.49,88.22,87.22,87.99,5958905.0,52333484.383
2026-03-02 23:00:00,87.99,88.05,86.28,86.59,8713513.0,75899293.544
2026-03-03 00:00:00,86.59,87.27,86.04,86.85,9346742.0,81011592.612
2026-03-03 01:00:00,86.85,87.13,86.09,86.1,6807422.0,58971731.393
2026-03-03 02:00:00,86.1,86.32,85.16,86.16,8181160.0,70122339.844
2026-03-03 03:00:00,86.16,86.59,85.85,86.24,4205590.0,36253128.581
2026-03-03 04:00:00,86.24,86.41,85.59,85.8,3338786.0,28724356.115
2026-03-03 05:00:00,85.8,86.77,85.35,85.73,6599299.0,56767437.384
2026-03-03 06:00:00,85.73,85.93,85.33,85.79,5349276.0,45837891.017
2026-03-03 07:00:00,85.79,86.24,85.33,85.53,6831645.0,58600148.736
2026-03-03 08:00:00,85.53,85.73,83.88,84.19,11051849.0,93553576.633
2026-03-03 09:00:00,84.19,84.94,83.94,84.25,9647733.0,81455365.896
2026-03-03 10:00:00,84.25,84.52,83.64,83.86,9402633.0,78957872.894
2026-03-03 11:00:00,83.86,84.3,83.72,84.16,6046929.0,50828891.981
2026-03-03 12:00:00,84.16,85.32,84.08,84.37,12531482.0,106074447.644
2026-03-03 13:00:00,84.37,84.42,83.12,83.57,11459387.0,95924093.808
2026-03-03 14:00:00,83.57,84.41,82.42,83.18,18504935.0,154354581.374
2026-03-03 15:00:00,83.18,85.13,82.99,84.99,17808738.0,149598725.034
2026-03-03 16:00:00,84.99,87.3,84.27,85.34,26028817.0,223294827.046
2026-03-03 17:00:00,85.34,85.45,84.1,85.14,12100224.0,102578339.333
2026-03-03 18:00:00,85.14,85.98,84.47,85.33,12620217.0,107727012.79
2026-03-03 19:00:00,85.33,85.71,84.61,85.02,12967653.0,110422729.213
2026-03-03 20:00:00,85.02,85.42,84.61,84.82,8341844.0,70864188.114
2026-03-03 21:00:00,84.82,85.13,84.13,85.06,7222796.0,61091139.858
2026-03-03 22:00:00,85.06,86.61,85.06,86.24,9116387.0,78373581.306
2026-03-03 23:00:00,86.24,87.41,86.13,86.92,9408377.0,81839810.084
2026-03-04 00:00:00,86.92,87.36,86.24,86.56,7704775.0,66858680.261
2026-03-04 01:00:00,86.56,88.04,86.44,87.21,11700058.0,102079000.45
2026-03-04 02:00:00,87.21,87.44,86.5,87.02,3814512.0,33174428.445
2026-03-04 03:00:00,87.02,87.02,85.12,85.7,5655636.0,48643521.013
2026-03-04 04:00:00,85.7,85.87,84.77,85.36,4517885.0,38514527.597
2026-03-04 05:00:00,85.36,85.94,84.75,85.63,4534700.0,38699497.995
2026-03-04 06:00:00,85.63,86.0,84.92,85.57,5046295.0,43105631.006
2026-03-04 07:00:00,85.57,87.49,85.43,87.37,6532679.0,56585306.175
2026-03-04 08:00:00,87.37,89.96,86.93,89.7,14640980.0,129201422.236
2026-03-04 09:00:00,89.7,91.44,89.19,90.51,18337327.0,165407119.167
2026-03-04 10:00:00,90.51,91.02,89.84,90.13,9899567.0,89451389.012
2026-03-04 11:00:00,90.13,90.62,89.37,89.73,7683541.0,69152007.658
2026-03-04 12:00:00,89.73,89.85,88.66,89.39,9337166.0,83280038.082
2026-03-04 13:00:00,89.39,90.11,89.26,89.94,8105209.0,72718666.843
2026-03-04 14:00:00,89.94,91.69,89.41,90.13,20049329.0,181120109.557
2026-03-04 15:00:00,90.13,93.08,90.11,92.89,22151257.0,203105348.922
2026-03-04 16:00:00,92.89,93.1,90.88,91.48,15673933.0,143867441.362
2026-03-04 17:00:00,91.48,92.19,90.58,91.49,11632354.0,106356405.106
2026-03-04 18:00:00,91.49,92.45,91.07,92.33,10010221.0,91899975.056
2026-03-04 19:00:00,92.33,94.04,92.23,93.14,15081262.0,140167738.229
2026-03-04 20:00:00,93.14,93.73,92.73,92.79,9744423.0,90856773.569
2026-03-04 21:00:00,92.79,92.94,92.11,92.3,11456087.0,105941136.756
2026-03-04 22:00:00,92.3,92.83,91.12,91.28,13690066.0,125761290.748
2026-03-04 23:00:00,91.28,91.39,90.24,90.81,13592892.0,123517207.858
2026-03-05 00:00:00,90.81,91.33,90.67,90.73,7841760.0,71356610.865
2026-03-05 01:00:00,90.73,91.37,89.7,89.92,8803202.0,79613433.675
2026-03-05 02:00:00,89.92,90.63,89.9,90.14,5837750.0,52673442.062
2026-03-05 03:00:00,90.14,90.49,89.55,90.0,4054328.0,36498636.66
2026-03-05 04:00:00,90.0,90.69,89.84,90.36,4272725.0,38558203.285
2026-03-05 05:00:00,90.36,90.6,89.97,90.13,4907166.0,44287792.483
2026-03-05 06:00:00,90.13,90.96,89.63,90.81,4898740.0,44225923.52
2026-03-05 07:00:00,90.81,91.26,89.65,90.12,8032915.0,72710064.504
2026-03-05 08:00:00,90.12,90.67,89.61,90.59,7113586.0,64109496.178
2026-03-05 09:00:00,90.59,91.96,90.56,91.14,10130769.0,92450002.904
2026-03-05 10:00:00,91.14,92.9,90.91,92.58,13403751.0,123466684.626
2026-03-05 11:00:00,92.58,92.73,91.58,91.76,8518186.0,78438946.385
2026-03-05 12:00:00,91.76,92.15,91.24,91.93,9552644.0,87564897.751
2026-03-05 13:00:00,91.93,92.0,90.36,90.76,10855032.0,98864670.103
2026-03-05 14:00:00,90.76,91.44,89.78,90.95,14971640.0,135653549.202
2026-03-05 15:00:00,90.95,91.09,88.76,89.56,17147939.0,153583297.614
2026-03-05 16:00:00,89.56,89.58,87.85,88.9,13046934.0,115509193.191
2026-03-05 17:00:00,88.9,89.36,87.86,88.08,12984366.0,114826250.631
2026-03-05 18:00:00,88.08,88.86,87.96,88.77,9319391.0,82394666.354
2026-03-05 19:00:00,88.77,89.35,88.63,88.68,8622716.0,76702154.111
2026-03-05 20:00:00,88.68,89.54,88.51,89.17,7946698.0,70828515.45
2026-03-05 21:00:00,89.17,89.81,88.81,89.07,7652743.0,68345645.238
2026-03-05 22:00:00,89.07,89.37,88.81,89.05,4939281.0,44010841.211
2026-03-05 23:00:00,89.05,89.16,88.55,88.72,4061275.0,36080863.945
2026-03-06 00:00:00,88.72,88.99,88.54,88.83,3732606.0,33140253.261
2026-03-06 01:00:00,88.83,89.23,87.96,89.07,8034219.0,71333772.729
2026-03-06 02:00:00,89.07,89.25,88.15,88.32,5661440.0,50142778.657
2026-03-06 03:00:00,88.32,88.66,88.08,88.35,5206761.0,45999434.199
2026-03-06 04:00:00,88.35,88.55,87.58,88.11,3897960.0,34347828.077
2026-03-06 05:00:00,88.11,88.21,87.45,87.84,4123982.0,36208083.672
2026-03-06 06:00:00,87.84,88.39,87.62,88.04,3890900.0,34228181.666
2026-03-06 07:00:00,88.04,88.86,87.74,88.64,5797519.0,51246188.707
2026-03-06 08:00:00,88.64,88.64,88.14,88.29,5213067.0,46064987.407
2026-03-06 09:00:00,88.29,88.44,87.08,87.44,8691380.0,76069654.217
2026-03-06 10:00:00,87.44,87.9,87.34,87.64,6509092.0,57062050.127
2026-03-06 11:00:00,87.64,87.95,87.04,87.21,6319175.0,55332690.208
2026-03-06 12:00:00,87.21,87.23,85.84,86.43,13776503.0,119218617.454
2026-03-06 13:00:00,86.43,87.06,85.51,85.54,12109614.0,104621379.996
2026-03-06 14:00:00,85.54,85.69,83.89,84.27,22622810.0,191741347.384
2026-03-06 15:00:00,84.27,85.28,84.13,84.57,16398691.0,138886170.12
2026-03-06 16:00:00,84.57,84.96,84.01,84.28,11660294.0,98544303.019
2026-03-06 17:00:00,84.28,84.63,83.57,84.14,12405718.0,104314707.308
2026-03-06 18:00:00,84.14,85.54,84.11,85.2,10563912.0,89744005.834
2026-03-06 19:00:00,85.2,85.83,85.09,85.14,8536593.0,72909110.653
2026-03-06 20:00:00,85.14,85.42,84.51,84.98,11498188.0,97641107.361
2026-03-06 21:00:00,84.98,85.06,84.38,84.69,6788514.0,57445046.676
2026-03-06 22:00:00,84.69,85.03,84.5,84.91,4581601.0,38823916.674
2026-03-06 23:00:00,84.91,85.0,84.58,84.65,3080378.0,26118535.68
2026-03-07 00:00:00,84.65,85.04,84.46,84.69,5822989.0,49318189.177
2026-03-07 01:00:00,84.69,84.84,84.52,84.67,3520948.0,29811896.507
2026-03-07 02:00:00,84.67,84.69,84.26,84.61,3124303.0,26387763.772
2026-03-07 03:00:00,84.61,85.03,84.3,84.49,3100290.0,26233877.368
2026-03-07 04:00:00,84.49,84.5,83.94,84.21,3022736.0,25455907.384
2026-03-07 05:00:00,84.21,84.47,84.04,84.28,3180806.0,26802937.175
2026-03-07 06:00:00,84.28,84.3,83.81,83.99,3328555.0,27988428.473
2026-03-07 07:00:00,83.99,84.48,83.86,84.28,3244265.0,27291676.911
2026-03-07 08:00:00,84.28,84.61,84.07,84.31,3778502.0,31864747.41
2026-03-07 09:00:00,84.31,84.65,84.15,84.52,3512552.0,29668294.144
2026-03-07 10:00:00,84.52,84.7,84.33,84.43,3502592.0,29615524.989
2026-03-07 11:00:00,84.43,84.86,84.18,84.61,5667107.0,47950227.67
2026-03-07 12:00:00,84.61,84.74,84.22,84.24,3614283.0,30528758.895
2026-03-07 13:00:00,84.24,84.48,84.06,84.25,4074874.0,34344073.947
2026-03-07 14:00:00,84.25,84.36,83.6,84.17,9201545.0,77269898.516
2026-03-07 15:00:00,84.17,84.18,83.32,83.69,9554783.0,80058882.549
2026-03-07 16:00:00,83.69,83.75,83.32,83.53,8559006.0,71518461.764
2026-03-07 17:00:00,83.53,84.04,83.49,83.57,5314657.0,44539455.607
2026-03-07 18:00:00,83.57,83.58,82.9,83.32,8918094.0,74272290.735
2026-03-07 19:00:00,83.32,83.33,82.23,82.48,11545136.0,95586373.89
2026-03-07 20:00:00,82.48,83.07,82.46,82.98,5775438.0,47834868.101
2026-03-07 21:00:00,82.98,83.26,82.83,83.23,5165757.0,42884345.098
2026-03-07 22:00:00,83.23,83.28,82.61,82.92,5259347.0,43631443.199
2026-03-07 23:00:00,82.92,83.22,82.85,83.17,2977769.0,24743283.028
2026-03-08 00:00:00,83.17,83.46,82.85,83.02,6814420.0,56644997.335
2026-03-08 01:00:00,83.02,83.16,82.64,82.93,5057517.0,41942251.963
2026-03-08 02:00:00,82.93,83.04,82.04,82.32,7332143.0,60573594.499
2026-03-08 03:00:00,82.32,82.69,82.19,82.28,4509630.0,37175668.282
2026-03-08 04:00:00,82.28,82.49,81.67,81.89,5964855.0,48986353.089
2026-03-08 05:00:00,81.89,82.73,81.88,82.44,5400085.0,44498266.827
2026-03-08 06:00:00,82.44,82.57,82.21,82.4,4102263.0,33790948.18
2026-03-08 07:00:00,82.4,83.05,82.34,82.89,5353401.0,44312992.661
2026-03-08 08:00:00,82.89,83.06,82.44,83.04,4507540.0,37314122.157
2026-03-08 09:00:00,83.04,83.32,82.72,83.1,4067815.0,33795834.415
2026-03-08 10:00:00,83.1,84.07,83.09,83.6,7648313.0,63983858.103
2026-03-08 11:00:00,83.6,83.6,82.58,82.75,8164895.0,67714875.444
2026-03-08 12:00:00,82.75,82.95,81.54,82.26,11230840.0,92408951.896
2026-03-08 13:00:00,82.26,82.42,81.12,82.02,11683404.0,95525735.069
2026-03-08 14:00:00,82.02,82.33,81.89,82.26,7931264.0,65127737.261
2026-03-08 15:00:00,82.26,82.37,81.77,82.0,6572245.0,53904698.154
2026-03-08 16:00:00,82.0,82.11,81.29,81.46,7676565.0,62659453.32
2026-03-08 17:00:00,81.46,81.96,81.31,81.65,6804673.0,55523853.413
2026-03-08 18:00:00,81.65,81.76,81.23,81.54,5861365.0,47791055.715
2026-03-08 19:00:00,81.54,82.62,81.43,82.43,9171131.0,75402137.145
2026-03-08 20:00:00,82.43,82.94,82.05,82.26,8288394.0,68338706.576
2026-03-08 21:00:00,82.26,82.38,81.66,82.2,7512289.0,61632968.164
2026-03-08 22:00:00,82.2,82.46,80.18,81.94,19638666.0,159605435.958
2026-03-08 23:00:00,81.94,82.4,81.44,81.56,8376244.0,68606431.534
2026-03-09 00:00:00,81.56,83.25,81.5,82.31,12270803.0,101009998.588
2026-03-09 01:00:00,82.31,82.87,81.83,82.04,7244232.0,59674507.274
2026-03-09 02:00:00,82.04,82.9,81.6,82.62,7595027.0,62445358.873
2026-03-09 03:00:00,82.62,84.46,82.57,83.11,8332022.0,69599237.279
2026-03-09 04:00:00,83.11,83.83,83.02,83.15,3032915.0,25296877.684
2026-03-09 05:00:00,83.15,84.58,83.07,84.21,5566291.0,46688723.238
2026-03-09 06:00:00,84.21,84.26,83.04,83.07,4676480.0,39090007.839
2026-03-09 07:00:00,83.07,83.24,82.25,83.11,7168628.0,59403927.917
2026-03-09 08:00:00,83.11,83.83,82.87,83.66,6191425.0,51651532.355
2026-03-09 09:00:00,83.66,84.55,83.26,83.98,7843634.0,65893497.098
2026-03-09 10:00:00,83.98,84.19,83.42,83.69,7922422.0,66400668.936
2026-03-09 11:00:00,83.69,83.88,83.04,83.51,6483072.0,54120108.784
2026-03-09 12:00:00,83.51,84.16,83.34,83.96,7764664.0,65079907.18
2026-03-09 13:00:00,83.96,85.75,83.94,85.11,19308558.0,164043294.791
2026-03-09 14:00:00,85.11,85.69,84.51,85.25,14051583.0,119691068.694
2026-03-09 15:00:00,85.25,85.42,84.57,85.02,7707669.0,65555652.951
2026-03-09 16:00:00,85.02,85.6,84.66,85.09,8739524.0,74333770.243
2026-03-09 17:00:00,85.09,85.39,84.27,85.05,10104453.0,85781757.973
2026-03-09 18:00:00,85.05,85.55,84.43,85.14,9174122.0,78046604.248
2026-03-09 19:00:00,85.14,87.0,85.01,85.92,19637727.0,169172436.754
2026-03-09 20:00:00,85.92,86.14,85.23,85.78,11124604.0,95267938.394
2026-03-09 21:00:00,85.78,86.32,85.63,85.97,8635948.0,74280193.054
2026-03-09 22:00:00,85.97,86.26,85.52,85.67,7006284.0,60204774.497
2026-03-09 23:00:00,85.67,85.95,84.78,84.92,8245187.0,70347213.165
2026-03-10 00:00:00,84.92,85.93,84.8,85.52,7597597.0,64903140.4
2026-03-10 01:00:00,85.52,85.96,85.05,85.71,5933628.0,50708609.301
2026-03-10 02:00:00,85.71,86.87,85.41,86.58,8884898.0,76632868.037
2026-03-10 03:00:00,86.58,86.71,85.45,85.51,4944027.0,42604832.531
2026-03-10 04:00:00,85.51,86.62,85.33,86.51,5082977.0,43699092.776
2026-03-10 05:00:00,86.51,86.95,86.3,86.37,6046056.0,52354256.62
2026-03-10 06:00:00,86.37,86.65,85.94,86.34,3684775.0,31798005.273
2026-03-10 07:00:00,86.34,86.87,86.14,86.67,5462041.0,47280805.034
2026-03-10 08:00:00,86.67,87.42,86.54,86.65,8895245.0,77350992.799
2026-03-10 09:00:00,86.65,87.42,86.58,87.17,5813020.0,50611608.784
2026-03-10 10:00:00,87.17,87.64,86.75,87.04,6607523.0,57551095.254
2026-03-10 11:00:00,87.04,87.15,86.56,86.75,5244944.0,45521477.734
2026-03-10 12:00:00,86.75,86.79,86.23,86.62,7441970.0,64366439.712
2026-03-10 13:00:00,86.62,87.25,85.7,86.02,20781217.0,179620378.757
2026-03-10 14:00:00,86.02,88.21,84.81,88.07,25492854.0,219865202.781
2026-03-10 15:00:00,88.07,88.6,87.23,88.31,17806873.0,156501110.547
2026-03-10 16:00:00,88.31,88.72,87.61,88.36,13690979.0,120861409.339
2026-03-10 17:00:00,88.36,88.77,87.58,87.91,10836835.0,95553942.225
2026-03-10 18:00:00,87.91,87.96,86.03,86.18,16388054.0,142220804.072
2026-03-10 19:00:00,86.18,86.42,85.58,85.96,12496586.0,107489214.839
2026-03-10 20:00:00,85.96,86.36,85.89,86.19,5372166.0,46269378.514
2026-03-10 21:00:00,86.19,86.39,85.16,85.65,9002502.0,77162448.302
2026-03-10 22:00:00,85.65,85.81,84.96,85.48,8415691.0,71842282.826
2026-03-10 23:00:00,85.48,85.88,85.32,85.82,6545243.0,56045137.846
2026-03-11 00:00:00,85.82,86.19,85.54,85.96,7588100.0,65153913.022
2026-03-11 01:00:00,85.96,86.22,85.62,86.04,4585773.0,39423507.882
2026-03-11 02:00:00,86.04,86.15,85.43,85.87,4341864.0,37272474.325
2026-03-11 03:00:00,85.87,86.13,85.49,85.58,3464227.0,29676650.965
2026-03-11 04:00:00,85.58,86.81,85.43,86.66,5185431.0,44701492.821
2026-03-11 05:00:00,86.66,86.83,85.54,85.66,4688744.0,40337726.087
2026-03-11 06:00:00,85.66,86.12,85.6,85.98,4091864.0,35139974.391
2026-03-11 07:00:00,85.98,86.08,85.08,85.39,5901606.0,50470375.456
2026-03-11 08:00:00,85.39,85.56,85.03,85.45,7472676.0,63747380.668
2026-03-11 09:00:00,85.45,85.54,84.64,84.83,6455494.0,54971588.004
2026-03-11 10:00:00,84.83,85.5,84.79,85.22,5959715.0,50735879.87
2026-03-11 11:00:00,85.22,85.28,84.3,84.51,7236465.0,61362665.167
2026-03-11 12:00:00,84.51,85.66,84.31,85.14,11973562.0,101737988.2
2026-03-11 13:00:00,85.14,87.36,85.06,85.9,26270209.0,226481001.354
2026-03-11 14:00:00,85.9,87.14,85.67,86.5,17235065.0,148920604.973
2026-03-11 15:00:00,86.5,86.61,84.5,85.37,15166212.0,129608211.753
2026-03-11 16:00:00,85.37,86.56,85.23,86.38,10539508.0,90633665.81
2026-03-11 17:00:00,86.38,87.8,86.38,87.21,15342172.0,133650313.005
2026-03-11 18:00:00,87.21,88.06,87.1,87.75,13506332.0,118314740.299
2026-03-11 19:00:00,87.75,87.81,86.98,87.21,10465245.0,91379189.651
2026-03-11 20:00:00,87.21,87.41,86.97,87.25,5875304.0,51196198.976
2026-03-11 21:00:00,87.25,87.58,87.1,87.49,4713603.0,41169200.34
2026-03-11 22:00:00,87.49,87.91,86.78,87.01,7559353.0,65931136.406
2026-03-11 23:00:00,87.01,87.17,86.4,86.52,6329613.0,54921647.538
2026-03-12 00:00:00,86.52,86.73,86.32,86.61,6659711.0,57641099.74
2026-03-12 01:00:00,86.61,86.65,85.87,85.97,6551085.0,56459661.505
2026-03-12 02:00:00,85.97,86.1,85.1,85.14,6111827.0,52335429.23
2026-03-12 03:00:00,85.14,85.35,84.63,84.94,5526300.0,47021755.106
2026-03-12 04:00:00,84.94,85.35,84.82,85.04,3847039.0,32729294.842
2026-03-12 05:00:00,85.04,85.26,84.82,85.09,3842768.0,32673907.215
2026-03-12 06:00:00,85.09,85.38,84.91,85.33,3176613.0,27052123.484
2026-03-12 07:00:00,85.33,85.87,84.92,85.78,5985034.0,51151857.295
2026-03-12 08:00:00,85.78,86.13,85.34,85.9,6912427.0,59298737.15
2026-03-12 09:00:00,85.9,86.66,85.4,86.14,6418675.0,55152413.126
2026-03-12 10:00:00,86.14,87.01,85.98,86.72,9051954.0,78354635.305
2026-03-12 11:00:00,86.72,87.08,86.57,86.76,5700302.0,49482806.472
2026-03-12 12:00:00,86.76,87.46,86.51,87.19,9511947.0,82833874.904
2026-03-12 13:00:00,87.19,87.66,86.29,86.7,17664147.0,153681360.195
2026-03-12 14:00:00,86.7,87.62,85.12,85.48,21191599.0,182868833.775
2026-03-12 15:00:00,85.48,87.0,85.04,86.52,14029983.0,120797830.327
2026-03-12 16:00:00,86.52,87.05,85.73,86.76,13536083.0,117073148.54
2026-03-12 17:00:00,86.76,86.96,86.27,86.56,10884535.0,94308371.718
2026-03-12 18:00:00,86.56,86.78,85.74,85.82,10649105.0,91764207.164
2026-03-12 19:00:00,85.82,86.91,85.61,86.76,10233069.0,88310241.443
2026-03-12 20:00:00,86.76,86.92,86.36,86.4,6240507.0,54049307.256
2026-03-12 21:00:00,86.4,86.68,86.05,86.49,5714076.0,49345729.274
2026-03-12 22:00:00,86.49,86.58,85.82,86.25,5061197.0,43637556.853
2026-03-12 23:00:00,86.25,87.18,86.22,86.8,7681083.0,66714148.783
2026-03-13 00:00:00,86.8,91.15,86.66,89.76,20476908.0,182893655.27
2026-03-13 01:00:00,89.76,90.72,89.75,90.43,11259548.0,101569418.163
2026-03-13 02:00:00,90.43,90.57,88.89,89.05,5534404.0,49591720.786
2026-03-13 03:00:00,89.05,89.94,88.84,89.66,6644366.0,59362266.481
2026-03-13 04:00:00,89.66,89.71,89.15,89.3,3008833.0,26888973.024
2026-03-13 05:00:00,89.3,89.42,88.84,89.04,4606639.0,41031802.627
2026-03-13 06:00:00,89.04,89.19,88.22,88.37,6339509.0,56186774.767
2026-03-13 07:00:00,88.37,88.91,88.1,88.62,5902677.0,52262598.619
2026-03-13 08:00:00,88.62,89.62,88.27,89.1,6401107.0,56929937.563
2026-03-13 09:00:00,89.1,89.6,88.72,89.47,6447309.0,57532154.439
2026-03-13 10:00:00,89.47,90.26,89.4,90.14,8133807.0,73087411.083
2026-03-13 11:00:00,90.14,90.45,89.91,90.27,8455832.0,76243980.55
2026-03-13 12:00:00,90.27,91.36,90.09,90.96,13137964.0,119028170.946
2026-03-13 13:00:00,90.96,92.29,90.88,91.83,18070658.0,165578284.625
2026-03-13 14:00:00,91.83,93.07,90.45,90.63,24026343.0,220958902.254
2026-03-13 15:00:00,90.63,91.19,89.24,89.42,18337268.0,165560523.721
2026-03-13 16:00:00,89.42,89.93,88.76,89.55,13165847.0,117762284.894
2026-03-13 17:00:00,89.55,90.11,88.52,88.83,9393534.0,83870639.534
2026-03-13 18:00:00,88.83,89.08,88.29,88.76,7141773.0,63373029.676
2026-03-13 19:00:00,88.76,88.97,88.35,88.84,5440703.0,48271062.383
2026-03-13 20:00:00,88.84,89.06,88.48,88.85,4423017.0,39284723.626
2026-03-13 21:00:00,88.85,89.09,88.24,88.52,6198195.0,54948596.767
2026-03-13 22:00:00,88.52,88.62,87.68,87.96,11403894.0,100285544.054
2026-03-13 23:00:00,87.96,88.21,87.74,88.11,4296682.0,37816346.888
2026-03-14 00:00:00,88.11,88.36,87.77,87.88,5212695.0,45904297.535
2026-03-14 01:00:00,87.88,88.35,87.75,88.19,6256944.0,55083345.683
2026-03-14 02:00:00,88.19,88.27,87.92,88.18,3318368.0,29239328.208
2026-03-14 03:00:00,88.18,88.57,88.17,88.36,6345609.0,56098491.627
2026-03-14 04:00:00,88.36,88.66,88.16,88.2,3378408.0,29879188.067
2026-03-14 05:00:00,88.2,88.35,87.83,88.03,2591773.0,22826586.691
2026-03-14 06:00:00,88.03,88.05,86.87,87.19,5942763.0,51927589.889
2026-03-14 07:00:00,87.19,87.38,87.09,87.27,3101725.0,27061937.979
2026-03-14 08:00:00,87.27,87.49,87.02,87.09,4009954.0,34982310.907
2026-03-14 09:00:00,87.09,87.27,86.52,86.81,5028665.0,43704820.288
2026-03-14 10:00:00,86.81,86.88,86.44,86.61,5178999.0,44877058.196
2026-03-14 11:00:00,86.61,86.96,86.58,86.9,4088017.0,35482705.359
2026-03-14 12:00:00,86.9,87.07,86.74,87.04,4722304.0,41049451.875
2026-03-14 13:00:00,87.04,87.31,86.97,87.05,6169609.0,53764983.107
2026-03-14 14:00:00,87.05,87.2,86.56,86.66,7343881.0,63778032.348
2026-03-14 15:00:00,86.66,86.88,86.58,86.68,4544525.0,39413255.191
2026-03-14 16:00:00,86.68,87.07,86.53,87.02,4974623.0,43200002.617
2026-03-14 17:00:00,87.02,87.04,86.77,86.82,2428710.0,21108446.711
2026-03-14 18:00:00,86.82,87.13,86.73,86.97,3398671.0,29533132.473
2026-03-14 19:00:00,86.97,87.03,86.83,86.95,2749773.0,23906594.297
2026-03-14 20:00:00,86.95,87.1,86.81,87.03,4152828.0,36096698.188
2026-03-14 21:00:00,87.03,87.28,86.81,87.23,4461560.0,38836651.615
2026-03-14 22:00:00,87.23,87.5,87.15,87.26,4533943.0,39581014.891
2026-03-14 23:00:00,87.26,88.13,87.26,88.0,11564416.0,101625108.084
2026-03-15 00:00:00,88.0,88.17,87.62,87.7,5464221.0,48024111.122
2026-03-15 01:00:00,87.7,87.86,87.49,87.64,3447102.0,30226126.707
2026-03-15 02:00:00,87.64,88.6,87.62,88.24,5965685.0,52574568.303
2026-03-15 03:00:00,88.24,88.38,87.64,87.8,4176430.0,36725715.812
2026-03-15 04:00:00,87.8,88.3,87.79,88.27,3032613.0,26708730.191
2026-03-15 05:00:00,88.27,88.59,88.06,88.26,3598861.0,31795075.206
2026-03-15 06:00:00,88.26,88.54,88.08,88.31,3459140.0,30549492.535
2026-03-15 07:00:00,88.31,88.49,88.06,88.18,4218625.0,37247859.601
2026-03-15 08:00:00,88.18,88.48,88.09,88.44,4666896.0,41211423.656
2026-03-15 09:00:00,88.44,88.83,88.36,88.49,6123425.0,54255210.158
2026-03-15 10:00:00,88.49,88.68,88.33,88.43,3973959.0,35160060.23
2026-03-15 11:00:00,88.43,88.64,88.19,88.52,5286415.0,46728586.537
2026-03-15 12:00:00,88.52,88.52,88.12,88.22,4643476.0,40990238.089
2026-03-15 13:00:00,88.22,88.37,87.29,87.79,11944642.0,104774519.049
2026-03-15 14:00:00,87.79,87.98,87.51,87.93,5457112.0,47879584.247
2026-03-15 15:00:00,87.93,88.1,87.71,87.85,4927596.0,43314553.889
2026-03-15 16:00:00,87.85,88.0,87.41,87.51,6130886.0,53757308.068
2026-03-15 17:00:00,87.51,88.77,87.45,88.37,8686108.0,76546196.948
2026-03-15 18:00:00,88.37,88.64,87.78,87.85,9201900.0,81248133.332
2026-03-15 19:00:00,87.85,88.25,87.74,88.14,4782957.0,42099508.854
2026-03-15 20:00:00,88.14,88.98,87.92,88.71,7929721.0,70156910.498
2026-03-15 21:00:00,88.71,90.27,88.53,89.96,14237318.0,127322906.083
2026-03-15 22:00:00,89.96,92.93,89.8,92.63,24683113.0,225146721.658
2026-03-15 23:00:00,92.63,93.22,91.58,92.29,18467186.0,170681740.116
2026-03-16 00:00:00,92.29,93.04,91.84,91.98,11564315.0,106806875.89
2026-03-16 01:00:00,91.98,92.23,91.46,92.07,8419390.0,77314943.656
2026-03-16 02:00:00,92.07,92.26,91.15,91.46,5813880.0,53268707.715
2026-03-16 03:00:00,91.46,93.95,91.23,93.15,12861105.0,119295631.415
2026-03-16 04:00:00,93.15,94.26,92.91,93.63,9930354.0,92713607.416
2026-03-16 05:00:00,93.63,94.32,93.17,94.01,8003360.0,75132180.603
2026-03-16 06:00:00,94.01,94.01,93.13,93.38,5464344.0,51097135.942
2026-03-16 07:00:00,93.38,93.82,93.28,93.53,4344581.0,40648110.766
2026-03-16 08:00:00,93.53,94.01,92.54,92.83,8772643.0,81802909.842
2026-03-16 09:00:00,92.83,93.44,92.68,93.27,5184249.0,48253880.405
2026-03-16 10:00:00,93.27,93.92,93.22,93.86,6272801.0,58673581.216
2026-03-16 11:00:00,93.86,93.94,93.48,93.71,5337524.0,50037611.532
2026-03-16 12:00:00,93.71,94.17,93.34,93.73,8210676.0,77038222.704
2026-03-16 13:00:00,93.73,95.1,93.37,93.63,17894404.0,168482991.227
2026-03-16 14:00:00,93.63,94.5,92.32,93.57,19660861.0,183579273.042
2026-03-16 15:00:00,93.57,94.31,92.97,93.13,14358939.0,134460449.84
2026-03-16 16:00:00,93.13,94.02,93.06,93.76,8563263.0,80016823.774
2026-03-16 17:00:00,93.76,94.37,93.62,94.04,12345338.0,116007016.397
2026-03-16 18:00:00,94.04,95.08,94.01,94.34,12414496.0,117445263.216
2026-03-16 19:00:00,94.34,95.47,94.13,95.2,12271725.0,116596659.012
2026-03-16 20:00:00,95.2,95.96,95.02,95.73,12073013.0,115405348.007
2026-03-16 21:00:00,95.73,96.85,95.43,96.12,15664944.0,150598808.739
2026-03-16 22:00:00,96.12,97.65,96.09,96.32,14664301.0,142082376.362
2026-03-16 23:00:00,96.32,96.42,95.37,96.16,9039784.0,86685119.923
2026-03-17 00:00:00,96.16,96.91,95.09,95.47,11319604.0,108498731.281
2026-03-17 01:00:00,95.47,96.05,94.9,95.65,8068101.0,77069605.694
2026-03-17 02:00:00,95.65,95.73,94.81,95.09,4214003.0,40117384.656
2026-03-17 03:00:00,95.09,95.24,93.64,94.03,6883014.0,64898329.387
2026-03-17 04:00:00,94.03,94.22,93.14,93.75,6154602.0,57672071.98
2026-03-17 05:00:00,93.75,94.05,93.29,93.76,4482862.0,42011089.117
2026-03-17 06:00:00,93.76,94.26,93.42,93.84,3913447.0,36760633.14
2026-03-17 07:00:00,93.84,94.6,93.8,94.37,4272947.0,40316363.361
2026-03-17 08:00:00,94.37,94.91,94.21,94.36,5042610.0,47690680.61
2026-03-17 09:00:00,94.36,95.06,93.65,93.85,7069101.0,66681372.501
2026-03-17 10:00:00,93.85,94.01,93.21,93.52,6132845.0,57406376.045
2026-03-17 11:00:00,93.52,93.86,93.34,93.6,4555126.0,42664194.004
2026-03-17 12:00:00,93.6,94.04,93.08,93.37,6863758.0,64220562.502
2026-03-17 13:00:00,93.37,94.54,93.29,93.75,11162645.0,104802021.609
2026-03-17 14:00:00,93.75,94.63,93.42,94.45,10302508.0,96998428.033
2026-03-17 15:00:00,94.45,95.09,93.19,93.77,12908913.0,121282211.677
2026-03-17 16:00:00,93.77,94.77,93.66,94.34,9856795.0,92931052.607
2026-03-17 17:00:00,94.34,94.69,94.09,94.52,7400435.0,69870739.647
2026-03-17 18:00:00,94.52,95.56,94.38,95.28,16516615.0,157079496.289
2026-03-17 19:00:00,95.28,95.52,94.53,94.59,9155008.0,86980156.746
2026-03-17 20:00:00,94.59,94.98,94.36,94.84,5598389.0,53012726.981
2026-03-17 21:00:00,94.84,95.41,94.77,95.21,6230326.0,59267641.471
2026-03-17 22:00:00,95.21,95.59,94.51,95.26,8562229.0,81475150.242
2026-03-17 23:00:00,95.26,95.4,94.54,94.57,4756758.0,45164801.073
2026-03-18 00:00:00,94.57,94.9,94.02,94.49,9916324.0,93605433.703
2026-03-18 01:00:00,94.49,94.98,94.22,94.36,8324353.0,78784140.832
2026-03-18 02:00:00,94.36,95.25,94.33,94.87,5754783.0,54599336.765
2026-03-18 03:00:00,94.87,95.63,94.74,95.0,4912023.0,46765120.751
2026-03-18 04:00:00,95.0,95.06,93.94,94.08,5513810.0,52075303.131
2026-03-18 05:00:00,94.08,94.33,93.67,93.87,4799713.0,45138343.656
2026-03-18 06:00:00,93.87,94.61,93.85,94.19,4563579.0,43034043.166
2026-03-18 07:00:00,94.19,94.26,93.72,93.9,5929672.0,55714019.832
2026-03-18 08:00:00,93.9,94.21,93.89,93.98,3282105.0,30874873.959
2026-03-18 09:00:00,93.98,94.38,93.88,94.22,4799889.0,45213139.592
2026-03-18 10:00:00,94.22,94.38,93.4,93.79,5451352.0,51173062.571
2026-03-18 11:00:00,93.79,94.02,91.75,91.95,14633085.0,135463249.3
2026-03-18 12:00:00,91.95,92.01,90.26,90.36,17000640.0,154824831.723
2026-03-18 13:00:00,90.36,90.7,89.83,90.26,13141366.0,118667764.9
2026-03-18 14:00:00,90.26,90.34,88.78,88.91,18986629.0,170092433.036
2026-03-18 15:00:00,88.91,89.39,88.5,89.31,14369793.0,127915960.138
2026-03-18 16:00:00,89.31,89.31,88.58,88.93,11186532.0,99450493.523
2026-03-18 17:00:00,88.93,90.3,88.77,89.87,11201369.0,100374052.581
2026-03-18 18:00:00,89.87,90.8,89.31,89.53,13767805.0,124131718.815
2026-03-18 19:00:00,89.53,90.02,89.38,89.63,6840466.0,61377395.284
2026-03-18 20:00:00,89.63,90.08,88.92,89.94,9332961.0,83564154.705
2026-03-18 21:00:00,89.94,90.59,89.88,90.4,7388449.0,66705198.291
2026-03-18 22:00:00,90.4,90.42,89.86,89.98,5833675.0,52590217.895
2026-03-18 23:00:00,89.98,90.12,89.59,90.02,5654411.0,50827729.791
2026-03-19 00:00:00,90.02,90.26,89.76,90.06,5954480.0,53599956.312
2026-03-19 01:00:00,90.06,90.34,89.87,90.13,5264073.0,47444821.928
2026-03-19 02:00:00,90.13,90.36,89.72,89.93,4626019.0,41675661.385
2026-03-19 03:00:00,89.93,91.37,89.86,90.68,8281333.0,75186123.607
2026-03-19 04:00:00,90.68,90.69,89.69,89.86,4920015.0,44319862.811
2026-03-19 05:00:00,89.86,90.07,89.61,89.71,3891861.0,34961089.579
2026-03-19 06:00:00,89.71,90.09,89.47,89.81,6366982.0,57184311.246
2026-03-19 07:00:00,89.81,90.02,88.58,89.39,12083605.0,107957178.708
2026-03-19 08:00:00,89.39,89.59,89.04,89.31,5921294.0,52901527.967
2026-03-19 09:00:00,89.31,90.36,89.12,90.16,8116233.0,72862010.3
2026-03-19 10:00:00,90.16,90.46,89.76,89.77,7298237.0,65742470.172
2026-03-19 11:00:00,89.77,90.01,89.42,89.59,4603849.0,41298062.524
2026-03-19 12:00:00,89.59,89.59,87.99,88.06,9811831.0,87051433.88
2026-03-19 13:00:00,88.06,88.71,87.49,88.46,14671555.0,129237678.34
2026-03-19 14:00:00,88.46,88.87,87.36,88.16,12486188.0,109827260.832
2026-03-19 15:00:00,88.16,88.71,87.1,87.58,15143836.0,133056200.224
2026-03-19 16:00:00,87.58,87.77,86.92,87.62,11457887.0,100131223.968
2026-03-19 17:00:00,87.62,88.32,87.03,88.09,11351557.0,99562633.036
2026-03-19 18:00:00,88.09,88.29,87.61,88.09,8875577.0,78043469.573
2026-03-19 19:00:00,88.09,89.21,88.08,88.68,16238804.0,144156124.106
2026-03-19 20:00:00,88.68,89.17,88.61,88.93,5228946.0,46474471.226
2026-03-19 21:00:00,88.93,89.29,88.81,89.08,6963161.0,61990003.372
2026-03-19 22:00:00,89.08,89.13,88.33,88.72,6226004.0,55229530.993
2026-03-19 23:00:00,88.72,89.14,88.55,88.85,7781712.0,69173836.144
2026-03-20 00:00:00,88.85,89.39,88.78,89.36,8253492.0,73568250.83
2026-03-20 01:00:00,89.36,89.76,89.27,89.43,5390092.0,48245505.013
2026-03-20 02:00:00,89.43,89.58,88.83,89.26,4237332.0,37793148.666
2026-03-20 03:00:00,89.26,89.68,89.19,89.53,3362771.0,30078092.576
2026-03-20 04:00:00,89.53,89.72,88.69,89.24,3240595.0,28925010.741
2026-03-20 05:00:00,89.24,89.48,88.81,89.31,2861184.0,25527047.11
2026-03-20 06:00:00,89.31,89.32,88.86,89.04,2404407.0,21418469.405
2026-03-20 07:00:00,89.04,89.45,88.44,89.31,4047988.0,36020707.491
2026-03-20 08:00:00,89.31,90.42,89.25,89.73,7683164.0,69082187.041
2026-03-20 09:00:00,89.73,89.73,88.56,88.9,6041867.0,53787120.962
2026-03-20 10:00:00,88.9,89.44,88.54,89.26,4594440.0,40880105.886
2026-03-20 11:00:00,89.26,89.53,88.81,89.08,4951366.0,44164317.11
2026-03-20 12:00:00,89.08,89.47,88.95,89.08,5963177.0,53206895.458
2026-03-20 13:00:00,89.08,89.61,88.54,88.76,12420299.0,110630332.185
2026-03-20 14:00:00,88.76,89.7,88.46,88.89,13010547.0,115849417.719
2026-03-20 15:00:00,88.89,89.29,88.56,88.9,9871431.0,87758518.049
2026-03-20 16:00:00,88.9,89.18,88.57,88.86,7213367.0,64123104.295
2026-03-20 17:00:00,88.86,89.0,88.05,88.84,10804482.0,95652329.085
2026-03-20 18:00:00,88.84,88.98,88.11,88.51,9087701.0,80487520.739
2026-03-20 19:00:00,88.51,89.03,88.13,88.96,9520113.0,84354359.64
2026-03-20 20:00:00,88.96,89.32,88.58,88.96,10326705.0,91852727.311
2026-03-20 21:00:00,88.96,90.0,88.8,89.53,8285214.0,74127546.734
2026-03-20 22:00:00,89.53,90.21,89.53,90.05,6403854.0,57608483.196
2026-03-20 23:00:00,90.05,90.11,89.67,89.81,5512105.0,49532479.531
2026-03-21 00:00:00,89.81,90.23,89.78,89.98,4497337.0,40459211.061
2026-03-21 01:00:00,89.98,90.33,89.68,89.82,4895149.0,44062900.808
2026-03-21 02:00:00,89.82,90.69,89.71,90.41,4218808.0,38045063.818
2026-03-21 03:00:00,90.41,90.57,90.27,90.41,3875781.0,35036921.89
2026-03-21 04:00:00,90.41,90.78,90.1,90.23,4927329.0,44551246.753
2026-03-21 05:00:00,90.23,90.47,89.89,89.92,3132392.0,28263836.577
2026-03-21 06:00:00,89.92,90.27,89.88,90.12,2412265.0,21738312.891
2026-03-21 07:00:00,90.12,90.36,89.87,90.1,3543414.0,31943325.446
2026-03-21 08:00:00,90.1,90.1,89.77,89.96,3051856.0,27440360.212
2026-03-21 09:00:00,89.96,90.36,89.93,90.15,4111205.0,37057199.886
2026-03-21 10:00:00,90.15,90.21,89.83,89.93,4091893.0,36820175.272
2026-03-21 11:00:00,89.93,89.99,89.77,89.91,2534409.0,22778699.099
2026-03-21 12:00:00,89.91,90.15,89.82,90.12,3901390.0,35119325.664
2026-03-21 13:00:00,90.12,90.24,89.9,89.97,4684814.0,42197511.96
2026-03-21 14:00:00,89.97,90.36,89.57,89.61,8870795.0,79859202.302
2026-03-21 15:00:00,89.61,89.89,89.31,89.78,6615512.0,59287606.524
2026-03-21 16:00:00,89.78,89.95,89.5,89.63,3938218.0,35334578.767
2026-03-21 17:00:00,89.63,89.67,89.34,89.51,4403629.0,39425189.34
2026-03-21 18:00:00,89.51,89.89,89.5,89.73,4130717.0,37048968.034
2026-03-21 19:00:00,89.73,89.87,89.64,89.73,2412143.0,21654004.65
2026-03-21 20:00:00,89.73,90.36,89.72,90.11,4773711.0,42972150.465
2026-03-21 21:00:00,90.11,90.17,89.87,89.94,3274969.0,29475118.683
2026-03-21 22:00:00,89.94,90.02,89.73,89.83,3296313.0,29625241.723
2026-03-21 23:00:00,89.83,89.84,87.05,87.5,11949401.0,105843863.354
2026-03-22 00:00:00,87.5,87.72,86.19,87.26,13741460.0,119631480.907
2026-03-22 01:00:00,87.26,87.66,86.9,87.39,5572537.0,48632042.192
2026-03-22 02:00:00,87.39,88.43,87.36,88.11,8534268.0,74989033.914
2026-03-22 03:00:00,88.11,89.12,87.7,88.61,7402045.0,65439679.338
2026-03-22 04:00:00,88.61,89.14,88.51,88.96,7110193.0,63154367.484
2026-03-22 05:00:00,88.96,88.96,88.38,88.42,3849889.0,34115879.2
2026-03-22 06:00:00,88.42,88.42,88.07,88.15,4710250.0,41558216.058
2026-03-22 07:00:00,88.15,88.28,87.61,87.66,4025600.0,35430736.49
2026-03-22 08:00:00,87.66,87.69,86.79,87.31,8053191.0,70219578.252
2026-03-22 09:00:00,87.31,87.63,87.11,87.26,4183225.0,36533506.054
2026-03-22 10:00:00,87.26,87.45,87.15,87.27,3801797.0,33191098.722
2026-03-22 11:00:00,87.27,87.39,86.76,86.79,7886172.0,68663685.593
2026-03-22 12:00:00,86.79,87.42,86.74,87.21,7158181.0,62332128.398
2026-03-22 13:00:00,87.21,87.68,86.94,87.27,7289008.0,63646356.88
2026-03-22 14:00:00,87.27,87.55,86.98,87.15,6714743.0,58616064.59
2026-03-22 15:00:00,87.15,87.54,87.12,87.53,6183382.0,53990902.098
2026-03-22 16:00:00,87.53,87.67,87.19,87.43,5557724.0,48588468.405
2026-03-22 17:00:00,87.43,87.51,87.14,87.21,5154820.0,45019138.652
2026-03-22 18:00:00,87.21,87.3,86.42,86.95,7779304.0,67632249.138
2026-03-22 19:00:00,86.95,86.99,86.51,86.83,6196732.0,53756214.765
2026-03-22 20:00:00,86.83,87.16,86.48,86.55,4833412.0,41963205.513
2026-03-22 21:00:00,86.55,86.61,85.07,85.93,13982758.0,119973820.499
2026-03-22 22:00:00,85.93,86.74,85.44,86.7,11410257.0,98320588.54
2026-03-22 23:00:00,86.7,86.98,85.96,86.16,7371713.0,63751439.849
2026-03-23 00:00:00,86.16,86.58,85.41,85.84,8036055.0,69132731.441
2026-03-23 01:00:00,85.84,86.57,85.68,86.04,6292875.0,54273115.717
2026-03-23 02:00:00,86.04,86.97,86.0,86.65,7469753.0,64643797.084
2026-03-23 03:00:00,86.65,87.19,86.33,86.37,5629514.0,48809147.976
2026-03-23 04:00:00,86.37,86.88,86.27,86.88,4157422.0,36003124.92
2026-03-23 05:00:00,86.88,87.3,86.8,87.13,5230668.0,45535004.483
2026-03-23 06:00:00,87.13,87.13,85.38,85.67,7258683.0,62539971.668
2026-03-23 07:00:00,85.67,86.18,85.02,85.94,7717998.0,66066984.527
2026-03-23 08:00:00,85.94,86.43,85.79,85.9,4815123.0,41480184.324
2026-03-23 09:00:00,85.9,85.98,85.12,85.71,5536359.0,47402482.331
2026-03-23 10:00:00,85.71,86.29,85.61,86.01,4703804.0,40427400.076
2026-03-23 11:00:00,86.01,91.93,85.99,88.75,32298198.0,290435330.62
2026-03-23 12:00:00,88.75,90.47,88.28,90.17,14938965.0,133782952.361
2026-03-23 13:00:00,90.17,91.46,89.82,91.3,16860790.0,152656431.142
2026-03-23 14:00:00,91.3,91.69,91.02,91.48,11836641.0,108162478.78
2026-03-23 15:00:00,91.48,92.23,89.76,89.9,19043712.0,173507065.97
2026-03-23 16:00:00,89.9,90.41,89.35,90.3,11756752.0,105767322.36
2026-03-23 17:00:00,90.3,91.34,89.64,91.22,11775981.0,106632801.768
2026-03-23 18:00:00,91.22,91.79,90.87,91.59,6845591.0,62532250.027
2026-03-23 19:00:00,91.59,91.86,91.2,91.35,6209449.0,56826504.406
2026-03-23 20:00:00,91.35,92.01,91.18,91.75,6475847.0,59362330.76
2026-03-23 21:00:00,91.75,91.94,91.43,91.59,4201473.0,38524167.717
2026-03-23 22:00:00,91.59,91.93,91.13,91.47,6024882.0,55126451.826
2026-03-23 23:00:00,91.47,91.54,90.94,91.4,4373245.0,39904160.189
2026-03-24 00:00:00,91.4,91.64,90.56,90.94,5298696.0,48282003.902
2026-03-24 01:00:00,90.94,91.02,90.1,90.37,5090878.0,46151740.693
2026-03-24 02:00:00,90.37,90.73,90.05,90.1,3362118.0,30371535.511
2026-03-24 03:00:00,90.1,90.31,89.89,90.28,3326490.0,29963421.56
2026-03-24 04:00:00,90.28,90.79,90.08,90.29,5298344.0,47881119.628
2026-03-24 05:00:00,90.29,90.36,89.94,90.07,4221353.0,38032226.956
2026-03-24 06:00:00,90.07,90.5,90.0,90.41,4703290.0,42454071.175
2026-03-24 07:00:00,90.41,91.85,90.34,91.68,7392498.0,67395258.526
2026-03-24 08:00:00,91.68,92.0,91.23,91.54,8273448.0,75800084.581
2026-03-24 09:00:00,91.54,92.12,91.08,92.08,7933334.0,72732718.856
2026-03-24 10:00:00,92.08,92.18,91.64,91.79,5408536.0,49707391.868
2026-03-24 11:00:00,91.79,92.13,91.29,91.72,10783559.0,98835146.988
2026-03-24 12:00:00,91.72,91.8,91.31,91.54,6336519.0,58039199.954
2026-03-24 13:00:00,91.54,91.7,89.48,89.81,13945924.0,126197287.481
2026-03-24 14:00:00,89.81,90.17,88.62,89.51,22068748.0,197245773.833
2026-03-24 15:00:00,89.51,90.26,89.44,89.69,12770097.0,114689958.572
2026-03-24 16:00:00,89.69,89.92,89.01,89.22,8597576.0,76920701.496
2026-03-24 17:00:00,89.22,89.33,88.65,89.12,8589476.0,76440185.359
2026-03-24 18:00:00,89.12,89.65,88.81,88.84,9713337.0,86625518.488
2026-03-24 19:00:00,88.84,89.24,88.36,88.46,9633102.0,85525818.75
2026-03-24 20:00:00,88.46,90.19,88.44,89.98,16905886.0,151384826.412
2026-03-24 21:00:00,89.98,90.58,89.62,90.33,7996124.0,72039071.781
2026-03-24 22:00:00,90.33,90.73,90.02,90.26,4865642.0,43974092.671
2026-03-24 23:00:00,90.26,91.11,90.17,90.76,5746411.0,52170114.859
2026-03-25 00:00:00,90.76,91.59,90.67,91.27,6331821.0,57736575.147
2026-03-25 01:00:00,91.27,91.43,90.88,90.9,3771947.0,34375898.393
2026-03-25 02:00:00,90.9,91.47,90.77,91.08,3597222.0,32761688.965
2026-03-25 03:00:00,91.08,91.89,90.74,91.7,5555579.0,50741194.072
2026-03-25 04:00:00,91.7,92.09,91.54,92.01,4635442.0,42527407.581
2026-03-25 05:00:00,92.01,92.94,91.93,92.37,8576593.0,79317997.745
2026-03-25 06:00:00,92.37,92.87,92.23,92.33,5583359.0,51666253.365
2026-03-25 07:00:00,92.33,92.48,91.72,91.78,5652031.0,52093569.823
2026-03-25 08:00:00,91.78,92.76,91.75,92.3,10369359.0,95643532.688
2026-03-25 09:00:00,92.3,92.64,92.08,92.51,5989158.0,55336456.149
2026-03-25 10:00:00,92.51,92.68,92.34,92.6,4211933.0,38959287.754
2026-03-25 11:00:00,92.6,93.44,92.39,92.94,10382844.0,96512344.12
2026-03-25 12:00:00,92.94,93.43,92.28,92.99,15519229.0,144007313.108
2026-03-25 13:00:00,92.99,93.38,92.63,92.68,10280697.0,95641050.035
2026-03-25 14:00:00,92.68,92.87,91.86,91.91,15194723.0,140190845.136
2026-03-25 15:00:00,91.91,92.03,90.96,91.72,13747335.0,125878749.965
2026-03-25 16:00:00,91.72,92.69,91.54,92.18,13718838.0,126548882.059
2026-03-25 17:00:00,92.18,92.31,91.54,91.67,8790036.0,80814017.725
2026-03-25 18:00:00,91.67,92.16,91.42,91.65,6838548.0,62803951.053
2026-03-25 19:00:00,91.65,91.96,91.36,91.72,5603839.0,51384441.536
2026-03-25 20:00:00,91.72,91.75,91.07,91.44,7899255.0,72147010.251
2026-03-25 21:00:00,91.44,91.59,91.1,91.22,4405809.0,40230592.711
2026-03-25 22:00:00,91.22,91.9,90.96,91.69,6099141.0,55769010.546
2026-03-25 23:00:00,91.69,91.8,91.42,91.65,3080170.0,28226757.096
2026-03-26 00:00:00,91.65,91.92,91.44,91.63,4087132.0,37473812.331
2026-03-26 01:00:00,91.63,91.92,91.53,91.77,2817300.0,25852476.483
2026-03-26 02:00:00,91.77,91.79,90.6,90.89,6380012.0,58132735.271
2026-03-26 03:00:00,90.89,91.1,90.53,91.0,3664330.0,33278621.706
2026-03-26 04:00:00,91.0,91.02,90.6,90.76,3452800.0,31355403.64
2026-03-26 05:00:00,90.76,90.79,89.05,89.19,11820526.0,106139307.268
2026-03-26 06:00:00,89.19,89.24,88.8,89.0,6901602.0,61431492.253
2026-03-26 07:00:00,89.0,89.31,88.72,89.04,6216243.0,55322240.397
2026-03-26 08:00:00,89.04,89.04,88.57,88.82,6663539.0,59138642.402
2026-03-26 09:00:00,88.82,88.98,87.67,88.05,11137162.0,98226678.887
2026-03-26 10:00:00,88.05,88.28,87.7,87.88,6151182.0,54118788.162
2026-03-26 11:00:00,87.88,88.04,87.33,87.51,7426423.0,65071509.059
2026-03-26 12:00:00,87.51,87.74,87.31,87.51,7389149.0,64659352.594
2026-03-26 13:00:00,87.51,88.19,87.25,87.86,13985419.0,122651753.952
2026-03-26 14:00:00,87.86,88.12,87.07,87.48,12196832.0,106841413.699
2026-03-26 15:00:00,87.48,87.76,86.61,87.47,13271977.0,115812118.13
2026-03-26 16:00:00,87.47,87.68,87.06,87.15,6891011.0,60205900.56
2026-03-26 17:00:00,87.15,87.44,86.46,86.58,9293202.0,80868547.494
2026-03-26 18:00:00,86.58,86.79,85.65,85.98,14082391.0,121262688.284
2026-03-26 19:00:00,85.98,86.01,85.37,85.42,11446978.0,98068114.601
2026-03-26 20:00:00,85.42,87.11,85.37,86.28,12730069.0,109982712.329
2026-03-26 21:00:00,86.28,87.07,86.13,86.77,6764681.0,58660243.64
2026-03-26 22:00:00,86.77,86.83,86.15,86.78,6396707.0,55361384.982
2026-03-26 23:00:00,86.78,86.91,86.16,86.46,3728717.0,32256512.752
2026-03-27 00:00:00,86.46,86.74,86.12,86.5,3759133.0,32483329.584
2026-03-27 01:00:00,86.5,86.85,86.38,86.83,3834935.0,33236592.545
2026-03-27 02:00:00,86.83,86.99,86.47,86.64,4184329.0,36297113.98
2026-03-27 03:00:00,86.64,86.73,86.28,86.37,2511818.0,21715297.324
2026-03-27 04:00:00,86.37,86.37,85.68,86.1,3889315.0,33441259.202
2026-03-27 05:00:00,86.1,86.73,85.87,86.01,4350970.0,37492593.723
2026-03-27 06:00:00,86.01,86.33,85.86,86.0,3997962.0,34409926.689
2026-03-27 07:00:00,86.0,86.29,85.62,85.87,6256186.0,53787846.315
2026-03-27 08:00:00,85.87,86.1,84.3,85.05,11888482.0,101136411.031
2026-03-27 09:00:00,85.05,85.2,84.34,85.01,8439560.0,71615943.416
2026-03-27 10:00:00,85.01,85.1,82.55,82.94,14359788.0,120064881.184
2026-03-27 11:00:00,82.94,83.55,82.56,83.31,10812828.0,89962975.136
2026-03-27 12:00:00,83.31,83.37,82.96,83.03,9450421.0,78582842.21
2026-03-27 13:00:00,83.03,83.47,82.32,82.86,14817396.0,122965481.7
2026-03-27 14:00:00,82.86,83.28,82.51,83.1,12257166.0,101566924.623
2026-03-27 15:00:00,83.1,83.93,82.89,83.25,14932476.0,124548297.485
2026-03-27 16:00:00,83.25,83.27,82.54,82.95,12215139.0,101241898.933
2026-03-27 17:00:00,82.95,83.34,82.02,82.16,13749756.0,113624383.547
2026-03-27 18:00:00,82.16,82.46,81.77,82.33,11085065.0,91099044.963
2026-03-27 19:00:00,82.33,82.84,81.98,82.74,10376221.0,85537482.261
2026-03-27 20:00:00,82.74,82.91,82.26,82.73,8030828.0,66343405.105
2026-03-27 21:00:00,82.73,82.98,82.62,82.68,6815007.0,56437722.866
2026-03-27 22:00:00,82.68,82.8,82.46,82.66,4917706.0,40636763.013
2026-03-27 23:00:00,82.66,83.07,82.39,83.03,4782157.0,39585884.77
2026-03-28 00:00:00,83.03,83.03,82.67,82.78,5024044.0,41606465.925
2026-03-28 01:00:00,82.78,82.84,82.17,82.58,4449030.0,36701222.471
2026-03-28 02:00:00,82.58,82.85,82.31,82.52,2948442.0,24338032.522
2026-03-28 03:00:00,82.52,82.68,82.44,82.54,3103873.0,25626958.782
2026-03-28 04:00:00,82.54,82.73,82.34,82.5,3738152.0,30851988.168
2026-03-28 05:00:00,82.5,82.73,82.29,82.67,3156776.0,26051623.636
2026-03-28 06:00:00,82.67,83.23,82.59,83.1,4051461.0,33619304.806
2026-03-28 07:00:00,83.1,83.65,83.1,83.55,4459726.0,37191057.672
2026-03-28 08:00:00,83.55,83.63,83.3,83.33,5619577.0,46914641.565
2026-03-28 09:00:00,83.33,83.33,82.86,82.99,6675131.0,55428506.513
2026-03-28 10:00:00,82.99,83.29,82.64,82.97,7392446.0,61300665.502
2026-03-28 11:00:00,82.97,83.03,82.84,82.89,2414751.0,20027205.002
2026-03-28 12:00:00,82.89,83.19,82.53,82.63,6371161.0,52770377.431
2026-03-28 13:00:00,82.63,84.08,82.63,83.3,12192348.0,101588774.383
2026-03-28 14:00:00,83.3,83.47,82.9,83.17,9841361.0,81832883.125
2026-03-28 15:00:00,83.17,84.26,83.12,83.74,10408654.0,87140733.185
2026-03-28 16:00:00,83.74,83.88,83.41,83.48,5586957.0,46730950.675
2026-03-28 17:00:00,83.48,83.67,83.07,83.23,7778231.0,64791183.953
2026-03-28 18:00:00,83.23,83.47,83.23,83.29,5658222.0,47171635.778
2026-03-28 19:00:00,83.29,83.37,82.92,83.21,5559105.0,46214666.512
2026-03-28 20:00:00,83.21,83.45,83.21,83.33,3983625.0,33199594.696
2026-03-28 21:00:00,83.33,83.37,82.3,82.61,8316268.0,68867043.809
2026-03-28 22:00:00,82.61,82.85,82.37,82.74,4939647.0,40827019.577
2026-03-28 23:00:00,82.74,82.74,81.61,82.0,11103751.0,91103009.974
2026-03-29 00:00:00,82.0,82.22,81.77,82.15,5241039.0,42985801.912
2026-03-29 01:00:00,82.15,82.46,81.99,82.39,4648946.0,38244316.56
2026-03-29 02:00:00,82.39,82.8,82.33,82.7,4028211.0,33253215.441
2026-03-29 03:00:00,82.7,83.2,82.62,82.93,4808468.0,39864588.966
2026-03-29 04:00:00,82.93,82.97,82.64,82.72,2803756.0,23205490.23
2026-03-29 05:00:00,82.72,82.82,82.35,82.64,4262011.0,35195088.584
2026-03-29 06:00:00,82.64,82.77,82.24,82.43,4497965.0,37092409.502
2026-03-29 07:00:00,82.43,82.58,82.16,82.39,5727944.0,47176265.337
2026-03-29 08:00:00,82.39,82.56,82.27,82.4,3754728.0,30946080.443
2026-03-29 09:00:00,82.4,82.49,82.1,82.3,4936712.0,40624262.568
2026-03-29 10:00:00,82.3,82.3,81.9,82.07,6602023.0,54212910.552
2026-03-29 11:00:00,82.07,82.79,82.06,82.52,7359672.0,60726765.999
2026-03-29 12:00:00,82.52,82.59,82.16,82.39,4636405.0,38182772.484
2026-03-29 13:00:00,82.39,82.42,81.61,81.86,9150757.0,74975764.164
2026-03-29 14:00:00,81.86,82.38,81.64,81.88,7566897.0,61990164.405
2026-03-29 15:00:00,81.88,82.09,81.26,81.76,7425901.0,60662071.973
2026-03-29 16:00:00,81.76,82.08,81.54,81.63,5736948.0,46921784.651
2026-03-29 17:00:00,81.63,81.81,81.08,81.5,9397309.0,76487142.651
2026-03-29 18:00:00,81.5,81.88,81.31,81.74,4954293.0,40424826.11
2026-03-29 19:00:00,81.74,81.83,81.48,81.56,3629933.0,29640865.853
2026-03-29 20:00:00,81.56,82.2,81.54,81.88,6045961.0,49500366.79
2026-03-29 21:00:00,81.88,82.17,81.77,82.1,5593550.0,45858294.266
2026-03-29 22:00:00,82.1,82.1,78.78,80.86,24640553.0,198742423.995
2026-03-29 23:00:00,80.86,81.65,80.82,81.34,15149049.0,123058981.875
2026-03-30 00:00:00,81.34,82.96,81.06,81.82,15098652.0,123679110.081
2026-03-30 01:00:00,81.82,82.83,81.82,82.66,8154203.0,67180529.195
2026-03-30 02:00:00,82.66,83.91,82.4,83.3,8066086.0,66962955.008
2026-03-30 03:00:00,83.3,83.5,82.88,83.23,5403076.0,44961358.213
2026-03-30 04:00:00,83.23,83.82,83.21,83.72,6878480.0,57458984.255
2026-03-30 05:00:00,83.72,84.12,83.43,83.59,7510618.0,62929133.707
2026-03-30 06:00:00,83.59,83.84,83.36,83.43,4853999.0,40547865.427
2026-03-30 07:00:00,83.43,84.26,83.27,83.98,8667856.0,72546832.348
2026-03-30 08:00:00,83.98,84.87,83.95,84.48,9893992.0,83467011.502
2026-03-30 09:00:00,84.48,84.48,84.07,84.09,7472767.0,62956414.261
2026-03-30 10:00:00,84.09,84.18,83.54,83.87,5336019.0,44775945.393
2026-03-30 11:00:00,83.87,84.62,83.83,84.21,10090162.0,84883243.227
2026-03-30 12:00:00,84.21,84.57,84.06,84.46,8911863.0,75140444.805
2026-03-30 13:00:00,84.46,84.94,83.87,83.96,13176882.0,111269137.778
2026-03-30 14:00:00,83.96,84.61,83.59,84.33,16625718.0,139827948.847
2026-03-30 15:00:00,84.33,84.72,83.84,84.45,10830854.0,91379352.385
2026-03-30 16:00:00,84.45,84.49,83.86,84.17,8495431.0,71465194.896
2026-03-30 17:00:00,84.17,84.37,83.02,83.2,11522343.0,96208957.138
2026-03-30 18:00:00,83.2,83.38,82.37,82.65,15970676.0,132274163.462
2026-03-30 19:00:00,82.65,82.65,81.9,82.35,12839842.0,105646353.798
2026-03-30 20:00:00,82.35,82.85,82.3,82.73,9440227.0,78031316.526
2026-03-30 21:00:00,82.73,83.64,82.63,83.1,10607581.0,88309566.499
2026-03-30 22:00:00,83.1,83.48,82.58,82.76,7327148.0,60784209.089
2026-03-30 23:00:00,82.76,82.76,82.06,82.5,5977263.0,49229037.196
2026-03-31 00:00:00,82.5,82.91,82.08,82.69,8060295.0,66457691.176
2026-03-31 01:00:00,82.69,84.58,82.55,83.79,12473592.0,104330926.57
2026-03-31 02:00:00,83.79,84.05,83.53,83.78,6746135.0,56547221.891
2026-03-31 03:00:00,83.78,83.89,83.23,83.57,5425980.0,45331196.03
2026-03-31 04:00:00,83.57,83.88,83.22,83.28,5304517.0,44274692.184
2026-03-31 05:00:00,83.28,83.73,82.85,83.72,5933026.0,49387384.245
2026-03-31 06:00:00,83.72,83.79,83.01,83.36,5916156.0,49289943.573
2026-03-31 07:00:00,83.36,83.39,82.61,83.05,7854108.0,65131658.865
2026-03-31 08:00:00,83.05,83.31,82.17,82.19,11210014.0,92749655.05
2026-03-31 09:00:00,82.19,82.42,79.96,80.5,14642370.0,119240163.653
2026-03-31 10:00:00,80.5,80.9,80.26,80.39,10378646.0,83652708.667
2026-03-31 11:00:00,80.39,80.92,80.19,80.8,8915604.0,71847639.515
2026-03-31 12:00:00,80.8,81.05,80.33,80.73,8203004.0,66219382.127
2026-03-31 13:00:00,80.73,82.0,80.69,81.78,14859512.0,120887686.37
2026-03-31 14:00:00,81.78,82.55,80.33,80.57,22525363.0,183758510.052
2026-03-31 15:00:00,80.57,81.65,80.57,80.83,19431924.0,157715444.506
2026-03-31 16:00:00,80.83,82.89,80.81,82.35,16764243.0,137300946.083
2026-03-31 17:00:00,82.35,83.44,82.14,82.34,18514563.0,153164055.95
2026-03-31 18:00:00,82.34,83.06,82.34,82.84,9715738.0,80368596.14
2026-03-31 19:00:00,82.84,82.95,82.39,82.68,7516565.0,62140285.422
2026-03-31 20:00:00,82.68,83.39,82.55,83.13,11285214.0,93658828.517
2026-03-31 21:00:00,83.13,83.16,82.58,82.82,8942590.0,74072329.512
2026-03-31 22:00:00,82.82,82.87,82.27,82.72,6566945.0,54272742.945
2026-03-31 23:00:00,82.72,83.22,82.62,83.14,4522292.0,37524716.194
2026-04-01 00:00:00,83.14,83.55,82.8,83.36,6092251.0,50646789.686
2026-04-01 01:00:00,83.36,83.43,82.65,82.68,5440083.0,45171355.065
2026-04-01 02:00:00,82.68,82.88,82.41,82.59,3584816.0,29640759.947
2026-04-01 03:00:00,82.59,83.47,82.59,83.38,6487289.0,53959807.337
2026-04-01 04:00:00,83.38,83.82,83.21,83.7,5397534.0,45063006.519
2026-04-01 05:00:00,83.7,84.3,83.32,84.08,6454611.0,54138138.94
2026-04-01 06:00:00,84.08,84.68,83.98,84.39,8584256.0,72416421.714
2026-04-01 07:00:00,84.39,84.71,83.75,83.79,8967241.0,75481451.836
2026-04-01 08:00:00,83.79,84.02,83.36,83.58,6420745.0,53746591.062
2026-04-01 09:00:00,83.58,83.72,83.09,83.34,7258370.0,60508076.693
2026-04-01 10:00:00,83.34,83.46,82.98,83.33,6219473.0,51779371.465
2026-04-01 11:00:00,83.33,83.54,83.1,83.32,4252099.0,35409729.005
2026-04-01 12:00:00,83.32,83.75,82.73,82.98,12035834.0,100085090.343
2026-04-01 13:00:00,82.98,83.41,82.32,82.64,13489293.0,111773250.282
2026-04-01 14:00:00,82.64,83.54,82.47,83.35,11890890.0,98726548.385
2026-04-01 15:00:00,83.35,83.84,83.04,83.58,8795936.0,73408801.273
2026-04-01 16:00:00,83.58,85.27,82.98,85.18,22087575.0,186441765.84
2026-04-01 17:00:00,85.18,86.57,84.18,84.38,28736389.0,245366432.476
2026-04-01 18:00:00,84.38,84.43,83.48,83.59,14980444.0,125716898.307
2026-04-01 19:00:00,83.59,84.36,83.57,83.78,10071951.0,84560538.288
2026-04-01 20:00:00,83.78,83.85,82.24,82.55,15282896.0,126567402.818
2026-04-01 21:00:00,82.55,83.17,81.34,81.81,15371036.0,126449376.905
2026-04-01 22:00:00,81.81,81.91,80.72,81.11,14890172.0,120839911.404
2026-04-01 23:00:00,81.11,81.43,80.95,81.15,7223679.0,58673103.539
2026-04-02 00:00:00,81.15,81.72,80.86,81.57,8602368.0,69865389.646
2026-04-02 01:00:00,81.57,81.57,78.91,79.29,24251538.0,193935626.959
2026-04-02 02:00:00,79.29,79.29,78.23,78.81,14071976.0,110808174.83
2026-04-02 03:00:00,78.81,79.35,78.62,78.95,6836540.0,53988761.654
2026-04-02 04:00:00,78.95,79.14,78.68,78.78,5925367.0,46774049.132
2026-04-02 05:00:00,78.78,79.37,78.56,79.2,8707091.0,68692889.487
2026-04-02 06:00:00,79.2,79.38,78.88,79.07,4529000.0,35831648.855
2026-04-02 07:00:00,79.07,79.63,78.92,79.58,5169368.0,41001000.285
2026-04-02 08:00:00,79.58,79.58,78.98,79.06,4497824.0,35639518.975
2026-04-02 09:00:00,79.06,79.32,78.87,79.22,5185212.0,41025054.262
2026-04-02 10:00:00,79.22,79.28,78.72,78.83,5839494.0,46088646.031
2026-04-02 11:00:00,78.83,78.94,78.13,78.28,11447638.0,89956684.567
2026-04-02 12:00:00,78.28,78.55,77.84,77.94,12039109.0,94084230.551
2026-04-02 13:00:00,77.94,78.22,76.64,77.68,24210966.0,187374050.428
2026-04-02 14:00:00,77.68,79.67,77.46,79.04,28038468.0,220704491.515
2026-04-02 15:00:00,79.04,79.21,78.26,79.01,11772400.0,92795024.363
2026-04-02 16:00:00,79.01,79.87,78.66,79.41,10373734.0,82229361.474
2026-04-02 17:00:00,79.41,79.66,78.52,78.55,9475078.0,74990782.878
2026-04-02 18:00:00,78.55,79.27,78.38,79.09,8625945.0,67919154.529
2026-04-02 19:00:00,79.09,79.24,78.65,78.94,6236132.0,49236225.978
2026-04-02 20:00:00,78.94,79.34,78.72,79.13,7969121.0,63040045.289
2026-04-02 21:00:00,79.13,79.22,78.58,78.92,5702935.0,44983982.592
2026-04-02 22:00:00,78.92,79.12,78.68,78.94,4489342.0,35445418.316
2026-04-02 23:00:00,78.94,79.12,78.74,78.9,3569449.0,28158829.246
2026-04-03 00:00:00,78.9,79.35,78.81,79.17,4487171.0,35498839.785
2026-04-03 01:00:00,79.17,79.77,78.93,79.12,6760473.0,53587743.964
2026-04-03 02:00:00,79.12,79.56,78.79,79.32,5501380.0,43522679.354
2026-04-03 03:00:00,79.32,79.39,78.94,78.97,3313773.0,26231593.353
2026-04-03 04:00:00,78.97,79.5,78.95,79.26,5423172.0,42948778.328
2026-04-03 05:00:00,79.26,79.63,79.01,79.27,7184085.0,56982115.3
2026-04-03 06:00:00,79.27,79.67,79.14,79.6,7751165.0,61507155.244
2026-04-03 07:00:00,79.6,80.32,79.39,79.9,9497302.0,75811115.87
2026-04-03 08:00:00,79.9,80.1,79.57,79.72,8149331.0,65046967.449
2026-04-03 09:00:00,79.72,80.17,79.63,79.91,7179950.0,57358665.047
2026-04-03 10:00:00,79.91,80.15,79.64,80.11,9459141.0,75584998.017
2026-04-03 11:00:00,80.11,80.43,79.82,80.13,9393596.0,75212266.974
2026-04-03 12:00:00,80.13,80.9,79.17,79.29,12040453.0,96160456.099
2026-04-03 13:00:00,79.29,79.6,79.1,79.57,8808737.0,69869307.725
2026-04-03 14:00:00,79.57,80.29,79.39,80.2,13302475.0,106251551.974
2026-04-03 15:00:00,80.2,80.66,80.1,80.3,13204218.0,106119815.59
2026-04-03 16:00:00,80.3,80.64,80.19,80.51,7849775.0,63127356.448
2026-04-03 17:00:00,80.51,80.52,79.84,80.16,7640019.0,61233798.037
2026-04-03 18:00:00,80.16,80.41,80.04,80.08,6389735.0,51265577.575
2026-04-03 19:00:00,80.08,80.25,79.81,80.15,5993137.0,47975354.253
2026-04-03 20:00:00,80.15,80.28,80.09,80.14,3525933.0,28280094.777
2026-04-03 21:00:00,80.14,80.66,80.07,80.36,6562770.0,52731727.152
2026-04-03 22:00:00,80.36,80.46,79.9,80.11,5693953.0,45656845.549
2026-04-03 23:00:00,80.11,80.5,80.04,80.35,3764587.0,30204284.085
2026-04-04 00:00:00,80.35,80.35,80.09,80.18,3519933.0,28235729.81
2026-04-04 01:00:00,80.18,80.29,79.99,80.09,2673051.0,21409984.118
2026-04-04 02:00:00,80.09,80.24,80.01,80.13,1991127.0,15953859.669
2026-04-04 03:00:00,80.13,80.23,80.08,80.09,1404192.0,11254736.778
2026-04-04 04:00:00,80.09,80.28,80.09,80.2,982614.0,7879015.878
2026-04-04 05:00:00,80.2,80.23,80.06,80.14,1932022.0,15483406.04
2026-04-04 06:00:00,80.14,80.5,80.09,80.42,3244588.0,26052404.239
2026-04-04 07:00:00,80.42,80.43,80.15,80.27,2488799.0,19972938.194
2026-04-04 08:00:00,80.27,80.35,79.85,79.93,3843276.0,30785111.13
2026-04-04 09:00:00,79.93,80.07,79.84,79.99,3152746.0,25206327.442
2026-04-04 10:00:00,79.99,80.27,79.95,80.19,4489437.0,35962039.061
2026-04-04 11:00:00,80.19,80.26,79.98,80.15,3424370.0,27437892.865
2026-04-04 12:00:00,80.15,80.21,79.94,80.05,2852732.0,22844226.052
2026-04-04 13:00:00,80.05,80.18,79.84,79.98,4777666.0,38237699.815
2026-04-04 14:00:00,79.98,80.35,79.53,80.32,7188346.0,57421464.027
2026-04-04 15:00:00,80.32,81.62,80.23,81.06,17083702.0,138297206.541
2026-04-04 16:00:00,81.06,81.32,80.67,80.7,10227755.0,82920077.872
2026-04-04 17:00:00,80.7,81.0,80.56,80.88,5350544.0,43249629.833
2026-04-04 18:00:00,80.88,81.1,80.65,80.79,5787928.0,46785979.538
2026-04-04 19:00:00,80.79,81.27,80.66,80.79,8095875.0,65501063.092
2026-04-04 20:00:00,80.79,80.82,80.57,80.74,4843790.0,39094875.678
2026-04-04 21:00:00,80.74,80.99,80.7,80.89,4596060.0,37159374.974
2026-04-04 22:00:00,80.89,81.02,80.83,80.95,2341914.0,18950397.597
2026-04-04 23:00:00,80.95,80.95,80.65,80.79,2826118.0,22823348.809
2026-04-05 00:00:00,80.79,80.81,80.42,80.64,3163560.0,25511084.864
2026-04-05 01:00:00,80.64,80.75,80.43,80.46,3053202.0,24612233.449
2026-04-05 02:00:00,80.46,80.62,80.26,80.54,3304059.0,26574413.13
2026-04-05 03:00:00,80.54,80.57,80.34,80.51,1290615.0,10384308.494
2026-04-05 04:00:00,80.51,80.52,80.22,80.28,1836412.0,14761694.191
2026-04-05 05:00:00,80.28,80.37,80.04,80.25,3848851.0,30878721.956
2026-04-05 06:00:00,80.25,80.33,79.33,79.55,9081124.0,72396953.463
2026-04-05 07:00:00,79.55,79.84,79.47,79.56,3460713.0,27553397.722
2026-04-05 08:00:00,79.56,79.66,79.48,79.56,2723532.0,21674020.46
2026-04-05 09:00:00,79.56,79.82,79.56,79.79,3331450.0,26564590.385
2026-04-05 10:00:00,79.79,80.2,79.73,79.8,5059215.0,40420920.186
2026-04-05 11:00:00,79.8,79.88,79.7,79.87,3103252.0,24765449.325
2026-04-05 12:00:00,79.87,79.91,78.74,78.95,10281605.0,81452787.736
2026-04-05 13:00:00,78.95,79.2,78.44,79.15,10219531.0,80576569.689
2026-04-05 14:00:00,79.15,79.45,79.06,79.24,6544827.0,51889534.903
2026-04-05 15:00:00,79.24,80.3,78.93,79.56,14248341.0,113404835.786
2026-04-05 16:00:00,79.56,79.78,79.31,79.42,7508316.0,59741826.238
2026-04-05 17:00:00,79.42,79.88,79.29,79.85,6293327.0,50111306.666
2026-04-05 18:00:00,79.85,80.09,79.66,79.89,5405892.0,43179557.775
2026-04-05 19:00:00,79.89,80.19,79.47,79.77,6812345.0,54369062.723
2026-04-05 20:00:00,79.77,80.19,79.76,80.12,7303992.0,58392138.21
2026-04-05 21:00:00,80.12,80.17,79.45,79.7,5917691.0,47194107.82
2026-04-05 22:00:00,79.7,80.67,79.04,80.54,13282322.0,106018998.498
2026-04-05 23:00:00,80.54,82.11,80.42,81.86,16801053.0,136918636.036
2026-04-06 00:00:00,81.86,82.95,81.86,82.3,16362881.0,134918847.869
2026-04-06 01:00:00,82.3,82.4,81.62,81.66,5787854.0,47414912.179
2026-04-06 02:00:00,81.66,82.78,81.62,82.38,6147413.0,50637785.951
2026-04-06 03:00:00,82.38,82.46,81.9,82.07,2996069.0,24589687.129
2026-04-06 04:00:00,82.07,82.37,81.76,81.97,3896719.0,31956036.993
2026-04-06 05:00:00,81.97,82.05,81.8,81.87,3022488.0,24758786.757
2026-04-06 06:00:00,81.87,82.13,80.91,81.46,8044116.0,65561687.256
2026-04-06 07:00:00,81.46,81.96,81.3,81.77,5293213.0,43200253.566
2026-04-06 08:00:00,81.77,82.22,81.65,81.94,4797538.0,39305242.812
2026-04-06 09:00:00,81.94,83.2,81.84,82.42,12411459.0,102496583.244
2026-04-06 10:00:00,82.42,82.87,82.42,82.64,6051389.0,49999018.846
2026-04-06 11:00:00,82.64,82.66,82.27,82.39,6040997.0,49795303.375
2026-04-06 12:00:00,82.39,82.49,82.14,82.25,6310026.0,51942600.202
2026-04-06 13:00:00,82.25,82.64,82.11,82.43,8768668.0,72234948.489
2026-04-06 14:00:00,82.43,82.76,81.68,82.18,14942247.0,122951808.242
2026-04-06 15:00:00,82.18,82.42,81.95,82.25,5922057.0,48643667.486
2026-04-06 16:00:00,82.25,82.45,81.54,81.57,7582716.0,62187491.854
2026-04-06 17:00:00,81.57,81.75,81.12,81.61,9877938.0,80462533.728
2026-04-06 18:00:00,81.61,82.2,81.5,81.83,9660037.0,79122644.773
2026-04-06 19:00:00,81.83,81.98,81.48,81.85,7418581.0,60590362.85
2026-04-06 20:00:00,81.85,82.11,81.75,81.94,7083670.0,58065289.976
2026-04-06 21:00:00,81.94,81.94,81.31,81.42,7137302.0,58253122.218
2026-04-06 22:00:00,81.42,81.47,80.09,80.11,12708809.0,102787242.673
2026-04-06 23:00:00,80.11,80.21,79.51,79.97,15341006.0,122538446.158
2026-04-07 00:00:00,79.97,80.17,79.52,79.83,6992447.0,55816694.877
2026-04-07 01:00:00,79.83,80.08,79.3,79.46,6312070.0,50335664.81
2026-04-07 02:00:00,79.46,79.85,79.41,79.66,3876519.0,30857908.07
2026-04-07 03:00:00,79.66,79.85,79.62,79.74,1955178.0,15590375.723
2026-04-07 04:00:00,79.74,80.11,79.6,79.87,2973153.0,23736311.099
2026-04-07 05:00:00,79.87,79.91,79.38,79.55,4922368.0,39193083.642
2026-04-07 06:00:00,79.55,79.59,79.22,79.47,4147049.0,32929498.122
2026-04-07 07:00:00,79.47,79.9,79.39,79.82,3796481.0,30251826.574
2026-04-07 08:00:00,79.82,80.39,79.76,80.1,8112640.0,64956618.03
2026-04-07 09:00:00,80.1,80.55,80.09,80.34,7874061.0,63256824.354
2026-04-07 10:00:00,80.34,80.43,79.16,79.33,12289689.0,98012071.623
2026-04-07 11:00:00,79.33,79.5,78.86,79.17,9122734.0,72254904.211
2026-04-07 12:00:00,79.17,79.36,78.61,79.1,8161504.0,64434355.614
2026-04-07 13:00:00,79.1,79.2,78.77,78.83,6991000.0,55214420.265
2026-04-07 14:00:00,78.83,79.06,78.31,78.54,12750260.0,100331944.617
2026-04-07 15:00:00,78.54,78.95,78.32,78.83,9184244.0,72273437.641
2026-04-07 16:00:00,78.83,79.15,78.59,78.85,9403002.0,74174505.845
2026-04-07 17:00:00,78.85,80.98,78.78,80.04,15598319.0,124487075.145
2026-04-07 18:00:00,80.04,80.17,79.47,79.9,8918115.0,71217405.939
2026-04-07 19:00:00,79.9,81.82,79.85,81.57,23529611.0,190362835.786
2026-04-07 20:00:00,81.57,82.38,81.57,81.9,20359047.0,166970542.312
2026-04-07 21:00:00,81.9,83.27,81.84,82.88,18995087.0,156909323.588
2026-04-07 22:00:00,82.88,85.22,82.88,85.22,24130815.0,202551448.389
2026-04-07 23:00:00,85.22,87.06,85.07,85.53,22640453.0,194408958.867
2026-04-08 00:00:00,85.53,85.89,84.23,84.75,17304301.0,147033781.84
2026-04-08 01:00:00,84.75,84.97,84.42,84.67,5885455.0,49834449.6
2026-04-08 02:00:00,84.67,84.95,84.36,84.57,4031619.0,34124156.08
2026-04-08 03:00:00,84.57,84.66,84.34,84.53,2539405.0,21463326.74
2026-04-08 04:00:00,84.53,85.0,84.45,84.46,3701325.0,31371852.495
2026-04-08 05:00:00,84.46,84.74,84.13,84.2,3156563.0,26669417.043
2026-04-08 06:00:00,84.2,84.7,83.83,84.52,6170598.0,52077739.026
2026-04-08 07:00:00,84.52,84.7,84.18,84.47,4597883.0,38801923.288
2026-04-08 08:00:00,84.47,84.85,84.4,84.84,5276181.0,44611144.003
2026-04-08 09:00:00,84.84,84.95,84.5,84.63,5582334.0,47299796.634
2026-04-08 10:00:00,84.63,84.79,84.46,84.48,5174206.0,43774288.634
2026-04-08 11:00:00,84.48,84.83,84.11,84.43,9034351.0,76306862.051
2026-04-08 12:00:00,84.43,84.65,84.07,84.5,6405074.0,54083153.189
2026-04-08 13:00:00,84.5,84.96,83.86,84.02,13149911.0,110960443.832
2026-04-08 14:00:00,84.02,84.12,82.47,82.86,18295898.0,152235228.008
2026-04-08 15:00:00,82.86,83.47,82.75,83.29,9630493.0,80052213.849
2026-04-08 16:00:00,83.29,83.61,83.01,83.45,7250832.0,60384957.805
2026-04-08 17:00:00,83.45,84.16,83.27,83.94,10575922.0,88521072.436
2026-04-08 18:00:00,83.94,83.99,82.76,82.89,11547479.0,96241433.88
2026-04-08 19:00:00,82.89,83.19,82.73,83.16,8731464.0,72408778.321
2026-04-08 20:00:00,83.16,83.34,82.96,83.23,5449512.0,45320089.658
2026-04-08 21:00:00,83.23,83.58,83.12,83.37,6529455.0,54436567.437
2026-04-08 22:00:00,83.37,83.45,82.55,82.58,7780488.0,64492738.115
2026-04-08 23:00:00,82.58,82.98,82.19,82.52,8432276.0,69563324.336
2026-04-09 00:00:00,82.52,82.62,82.02,82.16,5977246.0,49204980.166
2026-04-09 01:00:00,82.16,82.28,81.65,82.18,5888688.0,48264500.129
2026-04-09 02:00:00,82.18,82.4,82.02,82.09,3463859.0,28466407.502
2026-04-09 03:00:00,82.09,82.14,81.84,81.98,3509415.0,28775114.275
2026-04-09 04:00:00,81.98,81.99,81.78,81.8,2777210.0,22740124.332
2026-04-09 05:00:00,81.8,82.3,81.69,82.12,3877566.0,31796052.907
2026-04-09 06:00:00,82.12,82.33,81.78,82.12,5014283.0,41159135.49
2026-04-09 07:00:00,82.12,82.44,82.12,82.23,3601558.0,29634954.328
2026-04-09 08:00:00,82.23,82.62,82.06,82.43,6448370.0,53106129.972
2026-04-09 09:00:00,82.43,82.63,82.08,82.56,5660819.0,46608432.944
2026-04-09 10:00:00,82.56,82.63,82.3,82.54,4803221.0,39622318.351
2026-04-09 11:00:00,82.54,82.69,81.98,82.14,7838488.0,64462116.949
2026-04-09 12:00:00,82.14,82.34,81.92,82.24,7520176.0,61774659.715
2026-04-09 13:00:00,82.24,82.39,81.51,81.82,8891247.0,72864704.498
2026-04-09 14:00:00,81.82,82.28,81.35,82.14,12587597.0,102962774.312
2026-04-09 15:00:00,82.14,83.89,81.85,83.7,18307840.0,151756302.509
2026-04-09 16:00:00,83.7,84.23,82.86,83.64,15988461.0,133555847.966
2026-04-09 17:00:00,83.64,84.65,83.63,84.61,14781891.0,124339868.309
2026-04-09 18:00:00,84.61,84.67,83.38,83.8,11621519.0,97572672.173
2026-04-09 19:00:00,83.8,84.28,83.37,84.11,10003669.0,83902375.948
2026-04-09 20:00:00,84.11,84.49,84.04,84.21,8688336.0,73224535.837
2026-04-09 21:00:00,84.21,84.72,84.1,84.23,9815983.0,82769145.913
2026-04-09 22:00:00,84.23,85.93,83.89,83.94,15903053.0,134849452.475
2026-04-09 23:00:00,83.94,84.03,83.1,83.28,8013714.0,66913886.463
2026-04-10 00:00:00,83.28,83.32,82.84,83.07,6154974.0,51124002.955
2026-04-10 01:00:00,83.07,83.74,82.76,83.14,6108034.0,50842463.728
2026-04-10 02:00:00,83.14,83.42,83.0,83.21,2457157.0,20452818.536
2026-04-10 03:00:00,83.21,83.22,82.65,82.85,3618205.0,29994147.119
2026-04-10 04:00:00,82.85,83.48,82.84,83.25,2072641.0,17221945.204
2026-04-10 05:00:00,83.25,83.55,83.05,83.36,3207481.0,26730722.011
2026-04-10 06:00:00,83.36,83.44,83.06,83.15,3531732.0,29394395.457
2026-04-10 07:00:00,83.15,83.23,82.82,82.92,4237443.0,35193272.915
2026-04-10 08:00:00,82.92,83.09,82.66,82.88,5862510.0,48595497.607
2026-04-10 09:00:00,82.88,83.55,82.87,83.49,6680518.0,55632964.956
2026-04-10 10:00:00,83.49,83.5,83.06,83.25,4634864.0,38591157.974
2026-04-10 11:00:00,83.25,83.73,83.25,83.49,8469433.0,70766499.43
2026-04-10 12:00:00,83.49,84.4,83.32,84.08,14926236.0,125133328.64
2026-04-10 13:00:00,84.08,84.35,83.53,84.22,10950376.0,91925614.051
2026-04-10 14:00:00,84.22,85.2,84.14,85.05,12122383.0,102730774.599
2026-04-10 15:00:00,85.05,85.57,84.02,84.19,12775276.0,108343779.501
2026-04-10 16:00:00,84.19,84.91,84.08,84.8,7967593.0,67338368.322
2026-04-10 17:00:00,84.8,84.86,84.41,84.82,6527408.0,55274472.897
2026-04-10 18:00:00,84.82,85.24,84.57,85.17,5694722.0,48338310.094
2026-04-10 19:00:00,85.17,85.45,85.06,85.41,6937367.0,59133520.239
2026-04-10 20:00:00,85.41,85.66,84.99,85.41,7663169.0,65356521.661
2026-04-10 21:00:00,85.41,85.41,84.9,85.19,5703017.0,48526366.203
2026-04-10 22:00:00,85.19,85.24,84.58,84.84,3614531.0,30685838.091
2026-04-10 23:00:00,84.84,84.93,84.69,84.78,2817365.0,23884293.181
2026-04-11 00:00:00,84.78,84.81,84.48,84.63,2767114.0,23416657.929
2026-04-11 01:00:00,84.63,84.69,84.34,84.61,2111954.0,17848670.231
2026-04-11 02:00:00,84.61,84.89,84.54,84.75,2200747.0,18646900.381
2026-04-11 03:00:00,84.75,84.85,84.27,84.36,2595127.0,21967075.958
2026-04-11 04:00:00,84.36,84.57,84.15,84.33,3160856.0,26651363.434
2026-04-11 05:00:00,84.33,84.36,84.03,84.04,2868863.0,24153533.529
2026-04-11 06:00:00,84.04,84.11,83.82,84.08,3282070.0,27559305.576
2026-04-11 07:00:00,84.08,84.3,84.01,84.22,2726738.0,22949064.908
2026-04-11 08:00:00,84.22,84.38,84.1,84.1,2764221.0,23290540.981
2026-04-11 09:00:00,84.1,84.76,84.1,84.45,5052656.0,42678077.292
2026-04-11 10:00:00,84.45,84.47,83.9,84.0,5077046.0,42716382.978
2026-04-11 11:00:00,84.0,84.23,83.75,84.19,4305533.0,36179488.344
2026-04-11 12:00:00,84.19,84.48,84.01,84.18,4714428.0,39692542.891
2026-04-11 13:00:00,84.18,84.27,83.78,84.05,5521478.0,46417523.786
2026-04-11 14:00:00,84.05,84.4,83.96,84.34,4050152.0,34117307.005
2026-04-11 15:00:00,84.34,84.84,84.2,84.62,7231300.0,61166894.249
2026-04-11 16:00:00,84.62,85.36,84.56,84.94,8953789.0,75984046.691
2026-04-11 17:00:00,84.94,84.98,84.63,84.76,5345837.0,45334032.296
2026-04-11 18:00:00,84.76,85.78,84.59,85.45,9582981.0,81680848.448
2026-04-11 19:00:00,85.45,86.24,85.37,85.98,11131881.0,95549629.445
2026-04-11 20:00:00,85.98,86.06,85.05,85.37,11703041.0,100015377.559
2026-04-11 21:00:00,85.37,85.51,85.14,85.29,4957240.0,42303103.378
2026-04-11 22:00:00,85.29,86.15,85.01,85.24,9121550.0,77945578.511
2026-04-11 23:00:00,85.24,85.24,84.44,84.88,6746822.0,57228966.298
2026-04-12 00:00:00,84.88,84.97,84.66,84.85,3476226.0,29493584.798
2026-04-12 01:00:00,84.85,84.93,81.98,82.24,12793678.0,106455231.664
2026-04-12 02:00:00,82.24,82.92,81.81,82.61,6907898.0,56955280.441
2026-04-12 03:00:00,82.61,82.74,82.27,82.28,3366741.0,27770844.344
2026-04-12 04:00:00,82.28,82.41,82.09,82.17,4673125.0,38425149.378
2026-04-12 05:00:00,82.17,82.42,82.01,82.35,4195775.0,34504868.127
2026-04-12 06:00:00,82.35,82.44,82.15,82.21,2727422.0,22442187.087
2026-04-12 07:00:00,82.21,82.39,82.17,82.24,2812919.0,23147904.766
2026-04-12 08:00:00,82.24,82.24,82.07,82.24,2937351.0,24137851.793
2026-04-12 09:00:00,82.24,82.38,82.07,82.15,3923571.0,32251001.437
2026-04-12 10:00:00,82.15,82.3,81.88,81.98,4285288.0,35196358.184
2026-04-12 11:00:00,81.98,82.33,81.89,82.16,4666944.0,38315258.539
2026-04-12 12:00:00,82.16,82.51,81.83,81.97,9261002.0,76136039.424
2026-04-12 13:00:00,81.97,82.18,81.69,81.84,8146057.0,66746566.449
2026-04-12 14:00:00,81.84,82.06,81.22,81.51,11250682.0,91814835.162
2026-04-12 15:00:00,81.51,81.78,81.26,81.55,6355808.0,51817078.508
2026-04-12 16:00:00,81.55,81.84,81.47,81.82,5262147.0,42978194.028
2026-04-12 17:00:00,81.82,82.27,81.69,82.12,8654765.0,70933163.05
2026-04-12 18:00:00,82.12,82.3,81.98,82.07,5245790.0,43065881.51
2026-04-12 19:00:00,82.07,82.27,81.86,81.93,5617830.0,46098081.683
2026-04-12 20:00:00,81.93,82.86,81.86,82.64,10209147.0,84072365.902
2026-04-12 21:00:00,82.64,82.86,82.36,82.76,8292481.0,68505943.477
2026-04-12 22:00:00,82.76,82.78,81.32,81.94,15872384.0,129982682.247
2026-04-12 23:00:00,81.94,81.94,81.25,81.49,7918776.0,64545845.502
2026-04-13 00:00:00,81.49,82.19,81.36,82.1,9364824.0,76625162.531
2026-04-13 01:00:00,82.1,82.3,81.91,82.27,5794262.0,47577105.333
2026-04-13 02:00:00,82.27,82.4,81.83,81.89,6574701.0,53985418.771
2026-04-13 03:00:00,81.89,82.02,81.68,81.87,4484139.0,36708489.899
2026-04-13 04:00:00,81.87,82.21,81.8,81.87,5698703.0,46714942.26
2026-04-13 05:00:00,81.87,81.95,81.48,81.8,5150506.0,42079215.106
2026-04-13 06:00:00,81.8,82.57,81.77,82.3,6761326.0,55592776.835
2026-04-13 07:00:00,82.3,82.36,81.79,82.13,5529840.0,45363632.327
2026-04-13 08:00:00,82.13,82.25,81.67,81.81,5812619.0,47616601.826
2026-04-13 09:00:00,81.81,82.17,81.75,81.81,5356729.0,43902168.59
2026-04-13 10:00:00,81.81,81.94,81.61,81.7,4118977.0,33684158.304
2026-04-13 11:00:00,81.7,82.01,81.65,81.82,5248665.0,42949285.017
2026-04-13 12:00:00,81.82,82.78,81.77,82.51,10457373.0,86015540.273
2026-04-13 13:00:00,82.51,83.68,82.25,83.59,18500941.0,153363569.139
2026-04-13 14:00:00,83.59,83.78,82.73,83.75,20011379.0,166601391.488
2026-04-13 15:00:00,83.75,83.85,82.3,82.62,18874362.0,156306142.126
2026-04-13 16:00:00,82.62,83.6,82.3,83.33,17484349.0,145286140.816
2026-04-13 17:00:00,83.33,83.82,82.98,83.02,10843313.0,90415243.343
2026-04-13 18:00:00,83.02,83.25,82.54,83.19,8999942.0,74680119.59
2026-04-13 19:00:00,83.19,84.24,83.06,84.07,16885218.0,141348695.444
2026-04-13 20:00:00,84.07,84.34,83.77,83.89,12363226.0,103881567.116
2026-04-13 21:00:00,83.89,84.14,83.81,83.92,6632002.0,55673355.003
2026-04-13 22:00:00,83.92,86.45,83.91,86.2,31097093.0,265934378.557
2026-04-13 23:00:00,86.2,86.8,85.87,86.5,18029811.0,155707230.866
2026-04-14 00:00:00,86.5,86.73,85.72,85.88,9622061.0,82961333.122
2026-04-14 01:00:00,85.88,86.11,85.65,85.94,3336434.0,28665182.736
2026-04-14 02:00:00,85.94,86.39,85.85,86.19,3234696.0,27865527.444
2026-04-14 03:00:00,86.19,86.27,85.93,86.02,2622638.0,22583904.074
2026-04-14 04:00:00,86.02,86.04,85.54,85.89,3379851.0,28999178.261
2026-04-14 05:00:00,85.89,85.9,85.41,85.49,3563049.0,30522600.899
2026-04-14 06:00:00,85.49,86.06,85.48,85.93,4583140.0,39300099.066
2026-04-14 07:00:00,85.93,86.17,85.75,85.87,6140499.0,52767612.973
2026-04-14 08:00:00,85.87,86.35,85.65,86.09,6784670.0,58343508.014
2026-04-14 09:00:00,86.09,86.23,85.93,86.06,5465566.0,47042297.623
2026-04-14 10:00:00,86.06,86.52,85.96,85.98,10037373.0,86517851.808
2026-04-14 11:00:00,85.98,86.09,85.56,85.75,7300747.0,62659960.353
2026-04-14 12:00:00,85.75,85.96,85.53,85.92,5965093.0,51162405.58
2026-04-14 13:00:00,85.92,87.39,85.87,87.27,22067334.0,191407445.481
2026-04-14 14:00:00,87.27,87.64,85.92,85.92,25597204.0,222165113.391
2026-04-14 15:00:00,85.92,86.26,85.2,85.93,20108504.0,172437569.47
2026-04-14 16:00:00,85.93,86.13,84.72,85.0,13931775.0,119035343.047
2026-04-14 17:00:00,85.0,85.44,84.66,85.21,12311000.0,104727625.48
2026-04-14 18:00:00,85.21,85.39,83.84,84.04,13460429.0,113917484.601
2026-04-14 19:00:00,84.04,84.29,83.66,83.86,12203819.0,102544118.742
2026-04-14 20:00:00,83.86,84.13,83.35,83.57,10923116.0,91380114.399
2026-04-14 21:00:00,83.57,83.94,83.5,83.77,6715648.0,56197437.0
2026-04-14 22:00:00,83.77,83.89,83.25,83.46,7357952.0,61451525.197
2026-04-14 23:00:00,83.46,84.01,83.41,83.66,4810551.0,40259947.773
2026-04-15 00:00:00,83.66,84.01,83.5,83.73,6625297.0,55485838.923
2026-04-15 01:00:00,83.73,83.98,83.51,83.86,3705742.0,31033644.26
2026-04-15 02:00:00,83.86,83.95,83.06,83.34,6214474.0,51822442.294
2026-04-15 03:00:00,83.34,83.47,83.23,83.42,2546531.0,21224114.135
2026-04-15 04:00:00,83.42,83.62,83.29,83.54,3334154.0,27831060.715
2026-04-15 05:00:00,83.54,83.74,82.89,83.08,6616214.0,55060163.114
2026-04-15 06:00:00,83.08,83.09,82.73,82.95,5721638.0,47457467.739
2026-04-15 07:00:00,82.95,83.17,82.59,82.88,6904026.0,57173619.033
2026-04-15 08:00:00,82.88,83.24,82.68,83.08,5982901.0,49652204.608
2026-04-15 09:00:00,83.08,83.19,82.81,83.12,6166429.0,51188957.903
2026-04-15 10:00:00,83.12,83.61,82.85,83.1,7930199.0,65951045.503
2026-04-15 11:00:00,83.1,83.64,83.0,83.55,5920400.0,49331463.741
2026-04-15 12:00:00,83.55,83.84,83.33,83.66,6355080.0,53116240.219
2026-04-15 13:00:00,83.66,83.78,83.15,83.59,12085284.0,100863500.325
2026-04-15 14:00:00,83.59,84.47,83.34,84.26,19932230.0,167567204.703
2026-04-15 15:00:00,84.26,84.45,83.44,83.95,17234685.0,144693744.171
2026-04-15 16:00:00,83.95,84.68,83.84,84.5,17784111.0,150102632.54
2026-04-15 17:00:00,84.5,85.13,84.37,84.67,15454414.0,130957067.42
2026-04-15 18:00:00,84.67,85.03,84.49,84.99,9179215.0,77886299.594
2026-04-15 19:00:00,84.99,85.81,84.9,85.47,14722968.0,125645372.588
2026-04-15 20:00:00,85.47,85.55,84.56,84.76,9095902.0,77213949.515
2026-04-15 21:00:00,84.76,84.86,84.15,84.75,6526584.0,55150027.817
2026-04-15 22:00:00,84.75,85.59,84.69,84.99,8166765.0,69548465.13
2026-04-15 23:00:00,84.99,84.99,84.59,84.82,5852168.0,49626988.969
2026-04-16 00:00:00,84.82,85.03,84.44,84.89,3774970.0,31997298.437
2026-04-16 01:00:00,84.89,84.9,84.43,84.82,2509447.0,21259652.292
2026-04-16 02:00:00,84.82,85.55,84.67,85.07,5260992.0,44786245.377
2026-04-16 03:00:00,85.07,85.47,85.04,85.26,3643385.0,31062826.518
2026-04-16 04:00:00,85.26,85.53,84.92,85.19,2915634.0,24855453.51
2026-04-16 05:00:00,85.19,85.5,84.99,85.37,2975924.0,25377543.127
2026-04-16 06:00:00,85.37,85.5,85.13,85.43,2698475.0,23030578.44
2026-04-16 07:00:00,85.43,85.61,85.06,85.16,5562685.0,47490130.36
2026-04-16 08:00:00,85.16,85.27,84.84,84.99,8242129.0,70118149.127
2026-04-16 09:00:00,84.99,85.47,84.91,85.15,5023100.0,42816576.127
2026-04-16 10:00:00,85.15,85.2,84.56,85.0,9649376.0,81980234.78
2026-04-16 11:00:00,85.0,85.14,84.89,85.03,3824095.0,32496527.663
2026-04-16 12:00:00,85.03,85.48,85.0,85.33,6285724.0,53596764.52
2026-04-16 13:00:00,85.33,86.25,83.75,84.74,25290217.0,215716099.022
2026-04-16 14:00:00,84.74,85.66,83.99,85.35,21412239.0,181396805.14
2026-04-16 15:00:00,85.35,87.11,85.26,86.58,24183950.0,208821845.148
2026-04-16 16:00:00,86.58,87.07,85.58,85.89,17093192.0,147745268.588
2026-04-16 17:00:00,85.89,86.76,85.66,86.61,10834012.0,93311003.345
2026-04-16 18:00:00,86.61,89.06,86.46,88.96,30096650.0,264123539.714
2026-04-16 19:00:00,88.96,90.11,88.59,90.07,25385513.0,226825732.23
2026-04-16 20:00:00,90.07,90.44,89.22,89.55,20904343.0,187718704.933
2026-04-16 21:00:00,89.55,89.74,88.68,88.9,13169611.0,117376677.058
2026-04-16 22:00:00,88.9,89.45,88.82,88.97,11064801.0,98599386.122
2026-04-16 23:00:00,88.97,89.19,88.78,89.03,4970976.0,44221838.21
2026-04-17 00:00:00,89.03,89.15,88.54,88.77,4309435.0,38275122.003
2026-04-17 01:00:00,88.77,88.98,87.86,88.2,6999323.0,61827120.163
2026-04-17 02:00:00,88.2,88.33,87.47,87.83,6825185.0,59949819.768
2026-04-17 03:00:00,87.83,87.94,87.43,87.66,3403114.0,29848077.892
2026-04-17 04:00:00,87.66,88.25,87.64,87.94,4269238.0,37569652.832
2026-04-17 05:00:00,87.94,87.95,87.24,87.34,6981528.0,61120890.621
2026-04-17 06:00:00,87.34,88.05,87.3,87.96,6947220.0,60962475.476
2026-04-17 07:00:00,87.96,88.44,87.93,88.1,7773101.0,68546816.441
2026-04-17 08:00:00,88.1,89.03,88.07,88.91,11122862.0,98460902.842
2026-04-17 09:00:00,88.91,89.48,88.18,88.65,14310151.0,126907479.586
2026-04-17 10:00:00,88.65,88.69,87.26,87.62,13898186.0,122144915.321
2026-04-17 11:00:00,87.62,88.28,87.57,88.16,6890923.0,60603897.827
2026-04-17 12:00:00,88.16,88.87,87.85,88.84,11429045.0,100960977.426
2026-04-17 13:00:00,88.84,90.5,88.52,90.09,35140894.0,314903425.905
2026-04-17 14:00:00,90.09,90.72,89.57,89.98,18080667.0,162823434.673
2026-04-17 15:00:00,89.98,90.14,89.43,89.9,12061157.0,108309399.937
2026-04-17 16:00:00,89.9,90.56,89.85,90.38,13204598.0,119044493.536
2026-04-17 17:00:00,90.38,90.39,89.03,89.69,13868903.0,124373892.999
2026-04-17 18:00:00,89.69,89.8,88.82,89.11,10880557.0,96966423.6
2026-04-17 19:00:00,89.11,89.47,88.87,89.17,8302067.0,74082726.262
2026-04-17 20:00:00,89.17,89.34,88.44,88.95,9677290.0,85942189.799
2026-04-17 21:00:00,88.95,89.25,88.72,89.07,4729304.0,42114614.653
2026-04-17 22:00:00,89.07,89.42,88.89,89.18,4301765.0,38361929.573
2026-04-17 23:00:00,89.18,89.18,88.42,88.72,5477561.0,48626913.134
2026-04-18 00:00:00,88.72,89.09,88.61,88.9,3367610.0,29914970.114
2026-04-18 01:00:00,88.9,89.13,88.64,88.81,3773044.0,33535329.354
2026-04-18 02:00:00,88.81,89.05,88.61,88.86,2346515.0,20850437.313
2026-04-18 03:00:00,88.86,88.86,88.17,88.25,2256533.0,19983039.511
2026-04-18 04:00:00,88.25,88.5,88.18,88.3,2573873.0,22738604.45
2026-04-18 05:00:00,88.3,88.6,88.1,88.35,3697813.0,32657104.212
2026-04-18 06:00:00,88.35,88.56,88.25,88.46,2506301.0,22163434.725
2026-04-18 07:00:00,88.46,88.5,88.24,88.39,2923648.0,25840195.608
2026-04-18 08:00:00,88.39,88.45,87.05,87.49,13276645.0,116293718.058
2026-04-18 09:00:00,87.49,87.63,87.08,87.56,6478549.0,56627990.5
2026-04-18 10:00:00,87.56,87.59,86.67,86.91,9226515.0,80268340.135
2026-04-18 11:00:00,86.91,86.92,86.22,86.49,11886518.0,102902756.898
2026-04-18 12:00:00,86.49,86.92,86.44,86.84,6519039.0,56533629.803
2026-04-18 13:00:00,86.84,86.94,86.25,86.69,6839617.0,59248522.751
2026-04-18 14:00:00,86.69,86.82,86.38,86.78,4183309.0,36254651.881
2026-04-18 15:00:00,86.78,86.92,86.51,86.71,4014253.0,34811628.053
2026-04-18 16:00:00,86.71,86.97,86.4,86.65,4930056.0,42733438.891
2026-04-18 17:00:00,86.65,86.79,86.46,86.7,3725569.0,32281285.051
2026-04-18 18:00:00,86.7,86.7,85.72,85.91,11694625.0,100771032.536
2026-04-18 19:00:00,85.91,86.24,85.88,86.09,3971629.0,34192470.231
2026-04-18 20:00:00,86.09,86.27,85.95,86.13,3081199.0,26532124.723
2026-04-18 21:00:00,86.13,86.22,85.99,86.17,3795710.0,32689193.848
2026-04-18 22:00:00,86.17,86.35,85.86,86.25,4576644.0,39408375.435
2026-04-18 23:00:00,86.25,86.43,86.08,86.09,3529915.0,30437915.626
2026-04-19 00:00:00,86.09,86.33,85.81,85.97,4611077.0,39666643.534
2026-04-19 01:00:00,85.97,86.18,85.54,85.71,5095121.0,43698101.191
2026-04-19 02:00:00,85.71,85.82,85.19,85.48,5058293.0,43248807.355
2026-04-19 03:00:00,85.48,85.75,85.25,85.55,2829468.0,24205906.791
2026-04-19 04:00:00,85.55,85.93,85.08,85.52,3959133.0,33864388.669
2026-04-19 05:00:00,85.52,85.74,85.34,85.43,3543803.0,30296147.265
2026-04-19 06:00:00,85.43,85.61,85.05,85.39,4538650.0,38737915.836
2026-04-19 07:00:00,85.39,85.4,84.36,84.82,11698492.0,99106298.58
2026-04-19 08:00:00,84.82,85.09,84.56,84.75,7439005.0,63089957.304
2026-04-19 09:00:00,84.75,84.99,84.5,84.55,5253285.0,44498988.107
2026-04-19 10:00:00,84.55,84.86,84.39,84.73,4384967.0,37105055.651
2026-04-19 11:00:00,84.73,85.68,84.71,85.55,11300283.0,96426718.032
2026-04-19 12:00:00,85.55,85.88,85.49,85.74,7597978.0,65060392.618
2026-04-19 13:00:00,85.74,86.89,85.7,86.28,16288172.0,140680790.321
2026-04-19 14:00:00,86.28,87.08,85.92,86.48,15821517.0,136885880.709
2026-04-19 15:00:00,86.48,86.63,85.52,86.31,13963308.0,120191316.762
2026-04-19 16:00:00,86.31,86.46,85.68,85.82,9493685.0,81711079.932
2026-04-19 17:00:00,85.82,85.95,84.95,85.08,14479456.0,123713960.692
2026-04-19 18:00:00,85.08,85.25,84.82,85.05,8086765.0,68753157.1
2026-04-19 19:00:00,85.05,85.53,85.05,85.28,6562259.0,55990327.945
2026-04-19 20:00:00,85.28,85.32,84.68,84.91,9590433.0,81520291.91
2026-04-19 21:00:00,84.91,85.2,84.55,84.65,6509831.0,55291577.096
2026-04-19 22:00:00,84.65,84.65,82.84,83.72,15777086.0,132118263.179
2026-04-19 23:00:00,83.72,83.72,83.28,83.41,6146964.0,51314244.844
2026-04-20 00:00:00,83.41,84.14,83.27,83.95,7807812.0,65354781.616
2026-04-20 01:00:00,83.95,84.51,83.88,84.29,4464149.0,37618527.844
2026-04-20 02:00:00,84.29,84.35,83.66,84.15,5163174.0,43386138.926
2026-04-20 03:00:00,84.15,84.58,84.07,84.53,4030851.0,33999566.105
2026-04-20 04:00:00,84.53,84.58,84.2,84.53,3011222.0,25415599.909
2026-04-20 05:00:00,84.53,84.55,83.67,83.82,7083045.0,59472843.782
2026-04-20 06:00:00,83.82,84.74,83.74,84.41,6145982.0,51769121.32
2026-04-20 07:00:00,84.41,85.74,84.4,84.7,9894889.0,84113342.169
2026-04-20 08:00:00,84.7,85.09,84.52,84.62,6149318.0,52110249.825
2026-04-20 09:00:00,84.62,85.2,84.57,85.03,7118378.0,60451007.722
2026-04-20 10:00:00,85.03,85.39,84.77,84.8,5350172.0,45512037.555
2026-04-20 11:00:00,84.8,85.34,84.71,85.0,6007621.0,51075358.984
2026-04-20 12:00:00,85.0,85.51,84.8,85.27,7332111.0,62447894.077
2026-04-20 13:00:00,85.27,85.49,84.81,85.26,15468098.0,131789028.318
2026-04-20 14:00:00,85.26,85.79,84.47,84.74,20698102.0,176203812.424
2026-04-20 15:00:00,84.74,85.86,84.36,85.83,15382094.0,131090242.283
2026-04-20 16:00:00,85.83,85.85,85.22,85.27,9623051.0,82273880.916
2026-04-20 17:00:00,85.27,86.1,85.21,85.66,14487355.0,124239445.422
2026-04-20 18:00:00,85.66,86.18,85.66,86.02,9883943.0,84977717.418
2026-04-20 19:00:00,86.02,86.06,85.7,85.77,3907409.0,33552748.315
2026-04-20 20:00:00,85.77,86.15,85.61,85.9,5707010.0,49008745.197
2026-04-20 21:00:00,85.9,86.18,85.45,85.75,6692167.0,57374513.721
2026-04-20 22:00:00,85.75,86.03,85.56,85.65,3735085.0,32031359.978
2026-04-20 23:00:00,85.65,85.65,85.17,85.24,3723991.0,31777643.3
2026-04-21 00:00:00,85.24,85.74,85.21,85.63,2973464.0,25416682.507
2026-04-21 01:00:00,85.63,85.81,85.3,85.39,3924644.0,33588293.275
2026-04-21 02:00:00,85.39,85.42,85.13,85.23,2446082.0,20853156.042
2026-04-21 03:00:00,85.23,85.47,84.96,85.14,5306382.0,45210905.28
2026-04-21 04:00:00,85.14,85.43,84.97,85.4,3655097.0,31129288.522
2026-04-21 05:00:00,85.4,85.81,85.37,85.63,4388996.0,37573375.726
2026-04-21 06:00:00,85.63,85.91,85.13,85.63,7576050.0,64796053.957
2026-04-21 07:00:00,85.63,85.92,85.35,85.65,7469074.0,63978248.886
2026-04-21 08:00:00,85.65,86.33,85.57,85.76,6299849.0,54099027.978
2026-04-21 09:00:00,85.76,85.84,85.46,85.83,7075668.0,60621652.704
2026-04-21 10:00:00,85.83,86.29,85.79,86.1,5563697.0,47847659.24
2026-04-21 11:00:00,86.1,86.13,85.66,85.8,7382792.0,63417810.079
2026-04-21 12:00:00,85.8,85.99,85.12,85.47,9729305.0,83196866.507
2026-04-21 13:00:00,85.47,85.83,85.24,85.78,11084701.0,94801831.524
2026-04-21 14:00:00,85.78,86.86,85.55,85.73,19645756.0,169255763.85
2026-04-21 15:00:00,85.73,86.25,85.34,85.99,14032880.0,120388357.358
2026-04-21 16:00:00,85.99,86.25,85.6,85.64,10277354.0,88346301.294
2026-04-21 17:00:00,85.64,85.76,84.65,85.28,15852412.0,135109594.378
2026-04-21 18:00:00,85.28,85.36,84.68,85.21,8663472.0,73652963.119
2026-04-21 19:00:00,85.21,85.69,84.26,84.53,13347640.0,113427417.789
2026-04-21 20:00:00,84.53,85.74,84.4,85.36,14061247.0,120045118.831
2026-04-21 21:00:00,85.36,85.53,84.96,85.1,6864720.0,58494032.822
2026-04-21 22:00:00,85.1,85.39,84.94,85.32,7821784.0,66619919.158
2026-04-21 23:00:00,85.32,86.1,85.28,86.01,6648089.0,56995687.461
2026-04-22 00:00:00,86.01,86.49,85.97,86.47,10626567.0,91642686.434
2026-04-22 01:00:00,86.47,86.51,86.05,86.22,4115928.0,35512385.191
2026-04-22 02:00:00,86.22,87.57,86.17,87.39,13027705.0,113461576.853
2026-04-22 03:00:00,87.39,87.85,87.09,87.23,8564007.0,74862306.873
2026-04-22 04:00:00,87.23,87.31,86.93,87.0,4077043.0,35519297.85
2026-04-22 05:00:00,87.0,88.33,86.96,88.0,10265751.0,90213301.831
2026-04-22 06:00:00,88.0,88.18,87.77,87.92,5609816.0,49347891.859
2026-04-22 07:00:00,87.92,88.26,87.67,88.03,6290532.0,55296233.222
2026-04-22 08:00:00,88.03,88.31,87.57,87.96,7253297.0,63718186.155
2026-04-22 09:00:00,87.96,88.87,87.81,88.27,7883299.0,69678483.522
2026-04-22 10:00:00,88.27,88.39,88.1,88.31,4529129.0,39966374.141
2026-04-22 11:00:00,88.31,88.48,88.13,88.29,6962090.0,61450903.792
2026-04-22 12:00:00,88.29,88.67,88.18,88.55,6079021.0,53745103.855
2026-04-22 13:00:00,88.55,89.16,88.41,89.08,11347985.0,100757668.263
2026-04-22 14:00:00,89.08,89.29,88.45,88.69,15132765.0,134584174.765
2026-04-22 15:00:00,88.69,88.75,88.0,88.13,11228963.0,99155513.503
2026-04-22 16:00:00,88.13,88.42,87.45,87.61,9866510.0,86743285.305
2026-04-22 17:00:00,87.61,87.98,87.59,87.8,6763775.0,59414020.659
2026-04-22 18:00:00,87.8,88.34,87.75,87.78,6276015.0,55280743.353
2026-04-22 19:00:00,87.78,87.81,87.06,87.34,10435811.0,91233295.936
2026-04-22 20:00:00,87.34,87.46,87.01,87.11,5604015.0,48872808.118
2026-04-22 21:00:00,87.11,87.61,87.07,87.55,5356087.0,46796361.511
2026-04-22 22:00:00,87.55,87.7,87.24,87.39,3692293.0,32269451.328
2026-04-22 23:00:00,87.39,87.43,86.75,86.83,5281603.0,45948749.264
2026-04-23 00:00:00,86.83,87.11,85.91,86.8,11667505.0,101036766.392
2026-04-23 01:00:00,86.8,86.84,86.08,86.39,5994774.0,51769808.986
2026-04-23 02:00:00,86.39,86.39,85.67,85.89,9400511.0,80799018.995
2026-04-23 03:00:00,85.89,86.04,85.42,85.73,8691237.0,74468588.63
2026-04-23 04:00:00,85.73,85.96,85.6,85.91,4263905.0,36582153.186
2026-04-23 05:00:00,85.91,86.09,85.47,85.83,8329837.0,71474559.631
2026-04-23 06:00:00,85.83,86.18,85.78,86.15,5151339.0,44310800.641
2026-04-23 07:00:00,86.15,86.17,85.8,85.85,5607823.0,48229137.141
2026-04-23 08:00:00,85.85,85.89,85.5,85.66,8122571.0,69602496.546
2026-04-23 09:00:00,85.66,85.66,85.21,85.47,8968619.0,76649524.947
2026-04-23 10:00:00,85.47,85.57,85.14,85.39,9310807.0,79435101.72
2026-04-23 11:00:00,85.39,85.87,85.32,85.76,7223895.0,61859306.448
2026-04-23 12:00:00,85.76,86.05,85.66,85.93,12207164.0,104833379.515
2026-04-23 13:00:00,85.93,86.0,85.52,85.72,9542352.0,81833699.141
2026-04-23 14:00:00,85.72,86.16,85.5,86.0,11195658.0,96089877.004
2026-04-23 15:00:00,86.0,86.61,85.75,86.31,14911292.0,128535005.474
2026-04-23 16:00:00,86.31,86.38,85.72,85.76,8056485.0,69329587.675
2026-04-23 17:00:00,85.76,85.82,84.42,85.3,24237527.0,206075805.059
2026-04-23 18:00:00,85.3,85.63,85.18,85.22,10336120.0,88272537.101
2026-04-23 19:00:00,85.22,85.52,85.08,85.24,5659695.0,48273313.446
2026-04-23 20:00:00,85.24,85.8,85.22,85.54,5493965.0,47017618.03
2026-04-23 21:00:00,85.54,85.95,85.45,85.74,6034570.0,51724816.476
2026-04-23 22:00:00,85.74,86.2,85.74,85.9,5608234.0,48243621.11
2026-04-23 23:00:00,85.9,86.15,85.55,86.07,8706019.0,74750349.962
2026-04-24 00:00:00,86.07,86.32,85.99,86.15,5467110.0,47105786.358
2026-04-24 01:00:00,86.15,86.28,85.76,86.24,3288856.0,28281630.821
2026-04-24 02:00:00,86.24,86.34,85.71,85.82,3631168.0,31225916.64
2026-04-24 03:00:00,85.82,85.89,85.32,85.64,9002205.0,77033921.142
2026-04-24 04:00:00,85.64,85.66,85.13,85.26,3737630.0,31909552.108
2026-04-24 05:00:00,85.26,85.78,85.09,85.65,4362148.0,37242531.7
2026-04-24 06:00:00,85.65,85.69,85.29,85.38,3133514.0,26789779.692
2026-04-24 07:00:00,85.38,85.57,85.29,85.45,3885835.0,33189723.963
2026-04-24 08:00:00,85.45,85.7,85.24,85.31,5770189.0,49287030.376
2026-04-24 09:00:00,85.31,85.44,84.89,85.42,6357484.0,54141464.628
2026-04-24 10:00:00,85.42,85.7,85.13,85.66,6202331.0,53020105.628
2026-04-24 11:00:00,85.66,86.25,85.65,86.14,11373860.0,97850656.332
2026-04-24 12:00:00,86.14,86.75,86.02,86.3,18178971.0,157080525.772
2026-04-24 13:00:00,86.3,86.55,85.78,86.03,13541522.0,116662288.02
2026-04-24 14:00:00,86.03,86.18,85.6,85.98,12465001.0,107075590.875
2026-04-24 15:00:00,85.98,86.53,85.45,86.44,11857823.0,102023214.212
2026-04-24 16:00:00,86.44,86.56,86.04,86.29,8354667.0,72065297.483
2026-04-24 17:00:00,86.29,86.5,86.07,86.44,10196256.0,88014228.025
2026-04-24 18:00:00,86.44,86.5,85.9,86.31,9352715.0,80667481.657
2026-04-24 19:00:00,86.31,86.49,86.18,86.3,5803413.0,50081325.496
2026-04-24 20:00:00,86.3,86.89,86.18,86.82,12012688.0,103969951.029
2026-04-24 21:00:00,86.82,86.93,86.33,86.41,7319124.0,63364841.969
2026-04-24 22:00:00,86.41,86.41,86.03,86.13,4232111.0,36506509.702
2026-04-24 23:00:00,86.13,86.26,86.09,86.13,2157487.0,18591891.329
2026-04-25 00:00:00,86.13,86.23,85.98,86.2,3297024.0,28389303.634
2026-04-25 01:00:00,86.2,86.32,86.08,86.23,3047008.0,26265931.739
2026-04-25 02:00:00,86.23,86.37,86.12,86.22,3029815.0,26126010.468
2026-04-25 03:00:00,86.22,86.46,86.22,86.42,2372831.0,20488972.087
2026-04-25 04:00:00,86.42,86.48,86.24,86.28,2347598.0,20268080.063
2026-04-25 05:00:00,86.28,86.28,86.08,86.16,2708655.0,23337976.508
2026-04-25 06:00:00,86.16,86.64,86.16,86.4,5415824.0,46778441.892
2026-04-25 07:00:00,86.4,86.47,86.2,86.32,4577279.0,39511698.455
2026-04-25 08:00:00,86.32,86.77,86.25,86.58,4346241.0,37609406.162
2026-04-25 09:00:00,86.58,86.75,86.5,86.53,2756199.0,23869905.951
2026-04-25 10:00:00,86.53,86.69,86.51,86.57,2872589.0,24871620.456
2026-04-25 11:00:00,86.57,86.58,86.15,86.31,6678286.0,57663980.025
2026-04-25 12:00:00,86.31,86.38,86.18,86.33,3572486.0,30832526.994
2026-04-25 13:00:00,86.33,86.63,86.33,86.56,4655030.0,40262745.903
2026-04-25 14:00:00,86.56,86.61,86.37,86.39,3918769.0,33907270.107
2026-04-25 15:00:00,86.39,86.58,86.08,86.18,6735515.0,58140789.769
2026-04-25 16:00:00,86.18,86.27,85.54,85.84,10467644.0,89977899.787
2026-04-25 17:00:00,85.84,85.84,85.5,85.5,6414991.0,54948415.113
2026-04-25 18:00:00,85.5,85.78,85.42,85.64,6384579.0,54686620.977
2026-04-25 19:00:00,85.64,85.71,85.51,85.62,4246303.0,36347651.486
2026-04-25 20:00:00,85.62,85.88,85.55,85.87,3197303.0,27415340.212
2026-04-25 21:00:00,85.87,86.06,85.69,85.85,5178514.0,44478756.08
2026-04-25 22:00:00,85.85,86.16,85.81,86.06,3787109.0,32576886.476
2026-04-25 23:00:00,86.06,86.13,85.97,86.12,2028852.0,17459401.843
2026-04-26 00:00:00,86.12,86.16,85.87,85.96,2901777.0,24961206.005
2026-04-26 01:00:00,85.96,86.07,85.92,85.93,3290420.0,28289365.594
2026-04-26 02:00:00,85.93,86.35,85.91,86.35,3806314.0,32804914.461
2026-04-26 03:00:00,86.35,86.43,85.78,85.94,6266784.0,53923290.723
2026-04-26 04:00:00,85.94,86.7,85.89,86.4,6564079.0,56663036.34
2026-04-26 05:00:00,86.4,86.67,86.11,86.41,8431542.0,72869223.905
2026-04-26 06:00:00,86.41,86.56,86.33,86.47,3419954.0,29563303.496
2026-04-26 07:00:00,86.47,86.6,86.39,86.59,3305257.0,28586163.458
2026-04-26 08:00:00,86.59,86.73,86.45,86.53,8116121.0,70267575.952
2026-04-26 09:00:00,86.53,86.56,86.41,86.5,2352231.0,20343446.423
2026-04-26 10:00:00,86.5,86.58,86.38,86.44,2890625.0,25004383.189
2026-04-26 11:00:00,86.44,86.62,86.42,86.46,3896785.0,33705985.853
2026-04-26 12:00:00,86.46,86.46,85.84,86.04,9596560.0,82705181.806
2026-04-26 13:00:00,86.04,86.21,85.92,86.07,7864151.0,67669116.759
2026-04-26 14:00:00,86.07,86.46,86.0,86.35,5874970.0,50714615.06
2026-04-26 15:00:00,86.35,86.54,86.3,86.49,5765361.0,49838813.212
2026-04-26 16:00:00,86.49,86.56,86.32,86.38,25842369.0,223417385.341
2026-04-26 17:00:00,86.38,86.54,86.22,86.48,5061828.0,43737346.393
2026-04-26 18:00:00,86.48,86.96,86.37,86.76,9660342.0,83762422.663
2026-04-26 19:00:00,86.76,87.2,86.62,86.83,12361183.0,107397222.433
2026-04-26 20:00:00,86.83,86.89,86.54,86.67,6057301.0,52541791.24
2026-04-26 21:00:00,86.67,87.08,86.05,86.78,12266286.0,106190713.741
2026-04-26 22:00:00,86.78,87.3,86.26,86.68,10352759.0,89908748.626
2026-04-26 23:00:00,86.68,87.15,86.47,86.87,5573384.0,48375644.115
2026-04-27 00:00:00,86.87,87.39,86.5,87.3,6670180.0,57981223.616
2026-04-27 01:00:00,87.3,87.85,87.21,87.78,9495625.0,83158467.09
2026-04-27 02:00:00,87.78,88.06,87.32,87.78,7059243.0,61918996.527
2026-04-27 03:00:00,87.78,88.03,87.64,87.69,4719160.0,41464552.493
2026-04-27 04:00:00,87.69,87.8,87.35,87.48,4680072.0,40995887.72
2026-04-27 05:00:00,87.48,87.5,85.73,85.89,21760107.0,187839716.161
2026-04-27 06:00:00,85.89,85.99,85.36,85.66,11226283.0,96248567.721
2026-04-27 07:00:00,85.66,85.73,85.19,85.2,8691394.0,74244435.404
2026-04-27 08:00:00,85.2,85.46,84.99,85.45,7738300.0,65931641.563
2026-04-27 09:00:00,85.45,85.58,85.08,85.41,7859984.0,67104349.821
2026-04-27 10:00:00,85.41,85.52,85.08,85.13,5820042.0,49609843.838
2026-04-27 11:00:00,85.13,85.23,85.0,85.2,5900054.0,50229961.962
2026-04-27 12:00:00,85.2,85.21,84.84,85.05,7160184.0,60879376.312
2026-04-27 13:00:00,85.05,85.34,84.65,85.08,11534340.0,98039116.922
2026-04-27 14:00:00,85.08,85.81,84.94,85.18,15332901.0,130846748.608
2026-04-27 15:00:00,85.18,85.2,83.57,84.1,26808996.0,225870045.255
2026-04-27 16:00:00,84.1,84.34,83.96,84.22,7467851.0,62858623.857
2026-04-27 17:00:00,84.22,84.63,84.21,84.41,7567821.0,63884407.232
2026-04-27 18:00:00,84.41,84.66,84.34,84.51,4673932.0,39491799.053
2026-04-27 19:00:00,84.51,84.6,83.74,84.11,9625016.0,80982813.112
2026-04-27 20:00:00,84.11,84.3,84.08,84.22,3409464.0,28703584.995
2026-04-27 21:00:00,84.22,84.43,84.03,84.2,4040374.0,34031557.546
2026-04-27 22:00:00,84.2,84.58,84.13,84.49,3881365.0,32755752.46
2026-04-27 23:00:00,84.49,84.89,84.4,84.78,3666932.0,31030744.121
2026-04-28 00:00:00,84.78,84.89,84.54,84.76,4662844.0,39505942.108
2026-04-28 01:00:00,84.76,84.82,84.34,84.36,4649951.0,39302516.939
2026-04-28 02:00:00,84.36,84.6,83.85,84.13,6990968.0,58875728.673
2026-04-28 03:00:00,84.13,84.15,83.96,84.11,1773771.0,14908501.465
2026-04-28 04:00:00,84.11,84.39,83.77,84.02,4193022.0,35225008.79
2026-04-28 05:00:00,84.02,84.42,84.01,84.16,3986440.0,33569569.614
2026-04-28 06:00:00,84.16,84.27,83.62,83.89,7602882.0,63851755.022
2026-04-28 07:00:00,83.89,84.01,83.57,83.97,6600018.0,55332286.447
2026-04-28 08:00:00,83.97,84.15,83.69,83.9,8917011.0,74829736.296
2026-04-28 09:00:00,83.9,83.92,83.27,83.59,8621813.0,72089564.408
2026-04-28 10:00:00,83.59,83.76,83.57,83.75,3771707.0,31565286.649
2026-04-28 11:00:00,83.75,83.81,83.17,83.36,8631706.0,72046071.168
2026-04-28 12:00:00,83.36,83.71,83.19,83.65,7007084.0,58473509.49
2026-04-28 13:00:00,83.65,83.98,83.13,83.5,14078065.0,117533245.744
2026-04-28 14:00:00,83.5,83.5,82.91,83.36,13573925.0,112870234.2
2026-04-28 15:00:00,83.36,83.48,83.15,83.42,6795235.0,56624323.338
2026-04-28 16:00:00,83.42,83.69,83.27,83.55,7303708.0,60955077.244
2026-04-28 17:00:00,83.55,83.79,83.32,83.56,4752820.0,39716856.49
2026-04-28 18:00:00,83.56,83.83,83.54,83.77,4357665.0,36462021.349
2026-04-28 19:00:00,83.77,83.99,83.64,83.85,4286673.0,35932959.591
2026-04-28 20:00:00,83.85,83.98,83.71,83.72,3618765.0,30333764.532
2026-04-28 21:00:00,83.72,83.92,83.57,83.69,4128662.0,34579735.814
2026-04-28 22:00:00,83.69,83.88,83.53,83.68,2422576.0,20275294.828
2026-04-28 23:00:00,83.68,84.12,83.59,84.01,3358491.0,28171094.676
2026-04-29 00:00:00,84.01,84.13,83.76,84.0,4490268.0,37698659.279
2026-04-29 01:00:00,84.0,84.16,83.75,84.03,5112832.0,42916986.547
2026-04-29 02:00:00,84.03,84.18,83.88,83.99,3012093.0,25308001.273
2026-04-29 03:00:00,83.99,84.7,83.99,84.54,7279994.0,61487487.204
2026-04-29 04:00:00,84.54,85.04,84.39,84.91,7409339.0,62800350.406
2026-04-29 05:00:00,84.91,84.95,84.65,84.81,5184510.0,43969745.593
2026-04-29 06:00:00,84.81,84.98,84.5,84.59,4697445.0,39805998.496
2026-04-29 07:00:00,84.59,84.82,84.57,84.67,3004457.0,25443188.499
2026-04-29 08:00:00,84.67,84.72,84.3,84.48,4651340.0,39303424.586
2026-04-29 09:00:00,84.48,85.5,84.43,85.25,9187593.0,78097809.638
2026-04-29 10:00:00,85.25,85.53,85.09,85.11,9596477.0,81891677.922
2026-04-29 11:00:00,85.11,85.14,84.75,84.87,5641355.0,47910623.414
2026-04-29 12:00:00,84.87,84.88,83.87,84.21,12551012.0,105706406.184
2026-04-29 13:00:00,84.21,84.24,83.58,83.95,11309046.0,94913684.492
2026-04-29 14:00:00,83.95,84.01,83.58,83.79,9101084.0,76273937.031
2026-04-29 15:00:00,83.79,83.88,82.92,83.19,16327058.0,135926801.653
2026-04-29 16:00:00,83.19,83.59,82.9,83.07,10633108.0,88461119.076
2026-04-29 17:00:00,83.07,83.4,82.68,83.31,10946397.0,90842613.076
2026-04-29 18:00:00,83.31,83.4,81.32,82.24,23812017.0,195192352.319
2026-04-29 19:00:00,82.24,82.31,81.91,82.13,11061005.0,90837759.001
2026-04-29 20:00:00,82.13,82.77,82.1,82.58,7620848.0,62826397.0
2026-04-29 21:00:00,82.58,83.19,82.47,82.86,6288479.0,52110447.389
2026-04-29 22:00:00,82.86,83.09,82.76,83.02,3672677.0,30453268.669
2026-04-29 23:00:00,83.02,83.07,82.78,83.02,4129975.0,34262758.414
2026-04-30 00:00:00,83.02,83.99,83.01,83.78,13195102.0,110298905.351
2026-04-30 01:00:00,83.78,83.98,83.62,83.72,5195519.0,43540264.909
2026-04-30 02:00:00,83.72,83.94,82.64,82.94,8700328.0,72300114.952
2026-04-30 03:00:00,82.94,83.2,82.81,83.02,3714186.0,30824651.05
2026-04-30 04:00:00,83.02,83.05,82.31,82.37,6245117.0,51563043.043
2026-04-30 05:00:00,82.37,82.75,82.09,82.53,7382220.0,60886528.428
2026-04-30 06:00:00,82.53,83.02,82.5,82.89,5070956.0,41966305.276
2026-04-30 07:00:00,82.89,83.36,82.82,83.32,5223986.0,43417028.986
2026-04-30 08:00:00,83.32,83.4,83.08,83.08,9635674.0,80201954.421
2026-04-30 09:00:00,83.08,83.53,83.01,83.1,6543334.0,54480957.162
2026-04-30 10:00:00,83.1,83.19,82.88,82.96,4035298.0,33493183.22
2026-04-30 11:00:00,82.96,83.35,82.75,82.98,6258266.0,51982351.331
2026-04-30 12:00:00,82.98,83.45,82.95,83.17,4604215.0,38314697.92
2026-04-30 13:00:00,83.17,83.53,82.83,83.16,8947247.0,74432635.901
2026-04-30 14:00:00,83.16,83.4,82.62,83.18,10258710.0,85179988.191
2026-04-30 15:00:00,83.18,83.8,82.98,83.3,9946137.0,82865661.464
2026-04-30 16:00:00,83.3,83.4,82.89,82.97,6162685.0,51255139.077
2026-04-30 17:00:00,82.97,83.1,82.81,83.0,4012326.0,33284743.417
2026-04-30 18:00:00,83.0,83.27,82.94,83.02,6102557.0,50716988.398
2026-04-30 19:00:00,83.02,83.26,82.96,82.99,6490420.0,53947031.553
2026-04-30 20:00:00,82.99,83.18,82.94,83.06,3382724.0,28098806.777
2026-04-30 21:00:00,83.06,83.11,82.78,82.82,3808901.0,31603064.353
2026-04-30 22:00:00,82.82,83.0,82.74,82.8,3790762.0,31408754.831
2026-04-30 23:00:00,82.8,83.05,82.8,83.04,2860694.0,23728051.339
2026-05-01 00:00:00,83.04,83.4,83.03,83.15,7559884.0,62920442.128
2026-05-01 01:00:00,83.15,83.65,83.14,83.57,4995016.0,41664808.881
2026-05-01 02:00:00,83.57,83.79,83.4,83.58,4258419.0,35592451.223
2026-05-01 03:00:00,83.58,84.37,83.52,83.85,10191083.0,85658954.835
2026-05-01 04:00:00,83.85,84.03,83.63,83.77,3051036.0,25577660.816
2026-05-01 05:00:00,83.77,84.2,83.71,84.01,4257018.0,35762789.267
2026-05-01 06:00:00,84.01,84.14,83.64,83.8,4072187.0,34167638.614
2026-05-01 07:00:00,83.8,83.94,83.61,83.9,3724901.0,31216661.907
2026-05-01 08:00:00,83.9,84.27,83.86,84.13,4779193.0,40189314.427
2026-05-01 09:00:00,84.13,84.15,83.87,83.92,3645356.0,30609019.853
2026-05-01 10:00:00,83.92,84.05,83.68,83.9,5170900.0,43363881.736
2026-05-01 11:00:00,83.9,84.19,83.82,83.97,4320420.0,36262018.75
2026-05-01 12:00:00,83.97,84.57,83.87,84.23,13012076.0,109648203.612
2026-05-01 13:00:00,84.23,84.82,84.19,84.57,12943509.0,109354561.01
2026-05-01 14:00:00,84.57,84.7,83.85,84.17,14223345.0,119750420.959
2026-05-01 15:00:00,84.17,84.59,83.97,84.42,8051365.0,67855062.271
2026-05-01 16:00:00,84.42,84.59,83.94,83.97,8187526.0,69009089.743
2026-05-01 17:00:00,83.97,84.25,83.88,84.2,5712282.0,48011578.784
2026-05-01 18:00:00,84.2,84.28,83.94,83.96,3311945.0,27852680.684
2026-05-01 19:00:00,83.96,84.04,83.75,83.86,4872859.0,40864684.498
2026-05-01 20:00:00,83.86,83.89,83.28,83.45,8539218.0,71386127.614
2026-05-01 21:00:00,83.45,83.77,83.39,83.68,13717161.0,114731645.428
2026-05-01 22:00:00,83.68,83.85,83.52,83.71,9685693.0,81063994.719
2026-05-01 23:00:00,83.71,83.83,83.52,83.7,2010769.0,16819717.559
2026-05-02 00:00:00,83.7,83.83,83.4,83.79,2692489.0,22516367.016
2026-05-02 01:00:00,83.79,84.0,83.72,84.0,2030340.0,17027883.305
2026-05-02 02:00:00,84.0,84.14,83.82,83.89,2606601.0,21881082.001
2026-05-02 03:00:00,83.89,83.93,83.65,83.77,2857547.0,23941679.361
2026-05-02 04:00:00,83.77,83.79,83.49,83.58,3289083.0,27506211.568
2026-05-02 05:00:00,83.58,83.69,83.47,83.65,2169979.0,18138694.462
2026-05-02 06:00:00,83.65,83.81,83.52,83.77,2336742.0,19544444.132
2026-05-02 07:00:00,83.77,83.81,83.65,83.67,2388923.0,19999165.239
2026-05-02 08:00:00,83.67,83.85,83.58,83.79,2494758.0,20884967.126
2026-05-02 09:00:00,83.79,84.11,83.77,83.95,4421607.0,37117196.74
2026-05-02 10:00:00,83.95,83.97,83.81,83.89,3046310.0,25556682.762
2026-05-02 11:00:00,83.89,83.9,83.46,83.65,6688258.0,55956267.256
2026-05-02 12:00:00,83.65,84.05,83.62,83.81,5272441.0,44200916.696
2026-05-02 13:00:00,83.81,84.03,83.81,83.9,4446434.0,37308726.573
2026-05-02 14:00:00,83.9,84.05,83.86,83.93,3561447.0,29896896.874
2026-05-02 15:00:00,83.93,84.02,83.88,84.0,4389064.0,36846323.636
2026-05-02 16:00:00,84.0,84.24,83.97,84.15,4916236.0,41341646.113
2026-05-02 17:00:00,84.15,84.15,83.93,84.0,4589238.0,38563349.085
2026-05-02 18:00:00,84.0,84.18,83.89,84.14,4705709.0,39545939.846
2026-05-02 19:00:00,84.14,84.28,84.11,84.16,3096154.0,26066146.573
2026-05-02 20:00:00,84.16,84.19,84.04,84.16,2060880.0,17338270.245
2026-05-02 21:00:00,84.16,85.0,84.11,84.5,22177872.0,187602595.745
2026-05-02 22:00:00,84.5,84.61,84.02,84.41,11893252.0,100281694.117
2026-05-02 23:00:00,84.41,84.47,84.17,84.22,2451875.0,20678397.846
2026-05-03 00:00:00,84.22,84.27,83.76,84.05,4677742.0,39281333.843
2026-05-03 01:00:00,84.05,84.05,83.69,83.72,3965323.0,33239798.007
2026-05-03 02:00:00,83.72,83.79,83.55,83.63,3053968.0,25544207.14
2026-05-03 03:00:00,83.63,83.72,83.53,83.62,1442712.0,12061158.196
2026-05-03 04:00:00,83.62,83.69,83.52,83.64,8483205.0,70960046.206
2026-05-03 05:00:00,83.64,83.8,83.61,83.71,1413882.0,11837568.834
2026-05-03 06:00:00,83.71,83.83,83.53,83.69,2066911.0,17291797.228
2026-05-03 07:00:00,83.69,83.97,83.69,83.83,3522271.0,29539261.173
2026-05-03 08:00:00,83.83,83.97,83.75,83.83,4118884.0,34542734.726
2026-05-03 09:00:00,83.83,84.08,83.81,84.01,3343954.0,28070569.246
2026-05-03 10:00:00,84.01,84.01,83.76,83.76,2929891.0,24581337.462
2026-05-03 11:00:00,83.76,84.15,83.68,83.91,6150549.0,51641194.323
2026-05-03 12:00:00,83.91,84.2,83.9,84.05,4707877.0,39576687.772
2026-05-03 13:00:00,84.05,84.18,83.93,84.05,5341630.0,44886903.794
2026-05-03 14:00:00,84.05,84.41,84.04,84.32,7601214.0,64013880.014
2026-05-03 15:00:00,84.32,84.39,84.06,84.12,4536882.0,38215663.79
2026-05-03 16:00:00,84.12,84.27,83.95,84.1,6417610.0,53977762.153
2026-05-03 17:00:00,84.1,84.29,83.94,84.15,4486770.0,37752900.478
2026-05-03 18:00:00,84.15,84.29,84.06,84.23,3216123.0,27066590.667
2026-05-03 19:00:00,84.23,84.47,84.2,84.33,3458254.0,29164359.943
2026-05-03 20:00:00,84.33,84.7,84.21,84.3,9700863.0,81916754.498
2026-05-03 21:00:00,84.3,84.43,83.79,84.1,4928513.0,41472064.337
2026-05-03 22:00:00,84.1,84.95,84.1,84.64,14052909.0,118868650.031
2026-05-03 23:00:00,84.64,84.75,83.81,83.87,6940178.0,58411099.604
2026-05-04 00:00:00,83.87,83.87,83.3,83.74,7526626.0,62880151.314
2026-05-04 01:00:00,83.74,84.9,83.36,84.73,7884441.0,66287391.797
2026-05-04 02:00:00,84.73,85.61,84.7,85.22,12506837.0,106515531.521
2026-05-04 03:00:00,85.22,85.56,85.06,85.37,4812664.0,41063842.73
2026-05-04 04:00:00,85.37,85.88,85.35,85.73,6595469.0,56478342.764
2026-05-04 05:00:00,85.73,85.77,85.32,85.35,4674938.0,39958780.056
2026-05-04 06:00:00,85.35,85.39,84.46,84.83,8352300.0,70936905.615
2026-05-04 07:00:00,84.83,84.98,84.63,84.83,4225816.0,35845140.617
2026-05-04 08:00:00,84.83,84.86,84.58,84.73,5293427.0,44855214.486
2026-05-04 09:00:00,84.73,85.16,84.61,85.0,4802441.0,40781872.284
2026-05-04 10:00:00,85.0,85.04,83.2,83.99,26719475.0,223998959.02
2026-05-04 11:00:00,83.99,84.11,83.74,83.91,6140578.0,51535082.897
2026-05-04 12:00:00,83.91,84.11,83.8,83.84,3932544.0,33013031.748
2026-05-04 13:00:00,83.84,84.3,83.53,83.96,10403576.0,87373970.568
2026-05-04 14:00:00,83.96,85.3,83.73,84.95,22200409.0,187953753.598
2026-05-04 15:00:00,84.95,85.15,83.94,84.45,16470389.0,139180450.863
2026-05-04 16:00:00,84.45,84.76,83.93,84.44,8425055.0,71112464.713
2026-05-04 17:00:00,84.44,85.17,84.44,84.89,9101269.0,77232331.334
2026-05-04 18:00:00,84.89,85.01,84.54,84.71,5462022.0,46300685.803
2026-05-04 19:00:00,84.71,84.74,84.32,84.41,8639596.0,72976450.047
2026-05-04 20:00:00,84.41,84.43,84.01,84.05,7422681.0,62504640.189
2026-05-04 21:00:00,84.05,84.48,84.04,84.39,4256135.0,35864913.976
2026-05-04 22:00:00,84.39,84.52,84.12,84.16,3209087.0,27048375.393
2026-05-04 23:00:00,84.16,84.18,83.96,84.05,2778051.0,23351666.768
2026-05-05 00:00:00,84.05,84.31,83.97,84.26,1985055.0,16702884.672
2026-05-05 01:00:00,84.26,84.43,84.09,84.37,3886015.0,32753689.714
2026-05-05 02:00:00,84.37,84.8,84.29,84.47,4290022.0,36269551.805
2026-05-05 03:00:00,84.47,84.94,84.36,84.74,4118318.0,34873614.568
2026-05-05 04:00:00,84.74,84.86,84.54,84.73,3148464.0,26667770.9
2026-05-05 05:00:00,84.73,85.1,84.68,84.9,4377620.0,37163942.532
2026-05-05 06:00:00,84.9,84.97,84.52,84.96,4606064.0,39014338.788
2026-05-05 07:00:00,84.96,85.04,84.74,84.83,3899915.0,33109542.654
2026-05-05 08:00:00,84.83,84.87,84.65,84.74,2373517.0,20118171.543
2026-05-05 09:00:00,84.74,84.76,84.4,84.51,6220273.0,52579460.688
2026-05-05 10:00:00,84.51,84.92,84.37,84.88,6022540.0,51008146.593
2026-05-05 11:00:00,84.88,84.97,84.65,84.94,4554092.0,38637073.734
2026-05-05 12:00:00,84.94,85.33,84.86,85.28,8953136.0,76233402.869
2026-05-05 13:00:00,85.28,86.09,85.28,85.59,21176342.0,181489149.446
2026-05-05 14:00:00,85.59,85.72,85.11,85.45,10040265.0,85760955.267
2026-05-05 15:00:00,85.45,85.86,85.31,85.45,6776340.0,58005348.126
2026-05-05 16:00:00,85.45,85.66,85.02,85.28,8363175.0,71342653.244
2026-05-05 17:00:00,85.28,85.5,85.04,85.42,6636678.0,56603300.071
2026-05-05 18:00:00,85.42,85.85,85.39,85.83,7623705.0,65303341.51
2026-05-05 19:00:00,85.83,86.53,85.77,86.47,14867402.0,128161425.978
2026-05-05 20:00:00,86.47,86.89,86.38,86.61,14297821.0,123876327.42
2026-05-05 21:00:00,86.61,86.93,86.24,86.68,7418248.0,64219983.159
2026-05-05 22:00:00,86.68,86.96,86.16,86.54,8207837.0,71088694.563
2026-05-05 23:00:00,86.54,86.65,86.13,86.25,4175502.0,36074912.602
2026-05-06 00:00:00,86.25,86.52,86.06,86.34,3324420.0,28695457.995
2026-05-06 01:00:00,86.34,87.0,86.27,86.81,4458503.0,38669562.246
2026-05-06 02:00:00,86.81,86.9,86.34,86.86,4263408.0,36944321.017
2026-05-06 03:00:00,86.86,87.44,86.84,87.28,5712623.0,49804886.315
2026-05-06 04:00:00,87.28,87.39,86.61,86.76,5070846.0,44142586.908
2026-05-06 05:00:00,86.76,87.42,86.7,87.36,4527206.0,39409393.48
2026-05-06 06:00:00,87.36,87.5,87.11,87.44,6243013.0,54515979.551
2026-05-06 07:00:00,87.44,87.87,87.4,87.66,10440592.0,91504466.794
2026-05-06 08:00:00,87.66,89.18,87.6,89.0,20824537.0,184182992.252
2026-05-06 09:00:00,89.0,89.51,88.55,89.45,14441877.0,128532072.048
2026-05-06 10:00:00,89.45,89.7,89.17,89.34,12760059.0,114194025.629
2026-05-06 11:00:00,89.34,89.99,89.28,89.84,13121271.0,117666846.554
2026-05-06 12:00:00,89.84,89.96,89.46,89.63,7737832.0,69411586.015
2026-05-06 13:00:00,89.63,89.63,88.02,88.3,20678945.0,183306321.37
2026-05-06 14:00:00,88.3,88.83,87.42,88.36,20085501.0,177168330.442
2026-05-06 15:00:00,88.36,89.04,88.27,88.91,15648005.0,138848100.184
2026-05-06 16:00:00,88.91,89.49,88.48,89.13,15828445.0,140930835.621
2026-05-06 17:00:00,89.13,89.4,88.51,88.78,11401197.0,101512427.32
2026-05-06 18:00:00,88.78,89.11,88.45,88.93,8875709.0,78811282.85
2026-05-06 19:00:00,88.93,89.27,88.84,89.21,7655625.0,68172043.999
2026-05-06 20:00:00,89.21,89.61,88.85,89.15,13388329.0,119482752.932
2026-05-06 21:00:00,89.15,89.56,89.0,89.44,8503998.0,75962731.306
2026-05-06 22:00:00,89.44,89.53,88.98,89.04,5229813.0,46650915.277
2026-05-06 23:00:00,89.04,89.14,88.61,89.1,4442606.0,39503870.401
2026-05-07 00:00:00,89.1,89.24,88.14,88.3,7429030.0,65788531.042
2026-05-07 01:00:00,88.3,88.5,87.84,88.26,8479080.0,74803438.603
2026-05-07 02:00:00,88.26,88.35,87.77,88.11,6268395.0,55163313.294
2026-05-07 03:00:00,88.11,88.11,87.58,87.72,5685402.0,49913847.597
2026-05-07 04:00:00,87.72,88.33,87.65,88.33,3719812.0,32741358.268
2026-05-07 05:00:00,88.33,88.9,88.29,88.63,4648991.0,41161910.446
2026-05-07 06:00:00,88.63,89.26,88.17,89.22,5805544.0,51530458.789
2026-05-07 07:00:00,89.22,90.43,89.09,90.12,15148332.0,136131192.701
2026-05-07 08:00:00,90.12,90.23,89.42,89.54,8724415.0,78308520.682
2026-05-07 09:00:00,89.54,89.55,89.13,89.4,8174547.0,73039853.478
2026-05-07 10:00:00,89.4,89.48,88.68,89.09,7388819.0,65791974.317
2026-05-07 11:00:00,89.09,89.65,89.09,89.51,7212310.0,64492358.092
2026-05-07 12:00:00,89.51,90.06,89.46,89.71,7975087.0,71605848.524
2026-05-07 13:00:00,89.71,89.71,88.3,88.62,15520072.0,138052041.445
2026-05-07 14:00:00,88.62,88.87,87.78,88.11,15372575.0,135678891.839
2026-05-07 15:00:00,88.11,88.54,87.72,88.26,11629373.0,102583750.906
2026-05-07 16:00:00,88.26,88.75,88.03,88.39,10379814.0,91761776.948
2026-05-07 17:00:00,88.39,88.82,87.91,88.76,8703801.0,76922497.063
2026-05-07 18:00:00,88.76,89.02,88.18,88.53,7801199.0,69188488.486
2026-05-07 19:00:00,88.53,88.69,88.17,88.4,5496804.0,48594141.923
2026-05-07 20:00:00,88.4,88.82,87.98,88.02,6065055.0,53587878.46
2026-05-07 21:00:00,88.02,88.19,87.6,87.91,7466614.0,65655015.64
2026-05-07 22:00:00,87.91,88.2,87.64,88.05,5874734.0,51647350.385
2026-05-07 23:00:00,88.05,88.45,88.02,88.38,4445374.0,39215333.945
2026-05-08 00:00:00,88.38,88.61,88.07,88.24,4218985.0,37286667.937
2026-05-08 01:00:00,88.24,88.33,87.88,88.1,5321454.0,46900438.906
2026-05-08 02:00:00,88.1,88.32,87.57,88.02,5701208.0,50133572.529
2026-05-08 03:00:00,88.02,88.35,87.57,88.17,4798921.0,42236485.695
2026-05-08 04:00:00,88.17,88.34,87.96,88.14,2628482.0,23173749.257
2026-05-08 05:00:00,88.14,88.39,88.0,88.0,2891148.0,25499129.121
2026-05-08 06:00:00,88.0,88.25,87.75,88.0,4357449.0,38328846.579
2026-05-08 07:00:00,88.0,88.2,87.6,88.2,5221366.0,45896997.175
2026-05-08 08:00:00,88.2,88.6,87.96,88.33,6522311.0,57592762.722
2026-05-08 09:00:00,88.33,88.7,88.18,88.37,8683306.0,76815660.269
2026-05-08 10:00:00,88.37,88.7,88.22,88.57,5280394.0,46731498.105
2026-05-08 11:00:00,88.57,88.68,88.42,88.6,4253274.0,37670136.15
2026-05-08 12:00:00,88.6,88.82,88.28,88.4,7760930.0,68723771.441
2026-05-08 13:00:00,88.4,88.5,87.95,88.29,8546755.0,75436257.335
2026-05-08 14:00:00,88.29,89.33,88.29,89.11,17080084.0,151952912.835
2026-05-08 15:00:00,89.11,89.56,88.36,89.55,14045601.0,124931043.619
2026-05-08 16:00:00,89.55,89.74,89.27,89.54,12000147.0,107432996.84
2026-05-08 17:00:00,89.54,91.93,89.52,91.6,28734059.0,261190062.062
2026-05-08 18:00:00,91.6,92.59,91.6,92.28,20979705.0,193411063.509
2026-05-08 19:00:00,92.28,92.78,92.02,92.57,17344751.0,160429946.055
2026-05-08 20:00:00,92.57,92.64,91.97,92.08,10592350.0,97773010.912
2026-05-08 21:00:00,92.08,92.36,91.7,92.26,10639680.0,97930557.267
2026-05-08 22:00:00,92.26,92.78,92.2,92.26,13195221.0,122005647.098
2026-05-08 23:00:00,92.26,92.26,91.71,91.96,5602867.0,51521803.307
2026-05-09 00:00:00,91.96,92.58,91.8,92.42,8591730.0,79202102.39
2026-05-09 01:00:00,92.42,93.81,92.39,93.46,12899620.0,120005558.279
2026-05-09 02:00:00,93.46,93.75,93.23,93.45,5753155.0,53759879.341
2026-05-09 03:00:00,93.45,93.73,93.36,93.6,5413847.0,50653897.771
2026-05-09 04:00:00,93.6,94.15,93.08,93.19,9311239.0,87178367.49
2026-05-09 05:00:00,93.19,93.76,92.77,93.69,7330018.0,68407783.353
2026-05-09 06:00:00,93.69,94.09,93.14,93.48,9617780.0,90012352.943
2026-05-09 07:00:00,93.48,93.96,93.29,93.7,6432123.0,60266366.575
2026-05-09 08:00:00,93.7,93.91,93.59,93.66,3581433.0,33572718.731
2026-05-09 09:00:00,93.66,93.67,93.0,93.25,6010406.0,56076782.689
2026-05-09 10:00:00,93.25,93.55,93.06,93.33,6027251.0,56243172.186
2026-05-09 11:00:00,93.33,93.64,93.27,93.56,3757159.0,35129526.604
2026-05-09 12:00:00,93.56,93.7,93.22,93.39,9104339.0,85085262.007
2026-05-09 13:00:00,93.39,93.42,92.96,93.41,6013222.0,56060964.572
2026-05-09 14:00:00,93.41,93.42,92.71,92.84,7234176.0,67275499.059
2026-05-09 15:00:00,92.84,92.96,92.33,92.94,10681810.0,99040106.594
2026-05-09 16:00:00,92.94,93.26,92.61,92.72,11287672.0,104873226.203
2026-05-09 17:00:00,92.72,93.5,92.71,93.15,14673096.0,136743316.662
2026-05-09 18:00:00,93.15,93.62,93.1,93.31,6889146.0,64303248.096
2026-05-09 19:00:00,93.31,93.56,93.16,93.46,3665814.0,34226381.704
2026-05-09 20:00:00,93.46,93.47,93.08,93.21,3956329.0,36888126.832
2026-05-09 21:00:00,93.21,93.5,93.19,93.43,2199085.0,20522531.595
2026-05-09 22:00:00,93.43,93.46,93.14,93.28,2661194.0,24829494.165
2026-05-09 23:00:00,93.28,93.44,92.99,93.06,5701093.0,53112085.16
2026-05-10 00:00:00,93.06,93.3,92.86,92.97,4087284.0,38035936.621
2026-05-10 01:00:00,92.97,92.99,92.53,92.9,7129041.0,66101505.496
2026-05-10 02:00:00,92.9,93.08,92.75,92.97,5169567.0,48035991.752
2026-05-10 03:00:00,92.97,93.46,92.94,93.36,5925292.0,55232064.176
2026-05-10 04:00:00,93.36,93.45,93.19,93.3,3129823.0,29204956.157
2026-05-10 05:00:00,93.3,93.46,93.18,93.28,2681036.0,25018536.877
2026-05-10 06:00:00,93.28,93.42,93.19,93.37,2005985.0,18716310.259
2026-05-10 07:00:00,93.37,93.59,93.31,93.4,3793902.0,35459935.778
2026-05-10 08:00:00,93.4,94.06,93.36,94.02,6675295.0,62628396.855
2026-05-10 09:00:00,94.02,94.79,94.01,94.25,9667886.0,91275433.152
2026-05-10 10:00:00,94.25,94.34,93.56,93.81,8194565.0,76890092.52
2026-05-10 11:00:00,93.81,93.96,92.83,93.5,9202871.0,85928833.076
2026-05-10 12:00:00,93.5,93.57,93.14,93.27,4427423.0,41325194.56
2026-05-10 13:00:00,93.27,93.9,93.17,93.71,6706946.0,62759173.81
2026-05-10 14:00:00,93.71,94.12,93.62,93.82,7709153.0,72347910.717
2026-05-10 15:00:00,93.82,94.7,93.82,94.49,12075503.0,113921139.832
2026-05-10 16:00:00,94.49,94.95,94.12,94.77,14591848.0,137928024.239
2026-05-10 17:00:00,94.77,96.57,94.77,96.47,27195927.0,260167725.838
2026-05-10 18:00:00,96.47,96.87,96.09,96.39,17639156.0,170241711.193
2026-05-10 19:00:00,96.39,96.87,95.7,96.45,15727271.0,151526794.069
2026-05-10 20:00:00,96.45,96.57,93.32,94.47,23027102.0,218793328.26
2026-05-10 21:00:00,94.47,95.57,94.41,95.03,17379988.0,165206107.716
2026-05-10 22:00:00,95.03,96.34,94.82,96.18,15259698.0,146089644.526
2026-05-10 23:00:00,96.18,96.83,95.91,96.43,11177499.0,107706447.695
2026-05-11 00:00:00,96.43,96.64,95.29,95.76,9227633.0,88666794.364
2026-05-11 01:00:00,95.76,96.36,95.28,96.0,5959627.0,57143976.245
2026-05-11 02:00:00,96.0,96.1,95.14,95.28,4089264.0,39054057.789
2026-05-11 03:00:00,95.28,95.31,94.43,94.73,6051840.0,57384135.578
2026-05-11 04:00:00,94.73,95.17,94.36,94.92,3766283.0,35703902.879
2026-05-11 05:00:00,94.92,95.84,94.88,95.66,5224963.0,49879212.268
2026-05-11 06:00:00,95.66,96.12,95.37,95.44,5122693.0,49029829.51
2026-05-11 07:00:00,95.44,95.54,95.11,95.29,5815972.0,55438955.889
2026-05-11 08:00:00,95.29,95.33,94.53,94.77,5861467.0,55617592.304
2026-05-11 09:00:00,94.77,95.33,94.71,95.25,4390077.0,41767101.681
2026-05-11 10:00:00,95.25,95.54,94.99,95.02,5591454.0,53284274.802
2026-05-11 11:00:00,95.02,95.47,94.85,95.22,4579931.0,43574667.52
2026-05-11 12:00:00,95.22,95.35,94.6,94.74,7379148.0,70082730.027
2026-05-11 13:00:00,94.74,95.44,94.5,95.19,12770754.0,121402841.185
2026-05-11 14:00:00,95.19,95.86,94.24,95.11,17683242.0,168072933.866
2026-05-11 15:00:00,95.11,96.79,94.83,96.76,16272813.0,156091033.938
2026-05-11 16:00:00,96.76,97.98,96.46,97.29,24496296.0,238618405.625
2026-05-11 17:00:00,97.29,97.91,96.84,97.73,12255817.0,119389998.99
2026-05-11 18:00:00,97.73,98.08,97.19,97.24,10356461.0,101039134.788
2026-05-11 19:00:00,97.24,98.34,96.98,98.13,12203618.0,119292317.35
2026-05-11 20:00:00,98.13,98.34,97.55,97.6,9536901.0,93393549.538
2026-05-11 21:00:00,97.6,97.81,97.25,97.36,7427782.0,72437034.385
2026-05-11 22:00:00,97.36,97.82,97.31,97.6,5011456.0,48876648.951
2026-05-11 23:00:00,97.6,97.6,97.03,97.31,4393021.0,42748169.266
2026-05-12 00:00:00,97.31,97.64,97.12,97.45,3050490.0,29704500.965
2026-05-12 01:00:00,97.45,97.61,95.47,96.22,9697979.0,93526325.969
2026-05-12 02:00:00,96.22,96.66,96.08,96.51,3662217.0,35304463.318
2026-05-12 03:00:00,96.51,96.6,95.99,96.1,2680405.0,25790797.751
2026-05-12 04:00:00,96.1,96.45,96.01,96.31,2674148.0,25737846.326
2026-05-12 05:00:00,96.31,96.72,96.17,96.5,3845891.0,37118627.319
2026-05-12 06:00:00,96.5,96.95,96.08,96.14,4678087.0,45133289.848
2026-05-12 07:00:00,96.14,96.27,95.7,95.98,7599328.0,72978521.271
2026-05-12 08:00:00,95.98,96.09,95.34,95.61,9253996.0,88515061.396
2026-05-12 09:00:00,95.61,96.02,95.28,95.75,7671312.0,73353398.005
2026-05-12 10:00:00,95.75,95.94,94.88,94.97,11446960.0,109062876.704
2026-05-12 11:00:00,94.97,95.01,94.53,94.92,8500139.0,80546749.463
2026-05-12 12:00:00,94.92,95.52,94.31,95.16,16637421.0,158134202.415
2026-05-12 13:00:00,95.16,95.35,94.49,94.65,13700573.0,130060064.238
2026-05-12 14:00:00,94.65,95.21,94.33,94.53,12462475.0,118104568.118
2026-05-12 15:00:00,94.53,94.75,93.55,93.81,20055962.0,188602451.635
2026-05-12 16:00:00,93.81,94.29,93.55,93.82,11169006.0,104908672.019
2026-05-12 17:00:00,93.82,94.67,93.8,94.49,10996419.0,103777240.319
2026-05-12 18:00:00,94.49,94.75,94.25,94.52,5815838.0,54958682.016
2026-05-12 19:00:00,94.52,94.97,94.51,94.89,7948013.0,75314228.965
2026-05-12 20:00:00,94.89,94.94,94.57,94.71,5504751.0,52171351.514
2026-05-12 21:00:00,94.71,94.82,94.46,94.62,4403690.0,41688319.618
2026-05-12 22:00:00,94.62,95.01,94.58,94.63,4725389.0,44778659.38
2026-05-12 23:00:00,94.63,94.72,94.18,94.26,4830270.0,45628385.097
2026-05-13 00:00:00,94.26,94.61,94.0,94.44,5078752.0,47898164.074
2026-05-13 01:00:00,94.44,95.4,94.41,95.13,6447644.0,61298116.929
2026-05-13 02:00:00,95.13,95.54,94.95,95.2,3635006.0,34606474.959
2026-05-13 03:00:00,95.2,95.54,95.02,95.5,2738262.0,26087976.598
2026-05-13 04:00:00,95.5,95.98,95.37,95.44,4782248.0,45725369.681
2026-05-13 05:00:00,95.44,95.47,95.04,95.2,4402876.0,41951022.74
2026-05-13 06:00:00,95.2,95.65,95.06,95.08,4932443.0,46991057.221
2026-05-13 07:00:00,95.08,95.26,94.82,95.08,4927202.0,46825225.697
2026-05-13 08:00:00,95.08,95.72,94.95,95.52,7020277.0,66937689.71
2026-05-13 09:00:00,95.52,95.85,95.49,95.67,6392341.0,61168911.088
2026-05-13 10:00:00,95.67,95.73,94.66,94.73,9160520.0,87122460.749
2026-05-13 11:00:00,94.73,94.78,94.17,94.27,9621905.0,90850078.43
2026-05-13 12:00:00,94.27,94.58,91.75,93.1,24693721.0,230410392.435
2026-05-13 13:00:00,93.1,93.39,91.87,92.24,17344745.0,160785406.53
2026-05-13 14:00:00,92.24,92.28,90.9,91.71,15691147.0,144111601.518
2026-05-13 15:00:00,91.71,91.88,90.18,90.38,23006835.0,209131475.784
2026-05-13 16:00:00,90.38,91.22,90.35,90.8,12424859.0,112858072.525
2026-05-13 17:00:00,90.8,91.07,90.62,90.83,9719051.0,88318425.3
2026-05-13 18:00:00,90.83,91.36,90.69,90.87,9562895.0,87059531.772
2026-05-13 19:00:00,90.87,90.96,90.43,90.9,7604331.0,68954022.763
2026-05-13 20:00:00,90.9,91.29,90.85,91.18,5308776.0,48359936.242
2026-05-13 21:00:00,91.18,91.22,90.66,90.83,5812329.0,52815333.36
2026-05-13 22:00:00,90.83,91.19,90.58,91.12,5698679.0,51792845.634
2026-05-13 23:00:00,91.12,91.28,90.97,91.11,6168110.0,56197370.122
2026-05-14 00:00:00,91.11,91.42,91.01,91.15,4901282.0,44706621.955
2026-05-14 01:00:00,91.15,91.31,90.94,91.1,3474603.0,31658022.902
2026-05-14 02:00:00,91.1,91.22,90.4,90.52,4675614.0,42468861.749
2026-05-14 03:00:00,90.52,90.74,89.73,89.88,12476105.0,112559525.837
2026-05-14 04:00:00,89.88,90.58,89.81,90.43,4775476.0,43080763.784
2026-05-14 05:00:00,90.43,91.43,90.36,91.23,6265346.0,56946611.691
2026-05-14 06:00:00,91.23,91.42,91.09,91.35,4403712.0,40184719.04
2026-05-14 07:00:00,91.35,91.62,90.64,90.83,8879021.0,80753653.324
2026-05-14 08:00:00,90.83,91.26,90.61,91.01,6103940.0,55529304.661
2026-05-14 09:00:00,91.01,91.1,90.52,90.8,6892371.0,62567945.162
2026-05-14 10:00:00,90.8,91.09,90.6,90.99,9589031.0,87141191.476
2026-05-14 11:00:00,90.99,91.05,90.55,90.58,6577470.0,59690308.732
2026-05-14 12:00:00,90.58,91.25,90.46,91.16,8434141.0,76685134.877
2026-05-14 13:00:00,91.16,91.43,90.67,90.74,10729047.0,97765353.698
2026-05-14 14:00:00,90.74,92.26,90.57,92.21,18429567.0,168513562.444
2026-05-14 15:00:00,92.21,93.22,91.87,93.11,23465281.0,217305610.135
2026-05-14 16:00:00,93.11,93.64,92.26,93.27,20231593.0,188326857.15
2026-05-14 17:00:00,93.27,93.54,92.23,92.98,17120329.0,158935151.978
2026-05-14 18:00:00,92.98,93.62,92.64,93.39,11485664.0,107084130.825
2026-05-14 19:00:00,93.39,93.59,92.72,92.83,6975238.0,64964852.666
2026-05-14 20:00:00,92.83,92.98,92.3,92.68,7257391.0,67205140.491
2026-05-14 21:00:00,92.68,92.89,92.49,92.64,5396721.0,50025680.487
2026-05-14 22:00:00,92.64,92.87,92.55,92.6,3399245.0,31513389.76
2026-05-14 23:00:00,92.6,92.61,92.06,92.11,4709080.0,43489134.007
2026-05-15 00:00:00,92.11,92.64,92.04,92.37,5129740.0,47365220.904
2026-05-15 01:00:00,92.37,92.5,91.61,91.69,5419537.0,49888308.276
2026-05-15 02:00:00,91.69,92.43,91.43,92.31,6929964.0,63634309.871
2026-05-15 03:00:00,92.31,92.44,91.82,92.01,3022360.0,27830049.241
2026-05-15 04:00:00,92.01,92.01,91.2,91.24,5022890.0,46053010.241
2026-05-15 05:00:00,91.24,91.5,90.19,90.55,8297902.0,75322590.625
2026-05-15 06:00:00,90.55,91.05,90.4,90.97,5733710.0,52036300.292
2026-05-15 07:00:00,90.97,91.69,90.85,91.56,6886296.0,62908508.708
2026-05-15 08:00:00,91.56,91.61,90.92,91.23,6451992.0,58896321.475
2026-05-15 09:00:00,91.23,91.28,90.87,91.13,4465279.0,40671242.12
2026-05-15 10:00:00,91.13,91.54,90.96,91.44,4914296.0,44826494.59
2026-05-15 11:00:00,91.44,91.5,91.11,91.21,3760406.0,34332793.645
2026-05-15 12:00:00,91.21,91.23,90.48,90.63,9862468.0,89468003.476
2026-05-15 13:00:00,90.63,90.63,88.63,88.86,22021620.0,197509083.607
2026-05-15 14:00:00,88.86,89.51,88.47,89.01,14818566.0,131923653.26
2026-05-15 15:00:00,89.01,89.25,88.65,89.01,11241641.0,100023960.918
2026-05-15 16:00:00,89.01,89.67,88.75,89.48,8682339.0,77496154.952
2026-05-15 17:00:00,89.48,89.87,89.44,89.79,8112442.0,72759562.331
2026-05-15 18:00:00,89.79,90.07,89.42,89.76,8746790.0,78523475.091
2026-05-15 19:00:00,89.76,89.77,89.3,89.37,5743232.0,51396036.099
2026-05-15 20:00:00,89.37,89.48,89.03,89.25,5936282.0,52954967.44
2026-05-15 21:00:00,89.25,89.4,88.94,89.02,4632067.0,41317657.61
2026-05-15 22:00:00,89.02,89.32,89.01,89.29,3210055.0,28628925.288
2026-05-15 23:00:00,89.29,89.36,89.16,89.2,2440158.0,21778462.357
2026-05-16 00:00:00,89.2,89.42,89.09,89.18,5091604.0,45459663.555
2026-05-16 01:00:00,89.18,89.31,88.91,89.26,2689253.0,23956892.286
2026-05-16 02:00:00,89.26,89.36,88.94,89.16,1854269.0,16527351.777
2026-05-16 03:00:00,89.16,89.23,88.95,89.0,1076689.0,9592116.843
2026-05-16 04:00:00,89.0,89.05,88.13,88.82,4750607.0,42074450.4
2026-05-16 05:00:00,88.82,88.88,88.23,88.52,3725445.0,32971568.476
2026-05-16 06:00:00,88.52,88.61,87.74,87.96,6352453.0,55995510.082
2026-05-16 07:00:00,87.96,87.98,86.65,87.41,10820605.0,94494614.621
2026-05-16 08:00:00,87.41,87.58,87.31,87.44,5680782.0,49682162.849
2026-05-16 09:00:00,87.44,87.47,85.7,85.98,12025627.0,103692657.615
2026-05-16 10:00:00,85.98,86.1,85.44,85.94,8024582.0,68830614.565
2026-05-16 11:00:00,85.94,86.28,85.94,86.05,4551004.0,39192876.106
2026-05-16 12:00:00,86.05,86.38,85.94,86.18,5514140.0,47511126.982
2026-05-16 13:00:00,86.18,86.29,86.02,86.2,4924002.0,42425566.764
2026-05-16 14:00:00,86.2,86.66,86.01,86.33,7546297.0,65089753.502
2026-05-16 15:00:00,86.33,86.63,86.19,86.43,7466986.0,64523913.608
2026-05-16 16:00:00,86.43,86.73,86.3,86.57,8128427.0,70344987.455
2026-05-16 17:00:00,86.57,86.91,86.56,86.75,5771002.0,50064549.462
2026-05-16 18:00:00,86.75,86.93,86.55,86.75,4749671.0,41193804.934
2026-05-16 19:00:00,86.75,86.8,86.6,86.65,2733633.0,23706508.962
2026-05-16 20:00:00,86.65,86.85,86.61,86.61,2756526.0,23903937.887
2026-05-16 21:00:00,86.61,86.75,86.42,86.53,2752330.0,23830061.572
2026-05-16 22:00:00,86.53,86.65,86.38,86.48,4559679.0,39454087.484
2026-05-16 23:00:00,86.48,86.66,86.42,86.48,2785627.0,24108326.075
2026-05-17 00:00:00,86.48,86.67,85.91,86.08,4678167.0,40391982.788
2026-05-17 01:00:00,86.08,86.3,85.52,85.7,8311153.0,71385555.977
2026-05-17 02:00:00,85.7,86.21,85.7,85.95,6701566.0,57592419.127
2026-05-17 03:00:00,85.95,86.59,85.93,86.47,3324139.0,28684439.913
2026-05-17 04:00:00,86.47,86.93,86.41,86.81,3864305.0,33518813.319
2026-05-17 05:00:00,86.81,87.24,86.8,86.86,4168141.0,36249784.066
2026-05-17 06:00:00,86.86,86.97,86.67,86.8,3437639.0,29849509.344
2026-05-17 07:00:00,86.8,87.06,86.72,86.92,3170020.0,27540988.319
2026-05-17 08:00:00,86.92,86.97,86.51,86.77,4223417.0,36622970.52
2026-05-17 09:00:00,86.77,86.95,86.63,86.82,4243937.0,36832323.745
2026-05-17 10:00:00,86.82,87.22,86.75,86.93,6593448.0,57354849.764
2026-05-17 11:00:00,86.93,86.96,86.72,86.84,4038112.0,35061385.652
2026-05-17 12:00:00,86.84,86.97,86.66,86.71,3513028.0,30494707.086
2026-05-17 13:00:00,86.71,86.73,86.23,86.34,10436069.0,90199814.232
2026-05-17 14:00:00,86.34,86.42,85.89,86.26,8884220.0,76595940.661
2026-05-17 15:00:00,86.26,86.46,86.11,86.39,5073066.0,43784520.067
2026-05-17 16:00:00,86.39,86.68,86.06,86.25,6727647.0,58149886.768
2026-05-17 17:00:00,86.25,86.31,85.92,86.21,7092841.0,61086221.551
2026-05-17 18:00:00,86.21,86.4,85.96,86.37,5697095.0,49111120.293
2026-05-17 19:00:00,86.37,86.89,86.36,86.75,6384251.0,55291211.224
2026-05-17 20:00:00,86.75,86.82,86.51,86.63,4017100.0,34813097.077
2026-05-17 21:00:00,86.63,86.92,86.54,86.87,6011281.0,52188309.612
2026-05-17 22:00:00,86.87,86.87,85.93,86.17,10999612.0,94877729.494
2026-05-17 23:00:00,86.17,86.18,83.33,85.17,19604291.0,166488638.748
2026-05-18 00:00:00,85.17,85.31,84.31,85.29,11045530.0,93757150.211
2026-05-18 01:00:00,85.29,85.43,84.47,84.93,6012892.0,51039366.99
2026-05-18 02:00:00,84.93,85.33,84.65,84.83,4061745.0,34518275.854
2026-05-18 03:00:00,84.83,85.21,84.67,84.8,4256281.0,36136167.532
2026-05-18 04:00:00,84.8,85.28,84.54,85.22,5315020.0,45119866.76
2026-05-18 05:00:00,85.22,85.33,84.6,84.81,3436282.0,29218778.725
2026-05-18 06:00:00,84.81,84.94,84.21,84.7,6224420.0,52633736.007
2026-05-18 07:00:00,84.7,84.97,84.35,84.71,6816358.0,57739604.502
2026-05-18 08:00:00,84.71,84.96,84.56,84.86,5186331.0,43962696.6
2026-05-18 09:00:00,84.86,84.88,84.41,84.45,7336911.0,62065778.183
2026-05-18 10:00:00,84.45,84.47,84.16,84.23,6787292.0,57218309.777
2026-05-18 11:00:00,84.23,85.28,84.03,84.93,9992564.0,84657457.8
2026-05-18 12:00:00,84.93,85.75,84.93,85.52,9966692.0,85084255.022
2026-05-18 13:00:00,85.52,85.52,84.26,84.65,14965052.0,126946245.726
2026-05-18 14:00:00,84.65,84.65,83.66,83.94,18225151.0,153358395.719
2026-05-18 15:00:00,83.94,84.37,83.56,84.18,12498114.0,104903458.885
2026-05-18 16:00:00,84.18,84.46,83.92,84.26,7668908.0,64577705.193
2026-05-18 17:00:00,84.26,84.67,84.12,84.37,6296943.0,53127842.23
2026-05-18 18:00:00,84.37,84.41,83.42,83.48,8609007.0,72151549.162
2026-05-18 19:00:00,83.48,85.2,83.43,84.95,11272955.0,95381601.621
2026-05-18 20:00:00,84.95,85.38,84.78,84.87,7792207.0,66304295.19
2026-05-18 21:00:00,84.87,85.66,84.73,85.52,6515452.0,55534345.139
2026-05-18 22:00:00,85.52,85.74,85.22,85.41,5286747.0,45183551.702
2026-05-18 23:00:00,85.41,85.61,85.21,85.33,4731214.0,40407588.407
2026-05-19 00:00:00,85.33,85.93,85.27,85.54,4405000.0,37708659.157
2026-05-19 01:00:00,85.54,85.56,84.85,84.85,5133116.0,43730930.6
2026-05-19 02:00:00,84.85,85.26,84.56,84.81,4280067.0,36331223.55
2026-05-19 03:00:00,84.81,85.2,84.67,85.02,2979849.0,25321781.178
2026-05-19 04:00:00,85.02,85.27,84.75,85.1,3211111.0,27310640.83
2026-05-19 05:00:00,85.1,85.24,84.4,85.14,6892237.0,58506017.788
2026-05-19 06:00:00,85.14,85.54,85.07,85.22,4791539.0,40860699.615
2026-05-19 07:00:00,85.22,85.59,85.08,85.43,4904968.0,41877514.18
2026-05-19 08:00:00,85.43,85.54,84.98,85.18,5632734.0,48008033.195
2026-05-19 09:00:00,85.18,85.26,84.41,84.71,6391516.0,54190629.813
2026-05-19 10:00:00,84.71,84.83,84.25,84.65,5289660.0,44731537.466
2026-05-19 11:00:00,84.65,84.78,84.21,84.33,6857804.0,57929745.26
2026-05-19 12:00:00,84.33,84.75,84.23,84.72,5979262.0,50555893.219
2026-05-19 13:00:00,84.72,85.07,84.31,84.75,13686359.0,115924888.081
2026-05-19 14:00:00,84.75,84.91,83.62,84.05,15403882.0,129715340.352
2026-05-19 15:00:00,84.05,84.53,83.95,84.32,8284215.0,69795919.611
2026-05-19 16:00:00,84.32,84.86,84.09,84.79,7241769.0,61190071.594
2026-05-19 17:00:00,84.79,85.0,84.39,84.63,6705761.0,56785764.858
2026-05-19 18:00:00,84.63,84.76,84.19,84.33,5194173.0,43869979.718
2026-05-19 19:00:00,84.33,84.71,84.17,84.3,6404865.0,54053854.982
2026-05-19 20:00:00,84.3,84.55,84.25,84.49,3643774.0,30759311.071
2026-05-19 21:00:00,84.49,84.65,84.35,84.4,4078150.0,34461662.611
2026-05-19 22:00:00,84.4,84.4,83.94,84.05,5626455.0,47345873.102
2026-05-19 23:00:00,84.05,84.56,83.98,84.25,6250634.0,52670049.515
2026-05-20 00:00:00,84.25,84.36,83.86,84.17,4593921.0,38647046.079
2026-05-20 01:00:00,84.17,84.5,83.78,84.32,5465938.0,45976856.865
2026-05-20 02:00:00,84.32,84.46,83.87,83.94,3869476.0,32560866.542
2026-05-20 03:00:00,83.94,84.23,83.81,84.05,2963759.0,24912801.195
2026-05-20 04:00:00,84.05,84.18,83.83,84.17,3189649.0,26812927.362
2026-05-20 05:00:00,84.17,84.92,84.17,84.72,6068512.0,51372941.275
2026-05-20 06:00:00,84.72,84.98,84.67,84.94,4148222.0,35194865.76
2026-05-20 07:00:00,84.94,85.09,84.63,84.7,4484248.0,38048174.364
2026-05-20 08:00:00,84.7,85.18,84.66,84.95,4967197.0,42173137.449
2026-05-20 09:00:00,84.95,85.04,84.78,84.84,4078764.0,34639088.791
2026-05-20 10:00:00,84.84,85.16,84.81,84.91,4144141.0,35217596.108
2026-05-20 11:00:00,84.91,84.99,84.52,84.66,5935871.0,50306565.9
2026-05-20 12:00:00,84.66,85.37,84.56,85.06,11134469.0,94523557.228
2026-05-20 13:00:00,85.06,85.12,84.03,84.63,16124983.0,136342228.143
2026-05-20 14:00:00,84.63,86.21,84.27,85.81,20983036.0,178920494.074
2026-05-20 15:00:00,85.81,86.26,85.35,85.88,14052539.0,120739986.53
2026-05-20 16:00:00,85.88,86.78,85.48,86.44,18360554.0,158313957.838
2026-05-20 17:00:00,86.44,87.06,86.26,86.47,11332838.0,98197785.301
2026-05-20 18:00:00,86.47,86.54,85.64,85.78,9870173.0,84999897.314
2026-05-20 19:00:00,85.78,86.26,85.57,86.12,6211990.0,53405343.988
2026-05-20 20:00:00,86.12,86.2,85.5,86.14,6352784.0,54579204.702
2026-05-20 21:00:00,86.14,86.3,85.92,85.94,3001951.0,25842004.783
2026-05-20 22:00:00,85.94,86.17,85.55,85.99,4224219.0,36274213.459
2026-05-20 23:00:00,85.99,86.12,85.81,86.11,1837839.0,15796929.26
2026-05-21 00:00:00,86.11,86.79,86.04,86.58,10277274.0,88782118.289
2026-05-21 01:00:00,86.58,87.01,86.38,86.49,8092627.0,70088933.117
2026-05-21 02:00:00,86.49,86.86,86.39,86.57,1782055.0,15437758.066
2026-05-21 03:00:00,86.57,86.89,86.49,86.81,2068683.0,17932703.304
2026-05-21 04:00:00,86.81,87.18,86.71,86.95,4024209.0,34991470.356
2026-05-21 05:00:00,86.95,87.07,86.3,86.45,3983389.0,34518583.416
2026-05-21 06:00:00,86.45,86.55,86.15,86.26,3729362.0,32197779.607
2026-05-21 07:00:00,86.26,86.69,86.21,86.59,5361566.0,46374280.558
2026-05-21 08:00:00,86.59,87.18,86.58,86.79,9042120.0,78579818.082
2026-05-21 09:00:00,86.79,87.01,86.39,86.45,6072636.0,52614188.596
2026-05-21 10:00:00,86.45,86.62,85.65,85.71,8952354.0,77067749.448
2026-05-21 11:00:00,85.71,85.91,85.52,85.54,5640253.0,48345514.112
2026-05-21 12:00:00,85.54,85.82,85.37,85.7,8671332.0,74241771.486
2026-05-21 13:00:00,85.7,86.09,85.28,86.02,13543496.0,116159230.325
2026-05-21 14:00:00,86.02,86.44,85.56,85.95,15384123.0,132373598.646
2026-05-21 15:00:00,85.95,86.86,85.85,86.41,13859743.0,119842501.33
2026-05-21 16:00:00,86.41,86.56,86.0,86.22,8777525.0,75708818.478
2026-05-21 17:00:00,86.22,88.02,86.14,87.58,19417582.0,169643840.468
2026-05-21 18:00:00,87.58,87.76,86.73,87.04,6828727.0,59647192.144
2026-05-21 19:00:00,87.04,87.85,87.03,87.81,6923861.0,60586314.82
2026-05-21 20:00:00,87.81,87.91,87.46,87.53,5505363.0,48279223.671
2026-05-21 21:00:00,87.53,87.68,87.26,87.32,5307215.0,46416218.531
2026-05-21 22:00:00,87.32,87.46,87.08,87.14,6715403.0,58618930.339
2026-05-21 23:00:00,87.14,87.34,86.96,87.32,6019424.0,52460907.551
2026-05-22 00:00:00,87.32,87.32,86.78,86.81,4157380.0,36190745.178
2026-05-22 01:00:00,86.81,87.06,86.53,87.02,3680092.0,31938330.759
2026-05-22 02:00:00,87.02,87.2,86.92,87.12,3403567.0,29638297.128
2026-05-22 03:00:00,87.12,87.27,86.87,86.99,2025968.0,17631614.971
2026-05-22 04:00:00,86.99,87.35,86.87,86.93,2512733.0,21888012.143
2026-05-22 05:00:00,86.93,87.1,86.65,86.76,3204795.0,27849792.927
2026-05-22 06:00:00,86.76,86.8,86.44,86.67,5625960.0,48762025.191
2026-05-22 07:00:00,86.67,87.11,86.47,86.94,6841352.0,59350524.148
2026-05-22 08:00:00,86.94,87.48,86.81,87.1,10267278.0,89502146.059
2026-05-22 09:00:00,87.1,87.36,87.0,87.22,5182699.0,45184501.924
2026-05-22 10:00:00,87.22,87.23,86.82,86.95,6489677.0,56457543.024
2026-05-22 11:00:00,86.95,87.3,86.67,87.28,5582557.0,48547323.23
2026-05-22 12:00:00,87.28,87.75,87.2,87.73,7043513.0,61626360.238
2026-05-22 13:00:00,87.73,87.89,87.04,87.35,11633039.0,101744603.501
2026-05-22 14:00:00,87.35,87.35,86.29,86.58,13494931.0,117003510.42
2026-05-22 15:00:00,86.58,86.94,86.21,86.71,9878171.0,85588970.518
2026-05-22 16:00:00,86.71,86.99,86.61,86.89,4657839.0,40427558.055
2026-05-22 17:00:00,86.89,87.16,86.45,86.6,7649724.0,66400983.162
2026-05-22 18:00:00,86.6,86.65,84.54,85.42,19089249.0,163773098.98
2026-05-22 19:00:00,85.42,85.59,83.93,84.52,18057286.0,152901927.79
2026-05-22 20:00:00,84.52,85.03,84.51,84.95,7089113.0,60130307.731
2026-05-22 21:00:00,84.95,85.26,84.87,85.13,6230151.0,53002020.733
2026-05-22 22:00:00,85.13,85.18,84.72,84.92,4978952.0,42290078.013
2026-05-22 23:00:00,84.92,85.11,83.93,84.32,6053704.0,51208752.111
2026-05-23 00:00:00,84.32,84.51,84.01,84.39,7620545.0,64224213.202
2026-05-23 01:00:00,84.39,84.61,84.23,84.47,4687162.0,39586760.396
2026-05-23 02:00:00,84.47,84.54,84.14,84.49,2576239.0,21726136.627
2026-05-23 03:00:00,84.49,84.69,84.43,84.63,1150393.0,9729170.124
2026-05-23 04:00:00,84.63,84.66,84.28,84.36,1654959.0,13977174.002
2026-05-23 05:00:00,84.36,84.43,84.11,84.4,4013362.0,33827857.576
2026-05-23 06:00:00,84.4,84.45,84.12,84.2,3395050.0,28627106.779
2026-05-23 07:00:00,84.2,84.27,81.37,82.18,17278636.0,143137175.858
2026-05-23 08:00:00,82.18,82.3,81.61,82.07,12790792.0,104829985.402
2026-05-23 09:00:00,82.07,82.2,81.9,81.93,3669747.0,30091856.071
2026-05-23 10:00:00,81.93,82.3,81.93,82.17,3373486.0,27725945.968
2026-05-23 11:00:00,82.17,82.4,82.14,82.21,3280242.0,26993235.838
2026-05-23 12:00:00,82.21,82.48,82.07,82.4,3905206.0,32128362.778
2026-05-23 13:00:00,82.4,83.36,82.4,83.16,13656817.0,113406412.558
2026-05-23 14:00:00,83.16,84.42,83.02,84.06,17985896.0,150678176.204
2026-05-23 15:00:00,84.06,84.48,83.58,84.04,10179728.0,85557411.939
2026-05-23 16:00:00,84.04,84.27,83.86,84.05,6910184.0,58097261.092
2026-05-23 17:00:00,84.05,84.31,83.94,84.16,4457178.0,37502321.332
2026-05-23 18:00:00,84.16,85.16,84.12,84.66,13923513.0,118013160.348
2026-05-23 19:00:00,84.66,85.07,84.56,84.91,6928094.0,58759509.568
2026-05-23 20:00:00,84.91,87.05,84.72,87.04,13938176.0,119781894.134
2026-05-23 21:00:00,87.04,87.51,85.91,86.23,16112575.0,139531130.449
2026-05-23 22:00:00,86.23,86.57,85.46,85.76,8777830.0,75516141.345
2026-05-23 23:00:00,85.76,85.9,85.58,85.69,3029222.0,25966253.418
2026-05-24 00:00:00,85.69,85.98,85.56,85.83,2813208.0,24119173.895
2026-05-24 01:00:00,85.83,86.21,85.82,85.96,1769394.0,15219418.98
2026-05-24 02:00:00,85.96,86.07,85.68,85.92,1942175.0,16680199.29
2026-05-24 03:00:00,85.92,86.1,85.57,85.73,1886898.0,16190820.348
2026-05-24 04:00:00,85.73,86.06,85.73,85.87,1437807.0,12354220.955
2026-05-24 05:00:00,85.87,86.15,85.53,86.13,2376002.0,20393598.571
2026-05-24 06:00:00,86.13,86.45,85.89,86.42,3011624.0,25938930.854
2026-05-24 07:00:00,86.42,86.68,85.97,86.03,3337548.0,28789544.129
2026-05-24 08:00:00,86.03,86.5,85.96,86.46,4590312.0,39603122.148
2026-05-24 09:00:00,86.46,87.05,86.33,86.51,6698745.0,58014616.237
2026-05-24 10:00:00,86.51,86.7,86.2,86.45,5918984.0,51107676.886
2026-05-24 11:00:00,86.45,86.86,86.39,86.61,6013248.0,52071451.24
2026-05-24 12:00:00,86.61,86.64,86.13,86.3,4464041.0,38531061.944
2026-05-24 13:00:00,86.3,86.4,85.67,85.87,7685971.0,66172602.641
2026-05-24 14:00:00,85.87,85.98,84.4,85.21,12955888.0,110397753.391
2026-05-24 15:00:00,85.21,85.43,85.09,85.26,4146966.0,35354906.189
2026-05-24 16:00:00,85.26,85.82,85.15,85.6,7999617.0,68386855.428
2026-05-24 17:00:00,85.6,85.76,85.44,85.61,4147404.0,35505106.427
2026-05-24 18:00:00,85.61,85.64,85.21,85.35,3353764.0,28640594.393
2026-05-24 19:00:00,85.35,85.47,85.16,85.31,3107111.0,26505057.001
2026-05-24 20:00:00,85.31,85.38,84.54,84.72,5010015.0,42546863.926
2026-05-24 21:00:00,84.72,84.94,83.61,83.89,9997434.0,84172288.923
2026-05-24 22:00:00,83.89,85.29,83.89,84.93,10582530.0,89906767.673
2026-05-24 23:00:00,84.93,85.47,84.93,85.22,4021354.0,34260369.469
2026-05-25 00:00:00,85.22,85.61,85.19,85.46,2916262.0,24903431.98
2026-05-25 01:00:00,85.46,85.55,84.76,84.79,2787151.0,23760899.6
2026-05-25 02:00:00,84.79,85.73,84.79,85.02,4259502.0,36329604.701
2026-05-25 03:00:00,85.02,85.12,84.71,84.89,6940167.0,58919823.499
2026-05-25 04:00:00,84.89,85.91,84.86,85.79,2805353.0,23948505.724
2026-05-25 05:00:00,85.79,86.15,85.7,85.94,2950554.0,25360335.255
2026-05-25 06:00:00,85.94,86.14,85.59,85.93,3419334.0,29348531.593
2026-05-25 07:00:00,85.93,86.12,85.54,85.91,3597616.0,30860753.131
2026-05-25 08:00:00,85.91,86.05,85.7,85.97,2599607.0,22323648.825
2026-05-25 09:00:00,85.97,86.21,85.86,85.88,4597490.0,39537532.577
2026-05-25 10:00:00,85.88,86.07,85.85,86.02,3414348.0,29353535.744
2026-05-25 11:00:00,86.02,86.11,85.65,85.74,4706667.0,40430966.711
2026-05-25 12:00:00,85.74,86.04,85.61,85.83,5617555.0,48228551.876
2026-05-25 13:00:00,85.83,86.0,85.72,85.98,4844339.0,41595429.153
2026-05-25 14:00:00,85.98,86.42,85.9,86.29,12280422.0,105841398.378
2026-05-25 15:00:00,86.29,86.48,86.0,86.2,7687179.0,66266777.574
2026-05-25 16:00:00,86.2,86.41,85.92,86.22,6033548.0,51969132.816
2026-05-25 17:00:00,86.22,86.36,86.03,86.1,4540530.0,39132283.545
2026-05-25 18:00:00,86.1,86.29,85.85,85.87,3785467.0,32577259.772
2026-05-25 19:00:00,85.87,85.91,85.47,85.61,5320358.0,45587060.399
2026-05-25 20:00:00,85.61,85.85,85.24,85.36,6585972.0,56338069.332
2026-05-25 21:00:00,85.36,85.52,85.2,85.34,4385556.0,37443152.326
2026-05-25 22:00:00,85.34,85.51,84.64,84.76,8238842.0,70093627.95
2026-05-25 23:00:00,84.76,85.17,84.67,85.0,4670794.0,39691411.419
2026-05-26 00:00:00,85.0,85.02,83.84,84.33,9478020.0,80040425.075
2026-05-26 01:00:00,84.33,84.49,83.79,84.04,5984361.0,50385116.387
2026-05-26 02:00:00,84.04,84.17,83.84,83.96,2355735.0,19791092.168
2026-05-26 03:00:00,83.96,84.23,83.78,84.16,3088060.0,25935230.843
2026-05-26 04:00:00,84.16,84.46,83.94,84.32,3884718.0,32719512.034
2026-05-26 05:00:00,84.32,84.93,84.22,84.6,5945876.0,50293760.906
2026-05-26 06:00:00,84.6,84.79,84.35,84.56,2569466.0,21726295.22
2026-05-26 07:00:00,84.56,84.6,84.05,84.31,7841498.0,66051816.177
2026-05-26 08:00:00,84.31,84.53,84.28,84.39,3765261.0,31781565.995
2026-05-26 09:00:00,84.39,84.67,84.23,84.43,5003743.0,42254488.348
2026-05-26 10:00:00,84.43,85.79,84.31,85.52,14665380.0,125035960.877
2026-05-26 11:00:00,85.52,85.62,85.16,85.19,7824351.0,66798439.503
2026-05-26 12:00:00,85.19,85.38,84.76,85.28,8033125.0,68337195.479
2026-05-26 13:00:00,85.28,85.73,84.64,85.48,13134569.0,111836673.569
2026-05-26 14:00:00,85.48,86.1,84.71,85.2,21272460.0,181709728.103
2026-05-26 15:00:00,85.2,85.32,83.96,84.44,15167677.0,128492413.592
2026-05-26 16:00:00,84.44,84.53,83.85,84.17,9716416.0,81844388.887
2026-05-26 17:00:00,84.17,84.35,83.07,83.52,11414760.0,95425901.797
2026-05-26 18:00:00,83.52,84.03,83.42,83.55,5232828.0,43806110.937
2026-05-26 19:00:00,83.55,83.96,83.29,83.71,5760716.0,48174726.432
2026-05-26 20:00:00,83.71,83.91,83.67,83.88,3182696.0,26672299.655
2026-05-26 21:00:00,83.88,83.93,83.51,83.63,4288690.0,35908951.304
2026-05-26 22:00:00,83.63,83.83,83.45,83.6,4917098.0,41116625.49
2026-05-26 23:00:00,83.6,83.81,83.55,83.65,3902910.0,32672307.058
2026-05-27 00:00:00,83.65,84.2,83.65,84.09,5123679.0,43008346.386
2026-05-27 01:00:00,84.09,84.15,83.74,83.82,3608402.0,30276072.161
2026-05-27 02:00:00,83.82,83.92,83.51,83.9,6031462.0,50484479.538
2026-05-27 03:00:00,83.9,84.03,83.42,83.58,3428899.0,28710017.369
2026-05-27 04:00:00,83.58,83.65,82.78,83.59,5382262.0,44828268.8
2026-05-27 05:00:00,83.59,83.89,83.51,83.83,3221759.0,26959722.878
2026-05-27 06:00:00,83.83,84.01,83.69,84.0,2194649.0,18405456.19
2026-05-27 07:00:00,84.0,84.17,83.83,84.16,3989309.0,33506186.236
2026-05-27 08:00:00,84.16,84.38,83.83,83.89,6520363.0,54836068.986
2026-05-27 09:00:00,83.89,83.92,83.56,83.73,8101374.0,67831855.252
2026-05-27 10:00:00,83.73,84.05,83.59,83.9,6397070.0,53637687.069
2026-05-27 11:00:00,83.9,84.18,83.84,83.89,4525801.0,38023525.698
2026-05-27 12:00:00,83.89,84.66,83.49,83.88,13657337.0,114676644.396
2026-05-27 13:00:00,83.88,84.02,82.92,83.58,14550529.0,121395185.725
2026-05-27 14:00:00,83.58,84.1,83.18,83.86,17116132.0,143153217.432
2026-05-27 15:00:00,83.86,84.82,83.85,84.4,13765105.0,116129339.278
2026-05-27 16:00:00,84.4,84.72,83.81,84.14,9775048.0,82301971.189
2026-05-27 17:00:00,84.14,84.17,83.11,83.37,12042975.0,100622375.704
2026-05-27 18:00:00,83.37,83.96,83.15,83.91,5563115.0,46462435.031
2026-05-27 19:00:00,83.91,84.13,83.83,83.89,6682511.0,56112816.153
2026-05-27 20:00:00,83.89,84.1,83.71,83.78,4147989.0,34788954.984
2026-05-27 21:00:00,83.78,83.78,82.03,82.42,10485656.0,86931702.031
2026-05-27 22:00:00,82.42,82.96,82.18,82.41,6247094.0,51573573.209
2026-05-27 23:00:00,82.41,82.64,82.13,82.37,6021499.0,49624497.983
2026-05-28 00:00:00,82.37,82.71,82.31,82.67,5385525.0,44439961.172
2026-05-28 01:00:00,82.67,82.72,81.85,82.23,6953345.0,57181547.85
2026-05-28 02:00:00,82.23,82.4,81.96,82.07,3765279.0,30934224.827
2026-05-28 03:00:00,82.07,82.21,80.45,80.67,11558520.0,93856382.998
2026-05-28 04:00:00,80.67,80.89,79.94,80.84,10098285.0,81267056.155
2026-05-28 05:00:00,80.84,80.94,80.36,80.65,5413790.0,43663717.921
2026-05-28 06:00:00,80.65,81.06,80.46,80.9,6345572.0,51246011.349
2026-05-28 07:00:00,80.9,81.24,80.78,81.2,8360650.0,67753924.758
2026-05-28 08:00:00,81.2,81.23,80.75,80.92,6219993.0,50365169.449
2026-05-28 09:00:00,80.92,81.26,80.77,81.17,6410000.0,51962253.717
2026-05-28 10:00:00,81.17,81.27,80.68,80.69,8120805.0,65771592.932
2026-05-28 11:00:00,80.69,80.9,80.53,80.83,10203909.0,82323574.162
2026-05-28 12:00:00,80.83,81.2,80.52,81.1,8740854.0,70691333.136
2026-05-28 13:00:00,81.1,81.33,80.49,80.74,15127675.0,122398987.211
2026-05-28 14:00:00,80.74,81.63,79.96,81.15,18944230.0,153080842.114
2026-05-28 15:00:00,81.15,81.35,80.51,81.11,8654259.0,70070937.471
2026-05-28 16:00:00,81.11,82.19,80.88,82.03,13489800.0,110204970.383
2026-05-28 17:00:00,82.03,82.61,81.79,82.25,10436307.0,85759587.828
2026-05-28 18:00:00,82.25,82.99,82.21,82.86,8416601.0,69596280.144
2026-05-28 19:00:00,82.86,82.88,82.11,82.14,7372142.0,60787219.802
2026-05-28 20:00:00,82.14,82.59,81.73,82.26,10324099.0,84871396.517
2026-05-28 21:00:00,82.26,82.66,82.18,82.38,5064825.0,41767851.244
2026-05-28 22:00:00,82.38,82.59,81.86,82.0,5887078.0,48355164.298
2026-05-28 23:00:00,82.0,82.24,81.94,82.07,2478578.0,20344282.643
2026-05-29 00:00:00,82.07,82.44,82.07,82.29,4258600.0,35030991.208
2026-05-29 01:00:00,82.29,82.46,82.01,82.17,4352549.0,35807684.64
2026-05-29 02:00:00,82.17,82.29,81.42,81.52,4103752.0,33585729.825
2026-05-29 03:00:00,81.52,81.92,81.48,81.58,2576487.0,21044326.001
2026-05-29 04:00:00,81.58,81.9,81.32,81.88,2184097.0,17825574.626
2026-05-29 05:00:00,81.88,82.15,81.78,82.02,3514279.0,28805052.273
2026-05-29 06:00:00,82.02,82.45,81.97,82.26,4120604.0,33856680.39
2026-05-29 07:00:00,82.26,82.42,81.86,82.2,5486768.0,45071334.551
2026-05-29 08:00:00,82.2,82.46,82.12,82.16,5284436.0,43482482.828
2026-05-29 09:00:00,82.16,82.6,82.15,82.4,6014063.0,49562308.181
2026-05-29 10:00:00,82.4,82.4,82.05,82.09,5004663.0,41131969.998
2026-05-29 11:00:00,82.09,82.18,81.47,81.73,9258516.0,75809636.362
2026-05-29 12:00:00,81.73,81.75,81.25,81.46,10462849.0,85310715.075
2026-05-29 13:00:00,81.46,81.66,81.03,81.4,14707742.0,119638769.815
2026-05-29 14:00:00,81.4,81.58,80.29,81.29,26470557.0,214266899.24
2026-05-29 15:00:00,81.29,83.24,81.17,82.53,26542686.0,218555992.146
2026-05-29 16:00:00,82.53,83.09,82.15,82.89,12598453.0,104168313.998
2026-05-29 17:00:00,82.89,83.19,82.62,82.75,9278352.0,76962745.977
2026-05-29 18:00:00,82.75,82.96,81.77,82.02,8453418.0,69706061.014
2026-05-29 19:00:00,82.02,82.36,81.53,82.02,8204523.0,67293808.199
2026-05-29 20:00:00,82.02,82.33,81.97,82.17,4717922.0,38764145.148
2026-05-29 21:00:00,82.17,82.37,81.64,81.66,3519793.0,28859740.362
2026-05-29 22:00:00,81.66,81.98,81.58,81.94,3402500.0,27830821.058
2026-05-29 23:00:00,81.94,82.06,81.72,81.99,1935477.0,15855198.31
2026-05-30 00:00:00,81.99,82.3,81.89,82.24,2128437.0,17476234.203
2026-05-30 01:00:00,82.24,82.93,82.16,82.77,2541960.0,20981563.115
2026-05-30 02:00:00,82.77,82.99,82.73,82.94,1904291.0,15783870.489
2026-05-30 03:00:00,82.94,83.07,82.58,82.64,2257384.0,18695546.153
2026-05-30 04:00:00,82.64,82.77,81.8,82.28,4137064.0,34020333.843
2026-05-30 05:00:00,82.28,82.69,82.17,82.55,3052727.0,25181645.84
2026-05-30 06:00:00,82.55,82.7,82.35,82.44,3671064.0,30286725.48
2026-05-30 07:00:00,82.44,82.48,82.21,82.33,2882465.0,23729233.312
2026-05-30 08:00:00,82.33,82.37,82.13,82.19,2192125.0,18031488.028
2026-05-30 09:00:00,82.19,82.35,82.15,82.29,4882634.0,40163012.596
2026-05-30 10:00:00,82.29,82.47,82.25,82.33,2860013.0,23558221.241
2026-05-30 11:00:00,82.33,82.52,82.16,82.29,4726186.0,38899611.211
2026-05-30 12:00:00,82.29,82.4,82.2,82.38,4584580.0,37727357.974
2026-05-30 13:00:00,82.38,82.54,82.19,82.43,6136159.0,50557901.77
2026-05-30 14:00:00,82.43,82.73,82.39,82.59,6655023.0,54956355.721
2026-05-30 15:00:00,82.59,82.89,82.44,82.64,8191937.0,67700891.815
2026-05-30 16:00:00,82.64,82.91,82.58,82.85,4726472.0,39121690.703
2026-05-30 17:00:00,82.85,83.02,82.59,83.0,6002675.0,49728145.191
2026-05-30 18:00:00,83.0,83.13,82.83,82.97,5068885.0,42061917.878
2026-05-30 19:00:00,82.97,83.0,82.73,82.95,4085607.0,33863054.871
2026-05-30 20:00:00,82.95,83.04,82.81,82.91,3052876.0,25314899.961
2026-05-30 21:00:00,82.91,83.13,82.86,82.96,2338852.0,19413656.222
2026-05-30 22:00:00,82.96,82.97,82.4,82.61,5298896.0,43780777.572
2026-05-30 23:00:00,82.61,82.86,82.46,82.68,4394942.0,36294300.96
2026-05-31 00:00:00,82.68,82.92,82.57,82.9,3826606.0,31672046.724
2026-05-31 01:00:00,82.9,83.21,82.87,82.97,4225428.0,35086890.74
2026-05-31 02:00:00,82.97,83.38,82.83,83.11,4386965.0,36454835.84
2026-05-31 03:00:00,83.11,83.31,83.05,83.19,2000829.0,16641237.385
2026-05-31 04:00:00,83.19,83.27,83.05,83.17,1617818.0,13453759.846
2026-05-31 05:00:00,83.17,83.18,82.94,83.0,2239334.0,18600854.547
2026-05-31 06:00:00,83.0,83.0,82.79,82.93,3299415.0,27358099.233
2026-05-31 07:00:00,82.93,82.93,82.46,82.62,6094275.0,50379793.528
2026-05-31 08:00:00,82.62,82.83,82.54,82.76,4015052.0,33205690.378
2026-05-31 09:00:00,82.76,83.02,82.59,82.71,4679489.0,38749429.206
2026-05-31 10:00:00,82.71,82.71,82.43,82.66,5575269.0,46030816.951
2026-05-31 11:00:00,82.66,82.82,82.63,82.71,4284779.0,35449346.119
2026-05-31 12:00:00,82.71,82.91,82.51,82.79,5741495.0,47507838.994
2026-05-31 13:00:00,82.79,83.09,82.62,82.74,5147473.0,42645195.712
2026-05-31 14:00:00,82.74,82.74,81.73,81.91,10968201.0,90145385.479
2026-05-31 15:00:00,81.91,82.24,81.77,81.83,8639227.0,70870024.951
2026-05-31 16:00:00,81.83,81.99,81.37,81.54,13326925.0,108731256.459
2026-05-31 17:00:00,81.54,81.86,81.41,81.8,4387637.0,35830535.985
2026-05-31 18:00:00,81.8,81.82,81.56,81.7,3614431.0,29525973.065
2026-05-31 19:00:00,81.7,81.76,81.27,81.55,6002228.0,48917509.698
2026-05-31 20:00:00,81.55,81.98,81.54,81.92,4956731.0,40529688.509
2026-05-31 21:00:00,81.92,82.34,81.83,82.27,5188913.0,42599482.357
2026-05-31 22:00:00,82.27,82.67,81.98,82.49,7690163.0,63372023.295
2026-05-31 23:00:00,82.49,82.89,81.9,82.4,8993765.0,74079055.408
2026-06-01 00:00:00,82.4,83.08,82.32,82.78,5395834.0,44651195.058
2026-06-01 01:00:00,82.78,82.84,81.7,81.72,5414984.0,44538828.39
2026-06-01 02:00:00,81.72,82.87,81.57,82.64,4421022.0,36357087.583
2026-06-01 03:00:00,82.64,82.96,82.51,82.59,3364176.0,27847182.187
2026-06-01 04:00:00,82.59,82.74,81.72,81.98,5449293.0,44719485.572
2026-06-01 05:00:00,81.98,82.07,81.56,81.77,3560858.0,29151591.622
2026-06-01 06:00:00,81.77,81.83,81.05,81.4,7687557.0,62556497.958
2026-06-01 07:00:00,81.4,81.52,80.57,80.68,7105791.0,57589236.769
2026-06-01 08:00:00,80.68,81.0,80.39,80.93,7122166.0,57490795.731
2026-06-01 09:00:00,80.93,81.24,80.93,81.02,5437731.0,44105664.089
2026-06-01 10:00:00,81.02,81.16,80.77,81.04,7511935.0,60803690.344
2026-06-01 11:00:00,81.04,81.19,80.57,80.78,5159303.0,41777143.767
2026-06-01 12:00:00,80.78,81.05,80.17,80.79,10077892.0,81313473.817
2026-06-01 13:00:00,80.79,80.83,79.23,79.79,18346037.0,146931220.951
2026-06-01 14:00:00,79.79,80.06,79.37,79.66,12390631.0,98654840.276
2026-06-01 15:00:00,79.66,80.02,79.15,79.56,15393515.0,122491729.571
2026-06-01 16:00:00,79.56,80.42,79.06,80.37,15825115.0,126206451.128
2026-06-01 17:00:00,80.37,81.18,80.25,80.9,11547168.0,93181387.682
2026-06-01 18:00:00,80.9,81.2,80.55,80.82,6892379.0,55765382.423
2026-06-01 19:00:00,80.82,81.3,80.56,81.16,6078113.0,49225141.415
2026-06-01 20:00:00,81.16,81.21,80.93,81.1,4559737.0,36970060.058
2026-06-01 21:00:00,81.1,81.11,80.46,80.64,6429752.0,51910223.898
2026-06-01 22:00:00,80.64,81.46,80.28,81.37,7519575.0,60755375.893
2026-06-01 23:00:00,81.37,81.62,81.05,81.24,5679029.0,46190883.163
2026-06-02 00:00:00,81.24,81.27,80.84,80.87,3672208.0,29760700.945
2026-06-02 01:00:00,80.87,80.99,80.01,80.09,5430013.0,43731319.521
2026-06-02 02:00:00,80.09,80.76,79.35,80.76,7903557.0,63246621.324
2026-06-02 03:00:00,80.76,81.03,80.61,80.88,3208094.0,25933454.375
2026-06-02 04:00:00,80.88,80.99,80.33,80.4,5036557.0,40619498.806
2026-06-02 05:00:00,80.4,80.58,79.5,79.59,7049502.0,56455501.446
2026-06-02 06:00:00,79.59,79.77,79.27,79.54,6534345.0,51960194.08
2026-06-02 07:00:00,79.54,79.89,79.08,79.63,7609719.0,60529238.539
2026-06-02 08:00:00,79.63,79.77,79.4,79.58,5296753.0,42154506.275
2026-06-02 09:00:00,79.58,79.62,78.72,79.07,10717634.0,84747761.012
2026-06-02 10:00:00,79.07,79.45,78.92,79.41,6533601.0,51778706.204
2026-06-02 11:00:00,79.41,79.41,78.79,78.9,8720439.0,68907512.984
2026-06-02 12:00:00,78.9,79.12,78.57,78.93,13636741.0,107497637.155
2026-06-02 13:00:00,78.93,79.19,78.75,78.91,7255972.0,57308383.3
2026-06-02 14:00:00,78.91,78.97,76.66,77.39,34134594.0,265496480.226
2026-06-02 15:00:00,77.39,77.46,75.44,76.33,25080222.0,191809491.773
2026-06-02 16:00:00,76.33,77.62,76.09,76.66,17423025.0,134098576.087
2026-06-02 17:00:00,76.66,77.15,76.42,76.78,7815357.0,60038525.488
2026-06-02 18:00:00,76.78,77.03,75.76,76.1,9894818.0,75494865.012
2026-06-02 19:00:00,76.1,76.22,74.37,75.46,19469079.0,146767659.456
2026-06-02 20:00:00,75.46,75.88,74.71,75.38,11241420.0,84591490.269
2026-06-02 21:00:00,75.38,76.03,75.26,75.61,7903426.0,59813412.899
2026-06-02 22:00:00,75.61,75.61,73.28,73.62,17976358.0,134199220.941
2026-06-02 23:00:00,73.62,74.27,72.66,74.17,17348214.0,127545664.158
2026-06-03 00:00:00,74.17,75.08,73.93,74.78,8148392.0,60830169.038
2026-06-03 01:00:00,74.78,75.0,74.08,74.7,6105891.0,45584232.408
2026-06-03 02:00:00,74.7,74.75,74.16,74.36,5686394.0,42313253.3
2026-06-03 03:00:00,74.36,74.5,72.21,72.67,10600303.0,77778225.887
2026-06-03 04:00:00,72.67,74.08,72.65,74.03,5771085.0,42408439.535
2026-06-03 05:00:00,74.03,74.9,74.01,74.69,6041440.0,45030442.192
2026-06-03 06:00:00,74.69,75.3,74.61,74.82,5377482.0,40303359.595
2026-06-03 07:00:00,74.82,75.39,74.69,75.21,4795586.0,36025524.919
2026-06-03 08:00:00,75.21,75.29,74.81,74.95,5310322.0,39835167.327
2026-06-03 09:00:00,74.95,75.37,74.66,74.95,5817649.0,43604513.907
2026-06-03 10:00:00,74.95,75.57,74.92,75.5,7165763.0,53988940.554
2026-06-03 11:00:00,75.5,75.68,74.94,75.09,7280228.0,54857548.702
2026-06-03 12:00:00,75.09,75.23,74.63,75.15,6986190.0,52392807.675
2026-06-03 13:00:00,75.15,75.34,74.33,74.52,11223033.0,83975535.804
2026-06-03 14:00:00,74.52,74.56,73.79,74.42,12057524.0,89454058.107
2026-06-03 15:00:00,74.42,74.45,73.18,73.25,14931922.0,110096293.834
2026-06-03 16:00:00,73.25,73.43,71.98,72.95,22154318.0,161000356.702
2026-06-03 17:00:00,72.95,74.07,72.33,73.13,14733423.0,107900401.085
2026-06-03 18:00:00,73.13,73.44,72.38,73.05,11573470.0,84410427.747
2026-06-03 19:00:00,73.05,73.13,71.63,71.95,16865644.0,121816000.678
2026-06-03 20:00:00,71.95,72.41,70.83,71.2,21121530.0,151456194.563
2026-06-03 21:00:00,71.2,72.84,70.97,72.77,16653675.0,119832478.293
2026-06-03 22:00:00,72.77,73.15,71.89,72.16,13552267.0,98054573.291
2026-06-03 23:00:00,72.16,72.24,71.52,71.58,11986026.0,86003288.596
2026-06-04 00:00:00,71.58,72.06,70.26,70.69,11456398.0,81501264.416
2026-06-04 01:00:00,70.69,70.92,68.31,68.56,20756083.0,144132756.976
2026-06-04 02:00:00,68.56,70.43,66.63,70.0,20713790.0,142240113.083
2026-06-04 03:00:00,70.0,71.59,69.98,71.41,12346214.0,87703608.198
2026-06-04 04:00:00,71.41,71.74,70.74,70.85,7068516.0,50297057.876
2026-06-04 05:00:00,70.85,70.85,69.85,70.29,13757727.0,96675602.9
2026-06-04 06:00:00,70.29,71.19,70.2,70.3,5992109.0,42357276.8
2026-06-04 07:00:00,70.3,70.37,69.07,69.1,9424740.0,65712306.188
2026-06-04 08:00:00,69.1,69.41,68.27,69.2,11085677.0,76388785.467
2026-06-04 09:00:00,69.2,69.23,67.68,68.82,13452549.0,91825763.751
2026-06-04 10:00:00,68.82,68.89,67.47,67.83,10880168.0,74273498.481
2026-06-04 11:00:00,67.83,68.66,67.35,68.63,9066488.0,61694794.653
2026-06-04 12:00:00,68.63,70.34,68.27,70.05,14815671.0,102739423.745
2026-06-04 13:00:00,70.05,70.55,68.95,70.33,13524464.0,94476697.352
2026-06-04 14:00:00,70.33,70.61,69.51,69.73,11068598.0,77546113.696
2026-06-04 15:00:00,69.73,70.49,69.35,69.6,10947947.0,76418322.705
2026-06-04 16:00:00,69.6,69.64,68.93,69.37,8794178.0,60963120.026
2026-06-04 17:00:00,69.37,69.75,68.45,69.2,12597023.0,86996411.255
2026-06-04 18:00:00,69.2,69.86,68.58,69.45,8674655.0,60139859.444
2026-06-04 19:00:00,69.45,69.7,68.97,69.04,9154076.0,63423875.729
2026-06-04 20:00:00,69.04,69.11,68.38,68.76,10977076.0,75433355.987
2026-06-04 21:00:00,68.76,69.0,67.55,67.76,12121844.0,82712087.232
2026-06-04 22:00:00,67.76,68.52,67.52,68.43,12398409.0,84180433.034
2026-06-04 23:00:00,68.43,68.88,67.94,68.81,7886611.0,53983920.193
2026-06-05 00:00:00,68.81,69.06,68.2,68.25,8415655.0,57819415.076
2026-06-05 01:00:00,68.25,68.78,67.5,68.45,7821417.0,53356210.704
2026-06-05 02:00:00,68.45,68.57,67.14,67.27,8677040.0,58863527.459
2026-06-05 03:00:00,67.27,67.82,66.87,67.04,8583111.0,57720117.009
2026-06-05 04:00:00,67.04,67.98,66.42,67.91,15372710.0,103426472.817
2026-06-05 05:00:00,67.91,68.06,66.03,66.18,8830988.0,59165018.5015
2026-06-05 06:00:00,66.18,66.5,63.74,65.0,26882866.0,174632718.094
2026-06-05 07:00:00,65.0,66.26,63.85,66.15,15896831.0,103676901.93
2026-06-05 08:00:00,66.15,66.15,65.02,65.25,9067739.0,59457942.8
2026-06-05 09:00:00,65.25,66.56,65.25,66.5,10005441.0,66101860.309
2026-06-05 10:00:00,66.5,66.7,66.11,66.38,10596692.0,70353219.922
2026-06-05 11:00:00,66.38,66.75,65.77,66.04,12571161.0,83330303.593
2026-06-05 12:00:00,66.04,66.32,65.17,65.79,15494213.0,101918065.28
2026-06-05 13:00:00,65.79,66.79,64.25,64.28,21132982.0,139101220.129
2026-06-05 14:00:00,64.28,65.84,63.89,65.23,18804518.0,122165940.698
2026-06-05 15:00:00,65.23,65.31,63.73,64.22,17303068.0,111537606.907
2026-06-05 16:00:00,64.22,65.96,63.13,65.83,25726187.0,166295243.588
2026-06-05 17:00:00,65.83,66.03,64.76,65.05,10834161.0,70647671.862
2026-06-05 18:00:00,65.05,65.35,62.56,62.86,17982170.0,114887553.831
2026-06-05 19:00:00,62.86,63.8,61.4,63.39,16956031.0,105878955.397
2026-06-05 20:00:00,63.39,64.78,62.62,64.63,13493006.0,86319179.645
2026-06-05 21:00:00,64.63,65.37,64.49,64.84,8790120.0,57097017.185
2026-06-05 22:00:00,64.84,64.86,63.74,64.38,9612591.0,61785338.425
2026-06-05 23:00:00,64.38,64.76,62.59,63.6,8154151.0,51818251.805
2026-06-06 00:00:00,63.6,64.8,63.59,64.62,5465186.0,35169616.454
2026-06-06 01:00:00,64.62,64.8,63.74,63.8,6228884.0,40006751.632
2026-06-06 02:00:00,63.8,63.9,63.22,63.48,6676027.0,42456866.493
2026-06-06 03:00:00,63.48,63.5,62.52,62.79,7348878.0,46301770.676
2026-06-06 04:00:00,62.79,63.09,60.25,60.79,20669414.0,126127593.763
2026-06-06 05:00:00,60.79,62.69,60.03,62.57,14355634.0,88801584.605
2026-06-06 06:00:00,62.57,63.31,62.04,62.18,8980953.0,56360671.268
2026-06-06 07:00:00,62.18,63.14,62.02,62.76,5900393.0,36994378.536
2026-06-06 08:00:00,62.76,63.57,62.5,63.12,6887272.0,43452768.879
2026-06-06 09:00:00,63.12,63.53,62.44,62.67,6221983.0,39175552.912
2026-06-06 10:00:00,62.67,62.67,61.12,61.79,9817400.0,60601417.219
2026-06-06 11:00:00,61.79,62.63,61.7,62.39,5240676.0,32587241.127
2026-06-06 12:00:00,62.39,63.06,61.98,62.87,6970864.0,43587046.773
2026-06-06 13:00:00,62.87,63.02,62.12,62.38,7272735.0,45475168.67
2026-06-06 14:00:00,62.38,62.89,62.28,62.29,6633300.0,41559569.852
2026-06-06 15:00:00,62.29,62.46,61.26,62.02,14412183.0,89094158.736
2026-06-06 16:00:00,62.02,62.39,61.33,62.08,11165802.0,69048450.566
2026-06-06 17:00:00,62.08,62.23,61.42,61.57,10106454.0,62498927.779
2026-06-06 18:00:00,61.57,62.1,61.37,61.7,6250971.0,38550922.264
2026-06-06 19:00:00,61.7,62.16,61.59,61.6,6344755.0,39217378.485
2026-06-06 20:00:00,61.6,61.91,61.3,61.82,5805028.0,35753986.168
2026-06-06 21:00:00,61.82,62.37,61.79,61.87,8418418.0,52249315.357
2026-06-06 22:00:00,61.87,61.95,61.42,61.67,11720344.0,72290765.758
2026-06-06 23:00:00,61.67,62.28,61.64,62.16,8574551.0,53165095.547
2026-06-07 00:00:00,62.16,62.6,61.91,62.05,4325605.0,26915814.563
2026-06-07 01:00:00,62.05,63.82,61.99,63.62,7997916.0,50575656.03
2026-06-07 02:00:00,63.62,63.75,63.02,63.52,5647551.0,35803544.296
2026-06-07 03:00:00,63.52,64.09,63.36,63.77,3713192.0,23658165.684
2026-06-07 04:00:00,63.77,64.08,63.25,64.04,3828820.0,24396715.834
2026-06-07 05:00:00,64.04,64.45,63.85,64.2,8663801.0,55611664.823
2026-06-07 06:00:00,64.2,64.95,63.96,64.8,7948534.0,51318810.782
2026-06-07 07:00:00,64.8,64.97,64.55,64.87,4344034.0,28147224.738
2026-06-07 08:00:00,64.87,65.93,64.44,65.91,14363502.0,93611474.206
2026-06-07 09:00:00,65.91,66.07,64.79,64.94,12893266.0,84389839.457
2026-06-07 10:00:00,64.94,65.02,64.37,64.59,9380870.0,60705059.768
2026-06-07 11:00:00,64.59,65.17,64.46,64.97,7414121.0,48051177.837
2026-06-07 12:00:00,64.97,65.03,63.58,64.25,14142461.0,90703817.333
2026-06-07 13:00:00,64.25,64.4,64.02,64.27,6004570.0,38548246.568
2026-06-07 14:00:00,64.27,65.32,64.26,64.87,15751571.0,102096031.536
2026-06-07 15:00:00,64.87,65.19,64.57,64.94,9903371.0,64241737.676
2026-06-07 16:00:00,64.94,65.27,64.69,65.09,9130038.0,59383641.719
2026-06-07 17:00:00,65.09,65.58,65.02,65.26,7146298.0,46676260.048
2026-06-07 18:00:00,65.26,65.53,64.83,64.87,6276923.0,40967584.088
2026-06-07 19:00:00,64.87,64.92,63.57,63.89,13844825.0,88796670.229
2026-06-07 20:00:00,63.89,64.75,63.67,64.63,8038517.0,51743923.712
2026-06-07 21:00:00,64.63,64.86,64.24,64.56,6799513.0,43870334.419
2026-06-07 22:00:00,64.56,67.89,64.46,65.76,19031040.0,126021671.234
2026-06-07 23:00:00,65.76,66.6,65.7,66.45,9147817.0,60424213.223
2026-06-08 00:00:00,66.45,67.06,65.96,66.66,5215630.0,34684669.6
2026-06-08 01:00:00,66.66,66.76,65.34,66.12,10037115.0,66127161.283
2026-06-08 02:00:00,66.12,66.59,66.0,66.4,5105587.0,33823879.558
2026-06-08 03:00:00,66.4,66.72,66.12,66.31,3199152.0,21228233.354
2026-06-08 04:00:00,66.31,66.37,65.31,65.38,5784256.0,38004050.96
2026-06-08 05:00:00,65.38,65.61,64.9,65.28,9563581.0,62379297.927
2026-06-08 06:00:00,65.28,65.84,65.22,65.62,4206410.0,27592454.349
2026-06-08 07:00:00,65.62,66.18,65.32,66.07,7346855.0,48340138.087
2026-06-08 08:00:00,66.07,66.07,65.39,65.58,5957272.0,39128168.423
2026-06-08 09:00:00,65.58,66.34,65.55,66.32,7902825.0,52133369.235
2026-06-08 10:00:00,66.32,66.41,65.75,66.16,6386214.0,42217139.46
2026-06-08 11:00:00,66.16,67.03,65.99,66.65,9855640.0,65645709.183
2026-06-08 12:00:00,66.65,67.3,65.95,67.22,11865647.0,78945497.313
2026-06-08 13:00:00,67.22,67.25,66.36,66.74,8883286.0,59320487.183
2026-06-08 14:00:00,66.74,67.3,66.39,67.24,7784664.0,52038230.129
2026-06-08 15:00:00,67.24,67.78,67.01,67.15,11859328.0,79973908.562
2026-06-08 16:00:00,67.15,67.72,66.84,66.9,7814712.0,52553722.641
2026-06-08 17:00:00,66.9,67.35,66.51,67.33,8742519.0,58464665.272
2026-06-08 18:00:00,67.33,67.58,67.11,67.39,6468463.0,43584670.444
2026-06-08 19:00:00,67.39,67.81,67.24,67.41,5903944.0,39882633.094
2026-06-08 20:00:00,67.41,67.51,66.89,67.45,5390888.0,36211869.525
2026-06-08 21:00:00,67.45,68.16,67.39,67.43,6159173.0,41751777.772
2026-06-08 22:00:00,67.43,67.44,66.8,67.14,6041773.0,40518392.036
2026-06-08 23:00:00,67.14,67.38,66.6,66.78,9330107.0,62436428.087
2026-06-09 00:00:00,66.78,66.85,65.23,65.38,8868471.0,58558042.334
2026-06-09 01:00:00,65.38,66.03,65.34,65.97,6228991.0,40965988.757
2026-06-09 02:00:00,65.97,66.03,65.48,65.88,4168652.0,27412508.077
2026-06-09 03:00:00,65.88,66.06,65.63,65.98,4225052.0,27816679.084
2026-06-09 04:00:00,65.98,67.44,65.79,66.97,9750957.0,65030341.303
2026-06-09 05:00:00,66.97,67.35,66.67,67.15,5621489.0,37682867.62
2026-06-09 06:00:00,67.15,67.44,66.95,67.03,4610564.0,30978176.224
2026-06-09 07:00:00,67.03,67.32,66.58,66.86,5261021.0,35214838.591
2026-06-09 08:00:00,66.86,66.91,66.35,66.56,5564917.0,37055409.151
2026-06-09 09:00:00,66.56,66.79,66.02,66.12,7208953.0,47824525.203
2026-06-09 10:00:00,66.12,66.45,65.93,66.37,7173282.0,47461643.215
2026-06-09 11:00:00,66.37,66.44,65.84,66.08,7426083.0,49080675.999
2026-06-09 12:00:00,66.08,66.5,65.9,66.18,8191868.0,54240578.874
2026-06-09 13:00:00,66.18,66.34,65.55,65.81,11641350.0,76732065.017
2026-06-09 14:00:00,65.81,65.96,64.34,65.05,21727855.0,141146035.181
2026-06-09 15:00:00,65.05,65.29,64.22,64.29,18498678.0,119745631.546
2026-06-09 16:00:00,64.29,64.46,63.51,64.11,21851331.0,139855454.254
2026-06-09 17:00:00,64.11,65.14,64.06,64.76,15125655.0,97919748.546
2026-06-09 18:00:00,64.76,65.52,64.63,65.24,10548585.0,68675743.902
2026-06-09 19:00:00,65.24,65.63,65.01,65.39,11309358.0,73856387.598
2026-06-09 20:00:00,65.39,65.67,65.25,65.58,9299416.0,60850002.993
2026-06-09 21:00:00,65.58,65.63,64.84,64.98,8617304.0,56163600.089
2026-06-09 22:00:00,64.98,65.32,64.78,64.84,6910979.0,44951113.494
2026-06-09 23:00:00,64.84,65.14,64.64,64.93,5319175.0,34501682.802
2026-06-10 00:00:00,64.93,65.19,64.44,65.14,5573927.0,36145401.03
2026-06-10 01:00:00,65.14,65.26,64.76,65.07,5969492.0,38837973.119
2026-06-10 02:00:00,65.07,65.21,64.19,64.27,5423672.0,35013670.116
2026-06-10 03:00:00,64.27,64.82,64.23,64.48,3854137.0,24872891.433
2026-06-10 04:00:00,64.48,64.62,64.07,64.25,4568817.0,29389782.205
2026-06-10 05:00:00,64.25,64.35,63.87,64.08,4232329.0,27118410.137
2026-06-10 06:00:00,64.08,64.33,63.78,64.15,6206359.0,39742517.704
2026-06-10 07:00:00,64.15,64.74,64.1,64.45,5404382.0,34837866.958
2026-06-10 08:00:00,64.45,64.48,63.37,63.58,12705795.0,81156370.17
2026-06-10 09:00:00,63.58,63.72,63.01,63.59,9359759.0,59370476.637
2026-06-10 10:00:00,63.59,63.76,63.23,63.64,6840936.0,43433059.165
2026-06-10 11:00:00,63.64,63.74,62.9,63.47,10387966.0,65744492.452
2026-06-10 12:00:00,63.47,64.65,63.27,64.09,13353899.0,85474184.864
2026-06-10 13:00:00,64.09,65.52,63.97,65.04,16549991.0,107300536.926
2026-06-10 14:00:00,65.04,65.25,64.53,65.01,12988591.0,84264781.228
2026-06-10 15:00:00,65.01,65.74,64.5,65.41,15659481.0,101960892.09
2026-06-10 16:00:00,65.41,65.44,64.19,64.57,15620908.0,101277549.313
2026-06-10 17:00:00,64.57,64.93,63.58,63.99,17128448.0,109856735.655
2026-06-10 18:00:00,63.99,64.18,63.31,63.8,12750784.0,81262362.749
2026-06-10 19:00:00,63.8,63.92,63.33,63.53,11161719.0,71029779.659
2026-06-10 20:00:00,63.53,63.62,63.13,63.3,9963323.0,63145442.365
2026-06-10 21:00:00,63.3,63.3,62.28,62.55,11717516.0,73588990.313
2026-06-10 22:00:00,62.55,63.03,62.31,62.74,9697033.0,60725247.383
2026-06-10 23:00:00,62.74,63.28,62.41,63.15,7094251.0,44647634.515
2026-06-11 00:00:00,63.15,63.73,63.15,63.61,3855652.0,24483629.543
2026-06-11 01:00:00,63.61,65.12,63.61,64.88,10875780.0,70134125.65
2026-06-11 02:00:00,64.88,64.96,64.33,64.49,8215024.0,52982992.707
2026-06-11 03:00:00,64.49,65.49,64.29,65.23,7460855.0,48565447.367
2026-06-11 04:00:00,65.23,65.31,64.93,65.16,2967674.0,19324651.487
2026-06-11 05:00:00,65.16,65.2,64.91,64.94,3289633.0,21407220.201
2026-06-11 06:00:00,64.94,65.41,64.78,65.07,5886017.0,38371771.954
2026-06-11 07:00:00,65.07,65.15,64.73,65.01,5331502.0,34634954.74
2026-06-11 08:00:00,65.01,65.51,65.0,65.27,7088007.0,46255285.271
2026-06-11 09:00:00,65.27,65.53,64.98,65.36,6240271.0,40722798.47
2026-06-11 10:00:00,65.36,65.62,65.24,65.47,5891374.0,38549291.124
2026-06-11 11:00:00,65.47,66.17,65.3,65.85,8443471.0,55431056.474
2026-06-11 12:00:00,65.85,65.89,64.85,65.23,13155000.0,85845084.266
2026-06-11 13:00:00,65.23,65.71,65.02,65.5,10846156.0,70849643.498
2026-06-11 14:00:00,65.5,65.74,64.94,65.3,12963806.0,84771488.794
2026-06-11 15:00:00,65.3,65.83,64.95,65.51,13249570.0,86765798.608
2026-06-11 16:00:00,65.51,65.77,65.25,65.34,12715415.0,83276501.489
2026-06-11 17:00:00,65.34,67.16,64.99,67.12,32955280.0,217953347.8
2026-06-11 18:00:00,67.12,67.29,66.61,66.77,16047338.0,107445851.563
2026-06-11 19:00:00,66.77,67.35,66.54,66.89,10497184.0,70262523.953
2026-06-11 20:00:00,66.89,67.0,66.31,66.55,5781013.0,38511695.767
2026-06-11 21:00:00,66.55,67.07,66.52,66.87,6526946.0,43653765.407
2026-06-11 22:00:00,66.87,67.11,66.82,66.85,4463148.0,29876751.563
2026-06-11 23:00:00,66.85,67.07,66.65,66.88,4481108.0,29935751.133
2026-06-12 00:00:00,66.88,67.07,66.69,66.83,3238870.0,21661735.347
2026-06-12 01:00:00,66.83,66.83,66.28,66.64,6171871.0,41065627.326
2026-06-12 02:00:00,66.64,67.26,66.64,67.08,4709640.0,31546727.968
2026-06-12 03:00:00,67.08,67.12,66.63,66.98,3768980.0,25208927.37
2026-06-12 04:00:00,66.98,67.21,66.8,67.03,3579412.0,23989926.236
2026-06-12 05:00:00,67.03,67.05,66.58,66.69,3673884.0,24534835.347
2026-06-12 06:00:00,66.69,66.78,65.89,66.08,9817912.0,65009904.671
2026-06-12 07:00:00,66.08,66.44,66.07,66.29,6147084.0,40721926.987
2026-06-12 08:00:00,66.29,67.04,66.28,66.86,7639941.0,50991426.955
2026-06-12 09:00:00,66.86,67.49,66.79,67.15,6986981.0,46948024.19
2026-06-12 10:00:00,67.15,67.33,66.54,66.76,7056220.0,47183833.237
2026-06-12 11:00:00,66.76,67.08,66.74,66.9,6360756.0,42556517.99
2026-06-12 12:00:00,66.9,66.97,66.59,66.73,6129340.0,40945496.278
2026-06-12 13:00:00,66.73,66.98,66.32,66.69,11157493.0,74401563.377
2026-06-12 14:00:00,66.69,67.98,66.64,67.88,18640494.0,125486486.973
2026-06-12 15:00:00,67.88,68.8,67.12,67.2,29141026.0,198339787.941
2026-06-12 16:00:00,67.2,67.98,67.03,67.97,11848406.0,80012526.965
2026-06-12 17:00:00,67.97,68.18,67.21,67.36,10764061.0,72709303.031
2026-06-12 18:00:00,67.36,67.45,66.95,67.04,6321694.0,42475505.111
2026-06-12 19:00:00,67.04,67.37,66.65,66.76,6338858.0,42461197.092
2026-06-12 20:00:00,66.76,66.81,66.48,66.63,4829748.0,32185436.546
2026-06-12 21:00:00,66.63,66.91,66.42,66.53,3443519.0,22962481.156
2026-06-12 22:00:00,66.53,66.73,66.41,66.6,3669205.0,24419779.609
2026-06-12 23:00:00,66.6,66.79,66.44,66.79,2811748.0,18727160.807
2026-06-13 00:00:00,66.79,67.06,66.73,66.94,3775189.0,25241218.056
2026-06-13 01:00:00,66.94,67.48,66.94,67.41,4302387.0,28949834.101
2026-06-13 02:00:00,67.41,67.47,66.83,66.92,4065961.0,27317110.475
2026-06-13 03:00:00,66.92,67.02,66.66,66.83,3072182.0,20527744.087
2026-06-13 04:00:00,66.83,66.93,66.6,66.62,2998884.0,20029883.044
2026-06-13 05:00:00,66.62,66.83,66.56,66.75,3885397.0,25907612.792
2026-06-13 06:00:00,66.75,67.2,66.63,67.14,3036211.0,20326874.377
2026-06-13 07:00:00,67.14,67.44,66.92,67.34,5991164.0,40258529.459
2026-06-13 08:00:00,67.34,67.52,67.22,67.29,4381123.0,29508011.099
2026-06-13 09:00:00,67.29,67.5,67.25,67.33,3116410.0,20994525.999
2026-06-13 10:00:00,67.33,67.6,67.3,67.39,4250329.0,28657024.143
2026-06-13 11:00:00,67.39,67.94,67.34,67.87,6138149.0,41582117.837
2026-06-13 12:00:00,67.87,68.04,67.75,67.93,5016225.0,34044803.822
2026-06-13 13:00:00,67.93,68.27,67.79,67.98,7109266.0,48319796.154
2026-06-13 14:00:00,67.98,68.42,67.94,68.24,7182627.0,48986662.984
2026-06-13 15:00:00,68.24,68.68,68.13,68.55,9756412.0,66818969.196
2026-06-13 16:00:00,68.55,68.59,67.77,68.05,10348906.0,70418978.497
2026-06-13 17:00:00,68.05,68.26,67.79,67.95,6198997.0,42168614.618
2026-06-13 18:00:00,67.95,68.29,67.91,68.17,3006853.0,20485919.516
