timestamp,open,high,low,close,volume,turnover
2025-06-12 04:00:00,159.86,160.57,158.29,158.81,89355.185763,14241765.76264158
2025-06-12 08:00:00,158.8,159.93,157.43,157.74,114727.114344,18200462.860417
2025-06-12 12:00:00,157.75,160.65,156.45,157.05,184140.153937,29216523.80369543
2025-06-12 16:00:00,157.05,160.46,154.49,154.84,180859.510779,28494432.13564235
2025-06-12 20:00:00,154.83,155.44,152.05,152.31,187379.933242,28715018.75335138
2025-06-13 00:00:00,152.33,152.59,140.88,144.75,873168.029457,126529380.80705018
2025-06-13 04:00:00,144.78,145.47,142.6,145.01,253280.633623,36507684.78871742
2025-06-13 08:00:00,145.01,146.66,143.66,145.45,272276.648563,39481211.22311526
2025-06-13 12:00:00,145.44,147.76,143.93,147.15,331389.489536,48341046.34627379
2025-06-13 16:00:00,147.15,148.53,144.27,145.16,285843.491664,41781562.00791011
2025-06-13 20:00:00,145.14,148.91,144.73,148.59,119354.182693,17548592.85618415
2025-06-14 00:00:00,148.59,148.73,146.44,146.72,109884.293034,16198278.48527661
2025-06-14 04:00:00,146.73,147.16,145.55,146.17,64342.418623,9425506.34573811
2025-06-14 08:00:00,146.17,146.22,144.95,145.85,45652.765353,6645666.64081488
2025-06-14 12:00:00,145.85,145.96,143.82,144.56,69556.331382,10084124.97706783
2025-06-14 16:00:00,144.56,145.14,142.95,143.52,108311.119068,15589828.68077746
2025-06-14 20:00:00,143.53,145.03,141.96,144.66,79425.946319,11406096.8805412
2025-06-15 00:00:00,144.66,146.08,144.57,145.75,63858.189511,9282847.93601616
2025-06-15 04:00:00,145.75,148.1,145.7,145.89,93590.389823,13734716.99219382
2025-06-15 08:00:00,145.89,146.72,144.24,146.35,77228.964544,11225373.36442267
2025-06-15 12:00:00,146.35,152.96,146.16,150.85,262468.396389,39371391.8117664
2025-06-15 16:00:00,150.85,153.58,150.18,152.2,142869.782256,21698489.13020483
2025-06-15 20:00:00,152.24,153.03,148.17,152.96,170583.069654,25691948.60210741
2025-06-16 00:00:00,152.98,157.36,150.95,155.57,225351.695388,34871436.42253011
2025-06-16 04:00:00,155.58,157.93,155.51,157.26,127309.826804,19972525.77975047
2025-06-16 08:00:00,157.27,157.5,154.81,156.46,133936.017791,20928090.89139593
2025-06-16 12:00:00,156.45,157.79,154.68,156.55,219571.973369,34323162.9927046
2025-06-16 16:00:00,156.59,158.75,156.36,157.8,129551.94031,20424268.72851245
2025-06-16 20:00:00,157.81,157.87,150.29,150.74,245888.895822,37863862.74742235
2025-06-17 00:00:00,150.75,154.0,147.51,153.36,235028.572074,35419803.70790982
2025-06-17 04:00:00,153.37,154.32,152.42,152.68,96797.729723,14823742.24300334
2025-06-17 08:00:00,152.67,152.88,150.21,150.55,139913.647426,21150591.25017042
2025-06-17 12:00:00,150.55,151.43,146.55,147.64,204737.188507,30502270.92729416
2025-06-17 16:00:00,147.64,150.39,145.62,148.88,285907.91236,42124553.38032317
2025-06-17 20:00:00,148.89,149.26,146.29,147.58,126825.381601,18762620.72118165
2025-06-18 00:00:00,147.6,149.12,146.55,148.37,115360.619489,17064485.46518112
2025-06-18 04:00:00,148.37,149.29,146.89,147.98,109230.875102,16173301.26854356
2025-06-18 08:00:00,147.98,148.52,145.35,146.52,124900.934477,18353511.22277618
2025-06-18 12:00:00,146.5,146.77,143.8,145.77,201364.953782,29285639.58257375
2025-06-18 16:00:00,145.77,146.5,143.65,144.72,171380.784201,24858490.12847076
2025-06-18 20:00:00,144.74,147.91,144.11,146.36,98765.998106,14491842.68096082
2025-06-19 00:00:00,146.36,147.9,144.98,146.62,99932.685651,14618939.64012315
2025-06-19 04:00:00,146.62,147.17,145.03,145.09,69884.09808,10199691.11968721
2025-06-19 08:00:00,145.09,146.49,144.86,145.07,54372.19251,7920070.05297613
2025-06-19 12:00:00,145.08,145.51,142.93,143.17,106277.548318,15317936.28777368
2025-06-19 16:00:00,143.16,146.07,143.13,145.51,87797.922729,12705549.11207407
2025-06-19 20:00:00,145.51,147.48,145.04,147.04,73189.512686,10703991.4975284
2025-06-20 00:00:00,147.05,147.54,145.43,145.47,56192.364816,8232606.09953455
2025-06-20 04:00:00,145.46,147.79,144.3,147.45,90823.254578,13240573.44311592
2025-06-20 08:00:00,147.47,148.8,146.93,148.17,108004.234913,15976393.21707795
2025-06-20 12:00:00,148.17,148.35,142.36,142.86,205525.70144,29855607.09407518
2025-06-20 16:00:00,142.87,143.0,135.65,139.81,618033.83601,85577171.6753956
2025-06-20 20:00:00,139.81,141.73,138.68,140.11,106236.648734,14905748.53429108
2025-06-21 00:00:00,140.12,141.4,139.54,140.77,103021.425742,14477323.08580429
2025-06-21 04:00:00,140.77,140.98,139.85,140.62,45784.965921,6423943.42727119
2025-06-21 08:00:00,140.65,142.59,140.31,142.07,79597.866033,11279780.44223877
2025-06-21 12:00:00,142.07,142.46,139.16,140.31,103427.761407,14550661.79626133
2025-06-21 16:00:00,140.31,141.08,137.25,137.28,142595.187568,19804555.18693297
2025-06-21 20:00:00,137.31,138.9,130.8,135.39,454306.324805,60985894.58209345
2025-06-22 00:00:00,135.41,137.59,133.23,135.12,236628.673795,32045233.09921096
2025-06-22 04:00:00,135.11,136.5,134.62,134.82,90665.016928,12299929.59878929
2025-06-22 08:00:00,134.85,135.36,131.97,133.23,186177.046775,24835733.05772767
2025-06-22 12:00:00,133.22,133.86,126.53,128.54,700989.20466,90541539.67139412
2025-06-22 16:00:00,128.55,131.45,128.29,129.1,216580.354183,28073133.55094084
2025-06-22 20:00:00,129.12,132.55,126.0,131.72,274092.22058,35471601.08804074
2025-06-23 00:00:00,131.71,133.52,131.53,132.67,111806.32653,14827565.36678677
2025-06-23 04:00:00,132.68,134.99,132.35,134.37,131419.520879,17621225.34719516
2025-06-23 08:00:00,134.37,134.87,133.24,134.11,98195.547133,13156753.61674463
2025-06-23 12:00:00,134.12,137.47,132.93,133.43,343858.816072,46538806.73214353
2025-06-23 16:00:00,133.44,140.24,130.69,139.79,503503.2043,68367857.77780978
2025-06-23 20:00:00,139.81,146.93,139.24,144.5,406107.457116,58328505.27313131
2025-06-24 00:00:00,144.52,144.76,142.29,143.23,163487.485727,23433716.45616151
2025-06-24 04:00:00,143.23,146.78,142.83,144.0,161864.54625,23458992.91909725
2025-06-24 08:00:00,144.0,145.83,143.02,144.54,120328.089005,17342475.75600402
2025-06-24 12:00:00,144.57,145.71,143.45,144.34,202484.786331,29279204.39504108
2025-06-24 16:00:00,144.35,146.65,142.85,143.64,146544.797532,21186157.54806856
2025-06-24 20:00:00,143.63,145.93,143.2,145.93,64267.017924,9311349.09673835
2025-06-25 00:00:00,145.94,146.94,145.04,145.52,108863.271625,15897864.91587894
2025-06-25 04:00:00,145.53,147.55,144.89,147.01,86608.615768,12663833.48525909
2025-06-25 08:00:00,147.02,147.12,145.02,146.26,131014.743004,19108882.5241756
2025-06-25 12:00:00,146.27,147.99,143.13,143.69,257400.860004,37574667.92389607
2025-06-25 16:00:00,143.7,144.72,142.82,144.72,114054.658654,16390861.22975241
2025-06-25 20:00:00,144.73,145.61,142.27,143.56,113015.917543,16254517.13295455
2025-06-26 00:00:00,143.56,148.0,143.4,145.93,155778.284154,22738418.9299633
2025-06-26 04:00:00,145.93,146.09,144.04,145.15,109211.336315,15850239.53114127
2025-06-26 08:00:00,145.16,145.82,143.12,143.64,81404.630912,11737857.95005043
2025-06-26 12:00:00,143.65,143.95,141.37,143.01,181707.038641,25907896.23808867
2025-06-26 16:00:00,143.01,143.25,140.85,142.3,135469.888953,19247808.2447423
2025-06-26 20:00:00,142.28,143.98,138.66,139.07,140169.845719,19717208.40863827
2025-06-27 00:00:00,139.07,141.59,137.17,141.35,110324.752682,15360674.53547337
2025-06-27 04:00:00,141.35,142.2,140.2,140.33,70422.563234,9938324.5939508
2025-06-27 08:00:00,140.34,142.8,140.34,142.13,108714.780131,15430608.76510486
2025-06-27 12:00:00,142.13,143.85,141.14,143.46,140915.654031,20066267.29874818
2025-06-27 16:00:00,143.47,144.88,140.12,141.81,144836.74442,20618958.16146966
2025-06-27 20:00:00,141.8,143.36,141.64,142.11,48740.047391,6946607.02301285
2025-06-28 00:00:00,142.12,143.55,141.15,143.4,66535.863678,9465158.03909283
2025-06-28 04:00:00,143.41,146.8,143.09,146.55,95652.692005,13849135.37000351
2025-06-28 08:00:00,146.56,147.54,145.59,147.12,99348.87545,14573633.06463039
2025-06-28 12:00:00,147.13,148.71,145.88,148.17,105989.564079,15594377.11554123
2025-06-28 16:00:00,148.18,152.72,148.1,150.69,226009.765789,33998716.36474918
2025-06-28 20:00:00,150.68,151.39,150.06,150.72,47775.544963,7199989.85763596
2025-06-29 00:00:00,150.73,151.11,149.42,149.5,107389.112103,16105278.84589031
2025-06-29 04:00:00,149.5,150.35,149.37,150.35,47375.244574,7099357.06937243
2025-06-29 08:00:00,150.35,152.26,149.96,151.7,119041.676804,18002039.75689153
2025-06-29 12:00:00,151.69,152.56,150.71,150.75,99112.777385,15021250.97822362
2025-06-29 16:00:00,150.76,152.22,149.72,151.19,90205.228005,13614000.59414595
2025-06-29 20:00:00,151.19,154.76,150.36,153.31,155501.56718,23794588.00739235
2025-06-30 00:00:00,153.31,154.1,151.31,151.79,142176.709901,21681023.43498057
2025-06-30 04:00:00,151.79,152.04,149.69,150.65,103325.630989,15583797.58820331
2025-06-30 08:00:00,150.65,151.09,149.43,150.37,193179.979709,29026935.94670759
2025-06-30 12:00:00,150.38,159.97,149.76,157.83,670133.233347,103932623.68178155
2025-06-30 16:00:00,157.84,158.45,155.35,157.78,366365.367288,57534427.58863702
2025-06-30 20:00:00,157.77,157.81,154.52,154.83,130848.988353,20415424.38031951
2025-07-01 00:00:00,154.83,155.65,153.16,153.89,128262.291702,19766969.48877785
2025-07-01 04:00:00,153.9,153.9,148.86,150.1,232500.169508,35156669.26073271
2025-07-01 08:00:00,150.09,150.09,148.2,148.85,117432.136547,17498197.98822832
2025-07-01 12:00:00,148.84,149.28,146.21,147.2,241948.50304,35749035.20136512
2025-07-01 16:00:00,147.21,148.45,145.31,145.45,169023.229134,24804825.2099163
2025-07-01 20:00:00,145.45,147.01,144.8,146.87,81996.426146,11984083.71218647
2025-07-02 00:00:00,146.86,149.24,145.79,148.86,106249.152004,15703110.42469357
2025-07-02 04:00:00,148.87,149.91,148.31,149.1,79724.936277,11885214.87089061
2025-07-02 08:00:00,149.1,149.96,148.42,148.6,98447.449912,14686523.6221164
2025-07-02 12:00:00,148.6,151.58,147.09,151.33,225904.21903,33806595.51923189
2025-07-02 16:00:00,151.31,153.64,150.34,153.03,271333.131603,41331350.49888492
2025-07-02 20:00:00,153.01,154.49,152.0,152.3,126576.908883,19378118.92602423
2025-07-03 00:00:00,152.3,154.02,151.8,153.41,100734.444754,15398808.02057257
2025-07-03 04:00:00,153.4,155.96,153.2,155.6,114803.03991,17790845.032727
2025-07-03 08:00:00,155.59,156.35,154.15,154.53,97488.788001,15129960.1669787
2025-07-03 12:00:00,154.54,155.27,149.79,150.19,336822.274933,51457223.34756054
2025-07-03 16:00:00,150.19,152.05,149.89,151.81,113628.335118,17166750.96123176
2025-07-03 20:00:00,151.81,153.24,151.81,152.33,57571.283002,8784382.84560244
2025-07-04 00:00:00,152.33,153.14,150.92,151.71,115610.610194,17573554.49430323
2025-07-04 04:00:00,151.72,153.9,150.3,150.5,147271.508221,22404439.87831396
2025-07-04 08:00:00,150.51,150.94,149.0,150.2,168248.492536,25278268.45987817
2025-07-04 12:00:00,150.23,151.23,146.3,146.58,207674.183692,30852312.4635471
2025-07-04 16:00:00,146.58,147.01,145.19,146.73,171026.48527,24997575.37534911
2025-07-04 20:00:00,146.73,148.34,146.36,147.69,86711.27738,12774314.24649103
2025-07-05 00:00:00,147.69,148.43,147.16,147.74,75457.70941,11170750.34792945
2025-07-05 04:00:00,147.76,148.5,146.71,147.84,90597.175108,13367235.01027802
2025-07-05 08:00:00,147.85,148.54,146.79,148.17,58770.794624,8683091.99709771
2025-07-05 12:00:00,148.19,148.69,147.06,147.16,51483.052676,7616202.32994794
2025-07-05 16:00:00,147.16,147.27,145.88,146.9,59543.543013,8724796.52148703
2025-07-05 20:00:00,146.89,148.04,146.48,147.57,44472.052435,6546994.97184939
2025-07-06 00:00:00,147.57,147.67,146.85,147.37,30486.396692,4490186.99937958
2025-07-06 04:00:00,147.37,148.49,147.07,147.88,55906.209617,8263774.76214337
2025-07-06 08:00:00,147.89,148.03,146.75,147.97,56123.776271,8272913.6383839
2025-07-06 12:00:00,147.97,152.1,147.82,151.53,174396.254628,26290756.92810755
2025-07-06 16:00:00,151.54,153.27,150.7,151.3,166414.490558,25353827.44049049
2025-07-06 20:00:00,151.3,153.9,151.25,151.86,94776.270209,14465068.74408148
2025-07-07 00:00:00,151.87,152.9,150.26,151.89,79338.809682,12032681.63130099
2025-07-07 04:00:00,151.89,152.5,150.88,152.37,59455.113459,9019412.44303605
2025-07-07 08:00:00,152.37,153.63,151.66,152.79,74408.201198,11353035.78323564
2025-07-07 12:00:00,152.79,153.42,151.02,151.1,137979.218036,20977470.33579394
2025-07-07 16:00:00,151.09,151.57,148.65,148.96,310553.836009,46569947.07550633
2025-07-07 20:00:00,148.94,148.95,147.7,148.91,92242.867232,13687788.90453012
2025-07-08 00:00:00,148.91,150.09,147.86,148.66,92419.221144,13766846.71193474
2025-07-08 04:00:00,148.66,149.76,148.22,149.64,48584.798229,7244897.27958483
2025-07-08 08:00:00,149.65,151.69,149.53,151.31,151479.246226,22833892.17063377
2025-07-08 12:00:00,151.32,152.89,149.8,149.87,179479.902717,27213584.33542974
2025-07-08 16:00:00,149.88,152.84,149.42,151.64,134876.842382,20418213.38194593
2025-07-08 20:00:00,151.65,151.93,149.95,151.67,71847.174595,10839845.68407349
2025-07-09 00:00:00,151.68,152.39,151.09,151.32,136046.99122,20636422.88423908
2025-07-09 04:00:00,151.31,153.9,150.55,153.01,205748.588577,31399713.89993011
2025-07-09 08:00:00,153.02,154.47,152.34,153.74,166001.511995,25411658.84880024
2025-07-09 12:00:00,153.74,155.55,152.88,153.99,304619.880883,46942612.6444844
2025-07-09 16:00:00,154.0,157.85,153.24,157.29,201407.729848,31274429.1843897
2025-07-09 20:00:00,157.29,157.99,155.47,157.07,203105.71643,31875105.30131581
2025-07-10 00:00:00,157.07,159.36,155.96,157.39,252953.887283,39880821.10377988
2025-07-10 04:00:00,157.38,158.67,156.69,157.93,163851.065476,25831444.18596735
2025-07-10 08:00:00,157.93,159.19,157.21,157.68,157132.96744,24857487.91090111
2025-07-10 12:00:00,157.68,158.39,155.61,156.45,213586.522977,33553398.76647202
2025-07-10 16:00:00,156.45,161.25,156.16,159.32,298370.013659,47483674.99620087
2025-07-10 20:00:00,159.3,165.41,159.21,164.34,457748.001668,74803726.53856745
2025-07-11 00:00:00,164.37,165.5,161.96,165.29,363371.353466,59791643.91996431
2025-07-11 04:00:00,165.3,166.86,163.15,163.26,232181.019373,38297392.83459434
2025-07-11 08:00:00,163.27,165.38,163.27,163.88,118539.175218,19481249.46953898
2025-07-11 12:00:00,163.88,168.21,161.77,162.33,484821.263349,80069466.25944883
2025-07-11 16:00:00,162.35,165.04,161.27,164.59,233561.007402,38074144.08583127
2025-07-11 20:00:00,164.59,164.86,159.52,162.94,195485.670392,31629223.02632882
2025-07-12 00:00:00,162.92,163.9,161.8,163.45,108566.999431,17697353.42817454
2025-07-12 04:00:00,163.45,163.85,162.0,163.19,72436.686919,11802459.0550823
2025-07-12 08:00:00,163.19,163.41,161.39,161.59,283826.636381,46152009.67500931
2025-07-12 12:00:00,161.6,161.78,157.77,158.14,251793.548427,40116745.27597298
2025-07-12 16:00:00,158.14,160.76,157.9,160.73,121276.232717,19388083.80542317
2025-07-12 20:00:00,160.73,160.93,158.96,160.7,56603.077558,9060551.30483859
2025-07-13 00:00:00,160.7,161.77,160.18,161.19,71835.595515,11575049.92047831
2025-07-13 04:00:00,161.21,162.83,161.03,162.67,299396.216645,48504366.02104385
2025-07-13 08:00:00,162.68,162.77,161.55,162.02,278104.228868,45064214.9797214
2025-07-13 12:00:00,162.02,164.16,161.75,162.02,163968.241063,26690863.3411059
2025-07-13 16:00:00,162.03,163.53,160.51,162.54,97395.88048,15799466.33541854
2025-07-13 20:00:00,162.55,163.06,159.64,161.15,98205.275045,15805100.37281873
2025-07-14 00:00:00,161.16,168.25,160.62,167.07,283047.722664,46808134.6340879
2025-07-14 04:00:00,167.08,168.66,165.36,167.26,418266.300616,69891790.05807981
2025-07-14 08:00:00,167.28,168.13,166.05,166.55,178625.303155,29866466.21456483
2025-07-14 12:00:00,166.54,168.63,163.04,163.95,295463.556132,49088477.29001815
2025-07-14 16:00:00,163.95,165.34,162.41,164.25,164001.864586,26890158.23988148
2025-07-14 20:00:00,164.26,164.26,161.68,162.22,86976.067587,14132764.58903629
2025-07-15 00:00:00,162.22,162.92,158.16,159.13,261497.191735,41882831.44021965
2025-07-15 04:00:00,159.13,160.86,158.24,159.53,116325.566634,18604488.57289492
2025-07-15 08:00:00,159.54,160.13,158.36,159.83,81207.393905,12941399.39981911
2025-07-15 12:00:00,159.87,162.17,157.22,160.46,356868.171486,57053136.98633303
2025-07-15 16:00:00,160.48,163.7,159.97,160.25,367341.63096,59532083.74639878
2025-07-15 20:00:00,160.24,164.29,159.64,164.01,141885.874586,23042584.17877641
2025-07-16 00:00:00,164.0,165.27,161.53,162.51,163105.605409,26670992.13694543
2025-07-16 04:00:00,162.53,164.64,161.8,164.05,104775.91174,17110148.36178178
2025-07-16 08:00:00,164.04,167.58,163.78,166.65,271241.961935,45145348.02574262
2025-07-16 12:00:00,166.65,168.85,165.38,168.43,437456.867025,73164037.67879482
2025-07-16 16:00:00,168.43,174.72,168.39,174.17,652183.653092,112487080.81984484
2025-07-16 20:00:00,174.16,176.05,172.41,173.64,354628.696278,61832849.37125632
2025-07-17 00:00:00,173.66,174.87,168.74,169.55,225261.494368,38655935.15345066
2025-07-17 04:00:00,169.53,174.16,169.26,174.02,279167.272463,48040292.26000339
2025-07-17 08:00:00,174.02,178.16,172.64,176.17,283557.326754,49861083.78099607
2025-07-17 12:00:00,176.18,177.53,172.78,174.12,384576.629018,67260555.1797976
2025-07-17 16:00:00,174.11,175.43,171.21,173.15,197963.168812,34346046.18455322
2025-07-17 20:00:00,173.11,177.42,171.34,175.89,279605.593938,48987418.35573665
2025-07-18 00:00:00,175.88,181.2,175.28,180.83,427386.916216,76722506.4944136
2025-07-18 04:00:00,180.84,184.68,179.86,180.98,354224.382626,64784197.12352407
2025-07-18 08:00:00,180.97,181.98,177.06,178.42,196918.215868,35336148.47078349
2025-07-18 12:00:00,178.44,182.03,174.86,177.02,354379.344462,63200938.56229117
2025-07-18 16:00:00,177.01,179.17,176.15,177.01,295779.384418,52602915.08302454
2025-07-18 20:00:00,177.0,177.68,173.21,177.27,170651.67386,29993071.26288531
2025-07-19 00:00:00,177.28,177.66,174.01,177.43,140996.228383,24948372.94254703
2025-07-19 04:00:00,177.45,178.01,175.94,177.0,592346.598965,104879970.02083546
2025-07-19 08:00:00,177.0,177.78,175.34,176.57,75362.016347,13315873.80534015
2025-07-19 12:00:00,176.57,177.87,174.79,177.37,154470.604427,27265304.35066624
2025-07-19 16:00:00,177.36,178.11,176.13,177.04,72680.327427,12883848.46096382
2025-07-19 20:00:00,177.02,178.59,175.1,176.98,118443.742307,20965158.509354
2025-07-20 00:00:00,176.98,179.77,176.34,177.97,425852.50391,76123654.22541986
2025-07-20 04:00:00,177.96,178.66,176.89,177.93,82192.110184,14618891.5390004
2025-07-20 08:00:00,177.93,181.53,177.93,180.43,165635.364659,29825549.38222458
2025-07-20 12:00:00,180.43,183.18,179.95,181.98,271273.106427,49262057.97268374
2025-07-20 16:00:00,181.99,183.68,180.25,182.0,247388.64263,44957950.79547243
2025-07-20 20:00:00,182.05,182.4,177.77,181.47,189638.253258,34181491.31024353
2025-07-21 00:00:00,181.49,187.06,178.27,186.7,329173.061485,60327813.67433165
2025-07-21 04:00:00,186.71,191.08,185.06,190.09,329932.98947,62109368.01120515
2025-07-21 08:00:00,190.08,193.0,189.59,191.36,613172.634086,117241744.58254988
2025-07-21 12:00:00,191.39,199.3,190.24,196.81,678189.900395,131884207.70119844
2025-07-21 16:00:00,196.82,197.29,193.0,194.71,431676.594932,84198086.7559828
2025-07-21 20:00:00,194.71,197.82,193.65,195.74,181226.478625,35495700.90354004
2025-07-22 00:00:00,195.75,204.69,193.73,200.14,879733.221397,175989221.50903848
2025-07-22 04:00:00,200.1,201.25,194.14,198.09,480793.091229,95146255.44087373
2025-07-22 08:00:00,198.08,200.17,194.02,199.9,327140.919467,64387017.04020604
2025-07-22 12:00:00,199.92,205.06,196.91,201.84,700370.838876,141163335.18377823
2025-07-22 16:00:00,201.84,204.28,198.38,198.91,409873.61527,82829313.6652514
2025-07-22 20:00:00,198.9,206.38,198.41,205.71,234369.524326,47475715.61242893
2025-07-23 00:00:00,205.73,205.79,200.98,201.38,188856.787708,38406313.99562962
2025-07-23 04:00:00,201.39,202.26,198.87,199.47,171939.858318,34500123.09267315
2025-07-23 08:00:00,199.46,199.99,195.92,197.41,251693.651932,49804320.55033934
2025-07-23 12:00:00,197.41,197.56,187.62,192.7,745771.477857,142742816.22245723
2025-07-23 16:00:00,192.71,192.76,186.01,188.12,357480.372141,67500120.5145067
2025-07-23 20:00:00,188.12,190.13,184.01,189.38,281470.14722,52630676.9886406
2025-07-24 00:00:00,189.41,191.86,188.5,189.86,176060.363444,33554083.58804809
2025-07-24 04:00:00,189.89,190.13,179.14,184.19,551175.713452,101189661.53928828
2025-07-24 08:00:00,184.17,186.91,182.92,186.41,247783.000981,45909601.70993021
2025-07-24 12:00:00,186.4,191.75,183.39,188.54,367069.747571,68835236.61271423
2025-07-24 16:00:00,188.55,190.07,184.86,188.0,196662.664265,36949109.48507152
2025-07-24 20:00:00,187.99,189.06,182.0,182.86,175785.021889,32505743.3986295
2025-07-25 00:00:00,182.87,183.56,175.63,177.75,363452.04975,65413317.66631452
2025-07-25 04:00:00,177.74,179.78,175.89,177.53,229221.344586,40793854.20666999
2025-07-25 08:00:00,177.55,182.12,176.88,181.11,207563.603438,37300485.15679039
2025-07-25 12:00:00,181.12,181.89,176.25,178.23,279001.405204,49917009.27130016
2025-07-25 16:00:00,178.22,182.84,177.47,182.17,140029.842201,25268378.10259644
2025-07-25 20:00:00,182.16,186.84,182.06,186.74,97194.692168,17966971.95033325
2025-07-26 00:00:00,186.74,186.91,184.46,185.97,89427.006583,16617327.20087561
2025-07-26 04:00:00,185.97,187.1,185.65,186.42,57032.627172,10624580.8494569
2025-07-26 08:00:00,186.42,189.77,186.42,187.72,108238.301114,20373067.5817949
2025-07-26 12:00:00,187.72,188.48,186.05,187.57,81383.026099,15246212.00355921
2025-07-26 16:00:00,187.57,187.82,185.06,186.42,78984.512517,14711197.46758288
2025-07-26 20:00:00,186.44,186.76,184.24,184.88,63569.53503,11795025.35587225
2025-07-27 00:00:00,184.9,187.66,184.54,187.21,64616.257706,12050555.2554457
2025-07-27 04:00:00,187.22,188.36,186.64,187.25,90764.832207,17024865.98581267
2025-07-27 08:00:00,187.23,188.6,186.21,187.01,75048.651272,14061760.51248136
2025-07-27 12:00:00,187.02,187.35,184.9,186.48,93575.193892,17404688.61896708
2025-07-27 16:00:00,186.49,189.76,185.97,186.94,149112.35204,28021592.41744901
2025-07-27 20:00:00,186.95,190.73,186.46,188.65,112503.680068,21232065.4561906
2025-07-28 00:00:00,188.66,193.8,187.66,193.35,245839.961864,46936586.53177467
2025-07-28 04:00:00,193.35,195.29,191.63,192.37,171783.707738,33220544.61020694
2025-07-28 08:00:00,192.37,193.33,190.64,192.0,104524.753096,20079190.84786239
2025-07-28 12:00:00,192.0,193.52,186.58,187.2,277034.922057,52466628.47532485
2025-07-28 16:00:00,187.2,188.02,183.45,185.27,224911.159971,41729340.06089976
2025-07-28 20:00:00,185.31,185.58,182.18,183.13,145068.304398,26658868.81848982
2025-07-29 00:00:00,183.14,184.74,180.66,184.32,187288.51464,34227935.52399642
2025-07-29 04:00:00,184.34,186.6,183.24,186.05,80629.69398,14908563.73238752
2025-07-29 08:00:00,186.06,186.49,182.26,182.93,132568.429715,24442427.55857496
2025-07-29 12:00:00,182.95,185.0,179.23,180.8,299232.616744,54281069.61874256
2025-07-29 16:00:00,180.79,182.4,178.27,181.09,173058.696995,31227083.76819808
2025-07-29 20:00:00,181.12,182.0,179.29,181.48,77321.275405,13980514.15865018
2025-07-30 00:00:00,181.48,182.38,178.82,181.72,87880.11385,15896790.43548795
2025-07-30 04:00:00,181.72,182.55,179.19,180.82,74025.505225,13397134.44520805
2025-07-30 08:00:00,180.82,181.49,176.42,177.29,206652.221617,36893875.1312977
2025-07-30 12:00:00,177.3,180.57,176.67,179.18,156527.07303,27905588.24379836
2025-07-30 16:00:00,179.18,180.19,170.19,176.13,394026.099863,68888174.46130927
2025-07-30 20:00:00,176.12,178.07,174.74,177.75,86804.349077,15312884.38965651
2025-07-31 00:00:00,177.75,180.53,177.62,180.29,84829.905493,15219908.52691594
2025-07-31 04:00:00,180.3,181.6,179.8,181.23,100754.074244,18216674.45536652
2025-07-31 08:00:00,181.21,182.69,180.13,180.75,108075.9865,19613528.15705653
2025-07-31 12:00:00,180.75,180.89,175.24,177.35,228881.435,40599023.03327094
2025-07-31 16:00:00,177.34,179.75,174.79,175.34,160117.828865,28385098.5267599
2025-07-31 20:00:00,175.32,175.73,171.44,172.25,198558.538266,34536491.54533196
2025-08-01 00:00:00,172.23,172.28,167.45,171.11,404136.762192,68714195.33509098
2025-08-01 04:00:00,171.12,171.12,167.96,169.4,147455.778922,24950430.83498157
2025-08-01 08:00:00,169.4,169.4,166.14,169.18,180160.320734,30235490.70778627
2025-08-01 12:00:00,169.17,170.34,164.58,168.6,286112.793988,48036200.53224054
2025-08-01 16:00:00,168.59,169.78,165.11,166.46,258443.437201,43035318.42621971
2025-08-01 20:00:00,166.45,166.82,159.15,162.69,346616.040172,56261491.92571557
2025-08-02 00:00:00,162.7,165.0,162.54,164.37,103031.323098,16912069.15307917
2025-08-02 04:00:00,164.37,165.25,161.81,164.42,93372.577707,15285638.08634959
2025-08-02 08:00:00,164.43,165.11,162.24,164.49,85432.631202,13989317.07065017
2025-08-02 12:00:00,164.48,164.93,161.0,161.5,82718.203791,13494239.94592333
2025-08-02 16:00:00,161.5,162.18,155.81,157.44,307121.319051,48683176.72855277
2025-08-02 20:00:00,157.46,159.78,157.04,158.48,145023.543185,22980137.86598597
2025-08-03 00:00:00,158.49,161.06,156.28,160.85,125013.264317,19881136.30485775
2025-08-03 04:00:00,160.86,161.6,160.01,161.36,67812.905523,10893374.40238007
2025-08-03 08:00:00,161.37,162.9,160.68,161.44,93594.304787,15137130.04754146
2025-08-03 12:00:00,161.45,162.32,160.36,162.07,202680.718628,32689846.49865172
2025-08-03 16:00:00,162.08,162.74,161.1,161.63,105905.642235,17143873.67183843
2025-08-03 20:00:00,161.64,163.15,160.74,161.95,95325.004158,15417308.7173912
2025-08-04 00:00:00,161.96,164.95,161.42,163.0,134904.660419,22068483.49180177
2025-08-04 04:00:00,163.01,163.43,161.28,163.02,112928.571955,18325265.90058538
2025-08-04 08:00:00,163.02,164.06,161.64,162.38,98205.959023,16004129.99533017
2025-08-04 12:00:00,162.39,166.9,162.15,165.5,285291.319142,47145524.69394619
2025-08-04 16:00:00,165.5,169.8,165.02,165.65,208270.679903,34921962.32814831
2025-08-04 20:00:00,165.66,169.8,165.32,169.56,193070.997602,32479989.9128215
2025-08-05 00:00:00,169.57,169.96,167.6,167.9,184184.337561,31092772.82159815
2025-08-05 04:00:00,167.91,169.28,165.78,166.23,190675.027634,32016152.2336162
2025-08-05 08:00:00,166.23,171.73,165.65,170.88,161525.766406,27306038.88644831
2025-08-05 12:00:00,170.88,171.05,162.94,163.77,390952.930375,64860682.77972233
2025-08-05 16:00:00,163.75,164.95,162.28,162.77,107781.399773,17660437.59383277
2025-08-05 20:00:00,162.78,164.55,161.3,164.07,92409.781078,15073546.27913672
2025-08-06 00:00:00,164.08,164.14,161.14,161.86,85637.392303,13920703.37457069
2025-08-06 04:00:00,161.86,164.79,161.26,164.24,106770.422846,17478628.31921404
2025-08-06 08:00:00,164.25,164.64,162.77,164.18,105275.765372,17231906.07748521
2025-08-06 12:00:00,164.19,169.43,162.62,169.05,240027.436569,39823518.33169623
2025-08-06 16:00:00,169.05,169.94,167.18,168.84,140218.158454,23612860.49924388
2025-08-06 20:00:00,168.84,168.86,167.34,168.11,58591.996261,9852356.47811287
2025-08-07 00:00:00,168.11,169.0,166.7,166.91,76885.700798,12901509.59253191
2025-08-07 04:00:00,166.91,170.38,166.78,169.99,95756.14729,16202388.764624
2025-08-07 08:00:00,170.0,173.52,169.06,172.82,198362.918586,34068326.77187839
2025-08-07 12:00:00,172.84,173.18,169.7,170.49,225154.910154,38623179.09882784
2025-08-07 16:00:00,170.48,171.9,167.02,171.77,143141.684094,24248910.68284262
2025-08-07 20:00:00,171.77,175.52,171.55,175.38,193308.92646,33585917.70906109
2025-08-08 00:00:00,175.38,175.98,173.38,174.74,361209.725486,63028376.51198982
2025-08-08 04:00:00,174.72,177.88,173.87,177.15,240065.107861,42349642.1505934
2025-08-08 08:00:00,177.14,177.99,174.9,177.66,126872.860455,22390957.31313087
2025-08-08 12:00:00,177.66,179.13,174.22,175.22,226613.65673,40074696.24286997
2025-08-08 16:00:00,175.23,179.68,175.22,178.5,232294.81092,41293381.10910138
2025-08-08 20:00:00,178.51,178.76,176.64,176.79,89690.035085,15935683.53350783
2025-08-09 00:00:00,176.8,179.03,176.63,177.3,74504.109041,13233943.07262277
2025-08-09 04:00:00,177.31,182.16,176.94,180.63,228019.268093,41050077.52704953
2025-08-09 08:00:00,180.63,183.34,180.4,180.81,147110.604352,26757183.13543601
2025-08-09 12:00:00,180.8,182.47,178.94,180.08,175852.074406,31770004.28150475
2025-08-09 16:00:00,180.08,182.69,179.39,182.12,103808.515451,18795261.52275913
2025-08-09 20:00:00,182.13,183.44,179.73,179.93,165318.257835,29966410.70303286
2025-08-10 00:00:00,179.92,185.98,179.8,184.97,253747.586388,46663564.02827897
2025-08-10 04:00:00,184.98,186.16,177.78,178.94,263886.557784,47934984.38035775
2025-08-10 08:00:00,178.95,181.06,177.51,179.95,193655.503757,34755907.94306339
2025-08-10 12:00:00,179.95,182.4,178.51,181.55,166698.860837,30094541.11473948
2025-08-10 16:00:00,181.54,183.32,181.2,182.8,77630.744766,14146124.50170448
2025-08-10 20:00:00,182.81,183.95,181.29,182.67,169096.437995,30882322.40427371
2025-08-11 00:00:00,182.69,185.85,181.26,185.15,275792.837347,50811515.4037007
2025-08-11 04:00:00,185.15,186.8,182.78,182.96,254719.47097,47093167.99560796
2025-08-11 08:00:00,182.96,184.67,178.33,179.06,319949.097539,57980083.27216349
2025-08-11 12:00:00,179.04,180.51,177.24,180.18,291335.101819,52153183.1854729
2025-08-11 16:00:00,180.18,181.8,175.55,176.63,377896.760654,67684603.1899778
2025-08-11 20:00:00,176.64,176.87,173.44,174.83,309833.486428,54334197.66689805
2025-08-12 00:00:00,174.83,176.76,174.65,175.54,101938.850748,17907604.35534443
2025-08-12 04:00:00,175.55,176.64,173.63,175.89,117794.943809,20643712.33016497
2025-08-12 08:00:00,175.9,176.49,173.68,175.25,133441.888717,23328505.42240218
2025-08-12 12:00:00,175.23,182.1,174.75,181.69,416983.641958,74379399.56527679
2025-08-12 16:00:00,181.69,191.2,180.75,190.68,599362.561512,111327694.16125584
2025-08-12 20:00:00,190.68,193.8,189.61,191.77,252335.578556,48393718.58854676
2025-08-13 00:00:00,191.75,199.55,191.46,197.72,453695.864256,88800853.57877757
2025-08-13 04:00:00,197.73,200.11,195.18,198.74,321873.712554,63539122.53660167
2025-08-13 08:00:00,198.73,202.69,197.62,200.97,287112.209102,57545205.52817632
2025-08-13 12:00:00,200.96,204.95,194.52,197.45,635553.007946,127077209.65306415
2025-08-13 16:00:00,197.45,202.21,197.08,202.09,279701.415172,55750878.40407076
2025-08-13 20:00:00,202.09,203.35,199.86,201.52,170521.257274,34320962.80322328
2025-08-14 00:00:00,201.54,209.08,200.6,207.91,545932.495703,112168869.83189352
2025-08-14 04:00:00,207.91,209.95,204.05,205.65,517814.516512,107408694.01309116
2025-08-14 08:00:00,205.66,205.83,201.81,203.61,334211.087592,68063803.05133082
2025-08-14 12:00:00,203.62,205.5,186.72,194.84,1428622.065994,279014065.21112067
2025-08-14 16:00:00,194.85,195.48,190.29,192.93,337337.585272,65132415.11028048
2025-08-14 20:00:00,192.92,193.2,187.28,192.46,203844.602087,38882130.1313728
2025-08-15 00:00:00,192.47,195.65,191.92,195.16,172991.39858,33481409.98015285
2025-08-15 04:00:00,195.18,198.05,194.43,196.96,166406.499916,32694614.26713396
2025-08-15 08:00:00,196.95,197.6,193.63,194.3,144225.277943,28219579.7450676
2025-08-15 12:00:00,194.32,196.17,184.39,185.55,427017.91287,80942071.35951567
2025-08-15 16:00:00,185.54,186.93,183.34,183.9,316594.245873,58543559.109023
2025-08-15 20:00:00,183.9,188.27,183.32,185.74,151541.283976,28109066.63850604
2025-08-16 00:00:00,185.73,188.37,185.33,187.11,120450.279589,22561250.47543799
2025-08-16 04:00:00,187.11,189.64,186.13,189.12,118687.819606,22279214.22567218
2025-08-16 08:00:00,189.12,189.22,185.41,185.72,154064.884895,28818730.89554288
2025-08-16 12:00:00,185.73,189.49,185.2,188.78,148333.890618,27862338.85517835
2025-08-16 16:00:00,188.78,189.4,187.08,188.7,71209.500937,13399225.59044566
2025-08-16 20:00:00,188.7,190.05,187.93,189.61,49835.29238,9413133.427292
2025-08-17 00:00:00,189.62,191.95,187.34,191.6,121074.823625,23009180.91095345
2025-08-17 04:00:00,191.62,193.52,191.31,191.88,107008.365827,20606580.29705891
2025-08-17 08:00:00,191.9,193.63,191.52,193.57,85975.271047,16566935.43325533
2025-08-17 12:00:00,193.58,195.5,191.72,195.46,113282.762195,21912913.47437788
2025-08-17 16:00:00,195.47,195.83,190.52,191.23,146867.409128,28300085.5336092
2025-08-17 20:00:00,191.23,193.49,190.91,191.03,89833.902392,17244160.96908877
2025-08-18 00:00:00,191.03,191.34,181.84,182.7,344236.627787,64040766.3310481
2025-08-18 04:00:00,182.69,183.53,180.21,180.62,224315.859278,40783022.76350188
2025-08-18 08:00:00,180.62,181.96,180.0,181.34,149282.34006,27001538.13476273
2025-08-18 12:00:00,181.34,183.35,180.51,183.08,209681.149137,38191187.75262715
2025-08-18 16:00:00,183.08,185.69,181.77,183.19,196627.436909,36143601.58619872
2025-08-18 20:00:00,183.2,185.0,182.06,182.93,107348.783232,19716145.0082139
2025-08-19 00:00:00,182.93,185.86,178.19,178.52,255445.159751,46451134.52647718
2025-08-19 04:00:00,178.52,180.59,177.3,180.12,150207.072615,26915264.61208977
2025-08-19 08:00:00,180.12,182.82,179.12,182.67,100057.779595,18144484.68093047
2025-08-19 12:00:00,182.68,183.39,177.54,178.0,294927.943441,53082638.67815561
2025-08-19 16:00:00,178.0,178.81,175.71,176.74,241076.072032,42783897.0011247
2025-08-19 20:00:00,176.74,179.52,175.89,176.21,110901.131674,19703805.50793407
2025-08-20 00:00:00,176.22,181.49,176.02,180.51,171570.477938,30697835.2677586
2025-08-20 04:00:00,180.52,181.69,179.83,180.54,86746.710063,15685864.06909581
2025-08-20 08:00:00,180.54,182.3,178.29,180.28,141379.953184,25556637.04607972
2025-08-20 12:00:00,180.28,185.08,177.54,183.03,310511.408191,56332382.47002193
2025-08-20 16:00:00,183.03,188.0,182.6,187.6,253712.379645,46894674.41323552
2025-08-20 20:00:00,187.6,187.96,185.68,187.95,101824.473678,19039686.38325669
2025-08-21 00:00:00,187.96,190.11,185.55,188.41,310496.926824,58442636.77370107
2025-08-21 04:00:00,188.41,188.68,185.91,186.99,113398.622023,21240036.64252786
2025-08-21 08:00:00,186.99,187.03,183.48,184.02,139449.877812,25778114.1273754
2025-08-21 12:00:00,184.01,186.4,181.43,181.63,223210.096118,41129263.99590056
2025-08-21 16:00:00,181.63,182.89,179.88,180.13,189910.490676,34404376.45187854
2025-08-21 20:00:00,180.13,181.89,179.41,180.32,86284.181216,15585291.34247285
2025-08-22 00:00:00,180.33,183.52,180.01,181.76,110239.36932,20069614.51429405
2025-08-22 04:00:00,181.76,184.34,181.74,183.95,79275.066677,14536121.42963757
2025-08-22 08:00:00,183.96,185.08,179.6,179.65,124059.283482,22626756.57198057
2025-08-22 12:00:00,179.65,195.45,177.26,193.49,943557.111091,177293577.62962875
2025-08-22 16:00:00,193.49,199.72,193.49,199.01,318983.048817,62733526.8137609
2025-08-22 20:00:00,198.99,202.4,198.33,200.65,224685.79082,44966459.89270949
2025-08-23 00:00:00,200.68,200.81,195.29,198.18,179044.860834,35417733.7039285
2025-08-23 04:00:00,198.18,208.7,198.11,205.18,380303.274722,77965117.72516844
2025-08-23 08:00:00,205.17,205.69,201.59,201.99,153519.103985,31222483.33402255
2025-08-23 12:00:00,202.0,203.84,200.59,202.62,155043.613919,31354410.6315878
2025-08-23 16:00:00,202.61,204.57,202.17,204.11,72518.450204,14747909.4006317
2025-08-23 20:00:00,204.11,204.89,202.82,204.17,57431.880329,11704447.10267352
2025-08-24 00:00:00,204.16,211.99,204.16,209.05,328167.30553,68386777.58884197
2025-08-24 04:00:00,209.06,210.75,206.6,206.67,166672.484533,34795249.66541843
2025-08-24 08:00:00,206.68,209.0,203.39,204.5,235414.52963,48489590.7455761
2025-08-24 12:00:00,204.49,209.38,203.6,205.64,291037.597189,60172433.13096764
2025-08-24 16:00:00,205.66,211.98,201.46,205.01,563598.9063,116250653.99692325
2025-08-24 20:00:00,205.04,207.14,201.08,205.98,310436.83619,63280492.1176287
2025-08-25 00:00:00,205.98,213.55,202.22,209.22,469911.43913,98228516.1733539
2025-08-25 04:00:00,209.23,209.71,198.66,199.83,425076.416633,86605736.04583934
2025-08-25 08:00:00,199.82,200.81,195.02,197.56,333881.47698,66037991.41561814
2025-08-25 12:00:00,197.54,199.46,195.52,196.56,251572.168238,49709242.50411932
2025-08-25 16:00:00,196.57,198.35,190.97,191.44,266712.714261,51874499.8284005
2025-08-25 20:00:00,191.44,192.11,185.34,187.2,415165.843658,78133897.73721652
2025-08-26 00:00:00,187.22,189.37,185.57,186.9,223153.565704,41859274.77019318
2025-08-26 04:00:00,186.93,189.9,186.93,188.92,148591.029553,28002207.54076953
2025-08-26 08:00:00,188.92,190.36,186.67,187.95,135266.098586,25484175.93142495
2025-08-26 12:00:00,187.95,192.55,187.19,190.76,343905.81829,65413802.92577118
2025-08-26 16:00:00,190.8,197.55,190.6,197.44,195753.089279,38014369.84368473
2025-08-26 20:00:00,197.42,198.1,195.37,195.86,143083.025081,28123915.47955331
2025-08-27 00:00:00,195.86,202.84,193.77,201.95,257152.760809,50886373.22098885
2025-08-27 04:00:00,201.96,205.68,200.8,202.45,324903.063273,66109560.55868567
2025-08-27 08:00:00,202.45,205.39,201.55,205.01,207295.012402,42281096.54946806
2025-08-27 12:00:00,205.01,209.4,202.62,208.67,368994.66154,76057359.5284575
2025-08-27 16:00:00,208.68,212.16,205.91,206.39,354779.310912,74090276.33309446
2025-08-27 20:00:00,206.4,209.46,202.53,202.97,469971.488813,96612980.54413036
2025-08-28 00:00:00,202.98,208.34,201.7,208.15,270122.797098,55441538.13808236
2025-08-28 04:00:00,208.16,213.27,207.46,213.11,323969.498864,68400460.09957202
2025-08-28 08:00:00,213.11,216.58,211.32,213.16,292677.331721,62577853.43774057
2025-08-28 12:00:00,213.17,216.9,210.15,211.06,536769.687756,114741751.40792896
2025-08-28 16:00:00,211.06,214.0,207.1,209.95,380998.018965,80199742.10980935
2025-08-28 20:00:00,209.97,215.75,209.67,214.44,184588.258248,39437451.3362006
2025-08-29 00:00:00,214.43,217.99,212.11,216.87,351638.970859,75737797.68169032
2025-08-29 04:00:00,216.88,217.92,207.85,208.78,556162.994142,118449446.68555376
2025-08-29 08:00:00,208.79,210.08,205.33,207.64,369351.549292,76706671.78479183
2025-08-29 12:00:00,207.63,215.0,203.77,204.43,746877.911231,156641113.36449972
2025-08-29 16:00:00,204.43,205.5,201.39,202.97,338005.05819,68781773.26895352
2025-08-29 20:00:00,202.98,205.49,199.85,205.11,207064.792755,41925047.38682037
2025-08-30 00:00:00,205.12,206.65,200.73,205.61,213666.552843,43556912.39117592
2025-08-30 04:00:00,205.61,207.03,204.37,205.12,132960.770664,27327367.0237739
2025-08-30 08:00:00,205.12,205.55,201.67,202.65,122247.866237,24811080.63886445
2025-08-30 12:00:00,202.63,202.68,197.55,201.05,218299.48484,43598151.94175011
2025-08-30 16:00:00,201.07,201.64,199.76,201.25,84693.471741,17010102.40125313
2025-08-30 20:00:00,201.26,203.32,199.78,202.72,57539.091036,11602038.61304694
2025-08-31 00:00:00,202.73,206.67,202.72,205.53,189774.919274,38906266.63940605
2025-08-31 04:00:00,205.54,205.6,202.75,203.52,81490.954841,16623027.10264364
2025-08-31 08:00:00,203.52,205.82,202.26,203.64,124166.992097,25335864.07752909
2025-08-31 12:00:00,203.65,204.88,201.5,204.56,101220.673458,20555567.09290824
2025-08-31 16:00:00,204.57,206.0,203.69,204.61,65634.905854,13451710.7661409
2025-08-31 20:00:00,204.62,205.76,200.33,200.67,93300.352193,18947089.24078104
2025-09-01 00:00:00,200.66,202.49,196.15,198.42,264561.999407,52685873.97465012
2025-09-01 04:00:00,198.42,202.93,196.68,202.92,188554.707763,37547932.61206938
2025-09-01 08:00:00,202.93,204.57,198.4,199.42,142129.821519,28652421.0824988
2025-09-01 12:00:00,199.43,201.15,197.71,198.39,118225.562592,23616506.3840086
2025-09-01 16:00:00,198.38,200.17,197.28,200.16,77711.502216,15434912.24559374
2025-09-01 20:00:00,200.17,200.17,194.21,197.31,204306.594628,40089085.91682457
2025-09-02 00:00:00,197.31,203.33,196.77,201.84,155665.330519,31185183.8332869
2025-09-02 04:00:00,201.85,204.44,201.41,202.1,147358.667041,29931517.85132536
2025-09-02 08:00:00,202.09,204.42,201.68,201.97,135026.727601,27452834.93136133
2025-09-02 12:00:00,201.95,205.13,197.37,200.3,365418.631259,73774773.76089154
2025-09-02 16:00:00,200.28,207.0,199.47,205.55,186782.146902,38040415.43532019
2025-09-02 20:00:00,205.51,209.69,204.9,209.64,158995.558144,33058269.80718955
2025-09-03 00:00:00,209.65,211.95,207.39,210.0,241382.242087,50635760.30653064
2025-09-03 04:00:00,210.0,210.47,207.97,209.36,108534.192568,22695926.75244685
2025-09-03 08:00:00,209.34,211.32,208.1,210.36,116035.308672,24344928.53485793
2025-09-03 12:00:00,210.36,213.0,208.79,211.37,223069.652911,47126974.22048071
2025-09-03 16:00:00,211.37,211.97,208.83,210.38,116250.447511,24440325.75720003
2025-09-03 20:00:00,210.38,210.94,208.4,210.72,59136.895274,12396569.06869054
2025-09-04 00:00:00,210.74,211.94,207.5,208.18,123866.705804,25955215.19304039
2025-09-04 04:00:00,208.19,208.53,205.69,206.69,91046.097407,18824131.59278834
2025-09-04 08:00:00,206.69,208.79,206.59,207.23,72126.562157,14990468.86376088
2025-09-04 12:00:00,207.23,208.5,203.37,203.76,193403.918614,39789857.79389013
2025-09-04 16:00:00,203.77,205.17,201.82,202.1,93882.468604,19124758.78718746
2025-09-04 20:00:00,202.12,204.82,201.9,202.34,87553.168303,17816590.88763247
2025-09-05 00:00:00,202.34,204.07,200.96,203.56,94124.642889,19075852.55359262
2025-09-05 04:00:00,203.56,208.43,203.04,207.83,128910.638094,26512867.86379208
2025-09-05 08:00:00,207.85,207.94,204.52,206.66,149574.301891,30860658.76147802
2025-09-05 12:00:00,206.65,209.99,201.62,203.58,449793.00909,92695582.32448123
2025-09-05 16:00:00,203.58,205.58,201.86,205.46,113719.496241,23158361.14198697
2025-09-05 20:00:00,205.43,205.68,202.7,203.4,72514.905793,14802792.03869372
2025-09-06 00:00:00,203.4,204.68,203.15,204.06,35125.796792,7162783.48658557
2025-09-06 04:00:00,204.07,204.07,202.14,203.04,40881.928325,8293002.05416964
2025-09-06 08:00:00,203.03,203.57,201.93,202.41,44864.850858,9095589.51843237
2025-09-06 12:00:00,202.41,202.89,200.96,201.25,61179.311506,12356988.73993524
2025-09-06 16:00:00,201.25,202.33,199.33,199.76,88162.626169,17686894.49208132
2025-09-06 20:00:00,199.75,201.21,199.73,200.18,47656.337555,9555498.53818152
2025-09-07 00:00:00,200.19,203.32,200.11,202.86,79314.235865,16021989.17311195
2025-09-07 04:00:00,202.87,203.33,202.23,202.99,34252.481753,6945989.59176253
2025-09-07 08:00:00,203.0,203.99,202.72,203.98,43957.582153,8941425.07299915
2025-09-07 12:00:00,203.98,205.53,203.1,205.14,87338.46179,17825081.60214883
2025-09-07 16:00:00,205.16,205.46,201.46,203.07,73006.60244,14817304.61499667
2025-09-07 20:00:00,203.08,207.95,202.56,206.32,118692.478146,24434475.39297312
2025-09-08 00:00:00,206.32,208.97,205.6,207.65,118330.366384,24523303.31050128
2025-09-08 04:00:00,207.65,208.83,206.62,207.89,76860.636259,15952956.88124524
2025-09-08 08:00:00,207.88,215.79,207.35,214.22,337632.618502,71667935.4807597
2025-09-08 12:00:00,214.25,216.7,212.98,215.03,284892.133911,61230784.51369614
2025-09-08 16:00:00,215.03,217.11,213.88,216.12,198197.410568,42755746.44920562
2025-09-08 20:00:00,216.12,216.2,213.55,214.13,90001.104194,19334429.1680318
2025-09-09 00:00:00,214.15,214.91,210.88,214.61,155987.601055,33214837.76197579
2025-09-09 04:00:00,214.61,219.79,213.96,219.2,203200.900895,44143739.20010256
2025-09-09 08:00:00,219.21,219.5,216.97,217.24,100329.546288,21915841.1104167
2025-09-09 12:00:00,217.23,218.55,211.77,213.07,423187.20428,91043156.87890597
2025-09-09 16:00:00,213.08,216.98,213.01,216.33,121210.125592,26077219.13384746
2025-09-09 20:00:00,216.34,217.79,215.0,217.23,74129.2568,16046777.3887382
2025-09-10 00:00:00,217.23,219.62,215.12,219.18,136972.361812,29839661.75335642
2025-09-10 04:00:00,219.17,222.93,217.86,222.23,193510.51217,42611957.05407158
2025-09-10 08:00:00,222.23,222.42,218.78,220.24,142409.946782,31414185.61990706
2025-09-10 12:00:00,220.23,225.95,219.74,223.13,384550.13813,85986491.77230924
2025-09-10 16:00:00,223.14,224.13,220.51,221.29,185121.855876,41158192.6501101
2025-09-10 20:00:00,221.27,224.66,220.96,224.05,125536.129307,27974861.8390631
2025-09-11 00:00:00,224.06,225.6,222.94,224.2,139024.999047,31184789.42720517
2025-09-11 04:00:00,224.2,224.3,221.71,223.23,207909.152195,46317365.64013085
2025-09-11 08:00:00,223.22,225.87,222.28,225.07,173921.036804,39033574.78413269
2025-09-11 12:00:00,225.06,228.93,222.72,226.82,543615.174663,123038718.2895129
2025-09-11 16:00:00,226.81,228.32,225.31,226.61,198083.182674,44900081.76258393
2025-09-11 20:00:00,226.6,228.98,225.42,228.73,152604.847906,34659201.85378875
2025-09-12 00:00:00,228.73,235.76,228.11,235.11,327027.363012,76088342.9073497
2025-09-12 04:00:00,235.1,239.82,234.2,237.37,313755.477783,74525874.6498094
2025-09-12 08:00:00,237.37,239.54,236.6,239.16,181680.17984,43281078.78670338
2025-09-12 12:00:00,239.17,241.85,237.6,239.33,260878.174998,62504604.82903029
2025-09-12 16:00:00,239.33,241.52,237.87,240.97,186480.4532,44730906.67619516
2025-09-12 20:00:00,240.97,244.26,238.36,242.19,185966.231797,44849818.85393196
2025-09-13 00:00:00,242.22,244.15,240.73,243.65,144911.80981,35180555.40847482
2025-09-13 04:00:00,243.64,243.7,241.28,242.47,81061.608809,19656816.11295429
2025-09-13 08:00:00,242.47,243.72,241.26,241.94,90902.363691,22050629.6420852
2025-09-13 12:00:00,241.94,243.08,237.91,239.42,255442.554456,61356558.58034103
2025-09-13 16:00:00,239.41,239.7,235.75,238.95,133845.444177,31833456.88370879
2025-09-13 20:00:00,239.0,243.16,238.86,242.38,107440.520026,25923140.02196706
2025-09-14 00:00:00,242.39,249.61,242.21,246.85,233879.174702,57476924.16214057
2025-09-14 04:00:00,246.86,248.32,244.41,246.42,168234.394621,41519574.93005221
2025-09-14 08:00:00,246.4,248.09,245.51,246.06,105912.805427,26139790.65330633
2025-09-14 12:00:00,246.07,246.73,241.54,243.81,219827.494569,53654279.88301958
2025-09-14 16:00:00,243.81,248.45,242.1,242.51,157088.494211,38578800.68642101
2025-09-14 20:00:00,242.51,244.71,239.25,239.76,168013.842586,40644214.84353569
2025-09-15 00:00:00,239.77,243.42,239.14,242.65,125953.564884,30422204.62080417
2025-09-15 04:00:00,242.66,244.07,236.22,237.96,199784.419663,48041825.62512485
2025-09-15 08:00:00,237.95,238.09,231.52,236.44,343915.980588,80759988.69679922
2025-09-15 12:00:00,236.44,238.21,232.0,233.01,251979.82526,59213096.33776534
2025-09-15 16:00:00,233.0,234.65,230.14,233.02,172792.442764,40146931.01772289
2025-09-15 20:00:00,233.01,235.4,232.73,234.35,64224.791894,15044453.59488264
2025-09-16 00:00:00,234.34,235.8,232.85,235.08,87217.003816,20457659.35253437
2025-09-16 04:00:00,235.09,237.05,232.9,235.78,101091.237882,23808038.14800658
2025-09-16 08:00:00,235.79,236.91,234.8,235.38,83728.8376,19742699.90764566
2025-09-16 12:00:00,235.38,238.08,231.3,237.81,235482.343538,55111651.59684275
2025-09-16 16:00:00,237.8,240.95,236.26,237.84,291529.811761,69477162.15716091
2025-09-16 20:00:00,237.85,239.0,236.51,236.98,152767.542764,36348546.05943526
2025-09-17 00:00:00,236.99,237.86,233.85,234.11,157834.492313,37255813.58460517
2025-09-17 04:00:00,234.12,238.07,233.22,237.7,168751.158534,39772733.40976318
2025-09-17 08:00:00,237.7,237.7,233.69,234.19,177319.859326,41717896.30132827
2025-09-17 12:00:00,234.2,235.97,233.54,233.91,182849.798066,42908363.39090579
2025-09-17 16:00:00,233.9,239.14,232.0,238.73,465639.726745,109669502.4853512
2025-09-17 20:00:00,238.72,246.62,236.0,244.83,262676.029102,63636893.29198696
2025-09-18 00:00:00,244.84,247.88,244.11,246.72,175846.52462,43262383.4396274
2025-09-18 04:00:00,246.73,247.02,242.6,244.72,148750.345845,36406835.08006204
2025-09-18 08:00:00,244.72,247.19,244.36,245.96,150133.441909,36962370.85080909
2025-09-18 12:00:00,245.97,248.98,245.02,248.23,231597.588743,57246632.28159325
2025-09-18 16:00:00,248.24,253.52,247.33,248.37,320500.518925,80246583.25062032
2025-09-18 20:00:00,248.36,249.15,245.89,247.51,117391.710696,29055564.58092217
2025-09-19 00:00:00,247.5,248.55,244.69,245.06,94881.695186,23427663.94010352
2025-09-19 04:00:00,245.05,245.76,242.86,243.87,138977.616983,33964055.92601201
2025-09-19 08:00:00,243.86,244.86,240.18,240.94,129993.056198,31475093.76371284
2025-09-19 12:00:00,240.94,242.72,235.31,237.55,308564.605729,73762900.68883906
2025-09-19 16:00:00,237.54,238.87,235.07,235.98,210046.756105,49842529.61009646
2025-09-19 20:00:00,235.98,238.86,235.95,238.56,93503.607439,22210109.1870844
2025-09-20 00:00:00,238.56,240.0,237.41,238.08,97245.780498,23231730.04235311
2025-09-20 04:00:00,238.09,239.78,237.75,239.78,37836.723185,9043103.22876025
2025-09-20 08:00:00,239.77,239.77,236.89,238.16,51863.477923,12338945.87603846
2025-09-20 12:00:00,238.17,241.2,237.01,240.1,86134.592109,20596639.42830959
2025-09-20 16:00:00,240.1,241.09,238.0,238.64,60560.92068,14510059.61462192
2025-09-20 20:00:00,238.63,240.34,238.43,239.5,34166.61744,8184926.40039625
2025-09-21 00:00:00,239.49,241.78,238.96,241.77,49478.930464,11898979.42943959
2025-09-21 04:00:00,241.78,241.83,239.47,239.88,41826.705345,10061145.71173564
2025-09-21 08:00:00,239.88,240.1,237.09,238.67,64471.885578,15373762.03668561
2025-09-21 12:00:00,238.67,240.3,237.71,237.93,53947.56075,12895965.37838888
2025-09-21 16:00:00,237.94,238.43,236.11,238.01,60239.44443,14287616.54778366
2025-09-21 20:00:00,238.01,238.12,235.36,236.2,55135.832002,13054900.7999671
2025-09-22 00:00:00,236.2,236.99,230.54,232.82,349531.863558,81454896.5680021
2025-09-22 04:00:00,232.82,233.17,213.36,221.89,727492.363102,162185961.0984158
2025-09-22 08:00:00,221.89,222.78,219.37,221.51,216145.929287,47800419.37848865
2025-09-22 12:00:00,221.52,224.08,219.95,220.74,235661.948873,52336944.24881745
2025-09-22 16:00:00,220.74,221.51,216.53,217.08,309674.902304,67852497.3518286
2025-09-22 20:00:00,217.1,221.07,216.46,220.38,181414.06838,39823650.25411959
2025-09-23 00:00:00,220.39,221.41,212.32,216.95,213076.979036,46066740.28349698
2025-09-23 04:00:00,216.94,220.3,214.04,219.0,147378.934682,32069982.05702335
2025-09-23 08:00:00,219.01,220.88,217.87,219.32,89521.37585,19641009.5989478
2025-09-23 12:00:00,219.32,220.64,217.0,219.28,157062.909135,34434044.27192563
2025-09-23 16:00:00,219.28,221.79,214.38,214.55,174217.520361,37764196.71199732
2025-09-23 20:00:00,214.53,216.7,213.25,213.3,95416.596022,20496982.23168937
2025-09-24 00:00:00,213.31,216.43,207.33,208.53,252911.286372,53614280.37345025
2025-09-24 04:00:00,208.52,211.46,204.86,210.63,233300.156991,48588632.49079446
2025-09-24 08:00:00,210.64,212.61,209.84,212.35,115232.815626,24335082.40860262
2025-09-24 12:00:00,212.35,216.23,211.43,213.6,179880.272396,38431801.97278114
2025-09-24 16:00:00,213.61,215.46,212.43,213.19,67541.261339,14450015.83438209
2025-09-24 20:00:00,213.23,213.24,210.69,211.61,53894.360963,11418288.99745306
2025-09-25 00:00:00,211.61,212.44,206.03,207.31,187747.224143,39279938.27839858
2025-09-25 04:00:00,207.31,207.61,202.66,204.2,220221.765282,45020578.17738858
2025-09-25 08:00:00,204.2,205.9,200.69,201.38,229917.423704,46644594.37608158
2025-09-25 12:00:00,201.37,204.07,196.87,201.13,419117.145176,83985122.54605997
2025-09-25 16:00:00,201.14,201.95,193.62,198.12,374208.760764,73872790.27316704
2025-09-25 20:00:00,198.16,198.73,191.32,192.75,218933.575908,42708972.61661091
2025-09-26 00:00:00,192.75,197.56,192.55,196.49,171654.342643,33586167.90185045
2025-09-26 04:00:00,196.5,197.41,193.78,196.26,175992.557257,34428466.52311889
2025-09-26 08:00:00,196.29,196.96,190.84,193.45,190006.908741,36830548.71685616
2025-09-26 12:00:00,193.45,198.29,192.17,196.03,348418.729872,68126277.51781806
2025-09-26 16:00:00,196.03,202.64,195.82,200.66,421905.041604,84457700.53608812
2025-09-26 20:00:00,200.69,205.47,199.55,205.14,183763.569232,37160383.0500784
2025-09-27 00:00:00,205.14,205.43,203.58,203.91,102126.866265,20864970.23152815
2025-09-27 04:00:00,203.91,204.25,201.49,202.08,116216.56343,23554692.04632467
2025-09-27 08:00:00,202.08,202.23,199.85,201.71,87858.283788,17678089.56402328
2025-09-27 12:00:00,201.73,203.77,200.99,203.56,85430.72884,17303962.8529497
2025-09-27 16:00:00,203.55,203.63,200.9,202.22,55263.881686,11168484.32244626
2025-09-27 20:00:00,202.23,204.94,201.91,203.46,40193.892284,8185004.1524911
2025-09-28 00:00:00,203.47,204.05,200.8,201.4,59475.423555,12019665.42549162
2025-09-28 04:00:00,201.42,202.45,200.38,202.11,42568.814039,8581037.22396221
2025-09-28 08:00:00,202.12,202.72,199.25,199.88,54063.994143,10859020.40643595
2025-09-28 12:00:00,199.88,203.55,198.0,203.43,92277.700879,18526814.39477404
2025-09-28 16:00:00,203.44,206.68,203.27,206.19,72539.719431,14859558.07018497
2025-09-28 20:00:00,206.2,210.97,206.04,210.82,143299.298118,29934485.94862149
2025-09-29 00:00:00,210.82,210.89,208.81,210.27,118297.003443,24809343.96624194
2025-09-29 04:00:00,210.28,210.68,207.37,208.92,152602.998448,31870927.44084567
2025-09-29 08:00:00,208.92,209.65,206.03,207.09,86806.404941,18055244.76282807
2025-09-29 12:00:00,207.1,213.5,204.61,210.08,301009.539017,63166312.4099619
2025-09-29 16:00:00,210.09,213.55,207.68,212.95,182271.888808,38319680.80714823
2025-09-29 20:00:00,212.95,214.74,212.44,212.73,115374.771625,24645024.86768655
2025-09-30 00:00:00,212.73,213.69,209.83,210.68,124343.05709,26268163.99475176
2025-09-30 04:00:00,210.69,211.72,208.55,208.97,79556.757019,16721984.71893696
2025-09-30 08:00:00,208.99,209.0,205.55,207.07,113746.341289,23547490.31478724
2025-09-30 12:00:00,207.07,209.64,204.6,206.01,177638.544907,36765556.40487178
2025-09-30 16:00:00,206.01,209.21,204.25,208.89,103896.989615,21447758.73538526
2025-09-30 20:00:00,208.94,210.97,207.41,208.7,132896.769989,27813902.80846
2025-10-01 00:00:00,208.7,210.91,206.45,206.71,142790.834925,29842510.18742365
2025-10-01 04:00:00,206.73,210.35,206.33,210.15,87815.040398,18348594.25586873
2025-10-01 08:00:00,210.14,217.95,209.87,217.77,240320.219257,51798890.64233226
2025-10-01 12:00:00,217.76,220.66,217.18,220.23,201081.226934,44073535.76299419
2025-10-01 16:00:00,220.24,220.99,217.37,220.09,108496.738871,23799456.53960538
2025-10-01 20:00:00,220.09,222.79,218.43,222.05,75075.907391,16515897.71290614
2025-10-02 00:00:00,222.05,225.07,219.55,223.78,161957.137016,36008929.18243102
2025-10-02 04:00:00,223.8,226.75,222.4,222.92,142031.13076,31874290.0714304
2025-10-02 08:00:00,222.93,226.64,222.71,225.24,64982.356115,14615107.36127026
2025-10-02 12:00:00,225.25,227.45,222.56,227.16,214520.685995,48367834.22935121
2025-10-02 16:00:00,227.17,233.76,226.19,232.25,247034.084786,56971564.49578744
2025-10-02 20:00:00,232.25,235.0,230.73,234.74,133459.971304,31098964.70196185
2025-10-03 00:00:00,234.74,234.84,230.52,232.26,124843.905211,29026888.98901878
2025-10-03 04:00:00,232.26,233.25,227.78,229.41,145352.329055,33500339.27361393
2025-10-03 08:00:00,229.42,231.81,227.89,230.79,123150.960256,28400695.55692036
2025-10-03 12:00:00,230.8,235.0,227.1,234.79,234103.698561,54019715.400478
2025-10-03 16:00:00,234.8,236.99,228.4,233.16,363189.226032,84624995.30754457
2025-10-03 20:00:00,233.16,234.0,230.7,232.86,78713.512694,18306607.02711673
2025-10-04 00:00:00,232.84,234.06,227.94,229.24,125631.826766,28916298.46963445
2025-10-04 04:00:00,229.25,230.54,228.77,229.16,57817.346476,13276070.22542776
2025-10-04 08:00:00,229.16,229.9,228.22,229.18,39763.857413,9107805.25960317
2025-10-04 12:00:00,229.19,229.83,224.18,224.85,132247.947428,30003257.6213086
2025-10-04 16:00:00,224.85,227.03,224.16,226.94,61964.343358,13985796.87546764
2025-10-04 20:00:00,226.94,228.28,226.81,227.85,33847.104742,7705106.30659075
2025-10-05 00:00:00,227.86,232.3,226.5,230.91,145629.873634,33516198.98036351
2025-10-05 04:00:00,230.91,236.94,230.91,236.61,188476.231897,44215567.1217796
2025-10-05 08:00:00,236.61,237.23,230.71,232.66,151922.161186,35470251.91192457
2025-10-05 12:00:00,232.66,232.68,228.4,230.16,111377.542123,25722461.31553745
2025-10-05 16:00:00,230.17,231.47,226.74,227.1,121998.070579,27921427.78106247
2025-10-05 20:00:00,227.1,229.29,226.73,228.58,63330.519848,14445461.43504771
2025-10-06 00:00:00,228.6,233.33,227.57,232.28,154543.186425,35629993.91378452
2025-10-06 04:00:00,232.26,234.86,230.14,231.36,125964.034062,29262620.52353343
2025-10-06 08:00:00,231.37,234.13,231.37,233.02,84504.326183,19690981.2038639
2025-10-06 12:00:00,233.04,236.7,232.69,235.62,167124.960913,39219103.79587377
2025-10-06 16:00:00,235.62,237.82,234.03,235.36,128322.349522,30266495.60943979
2025-10-06 20:00:00,235.36,236.14,231.69,232.37,120611.186427,28181697.79921381
2025-10-07 00:00:00,232.39,233.97,231.0,233.9,98902.418261,22982073.91303353
2025-10-07 04:00:00,233.91,235.2,229.45,231.01,136313.917487,31646831.40468526
2025-10-07 08:00:00,231.02,231.68,228.28,230.48,138091.252217,31757279.55193981
2025-10-07 12:00:00,230.48,231.66,221.28,223.81,409527.997211,92448595.29659332
2025-10-07 16:00:00,223.82,225.31,220.69,221.68,161167.30334,35917885.12744708
2025-10-07 20:00:00,221.72,224.27,219.49,219.93,90861.996853,20179284.49713247
2025-10-08 00:00:00,219.94,222.77,217.8,218.31,137213.413872,30221234.5687686
2025-10-08 04:00:00,218.31,221.04,217.32,220.93,94715.135379,20796010.8818451
2025-10-08 08:00:00,220.94,222.64,220.65,221.21,77037.724426,17069568.26244141
2025-10-08 12:00:00,221.2,224.19,218.83,221.25,180415.877731,39977512.04308599
2025-10-08 16:00:00,221.24,229.65,220.7,229.28,198121.924913,44911550.59784982
2025-10-08 20:00:00,229.31,229.8,227.42,229.05,140280.298602,32062958.86370332
2025-10-09 00:00:00,229.05,229.7,223.84,226.16,140601.79763,31884306.56947236
2025-10-09 04:00:00,226.17,228.75,224.17,224.54,108859.545685,24687111.37179074
2025-10-09 08:00:00,224.53,224.8,219.37,223.11,176685.387526,39191664.78564805
2025-10-09 12:00:00,223.12,226.32,218.63,219.11,193614.451596,43042476.64655377
2025-10-09 16:00:00,219.11,220.15,216.5,218.29,117736.127846,25700802.52374071
2025-10-09 20:00:00,218.28,221.7,217.6,220.94,52004.406294,11423700.83449777
2025-10-10 00:00:00,220.94,222.86,219.44,221.64,79668.87287,17610519.22525673
2025-10-10 04:00:00,221.63,222.88,217.85,218.11,82609.579795,18207870.22407203
2025-10-10 08:00:00,218.11,221.54,217.4,221.13,70100.092499,15407161.40761131
2025-10-10 12:00:00,221.14,224.42,209.0,210.7,460252.04268,99320126.89946124
2025-10-10 16:00:00,210.67,213.0,203.39,205.36,311670.114961,64991228.90749064
2025-10-10 20:00:00,205.33,207.78,144.82,187.79,2501217.751703,460508128.2925786
2025-10-11 00:00:00,187.77,190.66,181.9,184.36,831669.837159,154583755.3829097
2025-10-11 04:00:00,184.35,186.64,180.0,182.78,452583.938707,83121261.67633975
2025-10-11 08:00:00,182.77,188.27,181.69,183.75,373753.663092,68961921.19914968
2025-10-11 12:00:00,183.73,185.09,180.72,183.73,288996.229745,52942510.73398432
2025-10-11 16:00:00,183.74,184.71,176.56,177.55,265848.146767,48122674.94980409
2025-10-11 20:00:00,177.55,178.76,172.57,177.62,285048.940294,50212566.04676081
2025-10-12 00:00:00,177.64,178.48,173.01,177.04,263367.331434,46198673.16129246
2025-10-12 04:00:00,177.04,182.98,176.63,182.55,406055.506938,73536666.58715986
2025-10-12 08:00:00,182.54,182.77,180.3,180.97,177785.469707,32253797.11106598
2025-10-12 12:00:00,180.96,191.79,178.23,191.22,650267.508247,120833641.69678646
2025-10-12 16:00:00,191.23,196.58,191.21,195.86,443413.925898,86019666.3417316
2025-10-12 20:00:00,195.86,199.0,193.12,197.02,311056.801607,61122988.89206088
2025-10-13 00:00:00,197.03,199.99,194.35,194.83,268872.128905,52970755.27262892
2025-10-13 04:00:00,194.83,199.54,192.96,196.84,254769.995395,49934358.67474137
2025-10-13 08:00:00,196.84,198.69,190.0,192.59,286702.121521,55809846.6227097
2025-10-13 12:00:00,192.58,197.67,191.34,196.42,457580.388948,89032549.23817988
2025-10-13 16:00:00,196.43,208.78,196.26,207.11,522070.569728,105815750.40973143
2025-10-13 20:00:00,207.12,209.31,206.81,208.7,252267.390108,52506368.69916251
2025-10-14 00:00:00,208.71,211.3,204.9,205.72,333496.34415,69362454.5606301
2025-10-14 04:00:00,205.73,205.91,192.0,194.49,743960.265183,147590511.01948103
2025-10-14 08:00:00,194.47,197.58,191.07,195.35,378157.118167,73639245.08313613
2025-10-14 12:00:00,195.36,202.65,191.55,202.18,515113.787213,101019526.62917036
2025-10-14 16:00:00,202.22,206.47,196.8,198.49,827373.773142,167297496.1759332
2025-10-14 20:00:00,198.55,203.47,198.16,202.47,146234.755862,29338097.47333201
2025-10-15 00:00:00,202.47,205.85,200.94,201.67,212704.363993,43170541.25155021
2025-10-15 04:00:00,201.68,205.37,200.51,204.67,195298.30006,39767316.02497331
2025-10-15 08:00:00,204.66,208.91,202.06,202.61,285126.944105,58607580.21105298
2025-10-15 12:00:00,202.6,204.93,196.22,197.17,440202.480333,88361296.13329393
2025-10-15 16:00:00,197.18,198.8,194.2,194.82,223641.110648,44000402.0370743
2025-10-15 20:00:00,194.83,196.59,192.05,193.85,168725.326268,32727032.40351519
2025-10-16 00:00:00,193.85,196.18,193.15,193.63,138199.801078,26924946.72019894
2025-10-16 04:00:00,193.64,195.6,191.39,192.89,163938.32035,31717543.98623005
2025-10-16 08:00:00,192.9,197.18,186.26,196.81,421709.498991,81075930.35983862
2025-10-16 12:00:00,196.82,198.41,186.55,187.6,519836.106361,100571511.76800668
2025-10-16 16:00:00,187.62,192.3,183.63,185.05,502852.235009,94534035.24793914
2025-10-16 20:00:00,185.05,186.09,182.02,184.85,223796.621979,41144610.84219259
2025-10-17 00:00:00,184.85,187.53,184.28,187.06,129212.245105,24045021.65594486
2025-10-17 04:00:00,187.06,187.46,177.38,177.78,363366.202313,65938044.34105106
2025-10-17 08:00:00,177.78,182.68,174.07,181.46,517217.54185,92126248.48977306
2025-10-17 12:00:00,181.45,182.82,176.3,182.73,395278.746267,71113423.90974906
2025-10-17 16:00:00,182.76,185.4,181.44,181.95,246421.038091,45178221.10887863
2025-10-17 20:00:00,181.97,186.18,181.47,181.97,125610.507964,23084086.60860267
2025-10-18 00:00:00,181.97,185.57,181.77,184.81,84282.420335,15510502.09271256
2025-10-18 04:00:00,184.81,188.27,183.14,186.28,165177.257562,30726621.62593364
2025-10-18 08:00:00,186.27,187.16,184.36,186.09,129374.360956,24021686.96454676
2025-10-18 12:00:00,186.11,187.35,183.96,185.03,96627.127983,17914854.55365241
2025-10-18 16:00:00,185.03,186.42,183.26,186.36,100253.191198,18546679.13055822
2025-10-18 20:00:00,186.36,187.86,185.89,187.57,49647.927762,9284299.78104475
2025-10-19 00:00:00,187.56,187.87,184.92,187.04,66704.308621,12407751.13785564
2025-10-19 04:00:00,187.04,187.67,185.17,185.91,51550.815143,9603159.60554059
2025-10-19 08:00:00,185.91,190.09,183.18,189.01,286439.725814,53528890.9567204
2025-10-19 12:00:00,189.02,191.73,188.15,190.78,191347.749326,36398073.51796528
2025-10-19 16:00:00,190.78,192.29,188.32,188.89,151363.41578,28828484.6308867
2025-10-19 20:00:00,188.9,190.16,186.83,187.86,99226.461484,18728679.52924552
2025-10-20 00:00:00,187.88,191.75,183.83,191.21,211104.648515,39410827.77416108
2025-10-20 04:00:00,191.22,194.5,190.6,193.01,194103.116934,37378822.52937128
2025-10-20 08:00:00,193.0,194.14,191.02,192.23,110990.872232,21379034.8459864
2025-10-20 12:00:00,192.23,193.03,190.4,190.54,142579.398786,27345122.80675499
2025-10-20 16:00:00,190.54,190.54,185.51,188.84,218528.277238,41113250.18499848
2025-10-20 20:00:00,188.84,191.2,188.23,189.72,81755.675338,15529124.99423439
2025-10-21 00:00:00,189.71,190.28,185.31,185.59,171526.87573,32146983.7572109
2025-10-21 04:00:00,185.58,185.64,182.74,184.99,194158.924984,35743729.49079004
2025-10-21 08:00:00,185.0,186.72,183.75,186.25,90933.502529,16827277.55444131
2025-10-21 12:00:00,186.27,197.16,183.92,196.28,476632.425105,90960800.96521898
2025-10-21 16:00:00,196.26,197.74,192.14,193.97,370294.985099,72099531.12599412
2025-10-21 20:00:00,193.99,194.24,185.11,185.66,283382.293296,53710622.85756992
2025-10-22 00:00:00,185.66,187.47,184.16,185.23,184792.639322,34315791.08565644
2025-10-22 04:00:00,185.24,186.27,183.25,185.0,212953.000845,39283480.58603833
2025-10-22 08:00:00,184.99,186.0,181.89,185.08,183789.18228,33803876.62895756
2025-10-22 12:00:00,185.1,186.92,181.29,183.98,334510.036398,61679315.91872056
2025-10-22 16:00:00,183.99,184.98,176.97,180.17,340152.502745,61671669.01381693
2025-10-22 20:00:00,180.18,180.76,176.98,180.1,229607.479193,41095564.66690226
2025-10-23 00:00:00,180.11,183.37,179.68,182.89,106961.055612,19422639.28507295
2025-10-23 04:00:00,182.89,187.99,182.67,187.47,188301.385182,34985988.41490918
2025-10-23 08:00:00,187.48,189.5,187.42,187.97,180318.145808,33954726.39217972
2025-10-23 12:00:00,187.97,192.61,186.66,191.03,363985.254646,69068902.7135932
2025-10-23 16:00:00,191.04,193.45,190.08,191.16,169119.199462,32415859.13535554
2025-10-23 20:00:00,191.15,191.51,188.32,191.34,116533.834257,22124592.20029332
2025-10-24 00:00:00,191.35,193.92,190.8,191.32,116227.836523,22344441.90136354
2025-10-24 04:00:00,191.31,194.65,190.79,192.18,143368.016966,27678135.9228013
2025-10-24 08:00:00,192.18,193.48,190.6,192.14,106342.704729,20434568.00385933
2025-10-24 12:00:00,192.15,196.88,188.83,189.45,420882.132272,81084892.95514293
2025-10-24 16:00:00,189.46,193.63,188.8,193.07,102677.466346,19650030.5213859
2025-10-24 20:00:00,193.1,194.16,192.83,193.58,71123.274424,13772328.22965115
2025-10-25 00:00:00,193.58,194.49,192.43,193.44,70594.796316,13656276.29223201
2025-10-25 04:00:00,193.45,194.91,193.4,193.96,76677.603713,14887601.41950969
2025-10-25 08:00:00,193.96,195.24,191.2,192.74,100875.641883,19475969.19035163
2025-10-25 12:00:00,192.74,194.24,191.8,191.9,82824.750773,15970335.36013548
2025-10-25 16:00:00,191.9,194.63,191.44,194.52,44817.288552,8655266.93162147
2025-10-25 20:00:00,194.52,194.98,193.73,193.83,44678.200692,8680563.17865849
2025-10-26 00:00:00,193.83,194.37,191.94,192.99,65591.490556,12663662.8775911
2025-10-26 04:00:00,193.0,194.3,192.75,193.86,38719.558731,7497434.58459129
2025-10-26 08:00:00,193.87,197.93,193.7,197.76,160219.349631,31381712.01277643
2025-10-26 12:00:00,197.75,199.92,196.91,199.51,186235.572203,36994935.63286909
2025-10-26 16:00:00,199.51,199.66,198.16,198.86,92956.383435,18490837.31879793
2025-10-26 20:00:00,198.84,202.5,196.85,200.07,233824.649607,46753531.15290946
2025-10-27 00:00:00,200.07,205.09,199.51,204.31,190766.691811,38788496.77037106
2025-10-27 04:00:00,204.32,205.32,202.25,202.52,147013.217645,29995223.19713007
2025-10-27 08:00:00,202.52,202.54,198.06,200.2,231977.02586,46444457.34152862
2025-10-27 12:00:00,200.18,200.58,198.31,200.12,152030.122283,30352930.24739526
2025-10-27 16:00:00,200.12,203.27,199.84,200.04,166907.323457,33667323.87357301
2025-10-27 20:00:00,200.04,200.25,197.34,198.69,122813.349293,24405844.80576108
2025-10-28 00:00:00,198.7,202.06,198.41,201.28,166236.909223,33334457.44212902
2025-10-28 04:00:00,201.28,202.98,198.63,202.36,147826.439769,29712651.1602756
2025-10-28 08:00:00,202.37,203.98,199.2,199.73,121786.618169,24542769.04669636
2025-10-28 12:00:00,199.72,203.02,196.46,198.82,429461.036599,85834834.04084441
2025-10-28 16:00:00,198.84,201.27,194.41,195.4,198429.040214,39286473.65638465
2025-10-28 20:00:00,195.38,195.38,190.21,194.15,311382.239243,60202498.68940726
2025-10-29 00:00:00,194.16,195.09,192.7,193.93,118759.97409,23010652.31715136
2025-10-29 04:00:00,193.93,196.04,193.78,195.61,78204.608631,15265116.1731096
2025-10-29 08:00:00,195.62,199.46,193.78,198.75,180097.372646,35356955.57814335
2025-10-29 12:00:00,198.74,201.75,196.42,196.78,288196.079288,57513772.71509246
2025-10-29 16:00:00,196.8,198.8,189.06,192.74,739917.547678,143542613.85142294
2025-10-29 20:00:00,192.77,197.05,191.88,193.89,161915.850554,31471036.3276903
2025-10-30 00:00:00,193.9,198.22,192.12,197.12,136441.771527,26702527.13850862
2025-10-30 04:00:00,197.12,197.22,190.32,195.82,302598.035775,58597003.79641191
2025-10-30 08:00:00,195.81,196.14,191.1,191.85,137457.744948,26503685.98511219
2025-10-30 12:00:00,191.86,192.05,184.44,185.05,430630.773239,80693203.120898
2025-10-30 16:00:00,185.05,186.33,178.62,179.03,279311.862216,50870489.09577631
2025-10-30 20:00:00,179.02,184.75,178.68,184.66,287876.96379,52255897.7602769
2025-10-31 00:00:00,184.67,186.89,183.66,185.16,160394.441139,29724272.32409731
2025-10-31 04:00:00,185.16,187.07,184.76,185.32,132552.428199,24636990.30780544
2025-10-31 08:00:00,185.33,189.18,184.59,188.86,131350.722163,24545658.17178111
2025-10-31 12:00:00,188.87,190.29,186.0,188.15,220052.549149,41417836.84953844
2025-10-31 16:00:00,188.13,189.06,184.39,188.39,175423.211719,32695424.15172722
2025-10-31 20:00:00,188.38,188.8,186.55,187.2,60254.2945,11302548.91993629
2025-11-01 00:00:00,187.21,187.51,185.51,187.2,60291.220847,11254307.48870704
2025-11-01 04:00:00,187.2,187.55,185.0,185.81,47712.629161,8883731.3745183
2025-11-01 08:00:00,185.81,186.72,185.29,186.19,55467.151133,10313445.33969518
2025-11-01 12:00:00,186.19,186.62,183.74,186.4,89471.391882,16566710.07379957
2025-11-01 16:00:00,186.42,187.12,184.88,186.25,62207.97457,11565422.85451952
2025-11-01 20:00:00,186.26,186.96,185.0,186.38,42961.515072,7998794.01530375
2025-11-02 00:00:00,186.39,186.42,184.69,185.32,49404.448552,9155295.5558498
2025-11-02 04:00:00,185.32,188.33,185.06,187.7,91574.226781,17136717.90335269
2025-11-02 08:00:00,187.72,187.93,184.43,186.15,81015.013571,15074341.42659533
2025-11-02 12:00:00,186.15,186.5,183.53,183.81,91121.542975,16831066.18098855
2025-11-02 16:00:00,183.8,184.68,182.02,184.03,99866.687204,18329253.63643016
2025-11-02 20:00:00,184.03,188.1,183.62,187.75,85189.37539,15847231.15113577
2025-11-03 00:00:00,187.75,189.08,176.74,177.56,312376.373508,57096835.19138825
2025-11-03 04:00:00,177.56,178.77,174.24,176.48,266365.609325,47050321.81208133
2025-11-03 08:00:00,176.48,176.9,173.58,175.29,189685.459891,33252484.54602938
2025-11-03 12:00:00,175.31,176.94,164.52,166.8,784814.610232,133134136.35007028
2025-11-03 16:00:00,166.81,170.99,165.62,166.72,311489.846796,52476076.29015149
2025-11-03 20:00:00,166.74,167.23,163.22,166.07,216865.902755,35829591.63691427
2025-11-04 00:00:00,166.07,168.39,164.2,167.67,151569.343933,25308824.52748798
2025-11-04 04:00:00,167.68,168.11,155.88,157.05,564925.301414,90440439.1807066
2025-11-04 08:00:00,157.07,162.24,156.41,161.72,247637.20489,39577013.65269825
2025-11-04 12:00:00,161.72,165.27,159.34,161.48,287488.477805,46645423.07886323
2025-11-04 16:00:00,161.48,162.36,152.29,154.63,547511.834743,85516165.17575787
2025-11-04 20:00:00,154.63,155.93,145.81,155.03,667673.326311,100937187.07398798
2025-11-05 00:00:00,155.03,157.46,147.27,156.92,380923.685823,58259720.20708906
2025-11-05 04:00:00,156.93,158.53,155.65,156.47,169686.260188,26656055.21914313
2025-11-05 08:00:00,156.47,157.62,153.68,157.48,150115.659332,23416503.6338733
2025-11-05 12:00:00,157.48,160.52,156.76,160.48,270043.77757,42830660.81695633
2025-11-05 16:00:00,160.49,163.93,158.53,162.54,276533.014124,44602721.57698197
2025-11-05 20:00:00,162.54,163.96,161.11,162.37,137207.237598,22275503.75947694
2025-11-06 00:00:00,162.37,162.94,159.73,162.46,174268.557241,28102782.41625627
2025-11-06 04:00:00,162.49,162.77,158.25,158.88,123064.688028,19692881.98605137
2025-11-06 08:00:00,158.86,159.91,157.66,158.87,73755.803782,11726215.81842669
2025-11-06 12:00:00,158.85,161.58,155.4,155.95,295911.864605,46870258.51364274
2025-11-06 16:00:00,155.92,158.66,153.82,156.88,208477.788187,32547321.21090166
2025-11-06 20:00:00,156.9,157.82,153.45,155.28,146382.642289,22758296.39548533
2025-11-07 00:00:00,155.28,158.6,154.22,156.88,165862.757477,25961976.04338439
2025-11-07 04:00:00,156.88,158.27,155.27,157.78,104232.02076,16367173.22716326
2025-11-07 08:00:00,157.79,158.2,151.63,153.87,167195.691318,25835943.97809295
2025-11-07 12:00:00,153.86,156.3,149.82,155.42,320881.014381,49170364.80802136
2025-11-07 16:00:00,155.42,164.46,154.41,164.17,284877.08476,45614013.70231254
2025-11-07 20:00:00,164.17,164.39,161.6,161.81,198256.038413,32319127.84954844
2025-11-08 00:00:00,161.81,164.9,160.62,162.52,170332.929463,27723977.96956553
2025-11-08 04:00:00,162.54,163.69,159.59,161.04,151173.565205,24451168.27156338
2025-11-08 08:00:00,161.04,162.35,159.14,159.37,106122.605319,17075096.51720693
2025-11-08 12:00:00,159.38,159.69,155.85,156.69,149578.003759,23586732.86676653
2025-11-08 16:00:00,156.7,158.21,155.83,157.34,116094.398005,18239500.72650954
2025-11-08 20:00:00,157.35,158.42,157.22,158.0,42570.389881,6723668.74204349
2025-11-09 00:00:00,158.02,158.29,155.07,155.88,90540.98727,14177707.63986273
2025-11-09 04:00:00,155.9,159.55,155.86,159.28,116700.692885,18402568.71623787
2025-11-09 08:00:00,159.28,159.94,157.28,159.04,66783.129946,10605577.53459013
2025-11-09 12:00:00,159.04,163.97,158.59,162.54,238484.231264,38483792.46099393
2025-11-09 16:00:00,162.54,166.3,161.25,166.17,125849.549832,20548631.48540414
2025-11-09 20:00:00,166.18,166.59,163.92,164.56,108705.43794,17958622.78147294
2025-11-10 00:00:00,164.54,168.74,163.35,168.11,194388.892223,32461233.44648585
2025-11-10 04:00:00,168.12,168.91,166.39,167.4,107260.13441,17981158.69979736
2025-11-10 08:00:00,167.39,169.82,166.14,168.34,146713.056897,24694587.8580568
2025-11-10 12:00:00,168.33,170.5,165.09,166.27,194172.64734,32519257.90270345
2025-11-10 16:00:00,166.27,168.47,165.25,167.22,95448.995291,15906499.76905998
2025-11-10 20:00:00,167.21,168.42,164.83,167.32,111805.210974,18637712.97552237
2025-11-11 00:00:00,167.33,171.94,166.01,169.98,251037.488941,42509646.48251686
2025-11-11 04:00:00,169.97,170.12,163.57,163.99,230434.425504,38144355.07222031
2025-11-11 08:00:00,163.98,164.96,162.68,163.68,138292.545379,22656990.38359083
2025-11-11 12:00:00,163.69,164.37,160.02,160.91,225868.053847,36635982.76445584
2025-11-11 16:00:00,160.9,161.24,157.42,157.61,149329.073516,23812549.70384688
2025-11-11 20:00:00,157.61,157.88,153.9,154.6,170972.358721,26712124.52153778
2025-11-12 00:00:00,154.61,155.6,153.6,154.58,137405.926681,21254572.64569021
2025-11-12 04:00:00,154.57,156.57,154.2,155.01,120681.96976,18764996.61636843
2025-11-12 08:00:00,155.02,161.11,155.01,160.04,214609.737565,34098683.17665575
2025-11-12 12:00:00,160.01,161.08,155.24,155.73,277195.704598,43906969.9038726
2025-11-12 16:00:00,155.74,156.25,151.2,153.04,320423.66732,49130710.56657542
2025-11-12 20:00:00,153.04,154.66,152.53,153.42,148449.190056,22758886.89499815
2025-11-13 00:00:00,153.42,155.81,150.41,154.32,237954.663677,36468418.08734643
2025-11-13 04:00:00,154.35,157.24,153.39,155.3,196648.481448,30563937.65598804
2025-11-13 08:00:00,155.29,156.51,153.85,156.28,115956.015558,18012879.82271283
2025-11-13 12:00:00,156.27,156.98,152.26,153.12,262610.383437,40583958.90117912
2025-11-13 16:00:00,153.11,153.36,142.0,142.74,461046.863306,67838741.27283992
2025-11-13 20:00:00,142.74,146.22,141.04,144.73,314131.500252,45017418.86999097
2025-11-14 00:00:00,144.74,145.67,142.75,144.29,175698.733312,25349773.97683969
2025-11-14 04:00:00,144.29,144.44,138.7,142.84,591144.175224,83860637.88071863
2025-11-14 08:00:00,142.84,143.19,139.84,140.76,221447.743149,31338991.54641095
2025-11-14 12:00:00,140.75,143.76,135.77,142.24,585930.723814,81413472.2735301
2025-11-14 16:00:00,142.23,144.22,140.58,143.14,202714.277942,28912928.86912963
2025-11-14 20:00:00,143.15,143.25,137.18,138.92,153641.301291,21488759.11429412
2025-11-15 00:00:00,138.92,143.36,138.75,142.53,125183.379443,17752552.1303157
2025-11-15 04:00:00,142.54,143.59,141.81,142.75,82277.267957,11737757.5741497
2025-11-15 08:00:00,142.76,142.85,139.98,140.22,88118.833427,12438802.35045092
2025-11-15 12:00:00,140.22,142.27,140.0,141.72,65220.735617,9213534.39464806
2025-11-15 16:00:00,141.72,144.66,140.81,141.79,105178.837465,15008977.9650621
2025-11-15 20:00:00,141.79,141.97,138.62,139.6,88932.835674,12449781.89868116
2025-11-16 00:00:00,139.62,141.49,137.38,141.41,120425.906558,16797095.94967646
2025-11-16 04:00:00,141.4,142.47,140.69,142.31,79854.136734,11305955.52597549
2025-11-16 08:00:00,142.32,143.35,139.55,139.96,104836.798902,14875899.43006654
2025-11-16 12:00:00,139.97,140.87,137.13,137.49,167029.565449,23283410.70462391
2025-11-16 16:00:00,137.47,138.52,134.42,136.86,315800.883696,43071438.89023157
2025-11-16 20:00:00,136.84,138.16,134.91,137.19,209017.122496,28588877.29721953
2025-11-17 00:00:00,137.19,140.63,136.1,140.28,184801.906071,25670944.50803355
2025-11-17 04:00:00,140.29,141.86,139.68,141.33,108577.445611,15286572.31524714
2025-11-17 08:00:00,141.34,142.82,140.96,141.89,135601.559614,19223513.52545083
2025-11-17 12:00:00,141.89,143.32,136.85,137.17,418461.043853,58485735.67108242
2025-11-17 16:00:00,137.17,137.22,129.27,129.65,550087.738406,72952122.57972187
2025-11-17 20:00:00,129.66,131.95,128.81,131.0,257742.258034,33644863.01686315
2025-11-18 00:00:00,131.0,135.26,129.01,134.52,595724.394891,78805609.08400993
2025-11-18 04:00:00,134.52,137.85,132.52,136.95,471853.143031,63960002.13894034
2025-11-18 08:00:00,136.96,139.12,136.48,137.85,182237.682915,25108512.67355279
2025-11-18 12:00:00,137.86,142.14,136.84,139.69,324558.365978,45144786.36065938
2025-11-18 16:00:00,139.71,142.13,138.78,141.45,181147.078063,25474985.32729532
2025-11-18 20:00:00,141.45,142.12,139.68,140.7,68639.233776,9678502.84660527
2025-11-19 00:00:00,140.7,142.83,139.29,139.82,205713.156153,28943867.81105721
2025-11-19 04:00:00,139.82,141.18,137.1,140.58,245453.87801,34093801.37218629
2025-11-19 08:00:00,140.57,141.04,138.38,138.58,98058.646021,13696584.1055719
2025-11-19 12:00:00,138.58,139.22,134.37,134.61,246536.528219,33731129.97663292
2025-11-19 16:00:00,134.59,135.44,130.55,131.74,239162.149757,31723039.47919895
2025-11-19 20:00:00,131.76,137.1,131.36,137.08,206664.915041,27814011.9272487
2025-11-20 00:00:00,137.07,144.45,136.36,143.19,350559.534277,49654903.91666718
2025-11-20 04:00:00,143.19,144.8,142.17,143.8,209042.521577,29986424.20300197
2025-11-20 08:00:00,143.81,143.98,141.13,142.14,153227.558614,21806879.19201997
2025-11-20 12:00:00,142.13,143.44,138.36,138.58,271725.854102,38299651.88328616
2025-11-20 16:00:00,138.58,138.74,131.15,133.92,713525.417152,95059272.49927446
2025-11-20 20:00:00,133.92,136.66,132.66,133.65,240105.756975,32283650.55901499
2025-11-21 00:00:00,133.66,135.08,131.0,132.65,223270.049961,29774545.83532295
2025-11-21 04:00:00,132.63,133.12,121.35,127.56,784907.409683,99695830.50512175
2025-11-21 08:00:00,127.56,129.44,123.81,124.35,420796.379511,53280755.15577581
2025-11-21 12:00:00,124.34,129.58,121.61,125.41,606785.657132,76713070.75897175
2025-11-21 16:00:00,125.41,130.61,123.59,128.13,346364.469623,44156404.03346636
2025-11-21 20:00:00,128.13,129.35,125.12,128.68,204678.805408,26054602.61506452
2025-11-22 00:00:00,128.68,129.92,126.85,127.15,133512.45333,17149541.19082186
2025-11-22 04:00:00,127.15,128.36,125.36,127.72,119951.2808,15203609.2746421
2025-11-22 08:00:00,127.72,127.73,125.3,126.7,107583.687779,13592279.09010491
2025-11-22 12:00:00,126.7,127.77,125.12,127.11,104345.833299,13192437.85973522
2025-11-22 16:00:00,127.13,128.6,126.8,127.2,81071.928146,10354989.89093689
2025-11-22 20:00:00,127.2,128.91,126.12,127.59,63268.986994,8060482.5036643
2025-11-23 00:00:00,127.59,130.82,127.57,129.94,133869.26601,17337574.55842275
2025-11-23 04:00:00,129.94,131.91,128.12,128.86,154534.030883,20095714.39642923
2025-11-23 08:00:00,128.86,130.86,128.83,129.77,93275.184276,12107106.212286
2025-11-23 12:00:00,129.77,133.12,129.68,132.91,165835.488525,21798601.64455789
2025-11-23 16:00:00,132.89,133.51,130.86,132.38,110184.013921,14573149.46128479
2025-11-23 20:00:00,132.39,133.54,130.5,130.58,82176.622737,10847109.18625259
2025-11-24 00:00:00,130.58,134.42,129.32,133.44,165483.792184,21868956.54123191
2025-11-24 04:00:00,133.44,133.92,130.2,130.34,182210.968625,24000814.34802674
2025-11-24 08:00:00,130.33,130.75,128.44,129.63,143355.23363,18573133.38451812
2025-11-24 12:00:00,129.61,132.61,128.53,131.96,200882.456606,26207403.98487787
2025-11-24 16:00:00,131.96,138.0,131.84,137.24,313165.228975,42425753.06719929
2025-11-24 20:00:00,137.25,139.84,137.25,138.42,191191.519512,26524163.13172634
2025-11-25 00:00:00,138.42,139.0,137.24,137.81,105895.24943,14617851.79907668
2025-11-25 04:00:00,137.81,138.95,136.31,136.34,95622.161059,13178702.11594992
2025-11-25 08:00:00,136.35,136.86,134.76,136.3,107102.259893,14567713.24303947
2025-11-25 12:00:00,136.3,136.98,133.12,134.86,272607.522242,36848745.84982684
2025-11-25 16:00:00,134.86,138.0,134.23,136.7,127428.029167,17371285.30066788
2025-11-25 20:00:00,136.7,140.53,136.0,138.96,151517.937402,20955463.78478837
2025-11-26 00:00:00,138.97,140.69,137.94,138.16,111874.075202,15577742.89128781
2025-11-26 04:00:00,138.16,139.95,137.75,139.89,78107.544423,10844047.96413892
2025-11-26 08:00:00,139.88,139.92,136.21,136.87,144241.692148,19798066.05079713
2025-11-26 12:00:00,136.86,138.31,135.53,136.67,206961.433916,28271209.59635945
2025-11-26 16:00:00,136.68,144.76,136.47,143.99,334977.301106,47439464.61493994
2025-11-26 20:00:00,143.99,144.23,142.5,143.03,101496.789462,14541731.95010811
2025-11-27 00:00:00,143.01,144.08,142.04,142.53,157019.92772,22475371.39515294
2025-11-27 04:00:00,142.54,144.24,142.31,143.76,69432.878941,9950563.14740581
2025-11-27 08:00:00,143.76,143.89,141.52,142.06,93493.955721,13302771.60737709
2025-11-27 12:00:00,142.06,142.56,140.71,142.18,87779.933727,12423680.43383652
2025-11-27 16:00:00,142.17,143.15,141.42,142.72,81478.078289,11579151.4166011
2025-11-27 20:00:00,142.71,142.9,140.47,140.85,70807.168634,10029881.00640449
2025-11-28 00:00:00,140.85,141.45,138.6,139.68,103605.518888,14469927.57705468
2025-11-28 04:00:00,139.68,140.55,138.95,138.98,87805.097458,12282120.2209552
2025-11-28 08:00:00,138.98,142.65,138.94,141.0,143083.931677,20191697.56185743
2025-11-28 12:00:00,140.98,143.64,140.45,141.63,209680.676092,29830728.56061178
2025-11-28 16:00:00,141.63,141.65,136.0,137.53,207865.047841,28728581.23938949
2025-11-28 20:00:00,137.53,138.3,136.63,137.34,54376.097711,7474624.33739587
2025-11-29 00:00:00,137.33,137.88,136.79,136.85,39095.11563,5368698.90972151
2025-11-29 04:00:00,136.86,137.73,136.25,137.29,73161.184593,10033776.61813133
2025-11-29 08:00:00,137.28,137.5,136.42,137.35,61577.615272,8431798.79371773
2025-11-29 12:00:00,137.34,137.66,136.5,137.55,36825.784367,5047205.55731018
2025-11-29 16:00:00,137.55,138.04,134.8,135.69,108546.145639,14800085.48642588
2025-11-29 20:00:00,135.69,136.52,135.34,135.93,55194.055939,7502960.06060246
2025-11-30 00:00:00,135.94,136.79,135.26,136.4,51549.745432,7017163.62187102
2025-11-30 04:00:00,136.42,136.94,135.54,136.51,50477.519362,6879297.98000432
2025-11-30 08:00:00,136.52,137.11,136.15,136.44,43944.231532,6005895.76083844
2025-11-30 12:00:00,136.45,140.17,136.19,138.36,163394.662031,22646063.18655438
2025-11-30 16:00:00,138.36,139.83,137.41,137.64,100818.40184,13974426.43278468
2025-11-30 20:00:00,137.64,137.99,133.27,133.46,125673.011178,17058994.71313466
2025-12-01 00:00:00,133.46,133.74,126.53,126.99,425032.540914,54963092.93603056
2025-12-01 04:00:00,126.99,127.45,125.83,127.4,105027.651551,13296419.96517084
2025-12-01 08:00:00,127.39,128.02,126.87,127.12,90856.081566,11566129.57002317
2025-12-01 12:00:00,127.12,127.71,123.14,125.12,281016.246863,35268580.66764627
2025-12-01 16:00:00,125.12,125.34,123.28,123.85,167916.731673,20863606.95744681
2025-12-01 20:00:00,123.84,127.42,123.82,126.63,183769.869108,23131235.78553159
2025-12-02 00:00:00,126.65,128.54,126.0,127.26,111581.103304,14192331.0403371
2025-12-02 04:00:00,127.24,127.88,126.41,127.3,107661.889227,13689221.71546654
2025-12-02 08:00:00,127.3,128.83,126.0,128.3,174592.023607,22168910.78932744
2025-12-02 12:00:00,128.3,139.72,128.19,137.81,454265.940588,60869116.42728716
2025-12-02 16:00:00,137.82,140.9,137.38,140.26,317395.222318,44240895.94518403
2025-12-02 20:00:00,140.26,140.38,138.23,138.69,161092.564859,22404374.5415699
2025-12-03 00:00:00,138.69,140.65,137.77,140.34,163941.034969,22817734.80853274
2025-12-03 04:00:00,140.34,144.29,140.21,141.86,213801.087946,30444480.92850867
2025-12-03 08:00:00,141.87,142.68,140.72,141.73,95117.04061,13483875.56948175
2025-12-03 12:00:00,141.73,143.53,138.78,140.99,211162.493607,29806006.45876866
2025-12-03 16:00:00,141.0,142.36,139.83,141.26,138943.195844,19622865.11058765
2025-12-03 20:00:00,141.28,146.11,140.76,144.66,233673.978258,33678099.28824095
2025-12-04 00:00:00,144.66,146.91,143.66,144.66,145228.680019,21081018.95183473
2025-12-04 04:00:00,144.67,144.88,142.63,143.46,98656.056633,14174227.32345519
2025-12-04 08:00:00,143.46,144.18,142.7,143.05,72527.931303,10398958.06960101
2025-12-04 12:00:00,143.05,144.32,141.45,143.21,177089.848907,25284271.47551002
2025-12-04 16:00:00,143.21,143.84,137.77,139.67,169427.298083,23846663.92581421
2025-12-04 20:00:00,139.68,140.5,138.55,139.01,101476.560722,14161562.30771609
2025-12-05 00:00:00,139.02,140.22,138.32,138.56,82358.473491,11484727.95878827
2025-12-05 04:00:00,138.55,140.72,137.75,139.66,129788.78441,18061621.19629754
2025-12-05 08:00:00,139.66,139.66,136.16,137.02,149535.291625,20559131.86543233
2025-12-05 12:00:00,137.02,137.21,134.43,135.04,231779.753027,31521426.59248524
2025-12-05 16:00:00,135.05,135.2,130.72,132.5,248390.505881,32907575.68646033
2025-12-05 20:00:00,132.5,133.36,131.97,133.3,60095.769558,7969265.66172315
2025-12-06 00:00:00,133.29,134.12,132.81,133.74,67494.682611,9005472.19854616
2025-12-06 04:00:00,133.73,133.75,132.56,132.72,42950.893594,5719418.58622311
2025-12-06 08:00:00,132.73,133.28,131.88,133.23,37848.09726,5020127.46168177
2025-12-06 12:00:00,133.22,134.0,132.24,132.86,82633.191512,11002213.26632979
2025-12-06 16:00:00,132.88,133.54,131.79,132.08,69011.953591,9160820.29001691
2025-12-06 20:00:00,132.07,132.92,131.31,132.21,41906.604419,5536285.66124078
2025-12-07 00:00:00,132.21,133.58,131.95,133.49,33599.375021,4459931.93902033
2025-12-07 04:00:00,133.5,133.54,131.93,132.12,31687.995286,4207494.55086716
2025-12-07 08:00:00,132.11,132.58,131.56,132.42,36962.530474,4884217.66595372
2025-12-07 12:00:00,132.42,133.07,127.7,132.02,236706.495458,30774764.89351025
2025-12-07 16:00:00,132.02,136.29,130.5,135.72,169946.920856,22779440.89990646
2025-12-07 20:00:00,135.74,136.38,129.78,132.27,158806.585679,21113084.32005771
2025-12-08 00:00:00,132.27,134.69,131.52,134.31,123195.374778,16417998.10943575
2025-12-08 04:00:00,134.31,135.99,134.05,135.85,99064.644123,13399519.00086216
2025-12-08 08:00:00,135.85,139.35,135.63,138.38,153565.83281,21199162.13448477
2025-12-08 12:00:00,138.38,139.33,135.25,135.55,228150.453678,31348451.15944717
2025-12-08 16:00:00,135.55,136.55,133.0,133.66,161636.884299,21817066.11467664
2025-12-08 20:00:00,133.65,134.92,132.41,133.26,162117.098199,21697324.55383878
2025-12-09 00:00:00,133.26,134.4,132.5,134.17,101170.160107,13481204.24575514
2025-12-09 04:00:00,134.19,134.28,131.79,133.23,106528.529762,14155402.08501715
2025-12-09 08:00:00,133.23,133.44,132.04,132.96,62944.906597,8356655.85582593
2025-12-09 12:00:00,132.95,138.49,131.61,138.44,204720.576321,27537621.0088554
2025-12-09 16:00:00,138.44,144.95,138.44,142.12,534431.331477,76183238.14487803
2025-12-09 20:00:00,142.11,142.35,136.75,137.89,173748.389022,24174508.8719434
2025-12-10 00:00:00,137.88,138.6,137.19,138.16,98240.976639,13539086.51304106
2025-12-10 04:00:00,138.16,140.23,138.05,139.19,116671.290527,16229401.75029272
2025-12-10 08:00:00,139.2,139.83,136.34,137.22,186799.936021,25777662.59029151
2025-12-10 12:00:00,137.22,138.17,135.71,136.15,138089.300401,18925224.78947538
2025-12-10 16:00:00,136.15,139.63,135.74,138.66,468030.310112,64414668.56117211
2025-12-10 20:00:00,138.67,142.64,135.29,136.25,334593.538527,46464875.55018429
2025-12-11 00:00:00,136.25,136.42,129.01,129.4,392745.297389,51899718.47098105
2025-12-11 04:00:00,129.39,131.53,129.05,131.02,166851.083875,21786587.35159012
2025-12-11 08:00:00,131.03,131.4,130.18,130.92,68015.409484,8899747.53171343
2025-12-11 12:00:00,130.92,132.81,129.85,131.19,159663.887515,20923875.38039609
2025-12-11 16:00:00,131.18,135.56,130.13,133.89,211587.659887,28217146.84712969
2025-12-11 20:00:00,133.89,137.8,133.81,136.44,313860.920716,42847104.20070205
2025-12-12 00:00:00,136.44,137.95,135.37,137.09,148940.864289,20358700.38751813
2025-12-12 04:00:00,137.08,140.15,136.58,139.1,221317.884672,30707018.25999946
2025-12-12 08:00:00,139.09,139.15,137.25,138.73,113696.764723,15705129.95564728
2025-12-12 12:00:00,138.73,139.84,132.85,133.48,278574.387523,38017182.15454153
2025-12-12 16:00:00,133.48,133.99,130.32,131.26,341433.041472,45175519.24706778
2025-12-12 20:00:00,131.25,133.04,131.01,132.26,93738.652095,12380912.568517
2025-12-13 00:00:00,132.27,133.02,132.27,132.88,46767.977745,6207337.82582024
2025-12-13 04:00:00,132.89,133.02,132.34,132.95,35359.885775,4693933.58057939
2025-12-13 08:00:00,132.95,134.27,132.95,133.31,91312.759652,12208545.47262706
2025-12-13 12:00:00,133.3,133.68,132.62,133.28,75198.553957,10014556.86712919
2025-12-13 16:00:00,133.28,133.83,132.06,132.75,71916.497459,9527804.84785555
2025-12-13 20:00:00,132.74,133.26,131.61,133.14,48460.371121,6424530.21775505
2025-12-14 00:00:00,133.14,133.66,132.71,132.95,46962.556076,6257867.93313358
2025-12-14 04:00:00,132.96,133.39,132.11,133.26,48967.925681,6499438.70561747
2025-12-14 08:00:00,133.26,133.5,130.14,131.47,159651.03479,21035948.03206353
2025-12-14 12:00:00,131.48,131.9,130.31,130.68,98046.365412,12860664.05222671
2025-12-14 16:00:00,130.67,131.61,129.4,130.31,73173.07198,9534235.29552466
2025-12-14 20:00:00,130.31,130.85,127.91,129.4,106732.339867,13810732.54881964
2025-12-15 00:00:00,129.39,133.23,129.31,131.18,136049.984445,17858368.46571424
2025-12-15 04:00:00,131.19,132.7,130.88,132.35,59366.719913,7828795.56575694
2025-12-15 08:00:00,132.35,133.03,132.06,132.28,64237.066567,8515809.31568693
2025-12-15 12:00:00,132.28,135.5,126.44,126.9,544449.404508,71077237.9700563
2025-12-15 16:00:00,126.9,127.29,123.62,124.99,284755.912589,35763212.65420733
2025-12-15 20:00:00,125.01,127.89,123.9,127.84,132690.49433,16730238.34143361
2025-12-16 00:00:00,127.83,128.04,124.93,126.52,116307.6122,14723408.16568821
2025-12-16 04:00:00,126.52,127.48,124.88,125.58,89357.571475,11278604.53435525
2025-12-16 08:00:00,125.59,129.06,125.45,128.62,127873.309046,16354070.88671213
2025-12-16 12:00:00,128.62,130.16,126.14,129.75,282822.180138,36295268.07223775
2025-12-16 16:00:00,129.75,129.86,126.77,127.74,97736.249513,12510538.4461648
2025-12-16 20:00:00,127.73,129.52,127.46,129.17,49995.112585,6421587.90962339
2025-12-17 00:00:00,129.18,129.83,128.22,128.27,65897.594953,8497920.60445835
2025-12-17 04:00:00,128.27,128.59,127.04,128.29,67176.046075,8587778.48278452
2025-12-17 08:00:00,128.29,128.29,125.96,127.6,70240.4792,8914734.78572138
2025-12-17 12:00:00,127.61,134.0,126.61,126.77,511556.332578,66669558.19052256
2025-12-17 16:00:00,126.75,128.07,121.39,122.41,479454.878884,59402500.01764511
2025-12-17 20:00:00,122.42,123.78,122.0,123.26,121231.049395,14901496.06872599
2025-12-18 00:00:00,123.27,124.14,123.01,123.66,96798.424544,11960257.84579518
2025-12-18 04:00:00,123.66,124.13,122.22,122.83,106116.61938,13050763.95932148
2025-12-18 08:00:00,122.85,124.14,122.45,124.04,84071.067365,10378955.43212749
2025-12-18 12:00:00,124.04,129.03,123.66,127.4,518920.011336,65598319.79356371
2025-12-18 16:00:00,127.41,127.5,117.44,117.58,605165.888667,73644858.33044007
2025-12-18 20:00:00,117.57,120.19,116.85,119.6,276946.144169,32831175.68538878
2025-12-19 00:00:00,119.62,122.52,117.62,121.58,255783.483926,30605074.29568209
2025-12-19 04:00:00,121.59,125.37,121.35,124.45,285070.966144,35087018.26493097
2025-12-19 08:00:00,124.43,125.76,123.88,125.37,134955.944056,16847434.81765489
2025-12-19 12:00:00,125.37,127.65,124.68,125.07,284228.091519,35776855.40955002
2025-12-19 16:00:00,125.07,127.02,123.61,126.27,162405.858651,20337203.52917604
2025-12-19 20:00:00,126.25,127.89,126.09,126.27,84581.759645,10735658.13217498
2025-12-20 00:00:00,126.29,126.5,125.31,126.2,41697.136778,5249626.4052201
2025-12-20 04:00:00,126.21,126.66,125.87,126.17,47064.037756,5943005.38149467
2025-12-20 08:00:00,126.17,126.9,125.9,126.48,44216.454409,5590491.51477041
2025-12-20 12:00:00,126.49,126.66,125.46,126.57,62720.647008,7903184.24925638
2025-12-20 16:00:00,126.57,126.71,125.76,126.06,21044.825627,2656254.76945451
2025-12-20 20:00:00,126.06,126.55,125.64,125.82,25470.659301,3210263.06432653
2025-12-21 00:00:00,125.82,126.12,124.7,125.24,55601.924526,6972882.23990942
2025-12-21 04:00:00,125.24,125.54,125.1,125.31,29673.419023,3718431.9746319
2025-12-21 08:00:00,125.31,126.63,124.81,125.51,65841.383402,8288493.81817166
2025-12-21 12:00:00,125.51,126.09,123.42,125.04,117938.926379,14681231.46857404
2025-12-21 16:00:00,125.05,126.35,124.37,125.67,82038.582463,10280612.4956421
2025-12-21 20:00:00,125.67,126.3,124.7,126.03,31897.333716,4004935.93149799
2025-12-22 00:00:00,126.03,128.54,124.52,126.05,172073.227621,21737157.08418011
2025-12-22 04:00:00,126.05,126.74,125.57,126.33,66992.73534,8460836.69055432
2025-12-22 08:00:00,126.31,127.47,125.5,127.01,125871.761471,15924948.6621337
2025-12-22 12:00:00,127.01,128.78,126.32,128.08,217445.191169,27693668.31998427
2025-12-22 16:00:00,128.09,128.37,124.64,124.67,136097.39816,17243758.43771537
2025-12-22 20:00:00,124.68,126.03,124.21,125.92,131711.02279,16464801.70628965
2025-12-23 00:00:00,125.94,126.91,124.91,125.67,86508.140542,10905783.15140321
2025-12-23 04:00:00,125.67,126.09,123.79,124.22,127379.100497,15877860.56854378
2025-12-23 08:00:00,124.23,125.23,123.96,124.87,58040.289237,7226070.86640434
2025-12-23 12:00:00,124.86,124.93,122.15,123.37,208545.943328,25712220.8454214
2025-12-23 16:00:00,123.37,124.91,122.78,123.99,145497.4705,18033769.96840675
2025-12-23 20:00:00,123.98,125.65,123.46,124.01,70348.464711,8741677.39612407
2025-12-24 00:00:00,124.01,124.3,121.77,122.73,95214.423813,11703836.31821246
2025-12-24 04:00:00,122.73,123.07,120.63,121.32,97415.137743,11847271.2130411
2025-12-24 08:00:00,121.32,122.24,121.12,122.06,60503.796559,7362797.41891393
2025-12-24 12:00:00,122.06,122.94,120.7,122.75,93526.587464,11404806.54737049
2025-12-24 16:00:00,122.74,123.46,121.81,122.88,86116.494314,10554261.01809384
2025-12-24 20:00:00,122.88,123.4,122.48,122.53,46395.108052,5704194.44868332
2025-12-25 00:00:00,122.54,123.14,122.09,122.69,43265.270959,5304001.69359121
2025-12-25 04:00:00,122.7,122.86,122.11,122.29,38014.55536,4653426.01098798
2025-12-25 08:00:00,122.29,122.65,121.31,121.66,59257.741783,7220343.96879541
2025-12-25 12:00:00,121.66,124.07,121.6,123.67,87896.286851,10793243.48071482
2025-12-25 16:00:00,123.68,124.44,122.8,123.47,109608.087152,13556493.41745517
2025-12-25 20:00:00,123.47,123.51,119.76,120.07,134092.854764,16275120.41703071
2025-12-26 00:00:00,120.06,124.34,119.24,122.68,282864.018225,34573668.98634029
2025-12-26 04:00:00,122.68,123.97,121.78,122.71,94710.909407,11653348.54205085
2025-12-26 08:00:00,122.72,124.11,122.31,123.84,78163.248636,9649944.61574023
2025-12-26 12:00:00,123.84,125.12,120.48,121.56,214773.678484,26351831.11149785
2025-12-26 16:00:00,121.57,122.39,121.18,122.18,78297.386882,9542349.32369013
2025-12-26 20:00:00,122.18,122.66,121.82,122.27,41994.393781,5136322.45693381
2025-12-27 00:00:00,122.28,123.84,121.89,123.67,51748.013232,6349099.75723996
2025-12-27 04:00:00,123.67,123.74,122.79,123.17,52833.558281,6506075.40155005
2025-12-27 08:00:00,123.17,123.34,122.53,122.99,23529.068919,2893625.22995145
2025-12-27 12:00:00,123.0,123.69,122.74,123.32,30747.096307,3788341.57789027
2025-12-27 16:00:00,123.32,123.45,122.77,123.28,25954.513376,3196403.87327904
2025-12-27 20:00:00,123.28,125.09,123.28,124.72,88451.809626,10990394.1083258
2025-12-28 00:00:00,124.73,124.89,123.91,124.13,32536.42725,4043035.17114093
2025-12-28 04:00:00,124.13,124.38,123.65,124.24,29774.822741,3693491.27898603
2025-12-28 08:00:00,124.25,124.84,123.99,124.65,39122.570672,4868402.05903704
2025-12-28 12:00:00,124.66,125.01,124.3,124.42,43490.337535,5421023.41373293
2025-12-28 16:00:00,124.43,124.8,123.09,123.31,52742.743678,6531230.86216036
2025-12-28 20:00:00,123.31,125.64,123.11,125.27,62197.077874,7739802.47076412
2025-12-29 00:00:00,125.27,130.16,125.0,128.58,380048.53426,48654118.92698094
2025-12-29 04:00:00,128.58,129.2,127.22,127.88,175333.445919,22481440.29327415
2025-12-29 08:00:00,127.89,128.53,125.05,125.1,177005.81177,22409900.45496954
2025-12-29 12:00:00,125.1,125.41,122.3,123.45,357529.0529,44204392.4156627
2025-12-29 16:00:00,123.43,123.97,122.65,123.07,111700.906227,13775046.78675212
2025-12-29 20:00:00,123.07,123.61,122.87,123.27,47349.832128,5838643.85499298
2025-12-30 00:00:00,123.27,123.92,122.6,123.78,59785.72984,7361642.43093555
2025-12-30 04:00:00,123.78,124.33,123.2,124.01,60171.402681,7456343.71725157
2025-12-30 08:00:00,124.02,125.14,123.99,124.29,95936.633957,11960921.00644266
2025-12-30 12:00:00,124.29,125.37,123.55,125.16,141144.689439,17569282.45196928
2025-12-30 16:00:00,125.16,126.64,123.79,124.72,159299.605018,19937065.7676608
2025-12-30 20:00:00,124.71,125.14,123.52,125.01,64832.602943,8062210.56901941
2025-12-31 00:00:00,125.02,126.11,124.43,125.81,119010.037018,14929962.92468308
2025-12-31 04:00:00,125.82,126.09,125.39,125.99,92589.576158,11641048.58340485
2025-12-31 08:00:00,125.98,126.85,125.45,126.75,119540.067484,15082437.87056659
2025-12-31 12:00:00,126.72,127.46,125.01,125.6,162042.981256,20413842.73216832
2025-12-31 16:00:00,125.61,125.75,124.31,124.4,101043.733247,12629054.11010034
2025-12-31 20:00:00,124.4,125.19,123.5,124.66,137296.177893,17067152.11924832
2026-01-01 00:00:00,124.67,125.82,124.61,125.2,60466.704375,7575904.35057779
2026-01-01 04:00:00,125.2,125.33,124.25,124.27,32120.554454,4010705.76682276
2026-01-01 08:00:00,124.28,125.28,124.16,125.19,41769.008371,5214278.89635645
2026-01-01 12:00:00,125.19,125.26,124.42,124.94,69594.4045,8687824.82776897
2026-01-01 16:00:00,124.95,125.78,124.29,125.76,89966.775659,11251706.1860946
2026-01-01 20:00:00,125.76,127.25,125.3,126.87,94165.564852,11891830.75199207
2026-01-02 00:00:00,126.88,128.0,125.87,127.53,122911.580896,15597249.86279344
2026-01-02 04:00:00,127.54,127.73,126.75,127.15,59424.438984,7563709.48957741
2026-01-02 08:00:00,127.15,129.99,127.13,128.22,157047.264025,20221224.96529795
2026-01-02 12:00:00,128.21,129.65,126.84,128.98,136667.184389,17553328.98738566
2026-01-02 16:00:00,128.97,132.3,128.67,131.6,227822.688935,29852999.83932382
2026-01-02 20:00:00,131.62,133.27,130.83,132.29,99187.254834,13116367.40395826
2026-01-03 00:00:00,132.28,133.15,132.07,132.85,68850.122504,9129125.84622347
2026-01-03 04:00:00,132.84,132.92,129.64,130.12,109942.939529,14408947.74834444
2026-01-03 08:00:00,130.11,131.45,129.83,130.71,74039.592723,9678637.2497246
2026-01-03 12:00:00,130.7,132.16,130.5,131.48,85760.125973,11267255.75489587
2026-01-03 16:00:00,131.49,132.11,131.48,131.78,48342.961662,6373171.52172818
2026-01-03 20:00:00,131.79,133.97,131.34,133.35,69719.049831,9267170.72900933
2026-01-04 00:00:00,133.36,134.96,133.32,134.62,108100.879586,14505074.77518689
2026-01-04 04:00:00,134.62,134.99,133.67,133.83,80685.867524,10838725.47597652
2026-01-04 08:00:00,133.82,134.88,133.21,134.39,73243.411991,9819302.2538561
2026-01-04 12:00:00,134.38,135.34,133.75,134.9,95165.838723,12810203.30097739
2026-01-04 16:00:00,134.9,135.55,133.1,133.58,91465.737439,12290444.20407868
2026-01-04 20:00:00,133.58,134.85,133.4,134.1,68877.557377,9235112.55309902
2026-01-05 00:00:00,134.11,137.73,134.0,136.65,180986.268001,24662549.11218439
2026-01-05 04:00:00,136.65,136.79,134.64,135.43,107972.041152,14636197.33739446
2026-01-05 08:00:00,135.42,136.03,134.76,135.75,87735.202513,11884336.78516624
2026-01-05 12:00:00,135.75,136.47,133.17,136.12,276243.72492,37146796.46812863
2026-01-05 16:00:00,136.12,138.83,134.32,138.24,171171.86197,23396955.86858533
2026-01-05 20:00:00,138.23,139.88,137.75,137.9,118412.237237,16417589.54087138
2026-01-06 00:00:00,137.91,138.61,136.89,138.38,104748.312378,14426196.26088332
2026-01-06 04:00:00,138.38,140.04,137.36,137.61,173413.981322,24067572.80851457
2026-01-06 08:00:00,137.6,139.67,137.4,139.49,146989.881423,20328228.67284314
2026-01-06 12:00:00,139.5,143.47,138.72,141.61,315884.272917,44636561.40070541
2026-01-06 16:00:00,141.61,141.96,136.22,137.55,258542.786757,35804483.56831522
2026-01-06 20:00:00,137.56,141.98,137.52,141.08,140486.899304,19701052.92568112
2026-01-07 00:00:00,141.09,141.39,138.52,139.59,124348.019799,17376432.61178269
2026-01-07 04:00:00,139.59,139.72,138.2,139.39,90852.312853,12621657.31501083
2026-01-07 08:00:00,139.4,139.8,136.58,137.94,170847.544105,23555359.2278315
2026-01-07 12:00:00,137.94,138.51,135.27,135.7,190011.449801,26002456.05089989
2026-01-07 16:00:00,135.71,136.66,134.41,135.75,155948.560465,21142390.53959976
2026-01-07 20:00:00,135.75,137.06,135.01,136.39,102627.639268,13990075.96617206
2026-01-08 00:00:00,136.39,138.28,135.99,136.74,138672.890231,19028149.97023341
2026-01-08 04:00:00,136.75,138.31,133.77,135.88,210446.06239,28611855.55887465
2026-01-08 08:00:00,135.88,136.2,133.92,134.78,105040.457532,14168890.89268996
2026-01-08 12:00:00,134.78,136.53,132.69,136.41,210347.94028,28256687.26688062
2026-01-08 16:00:00,136.4,139.06,136.22,137.53,187518.199338,25828333.49804941
2026-01-08 20:00:00,137.51,140.04,136.52,138.37,133949.474224,18591084.10369149
2026-01-09 00:00:00,138.37,141.18,137.7,140.79,146972.615084,20467300.9399068
2026-01-09 04:00:00,140.8,141.07,139.46,139.54,91358.301921,12805704.72825255
2026-01-09 08:00:00,139.56,139.68,137.04,138.27,140407.432889,19441327.66281938
2026-01-09 12:00:00,138.28,140.87,136.22,138.81,229212.093426,31746112.22796414
2026-01-09 16:00:00,138.82,140.24,135.45,135.81,171356.767797,23610125.92315606
2026-01-09 20:00:00,135.8,136.47,134.97,135.98,101353.310833,13766248.7610173
2026-01-10 00:00:00,135.98,136.69,135.71,136.16,46924.918271,6390553.11374747
2026-01-10 04:00:00,136.16,136.35,135.76,136.11,35851.17226,4876163.79593275
2026-01-10 08:00:00,136.11,137.04,136.01,136.6,42942.568716,5862749.02621488
2026-01-10 12:00:00,136.6,137.02,136.01,136.43,33786.413819,4610040.30209362
2026-01-10 16:00:00,136.43,136.7,135.91,136.23,32543.776258,4433922.61632744
2026-01-10 20:00:00,136.23,136.3,135.4,135.86,42613.819662,5787053.43961287
2026-01-11 00:00:00,135.87,136.5,135.76,136.25,37833.715849,5151891.44348266
2026-01-11 04:00:00,136.27,136.41,135.88,136.2,48018.295484,6538267.76692278
2026-01-11 08:00:00,136.2,136.89,136.11,136.56,43415.418271,5928033.96819288
2026-01-11 12:00:00,136.56,139.58,136.5,138.43,125597.003561,17342552.34073759
2026-01-11 16:00:00,138.44,141.59,138.44,139.45,190402.32318,26659499.17297804
2026-01-11 20:00:00,139.44,139.75,137.53,139.69,108498.751055,15036231.37348314
2026-01-12 00:00:00,139.69,144.38,138.9,142.53,258918.717116,36733159.73280269
2026-01-12 04:00:00,142.55,143.33,141.36,141.41,109208.919808,15554442.89044133
2026-01-12 08:00:00,141.41,142.04,139.05,140.01,146351.120146,20498896.97848989
2026-01-12 12:00:00,140.02,142.75,138.71,142.59,172596.649994,24270054.54242445
2026-01-12 16:00:00,142.58,144.25,140.5,140.97,197620.025305,28134233.60471476
2026-01-12 20:00:00,141.01,141.84,138.34,139.23,122043.33694,17033466.77778825
2026-01-13 00:00:00,139.23,139.57,137.86,138.76,181034.471814,25114170.83355948
2026-01-13 04:00:00,138.75,140.75,138.4,139.97,114392.395166,15988181.78205049
2026-01-13 08:00:00,139.96,143.1,139.96,141.85,148043.710194,21000277.48738836
2026-01-13 12:00:00,141.85,143.82,141.24,143.51,264769.449536,37721728.98976998
2026-01-13 16:00:00,143.49,144.53,142.45,144.24,150533.497314,21600987.39953377
2026-01-13 20:00:00,144.25,148.71,143.04,145.53,346337.139048,50581188.71821783
2026-01-14 00:00:00,145.53,146.58,144.35,146.29,173342.797359,25226016.0892027
2026-01-14 04:00:00,146.29,146.45,143.95,144.86,114087.671727,16526299.84408975
2026-01-14 08:00:00,144.87,145.76,143.55,143.77,80563.963665,11658850.52979827
2026-01-14 12:00:00,143.76,147.55,143.39,147.07,181238.899079,26460905.77319664
2026-01-14 16:00:00,147.08,148.42,145.35,146.77,193177.525751,28404374.35484948
2026-01-14 20:00:00,146.78,147.74,145.83,146.7,123929.238561,18213607.55287782
2026-01-15 00:00:00,146.69,146.72,143.24,143.5,148400.536657,21490844.84512629
2026-01-15 04:00:00,143.48,145.28,143.32,145.01,74520.415805,10763626.53383126
2026-01-15 08:00:00,145.01,145.99,144.0,144.85,119207.494468,17307066.96302545
2026-01-15 12:00:00,144.84,145.65,141.81,143.52,183583.767455,26372083.23252396
2026-01-15 16:00:00,143.51,144.19,140.79,141.53,116813.072631,16641599.13566064
2026-01-15 20:00:00,141.53,142.68,141.03,142.42,44316.480188,6290368.44631449
2026-01-16 00:00:00,142.42,142.83,141.7,141.95,39340.721324,5596729.91192829
2026-01-16 04:00:00,141.96,143.58,141.41,142.94,98475.295757,14048169.25181317
2026-01-16 08:00:00,142.94,143.53,142.7,143.13,53170.630069,7609742.40276206
2026-01-16 12:00:00,143.12,143.84,140.27,140.78,140419.073779,20008015.05510771
2026-01-16 16:00:00,140.79,144.52,140.66,144.18,103520.190145,14766837.41111332
2026-01-16 20:00:00,144.17,145.59,143.49,144.92,83019.578741,12028260.51103743
2026-01-17 00:00:00,144.92,145.0,144.19,144.36,61760.700348,8925670.04551284
2026-01-17 04:00:00,144.36,144.48,143.64,143.64,36059.129915,5192811.6626705
2026-01-17 08:00:00,143.64,144.64,143.33,144.0,72558.486559,10452018.00596716
2026-01-17 12:00:00,144.0,144.35,143.59,144.33,69201.643748,9957727.50027943
2026-01-17 16:00:00,144.32,144.53,143.66,144.27,46931.8443,6763072.85854049
2026-01-17 20:00:00,144.26,144.58,143.51,143.7,40962.240565,5899197.3792098
2026-01-18 00:00:00,143.73,143.99,141.99,142.83,111146.783373,15873905.80116397
2026-01-18 04:00:00,142.83,143.03,142.06,142.14,41574.333741,5929435.20949619
2026-01-18 08:00:00,142.14,142.66,141.95,142.43,50107.813191,7130976.47900116
2026-01-18 12:00:00,142.42,142.78,141.51,142.0,58668.420066,8343157.3537841
2026-01-18 16:00:00,142.0,143.24,141.76,142.28,61725.484977,8789619.16098606
2026-01-18 20:00:00,142.28,143.03,137.77,137.88,160614.257261,22553901.42198296
2026-01-19 00:00:00,137.87,137.87,130.0,133.93,675933.354057,90310146.74826711
2026-01-19 04:00:00,133.94,134.1,132.71,133.46,108354.385564,14463917.6079091
2026-01-19 08:00:00,133.46,134.37,133.29,134.12,76426.409464,10226885.36554775
2026-01-19 12:00:00,134.12,134.19,133.28,133.54,68622.675224,9176751.61602775
2026-01-19 16:00:00,133.54,134.7,133.48,134.45,55487.5225,7445957.90882281
2026-01-19 20:00:00,134.44,135.15,132.74,133.46,73928.457325,9897324.84144898
2026-01-20 00:00:00,133.46,134.63,133.08,134.26,79933.393446,10697811.52003966
2026-01-20 04:00:00,134.26,134.27,130.58,130.64,168157.751178,22233719.19460136
2026-01-20 08:00:00,130.64,130.82,128.38,128.81,236182.69181,30552944.0788246
2026-01-20 12:00:00,128.81,129.78,127.25,127.86,199505.847796,25637973.75265993
2026-01-20 16:00:00,127.86,128.58,126.31,127.24,137663.264826,17511146.40927667
2026-01-20 20:00:00,127.24,128.09,124.67,125.8,114743.698403,14503413.1837232
2026-01-21 00:00:00,125.81,127.85,125.75,127.61,78150.39633,9933609.48686109
2026-01-21 04:00:00,127.61,128.75,127.45,127.6,64219.392552,8229329.15394599
2026-01-21 08:00:00,127.61,128.19,126.81,126.94,81156.697531,10345759.00723581
2026-01-21 12:00:00,126.94,131.19,126.17,130.44,198265.72175,25502840.84276947
2026-01-21 16:00:00,130.44,131.68,125.26,131.49,266034.665485,34060173.38653846
2026-01-21 20:00:00,131.49,132.15,129.18,129.53,107341.709985,14047696.70081335
2026-01-22 00:00:00,129.55,130.61,129.55,129.85,54483.894824,7089217.12954099
2026-01-22 04:00:00,129.85,130.47,129.74,129.79,42250.231017,5496345.57841354
2026-01-22 08:00:00,129.8,130.41,129.33,130.11,53320.847999,6928154.84184734
2026-01-22 12:00:00,130.11,130.95,126.75,127.42,143957.315082,18516040.12077393
2026-01-22 16:00:00,127.42,129.38,126.93,129.26,153511.794246,19662825.52225921
2026-01-22 20:00:00,129.25,129.76,128.03,128.48,67889.686835,8737086.36213464
2026-01-23 00:00:00,128.49,128.97,128.09,128.74,45843.946177,5890094.15920656
2026-01-23 04:00:00,128.74,129.28,127.25,127.9,105882.187547,13605766.44764892
2026-01-23 08:00:00,127.91,128.0,126.95,127.54,63644.728428,8105510.84513984
2026-01-23 12:00:00,127.54,128.12,125.29,127.92,119026.992257,15070731.55453894
2026-01-23 16:00:00,127.92,130.2,127.47,128.07,198194.604088,25528499.8766445
2026-01-23 20:00:00,128.1,128.26,126.54,127.44,70734.793423,9003775.36453258
2026-01-24 00:00:00,127.44,128.12,127.29,127.9,32826.971301,4189845.67897145
2026-01-24 04:00:00,127.91,128.1,127.04,127.13,32224.520144,4110508.1225393
2026-01-24 08:00:00,127.13,127.4,126.95,127.18,30889.924867,3927821.2522819
2026-01-24 12:00:00,127.17,127.43,126.81,126.85,48962.844658,6224268.08870185
2026-01-24 16:00:00,126.86,127.5,126.66,127.3,38873.678836,4943896.22709422
2026-01-24 20:00:00,127.31,127.76,127.11,127.2,32879.459593,4188145.44503342
2026-01-25 00:00:00,127.21,127.46,126.35,126.65,56213.330835,7138728.90350592
2026-01-25 04:00:00,126.65,127.01,126.37,126.48,37926.101902,4805241.03725971
2026-01-25 08:00:00,126.48,127.19,125.99,126.77,57591.913837,7293642.94364993
2026-01-25 12:00:00,126.77,127.12,125.48,125.59,73732.961842,9316452.39605535
2026-01-25 16:00:00,125.59,125.59,117.16,117.97,571533.203841,69306305.82895134
2026-01-25 20:00:00,117.96,119.43,117.45,118.86,349269.759274,41308137.9276466
2026-01-26 00:00:00,118.86,122.76,118.56,121.56,182727.05331,22117103.69416011
2026-01-26 04:00:00,121.57,123.58,121.57,122.91,102934.534098,12624180.2293759
2026-01-26 08:00:00,122.9,123.58,121.7,122.51,107317.875763,13157511.91297366
2026-01-26 12:00:00,122.51,125.23,122.37,123.53,212435.156587,26254587.57061587
2026-01-26 16:00:00,123.54,125.6,123.05,124.33,218341.23587,27143488.43184629
2026-01-26 20:00:00,124.33,124.87,123.41,124.24,80103.35963,9954254.94129881
2026-01-27 00:00:00,124.24,125.17,123.74,124.52,82714.936782,10304428.71869999
2026-01-27 04:00:00,124.51,125.14,124.01,124.51,55365.850211,6888418.89032025
2026-01-27 08:00:00,124.51,124.79,123.6,124.14,68771.065938,8530143.55701098
2026-01-27 12:00:00,124.13,125.05,123.14,125.02,115527.522663,14322460.97142089
2026-01-27 16:00:00,125.02,126.8,123.57,125.85,202190.926184,25350009.62539622
2026-01-27 20:00:00,125.85,127.84,125.73,127.18,108546.517814,13801753.34130828
2026-01-28 00:00:00,127.18,127.51,126.65,126.97,73013.014742,9274064.87046124
2026-01-28 04:00:00,126.97,127.52,126.39,127.09,62254.802338,7898561.94907202
2026-01-28 08:00:00,127.1,128.33,125.98,128.19,116982.713966,14899486.41630094
2026-01-28 12:00:00,128.15,128.23,125.52,126.08,147099.009513,18668592.42460026
2026-01-28 16:00:00,126.08,127.03,125.28,126.02,117544.92155,14816926.23983021
2026-01-28 20:00:00,126.01,126.67,124.8,125.36,100750.700856,12654334.47568588
2026-01-29 00:00:00,125.36,125.5,122.68,123.07,157536.339197,19506809.22567894
2026-01-29 04:00:00,123.07,123.99,122.5,123.79,77819.00345,9609089.05774122
2026-01-29 08:00:00,123.79,123.96,122.7,122.77,63960.819273,7876203.45136026
2026-01-29 12:00:00,122.77,123.2,116.12,117.7,434466.321321,51748195.22284634
2026-01-29 16:00:00,117.69,119.98,115.38,116.83,452416.316504,52983576.42389351
2026-01-29 20:00:00,116.83,117.92,116.57,117.81,136689.766437,16033378.83512671
2026-01-30 00:00:00,117.82,118.24,111.9,114.42,639117.533896,73183735.9007544
2026-01-30 04:00:00,114.42,116.14,113.01,115.79,189121.588726,21758887.39460686
2026-01-30 08:00:00,115.79,117.28,114.67,117.09,130890.967558,15150836.46027161
2026-01-30 12:00:00,117.08,117.77,114.58,116.84,249311.359937,28996238.06204189
2026-01-30 16:00:00,116.8,119.12,114.35,118.28,332839.121105,39049721.10937647
2026-01-30 20:00:00,118.28,118.46,116.54,117.6,183037.549288,21485279.57659448
2026-01-31 00:00:00,117.61,118.63,117.4,118.39,74686.114064,8812568.02229508
2026-01-31 04:00:00,118.39,118.85,117.21,117.39,82258.011867,9724464.27822804
2026-01-31 08:00:00,117.4,117.55,114.29,116.06,252858.508694,29228591.67048772
2026-01-31 12:00:00,116.06,116.19,108.24,108.67,605235.361917,67037032.85934243
2026-01-31 16:00:00,108.67,109.84,96.42,101.76,1513337.204792,155848684.60506925
2026-01-31 20:00:00,101.77,106.53,100.39,105.55,518583.430378,53669179.36465936
2026-02-01 00:00:00,105.55,106.41,104.21,104.97,190858.844729,20100693.14792299
2026-02-01 04:00:00,104.97,106.0,103.96,105.21,130570.991345,13715274.59194997
2026-02-01 08:00:00,105.21,106.05,103.61,105.03,138790.037497,14577080.71441879
2026-02-01 12:00:00,105.03,106.68,100.22,101.69,339442.022861,34954273.14847767
2026-02-01 16:00:00,101.71,104.27,100.94,101.97,227574.2861,23316969.8204433
2026-02-01 20:00:00,101.96,102.86,98.02,100.78,351514.3154,35397702.45510978
2026-02-02 00:00:00,100.78,103.13,95.94,100.07,561553.273653,55941093.77884693
2026-02-02 04:00:00,100.09,102.44,97.08,101.43,428124.445937,42771369.79331539
2026-02-02 08:00:00,101.44,103.47,101.4,102.79,258890.297496,26569748.31789116
2026-02-02 12:00:00,102.79,106.12,102.43,104.7,265494.576711,27660960.30561343
2026-02-02 16:00:00,104.7,105.75,103.47,103.84,192017.239821,20080525.55801104
2026-02-02 20:00:00,103.84,105.19,103.31,104.54,97869.829226,10202547.53882448
2026-02-03 00:00:00,104.55,104.68,102.19,104.15,180812.111812,18685433.6036287
2026-02-03 04:00:00,104.16,105.1,102.98,104.68,92721.254331,9647908.34466343
2026-02-03 08:00:00,104.7,105.03,102.5,103.0,153433.649172,15856625.23337984
2026-02-03 12:00:00,103.02,103.63,100.41,102.56,262221.628772,26762095.4040241
2026-02-03 16:00:00,102.55,102.56,96.66,99.03,454825.123274,45099026.61345699
2026-02-03 20:00:00,99.02,102.09,97.22,97.87,409152.112022,40780064.22269302
2026-02-04 00:00:00,97.87,99.67,97.15,99.12,232510.440358,22920340.74777638
2026-02-04 04:00:00,99.12,99.33,96.42,97.88,403765.774792,39500478.40534281
2026-02-04 08:00:00,97.89,97.96,94.7,96.12,390246.263311,37579317.78900717
2026-02-04 12:00:00,96.13,96.73,91.31,92.79,545050.926642,51199699.12048796
2026-02-04 16:00:00,92.79,94.72,90.0,94.38,675743.925829,62467215.76117108
2026-02-04 20:00:00,94.37,94.53,89.32,92.13,445826.38224,40923380.08041574
2026-02-05 00:00:00,92.12,92.92,90.25,91.15,366587.090551,33595376.87681011
2026-02-05 04:00:00,91.16,92.09,89.72,90.55,488728.562117,44380751.16246669
2026-02-05 08:00:00,90.56,93.43,88.68,89.98,420483.232476,38217218.56723446
2026-02-05 12:00:00,89.99,91.43,83.41,84.61,905721.283313,79008760.75007728
2026-02-05 16:00:00,84.61,86.21,81.22,81.68,783606.266617,65369505.84504107
2026-02-05 20:00:00,81.7,82.3,77.56,78.36,1253766.328203,99487457.41731368
2026-02-06 00:00:00,78.35,80.28,67.44,76.71,2997421.561473,221988936.40374196
2026-02-06 04:00:00,76.71,81.65,76.21,79.6,698221.85067,55356363.26016226
2026-02-06 08:00:00,79.59,82.06,78.68,81.36,508183.633519,40854433.10236312
2026-02-06 12:00:00,81.35,85.18,80.86,84.48,822341.863413,68587024.84971622
2026-02-06 16:00:00,84.47,88.72,83.7,87.09,677481.275531,58578530.0069494
2026-02-06 20:00:00,87.1,89.83,86.57,87.46,394417.864752,34689275.52931948
2026-02-07 00:00:00,87.45,88.4,85.9,88.1,437148.696469,38011064.76486391
2026-02-07 04:00:00,88.1,89.05,84.08,85.29,422948.563284,36638996.08577863
2026-02-07 08:00:00,85.29,85.72,84.51,84.92,184309.207524,15687215.2718589
2026-02-07 12:00:00,84.91,87.22,84.86,86.56,226875.974557,19556517.14391257
2026-02-07 16:00:00,86.56,89.2,86.17,88.29,764629.573387,66765417.60534173
2026-02-07 20:00:00,88.28,89.2,86.87,87.57,111406.484787,9834318.04275942
2026-02-08 00:00:00,87.58,88.22,86.7,86.8,83082.227868,7263238.05642011
2026-02-08 04:00:00,86.81,87.54,86.62,87.4,73523.055903,6406894.40259291
2026-02-08 08:00:00,87.41,88.98,86.44,88.25,210544.195332,18487503.45266003
2026-02-08 12:00:00,88.25,88.87,87.36,87.78,191298.161921,16873354.21765735
2026-02-08 16:00:00,87.77,88.6,85.78,88.4,138048.710599,12056550.70225655
2026-02-08 20:00:00,88.4,89.1,86.05,86.98,174045.263712,15206939.27605333
2026-02-09 00:00:00,86.98,87.98,85.81,87.68,194497.845855,16903887.05497255
2026-02-09 04:00:00,87.67,87.71,85.21,85.49,146827.734329,12689673.89198814
2026-02-09 08:00:00,85.5,85.64,82.88,83.48,264988.091768,22245379.34535993
2026-02-09 12:00:00,83.49,85.8,83.44,85.28,199694.126123,16878381.94932882
2026-02-09 16:00:00,85.28,88.69,84.82,87.98,281407.117842,24529724.36572173
2026-02-09 20:00:00,87.96,88.32,86.54,86.76,92787.759509,8102725.81612426
2026-02-10 00:00:00,86.77,87.49,85.19,85.85,177579.193165,15285333.97039835
2026-02-10 04:00:00,85.85,86.66,84.32,84.63,131146.481807,11202389.37302271
2026-02-10 08:00:00,84.64,85.09,83.76,83.84,109037.06955,9206438.86739755
2026-02-10 12:00:00,83.85,85.23,83.22,84.29,218274.925963,18371087.44388905
2026-02-10 16:00:00,84.3,85.15,82.46,83.1,150446.754078,12607455.668929
2026-02-10 20:00:00,83.08,83.23,81.88,82.99,105760.964075,8736143.42536967
2026-02-11 00:00:00,82.99,84.39,82.59,83.35,178433.036201,14917079.64969006
2026-02-11 04:00:00,83.35,83.53,80.29,81.0,223916.956055,18268529.3536991
2026-02-11 08:00:00,81.01,81.48,80.39,81.26,122457.446163,9910266.99762031
2026-02-11 12:00:00,81.26,83.19,78.58,79.71,510471.024586,41335924.5059525
2026-02-11 16:00:00,79.7,80.92,78.02,79.73,276670.661065,21980006.39261429
2026-02-11 20:00:00,79.71,81.1,78.73,79.29,253970.853908,20296674.45132904
2026-02-12 00:00:00,79.3,80.78,79.27,80.62,118928.194967,9537763.32278123
2026-02-12 04:00:00,80.62,80.99,79.46,80.77,122294.326249,9838479.79988721
2026-02-12 08:00:00,80.77,82.24,80.33,81.87,130939.242754,10676683.35025536
2026-02-12 12:00:00,81.86,82.12,80.04,80.14,226966.397758,18408671.05014831
2026-02-12 16:00:00,80.13,80.21,77.03,77.62,325005.39637,25455013.49754144
2026-02-12 20:00:00,77.62,78.51,76.58,78.41,172743.948792,13397503.17389879
2026-02-13 00:00:00,78.41,79.47,77.53,79.04,114190.252335,8977241.4059408
2026-02-13 04:00:00,79.05,79.25,77.86,78.98,103027.115273,8094793.96005191
2026-02-13 08:00:00,78.99,80.64,78.85,80.3,156095.287999,12463509.94046415
2026-02-13 12:00:00,80.3,84.35,79.73,83.2,371232.010155,30272369.36786799
2026-02-13 16:00:00,83.2,85.62,82.92,84.64,263219.826179,22253078.06936399
2026-02-13 20:00:00,84.66,85.19,84.12,84.33,106769.686965,9035830.23890054
2026-02-14 00:00:00,84.34,85.3,84.22,85.06,74856.542901,6351042.35358273
2026-02-14 04:00:00,85.06,85.26,84.35,85.18,48671.678251,4131441.78109961
2026-02-14 08:00:00,85.17,87.33,85.14,87.29,195542.806476,16864677.80149518
2026-02-14 12:00:00,87.28,87.69,86.01,87.43,178331.971268,15492883.78721392
2026-02-14 16:00:00,87.43,88.45,87.01,88.2,167527.657574,14720896.44515384
2026-02-14 20:00:00,88.21,88.9,87.26,88.05,146408.297571,12909441.55613517
2026-02-15 00:00:00,88.06,88.78,87.35,88.6,139253.485145,12259434.37371542
2026-02-15 04:00:00,88.6,90.97,88.39,90.74,212957.854534,19062035.47617643
2026-02-15 08:00:00,90.74,91.25,89.02,89.18,170444.566572,15324565.18067953
2026-02-15 12:00:00,89.18,89.62,86.66,87.41,191742.018444,16814215.83107623
2026-02-15 16:00:00,87.41,87.88,85.22,85.34,247708.242449,21427738.81431167
2026-02-15 20:00:00,85.34,86.7,84.9,86.15,145822.777562,12512326.79597937
2026-02-16 00:00:00,86.15,86.63,84.8,85.13,108580.799645,9302955.01386156
2026-02-16 04:00:00,85.15,85.89,84.45,85.06,91015.117754,7743811.56066139
2026-02-16 08:00:00,85.07,86.27,84.5,85.51,122185.761146,10446284.7286481
2026-02-16 12:00:00,85.52,86.93,82.58,83.21,377843.757419,31960120.8359924
2026-02-16 16:00:00,83.21,85.15,83.12,84.62,163342.215864,13752385.58470447
2026-02-16 20:00:00,84.62,86.66,84.49,86.44,106161.72509,9106290.18533554
2026-02-17 00:00:00,86.45,87.68,85.71,86.37,126461.783255,10974625.1587409
2026-02-17 04:00:00,86.37,86.79,85.46,86.48,105834.674756,9126791.73723629
2026-02-17 08:00:00,86.49,86.75,84.76,85.1,95901.600566,8210616.55618348
2026-02-17 12:00:00,85.11,85.57,82.92,83.79,266715.253742,22458734.73270869
2026-02-17 16:00:00,83.81,85.75,83.13,84.86,213920.54048,18079370.50559478
2026-02-17 20:00:00,84.86,85.44,84.5,85.08,96319.042233,8192937.57103446
2026-02-18 00:00:00,85.09,85.49,83.94,85.32,80884.382262,6857245.87472324
2026-02-18 04:00:00,85.32,85.54,84.68,85.27,58102.694922,4943571.74603745
2026-02-18 08:00:00,85.29,86.08,82.83,82.85,136085.086554,11478800.94991968
2026-02-18 12:00:00,82.86,84.0,81.68,83.0,431454.201935,35706604.699944
2026-02-18 16:00:00,83.0,83.09,80.49,80.93,235566.546237,19263549.58734419
2026-02-18 20:00:00,80.93,81.64,80.85,81.62,76085.17777,6186204.28524994
2026-02-19 00:00:00,81.62,82.07,81.25,81.78,54862.543889,4480956.59451586
2026-02-19 04:00:00,81.78,82.67,81.38,82.41,97076.091399,7965145.47582332
2026-02-19 08:00:00,82.4,82.41,80.92,81.25,100068.057805,8168473.91751809
2026-02-19 12:00:00,81.24,81.32,79.61,80.65,199747.517656,16073226.06883446
2026-02-19 16:00:00,80.64,82.21,79.94,81.95,176999.325513,14356212.59634966
2026-02-19 20:00:00,81.95,82.59,81.69,82.5,104613.22964,8596966.11001428
2026-02-20 00:00:00,82.51,83.55,82.32,83.04,115547.467562,9598437.8453432
2026-02-20 04:00:00,83.04,83.91,82.4,83.45,95334.891431,7930075.22878332
2026-02-20 08:00:00,83.45,84.84,83.29,83.58,102257.789988,8598213.65132815
2026-02-20 12:00:00,83.59,84.79,81.76,84.38,249417.723837,20784115.31725305
2026-02-20 16:00:00,84.4,85.49,82.81,84.77,212502.350345,17928925.85275765
2026-02-20 20:00:00,84.78,85.24,84.12,84.67,57865.304227,4893655.06464076
2026-02-21 00:00:00,84.68,85.03,84.22,84.35,33552.056169,2838045.32736596
2026-02-21 04:00:00,84.36,84.78,83.97,84.24,52899.521737,4463603.72980574
2026-02-21 08:00:00,84.25,85.68,84.2,85.4,51125.321811,4347359.19528422
2026-02-21 12:00:00,85.4,86.74,85.01,86.6,113615.816959,9781244.0792398
2026-02-21 16:00:00,86.6,86.72,85.84,86.22,93060.994623,8035442.39761756
2026-02-21 20:00:00,86.22,86.22,85.14,85.17,70547.654649,6033739.24507896
2026-02-22 00:00:00,85.17,85.59,84.71,85.08,71086.575544,6048076.46566329
2026-02-22 04:00:00,85.08,85.59,84.79,85.24,45142.521947,3846235.46410431
2026-02-22 08:00:00,85.25,85.46,84.87,85.27,39580.838501,3369606.12060334
2026-02-22 12:00:00,85.26,85.32,83.0,83.49,171871.451871,14418586.88086869
2026-02-22 16:00:00,83.49,83.63,82.83,83.3,54911.151591,4568501.22564292
2026-02-22 20:00:00,83.3,83.73,82.47,82.79,104924.995822,8721696.80292209
2026-02-23 00:00:00,82.8,82.85,77.27,77.66,468372.651987,36932266.18818156
2026-02-23 04:00:00,77.67,79.68,77.14,79.39,262351.091873,20578775.55620441
2026-02-23 08:00:00,79.39,80.68,78.52,80.05,274398.649517,21849834.23204351
2026-02-23 12:00:00,80.06,81.11,79.21,79.4,334898.798325,26882330.22397185
2026-02-23 16:00:00,79.4,79.8,77.25,78.29,326997.862113,25694969.42264125
2026-02-23 20:00:00,78.29,78.93,77.64,77.91,112959.651467,8857588.51114959
2026-02-24 00:00:00,77.91,78.52,75.75,76.88,246378.131533,19015586.41407192
2026-02-24 04:00:00,76.89,77.35,76.12,76.85,162191.835409,12449972.98581462
2026-02-24 08:00:00,76.85,77.2,76.0,76.77,87142.989825,6681531.1862989
2026-02-24 12:00:00,76.77,77.49,75.64,77.29,233807.579011,17924598.79278053
2026-02-24 16:00:00,77.3,78.5,77.23,78.39,182338.879978,14221864.16529698
2026-02-24 20:00:00,78.38,79.61,78.14,78.98,133131.186025,10494374.79987712
2026-02-25 00:00:00,78.99,82.99,78.74,81.74,490418.712549,40078256.41385816
2026-02-25 04:00:00,81.75,82.43,80.95,82.18,238522.872615,19500814.5108025
2026-02-25 08:00:00,82.18,83.4,81.92,83.38,173525.782176,14332626.96202441
2026-02-25 12:00:00,83.38,86.46,82.88,86.0,366256.042502,31049083.60467139
2026-02-25 16:00:00,85.99,89.65,85.95,89.44,414291.880789,36496826.55034747
2026-02-25 20:00:00,89.44,92.15,87.09,88.04,433127.058338,38882383.9415743
2026-02-26 00:00:00,88.04,89.26,87.56,87.94,162556.3741,14374729.63137731
2026-02-26 04:00:00,87.95,89.05,87.23,87.25,109114.76132,9583997.80159266
2026-02-26 08:00:00,87.26,88.7,86.6,86.82,160262.81305,14045341.40858966
2026-02-26 12:00:00,86.82,88.26,85.28,86.57,286190.975201,24822937.88654109
2026-02-26 16:00:00,86.58,86.75,84.32,86.47,385266.368475,32897795.36341941
2026-02-26 20:00:00,86.46,86.86,85.7,85.89,112896.226017,9726269.191612
2026-02-27 00:00:00,85.9,87.81,85.17,87.62,121362.614185,10456555.62617479
2026-02-27 04:00:00,87.63,88.29,86.82,87.32,127654.084635,11168850.75164077
2026-02-27 08:00:00,87.31,87.93,83.3,83.6,247982.289176,21234420.08953729
2026-02-27 12:00:00,83.59,83.75,81.99,82.7,284830.11499,23578938.5247455
2026-02-27 16:00:00,82.69,82.69,81.1,81.57,146148.56944,11944092.27754604
2026-02-27 20:00:00,81.58,82.11,80.32,81.85,125571.407386,10222559.57905565
2026-02-28 00:00:00,81.85,82.25,81.54,81.72,90547.316275,7420507.33862496
2026-02-28 04:00:00,81.73,81.89,77.12,78.71,461252.324973,36510181.90251663
2026-02-28 08:00:00,78.7,79.59,77.75,78.77,252652.135676,19863251.65616933
2026-02-28 12:00:00,78.77,81.51,78.61,80.92,289353.505964,23225597.91690892
2026-02-28 16:00:00,80.92,82.9,80.51,82.22,175648.092305,14341385.93384024
2026-02-28 20:00:00,82.22,85.66,81.97,84.37,244365.977291,20582443.98523004
2026-03-01 00:00:00,84.36,88.91,84.25,88.01,377850.640614,32860413.39768199
2026-03-01 04:00:00,88.02,88.27,86.16,86.62,226093.838941,19722966.19759757
2026-03-01 08:00:00,86.63,86.83,84.71,85.18,144389.471761,12326668.52418231
2026-03-01 12:00:00,85.18,87.0,84.52,85.67,205947.252098,17709221.52210315
2026-03-01 16:00:00,85.68,86.08,83.05,83.23,220801.937317,18613394.02102664
2026-03-01 20:00:00,83.22,84.1,81.69,83.61,217510.045497,18048486.71007678
2026-03-02 00:00:00,83.61,86.17,83.47,84.77,174675.096713,14791170.16737702
2026-03-02 04:00:00,84.78,84.83,82.39,82.94,110309.09311,9220829.84500598
2026-03-02 08:00:00,82.96,84.29,82.38,83.89,168929.063412,14114816.66441366
2026-03-02 12:00:00,83.9,88.97,82.79,88.77,458296.481288,39512101.47279434
2026-03-02 16:00:00,88.77,90.3,86.4,87.64,324350.275947,28631921.06855697
2026-03-02 20:00:00,87.65,88.28,86.3,86.64,180381.704209,15767693.82216538
2026-03-03 00:00:00,86.64,87.3,85.21,86.3,154454.019135,13339479.20059595
2026-03-03 04:00:00,86.3,86.81,85.4,85.58,114571.476885,9843335.24043442
2026-03-03 08:00:00,85.57,85.76,83.7,84.2,183092.183447,15442849.05377541
2026-03-03 12:00:00,84.21,85.35,82.5,85.03,270699.79826,22725510.21054568
2026-03-03 16:00:00,85.02,87.34,84.16,85.08,295715.095959,25291861.81357332
2026-03-03 20:00:00,85.08,87.46,84.18,86.97,200228.267471,17265612.85475147
2026-03-04 00:00:00,86.97,88.08,85.19,85.77,219244.798813,19017645.64559006
2026-03-04 04:00:00,85.76,87.5,84.77,87.4,202477.750778,17349075.13759337
2026-03-04 08:00:00,87.41,91.47,86.98,89.76,446938.891565,40157946.81499324
2026-03-04 12:00:00,89.76,93.12,88.7,92.93,416003.436553,37796054.44759117
2026-03-04 16:00:00,92.93,94.07,90.64,93.19,381016.261206,35115277.70560172
2026-03-04 20:00:00,93.19,93.76,90.27,90.86,189405.793535,17480248.26081609
2026-03-05 00:00:00,90.87,91.42,89.62,90.04,154729.189098,13982185.28023855
2026-03-05 04:00:00,90.04,91.31,89.63,90.17,106669.502543,9638905.84587826
2026-03-05 08:00:00,90.17,92.95,89.68,91.83,193183.565529,17687436.78854561
2026-03-05 12:00:00,91.85,92.21,88.81,89.61,358760.910173,32471157.33233339
2026-03-05 16:00:00,89.61,89.63,87.92,88.74,194503.015395,17230634.70486925
2026-03-05 20:00:00,88.74,89.84,88.56,88.77,81284.622675,7245471.12420485
2026-03-06 00:00:00,88.78,89.31,88.03,88.41,136527.277822,12098648.37667814
2026-03-06 04:00:00,88.41,88.91,87.52,88.71,114416.296762,10088013.60367717
2026-03-06 08:00:00,88.7,88.7,87.08,87.26,104398.808562,9160327.76967656
2026-03-06 12:00:00,87.26,87.27,83.97,84.65,330268.944327,28289664.27318125
2026-03-06 16:00:00,84.64,85.88,83.65,85.21,137755.256686,11677989.61437229
2026-03-06 20:00:00,85.21,85.46,84.44,84.69,59543.790201,5051577.78937947
2026-03-07 00:00:00,84.69,85.07,84.32,84.53,70026.045773,5928042.04239007
2026-03-07 04:00:00,84.53,84.56,83.88,84.32,64724.228251,5450683.19885199
2026-03-07 08:00:00,84.32,84.94,84.13,84.65,45034.464942,3808336.29551076
2026-03-07 12:00:00,84.66,84.77,83.37,83.75,83524.037818,7020621.16769141
2026-03-07 16:00:00,83.75,84.08,82.29,82.52,103674.219343,8627599.08902065
2026-03-07 20:00:00,82.51,83.32,82.5,83.2,40870.116908,3392901.32740497
2026-03-08 00:00:00,83.22,83.47,82.11,82.35,78935.821478,6528629.79577637
2026-03-08 04:00:00,82.35,83.09,81.72,82.95,77758.525967,6411771.69850038
2026-03-08 08:00:00,82.94,84.11,82.51,82.82,90215.743517,7505767.73209673
2026-03-08 12:00:00,82.82,83.0,81.18,82.06,142231.448533,11679211.2139666
2026-03-08 16:00:00,82.05,82.66,81.3,82.48,75612.397385,6189430.76054941
2026-03-08 20:00:00,82.49,82.96,80.24,81.59,167520.388326,13669376.35841458
2026-03-09 00:00:00,81.6,84.5,81.54,83.17,189641.02536,15743090.41336626
2026-03-09 04:00:00,83.16,84.61,82.33,83.17,193561.442986,16162252.68038397
2026-03-09 08:00:00,83.19,84.59,82.94,83.57,152680.360166,12788086.85724153
2026-03-09 12:00:00,83.58,85.74,83.4,85.05,264520.082903,22451251.3775734
2026-03-09 16:00:00,85.06,87.08,84.31,85.97,265133.82978,22653797.93319911
2026-03-09 20:00:00,85.98,86.36,84.84,84.95,133523.889934,11446202.41090483
2026-03-10 00:00:00,84.94,86.93,84.83,85.56,145950.007894,12548405.34831397
2026-03-10 04:00:00,85.57,86.97,85.34,86.7,131332.398729,11342387.57564779
2026-03-10 08:00:00,86.7,87.68,86.59,86.79,177002.934823,15412601.66998704
2026-03-10 12:00:00,86.81,88.62,84.93,88.35,300295.359659,26085256.59613609
2026-03-10 16:00:00,88.35,88.8,85.66,86.02,224411.597351,19646651.24044517
2026-03-10 20:00:00,86.0,86.44,85.01,85.87,114320.737837,9798215.00588971
2026-03-11 00:00:00,85.87,86.27,85.49,85.62,83783.820943,7194569.82710158
2026-03-11 04:00:00,85.62,86.89,85.14,85.44,164276.411772,14155724.91474974
2026-03-11 08:00:00,85.45,85.61,84.37,84.53,177874.377578,15137886.86416811
2026-03-11 12:00:00,84.54,87.4,84.34,85.4,306107.208461,26268146.17431451
2026-03-11 16:00:00,85.41,88.1,85.3,87.3,196168.497479,17099271.67686277
2026-03-11 20:00:00,87.29,87.93,86.46,86.57,65213.738422,5685003.93529218
2026-03-12 00:00:00,86.58,86.77,84.68,85.02,117108.18416,10030799.91542901
2026-03-12 04:00:00,85.01,85.9,84.88,85.81,84191.254368,7175255.61754554
2026-03-12 08:00:00,85.82,87.12,85.38,86.8,118581.601575,10235576.74096808
2026-03-12 12:00:00,86.81,87.71,85.1,86.58,271681.918999,23535463.51788276
2026-03-12 16:00:00,86.58,87.09,85.68,86.79,101757.173247,8794797.28411763
2026-03-12 20:00:00,86.79,87.23,85.96,86.84,73351.10361,6350596.86092238
2026-03-13 00:00:00,86.83,91.14,86.72,89.7,360536.998554,32335599.43901925
2026-03-13 04:00:00,89.7,89.74,88.16,88.69,142634.307989,12676987.17562269
2026-03-13 08:00:00,88.68,90.44,88.34,90.31,177021.443218,15860959.44426396
2026-03-13 12:00:00,90.31,92.98,89.3,89.48,501068.590406,45816442.04793947
2026-03-13 16:00:00,89.5,90.15,88.36,88.91,214659.240099,19132746.55597882
2026-03-13 20:00:00,88.92,89.14,87.75,88.18,108472.094367,9594974.97234885
2026-03-14 00:00:00,88.17,88.62,87.81,88.42,58843.472569,5190855.86993948
2026-03-14 04:00:00,88.42,88.71,86.91,87.32,116867.290802,10256158.80181947
2026-03-14 08:00:00,87.31,87.55,86.51,86.96,74839.83528,6509591.43230317
2026-03-14 12:00:00,86.95,87.36,86.63,86.73,64683.057136,5624964.88341728
2026-03-14 16:00:00,86.73,87.13,86.63,87.01,34202.227631,2973953.2869159
2026-03-14 20:00:00,87.02,88.17,86.85,88.04,56691.207552,4961562.99912218
2026-03-15 00:00:00,88.04,88.64,87.59,87.87,79409.540302,6990083.18021923
2026-03-15 04:00:00,87.86,88.66,87.86,88.22,90774.033376,8020895.25652973
2026-03-15 08:00:00,88.22,88.87,88.14,88.56,54714.002517,4843485.69553602
2026-03-15 12:00:00,88.57,88.57,87.37,87.91,81070.471636,7122718.13747036
2026-03-15 16:00:00,87.91,88.84,87.47,88.18,69071.066997,6086991.88935748
2026-03-15 20:00:00,88.19,93.24,87.98,92.3,358749.311259,32788530.8147263
2026-03-16 00:00:00,92.31,93.96,91.18,93.17,286139.059001,26504214.09909153
2026-03-16 04:00:00,93.17,94.31,92.91,93.56,268733.72163,25147791.99063654
2026-03-16 08:00:00,93.56,94.02,92.57,93.74,120749.991287,11272265.25702107
2026-03-16 12:00:00,93.75,95.13,92.38,93.2,351204.40731,32955937.7511383
2026-03-16 16:00:00,93.19,95.5,93.13,95.21,194174.723676,18325769.91629863
2026-03-16 20:00:00,95.2,97.67,95.06,96.21,206480.296543,19881840.08907691
2026-03-17 00:00:00,96.2,96.97,93.71,94.07,258578.461876,24650693.76664167
2026-03-17 04:00:00,94.08,94.65,93.19,94.42,115654.152654,10863968.15667045
2026-03-17 08:00:00,94.42,95.1,93.23,93.65,146772.840132,13822899.22774457
2026-03-17 12:00:00,93.66,95.18,93.16,93.84,188323.246904,17711448.18056388
2026-03-17 16:00:00,93.83,95.61,93.73,94.67,82932.193843,7863413.5192697
2026-03-17 20:00:00,94.66,95.61,94.41,94.61,80646.991071,7664540.00911554
2026-03-18 00:00:00,94.61,95.65,94.09,95.04,69570.137324,6596212.11504163
2026-03-18 04:00:00,95.04,95.1,93.74,93.96,109054.247598,10278724.21030809
2026-03-18 08:00:00,93.96,94.42,91.8,92.01,180293.331293,16773840.54370871
2026-03-18 12:00:00,92.01,92.05,88.53,89.38,328969.993334,29654330.7848929
2026-03-18 16:00:00,89.37,90.85,88.64,89.7,182195.253503,16348005.20237292
2026-03-18 20:00:00,89.7,90.61,88.99,90.09,103954.326066,9353851.75420718
2026-03-19 00:00:00,90.05,91.4,89.79,90.73,77648.213664,7026615.36529693
2026-03-19 04:00:00,90.74,90.74,88.63,89.41,123446.648741,11073267.88575856
2026-03-19 08:00:00,89.42,90.48,89.1,89.62,66405.422577,5965421.27038783
2026-03-19 12:00:00,89.61,89.62,87.16,87.62,241612.820665,21288365.91061094
2026-03-19 16:00:00,87.64,89.27,87.0,88.71,164754.886099,14480568.43160091
2026-03-19 20:00:00,88.7,89.32,88.4,88.89,67188.474701,5975473.08855336
2026-03-20 00:00:00,88.91,89.84,88.87,89.55,64543.486791,5769462.5565302
2026-03-20 04:00:00,89.56,89.76,88.51,89.38,77659.109815,6924185.85842749
2026-03-20 08:00:00,89.39,90.46,88.61,89.15,87214.458637,7796201.76327573
2026-03-20 12:00:00,89.16,89.76,88.52,88.96,116603.409785,10388394.1974093
2026-03-20 16:00:00,88.96,89.21,88.15,88.98,57170.299218,5071391.57260818
2026-03-20 20:00:00,89.0,90.29,88.67,89.86,48174.940338,4320283.89423048
2026-03-21 00:00:00,89.86,90.69,89.7,90.44,51014.208237,4600965.65651493
2026-03-21 04:00:00,90.45,90.81,89.91,90.13,43365.941159,3916056.13965709
2026-03-21 08:00:00,90.14,90.44,89.83,89.95,36734.80234,3309678.28188806
2026-03-21 12:00:00,89.96,90.43,89.4,89.84,46641.487622,4197470.08152445
2026-03-21 16:00:00,89.84,90.01,89.41,89.8,26168.555972,2347506.11907877
2026-03-21 20:00:00,89.81,90.32,87.14,87.56,123903.92547,10988804.83846091
2026-03-22 00:00:00,87.56,89.15,86.28,88.67,183857.217359,16085842.0137502
2026-03-22 04:00:00,88.67,89.19,87.67,87.71,65297.527972,5785810.20160888
2026-03-22 08:00:00,87.71,87.74,86.84,86.84,59613.210135,5202956.08840444
2026-03-22 12:00:00,86.85,87.73,86.82,87.58,44587.904487,3893503.66999707
2026-03-22 16:00:00,87.58,87.71,86.47,86.87,49704.51592,4334187.25096654
2026-03-22 20:00:00,86.87,87.18,85.11,86.21,121612.723281,10467121.42047864
2026-03-23 00:00:00,86.22,87.21,85.46,86.4,61995.484823,5353425.45107801
2026-03-23 04:00:00,86.4,87.31,85.1,85.99,126808.698487,10933386.49461355
2026-03-23 08:00:00,86.0,91.96,85.18,88.79,573992.586718,51466899.66139216
2026-03-23 12:00:00,88.78,92.28,88.32,89.95,266975.729947,24188427.87176706
2026-03-23 16:00:00,89.96,91.9,89.41,91.39,181168.142978,16411852.29347472
2026-03-23 20:00:00,91.38,92.03,90.99,91.44,55606.406461,5091563.62337239
2026-03-24 00:00:00,91.44,91.68,89.94,90.34,61331.282834,5561493.72791117
2026-03-24 04:00:00,90.34,91.88,90.0,91.73,97161.705198,8810645.23898548
2026-03-24 08:00:00,91.71,92.23,91.01,91.77,210722.923393,19320904.46687206
2026-03-24 12:00:00,91.79,91.86,88.68,89.74,228341.301706,20575228.30536579
2026-03-24 16:00:00,89.74,89.97,88.4,88.51,102117.254999,9094560.46718682
2026-03-24 20:00:00,88.53,91.14,88.5,90.79,89442.831259,8067701.72949753
2026-03-25 00:00:00,90.8,91.95,90.7,91.69,94793.443478,8650016.62945153
2026-03-25 04:00:00,91.7,92.96,91.59,91.82,113114.013199,10444986.21812499
2026-03-25 08:00:00,91.82,93.48,91.82,92.98,158662.5191,14687090.28879686
2026-03-25 12:00:00,92.99,93.44,91.0,91.79,188124.509911,17391189.88771956
2026-03-25 16:00:00,91.78,92.76,91.41,91.76,82936.513817,7633774.45175292
2026-03-25 20:00:00,91.76,91.95,91.02,91.71,73628.662499,6735915.36558105
2026-03-26 00:00:00,91.71,91.98,90.6,91.07,67835.768006,6194391.89880169
2026-03-26 04:00:00,91.07,91.07,88.8,89.1,192103.528567,17203296.27677003
2026-03-26 08:00:00,89.09,89.1,87.45,87.57,136074.768531,11998345.63194789
2026-03-26 12:00:00,87.57,88.28,86.71,87.54,121757.994618,10663828.72615658
2026-03-26 16:00:00,87.54,87.73,85.43,85.46,154845.610096,13385848.56275444
2026-03-26 20:00:00,85.47,87.13,85.43,86.53,128441.88223,11120656.19147345
2026-03-27 00:00:00,86.53,87.04,86.2,86.43,51886.917775,4493838.55333905
2026-03-27 04:00:00,86.43,86.76,85.7,85.93,83908.801549,7226396.34597142
2026-03-27 08:00:00,85.93,86.13,82.64,83.38,317487.231273,26700991.02396065
2026-03-27 12:00:00,83.38,84.0,82.47,83.33,213033.250591,17723159.28697388
2026-03-27 16:00:00,83.34,83.44,81.85,82.81,127649.132128,10548070.86601251
2026-03-27 20:00:00,82.82,83.13,82.38,83.1,43238.263786,3579420.49684329
2026-03-28 00:00:00,83.1,83.1,82.25,82.59,41588.755725,3437517.81993328
2026-03-28 04:00:00,82.6,83.66,82.29,83.61,81340.081329,6740164.3481393
2026-03-28 08:00:00,83.61,83.71,82.73,82.96,73169.338822,6084397.6063412
2026-03-28 12:00:00,82.95,84.29,82.61,83.83,137257.635597,11463251.14602916
2026-03-28 16:00:00,83.83,83.95,83.02,83.27,52957.258738,4421791.48724719
2026-03-28 20:00:00,83.28,83.5,81.69,82.08,84510.682184,6984513.65092904
2026-03-29 00:00:00,82.09,83.24,81.87,83.0,47227.661973,3893884.70433623
2026-03-29 04:00:00,83.0,83.03,82.23,82.45,71990.364471,5947836.17379105
2026-03-29 08:00:00,82.45,82.83,81.98,82.58,52020.34259,4284585.39385158
2026-03-29 12:00:00,82.58,82.63,81.32,81.82,87470.941061,7164152.81316264
2026-03-29 16:00:00,81.82,82.12,81.13,81.61,58182.545353,4747094.06829652
2026-03-29 20:00:00,81.61,82.21,78.88,81.42,242741.004334,19573738.83092719
2026-03-30 00:00:00,81.43,83.97,81.16,83.27,140553.88686,11632153.77866268
2026-03-30 04:00:00,83.28,84.26,83.26,84.03,138439.589721,11593296.92074731
2026-03-30 08:00:00,84.02,84.89,83.58,84.26,148527.138771,12520241.79356049
2026-03-30 12:00:00,84.28,85.0,83.66,84.5,162574.996022,13713100.63293555
2026-03-30 16:00:00,84.5,84.55,81.98,82.4,113314.924795,9412399.93010231
2026-03-30 20:00:00,82.39,83.68,82.14,82.55,86419.704596,7166382.05596201
2026-03-31 00:00:00,82.56,84.62,82.16,83.6,97208.658969,8113153.85708292
2026-03-31 04:00:00,83.62,83.9,82.69,83.1,108627.686663,9051772.89775212
2026-03-31 08:00:00,83.11,83.34,80.11,80.86,216138.966493,17544943.01512271
2026-03-31 12:00:00,80.88,82.58,80.4,80.87,177234.737704,14403444.10282668
2026-03-31 16:00:00,80.87,83.47,80.87,82.71,169039.708427,13955376.46018602
2026-03-31 20:00:00,82.69,83.41,82.34,83.19,95602.741018,7926468.40405658
2026-04-01 00:00:00,83.2,83.6,82.48,83.44,79896.885944,6637878.80646101
2026-04-01 04:00:00,83.43,84.74,83.25,83.83,161532.955447,13576674.01435271
2026-04-01 08:00:00,83.83,84.05,83.07,83.38,99034.235058,8267017.8842021
2026-04-01 12:00:00,83.37,83.87,82.4,83.64,166572.472849,13855046.86656163
2026-04-01 16:00:00,83.62,86.62,83.02,83.84,288952.345881,24517156.1494604
2026-04-01 20:00:00,83.85,83.89,80.79,81.2,233633.704671,19163746.45744886
2026-04-02 00:00:00,81.2,81.77,78.31,79.01,404382.022518,32169436.35890143
2026-04-02 04:00:00,79.01,79.68,78.62,79.64,142414.510465,11261086.42076491
2026-04-02 08:00:00,79.62,79.62,78.17,78.33,85883.508393,6778741.60733315
2026-04-02 12:00:00,78.33,79.72,76.7,79.05,338370.610506,26474827.552577
2026-04-02 16:00:00,79.05,79.88,78.44,78.99,156999.941935,12428289.4317571
2026-04-02 20:00:00,79.0,79.37,78.64,78.95,78382.77354,6193098.83843472
2026-04-03 00:00:00,78.96,79.79,78.87,79.01,91550.392223,7256461.02026995
2026-04-03 04:00:00,79.01,80.15,79.0,79.94,92590.046205,7357746.13506649
2026-04-03 08:00:00,79.95,80.46,79.64,80.18,141796.453539,11345722.75739429
2026-04-03 12:00:00,80.18,80.91,79.17,80.33,158886.910893,12714287.45855912
2026-04-03 16:00:00,80.33,80.68,79.87,80.19,77837.741589,6251295.25923705
2026-04-03 20:00:00,80.21,80.74,79.95,80.4,62046.628616,4984693.42742908
2026-04-04 00:00:00,80.39,80.42,80.05,80.17,40391.372502,3238704.2543671
2026-04-04 04:00:00,80.17,80.54,80.1,80.32,35301.585907,2832277.26886385
2026-04-04 08:00:00,80.32,80.41,79.91,80.19,47302.177319,3790555.5035848
2026-04-04 12:00:00,80.19,81.61,79.55,81.09,111911.283815,9022697.62353767
2026-04-04 16:00:00,81.08,81.35,80.62,80.86,73839.293379,5978922.24189931
2026-04-04 20:00:00,80.85,81.07,80.62,80.85,38014.898111,3074698.65977213
2026-04-05 00:00:00,80.84,80.86,80.37,80.54,43885.347071,3536438.50006005
2026-04-05 04:00:00,80.55,80.6,79.41,79.6,114225.913766,9139774.04949254
2026-04-05 08:00:00,79.6,80.27,79.55,79.92,37540.980948,2997443.64062797
2026-04-05 12:00:00,79.92,80.33,78.51,79.6,150299.206861,11921525.52558476
2026-04-05 16:00:00,79.6,80.22,79.39,79.82,50094.669949,3994936.34734002
2026-04-05 20:00:00,79.82,82.12,79.1,81.89,138984.145978,11216017.39905166
2026-04-06 00:00:00,81.89,82.97,81.67,82.09,185366.267531,15251373.86554419
2026-04-06 04:00:00,82.1,82.38,80.96,81.81,130645.704742,10673621.65812074
2026-04-06 08:00:00,81.82,83.2,81.7,82.43,162184.815808,13369045.6930838
2026-04-06 12:00:00,82.44,82.8,81.74,82.28,101427.558033,8346358.99117073
2026-04-06 16:00:00,82.28,82.46,81.19,81.89,77171.28059,6312801.81169747
2026-04-06 20:00:00,81.91,82.14,79.6,80.02,140561.367601,11316830.49896455
2026-04-07 00:00:00,80.01,80.23,79.38,79.8,124867.396234,9964261.79921393
2026-04-07 04:00:00,79.79,80.17,79.3,79.87,104441.63835,8323146.50561385
2026-04-07 08:00:00,79.87,80.57,78.96,79.23,180920.420474,14441738.03864722
2026-04-07 12:00:00,79.23,79.39,78.38,78.87,166046.739926,13099353.68535633
2026-04-07 16:00:00,78.87,81.83,78.66,81.62,287055.086806,23011166.44881962
2026-04-07 20:00:00,81.62,87.03,81.62,85.54,632012.950338,53245254.74233746
2026-04-08 00:00:00,85.54,85.89,84.24,84.56,237768.427983,20152302.15810601
2026-04-08 04:00:00,84.56,85.06,83.85,84.49,268046.408572,22660031.77293687
2026-04-08 08:00:00,84.5,84.97,84.15,84.47,138352.031664,11706826.93783652
2026-04-08 12:00:00,84.47,84.99,82.52,83.35,194711.091755,16302237.91419333
2026-04-08 16:00:00,83.33,84.22,82.78,83.21,125951.486423,10514848.51413897
2026-04-08 20:00:00,83.2,83.63,82.25,82.57,56908.36565,4720166.88077553
2026-04-09 00:00:00,82.57,82.67,81.71,82.04,130752.977358,10735475.04658443
2026-04-09 04:00:00,82.03,82.47,81.74,82.28,67229.005793,5520066.04498774
2026-04-09 08:00:00,82.28,82.71,82.03,82.16,99074.919275,8162374.39031738
2026-04-09 12:00:00,82.17,83.93,81.42,83.76,198424.90501,16416512.01507186
2026-04-09 16:00:00,83.76,84.72,82.93,84.17,284765.744872,23913977.86975209
2026-04-09 20:00:00,84.14,85.96,83.15,83.34,154199.537203,13019678.26586518
2026-04-10 00:00:00,83.36,83.79,82.66,82.9,119063.738526,9902994.24764881
2026-04-10 04:00:00,82.9,83.6,82.89,82.97,73052.87688,6079340.68515283
2026-04-10 08:00:00,82.97,83.74,82.73,83.53,115459.807805,9616602.22863561
2026-04-10 12:00:00,83.54,85.58,83.35,84.23,236131.493374,19924874.08959515
2026-04-10 16:00:00,84.24,85.48,84.13,85.45,66336.709787,5629362.81499255
2026-04-10 20:00:00,85.47,85.69,84.64,84.82,61591.443537,5245761.05436032
2026-04-11 00:00:00,84.82,84.91,84.3,84.41,40877.976194,3459457.84454758
2026-04-11 04:00:00,84.4,84.62,83.88,84.27,54530.22806,4592141.94459287
2026-04-11 08:00:00,84.28,84.79,83.6,84.24,120450.318227,10138079.14473201
2026-04-11 12:00:00,84.25,84.9,83.83,84.66,94297.395024,7959382.08288808
2026-04-11 16:00:00,84.67,86.26,84.6,86.0,117966.220803,10075088.69959417
2026-04-11 20:00:00,86.01,86.17,84.53,84.93,91742.245056,7837239.02860995
2026-04-12 00:00:00,84.94,85.1,81.88,82.33,237550.814134,19715991.44388384
2026-04-12 04:00:00,82.32,82.49,82.06,82.28,95194.208144,7835854.61410231
2026-04-12 08:00:00,82.28,82.42,81.96,82.22,85687.43541,7042053.74496448
2026-04-12 12:00:00,82.22,82.56,81.31,81.6,194303.627474,15910055.47339326
2026-04-12 16:00:00,81.59,82.32,81.53,81.98,53785.255554,4409792.16472113
2026-04-12 20:00:00,81.98,82.87,81.3,81.54,144742.792538,11870426.35159905
2026-04-13 00:00:00,81.53,82.44,81.4,81.91,73394.031942,6018549.47101088
2026-04-13 04:00:00,81.91,82.63,81.54,82.16,87219.986075,7163355.25486496
2026-04-13 08:00:00,82.16,82.28,81.66,81.86,86760.316355,7109144.5498385
2026-04-13 12:00:00,81.86,83.82,81.82,82.67,263402.377469,21837911.78950101
2026-04-13 16:00:00,82.67,84.24,82.34,84.1,258611.590343,21577591.96767626
2026-04-13 20:00:00,84.11,86.8,83.81,86.51,352737.519442,30120171.7932708
2026-04-14 00:00:00,86.5,86.73,85.66,86.03,266824.41766,22974567.17483929
2026-04-14 04:00:00,86.05,86.18,85.43,85.89,206330.62869,17710442.94825121
2026-04-14 08:00:00,85.89,86.56,85.59,85.77,175723.554604,15121696.0988663
2026-04-14 12:00:00,85.78,87.65,85.26,85.97,312568.768409,27011806.3831827
2026-04-14 16:00:00,85.97,86.17,83.7,83.94,254230.917272,21586416.90036671
2026-04-14 20:00:00,83.95,84.15,83.29,83.71,172543.51477,14435190.50049024
2026-04-15 00:00:00,83.7,84.08,83.14,83.46,156433.918347,13085504.73140432
2026-04-15 04:00:00,83.45,83.8,82.65,82.93,130171.969788,10821254.00053068
2026-04-15 08:00:00,82.93,83.71,82.74,83.61,103243.727711,8591729.4932751
2026-04-15 12:00:00,83.61,84.49,83.21,84.01,138925.588699,11646836.03473201
2026-04-15 16:00:00,84.0,85.82,83.9,85.5,156103.625561,13244689.2658275
2026-04-15 20:00:00,85.51,85.59,84.2,84.9,115042.919526,9767509.25342754
2026-04-16 00:00:00,84.9,85.59,84.42,85.28,100751.005229,8564170.18113215
2026-04-16 04:00:00,85.28,85.68,85.0,85.21,90655.862291,7738237.57693522
2026-04-16 08:00:00,85.2,85.5,84.63,85.08,138720.423704,11811424.60693505
2026-04-16 12:00:00,85.08,87.14,83.81,86.62,314395.077419,26892247.8940723
2026-04-16 16:00:00,86.62,90.14,85.63,90.1,438999.198148,38478509.25235333
2026-04-16 20:00:00,90.1,90.5,88.74,89.05,160775.740415,14378095.20967746
2026-04-17 00:00:00,89.06,89.18,87.47,87.72,126252.306569,11134988.15876383
2026-04-17 04:00:00,87.73,88.47,87.36,88.15,84830.693191,7454894.25401654
2026-04-17 08:00:00,88.15,89.52,87.36,88.21,182140.613247,16092202.68776288
2026-04-17 12:00:00,88.21,90.74,87.93,89.95,428332.194126,38368079.37843378
2026-04-17 16:00:00,89.96,90.6,88.88,89.22,168941.225732,15151357.73413276
2026-04-17 20:00:00,89.24,89.47,88.5,88.77,87920.570636,7826256.88171993
2026-04-18 00:00:00,88.77,89.15,88.24,88.33,53551.455597,4754936.59528543
2026-04-18 04:00:00,88.34,88.65,88.18,88.46,75464.88504,6671368.17517507
2026-04-18 08:00:00,88.47,88.51,86.29,86.54,206257.000538,17999903.29946886
2026-04-18 12:00:00,86.55,86.99,86.43,86.77,90439.808003,7846879.80451111
2026-04-18 16:00:00,86.77,87.01,85.79,86.13,93779.541664,8098993.88481097
2026-04-18 20:00:00,86.13,86.46,85.93,86.15,37766.709714,3254622.0816968
2026-04-19 00:00:00,86.15,86.38,85.27,85.6,49730.814003,4262474.96382073
2026-04-19 04:00:00,85.61,85.95,84.42,84.87,130648.869038,11121920.44979862
2026-04-19 08:00:00,84.86,85.71,84.44,85.6,86397.440728,7339479.50740707
2026-04-19 12:00:00,85.6,87.13,85.55,86.36,175828.109114,15191673.54845016
2026-04-19 16:00:00,86.37,86.51,84.89,85.34,73606.311358,6295782.62510332
2026-04-19 20:00:00,85.34,85.37,82.93,83.48,187729.817907,15750820.24696096
2026-04-20 00:00:00,83.49,84.6,83.34,84.58,102314.36775,8604468.67379391
2026-04-20 04:00:00,84.58,85.76,83.76,84.73,132215.79014,11181424.06543141
2026-04-20 08:00:00,84.73,85.4,84.56,85.04,110055.628226,9354915.65343366
2026-04-20 12:00:00,85.05,85.88,84.43,85.87,191363.199597,16312509.16997527
2026-04-20 16:00:00,85.86,86.23,85.26,85.8,107578.619799,9237348.58608962
2026-04-20 20:00:00,85.8,86.2,85.22,85.29,82855.660748,7101047.1712402
2026-04-21 00:00:00,85.3,85.82,84.9,85.16,84136.704116,7181462.81632055
2026-04-21 04:00:00,85.17,85.98,85.01,85.7,114726.850069,9812471.35182413
2026-04-21 08:00:00,85.71,86.42,85.53,85.83,121209.19878,10418255.80932755
2026-04-21 12:00:00,85.84,86.89,85.18,86.06,146331.268317,12563285.90306054
2026-04-21 16:00:00,86.06,86.29,84.31,84.59,169654.36042,14468742.77484727
2026-04-21 20:00:00,84.58,86.13,84.45,86.04,103145.885445,8804591.735008
2026-04-22 00:00:00,86.05,87.87,86.02,87.26,189930.011421,16522462.877842
2026-04-22 04:00:00,87.26,88.34,86.99,88.07,207569.631014,18238469.83934656
2026-04-22 08:00:00,88.07,88.86,87.62,88.31,101771.306744,8979275.19365647
2026-04-22 12:00:00,88.32,89.31,88.04,88.2,187490.372368,16631420.23598298
2026-04-22 16:00:00,88.2,88.47,87.09,87.38,127143.91919,11163266.50494388
2026-04-22 20:00:00,87.38,87.71,86.81,86.87,77216.00085,6738412.20640224
2026-04-23 00:00:00,86.87,87.15,85.47,85.79,172900.883058,14925274.65630538
2026-04-23 04:00:00,85.77,86.23,85.52,85.89,126152.269471,10843551.00300655
2026-04-23 08:00:00,85.9,85.93,85.2,85.82,110939.15594,9495251.9566386
2026-04-23 12:00:00,85.82,86.64,85.55,86.34,151499.066945,13035615.5307156
2026-04-23 16:00:00,86.35,86.4,84.49,85.29,167064.639036,14251179.09770624
2026-04-23 20:00:00,85.3,86.25,85.29,86.13,67853.950541,5828841.59859879
2026-04-24 00:00:00,86.14,86.35,85.41,85.69,59708.168058,5132406.60116824
2026-04-24 04:00:00,85.7,85.85,85.15,85.49,105282.128967,8996339.54805594
2026-04-24 08:00:00,85.5,86.26,84.95,86.18,103647.119107,8874768.55285922
2026-04-24 12:00:00,86.18,86.79,85.55,86.52,129515.038297,11169948.48362459
2026-04-24 16:00:00,86.52,86.58,85.97,86.32,58607.053612,5060917.00511545
2026-04-24 20:00:00,86.32,86.94,86.08,86.18,66315.937123,5734220.61762041
2026-04-25 00:00:00,86.17,86.5,86.03,86.47,30716.103529,2649854.81498368
2026-04-25 04:00:00,86.47,86.66,86.14,86.37,60362.871189,5215701.36343164
2026-04-25 08:00:00,86.36,86.81,86.25,86.36,54960.315569,4757738.81200777
2026-04-25 12:00:00,86.36,86.67,86.11,86.23,33968.623123,2936474.01174099
2026-04-25 16:00:00,86.22,86.33,85.53,85.67,93280.712277,8000271.24986439
2026-04-25 20:00:00,85.68,86.17,85.61,86.16,27567.436198,2369358.41220914
2026-04-26 00:00:00,86.17,86.45,85.84,85.99,55209.178253,4755769.48451045
2026-04-26 04:00:00,85.99,86.72,85.93,86.64,74224.924843,6416894.2066321
2026-04-26 08:00:00,86.64,86.77,86.43,86.48,34723.103505,3006114.19154339
2026-04-26 12:00:00,86.49,86.58,85.9,86.55,96031.656722,8278737.41453279
2026-04-26 16:00:00,86.56,87.26,86.28,86.88,63063.630659,5472902.31171605
2026-04-26 20:00:00,86.88,87.33,86.18,86.93,97102.297445,8428307.52422855
2026-04-27 00:00:00,86.93,88.1,86.56,87.73,136609.610117,11948750.78853838
2026-04-27 04:00:00,87.73,87.85,85.25,85.26,168548.773829,14516418.77234787
2026-04-27 08:00:00,85.26,85.63,85.04,85.26,128235.38984,10942917.45440879
2026-04-27 12:00:00,85.26,85.83,83.63,84.17,194151.549177,16454337.32331377
2026-04-27 16:00:00,84.17,84.7,83.84,84.19,78037.110504,6582021.68110415
2026-04-27 20:00:00,84.19,84.91,84.12,84.82,51544.83814,4352402.10263113
2026-04-28 00:00:00,84.83,84.94,83.92,84.18,66386.073135,5604410.24072813
2026-04-28 04:00:00,84.19,84.45,83.65,84.03,114743.355979,9648982.28233152
2026-04-28 08:00:00,84.03,84.2,83.29,83.42,57830.390668,4839897.15011975
2026-04-28 12:00:00,83.43,84.0,82.99,83.48,114019.998076,9505961.00579804
2026-04-28 16:00:00,83.48,84.05,83.33,83.9,62151.136952,5199413.82135585
2026-04-28 20:00:00,83.9,84.16,83.57,84.07,91678.768445,7688823.44412758
2026-04-29 00:00:00,84.07,84.73,83.8,84.58,80649.255597,6789060.92641676
2026-04-29 04:00:00,84.59,85.06,84.43,84.71,91466.522088,7756613.73163284
2026-04-29 08:00:00,84.71,85.58,84.36,84.91,128838.63201,10966436.67771468
2026-04-29 12:00:00,84.92,84.92,82.99,83.26,186704.280906,15644850.88433251
2026-04-29 16:00:00,83.25,83.63,81.41,82.2,248848.764774,20506183.03723636
2026-04-29 20:00:00,82.21,83.22,82.17,83.05,76041.43523,6296980.21355556
2026-04-30 00:00:00,83.06,84.02,82.69,83.05,105416.051374,8798938.46955103
2026-04-30 04:00:00,83.05,83.4,82.17,83.35,99021.93929,8196637.62555285
2026-04-30 08:00:00,83.35,83.56,82.8,83.01,60959.719134,5070232.92585616
2026-04-30 12:00:00,83.01,83.84,82.7,83.36,99519.033619,8283516.94171502
2026-04-30 16:00:00,83.36,83.45,82.87,83.04,52685.483408,4378809.33513077
2026-04-30 20:00:00,83.03,83.2,82.8,83.09,29482.299988,2447033.35297011
2026-05-01 00:00:00,83.09,84.39,83.08,83.9,82453.995491,6904864.99829802
2026-05-01 04:00:00,83.91,84.25,83.68,83.97,94163.634366,7900718.08443193
2026-05-01 08:00:00,83.97,84.3,83.74,84.03,52517.237651,4413758.30894545
2026-05-01 12:00:00,84.03,84.86,83.87,84.46,133414.560049,11257630.20600999
2026-05-01 16:00:00,84.46,84.63,83.78,83.88,72454.802122,6095883.08462287
2026-05-01 20:00:00,83.89,83.93,83.33,83.75,85221.470075,7134008.60957444
2026-05-02 00:00:00,83.76,84.2,83.43,83.8,96744.096361,8112491.50997423
2026-05-02 04:00:00,83.81,83.85,83.53,83.7,57999.799025,4853651.75378882
2026-05-02 08:00:00,83.71,84.15,83.52,83.7,58670.582954,4916591.8822205
2026-05-02 12:00:00,83.71,84.1,83.68,84.05,76962.753912,6460923.97503735
2026-05-02 16:00:00,84.06,84.31,83.95,84.23,31229.331163,2627377.65591491
2026-05-02 20:00:00,84.23,84.98,84.05,84.28,93756.843477,7916899.23770223
2026-05-03 00:00:00,84.28,84.32,83.59,83.67,62993.699841,5286552.79219188
2026-05-03 04:00:00,83.67,84.02,83.58,83.88,34055.816749,2853461.0088073
2026-05-03 08:00:00,83.88,84.2,83.74,83.95,42939.165803,3605505.78369703
2026-05-03 12:00:00,83.96,84.44,83.96,84.14,38754.268997,3262965.88922992
2026-05-03 16:00:00,84.15,84.49,83.99,84.37,27530.630884,2318227.44556064
2026-05-03 20:00:00,84.37,84.96,83.88,83.92,113424.199907,9572743.66488847
2026-05-04 00:00:00,83.92,85.65,83.36,85.41,320170.763808,27174169.49358392
2026-05-04 04:00:00,85.42,85.9,84.52,84.88,157346.267633,13413382.57402298
2026-05-04 08:00:00,84.88,85.19,83.26,83.96,168218.797886,14136113.79027963
2026-05-04 12:00:00,83.96,85.32,83.6,84.48,193405.57779,16326874.00870799
2026-05-04 16:00:00,84.48,85.2,84.0,84.45,103574.652851,8765815.02376305
2026-05-04 20:00:00,84.46,84.54,84.02,84.09,37010.048432,3117588.75234998
2026-05-05 00:00:00,84.1,84.97,84.03,84.78,80363.994309,6792592.56900492
2026-05-05 04:00:00,84.77,85.14,84.55,84.88,149380.870897,12675596.55871471
2026-05-05 08:00:00,84.87,85.0,84.44,84.97,81149.055291,6874336.64622371
2026-05-05 12:00:00,84.98,86.08,84.91,85.51,205133.103983,17556470.19818769
2026-05-05 16:00:00,85.51,86.57,85.03,86.5,120272.610313,10318204.015576
2026-05-05 20:00:00,86.49,86.98,86.17,86.31,154644.325875,13387538.35974982
2026-05-06 00:00:00,86.29,87.46,86.1,87.32,130569.078333,11334814.87554494
2026-05-06 04:00:00,87.32,87.9,86.67,87.69,143518.072812,12534714.97784565
2026-05-06 08:00:00,87.7,90.08,87.64,89.87,270876.200706,24117346.51811633
2026-05-06 12:00:00,89.87,89.96,87.46,88.97,281332.800564,24955843.26093258
2026-05-06 16:00:00,88.97,89.53,88.49,89.27,136145.40832,12117187.61685373
2026-05-06 20:00:00,89.27,89.62,88.67,89.16,122488.171772,10932007.05731851
2026-05-07 00:00:00,89.16,89.25,87.64,87.75,178123.436771,15697715.36323975
2026-05-07 04:00:00,87.76,90.42,87.7,90.15,305167.242238,27149769.14492944
2026-05-07 08:00:00,90.15,90.27,88.73,89.57,250707.348878,22428245.00929907
2026-05-07 12:00:00,89.56,90.1,87.8,88.32,214040.745961,19002127.03649494
2026-05-07 16:00:00,88.31,89.05,87.97,88.44,140034.438328,12392264.04773824
2026-05-07 20:00:00,88.46,88.86,87.67,88.43,98338.492826,8665815.75894305
2026-05-08 00:00:00,88.44,88.65,87.59,88.23,96000.663591,8457567.43967755
2026-05-08 04:00:00,88.23,88.44,87.66,88.23,118896.863848,10466470.56706363
2026-05-08 08:00:00,88.24,88.77,88.02,88.64,117372.154204,10381294.30134695
2026-05-08 12:00:00,88.65,89.6,88.01,89.59,242480.839788,21532770.99002865
2026-05-08 16:00:00,89.6,92.8,89.34,92.59,389644.604167,35670391.41573331
2026-05-08 20:00:00,92.6,92.7,91.75,92.02,121436.895661,11197065.00834619
2026-05-09 00:00:00,92.02,93.83,91.85,93.63,175439.529531,16355066.09748482
2026-05-09 04:00:00,93.63,94.17,92.83,93.74,187919.458607,17587560.2591121
2026-05-09 08:00:00,93.74,93.94,93.05,93.61,70594.171378,6598972.38503372
2026-05-09 12:00:00,93.61,93.74,92.4,92.99,84933.4285,7906570.59966883
2026-05-09 16:00:00,93.0,93.64,92.69,93.51,85310.956318,7947506.39860008
2026-05-09 20:00:00,93.52,93.55,93.04,93.13,26120.563561,2437706.23698369
2026-05-10 00:00:00,93.13,93.49,92.61,93.41,87151.238942,8103381.2023994
2026-05-10 04:00:00,93.41,93.64,93.23,93.45,46321.842245,4327271.18767232
2026-05-10 08:00:00,93.45,94.84,92.92,93.56,157832.585358,14831787.45953121
2026-05-10 12:00:00,93.55,94.74,93.2,94.54,108667.752821,10207337.1517403
2026-05-10 16:00:00,94.54,96.89,94.17,96.48,202686.784211,19398776.54430257
2026-05-10 20:00:00,96.48,96.88,93.41,96.45,241224.243908,23027514.39055933
2026-05-11 00:00:00,96.46,96.66,94.46,94.77,183288.27423,17540093.05408647
2026-05-11 04:00:00,94.78,96.17,94.44,95.34,69627.908392,6641763.84449222
2026-05-11 08:00:00,95.34,95.59,94.58,95.25,103439.225257,9843951.27311537
2026-05-11 12:00:00,95.26,96.8,94.31,96.79,197557.450774,18836971.6183547
2026-05-11 16:00:00,96.8,98.38,96.49,98.18,218442.200878,21319170.48678152
2026-05-11 20:00:00,98.2,98.38,97.09,97.36,77082.092123,7528191.44104838
2026-05-12 00:00:00,97.37,97.66,95.54,96.14,103334.206752,9974369.78440926
2026-05-12 04:00:00,96.15,96.99,95.82,96.04,54125.789026,5214150.5363654
2026-05-12 08:00:00,96.05,96.19,94.61,94.98,131812.066973,12591848.57626303
2026-05-12 12:00:00,94.98,95.57,93.62,93.87,182667.586508,17278275.38314462
2026-05-12 16:00:00,93.87,94.98,93.61,94.93,82934.228783,7822901.54363913
2026-05-12 20:00:00,94.92,95.05,94.25,94.29,47672.73408,4516783.24700709
2026-05-13 00:00:00,94.29,95.58,94.06,95.56,57532.380686,5467995.07974953
2026-05-13 04:00:00,95.57,95.99,94.89,95.13,118821.003428,11336183.17379054
2026-05-13 08:00:00,95.14,95.87,94.25,94.34,107753.179694,10232346.12259565
2026-05-13 12:00:00,94.34,94.64,90.29,90.45,387973.501596,35822138.69488795
2026-05-13 16:00:00,90.45,91.42,90.42,90.95,134522.494099,12231052.03915068
2026-05-13 20:00:00,90.96,91.35,90.65,91.17,63915.65831,5819319.71819064
2026-05-14 00:00:00,91.16,91.42,89.81,89.93,86841.915359,7873795.77469287
2026-05-14 04:00:00,89.94,91.71,89.87,90.89,136545.343193,12430655.89680992
2026-05-14 08:00:00,90.89,91.29,90.59,90.64,50839.533386,4621931.95372795
2026-05-14 12:00:00,90.63,93.23,90.54,93.16,178329.263284,16381237.76209104
2026-05-14 16:00:00,93.18,93.67,92.31,92.9,178320.374899,16602877.30323285
2026-05-14 20:00:00,92.9,92.99,92.12,92.17,55348.552696,5125340.68414471
2026-05-15 00:00:00,92.17,92.66,91.48,92.06,115427.419898,10621494.92192791
2026-05-15 04:00:00,92.06,92.06,90.27,91.6,157653.059468,14368685.63575239
2026-05-15 08:00:00,91.61,91.69,90.93,91.27,112055.694744,10230394.42973851
2026-05-15 12:00:00,91.26,91.26,88.55,89.05,221863.982498,19856023.90995884
2026-05-15 16:00:00,89.05,90.1,88.82,89.43,90562.273984,8111637.49158901
2026-05-15 20:00:00,89.44,89.53,88.97,89.25,37874.92468,3380334.68387914
2026-05-16 00:00:00,89.25,89.44,88.95,89.05,29204.400335,2605710.7489157
2026-05-16 04:00:00,89.05,89.1,86.73,87.46,167436.270036,14736350.76323818
2026-05-16 08:00:00,87.46,87.63,85.52,86.11,157752.175405,13612659.46159116
2026-05-16 12:00:00,86.11,86.7,86.01,86.49,70795.18872,6112116.35328476
2026-05-16 16:00:00,86.49,86.96,86.3,86.7,65426.694867,5667944.61588789
2026-05-16 20:00:00,86.7,86.9,86.45,86.55,35144.472248,3046394.1432874
2026-05-17 00:00:00,86.55,86.73,85.58,86.51,107858.694799,9290052.85855581
2026-05-17 04:00:00,86.52,87.28,86.48,86.98,50084.13712,4351436.0298396
2026-05-17 08:00:00,86.98,87.27,86.59,86.91,69655.804619,6053678.20200549
2026-05-17 12:00:00,86.91,87.02,85.94,86.45,43124.229791,3727644.13003466
2026-05-17 16:00:00,86.45,86.94,86.01,86.8,40608.100248,3508935.65778799
2026-05-17 20:00:00,86.8,86.97,83.38,85.23,231802.143853,19686584.01893652
2026-05-18 00:00:00,85.23,85.47,84.4,84.86,127004.576794,10790465.3553137
2026-05-18 04:00:00,84.86,85.38,84.28,84.77,130905.042093,11103483.72162862
2026-05-18 08:00:00,84.77,85.32,84.08,84.98,71842.351286,6080767.9402151
2026-05-18 12:00:00,84.99,85.79,83.61,84.21,178110.775345,15054869.16322394
2026-05-18 16:00:00,84.21,85.23,83.5,85.01,108316.133665,9133213.27178683
2026-05-18 20:00:00,85.01,85.78,84.79,85.39,68403.787548,5836911.76240018
2026-05-19 00:00:00,85.39,85.97,84.62,85.09,46162.196267,3936815.61606559
2026-05-19 04:00:00,85.09,85.63,84.45,85.48,79929.929114,6809317.62889441
2026-05-19 08:00:00,85.49,85.59,84.27,84.39,74898.392652,6359656.30971434
2026-05-19 12:00:00,84.39,85.1,83.7,84.38,81418.114037,6875606.27906044
2026-05-19 16:00:00,84.38,85.06,84.15,84.35,51603.359123,4366243.50673829
2026-05-19 20:00:00,84.36,84.67,84.0,84.3,46381.05479,3914971.94816099
2026-05-20 00:00:00,84.29,84.54,83.85,84.1,54910.450969,4622636.74884183
2026-05-20 04:00:00,84.11,85.12,83.88,84.75,48211.968893,4083103.96106916
2026-05-20 08:00:00,84.76,85.19,84.57,84.69,48682.367833,4134798.92499664
2026-05-20 12:00:00,84.69,86.29,84.17,85.91,163443.033171,13975017.51754711
2026-05-20 16:00:00,85.92,87.09,85.54,86.17,140345.264416,12111857.15554059
2026-05-20 20:00:00,86.18,86.34,85.56,86.16,64921.653863,5584214.26075556
2026-05-21 00:00:00,86.17,87.03,86.1,86.85,76974.6218,6668176.26475159
2026-05-21 04:00:00,86.85,87.24,86.2,86.63,122451.601945,10620257.90053602
2026-05-21 08:00:00,86.63,87.2,85.59,85.6,118374.124222,10236380.9603735
2026-05-21 12:00:00,85.6,86.9,85.34,86.46,133312.033959,11479637.46001163
2026-05-21 16:00:00,86.46,88.02,86.05,87.82,207190.599121,18094677.52301171
2026-05-21 20:00:00,87.84,87.92,87.03,87.35,54541.804587,4771136.04832653
2026-05-22 00:00:00,87.36,87.36,86.59,87.03,38575.574612,3357260.81294485
2026-05-22 04:00:00,87.04,87.38,86.51,86.98,94440.302197,8203868.46038968
2026-05-22 08:00:00,86.99,87.52,86.73,87.34,62565.070708,5453184.99496137
2026-05-22 12:00:00,87.34,87.86,86.27,86.78,117222.580461,10207977.22505503
2026-05-22 16:00:00,86.78,87.19,84.0,84.55,172824.834915,14750989.57490416
2026-05-22 20:00:00,84.55,85.3,84.0,84.4,97598.341172,8269655.43674636
2026-05-23 00:00:00,84.41,84.75,84.08,84.69,54576.426558,4606757.30520256
2026-05-23 04:00:00,84.69,84.71,81.38,82.25,224000.633671,18554949.7284336
2026-05-23 08:00:00,82.25,82.47,81.69,82.3,148801.092155,12219140.80355291
2026-05-23 12:00:00,82.29,84.54,82.15,84.09,164044.271808,13705146.69248412
2026-05-23 16:00:00,84.1,85.15,83.93,84.97,94010.686291,7945045.68065974
2026-05-23 20:00:00,84.97,87.5,84.79,85.76,170346.251932,14697558.71940979
2026-05-24 00:00:00,85.77,86.23,85.63,85.8,45684.121664,3926024.73741305
2026-05-24 04:00:00,85.81,86.76,85.56,86.07,74794.555565,6437381.19432443
2026-05-24 08:00:00,86.08,87.04,86.0,86.67,135645.269674,11739795.58042242
2026-05-24 12:00:00,86.67,86.69,84.47,85.31,90993.027531,7782064.01304321
2026-05-24 16:00:00,85.31,85.87,85.18,85.38,62487.883847,5342649.21172291
2026-05-24 20:00:00,85.38,85.52,83.68,85.27,110163.727817,9341428.13973306
2026-05-25 00:00:00,85.28,85.77,84.76,84.93,70110.28901,5977008.34685139
2026-05-25 04:00:00,84.94,86.17,84.92,85.96,86056.262013,7383338.04683067
2026-05-25 08:00:00,85.97,86.22,85.7,85.77,47259.64715,4062931.12666006
2026-05-25 12:00:00,85.77,86.53,85.67,86.25,58111.547921,5005718.30604346
2026-05-25 16:00:00,86.25,86.44,85.52,85.65,54569.328478,4696608.85949606
2026-05-25 20:00:00,85.64,85.88,84.72,85.06,56866.317812,4843878.71505773
2026-05-26 00:00:00,85.06,85.1,83.84,84.23,92046.802003,7751991.16933543
2026-05-26 04:00:00,84.23,84.98,84.01,84.34,76286.888989,6439857.30725433
2026-05-26 08:00:00,84.35,85.81,84.32,85.23,89858.561167,7650132.23945945
2026-05-26 12:00:00,85.23,86.15,84.04,84.5,189085.882323,16108548.00439653
2026-05-26 16:00:00,84.5,84.58,83.15,83.77,147598.223193,12371065.44623523
2026-05-26 20:00:00,83.78,83.97,83.53,83.72,32381.734202,2712352.35690021
2026-05-27 00:00:00,83.72,84.19,83.51,83.64,38020.554807,3189396.54334306
2026-05-27 04:00:00,83.64,84.21,82.86,84.2,69689.511818,5822411.26962199
2026-05-27 08:00:00,84.2,84.42,83.63,83.94,50489.159745,4241658.15032687
2026-05-27 12:00:00,83.96,84.83,82.99,84.43,160596.32467,13473466.70660477
2026-05-27 16:00:00,84.44,84.75,83.18,83.92,71008.532582,5955856.99172887
2026-05-27 20:00:00,83.93,84.14,82.12,82.44,98710.944633,8174620.90275176
2026-05-28 00:00:00,82.43,82.76,80.49,80.73,176608.36888,14397938.42625505
2026-05-28 04:00:00,80.73,81.35,80.02,81.27,131369.325257,10604031.32363446
2026-05-28 08:00:00,81.27,81.31,80.61,80.87,66838.851089,5413761.15038826
2026-05-28 12:00:00,80.88,81.66,80.03,81.14,177709.636773,14372499.89615006
2026-05-28 16:00:00,81.15,83.0,80.93,82.18,103316.789167,8495918.92627976
2026-05-28 20:00:00,82.18,82.67,81.78,82.12,57206.185561,4705012.63672071
2026-05-29 00:00:00,82.12,82.48,81.49,81.63,35653.95843,2923563.2735482
2026-05-29 04:00:00,81.63,82.5,81.39,82.25,55296.340988,4540054.83905023
2026-05-29 08:00:00,82.25,82.64,81.52,81.78,43529.103947,3577955.95655202
2026-05-29 12:00:00,81.78,83.24,80.37,82.57,177165.576681,14511663.86989445
2026-05-29 16:00:00,82.59,83.21,81.6,82.06,115482.709915,9540782.07594956
2026-05-29 20:00:00,82.05,82.41,81.62,82.05,49202.396902,4034926.24637237
2026-05-30 00:00:00,82.05,83.09,81.95,82.67,55250.727066,4570324.65483804
2026-05-30 04:00:00,82.68,82.8,81.87,82.39,60144.580999,4956291.66690051
2026-05-30 08:00:00,82.39,82.55,82.2,82.33,21512.985559,1771670.16684942
2026-05-30 12:00:00,82.34,82.92,82.26,82.7,46329.272733,3825498.48439107
2026-05-30 16:00:00,82.7,83.14,82.63,82.99,37495.128554,3108358.25707789
2026-05-30 20:00:00,82.99,83.19,82.46,82.73,38510.047827,3191012.56692987
2026-05-31 00:00:00,82.74,83.4,82.62,83.23,48561.06118,4035182.24374108
2026-05-31 04:00:00,83.23,83.3,82.52,82.68,35600.673979,2953447.69044974
2026-05-31 08:00:00,82.68,83.05,82.49,82.75,30962.66402,2562036.97165405
2026-05-31 12:00:00,82.75,83.11,81.8,81.89,79618.823709,6551064.57015753
2026-05-31 16:00:00,81.89,82.06,81.34,81.59,40381.605757,3298771.01761207
2026-05-31 20:00:00,81.6,82.91,81.6,82.46,50784.695872,4178401.87089124
2026-06-01 00:00:00,82.45,83.11,81.61,82.61,79022.790545,6525299.30089149
2026-06-01 04:00:00,82.62,82.77,80.65,80.74,72444.908882,5906086.63242422
2026-06-01 08:00:00,80.73,81.29,80.47,80.82,69501.998532,5624452.19254144
2026-06-01 12:00:00,80.83,81.08,79.2,79.62,227893.962064,18235495.74681337
2026-06-01 16:00:00,79.62,81.32,79.12,81.2,126652.766315,10192872.31658174
2026-06-01 20:00:00,81.19,81.63,80.33,81.27,85295.754651,6910339.57768872
2026-06-02 00:00:00,81.28,81.3,79.39,80.91,79175.747902,6372151.64177057
2026-06-02 04:00:00,80.91,81.01,79.15,79.68,95234.268591,7613753.77332937
2026-06-02 08:00:00,79.69,79.82,78.7,78.95,110818.41024,8781366.77818212
2026-06-02 12:00:00,78.95,79.22,75.51,76.38,309582.889306,23930663.39812823
2026-06-02 16:00:00,76.38,77.68,74.41,75.52,198728.199454,15114855.95522684
2026-06-02 20:00:00,75.52,76.08,72.72,74.21,208660.860565,15506857.21473641
2026-06-03 00:00:00,74.23,75.13,72.28,72.71,184534.669683,13687987.20923902
2026-06-03 04:00:00,72.72,75.42,72.7,75.26,196120.384833,14620421.44125578
2026-06-03 08:00:00,75.26,75.7,74.71,75.12,109808.341039,8256876.55580949
2026-06-03 12:00:00,75.13,75.37,73.25,73.3,139596.593213,10389823.39557016
2026-06-03 16:00:00,73.31,74.1,71.71,71.99,183511.030661,13351407.92761391
2026-06-03 20:00:00,71.98,73.2,70.88,71.62,174748.579731,12565122.60837872
2026-06-04 00:00:00,71.61,72.11,66.67,71.47,550146.209529,38190247.36706716
2026-06-04 04:00:00,71.49,71.77,69.13,69.16,155018.102871,10924045.88960338
2026-06-04 08:00:00,69.14,69.43,67.41,68.69,245785.252205,16812193.77908762
2026-06-04 12:00:00,68.7,70.66,68.32,69.65,185642.373847,12948339.69859956
2026-06-04 16:00:00,69.65,69.89,68.49,69.1,110484.577647,7654300.10343306
2026-06-04 20:00:00,69.09,69.15,67.57,68.88,121504.565025,8296954.08610677
2026-06-05 00:00:00,68.87,69.1,66.93,67.1,175928.873188,11949617.73169174
2026-06-05 04:00:00,67.12,68.09,63.61,66.17,557611.605264,36610197.12773458
2026-06-05 08:00:00,66.18,66.81,65.09,66.09,221392.918335,14625402.09488508
2026-06-05 12:00:00,66.08,66.82,63.78,64.25,480540.540192,31317977.28568606
2026-06-05 16:00:00,64.24,66.06,61.46,63.43,544023.892939,34778045.72392429
2026-06-05 20:00:00,63.43,65.4,62.65,63.63,271731.322595,17450060.24573859
2026-06-06 00:00:00,63.64,64.86,62.56,62.82,144326.148611,9197143.26192982
2026-06-06 04:00:00,62.84,63.35,60.11,62.79,359876.317458,22236242.4901266
2026-06-06 08:00:00,62.79,63.6,61.2,62.45,170803.418032,10663605.84199072
2026-06-06 12:00:00,62.46,63.11,61.34,62.06,147122.648767,9175830.32007009
2026-06-06 16:00:00,62.05,62.41,61.38,61.65,125157.005611,7740799.34279872
2026-06-06 20:00:00,61.64,62.37,61.38,62.21,95233.275737,5888492.74337871
2026-06-07 00:00:00,62.21,64.15,61.97,63.83,152584.236114,9666173.57940243
2026-06-07 04:00:00,63.82,65.01,63.3,64.92,122629.040162,7899248.69779109
2026-06-07 08:00:00,64.92,66.11,64.44,65.03,161804.51648,10548621.73595626
2026-06-07 12:00:00,65.04,65.33,63.65,64.98,147410.284515,9504278.42839471
2026-06-07 16:00:00,64.99,65.61,63.64,63.94,169274.248574,10976009.38715099
2026-06-07 20:00:00,63.94,67.92,63.74,66.5,241775.406236,15919711.52119263
2026-06-08 00:00:00,66.49,67.1,65.41,66.35,144918.478028,9604135.76049688
2026-06-08 04:00:00,66.36,66.41,64.98,66.11,112448.018589,7381819.28387183
2026-06-08 08:00:00,66.1,67.05,65.46,66.69,169359.420227,11224475.9723985
2026-06-08 12:00:00,66.69,67.82,65.98,67.19,265964.596519,17825842.98867189
2026-06-08 16:00:00,67.19,67.82,66.56,67.46,160813.096533,10818176.06268116
2026-06-08 20:00:00,67.46,68.16,66.66,66.83,163871.251339,11038337.883705
2026-06-09 00:00:00,66.82,66.88,65.29,66.02,137112.551939,9026646.62780258
2026-06-09 04:00:00,66.01,67.47,65.82,66.91,154217.95507,10327830.33587972
2026-06-09 08:00:00,66.9,66.94,65.85,66.12,174535.928774,11580893.57858556
2026-06-09 12:00:00,66.11,66.52,64.27,64.33,228999.607654,14963316.22748142
2026-06-09 16:00:00,64.33,65.66,63.55,65.41,265959.717614,17194752.61951443
2026-06-09 20:00:00,65.42,65.71,64.68,64.98,87295.996758,5692800.88366481
2026-06-10 00:00:00,64.97,65.3,64.25,64.52,74705.237533,4843848.87399774
2026-06-10 04:00:00,64.53,64.78,63.83,64.49,85574.026633,5497672.73338514
2026-06-10 08:00:00,64.5,64.52,62.96,63.51,182362.159136,11579201.1447709
2026-06-10 12:00:00,63.5,65.77,63.3,65.45,294061.348214,19026768.82662938
2026-06-10 16:00:00,65.45,65.48,63.37,63.56,167585.112812,10754965.31139317
2026-06-10 20:00:00,63.55,63.66,62.35,63.19,136277.667718,8571581.06100867
2026-06-11 00:00:00,63.2,65.49,63.2,65.27,197486.977042,12759574.84582877
2026-06-11 04:00:00,65.28,65.44,64.79,65.05,88934.463216,5792552.21373351
2026-06-11 08:00:00,65.05,66.15,65.02,65.88,133870.928266,8764999.71836524
2026-06-11 12:00:00,65.89,65.93,64.89,65.56,250304.999023,16376543.70924697
2026-06-11 16:00:00,65.56,67.39,65.05,66.95,214086.49337,14216253.54721988
2026-06-11 20:00:00,66.94,67.13,66.35,66.91,73847.05061,4937775.957877
2026-06-12 00:00:00,66.92,67.3,66.42,67.02,80577.41237,5389715.76402518
2026-06-12 04:00:00,67.03,67.24,65.94,66.32,116094.57634,7727117.70935762
2026-06-12 08:00:00,66.32,67.49,66.31,66.92,104938.46498,7028935.5013852
2026-06-12 12:00:00,66.93,68.82,66.38,67.25,276257.85527,18639889.86454734
2026-06-12 16:00:00,67.26,68.21,66.69,66.79,171648.775779,11570010.86306952
2026-06-12 20:00:00,66.79,66.94,66.46,66.82,74934.110062,4996622.87138207
2026-06-13 00:00:00,66.83,67.51,66.7,66.89,58966.136195,3956600.81638393
2026-06-13 04:00:00,66.89,67.49,66.55,67.37,76023.669817,5093505.04864837
2026-06-13 08:00:00,67.37,67.96,67.26,67.9,68038.921899,4593589.13994697
2026-06-13 12:00:00,67.9,68.71,67.78,68.59,104530.883973,7126738.9879534
2026-06-13 16:00:00,68.6,68.63,67.84,68.09,47080.385599,3205145.39928261
