timestamp,open,high,low,close,volume,turnover
2025-06-12 04:00:00,2.2441,2.2579,2.232,2.2398,2761833.257141,6202430.224848801
2025-06-12 08:00:00,2.2395,2.2498,2.224,2.2258,2677501.104786,5984236.981279152
2025-06-12 12:00:00,2.2258,2.2526,2.2215,2.2285,3911674.426219,8761100.975078298
2025-06-12 16:00:00,2.2286,2.2552,2.2023,2.2031,3226266.600466,7204462.569070665
2025-06-12 20:00:00,2.2034,2.2131,2.1709,2.1901,4784505.258916,10488971.422071166
2025-06-13 00:00:00,2.1903,2.192,2.0825,2.1254,17374796.873165,36885327.07563293
2025-06-13 04:00:00,2.1254,2.1317,2.0925,2.1294,4965396.186851,10492122.2565116
2025-06-13 08:00:00,2.1296,2.1566,2.124,2.1546,4321812.108309,9252295.831343215
2025-06-13 12:00:00,2.1548,2.1625,2.122,2.1472,4102311.783196,8797537.824579973
2025-06-13 16:00:00,2.1477,2.16,2.1166,2.122,4656941.346005,9955829.359987862
2025-06-13 20:00:00,2.1222,2.1514,2.1208,2.1476,1890862.304605,4045686.7521406026
2025-06-14 00:00:00,2.1475,2.1605,2.1328,2.1592,2201892.265945,4724615.893529712
2025-06-14 04:00:00,2.159,2.17,2.1488,2.1655,2864222.37332,6187235.280853242
2025-06-14 08:00:00,2.1649,2.1792,2.1577,2.1768,2245533.015008,4875229.842497992
2025-06-14 12:00:00,2.1764,2.178,2.1446,2.149,2520647.196254,5446831.351708051
2025-06-14 16:00:00,2.1491,2.1513,2.1147,2.1244,5174219.206292,11017289.30592934
2025-06-14 20:00:00,2.1246,2.1462,2.1092,2.1393,2698010.182754,5751196.170289293
2025-06-15 00:00:00,2.1393,2.1539,2.1373,2.1531,1504978.890194,3229262.129863177
2025-06-15 04:00:00,2.153,2.1624,2.1482,2.1515,868541.245543,1871572.6923279767
2025-06-15 08:00:00,2.1516,2.1671,2.1465,2.159,1745298.987521,3767570.706523056
2025-06-15 12:00:00,2.159,2.1759,2.1573,2.1644,2112808.408315,4577872.059290317
2025-06-15 16:00:00,2.1645,2.1719,2.1583,2.164,1880188.829197,4067937.2821037783
2025-06-15 20:00:00,2.1641,2.1706,2.1406,2.1656,2851355.044747,6142964.448093001
2025-06-16 00:00:00,2.1655,2.1872,2.1512,2.172,3288950.088342,7143562.673754496
2025-06-16 04:00:00,2.1723,2.2041,2.1713,2.2032,9233937.325039,20187851.039036106
2025-06-16 08:00:00,2.2033,2.2495,2.1939,2.2456,4410681.003305,9767547.703927882
2025-06-16 12:00:00,2.2459,2.2982,2.2435,2.29,9446754.395152,21438994.783391476
2025-06-16 16:00:00,2.2902,2.3361,2.2902,2.3356,6820276.774373,15794163.64206078
2025-06-16 20:00:00,2.336,2.3371,2.2279,2.2381,13351703.235961,30603777.130789682
2025-06-17 00:00:00,2.2384,2.2569,2.2013,2.2488,8313117.235014,18575588.46021428
2025-06-17 04:00:00,2.2495,2.2533,2.2263,2.2357,2414528.718256,5406458.248527646
2025-06-17 08:00:00,2.2356,2.2388,2.1882,2.194,4021682.754331,8890082.677264959
2025-06-17 12:00:00,2.1936,2.225,2.1632,2.1796,7298211.735202,16039903.203635557
2025-06-17 16:00:00,2.1796,2.204,2.1417,2.1826,7235996.494373,15697201.303676149
2025-06-17 20:00:00,2.1826,2.1907,2.1441,2.1591,3372875.090344,7306320.835852318
2025-06-18 00:00:00,2.1592,2.1773,2.1524,2.1672,1542253.606231,3337461.5923618935
2025-06-18 04:00:00,2.1673,2.1757,2.1469,2.1634,2195653.238258,4744724.612528556
2025-06-18 08:00:00,2.1632,2.169,2.1245,2.1421,3208360.260022,6867160.938483808
2025-06-18 12:00:00,2.142,2.1622,2.1181,2.151,4782233.729687,10237875.519220663
2025-06-18 16:00:00,2.1509,2.1626,2.1273,2.1405,3991244.094786,8558681.837219818
2025-06-18 20:00:00,2.1404,2.1807,2.1362,2.1706,2195493.408801,4758114.728305817
2025-06-19 00:00:00,2.1705,2.1857,2.1557,2.1662,1577540.174463,3421327.159474805
2025-06-19 04:00:00,2.1662,2.1759,2.1541,2.1564,1886307.105049,4078776.4429805134
2025-06-19 08:00:00,2.1564,2.1668,2.1489,2.1522,1656063.841365,3574870.637373793
2025-06-19 12:00:00,2.1521,2.1587,2.1443,2.1458,1679793.476341,3613135.908536652
2025-06-19 16:00:00,2.1458,2.1772,2.1458,2.172,1721420.630776,3727912.4558562553
2025-06-19 20:00:00,2.172,2.174,2.16,2.1648,1128323.153094,2443053.1725927345
2025-06-20 00:00:00,2.1648,2.1731,2.1551,2.1551,1179964.753388,2554599.494095704
2025-06-20 04:00:00,2.1551,2.1686,2.1398,2.167,1627599.788367,3502960.1292981156
2025-06-20 08:00:00,2.1672,2.177,2.1609,2.1726,1819306.256322,3948731.984644335
2025-06-20 12:00:00,2.1728,2.1798,2.1306,2.1337,3149519.221269,6777780.272156509
2025-06-20 16:00:00,2.134,2.1372,2.0853,2.1286,7672960.255695,16220364.49031673
2025-06-20 20:00:00,2.1286,2.1481,2.1085,2.1187,2176731.376129,4630847.594914341
2025-06-21 00:00:00,2.1199,2.1327,2.1152,2.1301,896742.59034,1904917.6877341
2025-06-21 04:00:00,2.1301,2.1341,2.119,2.1335,637140.134286,1354857.704868283
2025-06-21 08:00:00,2.1338,2.1452,2.133,2.1372,956589.087739,2045586.1832895307
2025-06-21 12:00:00,2.137,2.1405,2.1082,2.117,2290129.119266,4858428.839153177
2025-06-21 16:00:00,2.1169,2.1193,2.0694,2.0707,4734109.732131,9898011.906426182
2025-06-21 20:00:00,2.0707,2.0938,1.9927,2.0626,12994125.309165,26532367.061436813
2025-06-22 00:00:00,2.0635,2.0883,2.039,2.0596,3642990.820601,7515531.41785437
2025-06-22 04:00:00,2.0596,2.0895,2.0565,2.068,2339006.756122,4857718.269875537
2025-06-22 08:00:00,2.0684,2.0779,2.0134,2.0252,3145309.667658,6427150.032785568
2025-06-22 12:00:00,2.0253,2.0297,1.9241,1.9348,18053372.413148,35449024.45512225
2025-06-22 16:00:00,1.9343,1.9837,1.9289,1.9644,5757186.957487,11287504.862456612
2025-06-22 20:00:00,1.9645,2.0243,1.9082,2.0176,11303462.611132,22311609.59702615
2025-06-23 00:00:00,2.0172,2.0326,2.0035,2.0184,4847279.165353,9776598.87595934
2025-06-23 04:00:00,2.0186,2.0356,2.0103,2.0234,5587686.762177,11300553.253351128
2025-06-23 08:00:00,2.0234,2.0279,1.9866,2.0014,4019708.929068,8060516.546178024
2025-06-23 12:00:00,2.0016,2.0394,1.9859,1.9993,7842109.209383,15801518.409765575
2025-06-23 16:00:00,1.9991,2.0633,1.961,2.0576,10493784.240623,21177800.259650405
2025-06-23 20:00:00,2.0576,2.1709,2.0568,2.1584,10697301.511743,22721059.565399643
2025-06-24 00:00:00,2.1584,2.1664,2.1315,2.1505,4065018.799061,8732466.524702003
2025-06-24 04:00:00,2.1505,2.2105,2.1467,2.178,6121152.257318,13376905.238385567
2025-06-24 08:00:00,2.178,2.2065,2.1607,2.184,5008551.254827,10923923.559251642
2025-06-24 12:00:00,2.1838,2.1938,2.165,2.188,4265826.025651,9296606.238330957
2025-06-24 16:00:00,2.1883,2.2097,2.1841,2.2071,4283904.453322,9412404.859083135
2025-06-24 20:00:00,2.2071,2.2166,2.1782,2.19,2434692.459608,5355644.820098233
2025-06-25 00:00:00,2.19,2.1986,2.1772,2.1784,1705738.860351,3733226.4562043087
2025-06-25 04:00:00,2.1784,2.1881,2.1697,2.1859,1768648.698326,3854347.524995504
2025-06-25 08:00:00,2.1857,2.1975,2.1737,2.1949,2795325.736931,6107415.609457756
2025-06-25 12:00:00,2.1951,2.2295,2.1753,2.1815,5966984.824119,13134029.834075056
2025-06-25 16:00:00,2.1814,2.2086,2.1719,2.2061,2668262.241715,5848300.731641598
2025-06-25 20:00:00,2.206,2.206,2.1751,2.1856,1436532.606842,3145733.284880384
2025-06-26 00:00:00,2.1856,2.2137,2.1806,2.1959,2901985.821612,6375774.555413988
2025-06-26 04:00:00,2.196,2.1985,2.182,2.19,1825202.043188,3997538.225705327
2025-06-26 08:00:00,2.1897,2.1949,2.1699,2.1708,1761664.718758,3838948.9228027095
2025-06-26 12:00:00,2.1709,2.1732,2.1066,2.12,7160396.468922,15293525.602373717
2025-06-26 16:00:00,2.1198,2.1351,2.0959,2.1252,3823727.543459,8086181.1904232595
2025-06-26 20:00:00,2.125,2.146,2.1033,2.1054,2911718.118243,6176037.122006137
2025-06-27 00:00:00,2.1055,2.1115,2.0781,2.1058,3176154.334597,6652724.930519561
2025-06-27 04:00:00,2.1056,2.114,2.0824,2.0853,2267999.784331,4754042.441790944
2025-06-27 08:00:00,2.0855,2.1065,2.085,2.0909,2670601.909586,5590659.322348389
2025-06-27 12:00:00,2.0912,2.1016,2.0678,2.0977,2957519.086832,6165990.936411281
2025-06-27 16:00:00,2.0978,2.1234,2.071,2.094,3609237.975803,7567638.472063059
2025-06-27 20:00:00,2.094,2.1548,2.093,2.1416,3693397.799371,7869624.354459486
2025-06-28 00:00:00,2.142,2.1915,2.134,2.1849,4281948.229269,9283519.675310254
2025-06-28 04:00:00,2.1848,2.2007,2.1754,2.1904,2761218.386766,6043378.532536744
2025-06-28 08:00:00,2.1905,2.1936,2.1802,2.1925,1451656.435997,3175025.059607732
2025-06-28 12:00:00,2.1925,2.2071,2.1819,2.2037,1926336.424298,4227062.1532664765
2025-06-28 16:00:00,2.2039,2.2081,2.185,2.186,1719005.805138,3775224.469647509
2025-06-28 20:00:00,2.1863,2.1895,2.1772,2.1856,1276151.42173,2786451.116137127
2025-06-29 00:00:00,2.1857,2.1899,2.1753,2.1841,1616112.721572,3527858.2002555314
2025-06-29 04:00:00,2.1844,2.1894,2.1808,2.1846,562368.202792,1228627.2912515795
2025-06-29 08:00:00,2.1847,2.1982,2.184,2.196,1331277.687086,2916431.375677343
2025-06-29 12:00:00,2.1959,2.1974,2.18,2.1836,1420823.695541,3109126.1733698226
2025-06-29 16:00:00,2.1832,2.1949,2.1802,2.1886,1488211.550334,3255495.601546947
2025-06-29 20:00:00,2.1886,2.2199,2.1788,2.2063,3875597.748724,8548650.170887426
2025-06-30 00:00:00,2.2065,2.2126,2.1949,2.1967,2231539.599357,4915207.166087634
2025-06-30 04:00:00,2.1966,2.1968,2.1715,2.1872,2830234.183861,6188425.673491312
2025-06-30 08:00:00,2.187,2.1894,2.1696,2.1784,2095153.625074,4564537.443729938
2025-06-30 12:00:00,2.1785,2.2,2.1646,2.1933,4012129.561717,8752162.82201466
2025-06-30 16:00:00,2.1929,2.3276,2.1913,2.3202,12401161.325718,27966878.665109523
2025-06-30 20:00:00,2.3201,2.3256,2.2342,2.2362,6958032.33331,15855067.037341632
2025-07-01 00:00:00,2.236,2.2536,2.2242,2.2374,3818729.89001,8547925.108345179
2025-07-01 04:00:00,2.2375,2.2375,2.2056,2.2243,3841156.498094,8522109.368915183
2025-07-01 08:00:00,2.2244,2.2265,2.1928,2.2022,3512908.7429,7743855.854965017
2025-07-01 12:00:00,2.2021,2.2109,2.1758,2.1884,7102741.041561,15571296.9212665
2025-07-01 16:00:00,2.1884,2.2047,2.1559,2.157,4048033.765014,8825038.489025446
2025-07-01 20:00:00,2.1572,2.1816,2.1463,2.172,3201646.693208,6927119.018140463
2025-07-02 00:00:00,2.1718,2.1872,2.1571,2.1859,1552154.755074,3372540.212592594
2025-07-02 04:00:00,2.1859,2.1976,2.1816,2.1923,1869557.266029,4092022.874764892
2025-07-02 08:00:00,2.1921,2.2045,2.1735,2.1768,2569381.257155,5625113.248621721
2025-07-02 12:00:00,2.1768,2.2155,2.1685,2.2124,3456821.527689,7577591.606227399
2025-07-02 16:00:00,2.2123,2.2916,2.2091,2.2649,12914013.22209,29127225.66203328
2025-07-02 20:00:00,2.2649,2.2669,2.2301,2.2328,4405983.882048,9929410.368325112
2025-07-03 00:00:00,2.2334,2.2476,2.2247,2.2422,2084480.821035,4669407.053683789
2025-07-03 04:00:00,2.2422,2.2833,2.2402,2.2789,5534238.333527,12534173.369941007
2025-07-03 08:00:00,2.279,2.312,2.2758,2.296,7124661.46708,16321589.110639997
2025-07-03 12:00:00,2.296,2.3141,2.239,2.2434,10084263.238595,23007620.886464644
2025-07-03 16:00:00,2.2433,2.283,2.2426,2.2718,2631193.955123,5949147.293636261
2025-07-03 20:00:00,2.2721,2.2799,2.2535,2.2568,1578405.165552,3578818.285593797
2025-07-04 00:00:00,2.257,2.2679,2.2397,2.2487,1603874.139065,3616858.359625216
2025-07-04 04:00:00,2.2486,2.2515,2.2157,2.2213,2986578.961565,6667692.009396136
2025-07-04 08:00:00,2.2212,2.2404,2.2079,2.2385,1441440.760528,3209083.7734288536
2025-07-04 12:00:00,2.2385,2.2435,2.2033,2.215,3067710.55718,6816387.598869957
2025-07-04 16:00:00,2.2144,2.2254,2.1958,2.2106,4526325.264428,10012017.228041016
2025-07-04 20:00:00,2.2106,2.2289,2.2084,2.2205,1151638.129868,2557643.983389753
2025-07-05 00:00:00,2.2205,2.2276,2.21,2.2256,992098.633281,2202774.124675941
2025-07-05 04:00:00,2.2257,2.2334,2.2175,2.2249,1287679.444472,2864862.9670131477
2025-07-05 08:00:00,2.2249,2.2266,2.2114,2.2216,1342102.279187,2979242.686877632
2025-07-05 12:00:00,2.2216,2.2306,2.2146,2.2229,942777.04902,2096259.1688070253
2025-07-05 16:00:00,2.2228,2.2248,2.2013,2.2146,1231711.492627,2724456.613290905
2025-07-05 20:00:00,2.2147,2.2197,2.2075,2.2175,718965.072473,1591471.470384576
2025-07-06 00:00:00,2.2175,2.2226,2.2085,2.2165,768947.615833,1704265.7857768266
2025-07-06 04:00:00,2.2165,2.2351,2.2163,2.2275,1991401.370005,4434261.551832993
2025-07-06 08:00:00,2.2274,2.2849,2.2265,2.2619,5491521.063399,12412081.790530534
2025-07-06 12:00:00,2.2619,2.29,2.2605,2.2768,3709575.580427,8440347.6782767
2025-07-06 16:00:00,2.2768,2.2825,2.2464,2.2645,1963933.420193,4450052.028462896
2025-07-06 20:00:00,2.2645,2.289,2.2631,2.2712,2456184.428356,5589969.818437396
2025-07-07 00:00:00,2.2712,2.2793,2.2572,2.2708,2066230.15243,4688669.349348944
2025-07-07 04:00:00,2.2706,2.2759,2.2553,2.2724,2951391.963501,6690991.016004648
2025-07-07 08:00:00,2.2723,2.298,2.2681,2.2833,4435466.067822,10125900.23442449
2025-07-07 12:00:00,2.2834,2.35,2.2714,2.3391,12787188.451479,29690829.047358457
2025-07-07 16:00:00,2.3388,2.354,2.2802,2.2993,9516524.518639,22054388.39660015
2025-07-07 20:00:00,2.2994,2.2994,2.2591,2.2706,3348984.559111,7615754.594331162
2025-07-08 00:00:00,2.2706,2.273,2.2484,2.2632,3703151.366275,8371674.075770974
2025-07-08 04:00:00,2.2627,2.2764,2.2564,2.2751,3757166.07364,8512667.066912409
2025-07-08 08:00:00,2.2753,2.3008,2.2728,2.2938,4026555.133074,9211152.770885438
2025-07-08 12:00:00,2.2937,2.3048,2.2777,2.2864,5078419.462631,11635837.08595854
2025-07-08 16:00:00,2.2866,2.3224,2.283,2.3216,4933185.297271,11384337.099444969
2025-07-08 20:00:00,2.3215,2.3223,2.2965,2.3107,3864273.359616,8916336.587196952
2025-07-09 00:00:00,2.3107,2.3196,2.2974,2.3033,3805565.184493,8775794.581803206
2025-07-09 04:00:00,2.3034,2.3375,2.3018,2.3313,4764400.889925,11073490.868194876
2025-07-09 08:00:00,2.3314,2.3893,2.3303,2.3816,7662083.123261,18066379.30557091
2025-07-09 12:00:00,2.3817,2.404,2.3514,2.3818,8328289.080559,19831053.931496076
2025-07-09 16:00:00,2.3819,2.4279,2.3749,2.4212,6531777.640959,15667790.984579472
2025-07-09 20:00:00,2.4209,2.4222,2.3844,2.4037,4335384.653782,10434108.29892337
2025-07-10 00:00:00,2.4041,2.4372,2.3928,2.4206,4280541.432556,10345932.506429436
2025-07-10 04:00:00,2.4204,2.4427,2.4108,2.4374,3312845.667247,8039277.983871248
2025-07-10 08:00:00,2.4373,2.462,2.4273,2.4529,4275598.886194,10458459.591158688
2025-07-10 12:00:00,2.453,2.4599,2.4189,2.4541,6061614.261231,14789015.010583973
2025-07-10 16:00:00,2.4543,2.5125,2.4473,2.5008,8920873.161456,22188444.3755242
2025-07-10 20:00:00,2.5006,2.5679,2.4923,2.5474,10440710.490568,26488009.688354395
2025-07-11 00:00:00,2.5471,2.5946,2.5118,2.5765,6998974.929983,17895907.733117156
2025-07-11 04:00:00,2.5762,2.5985,2.5539,2.5794,19237314.582467,49674787.975781694
2025-07-11 08:00:00,2.5795,2.6612,2.5792,2.629,13969558.853201,36524286.88810642
2025-07-11 12:00:00,2.629,2.9772,2.6251,2.7755,53927610.575659,151677147.9671685
2025-07-11 16:00:00,2.7755,2.858,2.6982,2.858,23933441.536735,66627432.01790884
2025-07-11 20:00:00,2.858,2.8582,2.6599,2.7325,20521221.188905,56130322.208029285
2025-07-12 00:00:00,2.7324,2.8483,2.6884,2.8008,14143594.349811,39368461.46491518
2025-07-12 04:00:00,2.8006,2.806,2.7557,2.7675,6157929.256927,17124859.30214497
2025-07-12 08:00:00,2.7675,2.848,2.766,2.8058,8239614.882517,23154187.158773016
2025-07-12 12:00:00,2.806,2.8094,2.6633,2.6815,15822176.425637,43317185.2408808
2025-07-12 16:00:00,2.682,2.7542,2.6705,2.7373,9493150.153193,25876991.28327688
2025-07-12 20:00:00,2.7375,2.7493,2.6841,2.7394,5599884.670355,15251580.818908729
2025-07-13 00:00:00,2.7397,2.7876,2.7239,2.7685,6593731.352102,18174621.167327315
2025-07-13 04:00:00,2.7687,2.8146,2.7581,2.7994,6132544.141176,17084545.9776974
2025-07-13 08:00:00,2.7995,2.82,2.7707,2.7888,5628983.963147,15706198.951144248
2025-07-13 12:00:00,2.7888,2.894,2.7828,2.8383,16148620.158762,45854584.03565205
2025-07-13 16:00:00,2.8385,2.882,2.8114,2.8454,7601963.723869,21663770.73131164
2025-07-13 20:00:00,2.8455,2.8659,2.7621,2.8361,7388899.278825,20810371.93195376
2025-07-14 00:00:00,2.8362,2.9484,2.8209,2.927,11834995.237362,34148179.14474526
2025-07-14 04:00:00,2.9273,2.98,2.8744,2.9567,17758995.556835,52188451.673365936
2025-07-14 08:00:00,2.957,3.023,2.9275,2.9776,22063637.217627,65796062.000493035
2025-07-14 12:00:00,2.9775,3.035,2.9101,2.9469,24251482.31831,72303767.18003157
2025-07-14 16:00:00,2.9469,3.0024,2.9106,2.9301,10152158.774518,29962384.869131126
2025-07-14 20:00:00,2.9301,2.9637,2.8757,2.9586,6587464.319482,19263148.330426086
2025-07-15 00:00:00,2.958,2.9583,2.8037,2.8499,13320533.159402,38246655.86438152
2025-07-15 04:00:00,2.8498,2.8866,2.8219,2.8524,8629079.431988,24720785.158608682
2025-07-15 08:00:00,2.8525,2.929,2.8228,2.9047,12831460.252878,36984106.5321364
2025-07-15 12:00:00,2.905,2.9332,2.8408,2.8906,15140648.708153,43760767.244656645
2025-07-15 16:00:00,2.8906,2.9454,2.8575,2.863,8307778.416531,24184623.253139045
2025-07-15 20:00:00,2.863,2.929,2.8543,2.9198,4334556.547377,12565561.555535197
2025-07-16 00:00:00,2.9191,2.9373,2.8773,2.9049,5490604.467581,15990814.737625288
2025-07-16 04:00:00,2.9049,2.9395,2.8916,2.9297,5390188.254884,15751797.900793683
2025-07-16 08:00:00,2.9296,2.9641,2.9185,2.9516,5495267.538434,16204553.503743673
2025-07-16 12:00:00,2.9515,3.0071,2.946,2.9761,13211106.116106,39318367.295910925
2025-07-16 16:00:00,2.9764,3.078,2.9675,3.0588,15235813.983809,46153864.246938795
2025-07-16 20:00:00,3.0588,3.1017,3.0224,3.0377,10150032.135789,31099325.81007852
2025-07-17 00:00:00,3.0382,3.0797,2.987,3.0246,8024748.454388,24337657.014465135
2025-07-17 04:00:00,3.0244,3.1732,3.015,3.1553,14258597.913456,44518850.49995204
2025-07-17 08:00:00,3.1552,3.299,3.1393,3.2628,21680384.134299,70302995.29664236
2025-07-17 12:00:00,3.2628,3.275,3.1671,3.2536,19214769.561413,62088231.29009494
2025-07-17 16:00:00,3.2532,3.3999,3.2219,3.3055,23083093.222734,76514265.7182365
2025-07-17 20:00:00,3.306,3.55,3.2828,3.482,37289379.90389,128917129.70938423
2025-07-18 00:00:00,3.4819,3.6618,3.4625,3.606,28156332.890138,101127919.95869356
2025-07-18 04:00:00,3.606,3.6387,3.4457,3.4546,23680309.267714,83919965.72128291
2025-07-18 08:00:00,3.4546,3.5118,3.4011,3.4898,30481086.902096,105229567.28577197
2025-07-18 12:00:00,3.4899,3.5452,3.3446,3.3738,26084999.731675,90236682.75972888
2025-07-18 16:00:00,3.374,3.4788,3.3634,3.4342,11242168.186947,38591203.39939192
2025-07-18 20:00:00,3.4339,3.4517,3.3572,3.413,9751600.83195,33208460.25642821
2025-07-19 00:00:00,3.4129,3.4785,3.3967,3.4487,7455864.838146,25683547.799674135
2025-07-19 04:00:00,3.4488,3.485,3.4153,3.4647,7939403.996527,27402659.059827205
2025-07-19 08:00:00,3.4651,3.473,3.388,3.3925,10616120.617769,36411475.161393486
2025-07-19 12:00:00,3.3927,3.431,3.3542,3.4099,9314353.824011,31621377.079749163
2025-07-19 16:00:00,3.41,3.4593,3.4037,3.4317,5637463.512202,19334349.367149074
2025-07-19 20:00:00,3.4315,3.4446,3.38,3.424,3589768.178539,12249500.106099177
2025-07-20 00:00:00,3.4244,3.4511,3.3855,3.4346,5890521.531704,20128578.551347233
2025-07-20 04:00:00,3.4344,3.4582,3.4025,3.4421,4384311.030495,15045950.519072972
2025-07-20 08:00:00,3.4424,3.5355,3.4423,3.4986,8000470.173737,27958560.568527527
2025-07-20 12:00:00,3.4989,3.547,3.478,3.5181,7189819.032863,25279265.348801296
2025-07-20 16:00:00,3.5183,3.5582,3.4825,3.524,9300644.737162,32726951.18995113
2025-07-20 20:00:00,3.5235,3.5259,3.4024,3.4533,12668176.974921,43805012.76759963
2025-07-21 00:00:00,3.4535,3.4898,3.406,3.4788,8408413.734572,29075707.581889305
2025-07-21 04:00:00,3.4786,3.5817,3.4718,3.5671,17751244.234126,62923805.04088769
2025-07-21 08:00:00,3.5672,3.58,3.5288,3.534,17025218.308477,60462734.64276482
2025-07-21 12:00:00,3.5342,3.6512,3.4971,3.6045,31489111.628741,113267103.1564241
2025-07-21 16:00:00,3.6047,3.6246,3.5275,3.5469,16725052.447031,59896448.473195486
2025-07-21 20:00:00,3.547,3.5743,3.5125,3.5497,6143638.719881,21789107.621739
2025-07-22 00:00:00,3.5494,3.5748,3.4604,3.5013,13835307.425588,48625083.04691342
2025-07-22 04:00:00,3.501,3.5035,3.4223,3.476,8889876.296297,30791180.07077144
2025-07-22 08:00:00,3.476,3.5221,3.4258,3.5195,7198010.075516,24973809.859700862
2025-07-22 12:00:00,3.5195,3.5377,3.4406,3.5084,13634541.991791,47790911.515384845
2025-07-22 16:00:00,3.5078,3.5795,3.4923,3.5184,15249149.908002,54071140.348739535
2025-07-22 20:00:00,3.5184,3.5546,3.5136,3.5509,6897086.348671,24402173.83546115
2025-07-23 00:00:00,3.5509,3.5522,3.4886,3.4926,6455101.977856,22681707.76994782
2025-07-23 04:00:00,3.4925,3.5114,3.4604,3.468,5674905.754958,19766349.51300697
2025-07-23 08:00:00,3.4679,3.4755,3.4308,3.4503,7850663.839607,27092039.990515843
2025-07-23 12:00:00,3.4501,3.4501,3.2208,3.3227,37594161.567168,124876233.58634496
2025-07-23 16:00:00,3.3228,3.3228,3.1583,3.1838,13882120.918422,44886599.235982016
2025-07-23 20:00:00,3.1837,3.2156,3.0483,3.1843,21136694.448131,66345113.48670139
2025-07-24 00:00:00,3.1846,3.2361,3.1496,3.1914,14466560.920119,46425672.772782154
2025-07-24 04:00:00,3.192,3.196,2.9551,3.0748,26402821.810963,80891752.2090609
2025-07-24 08:00:00,3.0745,3.1789,3.055,3.1688,14908964.244356,46421779.86043408
2025-07-24 12:00:00,3.1682,3.2655,3.1183,3.2262,18090006.218935,57792137.12067552
2025-07-24 16:00:00,3.226,3.26,3.169,3.2082,13953322.675181,44970465.320149675
2025-07-24 20:00:00,3.2086,3.2427,3.1266,3.1454,7545741.888095,24000427.58600014
2025-07-25 00:00:00,3.1459,3.1616,3.0449,3.0695,9414748.919457,29179089.48193288
2025-07-25 04:00:00,3.069,3.1189,3.0361,3.0745,9353337.409095,28798026.70842021
2025-07-25 08:00:00,3.0745,3.1536,3.0629,3.1346,7670359.035434,23866045.510416705
2025-07-25 12:00:00,3.1351,3.1522,2.9982,3.0379,16269839.691783,49809111.7486778
2025-07-25 16:00:00,3.0378,3.098,3.0256,3.0715,5768126.429355,17646703.44126815
2025-07-25 20:00:00,3.0715,3.1511,3.0708,3.1422,6111843.351137,19142541.894182947
2025-07-26 00:00:00,3.1425,3.1631,3.1087,3.1435,2922614.915751,9168970.99218642
2025-07-26 04:00:00,3.1436,3.1761,3.1405,3.1549,2117598.256425,6686939.526321362
2025-07-26 08:00:00,3.1554,3.2114,3.1541,3.1858,3853102.466152,12280111.257831125
2025-07-26 12:00:00,3.1857,3.1999,3.1756,3.1924,3044348.622773,9702436.34580894
2025-07-26 16:00:00,3.1925,3.2185,3.1582,3.1911,3443633.958541,10974869.551817778
2025-07-26 20:00:00,3.191,3.21,3.1636,3.166,1886243.849768,6005539.253641437
2025-07-27 00:00:00,3.1665,3.2063,3.1567,3.1991,2258711.732245,7198641.967456703
2025-07-27 04:00:00,3.1992,3.2389,3.1858,3.1893,3232684.785788,10385101.887562884
2025-07-27 08:00:00,3.1896,3.2155,3.1676,3.1802,3134434.535181,9994549.985009216
2025-07-27 12:00:00,3.1803,3.2081,3.1626,3.1868,3160919.920331,10066926.171788655
2025-07-27 16:00:00,3.1868,3.2284,3.1765,3.2091,6926118.528084,22213354.96042136
2025-07-27 20:00:00,3.2094,3.2514,3.1888,3.2394,5543437.078986,17895197.145701293
2025-07-28 00:00:00,3.2396,3.2926,3.2219,3.2697,6873667.370506,22405261.399093296
2025-07-28 04:00:00,3.2694,3.3305,3.2506,3.2741,9580316.159986,31509898.510145728
2025-07-28 08:00:00,3.274,3.2776,3.2238,3.2449,4856716.298687,15783188.146303969
2025-07-28 12:00:00,3.2449,3.2496,3.1413,3.16,11000590.380597,35045033.787004896
2025-07-28 16:00:00,3.1598,3.1856,3.1142,3.161,11044803.21954,34783516.05631376
2025-07-28 20:00:00,3.1609,3.1642,3.1072,3.1238,7088971.592373,22232685.901947543
2025-07-29 00:00:00,3.1239,3.1486,3.0774,3.1404,6709142.744993,20894081.839420684
2025-07-29 04:00:00,3.1404,3.1832,3.1224,3.1758,4347201.058451,13704200.82637237
2025-07-29 08:00:00,3.176,3.1855,3.1135,3.1372,5496556.849394,17308663.766793095
2025-07-29 12:00:00,3.1373,3.1756,3.0773,3.0992,12083343.261743,37785693.16981444
2025-07-29 16:00:00,3.099,3.1624,3.0535,3.12,10158841.35785,31698838.907391943
2025-07-29 20:00:00,3.1203,3.1379,3.094,3.1281,4744667.587396,14776806.902890135
2025-07-30 00:00:00,3.1281,3.1502,3.093,3.1381,4191215.176654,13128911.43155398
2025-07-30 04:00:00,3.1382,3.1471,3.1039,3.12,4506199.317662,14094252.432983087
2025-07-30 08:00:00,3.1199,3.1415,3.0432,3.0518,11104081.156923,34337576.60253686
2025-07-30 12:00:00,3.0514,3.1538,3.04,3.143,10203353.816134,31604077.559514645
2025-07-30 16:00:00,3.1439,3.1624,3.0008,3.0981,21851708.679724,67205354.47960538
2025-07-30 20:00:00,3.0978,3.1165,3.0627,3.0972,4003586.943054,12374990.84756895
2025-07-31 00:00:00,3.097,3.1469,3.0874,3.14,6224607.031607,19463138.64262524
2025-07-31 04:00:00,3.1402,3.1553,3.1317,3.155,3227405.091167,10144769.639326118
2025-07-31 08:00:00,3.155,3.1791,3.1476,3.1518,5903907.987396,18681597.86661688
2025-07-31 12:00:00,3.152,3.153,3.0757,3.101,9322182.924044,28976768.332634617
2025-07-31 16:00:00,3.1009,3.1363,3.0525,3.0579,6577615.068262,20315904.806720376
2025-07-31 20:00:00,3.0579,3.0677,3.0104,3.022,10116514.724889,30765887.49775273
2025-08-01 00:00:00,3.022,3.0256,2.9293,2.9982,26271178.237031,78260553.92255613
2025-08-01 04:00:00,2.9981,2.9981,2.9352,2.956,7528853.442461,22323463.437725995
2025-08-01 08:00:00,2.9561,2.972,2.892,2.9706,11142750.528851,32620276.458282106
2025-08-01 12:00:00,2.9706,3.0594,2.9301,3.044,14852730.128139,44524244.36915916
2025-08-01 16:00:00,3.0434,3.0528,2.9719,3.0144,9728103.10013,29278116.887624964
2025-08-01 20:00:00,3.0142,3.0292,2.8949,2.9615,8921136.788496,26342975.90480644
2025-08-02 00:00:00,2.9613,2.9856,2.9479,2.9826,3547974.911215,10533962.22382851
2025-08-02 04:00:00,2.9831,3.0207,2.9451,2.9924,3663312.137084,10945857.382402448
2025-08-02 08:00:00,2.9928,3.0018,2.9298,2.9406,3126824.938422,9252422.676519223
2025-08-02 12:00:00,2.9405,2.9466,2.822,2.8301,8704551.190167,25112336.247750152
2025-08-02 16:00:00,2.8301,2.8658,2.7417,2.7797,13630088.980486,38156275.88624752
2025-08-02 20:00:00,2.7798,2.8178,2.7379,2.7695,6663767.062387,18551620.330911424
2025-08-03 00:00:00,2.7699,2.8409,2.7279,2.8356,8542500.431952,23838443.106501367
2025-08-03 04:00:00,2.8356,2.8695,2.8141,2.865,3226669.94465,9169150.224855721
2025-08-03 08:00:00,2.8649,2.8939,2.8495,2.8693,5695790.78625,16352093.135490527
2025-08-03 12:00:00,2.8694,2.9034,2.8586,2.895,5647967.118369,16265525.466919117
2025-08-03 16:00:00,2.8951,2.9299,2.8856,2.9163,7026178.330576,20446473.14835035
2025-08-03 20:00:00,2.9163,2.962,2.9016,2.9481,6732011.351284,19728672.03307439
2025-08-04 00:00:00,2.9481,3.031,2.931,2.9987,9728080.089567,29157276.838167462
2025-08-04 04:00:00,2.9986,3.019,2.9662,3.0117,7500098.597098,22404783.61637009
2025-08-04 08:00:00,3.0118,3.0239,2.977,2.9927,4752940.227327,14267195.999726225
2025-08-04 12:00:00,2.9928,3.0806,2.9797,3.031,10531588.250796,32011641.93451764
2025-08-04 16:00:00,3.0313,3.0905,3.0313,3.0494,5995126.111877,18344782.07729795
2025-08-04 20:00:00,3.0494,3.0867,3.0407,3.0715,4309986.743803,13221807.51934101
2025-08-05 00:00:00,3.0715,3.1074,3.0344,3.0382,4895883.079437,14989976.72064422
2025-08-05 04:00:00,3.0383,3.0548,2.996,3.0043,4882814.690451,14772109.675999336
2025-08-05 08:00:00,3.004,3.0804,2.9991,3.063,4333922.608306,13204025.826997414
2025-08-05 12:00:00,3.0632,3.0658,2.9561,2.9712,11285142.278571,33886932.48237528
2025-08-05 16:00:00,2.9712,2.9928,2.9449,2.9462,5876530.151728,17464840.118769404
2025-08-05 20:00:00,2.9466,2.9759,2.9166,2.9622,3645671.972669,10754782.21154865
2025-08-06 00:00:00,2.9623,2.9645,2.9089,2.9144,3038065.288704,8905476.28883951
2025-08-06 04:00:00,2.9144,2.9688,2.902,2.956,4621762.258491,13598627.73128823
2025-08-06 08:00:00,2.956,2.9601,2.9182,2.9465,4299933.719744,12645165.95259254
2025-08-06 12:00:00,2.9465,3.0083,2.9234,3.0044,7109518.787464,21050655.55065845
2025-08-06 16:00:00,3.0043,3.0186,2.9695,3.0116,3284163.96435,9844776.08550313
2025-08-06 20:00:00,3.0114,3.0118,2.9794,2.991,1595391.126887,4779563.248801441
2025-08-07 00:00:00,2.991,3.0108,2.9676,2.968,3865341.086453,11536235.437708918
2025-08-07 04:00:00,2.968,3.0144,2.9638,3.0,3014413.189193,9020886.165327905
2025-08-07 08:00:00,3.0002,3.0886,2.9884,3.0795,6721677.962481,20481971.00070349
2025-08-07 12:00:00,3.0793,3.0858,3.0408,3.0626,5944806.397057,18222316.17493523
2025-08-07 16:00:00,3.0624,3.1023,3.0092,3.1015,4434483.775097,13532958.39889456
2025-08-07 20:00:00,3.1018,3.3339,3.1005,3.3196,20043000.540122,64859952.05314721
2025-08-08 00:00:00,3.3196,3.3775,3.27,3.3763,24835525.717394,82189795.36122198
2025-08-08 04:00:00,3.3764,3.3824,3.3064,3.3554,7439479.785966,24853418.64004057
2025-08-08 08:00:00,3.3554,3.3607,3.3026,3.3363,5227094.210062,17400554.509404447
2025-08-08 12:00:00,3.3364,3.3736,3.2051,3.2216,15410273.426366,50607573.10509776
2025-08-08 16:00:00,3.2214,3.3416,3.22,3.3395,8448492.167011,27708941.335407708
2025-08-08 20:00:00,3.3396,3.3399,3.2791,3.286,4334104.047159,14325135.79884803
2025-08-09 00:00:00,3.2862,3.3137,3.2803,3.291,3016631.825523,9946655.301976169
2025-08-09 04:00:00,3.2911,3.3355,3.2881,3.3204,5401939.701696,17895955.8905705
2025-08-09 08:00:00,3.3204,3.3479,3.3044,3.3091,4684624.484713,15595030.169241613
2025-08-09 12:00:00,3.3092,3.3273,3.247,3.2729,6735291.581685,22121357.389024258
2025-08-09 16:00:00,3.273,3.2977,3.2583,3.2648,5044944.923691,16541202.218549373
2025-08-09 20:00:00,3.2648,3.2754,3.207,3.2252,15609942.067061,50647027.34414761
2025-08-10 00:00:00,3.2254,3.2656,3.2182,3.2585,8462310.209934,27458153.422450688
2025-08-10 04:00:00,3.2586,3.2788,3.1609,3.1869,12304294.567977,39626358.34392601
2025-08-10 08:00:00,3.1869,3.2196,3.1517,3.1908,7683912.798497,24498859.677366514
2025-08-10 12:00:00,3.1909,3.2042,3.1564,3.1847,5509741.847788,17556580.55401244
2025-08-10 16:00:00,3.1846,3.214,3.1816,3.2068,1969113.769644,6295958.502568981
2025-08-10 20:00:00,3.2068,3.2085,3.158,3.1869,5010204.484797,15935775.639379032
2025-08-11 00:00:00,3.187,3.2749,3.1723,3.2658,7025253.212031,22775693.556646124
2025-08-11 04:00:00,3.266,3.2887,3.2342,3.2451,5446303.550479,17800452.65006546
2025-08-11 08:00:00,3.245,3.3336,3.2028,3.2151,12833816.671373,41974921.16498589
2025-08-11 12:00:00,3.215,3.2361,3.1774,3.209,11317641.10733,36278126.7474539
2025-08-11 16:00:00,3.2091,3.2292,3.1471,3.1479,12780007.568836,40699776.64738617
2025-08-11 20:00:00,3.148,3.1711,3.1176,3.1297,6727422.954454,21136039.99265465
2025-08-12 00:00:00,3.1298,3.1757,3.1278,3.1486,2878606.901307,9076813.883705145
2025-08-12 04:00:00,3.1486,3.1659,3.1157,3.1559,3729519.3659,11732015.349962477
2025-08-12 08:00:00,3.1559,3.1641,3.1043,3.1503,3202336.950341,10037325.569544915
2025-08-12 12:00:00,3.1501,3.2196,3.1425,3.2132,10506927.812191,33499275.499563627
2025-08-12 16:00:00,3.2133,3.2918,3.2055,3.29,6530707.242911,21220525.082006726
2025-08-12 20:00:00,3.29,3.3068,3.2576,3.2676,9144497.540068,30014954.838935006
2025-08-13 00:00:00,3.2676,3.2676,3.2064,3.2417,6066105.655887,19645255.575174578
2025-08-13 04:00:00,3.2417,3.2577,3.2025,3.2396,4882488.095402,15786840.253942223
2025-08-13 08:00:00,3.2395,3.2996,3.2391,3.2849,7126135.768682,23368726.559025865
2025-08-13 12:00:00,3.2849,3.3358,3.2258,3.2562,16964613.206791,55595403.979860105
2025-08-13 16:00:00,3.2566,3.2852,3.2441,3.2775,4004785.564718,13084061.823218212
2025-08-13 20:00:00,3.2775,3.2949,3.2523,3.275,5047122.222706,16527350.718777262
2025-08-14 00:00:00,3.2751,3.3525,3.2701,3.3264,16724178.629601,55554787.76701775
2025-08-14 04:00:00,3.3262,3.3348,3.2342,3.2554,10265678.066584,33644528.95688216
2025-08-14 08:00:00,3.2555,3.2557,3.1956,3.218,7510751.893257,24200422.48806192
2025-08-14 12:00:00,3.2182,3.2355,2.9816,3.0958,31505126.080843,97851012.88104591
2025-08-14 16:00:00,3.096,3.0989,3.0429,3.0681,8736632.227421,26826932.487259448
2025-08-14 20:00:00,3.0686,3.0906,3.0293,3.0793,4254433.791084,13040581.833000816
2025-08-15 00:00:00,3.0793,3.1227,3.0719,3.1176,3465707.15092,10727100.41798952
2025-08-15 04:00:00,3.1179,3.1429,3.106,3.1176,3195124.470802,9982018.740428125
2025-08-15 08:00:00,3.1173,3.1281,3.0969,3.1116,2325236.82718,7237229.27118812
2025-08-15 12:00:00,3.1112,3.1411,3.0109,3.0275,10104439.63639,31057416.84602061
2025-08-15 16:00:00,3.0274,3.0956,3.002,3.066,6744384.086665,20577098.397370048
2025-08-15 20:00:00,3.066,3.0983,3.0545,3.0779,3784197.374826,11647044.296472184
2025-08-16 00:00:00,3.0779,3.1148,3.0717,3.1089,2463047.660768,7621889.2899304
2025-08-16 04:00:00,3.1089,3.1263,3.0888,3.1235,2897834.743329,9015294.143759783
2025-08-16 08:00:00,3.1236,3.156,3.1027,3.1047,5958669.59744,18668110.831898063
2025-08-16 12:00:00,3.1048,3.1271,3.0984,3.1035,2659066.333852,8272296.01943204
2025-08-16 16:00:00,3.1036,3.1127,3.0928,3.1,1793603.209013,5565164.514983835
2025-08-16 20:00:00,3.1001,3.1091,3.09,3.1055,1428007.331831,4426239.7400153065
2025-08-17 00:00:00,3.1055,3.1238,3.0827,3.1198,2199720.871377,6822515.023232284
2025-08-17 04:00:00,3.1199,3.1391,3.112,3.1177,2057682.592498,6430338.630821588
2025-08-17 08:00:00,3.1176,3.1414,3.1112,3.1282,2251086.057948,7039446.056479085
2025-08-17 12:00:00,3.1282,3.1467,3.114,3.1436,2092299.117262,6544768.987785112
2025-08-17 16:00:00,3.1436,3.147,3.0756,3.0887,4304239.591631,13355778.447781092
2025-08-17 20:00:00,3.0887,3.1134,3.0852,3.0877,2874968.710894,8906782.04646695
2025-08-18 00:00:00,3.0877,3.0913,2.9667,2.9901,8372600.592463,25326279.60444157
2025-08-18 04:00:00,2.99,3.0052,2.9555,2.9642,5748665.905518,17134907.03669171
2025-08-18 08:00:00,2.964,2.9784,2.9406,2.9646,4432993.979647,13128929.31235786
2025-08-18 12:00:00,2.9646,3.024,2.9604,3.0162,5379791.770051,16081974.583852123
2025-08-18 16:00:00,3.0158,3.0965,3.001,3.0822,4397451.138505,13427426.859531628
2025-08-18 20:00:00,3.0822,3.096,3.0513,3.0615,3822665.725516,11758424.902922995
2025-08-19 00:00:00,3.0617,3.0814,2.9842,2.9904,5398807.38456,16395512.641098473
2025-08-19 04:00:00,2.9899,3.0277,2.9731,3.0036,2987446.751751,8975725.035128776
2025-08-19 08:00:00,3.0039,3.0245,2.9908,3.0159,2122482.049561,6390987.528254247
2025-08-19 12:00:00,3.0159,3.0384,2.9274,2.9297,6875727.622883,20372490.756901044
2025-08-19 16:00:00,2.9298,2.9354,2.8711,2.8756,8657147.151431,25158790.283646338
2025-08-19 20:00:00,2.876,2.9058,2.8484,2.8609,9273205.084898,26769269.538090684
2025-08-20 00:00:00,2.861,2.9,2.8494,2.8875,3616854.001792,10413341.973216796
2025-08-20 04:00:00,2.8876,2.9013,2.865,2.8673,3087770.77473,8923585.328511808
2025-08-20 08:00:00,2.8673,2.9141,2.8601,2.8892,4898165.753139,14180642.553778492
2025-08-20 12:00:00,2.8891,2.9345,2.8188,2.9044,9121080.134535,26274773.935804095
2025-08-20 16:00:00,2.9044,2.9898,2.9042,2.9892,5792783.616749,16994440.202996783
2025-08-20 20:00:00,2.9894,2.99,2.9496,2.9513,2516337.788655,7470345.077560304
2025-08-21 00:00:00,2.9513,2.9588,2.913,2.9301,3434421.819352,10086764.833448287
2025-08-21 04:00:00,2.9297,2.9411,2.8924,2.9083,2260672.761534,6588761.296378479
2025-08-21 08:00:00,2.9084,2.9164,2.8859,2.9022,2085331.419923,6052376.823325481
2025-08-21 12:00:00,2.902,2.924,2.8728,2.8871,3671171.588556,10638317.441665532
2025-08-21 16:00:00,2.8872,2.9195,2.8515,2.8684,5017928.381983,14498253.8847632
2025-08-21 20:00:00,2.8684,2.8888,2.8424,2.852,3345907.362131,9601409.64802516
2025-08-22 00:00:00,2.8519,2.8851,2.8228,2.8332,3234008.354501,9225146.910527408
2025-08-22 04:00:00,2.8332,2.8747,2.831,2.8604,2992468.34281,8561134.742546244
2025-08-22 08:00:00,2.8603,2.8764,2.8039,2.8056,3159481.192862,8975126.635325704
2025-08-22 12:00:00,2.806,3.0437,2.7829,3.0166,28786175.076289,84905268.4668853
2025-08-22 16:00:00,3.0169,3.101,3.0164,3.0728,11522951.985141,35368310.396874584
2025-08-22 20:00:00,3.0734,3.106,3.0646,3.0741,7069087.092111,21800345.49713182
2025-08-23 00:00:00,3.0741,3.0747,2.969,2.9936,6868392.663656,20723191.074985728
2025-08-23 04:00:00,2.9939,3.075,2.9931,3.0618,3484924.795942,10619708.059770312
2025-08-23 08:00:00,3.062,3.0719,3.0293,3.0432,3424192.563583,10425290.980436692
2025-08-23 12:00:00,3.0437,3.0469,3.0073,3.0187,2991566.828828,9039773.736294769
2025-08-23 16:00:00,3.0191,3.0306,3.01,3.0296,1100732.797133,3325146.958738243
2025-08-23 20:00:00,3.0298,3.0577,3.025,3.0484,1885323.874595,5726751.0376083115
2025-08-24 00:00:00,3.0485,3.0887,3.0446,3.0526,2645515.53379,8099569.493748102
2025-08-24 04:00:00,3.0527,3.0567,3.0293,3.0359,1561345.262485,4750604.64507816
2025-08-24 08:00:00,3.036,3.0479,2.9975,3.0088,2182992.489386,6593405.705113426
2025-08-24 12:00:00,3.0086,3.0413,3.0058,3.0146,5452991.022853,16532192.557159573
2025-08-24 16:00:00,3.0146,3.1277,2.995,3.0343,13319340.122903,40634666.083461136
2025-08-24 20:00:00,3.0344,3.0472,2.9872,3.0261,5031503.697266,15201935.77774979
2025-08-25 00:00:00,3.0264,3.0537,2.9736,3.0218,4907877.363981,14830571.22167194
2025-08-25 04:00:00,3.0216,3.0269,2.93,2.9389,5614641.633809,16694404.199603885
2025-08-25 08:00:00,2.9387,2.9579,2.9192,2.9433,4192309.513502,12312671.192740342
2025-08-25 12:00:00,2.9432,2.9747,2.9273,2.954,3928959.38967,11613087.338331033
2025-08-25 16:00:00,2.954,2.9685,2.8725,2.8761,7595974.861286,22229356.177629
2025-08-25 20:00:00,2.8764,2.894,2.8222,2.8582,12350864.034952,35249087.82478487
2025-08-26 00:00:00,2.8585,2.8975,2.8459,2.8853,5201120.983908,14945732.614759829
2025-08-26 04:00:00,2.8854,2.9351,2.8853,2.9175,3405719.587121,9921543.01009967
2025-08-26 08:00:00,2.9175,2.9279,2.8908,2.9015,3035423.828322,8831246.36189364
2025-08-26 12:00:00,2.9015,2.9432,2.8878,2.9331,7631036.897721,22278203.01854556
2025-08-26 16:00:00,2.9338,3.0822,2.9261,3.0608,9028733.06644,27142866.16995679
2025-08-26 20:00:00,3.0606,3.0621,3.0032,3.012,4705588.50652,14248717.109187216
2025-08-27 00:00:00,3.012,3.0132,2.981,3.0042,3112365.724173,9327754.817532979
2025-08-27 04:00:00,3.0041,3.0279,2.9849,2.9938,2918982.519228,8783409.784254428
2025-08-27 08:00:00,2.9939,3.0238,2.9939,2.9987,2080299.316222,6254648.688650038
2025-08-27 12:00:00,2.9984,3.0339,2.9885,3.0171,4766186.685776,14337466.594276616
2025-08-27 16:00:00,3.0171,3.0454,2.9876,3.0051,4616116.631035,13917522.631038608
2025-08-27 20:00:00,3.0053,3.0285,2.962,2.9688,10219993.994018,30588482.650919344
2025-08-28 00:00:00,2.9689,2.9895,2.9526,2.982,2384167.463121,7095463.054419269
2025-08-28 04:00:00,2.9825,3.0135,2.9775,3.0036,2766254.769171,8296600.17146578
2025-08-28 08:00:00,3.0035,3.0159,2.9918,3.0076,2975892.04265,8938427.958986217
2025-08-28 12:00:00,3.0077,3.0257,2.9707,2.9816,5438980.93557,16365962.29198164
2025-08-28 16:00:00,2.9816,2.9982,2.9434,2.9439,3463073.450704,10291361.452283395
2025-08-28 20:00:00,2.944,2.9791,2.9436,2.9661,1852554.488036,5487050.470306005
2025-08-29 00:00:00,2.9662,2.9766,2.9376,2.9384,2649570.184604,7820039.185791218
2025-08-29 04:00:00,2.9382,2.9405,2.8608,2.87,8595210.267507,24892057.113176547
2025-08-29 08:00:00,2.8701,2.887,2.8438,2.8764,5441694.525753,15601980.653407644
2025-08-29 12:00:00,2.8765,2.9226,2.8167,2.8347,16818202.785798,47964731.24259852
2025-08-29 16:00:00,2.8347,2.8463,2.8015,2.8136,9015469.641571,25445255.944656387
2025-08-29 20:00:00,2.8138,2.8268,2.7734,2.8194,7670856.863045,21464829.97167715
2025-08-30 00:00:00,2.8196,2.8251,2.76,2.8129,4592490.315179,12836827.61957114
2025-08-30 04:00:00,2.8129,2.835,2.81,2.8319,2090089.546072,5902220.565088767
2025-08-30 08:00:00,2.832,2.8325,2.7956,2.8103,1861636.030118,5233369.27485309
2025-08-30 12:00:00,2.8103,2.811,2.7745,2.8074,3394899.738967,9482672.806276103
2025-08-30 16:00:00,2.8071,2.8183,2.7987,2.8106,1271342.618813,3570359.523949253
2025-08-30 20:00:00,2.8107,2.8183,2.7998,2.8181,1163247.790555,3265465.759884796
2025-08-31 00:00:00,2.8184,2.8692,2.8183,2.8519,3107376.357887,8839476.602824435
2025-08-31 04:00:00,2.852,2.8569,2.8231,2.8288,1449584.937073,4114599.6614147713
2025-08-31 08:00:00,2.8289,2.8445,2.8121,2.8237,1707400.605235,4825872.3069806285
2025-08-31 12:00:00,2.8236,2.8249,2.8016,2.8222,2688543.203487,7566790.628151427
2025-08-31 16:00:00,2.8223,2.8223,2.7987,2.8001,1915835.814651,5384719.593196689
2025-08-31 20:00:00,2.8002,2.8173,2.7705,2.776,1686519.475923,4712983.489401397
2025-09-01 00:00:00,2.7761,2.7795,2.7254,2.7421,6255445.724936,17199543.031300593
2025-09-01 04:00:00,2.7422,2.7941,2.7015,2.7941,5928740.421659,16249990.6016521
2025-09-01 08:00:00,2.7941,2.8397,2.7672,2.7696,7139123.748382,20030887.675680418
2025-09-01 12:00:00,2.7699,2.7808,2.7515,2.7628,3121303.667654,8639001.314203938
2025-09-01 16:00:00,2.7625,2.7749,2.72,2.7734,3522140.605882,9666656.10032494
2025-09-01 20:00:00,2.7736,2.7755,2.693,2.759,6037471.579913,16547838.639662562
2025-09-02 00:00:00,2.7589,2.8013,2.7483,2.798,3283254.411051,9102270.055035288
2025-09-02 04:00:00,2.798,2.816,2.7857,2.794,2885629.161804,8089074.001416338
2025-09-02 08:00:00,2.7937,2.8328,2.7937,2.7989,2930705.680781,8234920.737083395
2025-09-02 12:00:00,2.7989,2.8458,2.7622,2.7905,10028391.212901,28182991.667374033
2025-09-02 16:00:00,2.7904,2.8283,2.7817,2.8268,4063842.254636,11412105.872557051
2025-09-02 20:00:00,2.8268,2.864,2.8165,2.8616,3667815.927287,10435851.883667856
2025-09-03 00:00:00,2.8616,2.8651,2.8257,2.841,2769040.140613,7879158.868003346
2025-09-03 04:00:00,2.8411,2.8444,2.8109,2.8209,1784105.079987,5034903.0745906085
2025-09-03 08:00:00,2.8209,2.8637,2.8202,2.857,1672357.620542,4758246.140994173
2025-09-03 12:00:00,2.8571,2.8869,2.8425,2.8724,3697022.267837,10598409.549785037
2025-09-03 16:00:00,2.8721,2.8743,2.8433,2.8644,1566519.646964,4476182.852743496
2025-09-03 20:00:00,2.8649,2.8674,2.8389,2.8442,1823649.340903,5195850.58002063
2025-09-04 00:00:00,2.8443,2.8572,2.8332,2.8446,1753615.665435,4983058.936075224
2025-09-04 04:00:00,2.8446,2.8617,2.8116,2.8249,2730344.832562,7720138.640898886
2025-09-04 08:00:00,2.8247,2.8555,2.8241,2.8412,1836033.102736,5215808.280670477
2025-09-04 12:00:00,2.8416,2.8484,2.8039,2.8104,3667725.906707,10360875.437405445
2025-09-04 16:00:00,2.8103,2.8235,2.7844,2.7851,2493560.656876,6994272.595501047
2025-09-04 20:00:00,2.7851,2.8256,2.7851,2.7948,2660272.924028,7464812.006244461
2025-09-05 00:00:00,2.7948,2.814,2.7781,2.8073,2170126.47181,6067602.523582748
2025-09-05 04:00:00,2.8072,2.8498,2.8036,2.8443,2431244.947236,6868612.2474848
2025-09-05 08:00:00,2.8443,2.8541,2.8285,2.844,2356476.064601,6694464.396347177
2025-09-05 12:00:00,2.8441,2.885,2.8,2.8151,14049140.246725,40019540.22952146
2025-09-05 16:00:00,2.8153,2.8654,2.8041,2.8652,2485608.216008,7036204.764660722
2025-09-05 20:00:00,2.8649,2.8654,2.8141,2.8146,2765319.670555,7844739.914860133
2025-09-06 00:00:00,2.8146,2.8287,2.812,2.8268,1105096.353999,3113233.965594341
2025-09-06 04:00:00,2.8268,2.8268,2.8137,2.8202,755932.507289,2129408.593677828
2025-09-06 08:00:00,2.8203,2.8204,2.8011,2.8065,1100082.881756,3088777.4934757543
2025-09-06 12:00:00,2.8065,2.818,2.8005,2.802,1218468.499686,3423993.5167404925
2025-09-06 16:00:00,2.8022,2.8076,2.7926,2.7943,1253887.554368,3512230.861239813
2025-09-06 20:00:00,2.7943,2.8124,2.7943,2.8097,972547.034319,2727863.1242827326
2025-09-07 00:00:00,2.8098,2.8256,2.8093,2.8224,944033.40855,2660333.744291876
2025-09-07 04:00:00,2.8224,2.8352,2.8184,2.8308,863012.313541,2438062.8739761966
2025-09-07 08:00:00,2.8309,2.8372,2.8257,2.8316,1095995.92696,3103172.621383391
2025-09-07 12:00:00,2.8317,2.9281,2.8286,2.9004,6869536.968775,19840107.695202917
2025-09-07 16:00:00,2.9004,2.901,2.8508,2.8624,2080904.108703,5978080.773260221
2025-09-07 20:00:00,2.8624,2.8922,2.8556,2.8773,1808633.717112,5200596.133345705
2025-09-08 00:00:00,2.877,2.8999,2.8626,2.889,2302361.109121,6634668.261767394
2025-09-08 04:00:00,2.889,2.9108,2.8736,2.9106,2473630.575695,7148300.826548609
2025-09-08 08:00:00,2.9106,2.955,2.9034,2.9359,4832304.387345,14169032.743942035
2025-09-08 12:00:00,2.9362,2.9962,2.9336,2.9862,6064449.965985,18053068.839766223
2025-09-08 16:00:00,2.9858,2.9906,2.9612,2.9792,2966788.519332,8824854.763153361
2025-09-08 20:00:00,2.9793,2.9845,2.9549,2.9697,2281641.014313,6778122.949306472
2025-09-09 00:00:00,2.9696,2.9781,2.9341,2.9504,3020823.129634,8915246.63318889
2025-09-09 04:00:00,2.9504,3.0274,2.9448,3.0206,4848507.656104,14496544.52050444
2025-09-09 08:00:00,3.0201,3.0366,2.9993,3.0042,4385114.158532,13222607.2986736
2025-09-09 12:00:00,3.0042,3.0298,2.9367,2.9472,7814068.671962,23317781.809860107
2025-09-09 16:00:00,2.9473,2.9726,2.9442,2.9649,2118245.18209,6265784.617850685
2025-09-09 20:00:00,2.965,2.968,2.9405,2.9471,1645510.212292,4855291.901876021
2025-09-10 00:00:00,2.9472,2.9638,2.9358,2.9627,2132144.572899,6290708.693926394
2025-09-10 04:00:00,2.9628,2.9814,2.9458,2.9814,2603627.166281,7707534.440050797
2025-09-10 08:00:00,2.9814,2.9869,2.9604,2.9714,1648004.321576,4897351.559656215
2025-09-10 12:00:00,2.9715,3.0241,2.9714,3.0027,5448098.848995,16348814.681086006
2025-09-10 16:00:00,3.003,3.0138,2.9666,2.9785,2529086.729967,7564418.836037026
2025-09-10 20:00:00,2.9785,2.9868,2.972,2.9831,1576975.059275,4699526.566151177
2025-09-11 00:00:00,2.9831,3.0108,2.9772,3.0093,1505159.514399,4508827.423511927
2025-09-11 04:00:00,3.0093,3.014,2.9917,3.0033,1576347.980135,4731558.46724529
2025-09-11 08:00:00,3.0033,3.0349,2.9982,3.0076,2747137.530104,8288138.0287538
2025-09-11 12:00:00,3.0076,3.0349,2.95,2.995,8913777.842326,26643960.56023856
2025-09-11 16:00:00,2.9949,3.0344,2.99,3.026,2291737.042788,6909900.533142256
2025-09-11 20:00:00,3.0259,3.0496,3.0109,3.0397,2206379.485508,6684187.671194987
2025-09-12 00:00:00,3.0397,3.0719,3.0321,3.0373,4035902.022247,12317125.27597866
2025-09-12 04:00:00,3.0372,3.0734,3.0289,3.0667,2996121.17393,9159363.918159546
2025-09-12 08:00:00,3.0669,3.0706,3.0375,3.0391,1694128.736329,5167818.302329037
2025-09-12 12:00:00,3.039,3.065,3.0177,3.0278,3085221.278187,9374428.595801257
2025-09-12 16:00:00,3.028,3.0938,3.0223,3.0905,4853024.961523,14898068.834909264
2025-09-12 20:00:00,3.0904,3.1381,3.0825,3.1056,5874795.859242,18260343.05643024
2025-09-13 00:00:00,3.1056,3.1244,3.09,3.1142,2626746.585492,8158990.917950157
2025-09-13 04:00:00,3.1143,3.1219,3.0993,3.1171,1786340.553462,5555324.781779247
2025-09-13 08:00:00,3.117,3.1858,3.1105,3.1726,5488703.620492,17344782.802105904
2025-09-13 12:00:00,3.1728,3.1814,3.1168,3.1332,5418893.93634,17057368.598525982
2025-09-13 16:00:00,3.1336,3.142,3.0888,3.1108,3275656.326505,10197278.59504469
2025-09-13 20:00:00,3.1109,3.1279,3.1088,3.1192,1470621.647259,4588806.2428946
2025-09-14 00:00:00,3.1192,3.1264,3.085,3.095,3342931.22923,10393738.115487454
2025-09-14 04:00:00,3.0951,3.1086,3.0749,3.084,2254331.474011,6968074.259793808
2025-09-14 08:00:00,3.0839,3.095,3.0543,3.059,2430091.159992,7468791.799207553
2025-09-14 12:00:00,3.0592,3.0663,3.01,3.0312,4427246.445725,13435240.799591076
2025-09-14 16:00:00,3.0312,3.0597,3.0281,3.0381,2437803.107399,7420291.636692226
2025-09-14 20:00:00,3.0378,3.0582,3.0254,3.0282,2641215.007265,8030966.782514392
2025-09-15 00:00:00,3.028,3.0526,3.0122,3.0481,1872661.158894,5687412.569330378
2025-09-15 04:00:00,3.0481,3.0669,3.0121,3.0231,3106402.563914,9451679.925473949
2025-09-15 08:00:00,3.0232,3.0242,2.9537,2.9995,7919385.427091,23622721.668490417
2025-09-15 12:00:00,2.9995,3.0431,2.9842,3.0281,5974979.439206,18002515.706524305
2025-09-15 16:00:00,3.0281,3.0362,2.9865,2.9884,4607393.588711,13853700.354365813
2025-09-15 20:00:00,2.9885,3.0045,2.9804,2.9971,3534951.910487,10581567.211654497
2025-09-16 00:00:00,2.9972,2.9991,2.9771,2.9793,2210054.240863,6599388.19063858
2025-09-16 04:00:00,2.9793,3.0148,2.9643,3.0081,2720659.019269,8139898.103783644
2025-09-16 08:00:00,3.008,3.05,3.0039,3.0294,3555202.043436,10767726.12103314
2025-09-16 12:00:00,3.0295,3.0479,3.0004,3.039,5820244.473724,17598215.32148444
2025-09-16 16:00:00,3.0394,3.059,3.0307,3.0522,4070927.836184,12390141.388817793
2025-09-16 20:00:00,3.052,3.0582,3.0355,3.0374,1633491.929449,4979020.918953383
2025-09-17 00:00:00,3.0375,3.0477,3.0159,3.0167,3342044.627334,10138463.621018307
2025-09-17 04:00:00,3.0166,3.0391,3.006,3.0343,2514428.359026,7593939.372437693
2025-09-17 08:00:00,3.0345,3.0347,3.0034,3.0092,2768035.239826,8344164.169832634
2025-09-17 12:00:00,3.0092,3.0379,3.0086,3.023,2040132.519346,6164518.85914807
2025-09-17 16:00:00,3.0228,3.0705,2.9821,3.0318,11732423.331865,35525355.93630864
2025-09-17 20:00:00,3.032,3.1078,3.0061,3.084,4815045.359719,14752321.572075319
2025-09-18 00:00:00,3.0842,3.112,3.0706,3.1051,2946388.670254,9112378.53058008
2025-09-18 04:00:00,3.1055,3.1075,3.0559,3.0924,3940952.244809,12146494.4003621
2025-09-18 08:00:00,3.0926,3.1378,3.0905,3.1373,4162975.81041,12963192.665813204
2025-09-18 12:00:00,3.1372,3.1398,3.1025,3.1131,4605009.230165,14370990.833971296
2025-09-18 16:00:00,3.1131,3.1235,3.0885,3.1075,4633390.806339,14408265.136759296
2025-09-18 20:00:00,3.1074,3.1093,3.0601,3.0731,3812712.388966,11765907.053295866
2025-09-19 00:00:00,3.0732,3.094,3.0456,3.047,2299578.677235,7055405.91035987
2025-09-19 04:00:00,3.0469,3.0535,3.0233,3.0384,3571388.629019,10845841.680760765
2025-09-19 08:00:00,3.0381,3.0474,3.0224,3.0306,1948386.094884,5907564.883381969
2025-09-19 12:00:00,3.0307,3.0467,2.989,3.0103,5754331.847546,17367747.282594446
2025-09-19 16:00:00,3.0106,3.0172,2.9839,2.9862,4036157.495655,12106201.315222848
2025-09-19 20:00:00,2.9862,3.0006,2.979,2.9904,2603101.592372,7782052.566000595
2025-09-20 00:00:00,2.9902,3.0015,2.9801,2.9917,1596827.745026,4776636.668759476
2025-09-20 04:00:00,2.9918,3.0094,2.9873,3.009,668175.134657,2003608.1132949567
2025-09-20 08:00:00,3.0088,3.0091,2.975,2.9894,1289859.587415,3851634.8964742552
2025-09-20 12:00:00,2.9895,2.9968,2.9659,2.9899,2874539.731131,8575430.242102284
2025-09-20 16:00:00,2.9898,2.9932,2.9712,2.9747,1542572.195756,4600443.525121407
2025-09-20 20:00:00,2.9747,2.9863,2.9706,2.9755,1894896.713755,5641148.500435313
2025-09-21 00:00:00,2.9755,2.9988,2.9732,2.9979,3246607.954488,9691338.01760068
2025-09-21 04:00:00,2.9979,3.0139,2.9936,2.9969,4380462.637557,13150017.586042443
2025-09-21 08:00:00,2.9971,3.0009,2.9618,2.9754,2154702.467491,6413303.2501862105
2025-09-21 12:00:00,2.9755,2.9886,2.9701,2.9801,1069382.568976,3186996.1587472786
2025-09-21 16:00:00,2.9801,2.9857,2.953,2.9818,1699694.370533,5044252.820901116
2025-09-21 20:00:00,2.9817,2.9927,2.9644,2.9706,1452225.629734,4325008.075181316
2025-09-22 00:00:00,2.9703,2.9758,2.877,2.9038,13546907.462674,39479243.591220416
2025-09-22 04:00:00,2.9039,2.9069,2.6773,2.8061,28227441.998957,78443606.69865683
2025-09-22 08:00:00,2.8061,2.8239,2.7906,2.816,5792275.704419,16279111.855308216
2025-09-22 12:00:00,2.8165,2.8748,2.8046,2.8601,8987657.520357,25643684.135395117
2025-09-22 16:00:00,2.8602,2.8706,2.8162,2.8342,7778170.940007,22110566.103185732
2025-09-22 20:00:00,2.834,2.8568,2.8143,2.8525,2558651.692241,7267491.936793859
2025-09-23 00:00:00,2.8525,2.8728,2.7993,2.86,3914104.687003,11134170.309548188
2025-09-23 04:00:00,2.86,2.8846,2.8357,2.865,4903199.220958,14056379.332977489
2025-09-23 08:00:00,2.8652,2.8739,2.8494,2.8586,1804501.298059,5163873.328923556
2025-09-23 12:00:00,2.8585,2.884,2.853,2.8767,2885242.136622,8271326.108238511
2025-09-23 16:00:00,2.8769,2.8968,2.838,2.853,3893544.833988,11150229.33269928
2025-09-23 20:00:00,2.853,2.8599,2.8162,2.8246,3162570.042054,8982614.93318977
2025-09-24 00:00:00,2.8247,2.843,2.8053,2.814,3734602.601167,10544834.034510285
2025-09-24 04:00:00,2.8139,2.8774,2.7881,2.8739,6387868.328957,18131213.863669373
2025-09-24 08:00:00,2.8742,2.8844,2.867,2.8803,2419618.518373,6955309.93190457
2025-09-24 12:00:00,2.8803,2.9508,2.8717,2.9399,4724679.753316,13751555.595417244
2025-09-24 16:00:00,2.9399,2.9955,2.9289,2.9772,6851660.52483,20258161.27125512
2025-09-24 20:00:00,2.9771,2.9799,2.9234,2.9256,4771078.310036,14090258.517624073
2025-09-25 00:00:00,2.9256,2.9447,2.87,2.8734,5818444.308376,16906978.238510706
2025-09-25 04:00:00,2.8731,2.8785,2.8325,2.8425,5825770.897054,16604825.591694275
2025-09-25 08:00:00,2.8423,2.855,2.8074,2.8159,4743194.660415,13423030.196119966
2025-09-25 12:00:00,2.8156,2.8608,2.7851,2.8311,9776050.807895,27637313.220626563
2025-09-25 16:00:00,2.8311,2.8383,2.7241,2.7606,15448530.872915,42787725.78296934
2025-09-25 20:00:00,2.7606,2.7715,2.7316,2.7436,5326637.151481,14648613.474346304
2025-09-26 00:00:00,2.7434,2.7787,2.7387,2.7612,4754117.371751,13114335.652741663
2025-09-26 04:00:00,2.7613,2.7752,2.738,2.7549,5498838.070477,15144115.80818122
2025-09-26 08:00:00,2.7547,2.7684,2.6984,2.7274,8518109.476313,23254300.568299733
2025-09-26 12:00:00,2.7278,2.7767,2.7003,2.735,15481104.291386,42329696.29105777
2025-09-26 16:00:00,2.735,2.8093,2.7316,2.7918,11426470.350336,31779548.18809975
2025-09-26 20:00:00,2.7918,2.7974,2.77,2.7832,2971622.38299,8271906.528414093
2025-09-27 00:00:00,2.7836,2.7899,2.7674,2.7832,2308103.75305,6410536.529513338
2025-09-27 04:00:00,2.7832,2.8016,2.7758,2.781,1800354.870923,5017358.812650747
2025-09-27 08:00:00,2.781,2.7939,2.7618,2.7778,2187937.222399,6081004.007982299
2025-09-27 12:00:00,2.7777,2.7889,2.7726,2.7841,1373833.312301,3821000.6934465775
2025-09-27 16:00:00,2.7843,2.7945,2.7627,2.7897,1542687.689552,4288756.336634712
2025-09-27 20:00:00,2.7898,2.8288,2.7874,2.8045,1920570.517747,5388002.386038853
2025-09-28 00:00:00,2.8046,2.8145,2.7768,2.7826,3307231.161721,9248903.149754023
2025-09-28 04:00:00,2.7828,2.7947,2.775,2.7877,1430711.869178,3983457.9047472016
2025-09-28 08:00:00,2.7877,2.7945,2.7707,2.7762,1612212.549804,4484599.9555770615
2025-09-28 12:00:00,2.7765,2.814,2.7663,2.8106,2246290.320367,6257178.533620172
2025-09-28 16:00:00,2.8106,2.8346,2.8044,2.8276,1647136.384632,4647394.10540589
2025-09-28 20:00:00,2.8276,2.8675,2.8264,2.8675,2549615.279321,7264489.324460675
2025-09-29 00:00:00,2.8674,2.8849,2.8485,2.8631,2635109.580476,7548827.665297187
2025-09-29 04:00:00,2.8635,2.905,2.8454,2.8866,3459649.368002,9932034.845895229
2025-09-29 08:00:00,2.8871,2.8925,2.8533,2.8552,2314295.385027,6651227.453373008
2025-09-29 12:00:00,2.8552,2.9286,2.8456,2.8938,5667777.903474,16383847.842762727
2025-09-29 16:00:00,2.8938,2.9032,2.8658,2.898,4475193.844597,12905808.137881009
2025-09-29 20:00:00,2.898,2.9142,2.8784,2.8794,3172621.573551,9186520.915835679
2025-09-30 00:00:00,2.8793,2.8922,2.8676,2.8758,2720213.325528,7834920.344110644
2025-09-30 04:00:00,2.8759,2.9073,2.8722,2.8744,2491221.111783,7202208.427396129
2025-09-30 08:00:00,2.8744,2.8755,2.8346,2.847,3055920.810127,8710349.125484673
2025-09-30 12:00:00,2.8468,2.8629,2.8133,2.8278,5011608.946281,14218563.623209264
2025-09-30 16:00:00,2.8279,2.871,2.8175,2.8639,6236758.184556,17721329.561466392
2025-09-30 20:00:00,2.864,2.8794,2.8338,2.8467,3433050.713883,9809250.476595668
2025-10-01 00:00:00,2.8466,2.8598,2.814,2.819,2772943.673052,7871342.158642017
2025-10-01 04:00:00,2.8192,2.8576,2.8163,2.854,3507074.813771,9969611.14680556
2025-10-01 08:00:00,2.8535,2.952,2.8518,2.944,9252093.319988,26999415.57224949
2025-10-01 12:00:00,2.944,2.9588,2.9271,2.9417,9087018.653308,26731879.33374824
2025-10-01 16:00:00,2.9417,2.9618,2.9195,2.955,5459203.45116,16053386.580815936
2025-10-01 20:00:00,2.9553,2.9557,2.9263,2.9483,3621494.555075,10639988.570234085
2025-10-02 00:00:00,2.9484,2.9879,2.9403,2.9726,5004654.125696,14844921.428566119
2025-10-02 04:00:00,2.9726,2.9858,2.9539,2.9694,4922132.825031,14625963.514624732
2025-10-02 08:00:00,2.9697,2.9968,2.9667,2.9719,4702719.957906,14034588.107613068
2025-10-02 12:00:00,2.9719,2.9942,2.9463,2.9916,8456743.318862,25142339.19948167
2025-10-02 16:00:00,2.9921,3.1,2.9871,3.0904,10897746.938434,33233962.1376776
2025-10-02 20:00:00,3.0905,3.091,3.026,3.0385,6567327.343008,20012782.205835693
2025-10-03 00:00:00,3.0384,3.0388,3.0033,3.0207,5622000.415264,16981805.93306737
2025-10-03 04:00:00,3.0207,3.0356,3.0134,3.0341,4789741.194972,14485623.729268773
2025-10-03 08:00:00,3.0341,3.0587,3.023,3.0379,4343133.993019,13217816.473298015
2025-10-03 12:00:00,3.0387,3.0744,3.0083,3.0693,6309033.21208,19159044.37259893
2025-10-03 16:00:00,3.0699,3.0953,3.0128,3.0349,11081312.18729,33853138.98753523
2025-10-03 20:00:00,3.0352,3.0562,3.0213,3.04,4033475.972457,12270240.964370642
2025-10-04 00:00:00,3.0401,3.0525,3.0083,3.0234,5397227.131527,16355731.418356111
2025-10-04 04:00:00,3.0232,3.0314,3.0142,3.0181,2638857.495653,7980102.817776461
2025-10-04 08:00:00,3.0178,3.0221,2.983,2.9905,3683282.673852,11041887.677742578
2025-10-04 12:00:00,2.9903,3.0068,2.9412,2.9495,6195401.749072,18417828.293071028
2025-10-04 16:00:00,2.9499,2.9566,2.9389,2.9502,3092450.758931,9114795.568305928
2025-10-04 20:00:00,2.9506,2.9727,2.946,2.9688,2683933.635667,7939883.094389145
2025-10-05 00:00:00,2.9686,3.0263,2.9556,3.008,5174344.31887,15516540.749297785
2025-10-05 04:00:00,3.0076,3.0671,3.0051,3.0636,7215823.43614,21915614.57409516
2025-10-05 08:00:00,3.0636,3.0718,3.0015,3.0219,6724741.047796,20390542.93726492
2025-10-05 12:00:00,3.0219,3.022,2.9854,3.0128,3640977.25826,10941298.15806808
2025-10-05 16:00:00,3.0128,3.0152,2.9485,2.953,4653220.327488,13844797.976991296
2025-10-05 20:00:00,2.9529,2.9857,2.9467,2.9696,3810891.168174,11311521.234827045
2025-10-06 00:00:00,2.9697,2.992,2.9553,2.978,4134816.754206,12305936.336642636
2025-10-06 04:00:00,2.9779,2.9996,2.9628,2.9739,2717374.196817,8097250.302369017
2025-10-06 08:00:00,2.9738,3.0089,2.9738,2.9954,3254125.75016,9737121.721411042
2025-10-06 12:00:00,2.9956,3.0394,2.9841,3.0312,8618170.71304,25939037.45988704
2025-10-06 16:00:00,3.0309,3.0505,3.0208,3.0246,5773284.464849,17520749.668550838
2025-10-06 20:00:00,3.0245,3.0335,2.9863,2.9881,4942067.798754,14830479.166342933
2025-10-07 00:00:00,2.9882,3.0007,2.9764,2.9861,3518616.829211,10507067.984843224
2025-10-07 04:00:00,2.9858,3.0015,2.9618,2.9715,4495176.887142,13392330.158924945
2025-10-07 08:00:00,2.9718,2.9803,2.9547,2.9701,5708549.185278,16955390.608112376
2025-10-07 12:00:00,2.97,2.9913,2.8692,2.8849,17619403.711812,51457133.80428893
2025-10-07 16:00:00,2.8851,2.9041,2.8488,2.8572,7995224.515504,22978536.914191585
2025-10-07 20:00:00,2.8572,2.8818,2.8493,2.8522,3226951.389753,9246617.616764223
2025-10-08 00:00:00,2.8525,2.8793,2.838,2.847,3644388.151473,10437496.907574132
2025-10-08 04:00:00,2.847,2.8647,2.8302,2.8579,2799599.140895,7986125.029104198
2025-10-08 08:00:00,2.8583,2.8816,2.8564,2.8763,1719313.818408,4934654.531045055
2025-10-08 12:00:00,2.8764,2.8938,2.8521,2.866,4242765.973028,12189704.507156627
2025-10-08 16:00:00,2.866,2.9246,2.8626,2.9092,5589223.750601,16230009.873793144
2025-10-08 20:00:00,2.9094,2.9119,2.8764,2.8795,1993126.275234,5770010.757761986
2025-10-09 00:00:00,2.8795,2.8803,2.8245,2.8442,3530583.873449,10074608.642035294
2025-10-09 04:00:00,2.8446,2.8487,2.8136,2.8176,3171158.822128,8974989.072827129
2025-10-09 08:00:00,2.8174,2.8283,2.7862,2.8264,5248855.18249,14727879.617866889
2025-10-09 12:00:00,2.8264,2.841,2.7898,2.8025,5484898.877797,15442477.23681982
2025-10-09 16:00:00,2.8025,2.8097,2.7718,2.7898,5395342.012632,15058490.130956735
2025-10-09 20:00:00,2.7894,2.8168,2.7835,2.8024,3240537.13301,9071767.05071768
2025-10-10 00:00:00,2.8024,2.8297,2.7909,2.8131,2778558.933664,7810885.22422071
2025-10-10 04:00:00,2.8128,2.8308,2.799,2.8032,3064853.141203,8624938.916750494
2025-10-10 08:00:00,2.8032,2.8306,2.7986,2.8188,2091349.753926,5892152.163702301
2025-10-10 12:00:00,2.8187,2.8372,2.713,2.7418,16057668.931479,44425404.59724656
2025-10-10 16:00:00,2.7418,2.7648,2.635,2.6768,18407338.432838,49720394.06951611
2025-10-10 20:00:00,2.6771,2.6979,1.2184,2.3629,137633806.387026,312201265.7759584
2025-10-11 00:00:00,2.3614,2.4518,2.2879,2.3948,63547211.869434,150251332.728706
2025-10-11 04:00:00,2.395,2.4516,2.3873,2.4119,26237781.239095,63462558.892649874
2025-10-11 08:00:00,2.4119,2.5055,2.3987,2.4773,17412308.374168,42928046.674407065
2025-10-11 12:00:00,2.4774,2.4867,2.4147,2.4782,12459722.524031,30569884.007091213
2025-10-11 16:00:00,2.4784,2.4924,2.3826,2.4098,11544960.371715,28265910.571667228
2025-10-11 20:00:00,2.4096,2.4117,2.3225,2.382,15341517.841984,36394649.718415715
2025-10-12 00:00:00,2.3821,2.3871,2.3121,2.3416,12021698.82304,28168305.603104904
2025-10-12 04:00:00,2.3418,2.4004,2.3396,2.3898,9682023.773557,22964424.39186448
2025-10-12 08:00:00,2.3896,2.411,2.3686,2.3973,5986447.067114,14322986.665075216
2025-10-12 12:00:00,2.3974,2.5149,2.3608,2.4886,22886047.809511,56016576.74715426
2025-10-12 16:00:00,2.4886,2.5524,2.488,2.5473,17767939.1461,44774579.335381195
2025-10-12 20:00:00,2.5473,2.5837,2.5081,2.5282,9510072.625416,24171890.64172157
2025-10-13 00:00:00,2.528,2.5742,2.5126,2.5508,10110220.177583,25701393.569982313
2025-10-13 04:00:00,2.5513,2.6371,2.5339,2.6215,9312810.262887,24039570.162104808
2025-10-13 08:00:00,2.6216,2.6428,2.5358,2.5697,11690974.782062,30351050.798981413
2025-10-13 12:00:00,2.5694,2.6169,2.5506,2.5874,19267613.650473,49723872.42344641
2025-10-13 16:00:00,2.5875,2.6398,2.5705,2.625,14931783.044052,38927319.908689804
2025-10-13 20:00:00,2.6247,2.6463,2.5963,2.6052,8646105.616151,22675163.23856712
2025-10-14 00:00:00,2.6054,2.6209,2.55,2.5608,9544175.224009,24631427.76112672
2025-10-14 04:00:00,2.5608,2.5658,2.4185,2.4528,26104790.371205,65008619.45767712
2025-10-14 08:00:00,2.4527,2.4755,2.4122,2.4519,11565521.351775,28342421.42560298
2025-10-14 12:00:00,2.4522,2.4993,2.3892,2.4977,16611369.40797,40450637.27292733
2025-10-14 16:00:00,2.4978,2.5366,2.4608,2.4838,16996820.698144,42519095.537064515
2025-10-14 20:00:00,2.4838,2.5126,2.4753,2.5035,4876294.886994,12147968.714320377
2025-10-15 00:00:00,2.503,2.5263,2.4796,2.4883,4396526.937258,10993309.017637957
2025-10-15 04:00:00,2.4885,2.5093,2.4795,2.5072,3682434.801192,9194184.00987022
2025-10-15 08:00:00,2.507,2.5478,2.4776,2.4928,6672068.495912,16749193.342243403
2025-10-15 12:00:00,2.4926,2.5117,2.4236,2.4331,15409912.073458,38068176.005978726
2025-10-15 16:00:00,2.4335,2.4493,2.4023,2.4055,8764682.458082,21305392.95354344
2025-10-15 20:00:00,2.4059,2.4208,2.3758,2.4113,6425228.276514,15423891.645206856
2025-10-16 00:00:00,2.4112,2.4355,2.3997,2.4185,5569173.47313,13458845.792007567
2025-10-16 04:00:00,2.4185,2.4337,2.397,2.4102,5198928.72225,12558814.85923555
2025-10-16 08:00:00,2.4104,2.4571,2.352,2.4524,9838613.733081,23642173.660150737
2025-10-16 12:00:00,2.4526,2.4666,2.3378,2.3555,18147375.061967,43625245.333752275
2025-10-16 16:00:00,2.3556,2.3987,2.3074,2.3272,15076448.980316,35447946.27483116
2025-10-16 20:00:00,2.327,2.3362,2.2826,2.3282,11071223.789508,25551395.59455608
2025-10-17 00:00:00,2.328,2.4016,2.3198,2.359,8841337.33295,20856685.0592221
2025-10-17 04:00:00,2.359,2.3602,2.2319,2.2388,14190357.020643,32422719.78377948
2025-10-17 08:00:00,2.2394,2.2971,2.1897,2.2832,18362978.593143,41017365.494751066
2025-10-17 12:00:00,2.283,2.305,2.2404,2.3013,10685987.367096,24319794.514573026
2025-10-17 16:00:00,2.3014,2.328,2.2777,2.2976,5783113.017925,13314374.794417225
2025-10-17 20:00:00,2.2971,2.3416,2.2914,2.2935,4458670.448392,10323942.862369662
2025-10-18 00:00:00,2.2936,2.3439,2.2896,2.339,3669412.292745,8523096.94752875
2025-10-18 04:00:00,2.339,2.3758,2.3158,2.3538,4277004.347971,10038721.623088636
2025-10-18 08:00:00,2.3539,2.3796,2.3468,2.379,4263177.670859,10057351.74779358
2025-10-18 12:00:00,2.379,2.3914,2.3402,2.3489,4521905.15058,10694014.914890112
2025-10-18 16:00:00,2.349,2.3713,2.3332,2.3673,3028487.695562,7112494.522354291
2025-10-18 20:00:00,2.3673,2.3745,2.3504,2.3596,1720215.284112,4063063.3330968153
2025-10-19 00:00:00,2.3595,2.3686,2.3356,2.3686,2577673.636997,6051712.741316044
2025-10-19 04:00:00,2.3686,2.3695,2.3419,2.3483,1601117.334693,3769199.878777983
2025-10-19 08:00:00,2.3484,2.3986,2.3176,2.3751,7691426.954096,18169427.15023841
2025-10-19 12:00:00,2.3751,2.4153,2.3625,2.4008,5042526.866992,12083505.792952985
2025-10-19 16:00:00,2.4009,2.4198,2.3885,2.3994,3754736.348094,9022529.913304936
2025-10-19 20:00:00,2.3991,2.4095,2.3859,2.3908,2682715.687083,6433643.7546403445
2025-10-20 00:00:00,2.3908,2.4408,2.3548,2.4336,5140310.639104,12273112.110015512
2025-10-20 04:00:00,2.4343,2.4772,2.431,2.4703,4499612.01943,11041717.113908548
2025-10-20 08:00:00,2.4703,2.4806,2.4525,2.4574,3544699.530429,8735552.117494563
2025-10-20 12:00:00,2.4577,2.4855,2.4471,2.463,5158149.489239,12704552.763451695
2025-10-20 16:00:00,2.4629,2.5532,2.4269,2.524,13017528.861915,32250627.61858899
2025-10-20 20:00:00,2.524,2.5349,2.4829,2.495,6306505.186411,15844169.572586838
2025-10-21 00:00:00,2.495,2.4951,2.4488,2.4528,4316591.205806,10656840.830288788
2025-10-21 04:00:00,2.4529,2.4539,2.4124,2.4269,7222594.660197,17549226.732646387
2025-10-21 08:00:00,2.4269,2.4329,2.4011,2.4321,4555603.101966,10999007.310146775
2025-10-21 12:00:00,2.4321,2.5325,2.4079,2.5225,12082679.180792,29773988.951219447
2025-10-21 16:00:00,2.5223,2.5245,2.4728,2.4933,9960611.993791,24893265.257415663
2025-10-21 20:00:00,2.4938,2.4976,2.4157,2.4222,9468515.941753,23251675.69948676
2025-10-22 00:00:00,2.4221,2.4344,2.404,2.4213,5683616.121823,13753797.78600596
2025-10-22 04:00:00,2.421,2.4378,2.3914,2.4099,8552834.894253,20602957.24030113
2025-10-22 08:00:00,2.4101,2.4103,2.3639,2.3965,6627081.519127,15816931.742692783
2025-10-22 12:00:00,2.3967,2.4169,2.3665,2.4001,10622423.966914,25428366.75276432
2025-10-22 16:00:00,2.4005,2.4066,2.3538,2.3759,9072137.808608,21629319.110640787
2025-10-22 20:00:00,2.3761,2.3808,2.3244,2.3647,8946115.249591,21024471.733086128
2025-10-23 00:00:00,2.3648,2.3877,2.3619,2.3791,3024155.814673,7175855.649443354
2025-10-23 04:00:00,2.3796,2.4194,2.3769,2.4078,3591260.561189,8625008.887647942
2025-10-23 08:00:00,2.4078,2.4175,2.3897,2.391,2700349.520377,6504402.86854282
2025-10-23 12:00:00,2.3909,2.4196,2.3746,2.408,5325662.097683,12757142.8258877
2025-10-23 16:00:00,2.4083,2.426,2.3918,2.4071,5019288.784712,12083464.755203456
2025-10-23 20:00:00,2.4069,2.407,2.3776,2.3946,4450912.759087,10650403.33459294
2025-10-24 00:00:00,2.3947,2.4099,2.3866,2.4068,2644702.963046,6343270.414234715
2025-10-24 04:00:00,2.4067,2.4489,2.4041,2.4405,5625520.186542,13689460.426126922
2025-10-24 08:00:00,2.4406,2.4645,2.4341,2.4561,4930892.406839,12077242.044063684
2025-10-24 12:00:00,2.4561,2.5149,2.4561,2.4796,14019247.377559,34866693.15020121
2025-10-24 16:00:00,2.4798,2.5137,2.4608,2.501,8462531.296298,21098297.83814252
2025-10-24 20:00:00,2.5009,2.5153,2.4967,2.5104,3818948.607118,9569539.728903437
2025-10-25 00:00:00,2.5102,2.5606,2.5025,2.5405,6596502.774153,16723505.28119272
2025-10-25 04:00:00,2.5404,2.5706,2.5372,2.5428,6710887.349209,17140816.668799955
2025-10-25 08:00:00,2.5429,2.5707,2.5281,2.5643,3308034.65723,8428950.523367625
2025-10-25 12:00:00,2.5643,2.6198,2.5603,2.5978,7148492.773955,18537611.471879877
2025-10-25 16:00:00,2.5976,2.6541,2.5882,2.6047,5410615.198042,14167449.7071675
2025-10-25 20:00:00,2.6049,2.618,2.5891,2.5959,3815244.558452,9927595.520874016
2025-10-26 00:00:00,2.596,2.6286,2.5921,2.6017,3996930.567059,10435575.769816985
2025-10-26 04:00:00,2.6018,2.6267,2.5993,2.6241,1820856.381531,4764084.152347145
2025-10-26 08:00:00,2.6242,2.6623,2.6172,2.6468,6044928.251732,15964131.565526742
2025-10-26 12:00:00,2.6467,2.6568,2.6295,2.6412,4486624.124955,11856852.684036784
2025-10-26 16:00:00,2.641,2.6416,2.609,2.6145,4150250.255397,10882670.253409363
2025-10-26 20:00:00,2.6145,2.6632,2.5979,2.646,8247339.579857,21765141.16221284
2025-10-27 00:00:00,2.6461,2.6704,2.6222,2.6355,8592436.107616,22759874.140042793
2025-10-27 04:00:00,2.6354,2.6754,2.6259,2.63,6250160.681932,16556288.707729729
2025-10-27 08:00:00,2.63,2.6389,2.6051,2.626,4349138.237898,11399871.89801484
2025-10-27 12:00:00,2.626,2.6647,2.6008,2.661,9204278.96788,24232664.21813383
2025-10-27 16:00:00,2.6614,2.6977,2.6546,2.6694,12593959.629877,33758568.21728392
2025-10-27 20:00:00,2.6694,2.6694,2.6241,2.6343,6438410.45411,17015799.36434433
2025-10-28 00:00:00,2.6342,2.6521,2.6085,2.6312,5835625.810969,15364163.307972036
2025-10-28 04:00:00,2.6312,2.662,2.6117,2.638,5350683.301263,14092398.006465716
2025-10-28 08:00:00,2.6382,2.668,2.6351,2.6413,2843546.366462,7547591.026767679
2025-10-28 12:00:00,2.6414,2.6888,2.6038,2.6356,9628557.4412,25472914.43166598
2025-10-28 16:00:00,2.6357,2.6799,2.6123,2.6425,6491392.537186,17208460.58183605
2025-10-28 20:00:00,2.6427,2.643,2.5671,2.6037,8778202.874802,22813186.9125302
2025-10-29 00:00:00,2.6032,2.6279,2.5996,2.6088,4924072.32591,12870371.434007633
2025-10-29 04:00:00,2.6086,2.6359,2.607,2.6343,3053100.999567,8009240.153192398
2025-10-29 08:00:00,2.6345,2.661,2.6214,2.6499,3604018.454831,9532546.473085647
2025-10-29 12:00:00,2.6498,2.6647,2.614,2.6266,6205730.219649,16393006.161486195
2025-10-29 16:00:00,2.6269,2.6605,2.5454,2.5876,15378094.217569,40145803.29426286
2025-10-29 20:00:00,2.5875,2.6178,2.5369,2.5501,7929136.116277,20463214.207813885
2025-10-30 00:00:00,2.5503,2.5891,2.5286,2.5794,7414309.107699,19031274.94768548
2025-10-30 04:00:00,2.5793,2.5938,2.488,2.5833,16603181.841788,42019307.88375393
2025-10-30 08:00:00,2.5835,2.5895,2.5407,2.5443,3922540.908236,10052732.053113792
2025-10-30 12:00:00,2.5443,2.5512,2.4444,2.4538,15186234.610284,37755506.78153093
2025-10-30 16:00:00,2.4539,2.4712,2.3776,2.3859,11101286.586672,26989429.2456454
2025-10-30 20:00:00,2.3853,2.4416,2.3766,2.4393,7200012.670834,17418826.244170178
2025-10-31 00:00:00,2.4394,2.482,2.4338,2.4706,5440853.04539,13384290.217200156
2025-10-31 04:00:00,2.4706,2.4928,2.4684,2.4754,4059947.722599,10078662.571317896
2025-10-31 08:00:00,2.4754,2.516,2.4661,2.5143,4198487.123091,10464544.1506631
2025-10-31 12:00:00,2.5141,2.5506,2.4926,2.5235,16247187.688773,41024462.29405964
2025-10-31 16:00:00,2.5233,2.5548,2.4831,2.5439,10434866.933953,26244788.84754892
2025-10-31 20:00:00,2.5435,2.5439,2.5022,2.5096,3364742.090081,8468562.938042257
2025-11-01 00:00:00,2.5095,2.5195,2.4892,2.5163,2131044.087869,5331512.954349777
2025-11-01 04:00:00,2.5163,2.5237,2.4978,2.506,1435140.997005,3602105.2369958116
2025-11-01 08:00:00,2.5062,2.5149,2.5001,2.5002,2428692.501875,6086640.954363746
2025-11-01 12:00:00,2.5003,2.5065,2.4764,2.5014,3068213.743384,7648394.605273728
2025-11-01 16:00:00,2.5016,2.5143,2.4958,2.5059,1605937.669491,4022033.4663746255
2025-11-01 20:00:00,2.5065,2.513,2.4903,2.5056,1068056.025538,2674401.6043331977
2025-11-02 00:00:00,2.5055,2.5133,2.495,2.5066,1307263.874344,3274510.026387016
2025-11-02 04:00:00,2.5069,2.5362,2.5061,2.535,1790115.851785,4516627.03777112
2025-11-02 08:00:00,2.5351,2.5554,2.5091,2.5415,3663823.758475,9259184.770248888
2025-11-02 12:00:00,2.5414,2.552,2.4999,2.5,2820549.343495,7120169.768447145
2025-11-02 16:00:00,2.5002,2.5054,2.4782,2.4887,3143424.226514,7828603.723533049
2025-11-02 20:00:00,2.4887,2.532,2.4845,2.5267,3421976.085685,8594665.471273936
2025-11-03 00:00:00,2.5269,2.5323,2.4257,2.4293,7186553.218624,17759882.832938343
2025-11-03 04:00:00,2.4295,2.4534,2.3878,2.4143,6565383.768087,15881065.30936686
2025-11-03 08:00:00,2.414,2.428,2.3816,2.4021,6747683.054977,16233278.499988817
2025-11-03 12:00:00,2.4021,2.43,2.2931,2.3281,18361500.813325,43335045.61187449
2025-11-03 16:00:00,2.3281,2.3952,2.3187,2.3242,11228287.376025,26461439.642756455
2025-11-03 20:00:00,2.3242,2.3297,2.263,2.3094,12664668.766682,29064242.89149896
2025-11-04 00:00:00,2.3095,2.3636,2.2996,2.3567,7365633.064972,17202752.987081073
2025-11-04 04:00:00,2.3566,2.3659,2.2322,2.2437,15752524.235416,35951958.4908307
2025-11-04 08:00:00,2.2436,2.2846,2.2297,2.2809,11332885.856328,25653624.61388396
2025-11-04 12:00:00,2.281,2.3274,2.2422,2.283,8805794.501904,20094901.99075408
2025-11-04 16:00:00,2.283,2.2959,2.1555,2.1695,18967346.882379,41939279.597130485
2025-11-04 20:00:00,2.1695,2.2294,2.0665,2.2053,25621478.623918,55107072.49951692
2025-11-05 00:00:00,2.2055,2.2534,2.1017,2.2372,16592769.306112,36316916.08398145
2025-11-05 04:00:00,2.2372,2.2604,2.2264,2.2465,5681217.121304,12748213.555961452
2025-11-05 08:00:00,2.2464,2.2464,2.2046,2.2368,5524267.520914,12293877.603430793
2025-11-05 12:00:00,2.2367,2.2883,2.2307,2.2761,8612058.785262,19477025.223431095
2025-11-05 16:00:00,2.2768,2.3265,2.254,2.3224,9822416.372906,22493498.850172173
2025-11-05 20:00:00,2.3224,2.3768,2.3176,2.3426,10663677.614859,25053032.546244547
2025-11-06 00:00:00,2.3428,2.4159,2.3096,2.3585,12762223.300014,30087902.959709845
2025-11-06 04:00:00,2.3593,2.3647,2.3119,2.3266,5144121.447934,12009028.50803552
2025-11-06 08:00:00,2.3265,2.3335,2.2883,2.3004,5861202.500152,13523777.563574217
2025-11-06 12:00:00,2.3004,2.3107,2.2278,2.2345,11206753.756241,25462461.307377186
2025-11-06 16:00:00,2.2346,2.2499,2.2029,2.2117,12395529.628803,27613646.671569493
2025-11-06 20:00:00,2.2118,2.225,2.1796,2.2133,7658545.892783,16882250.28482045
2025-11-07 00:00:00,2.213,2.2372,2.1922,2.229,5901192.098909,13082266.444450365
2025-11-07 04:00:00,2.229,2.2399,2.2119,2.2336,3036928.578442,6760400.988832128
2025-11-07 08:00:00,2.2336,2.2348,2.1637,2.1883,4937727.543047,10833213.348028315
2025-11-07 12:00:00,2.1882,2.2211,2.1539,2.2127,11010724.012866,24083184.2289659
2025-11-07 16:00:00,2.213,2.3558,2.2024,2.3529,15396225.152857,35291672.67284636
2025-11-07 20:00:00,2.353,2.3722,2.3119,2.3156,6422956.865659,15034032.11426197
2025-11-08 00:00:00,2.3156,2.3373,2.2994,2.3187,6020667.655361,13948760.226238728
2025-11-08 04:00:00,2.3188,2.3362,2.2941,2.3228,4449988.321534,10307669.36988446
2025-11-08 08:00:00,2.3225,2.3337,2.2912,2.2955,1986778.486979,4594718.928487799
2025-11-08 12:00:00,2.2958,2.3018,2.2424,2.2549,4107879.164423,9337150.444531212
2025-11-08 16:00:00,2.256,2.2793,2.251,2.2731,3043622.184182,6891396.900925204
2025-11-08 20:00:00,2.2732,2.2894,2.2713,2.2863,1962660.92878,4479306.003421013
2025-11-09 00:00:00,2.2868,2.2872,2.2392,2.2528,2986879.231945,6751988.911910586
2025-11-09 04:00:00,2.2538,2.2987,2.2532,2.2961,1906090.478972,4331469.598721539
2025-11-09 08:00:00,2.2958,2.2961,2.2527,2.2752,2212237.80447,5028662.812838886
2025-11-09 12:00:00,2.2752,2.3341,2.2673,2.3146,5441665.422269,12524573.37553038
2025-11-09 16:00:00,2.3146,2.35,2.3007,2.3491,3863162.397962,8967688.747363964
2025-11-09 20:00:00,2.349,2.3953,2.3238,2.366,4982692.319468,11741611.883721184
2025-11-10 00:00:00,2.3659,2.4777,2.346,2.4619,7639796.644271,18489853.720338777
2025-11-10 04:00:00,2.4615,2.493,2.4396,2.4809,4870993.433652,11996227.993256848
2025-11-10 08:00:00,2.4808,2.5731,2.47,2.5409,9339822.688348,23608312.186942663
2025-11-10 12:00:00,2.5409,2.5706,2.4987,2.5298,8243797.282523,20876902.31256023
2025-11-10 16:00:00,2.5299,2.564,2.5136,2.5492,4048228.924767,10291870.41692663
2025-11-10 20:00:00,2.5489,2.5816,2.5118,2.526,5657442.247227,14380863.381584087
2025-11-11 00:00:00,2.5262,2.5701,2.5141,2.5305,9326812.737531,23684153.345943313
2025-11-11 04:00:00,2.5299,2.5323,2.4451,2.4475,6122205.671791,15196954.507248549
2025-11-11 08:00:00,2.4477,2.4703,2.4403,2.4604,3048401.273069,7494631.249910029
2025-11-11 12:00:00,2.4605,2.471,2.4263,2.437,5563826.527998,13630035.489882996
2025-11-11 16:00:00,2.4369,2.4422,2.4101,2.416,3087401.634874,7491603.266012499
2025-11-11 20:00:00,2.4163,2.4225,2.3792,2.3919,4467043.072194,10726801.16084601
2025-11-12 00:00:00,2.3915,2.4147,2.3816,2.3992,2851830.810525,6846760.052524213
2025-11-12 04:00:00,2.3995,2.4089,2.3649,2.3735,2782741.582813,6647477.359694704
2025-11-12 08:00:00,2.3735,2.4391,2.373,2.4384,4436197.489822,10719005.712816551
2025-11-12 12:00:00,2.4383,2.449,2.3634,2.3682,6301095.188309,15255652.762222696
2025-11-12 16:00:00,2.3685,2.3739,2.3163,2.3377,7985430.587008,18698681.52881558
2025-11-12 20:00:00,2.3379,2.3945,2.3333,2.388,4214677.483252,9971025.97784478
2025-11-13 00:00:00,2.3877,2.512,2.3829,2.4836,6991441.152355,17043340.322067875
2025-11-13 04:00:00,2.4837,2.5205,2.4515,2.4877,8440191.254219,20995023.175178368
2025-11-13 08:00:00,2.4873,2.5264,2.4723,2.4951,4811427.082395,12032230.958205542
2025-11-13 12:00:00,2.4955,2.5189,2.421,2.4346,11242490.847319,27767477.956216473
2025-11-13 16:00:00,2.4347,2.444,2.3115,2.3154,13626893.011519,32212715.477871932
2025-11-13 20:00:00,2.3149,2.3464,2.2762,2.3223,10410137.91025,24013589.563465934
2025-11-14 00:00:00,2.3222,2.338,2.2895,2.3153,5903727.86986,13652322.400653137
2025-11-14 04:00:00,2.3154,2.3274,2.2456,2.3071,8284537.685244,18981563.817962475
2025-11-14 08:00:00,2.3074,2.3098,2.2563,2.2689,5298444.840104,12100106.188794944
2025-11-14 12:00:00,2.2686,2.3274,2.2265,2.3125,15219867.907435,34679299.18957315
2025-11-14 16:00:00,2.3128,2.3422,2.2764,2.3122,7550636.66457,17469877.716395315
2025-11-14 20:00:00,2.3122,2.3167,2.2254,2.2442,4850551.568803,10993032.502006246
2025-11-15 00:00:00,2.2443,2.3033,2.2429,2.2947,3908227.697603,8910674.072508294
2025-11-15 04:00:00,2.2948,2.2965,2.2732,2.2858,3553551.120816,8110143.3616110785
2025-11-15 08:00:00,2.2858,2.2868,2.2427,2.2582,3354502.046882,7586007.232086651
2025-11-15 12:00:00,2.2583,2.2789,2.2454,2.2548,3161907.013587,7150818.006428237
2025-11-15 16:00:00,2.2549,2.2715,2.2288,2.2563,4601363.733417,10360605.88653633
2025-11-15 20:00:00,2.2565,2.2614,2.211,2.2371,4167952.5267,9316784.36279722
2025-11-16 00:00:00,2.2371,2.2562,2.1895,2.25,4764228.10874,10583426.674151389
2025-11-16 04:00:00,2.2499,2.2698,2.2386,2.267,2467866.005531,5570676.661489181
2025-11-16 08:00:00,2.2671,2.2803,2.23,2.2355,2968985.556237,6713191.629758737
2025-11-16 12:00:00,2.2356,2.2465,2.1834,2.187,6204077.65364,13735492.225089226
2025-11-16 16:00:00,2.1871,2.2324,2.1556,2.2162,9722997.914267,21292125.132894713
2025-11-16 20:00:00,2.2164,2.2307,2.165,2.2151,5421466.860407,11935133.612531688
2025-11-17 00:00:00,2.2151,2.2639,2.1985,2.2572,6503688.714402,14560721.915984483
2025-11-17 04:00:00,2.2577,2.2696,2.24,2.2642,4364953.069613,9852932.416718474
2025-11-17 08:00:00,2.2643,2.2857,2.2592,2.272,3640456.834487,8271535.252121226
2025-11-17 12:00:00,2.272,2.3075,2.1953,2.2096,18468858.638758,41485650.08933656
2025-11-17 16:00:00,2.2097,2.2222,2.1205,2.1272,11571515.184182,25054908.783713646
2025-11-17 20:00:00,2.1269,2.1729,2.1145,2.1639,8492255.943308,18232986.64459273
2025-11-18 00:00:00,2.164,2.1769,2.1069,2.1645,11221988.260162,24053422.171639543
2025-11-18 04:00:00,2.1646,2.1783,2.1253,2.1618,6172828.393821,13286250.709740013
2025-11-18 08:00:00,2.1616,2.2023,2.1614,2.1841,5561360.76687,12148825.735771568
2025-11-18 12:00:00,2.184,2.229,2.1508,2.2136,13172968.748589,28826872.50977437
2025-11-18 16:00:00,2.2132,2.24,2.2015,2.2281,5874328.808578,13072304.476047533
2025-11-18 20:00:00,2.2282,2.2414,2.2025,2.2172,3582753.690196,7970579.660944211
2025-11-19 00:00:00,2.2172,2.2199,2.1812,2.1848,3681876.665043,8106805.893855196
2025-11-19 04:00:00,2.1846,2.1881,2.1268,2.1684,7558571.80927,16245948.986272922
2025-11-19 08:00:00,2.1684,2.1704,2.1301,2.1318,4251739.487109,9125827.712867456
2025-11-19 12:00:00,2.1318,2.1496,2.0819,2.0862,10580806.249128,22385135.392403048
2025-11-19 16:00:00,2.086,2.1023,2.0301,2.0372,11537514.528504,23829624.959243365
2025-11-19 20:00:00,2.0375,2.1166,2.0262,2.1101,11062828.182921,22927078.581548527
2025-11-20 00:00:00,2.1099,2.1403,2.0965,2.1342,7348714.758209,15566021.550296806
2025-11-20 04:00:00,2.1341,2.1497,2.119,2.14,8211732.417676,17512905.45891096
2025-11-20 08:00:00,2.1402,2.1414,2.1079,2.1163,3475079.492974,7371392.120709366
2025-11-20 12:00:00,2.1163,2.1443,2.0828,2.085,8825215.254676,18691325.55458361
2025-11-20 16:00:00,2.0853,2.0879,1.975,2.0077,22447741.98081,45180839.84970585
2025-11-20 20:00:00,2.0077,2.0529,1.9874,1.9999,8251446.799221,16638966.442229714
2025-11-21 00:00:00,1.9994,2.0305,1.9628,1.9801,8254910.403284,16491371.4086482
2025-11-21 04:00:00,1.9795,1.9958,1.8426,1.9194,20402423.414836,39359982.09082768
2025-11-21 08:00:00,1.9194,1.9569,1.8742,1.876,15243003.870896,29213754.275852527
2025-11-21 12:00:00,1.8758,1.9654,1.821,1.9119,24036605.230663,45844682.28596901
2025-11-21 16:00:00,1.9115,1.9986,1.8861,1.9484,11249089.16528,21915902.930432856
2025-11-21 20:00:00,1.9483,1.9656,1.9,1.9506,7185566.608179,13939442.904668044
2025-11-22 00:00:00,1.951,1.9637,1.9313,1.9491,4193393.05021,8175994.815187675
2025-11-22 04:00:00,1.949,1.9577,1.9139,1.9534,2711453.466668,5247288.832053301
2025-11-22 08:00:00,1.9531,1.9532,1.8944,1.9172,4392239.618804,8404101.823469594
2025-11-22 12:00:00,1.9174,1.9392,1.8889,1.9293,4419685.629597,8450039.859922957
2025-11-22 16:00:00,1.9293,1.9513,1.922,1.9276,2465511.059675,4775520.992579233
2025-11-22 20:00:00,1.9277,1.9671,1.9203,1.9509,2516962.980959,4890592.963495806
2025-11-23 00:00:00,1.9507,2.0508,1.9495,2.0306,6999851.759405,14054325.12711342
2025-11-23 04:00:00,2.0306,2.0759,2.0164,2.0265,6798109.196782,13932794.058872072
2025-11-23 08:00:00,2.0265,2.0522,2.0225,2.0309,2927772.585233,5964632.934084451
2025-11-23 12:00:00,2.031,2.0668,2.0296,2.0624,4929323.748371,10098956.926072353
2025-11-23 16:00:00,2.0626,2.0804,2.0405,2.0753,4520577.003268,9329661.443779886
2025-11-23 20:00:00,2.0749,2.0846,2.0421,2.0492,4416723.415923,9117536.84928413
2025-11-24 00:00:00,2.0491,2.1077,2.0238,2.0867,8867963.32082,18357884.086916514
2025-11-24 04:00:00,2.0866,2.1038,2.0455,2.0639,6119016.396387,12695314.826622318
2025-11-24 08:00:00,2.0634,2.0785,2.0383,2.0591,5269688.891692,10827960.085220104
2025-11-24 12:00:00,2.0589,2.103,2.0483,2.091,9663741.399225,20112692.354243
2025-11-24 16:00:00,2.0907,2.2386,2.0876,2.2351,18826911.505912,40736361.98601889
2025-11-24 20:00:00,2.2351,2.2862,2.2214,2.2278,10470412.347136,23568013.4174318
2025-11-25 00:00:00,2.2278,2.265,2.2258,2.2435,5362714.42428,12047298.05067192
2025-11-25 04:00:00,2.2436,2.2587,2.2162,2.2166,4017697.84916,9000110.123711558
2025-11-25 08:00:00,2.2167,2.2211,2.1856,2.1959,4139692.166836,9107606.362672195
2025-11-25 12:00:00,2.196,2.2353,2.156,2.1884,7714673.021816,16950009.921270274
2025-11-25 16:00:00,2.1879,2.2101,2.1485,2.1723,3790256.623615,8276361.821151687
2025-11-25 20:00:00,2.1726,2.2184,2.1652,2.2027,4814935.551448,10581717.220752232
2025-11-26 00:00:00,2.2021,2.2136,2.1736,2.1771,2439763.192437,5356761.424451181
2025-11-26 04:00:00,2.1769,2.2064,2.1712,2.2055,1735950.088952,3801524.918078608
2025-11-26 08:00:00,2.2053,2.2072,2.1686,2.1716,3026653.656501,6611017.495582277
2025-11-26 12:00:00,2.1714,2.1805,2.1443,2.1721,4448630.134618,9615734.441220712
2025-11-26 16:00:00,2.1722,2.2547,2.1713,2.2327,6439191.567175,14321964.268809227
2025-11-26 20:00:00,2.2326,2.236,2.212,2.2232,3075058.624063,6840203.189241522
2025-11-27 00:00:00,2.2231,2.2343,2.207,2.21,2715147.359774,6030278.543226349
2025-11-27 04:00:00,2.2101,2.221,2.1958,2.205,1595907.937621,3525563.976646105
2025-11-27 08:00:00,2.205,2.2097,2.1847,2.1895,1981960.91745,4348483.879868643
2025-11-27 12:00:00,2.1895,2.2032,2.1728,2.2027,2456751.231563,5370390.403088616
2025-11-27 16:00:00,2.2027,2.2308,2.1984,2.2237,2454089.719525,5433271.0249842955
2025-11-27 20:00:00,2.2236,2.2335,2.1959,2.2001,1715243.782979,3798467.857814404
2025-11-28 00:00:00,2.2002,2.2044,2.1664,2.1859,2329728.232771,5086749.182522985
2025-11-28 04:00:00,2.1861,2.2219,2.1816,2.1969,1980633.252962,4363507.129429801
2025-11-28 08:00:00,2.1968,2.2498,2.1849,2.1971,3736947.458159,8309493.238429839
2025-11-28 12:00:00,2.1971,2.2751,2.1891,2.2448,7661195.738359,17097176.601157483
2025-11-28 16:00:00,2.2452,2.2515,2.1565,2.1881,7023300.741867,15382435.734382533
2025-11-28 20:00:00,2.188,2.1919,2.1726,2.1795,2339495.921542,5104054.640434621
2025-11-29 00:00:00,2.1795,2.1879,2.1718,2.1858,1100079.51281,2399048.8227661885
2025-11-29 04:00:00,2.186,2.1898,2.1661,2.1798,1794609.31049,3910666.826179452
2025-11-29 08:00:00,2.18,2.2146,2.1742,2.2113,2088113.7527,4577594.732449972
2025-11-29 12:00:00,2.2112,2.2231,2.1922,2.2186,3201291.518981,7073807.286017237
2025-11-29 16:00:00,2.2188,2.222,2.1898,2.1939,2814194.02128,6206739.622990943
2025-11-29 20:00:00,2.1939,2.2144,2.187,2.2006,1214560.728971,2675135.7441505175
2025-11-30 00:00:00,2.2005,2.2128,2.1884,2.2063,882916.479354,1944226.899278082
2025-11-30 04:00:00,2.2067,2.2094,2.191,2.1995,1140990.39661,2507355.008905341
2025-11-30 08:00:00,2.1993,2.21,2.1826,2.1882,1790781.248868,3925788.9809905626
2025-11-30 12:00:00,2.1882,2.2078,2.1846,2.1963,1864519.34376,4096840.0492723454
2025-11-30 16:00:00,2.1968,2.2149,2.1957,2.1995,1151546.149818,2536963.9741855524
2025-11-30 20:00:00,2.1996,2.2033,2.1512,2.1551,3294592.13956,7169443.159365924
2025-12-01 00:00:00,2.1551,2.161,2.0421,2.0502,12052923.782777,25230722.204177164
2025-12-01 04:00:00,2.05,2.0595,2.0171,2.0568,5762866.997546,11747732.22443453
2025-12-01 08:00:00,2.0568,2.0606,2.0316,2.0338,2997584.153282,6138915.750649896
2025-12-01 12:00:00,2.0344,2.0493,1.9837,2.0073,6921658.810617,13951931.351819145
2025-12-01 16:00:00,2.0074,2.0125,1.9869,1.9942,4007312.613521,8004398.520922547
2025-12-01 20:00:00,1.9944,2.0452,1.994,2.0299,6394604.8367,12958563.656826483
2025-12-02 00:00:00,2.0297,2.0442,2.0027,2.0208,2541342.844737,5138120.278657909
2025-12-02 04:00:00,2.0201,2.0277,2.0094,2.0176,1570971.25515,3171705.1788071515
2025-12-02 08:00:00,2.0171,2.0417,1.9952,2.0369,2551698.481078,5144015.956936742
2025-12-02 12:00:00,2.0369,2.1649,2.0266,2.1555,8968304.264939,18780281.84361202
2025-12-02 16:00:00,2.1556,2.1839,2.1344,2.1742,4583479.910141,9906062.019329365
2025-12-02 20:00:00,2.1742,2.1779,2.1477,2.1533,4142974.477989,8960850.318745252
2025-12-03 00:00:00,2.1533,2.1915,2.1416,2.1764,3886443.906039,8419038.320849597
2025-12-03 04:00:00,2.1762,2.2194,2.173,2.1916,5695769.047112,12535114.14956168
2025-12-03 08:00:00,2.1915,2.1954,2.1668,2.1762,2807639.260286,6131006.785130882
2025-12-03 12:00:00,2.1764,2.1997,2.142,2.1689,4822960.578755,10468214.919032259
2025-12-03 16:00:00,2.1692,2.1931,2.1593,2.1863,2588298.13504,5633952.2572180005
2025-12-03 20:00:00,2.1863,2.2141,2.1826,2.1972,4596678.45286,10116917.307244617
2025-12-04 00:00:00,2.1974,2.2149,2.1869,2.1949,2111785.608154,4647140.040397104
2025-12-04 04:00:00,2.1949,2.2,2.1658,2.1724,3176885.867504,6923899.827487102
2025-12-04 08:00:00,2.1725,2.179,2.1425,2.1511,2491393.043804,5385084.4488203
2025-12-04 12:00:00,2.1513,2.1577,2.1145,2.1531,3908987.240076,8356952.422392528
2025-12-04 16:00:00,2.1531,2.1576,2.0692,2.0974,4351050.246394,9199237.954090824
2025-12-04 20:00:00,2.0971,2.1106,2.0864,2.0959,3765935.329131,7903240.303682398
2025-12-05 00:00:00,2.096,2.1128,2.0877,2.0912,2262361.657441,4760532.360801733
2025-12-05 04:00:00,2.0912,2.0985,2.0764,2.0933,1602815.435197,3345875.7566661886
2025-12-05 08:00:00,2.0932,2.0936,2.0539,2.0689,2300869.903465,4757958.49140864
2025-12-05 12:00:00,2.0689,2.1,2.0568,2.0768,3623866.555691,7525810.25628567
2025-12-05 16:00:00,2.076,2.0777,2.0122,2.0374,4631782.163416,9424330.541238632
2025-12-05 20:00:00,2.0376,2.038,2.0199,2.0344,1794399.723373,3640296.4708006126
2025-12-06 00:00:00,2.0343,2.0424,2.0176,2.0386,885633.459002,1798318.238121422
2025-12-06 04:00:00,2.0386,2.0506,2.0282,2.0302,755592.983062,1540349.6025506998
2025-12-06 08:00:00,2.0306,2.0334,2.0156,2.032,1309783.050761,2654458.962292005
2025-12-06 12:00:00,2.032,2.0476,2.0221,2.0295,1722239.888405,3505466.786945861
2025-12-06 16:00:00,2.0299,2.0391,2.0208,2.0256,1146090.132793,2327308.4175918945
2025-12-06 20:00:00,2.0257,2.0369,2.023,2.0307,929613.455448,1886718.4890703345
2025-12-07 00:00:00,2.031,2.0748,2.0295,2.0684,1733969.057003,3558337.077723449
2025-12-07 04:00:00,2.0686,2.0739,2.0284,2.0308,1597443.278141,3272170.118959405
2025-12-07 08:00:00,2.0308,2.0362,2.0245,2.0336,1671341.159488,3394494.8511575935
2025-12-07 12:00:00,2.0337,2.0556,1.99,2.0525,5192511.309736,10470912.238392802
2025-12-07 16:00:00,2.0526,2.1109,2.0379,2.0871,5780211.165472,12019455.022926796
2025-12-07 20:00:00,2.0876,2.0939,2.0123,2.0441,2781686.333902,5694425.823748844
2025-12-08 00:00:00,2.0441,2.0912,2.0321,2.0718,2891026.630598,5976572.26184484
2025-12-08 04:00:00,2.0718,2.0941,2.0696,2.0858,2117025.953425,4402555.80985726
2025-12-08 08:00:00,2.0862,2.1239,2.0809,2.0903,3655467.131633,7681915.386249575
2025-12-08 12:00:00,2.0903,2.1121,2.068,2.0759,5001506.426758,10447025.998288555
2025-12-08 16:00:00,2.0759,2.0878,2.0629,2.0779,2359777.531871,4899088.284290296
2025-12-08 20:00:00,2.078,2.0939,2.0694,2.072,2003762.310607,4174146.290263383
2025-12-09 00:00:00,2.0723,2.0825,2.0572,2.0698,1739663.001604,3596175.082400711
2025-12-09 04:00:00,2.0701,2.0704,2.042,2.0614,1654734.833094,3398274.817279377
2025-12-09 08:00:00,2.0616,2.0703,2.046,2.0691,1034007.737018,2129180.06352794
2025-12-09 12:00:00,2.0692,2.12,2.0492,2.1156,4658587.778984,9683681.541134264
2025-12-09 16:00:00,2.1156,2.1779,2.1155,2.1332,11132731.935382,23960947.393983223
2025-12-09 20:00:00,2.1328,2.1343,2.0856,2.1062,4115737.584912,8681451.419515677
2025-12-10 00:00:00,2.1062,2.11,2.0819,2.0836,1944959.845953,4068887.649117908
2025-12-10 04:00:00,2.0835,2.0965,2.0765,2.0843,2129562.840219,4445712.311446361
2025-12-10 08:00:00,2.0846,2.0983,2.064,2.0719,2973660.123994,6177870.158510525
2025-12-10 12:00:00,2.0718,2.0735,2.0564,2.0619,3044392.53281,6284964.083370076
2025-12-10 16:00:00,2.0619,2.0878,2.0364,2.0685,6102736.413486,12588956.866456164
2025-12-10 20:00:00,2.0686,2.1142,2.0344,2.042,5712808.956193,11853028.880780281
2025-12-11 00:00:00,2.0417,2.0469,1.9929,1.9995,5874648.477258,11823169.64885058
2025-12-11 04:00:00,1.9996,2.0197,1.9951,2.0069,2941768.72476,5911612.569869548
2025-12-11 08:00:00,2.0069,2.0188,2.0001,2.0084,1811134.768572,3642156.462199484
2025-12-11 12:00:00,2.0083,2.0147,1.9781,1.9969,6571407.963881,13140325.805256383
2025-12-11 16:00:00,1.9968,2.0266,1.9843,2.0113,5200532.902557,10431202.523921736
2025-12-11 20:00:00,2.0112,2.0567,2.0075,2.034,3908806.87757,7945929.887389989
2025-12-12 00:00:00,2.0341,2.0431,2.0155,2.0316,1740303.19485,3537256.8803401114
2025-12-12 04:00:00,2.0315,2.0436,2.0237,2.0374,1600194.238646,3256972.1812993786
2025-12-12 08:00:00,2.0375,2.0461,2.0254,2.0424,1306079.499371,2656751.254807153
2025-12-12 12:00:00,2.0423,2.0479,1.9689,1.9785,4875582.519345,9818354.88528935
2025-12-12 16:00:00,1.9785,2.0255,1.9735,2.0035,7240193.675842,14430680.560266145
2025-12-12 20:00:00,2.0035,2.0183,1.9971,2.0074,2722297.931532,5458026.499942524
2025-12-13 00:00:00,2.0076,2.0247,2.0068,2.0226,1164114.831882,2345721.902901542
2025-12-13 04:00:00,2.0227,2.0483,2.0226,2.0287,2034612.447786,4136957.2636332926
2025-12-13 08:00:00,2.0288,2.0434,2.0288,2.0336,1545055.966033,3147944.1983984946
2025-12-13 12:00:00,2.0334,2.0435,2.0279,2.0301,2471469.782902,5028608.898747923
2025-12-13 16:00:00,2.0303,2.0338,2.0149,2.0196,1262377.741369,2552681.114338014
2025-12-13 20:00:00,2.0196,2.0249,2.0081,2.0229,839494.544873,1694651.703851435
2025-12-14 00:00:00,2.0229,2.0301,2.0171,2.0243,899684.049911,1822542.4199840024
2025-12-14 04:00:00,2.0244,2.0252,2.0103,2.019,1428056.625656,2880933.6291698776
2025-12-14 08:00:00,2.0191,2.0229,1.99,2.0011,1592181.777089,3193159.520829896
2025-12-14 12:00:00,2.0011,2.008,1.9875,1.9914,2410606.96813,4817325.784245786
2025-12-14 16:00:00,1.9914,2.0046,1.9824,1.9886,1632044.284749,3247755.6078038174
2025-12-14 20:00:00,1.9884,1.9978,1.9529,1.9784,3861165.933481,7626489.822684643
2025-12-15 00:00:00,1.9785,2.0141,1.9749,1.9952,1949129.431073,3885716.206269264
2025-12-15 04:00:00,1.9951,2.0055,1.9924,1.9951,1506060.217497,3010587.386305798
2025-12-15 08:00:00,1.9953,2.0021,1.984,1.9877,1420537.191345,2832523.3835708406
2025-12-15 12:00:00,1.988,1.9881,1.9126,1.9257,8381968.089479,16305921.25877246
2025-12-15 16:00:00,1.9257,1.9308,1.869,1.896,7988846.68401,15177162.103585672
2025-12-15 20:00:00,1.8963,1.8997,1.8798,1.8984,4646090.090821,8776898.562855292
2025-12-16 00:00:00,1.8984,1.8987,1.8555,1.8728,4482541.114059,8410639.975730345
2025-12-16 04:00:00,1.8727,1.8976,1.8524,1.8754,2541893.284229,4770966.249731856
2025-12-16 08:00:00,1.8755,1.9252,1.8743,1.9209,2245521.707369,4265168.0855423445
2025-12-16 12:00:00,1.9208,1.9491,1.8987,1.9411,7723439.121193,14873929.722046947
2025-12-16 16:00:00,1.9411,1.943,1.9141,1.927,3448532.943589,6643584.670312683
2025-12-16 20:00:00,1.9269,1.9335,1.9189,1.9297,1725957.689325,3326264.991281972
2025-12-17 00:00:00,1.9298,1.94,1.9129,1.9255,6873506.08589,13273525.318658652
2025-12-17 04:00:00,1.9256,1.9316,1.9062,1.9234,2244032.024233,4309333.196991056
2025-12-17 08:00:00,1.9235,1.9237,1.8968,1.9135,1801792.128958,3436887.835788011
2025-12-17 12:00:00,1.9136,1.9875,1.9046,1.9115,7765036.316076,15079119.803622438
2025-12-17 16:00:00,1.9113,1.923,1.8476,1.8652,6996740.81368,13134922.786826316
2025-12-17 20:00:00,1.8654,1.8845,1.8556,1.8626,3655237.572716,6837105.531420643
2025-12-18 00:00:00,1.8628,1.8723,1.852,1.856,2188359.06056,4071925.5380267785
2025-12-18 04:00:00,1.8561,1.8622,1.8268,1.8414,4179364.712243,7698149.90168097
2025-12-18 08:00:00,1.8415,1.8809,1.8382,1.8781,3752261.67626,6971481.049611978
2025-12-18 12:00:00,1.8782,1.934,1.8721,1.9198,8396817.081042,16023155.664675431
2025-12-18 16:00:00,1.9198,1.921,1.8009,1.8064,7337357.78387,13616678.759286327
2025-12-18 20:00:00,1.8063,1.8249,1.8006,1.8076,5251181.781634,9519157.989081545
2025-12-19 00:00:00,1.8079,1.8536,1.7715,1.8405,7614323.74897,13764957.85471292
2025-12-19 04:00:00,1.8404,1.8766,1.8258,1.8676,4533588.982342,8375627.178187539
2025-12-19 08:00:00,1.8677,1.872,1.8596,1.8706,1954190.514052,3647148.9697214514
2025-12-19 12:00:00,1.8706,1.9053,1.8642,1.876,6175804.986347,11602185.729072608
2025-12-19 16:00:00,1.8759,1.9186,1.8737,1.908,6161096.232777,11684929.980769793
2025-12-19 20:00:00,1.908,1.9218,1.9008,1.9091,3321363.02309,6339086.417391023
2025-12-20 00:00:00,1.9093,1.9103,1.8939,1.904,2190151.000091,4168058.114242144
2025-12-20 04:00:00,1.9042,1.9188,1.8992,1.9142,1415868.971885,2703752.1906944984
2025-12-20 08:00:00,1.9141,1.9588,1.9141,1.9438,4442626.949517,8619975.886848966
2025-12-20 12:00:00,1.9438,1.948,1.9172,1.9216,2833599.689343,5461595.093566424
2025-12-20 16:00:00,1.9217,1.9316,1.9197,1.9254,1234381.478758,2376074.5728274165
2025-12-20 20:00:00,1.9253,1.938,1.9241,1.9334,916636.410957,1769283.0863039892
2025-12-21 00:00:00,1.9335,1.9419,1.9175,1.9298,2028434.491001,3919194.172711483
2025-12-21 04:00:00,1.9298,1.9304,1.9191,1.9256,1071191.702512,2060553.1747961144
2025-12-21 08:00:00,1.9254,1.9499,1.9222,1.9338,1516008.835135,2938372.84493471
2025-12-21 12:00:00,1.934,1.9386,1.895,1.905,4487830.169961,8571269.87541994
2025-12-21 16:00:00,1.905,1.9199,1.8993,1.9181,2821743.14793,5388382.568435918
2025-12-21 20:00:00,1.9181,1.927,1.906,1.922,1143531.14226,2191817.167117207
2025-12-22 00:00:00,1.9221,1.9494,1.9032,1.9204,2634669.850584,5070797.31874721
2025-12-22 04:00:00,1.9204,1.9293,1.9134,1.9279,1930735.529882,3710345.8775926335
2025-12-22 08:00:00,1.9274,1.938,1.9148,1.9347,2121501.567649,4085433.9974314473
2025-12-22 12:00:00,1.9347,1.9473,1.9179,1.9343,3251632.463669,6289043.497200379
2025-12-22 16:00:00,1.9345,1.9427,1.9023,1.9025,3271669.301607,6307960.578141802
2025-12-22 20:00:00,1.9023,1.9091,1.892,1.9046,3989231.636649,7578919.282230627
2025-12-23 00:00:00,1.9047,1.91,1.8846,1.8924,2173437.123672,4126925.369516338
2025-12-23 04:00:00,1.8924,1.8977,1.8738,1.8812,2554497.345524,4810586.142839968
2025-12-23 08:00:00,1.8811,1.9057,1.8761,1.9054,1615362.368036,3056323.9378918037
2025-12-23 12:00:00,1.9053,1.9055,1.8628,1.8815,4875507.553279,9175366.63302074
2025-12-23 16:00:00,1.8815,1.8937,1.8676,1.8826,2264359.143199,4263357.890537526
2025-12-23 20:00:00,1.8826,1.895,1.8723,1.8735,1373308.652268,2583668.8542691236
2025-12-24 00:00:00,1.8736,1.8783,1.845,1.8613,2073190.987889,3862593.9849158335
2025-12-24 04:00:00,1.8617,1.8677,1.8373,1.8549,2103687.629631,3894700.878826493
2025-12-24 08:00:00,1.855,1.8753,1.8522,1.869,1363102.950463,2540709.4305600747
2025-12-24 12:00:00,1.869,1.8778,1.8519,1.8635,1816512.230294,3387182.89737378
2025-12-24 16:00:00,1.8637,1.8717,1.8495,1.8619,2404751.406693,4472766.665011586
2025-12-24 20:00:00,1.8621,1.8701,1.8599,1.8626,1260122.915559,2350399.696824248
2025-12-25 00:00:00,1.8627,1.8742,1.8567,1.8702,1206739.751428,2251896.857154084
2025-12-25 04:00:00,1.87,1.8768,1.8664,1.8746,743049.66033,1390838.127299582
2025-12-25 08:00:00,1.8745,1.8811,1.8536,1.8592,1273262.761708,2375601.97544505
2025-12-25 12:00:00,1.8593,1.8892,1.8554,1.883,1738256.194862,3255481.5942049767
2025-12-25 16:00:00,1.8833,1.8838,1.8652,1.8734,1133192.506993,2123858.06444374
2025-12-25 20:00:00,1.8734,1.8737,1.8291,1.8327,2103729.047963,3887184.2367876745
2025-12-26 00:00:00,1.8325,1.8809,1.8247,1.8648,3561832.335209,6613647.83279185
2025-12-26 04:00:00,1.8649,1.8832,1.8551,1.8644,1903914.773776,3564494.9584570136
2025-12-26 08:00:00,1.8644,1.8808,1.8631,1.8715,1409831.242291,2641534.0268451544
2025-12-26 12:00:00,1.8715,1.8797,1.8267,1.8382,5033988.580587,9304963.231737636
2025-12-26 16:00:00,1.8383,1.8507,1.8337,1.8465,2558709.119658,4716290.274470146
2025-12-26 20:00:00,1.8462,1.8604,1.842,1.8439,1825209.960627,3378506.861158936
2025-12-27 00:00:00,1.8439,1.8536,1.842,1.8516,1710404.530271,3159240.756943855
2025-12-27 04:00:00,1.8516,1.8536,1.8467,1.8478,591832.492769,1094460.6037619717
2025-12-27 08:00:00,1.8479,1.8558,1.845,1.8513,645811.995098,1195220.5091659843
2025-12-27 12:00:00,1.8513,1.8533,1.8434,1.8495,552940.743507,1022282.4968487928
2025-12-27 16:00:00,1.8496,1.8573,1.8436,1.8559,1561145.26682,2886247.259472947
2025-12-27 20:00:00,1.856,1.8791,1.8535,1.8736,1632517.927068,3046270.459073246
2025-12-28 00:00:00,1.8735,1.8782,1.8689,1.8746,910472.312739,1705197.1515129271
2025-12-28 04:00:00,1.8746,1.8795,1.8723,1.8739,786850.712802,1476071.0071728216
2025-12-28 08:00:00,1.8739,1.877,1.8629,1.8723,998397.492483,1866677.525291738
2025-12-28 12:00:00,1.8723,1.8768,1.8653,1.87,752029.475616,1406857.952349795
2025-12-28 16:00:00,1.8701,1.873,1.8536,1.8575,1290808.796503,2400523.5109806787
2025-12-28 20:00:00,1.8572,1.871,1.8542,1.8656,883097.337135,1644570.045603306
2025-12-29 00:00:00,1.8656,1.9175,1.8629,1.9151,3367636.655303,6365190.715314712
2025-12-29 04:00:00,1.915,1.9177,1.8921,1.9012,3170216.058305,6039670.479268298
2025-12-29 08:00:00,1.9011,1.9053,1.8662,1.8718,2893204.753811,5446595.591740322
2025-12-29 12:00:00,1.8718,1.879,1.8555,1.8656,3080804.915007,5748126.5631159535
2025-12-29 16:00:00,1.8653,1.869,1.8501,1.8534,1669584.21475,3105802.2817399045
2025-12-29 20:00:00,1.8535,1.8575,1.8449,1.8508,2416372.513874,4472571.640005096
2025-12-30 00:00:00,1.8506,1.8632,1.8436,1.8611,2102278.289088,3891053.9055212233
2025-12-30 04:00:00,1.8612,1.8677,1.855,1.8604,1597774.188234,2973819.8284181138
2025-12-30 08:00:00,1.8605,1.8719,1.86,1.8624,1944760.912354,3629784.22474201
2025-12-30 12:00:00,1.8625,1.8793,1.8542,1.8777,1975624.782558,3687582.081400792
2025-12-30 16:00:00,1.8779,1.8866,1.8701,1.8763,3077025.909221,5777722.644565058
2025-12-30 20:00:00,1.8765,1.8787,1.8665,1.8775,1716351.056991,3215483.47748912
2025-12-31 00:00:00,1.8774,1.8839,1.8699,1.872,1278215.231982,2398427.6352419
2025-12-31 04:00:00,1.8722,1.8758,1.8675,1.8726,1094236.319149,2047770.267780749
2025-12-31 08:00:00,1.8728,1.8811,1.8657,1.8786,2586612.037474,4847381.92483869
2025-12-31 12:00:00,1.8786,1.883,1.8534,1.8595,3362587.727875,6289970.277341341
2025-12-31 16:00:00,1.8596,1.86,1.8262,1.8285,4155632.665114,7653087.17345603
2025-12-31 20:00:00,1.8285,1.8482,1.8122,1.8421,4876659.427444,8930638.607073952
2026-01-01 00:00:00,1.8422,1.8496,1.8343,1.8344,1909606.308919,3519195.9234259506
2026-01-01 04:00:00,1.8345,1.8558,1.8263,1.8424,1388913.329908,2558958.8302250607
2026-01-01 08:00:00,1.8424,1.8565,1.8421,1.8556,1121894.542449,2077705.192097636
2026-01-01 12:00:00,1.8556,1.8674,1.8517,1.863,1276898.075445,2371420.804684245
2026-01-01 16:00:00,1.8626,1.8754,1.8565,1.8744,1603100.33024,2993359.2704164647
2026-01-01 20:00:00,1.8746,1.8809,1.8675,1.8798,993136.723745,1861186.4687521243
2026-01-02 00:00:00,1.88,1.8926,1.8689,1.889,2667012.462292,5014360.673659921
2026-01-02 04:00:00,1.8889,1.8907,1.8711,1.8723,1548889.653656,2908075.9869487374
2026-01-02 08:00:00,1.8723,1.9094,1.8716,1.8912,2874586.247577,5440142.509494039
2026-01-02 12:00:00,1.8912,1.9257,1.8879,1.918,2768632.29134,5283292.498579085
2026-01-02 16:00:00,1.9187,1.999,1.9159,1.9918,7865011.127316,15534765.617862117
2026-01-02 20:00:00,1.9918,2.0317,1.9779,2.0066,4679120.980442,9391491.415261032
2026-01-03 00:00:00,2.0066,2.0428,2.0066,2.0402,2681280.733861,5436121.667369343
2026-01-03 04:00:00,2.0402,2.0558,1.9842,1.9942,3522216.89995,7118993.188246973
2026-01-03 08:00:00,1.9943,2.0217,1.9926,1.9996,2114129.278072,4242119.832594352
2026-01-03 12:00:00,1.9996,2.019,1.9941,2.0064,1991416.298903,3998199.1696915273
2026-01-03 16:00:00,2.0063,2.0109,1.9967,2.007,1252597.039227,2510727.919136116
2026-01-03 20:00:00,2.0071,2.0187,1.9989,2.0182,883246.518296,1775029.7567631998
2026-01-04 00:00:00,2.0182,2.0617,2.0162,2.0582,3500530.444048,7137116.521095277
2026-01-04 04:00:00,2.0579,2.0813,2.0531,2.0724,3135705.298232,6478658.871839612
2026-01-04 08:00:00,2.0723,2.0973,2.06,2.0949,3137890.514968,6529256.218007816
2026-01-04 12:00:00,2.095,2.1204,2.0809,2.0906,8503458.866485,17846603.303197876
2026-01-04 16:00:00,2.0906,2.1035,2.0725,2.0847,1981005.46626,4132294.937930096
2026-01-04 20:00:00,2.0845,2.1028,2.0797,2.0907,1563716.309743,3272362.2422510125
2026-01-05 00:00:00,2.0908,2.1666,2.0875,2.1432,4672385.995458,9976430.152048424
2026-01-05 04:00:00,2.1431,2.1465,2.1096,2.1341,2672801.852722,5685898.720038579
2026-01-05 08:00:00,2.1341,2.1532,2.1257,2.1336,2145199.166061,4590244.941692769
2026-01-05 12:00:00,2.1337,2.1696,2.1121,2.1656,4228958.114332,9044538.586675312
2026-01-05 16:00:00,2.1654,2.282,2.1647,2.2781,9779396.931718,21728931.232715767
2026-01-05 20:00:00,2.2783,2.3694,2.2762,2.3475,13097743.44902,30522627.07735176
2026-01-06 00:00:00,2.3475,2.4169,2.3162,2.3868,11402212.92,27103640.00728152
2026-01-06 04:00:00,2.386,2.4084,2.3217,2.3307,8786459.241992,20834691.16810396
2026-01-06 08:00:00,2.3307,2.3773,2.3258,2.3773,4140769.508114,9755833.024938207
2026-01-06 12:00:00,2.3772,2.3988,2.3352,2.3491,8699502.515631,20674146.68707184
2026-01-06 16:00:00,2.3492,2.3547,2.2049,2.2278,16139806.087302,36552416.16358924
2026-01-06 20:00:00,2.228,2.3113,2.2273,2.3043,8181752.703378,18582421.575317867
2026-01-07 00:00:00,2.3043,2.3203,2.2551,2.2665,5565884.932591,12699646.925979022
2026-01-07 04:00:00,2.2668,2.2864,2.245,2.2802,2996569.895748,6785036.192535511
2026-01-07 08:00:00,2.2804,2.2913,2.2327,2.2506,4357281.966434,9829016.340579618
2026-01-07 12:00:00,2.2505,2.2559,2.1837,2.1956,6186000.045672,13704649.324352162
2026-01-07 16:00:00,2.1957,2.2232,2.1711,2.1938,3891940.368892,8559043.724513538
2026-01-07 20:00:00,2.1942,2.199,2.1518,2.1654,4414916.413752,9601838.507269917
2026-01-08 00:00:00,2.1658,2.1923,2.1452,2.1502,4999897.85869,10852450.243970305
2026-01-08 04:00:00,2.1502,2.1724,2.0974,2.1196,4922445.974964,10458700.749462927
2026-01-08 08:00:00,2.1199,2.1337,2.0813,2.0931,6521033.702646,13725571.1630567
2026-01-08 12:00:00,2.0924,2.128,2.0665,2.1269,8650965.420961,18083038.69784432
2026-01-08 16:00:00,2.1267,2.169,2.1124,2.1356,10042113.779924,21469217.594233748
2026-01-08 20:00:00,2.1353,2.148,2.1127,2.1227,2810010.030995,5984261.21464021
2026-01-09 00:00:00,2.1232,2.1434,2.109,2.1355,2498575.085646,5310391.6815970745
2026-01-09 04:00:00,2.1355,2.1472,2.12,2.1201,2078157.968694,4435386.984310468
2026-01-09 08:00:00,2.1204,2.1244,2.0726,2.1031,4426462.199349,9283858.431861913
2026-01-09 12:00:00,2.1032,2.162,2.0797,2.1177,8222086.438208,17383941.0692584
2026-01-09 16:00:00,2.1179,2.1454,2.0752,2.0833,5171819.547842,10922919.0542272
2026-01-09 20:00:00,2.0833,2.101,2.0763,2.0958,2918348.643221,6093698.453269311
2026-01-10 00:00:00,2.096,2.1015,2.0876,2.0913,724803.055651,1517685.1113826216
2026-01-10 04:00:00,2.0914,2.1014,2.0806,2.1006,1185219.23623,2477687.9588346365
2026-01-10 08:00:00,2.1004,2.1053,2.0905,2.103,1260421.174325,2646236.2873218535
2026-01-10 12:00:00,2.103,2.1106,2.0875,2.0932,1567429.423054,3288292.9159922246
2026-01-10 16:00:00,2.0931,2.1011,2.0881,2.0947,809407.615865,1696059.8296563516
2026-01-10 20:00:00,2.0947,2.0964,2.0832,2.091,954910.166478,1996525.2724603368
2026-01-11 00:00:00,2.091,2.0962,2.0869,2.0952,714189.240639,1493853.9375172448
2026-01-11 04:00:00,2.0956,2.0989,2.0863,2.0938,713206.20645,1492281.576846209
2026-01-11 08:00:00,2.0927,2.0982,2.0883,2.0961,1102265.638907,2307985.986764816
2026-01-11 12:00:00,2.0966,2.11,2.0844,2.0895,1821086.772923,3821012.604383033
2026-01-11 16:00:00,2.0896,2.1036,2.0852,2.0871,1476203.748281,3089749.354868052
2026-01-11 20:00:00,2.0869,2.087,2.0453,2.0746,5386648.591735,11113868.558480471
2026-01-12 00:00:00,2.0745,2.1067,2.0368,2.0827,6676731.576854,13834945.28522403
2026-01-12 04:00:00,2.0828,2.0951,2.0522,2.054,2802042.84552,5813944.396531333
2026-01-12 08:00:00,2.0538,2.0606,2.0351,2.0487,3250011.950655,6649585.108463415
2026-01-12 12:00:00,2.0488,2.0943,2.0402,2.0939,4027312.001502,8322868.521937795
2026-01-12 16:00:00,2.0939,2.1086,2.0536,2.0702,3631845.779839,7552952.487790541
2026-01-12 20:00:00,2.0701,2.0759,2.04,2.0541,2571306.806635,5291149.137349848
2026-01-13 00:00:00,2.0542,2.0645,2.0477,2.0504,1863883.231284,3831409.7522561904
2026-01-13 04:00:00,2.0504,2.0806,2.0499,2.0536,1727431.134133,3563353.5129015907
2026-01-13 08:00:00,2.0537,2.0745,2.0534,2.0607,1172828.658615,2420601.9684416135
2026-01-13 12:00:00,2.0606,2.1015,2.0563,2.0983,7521710.348759,15632385.734365473
2026-01-13 16:00:00,2.0985,2.1396,2.0846,2.1396,6018263.355361,12665151.714954477
2026-01-13 20:00:00,2.1396,2.1849,2.1197,2.1656,7704435.746487,16596093.525952512
2026-01-14 00:00:00,2.1656,2.1924,2.1569,2.1841,3852558.869121,8366204.670026309
2026-01-14 04:00:00,2.184,2.1864,2.1332,2.1484,3987619.8854,8589184.573822524
2026-01-14 08:00:00,2.1483,2.1539,2.1122,2.1157,2105171.620895,4502465.663593049
2026-01-14 12:00:00,2.1156,2.174,2.1119,2.1558,6647882.462313,14279101.514943939
2026-01-14 16:00:00,2.1564,2.1762,2.1246,2.1459,4564480.975036,9825389.876349395
2026-01-14 20:00:00,2.1462,2.1613,2.1316,2.1392,2359871.05132,5063378.160302073
2026-01-15 00:00:00,2.1393,2.1437,2.0824,2.0889,3504618.405465,7391787.420455378
2026-01-15 04:00:00,2.0887,2.1064,2.0866,2.1014,2505649.402709,5258851.770212856
2026-01-15 08:00:00,2.1016,2.1229,2.0962,2.1121,2252934.59349,4759875.830105198
2026-01-15 12:00:00,2.112,2.1326,2.0691,2.0964,4669005.579738,9813033.206403747
2026-01-15 16:00:00,2.0961,2.0997,2.0533,2.066,4108947.94237,8541699.867262164
2026-01-15 20:00:00,2.0659,2.0803,2.0581,2.079,2152289.151749,4454537.395677232
2026-01-16 00:00:00,2.079,2.0866,2.0645,2.0645,2162242.286388,4488500.961083125
2026-01-16 04:00:00,2.0648,2.0777,2.0579,2.0732,1790511.858927,3704197.842425708
2026-01-16 08:00:00,2.0733,2.0813,2.0583,2.0652,1317803.341367,2727295.0073693143
2026-01-16 12:00:00,2.0655,2.0681,2.0265,2.0322,5458769.50884,11169721.570769392
2026-01-16 16:00:00,2.0323,2.0569,2.0295,2.0548,2726724.674246,5564763.865829654
2026-01-16 20:00:00,2.055,2.0807,2.0478,2.068,2410510.603559,4994255.7123768125
2026-01-17 00:00:00,2.068,2.0696,2.054,2.056,979416.49375,2020855.326423256
2026-01-17 04:00:00,2.0556,2.066,2.055,2.0581,682471.909037,1406766.87696387
2026-01-17 08:00:00,2.058,2.0672,2.0567,2.0617,832101.442677,1716418.2830067517
2026-01-17 12:00:00,2.0617,2.0827,2.0584,2.0816,1973536.464254,4087974.995448953
2026-01-17 16:00:00,2.0817,2.0833,2.0686,2.0734,1571268.992066,3261139.9112261557
2026-01-17 20:00:00,2.0735,2.0752,2.0589,2.0632,849639.027101,1755915.8152524692
2026-01-18 00:00:00,2.0633,2.0679,2.0486,2.0586,1225491.397337,2519715.9611444543
2026-01-18 04:00:00,2.0587,2.0599,2.0474,2.0522,820436.935121,1685218.0107585976
2026-01-18 08:00:00,2.0524,2.0617,2.0502,2.0549,443899.306687,912670.2143353416
2026-01-18 12:00:00,2.0551,2.0606,2.045,2.0509,1014604.057405,2082841.5330879104
2026-01-18 16:00:00,2.0509,2.0658,2.0459,2.054,1561657.78928,3209631.5637682565
2026-01-18 20:00:00,2.054,2.0647,1.9862,1.9917,4971991.180898,10046002.113977265
2026-01-19 00:00:00,1.9914,1.9914,1.8457,1.9673,19878568.640549,38307052.955582865
2026-01-19 04:00:00,1.9672,1.9746,1.9527,1.9629,4102368.518915,8049057.937170095
2026-01-19 08:00:00,1.963,1.9838,1.959,1.9728,2365331.582145,4674733.817633025
2026-01-19 12:00:00,1.9729,1.9851,1.9651,1.9816,2336124.125553,4614715.783314022
2026-01-19 16:00:00,1.9814,2.0297,1.9802,2.0137,3517188.63273,7070036.032810251
2026-01-19 20:00:00,2.0136,2.017,1.9788,1.9862,2300145.593292,4586260.079059437
2026-01-20 00:00:00,1.9862,1.9907,1.9557,1.9624,2222174.134361,4388259.01269144
2026-01-20 04:00:00,1.9625,1.974,1.942,1.9494,2449169.406973,4793712.932512977
2026-01-20 08:00:00,1.9495,1.9537,1.9198,1.929,4062030.785775,7847695.968492039
2026-01-20 12:00:00,1.9292,1.9396,1.909,1.9176,3955690.787547,7609344.692670234
2026-01-20 16:00:00,1.9175,1.9275,1.8944,1.9026,3354831.582868,6398157.359078901
2026-01-20 20:00:00,1.9025,1.9118,1.87,1.8897,3762630.597784,7112647.111255686
2026-01-21 00:00:00,1.8899,1.9176,1.8893,1.9031,2757766.972336,5254775.979200096
2026-01-21 04:00:00,1.9032,1.9268,1.901,1.91,1904208.24132,3644192.562042944
2026-01-21 08:00:00,1.9099,1.9155,1.8872,1.8896,2479348.756499,4721550.304979009
2026-01-21 12:00:00,1.8897,1.9607,1.8798,1.958,5401701.456082,10364987.512843383
2026-01-21 16:00:00,1.9583,1.9871,1.8713,1.9734,11528282.207259,22327110.13393653
2026-01-21 20:00:00,1.9735,1.9898,1.9394,1.9475,3575735.737748,7038881.88460097
2026-01-22 00:00:00,1.9474,1.9682,1.9424,1.9478,2150815.974014,4202364.177687206
2026-01-22 04:00:00,1.9475,1.9599,1.9467,1.9481,1212841.01216,2367497.101967957
2026-01-22 08:00:00,1.9481,1.9644,1.9427,1.944,1149537.976958,2245960.6339001493
2026-01-22 12:00:00,1.9438,1.9496,1.9016,1.9144,3087045.078393,5945798.600296408
2026-01-22 16:00:00,1.9145,1.9356,1.9055,1.9323,2716283.155038,5219420.637394174
2026-01-22 20:00:00,1.9324,1.9335,1.9164,1.9238,1607785.97909,3094831.1274647857
2026-01-23 00:00:00,1.9238,1.9265,1.9091,1.9161,991069.85662,1901679.1153074373
2026-01-23 04:00:00,1.9161,1.9256,1.9034,1.9143,1315175.896718,2517247.992138346
2026-01-23 08:00:00,1.9144,1.9158,1.9018,1.9143,1820412.3593,3475086.346197519
2026-01-23 12:00:00,1.9143,1.9229,1.8875,1.9217,2130571.076327,4056501.0870479215
2026-01-23 16:00:00,1.9219,1.9655,1.9205,1.9232,4202990.573346,8161629.690029265
2026-01-23 20:00:00,1.9237,1.932,1.908,1.9195,2324529.583672,4461951.4518877845
2026-01-24 00:00:00,1.9196,1.9271,1.9164,1.9239,691665.101593,1329616.6611844315
2026-01-24 04:00:00,1.9236,1.9274,1.9169,1.919,695469.755294,1336197.3077972196
2026-01-24 08:00:00,1.919,1.9214,1.9148,1.9172,779058.207559,1494360.7136731043
2026-01-24 12:00:00,1.9172,1.9243,1.9127,1.9131,1049200.58229,2013159.3913097747
2026-01-24 16:00:00,1.9132,1.9223,1.9103,1.9169,945433.755059,1811789.806603988
2026-01-24 20:00:00,1.9169,1.9232,1.9145,1.9147,662019.697602,1270121.296915832
2026-01-25 00:00:00,1.9146,1.9171,1.8982,1.9008,1228083.791387,2340920.7811335213
2026-01-25 04:00:00,1.9006,1.9036,1.894,1.8946,1221562.500121,2319628.541471629
2026-01-25 08:00:00,1.8946,1.9123,1.8868,1.9022,1589339.403634,3017707.775510216
2026-01-25 12:00:00,1.9017,1.9033,1.8839,1.8879,1591396.023692,3014225.437478368
2026-01-25 16:00:00,1.888,1.888,1.8108,1.8181,9976331.347765,18423267.349288207
2026-01-25 20:00:00,1.8184,1.8407,1.8128,1.8356,4845937.886356,8856681.57464898
2026-01-26 00:00:00,1.8357,1.8888,1.8332,1.8686,4186070.072051,7818150.235187732
2026-01-26 04:00:00,1.8696,1.8947,1.8696,1.8819,2679334.409594,5040025.757400233
2026-01-26 08:00:00,1.8819,1.8972,1.8767,1.8916,2870787.222344,5420385.458489514
2026-01-26 12:00:00,1.8916,1.9462,1.8916,1.9253,6890842.526096,13211758.711966794
2026-01-26 16:00:00,1.9259,1.9385,1.8993,1.9077,4384177.36859,8408162.751420563
2026-01-26 20:00:00,1.9072,1.9127,1.8892,1.904,3331735.48077,6327113.293958853
2026-01-27 00:00:00,1.9041,1.9172,1.8976,1.9098,1821803.669596,3476647.234052959
2026-01-27 04:00:00,1.9098,1.9179,1.8949,1.8991,1651654.084182,3146469.061553719
2026-01-27 08:00:00,1.8996,1.9035,1.8821,1.8891,2270761.129048,4290936.630634596
2026-01-27 12:00:00,1.889,1.8967,1.8742,1.8935,3314498.442855,6251379.291180873
2026-01-27 16:00:00,1.8934,1.9169,1.877,1.907,4326488.043693,8224178.78333419
2026-01-27 20:00:00,1.9069,1.9295,1.9059,1.9158,5101806.030982,9798064.027178569
2026-01-28 00:00:00,1.9158,1.9195,1.8945,1.902,1588604.381781,3026710.4585468406
2026-01-28 04:00:00,1.902,1.9246,1.8969,1.916,1714884.817294,3275167.195063564
2026-01-28 08:00:00,1.9161,1.9424,1.9063,1.9419,1821280.739005,3507398.756712141
2026-01-28 12:00:00,1.9415,1.9423,1.9018,1.9075,3559861.945362,6838503.190246829
2026-01-28 16:00:00,1.9076,1.9283,1.901,1.9194,3833154.491488,7337895.172773053
2026-01-28 20:00:00,1.9196,1.9325,1.9076,1.9114,2309011.606736,4426525.907269556
2026-01-29 00:00:00,1.9114,1.9136,1.8702,1.876,3314828.222494,6252660.25409408
2026-01-29 04:00:00,1.8761,1.8893,1.8655,1.8855,2664350.282102,5009842.7816412505
2026-01-29 08:00:00,1.8855,1.8898,1.8677,1.871,2701070.907287,5070456.750880864
2026-01-29 12:00:00,1.8711,1.8779,1.7866,1.802,15431326.914866,28187707.105209053
2026-01-29 16:00:00,1.8016,1.8434,1.778,1.7893,12348010.774766,22294756.031644747
2026-01-29 20:00:00,1.7894,1.8137,1.7857,1.808,4813147.695011,8665325.316405071
2026-01-30 00:00:00,1.8078,1.8128,1.7113,1.7478,16218769.804254,28393708.31278465
2026-01-30 04:00:00,1.748,1.7727,1.7304,1.7588,3364744.952495,5903913.380031021
2026-01-30 08:00:00,1.7591,1.7746,1.7338,1.7696,2694864.416531,4717072.631522489
2026-01-30 12:00:00,1.7697,1.7821,1.7406,1.7595,8965586.004755,15815991.687340572
2026-01-30 16:00:00,1.759,1.7845,1.7124,1.7713,6482402.174292,11380316.20288924
2026-01-30 20:00:00,1.7714,1.7716,1.7178,1.7354,5293719.54224,9188733.75268774
2026-01-31 00:00:00,1.7356,1.7547,1.7334,1.7443,3465293.998938,6037063.944899366
2026-01-31 04:00:00,1.7446,1.7487,1.7124,1.7196,2651125.473157,4588787.26790374
2026-01-31 08:00:00,1.7195,1.7224,1.6806,1.7021,6769571.679134,11501434.576327
2026-01-31 12:00:00,1.7019,1.702,1.6127,1.6354,17055207.069517,28177549.045276355
2026-01-31 16:00:00,1.6354,1.65,1.5029,1.5828,37810565.200429,59550845.43462976
2026-01-31 20:00:00,1.5833,1.6542,1.5714,1.647,8490223.456381,13689547.497482471
2026-02-01 00:00:00,1.6472,1.6805,1.6437,1.6668,6466412.838235,10749835.756697731
2026-02-01 04:00:00,1.6668,1.674,1.6472,1.6593,5151503.155243,8560176.596825888
2026-02-01 08:00:00,1.6592,1.6779,1.6323,1.65,4384046.73468,7258440.706254626
2026-02-01 12:00:00,1.6499,1.6527,1.5761,1.5946,9144146.2876,14728792.309602654
2026-02-01 16:00:00,1.5952,1.6267,1.5819,1.6001,5301238.874603,8492451.295414729
2026-02-01 20:00:00,1.6,1.6145,1.5525,1.5909,13385195.823399,21271613.20137924
2026-02-02 00:00:00,1.5909,1.6188,1.5308,1.5811,8720732.112811,13716817.917270089
2026-02-02 04:00:00,1.5812,1.6,1.5316,1.5795,9831058.201837,15417009.122618232
2026-02-02 08:00:00,1.5799,1.6274,1.5797,1.6218,6304578.95933,10124178.41488426
2026-02-02 12:00:00,1.6218,1.6554,1.6211,1.6425,10872341.720356,17829128.40230029
2026-02-02 16:00:00,1.6423,1.6569,1.6254,1.6257,4651397.919831,7646873.725404469
2026-02-02 20:00:00,1.6256,1.6334,1.6126,1.6199,3683933.482342,5976006.488920477
2026-02-03 00:00:00,1.6198,1.6222,1.5882,1.6136,4749819.473731,7620770.754945334
2026-02-03 04:00:00,1.6132,1.6246,1.5991,1.6172,4868543.15548,7853654.732043597
2026-02-03 08:00:00,1.6176,1.6257,1.5955,1.6032,4226360.495066,6793391.296812191
2026-02-03 12:00:00,1.6032,1.6216,1.5792,1.6185,8111502.316715,12987092.183027996
2026-02-03 16:00:00,1.6185,1.6189,1.5274,1.5813,12254791.601529,19199107.352966424
2026-02-03 20:00:00,1.5812,1.6341,1.5667,1.5791,6824722.741127,10965623.589764804
2026-02-04 00:00:00,1.5791,1.6051,1.567,1.5991,3691582.413564,5872669.499394675
2026-02-04 04:00:00,1.5991,1.6083,1.5825,1.6053,4317662.798441,6900894.422662562
2026-02-04 08:00:00,1.6053,1.6123,1.579,1.5924,4679491.651607,7472767.207775107
2026-02-04 12:00:00,1.5926,1.598,1.5299,1.5437,8268386.887317,12905153.953076772
2026-02-04 16:00:00,1.5439,1.5574,1.5044,1.5549,13639358.39212,20864067.707681485
2026-02-04 20:00:00,1.5549,1.5565,1.4949,1.512,7329968.006819,11142540.863289682
2026-02-05 00:00:00,1.5119,1.5152,1.4388,1.4432,10531881.508438,15505368.214973094
2026-02-05 04:00:00,1.4432,1.4582,1.417,1.4324,9425308.300786,13568474.560172264
2026-02-05 08:00:00,1.4325,1.4449,1.3425,1.3653,15683776.358158,21764423.899501007
2026-02-05 12:00:00,1.3654,1.3869,1.268,1.2964,33654540.369869,44635053.044974394
2026-02-05 16:00:00,1.2967,1.3126,1.2071,1.2136,41265384.136428,51905579.73142777
2026-02-05 20:00:00,1.2135,1.266,1.1375,1.2146,54219800.258166,64740693.753199294
2026-02-06 00:00:00,1.2146,1.2941,1.119,1.2699,57203957.618227,68938444.80083348
2026-02-06 04:00:00,1.2699,1.3355,1.2631,1.2922,20367098.820198,26545731.274344843
2026-02-06 08:00:00,1.2922,1.388,1.285,1.3684,21932390.44707,29261280.34811397
2026-02-06 12:00:00,1.3682,1.5439,1.3577,1.5133,42425667.847975,61255889.94644864
2026-02-06 16:00:00,1.513,1.5352,1.4376,1.4562,23650427.466567,35232785.38608005
2026-02-06 20:00:00,1.4566,1.4983,1.4386,1.4696,11372686.037305,16683876.102737786
2026-02-07 00:00:00,1.4696,1.4877,1.4332,1.4736,12302569.328416,17980786.679720104
2026-02-07 04:00:00,1.4735,1.4853,1.4066,1.4132,13569266.750818,19580904.563425545
2026-02-07 08:00:00,1.4134,1.4292,1.3857,1.3928,10541239.787469,14822114.27843688
2026-02-07 12:00:00,1.3922,1.441,1.3908,1.4106,11771885.614862,16629640.905053413
2026-02-07 16:00:00,1.4105,1.4485,1.4054,1.4306,22326952.231125,31745288.42361398
2026-02-07 20:00:00,1.4305,1.4414,1.4129,1.4231,2459665.261332,3516974.358523696
2026-02-08 00:00:00,1.4232,1.4417,1.4137,1.4168,2775876.995325,3962197.817953103
2026-02-08 04:00:00,1.4169,1.4259,1.41,1.421,1914844.574895,2714747.5233355933
2026-02-08 08:00:00,1.4207,1.4632,1.4194,1.4527,6488727.018589,9363841.858268179
2026-02-08 12:00:00,1.4529,1.4695,1.4303,1.4404,5820825.54996,8457956.238947425
2026-02-08 16:00:00,1.4403,1.4528,1.4103,1.4502,5065518.256857,7255573.174278897
2026-02-08 20:00:00,1.4503,1.4629,1.4226,1.4308,3900552.040445,5606105.522799248
2026-02-09 00:00:00,1.4307,1.4548,1.4194,1.4522,5267957.071229,7571107.967379597
2026-02-09 04:00:00,1.4521,1.4553,1.4215,1.4258,3905401.244873,5613586.924242266
2026-02-09 08:00:00,1.4259,1.4301,1.3728,1.3934,10013128.510567,14010422.148109816
2026-02-09 12:00:00,1.3935,1.4498,1.3933,1.4463,9634637.393594,13667008.151261792
2026-02-09 16:00:00,1.4464,1.4645,1.4335,1.4528,7631537.451788,11047782.617424317
2026-02-09 20:00:00,1.4527,1.4587,1.435,1.437,3241914.642554,4696306.053659344
2026-02-10 00:00:00,1.4371,1.4533,1.4282,1.4353,4662424.02646,6722556.369583344
2026-02-10 04:00:00,1.4354,1.4523,1.4145,1.4225,5936537.771217,8528374.757253274
2026-02-10 08:00:00,1.4224,1.4357,1.4066,1.4082,3744341.344985,5315999.405262564
2026-02-10 12:00:00,1.4082,1.4258,1.3935,1.4068,8690285.030789,12243016.979078656
2026-02-10 16:00:00,1.4068,1.4292,1.3942,1.4009,3721299.592485,5242239.7204994215
2026-02-10 20:00:00,1.4008,1.4052,1.3918,1.3997,3889767.36994,5438780.182803235
2026-02-11 00:00:00,1.3998,1.4205,1.3944,1.4044,2789093.571653,3924895.994098802
2026-02-11 04:00:00,1.4044,1.4088,1.358,1.3668,7043776.213359,9685087.030387376
2026-02-11 08:00:00,1.3671,1.3808,1.3555,1.379,4784631.459183,6545123.5281968685
2026-02-11 12:00:00,1.379,1.4098,1.346,1.3542,16656637.487205,22884789.315219443
2026-02-11 16:00:00,1.3541,1.387,1.3422,1.379,8267558.594358,11296277.76262318
2026-02-11 20:00:00,1.3789,1.3975,1.3594,1.3695,4290669.28139,5910392.23706102
2026-02-12 00:00:00,1.3698,1.3867,1.3683,1.3752,3200115.296725,4412242.607842472
2026-02-12 04:00:00,1.3752,1.3887,1.3725,1.3818,2800049.018479,3863911.121797322
2026-02-12 08:00:00,1.3818,1.4081,1.3771,1.4018,4701836.527727,6557464.833931447
2026-02-12 12:00:00,1.4016,1.4031,1.375,1.3759,10843029.538771,15079894.498479856
2026-02-12 16:00:00,1.3758,1.3797,1.3461,1.3647,7506201.475339,10218700.705470303
2026-02-12 20:00:00,1.3648,1.3703,1.3489,1.3635,2791118.984252,3793446.4903939622
2026-02-13 00:00:00,1.3636,1.372,1.3492,1.3655,2588122.910825,3522634.0815071748
2026-02-13 04:00:00,1.3655,1.3683,1.3485,1.3539,2641625.239644,3585329.5080562704
2026-02-13 08:00:00,1.3539,1.3728,1.3521,1.368,2619930.31391,3579090.772798609
2026-02-13 12:00:00,1.368,1.4218,1.3598,1.4048,9628922.580129,13339756.677642744
2026-02-13 16:00:00,1.4053,1.4287,1.3998,1.4113,4384905.258297,6207399.727036864
2026-02-13 20:00:00,1.4115,1.4165,1.3976,1.4071,1780024.525833,2505463.697885113
2026-02-14 00:00:00,1.4072,1.4182,1.4053,1.4164,2002978.526538,2829167.761119238
2026-02-14 04:00:00,1.4164,1.4254,1.4076,1.4223,1029624.978307,1456805.811859226
2026-02-14 08:00:00,1.4224,1.4735,1.4219,1.4716,5842504.695063,8480635.228863593
2026-02-14 12:00:00,1.4716,1.4768,1.4518,1.4688,4213758.972265,6176823.541661722
2026-02-14 16:00:00,1.4689,1.5004,1.4572,1.498,3144131.178422,4657003.848796889
2026-02-14 20:00:00,1.4981,1.5137,1.4879,1.5088,4580683.642194,6878642.384443648
2026-02-15 00:00:00,1.5091,1.5443,1.5057,1.5267,5721181.456737,8715266.764094256
2026-02-15 04:00:00,1.527,1.6501,1.5253,1.6496,10589787.822122,16781395.41031168
2026-02-15 08:00:00,1.6497,1.671,1.5578,1.5624,15066073.671937,24374738.427003283
2026-02-15 12:00:00,1.5625,1.5664,1.5117,1.5235,8661694.951792,13278420.7702651
2026-02-15 16:00:00,1.5236,1.5241,1.4482,1.4539,7869820.00098,11662743.311898924
2026-02-15 20:00:00,1.454,1.4901,1.4453,1.4749,7163455.208112,10534866.348698748
2026-02-16 00:00:00,1.4753,1.4869,1.453,1.4619,3909173.259491,5757830.479371044
2026-02-16 04:00:00,1.4618,1.476,1.4486,1.4612,3297424.473161,4820016.943465511
2026-02-16 08:00:00,1.4612,1.514,1.4612,1.4835,4773008.853236,7109804.434808532
2026-02-16 12:00:00,1.4838,1.5165,1.4615,1.4742,10121712.07444,15079644.598956544
2026-02-16 16:00:00,1.4747,1.4946,1.4712,1.4753,4155504.599573,6166742.726296888
2026-02-16 20:00:00,1.4751,1.4938,1.4686,1.4876,2774687.059397,4113408.139019249
2026-02-17 00:00:00,1.4876,1.4934,1.4731,1.4831,1993113.666646,2962143.905409836
2026-02-17 04:00:00,1.4832,1.4889,1.4694,1.4731,1727077.91103,2551824.015022483
2026-02-17 08:00:00,1.4732,1.4769,1.4501,1.4525,2787960.289835,4071430.3392206943
2026-02-17 12:00:00,1.4527,1.4636,1.427,1.457,5626319.78324,8142729.355937211
2026-02-17 16:00:00,1.4572,1.4949,1.4572,1.4858,5379172.171449,7945862.739585104
2026-02-17 20:00:00,1.4857,1.4933,1.4708,1.4741,1593199.536175,2360377.818555626
2026-02-18 00:00:00,1.4741,1.4839,1.4633,1.4793,2026116.590107,2984002.1671221424
2026-02-18 04:00:00,1.4793,1.4887,1.4756,1.4867,1911134.375137,2832146.4415096384
2026-02-18 08:00:00,1.4867,1.4939,1.4637,1.4668,1718218.379393,2545318.652632615
2026-02-18 12:00:00,1.4666,1.4887,1.4519,1.4767,5064941.801004,7422847.022913187
2026-02-18 16:00:00,1.4767,1.4772,1.4191,1.4231,4518774.235854,6526080.832104817
2026-02-18 20:00:00,1.4232,1.4332,1.4101,1.4219,4403815.438847,6260755.254548108
2026-02-19 00:00:00,1.422,1.4305,1.4149,1.4291,2027195.283098,2885278.0110672624
2026-02-19 04:00:00,1.4289,1.4383,1.4053,1.4328,3589920.122056,5104967.932427372
2026-02-19 08:00:00,1.4327,1.4339,1.4065,1.4094,3447227.96985,4885628.163322551
2026-02-19 12:00:00,1.4094,1.4144,1.3865,1.3978,5948957.775058,8323653.962215635
2026-02-19 16:00:00,1.3975,1.4189,1.3815,1.4125,5140191.585071,7187714.657481991
2026-02-19 20:00:00,1.4124,1.4148,1.3955,1.4067,1525229.121404,2146702.1166502414
2026-02-20 00:00:00,1.4068,1.4286,1.4054,1.4129,2378150.04885,3374765.5268207244
2026-02-20 04:00:00,1.4129,1.4242,1.4005,1.4197,1607149.615655,2275545.140812949
2026-02-20 08:00:00,1.4194,1.4289,1.4032,1.4051,2171680.634251,3081751.8828628105
2026-02-20 12:00:00,1.4058,1.4306,1.3777,1.4288,6484857.815704,9122631.35853848
2026-02-20 16:00:00,1.4288,1.4389,1.4078,1.4239,5876150.339912,8388927.472282805
2026-02-20 20:00:00,1.4238,1.4316,1.4148,1.4292,1868743.259019,2659294.7704835343
2026-02-21 00:00:00,1.4292,1.4336,1.42,1.426,1372400.651233,1959885.4904514651
2026-02-21 04:00:00,1.426,1.4357,1.4245,1.4313,979144.627701,1401208.7718472634
2026-02-21 08:00:00,1.4312,1.4461,1.4278,1.444,1343144.069436,1933627.5529004089
2026-02-21 12:00:00,1.444,1.4644,1.4359,1.4503,2076310.073315,3012773.4867049186
2026-02-21 16:00:00,1.4504,1.4519,1.4364,1.4433,1200616.684306,1733917.6737311273
2026-02-21 20:00:00,1.4431,1.4439,1.4302,1.4305,1543100.945567,2218070.802163141
2026-02-22 00:00:00,1.4304,1.4339,1.418,1.4237,1521097.041368,2170927.754564108
2026-02-22 04:00:00,1.4237,1.426,1.417,1.4213,702844.355811,999142.1277640628
2026-02-22 08:00:00,1.4212,1.4259,1.4169,1.4233,956424.597662,1359629.496874468
2026-02-22 12:00:00,1.4232,1.4236,1.3861,1.3936,3044203.356429,4264844.129421877
2026-02-22 16:00:00,1.3934,1.3947,1.3835,1.3866,1631001.716436,2265502.9733274397
2026-02-22 20:00:00,1.3868,1.4018,1.38,1.3928,2059007.306938,2862313.7137122722
2026-02-23 00:00:00,1.3932,1.3947,1.3304,1.3414,8984850.174595,12129139.311696548
2026-02-23 04:00:00,1.3414,1.3781,1.336,1.3713,3772194.911653,5103734.0090881195
2026-02-23 08:00:00,1.3713,1.4061,1.3619,1.3968,6981337.993278,9678143.524814487
2026-02-23 12:00:00,1.3968,1.4251,1.3675,1.3713,8634638.110153,12028020.230079776
2026-02-23 16:00:00,1.3707,1.3783,1.3485,1.3572,3981388.368877,5429624.451830839
2026-02-23 20:00:00,1.3573,1.3672,1.3501,1.3521,1879275.458336,2550990.190866888
2026-02-24 00:00:00,1.3521,1.3624,1.3273,1.3321,5582730.089353,7506161.714386141
2026-02-24 04:00:00,1.3322,1.3428,1.3219,1.3265,4092635.048925,5444591.933154745
2026-02-24 08:00:00,1.3266,1.3359,1.3212,1.3334,2925024.529913,3889514.9553017216
2026-02-24 12:00:00,1.3334,1.3528,1.3125,1.3517,7906469.958563,10549044.515878512
2026-02-24 16:00:00,1.3519,1.3677,1.3449,1.356,5551675.685863,7540506.102788336
2026-02-24 20:00:00,1.3559,1.3637,1.3417,1.3484,3216670.031053,4353954.826412849
2026-02-25 00:00:00,1.3483,1.3996,1.3407,1.3701,8257941.071447,11370845.68757549
2026-02-25 04:00:00,1.3701,1.3757,1.3531,1.3658,3137644.306898,4281240.000597563
2026-02-25 08:00:00,1.3657,1.3855,1.363,1.384,2846245.215455,3917084.9356022584
2026-02-25 12:00:00,1.384,1.4462,1.381,1.4412,8984431.292717,12744080.439079149
2026-02-25 16:00:00,1.4412,1.4771,1.438,1.4664,6653330.444153,9702196.09256802
2026-02-25 20:00:00,1.4666,1.4938,1.4191,1.434,8639745.529387,12635394.47661704
2026-02-26 00:00:00,1.4337,1.4475,1.418,1.442,3448339.519282,4943671.7521330025
2026-02-26 04:00:00,1.4419,1.469,1.4306,1.434,4347114.282133,6297816.0772424545
2026-02-26 08:00:00,1.4342,1.4568,1.4339,1.4367,3257998.962744,4706410.317926341
2026-02-26 12:00:00,1.437,1.4462,1.4078,1.4211,6215407.28916,8879556.232278831
2026-02-26 16:00:00,1.4211,1.4236,1.3825,1.4072,8813025.220263,12335071.224116098
2026-02-26 20:00:00,1.4071,1.4132,1.3883,1.4024,3043024.143072,4257739.070002545
2026-02-27 00:00:00,1.4025,1.4132,1.3933,1.4079,3075734.246883,4317787.774753019
2026-02-27 04:00:00,1.4078,1.4216,1.4039,1.417,2870936.576064,4053494.8782632127
2026-02-27 08:00:00,1.4171,1.426,1.3802,1.3827,4700496.763253,6585146.190224049
2026-02-27 12:00:00,1.3825,1.3855,1.3521,1.3572,7525846.390288,10279153.963790026
2026-02-27 16:00:00,1.3572,1.3642,1.3384,1.3508,7378119.840364,9980569.041512623
2026-02-27 20:00:00,1.3509,1.3571,1.3381,1.3561,3954041.672804,5344938.154787689
2026-02-28 00:00:00,1.3562,1.3653,1.3527,1.3546,1456761.079769,1980449.9523730197
2026-02-28 04:00:00,1.3552,1.3582,1.2901,1.3031,10718840.466825,14113756.461331153
2026-02-28 08:00:00,1.3027,1.3072,1.2702,1.2931,7523622.545842,9698000.050805476
2026-02-28 12:00:00,1.2933,1.3501,1.292,1.3239,12177196.327179,16108314.03121837
2026-02-28 16:00:00,1.324,1.3591,1.3146,1.3548,6268211.89712,8365717.1789768785
2026-02-28 20:00:00,1.3543,1.3929,1.3505,1.3762,5299818.151477,7287374.083113523
2026-03-01 00:00:00,1.3762,1.4337,1.3654,1.4187,9132410.069231,12887900.428451693
2026-03-01 04:00:00,1.4191,1.4219,1.3889,1.398,5452748.916372,7660762.606443294
2026-03-01 08:00:00,1.398,1.3999,1.3664,1.3761,3730405.763562,5144619.635093907
2026-03-01 12:00:00,1.376,1.4033,1.3616,1.3785,5530268.565527,7650878.2986219665
2026-03-01 16:00:00,1.3786,1.3862,1.3539,1.3567,4424049.426072,6056205.641084166
2026-03-01 20:00:00,1.3565,1.3722,1.3368,1.3525,4367018.702429,5904676.550824793
2026-03-02 00:00:00,1.3524,1.3806,1.3511,1.3741,4711846.374173,6421879.04466036
2026-03-02 04:00:00,1.3739,1.3754,1.3381,1.347,2211313.968613,3001631.399756953
2026-03-02 08:00:00,1.3471,1.3627,1.3387,1.3515,2940518.785877,3975291.7153779767
2026-03-02 12:00:00,1.3515,1.4156,1.3341,1.4006,6971011.719607,9605089.216030275
2026-03-02 16:00:00,1.4008,1.423,1.3835,1.4006,5888658.691265,8264556.03204229
2026-03-02 20:00:00,1.4004,1.4074,1.386,1.3902,4248246.696152,5942625.9211748475
2026-03-03 00:00:00,1.3902,1.3953,1.3677,1.3733,4026428.833445,5559237.942135384
2026-03-03 04:00:00,1.3734,1.3776,1.3573,1.3639,4737496.025192,6462508.327100463
2026-03-03 08:00:00,1.3637,1.3691,1.3419,1.3526,3258821.258557,4403449.15189561
2026-03-03 12:00:00,1.353,1.3707,1.3366,1.3646,9116094.435715,12320259.107988209
2026-03-03 16:00:00,1.3645,1.3871,1.3534,1.363,4828509.137591,6609524.087617997
2026-03-03 20:00:00,1.3629,1.3697,1.3483,1.3605,3637272.099505,4942882.653048808
2026-03-04 00:00:00,1.3606,1.3703,1.3452,1.353,4719512.733591,6423775.431485225
2026-03-04 04:00:00,1.353,1.3771,1.3454,1.3752,2418652.986974,3284443.546069226
2026-03-04 08:00:00,1.3752,1.4264,1.3696,1.3991,10835428.897437,15231280.310589857
2026-03-04 12:00:00,1.3991,1.4642,1.3831,1.4631,13971346.779596,19911436.89397577
2026-03-04 16:00:00,1.4629,1.473,1.4359,1.4567,8771966.781362,12740015.450545928
2026-03-04 20:00:00,1.4566,1.4656,1.4135,1.4307,6586661.14705,9482460.58971669
2026-03-05 00:00:00,1.4308,1.4362,1.4155,1.4197,3228072.804965,4598903.35414797
2026-03-05 04:00:00,1.4197,1.4314,1.4085,1.413,3035962.803226,4314256.922264458
2026-03-05 08:00:00,1.413,1.4524,1.4094,1.4362,3558357.619663,5102763.694525683
2026-03-05 12:00:00,1.4363,1.4428,1.4093,1.4167,5005972.081101,7141731.48809977
2026-03-05 16:00:00,1.4169,1.4233,1.3961,1.4113,4188948.644886,5897938.173281316
2026-03-05 20:00:00,1.4114,1.4207,1.4022,1.4037,2947624.542672,4161767.265860066
2026-03-06 00:00:00,1.4039,1.4148,1.398,1.4056,1438527.295332,2024803.9039755843
2026-03-06 04:00:00,1.4054,1.4088,1.3917,1.4077,2698077.652757,3774159.1349316873
2026-03-06 08:00:00,1.4077,1.4079,1.3925,1.3949,1699080.171899,2380926.5415092567
2026-03-06 12:00:00,1.3947,1.3974,1.3511,1.3563,9296507.288958,12778309.750057492
2026-03-06 16:00:00,1.3562,1.366,1.3457,1.3632,4730598.622508,6418186.905270008
2026-03-06 20:00:00,1.3633,1.3717,1.3541,1.3634,3081218.419529,4197205.390611057
2026-03-07 00:00:00,1.3633,1.3749,1.3627,1.3661,1788227.904824,2446001.035034868
2026-03-07 04:00:00,1.3662,1.3686,1.3608,1.3671,1155406.859159,1576591.3377204286
2026-03-07 08:00:00,1.367,1.3735,1.3632,1.3699,957727.241981,1310000.1373519788
2026-03-07 12:00:00,1.3699,1.3699,1.3548,1.3572,1723995.060672,2346971.8064626264
2026-03-07 16:00:00,1.3572,1.3648,1.3468,1.3506,2041316.818908,2767266.5847497955
2026-03-07 20:00:00,1.3506,1.3592,1.3502,1.3568,1395044.315861,1890543.9778412848
2026-03-08 00:00:00,1.3569,1.3607,1.3446,1.3485,2659325.175639,3594662.2362811966
2026-03-08 04:00:00,1.3485,1.3628,1.341,1.3605,2128370.919833,2878322.5293415305
2026-03-08 08:00:00,1.3605,1.3714,1.3548,1.3579,2237392.09046,3049137.2731271246
2026-03-08 12:00:00,1.3577,1.3593,1.3412,1.3457,2154067.699302,2904218.214774092
2026-03-08 16:00:00,1.3457,1.3598,1.3378,1.3563,2759442.458561,3710262.4211405567
2026-03-08 20:00:00,1.3564,1.3619,1.3217,1.34,5201100.758051,6968828.40550221
2026-03-09 00:00:00,1.34,1.3656,1.3376,1.3506,4921307.803226,6648715.1602850305
2026-03-09 04:00:00,1.3506,1.3585,1.3327,1.3408,4601687.424698,6192427.268025392
2026-03-09 08:00:00,1.341,1.3634,1.3391,1.3502,2722870.904583,3674731.959991696
2026-03-09 12:00:00,1.3504,1.3731,1.3499,1.3601,5084744.3961,6933796.89886598
2026-03-09 16:00:00,1.3602,1.3843,1.356,1.3738,5723797.309246,7842561.556369192
2026-03-09 20:00:00,1.3731,1.3791,1.3604,1.3632,3570585.889332,4892619.386073074
2026-03-10 00:00:00,1.363,1.3926,1.3608,1.3752,3640031.004937,5020402.925429113
2026-03-10 04:00:00,1.3752,1.3898,1.3732,1.3875,2030290.814925,2806197.1237891307
2026-03-10 08:00:00,1.3876,1.4197,1.3876,1.3909,7740212.504602,10881394.056491792
2026-03-10 12:00:00,1.391,1.4427,1.3815,1.431,9266271.852771,13083951.696457619
2026-03-10 16:00:00,1.431,1.4369,1.377,1.3849,7966372.272707,11230274.23160616
2026-03-10 20:00:00,1.3849,1.3949,1.3781,1.3865,2738403.039624,3797662.401351367
2026-03-11 00:00:00,1.3865,1.3924,1.3783,1.3789,1804908.18574,2497990.650854626
2026-03-11 04:00:00,1.379,1.391,1.3739,1.3785,2046690.943174,2827365.66365733
2026-03-11 08:00:00,1.3786,1.3815,1.3722,1.3735,1782075.782507,2453369.1880875817
2026-03-11 12:00:00,1.3735,1.4112,1.3706,1.3824,6045025.983712,8402404.926644089
2026-03-11 16:00:00,1.3825,1.4074,1.3803,1.3896,4815075.368983,6718594.4154438
2026-03-11 20:00:00,1.3898,1.3972,1.3821,1.3847,2016497.972422,2801963.337052801
2026-03-12 00:00:00,1.3848,1.3859,1.3697,1.3739,2482795.755947,3418128.7787912395
2026-03-12 04:00:00,1.3737,1.3786,1.366,1.3765,2930955.202529,4018168.967194116
2026-03-12 08:00:00,1.3765,1.3936,1.3741,1.3879,2838972.062729,3925824.429713592
2026-03-12 12:00:00,1.3879,1.3927,1.3648,1.3792,5734244.959539,7914386.77836313
2026-03-12 16:00:00,1.3793,1.3858,1.3697,1.3787,2203571.227828,3038157.075543776
2026-03-12 20:00:00,1.3788,1.3898,1.3713,1.3848,2017631.122646,2784378.7432866464
2026-03-13 00:00:00,1.3847,1.4243,1.3833,1.4123,7280476.61962,10255012.300807444
2026-03-13 04:00:00,1.4124,1.4273,1.4075,1.4154,7611678.947161,10790499.517084148
2026-03-13 08:00:00,1.4154,1.4387,1.4131,1.4203,8226553.850267,11747836.581549324
2026-03-13 12:00:00,1.4203,1.4534,1.407,1.4088,11585486.821267,16609730.244929347
2026-03-13 16:00:00,1.4089,1.4153,1.3898,1.4016,5517151.893974,7736255.466163616
2026-03-13 20:00:00,1.4015,1.4061,1.3902,1.3989,2878319.817358,4027083.89531327
2026-03-14 00:00:00,1.3988,1.4035,1.3924,1.4007,1799419.365675,2516439.7986349096
2026-03-14 04:00:00,1.4008,1.4044,1.3842,1.394,2287539.876459,3189704.638146248
2026-03-14 08:00:00,1.3942,1.3973,1.3879,1.3924,1978066.478805,2755850.9049034114
2026-03-14 12:00:00,1.3924,1.3946,1.3874,1.3905,1505930.443393,2094206.4821382528
2026-03-14 16:00:00,1.3903,1.3935,1.3872,1.3903,895131.844205,1244794.8875539608
2026-03-14 20:00:00,1.3903,1.4084,1.3889,1.4063,1687854.603296,2358763.410255316
2026-03-15 00:00:00,1.4064,1.4202,1.4023,1.4121,2041653.546754,2880732.468713424
2026-03-15 04:00:00,1.4122,1.4212,1.4055,1.4078,2464775.701839,3483127.859348219
2026-03-15 08:00:00,1.4079,1.4208,1.4079,1.4197,1361826.51201,1927214.4546401496
2026-03-15 12:00:00,1.4198,1.4301,1.4129,1.4157,4021263.409425,5714807.048078022
2026-03-15 16:00:00,1.4157,1.4241,1.4093,1.4129,1592775.394864,2253531.812834916
2026-03-15 20:00:00,1.4129,1.465,1.4107,1.449,7239072.65221,10459287.799999367
2026-03-16 00:00:00,1.4489,1.4803,1.4357,1.4676,7364646.74576,10743267.782774867
2026-03-16 04:00:00,1.4676,1.4885,1.4675,1.483,7285217.103539,10774635.342963237
2026-03-16 08:00:00,1.4832,1.4893,1.4644,1.4699,4438344.629909,6536161.781219718
2026-03-16 12:00:00,1.4697,1.5163,1.4695,1.4933,10402276.517712,15513717.14472507
2026-03-16 16:00:00,1.4932,1.5443,1.4919,1.53,8581419.743903,13080823.617806312
2026-03-16 20:00:00,1.53,1.5525,1.5235,1.543,5577857.979843,8573588.194533832
2026-03-17 00:00:00,1.543,1.6071,1.5343,1.5443,16659690.028891,26069248.73225281
2026-03-17 04:00:00,1.5445,1.553,1.5045,1.5301,8849784.149103,13546211.0773304
2026-03-17 08:00:00,1.5302,1.533,1.5023,1.5098,7263950.73797,11017993.153768027
2026-03-17 12:00:00,1.5099,1.522,1.4944,1.5137,10562120.958709,15917389.865321703
2026-03-17 16:00:00,1.5137,1.5412,1.5015,1.5333,8462457.89606,12894691.88091761
2026-03-17 20:00:00,1.5331,1.5365,1.5177,1.5183,2494124.249026,3811355.747173379
2026-03-18 00:00:00,1.5183,1.5401,1.5092,1.5394,2984151.017306,4554473.549958947
2026-03-18 04:00:00,1.5393,1.5426,1.5152,1.5202,2792704.585119,4275531.2321303515
2026-03-18 08:00:00,1.5202,1.5276,1.4842,1.49,3699771.321424,5559890.104808749
2026-03-18 12:00:00,1.4898,1.4908,1.4383,1.4401,6941629.43215,10133617.65469788
2026-03-18 16:00:00,1.4405,1.4669,1.4359,1.4494,4573970.626821,6637015.407005137
2026-03-18 20:00:00,1.4492,1.4725,1.4423,1.4645,2365921.195487,3454153.023701231
2026-03-19 00:00:00,1.4646,1.4787,1.4554,1.4744,2175316.844062,3186798.475393373
2026-03-19 04:00:00,1.4745,1.4819,1.4509,1.4613,5500943.928653,8073782.808288919
2026-03-19 08:00:00,1.4612,1.471,1.4522,1.4586,2946618.070263,4306475.045450447
2026-03-19 12:00:00,1.4586,1.4586,1.4236,1.4318,10454909.914449,15056601.426705718
2026-03-19 16:00:00,1.4322,1.4528,1.4222,1.4448,4169552.172753,5984667.18223901
2026-03-19 20:00:00,1.4448,1.4558,1.4429,1.4475,2064712.785809,2993340.616092852
2026-03-20 00:00:00,1.4475,1.4607,1.4453,1.4531,2007812.474912,2916689.473925242
2026-03-20 04:00:00,1.4531,1.4639,1.4436,1.4546,3268636.324588,4761156.092951615
2026-03-20 08:00:00,1.4546,1.4664,1.4434,1.4493,2248824.618828,3268397.7143051894
2026-03-20 12:00:00,1.4493,1.4525,1.4276,1.4377,4415916.546145,6356575.124169648
2026-03-20 16:00:00,1.4377,1.4432,1.4248,1.4358,2106495.376151,3023598.5465582414
2026-03-20 20:00:00,1.4359,1.4522,1.4291,1.4452,1373434.433095,1981203.2183268396
2026-03-21 00:00:00,1.4452,1.4499,1.4425,1.4458,1217019.030892,1759528.2875407897
2026-03-21 04:00:00,1.4458,1.4538,1.4439,1.4441,1853050.938713,2684828.920849418
2026-03-21 08:00:00,1.4442,1.4456,1.4369,1.4425,1064871.003856,1533854.0660088512
2026-03-21 12:00:00,1.4425,1.4468,1.4341,1.438,2003186.510112,2884749.480603954
2026-03-21 16:00:00,1.438,1.4415,1.4342,1.4372,972366.070236,1398164.9223397
2026-03-21 20:00:00,1.4372,1.4429,1.4004,1.4087,4292987.59572,6109136.596281948
2026-03-22 00:00:00,1.4085,1.4263,1.394,1.417,4370004.462943,6153951.140205128
2026-03-22 04:00:00,1.417,1.421,1.4031,1.4034,1682917.327339,2377797.924032134
2026-03-22 08:00:00,1.4035,1.404,1.3857,1.3909,2986748.912403,4164676.0291975792
2026-03-22 12:00:00,1.391,1.4071,1.3908,1.3919,2249792.046334,3145342.9197225696
2026-03-22 16:00:00,1.3927,1.3959,1.3809,1.3848,2883564.837999,4006457.3198771807
2026-03-22 20:00:00,1.3848,1.3933,1.3715,1.385,2928701.655878,4050105.79354548
2026-03-23 00:00:00,1.385,1.3933,1.3744,1.3813,2308961.485565,3196786.47040998
2026-03-23 04:00:00,1.3815,1.3987,1.3626,1.373,7322218.291364,10136369.524464866
2026-03-23 08:00:00,1.3732,1.4452,1.3619,1.4115,16038919.509828,22700364.142621674
2026-03-23 12:00:00,1.4115,1.4661,1.4019,1.4314,10347103.186021,14859131.805915428
2026-03-23 16:00:00,1.4315,1.4468,1.427,1.4345,4463788.077858,6414426.724704233
2026-03-23 20:00:00,1.4344,1.4402,1.424,1.4322,1877689.637067,2690297.3404734554
2026-03-24 00:00:00,1.4323,1.4353,1.4088,1.4147,2643421.216821,3746857.1933356496
2026-03-24 04:00:00,1.4148,1.4325,1.4052,1.4314,2100157.925695,2971790.3423904656
2026-03-24 08:00:00,1.4315,1.4344,1.4134,1.4234,4353331.463488,6189634.947467289
2026-03-24 12:00:00,1.4236,1.4236,1.3956,1.4011,3859740.367493,5424582.221695914
2026-03-24 16:00:00,1.401,1.404,1.3839,1.3879,2755322.023401,3832579.5434555784
2026-03-24 20:00:00,1.3878,1.4181,1.3863,1.4159,3476486.642236,4894495.741983797
2026-03-25 00:00:00,1.4159,1.4249,1.407,1.4134,2532549.172789,3587367.3917491925
2026-03-25 04:00:00,1.4134,1.4266,1.4111,1.4201,1954745.727219,2775034.429013672
2026-03-25 08:00:00,1.4202,1.438,1.4123,1.4287,6172822.068563,8797700.197836393
2026-03-25 12:00:00,1.429,1.4322,1.4018,1.4073,4837437.50028,6854849.65072911
2026-03-25 16:00:00,1.4074,1.4213,1.4047,1.4118,2856711.974533,4037111.256458556
2026-03-25 20:00:00,1.4121,1.4227,1.4099,1.4147,1596308.421228,2259197.148738503
2026-03-26 00:00:00,1.4146,1.4164,1.3964,1.4017,1900150.970005,2675269.957844592
2026-03-26 04:00:00,1.4018,1.4058,1.38,1.3855,3279440.090973,4559859.708459308
2026-03-26 08:00:00,1.3861,1.3866,1.3684,1.3716,3177277.246928,4371040.516680538
2026-03-26 12:00:00,1.3715,1.383,1.3528,1.3605,6259768.818197,8558671.93729306
2026-03-26 16:00:00,1.3606,1.3666,1.3363,1.3442,7310573.032819,9863375.966253309
2026-03-26 20:00:00,1.3442,1.3706,1.3442,1.3609,5194055.801072,7077166.080614646
2026-03-27 00:00:00,1.3609,1.3728,1.3584,1.3643,2110123.51946,2882604.9857568746
2026-03-27 04:00:00,1.3643,1.3687,1.3564,1.3589,1422678.501477,1937532.1885987977
2026-03-27 08:00:00,1.3591,1.3614,1.3261,1.3352,5868264.580652,7864470.160271419
2026-03-27 12:00:00,1.3352,1.3458,1.3264,1.3358,13595641.866288,18130472.29562264
2026-03-27 16:00:00,1.3358,1.3376,1.3182,1.3253,6405294.10366,8506657.351757612
2026-03-27 20:00:00,1.325,1.3327,1.3203,1.3255,2460227.451371,3262956.597959988
2026-03-28 00:00:00,1.3258,1.3296,1.3193,1.327,1952479.30913,2586440.487581996
2026-03-28 04:00:00,1.3273,1.3421,1.3259,1.341,1643112.982841,2193200.9267049953
2026-03-28 08:00:00,1.3411,1.3437,1.335,1.3402,922969.068381,1236170.838365717
2026-03-28 12:00:00,1.3402,1.3585,1.3361,1.3534,2806667.398693,3788328.8492240687
2026-03-28 16:00:00,1.3535,1.3546,1.3422,1.3451,1059524.021652,1429104.6382416305
2026-03-28 20:00:00,1.345,1.348,1.3308,1.3335,1180163.061908,1582655.81501181
2026-03-29 00:00:00,1.3335,1.342,1.3302,1.3384,1171074.209794,1564225.0518738653
2026-03-29 04:00:00,1.3384,1.3435,1.3284,1.3342,2589521.195829,3458084.668233321
2026-03-29 08:00:00,1.3342,1.3407,1.3311,1.3382,837362.844396,1118996.6485069063
2026-03-29 12:00:00,1.3382,1.3382,1.3212,1.3258,1888079.944139,2506655.07967918
2026-03-29 16:00:00,1.3258,1.3294,1.3166,1.3184,1708140.589548,2258495.7832471617
2026-03-29 20:00:00,1.3179,1.3325,1.295,1.3276,4957072.841428,6517933.782399863
2026-03-30 00:00:00,1.3281,1.3555,1.3246,1.352,3139634.226411,4216176.064063298
2026-03-30 04:00:00,1.3521,1.3613,1.347,1.3585,4812846.070297,6519240.047522666
2026-03-30 08:00:00,1.3584,1.367,1.3452,1.3503,4769997.539492,6459402.837879284
2026-03-30 12:00:00,1.3504,1.3566,1.3354,1.3457,4961581.923374,6688525.488369264
2026-03-30 16:00:00,1.3457,1.3458,1.3169,1.3231,2804896.493544,3734723.815476527
2026-03-30 20:00:00,1.323,1.3344,1.32,1.3241,2195757.943796,2913345.2416274813
2026-03-31 00:00:00,1.3242,1.348,1.3193,1.326,2596231.257199,3460257.181763289
2026-03-31 04:00:00,1.3262,1.3303,1.3141,1.3195,6023357.57173,7964132.239401162
2026-03-31 08:00:00,1.3196,1.3235,1.3042,1.3151,4633930.492709,6083787.693408539
2026-03-31 12:00:00,1.3151,1.3385,1.3113,1.3149,4717713.170461,6240812.592764858
2026-03-31 16:00:00,1.3151,1.3467,1.3144,1.3451,4645451.941011,6200203.057610417
2026-03-31 20:00:00,1.345,1.3503,1.3327,1.341,1674591.251287,2245829.529613076
2026-04-01 00:00:00,1.341,1.3516,1.3314,1.3484,2500331.859529,3355801.1483115763
2026-04-01 04:00:00,1.3483,1.3672,1.3362,1.3566,4501171.396521,6079826.4295416735
2026-04-01 08:00:00,1.3566,1.3587,1.3491,1.3546,1859872.605125,2516643.608274071
2026-04-01 12:00:00,1.3544,1.361,1.3452,1.3578,4434329.065722,6002975.843088987
2026-04-01 16:00:00,1.3579,1.3685,1.3463,1.3505,4566349.070122,6188603.321847394
2026-04-01 20:00:00,1.3506,1.357,1.3422,1.3479,2056017.093635,2776066.9812900126
2026-04-02 00:00:00,1.3479,1.357,1.3066,1.3129,7162349.230384,9484103.233480852
2026-04-02 04:00:00,1.3128,1.3205,1.305,1.3175,5015579.910509,6584414.236833206
2026-04-02 08:00:00,1.3174,1.3174,1.299,1.3002,3234218.774025,4228296.012099392
2026-04-02 12:00:00,1.3002,1.3035,1.2803,1.3,9868997.600533,12749795.479016203
2026-04-02 16:00:00,1.3001,1.3111,1.2948,1.3079,3676521.188401,4791980.833212443
2026-04-02 20:00:00,1.3077,1.3225,1.3047,1.3198,2414308.356589,3177122.3255055575
2026-04-03 00:00:00,1.3199,1.324,1.3033,1.3217,4136691.1112,5440794.526671274
2026-04-03 04:00:00,1.3217,1.326,1.3145,1.3186,2191527.694449,2892676.46588888
2026-04-03 08:00:00,1.3187,1.3246,1.3094,1.3203,3219734.18171,4241742.522156025
2026-04-03 12:00:00,1.3204,1.3356,1.3147,1.3187,2703061.92774,3576410.6528493497
2026-04-03 16:00:00,1.3188,1.3254,1.3134,1.3178,3558868.777396,4702263.532470893
2026-04-03 20:00:00,1.3176,1.3228,1.3125,1.3182,2217389.299658,2921566.7968195123
2026-04-04 00:00:00,1.3182,1.3192,1.3134,1.3158,774617.166825,1019453.389624985
2026-04-04 04:00:00,1.3158,1.3206,1.3152,1.316,808041.761855,1064717.298588624
2026-04-04 08:00:00,1.3161,1.3167,1.3066,1.3119,2780482.150053,3647619.3197027543
2026-04-04 12:00:00,1.3119,1.3168,1.3066,1.3126,1537295.441379,2015559.2653174412
2026-04-04 16:00:00,1.3128,1.3227,1.3107,1.3177,1331670.360071,1752198.1850658597
2026-04-04 20:00:00,1.3177,1.3194,1.3133,1.3153,1122861.67578,1478335.2076766924
2026-04-05 00:00:00,1.3154,1.3197,1.3106,1.3132,1235815.188448,1625406.2324762356
2026-04-05 04:00:00,1.3133,1.3151,1.2955,1.2977,6076639.976948,7925382.8027336
2026-04-05 08:00:00,1.2977,1.3039,1.2968,1.2986,1719539.856436,2234895.824984233
2026-04-05 12:00:00,1.2985,1.3056,1.2788,1.2964,5572361.706021,7177846.351872032
2026-04-05 16:00:00,1.2965,1.3074,1.2965,1.3005,1924663.412376,2503907.764815805
2026-04-05 20:00:00,1.3007,1.3321,1.2972,1.3264,3930015.731045,5162491.473962385
2026-04-06 00:00:00,1.3265,1.3492,1.326,1.3382,8027180.804311,10726189.983829487
2026-04-06 04:00:00,1.3383,1.3472,1.3362,1.3442,5839546.257119,7832369.255535535
2026-04-06 08:00:00,1.3444,1.3576,1.338,1.3498,5031786.041959,6790172.575394238
2026-04-06 12:00:00,1.35,1.3535,1.3411,1.3506,4230834.510966,5699097.762112806
2026-04-06 16:00:00,1.3508,1.3537,1.3351,1.3419,3805752.009138,5112421.630430548
2026-04-06 20:00:00,1.3419,1.3439,1.3123,1.3211,2931261.507602,3888188.5430085063
2026-04-07 00:00:00,1.3209,1.3257,1.3126,1.3171,1896322.380083,2500639.5387445227
2026-04-07 04:00:00,1.317,1.3205,1.3056,1.3126,3309759.662538,4346356.733913193
2026-04-07 08:00:00,1.3126,1.3248,1.3032,1.3063,4035568.413434,5306707.829563506
2026-04-07 12:00:00,1.3061,1.3134,1.2949,1.2974,4004979.003204,5219873.143740543
2026-04-07 16:00:00,1.2974,1.3166,1.2955,1.3143,3616279.332778,4721320.301428273
2026-04-07 20:00:00,1.3143,1.3965,1.3139,1.3787,10710080.462097,14547912.987591237
2026-04-08 00:00:00,1.3786,1.3839,1.3601,1.3703,4444508.93889,6093428.495586361
2026-04-08 04:00:00,1.3701,1.3878,1.3692,1.3799,3019703.340873,4164855.7554902392
2026-04-08 08:00:00,1.3799,1.3874,1.3717,1.3782,4298739.278457,5940443.946556216
2026-04-08 12:00:00,1.3782,1.3899,1.3452,1.3548,6226720.422156,8518837.347738184
2026-04-08 16:00:00,1.3549,1.3637,1.3445,1.352,2941283.547215,3983255.7272458943
2026-04-08 20:00:00,1.3519,1.3573,1.3389,1.3428,2143712.356949,2885325.049044405
2026-04-09 00:00:00,1.3428,1.343,1.3268,1.3312,4742458.603681,6323301.88147429
2026-04-09 04:00:00,1.3313,1.3365,1.3262,1.3318,3432723.524774,4571567.1537476005
2026-04-09 08:00:00,1.3319,1.339,1.3255,1.3297,5134265.091974,6839871.63599936
2026-04-09 12:00:00,1.3298,1.3551,1.322,1.3522,3497713.92089,4666997.940502952
2026-04-09 16:00:00,1.3524,1.3609,1.3461,1.356,3000751.825989,4066731.0364066246
2026-04-09 20:00:00,1.3559,1.3697,1.3418,1.3439,2417168.167421,3274448.572117689
2026-04-10 00:00:00,1.3439,1.3504,1.3402,1.3413,2558457.199009,3440746.6059152847
2026-04-10 04:00:00,1.3413,1.349,1.3359,1.3372,1273836.51962,1710344.5020027345
2026-04-10 08:00:00,1.3374,1.3474,1.3351,1.3416,3692280.2143,4949755.069845537
2026-04-10 12:00:00,1.3416,1.361,1.338,1.3479,4070303.067825,5488510.331785057
2026-04-10 16:00:00,1.348,1.3636,1.3476,1.3631,2245719.914506,3045405.647343664
2026-04-10 20:00:00,1.3631,1.3663,1.3544,1.3559,2249715.019799,3060200.4224549327
2026-04-11 00:00:00,1.356,1.3574,1.3496,1.3505,1273263.084155,1723719.6505690329
2026-04-11 04:00:00,1.3505,1.3522,1.344,1.3465,948684.652238,1278616.6042155223
2026-04-11 08:00:00,1.3467,1.3502,1.3422,1.3456,3049904.589229,4107887.2405053554
2026-04-11 12:00:00,1.3457,1.3489,1.3395,1.3459,3612574.004888,4854166.798087317
2026-04-11 16:00:00,1.346,1.3753,1.3456,1.3712,2780087.793936,3780822.252877677
2026-04-11 20:00:00,1.3712,1.3728,1.3514,1.3546,2325643.322652,3169231.612218713
2026-04-12 00:00:00,1.3547,1.356,1.3251,1.3303,5588809.718942,7466124.442353553
2026-04-12 04:00:00,1.3302,1.3322,1.3268,1.3296,2170140.149198,2884770.5771292895
2026-04-12 08:00:00,1.3296,1.334,1.3264,1.333,3037621.858179,4041711.4552102257
2026-04-12 12:00:00,1.3328,1.3345,1.3193,1.3237,5887595.404516,7813694.476231176
2026-04-12 16:00:00,1.3238,1.334,1.3233,1.3309,1827923.363923,2430272.2917853696
2026-04-12 20:00:00,1.3309,1.3393,1.3224,1.3247,2068576.412395,2753148.060529054
2026-04-13 00:00:00,1.3247,1.3334,1.3234,1.3254,1490586.72882,1979733.0230687023
2026-04-13 04:00:00,1.3254,1.3371,1.3193,1.3256,3316998.311958,4408014.20872309
2026-04-13 08:00:00,1.3255,1.3306,1.323,1.3256,3379705.528159,4482853.477908665
2026-04-13 12:00:00,1.3256,1.3468,1.3235,1.3345,3190029.303485,4255496.545850327
2026-04-13 16:00:00,1.3346,1.3557,1.3295,1.3536,2726420.40526,3660684.8271979014
2026-04-13 20:00:00,1.3534,1.3842,1.344,1.3757,7118337.956794,9743738.47678612
2026-04-14 00:00:00,1.3757,1.3775,1.3596,1.3672,3454135.817428,4719685.117925704
2026-04-14 04:00:00,1.3673,1.3774,1.3604,1.3684,4848779.164423,6636100.540369474
2026-04-14 08:00:00,1.3685,1.3761,1.3667,1.3692,2090907.243728,2867878.901027577
2026-04-14 12:00:00,1.3692,1.3957,1.3647,1.3747,5290127.59397,7299695.027438474
2026-04-14 16:00:00,1.3748,1.381,1.3523,1.3608,2314913.49173,3160826.271063045
2026-04-14 20:00:00,1.3607,1.3667,1.3554,1.3617,4219948.077955,5741596.033039868
2026-04-15 00:00:00,1.3617,1.3673,1.3553,1.3578,4519253.104678,6153026.821188871
2026-04-15 04:00:00,1.3579,1.3616,1.3503,1.3518,2775173.003622,3759377.378778584
2026-04-15 08:00:00,1.352,1.3649,1.3507,1.3636,2949415.403776,3997779.7933847047
2026-04-15 12:00:00,1.3635,1.3838,1.3612,1.3734,6810667.054626,9350636.78128236
2026-04-15 16:00:00,1.3732,1.4087,1.3718,1.4001,5673971.821821,7883580.530598467
2026-04-15 20:00:00,1.4001,1.4026,1.381,1.3923,3868825.094891,5384988.620799146
2026-04-16 00:00:00,1.3924,1.4157,1.3867,1.4065,4534798.514726,6355903.380016935
2026-04-16 04:00:00,1.4063,1.4127,1.4006,1.4059,2363630.493118,3326407.0827467544
2026-04-16 08:00:00,1.4058,1.4231,1.4018,1.4096,5186080.482026,7324061.049106597
2026-04-16 12:00:00,1.4096,1.4345,1.393,1.4292,8563492.023713,12129448.522824824
2026-04-16 16:00:00,1.4293,1.4666,1.4146,1.4649,6514078.825952,9374280.03231214
2026-04-16 20:00:00,1.4648,1.4664,1.4442,1.4532,2961743.61657,4301844.792126065
2026-04-17 00:00:00,1.4531,1.4557,1.4226,1.4305,3336102.43074,4791136.524795358
2026-04-17 04:00:00,1.4309,1.4397,1.4245,1.4372,3582991.113165,5128936.867569645
2026-04-17 08:00:00,1.4373,1.4591,1.4325,1.4474,3759663.805027,5430322.858027292
2026-04-17 12:00:00,1.4475,1.5098,1.4443,1.486,10537050.415728,15602933.48217482
2026-04-17 16:00:00,1.4862,1.5006,1.4731,1.4873,4226339.416504,6283233.473595042
2026-04-17 20:00:00,1.4873,1.4895,1.4721,1.476,2991296.163234,4429319.855639671
2026-04-18 00:00:00,1.4756,1.4824,1.467,1.4685,2240477.179981,3304559.367430364
2026-04-18 04:00:00,1.4687,1.4784,1.4629,1.4741,2947517.264696,4334086.588255865
2026-04-18 08:00:00,1.4742,1.4755,1.425,1.4315,7131977.221632,10316593.115134493
2026-04-18 12:00:00,1.4316,1.4398,1.4297,1.4359,2873776.780879,4123417.86667146
2026-04-18 16:00:00,1.4359,1.4395,1.4236,1.4271,2420898.397717,3462540.020370284
2026-04-18 20:00:00,1.4272,1.4389,1.4239,1.4323,1919016.906555,2749222.7955813385
2026-04-19 00:00:00,1.4324,1.4386,1.4239,1.4296,1935529.564466,2770600.5326625686
2026-04-19 04:00:00,1.4296,1.4444,1.4148,1.4199,4116962.392399,5871025.61092182
2026-04-19 08:00:00,1.4199,1.4311,1.4127,1.4295,4448408.238031,6327376.023364975
2026-04-19 12:00:00,1.4299,1.4474,1.4219,1.4313,4297093.971806,6169145.7465147
2026-04-19 16:00:00,1.4314,1.4322,1.4111,1.4175,2374790.33518,3371011.8800206766
2026-04-19 20:00:00,1.4173,1.4173,1.39,1.3942,3458123.948868,4852918.546987434
2026-04-20 00:00:00,1.3944,1.4133,1.3934,1.4112,2048505.666979,2879734.974467269
2026-04-20 04:00:00,1.4112,1.4326,1.3952,1.4156,3204457.7507,4530261.76627396
2026-04-20 08:00:00,1.4156,1.4274,1.4076,1.4155,3670046.584774,5202654.616868131
2026-04-20 12:00:00,1.4154,1.4348,1.4089,1.4328,4603230.632079,6550467.118320072
2026-04-20 16:00:00,1.433,1.437,1.4225,1.4302,3778173.701595,5401240.539206628
2026-04-20 20:00:00,1.4304,1.4335,1.4214,1.4243,1671473.532981,2386375.862120083
2026-04-21 00:00:00,1.4243,1.4318,1.4191,1.424,1803737.972786,2572582.0234810608
2026-04-21 04:00:00,1.4238,1.4424,1.4238,1.4394,1555740.862258,2230033.969435005
2026-04-21 08:00:00,1.4392,1.4494,1.4375,1.44,1790736.319889,2581956.334363829
2026-04-21 12:00:00,1.44,1.4451,1.4259,1.4325,2460074.939466,3526108.9199438146
2026-04-21 16:00:00,1.4325,1.4359,1.4115,1.4136,2268432.772941,3228970.950530329
2026-04-21 20:00:00,1.4137,1.4343,1.4125,1.4334,1823244.881093,2595304.939869029
2026-04-22 00:00:00,1.4335,1.4505,1.4269,1.4432,2058714.697627,2964416.7230575797
2026-04-22 04:00:00,1.4433,1.4606,1.4417,1.4546,4093102.632455,5951350.975346769
2026-04-22 08:00:00,1.4546,1.4556,1.4487,1.4543,1737856.069688,2523449.676697392
2026-04-22 12:00:00,1.4545,1.4627,1.4474,1.4565,4097992.548206,5961572.132154701
2026-04-22 16:00:00,1.4566,1.459,1.4373,1.4412,2602711.794542,3767724.6400822313
2026-04-22 20:00:00,1.4411,1.4428,1.4286,1.4294,1662891.276874,2388027.9803297007
2026-04-23 00:00:00,1.4297,1.4314,1.4113,1.4162,2645820.417638,3763020.5838771993
2026-04-23 04:00:00,1.4162,1.425,1.415,1.421,1268934.044368,1802331.6835484183
2026-04-23 08:00:00,1.4211,1.4213,1.4085,1.4163,1836355.081695,2596298.310351908
2026-04-23 12:00:00,1.4164,1.4369,1.4141,1.4316,2455895.071746,3494877.7245378527
2026-04-23 16:00:00,1.4317,1.441,1.4212,1.4294,5875054.758537,8411343.85176434
2026-04-23 20:00:00,1.4297,1.4405,1.4279,1.4387,2253941.121994,3233044.899781382
2026-04-24 00:00:00,1.4389,1.4455,1.4285,1.4306,1959352.799805,2816955.710720936
2026-04-24 04:00:00,1.4307,1.434,1.4259,1.4325,1428812.373934,2042978.51992303
2026-04-24 08:00:00,1.4326,1.4408,1.4238,1.4384,2000065.630405,2863499.090532884
2026-04-24 12:00:00,1.4385,1.4483,1.4285,1.448,3581809.805853,5148041.43301742
2026-04-24 16:00:00,1.4482,1.4509,1.4339,1.439,1815339.763519,2615522.2560701654
2026-04-24 20:00:00,1.4393,1.4433,1.4298,1.4334,1392782.966528,2001252.161591879
2026-04-25 00:00:00,1.4333,1.4376,1.4318,1.4367,766770.021484,1100019.5415271283
2026-04-25 04:00:00,1.4366,1.4375,1.4311,1.4335,506501.759382,726014.2419629858
2026-04-25 08:00:00,1.4335,1.4368,1.4293,1.4309,624954.277925,895694.5251856437
2026-04-25 12:00:00,1.4308,1.4322,1.4245,1.4255,1103306.122803,1577115.586039272
2026-04-25 16:00:00,1.4254,1.428,1.4191,1.4204,1119982.929866,1593424.6968608506
2026-04-25 20:00:00,1.4206,1.4267,1.4186,1.4239,927879.131162,1320595.808560189
2026-04-26 00:00:00,1.4241,1.4241,1.4181,1.4187,812053.863013,1154139.723561208
2026-04-26 04:00:00,1.4187,1.4296,1.4185,1.4291,892784.769177,1272721.5112911847
2026-04-26 08:00:00,1.4292,1.4316,1.425,1.4306,1049600.848415,1498647.3319743045
2026-04-26 12:00:00,1.4304,1.4314,1.4231,1.4293,1547741.482141,2208286.3181143366
2026-04-26 16:00:00,1.4294,1.4361,1.4226,1.4303,1175738.234927,1680085.4459931273
2026-04-26 20:00:00,1.4304,1.4358,1.42,1.4307,1858564.445417,2654429.3866770817
2026-04-27 00:00:00,1.4308,1.4468,1.4251,1.4425,1916446.370578,2759650.41905679
2026-04-27 04:00:00,1.4425,1.4425,1.4128,1.4142,3298890.892962,4689659.090667657
2026-04-27 08:00:00,1.414,1.419,1.4127,1.4137,1809807.370141,2561130.681661997
2026-04-27 12:00:00,1.4137,1.4149,1.3838,1.3883,7431425.913102,10416706.009465635
2026-04-27 16:00:00,1.3881,1.3975,1.3851,1.3929,1783963.804158,2481815.861922905
2026-04-27 20:00:00,1.393,1.4022,1.3894,1.4007,1161823.787778,1620090.5548880892
2026-04-28 00:00:00,1.4007,1.4008,1.3886,1.3928,1680586.656708,2341184.508398857
2026-04-28 04:00:00,1.3929,1.3972,1.385,1.3931,1312582.678451,1826539.9811555615
2026-04-28 08:00:00,1.3931,1.3958,1.3793,1.3815,2086835.537464,2896992.281993684
2026-04-28 12:00:00,1.3817,1.3848,1.3679,1.3754,2926491.431666,4026491.2897221535
2026-04-28 16:00:00,1.3754,1.3864,1.3706,1.3826,2233308.741043,3080386.252115108
2026-04-28 20:00:00,1.3826,1.385,1.3786,1.3807,1795758.975062,2480705.086328597
2026-04-29 00:00:00,1.3807,1.39,1.377,1.3891,1543055.790269,2134260.397990821
2026-04-29 04:00:00,1.3892,1.3974,1.3877,1.3918,1264521.71001,1761893.1565713356
2026-04-29 08:00:00,1.3923,1.4062,1.3891,1.3947,2510875.501219,3509812.6879003374
2026-04-29 12:00:00,1.3949,1.3949,1.3588,1.3617,4249419.154002,5834523.008758308
2026-04-29 16:00:00,1.3619,1.3704,1.3459,1.3535,5226444.185044,7100798.552285532
2026-04-29 20:00:00,1.3532,1.3734,1.3531,1.3693,2043310.290158,2787961.0543716266
2026-04-30 00:00:00,1.3694,1.3847,1.3677,1.3735,2053613.283671,2824985.316695004
2026-04-30 04:00:00,1.3734,1.3756,1.359,1.3748,2060046.424386,2815180.56361721
2026-04-30 08:00:00,1.375,1.3798,1.3668,1.3696,1715863.763718,2354946.679961556
2026-04-30 12:00:00,1.3697,1.3761,1.3629,1.3694,2785692.035613,3817545.062927355
2026-04-30 16:00:00,1.3695,1.3745,1.3628,1.3705,1805663.967585,2471325.775012185
2026-04-30 20:00:00,1.3705,1.3722,1.3645,1.368,1362533.657798,1863783.3992446507
2026-05-01 00:00:00,1.3679,1.3805,1.3647,1.3764,4160188.534113,5701652.585891073
2026-05-01 04:00:00,1.3766,1.379,1.3719,1.3748,1357320.576504,1866930.5038258808
2026-05-01 08:00:00,1.3749,1.3808,1.3719,1.3781,1018832.993483,1402868.4693144115
2026-05-01 12:00:00,1.3782,1.4,1.3775,1.3955,3772909.654351,5249041.6775384
2026-05-01 16:00:00,1.3959,1.3986,1.3889,1.3938,1486335.79356,2071446.721393952
2026-05-01 20:00:00,1.394,1.3948,1.3813,1.3857,2053875.855019,2846245.009854688
2026-05-02 00:00:00,1.3858,1.3903,1.381,1.3859,2049980.373974,2841859.8655759934
2026-05-02 04:00:00,1.386,1.3882,1.3826,1.3853,824108.156934,1141189.9159735388
2026-05-02 08:00:00,1.3853,1.3913,1.3836,1.3861,1899920.661342,2634553.0116271134
2026-05-02 12:00:00,1.386,1.3944,1.385,1.3934,1338928.314479,1861339.3616341716
2026-05-02 16:00:00,1.3935,1.3954,1.3897,1.3947,926782.122295,1291037.3928858887
2026-05-02 20:00:00,1.3948,1.4015,1.3902,1.3936,4256077.577684,5938560.063157044
2026-05-03 00:00:00,1.3937,1.3946,1.3815,1.384,785368.570475,1088945.5611353049
2026-05-03 04:00:00,1.3838,1.3886,1.3822,1.3863,647717.240764,897083.8647033526
2026-05-03 08:00:00,1.3862,1.3985,1.3858,1.3951,1086507.023579,1511263.730102793
2026-05-03 12:00:00,1.3952,1.399,1.3932,1.3957,1247090.375843,1740945.9655156008
2026-05-03 16:00:00,1.3959,1.3981,1.3921,1.3954,1011743.800187,1411461.632383563
2026-05-03 20:00:00,1.3952,1.4043,1.3869,1.3881,1787685.605049,2496140.353939108
2026-05-04 00:00:00,1.388,1.4154,1.3831,1.4131,4412754.067783,6199239.45453818
2026-05-04 04:00:00,1.4133,1.4209,1.4023,1.4108,3722129.092581,5255978.4249122925
2026-05-04 08:00:00,1.4108,1.4196,1.3857,1.3941,4226787.586824,5924781.765319814
2026-05-04 12:00:00,1.3941,1.4136,1.3887,1.399,3744780.867683,5240127.404226536
2026-05-04 16:00:00,1.3991,1.4122,1.394,1.3979,2819510.800685,3955098.4705858575
2026-05-04 20:00:00,1.398,1.4013,1.3899,1.3916,1674659.201033,2336671.891517152
2026-05-05 00:00:00,1.3917,1.4103,1.3903,1.4058,2177756.706311,3055464.0081380387
2026-05-05 04:00:00,1.4056,1.41,1.3999,1.4071,3106940.977824,4361532.701841088
2026-05-05 08:00:00,1.4064,1.4094,1.4019,1.4078,1565234.686955,2200674.821906546
2026-05-05 12:00:00,1.4079,1.4205,1.4047,1.4119,3626146.386748,5122061.128027137
2026-05-05 16:00:00,1.412,1.4157,1.4047,1.4131,3071703.858412,4333290.774189485
2026-05-05 20:00:00,1.4131,1.4223,1.4096,1.4127,3512568.248548,4973127.913011167
2026-05-06 00:00:00,1.4126,1.4247,1.4074,1.4222,1826920.387215,2586481.419211017
2026-05-06 04:00:00,1.4222,1.4357,1.4142,1.4314,5374375.135358,7655441.188278374
2026-05-06 08:00:00,1.4314,1.4573,1.43,1.4511,5503872.60291,7960968.1784665985
2026-05-06 12:00:00,1.451,1.4524,1.4132,1.43,5998437.288067,8573655.499895567
2026-05-06 16:00:00,1.4299,1.4345,1.4214,1.428,2608894.099959,3723729.605829447
2026-05-06 20:00:00,1.428,1.4289,1.4165,1.4249,2159162.442014,3073464.0027851807
2026-05-07 00:00:00,1.4249,1.4258,1.4036,1.4052,2651314.628787,3747701.553749797
2026-05-07 04:00:00,1.4052,1.4216,1.4041,1.4202,4410670.337779,6222229.264638822
2026-05-07 08:00:00,1.4201,1.4213,1.407,1.4098,2376979.356483,3361177.5069755744
2026-05-07 12:00:00,1.4097,1.4193,1.3835,1.3905,5156194.851417,7225680.022134906
2026-05-07 16:00:00,1.3906,1.3964,1.3841,1.386,3341235.975018,4643457.945448207
2026-05-07 20:00:00,1.3861,1.3932,1.3801,1.387,2893994.282387,4010449.1556302262
2026-05-08 00:00:00,1.387,1.391,1.3797,1.3854,1548940.0464,2145435.498045617
2026-05-08 04:00:00,1.3854,1.3876,1.3777,1.3838,2868053.217755,3962873.7299631946
2026-05-08 08:00:00,1.384,1.3926,1.382,1.3915,2671289.335714,3707082.488890077
2026-05-08 12:00:00,1.3914,1.3983,1.3838,1.3973,2783623.071748,3870321.287874308
2026-05-08 16:00:00,1.3974,1.4272,1.3928,1.4192,5021930.005465,7091817.445290946
2026-05-08 20:00:00,1.4192,1.4239,1.4112,1.4183,2896969.377127,4106298.733035636
2026-05-09 00:00:00,1.4184,1.435,1.4182,1.429,3745102.043498,5348206.666559903
2026-05-09 04:00:00,1.4291,1.4345,1.4225,1.4239,4806461.099087,6858534.14560755
2026-05-09 08:00:00,1.4238,1.4257,1.4175,1.4222,1617055.054472,2299952.3484013346
2026-05-09 12:00:00,1.4221,1.4227,1.412,1.4143,1842360.878293,2611642.2977472884
2026-05-09 16:00:00,1.4144,1.4252,1.4111,1.424,3339051.820197,4737783.807729697
2026-05-09 20:00:00,1.424,1.4253,1.4193,1.4205,951655.302098,1353328.6586409807
2026-05-10 00:00:00,1.4205,1.4226,1.4118,1.4169,2146000.882496,3041293.396363819
2026-05-10 04:00:00,1.4169,1.4216,1.4154,1.42,692935.027049,982825.4161935652
2026-05-10 08:00:00,1.42,1.4308,1.4183,1.4232,3212049.759869,4577331.909029804
2026-05-10 12:00:00,1.4232,1.4453,1.421,1.4445,3637413.903788,5217177.86823428
2026-05-10 16:00:00,1.4445,1.508,1.4429,1.4867,16258443.851731,24093935.07683573
2026-05-10 20:00:00,1.4868,1.4897,1.4369,1.4734,7619865.903767,11151134.070746588
2026-05-11 00:00:00,1.4736,1.4779,1.4401,1.4489,4777790.900513,6963292.004452074
2026-05-11 04:00:00,1.4489,1.459,1.4424,1.4497,3834478.431358,5562890.29224387
2026-05-11 08:00:00,1.4497,1.4578,1.442,1.4578,3764170.59235,5462392.35010244
2026-05-11 12:00:00,1.4579,1.4885,1.4526,1.485,8590046.692487,12623995.805615937
2026-05-11 16:00:00,1.485,1.4876,1.4663,1.4796,5295895.103725,7825840.967352283
2026-05-11 20:00:00,1.4796,1.4828,1.4689,1.4775,2134307.814211,3147057.3780550966
2026-05-12 00:00:00,1.4776,1.4847,1.4567,1.4597,2773207.662619,4076437.0486139487
2026-05-12 04:00:00,1.4597,1.4691,1.4538,1.4628,2990236.807467,4371181.461887301
2026-05-12 08:00:00,1.4628,1.471,1.4439,1.4491,3526603.85217,5131203.97204729
2026-05-12 12:00:00,1.449,1.4557,1.4182,1.424,7792182.446685,11189236.848473432
2026-05-12 16:00:00,1.424,1.443,1.4201,1.4411,3376800.015619,4832741.518571992
2026-05-12 20:00:00,1.4412,1.4441,1.4344,1.437,2072914.682361,2985188.519528512
2026-05-13 00:00:00,1.4371,1.4535,1.4351,1.4521,2157140.403028,3120093.3206421915
2026-05-13 04:00:00,1.4521,1.4651,1.4494,1.4624,4493674.513523,6551877.00107855
2026-05-13 08:00:00,1.4626,1.4694,1.4471,1.4485,3605375.813583,5262497.938909264
2026-05-13 12:00:00,1.4486,1.4498,1.4118,1.4133,6160227.743576,8804418.0990267
2026-05-13 16:00:00,1.4134,1.4338,1.4122,1.4191,3991367.481798,5681562.754814121
2026-05-13 20:00:00,1.4194,1.4279,1.4156,1.4274,3227978.247582,4590829.698183288
2026-05-14 00:00:00,1.4273,1.4357,1.4209,1.4223,3507498.430567,5015712.350372444
2026-05-14 04:00:00,1.4225,1.4396,1.421,1.4326,3072009.554775,4401296.049016401
2026-05-14 08:00:00,1.4326,1.4392,1.4272,1.4325,1757480.923626,2518616.1863249126
2026-05-14 12:00:00,1.4326,1.4746,1.4319,1.4727,7172881.534723,10460346.749008082
2026-05-14 16:00:00,1.4727,1.5502,1.4645,1.5171,17802958.100022,26892185.334324505
2026-05-14 20:00:00,1.5171,1.5178,1.483,1.4853,6118241.271107,9184157.796996843
2026-05-15 00:00:00,1.4853,1.5004,1.4761,1.4891,5447261.646853,8117537.043849254
2026-05-15 04:00:00,1.4892,1.4904,1.4534,1.4696,5007807.998319,7350573.738771624
2026-05-15 08:00:00,1.4696,1.4774,1.4613,1.4683,4215254.565741,6191504.891805163
2026-05-15 12:00:00,1.4682,1.4695,1.4277,1.4351,8148616.957492,11761208.510885091
2026-05-15 16:00:00,1.4352,1.451,1.4323,1.4345,4570400.007225,6584969.345875354
2026-05-15 20:00:00,1.4347,1.4372,1.43,1.4342,1682662.380295,2412676.597645689
2026-05-16 00:00:00,1.4342,1.4394,1.4317,1.4358,1539682.277843,2210424.084154795
2026-05-16 04:00:00,1.4354,1.4366,1.404,1.4168,9652626.941151,13735838.577066172
2026-05-16 08:00:00,1.4166,1.4181,1.3961,1.4108,4725004.298075,6644670.298353025
2026-05-16 12:00:00,1.4108,1.4163,1.4059,1.4148,4204757.462587,5933477.744210085
2026-05-16 16:00:00,1.4147,1.4216,1.4135,1.4161,3249686.462918,4605340.296788618
2026-05-16 20:00:00,1.4162,1.4191,1.4119,1.4136,1324249.516604,1874053.918322344
2026-05-17 00:00:00,1.4137,1.4175,1.4026,1.4122,3141225.100847,4428473.810344801
2026-05-17 04:00:00,1.4123,1.4215,1.4119,1.4183,987913.691541,1400576.6013359455
2026-05-17 08:00:00,1.4184,1.4292,1.413,1.4226,3270877.729918,4645858.797049663
2026-05-17 12:00:00,1.4226,1.4268,1.41,1.4131,1664567.061555,2360528.688465457
2026-05-17 16:00:00,1.4131,1.4233,1.4063,1.4224,1753860.245103,2480696.8208996058
2026-05-17 20:00:00,1.4223,1.4263,1.3707,1.4016,6442385.233502,9010798.526498025
2026-05-18 00:00:00,1.4016,1.4028,1.385,1.393,4608669.176417,6425309.482736716
2026-05-18 04:00:00,1.3931,1.3994,1.3773,1.3869,3882393.849884,5388522.058088825
2026-05-18 08:00:00,1.3868,1.3968,1.3762,1.3904,1852450.510381,2564909.258633104
2026-05-18 12:00:00,1.3905,1.4022,1.369,1.3763,5029180.062769,6955998.674808203
2026-05-18 16:00:00,1.3767,1.391,1.3638,1.3878,4433856.660288,6103567.200390499
2026-05-18 20:00:00,1.388,1.3963,1.3825,1.39,2253409.847724,3134485.547167464
2026-05-19 00:00:00,1.39,1.3978,1.3783,1.3834,1819131.640768,2523770.931365292
2026-05-19 04:00:00,1.3834,1.3909,1.3788,1.3887,3918934.675999,5431090.060409992
2026-05-19 08:00:00,1.3889,1.389,1.3686,1.3722,3060229.270294,4220682.270828024
2026-05-19 12:00:00,1.3721,1.382,1.3609,1.3675,3182594.066001,4364305.255756687
2026-05-19 16:00:00,1.3677,1.3741,1.3563,1.3574,2985110.166832,4072953.191013263
2026-05-19 20:00:00,1.3574,1.3654,1.353,1.3615,2657373.048817,3612504.067085139
2026-05-20 00:00:00,1.3615,1.3639,1.3471,1.3562,2369900.871861,3208204.035186113
2026-05-20 04:00:00,1.3562,1.3739,1.3536,1.3686,1592462.072741,2176008.0346291843
2026-05-20 08:00:00,1.3686,1.3753,1.364,1.3655,1692965.842645,2319470.359903355
2026-05-20 12:00:00,1.3654,1.3807,1.3584,1.3747,4179201.128261,5724998.12117938
2026-05-20 16:00:00,1.3748,1.3805,1.3647,1.3728,4456861.429913,6114295.565407298
2026-05-20 20:00:00,1.3726,1.3727,1.3605,1.3672,1979166.569514,2706044.545939226
2026-05-21 00:00:00,1.3671,1.3861,1.3663,1.3844,1985703.772882,2739611.7890300015
2026-05-21 04:00:00,1.3845,1.3858,1.3695,1.3762,1617326.167528,2226683.5121797626
2026-05-21 08:00:00,1.3762,1.386,1.3637,1.3637,3736129.608197,5139313.637119416
2026-05-21 12:00:00,1.3638,1.3687,1.3515,1.3615,3642709.849592,4958117.621748402
2026-05-21 16:00:00,1.3615,1.3863,1.3572,1.3796,3849068.905838,5291860.045350123
2026-05-21 20:00:00,1.3798,1.3812,1.3693,1.3737,1368471.599761,1883010.3782092528
2026-05-22 00:00:00,1.3739,1.3747,1.3652,1.3724,1184442.359298,1624580.9795702843
2026-05-22 04:00:00,1.3725,1.3762,1.3568,1.3651,3365200.947621,4592123.912105215
2026-05-22 08:00:00,1.3651,1.3685,1.3551,1.3618,2460965.386887,3349958.644399481
2026-05-22 12:00:00,1.3618,1.3706,1.3477,1.3535,4868167.531886,6614674.395605741
2026-05-22 16:00:00,1.3535,1.3596,1.3308,1.3387,6484200.53968,8717796.50039135
2026-05-22 20:00:00,1.3388,1.344,1.3301,1.3346,3672951.547521,4915296.664582169
2026-05-23 00:00:00,1.3347,1.3423,1.3274,1.341,2328513.169851,3107871.7896978725
2026-05-23 04:00:00,1.3411,1.3411,1.3014,1.3122,6292318.277226,8319567.556567603
2026-05-23 08:00:00,1.3122,1.3265,1.3069,1.3246,4458928.612837,5863891.285759864
2026-05-23 12:00:00,1.3246,1.342,1.3241,1.3359,3402903.013226,4539592.149525488
2026-05-23 16:00:00,1.3359,1.3507,1.3341,1.3469,3079453.359311,4128379.505710006
2026-05-23 20:00:00,1.3474,1.3761,1.3453,1.3584,4010770.488919,5455540.39380388
2026-05-24 00:00:00,1.3584,1.3637,1.3571,1.3607,1316798.633656,1792422.079327032
2026-05-24 04:00:00,1.3609,1.3649,1.355,1.3595,900422.662717,1224989.4799685332
2026-05-24 08:00:00,1.3597,1.3711,1.3577,1.3654,3934573.750458,5372560.528668466
2026-05-24 12:00:00,1.3654,1.3656,1.3388,1.3485,2783530.707085,3765348.021871673
2026-05-24 16:00:00,1.3485,1.3546,1.3462,1.3492,1448124.495375,1955360.446272961
2026-05-24 20:00:00,1.3493,1.354,1.3325,1.3508,2712996.654456,3645097.117237744
2026-05-25 00:00:00,1.3509,1.3569,1.3435,1.347,1672879.552132,2259934.4520171457
2026-05-25 04:00:00,1.347,1.3611,1.3454,1.3591,3306687.385853,4483438.751293991
2026-05-25 08:00:00,1.3591,1.3654,1.3569,1.3579,3536971.001341,4810786.586896134
2026-05-25 12:00:00,1.3581,1.3657,1.3556,1.3592,1344851.483372,1828094.831139703
2026-05-25 16:00:00,1.3592,1.3641,1.3546,1.3571,1203487.20721,1636921.1245999723
2026-05-25 20:00:00,1.3569,1.3596,1.3467,1.3501,1977403.037819,2674411.236539613
2026-05-26 00:00:00,1.3501,1.3513,1.3345,1.3403,1935995.582345,2595733.6463807486
2026-05-26 04:00:00,1.3404,1.3508,1.3394,1.3406,1026320.077981,1380055.2333024852
2026-05-26 08:00:00,1.3406,1.3596,1.3396,1.3522,2092060.248859,2825776.1069788416
2026-05-26 12:00:00,1.3522,1.3656,1.3401,1.3453,3709015.232313,5017037.807943031
2026-05-26 16:00:00,1.3454,1.3458,1.3273,1.3323,5042951.705432,6729454.147414666
2026-05-26 20:00:00,1.3323,1.3346,1.3286,1.3291,1666998.915438,2219584.450421733
2026-05-27 00:00:00,1.3291,1.3331,1.3264,1.3277,1269549.203082,1689159.0027339684
2026-05-27 04:00:00,1.3277,1.3371,1.3216,1.3319,1745764.686293,2321877.87605048
2026-05-27 08:00:00,1.3319,1.3378,1.3282,1.3298,5483200.958157,7308759.368746286
2026-05-27 12:00:00,1.3298,1.3438,1.3189,1.3363,3696826.294039,4914248.005348111
2026-05-27 16:00:00,1.3364,1.339,1.3175,1.3307,2346715.833434,3113938.4639577107
2026-05-27 20:00:00,1.3308,1.3348,1.3035,1.3078,3263945.752055,4296618.658381231
2026-05-28 00:00:00,1.3076,1.3114,1.2753,1.2792,5759573.000964,7445611.66613857
2026-05-28 04:00:00,1.2793,1.2936,1.2678,1.2934,4988241.06561,6388206.84213842
2026-05-28 08:00:00,1.2934,1.2971,1.2863,1.2878,1904063.964938,2457537.9646163266
2026-05-28 12:00:00,1.2877,1.3149,1.2838,1.3125,5206213.918271,6752443.340016707
2026-05-28 16:00:00,1.3125,1.3385,1.3071,1.3161,4611929.107505,6102003.876424354
2026-05-28 20:00:00,1.316,1.3249,1.3107,1.3156,2078793.31571,2739525.6170011405
2026-05-29 00:00:00,1.3155,1.3205,1.304,1.3124,2041339.384844,2677114.059068254
2026-05-29 04:00:00,1.3124,1.3209,1.304,1.317,2208301.311798,2899775.618370853
2026-05-29 08:00:00,1.317,1.3277,1.3075,1.3116,2504595.210988,3305577.8682462443
2026-05-29 12:00:00,1.3116,1.3338,1.2946,1.3229,5318824.743685,6962410.815906459
2026-05-29 16:00:00,1.323,1.333,1.3109,1.321,4084487.441624,5412834.810256621
2026-05-29 20:00:00,1.3212,1.3312,1.3145,1.3299,2242578.157582,2966564.073414152
2026-05-30 00:00:00,1.33,1.3662,1.3279,1.3505,6467972.864654,8756556.230250096
2026-05-30 04:00:00,1.3504,1.3529,1.3371,1.343,2894586.957964,3893732.7151493058
2026-05-30 08:00:00,1.343,1.3459,1.3372,1.3406,1537714.984763,2063485.413830012
2026-05-30 12:00:00,1.3408,1.3472,1.3376,1.3425,2027204.614198,2720514.941272364
2026-05-30 16:00:00,1.3427,1.3564,1.3414,1.3478,3440869.75956,4643254.457069205
2026-05-30 20:00:00,1.3479,1.3519,1.338,1.341,1461814.113527,1966395.0193023607
2026-05-31 00:00:00,1.3411,1.3461,1.3364,1.3447,1432334.7395,1921092.1097010423
2026-05-31 04:00:00,1.3446,1.3468,1.3331,1.3354,1187209.502181,1593213.8157661536
2026-05-31 08:00:00,1.3354,1.3431,1.3344,1.3419,1116397.121224,1494015.1982915932
2026-05-31 12:00:00,1.3418,1.3482,1.3276,1.3306,3097540.977138,4136663.0578925833
2026-05-31 16:00:00,1.3307,1.3326,1.3171,1.3263,2687400.030495,3562734.653456408
2026-05-31 20:00:00,1.3263,1.3426,1.3263,1.3332,2188357.898536,2918707.846066087
2026-06-01 00:00:00,1.3332,1.3412,1.3194,1.3309,3284011.816567,4372860.278312034
2026-06-01 04:00:00,1.3309,1.3332,1.3032,1.3035,3023001.256596,3979600.1704669353
2026-06-01 08:00:00,1.3036,1.3096,1.2989,1.3036,2554567.648202,3331049.065564496
2026-06-01 12:00:00,1.3037,1.3065,1.2792,1.2823,6391760.526671,8248111.917029341
2026-06-01 16:00:00,1.2823,1.3053,1.279,1.3,3454415.747902,4466289.019491633
2026-06-01 20:00:00,1.2998,1.3013,1.2869,1.2972,2318246.449918,3003626.6386310686
2026-06-02 00:00:00,1.2972,1.2973,1.2681,1.2883,3387733.190702,4346489.953367664
2026-06-02 04:00:00,1.2884,1.2899,1.2588,1.2682,3800823.443453,4834860.722195104
2026-06-02 08:00:00,1.2684,1.2693,1.2573,1.261,2567116.534967,3242063.576304224
2026-06-02 12:00:00,1.2609,1.2689,1.2168,1.2219,10380550.85372,12858563.338828055
2026-06-02 16:00:00,1.2219,1.2437,1.2067,1.2218,6746109.198118,8276725.011307763
2026-06-02 20:00:00,1.2214,1.2323,1.1945,1.2117,6522700.311528,7912317.145158188
2026-06-03 00:00:00,1.2119,1.2318,1.1898,1.1979,3961765.643062,4814907.40361322
2026-06-03 04:00:00,1.1979,1.2491,1.1978,1.2433,4470322.833941,5501075.463706201
2026-06-03 08:00:00,1.2431,1.2457,1.2342,1.2369,2820654.693732,3498537.1832449166
2026-06-03 12:00:00,1.2371,1.2378,1.221,1.2254,4184415.558993,5145271.71738202
2026-06-03 16:00:00,1.2255,1.2288,1.202,1.2042,5052414.976118,6144430.786847788
2026-06-03 20:00:00,1.2041,1.2204,1.1869,1.2012,4599221.692837,5538270.171790157
2026-06-04 00:00:00,1.2012,1.2111,1.1413,1.2092,9830517.328353,11595172.305471152
2026-06-04 04:00:00,1.2093,1.2121,1.1676,1.1681,4963054.065138,5917699.268572351
2026-06-04 08:00:00,1.1678,1.1723,1.1416,1.1559,6559871.034822,7573252.398046813
2026-06-04 12:00:00,1.156,1.1837,1.1505,1.1689,6107323.432449,7166011.866092027
2026-06-04 16:00:00,1.1688,1.1848,1.1599,1.1751,3842736.735905,4506666.489456224
2026-06-04 20:00:00,1.1752,1.1788,1.1546,1.1689,3576929.323728,4169276.556891164
2026-06-05 00:00:00,1.1689,1.1751,1.1329,1.1346,4902725.979357,5638168.305557099
2026-06-05 04:00:00,1.1347,1.1492,1.0918,1.1364,11579626.50634,12987351.698771724
2026-06-05 08:00:00,1.1364,1.1462,1.1168,1.1192,6224851.495318,7034964.595783506
2026-06-05 12:00:00,1.1191,1.138,1.0925,1.1,18314049.318784,20382824.98824937
2026-06-05 16:00:00,1.0998,1.1236,1.0696,1.099,14417922.941683,15839765.772561543
2026-06-05 20:00:00,1.0985,1.1204,1.0856,1.0978,8092031.042719,8953213.556181245
2026-06-06 00:00:00,1.0978,1.1144,1.0838,1.0857,4180035.98553,4590056.620794296
2026-06-06 04:00:00,1.0859,1.1011,1.0496,1.0923,8957439.328824,9652092.32845139
2026-06-06 08:00:00,1.0925,1.1041,1.0728,1.0875,4712845.690078,5128726.001056256
2026-06-06 12:00:00,1.0877,1.11,1.0809,1.096,4944383.08019,5424272.281010208
2026-06-06 16:00:00,1.0963,1.1019,1.079,1.0807,4935334.557887,5371334.982527056
2026-06-06 20:00:00,1.0806,1.0948,1.0779,1.0935,3659159.345337,3975096.0375333913
2026-06-07 00:00:00,1.0935,1.1246,1.0885,1.1186,4272598.466283,4745973.614163722
2026-06-07 04:00:00,1.1185,1.1377,1.1105,1.137,4427381.516518,4978773.920861119
2026-06-07 08:00:00,1.1372,1.17,1.1302,1.1401,7560916.24773,8688103.375639737
2026-06-07 12:00:00,1.1402,1.1405,1.1184,1.1336,4378582.622935,4937159.1549467305
2026-06-07 16:00:00,1.134,1.1513,1.1201,1.125,4775907.635817,5416576.228341516
2026-06-07 20:00:00,1.1239,1.1726,1.1216,1.1555,6826022.039112,7844380.675211718
2026-06-08 00:00:00,1.1555,1.1678,1.1426,1.1519,4700895.349332,5431286.20949084
2026-06-08 04:00:00,1.152,1.1528,1.1319,1.1481,2729460.771765,3116077.7774995025
2026-06-08 08:00:00,1.1478,1.1652,1.1361,1.158,3821476.299323,4394161.10620564
2026-06-08 12:00:00,1.158,1.185,1.1464,1.171,6584486.213965,7675381.480646823
2026-06-08 16:00:00,1.1711,1.1865,1.1583,1.1798,4914866.707915,5767455.791711039
2026-06-08 20:00:00,1.1799,1.1864,1.1664,1.1682,4710012.017184,5546393.862503485
2026-06-09 00:00:00,1.1682,1.1713,1.1432,1.1549,4515256.857169,5217032.151834175
2026-06-09 04:00:00,1.1548,1.1769,1.151,1.1714,3485510.665761,4067513.34540462
2026-06-09 08:00:00,1.1715,1.1724,1.1529,1.1556,3539144.380385,4110890.667906732
2026-06-09 12:00:00,1.1554,1.1665,1.1271,1.1277,5901195.404684,6765046.9853909
2026-06-09 16:00:00,1.1276,1.1472,1.119,1.1405,5436572.432991,6172983.140927477
2026-06-09 20:00:00,1.1405,1.1457,1.134,1.1374,2717571.382766,3095622.1113985083
2026-06-10 00:00:00,1.1374,1.1412,1.1156,1.1194,3927344.798504,4437214.449694264
2026-06-10 04:00:00,1.1194,1.1224,1.1068,1.1168,2679702.090497,2985103.0190445026
2026-06-10 08:00:00,1.1169,1.1169,1.101,1.1044,4434759.481784,4910095.35152006
2026-06-10 12:00:00,1.1043,1.1375,1.1023,1.1287,8005349.171358,8983730.08510683
2026-06-10 16:00:00,1.1287,1.1301,1.0959,1.0981,5926380.485373,6574256.170769929
2026-06-10 20:00:00,1.0981,1.1039,1.0888,1.097,4688744.702339,5135890.467536573
2026-06-11 00:00:00,1.0971,1.1234,1.0966,1.1199,4084575.31403,4536800.201228161
2026-06-11 04:00:00,1.1198,1.1215,1.1119,1.1153,2379336.489801,2657230.3747754344
2026-06-11 08:00:00,1.1154,1.1261,1.1146,1.1224,3492591.696445,3913144.655308755
2026-06-11 12:00:00,1.1224,1.1224,1.1074,1.113,4685874.809875,5220437.93030988
2026-06-11 16:00:00,1.1131,1.1508,1.1044,1.1433,7736422.462964,8762024.142473388
2026-06-11 20:00:00,1.1435,1.1469,1.1322,1.1426,3457571.446904,3942245.475691699
2026-06-12 00:00:00,1.1427,1.15,1.1359,1.1441,2837984.48989,3244928.325938937
2026-06-12 04:00:00,1.1442,1.1509,1.1277,1.1336,3340448.585975,3803150.422858448
2026-06-12 08:00:00,1.1338,1.1519,1.1338,1.1414,2546391.250818,2913415.589542526
2026-06-12 12:00:00,1.1412,1.1577,1.126,1.1288,6458318.63188,7359819.369255363
2026-06-12 16:00:00,1.1287,1.1389,1.1262,1.1316,3640057.206433,4122291.7829911513
2026-06-12 20:00:00,1.1318,1.1351,1.1285,1.1323,2162260.632182,2446794.259208034
2026-06-13 00:00:00,1.1325,1.1409,1.1306,1.1338,1608012.914275,1826564.782613416
2026-06-13 04:00:00,1.1338,1.1446,1.1298,1.1418,2107247.557141,2398531.315844561
2026-06-13 08:00:00,1.1415,1.1499,1.1405,1.1486,1433825.538293,1641530.2342530095
2026-06-13 12:00:00,1.1486,1.161,1.147,1.1567,2104867.085238,2428852.6596636646
2026-06-13 16:00:00,1.1567,1.1569,1.1438,1.1465,1440810.417051,1656123.4940978263
